full_code,kind,files,inv_copies,inv_title,fond_title,sibling_invs
ГДАСБУ-2-261,multi-outlier,0,2,Оперативні донесення та переписка з УНКВ Станіславської області,"Управління боротьби з бандитизмом МВД, Управління 2-Н та 4-те Управління МДБ-КДБ",1 262 445
ГДАСБУ-2-262,multi-outlier,0,2,Оперативні донесення та переписка з УНКВ Станіславської області,"Управління боротьби з бандитизмом МВД, Управління 2-Н та 4-те Управління МДБ-КДБ",1 261 445
ГДАСБУ-2-445,multi-outlier,0,2,Доповідні записки по Станіславській області,"Управління боротьби з бандитизмом МВД, Управління 2-Н та 4-те Управління МДБ-КДБ",1 261 262
ДААРК-285-106,multi-outlier,1,0,"","",1
ДААРК-299-249,multi-outlier,1,0,"","",1 6 1488
ДААРК-299-1488,multi-outlier,1,0,"","",1 6 249
ДААРК-306-114,multi-outlier,1,0,"","",1
ДААРК-324-177,multi-outlier,1,0,"","",1
ДАВіО-799-146,multi-outlier,1,0,"",Брацлавське духовне правління,1
ДАВоО-193-153,multi-outlier,1,0,"","Володимир-Волинський деканат, м. Володимир-Волинськ Володимир-Волинського повіту",1 242
ДАВоО-193-242,multi-outlier,1,0,"","Володимир-Волинський деканат, м. Володимир-Волинськ Володимир-Волинського повіту",1 153
ДАВоО-22-290,multi-outlier,1,0,"","Луцький римсько-католицький деканат, м. Луцьк Луцького повіту Волинської губерні",1 297
ДАВоО-22-297,multi-outlier,1,0,"","Луцький римсько-католицький деканат, м. Луцьк Луцького повіту Волинської губерні",1 290
ДАВоО-382-341,multi-outlier,1,0,"","Луцька уніатська генеральна духовна консисторія, м. Луцьк Луцького повіту Волинс",1 2 3
ДАДнО-193-502,multi-outlier,1,0,"",Метричні книги церков Катеринославської губернії. Колекція,1 2 3 4 4ДОД 4Д 5 5Д 5ДОД 6 8 9 9ДОД 9Д 21 516 586 593 598 1303 9549
ДАДнО-193-516,multi-outlier,1,0,"",Метричні книги церков Катеринославської губернії. Колекція,1 2 3 4 4ДОД 4Д 5 5Д 5ДОД 6 8 9 9ДОД 9Д 21 502 586 593 598 1303 9549
ДАДнО-193-586,multi-outlier,1,0,"",Метричні книги церков Катеринославської губернії. Колекція,1 2 3 4 4ДОД 4Д 5 5Д 5ДОД 6 8 9 9ДОД 9Д 21 502 516 593 598 1303 9549
ДАДнО-193-593,multi-outlier,1,0,"",Метричні книги церков Катеринославської губернії. Колекція,1 2 3 4 4ДОД 4Д 5 5Д 5ДОД 6 8 9 9ДОД 9Д 21 502 516 586 598 1303 9549
ДАДнО-193-598,multi-outlier,1,0,"",Метричні книги церков Катеринославської губернії. Колекція,1 2 3 4 4ДОД 4Д 5 5Д 5ДОД 6 8 9 9ДОД 9Д 21 502 516 586 593 1303 9549
ДАДнО-193-1303,multi-outlier,1,0,"",Метричні книги церков Катеринославської губернії. Колекція,1 2 3 4 4ДОД 4Д 5 5Д 5ДОД 6 8 9 9ДОД 9Д 21 502 516 586 593 598 9549
ДАДнО-193-9549,multi-outlier,1,0,"",Метричні книги церков Катеринославської губернії. Колекція,1 2 3 4 4ДОД 4Д 5 5Д 5ДОД 6 8 9 9ДОД 9Д 21 502 516 586 593 598 1303
ДАДоО-191-178,multi-outlier,1,0,"","",1
ДАДоО-193-180,multi-outlier,1,0,"","",1 5
ДАДоО-238-187,multi-outlier,1,0,"","Дмитрівська церква Харківської духовної консисторії, с. Золотий Колодязь Ізюмськ",1
ДАДоО-260-156,multi-outlier,1,0,"","",1
ДАДоО-285-107,multi-outlier,1,0,"","",1
ДАДоО-307-110,multi-outlier,1,0,"","",1
ДАДоО-308-111,multi-outlier,1,0,"","",1
ДАДоО-312-114,multi-outlier,1,0,"","",1
ДАДоО-337-119,multi-outlier,1,0,"","",1
ДАДоО-343-120,multi-outlier,1,0,"","",1
ДАДоО-355-121,multi-outlier,1,0,"","",1
ДАДоО-423-140,multi-outlier,1,0,"","",1
ДАДоО-436-146,multi-outlier,1,0,"","",1
ДАЖО-1-78976,multi-outlier,1,0,"",Волинська духовна консисторія. м. Житомир Волинської губернії. 1741-1921 рр.,1 2 3 4 5 6 7 8 9 10 11 12 13 14 15 16 17 18 19 20 21 22 23 24 25 26 27 28 29 30 31 32 33 34 35 36 37 38 39 40 41 42 43 44 45 46 47 48 49 50 51 52 53 54 55 56 57 58 59 60 61 62 63 64 65 66 67 68 69 70 71 72 73 74 75 76 77 78 79 80 81 82 83 84 85 86 87 88 89 90 91 119 130 140 150 176 177 203 213 218 221 229 232 241 246 248 249 321 349 366 372 457 467 470 480 482 505 511 519 781019 781044
ДАЖО-1-781019,multi-outlier,1,0,"",Волинська духовна консисторія. м. Житомир Волинської губернії. 1741-1921 рр.,1 2 3 4 5 6 7 8 9 10 11 12 13 14 15 16 17 18 19 20 21 22 23 24 25 26 27 28 29 30 31 32 33 34 35 36 37 38 39 40 41 42 43 44 45 46 47 48 49 50 51 52 53 54 55 56 57 58 59 60 61 62 63 64 65 66 67 68 69 70 71 72 73 74 75 76 77 78 79 80 81 82 83 84 85 86 87 88 89 90 91 119 130 140 150 176 177 203 213 218 221 229 232 241 246 248 249 321 349 366 372 457 467 470 480 482 505 511 519 78976 781044
ДАЖО-1-781044,multi-outlier,1,0,"",Волинська духовна консисторія. м. Житомир Волинської губернії. 1741-1921 рр.,1 2 3 4 5 6 7 8 9 10 11 12 13 14 15 16 17 18 19 20 21 22 23 24 25 26 27 28 29 30 31 32 33 34 35 36 37 38 39 40 41 42 43 44 45 46 47 48 49 50 51 52 53 54 55 56 57 58 59 60 61 62 63 64 65 66 67 68 69 70 71 72 73 74 75 76 77 78 79 80 81 82 83 84 85 86 87 88 89 90 91 119 130 140 150 176 177 203 213 218 221 229 232 241 246 248 249 321 349 366 372 457 467 470 480 482 505 511 519 78976 781019
ДАЖО-178-51271,multi-outlier,1,0,"",Луцько-Житомирська римо-католицька духовна консисторія. м. Житомир Волинської гу,1 2 3 4 5 6 7 8 9 10 11 12 13 14 15 16 17 18 19 20 21 22 23 24 25 26 27 28 29 30 31 32 33 34 35 36 37 38 39 40 41 42 43 44 45 46 47 48 49 50 51 52 53 54 107 178 312 542
ДАЖО-288-289,multi-outlier,1,0,"",Житомирське повітове по податку з нерухомого майна присутствіє. м. Житомир Волин,1
ДАЖО-322-324,multi-outlier,1,0,"",Житомирський з'їздовий конкурсний суд. м. Житомир Волинської губернії.,1
ДАЖО-420-129,multi-outlier,1,0,"",Литовська греко-уніатська духовна консисторія.,1 138
ДАЖО-420-138,multi-outlier,1,0,"",Литовська греко-уніатська духовна консисторія.,1 129
ДАЖО-53-187,multi-outlier,1,0,"",Любарський нотаріус Пясецький Микола Петрович. м-ко Любар Новоград-Волинського п,1 195
ДАЖО-53-195,multi-outlier,1,0,"",Любарський нотаріус Пясецький Микола Петрович. м-ко Любар Новоград-Волинського п,1 187
ДАЖО-535-540,multi-outlier,1,0,"",Пулинське поштово-телеграфне відділення Київського поштовотелеграфного округу. м,1
ДАЖО-78-976978,multi-outlier,1,0,"","",1099 2133
ДАЗкО-1606-51895,multi-outlier,2,0,"",Колекція церковних метричних книг Підкарпатської Русі (Закарпаття),1 2 3 4 5 6 7 8 9 10 11 12 13 14 15 16 17 51929
ДАЗкО-1606-51929,multi-outlier,1,0,"",Колекція церковних метричних книг Підкарпатської Русі (Закарпаття),1 2 3 4 5 6 7 8 9 10 11 12 13 14 15 16 17 51895
ДАЗкО-Р2558-2558,multi-outlier,1288,0,"","",2
ДАЗпО-19-319,multi-outlier,1,0,"","Соборна церква Покрови Пресвятої Богородиці, м. Запоріжжя Запорізького округу",1 2
ДАЗпО-246-353,multi-outlier,1,0,"",Колекція метричних книг церков Бердянського та Мелітопольського повітів Таврійсь,1 416 421 445 461 469 479
ДАЗпО-246-416,multi-outlier,1,0,"",Колекція метричних книг церков Бердянського та Мелітопольського повітів Таврійсь,1 353 421 445 461 469 479
ДАЗпО-246-421,multi-outlier,1,0,"",Колекція метричних книг церков Бердянського та Мелітопольського повітів Таврійсь,1 353 416 445 461 469 479
ДАЗпО-246-445,multi-outlier,1,0,"",Колекція метричних книг церков Бердянського та Мелітопольського повітів Таврійсь,1 353 416 421 461 469 479
ДАЗпО-246-461,multi-outlier,1,0,"",Колекція метричних книг церков Бердянського та Мелітопольського повітів Таврійсь,1 353 416 421 445 469 479
ДАЗпО-246-469,multi-outlier,1,0,"",Колекція метричних книг церков Бердянського та Мелітопольського повітів Таврійсь,1 353 416 421 445 461 479
ДАЗпО-246-479,multi-outlier,1,0,"",Колекція метричних книг церков Бердянського та Мелітопольського повітів Таврійсь,1 353 416 421 445 461 469
ДАЗпО-Р5593-334,multi-outlier,1,0,"",Колекція метричних книг і книг реєстрації актів цивільного стану по Запорізькій ,1 2 3 4 5 6 7 8 9 10 11 12 13 14 15 16 17 18 19 20 21 22 23 24 25 26 27 30 342 363 403 415 423 431 476 3144 3197
ДАЗпО-Р5593-342,multi-outlier,1,0,"",Колекція метричних книг і книг реєстрації актів цивільного стану по Запорізькій ,1 2 3 4 5 6 7 8 9 10 11 12 13 14 15 16 17 18 19 20 21 22 23 24 25 26 27 30 334 363 403 415 423 431 476 3144 3197
ДАЗпО-Р5593-363,multi-outlier,1,0,"",Колекція метричних книг і книг реєстрації актів цивільного стану по Запорізькій ,1 2 3 4 5 6 7 8 9 10 11 12 13 14 15 16 17 18 19 20 21 22 23 24 25 26 27 30 334 342 403 415 423 431 476 3144 3197
ДАЗпО-Р5593-403,multi-outlier,1,0,"",Колекція метричних книг і книг реєстрації актів цивільного стану по Запорізькій ,1 2 3 4 5 6 7 8 9 10 11 12 13 14 15 16 17 18 19 20 21 22 23 24 25 26 27 30 334 342 363 415 423 431 476 3144 3197
ДАЗпО-Р5593-415,multi-outlier,1,0,"",Колекція метричних книг і книг реєстрації актів цивільного стану по Запорізькій ,1 2 3 4 5 6 7 8 9 10 11 12 13 14 15 16 17 18 19 20 21 22 23 24 25 26 27 30 334 342 363 403 423 431 476 3144 3197
ДАЗпО-Р5593-423,multi-outlier,1,0,"",Колекція метричних книг і книг реєстрації актів цивільного стану по Запорізькій ,1 2 3 4 5 6 7 8 9 10 11 12 13 14 15 16 17 18 19 20 21 22 23 24 25 26 27 30 334 342 363 403 415 431 476 3144 3197
ДАЗпО-Р5593-431,multi-outlier,1,0,"",Колекція метричних книг і книг реєстрації актів цивільного стану по Запорізькій ,1 2 3 4 5 6 7 8 9 10 11 12 13 14 15 16 17 18 19 20 21 22 23 24 25 26 27 30 334 342 363 403 415 423 476 3144 3197
ДАЗпО-Р5593-476,multi-outlier,1,0,"",Колекція метричних книг і книг реєстрації актів цивільного стану по Запорізькій ,1 2 3 4 5 6 7 8 9 10 11 12 13 14 15 16 17 18 19 20 21 22 23 24 25 26 27 30 334 342 363 403 415 423 431 3144 3197
ДАЗпО-Р5593-3144,multi-outlier,1,0,"",Колекція метричних книг і книг реєстрації актів цивільного стану по Запорізькій ,1 2 3 4 5 6 7 8 9 10 11 12 13 14 15 16 17 18 19 20 21 22 23 24 25 26 27 30 334 342 363 403 415 423 431 476 3197
ДАЗпО-Р5593-3197,multi-outlier,1,0,"",Колекція метричних книг і книг реєстрації актів цивільного стану по Запорізькій ,1 2 3 4 5 6 7 8 9 10 11 12 13 14 15 16 17 18 19 20 21 22 23 24 25 26 27 30 334 342 363 403 415 423 431 476 3144
ДАК-16-327,multi-outlier,1,0,"",Київський університет Св. Володимира,1 464 465
ДАК-16-464,multi-outlier,9,1,Особові справи студентів,Київський університет Св. Володимира,1 327 465
ДАК-16-465,multi-outlier,4,0,Особові справи студентів,Київський університет Св. Володимира,1 327 464
ДАКрО-120-396,multi-outlier,1,0,"","Церква Благовіщення Пресвятої Богородиці, Старообрядницька церква Покрови Пресвя",1
ДАКрО-149-502,multi-outlier,1,0,"","Церква Архангела Михаїла, с.Спасове Єлисаветградського повіту Херсонської губерн",1
ДАКрО-154-438,multi-outlier,1,0,"","Собор Святого Миколая, церква Святого Пантелеймона, Свято-Воскресінська церква, ",1 2
ДАКрО-156-468,multi-outlier,1,0,"","Свято-Петропавлівська церква, м.Єлисаветград Єлисаветградського повіту Херсонськ",1
ДАКрО-170-1103,multi-outlier,1,0,"","Церква Преображення Господнього, церква Покрови Пресвятої Богородиці, с.Аджамка ",1
ДАКрО-172-172,multi-outlier,40,0,Опис 172,"Церква Покрови Пресвятої Богородиці, с.Покровка Зінов'євського району Зінов'євсь",1
ДАКрО-546-432,multi-outlier,1,0,"","Церква Святого Миколая, с.Бірки Чигиринського повіту Кременчуцької губернії",1 2 13 16
ДАКрО-639-415,multi-outlier,1,0,"","Церква Успіння Пресвятої Богородиці, церква Святого Миколая, с.Дмитрівка Олексан",1
ДАКрО-658-481,multi-outlier,1,0,"","Свято-Петропавлівська церква, с.Леслієво Єлисаветградського повіту Херсонської г",1
ДАКрО-673-513,multi-outlier,1,0,"","Свято-Вознесенська церква, с.Звенигородка Олександрійського повіту Херсонської г",1
ДАКрО-680-424,multi-outlier,1,0,"","Свято-Георгіївська церква, с.Федірки Олександрійського повіту Кременчуцької губе",1
ДАКрО-692-425,multi-outlier,1,0,"","Свято-Георгіївська церква, с.Велика Андрусівка Олександрійського повіту Кременчу",1 2
ДАКрО-708-426,multi-outlier,1,0,"","Церква Архангела Михаїла, с.Глинськ Олександрійського повіту Кременчуцької губер",1 11
ДАКрО-757-607,multi-outlier,2,0,Опис 607,"Церква Покрови Пресвятої Богородиці, с.Чечеліївка Олександрійського повіту Херсо",1
ДАКрО-764-487,multi-outlier,1,0,"","Церква Святого Іоанна Милостивого, с.Вільшанка Єлисаветградського повіту Херсонс",1
ДАКрО-Р6653-2796,multi-outlier,159,0,Опис 2796,Колекція листів радянських громадян Кіровоградської області вивезених до Німеччи,1
ДАОО-110-773,multi-outlier,0,0,"","",1
ДАОО-16-124ЧІІ,multi-outlier,2,0,"",Одеська міська управа,1 124 124Б
ДАОО-16-124,multi-outlier,94,1,Одеська міська управа,Одеська міська управа,1 124Б 124ЧІІ
ДАОО-16-124Б,multi-outlier,2,0,"",Одеська міська управа,1 124 124ЧІІ
ДАОО-37-480,multi-outlier,1,0,"",Херсонська духовна консисторія,1А 2 3 3А 4 5 6 7 8 9 10 11 12 13Г 13 13Б 13В 14 15 16 17 498 513
ДАОО-37-498,multi-outlier,1,0,"",Херсонська духовна консисторія,1А 2 3 3А 4 5 6 7 8 9 10 11 12 13Г 13 13Б 13В 14 15 16 17 480 513
ДАОО-37-513,multi-outlier,1,0,"",Херсонська духовна консисторія,1А 2 3 3А 4 5 6 7 8 9 10 11 12 13Г 13 13Б 13В 14 15 16 17 480 498
ДАОО-П1234-1477,multi-outlier,0,0,"","",53
ДАПО-1011-551,multi-outlier,1,0,"","Православні церкви Полтавської губернії (об'єднаний архівний фонд), м. Полтава П",1 2 3 4 5 6 7 8 9 10 11 12 13 14 15 16 17 557 560 595 597 599 611 613 615 673 680 684 688 691
ДАПО-1011-557,multi-outlier,1,0,"","Православні церкви Полтавської губернії (об'єднаний архівний фонд), м. Полтава П",1 2 3 4 5 6 7 8 9 10 11 12 13 14 15 16 17 551 560 595 597 599 611 613 615 673 680 684 688 691
ДАПО-1011-560,multi-outlier,1,0,"","Православні церкви Полтавської губернії (об'єднаний архівний фонд), м. Полтава П",1 2 3 4 5 6 7 8 9 10 11 12 13 14 15 16 17 551 557 595 597 599 611 613 615 673 680 684 688 691
ДАПО-1011-595,multi-outlier,1,0,"","Православні церкви Полтавської губернії (об'єднаний архівний фонд), м. Полтава П",1 2 3 4 5 6 7 8 9 10 11 12 13 14 15 16 17 551 557 560 597 599 611 613 615 673 680 684 688 691
ДАПО-1011-597,multi-outlier,1,0,"","Православні церкви Полтавської губернії (об'єднаний архівний фонд), м. Полтава П",1 2 3 4 5 6 7 8 9 10 11 12 13 14 15 16 17 551 557 560 595 599 611 613 615 673 680 684 688 691
ДАПО-1011-599,multi-outlier,1,0,"","Православні церкви Полтавської губернії (об'єднаний архівний фонд), м. Полтава П",1 2 3 4 5 6 7 8 9 10 11 12 13 14 15 16 17 551 557 560 595 597 611 613 615 673 680 684 688 691
ДАПО-1011-611,multi-outlier,1,0,"","Православні церкви Полтавської губернії (об'єднаний архівний фонд), м. Полтава П",1 2 3 4 5 6 7 8 9 10 11 12 13 14 15 16 17 551 557 560 595 597 599 613 615 673 680 684 688 691
ДАПО-1011-613,multi-outlier,1,0,"","Православні церкви Полтавської губернії (об'єднаний архівний фонд), м. Полтава П",1 2 3 4 5 6 7 8 9 10 11 12 13 14 15 16 17 551 557 560 595 597 599 611 615 673 680 684 688 691
ДАПО-1011-615,multi-outlier,1,0,"","Православні церкви Полтавської губернії (об'єднаний архівний фонд), м. Полтава П",1 2 3 4 5 6 7 8 9 10 11 12 13 14 15 16 17 551 557 560 595 597 599 611 613 673 680 684 688 691
ДАПО-1011-673,multi-outlier,1,0,"","Православні церкви Полтавської губернії (об'єднаний архівний фонд), м. Полтава П",1 2 3 4 5 6 7 8 9 10 11 12 13 14 15 16 17 551 557 560 595 597 599 611 613 615 680 684 688 691
ДАПО-1011-680,multi-outlier,1,0,"","Православні церкви Полтавської губернії (об'єднаний архівний фонд), м. Полтава П",1 2 3 4 5 6 7 8 9 10 11 12 13 14 15 16 17 551 557 560 595 597 599 611 613 615 673 684 688 691
ДАПО-1011-684,multi-outlier,1,0,"","Православні церкви Полтавської губернії (об'єднаний архівний фонд), м. Полтава П",1 2 3 4 5 6 7 8 9 10 11 12 13 14 15 16 17 551 557 560 595 597 599 611 613 615 673 680 688 691
ДАПО-1011-688,multi-outlier,1,0,"","Православні церкви Полтавської губернії (об'єднаний архівний фонд), м. Полтава П",1 2 3 4 5 6 7 8 9 10 11 12 13 14 15 16 17 551 557 560 595 597 599 611 613 615 673 680 684 691
ДАПО-1011-691,multi-outlier,1,0,"","Православні церкви Полтавської губернії (об'єднаний архівний фонд), м. Полтава П",1 2 3 4 5 6 7 8 9 10 11 12 13 14 15 16 17 551 557 560 595 597 599 611 613 615 673 680 684 688
ДАПО-11-187,multi-outlier,1,0,"","",1 332 490 638 816 973 1144 1298 1431 1584 1750 1913 2067 2212 2376 2549 2704 2862 3016 3167 3322 3467 3635 3836 3989 4126 4293 4436 4612 4760 4889 5039 5174 5281 5420 5568 5727 5868 6004 6169 6314 6448 6597 6744 6892 7022 7154 7295 7444 7618
ДАПО-11-332,multi-outlier,1,0,"","",1 187 490 638 816 973 1144 1298 1431 1584 1750 1913 2067 2212 2376 2549 2704 2862 3016 3167 3322 3467 3635 3836 3989 4126 4293 4436 4612 4760 4889 5039 5174 5281 5420 5568 5727 5868 6004 6169 6314 6448 6597 6744 6892 7022 7154 7295 7444 7618
ДАПО-11-490,multi-outlier,1,0,"","",1 187 332 638 816 973 1144 1298 1431 1584 1750 1913 2067 2212 2376 2549 2704 2862 3016 3167 3322 3467 3635 3836 3989 4126 4293 4436 4612 4760 4889 5039 5174 5281 5420 5568 5727 5868 6004 6169 6314 6448 6597 6744 6892 7022 7154 7295 7444 7618
ДАПО-11-638,multi-outlier,1,0,"","",1 187 332 490 816 973 1144 1298 1431 1584 1750 1913 2067 2212 2376 2549 2704 2862 3016 3167 3322 3467 3635 3836 3989 4126 4293 4436 4612 4760 4889 5039 5174 5281 5420 5568 5727 5868 6004 6169 6314 6448 6597 6744 6892 7022 7154 7295 7444 7618
ДАПО-11-816,multi-outlier,1,0,"","",1 187 332 490 638 973 1144 1298 1431 1584 1750 1913 2067 2212 2376 2549 2704 2862 3016 3167 3322 3467 3635 3836 3989 4126 4293 4436 4612 4760 4889 5039 5174 5281 5420 5568 5727 5868 6004 6169 6314 6448 6597 6744 6892 7022 7154 7295 7444 7618
ДАПО-11-973,multi-outlier,1,0,"","",1 187 332 490 638 816 1144 1298 1431 1584 1750 1913 2067 2212 2376 2549 2704 2862 3016 3167 3322 3467 3635 3836 3989 4126 4293 4436 4612 4760 4889 5039 5174 5281 5420 5568 5727 5868 6004 6169 6314 6448 6597 6744 6892 7022 7154 7295 7444 7618
ДАПО-11-1144,multi-outlier,1,0,"","",1 187 332 490 638 816 973 1298 1431 1584 1750 1913 2067 2212 2376 2549 2704 2862 3016 3167 3322 3467 3635 3836 3989 4126 4293 4436 4612 4760 4889 5039 5174 5281 5420 5568 5727 5868 6004 6169 6314 6448 6597 6744 6892 7022 7154 7295 7444 7618
ДАПО-11-1298,multi-outlier,1,0,"","",1 187 332 490 638 816 973 1144 1431 1584 1750 1913 2067 2212 2376 2549 2704 2862 3016 3167 3322 3467 3635 3836 3989 4126 4293 4436 4612 4760 4889 5039 5174 5281 5420 5568 5727 5868 6004 6169 6314 6448 6597 6744 6892 7022 7154 7295 7444 7618
ДАПО-11-1431,multi-outlier,1,0,"","",1 187 332 490 638 816 973 1144 1298 1584 1750 1913 2067 2212 2376 2549 2704 2862 3016 3167 3322 3467 3635 3836 3989 4126 4293 4436 4612 4760 4889 5039 5174 5281 5420 5568 5727 5868 6004 6169 6314 6448 6597 6744 6892 7022 7154 7295 7444 7618
ДАПО-11-1584,multi-outlier,1,0,"","",1 187 332 490 638 816 973 1144 1298 1431 1750 1913 2067 2212 2376 2549 2704 2862 3016 3167 3322 3467 3635 3836 3989 4126 4293 4436 4612 4760 4889 5039 5174 5281 5420 5568 5727 5868 6004 6169 6314 6448 6597 6744 6892 7022 7154 7295 7444 7618
ДАПО-11-1750,multi-outlier,1,0,"","",1 187 332 490 638 816 973 1144 1298 1431 1584 1913 2067 2212 2376 2549 2704 2862 3016 3167 3322 3467 3635 3836 3989 4126 4293 4436 4612 4760 4889 5039 5174 5281 5420 5568 5727 5868 6004 6169 6314 6448 6597 6744 6892 7022 7154 7295 7444 7618
ДАПО-11-2067,multi-outlier,1,0,"","",1 187 332 490 638 816 973 1144 1298 1431 1584 1750 1913 2212 2376 2549 2704 2862 3016 3167 3322 3467 3635 3836 3989 4126 4293 4436 4612 4760 4889 5039 5174 5281 5420 5568 5727 5868 6004 6169 6314 6448 6597 6744 6892 7022 7154 7295 7444 7618
ДАПО-11-2212,multi-outlier,1,0,"","",1 187 332 490 638 816 973 1144 1298 1431 1584 1750 1913 2067 2376 2549 2704 2862 3016 3167 3322 3467 3635 3836 3989 4126 4293 4436 4612 4760 4889 5039 5174 5281 5420 5568 5727 5868 6004 6169 6314 6448 6597 6744 6892 7022 7154 7295 7444 7618
ДАПО-11-2376,multi-outlier,1,0,"","",1 187 332 490 638 816 973 1144 1298 1431 1584 1750 1913 2067 2212 2549 2704 2862 3016 3167 3322 3467 3635 3836 3989 4126 4293 4436 4612 4760 4889 5039 5174 5281 5420 5568 5727 5868 6004 6169 6314 6448 6597 6744 6892 7022 7154 7295 7444 7618
ДАПО-11-2549,multi-outlier,1,0,"","",1 187 332 490 638 816 973 1144 1298 1431 1584 1750 1913 2067 2212 2376 2704 2862 3016 3167 3322 3467 3635 3836 3989 4126 4293 4436 4612 4760 4889 5039 5174 5281 5420 5568 5727 5868 6004 6169 6314 6448 6597 6744 6892 7022 7154 7295 7444 7618
ДАПО-11-2704,multi-outlier,1,0,"","",1 187 332 490 638 816 973 1144 1298 1431 1584 1750 1913 2067 2212 2376 2549 2862 3016 3167 3322 3467 3635 3836 3989 4126 4293 4436 4612 4760 4889 5039 5174 5281 5420 5568 5727 5868 6004 6169 6314 6448 6597 6744 6892 7022 7154 7295 7444 7618
ДАПО-11-2862,multi-outlier,1,0,"","",1 187 332 490 638 816 973 1144 1298 1431 1584 1750 1913 2067 2212 2376 2549 2704 3016 3167 3322 3467 3635 3836 3989 4126 4293 4436 4612 4760 4889 5039 5174 5281 5420 5568 5727 5868 6004 6169 6314 6448 6597 6744 6892 7022 7154 7295 7444 7618
ДАПО-11-3016,multi-outlier,1,0,"","",1 187 332 490 638 816 973 1144 1298 1431 1584 1750 1913 2067 2212 2376 2549 2704 2862 3167 3322 3467 3635 3836 3989 4126 4293 4436 4612 4760 4889 5039 5174 5281 5420 5568 5727 5868 6004 6169 6314 6448 6597 6744 6892 7022 7154 7295 7444 7618
ДАПО-11-3167,multi-outlier,1,0,"","",1 187 332 490 638 816 973 1144 1298 1431 1584 1750 1913 2067 2212 2376 2549 2704 2862 3016 3322 3467 3635 3836 3989 4126 4293 4436 4612 4760 4889 5039 5174 5281 5420 5568 5727 5868 6004 6169 6314 6448 6597 6744 6892 7022 7154 7295 7444 7618
ДАПО-11-3322,multi-outlier,1,0,"","",1 187 332 490 638 816 973 1144 1298 1431 1584 1750 1913 2067 2212 2376 2549 2704 2862 3016 3167 3467 3635 3836 3989 4126 4293 4436 4612 4760 4889 5039 5174 5281 5420 5568 5727 5868 6004 6169 6314 6448 6597 6744 6892 7022 7154 7295 7444 7618
ДАПО-11-3467,multi-outlier,1,0,"","",1 187 332 490 638 816 973 1144 1298 1431 1584 1750 1913 2067 2212 2376 2549 2704 2862 3016 3167 3322 3635 3836 3989 4126 4293 4436 4612 4760 4889 5039 5174 5281 5420 5568 5727 5868 6004 6169 6314 6448 6597 6744 6892 7022 7154 7295 7444 7618
ДАПО-11-3635,multi-outlier,1,0,"","",1 187 332 490 638 816 973 1144 1298 1431 1584 1750 1913 2067 2212 2376 2549 2704 2862 3016 3167 3322 3467 3836 3989 4126 4293 4436 4612 4760 4889 5039 5174 5281 5420 5568 5727 5868 6004 6169 6314 6448 6597 6744 6892 7022 7154 7295 7444 7618
ДАПО-11-3836,multi-outlier,1,0,"","",1 187 332 490 638 816 973 1144 1298 1431 1584 1750 1913 2067 2212 2376 2549 2704 2862 3016 3167 3322 3467 3635 3989 4126 4293 4436 4612 4760 4889 5039 5174 5281 5420 5568 5727 5868 6004 6169 6314 6448 6597 6744 6892 7022 7154 7295 7444 7618
ДАПО-11-3989,multi-outlier,1,0,"","",1 187 332 490 638 816 973 1144 1298 1431 1584 1750 1913 2067 2212 2376 2549 2704 2862 3016 3167 3322 3467 3635 3836 4126 4293 4436 4612 4760 4889 5039 5174 5281 5420 5568 5727 5868 6004 6169 6314 6448 6597 6744 6892 7022 7154 7295 7444 7618
ДАПО-11-4126,multi-outlier,1,0,"","",1 187 332 490 638 816 973 1144 1298 1431 1584 1750 1913 2067 2212 2376 2549 2704 2862 3016 3167 3322 3467 3635 3836 3989 4293 4436 4612 4760 4889 5039 5174 5281 5420 5568 5727 5868 6004 6169 6314 6448 6597 6744 6892 7022 7154 7295 7444 7618
ДАПО-11-4293,multi-outlier,1,0,"","",1 187 332 490 638 816 973 1144 1298 1431 1584 1750 1913 2067 2212 2376 2549 2704 2862 3016 3167 3322 3467 3635 3836 3989 4126 4436 4612 4760 4889 5039 5174 5281 5420 5568 5727 5868 6004 6169 6314 6448 6597 6744 6892 7022 7154 7295 7444 7618
ДАПО-11-4436,multi-outlier,1,0,"","",1 187 332 490 638 816 973 1144 1298 1431 1584 1750 1913 2067 2212 2376 2549 2704 2862 3016 3167 3322 3467 3635 3836 3989 4126 4293 4612 4760 4889 5039 5174 5281 5420 5568 5727 5868 6004 6169 6314 6448 6597 6744 6892 7022 7154 7295 7444 7618
ДАПО-11-4612,multi-outlier,1,0,"","",1 187 332 490 638 816 973 1144 1298 1431 1584 1750 1913 2067 2212 2376 2549 2704 2862 3016 3167 3322 3467 3635 3836 3989 4126 4293 4436 4760 4889 5039 5174 5281 5420 5568 5727 5868 6004 6169 6314 6448 6597 6744 6892 7022 7154 7295 7444 7618
ДАПО-11-4760,multi-outlier,1,0,"","",1 187 332 490 638 816 973 1144 1298 1431 1584 1750 1913 2067 2212 2376 2549 2704 2862 3016 3167 3322 3467 3635 3836 3989 4126 4293 4436 4612 4889 5039 5174 5281 5420 5568 5727 5868 6004 6169 6314 6448 6597 6744 6892 7022 7154 7295 7444 7618
ДАПО-11-4889,multi-outlier,1,0,"","",1 187 332 490 638 816 973 1144 1298 1431 1584 1750 1913 2067 2212 2376 2549 2704 2862 3016 3167 3322 3467 3635 3836 3989 4126 4293 4436 4612 4760 5039 5174 5281 5420 5568 5727 5868 6004 6169 6314 6448 6597 6744 6892 7022 7154 7295 7444 7618
ДАПО-11-5039,multi-outlier,1,0,"","",1 187 332 490 638 816 973 1144 1298 1431 1584 1750 1913 2067 2212 2376 2549 2704 2862 3016 3167 3322 3467 3635 3836 3989 4126 4293 4436 4612 4760 4889 5174 5281 5420 5568 5727 5868 6004 6169 6314 6448 6597 6744 6892 7022 7154 7295 7444 7618
ДАПО-11-5174,multi-outlier,1,0,"","",1 187 332 490 638 816 973 1144 1298 1431 1584 1750 1913 2067 2212 2376 2549 2704 2862 3016 3167 3322 3467 3635 3836 3989 4126 4293 4436 4612 4760 4889 5039 5281 5420 5568 5727 5868 6004 6169 6314 6448 6597 6744 6892 7022 7154 7295 7444 7618
ДАПО-11-5281,multi-outlier,1,0,"","",1 187 332 490 638 816 973 1144 1298 1431 1584 1750 1913 2067 2212 2376 2549 2704 2862 3016 3167 3322 3467 3635 3836 3989 4126 4293 4436 4612 4760 4889 5039 5174 5420 5568 5727 5868 6004 6169 6314 6448 6597 6744 6892 7022 7154 7295 7444 7618
ДАПО-11-5420,multi-outlier,1,0,"","",1 187 332 490 638 816 973 1144 1298 1431 1584 1750 1913 2067 2212 2376 2549 2704 2862 3016 3167 3322 3467 3635 3836 3989 4126 4293 4436 4612 4760 4889 5039 5174 5281 5568 5727 5868 6004 6169 6314 6448 6597 6744 6892 7022 7154 7295 7444 7618
ДАПО-11-5568,multi-outlier,1,0,"","",1 187 332 490 638 816 973 1144 1298 1431 1584 1750 1913 2067 2212 2376 2549 2704 2862 3016 3167 3322 3467 3635 3836 3989 4126 4293 4436 4612 4760 4889 5039 5174 5281 5420 5727 5868 6004 6169 6314 6448 6597 6744 6892 7022 7154 7295 7444 7618
ДАПО-11-5727,multi-outlier,1,0,"","",1 187 332 490 638 816 973 1144 1298 1431 1584 1750 1913 2067 2212 2376 2549 2704 2862 3016 3167 3322 3467 3635 3836 3989 4126 4293 4436 4612 4760 4889 5039 5174 5281 5420 5568 5868 6004 6169 6314 6448 6597 6744 6892 7022 7154 7295 7444 7618
ДАПО-11-5868,multi-outlier,1,0,"","",1 187 332 490 638 816 973 1144 1298 1431 1584 1750 1913 2067 2212 2376 2549 2704 2862 3016 3167 3322 3467 3635 3836 3989 4126 4293 4436 4612 4760 4889 5039 5174 5281 5420 5568 5727 6004 6169 6314 6448 6597 6744 6892 7022 7154 7295 7444 7618
ДАПО-11-6004,multi-outlier,1,0,"","",1 187 332 490 638 816 973 1144 1298 1431 1584 1750 1913 2067 2212 2376 2549 2704 2862 3016 3167 3322 3467 3635 3836 3989 4126 4293 4436 4612 4760 4889 5039 5174 5281 5420 5568 5727 5868 6169 6314 6448 6597 6744 6892 7022 7154 7295 7444 7618
ДАПО-11-6169,multi-outlier,1,0,"","",1 187 332 490 638 816 973 1144 1298 1431 1584 1750 1913 2067 2212 2376 2549 2704 2862 3016 3167 3322 3467 3635 3836 3989 4126 4293 4436 4612 4760 4889 5039 5174 5281 5420 5568 5727 5868 6004 6314 6448 6597 6744 6892 7022 7154 7295 7444 7618
ДАПО-11-6314,multi-outlier,1,0,"","",1 187 332 490 638 816 973 1144 1298 1431 1584 1750 1913 2067 2212 2376 2549 2704 2862 3016 3167 3322 3467 3635 3836 3989 4126 4293 4436 4612 4760 4889 5039 5174 5281 5420 5568 5727 5868 6004 6169 6448 6597 6744 6892 7022 7154 7295 7444 7618
ДАПО-11-6448,multi-outlier,1,0,"","",1 187 332 490 638 816 973 1144 1298 1431 1584 1750 1913 2067 2212 2376 2549 2704 2862 3016 3167 3322 3467 3635 3836 3989 4126 4293 4436 4612 4760 4889 5039 5174 5281 5420 5568 5727 5868 6004 6169 6314 6597 6744 6892 7022 7154 7295 7444 7618
ДАПО-11-6597,multi-outlier,1,0,"","",1 187 332 490 638 816 973 1144 1298 1431 1584 1750 1913 2067 2212 2376 2549 2704 2862 3016 3167 3322 3467 3635 3836 3989 4126 4293 4436 4612 4760 4889 5039 5174 5281 5420 5568 5727 5868 6004 6169 6314 6448 6744 6892 7022 7154 7295 7444 7618
ДАПО-11-6744,multi-outlier,1,0,"","",1 187 332 490 638 816 973 1144 1298 1431 1584 1750 1913 2067 2212 2376 2549 2704 2862 3016 3167 3322 3467 3635 3836 3989 4126 4293 4436 4612 4760 4889 5039 5174 5281 5420 5568 5727 5868 6004 6169 6314 6448 6597 6892 7022 7154 7295 7444 7618
ДАПО-11-6892,multi-outlier,1,0,"","",1 187 332 490 638 816 973 1144 1298 1431 1584 1750 1913 2067 2212 2376 2549 2704 2862 3016 3167 3322 3467 3635 3836 3989 4126 4293 4436 4612 4760 4889 5039 5174 5281 5420 5568 5727 5868 6004 6169 6314 6448 6597 6744 7022 7154 7295 7444 7618
ДАПО-11-7022,multi-outlier,1,0,"","",1 187 332 490 638 816 973 1144 1298 1431 1584 1750 1913 2067 2212 2376 2549 2704 2862 3016 3167 3322 3467 3635 3836 3989 4126 4293 4436 4612 4760 4889 5039 5174 5281 5420 5568 5727 5868 6004 6169 6314 6448 6597 6744 6892 7154 7295 7444 7618
ДАПО-11-7154,multi-outlier,1,0,"","",1 187 332 490 638 816 973 1144 1298 1431 1584 1750 1913 2067 2212 2376 2549 2704 2862 3016 3167 3322 3467 3635 3836 3989 4126 4293 4436 4612 4760 4889 5039 5174 5281 5420 5568 5727 5868 6004 6169 6314 6448 6597 6744 6892 7022 7295 7444 7618
ДАПО-11-7295,multi-outlier,1,0,"","",1 187 332 490 638 816 973 1144 1298 1431 1584 1750 1913 2067 2212 2376 2549 2704 2862 3016 3167 3322 3467 3635 3836 3989 4126 4293 4436 4612 4760 4889 5039 5174 5281 5420 5568 5727 5868 6004 6169 6314 6448 6597 6744 6892 7022 7154 7444 7618
ДАПО-11-7444,multi-outlier,1,0,"","",1 187 332 490 638 816 973 1144 1298 1431 1584 1750 1913 2067 2212 2376 2549 2704 2862 3016 3167 3322 3467 3635 3836 3989 4126 4293 4436 4612 4760 4889 5039 5174 5281 5420 5568 5727 5868 6004 6169 6314 6448 6597 6744 6892 7022 7154 7295 7618
ДАПО-11-7618,multi-outlier,1,0,"","",1 187 332 490 638 816 973 1144 1298 1431 1584 1750 1913 2067 2212 2376 2549 2704 2862 3016 3167 3322 3467 3635 3836 3989 4126 4293 4436 4612 4760 4889 5039 5174 5281 5420 5568 5727 5868 6004 6169 6314 6448 6597 6744 6892 7022 7154 7295 7444
ДАПО-12-149,multi-outlier,1,0,"","",1 2 309 447 568 725 866 995 1137 1272 1415 1571 1714 1861 1985 2126 2286 2446 2579 2735 2875 3022 3169 3335 3490 3636 3801 3955 4122 4280 4435 4622 4792 4954 5123 5276 5431 5584 5761
ДАПО-12-309,multi-outlier,1,0,"","",1 2 149 447 568 725 866 995 1137 1272 1415 1571 1714 1861 1985 2126 2286 2446 2579 2735 2875 3022 3169 3335 3490 3636 3801 3955 4122 4280 4435 4622 4792 4954 5123 5276 5431 5584 5761
ДАПО-12-447,multi-outlier,1,0,"","",1 2 149 309 568 725 866 995 1137 1272 1415 1571 1714 1861 1985 2126 2286 2446 2579 2735 2875 3022 3169 3335 3490 3636 3801 3955 4122 4280 4435 4622 4792 4954 5123 5276 5431 5584 5761
ДАПО-12-568,multi-outlier,1,0,"","",1 2 149 309 447 725 866 995 1137 1272 1415 1571 1714 1861 1985 2126 2286 2446 2579 2735 2875 3022 3169 3335 3490 3636 3801 3955 4122 4280 4435 4622 4792 4954 5123 5276 5431 5584 5761
ДАПО-12-725,multi-outlier,1,0,"","",1 2 149 309 447 568 866 995 1137 1272 1415 1571 1714 1861 1985 2126 2286 2446 2579 2735 2875 3022 3169 3335 3490 3636 3801 3955 4122 4280 4435 4622 4792 4954 5123 5276 5431 5584 5761
ДАПО-12-866,multi-outlier,1,0,"","",1 2 149 309 447 568 725 995 1137 1272 1415 1571 1714 1861 1985 2126 2286 2446 2579 2735 2875 3022 3169 3335 3490 3636 3801 3955 4122 4280 4435 4622 4792 4954 5123 5276 5431 5584 5761
ДАПО-12-995,multi-outlier,1,0,"","",1 2 149 309 447 568 725 866 1137 1272 1415 1571 1714 1861 1985 2126 2286 2446 2579 2735 2875 3022 3169 3335 3490 3636 3801 3955 4122 4280 4435 4622 4792 4954 5123 5276 5431 5584 5761
ДАПО-12-1137,multi-outlier,1,0,"","",1 2 149 309 447 568 725 866 995 1272 1415 1571 1714 1861 1985 2126 2286 2446 2579 2735 2875 3022 3169 3335 3490 3636 3801 3955 4122 4280 4435 4622 4792 4954 5123 5276 5431 5584 5761
ДАПО-12-1272,multi-outlier,1,0,"","",1 2 149 309 447 568 725 866 995 1137 1415 1571 1714 1861 1985 2126 2286 2446 2579 2735 2875 3022 3169 3335 3490 3636 3801 3955 4122 4280 4435 4622 4792 4954 5123 5276 5431 5584 5761
ДАПО-12-1415,multi-outlier,1,0,"","",1 2 149 309 447 568 725 866 995 1137 1272 1571 1714 1861 1985 2126 2286 2446 2579 2735 2875 3022 3169 3335 3490 3636 3801 3955 4122 4280 4435 4622 4792 4954 5123 5276 5431 5584 5761
ДАПО-12-1571,multi-outlier,1,0,"","",1 2 149 309 447 568 725 866 995 1137 1272 1415 1714 1861 1985 2126 2286 2446 2579 2735 2875 3022 3169 3335 3490 3636 3801 3955 4122 4280 4435 4622 4792 4954 5123 5276 5431 5584 5761
ДАПО-12-1714,multi-outlier,1,0,"","",1 2 149 309 447 568 725 866 995 1137 1272 1415 1571 1861 1985 2126 2286 2446 2579 2735 2875 3022 3169 3335 3490 3636 3801 3955 4122 4280 4435 4622 4792 4954 5123 5276 5431 5584 5761
ДАПО-12-2126,multi-outlier,1,0,"","",1 2 149 309 447 568 725 866 995 1137 1272 1415 1571 1714 1861 1985 2286 2446 2579 2735 2875 3022 3169 3335 3490 3636 3801 3955 4122 4280 4435 4622 4792 4954 5123 5276 5431 5584 5761
ДАПО-12-2286,multi-outlier,1,0,"","",1 2 149 309 447 568 725 866 995 1137 1272 1415 1571 1714 1861 1985 2126 2446 2579 2735 2875 3022 3169 3335 3490 3636 3801 3955 4122 4280 4435 4622 4792 4954 5123 5276 5431 5584 5761
ДАПО-12-2446,multi-outlier,1,0,"","",1 2 149 309 447 568 725 866 995 1137 1272 1415 1571 1714 1861 1985 2126 2286 2579 2735 2875 3022 3169 3335 3490 3636 3801 3955 4122 4280 4435 4622 4792 4954 5123 5276 5431 5584 5761
ДАПО-12-2579,multi-outlier,1,0,"","",1 2 149 309 447 568 725 866 995 1137 1272 1415 1571 1714 1861 1985 2126 2286 2446 2735 2875 3022 3169 3335 3490 3636 3801 3955 4122 4280 4435 4622 4792 4954 5123 5276 5431 5584 5761
ДАПО-12-2735,multi-outlier,1,0,"","",1 2 149 309 447 568 725 866 995 1137 1272 1415 1571 1714 1861 1985 2126 2286 2446 2579 2875 3022 3169 3335 3490 3636 3801 3955 4122 4280 4435 4622 4792 4954 5123 5276 5431 5584 5761
ДАПО-12-2875,multi-outlier,1,0,"","",1 2 149 309 447 568 725 866 995 1137 1272 1415 1571 1714 1861 1985 2126 2286 2446 2579 2735 3022 3169 3335 3490 3636 3801 3955 4122 4280 4435 4622 4792 4954 5123 5276 5431 5584 5761
ДАПО-12-3022,multi-outlier,1,0,"","",1 2 149 309 447 568 725 866 995 1137 1272 1415 1571 1714 1861 1985 2126 2286 2446 2579 2735 2875 3169 3335 3490 3636 3801 3955 4122 4280 4435 4622 4792 4954 5123 5276 5431 5584 5761
ДАПО-12-3169,multi-outlier,1,0,"","",1 2 149 309 447 568 725 866 995 1137 1272 1415 1571 1714 1861 1985 2126 2286 2446 2579 2735 2875 3022 3335 3490 3636 3801 3955 4122 4280 4435 4622 4792 4954 5123 5276 5431 5584 5761
ДАПО-12-3335,multi-outlier,1,0,"","",1 2 149 309 447 568 725 866 995 1137 1272 1415 1571 1714 1861 1985 2126 2286 2446 2579 2735 2875 3022 3169 3490 3636 3801 3955 4122 4280 4435 4622 4792 4954 5123 5276 5431 5584 5761
ДАПО-12-3490,multi-outlier,1,0,"","",1 2 149 309 447 568 725 866 995 1137 1272 1415 1571 1714 1861 1985 2126 2286 2446 2579 2735 2875 3022 3169 3335 3636 3801 3955 4122 4280 4435 4622 4792 4954 5123 5276 5431 5584 5761
ДАПО-12-3636,multi-outlier,1,0,"","",1 2 149 309 447 568 725 866 995 1137 1272 1415 1571 1714 1861 1985 2126 2286 2446 2579 2735 2875 3022 3169 3335 3490 3801 3955 4122 4280 4435 4622 4792 4954 5123 5276 5431 5584 5761
ДАПО-12-3801,multi-outlier,1,0,"","",1 2 149 309 447 568 725 866 995 1137 1272 1415 1571 1714 1861 1985 2126 2286 2446 2579 2735 2875 3022 3169 3335 3490 3636 3955 4122 4280 4435 4622 4792 4954 5123 5276 5431 5584 5761
ДАПО-12-3955,multi-outlier,1,0,"","",1 2 149 309 447 568 725 866 995 1137 1272 1415 1571 1714 1861 1985 2126 2286 2446 2579 2735 2875 3022 3169 3335 3490 3636 3801 4122 4280 4435 4622 4792 4954 5123 5276 5431 5584 5761
ДАПО-12-4122,multi-outlier,1,0,"","",1 2 149 309 447 568 725 866 995 1137 1272 1415 1571 1714 1861 1985 2126 2286 2446 2579 2735 2875 3022 3169 3335 3490 3636 3801 3955 4280 4435 4622 4792 4954 5123 5276 5431 5584 5761
ДАПО-12-4280,multi-outlier,1,0,"","",1 2 149 309 447 568 725 866 995 1137 1272 1415 1571 1714 1861 1985 2126 2286 2446 2579 2735 2875 3022 3169 3335 3490 3636 3801 3955 4122 4435 4622 4792 4954 5123 5276 5431 5584 5761
ДАПО-12-4435,multi-outlier,1,0,"","",1 2 149 309 447 568 725 866 995 1137 1272 1415 1571 1714 1861 1985 2126 2286 2446 2579 2735 2875 3022 3169 3335 3490 3636 3801 3955 4122 4280 4622 4792 4954 5123 5276 5431 5584 5761
ДАПО-12-4622,multi-outlier,1,0,"","",1 2 149 309 447 568 725 866 995 1137 1272 1415 1571 1714 1861 1985 2126 2286 2446 2579 2735 2875 3022 3169 3335 3490 3636 3801 3955 4122 4280 4435 4792 4954 5123 5276 5431 5584 5761
ДАПО-12-4792,multi-outlier,1,0,"","",1 2 149 309 447 568 725 866 995 1137 1272 1415 1571 1714 1861 1985 2126 2286 2446 2579 2735 2875 3022 3169 3335 3490 3636 3801 3955 4122 4280 4435 4622 4954 5123 5276 5431 5584 5761
ДАПО-12-4954,multi-outlier,1,0,"","",1 2 149 309 447 568 725 866 995 1137 1272 1415 1571 1714 1861 1985 2126 2286 2446 2579 2735 2875 3022 3169 3335 3490 3636 3801 3955 4122 4280 4435 4622 4792 5123 5276 5431 5584 5761
ДАПО-12-5123,multi-outlier,1,0,"","",1 2 149 309 447 568 725 866 995 1137 1272 1415 1571 1714 1861 1985 2126 2286 2446 2579 2735 2875 3022 3169 3335 3490 3636 3801 3955 4122 4280 4435 4622 4792 4954 5276 5431 5584 5761
ДАПО-12-5276,multi-outlier,1,0,"","",1 2 149 309 447 568 725 866 995 1137 1272 1415 1571 1714 1861 1985 2126 2286 2446 2579 2735 2875 3022 3169 3335 3490 3636 3801 3955 4122 4280 4435 4622 4792 4954 5123 5431 5584 5761
ДАПО-12-5431,multi-outlier,1,0,"","",1 2 149 309 447 568 725 866 995 1137 1272 1415 1571 1714 1861 1985 2126 2286 2446 2579 2735 2875 3022 3169 3335 3490 3636 3801 3955 4122 4280 4435 4622 4792 4954 5123 5276 5584 5761
ДАПО-12-5584,multi-outlier,1,0,"","",1 2 149 309 447 568 725 866 995 1137 1272 1415 1571 1714 1861 1985 2126 2286 2446 2579 2735 2875 3022 3169 3335 3490 3636 3801 3955 4122 4280 4435 4622 4792 4954 5123 5276 5431 5761
ДАПО-12-5761,multi-outlier,1,0,"","",1 2 149 309 447 568 725 866 995 1137 1272 1415 1571 1714 1861 1985 2126 2286 2446 2579 2735 2875 3022 3169 3335 3490 3636 3801 3955 4122 4280 4435 4622 4792 4954 5123 5276 5431 5584
ДАПО-13-184,multi-outlier,1,0,"","Гадяцький повітовий суд, м. Гадяч Чернігівського намісництва, з 1791 р. Київсько",1 2 346 495 648 827 1005 1168 1326 1486 1647 1792 1961 2126 2289 2448 2589 2748 2909 3040 3171 3298 3432 3621 3764 3905 4068 4219 4375 4541 4702 4852 4955 5128 5289 5448 5607 5762 5939 6096 6232 6368 6488 6639 6779 6932 7073 7290 7410 7566 7712
ДАПО-13-346,multi-outlier,1,0,"","Гадяцький повітовий суд, м. Гадяч Чернігівського намісництва, з 1791 р. Київсько",1 2 184 495 648 827 1005 1168 1326 1486 1647 1792 1961 2126 2289 2448 2589 2748 2909 3040 3171 3298 3432 3621 3764 3905 4068 4219 4375 4541 4702 4852 4955 5128 5289 5448 5607 5762 5939 6096 6232 6368 6488 6639 6779 6932 7073 7290 7410 7566 7712
ДАПО-13-495,multi-outlier,1,0,"","Гадяцький повітовий суд, м. Гадяч Чернігівського намісництва, з 1791 р. Київсько",1 2 184 346 648 827 1005 1168 1326 1486 1647 1792 1961 2126 2289 2448 2589 2748 2909 3040 3171 3298 3432 3621 3764 3905 4068 4219 4375 4541 4702 4852 4955 5128 5289 5448 5607 5762 5939 6096 6232 6368 6488 6639 6779 6932 7073 7290 7410 7566 7712
ДАПО-13-648,multi-outlier,1,0,"","Гадяцький повітовий суд, м. Гадяч Чернігівського намісництва, з 1791 р. Київсько",1 2 184 346 495 827 1005 1168 1326 1486 1647 1792 1961 2126 2289 2448 2589 2748 2909 3040 3171 3298 3432 3621 3764 3905 4068 4219 4375 4541 4702 4852 4955 5128 5289 5448 5607 5762 5939 6096 6232 6368 6488 6639 6779 6932 7073 7290 7410 7566 7712
ДАПО-13-827,multi-outlier,1,0,"","Гадяцький повітовий суд, м. Гадяч Чернігівського намісництва, з 1791 р. Київсько",1 2 184 346 495 648 1005 1168 1326 1486 1647 1792 1961 2126 2289 2448 2589 2748 2909 3040 3171 3298 3432 3621 3764 3905 4068 4219 4375 4541 4702 4852 4955 5128 5289 5448 5607 5762 5939 6096 6232 6368 6488 6639 6779 6932 7073 7290 7410 7566 7712
ДАПО-13-1005,multi-outlier,1,0,"","Гадяцький повітовий суд, м. Гадяч Чернігівського намісництва, з 1791 р. Київсько",1 2 184 346 495 648 827 1168 1326 1486 1647 1792 1961 2126 2289 2448 2589 2748 2909 3040 3171 3298 3432 3621 3764 3905 4068 4219 4375 4541 4702 4852 4955 5128 5289 5448 5607 5762 5939 6096 6232 6368 6488 6639 6779 6932 7073 7290 7410 7566 7712
ДАПО-13-1168,multi-outlier,1,0,"","Гадяцький повітовий суд, м. Гадяч Чернігівського намісництва, з 1791 р. Київсько",1 2 184 346 495 648 827 1005 1326 1486 1647 1792 1961 2126 2289 2448 2589 2748 2909 3040 3171 3298 3432 3621 3764 3905 4068 4219 4375 4541 4702 4852 4955 5128 5289 5448 5607 5762 5939 6096 6232 6368 6488 6639 6779 6932 7073 7290 7410 7566 7712
ДАПО-13-1326,multi-outlier,1,0,"","Гадяцький повітовий суд, м. Гадяч Чернігівського намісництва, з 1791 р. Київсько",1 2 184 346 495 648 827 1005 1168 1486 1647 1792 1961 2126 2289 2448 2589 2748 2909 3040 3171 3298 3432 3621 3764 3905 4068 4219 4375 4541 4702 4852 4955 5128 5289 5448 5607 5762 5939 6096 6232 6368 6488 6639 6779 6932 7073 7290 7410 7566 7712
ДАПО-13-1486,multi-outlier,1,0,"","Гадяцький повітовий суд, м. Гадяч Чернігівського намісництва, з 1791 р. Київсько",1 2 184 346 495 648 827 1005 1168 1326 1647 1792 1961 2126 2289 2448 2589 2748 2909 3040 3171 3298 3432 3621 3764 3905 4068 4219 4375 4541 4702 4852 4955 5128 5289 5448 5607 5762 5939 6096 6232 6368 6488 6639 6779 6932 7073 7290 7410 7566 7712
ДАПО-13-1647,multi-outlier,1,0,"","Гадяцький повітовий суд, м. Гадяч Чернігівського намісництва, з 1791 р. Київсько",1 2 184 346 495 648 827 1005 1168 1326 1486 1792 1961 2126 2289 2448 2589 2748 2909 3040 3171 3298 3432 3621 3764 3905 4068 4219 4375 4541 4702 4852 4955 5128 5289 5448 5607 5762 5939 6096 6232 6368 6488 6639 6779 6932 7073 7290 7410 7566 7712
ДАПО-13-1792,multi-outlier,1,0,"","Гадяцький повітовий суд, м. Гадяч Чернігівського намісництва, з 1791 р. Київсько",1 2 184 346 495 648 827 1005 1168 1326 1486 1647 1961 2126 2289 2448 2589 2748 2909 3040 3171 3298 3432 3621 3764 3905 4068 4219 4375 4541 4702 4852 4955 5128 5289 5448 5607 5762 5939 6096 6232 6368 6488 6639 6779 6932 7073 7290 7410 7566 7712
ДАПО-13-2126,multi-outlier,1,0,"","Гадяцький повітовий суд, м. Гадяч Чернігівського намісництва, з 1791 р. Київсько",1 2 184 346 495 648 827 1005 1168 1326 1486 1647 1792 1961 2289 2448 2589 2748 2909 3040 3171 3298 3432 3621 3764 3905 4068 4219 4375 4541 4702 4852 4955 5128 5289 5448 5607 5762 5939 6096 6232 6368 6488 6639 6779 6932 7073 7290 7410 7566 7712
ДАПО-13-2289,multi-outlier,1,0,"","Гадяцький повітовий суд, м. Гадяч Чернігівського намісництва, з 1791 р. Київсько",1 2 184 346 495 648 827 1005 1168 1326 1486 1647 1792 1961 2126 2448 2589 2748 2909 3040 3171 3298 3432 3621 3764 3905 4068 4219 4375 4541 4702 4852 4955 5128 5289 5448 5607 5762 5939 6096 6232 6368 6488 6639 6779 6932 7073 7290 7410 7566 7712
ДАПО-13-2448,multi-outlier,1,0,"","Гадяцький повітовий суд, м. Гадяч Чернігівського намісництва, з 1791 р. Київсько",1 2 184 346 495 648 827 1005 1168 1326 1486 1647 1792 1961 2126 2289 2589 2748 2909 3040 3171 3298 3432 3621 3764 3905 4068 4219 4375 4541 4702 4852 4955 5128 5289 5448 5607 5762 5939 6096 6232 6368 6488 6639 6779 6932 7073 7290 7410 7566 7712
ДАПО-13-2589,multi-outlier,1,0,"","Гадяцький повітовий суд, м. Гадяч Чернігівського намісництва, з 1791 р. Київсько",1 2 184 346 495 648 827 1005 1168 1326 1486 1647 1792 1961 2126 2289 2448 2748 2909 3040 3171 3298 3432 3621 3764 3905 4068 4219 4375 4541 4702 4852 4955 5128 5289 5448 5607 5762 5939 6096 6232 6368 6488 6639 6779 6932 7073 7290 7410 7566 7712
ДАПО-13-2748,multi-outlier,1,0,"","Гадяцький повітовий суд, м. Гадяч Чернігівського намісництва, з 1791 р. Київсько",1 2 184 346 495 648 827 1005 1168 1326 1486 1647 1792 1961 2126 2289 2448 2589 2909 3040 3171 3298 3432 3621 3764 3905 4068 4219 4375 4541 4702 4852 4955 5128 5289 5448 5607 5762 5939 6096 6232 6368 6488 6639 6779 6932 7073 7290 7410 7566 7712
ДАПО-13-2909,multi-outlier,1,0,"","Гадяцький повітовий суд, м. Гадяч Чернігівського намісництва, з 1791 р. Київсько",1 2 184 346 495 648 827 1005 1168 1326 1486 1647 1792 1961 2126 2289 2448 2589 2748 3040 3171 3298 3432 3621 3764 3905 4068 4219 4375 4541 4702 4852 4955 5128 5289 5448 5607 5762 5939 6096 6232 6368 6488 6639 6779 6932 7073 7290 7410 7566 7712
ДАПО-13-3040,multi-outlier,1,0,"","Гадяцький повітовий суд, м. Гадяч Чернігівського намісництва, з 1791 р. Київсько",1 2 184 346 495 648 827 1005 1168 1326 1486 1647 1792 1961 2126 2289 2448 2589 2748 2909 3171 3298 3432 3621 3764 3905 4068 4219 4375 4541 4702 4852 4955 5128 5289 5448 5607 5762 5939 6096 6232 6368 6488 6639 6779 6932 7073 7290 7410 7566 7712
ДАПО-13-3171,multi-outlier,1,0,"","Гадяцький повітовий суд, м. Гадяч Чернігівського намісництва, з 1791 р. Київсько",1 2 184 346 495 648 827 1005 1168 1326 1486 1647 1792 1961 2126 2289 2448 2589 2748 2909 3040 3298 3432 3621 3764 3905 4068 4219 4375 4541 4702 4852 4955 5128 5289 5448 5607 5762 5939 6096 6232 6368 6488 6639 6779 6932 7073 7290 7410 7566 7712
ДАПО-13-3298,multi-outlier,1,0,"","Гадяцький повітовий суд, м. Гадяч Чернігівського намісництва, з 1791 р. Київсько",1 2 184 346 495 648 827 1005 1168 1326 1486 1647 1792 1961 2126 2289 2448 2589 2748 2909 3040 3171 3432 3621 3764 3905 4068 4219 4375 4541 4702 4852 4955 5128 5289 5448 5607 5762 5939 6096 6232 6368 6488 6639 6779 6932 7073 7290 7410 7566 7712
ДАПО-13-3432,multi-outlier,1,0,"","Гадяцький повітовий суд, м. Гадяч Чернігівського намісництва, з 1791 р. Київсько",1 2 184 346 495 648 827 1005 1168 1326 1486 1647 1792 1961 2126 2289 2448 2589 2748 2909 3040 3171 3298 3621 3764 3905 4068 4219 4375 4541 4702 4852 4955 5128 5289 5448 5607 5762 5939 6096 6232 6368 6488 6639 6779 6932 7073 7290 7410 7566 7712
ДАПО-13-3621,multi-outlier,1,0,"","Гадяцький повітовий суд, м. Гадяч Чернігівського намісництва, з 1791 р. Київсько",1 2 184 346 495 648 827 1005 1168 1326 1486 1647 1792 1961 2126 2289 2448 2589 2748 2909 3040 3171 3298 3432 3764 3905 4068 4219 4375 4541 4702 4852 4955 5128 5289 5448 5607 5762 5939 6096 6232 6368 6488 6639 6779 6932 7073 7290 7410 7566 7712
ДАПО-13-3764,multi-outlier,1,0,"","Гадяцький повітовий суд, м. Гадяч Чернігівського намісництва, з 1791 р. Київсько",1 2 184 346 495 648 827 1005 1168 1326 1486 1647 1792 1961 2126 2289 2448 2589 2748 2909 3040 3171 3298 3432 3621 3905 4068 4219 4375 4541 4702 4852 4955 5128 5289 5448 5607 5762 5939 6096 6232 6368 6488 6639 6779 6932 7073 7290 7410 7566 7712
ДАПО-13-3905,multi-outlier,1,0,"","Гадяцький повітовий суд, м. Гадяч Чернігівського намісництва, з 1791 р. Київсько",1 2 184 346 495 648 827 1005 1168 1326 1486 1647 1792 1961 2126 2289 2448 2589 2748 2909 3040 3171 3298 3432 3621 3764 4068 4219 4375 4541 4702 4852 4955 5128 5289 5448 5607 5762 5939 6096 6232 6368 6488 6639 6779 6932 7073 7290 7410 7566 7712
ДАПО-13-4068,multi-outlier,1,0,"","Гадяцький повітовий суд, м. Гадяч Чернігівського намісництва, з 1791 р. Київсько",1 2 184 346 495 648 827 1005 1168 1326 1486 1647 1792 1961 2126 2289 2448 2589 2748 2909 3040 3171 3298 3432 3621 3764 3905 4219 4375 4541 4702 4852 4955 5128 5289 5448 5607 5762 5939 6096 6232 6368 6488 6639 6779 6932 7073 7290 7410 7566 7712
ДАПО-13-4219,multi-outlier,1,0,"","Гадяцький повітовий суд, м. Гадяч Чернігівського намісництва, з 1791 р. Київсько",1 2 184 346 495 648 827 1005 1168 1326 1486 1647 1792 1961 2126 2289 2448 2589 2748 2909 3040 3171 3298 3432 3621 3764 3905 4068 4375 4541 4702 4852 4955 5128 5289 5448 5607 5762 5939 6096 6232 6368 6488 6639 6779 6932 7073 7290 7410 7566 7712
ДАПО-13-4375,multi-outlier,1,0,"","Гадяцький повітовий суд, м. Гадяч Чернігівського намісництва, з 1791 р. Київсько",1 2 184 346 495 648 827 1005 1168 1326 1486 1647 1792 1961 2126 2289 2448 2589 2748 2909 3040 3171 3298 3432 3621 3764 3905 4068 4219 4541 4702 4852 4955 5128 5289 5448 5607 5762 5939 6096 6232 6368 6488 6639 6779 6932 7073 7290 7410 7566 7712
ДАПО-13-4541,multi-outlier,1,0,"","Гадяцький повітовий суд, м. Гадяч Чернігівського намісництва, з 1791 р. Київсько",1 2 184 346 495 648 827 1005 1168 1326 1486 1647 1792 1961 2126 2289 2448 2589 2748 2909 3040 3171 3298 3432 3621 3764 3905 4068 4219 4375 4702 4852 4955 5128 5289 5448 5607 5762 5939 6096 6232 6368 6488 6639 6779 6932 7073 7290 7410 7566 7712
ДАПО-13-4702,multi-outlier,1,0,"","Гадяцький повітовий суд, м. Гадяч Чернігівського намісництва, з 1791 р. Київсько",1 2 184 346 495 648 827 1005 1168 1326 1486 1647 1792 1961 2126 2289 2448 2589 2748 2909 3040 3171 3298 3432 3621 3764 3905 4068 4219 4375 4541 4852 4955 5128 5289 5448 5607 5762 5939 6096 6232 6368 6488 6639 6779 6932 7073 7290 7410 7566 7712
ДАПО-13-4852,multi-outlier,1,0,"","Гадяцький повітовий суд, м. Гадяч Чернігівського намісництва, з 1791 р. Київсько",1 2 184 346 495 648 827 1005 1168 1326 1486 1647 1792 1961 2126 2289 2448 2589 2748 2909 3040 3171 3298 3432 3621 3764 3905 4068 4219 4375 4541 4702 4955 5128 5289 5448 5607 5762 5939 6096 6232 6368 6488 6639 6779 6932 7073 7290 7410 7566 7712
ДАПО-13-4955,multi-outlier,1,0,"","Гадяцький повітовий суд, м. Гадяч Чернігівського намісництва, з 1791 р. Київсько",1 2 184 346 495 648 827 1005 1168 1326 1486 1647 1792 1961 2126 2289 2448 2589 2748 2909 3040 3171 3298 3432 3621 3764 3905 4068 4219 4375 4541 4702 4852 5128 5289 5448 5607 5762 5939 6096 6232 6368 6488 6639 6779 6932 7073 7290 7410 7566 7712
ДАПО-13-5128,multi-outlier,1,0,"","Гадяцький повітовий суд, м. Гадяч Чернігівського намісництва, з 1791 р. Київсько",1 2 184 346 495 648 827 1005 1168 1326 1486 1647 1792 1961 2126 2289 2448 2589 2748 2909 3040 3171 3298 3432 3621 3764 3905 4068 4219 4375 4541 4702 4852 4955 5289 5448 5607 5762 5939 6096 6232 6368 6488 6639 6779 6932 7073 7290 7410 7566 7712
ДАПО-13-5289,multi-outlier,1,0,"","Гадяцький повітовий суд, м. Гадяч Чернігівського намісництва, з 1791 р. Київсько",1 2 184 346 495 648 827 1005 1168 1326 1486 1647 1792 1961 2126 2289 2448 2589 2748 2909 3040 3171 3298 3432 3621 3764 3905 4068 4219 4375 4541 4702 4852 4955 5128 5448 5607 5762 5939 6096 6232 6368 6488 6639 6779 6932 7073 7290 7410 7566 7712
ДАПО-13-5448,multi-outlier,1,0,"","Гадяцький повітовий суд, м. Гадяч Чернігівського намісництва, з 1791 р. Київсько",1 2 184 346 495 648 827 1005 1168 1326 1486 1647 1792 1961 2126 2289 2448 2589 2748 2909 3040 3171 3298 3432 3621 3764 3905 4068 4219 4375 4541 4702 4852 4955 5128 5289 5607 5762 5939 6096 6232 6368 6488 6639 6779 6932 7073 7290 7410 7566 7712
ДАПО-13-5607,multi-outlier,1,0,"","Гадяцький повітовий суд, м. Гадяч Чернігівського намісництва, з 1791 р. Київсько",1 2 184 346 495 648 827 1005 1168 1326 1486 1647 1792 1961 2126 2289 2448 2589 2748 2909 3040 3171 3298 3432 3621 3764 3905 4068 4219 4375 4541 4702 4852 4955 5128 5289 5448 5762 5939 6096 6232 6368 6488 6639 6779 6932 7073 7290 7410 7566 7712
ДАПО-13-5762,multi-outlier,1,0,"","Гадяцький повітовий суд, м. Гадяч Чернігівського намісництва, з 1791 р. Київсько",1 2 184 346 495 648 827 1005 1168 1326 1486 1647 1792 1961 2126 2289 2448 2589 2748 2909 3040 3171 3298 3432 3621 3764 3905 4068 4219 4375 4541 4702 4852 4955 5128 5289 5448 5607 5939 6096 6232 6368 6488 6639 6779 6932 7073 7290 7410 7566 7712
ДАПО-13-5939,multi-outlier,1,0,"","Гадяцький повітовий суд, м. Гадяч Чернігівського намісництва, з 1791 р. Київсько",1 2 184 346 495 648 827 1005 1168 1326 1486 1647 1792 1961 2126 2289 2448 2589 2748 2909 3040 3171 3298 3432 3621 3764 3905 4068 4219 4375 4541 4702 4852 4955 5128 5289 5448 5607 5762 6096 6232 6368 6488 6639 6779 6932 7073 7290 7410 7566 7712
ДАПО-13-6096,multi-outlier,1,0,"","Гадяцький повітовий суд, м. Гадяч Чернігівського намісництва, з 1791 р. Київсько",1 2 184 346 495 648 827 1005 1168 1326 1486 1647 1792 1961 2126 2289 2448 2589 2748 2909 3040 3171 3298 3432 3621 3764 3905 4068 4219 4375 4541 4702 4852 4955 5128 5289 5448 5607 5762 5939 6232 6368 6488 6639 6779 6932 7073 7290 7410 7566 7712
ДАПО-13-6232,multi-outlier,1,0,"","Гадяцький повітовий суд, м. Гадяч Чернігівського намісництва, з 1791 р. Київсько",1 2 184 346 495 648 827 1005 1168 1326 1486 1647 1792 1961 2126 2289 2448 2589 2748 2909 3040 3171 3298 3432 3621 3764 3905 4068 4219 4375 4541 4702 4852 4955 5128 5289 5448 5607 5762 5939 6096 6368 6488 6639 6779 6932 7073 7290 7410 7566 7712
ДАПО-13-6368,multi-outlier,1,0,"","Гадяцький повітовий суд, м. Гадяч Чернігівського намісництва, з 1791 р. Київсько",1 2 184 346 495 648 827 1005 1168 1326 1486 1647 1792 1961 2126 2289 2448 2589 2748 2909 3040 3171 3298 3432 3621 3764 3905 4068 4219 4375 4541 4702 4852 4955 5128 5289 5448 5607 5762 5939 6096 6232 6488 6639 6779 6932 7073 7290 7410 7566 7712
ДАПО-13-6488,multi-outlier,1,0,"","Гадяцький повітовий суд, м. Гадяч Чернігівського намісництва, з 1791 р. Київсько",1 2 184 346 495 648 827 1005 1168 1326 1486 1647 1792 1961 2126 2289 2448 2589 2748 2909 3040 3171 3298 3432 3621 3764 3905 4068 4219 4375 4541 4702 4852 4955 5128 5289 5448 5607 5762 5939 6096 6232 6368 6639 6779 6932 7073 7290 7410 7566 7712
ДАПО-13-6639,multi-outlier,1,0,"","Гадяцький повітовий суд, м. Гадяч Чернігівського намісництва, з 1791 р. Київсько",1 2 184 346 495 648 827 1005 1168 1326 1486 1647 1792 1961 2126 2289 2448 2589 2748 2909 3040 3171 3298 3432 3621 3764 3905 4068 4219 4375 4541 4702 4852 4955 5128 5289 5448 5607 5762 5939 6096 6232 6368 6488 6779 6932 7073 7290 7410 7566 7712
ДАПО-13-6779,multi-outlier,1,0,"","Гадяцький повітовий суд, м. Гадяч Чернігівського намісництва, з 1791 р. Київсько",1 2 184 346 495 648 827 1005 1168 1326 1486 1647 1792 1961 2126 2289 2448 2589 2748 2909 3040 3171 3298 3432 3621 3764 3905 4068 4219 4375 4541 4702 4852 4955 5128 5289 5448 5607 5762 5939 6096 6232 6368 6488 6639 6932 7073 7290 7410 7566 7712
ДАПО-13-6932,multi-outlier,1,0,"","Гадяцький повітовий суд, м. Гадяч Чернігівського намісництва, з 1791 р. Київсько",1 2 184 346 495 648 827 1005 1168 1326 1486 1647 1792 1961 2126 2289 2448 2589 2748 2909 3040 3171 3298 3432 3621 3764 3905 4068 4219 4375 4541 4702 4852 4955 5128 5289 5448 5607 5762 5939 6096 6232 6368 6488 6639 6779 7073 7290 7410 7566 7712
ДАПО-13-7073,multi-outlier,1,0,"","Гадяцький повітовий суд, м. Гадяч Чернігівського намісництва, з 1791 р. Київсько",1 2 184 346 495 648 827 1005 1168 1326 1486 1647 1792 1961 2126 2289 2448 2589 2748 2909 3040 3171 3298 3432 3621 3764 3905 4068 4219 4375 4541 4702 4852 4955 5128 5289 5448 5607 5762 5939 6096 6232 6368 6488 6639 6779 6932 7290 7410 7566 7712
ДАПО-13-7290,multi-outlier,1,0,"","Гадяцький повітовий суд, м. Гадяч Чернігівського намісництва, з 1791 р. Київсько",1 2 184 346 495 648 827 1005 1168 1326 1486 1647 1792 1961 2126 2289 2448 2589 2748 2909 3040 3171 3298 3432 3621 3764 3905 4068 4219 4375 4541 4702 4852 4955 5128 5289 5448 5607 5762 5939 6096 6232 6368 6488 6639 6779 6932 7073 7410 7566 7712
ДАПО-13-7410,multi-outlier,1,0,"","Гадяцький повітовий суд, м. Гадяч Чернігівського намісництва, з 1791 р. Київсько",1 2 184 346 495 648 827 1005 1168 1326 1486 1647 1792 1961 2126 2289 2448 2589 2748 2909 3040 3171 3298 3432 3621 3764 3905 4068 4219 4375 4541 4702 4852 4955 5128 5289 5448 5607 5762 5939 6096 6232 6368 6488 6639 6779 6932 7073 7290 7566 7712
ДАПО-13-7566,multi-outlier,1,0,"","Гадяцький повітовий суд, м. Гадяч Чернігівського намісництва, з 1791 р. Київсько",1 2 184 346 495 648 827 1005 1168 1326 1486 1647 1792 1961 2126 2289 2448 2589 2748 2909 3040 3171 3298 3432 3621 3764 3905 4068 4219 4375 4541 4702 4852 4955 5128 5289 5448 5607 5762 5939 6096 6232 6368 6488 6639 6779 6932 7073 7290 7410 7712
ДАПО-13-7712,multi-outlier,1,0,"","Гадяцький повітовий суд, м. Гадяч Чернігівського намісництва, з 1791 р. Київсько",1 2 184 346 495 648 827 1005 1168 1326 1486 1647 1792 1961 2126 2289 2448 2589 2748 2909 3040 3171 3298 3432 3621 3764 3905 4068 4219 4375 4541 4702 4852 4955 5128 5289 5448 5607 5762 5939 6096 6232 6368 6488 6639 6779 6932 7073 7290 7410 7566
ДАПО-14-225,multi-outlier,1,0,"","Зіньківський повітовий земський суд, м. Зіньків Малоросійської губернії",1 374 501 622 716 852 1005 1196 1375 1557 1759 1960 2182 2350 2561 2864 3115 3382 3701 3951 4283 4624 4904 5625 5965
ДАПО-14-374,multi-outlier,1,0,"","Зіньківський повітовий земський суд, м. Зіньків Малоросійської губернії",1 225 501 622 716 852 1005 1196 1375 1557 1759 1960 2182 2350 2561 2864 3115 3382 3701 3951 4283 4624 4904 5625 5965
ДАПО-14-501,multi-outlier,1,0,"","Зіньківський повітовий земський суд, м. Зіньків Малоросійської губернії",1 225 374 622 716 852 1005 1196 1375 1557 1759 1960 2182 2350 2561 2864 3115 3382 3701 3951 4283 4624 4904 5625 5965
ДАПО-14-622,multi-outlier,1,0,"","Зіньківський повітовий земський суд, м. Зіньків Малоросійської губернії",1 225 374 501 716 852 1005 1196 1375 1557 1759 1960 2182 2350 2561 2864 3115 3382 3701 3951 4283 4624 4904 5625 5965
ДАПО-14-716,multi-outlier,1,0,"","Зіньківський повітовий земський суд, м. Зіньків Малоросійської губернії",1 225 374 501 622 852 1005 1196 1375 1557 1759 1960 2182 2350 2561 2864 3115 3382 3701 3951 4283 4624 4904 5625 5965
ДАПО-14-852,multi-outlier,1,0,"","Зіньківський повітовий земський суд, м. Зіньків Малоросійської губернії",1 225 374 501 622 716 1005 1196 1375 1557 1759 1960 2182 2350 2561 2864 3115 3382 3701 3951 4283 4624 4904 5625 5965
ДАПО-14-1005,multi-outlier,1,0,"","Зіньківський повітовий земський суд, м. Зіньків Малоросійської губернії",1 225 374 501 622 716 852 1196 1375 1557 1759 1960 2182 2350 2561 2864 3115 3382 3701 3951 4283 4624 4904 5625 5965
ДАПО-14-1196,multi-outlier,1,0,"","Зіньківський повітовий земський суд, м. Зіньків Малоросійської губернії",1 225 374 501 622 716 852 1005 1375 1557 1759 1960 2182 2350 2561 2864 3115 3382 3701 3951 4283 4624 4904 5625 5965
ДАПО-14-1375,multi-outlier,1,0,"","Зіньківський повітовий земський суд, м. Зіньків Малоросійської губернії",1 225 374 501 622 716 852 1005 1196 1557 1759 1960 2182 2350 2561 2864 3115 3382 3701 3951 4283 4624 4904 5625 5965
ДАПО-14-1557,multi-outlier,1,0,"","Зіньківський повітовий земський суд, м. Зіньків Малоросійської губернії",1 225 374 501 622 716 852 1005 1196 1375 1759 1960 2182 2350 2561 2864 3115 3382 3701 3951 4283 4624 4904 5625 5965
ДАПО-14-1759,multi-outlier,1,0,"","Зіньківський повітовий земський суд, м. Зіньків Малоросійської губернії",1 225 374 501 622 716 852 1005 1196 1375 1557 1960 2182 2350 2561 2864 3115 3382 3701 3951 4283 4624 4904 5625 5965
ДАПО-14-2182,multi-outlier,1,0,"","Зіньківський повітовий земський суд, м. Зіньків Малоросійської губернії",1 225 374 501 622 716 852 1005 1196 1375 1557 1759 1960 2350 2561 2864 3115 3382 3701 3951 4283 4624 4904 5625 5965
ДАПО-14-2350,multi-outlier,1,0,"","Зіньківський повітовий земський суд, м. Зіньків Малоросійської губернії",1 225 374 501 622 716 852 1005 1196 1375 1557 1759 1960 2182 2561 2864 3115 3382 3701 3951 4283 4624 4904 5625 5965
ДАПО-14-2561,multi-outlier,1,0,"","Зіньківський повітовий земський суд, м. Зіньків Малоросійської губернії",1 225 374 501 622 716 852 1005 1196 1375 1557 1759 1960 2182 2350 2864 3115 3382 3701 3951 4283 4624 4904 5625 5965
ДАПО-14-2864,multi-outlier,1,0,"","Зіньківський повітовий земський суд, м. Зіньків Малоросійської губернії",1 225 374 501 622 716 852 1005 1196 1375 1557 1759 1960 2182 2350 2561 3115 3382 3701 3951 4283 4624 4904 5625 5965
ДАПО-14-3115,multi-outlier,1,0,"","Зіньківський повітовий земський суд, м. Зіньків Малоросійської губернії",1 225 374 501 622 716 852 1005 1196 1375 1557 1759 1960 2182 2350 2561 2864 3382 3701 3951 4283 4624 4904 5625 5965
ДАПО-14-3382,multi-outlier,1,0,"","Зіньківський повітовий земський суд, м. Зіньків Малоросійської губернії",1 225 374 501 622 716 852 1005 1196 1375 1557 1759 1960 2182 2350 2561 2864 3115 3701 3951 4283 4624 4904 5625 5965
ДАПО-14-3701,multi-outlier,1,0,"","Зіньківський повітовий земський суд, м. Зіньків Малоросійської губернії",1 225 374 501 622 716 852 1005 1196 1375 1557 1759 1960 2182 2350 2561 2864 3115 3382 3951 4283 4624 4904 5625 5965
ДАПО-14-3951,multi-outlier,1,0,"","Зіньківський повітовий земський суд, м. Зіньків Малоросійської губернії",1 225 374 501 622 716 852 1005 1196 1375 1557 1759 1960 2182 2350 2561 2864 3115 3382 3701 4283 4624 4904 5625 5965
ДАПО-14-4283,multi-outlier,1,0,"","Зіньківський повітовий земський суд, м. Зіньків Малоросійської губернії",1 225 374 501 622 716 852 1005 1196 1375 1557 1759 1960 2182 2350 2561 2864 3115 3382 3701 3951 4624 4904 5625 5965
ДАПО-14-4624,multi-outlier,1,0,"","Зіньківський повітовий земський суд, м. Зіньків Малоросійської губернії",1 225 374 501 622 716 852 1005 1196 1375 1557 1759 1960 2182 2350 2561 2864 3115 3382 3701 3951 4283 4904 5625 5965
ДАПО-14-4904,multi-outlier,1,0,"","Зіньківський повітовий земський суд, м. Зіньків Малоросійської губернії",1 225 374 501 622 716 852 1005 1196 1375 1557 1759 1960 2182 2350 2561 2864 3115 3382 3701 3951 4283 4624 5625 5965
ДАПО-14-5625,multi-outlier,1,0,"","Зіньківський повітовий земський суд, м. Зіньків Малоросійської губернії",1 225 374 501 622 716 852 1005 1196 1375 1557 1759 1960 2182 2350 2561 2864 3115 3382 3701 3951 4283 4624 4904 5965
ДАПО-14-5965,multi-outlier,1,0,"","Зіньківський повітовий земський суд, м. Зіньків Малоросійської губернії",1 225 374 501 622 716 852 1005 1196 1375 1557 1759 1960 2182 2350 2561 2864 3115 3382 3701 3951 4283 4624 4904 5625
ДАПО-15-377,multi-outlier,1,0,"","",1 2 3 709 1296 1575
ДАПО-15-709,multi-outlier,1,0,"","",1 2 3 377 1296 1575
ДАПО-15-1296,multi-outlier,1,0,"","",1 2 3 377 709 1575
ДАПО-15-1575,multi-outlier,1,0,"","",1 2 3 377 709 1296
ДАПО-2-4193,multi-outlier,1,0,"","",1 16 23 57 131
ДАПО-6-140,multi-outlier,1,0,"","",1 5 286 426 572 726 861 992 1143 1269 1395 1517 1643 1809 1935 2059 2159 2297 2439 2570 2693 2813 2933 3053 3173 3295 3422 3564 3691 3821 3964 4096 4242 4372 4507 4640 4767 4889 5003 5123 5245 5378 5513 5645 5774
ДАПО-6-286,multi-outlier,1,0,"","",1 5 140 426 572 726 861 992 1143 1269 1395 1517 1643 1809 1935 2059 2159 2297 2439 2570 2693 2813 2933 3053 3173 3295 3422 3564 3691 3821 3964 4096 4242 4372 4507 4640 4767 4889 5003 5123 5245 5378 5513 5645 5774
ДАПО-6-426,multi-outlier,1,0,"","",1 5 140 286 572 726 861 992 1143 1269 1395 1517 1643 1809 1935 2059 2159 2297 2439 2570 2693 2813 2933 3053 3173 3295 3422 3564 3691 3821 3964 4096 4242 4372 4507 4640 4767 4889 5003 5123 5245 5378 5513 5645 5774
ДАПО-6-572,multi-outlier,1,0,"","",1 5 140 286 426 726 861 992 1143 1269 1395 1517 1643 1809 1935 2059 2159 2297 2439 2570 2693 2813 2933 3053 3173 3295 3422 3564 3691 3821 3964 4096 4242 4372 4507 4640 4767 4889 5003 5123 5245 5378 5513 5645 5774
ДАПО-6-726,multi-outlier,1,0,"","",1 5 140 286 426 572 861 992 1143 1269 1395 1517 1643 1809 1935 2059 2159 2297 2439 2570 2693 2813 2933 3053 3173 3295 3422 3564 3691 3821 3964 4096 4242 4372 4507 4640 4767 4889 5003 5123 5245 5378 5513 5645 5774
ДАПО-6-861,multi-outlier,1,0,"","",1 5 140 286 426 572 726 992 1143 1269 1395 1517 1643 1809 1935 2059 2159 2297 2439 2570 2693 2813 2933 3053 3173 3295 3422 3564 3691 3821 3964 4096 4242 4372 4507 4640 4767 4889 5003 5123 5245 5378 5513 5645 5774
ДАПО-6-992,multi-outlier,1,0,"","",1 5 140 286 426 572 726 861 1143 1269 1395 1517 1643 1809 1935 2059 2159 2297 2439 2570 2693 2813 2933 3053 3173 3295 3422 3564 3691 3821 3964 4096 4242 4372 4507 4640 4767 4889 5003 5123 5245 5378 5513 5645 5774
ДАПО-6-1143,multi-outlier,1,0,"","",1 5 140 286 426 572 726 861 992 1269 1395 1517 1643 1809 1935 2059 2159 2297 2439 2570 2693 2813 2933 3053 3173 3295 3422 3564 3691 3821 3964 4096 4242 4372 4507 4640 4767 4889 5003 5123 5245 5378 5513 5645 5774
ДАПО-6-1269,multi-outlier,1,0,"","",1 5 140 286 426 572 726 861 992 1143 1395 1517 1643 1809 1935 2059 2159 2297 2439 2570 2693 2813 2933 3053 3173 3295 3422 3564 3691 3821 3964 4096 4242 4372 4507 4640 4767 4889 5003 5123 5245 5378 5513 5645 5774
ДАПО-6-1395,multi-outlier,1,0,"","",1 5 140 286 426 572 726 861 992 1143 1269 1517 1643 1809 1935 2059 2159 2297 2439 2570 2693 2813 2933 3053 3173 3295 3422 3564 3691 3821 3964 4096 4242 4372 4507 4640 4767 4889 5003 5123 5245 5378 5513 5645 5774
ДАПО-6-1517,multi-outlier,1,0,"","",1 5 140 286 426 572 726 861 992 1143 1269 1395 1643 1809 1935 2059 2159 2297 2439 2570 2693 2813 2933 3053 3173 3295 3422 3564 3691 3821 3964 4096 4242 4372 4507 4640 4767 4889 5003 5123 5245 5378 5513 5645 5774
ДАПО-6-1643,multi-outlier,1,0,"","",1 5 140 286 426 572 726 861 992 1143 1269 1395 1517 1809 1935 2059 2159 2297 2439 2570 2693 2813 2933 3053 3173 3295 3422 3564 3691 3821 3964 4096 4242 4372 4507 4640 4767 4889 5003 5123 5245 5378 5513 5645 5774
ДАПО-6-2059,multi-outlier,1,0,"","",1 5 140 286 426 572 726 861 992 1143 1269 1395 1517 1643 1809 1935 2159 2297 2439 2570 2693 2813 2933 3053 3173 3295 3422 3564 3691 3821 3964 4096 4242 4372 4507 4640 4767 4889 5003 5123 5245 5378 5513 5645 5774
ДАПО-6-2159,multi-outlier,1,0,"","",1 5 140 286 426 572 726 861 992 1143 1269 1395 1517 1643 1809 1935 2059 2297 2439 2570 2693 2813 2933 3053 3173 3295 3422 3564 3691 3821 3964 4096 4242 4372 4507 4640 4767 4889 5003 5123 5245 5378 5513 5645 5774
ДАПО-6-2297,multi-outlier,1,0,"","",1 5 140 286 426 572 726 861 992 1143 1269 1395 1517 1643 1809 1935 2059 2159 2439 2570 2693 2813 2933 3053 3173 3295 3422 3564 3691 3821 3964 4096 4242 4372 4507 4640 4767 4889 5003 5123 5245 5378 5513 5645 5774
ДАПО-6-2439,multi-outlier,1,0,"","",1 5 140 286 426 572 726 861 992 1143 1269 1395 1517 1643 1809 1935 2059 2159 2297 2570 2693 2813 2933 3053 3173 3295 3422 3564 3691 3821 3964 4096 4242 4372 4507 4640 4767 4889 5003 5123 5245 5378 5513 5645 5774
ДАПО-6-2570,multi-outlier,1,0,"","",1 5 140 286 426 572 726 861 992 1143 1269 1395 1517 1643 1809 1935 2059 2159 2297 2439 2693 2813 2933 3053 3173 3295 3422 3564 3691 3821 3964 4096 4242 4372 4507 4640 4767 4889 5003 5123 5245 5378 5513 5645 5774
ДАПО-6-2693,multi-outlier,1,0,"","",1 5 140 286 426 572 726 861 992 1143 1269 1395 1517 1643 1809 1935 2059 2159 2297 2439 2570 2813 2933 3053 3173 3295 3422 3564 3691 3821 3964 4096 4242 4372 4507 4640 4767 4889 5003 5123 5245 5378 5513 5645 5774
ДАПО-6-2813,multi-outlier,1,0,"","",1 5 140 286 426 572 726 861 992 1143 1269 1395 1517 1643 1809 1935 2059 2159 2297 2439 2570 2693 2933 3053 3173 3295 3422 3564 3691 3821 3964 4096 4242 4372 4507 4640 4767 4889 5003 5123 5245 5378 5513 5645 5774
ДАПО-6-2933,multi-outlier,1,0,"","",1 5 140 286 426 572 726 861 992 1143 1269 1395 1517 1643 1809 1935 2059 2159 2297 2439 2570 2693 2813 3053 3173 3295 3422 3564 3691 3821 3964 4096 4242 4372 4507 4640 4767 4889 5003 5123 5245 5378 5513 5645 5774
ДАПО-6-3053,multi-outlier,1,0,"","",1 5 140 286 426 572 726 861 992 1143 1269 1395 1517 1643 1809 1935 2059 2159 2297 2439 2570 2693 2813 2933 3173 3295 3422 3564 3691 3821 3964 4096 4242 4372 4507 4640 4767 4889 5003 5123 5245 5378 5513 5645 5774
ДАПО-6-3173,multi-outlier,1,0,"","",1 5 140 286 426 572 726 861 992 1143 1269 1395 1517 1643 1809 1935 2059 2159 2297 2439 2570 2693 2813 2933 3053 3295 3422 3564 3691 3821 3964 4096 4242 4372 4507 4640 4767 4889 5003 5123 5245 5378 5513 5645 5774
ДАПО-6-3295,multi-outlier,1,0,"","",1 5 140 286 426 572 726 861 992 1143 1269 1395 1517 1643 1809 1935 2059 2159 2297 2439 2570 2693 2813 2933 3053 3173 3422 3564 3691 3821 3964 4096 4242 4372 4507 4640 4767 4889 5003 5123 5245 5378 5513 5645 5774
ДАПО-6-3422,multi-outlier,1,0,"","",1 5 140 286 426 572 726 861 992 1143 1269 1395 1517 1643 1809 1935 2059 2159 2297 2439 2570 2693 2813 2933 3053 3173 3295 3564 3691 3821 3964 4096 4242 4372 4507 4640 4767 4889 5003 5123 5245 5378 5513 5645 5774
ДАПО-6-3564,multi-outlier,1,0,"","",1 5 140 286 426 572 726 861 992 1143 1269 1395 1517 1643 1809 1935 2059 2159 2297 2439 2570 2693 2813 2933 3053 3173 3295 3422 3691 3821 3964 4096 4242 4372 4507 4640 4767 4889 5003 5123 5245 5378 5513 5645 5774
ДАПО-6-3691,multi-outlier,1,0,"","",1 5 140 286 426 572 726 861 992 1143 1269 1395 1517 1643 1809 1935 2059 2159 2297 2439 2570 2693 2813 2933 3053 3173 3295 3422 3564 3821 3964 4096 4242 4372 4507 4640 4767 4889 5003 5123 5245 5378 5513 5645 5774
ДАПО-6-3821,multi-outlier,1,0,"","",1 5 140 286 426 572 726 861 992 1143 1269 1395 1517 1643 1809 1935 2059 2159 2297 2439 2570 2693 2813 2933 3053 3173 3295 3422 3564 3691 3964 4096 4242 4372 4507 4640 4767 4889 5003 5123 5245 5378 5513 5645 5774
ДАПО-6-3964,multi-outlier,1,0,"","",1 5 140 286 426 572 726 861 992 1143 1269 1395 1517 1643 1809 1935 2059 2159 2297 2439 2570 2693 2813 2933 3053 3173 3295 3422 3564 3691 3821 4096 4242 4372 4507 4640 4767 4889 5003 5123 5245 5378 5513 5645 5774
ДАПО-6-4096,multi-outlier,1,0,"","",1 5 140 286 426 572 726 861 992 1143 1269 1395 1517 1643 1809 1935 2059 2159 2297 2439 2570 2693 2813 2933 3053 3173 3295 3422 3564 3691 3821 3964 4242 4372 4507 4640 4767 4889 5003 5123 5245 5378 5513 5645 5774
ДАПО-6-4242,multi-outlier,1,0,"","",1 5 140 286 426 572 726 861 992 1143 1269 1395 1517 1643 1809 1935 2059 2159 2297 2439 2570 2693 2813 2933 3053 3173 3295 3422 3564 3691 3821 3964 4096 4372 4507 4640 4767 4889 5003 5123 5245 5378 5513 5645 5774
ДАПО-6-4372,multi-outlier,1,0,"","",1 5 140 286 426 572 726 861 992 1143 1269 1395 1517 1643 1809 1935 2059 2159 2297 2439 2570 2693 2813 2933 3053 3173 3295 3422 3564 3691 3821 3964 4096 4242 4507 4640 4767 4889 5003 5123 5245 5378 5513 5645 5774
ДАПО-6-4507,multi-outlier,1,0,"","",1 5 140 286 426 572 726 861 992 1143 1269 1395 1517 1643 1809 1935 2059 2159 2297 2439 2570 2693 2813 2933 3053 3173 3295 3422 3564 3691 3821 3964 4096 4242 4372 4640 4767 4889 5003 5123 5245 5378 5513 5645 5774
ДАПО-6-4640,multi-outlier,1,0,"","",1 5 140 286 426 572 726 861 992 1143 1269 1395 1517 1643 1809 1935 2059 2159 2297 2439 2570 2693 2813 2933 3053 3173 3295 3422 3564 3691 3821 3964 4096 4242 4372 4507 4767 4889 5003 5123 5245 5378 5513 5645 5774
ДАПО-6-4767,multi-outlier,1,0,"","",1 5 140 286 426 572 726 861 992 1143 1269 1395 1517 1643 1809 1935 2059 2159 2297 2439 2570 2693 2813 2933 3053 3173 3295 3422 3564 3691 3821 3964 4096 4242 4372 4507 4640 4889 5003 5123 5245 5378 5513 5645 5774
ДАПО-6-4889,multi-outlier,1,0,"","",1 5 140 286 426 572 726 861 992 1143 1269 1395 1517 1643 1809 1935 2059 2159 2297 2439 2570 2693 2813 2933 3053 3173 3295 3422 3564 3691 3821 3964 4096 4242 4372 4507 4640 4767 5003 5123 5245 5378 5513 5645 5774
ДАПО-6-5003,multi-outlier,1,0,"","",1 5 140 286 426 572 726 861 992 1143 1269 1395 1517 1643 1809 1935 2059 2159 2297 2439 2570 2693 2813 2933 3053 3173 3295 3422 3564 3691 3821 3964 4096 4242 4372 4507 4640 4767 4889 5123 5245 5378 5513 5645 5774
ДАПО-6-5123,multi-outlier,1,0,"","",1 5 140 286 426 572 726 861 992 1143 1269 1395 1517 1643 1809 1935 2059 2159 2297 2439 2570 2693 2813 2933 3053 3173 3295 3422 3564 3691 3821 3964 4096 4242 4372 4507 4640 4767 4889 5003 5245 5378 5513 5645 5774
ДАПО-6-5245,multi-outlier,1,0,"","",1 5 140 286 426 572 726 861 992 1143 1269 1395 1517 1643 1809 1935 2059 2159 2297 2439 2570 2693 2813 2933 3053 3173 3295 3422 3564 3691 3821 3964 4096 4242 4372 4507 4640 4767 4889 5003 5123 5378 5513 5645 5774
ДАПО-6-5378,multi-outlier,1,0,"","",1 5 140 286 426 572 726 861 992 1143 1269 1395 1517 1643 1809 1935 2059 2159 2297 2439 2570 2693 2813 2933 3053 3173 3295 3422 3564 3691 3821 3964 4096 4242 4372 4507 4640 4767 4889 5003 5123 5245 5513 5645 5774
ДАПО-6-5513,multi-outlier,1,0,"","",1 5 140 286 426 572 726 861 992 1143 1269 1395 1517 1643 1809 1935 2059 2159 2297 2439 2570 2693 2813 2933 3053 3173 3295 3422 3564 3691 3821 3964 4096 4242 4372 4507 4640 4767 4889 5003 5123 5245 5378 5645 5774
ДАПО-6-5645,multi-outlier,1,0,"","",1 5 140 286 426 572 726 861 992 1143 1269 1395 1517 1643 1809 1935 2059 2159 2297 2439 2570 2693 2813 2933 3053 3173 3295 3422 3564 3691 3821 3964 4096 4242 4372 4507 4640 4767 4889 5003 5123 5245 5378 5513 5774
ДАПО-6-5774,multi-outlier,1,0,"","",1 5 140 286 426 572 726 861 992 1143 1269 1395 1517 1643 1809 1935 2059 2159 2297 2439 2570 2693 2813 2933 3053 3173 3295 3422 3564 3691 3821 3964 4096 4242 4372 4507 4640 4767 4889 5003 5123 5245 5378 5513 5645
ДАПО-7-130,multi-outlier,1,0,"","",1 256 381 514 647 786 909 1057 1187 1325 1456 1596 1733 1856 1980 2138 2302 2445 2578 2709 2826 2955 3105 3248 3379 3518 3647 3778 3913 4075 4232 4373 4515 4697 4822 4933 5062 5193 5312 5433 5555 5685 5804 6061 6190 6280 6363 6566 6665 6766 6871 6970 7085 7181 7258 7360 7487 7569 7667 7750 7846 7933 8029 8099 8185 8280 8377 8471 8568 8659 8751 8845 8948 9060 9164 9260 9359 9461
ДАПО-7-256,multi-outlier,1,0,"","",1 130 381 514 647 786 909 1057 1187 1325 1456 1596 1733 1856 1980 2138 2302 2445 2578 2709 2826 2955 3105 3248 3379 3518 3647 3778 3913 4075 4232 4373 4515 4697 4822 4933 5062 5193 5312 5433 5555 5685 5804 6061 6190 6280 6363 6566 6665 6766 6871 6970 7085 7181 7258 7360 7487 7569 7667 7750 7846 7933 8029 8099 8185 8280 8377 8471 8568 8659 8751 8845 8948 9060 9164 9260 9359 9461
ДАПО-7-381,multi-outlier,1,0,"","",1 130 256 514 647 786 909 1057 1187 1325 1456 1596 1733 1856 1980 2138 2302 2445 2578 2709 2826 2955 3105 3248 3379 3518 3647 3778 3913 4075 4232 4373 4515 4697 4822 4933 5062 5193 5312 5433 5555 5685 5804 6061 6190 6280 6363 6566 6665 6766 6871 6970 7085 7181 7258 7360 7487 7569 7667 7750 7846 7933 8029 8099 8185 8280 8377 8471 8568 8659 8751 8845 8948 9060 9164 9260 9359 9461
ДАПО-7-514,multi-outlier,1,0,"","",1 130 256 381 647 786 909 1057 1187 1325 1456 1596 1733 1856 1980 2138 2302 2445 2578 2709 2826 2955 3105 3248 3379 3518 3647 3778 3913 4075 4232 4373 4515 4697 4822 4933 5062 5193 5312 5433 5555 5685 5804 6061 6190 6280 6363 6566 6665 6766 6871 6970 7085 7181 7258 7360 7487 7569 7667 7750 7846 7933 8029 8099 8185 8280 8377 8471 8568 8659 8751 8845 8948 9060 9164 9260 9359 9461
ДАПО-7-647,multi-outlier,1,0,"","",1 130 256 381 514 786 909 1057 1187 1325 1456 1596 1733 1856 1980 2138 2302 2445 2578 2709 2826 2955 3105 3248 3379 3518 3647 3778 3913 4075 4232 4373 4515 4697 4822 4933 5062 5193 5312 5433 5555 5685 5804 6061 6190 6280 6363 6566 6665 6766 6871 6970 7085 7181 7258 7360 7487 7569 7667 7750 7846 7933 8029 8099 8185 8280 8377 8471 8568 8659 8751 8845 8948 9060 9164 9260 9359 9461
ДАПО-7-786,multi-outlier,1,0,"","",1 130 256 381 514 647 909 1057 1187 1325 1456 1596 1733 1856 1980 2138 2302 2445 2578 2709 2826 2955 3105 3248 3379 3518 3647 3778 3913 4075 4232 4373 4515 4697 4822 4933 5062 5193 5312 5433 5555 5685 5804 6061 6190 6280 6363 6566 6665 6766 6871 6970 7085 7181 7258 7360 7487 7569 7667 7750 7846 7933 8029 8099 8185 8280 8377 8471 8568 8659 8751 8845 8948 9060 9164 9260 9359 9461
ДАПО-7-909,multi-outlier,1,0,"","",1 130 256 381 514 647 786 1057 1187 1325 1456 1596 1733 1856 1980 2138 2302 2445 2578 2709 2826 2955 3105 3248 3379 3518 3647 3778 3913 4075 4232 4373 4515 4697 4822 4933 5062 5193 5312 5433 5555 5685 5804 6061 6190 6280 6363 6566 6665 6766 6871 6970 7085 7181 7258 7360 7487 7569 7667 7750 7846 7933 8029 8099 8185 8280 8377 8471 8568 8659 8751 8845 8948 9060 9164 9260 9359 9461
ДАПО-7-1057,multi-outlier,1,0,"","",1 130 256 381 514 647 786 909 1187 1325 1456 1596 1733 1856 1980 2138 2302 2445 2578 2709 2826 2955 3105 3248 3379 3518 3647 3778 3913 4075 4232 4373 4515 4697 4822 4933 5062 5193 5312 5433 5555 5685 5804 6061 6190 6280 6363 6566 6665 6766 6871 6970 7085 7181 7258 7360 7487 7569 7667 7750 7846 7933 8029 8099 8185 8280 8377 8471 8568 8659 8751 8845 8948 9060 9164 9260 9359 9461
ДАПО-7-1187,multi-outlier,1,0,"","",1 130 256 381 514 647 786 909 1057 1325 1456 1596 1733 1856 1980 2138 2302 2445 2578 2709 2826 2955 3105 3248 3379 3518 3647 3778 3913 4075 4232 4373 4515 4697 4822 4933 5062 5193 5312 5433 5555 5685 5804 6061 6190 6280 6363 6566 6665 6766 6871 6970 7085 7181 7258 7360 7487 7569 7667 7750 7846 7933 8029 8099 8185 8280 8377 8471 8568 8659 8751 8845 8948 9060 9164 9260 9359 9461
ДАПО-7-1325,multi-outlier,1,0,"","",1 130 256 381 514 647 786 909 1057 1187 1456 1596 1733 1856 1980 2138 2302 2445 2578 2709 2826 2955 3105 3248 3379 3518 3647 3778 3913 4075 4232 4373 4515 4697 4822 4933 5062 5193 5312 5433 5555 5685 5804 6061 6190 6280 6363 6566 6665 6766 6871 6970 7085 7181 7258 7360 7487 7569 7667 7750 7846 7933 8029 8099 8185 8280 8377 8471 8568 8659 8751 8845 8948 9060 9164 9260 9359 9461
ДАПО-7-1456,multi-outlier,1,0,"","",1 130 256 381 514 647 786 909 1057 1187 1325 1596 1733 1856 1980 2138 2302 2445 2578 2709 2826 2955 3105 3248 3379 3518 3647 3778 3913 4075 4232 4373 4515 4697 4822 4933 5062 5193 5312 5433 5555 5685 5804 6061 6190 6280 6363 6566 6665 6766 6871 6970 7085 7181 7258 7360 7487 7569 7667 7750 7846 7933 8029 8099 8185 8280 8377 8471 8568 8659 8751 8845 8948 9060 9164 9260 9359 9461
ДАПО-7-1596,multi-outlier,1,0,"","",1 130 256 381 514 647 786 909 1057 1187 1325 1456 1733 1856 1980 2138 2302 2445 2578 2709 2826 2955 3105 3248 3379 3518 3647 3778 3913 4075 4232 4373 4515 4697 4822 4933 5062 5193 5312 5433 5555 5685 5804 6061 6190 6280 6363 6566 6665 6766 6871 6970 7085 7181 7258 7360 7487 7569 7667 7750 7846 7933 8029 8099 8185 8280 8377 8471 8568 8659 8751 8845 8948 9060 9164 9260 9359 9461
ДАПО-7-1733,multi-outlier,1,0,"","",1 130 256 381 514 647 786 909 1057 1187 1325 1456 1596 1856 1980 2138 2302 2445 2578 2709 2826 2955 3105 3248 3379 3518 3647 3778 3913 4075 4232 4373 4515 4697 4822 4933 5062 5193 5312 5433 5555 5685 5804 6061 6190 6280 6363 6566 6665 6766 6871 6970 7085 7181 7258 7360 7487 7569 7667 7750 7846 7933 8029 8099 8185 8280 8377 8471 8568 8659 8751 8845 8948 9060 9164 9260 9359 9461
ДАПО-7-2138,multi-outlier,1,0,"","",1 130 256 381 514 647 786 909 1057 1187 1325 1456 1596 1733 1856 1980 2302 2445 2578 2709 2826 2955 3105 3248 3379 3518 3647 3778 3913 4075 4232 4373 4515 4697 4822 4933 5062 5193 5312 5433 5555 5685 5804 6061 6190 6280 6363 6566 6665 6766 6871 6970 7085 7181 7258 7360 7487 7569 7667 7750 7846 7933 8029 8099 8185 8280 8377 8471 8568 8659 8751 8845 8948 9060 9164 9260 9359 9461
ДАПО-7-2302,multi-outlier,1,0,"","",1 130 256 381 514 647 786 909 1057 1187 1325 1456 1596 1733 1856 1980 2138 2445 2578 2709 2826 2955 3105 3248 3379 3518 3647 3778 3913 4075 4232 4373 4515 4697 4822 4933 5062 5193 5312 5433 5555 5685 5804 6061 6190 6280 6363 6566 6665 6766 6871 6970 7085 7181 7258 7360 7487 7569 7667 7750 7846 7933 8029 8099 8185 8280 8377 8471 8568 8659 8751 8845 8948 9060 9164 9260 9359 9461
ДАПО-7-2445,multi-outlier,1,0,"","",1 130 256 381 514 647 786 909 1057 1187 1325 1456 1596 1733 1856 1980 2138 2302 2578 2709 2826 2955 3105 3248 3379 3518 3647 3778 3913 4075 4232 4373 4515 4697 4822 4933 5062 5193 5312 5433 5555 5685 5804 6061 6190 6280 6363 6566 6665 6766 6871 6970 7085 7181 7258 7360 7487 7569 7667 7750 7846 7933 8029 8099 8185 8280 8377 8471 8568 8659 8751 8845 8948 9060 9164 9260 9359 9461
ДАПО-7-2578,multi-outlier,1,0,"","",1 130 256 381 514 647 786 909 1057 1187 1325 1456 1596 1733 1856 1980 2138 2302 2445 2709 2826 2955 3105 3248 3379 3518 3647 3778 3913 4075 4232 4373 4515 4697 4822 4933 5062 5193 5312 5433 5555 5685 5804 6061 6190 6280 6363 6566 6665 6766 6871 6970 7085 7181 7258 7360 7487 7569 7667 7750 7846 7933 8029 8099 8185 8280 8377 8471 8568 8659 8751 8845 8948 9060 9164 9260 9359 9461
ДАПО-7-2709,multi-outlier,1,0,"","",1 130 256 381 514 647 786 909 1057 1187 1325 1456 1596 1733 1856 1980 2138 2302 2445 2578 2826 2955 3105 3248 3379 3518 3647 3778 3913 4075 4232 4373 4515 4697 4822 4933 5062 5193 5312 5433 5555 5685 5804 6061 6190 6280 6363 6566 6665 6766 6871 6970 7085 7181 7258 7360 7487 7569 7667 7750 7846 7933 8029 8099 8185 8280 8377 8471 8568 8659 8751 8845 8948 9060 9164 9260 9359 9461
ДАПО-7-2826,multi-outlier,1,0,"","",1 130 256 381 514 647 786 909 1057 1187 1325 1456 1596 1733 1856 1980 2138 2302 2445 2578 2709 2955 3105 3248 3379 3518 3647 3778 3913 4075 4232 4373 4515 4697 4822 4933 5062 5193 5312 5433 5555 5685 5804 6061 6190 6280 6363 6566 6665 6766 6871 6970 7085 7181 7258 7360 7487 7569 7667 7750 7846 7933 8029 8099 8185 8280 8377 8471 8568 8659 8751 8845 8948 9060 9164 9260 9359 9461
ДАПО-7-2955,multi-outlier,1,0,"","",1 130 256 381 514 647 786 909 1057 1187 1325 1456 1596 1733 1856 1980 2138 2302 2445 2578 2709 2826 3105 3248 3379 3518 3647 3778 3913 4075 4232 4373 4515 4697 4822 4933 5062 5193 5312 5433 5555 5685 5804 6061 6190 6280 6363 6566 6665 6766 6871 6970 7085 7181 7258 7360 7487 7569 7667 7750 7846 7933 8029 8099 8185 8280 8377 8471 8568 8659 8751 8845 8948 9060 9164 9260 9359 9461
ДАПО-7-3105,multi-outlier,1,0,"","",1 130 256 381 514 647 786 909 1057 1187 1325 1456 1596 1733 1856 1980 2138 2302 2445 2578 2709 2826 2955 3248 3379 3518 3647 3778 3913 4075 4232 4373 4515 4697 4822 4933 5062 5193 5312 5433 5555 5685 5804 6061 6190 6280 6363 6566 6665 6766 6871 6970 7085 7181 7258 7360 7487 7569 7667 7750 7846 7933 8029 8099 8185 8280 8377 8471 8568 8659 8751 8845 8948 9060 9164 9260 9359 9461
ДАПО-7-3248,multi-outlier,1,0,"","",1 130 256 381 514 647 786 909 1057 1187 1325 1456 1596 1733 1856 1980 2138 2302 2445 2578 2709 2826 2955 3105 3379 3518 3647 3778 3913 4075 4232 4373 4515 4697 4822 4933 5062 5193 5312 5433 5555 5685 5804 6061 6190 6280 6363 6566 6665 6766 6871 6970 7085 7181 7258 7360 7487 7569 7667 7750 7846 7933 8029 8099 8185 8280 8377 8471 8568 8659 8751 8845 8948 9060 9164 9260 9359 9461
ДАПО-7-3379,multi-outlier,1,0,"","",1 130 256 381 514 647 786 909 1057 1187 1325 1456 1596 1733 1856 1980 2138 2302 2445 2578 2709 2826 2955 3105 3248 3518 3647 3778 3913 4075 4232 4373 4515 4697 4822 4933 5062 5193 5312 5433 5555 5685 5804 6061 6190 6280 6363 6566 6665 6766 6871 6970 7085 7181 7258 7360 7487 7569 7667 7750 7846 7933 8029 8099 8185 8280 8377 8471 8568 8659 8751 8845 8948 9060 9164 9260 9359 9461
ДАПО-7-3518,multi-outlier,1,0,"","",1 130 256 381 514 647 786 909 1057 1187 1325 1456 1596 1733 1856 1980 2138 2302 2445 2578 2709 2826 2955 3105 3248 3379 3647 3778 3913 4075 4232 4373 4515 4697 4822 4933 5062 5193 5312 5433 5555 5685 5804 6061 6190 6280 6363 6566 6665 6766 6871 6970 7085 7181 7258 7360 7487 7569 7667 7750 7846 7933 8029 8099 8185 8280 8377 8471 8568 8659 8751 8845 8948 9060 9164 9260 9359 9461
ДАПО-7-3647,multi-outlier,1,0,"","",1 130 256 381 514 647 786 909 1057 1187 1325 1456 1596 1733 1856 1980 2138 2302 2445 2578 2709 2826 2955 3105 3248 3379 3518 3778 3913 4075 4232 4373 4515 4697 4822 4933 5062 5193 5312 5433 5555 5685 5804 6061 6190 6280 6363 6566 6665 6766 6871 6970 7085 7181 7258 7360 7487 7569 7667 7750 7846 7933 8029 8099 8185 8280 8377 8471 8568 8659 8751 8845 8948 9060 9164 9260 9359 9461
ДАПО-7-3778,multi-outlier,1,0,"","",1 130 256 381 514 647 786 909 1057 1187 1325 1456 1596 1733 1856 1980 2138 2302 2445 2578 2709 2826 2955 3105 3248 3379 3518 3647 3913 4075 4232 4373 4515 4697 4822 4933 5062 5193 5312 5433 5555 5685 5804 6061 6190 6280 6363 6566 6665 6766 6871 6970 7085 7181 7258 7360 7487 7569 7667 7750 7846 7933 8029 8099 8185 8280 8377 8471 8568 8659 8751 8845 8948 9060 9164 9260 9359 9461
ДАПО-7-3913,multi-outlier,1,0,"","",1 130 256 381 514 647 786 909 1057 1187 1325 1456 1596 1733 1856 1980 2138 2302 2445 2578 2709 2826 2955 3105 3248 3379 3518 3647 3778 4075 4232 4373 4515 4697 4822 4933 5062 5193 5312 5433 5555 5685 5804 6061 6190 6280 6363 6566 6665 6766 6871 6970 7085 7181 7258 7360 7487 7569 7667 7750 7846 7933 8029 8099 8185 8280 8377 8471 8568 8659 8751 8845 8948 9060 9164 9260 9359 9461
ДАПО-7-4075,multi-outlier,1,0,"","",1 130 256 381 514 647 786 909 1057 1187 1325 1456 1596 1733 1856 1980 2138 2302 2445 2578 2709 2826 2955 3105 3248 3379 3518 3647 3778 3913 4232 4373 4515 4697 4822 4933 5062 5193 5312 5433 5555 5685 5804 6061 6190 6280 6363 6566 6665 6766 6871 6970 7085 7181 7258 7360 7487 7569 7667 7750 7846 7933 8029 8099 8185 8280 8377 8471 8568 8659 8751 8845 8948 9060 9164 9260 9359 9461
ДАПО-7-4232,multi-outlier,1,0,"","",1 130 256 381 514 647 786 909 1057 1187 1325 1456 1596 1733 1856 1980 2138 2302 2445 2578 2709 2826 2955 3105 3248 3379 3518 3647 3778 3913 4075 4373 4515 4697 4822 4933 5062 5193 5312 5433 5555 5685 5804 6061 6190 6280 6363 6566 6665 6766 6871 6970 7085 7181 7258 7360 7487 7569 7667 7750 7846 7933 8029 8099 8185 8280 8377 8471 8568 8659 8751 8845 8948 9060 9164 9260 9359 9461
ДАПО-7-4373,multi-outlier,1,0,"","",1 130 256 381 514 647 786 909 1057 1187 1325 1456 1596 1733 1856 1980 2138 2302 2445 2578 2709 2826 2955 3105 3248 3379 3518 3647 3778 3913 4075 4232 4515 4697 4822 4933 5062 5193 5312 5433 5555 5685 5804 6061 6190 6280 6363 6566 6665 6766 6871 6970 7085 7181 7258 7360 7487 7569 7667 7750 7846 7933 8029 8099 8185 8280 8377 8471 8568 8659 8751 8845 8948 9060 9164 9260 9359 9461
ДАПО-7-4515,multi-outlier,1,0,"","",1 130 256 381 514 647 786 909 1057 1187 1325 1456 1596 1733 1856 1980 2138 2302 2445 2578 2709 2826 2955 3105 3248 3379 3518 3647 3778 3913 4075 4232 4373 4697 4822 4933 5062 5193 5312 5433 5555 5685 5804 6061 6190 6280 6363 6566 6665 6766 6871 6970 7085 7181 7258 7360 7487 7569 7667 7750 7846 7933 8029 8099 8185 8280 8377 8471 8568 8659 8751 8845 8948 9060 9164 9260 9359 9461
ДАПО-7-4697,multi-outlier,1,0,"","",1 130 256 381 514 647 786 909 1057 1187 1325 1456 1596 1733 1856 1980 2138 2302 2445 2578 2709 2826 2955 3105 3248 3379 3518 3647 3778 3913 4075 4232 4373 4515 4822 4933 5062 5193 5312 5433 5555 5685 5804 6061 6190 6280 6363 6566 6665 6766 6871 6970 7085 7181 7258 7360 7487 7569 7667 7750 7846 7933 8029 8099 8185 8280 8377 8471 8568 8659 8751 8845 8948 9060 9164 9260 9359 9461
ДАПО-7-4822,multi-outlier,1,0,"","",1 130 256 381 514 647 786 909 1057 1187 1325 1456 1596 1733 1856 1980 2138 2302 2445 2578 2709 2826 2955 3105 3248 3379 3518 3647 3778 3913 4075 4232 4373 4515 4697 4933 5062 5193 5312 5433 5555 5685 5804 6061 6190 6280 6363 6566 6665 6766 6871 6970 7085 7181 7258 7360 7487 7569 7667 7750 7846 7933 8029 8099 8185 8280 8377 8471 8568 8659 8751 8845 8948 9060 9164 9260 9359 9461
ДАПО-7-4933,multi-outlier,1,0,"","",1 130 256 381 514 647 786 909 1057 1187 1325 1456 1596 1733 1856 1980 2138 2302 2445 2578 2709 2826 2955 3105 3248 3379 3518 3647 3778 3913 4075 4232 4373 4515 4697 4822 5062 5193 5312 5433 5555 5685 5804 6061 6190 6280 6363 6566 6665 6766 6871 6970 7085 7181 7258 7360 7487 7569 7667 7750 7846 7933 8029 8099 8185 8280 8377 8471 8568 8659 8751 8845 8948 9060 9164 9260 9359 9461
ДАПО-7-5062,multi-outlier,1,0,"","",1 130 256 381 514 647 786 909 1057 1187 1325 1456 1596 1733 1856 1980 2138 2302 2445 2578 2709 2826 2955 3105 3248 3379 3518 3647 3778 3913 4075 4232 4373 4515 4697 4822 4933 5193 5312 5433 5555 5685 5804 6061 6190 6280 6363 6566 6665 6766 6871 6970 7085 7181 7258 7360 7487 7569 7667 7750 7846 7933 8029 8099 8185 8280 8377 8471 8568 8659 8751 8845 8948 9060 9164 9260 9359 9461
ДАПО-7-5193,multi-outlier,1,0,"","",1 130 256 381 514 647 786 909 1057 1187 1325 1456 1596 1733 1856 1980 2138 2302 2445 2578 2709 2826 2955 3105 3248 3379 3518 3647 3778 3913 4075 4232 4373 4515 4697 4822 4933 5062 5312 5433 5555 5685 5804 6061 6190 6280 6363 6566 6665 6766 6871 6970 7085 7181 7258 7360 7487 7569 7667 7750 7846 7933 8029 8099 8185 8280 8377 8471 8568 8659 8751 8845 8948 9060 9164 9260 9359 9461
ДАПО-7-5312,multi-outlier,1,0,"","",1 130 256 381 514 647 786 909 1057 1187 1325 1456 1596 1733 1856 1980 2138 2302 2445 2578 2709 2826 2955 3105 3248 3379 3518 3647 3778 3913 4075 4232 4373 4515 4697 4822 4933 5062 5193 5433 5555 5685 5804 6061 6190 6280 6363 6566 6665 6766 6871 6970 7085 7181 7258 7360 7487 7569 7667 7750 7846 7933 8029 8099 8185 8280 8377 8471 8568 8659 8751 8845 8948 9060 9164 9260 9359 9461
ДАПО-7-5433,multi-outlier,1,0,"","",1 130 256 381 514 647 786 909 1057 1187 1325 1456 1596 1733 1856 1980 2138 2302 2445 2578 2709 2826 2955 3105 3248 3379 3518 3647 3778 3913 4075 4232 4373 4515 4697 4822 4933 5062 5193 5312 5555 5685 5804 6061 6190 6280 6363 6566 6665 6766 6871 6970 7085 7181 7258 7360 7487 7569 7667 7750 7846 7933 8029 8099 8185 8280 8377 8471 8568 8659 8751 8845 8948 9060 9164 9260 9359 9461
ДАПО-7-5555,multi-outlier,1,0,"","",1 130 256 381 514 647 786 909 1057 1187 1325 1456 1596 1733 1856 1980 2138 2302 2445 2578 2709 2826 2955 3105 3248 3379 3518 3647 3778 3913 4075 4232 4373 4515 4697 4822 4933 5062 5193 5312 5433 5685 5804 6061 6190 6280 6363 6566 6665 6766 6871 6970 7085 7181 7258 7360 7487 7569 7667 7750 7846 7933 8029 8099 8185 8280 8377 8471 8568 8659 8751 8845 8948 9060 9164 9260 9359 9461
ДАПО-7-5685,multi-outlier,1,0,"","",1 130 256 381 514 647 786 909 1057 1187 1325 1456 1596 1733 1856 1980 2138 2302 2445 2578 2709 2826 2955 3105 3248 3379 3518 3647 3778 3913 4075 4232 4373 4515 4697 4822 4933 5062 5193 5312 5433 5555 5804 6061 6190 6280 6363 6566 6665 6766 6871 6970 7085 7181 7258 7360 7487 7569 7667 7750 7846 7933 8029 8099 8185 8280 8377 8471 8568 8659 8751 8845 8948 9060 9164 9260 9359 9461
ДАПО-7-5804,multi-outlier,1,0,"","",1 130 256 381 514 647 786 909 1057 1187 1325 1456 1596 1733 1856 1980 2138 2302 2445 2578 2709 2826 2955 3105 3248 3379 3518 3647 3778 3913 4075 4232 4373 4515 4697 4822 4933 5062 5193 5312 5433 5555 5685 6061 6190 6280 6363 6566 6665 6766 6871 6970 7085 7181 7258 7360 7487 7569 7667 7750 7846 7933 8029 8099 8185 8280 8377 8471 8568 8659 8751 8845 8948 9060 9164 9260 9359 9461
ДАПО-7-6061,multi-outlier,1,0,"","",1 130 256 381 514 647 786 909 1057 1187 1325 1456 1596 1733 1856 1980 2138 2302 2445 2578 2709 2826 2955 3105 3248 3379 3518 3647 3778 3913 4075 4232 4373 4515 4697 4822 4933 5062 5193 5312 5433 5555 5685 5804 6190 6280 6363 6566 6665 6766 6871 6970 7085 7181 7258 7360 7487 7569 7667 7750 7846 7933 8029 8099 8185 8280 8377 8471 8568 8659 8751 8845 8948 9060 9164 9260 9359 9461
ДАПО-7-6190,multi-outlier,1,0,"","",1 130 256 381 514 647 786 909 1057 1187 1325 1456 1596 1733 1856 1980 2138 2302 2445 2578 2709 2826 2955 3105 3248 3379 3518 3647 3778 3913 4075 4232 4373 4515 4697 4822 4933 5062 5193 5312 5433 5555 5685 5804 6061 6280 6363 6566 6665 6766 6871 6970 7085 7181 7258 7360 7487 7569 7667 7750 7846 7933 8029 8099 8185 8280 8377 8471 8568 8659 8751 8845 8948 9060 9164 9260 9359 9461
ДАПО-7-6280,multi-outlier,1,0,"","",1 130 256 381 514 647 786 909 1057 1187 1325 1456 1596 1733 1856 1980 2138 2302 2445 2578 2709 2826 2955 3105 3248 3379 3518 3647 3778 3913 4075 4232 4373 4515 4697 4822 4933 5062 5193 5312 5433 5555 5685 5804 6061 6190 6363 6566 6665 6766 6871 6970 7085 7181 7258 7360 7487 7569 7667 7750 7846 7933 8029 8099 8185 8280 8377 8471 8568 8659 8751 8845 8948 9060 9164 9260 9359 9461
ДАПО-7-6363,multi-outlier,1,0,"","",1 130 256 381 514 647 786 909 1057 1187 1325 1456 1596 1733 1856 1980 2138 2302 2445 2578 2709 2826 2955 3105 3248 3379 3518 3647 3778 3913 4075 4232 4373 4515 4697 4822 4933 5062 5193 5312 5433 5555 5685 5804 6061 6190 6280 6566 6665 6766 6871 6970 7085 7181 7258 7360 7487 7569 7667 7750 7846 7933 8029 8099 8185 8280 8377 8471 8568 8659 8751 8845 8948 9060 9164 9260 9359 9461
ДАПО-7-6566,multi-outlier,1,0,"","",1 130 256 381 514 647 786 909 1057 1187 1325 1456 1596 1733 1856 1980 2138 2302 2445 2578 2709 2826 2955 3105 3248 3379 3518 3647 3778 3913 4075 4232 4373 4515 4697 4822 4933 5062 5193 5312 5433 5555 5685 5804 6061 6190 6280 6363 6665 6766 6871 6970 7085 7181 7258 7360 7487 7569 7667 7750 7846 7933 8029 8099 8185 8280 8377 8471 8568 8659 8751 8845 8948 9060 9164 9260 9359 9461
ДАПО-7-6665,multi-outlier,1,0,"","",1 130 256 381 514 647 786 909 1057 1187 1325 1456 1596 1733 1856 1980 2138 2302 2445 2578 2709 2826 2955 3105 3248 3379 3518 3647 3778 3913 4075 4232 4373 4515 4697 4822 4933 5062 5193 5312 5433 5555 5685 5804 6061 6190 6280 6363 6566 6766 6871 6970 7085 7181 7258 7360 7487 7569 7667 7750 7846 7933 8029 8099 8185 8280 8377 8471 8568 8659 8751 8845 8948 9060 9164 9260 9359 9461
ДАПО-7-6766,multi-outlier,1,0,"","",1 130 256 381 514 647 786 909 1057 1187 1325 1456 1596 1733 1856 1980 2138 2302 2445 2578 2709 2826 2955 3105 3248 3379 3518 3647 3778 3913 4075 4232 4373 4515 4697 4822 4933 5062 5193 5312 5433 5555 5685 5804 6061 6190 6280 6363 6566 6665 6871 6970 7085 7181 7258 7360 7487 7569 7667 7750 7846 7933 8029 8099 8185 8280 8377 8471 8568 8659 8751 8845 8948 9060 9164 9260 9359 9461
ДАПО-7-6871,multi-outlier,1,0,"","",1 130 256 381 514 647 786 909 1057 1187 1325 1456 1596 1733 1856 1980 2138 2302 2445 2578 2709 2826 2955 3105 3248 3379 3518 3647 3778 3913 4075 4232 4373 4515 4697 4822 4933 5062 5193 5312 5433 5555 5685 5804 6061 6190 6280 6363 6566 6665 6766 6970 7085 7181 7258 7360 7487 7569 7667 7750 7846 7933 8029 8099 8185 8280 8377 8471 8568 8659 8751 8845 8948 9060 9164 9260 9359 9461
ДАПО-7-6970,multi-outlier,1,0,"","",1 130 256 381 514 647 786 909 1057 1187 1325 1456 1596 1733 1856 1980 2138 2302 2445 2578 2709 2826 2955 3105 3248 3379 3518 3647 3778 3913 4075 4232 4373 4515 4697 4822 4933 5062 5193 5312 5433 5555 5685 5804 6061 6190 6280 6363 6566 6665 6766 6871 7085 7181 7258 7360 7487 7569 7667 7750 7846 7933 8029 8099 8185 8280 8377 8471 8568 8659 8751 8845 8948 9060 9164 9260 9359 9461
ДАПО-7-7085,multi-outlier,1,0,"","",1 130 256 381 514 647 786 909 1057 1187 1325 1456 1596 1733 1856 1980 2138 2302 2445 2578 2709 2826 2955 3105 3248 3379 3518 3647 3778 3913 4075 4232 4373 4515 4697 4822 4933 5062 5193 5312 5433 5555 5685 5804 6061 6190 6280 6363 6566 6665 6766 6871 6970 7181 7258 7360 7487 7569 7667 7750 7846 7933 8029 8099 8185 8280 8377 8471 8568 8659 8751 8845 8948 9060 9164 9260 9359 9461
ДАПО-7-7181,multi-outlier,1,0,"","",1 130 256 381 514 647 786 909 1057 1187 1325 1456 1596 1733 1856 1980 2138 2302 2445 2578 2709 2826 2955 3105 3248 3379 3518 3647 3778 3913 4075 4232 4373 4515 4697 4822 4933 5062 5193 5312 5433 5555 5685 5804 6061 6190 6280 6363 6566 6665 6766 6871 6970 7085 7258 7360 7487 7569 7667 7750 7846 7933 8029 8099 8185 8280 8377 8471 8568 8659 8751 8845 8948 9060 9164 9260 9359 9461
ДАПО-7-7258,multi-outlier,1,0,"","",1 130 256 381 514 647 786 909 1057 1187 1325 1456 1596 1733 1856 1980 2138 2302 2445 2578 2709 2826 2955 3105 3248 3379 3518 3647 3778 3913 4075 4232 4373 4515 4697 4822 4933 5062 5193 5312 5433 5555 5685 5804 6061 6190 6280 6363 6566 6665 6766 6871 6970 7085 7181 7360 7487 7569 7667 7750 7846 7933 8029 8099 8185 8280 8377 8471 8568 8659 8751 8845 8948 9060 9164 9260 9359 9461
ДАПО-7-7360,multi-outlier,1,0,"","",1 130 256 381 514 647 786 909 1057 1187 1325 1456 1596 1733 1856 1980 2138 2302 2445 2578 2709 2826 2955 3105 3248 3379 3518 3647 3778 3913 4075 4232 4373 4515 4697 4822 4933 5062 5193 5312 5433 5555 5685 5804 6061 6190 6280 6363 6566 6665 6766 6871 6970 7085 7181 7258 7487 7569 7667 7750 7846 7933 8029 8099 8185 8280 8377 8471 8568 8659 8751 8845 8948 9060 9164 9260 9359 9461
ДАПО-7-7487,multi-outlier,1,0,"","",1 130 256 381 514 647 786 909 1057 1187 1325 1456 1596 1733 1856 1980 2138 2302 2445 2578 2709 2826 2955 3105 3248 3379 3518 3647 3778 3913 4075 4232 4373 4515 4697 4822 4933 5062 5193 5312 5433 5555 5685 5804 6061 6190 6280 6363 6566 6665 6766 6871 6970 7085 7181 7258 7360 7569 7667 7750 7846 7933 8029 8099 8185 8280 8377 8471 8568 8659 8751 8845 8948 9060 9164 9260 9359 9461
ДАПО-7-7569,multi-outlier,1,0,"","",1 130 256 381 514 647 786 909 1057 1187 1325 1456 1596 1733 1856 1980 2138 2302 2445 2578 2709 2826 2955 3105 3248 3379 3518 3647 3778 3913 4075 4232 4373 4515 4697 4822 4933 5062 5193 5312 5433 5555 5685 5804 6061 6190 6280 6363 6566 6665 6766 6871 6970 7085 7181 7258 7360 7487 7667 7750 7846 7933 8029 8099 8185 8280 8377 8471 8568 8659 8751 8845 8948 9060 9164 9260 9359 9461
ДАПО-7-7667,multi-outlier,1,0,"","",1 130 256 381 514 647 786 909 1057 1187 1325 1456 1596 1733 1856 1980 2138 2302 2445 2578 2709 2826 2955 3105 3248 3379 3518 3647 3778 3913 4075 4232 4373 4515 4697 4822 4933 5062 5193 5312 5433 5555 5685 5804 6061 6190 6280 6363 6566 6665 6766 6871 6970 7085 7181 7258 7360 7487 7569 7750 7846 7933 8029 8099 8185 8280 8377 8471 8568 8659 8751 8845 8948 9060 9164 9260 9359 9461
ДАПО-7-7750,multi-outlier,1,0,"","",1 130 256 381 514 647 786 909 1057 1187 1325 1456 1596 1733 1856 1980 2138 2302 2445 2578 2709 2826 2955 3105 3248 3379 3518 3647 3778 3913 4075 4232 4373 4515 4697 4822 4933 5062 5193 5312 5433 5555 5685 5804 6061 6190 6280 6363 6566 6665 6766 6871 6970 7085 7181 7258 7360 7487 7569 7667 7846 7933 8029 8099 8185 8280 8377 8471 8568 8659 8751 8845 8948 9060 9164 9260 9359 9461
ДАПО-7-7846,multi-outlier,1,0,"","",1 130 256 381 514 647 786 909 1057 1187 1325 1456 1596 1733 1856 1980 2138 2302 2445 2578 2709 2826 2955 3105 3248 3379 3518 3647 3778 3913 4075 4232 4373 4515 4697 4822 4933 5062 5193 5312 5433 5555 5685 5804 6061 6190 6280 6363 6566 6665 6766 6871 6970 7085 7181 7258 7360 7487 7569 7667 7750 7933 8029 8099 8185 8280 8377 8471 8568 8659 8751 8845 8948 9060 9164 9260 9359 9461
ДАПО-7-7933,multi-outlier,1,0,"","",1 130 256 381 514 647 786 909 1057 1187 1325 1456 1596 1733 1856 1980 2138 2302 2445 2578 2709 2826 2955 3105 3248 3379 3518 3647 3778 3913 4075 4232 4373 4515 4697 4822 4933 5062 5193 5312 5433 5555 5685 5804 6061 6190 6280 6363 6566 6665 6766 6871 6970 7085 7181 7258 7360 7487 7569 7667 7750 7846 8029 8099 8185 8280 8377 8471 8568 8659 8751 8845 8948 9060 9164 9260 9359 9461
ДАПО-7-8029,multi-outlier,1,0,"","",1 130 256 381 514 647 786 909 1057 1187 1325 1456 1596 1733 1856 1980 2138 2302 2445 2578 2709 2826 2955 3105 3248 3379 3518 3647 3778 3913 4075 4232 4373 4515 4697 4822 4933 5062 5193 5312 5433 5555 5685 5804 6061 6190 6280 6363 6566 6665 6766 6871 6970 7085 7181 7258 7360 7487 7569 7667 7750 7846 7933 8099 8185 8280 8377 8471 8568 8659 8751 8845 8948 9060 9164 9260 9359 9461
ДАПО-7-8099,multi-outlier,1,0,"","",1 130 256 381 514 647 786 909 1057 1187 1325 1456 1596 1733 1856 1980 2138 2302 2445 2578 2709 2826 2955 3105 3248 3379 3518 3647 3778 3913 4075 4232 4373 4515 4697 4822 4933 5062 5193 5312 5433 5555 5685 5804 6061 6190 6280 6363 6566 6665 6766 6871 6970 7085 7181 7258 7360 7487 7569 7667 7750 7846 7933 8029 8185 8280 8377 8471 8568 8659 8751 8845 8948 9060 9164 9260 9359 9461
ДАПО-7-8185,multi-outlier,1,0,"","",1 130 256 381 514 647 786 909 1057 1187 1325 1456 1596 1733 1856 1980 2138 2302 2445 2578 2709 2826 2955 3105 3248 3379 3518 3647 3778 3913 4075 4232 4373 4515 4697 4822 4933 5062 5193 5312 5433 5555 5685 5804 6061 6190 6280 6363 6566 6665 6766 6871 6970 7085 7181 7258 7360 7487 7569 7667 7750 7846 7933 8029 8099 8280 8377 8471 8568 8659 8751 8845 8948 9060 9164 9260 9359 9461
ДАПО-7-8280,multi-outlier,1,0,"","",1 130 256 381 514 647 786 909 1057 1187 1325 1456 1596 1733 1856 1980 2138 2302 2445 2578 2709 2826 2955 3105 3248 3379 3518 3647 3778 3913 4075 4232 4373 4515 4697 4822 4933 5062 5193 5312 5433 5555 5685 5804 6061 6190 6280 6363 6566 6665 6766 6871 6970 7085 7181 7258 7360 7487 7569 7667 7750 7846 7933 8029 8099 8185 8377 8471 8568 8659 8751 8845 8948 9060 9164 9260 9359 9461
ДАПО-7-8377,multi-outlier,1,0,"","",1 130 256 381 514 647 786 909 1057 1187 1325 1456 1596 1733 1856 1980 2138 2302 2445 2578 2709 2826 2955 3105 3248 3379 3518 3647 3778 3913 4075 4232 4373 4515 4697 4822 4933 5062 5193 5312 5433 5555 5685 5804 6061 6190 6280 6363 6566 6665 6766 6871 6970 7085 7181 7258 7360 7487 7569 7667 7750 7846 7933 8029 8099 8185 8280 8471 8568 8659 8751 8845 8948 9060 9164 9260 9359 9461
ДАПО-7-8471,multi-outlier,1,0,"","",1 130 256 381 514 647 786 909 1057 1187 1325 1456 1596 1733 1856 1980 2138 2302 2445 2578 2709 2826 2955 3105 3248 3379 3518 3647 3778 3913 4075 4232 4373 4515 4697 4822 4933 5062 5193 5312 5433 5555 5685 5804 6061 6190 6280 6363 6566 6665 6766 6871 6970 7085 7181 7258 7360 7487 7569 7667 7750 7846 7933 8029 8099 8185 8280 8377 8568 8659 8751 8845 8948 9060 9164 9260 9359 9461
ДАПО-7-8568,multi-outlier,1,0,"","",1 130 256 381 514 647 786 909 1057 1187 1325 1456 1596 1733 1856 1980 2138 2302 2445 2578 2709 2826 2955 3105 3248 3379 3518 3647 3778 3913 4075 4232 4373 4515 4697 4822 4933 5062 5193 5312 5433 5555 5685 5804 6061 6190 6280 6363 6566 6665 6766 6871 6970 7085 7181 7258 7360 7487 7569 7667 7750 7846 7933 8029 8099 8185 8280 8377 8471 8659 8751 8845 8948 9060 9164 9260 9359 9461
ДАПО-7-8659,multi-outlier,1,0,"","",1 130 256 381 514 647 786 909 1057 1187 1325 1456 1596 1733 1856 1980 2138 2302 2445 2578 2709 2826 2955 3105 3248 3379 3518 3647 3778 3913 4075 4232 4373 4515 4697 4822 4933 5062 5193 5312 5433 5555 5685 5804 6061 6190 6280 6363 6566 6665 6766 6871 6970 7085 7181 7258 7360 7487 7569 7667 7750 7846 7933 8029 8099 8185 8280 8377 8471 8568 8751 8845 8948 9060 9164 9260 9359 9461
ДАПО-7-8751,multi-outlier,1,0,"","",1 130 256 381 514 647 786 909 1057 1187 1325 1456 1596 1733 1856 1980 2138 2302 2445 2578 2709 2826 2955 3105 3248 3379 3518 3647 3778 3913 4075 4232 4373 4515 4697 4822 4933 5062 5193 5312 5433 5555 5685 5804 6061 6190 6280 6363 6566 6665 6766 6871 6970 7085 7181 7258 7360 7487 7569 7667 7750 7846 7933 8029 8099 8185 8280 8377 8471 8568 8659 8845 8948 9060 9164 9260 9359 9461
ДАПО-7-8845,multi-outlier,1,0,"","",1 130 256 381 514 647 786 909 1057 1187 1325 1456 1596 1733 1856 1980 2138 2302 2445 2578 2709 2826 2955 3105 3248 3379 3518 3647 3778 3913 4075 4232 4373 4515 4697 4822 4933 5062 5193 5312 5433 5555 5685 5804 6061 6190 6280 6363 6566 6665 6766 6871 6970 7085 7181 7258 7360 7487 7569 7667 7750 7846 7933 8029 8099 8185 8280 8377 8471 8568 8659 8751 8948 9060 9164 9260 9359 9461
ДАПО-7-8948,multi-outlier,1,0,"","",1 130 256 381 514 647 786 909 1057 1187 1325 1456 1596 1733 1856 1980 2138 2302 2445 2578 2709 2826 2955 3105 3248 3379 3518 3647 3778 3913 4075 4232 4373 4515 4697 4822 4933 5062 5193 5312 5433 5555 5685 5804 6061 6190 6280 6363 6566 6665 6766 6871 6970 7085 7181 7258 7360 7487 7569 7667 7750 7846 7933 8029 8099 8185 8280 8377 8471 8568 8659 8751 8845 9060 9164 9260 9359 9461
ДАПО-7-9060,multi-outlier,1,0,"","",1 130 256 381 514 647 786 909 1057 1187 1325 1456 1596 1733 1856 1980 2138 2302 2445 2578 2709 2826 2955 3105 3248 3379 3518 3647 3778 3913 4075 4232 4373 4515 4697 4822 4933 5062 5193 5312 5433 5555 5685 5804 6061 6190 6280 6363 6566 6665 6766 6871 6970 7085 7181 7258 7360 7487 7569 7667 7750 7846 7933 8029 8099 8185 8280 8377 8471 8568 8659 8751 8845 8948 9164 9260 9359 9461
ДАПО-7-9164,multi-outlier,1,0,"","",1 130 256 381 514 647 786 909 1057 1187 1325 1456 1596 1733 1856 1980 2138 2302 2445 2578 2709 2826 2955 3105 3248 3379 3518 3647 3778 3913 4075 4232 4373 4515 4697 4822 4933 5062 5193 5312 5433 5555 5685 5804 6061 6190 6280 6363 6566 6665 6766 6871 6970 7085 7181 7258 7360 7487 7569 7667 7750 7846 7933 8029 8099 8185 8280 8377 8471 8568 8659 8751 8845 8948 9060 9260 9359 9461
ДАПО-7-9260,multi-outlier,1,0,"","",1 130 256 381 514 647 786 909 1057 1187 1325 1456 1596 1733 1856 1980 2138 2302 2445 2578 2709 2826 2955 3105 3248 3379 3518 3647 3778 3913 4075 4232 4373 4515 4697 4822 4933 5062 5193 5312 5433 5555 5685 5804 6061 6190 6280 6363 6566 6665 6766 6871 6970 7085 7181 7258 7360 7487 7569 7667 7750 7846 7933 8029 8099 8185 8280 8377 8471 8568 8659 8751 8845 8948 9060 9164 9359 9461
ДАПО-7-9359,multi-outlier,1,0,"","",1 130 256 381 514 647 786 909 1057 1187 1325 1456 1596 1733 1856 1980 2138 2302 2445 2578 2709 2826 2955 3105 3248 3379 3518 3647 3778 3913 4075 4232 4373 4515 4697 4822 4933 5062 5193 5312 5433 5555 5685 5804 6061 6190 6280 6363 6566 6665 6766 6871 6970 7085 7181 7258 7360 7487 7569 7667 7750 7846 7933 8029 8099 8185 8280 8377 8471 8568 8659 8751 8845 8948 9060 9164 9260 9461
ДАПО-7-9461,multi-outlier,1,0,"","",1 130 256 381 514 647 786 909 1057 1187 1325 1456 1596 1733 1856 1980 2138 2302 2445 2578 2709 2826 2955 3105 3248 3379 3518 3647 3778 3913 4075 4232 4373 4515 4697 4822 4933 5062 5193 5312 5433 5555 5685 5804 6061 6190 6280 6363 6566 6665 6766 6871 6970 7085 7181 7258 7360 7487 7569 7667 7750 7846 7933 8029 8099 8185 8280 8377 8471 8568 8659 8751 8845 8948 9060 9164 9260 9359
ДАПО-Р1186-437,multi-outlier,26,0,Опис 437,"Кременчуцький губернський виконавчий комітет Рад робітничих, селянських і червон",1 2 3
ДАПО-Р1503-470,multi-outlier,574,0,Опис 470,"Полтавський губернський виконавчий комітет Рад робітничих, селянських і червоноа",1 2
ДАПО-Р2038-662,multi-outlier,1507,0,Опис 662,"Кременчуцький окружний виконавчий комітет Рад робітничих, селянських і червоноар",1 2 3 4 5 11
ДАПО-Р2046-670,multi-outlier,305,0,Опис 670,Виконавчий комітет Кременчуцької міської Ради депутатів трудящих (міськвиконком),1 2 3 4 5
ДАПО-Р2068-686,multi-outlier,855,0,Опис 686,"Лубенський окружний виконавчий комітет Рад робітничих, селянських і червоноармій",1 2 3
ДАПО-Р2126-3210,multi-outlier,911,0,Опис 3210,Адміністративний відділ Лубенського окружного виконавчого комітету Рад робітничи,1 2
ДАПО-Р2196-3288,multi-outlier,1,0,Опис 3288,"Кременчуцька окружна робітничо-селянська міліція та розшук (окрміліція), м.Креме",1
ДАПО-Р363-366,multi-outlier,1477,0,Опис 366,"Полтавський окружний виконавчий комітет Рад робітничих, селянських і червоноармі",1 2 3 4
ДАС-30-709,multi-outlier,1,0,"",Книги записів актів цивільного стану церков,1 711
ДАС-30-711,multi-outlier,1,0,"",Книги записів актів цивільного стану церков,1 709
ДАХеО-111-586,multi-outlier,1,0,"","Катерининський собор, м. Херсон",1
ДАХеО-124-643,multi-outlier,1,0,"","Бериславський рабин, м. Берислав",1
ДАХеО-137-583,multi-outlier,1,0,"","",1 2 3 4 5 6 7 8 9 10 11 12 13 14 15 16 17 18 19 20 21 22 23 25 26 27 28 29 30 31 32 33 34 35 36 37 38 39 40 587 597 599 613 625 629 630 635
ДАХеО-137-587,multi-outlier,1,0,"","",1 2 3 4 5 6 7 8 9 10 11 12 13 14 15 16 17 18 19 20 21 22 23 25 26 27 28 29 30 31 32 33 34 35 36 37 38 39 40 583 597 599 613 625 629 630 635
ДАХеО-137-597,multi-outlier,1,0,"","",1 2 3 4 5 6 7 8 9 10 11 12 13 14 15 16 17 18 19 20 21 22 23 25 26 27 28 29 30 31 32 33 34 35 36 37 38 39 40 583 587 599 613 625 629 630 635
ДАХеО-137-599,multi-outlier,1,0,"","",1 2 3 4 5 6 7 8 9 10 11 12 13 14 15 16 17 18 19 20 21 22 23 25 26 27 28 29 30 31 32 33 34 35 36 37 38 39 40 583 587 597 613 625 629 630 635
ДАХеО-137-613,multi-outlier,1,0,"","",1 2 3 4 5 6 7 8 9 10 11 12 13 14 15 16 17 18 19 20 21 22 23 25 26 27 28 29 30 31 32 33 34 35 36 37 38 39 40 583 587 597 599 625 629 630 635
ДАХеО-137-625,multi-outlier,1,0,"","",1 2 3 4 5 6 7 8 9 10 11 12 13 14 15 16 17 18 19 20 21 22 23 25 26 27 28 29 30 31 32 33 34 35 36 37 38 39 40 583 587 597 599 613 629 630 635
ДАХеО-137-629,multi-outlier,1,0,"","",1 2 3 4 5 6 7 8 9 10 11 12 13 14 15 16 17 18 19 20 21 22 23 25 26 27 28 29 30 31 32 33 34 35 36 37 38 39 40 583 587 597 599 613 625 630 635
ДАХеО-137-630,multi-outlier,1,0,"","",1 2 3 4 5 6 7 8 9 10 11 12 13 14 15 16 17 18 19 20 21 22 23 25 26 27 28 29 30 31 32 33 34 35 36 37 38 39 40 583 587 597 599 613 625 629 635
ДАХеО-137-635,multi-outlier,1,0,"","",1 2 3 4 5 6 7 8 9 10 11 12 13 14 15 16 17 18 19 20 21 22 23 25 26 27 28 29 30 31 32 33 34 35 36 37 38 39 40 583 587 597 599 613 625 629 630
ДАХеО-169-594,multi-outlier,1,0,"","Успенський собор, м. Херсон",1
ДАХеО-316-566,multi-outlier,1,0,"",Церкви Мелітопольського повіту Олександрівської губернії (ОАФ),1 2 3 4 5 6 7 568
ДАХеО-316-568,multi-outlier,1,0,"",Церкви Мелітопольського повіту Олександрівської губернії (ОАФ),1 2 3 4 5 6 7 566
ДАХмО-18-312,multi-outlier,1,0,"",Церкви Подільської та Волинської губерній (колекція),1 2 417 609 664 689
ДАХмО-18-417,multi-outlier,1,0,"",Церкви Подільської та Волинської губерній (колекція),1 2 312 609 664 689
ДАХмО-18-609,multi-outlier,1,0,"",Церкви Подільської та Волинської губерній (колекція),1 2 312 417 664 689
ДАХмО-18-664,multi-outlier,1,0,"",Церкви Подільської та Волинської губерній (колекція),1 2 312 417 609 689
ДАХмО-18-689,multi-outlier,1,0,"",Церкви Подільської та Волинської губерній (колекція),1 2 312 417 609 664
ДАХмО-365-652,multi-outlier,1,0,"",Благочинні Подільської губернії (колекція),1
ДАХмО-591-684,multi-outlier,1,0,"","Ушицьке духовне правління, м. Нова Ушиця Ушицького повіту Подільської губернії",1 2
ДАХО-138-110,multi-outlier,1,0,"","Нотаріус міста Ізюм Каковський Василь Іванович, м. Ізюм Харківської губернії",1
ДАХО-15-105,multi-outlier,1,0,"","з 09.12.1780 р. – Харківський губернський предводитель дворянства, м. Харків;з 1",1 2
ДАХО-17-110,multi-outlier,1,0,"","Харківський губернський комітет зі збору хліба в уплату податних недоїмок, м. Ха",1
ДАХО-280-105,multi-outlier,1,0,"","з 09.12.1780 р. – Харківське губернське рекрутське присутствіє, м. Харків; з 12.",2
ДАХО-327-110,multi-outlier,1,0,"","Старобільська повітова земська управа, м. Старобільськ Харківської губернії",1 2
ДАХО-36-110,multi-outlier,1,0,"","Станова квартира пристава 1-го стану Харківського повіту Харківської губернії, с",1
ДАХО-521-109,multi-outlier,1,0,"","Пересічанське волосне правління, с. Пересічне Харківського повіту Харківської гу",1
ДАХО-69-110,multi-outlier,1,0,"","Харківське повітове поліцейське управління, м. Харків",1 2 3
ДАХО-77-105,multi-outlier,1,0,"","Поліцейський наглядач Харківського паровозобудівного заводу, м. Харків",1 2
ДАХО-8-110,multi-outlier,1,0,"","з 09.12.1780 р. – Харківська палата цивільного суду, м. Харків;з 12.12.1796 р. –",1
ДАХО-82-105,multi-outlier,1,0,"","Ізюмська повітова земська управа, м. Ізюм Харківської губернії",1
ДАХО-83-109,multi-outlier,1,0,"","Ізюмська міська управа, м. Ізюм Харківської губернії",1
ДАЧвО-1245-712,multi-outlier,1,0,"",Книги актів громадянського стану (метричні книги) нинішньої Чернівецької області,1 2 3 4 5 6 7 8 9 10 11 12 13 14 15 16 17 739 7118 9189 9236
ДАЧвО-1245-739,multi-outlier,1,0,"",Книги актів громадянського стану (метричні книги) нинішньої Чернівецької області,1 2 3 4 5 6 7 8 9 10 11 12 13 14 15 16 17 712 7118 9189 9236
ДАЧвО-1245-7118,multi-outlier,1,0,"",Книги актів громадянського стану (метричні книги) нинішньої Чернівецької області,1 2 3 4 5 6 7 8 9 10 11 12 13 14 15 16 17 712 739 9189 9236
ДАЧвО-1245-9189,multi-outlier,1,0,"",Книги актів громадянського стану (метричні книги) нинішньої Чернівецької області,1 2 3 4 5 6 7 8 9 10 11 12 13 14 15 16 17 712 739 7118 9236
ДАЧвО-1245-9236,multi-outlier,1,0,"",Книги актів громадянського стану (метричні книги) нинішньої Чернівецької області,1 2 3 4 5 6 7 8 9 10 11 12 13 14 15 16 17 712 739 7118 9189
ДАЧкО-127-1012,multi-outlier,411,0,"","Порадівська церковно-приходська школа, с. Порадівка Звенигородського повіту Київ",1 1014 1015 1079
ДАЧкО-127-1014,multi-outlier,11,0,"","Порадівська церковно-приходська школа, с. Порадівка Звенигородського повіту Київ",1 1012 1015 1079
ДАЧкО-127-1015,multi-outlier,1,0,"","Порадівська церковно-приходська школа, с. Порадівка Звенигородського повіту Київ",1 1012 1014 1079
ДАЧкО-127-1079,multi-outlier,29,0,"","Порадівська церковно-приходська школа, с. Порадівка Звенигородського повіту Київ",1 1012 1014 1015
ЦДАМЛМ-1254-1254,multi-outlier,1,0,Опис 1254,Документи діячів українського музичного мистецтва,1
ЦДІАК-1-1314,multi-outlier,1,0,"",Колекція документів Скарбу коронного,1
ЦДІАК-142-1015,multi-outlier,1,0,"","Ладинський (Підгірський Ладинський) Покровський жіночий монастир, побл. с. Ладин",1 2
ЦДІАК-27-1079,multi-outlier,9,0,"","Володимирський земський суд, м. Володимир Волинського воєводства",1
ЦДІАК-7-1012,multi-outlier,3,0,"","Конфедератський суд Київського воєводства, м. Житомир Київського воєводства",1
ГДАСЗРУ-1-12617,single-huge,1,0,"","",""
ДААРК-3191-261,single-huge,1,0,"","",""
ДААРК-3231-148,single-huge,1,0,"","",""
ДААРК-3241-416,single-huge,1,0,"","",""
ДАДнО-1934-583,single-huge,1,0,"","",""
ДАДнО-34-726,single-huge,1,0,"","Катеринославська повітова комісія народного продовольства, м. Катеринослав",""
ДАЖО-1045-1049,single-huge,1,0,"","",""
ДАЖО-1090-1091,single-huge,1,0,"","",""
ДАЖО-157-158,single-huge,1,0,"","",""
ДАЖО-1595-1603,single-huge,1,0,"","",""
ДАЖО-1720-1727,single-huge,1,0,"","",""
ДАЖО-17851-334,single-huge,1,0,"","",""
ДАЖО-287-289,single-huge,1,0,"","",""
ДАЖО-768-1000,single-huge,1,0,"","",""
ДАЖО-87-1019,single-huge,1,0,"","",""
ДАЛуО-18741876-18801882,single-huge,1,0,"","",""
ДАОО-4-107,single-huge,2,0,Одеська міська дума,Одеська міська дума,""
ДАОО-801-1100,single-huge,1,0,"",Пост жандармського легіону повіту Четатя-Албе с. Пропокле,""
ДАПО-9139-395,single-huge,0,0,Опис 395,Дмитрівська сільська виборча комісія м. Комсомольська Полтавської області,""
ДАПО-9141-977,single-huge,0,0,Опис 977,"Полтавська обласна територіальна виборча комісія, м. Полтава Полтавської обл.",""
ДАПО-Р-9126,single-huge,2,0,"","",""
ДАПО-Р1505-471,single-huge,0,0,Опис 471,Державний архів Полтавської області Полтавської облдержадміністрації Державної а,""
ДАХО-104-105,single-huge,1,0,"","",""
ДАХО-105-105,single-huge,1,0,"","",""
ДАХО-106-105,single-huge,1,0,"","",""
ДАХО-110-110,single-huge,1,0,"","",""
ДАХО-112-110,single-huge,1,0,"","",""
ДАХО-115-105,single-huge,1,0,"","",""
ДАХО-123-110,single-huge,1,0,"","",""
ДАХО-124-110,single-huge,1,0,"","",""
ДАХО-127-105,single-huge,1,0,"","",""
ДАХО-129-105,single-huge,1,0,"","",""
ДАХО-132-110,single-huge,1,0,"","",""
ДАХО-150-105,single-huge,1,0,"","",""
ДАХО-152-110,single-huge,1,0,"","",""
ДАХО-155-105,single-huge,1,0,"","",""
ДАХО-161-110,single-huge,1,0,"","",""
ДАХО-175-110,single-huge,1,0,"","",""
ДАХО-181-110,single-huge,1,0,"","",""
ДАХО-201-110,single-huge,1,0,"","",""
ДАХО-208-110,single-huge,1,0,"","",""
ДАХО-213-110,single-huge,1,0,"","",""
ДАХО-218-110,single-huge,1,0,"","",""
ДАХО-219-110,single-huge,1,0,"","",""
ДАХО-220-110,single-huge,1,0,"","",""
ДАХО-222-110,single-huge,1,0,"","",""
ДАХО-223-110,single-huge,1,0,"","",""
ДАХО-237-105,single-huge,1,0,"","",""
ДАХО-242-110,single-huge,1,0,"","",""
ДАХО-244-105,single-huge,1,0,"","",""
ДАХО-245-110,single-huge,1,0,"","",""
ДАХО-249-105,single-huge,1,0,"","",""
ДАХО-257-105,single-huge,1,0,"","",""
ДАХО-262-110,single-huge,1,0,"","",""
ДАХО-267-110,single-huge,1,0,"","",""
ДАХО-278-110,single-huge,1,0,"","",""
ДАХО-28-110,single-huge,1,0,"","",""
ДАХО-288-110,single-huge,1,0,"","",""
ДАХО-299-105,single-huge,1,0,"","",""
ДАХО-316-105,single-huge,1,0,"","",""
ДАХО-317-105,single-huge,1,0,"","",""
ДАХО-324-105,single-huge,1,0,"","",""
ДАХО-328-105,single-huge,1,0,"","",""
ДАХО-344-105,single-huge,1,0,"","",""
ДАХО-346-105,single-huge,1,0,"","",""
ДАХО-348-105,single-huge,1,0,"","",""
ДАХО-351-110,single-huge,1,0,"","",""
ДАХО-354-113,single-huge,1,0,"","",""
ДАХО-355-110,single-huge,1,0,"","",""
ДАХО-357-105,single-huge,1,0,"","",""
ДАХО-360-110,single-huge,1,0,"","",""
ДАХО-367-110,single-huge,1,0,"","",""
ДАХО-372-105,single-huge,1,0,"","",""
ДАХО-374-110,single-huge,1,0,"","",""
ДАХО-378-105,single-huge,1,0,"","",""
ДАХО-388-110,single-huge,1,0,"","",""
ДАХО-393-110,single-huge,1,0,"","",""
ДАХО-394-105,single-huge,1,0,"","",""
ДАХО-399-110,single-huge,1,0,"","",""
ДАХО-400-110,single-huge,1,0,"","",""
ДАХО-401-105,single-huge,1,0,"","",""
ДАХО-403-110,single-huge,1,0,"","",""
ДАХО-405-105,single-huge,1,0,"","",""
ДАХО-407-110,single-huge,1,0,"","",""
ДАХО-408-110,single-huge,1,0,"","",""
ДАХО-409-110,single-huge,1,0,"","",""
ДАХО-412-110,single-huge,1,0,"","",""
ДАХО-415-110,single-huge,1,0,"","",""
ДАХО-425-113,single-huge,1,0,"","",""
ДАХО-436-110,single-huge,1,0,"","",""
ДАХО-441-110,single-huge,1,0,"","",""
ДАХО-45-105,single-huge,1,0,"","",""
ДАХО-452-105,single-huge,1,0,"","",""
ДАХО-455-105,single-huge,1,0,"","",""
ДАХО-462-105,single-huge,1,0,"","",""
ДАХО-479-105,single-huge,1,0,"","",""
ДАХО-497-105,single-huge,1,0,"","",""
ДАХО-498-105,single-huge,1,0,"","",""
ДАХО-500-105,single-huge,1,0,"","",""
ДАХО-504-110,single-huge,1,0,"","",""
ДАХО-=506-105,single-huge,1,0,"","",""
ДАХО-516-105,single-huge,1,0,"","",""
ДАХО-517-110,single-huge,1,0,"","",""
ДАХО-529-110,single-huge,1,0,"","",""
ДАХО-98-110,single-huge,1,0,"","",""
ДАЧгО-Р106-123,single-huge,1,0,"","",""
ДАЧкО-9311-4021А,single-huge,0,0,"","",""
ЦДІАК-1079-1027,single-huge,1,0,"","",""
ЦДІАК-1127-544,single-huge,1,0,"",Магістрат м-ка Погар Стародубського полку,""
ЦДІАК-1274-1015,single-huge,1,0,"","",""
ДАЖО-7-1860,year-like,1,0,"","",""
ДАКО-1885-1912,year-like,0,0,Опис 1912,"18-й Східно-Сибірський запасний батальйон, м. Київ",1
ДАКО-Н2026-1941,year-like,0,0,Опис 1941,"Набоківська школа відділу освіти Городищенської районної управи, с. Набоків Горо",""
ДАКрО-Р1003-1918,year-like,0,0,Опис 1918,Аджамське поштове відділення Знам'янсько-Олександрійської поштово-телеграфної ко,""
ДАКрО-Р1007-1919,year-like,0,0,Опис 1919,"Лозуватське поштове відділення Єлисаветградської поштово-телеграфної контори, с.",""
ДАКрО-Р1008-1920,year-like,0,0,Опис 1920,"Семенастівське поштове відділення Ровенської поштово-телеграфної контори, с.Семе",""
ДАКрО-Р1009-1921,year-like,0,0,Опис 1921,Казарнянське поштове відділення Знам'янсько-Олександрійської поштово-телеграфної,""
ДАКрО-Р1010-1922,year-like,0,0,Опис 1922,Новомиргородська поштово-телеграфна контора управління Чорноморського округу зв',""
ДАКрО-Р1012-1923,year-like,0,0,Опис 1923,"Грузьківське поштове відділення Єлисаветградської поштово-телеграфної контори, с",""
ДАКрО-Р1013-1924,year-like,0,0,Опис 1924,Антоново-Шамівське поштове відділення Новгородківської поштово-телеграфної конто,""
ДАКрО-Р1014-1925,year-like,0,0,Опис 1925,Єлисаветградська повітова поштово-телеграфна контора Одеського поштово-телеграфн,""
ДАКрО-Р1018-1926,year-like,0,0,Опис 1926,"Помічнянське поштове відділення Новоукраїнської поштово-телеграфної контори, с.П",""
ДАКрО-Р1019-1927,year-like,0,0,Опис 1927,Бобринецька районна поштово-телеграфна контора зв'язку Кіровоградського обласног,""
ДАКрО-Р1026-1928,year-like,0,0,Опис 1928,Новомиргородський районний народний суд Кіровоградського обласного управління юс,""
ДАКрО-Р1027-1929,year-like,0,0,Опис 1929,"Народний суд 6-ї дільниці Зінов'євського окружного народного  суду, с.Велика Вис",""
ДАКрО-Р1030-1930,year-like,0,0,Опис 1930,"Народний суд 17-ї дільниці, с.Новгородка Новгородківського району Зінов'євського",""
ДАКрО-Р1032-1931,year-like,0,0,Опис 1931,"Народний суд 10-ї дільниці, с.Аджамка Аджамського району Олександрійського округ",""
ДАКрО-Р1034-1932,year-like,0,0,Опис 1932,"Народний суд 10-ї дільниці, с.Злинка Злинського району Зінов'євського округу",""
ДАКрО-Р1035-1933,year-like,0,0,Опис 1933,"Народний суд 9-ї дільниці, с.Хмельове Хмелівського району Зінов'євського округу",""
ДАКрО-Р1039-1934,year-like,0,0,Опис 1934,"Народний суд 9-ї дільниці, с.Велика Виска Великовисківського району Єлисаветград",""
ДАКрО-Р1041-1935,year-like,0,0,Опис 1935,"Народний суд 3-ї дільниці Зінов'євського окружного народного суду, м.Зінов'євськ",""
ДАКрО-Р1042-1936,year-like,0,0,Опис 1936,"Народний суд 10-ої дільниці, с.Обознівка Єлисаветградського повіту",""
ДАКрО-Р1043-1937,year-like,0,0,Опис 1937,"Народний суд 12-ої дільниці, м.Новомиргород Єлисаветградського повіту",""
ДАКрО-Р1094-1946,year-like,0,0,Опис 1946,Робітничий комітет професійної спілки будівельників при Маловисківському цукрово,""
ДАКрО-Р1161-2009,year-like,0,0,Опис 2009,"Новопавлівська сільська рада депутатів трудящих та її виконавчий комітет, с.Ново",""
ДАКрО-Р1163-2010,year-like,0,0,Опис 2010,"Михайлівська сільська рада депутатів трудящих та її виконавчий комітет, с.Михайл",""
ДАКрО-Р1164-2011,year-like,0,0,Опис 2011,"Гутницька сільська рада депутатів трудящих та її виконавчий комітет, с.Гутницьке",""
ДАКрО-Р1165-2012,year-like,0,0,Опис 2012,"Чутівська сільська рада депутатів трудящих та її виконавчий комітет, с.Чутівка Є",""
ДАКрО-Р1166-2013,year-like,0,0,Опис 2013,"Букварська сільська рада та її виконавчий комітет, с.Букварка Олександрівського ",""
ДАКрО-Р1167-2014,year-like,0,0,Опис 2014,"Петрівська сільська рада депутатів трудящих та її виконавчий комітет, с.Петрівка",1 2
ДАКрО-Р1168-2015,year-like,0,0,Опис 2015,"Цвітненська сільська рада та її виконавчий комітет, с.Цвітне Олександрівського р",""
ДАКрО-Р1169-2016,year-like,0,0,Опис 2016,"Глинянська сільська рада депутатів трудящих та її виконавчий комітет, с.Глиняне ",1 2 3
ДАКрО-Р1170-2017,year-like,0,0,Опис 2017,"Крупська сільська рада депутатів трудящих та її виконавчий комітет, с.Крупське Х",""
ДАКрО-Р1171-2018,year-like,0,0,Опис 2018,"Копанська сільська рада депутатів трудящих та її виконавчий комітет, с.Копанки Х",1 2 3
ДАКрО-Р1174-2019,year-like,0,0,Опис 2019,"Кіровоградський дитячий будинок міського відділу народної освіти, м.Кіровоград",""
ДАКрО-Р1178-2020,year-like,0,0,Опис 2020,"Новоєгорівська сільська рада депутатів трудящих та її виконавчий комітет, с.Ново",1 2
ДАКрО-Р1179-2021,year-like,0,0,Опис 2021,"Сільськогосподарська артіль (колгосп) ""Червона Зірка"" Інгулецької сільської ради",""
ДАКрО-Р1181-2022,year-like,0,0,Опис 2022,"Козирівська сільська рада депутатів трудящих та її виконавчий комітет, с.Козирів",1 1Т 2
ДАКрО-Р1183-2023,year-like,0,0,Опис 2023,"Гаївська сільська рада та її виконавчий комітет, с.Гаївка Кіровоградського район",""
ДАКрО-Р1187-2024,year-like,0,0,Опис 2024,"Мошоринська сільська рада та її виконавчий комітет, с.Мошорине Знам'янського рай",""
ДАКрО-Р1188-1965,year-like,0,0,Опис 1965,"Ганнівська сільська рада та її виконавчий комітет, с.Ганнівка Новоукраїнського р",""
ДАКрО-Р1189-1966,year-like,0,0,Опис 1966,"Янчинська сільська рада робітничих, селянських і червоноармійських депутатів, с.",1 2
ДАКрО-Р1192-1967,year-like,0,0,Опис 1967,"Рівнянська сільська рада та її виконавчий комітет, с.Рівне Новоукраїнського райо",""
ДАКрО-Р1195-1968,year-like,0,0,Опис 1968,"Михайлівська сільська рада депутатів трудящих та її виконавчий комітет, с.Михайл",""
ДАКрО-Р1197-1969,year-like,0,0,Опис 1969,"Стоянівська сільська рада депутатів трудящих та її виконавчий комітет, с.Стоянів",""
ДАКрО-Р1198-1970,year-like,0,0,Опис 1970,"Караказелівська сільська рада депутатів трудящих та її виконавчий комітет, с.Кар",1 1Т 2
ДАКрО-Р1199-1971,year-like,0,0,Опис 1971,"Диминська сільська рада  та її виконавчий комітет, с.Димине Новоукраїнського рай",""
ДАКрО-Р1232-2025,year-like,0,0,Опис 2025,"Любомирський волосний революційний комітет, с.Любомирка Первомайського повіту Од",""
ДАКрО-Р1236-2026,year-like,0,0,Опис 2026,"Піщанобрідський волосний революційний комітет, с.Піщаний Брід Первомайського пов",""
ДАКрО-Р1241-2027,year-like,0,0,Опис 2027,"Апрелівська сільська рада та її виконавчий комітет, с.Апрелівське Бобринецького ",""
ДАКрО-Р1242-2028,year-like,0,0,Опис 2028,"Фурманівська сільська рада та її виконавчий комітет, с.Фурманівка Новоукраїнсько",""
ДАКрО-Р1243-2029,year-like,0,0,Опис 2029,"Сотницько-Балківська сільська рада  та її виконавчий комітет, с.Сотницька Балка ",""
ДАКрО-Р1244-2030,year-like,0,0,Опис 2030,"Сільськогосподарська артіль (колгосп) ім.Шевченка Глодоської сільської ради, с.Г",""
ДАКрО-Р1245-1973,year-like,0,0,Опис 1973,"Сільськогосподарська артіль (колгосп) ""Перша об'єднана праця"" Хмелівської сільсь",""
ДАКрО-Р1247-1974,year-like,0,0,Опис 1974,"Сільськогосподарська артіль (колгосп) ""Червоний колос"" Глодоської сільської ради",""
ДАКрО-Р1248-1975,year-like,0,0,Опис 1975,"Янопільська сільська рада депутатів трудящих та її виконавчий комітет, с.Янопіль",""
ДАКрО-Р1252-1976,year-like,0,0,Опис 1976,"Миколо-Патринська сільська рада робітничих, селянських і червоноармійських депут",1 2
ДАКрО-Р1271-1977,year-like,0,0,Опис 1977,"Народний суд 20-ї дільниці, м.Знам'янка Зінов'євського округу",1
ДАКрО-Р1278-1978,year-like,0,0,Опис 1978,Знам'янське районне відділення Зінов'євської окружної робітничо-селянської міліц,""
ДАКрО-Р1279-1979,year-like,0,0,Опис 1979,"Заломівська сільська рада депутатів трудящих та її виконавчий комітет, с.Заломи ",""
ДАКрО-Р1281-1980,year-like,0,0,Опис 1980,"Сільськогосподарська артіль (колгосп) ""Агроном"" Макариської сільської ради, с.Ма",""
ДАКрО-Р1284-1981,year-like,0,0,Опис 1981,"Знам'янська селищна рада народних депутатів та її виконавчий комітет, смт Знам'я",""
ДАКрО-Р1285-1982,year-like,0,0,Опис 1982,"Рексинська сільська рада робітничих, селянських і червоноармійських депутатів, с",""
ДАКрО-Р1291-1983,year-like,0,0,Опис 1983,"Розсохуватська сільська рада робітничих, селянських і червоноармійських депутаті",1 2 3
ДАКрО-Р1292-1984,year-like,0,0,Опис 1984,"Краснопільська сільська рада депутатів трудящих та її виконавчий комітет, с.Крас",1 2
ДАКрО-Р1298-1985,year-like,0,0,Опис 1985,Новоукраїнська районна комісія Одеської обласної контрольної комісії робітничо-с,""
ДАКрО-Р1300-1986,year-like,0,0,Опис 1986,"Новоолександрівська сільська рада депутатів трудящих та її виконавчий комітет, с",""
ДАКрО-Р1301-1988,year-like,0,0,Опис 1988,"Олександрівська районна рада, смт Олександрівка Олександрівського району Кіровог",""
ДАКрО-Р1302-1972,year-like,0,0,Опис 1972,"Олександрійська районна рада та її виконавчий комітет, м.Олександрія Олександрій",""
ДАКрО-Р1303-1989,year-like,0,0,Опис 1989,"Хмелівська районна рада депутатів трудящих та її виконавчий комітет, с.Хмельове ",1 2
ДАКрО-Р1304-1990,year-like,0,0,Опис 1990,"Добровеличківська районна рада, смт Добровеличківка Добровеличківського району К",1 1Т 2 3 4 6
ДАКрО-Р1305-1991,year-like,0,0,Опис 1991,"Онуфріївська районна рада, смт Онуфріївка Онуфріївського району Кіровоградської ",""
ДАКрО-Р1307-1992,year-like,0,0,Опис 1992,"Верблюзька районна рада робітничих, селянських і червоноармійських депутатів, с.",1
ДАКрО-Р1308-1993,year-like,0,0,Опис 1993,"Піщанобрідська районна рада депутатів трудящих та її виконавчий комітет, с.Піщан",1 2 3
ДАКрО-Р1309-1994,year-like,0,0,Опис 1994,"Долинська районна рада, м.Долинська Долинського району Кіровоградської області",1 2 3 4 5
ДАКрО-Р1311-1995,year-like,0,0,Опис 1995,"Новопразький волосний виконавчий комітет ради робітничих, селянських і червоноар",1
ДАКрО-Р1312-1996,year-like,0,0,Опис 1996,"Володимирівський волосний виконавчий комітет ради робітничих, селянських і черво",""
ДАКрО-Р1313-1997,year-like,0,0,Опис 1997,"Мартоноський волосний виконавчий комітет ради робітничих, селянських і червоноар",""
ДАКрО-Р1314-1998,year-like,0,0,Опис 1998,"Липнязький волосний виконавчий комітет ради робітничих, селянських і червоноармі",""
ДАКрО-Р1315-1999,year-like,0,0,Опис 1999,"Пантазіївський волосний виконавчий комітет ради робітничих, селянських і червоно",""
ДАКрО-Р1316-2000,year-like,0,0,Опис 2000,"Добровеличківський волосний виконавчий комітет ради робітничих, селянських і чер",""
ДАКрО-Р1317-2001,year-like,0,0,Опис 2001,"Устинівський волосний виконавчий комітет ради робітничих, селянських і червоноар",""
ДАКрО-Р1318-2002,year-like,0,0,Опис 2002,"Рівнянський селянський революційний комітет, с.Рівне Рівнянської волості Єлисаве",""
ДАКрО-Р1319-2003,year-like,0,0,Опис 2003,"Семенастівський волосний революційний комітет, с.Семенасте Семенастівської волос",""
ДАКрО-Р1320-2004,year-like,0,0,Опис 2004,"Добровеличківський волосний революційний комітет, с.Добровеличківка Добровеличкі",""
ДАКрО-Р1321-2005,year-like,0,0,Опис 2005,"Верблюзька сільська рада та її виконавчий комітет, с.Верблюжка Новгородківського",""
ДАКрО-Р1323-2006,year-like,0,0,Опис 2006,"Мар'янопільська сільська рада та її виконавчий комітет, с.Мар'янопіль Новоукраїн",""
ДАКрО-Р1324-2007,year-like,0,0,Опис 2007,"Тишківська сільська рада та її виконавчий комітет, с.Тишківка Добровеличківськог",""
ДАКрО-Р1325-2008,year-like,0,0,Опис 2008,"Тернівська сільська рада та її виконавчий комітет, с.Тернівка Новоархангельськог",""
ДАКрО-Р1346-1938,year-like,0,0,Опис 1938,"Гнатівська сільська рада  та її виконавчий комітет, с.Гнатівка Добровеличківсько",""
ДАКрО-Р1347-1939,year-like,0,0,Опис 1939,"Троянівська сільська рада та її виконавчий комітет, с.Трояни Добровеличківського",""
ДАКрО-Р1348-1940,year-like,0,0,Опис 1940,"Куцеволівська сільська рада та її виконавчий комітет, с.Куцеволівка Онуфріївсько",""
ДАКрО-Р1349-1941,year-like,0,0,Опис 1941,Хмелівська районна комісія Зінов'євської окружної контрольної комісії робітничо-,""
ДАКрО-Р1350-1942,year-like,0,0,Опис 1942,Маловисківська районна комісія Одеської обласної контрольної комісії робітничо-с,""
ДАКрО-Р1351-1943,year-like,0,0,Опис 1943,Великовисківська районна комісія Одеської області контрольної комісії робітничо-,""
ДАКрО-Р1352-1944,year-like,0,0,Опис 1944,Рівнянська районна комісія Єлисаветградської повітової контрольної комісії робіт,""
ДАКрО-Р1354-1945,year-like,0,0,Опис 1945,Компаніївська районна комісія Зінов'євської окружної контрольної комісії робітни,""
ДАКрО-Р496-1801,year-like,0,0,Опис 1801,"Весело-Кутський революційний комітет, с.Веселий Кут Цибулівської волості Олексан",""
ДАКрО-Р497-1802,year-like,0,0,Опис 1802,"Ульяновський сільський революційний комітет, с.Ульяновка Єлисаветградської волос",""
ДАКрО-Р498-1803,year-like,0,0,Опис 1803,"Ульяновська сільська рада робітничих, селянських і червоноармійських депутатів, ",""
ДАКрО-Р499-1804,year-like,0,0,Опис 1804,"Михайлівський сільський революційний комітет, с.Михайлівка Єлисаветградської вол",""
ДАКрО-Р500-1805,year-like,0,0,Опис 1805,"Коротяцька сільська рада та її виконавчий комітет, с.Коротяк Компаніївського рай",""
ДАКрО-Р501-1806,year-like,0,0,Опис 1806,"Володимирівська сільська рада робітничих, селянських і червоноармійських депутат",""
ДАКрО-Р502-1807,year-like,0,0,Опис 1807,"Кам'янська сільська рада депутатів трудящих та її виконавчий комітет, с.Кам'янка",""
ДАКрО-Р503-1808,year-like,0,0,Опис 1808,"Кетрисанівська сільська рада депутатів трудящих та її виконавчий комітет, с.Кетр",""
ДАКрО-Р504-1809,year-like,0,0,Опис 1809,"Живанівський сільський революційний комітет, с.Живанівка Компаніївської волості ",""
ДАКрО-Р505-1810,year-like,0,0,Опис 1810,"Дмитрівська сільська рада та її виконавчий комітет, с.Дмитрівка Знам'янського ра",""
ДАКрО-Р506-1812,year-like,0,0,Опис 1812,"Миколо-Бабанська сільська рада  та її виконавчий комітет, с.Миколо-Бабанка Бобри",""
ДАКрО-Р507-1814,year-like,0,0,Опис 1814,"Новомихайлівський сільський революційний комітет, с.Новомихайлівка Володимирівсь",""
ДАКрО-Р509-1816,year-like,0,0,Опис 1816,"Кропивницька сільська рада та її виконавчий комітет, с.Кропивницьке Новоукраїнсь",""
ДАКрО-Р512-1820,year-like,0,0,Опис 1820,"Ганнівська сільська рада депутатів трудящих та її виконавчий комітет, с.Ганнівка",""
ДАКрО-Р517-1825,year-like,0,0,Опис 1825,"Новокостянтинівська сільська рада робітничих, селянських і червоноармійських деп",""
ДАКрО-Р518-1826,year-like,0,0,Опис 1826,"Орлово-Польська сільська рада робітничих, селянських і червоноармійських депутат",""
ДАКрО-Р521-1829,year-like,0,0,Опис 1829,"Олексіївська сільська рада робітничих, селянських і червоноармійських депутатів,",""
ДАКрО-Р522-1830,year-like,0,0,Опис 1830,"Калинівська сільська рада  та її виконавчий комітет, с.Калинівка Кіровоградськог",""
ДАКрО-Р523-1831,year-like,0,0,Опис 1831,"Обознівська сільська рада  та її виконавчий комітет, с.Обознівка Кіровоградськог",""
ДАКрО-Р524-1833,year-like,0,0,Опис 1833,"Високобайрацька сільська рада та її виконавчий комітет, с.Високі Байраки Кіровог",""
ДАКрО-Р525-1835,year-like,0,0,Опис 1835,"Клинцівська сільська рада та її виконавчий комітет, с.Клинці Кіровоградського ра",""
ДАКрО-Р526-1837,year-like,0,0,Опис 1837,"Лелеківська сільська рада депутатів трудящих та її виконавчий комітет, с.Лелеків",""
ДАКрО-Р826-1948,year-like,0,0,Опис 1948,"Єлисаветградський агрономічний технікум Народного комісаріату землеробства, м.Єл",""
ДАКрО-Р828-1950,year-like,0,0,Опис 1950,Новопразька жіноча гімназія Олександрійського повітового відділу народної освіти,""
ДАКрО-Р830-1952,year-like,0,0,Опис 1952,Зінов'євський вечірній робочий технікум сільськогосподарського машинобудування В,""
ДАКрО-Р831-1953,year-like,0,0,Опис 1953,Олександро-Рощахівський селянський будинок Єлисаветградського окружного управлін,""
ДАКрО-Р835-1956,year-like,0,0,Опис 1956,Зінов'євське окружне відділення професійної спілки працівників комунального госп,""
ДАКрО-Р836-1957,year-like,0,0,Опис 1957,Зінов'євське окружне відділення професійної спілки радянських торговельних служб,""
ДАКрО-Р837-1958,year-like,0,0,Опис 1958,Місцевий комітет професійної спілки радянських торговельних службовців при Зінов,""
ДАКрО-Р838-1959,year-like,0,0,Опис 1959,Окружна інспекція праці при Зінов'євському окружному виконавчому комітеті ради р,""
ДАКрО-Р839-1960,year-like,0,0,Опис 1960,Зінов'євське окружне відділення професійної спілки сільськогосподарських і лісов,""
ДАКрО-Р840-1961,year-like,0,0,Опис 1961,Місцевий комітет професійної спілки сільськогосподарських і лісових працівників ,""
ДАКрО-Р841-1962,year-like,0,0,Опис 1962,Груповий комітет службовців професійної спілки сільськогосподарських і лісових п,""
ДАКрО-Р842-1963,year-like,0,0,Опис 1963,Місцевий комітет професійної спілки сільськогосподарських і лісових працівників ,""
ДАКрО-Р843-1964,year-like,0,0,Опис 1964,Зінов'євський районний комітет професійної спілки сільськогосподарських і лісови,""
ДАКрО-Р844-1894,year-like,0,0,Опис 1894,Місцевий комітет професійної спілки сільськогосподарських і лісових працівників ,""
ДАКрО-Р845-1895,year-like,0,0,Опис 1895,Місцевий комітет професійної спілки сільськогосподарських і лісових працівників ,""
ДАКрО-Р847-1896,year-like,0,0,Опис 1896,Зінов'євське окружне відділення професійної спілки будівельників Всеукраїнського,""
ДАКрО-Р848-1897,year-like,0,0,Опис 1897,Робітничий комітет професійної спілки будівельників при Зінов'євській птахомороз,""
ДАКрО-Р850-1898,year-like,0,0,Опис 1898,Робітничий комітет професійної спілки будівельників при Зінов'євському пайовому ,""
ДАКрО-Р852-1899,year-like,0,0,Опис 1899,Робітничий комітет професійної спілки будівельників при будівництві греблі район,""
ДАКрО-Р853-1900,year-like,0,0,Опис 1900,Робітничий комітет професійної спілки будівельників при Зінов'євській районній е,""
ДАКрО-Р854-1901,year-like,0,0,Опис 1901,Робітничий комітет професійної спілки будівельників при Зінов'євському цегляному,""
ДАКрО-Р855-1902,year-like,0,0,Опис 1902,Зінов'євський груповий комітет №1 професійної спілки будівельників Зінов'євськог,""
ДАКрО-Р856-1903,year-like,0,0,Опис 1903,Робітничий комітет професійної спілки будівельників при Зінов'євському військово,""
ДАКрО-Р857-1904,year-like,0,0,Опис 1904,Заводський комітет професійної спілки будівельників при Зінов'євському цегельном,""
ДАКрО-Р859-1905,year-like,0,0,Опис 1905,Первинна профспілкова організація відкритого акціонерного товариства по виробниц,""
ДАКрО-Р860-1906,year-like,0,0,Опис 1906,Зінов'євський районний секретаріат професійних спілок Зінов'євської окружної рад,""
ДАКрО-Р861-1907,year-like,0,0,Опис 1907,Знам'янський дільничний комітет професійної спілки медично-санітарних працівникі,""
ДАКрО-Р862-1908,year-like,0,0,Опис 1908,Місцевий комітет №5 професійної спілки працівників освіти при Зінов'євському дит,""
ДАКрО-Р864-1910,year-like,0,0,Опис 1910,"Зінов'євський районний комітет професійної спілки ""Металіст"" Всеукраїнського ком",""
ДАКрО-Р865-1909,year-like,0,0,Опис 1909,Зінов'євське окружне відділення професійної спілки медично-санітарних працівникі,""
ДАКрО-Р867-1911,year-like,0,0,Опис 1911,Єлисаветградський заводський комітет професійної спілки працівників заводу акціо,""
ДАКрО-Р868-1912,year-like,0,0,Опис 1912,"",""
ДАКрО-Р869-1913,year-like,0,0,Опис 1913,Єлисаветградська повітова професійна спілка хімічної промисловості Миколаївськог,""
ДАКрО-Р870-1914,year-like,0,0,Опис 1914,"Зінов'євська окружна рада професійних спілок Всеукраїнської ради профспілок, м.З",""
ДАКрО-Р871-1915,year-like,0,0,Опис 1915,Фабричний комітет професійної спілки деревообробників при Зінов'євській фабриці ,""
ДАКрО-Р872-1916,year-like,0,0,Опис 1916,Зінов'євське окружне відділення професійної спілки працівників освіти Всеукраїнс,""
ДАКрО-Р873-1917,year-like,0,0,Опис 1917,Робітничий комітет професійної спілки транспортних працівників при Зінов'євськом,""
ДАКрО-Р874-1838,year-like,0,0,Опис 1838,Місцевий комітет №7 професійної спілки працівників освіти при Зінов'євському окр,""
ДАКрО-Р875-1839,year-like,0,0,Опис 1839,Зінов'євське окружне відділення профспілки працівників мистецтва Всеукраїнського,""
ДАКрО-Р876-1840,year-like,0,0,Опис 1840,Зінов'євське окружне відділення профспілки працівників місцевого транспорту Всеу,""
ДАКрО-Р877-1841,year-like,0,0,Опис 1841,Місцевий комітет професійної спілки радянських торгівельних службовців при Зінов,""
ДАКрО-Р878-1842,year-like,0,0,Опис 1842,Зінов'євське окружне відділення професійної спілки деревообробників Всеукраїнськ,""
ДАКрО-Р879-1843,year-like,0,0,Опис 1843,Зінов'євське окружне відділення професійної спілки працівників народного харчува,""
ДАКрО-Р880-1844,year-like,0,0,Опис 1844,Місцевий комітет професійної спілки радянських торговельних службовців при Кіров,""
ДАКрО-Р881-1845,year-like,0,0,Опис 1845,Зінов'євське окружне відділення професійної спілки працівників харчової і смаков,""
ДАКрО-Р882-1846,year-like,0,0,Опис 1846,Заводський комітет професійної спілки працівників харчової та смакової промислов,""
ДАКрО-Р883-1847,year-like,0,0,Опис 1847,Зінов'євська окружна каса соціального страхування Української ради соціального с,""
ДАКрО-Р885-1848,year-like,0,0,Опис 1848,"Кучерівський сільський комітет незаможних селян, с.Кучерівка Єлисаветградківсько",""
ДАКрО-Р886-1849,year-like,0,0,Опис 1849,Зінов'євське міське управління з підготовки і постачання робітників при міській ,""
ДАКрО-Р887-1850,year-like,0,0,Опис 1850,"Біржа праці Зінов'євської окружної інспектури праці, м.Зінов'євськ",""
ДАКрО-Р888-1851,year-like,0,0,Опис 1851,"Зінов'євська професійна спілка вантажних і легкових візників, м.Зінов'євськ",""
ДАКрО-Р889-1852,year-like,0,0,Опис 1852,Зінов'євський міський комітет професійної спілки працівників радянських державни,""
ДАКрО-Р890-1853,year-like,0,0,Опис 1853,Профспілковий комітет працівників освіти при Зінов'євській радянській партійній ,""
ДАКрО-Р892-1854,year-like,0,0,Опис 1854,Новомиргородський районний комітет профспілки сільськогосподарських і лісових пр,""
ДАКрО-Р893-1855,year-like,0,0,Опис 1855,Злинський районний комітет професійної спілки сільськогосподарських і лісових пр,""
ДАКрО-Р894-1856,year-like,0,0,Опис 1856,Новоукраїнський районний комітет професійної спілки працівників агропромислового,""
ДАКрО-Р896-1857,year-like,0,0,Опис 1857,Устинівський районний комітет професійної спілки працівників харчової і смакової,""
ДАКрО-Р897-1858,year-like,0,0,Опис 1858,Великовисківський районний комітет професійної спілки сільськогосподарських і лі,""
ДАКрО-Р898-1859,year-like,0,0,Опис 1859,Маловисківський районний комітет професійної спілки працівників агропромислового,""
ДАКрО-Р899-1860,year-like,0,0,Опис 1860,Хмелівський районний комітет професійної спілки сільськогосподарських і лісових ,""
ДАКрО-Р900-1861,year-like,0,0,Опис 1861,Знам'янський районний комітет професійної спілки сільськогосподарських і лісових,""
ДАКрО-Р901-1862,year-like,0,0,Опис 1862,Бобринецький районна профспілкова організація працівників агропромислового компл,""
ДАКрО-Р902-1863,year-like,0,0,Опис 1863,Єлисаветградківський районний комітет профспілки сільськогосподарських і лісових,""
ДАКрО-Р903-1864,year-like,0,0,Опис 1864,Устинівський районний комітет професійної спілки працівників агропромислового ко,""
ДАКрО-Р905-1865,year-like,0,0,Опис 1865,Робітничий комітет професійної спілки будівельників при Саблино-Знам'янському бу,""
ДАКрО-Р906-1866,year-like,0,0,Опис 1866,Робітничий комітет професійної спілки будівельників при ст.Глиняній Новоукраїнсь,""
ДАКрО-Р908-1867,year-like,0,0,Опис 1867,Новомиргородський робітничий комітет професійної спілки будівельників Зінов'євсь,""
ДАКрО-Р909-1868,year-like,0,0,Опис 1868,Місцевий комітет професійної спілки будівельників при ст.Знам'янка Одеської залі,""
ДАКрО-Р910-1869,year-like,0,0,Опис 1869,Робітничий комітет професійної спілки будівельників при ст.Помічна Новоукраїнськ,""
ДАКрО-Р912-1870,year-like,0,0,Опис 1870,Знам'янський груповий комітет професійної спілки будівельників Зінов'євського ок,""
ДАКрО-Р913-1871,year-like,0,0,Опис 1871,Рівнянський районний секретаріат професійних спілок Зінов'євської окружної профе,""
ДАКрО-Р914-1872,year-like,0,0,Опис 1872,Компаніївський районний секретаріат професійних спілок Зінов'євської окружної пр,""
ДАКрО-Р915-1873,year-like,0,0,Опис 1873,Новоукраїнський районний секретаріат професійних спілок Зінов'євської окружної п,""
ДАКрО-Р916-1874,year-like,0,0,Опис 1874,Злинський районний секретаріат професійних спілок Зінов'євської окружної професі,""
ДАКрО-Р917-1875,year-like,0,0,Опис 1875,Знам'янський районний секретаріат професійних спілок Зінов'євської окружної проф,""
ДАКрО-Р919-1876,year-like,0,0,Опис 1876,Новопразький районний секретаріат професійних спілок Зінов'євської окружної проф,""
ДАКрО-Р920-1877,year-like,0,0,Опис 1877,Єлисаветградківський районний секретаріат професійних спілок Зінов'євської окруж,""
ДАКрО-Р921-1878,year-like,0,0,Опис 1878,Маловисківський районний секретаріат професійних спілок Зінов'євської окружної п,""
ДАКрО-Р922-1879,year-like,0,0,Опис 1879,Верблюзький районний секретаріат професійних спілок Зінов'євської окружної профе,""
ДАКрО-Р923-1880,year-like,0,0,Опис 1880,Новомиргородський районний секретаріат професійних спілок Зінов'євської окружної,""
ДАКрО-Р924-1881,year-like,0,0,Опис 1881,Устинівський районний секретаріат професійних спілок Зінов'євської окружної проф,""
ДАКрО-Р925-1882,year-like,0,0,Опис 1882,Олександрійське окружне відділення професійних спілок Всеукраїнської ради профес,""
ДАКрО-Р926-1883,year-like,0,0,Опис 1883,Великовисківський районний секретаріат професійних спілок Одеської обласної ради,""
ДАКрО-Р927-1884,year-like,0,0,Опис 1884,Новгородківський районний секретаріат професійних спілок Зінов'євської окружної ,""
ДАКрО-Р928-1885,year-like,0,0,Опис 1885,Хмелівський районний секретаріат професійних спілок Одеської обласної ради профе,""
ДАКрО-Р929-1886,year-like,0,0,Опис 1886,Лозуватський сільський комітет професійної спілки сільськогосподарських і лісови,""
ДАКрО-Р932-1887,year-like,0,0,Опис 1887,Знам'янський районний комітет професійної спілки радянських торговельних службов,""
ДАКрО-Р934-1888,year-like,0,0,Опис 1888,Великовисківське поштово-телеграфне відділення Кіровоградського обласного управл,""
ДАКрО-Р935-1889,year-like,0,0,Опис 1889,Злинське поштове відділення Новоукраїнської поштово-телеграфної контори Зінов'єв,""
ДАКрО-Р936-1890,year-like,0,0,Опис 1890,"Гнатівське поштове відділення Новоукраїнської поштово-телеграфної контори, с.Гна",""
ДАКрО-Р938-1891,year-like,0,0,Опис 1891,"Новоукраїнська поштово-телеграфна контора Одеського поштово-телеграфного округу,",""
ДАКрО-Р939-1892,year-like,0,0,Опис 1892,Компаніївське поштово-телеграфне відділення Кіровоградського обласного управлінн,""
ДАКрО-Р940-1893,year-like,0,0,Опис 1893,"Плетеноташлицьке поштове відділення Зінов'євської поштово-телеграфної контори, с",""
ДАОО-17563-1906,year-like,1,0,"","",""
ДАПО-11-1913,year-like,1,0,"","",1 187 332 490 638 816 973 1144 1298 1431 1584 1750 2067 2212 2376 2549 2704 2862 3016 3167 3322 3467 3635 3836 3989 4126 4293 4436 4612 4760 4889 5039 5174 5281 5420 5568 5727 5868 6004 6169 6314 6448 6597 6744 6892 7022 7154 7295 7444 7618
ДАПО-12-1861,year-like,1,0,"","",1 2 149 309 447 568 725 866 995 1137 1272 1415 1571 1714 1985 2126 2286 2446 2579 2735 2875 3022 3169 3335 3490 3636 3801 3955 4122 4280 4435 4622 4792 4954 5123 5276 5431 5584 5761
ДАПО-12-1985,year-like,1,0,"","",1 2 149 309 447 568 725 866 995 1137 1272 1415 1571 1714 1861 2126 2286 2446 2579 2735 2875 3022 3169 3335 3490 3636 3801 3955 4122 4280 4435 4622 4792 4954 5123 5276 5431 5584 5761
ДАПО-13-1961,year-like,1,0,"","Гадяцький повітовий суд, м. Гадяч Чернігівського намісництва, з 1791 р. Київсько",1 2 184 346 495 648 827 1005 1168 1326 1486 1647 1792 2126 2289 2448 2589 2748 2909 3040 3171 3298 3432 3621 3764 3905 4068 4219 4375 4541 4702 4852 4955 5128 5289 5448 5607 5762 5939 6096 6232 6368 6488 6639 6779 6932 7073 7290 7410 7566 7712
ДАПО-14-1960,year-like,1,0,"","Зіньківський повітовий земський суд, м. Зіньків Малоросійської губернії",1 225 374 501 622 716 852 1005 1196 1375 1557 1759 2182 2350 2561 2864 3115 3382 3701 3951 4283 4624 4904 5625 5965
ДАПО-6-1809,year-like,1,0,"","",1 5 140 286 426 572 726 861 992 1143 1269 1395 1517 1643 1935 2059 2159 2297 2439 2570 2693 2813 2933 3053 3173 3295 3422 3564 3691 3821 3964 4096 4242 4372 4507 4640 4767 4889 5003 5123 5245 5378 5513 5645 5774
ДАПО-6-1935,year-like,1,0,"","",1 5 140 286 426 572 726 861 992 1143 1269 1395 1517 1643 1809 2059 2159 2297 2439 2570 2693 2813 2933 3053 3173 3295 3422 3564 3691 3821 3964 4096 4242 4372 4507 4640 4767 4889 5003 5123 5245 5378 5513 5645 5774
ДАПО-7-1856,year-like,1,0,"","",1 130 256 381 514 647 786 909 1057 1187 1325 1456 1596 1733 1980 2138 2302 2445 2578 2709 2826 2955 3105 3248 3379 3518 3647 3778 3913 4075 4232 4373 4515 4697 4822 4933 5062 5193 5312 5433 5555 5685 5804 6061 6190 6280 6363 6566 6665 6766 6871 6970 7085 7181 7258 7360 7487 7569 7667 7750 7846 7933 8029 8099 8185 8280 8377 8471 8568 8659 8751 8845 8948 9060 9164 9260 9359 9461
ДАПО-7-1980,year-like,1,0,"","",1 130 256 381 514 647 786 909 1057 1187 1325 1456 1596 1733 1856 2138 2302 2445 2578 2709 2826 2955 3105 3248 3379 3518 3647 3778 3913 4075 4232 4373 4515 4697 4822 4933 5062 5193 5312 5433 5555 5685 5804 6061 6190 6280 6363 6566 6665 6766 6871 6970 7085 7181 7258 7360 7487 7569 7667 7750 7846 7933 8029 8099 8185 8280 8377 8471 8568 8659 8751 8845 8948 9060 9164 9260 9359 9461
ДАПО-Р533-1934,year-like,0,0,Опис 1934,"Полтавська губернська Рада професійних спілок (губсовпроф), м.Полтава Полтавсько",1
ДАЧкО-1907-1908,year-like,0,0,"","",""
ЦДАВО-1-1931,year-like,1,0,"","Верховна Рада України, м. Київ",1 2ДОД 2 3 4 5 6 7 8 9 10 11 12 13 14 15 16 17 18 19А 19 20 21 22 23 24 25 26 27 28 31ОС 33С 33 34С 34 35 36 39 42 43 44 45 1935 1940 1941 1943 1944 1945 1946 1947 1949 1950 1952 1953 1956 1958 1960 1961 1963 1964 1965 1966 1967 1969 1971 1974 1975 2002
ЦДАВО-1-1935,year-like,1,0,"","Верховна Рада України, м. Київ",1 2ДОД 2 3 4 5 6 7 8 9 10 11 12 13 14 15 16 17 18 19А 19 20 21 22 23 24 25 26 27 28 31ОС 33С 33 34С 34 35 36 39 42 43 44 45 1931 1940 1941 1943 1944 1945 1946 1947 1949 1950 1952 1953 1956 1958 1960 1961 1963 1964 1965 1966 1967 1969 1971 1974 1975 2002
ЦДАВО-1-1940,year-like,3,0,"","Верховна Рада України, м. Київ",1 2ДОД 2 3 4 5 6 7 8 9 10 11 12 13 14 15 16 17 18 19А 19 20 21 22 23 24 25 26 27 28 31ОС 33С 33 34С 34 35 36 39 42 43 44 45 1931 1935 1941 1943 1944 1945 1946 1947 1949 1950 1952 1953 1956 1958 1960 1961 1963 1964 1965 1966 1967 1969 1971 1974 1975 2002
ЦДАВО-1-1941,year-like,1,0,"","Верховна Рада України, м. Київ",1 2 2ДОД 3 4 5 6 7 8 9 10 11 12 13 14 15 16 17 18 19 19А 20 21 22 23 24 25 26 27 28 31ОС 33 33С 34 34С 35 36 39 42 43 44 45 1931 1935 1940 1943 1944 1945 1946 1947 1949 1950 1952 1953 1956 1958 1960 1961 1963 1964 1965 1966 1967 1969 1971 1974 1975 2002
ЦДАВО-1-1943,year-like,2,0,"","Верховна Рада України, м. Київ",1 2ДОД 2 3 4 5 6 7 8 9 10 11 12 13 14 15 16 17 18 19А 19 20 21 22 23 24 25 26 27 28 31ОС 33С 33 34С 34 35 36 39 42 43 44 45 1931 1935 1940 1941 1944 1945 1946 1947 1949 1950 1952 1953 1956 1958 1960 1961 1963 1964 1965 1966 1967 1969 1971 1974 1975 2002
ЦДАВО-1-1944,year-like,2,0,"","Верховна Рада України, м. Київ",1 2ДОД 2 3 4 5 6 7 8 9 10 11 12 13 14 15 16 17 18 19А 19 20 21 22 23 24 25 26 27 28 31ОС 33С 33 34С 34 35 36 39 42 43 44 45 1931 1935 1940 1941 1943 1945 1946 1947 1949 1950 1952 1953 1956 1958 1960 1961 1963 1964 1965 1966 1967 1969 1971 1974 1975 2002
ЦДАВО-1-1945,year-like,2,0,"","Верховна Рада України, м. Київ",1 2ДОД 2 3 4 5 6 7 8 9 10 11 12 13 14 15 16 17 18 19А 19 20 21 22 23 24 25 26 27 28 31ОС 33С 33 34С 34 35 36 39 42 43 44 45 1931 1935 1940 1941 1943 1944 1946 1947 1949 1950 1952 1953 1956 1958 1960 1961 1963 1964 1965 1966 1967 1969 1971 1974 1975 2002
ЦДАВО-1-1946,year-like,1,0,"","Верховна Рада України, м. Київ",1 2ДОД 2 3 4 5 6 7 8 9 10 11 12 13 14 15 16 17 18 19А 19 20 21 22 23 24 25 26 27 28 31ОС 33С 33 34С 34 35 36 39 42 43 44 45 1931 1935 1940 1941 1943 1944 1945 1947 1949 1950 1952 1953 1956 1958 1960 1961 1963 1964 1965 1966 1967 1969 1971 1974 1975 2002
ЦДАВО-1-1947,year-like,1,0,"","Верховна Рада України, м. Київ",1 2ДОД 2 3 4 5 6 7 8 9 10 11 12 13 14 15 16 17 18 19А 19 20 21 22 23 24 25 26 27 28 31ОС 33С 33 34С 34 35 36 39 42 43 44 45 1931 1935 1940 1941 1943 1944 1945 1946 1949 1950 1952 1953 1956 1958 1960 1961 1963 1964 1965 1966 1967 1969 1971 1974 1975 2002
ЦДАВО-1-1949,year-like,1,0,"","Верховна Рада України, м. Київ",1 2ДОД 2 3 4 5 6 7 8 9 10 11 12 13 14 15 16 17 18 19А 19 20 21 22 23 24 25 26 27 28 31ОС 33С 33 34С 34 35 36 39 42 43 44 45 1931 1935 1940 1941 1943 1944 1945 1946 1947 1950 1952 1953 1956 1958 1960 1961 1963 1964 1965 1966 1967 1969 1971 1974 1975 2002
ЦДАВО-1-1950,year-like,1,0,"","Верховна Рада України, м. Київ",1 2 2ДОД 3 4 5 6 7 8 9 10 11 12 13 14 15 16 17 18 19 19А 20 21 22 23 24 25 26 27 28 31ОС 33 33С 34 34С 35 36 39 42 43 44 45 1931 1935 1940 1941 1943 1944 1945 1946 1947 1949 1952 1953 1956 1958 1960 1961 1963 1964 1965 1966 1967 1969 1971 1974 1975 2002
ЦДАВО-1-1952,year-like,1,0,"","Верховна Рада України, м. Київ",1 2 2ДОД 3 4 5 6 7 8 9 10 11 12 13 14 15 16 17 18 19 19А 20 21 22 23 24 25 26 27 28 31ОС 33 33С 34 34С 35 36 39 42 43 44 45 1931 1935 1940 1941 1943 1944 1945 1946 1947 1949 1950 1953 1956 1958 1960 1961 1963 1964 1965 1966 1967 1969 1971 1974 1975 2002
ЦДАВО-1-1953,year-like,1,0,"","Верховна Рада України, м. Київ",1 2ДОД 2 3 4 5 6 7 8 9 10 11 12 13 14 15 16 17 18 19А 19 20 21 22 23 24 25 26 27 28 31ОС 33С 33 34С 34 35 36 39 42 43 44 45 1931 1935 1940 1941 1943 1944 1945 1946 1947 1949 1950 1952 1956 1958 1960 1961 1963 1964 1965 1966 1967 1969 1971 1974 1975 2002
ЦДАВО-1-1956,year-like,1,0,"","Верховна Рада України, м. Київ",1 2 2ДОД 3 4 5 6 7 8 9 10 11 12 13 14 15 16 17 18 19 19А 20 21 22 23 24 25 26 27 28 31ОС 33 33С 34 34С 35 36 39 42 43 44 45 1931 1935 1940 1941 1943 1944 1945 1946 1947 1949 1950 1952 1953 1958 1960 1961 1963 1964 1965 1966 1967 1969 1971 1974 1975 2002
ЦДАВО-1-1958,year-like,1,0,"","Верховна Рада України, м. Київ",1 2ДОД 2 3 4 5 6 7 8 9 10 11 12 13 14 15 16 17 18 19А 19 20 21 22 23 24 25 26 27 28 31ОС 33С 33 34С 34 35 36 39 42 43 44 45 1931 1935 1940 1941 1943 1944 1945 1946 1947 1949 1950 1952 1953 1956 1960 1961 1963 1964 1965 1966 1967 1969 1971 1974 1975 2002
ЦДАВО-1-1960,year-like,2,0,"","Верховна Рада України, м. Київ",1 2 2ДОД 3 4 5 6 7 8 9 10 11 12 13 14 15 16 17 18 19 19А 20 21 22 23 24 25 26 27 28 31ОС 33 33С 34 34С 35 36 39 42 43 44 45 1931 1935 1940 1941 1943 1944 1945 1946 1947 1949 1950 1952 1953 1956 1958 1961 1963 1964 1965 1966 1967 1969 1971 1974 1975 2002
ЦДАВО-1-1961,year-like,1,0,"","Верховна Рада України, м. Київ",1 2ДОД 2 3 4 5 6 7 8 9 10 11 12 13 14 15 16 17 18 19А 19 20 21 22 23 24 25 26 27 28 31ОС 33С 33 34С 34 35 36 39 42 43 44 45 1931 1935 1940 1941 1943 1944 1945 1946 1947 1949 1950 1952 1953 1956 1958 1960 1963 1964 1965 1966 1967 1969 1971 1974 1975 2002
ЦДАВО-1-1963,year-like,1,0,"","Верховна Рада України, м. Київ",1 2ДОД 2 3 4 5 6 7 8 9 10 11 12 13 14 15 16 17 18 19А 19 20 21 22 23 24 25 26 27 28 31ОС 33С 33 34С 34 35 36 39 42 43 44 45 1931 1935 1940 1941 1943 1944 1945 1946 1947 1949 1950 1952 1953 1956 1958 1960 1961 1964 1965 1966 1967 1969 1971 1974 1975 2002
ЦДАВО-1-1964,year-like,2,0,"","Верховна Рада України, м. Київ",1 2 2ДОД 3 4 5 6 7 8 9 10 11 12 13 14 15 16 17 18 19 19А 20 21 22 23 24 25 26 27 28 31ОС 33 33С 34 34С 35 36 39 42 43 44 45 1931 1935 1940 1941 1943 1944 1945 1946 1947 1949 1950 1952 1953 1956 1958 1960 1961 1963 1965 1966 1967 1969 1971 1974 1975 2002
ЦДАВО-1-1965,year-like,4,0,"","Верховна Рада України, м. Київ",1 2ДОД 2 3 4 5 6 7 8 9 10 11 12 13 14 15 16 17 18 19А 19 20 21 22 23 24 25 26 27 28 31ОС 33С 33 34С 34 35 36 39 42 43 44 45 1931 1935 1940 1941 1943 1944 1945 1946 1947 1949 1950 1952 1953 1956 1958 1960 1961 1963 1964 1966 1967 1969 1971 1974 1975 2002
ЦДАВО-1-1966,year-like,1,0,"","Верховна Рада України, м. Київ",1 2ДОД 2 3 4 5 6 7 8 9 10 11 12 13 14 15 16 17 18 19А 19 20 21 22 23 24 25 26 27 28 31ОС 33С 33 34С 34 35 36 39 42 43 44 45 1931 1935 1940 1941 1943 1944 1945 1946 1947 1949 1950 1952 1953 1956 1958 1960 1961 1963 1964 1965 1967 1969 1971 1974 1975 2002
ЦДАВО-1-1967,year-like,2,0,"","Верховна Рада України, м. Київ",1 2ДОД 2 3 4 5 6 7 8 9 10 11 12 13 14 15 16 17 18 19А 19 20 21 22 23 24 25 26 27 28 31ОС 33С 33 34С 34 35 36 39 42 43 44 45 1931 1935 1940 1941 1943 1944 1945 1946 1947 1949 1950 1952 1953 1956 1958 1960 1961 1963 1964 1965 1966 1969 1971 1974 1975 2002
ЦДАВО-1-1969,year-like,1,0,"","Верховна Рада України, м. Київ",1 2ДОД 2 3 4 5 6 7 8 9 10 11 12 13 14 15 16 17 18 19А 19 20 21 22 23 24 25 26 27 28 31ОС 33С 33 34С 34 35 36 39 42 43 44 45 1931 1935 1940 1941 1943 1944 1945 1946 1947 1949 1950 1952 1953 1956 1958 1960 1961 1963 1964 1965 1966 1967 1971 1974 1975 2002
ЦДАВО-1-1971,year-like,1,0,"","Верховна Рада України, м. Київ",1 2ДОД 2 3 4 5 6 7 8 9 10 11 12 13 14 15 16 17 18 19А 19 20 21 22 23 24 25 26 27 28 31ОС 33С 33 34С 34 35 36 39 42 43 44 45 1931 1935 1940 1941 1943 1944 1945 1946 1947 1949 1950 1952 1953 1956 1958 1960 1961 1963 1964 1965 1966 1967 1969 1974 1975 2002
ЦДАВО-1-1974,year-like,1,0,"","Верховна Рада України, м. Київ",1 2ДОД 2 3 4 5 6 7 8 9 10 11 12 13 14 15 16 17 18 19А 19 20 21 22 23 24 25 26 27 28 31ОС 33С 33 34С 34 35 36 39 42 43 44 45 1931 1935 1940 1941 1943 1944 1945 1946 1947 1949 1950 1952 1953 1956 1958 1960 1961 1963 1964 1965 1966 1967 1969 1971 1975 2002
ЦДАВО-1-1975,year-like,1,0,"","Верховна Рада України, м. Київ",1 2ДОД 2 3 4 5 6 7 8 9 10 11 12 13 14 15 16 17 18 19А 19 20 21 22 23 24 25 26 27 28 31ОС 33С 33 34С 34 35 36 39 42 43 44 45 1931 1935 1940 1941 1943 1944 1945 1946 1947 1949 1950 1952 1953 1956 1958 1960 1961 1963 1964 1965 1966 1967 1969 1971 1974 2002
ЦДАВО-1-2002,year-like,1,0,"","Верховна Рада України, м. Київ",1 2 2ДОД 3 4 5 6 7 8 9 10 11 12 13 14 15 16 17 18 19 19А 20 21 22 23 24 25 26 27 28 31ОС 33 33С 34 34С 35 36 39 42 43 44 45 1931 1935 1940 1941 1943 1944 1945 1946 1947 1949 1950 1952 1953 1956 1958 1960 1961 1963 1964 1965 1966 1967 1969 1971 1974 1975
ЦДАВО-10-1991,year-like,1,0,"","Військово-транспортний окружний трибунал Південного округу шляхів сполучення, м.",1
ЦДАВО-12-1995,year-like,1,0,"",Особлива колегія Вищого контролю (ОКВК) із земельних суперечок при Народному ком,1 2 3 4 5 6 7 8 9 10 11 12 13 14 15 16 17 18
ЦДАВО-13-1997,year-like,1,0,"","",""
ЦДАВО-16-2003,year-like,1,0,"","Уповноважений представник Народного комісаріату освіти УСРР у Німеччині, м. Берл",1
ЦДАВО-17-2005,year-like,1,0,"",Всеукраїнська центральна комісія з боротьби із дезертирством при Командуючому вс,1
ЦДАВО-19-2009,year-like,1,0,"",Українська філія Інституту підвищення кваліфікації інженерно-технічного персонал,1
ЦДАВО-1917-1933,year-like,34,0,"","Підвисоцька волосна управа, с. Володимирівка Підвисоцької волості Уманського пов",1
ЦДАВО-2-1887,year-like,1,0,"","Кабінет Міністрів України, мм. Харків, Київ",1 2 3 4 5 6ОС 6 7ДОД 7 8 9 10 11С 12 12СЧ 13 14 15 16С 17С 18 19С 20С 21 1922 1960 1961 1962 1964 1966 1967 1969 1971 1972 1973 1974 1975 1976 1977 1978 1979 1980 1983 1993
ЦДАВО-2-1922,year-like,1,0,"","Кабінет Міністрів України, мм. Харків, Київ",1 2 3 4 5 6 6ОС 7 7ДОД 8 9 10 11С 12СЧ 12 13 14 15 16С 17С 18 19С 20С 21 1887 1960 1961 1962 1964 1966 1967 1969 1971 1972 1973 1974 1975 1976 1977 1978 1979 1980 1983 1993
ЦДАВО-2-1960,year-like,1,0,"","Кабінет Міністрів України, мм. Харків, Київ",1 2 3 4 5 6 6ОС 7 7ДОД 8 9 10 11С 12СЧ 12 13 14 15 16С 17С 18 19С 20С 21 1887 1922 1961 1962 1964 1966 1967 1969 1971 1972 1973 1974 1975 1976 1977 1978 1979 1980 1983 1993
ЦДАВО-2-1961,year-like,1,0,"","Кабінет Міністрів України, мм. Харків, Київ",1 2 3 4 5 6 6ОС 7 7ДОД 8 9 10 11С 12СЧ 12 13 14 15 16С 17С 18 19С 20С 21 1887 1922 1960 1962 1964 1966 1967 1969 1971 1972 1973 1974 1975 1976 1977 1978 1979 1980 1983 1993
ЦДАВО-2-1962,year-like,1,0,"","Кабінет Міністрів України, мм. Харків, Київ",1 2 3 4 5 6ОС 6 7ДОД 7 8 9 10 11С 12СЧ 12 13 14 15 16С 17С 18 19С 20С 21 1887 1922 1960 1961 1964 1966 1967 1969 1971 1972 1973 1974 1975 1976 1977 1978 1979 1980 1983 1993
ЦДАВО-2-1964,year-like,2,0,"","Кабінет Міністрів України, мм. Харків, Київ",1 2 3 4 5 6ОС 6 7ДОД 7 8 9 10 11С 12 12СЧ 13 14 15 16С 17С 18 19С 20С 21 1887 1922 1960 1961 1962 1966 1967 1969 1971 1972 1973 1974 1975 1976 1977 1978 1979 1980 1983 1993
ЦДАВО-2-1966,year-like,3,0,"","Кабінет Міністрів України, мм. Харків, Київ",1 2 3 4 5 6 6ОС 7ДОД 7 8 9 10 11С 12 12СЧ 13 14 15 16С 17С 18 19С 20С 21 1887 1922 1960 1961 1962 1964 1967 1969 1971 1972 1973 1974 1975 1976 1977 1978 1979 1980 1983 1993
ЦДАВО-2-1967,year-like,1,0,"","Кабінет Міністрів України, мм. Харків, Київ",1 2 3 4 5 6ОС 6 7ДОД 7 8 9 10 11С 12СЧ 12 13 14 15 16С 17С 18 19С 20С 21 1887 1922 1960 1961 1962 1964 1966 1969 1971 1972 1973 1974 1975 1976 1977 1978 1979 1980 1983 1993
ЦДАВО-2-1969,year-like,3,0,"","Кабінет Міністрів України, мм. Харків, Київ",1 2 3 4 5 6 6ОС 7ДОД 7 8 9 10 11С 12 12СЧ 13 14 15 16С 17С 18 19С 20С 21 1887 1922 1960 1961 1962 1964 1966 1967 1971 1972 1973 1974 1975 1976 1977 1978 1979 1980 1983 1993
ЦДАВО-2-1971,year-like,7,0,"","Кабінет Міністрів України, мм. Харків, Київ",1 2 3 4 5 6 6ОС 7ДОД 7 8 9 10 11С 12 12СЧ 13 14 15 16С 17С 18 19С 20С 21 1887 1922 1960 1961 1962 1964 1966 1967 1969 1972 1973 1974 1975 1976 1977 1978 1979 1980 1983 1993
ЦДАВО-2-1972,year-like,2,0,"","Кабінет Міністрів України, мм. Харків, Київ",1 2 3 4 5 6 6ОС 7ДОД 7 8 9 10 11С 12 12СЧ 13 14 15 16С 17С 18 19С 20С 21 1887 1922 1960 1961 1962 1964 1966 1967 1969 1971 1973 1974 1975 1976 1977 1978 1979 1980 1983 1993
ЦДАВО-2-1973,year-like,1,0,"","Кабінет Міністрів України, мм. Харків, Київ",1 2 3 4 5 6ОС 6 7ДОД 7 8 9 10 11С 12СЧ 12 13 14 15 16С 17С 18 19С 20С 21 1887 1922 1960 1961 1962 1964 1966 1967 1969 1971 1972 1974 1975 1976 1977 1978 1979 1980 1983 1993
ЦДАВО-2-1974,year-like,1,0,"","Кабінет Міністрів України, мм. Харків, Київ",1 2 3 4 5 6ОС 6 7ДОД 7 8 9 10 11С 12 12СЧ 13 14 15 16С 17С 18 19С 20С 21 1887 1922 1960 1961 1962 1964 1966 1967 1969 1971 1972 1973 1975 1976 1977 1978 1979 1980 1983 1993
ЦДАВО-2-1975,year-like,2,0,"","Кабінет Міністрів України, мм. Харків, Київ",1 2 3 4 5 6 6ОС 7ДОД 7 8 9 10 11С 12 12СЧ 13 14 15 16С 17С 18 19С 20С 21 1887 1922 1960 1961 1962 1964 1966 1967 1969 1971 1972 1973 1974 1976 1977 1978 1979 1980 1983 1993
ЦДАВО-2-1976,year-like,3,0,"","Кабінет Міністрів України, мм. Харків, Київ",1 2 3 4 5 6 6ОС 7ДОД 7 8 9 10 11С 12 12СЧ 13 14 15 16С 17С 18 19С 20С 21 1887 1922 1960 1961 1962 1964 1966 1967 1969 1971 1972 1973 1974 1975 1977 1978 1979 1980 1983 1993
ЦДАВО-2-1977,year-like,2,0,"","Кабінет Міністрів України, мм. Харків, Київ",1 2 3 4 5 6 6ОС 7ДОД 7 8 9 10 11С 12 12СЧ 13 14 15 16С 17С 18 19С 20С 21 1887 1922 1960 1961 1962 1964 1966 1967 1969 1971 1972 1973 1974 1975 1976 1978 1979 1980 1983 1993
ЦДАВО-2-1978,year-like,1,0,"","Кабінет Міністрів України, мм. Харків, Київ",1 2 3 4 5 6 6ОС 7ДОД 7 8 9 10 11С 12 12СЧ 13 14 15 16С 17С 18 19С 20С 21 1887 1922 1960 1961 1962 1964 1966 1967 1969 1971 1972 1973 1974 1975 1976 1977 1979 1980 1983 1993
ЦДАВО-2-1979,year-like,1,0,"","Кабінет Міністрів України, мм. Харків, Київ",1 2 3 4 5 6 6ОС 7ДОД 7 8 9 10 11С 12 12СЧ 13 14 15 16С 17С 18 19С 20С 21 1887 1922 1960 1961 1962 1964 1966 1967 1969 1971 1972 1973 1974 1975 1976 1977 1978 1980 1983 1993
ЦДАВО-2-1980,year-like,1,0,"","Кабінет Міністрів України, мм. Харків, Київ",1 2 3 4 5 6ОС 6 7ДОД 7 8 9 10 11С 12 12СЧ 13 14 15 16С 17С 18 19С 20С 21 1887 1922 1960 1961 1962 1964 1966 1967 1969 1971 1972 1973 1974 1975 1976 1977 1978 1979 1983 1993
ЦДАВО-2-1983,year-like,1,0,"","Кабінет Міністрів України, мм. Харків, Київ",1 2 3 4 5 6 6ОС 7ДОД 7 8 9 10 11С 12 12СЧ 13 14 15 16С 17С 18 19С 20С 21 1887 1922 1960 1961 1962 1964 1966 1967 1969 1971 1972 1973 1974 1975 1976 1977 1978 1979 1980 1993
ЦДАВО-2-1993,year-like,1,0,"","Кабінет Міністрів України, мм. Харків, Київ",1 2 3 4 5 6 6ОС 7ДОД 7 8 9 10 11С 12 12СЧ 13 14 15 16С 17С 18 19С 20С 21 1887 1922 1960 1961 1962 1964 1966 1967 1969 1971 1972 1973 1974 1975 1976 1977 1978 1979 1980 1983
ЦДАВО-2107-1917,year-like,1,0,"","Полтавська волосна земська управа, м. Полтава Полтавського повіту Полтавської гу",1
ЦДАВО-3-1960,year-like,1,0,"","Постійне представництво РМ УРСР при РМ СРСР, м. Москва",1 2 3 5С 1965 1971 1972 1975 1976 1977 1978 1979 1980 1981 1982 1986 1987
ЦДАВО-3-1965,year-like,1,0,"","Постійне представництво РМ УРСР при РМ СРСР, м. Москва",1 2 3 5С 1960 1971 1972 1975 1976 1977 1978 1979 1980 1981 1982 1986 1987
ЦДАВО-3-1971,year-like,2,0,"","Постійне представництво РМ УРСР при РМ СРСР, м. Москва",1 2 3 5С 1960 1965 1972 1975 1976 1977 1978 1979 1980 1981 1982 1986 1987
ЦДАВО-3-1972,year-like,1,0,"","Постійне представництво РМ УРСР при РМ СРСР, м. Москва",1 2 3 5С 1960 1965 1971 1975 1976 1977 1978 1979 1980 1981 1982 1986 1987
ЦДАВО-3-1975,year-like,1,0,"","Постійне представництво РМ УРСР при РМ СРСР, м. Москва",1 2 3 5С 1960 1965 1971 1972 1976 1977 1978 1979 1980 1981 1982 1986 1987
ЦДАВО-3-1976,year-like,1,0,"","Постійне представництво РМ УРСР при РМ СРСР, м. Москва",1 2 3 5С 1960 1965 1971 1972 1975 1977 1978 1979 1980 1981 1982 1986 1987
ЦДАВО-3-1977,year-like,2,0,"","Постійне представництво РМ УРСР при РМ СРСР, м. Москва",1 2 3 5С 1960 1965 1971 1972 1975 1976 1978 1979 1980 1981 1982 1986 1987
ЦДАВО-3-1978,year-like,2,0,"","Постійне представництво РМ УРСР при РМ СРСР, м. Москва",1 2 3 5С 1960 1965 1971 1972 1975 1976 1977 1979 1980 1981 1982 1986 1987
ЦДАВО-3-1979,year-like,1,0,"","Постійне представництво РМ УРСР при РМ СРСР, м. Москва",1 2 3 5С 1960 1965 1971 1972 1975 1976 1977 1978 1980 1981 1982 1986 1987
ЦДАВО-3-1980,year-like,2,0,"","Постійне представництво РМ УРСР при РМ СРСР, м. Москва",1 2 3 5С 1960 1965 1971 1972 1975 1976 1977 1978 1979 1981 1982 1986 1987
ЦДАВО-3-1981,year-like,3,0,"","Постійне представництво РМ УРСР при РМ СРСР, м. Москва",1 2 3 5С 1960 1965 1971 1972 1975 1976 1977 1978 1979 1980 1982 1986 1987
ЦДАВО-3-1982,year-like,1,0,"","Постійне представництво РМ УРСР при РМ СРСР, м. Москва",1 2 3 5С 1960 1965 1971 1972 1975 1976 1977 1978 1979 1980 1981 1986 1987
ЦДАВО-3-1986,year-like,2,0,"","Постійне представництво РМ УРСР при РМ СРСР, м. Москва",1 2 3 5С 1960 1965 1971 1972 1975 1976 1977 1978 1979 1980 1981 1982 1987
ЦДАВО-3-1987,year-like,1,0,"","Постійне представництво РМ УРСР при РМ СРСР, м. Москва",1 2 3 5С 1960 1965 1971 1972 1975 1976 1977 1978 1979 1980 1981 1982 1986
ЦДАВО-3424-1932,year-like,1,0,"",Всеукраїнська контора Всесоюзного цукрово-збутового об'єднання (Всеукраїнська ко,1
ЦДАВО-4-1960,year-like,1,0,"",Управління уповноваженого Народного комісаріату Закордонних справ СРСР в Україні,1 2 3 1968 1976 1979 1980 1981 1982 1983 1988 1990 1997
ЦДАВО-4-1968,year-like,1,0,"",Управління уповноваженого Народного комісаріату Закордонних справ СРСР в Україні,1 2 3 1960 1976 1979 1980 1981 1982 1983 1988 1990 1997
ЦДАВО-4-1976,year-like,1,0,"",Управління уповноваженого Народного комісаріату Закордонних справ СРСР в Україні,1 2 3 1960 1968 1979 1980 1981 1982 1983 1988 1990 1997
ЦДАВО-4-1979,year-like,1,0,"",Управління уповноваженого Народного комісаріату Закордонних справ СРСР в Україні,1 2 3 1960 1968 1976 1980 1981 1982 1983 1988 1990 1997
ЦДАВО-4-1980,year-like,1,0,"",Управління уповноваженого Народного комісаріату Закордонних справ СРСР в Україні,1 2 3 1960 1968 1976 1979 1981 1982 1983 1988 1990 1997
ЦДАВО-4-1981,year-like,1,0,"",Управління уповноваженого Народного комісаріату Закордонних справ СРСР в Україні,1 2 3 1960 1968 1976 1979 1980 1982 1983 1988 1990 1997
ЦДАВО-4-1982,year-like,1,0,"",Управління уповноваженого Народного комісаріату Закордонних справ СРСР в Україні,1 2 3 1960 1968 1976 1979 1980 1981 1983 1988 1990 1997
ЦДАВО-4-1983,year-like,1,0,"",Управління уповноваженого Народного комісаріату Закордонних справ СРСР в Україні,1 2 3 1960 1968 1976 1979 1980 1981 1982 1988 1990 1997
ЦДАВО-4-1988,year-like,2,0,"",Управління уповноваженого Народного комісаріату Закордонних справ СРСР в Україні,1 2 3 1960 1968 1976 1979 1980 1981 1982 1983 1990 1997
ЦДАВО-4-1990,year-like,1,0,"",Управління уповноваженого Народного комісаріату Закордонних справ СРСР в Україні,1 2 3 1960 1968 1976 1979 1980 1981 1982 1983 1988 1997
ЦДАВО-4-1997,year-like,1,0,"",Управління уповноваженого Народного комісаріату Закордонних справ СРСР в Україні,1 2 3 1960 1968 1976 1979 1980 1981 1982 1983 1988 1990
ЦДАВО-5-1978,year-like,1,0,"","Народний комісаріат внутрішніх справ УСРР, м. Київ",1 2 3 4 5 6 1981 1986 1988 1999
ЦДАВО-5-1981,year-like,1,0,"","Народний комісаріат внутрішніх справ УСРР, м. Київ",1 2 3 4 5 6 1978 1986 1988 1999
ЦДАВО-5-1986,year-like,2,0,"","Народний комісаріат внутрішніх справ УСРР, м. Київ",1 2 3 4 5 6 1978 1981 1988 1999
ЦДАВО-5-1988,year-like,1,0,"","Народний комісаріат внутрішніх справ УСРР, м. Київ",1 2 3 4 5 6 1978 1981 1986 1999
ЦДАВО-5-1999,year-like,1,0,"","Народний комісаріат внутрішніх справ УСРР, м. Київ",1 2 3 4 5 6 1978 1981 1986 1988
ЦДАВО-5313-1998,year-like,0,0,"Постанови Кабінету Міністрів України про створення та ліквідацію Держфлотінспекції України 1999 Статут інспекції, зміни та доповнення до нього 1999–2013 Накази з основної діяльності Журнали реєстрації",Головна державна інспекція України з безпеки судноплавства,1
ЦДАВО-6-1981,year-like,1,0,"","Головне управління міліції Української СРР, м. Київ",1 1РОЗ 2ОС 2РОЗ 2 1983
ЦДАВО-6-1983,year-like,1,0,"","Головне управління міліції Української СРР, м. Київ",1 1РОЗ 2ОС 2РОЗ 2 1981
ЦДАВО-7-1989,year-like,1,0,"",Вищий господарський суд України (ВГСУ),1 2 3 3ДОД
ЦДАВО-9-2007,year-like,1,0,"","Міністерство народного господарства Української Народної Республіки, мм. Київ,  ",1 2ОС 2
ЦДАВО-Р2-1967,year-like,1,0,"","",""
ЦДАМЛМ-1125-1903,year-like,0,0,Опис 1903,"Затенацький Яків Павлович (1902-1986), український мистецтвознавець",1 2
ЦДАМЛМ-1172-1931,year-like,0,0,Опис 1931,"Блажков Ігор Іванович (1936 р.н.), український диригент",1
ЦДІАК-174-2011,year-like,1,0,"","Земський комісар м. Недригайлова, м. Недригайлів Сєвської провінції Київської гу",""
