594	1	1	Метрична книга. Костел, с. Корнич Коломийського пов.	1752-1776	метрична книга|народження|смерть|шлюб	0	ДАІФО-594-1-1
594	1	2	Метрична книга. Костел, с. Довгополе Коломийського пов.	1765-1798	метрична книга|народження|смерть|шлюб	0	ДАІФО-594-1-2
594	1	23				0	ДАІФО-594-1-23
594	1	33	Метрична книга. Костел, с. Іспас Коломийського пов.	1832-1841	метрична книга|народження	0	ДАІФО-594-1-33
594	1	43	Метрична книга. Костел, с. Семаківці Коломийського пов.	1841-1864	метрична книга|смерть	0	ДАІФО-594-1-43
594	1	45				0	ДАІФО-594-1-45
594	1	6	Метрична книга. Костел, с. Барвінків Косівського пов.	1784-1798	метрична книга|народження|шлюб	0	ДАІФО-594-1-6
594	1	7	Метрична книга. Костел, с. Семаківці Коломийського пов.	1785-1853	метрична книга|шлюб	0	ДАІФО-594-1-7
594	1	8	Метрична книга. Костел, с. Семаківці Коломийського пов.	1785-1841	метрична книга|смерть	0	ДАІФО-594-1-8
5941	1	45	Метрична книга. Костел, с. Турка Коломийського пов.	1843-1867	метрична книга|шлюб	0	ДАІФО-5941-1-45
631	1	1	Церковні документи / 1750-1918	1868-1879	метрична книга|народження	1	ДАІФО-631-1-1
631	1	10	Церковні документи / 1750-1918	1879-1907	метрична книга|смерть	1	ДАІФО-631-1-10
631	1	100	Церковні документи / 1750-1918	1837-1866	метрична книга|шлюб	1	ДАІФО-631-1-100
631	1	101	Церковні документи / 1750-1918	1784-1893	метрична книга|шлюб	1	ДАІФО-631-1-101
631	1	102	Церковні документи / 1750-1918	1785-1837	метрична книга|народження	1	ДАІФО-631-1-102
631	1	103	Церковні документи / 1750-1918	1878-1891	метрична книга|народження|смерть|шлюб	2	ДАІФО-631-1-103
631	1	104	Церковні документи / 1750-1918	1904-1922	метрична книга|народження|смерть|шлюб	1	ДАІФО-631-1-104
631	1	105	Церковні документи / 1750-1918	1863-1881	метрична книга|народження	1	ДАІФО-631-1-105
631	1	106	Церковні документи / 1750-1918	1881-1889	метрична книга|народження	1	ДАІФО-631-1-106
631	1	107	Церковні документи / 1750-1918	1889-1898	метрична книга|народження	1	ДАІФО-631-1-107
631	1	108	Церковні документи / 1750-1918	1898-1905	метрична книга|народження	1	ДАІФО-631-1-108
631	1	109	Церковні документи / 1750-1918	1896-1919	метрична книга|народження	1	ДАІФО-631-1-109
631	1	11	Церковні документи / 1750-1918	1882-1915	метрична книга|народження	1	ДАІФО-631-1-11
631	1	110	Церковні документи / 1750-1918	1848-1872	метрична книга|шлюб	1	ДАІФО-631-1-110
631	1	111	Церковні документи / 1750-1918	1872-1903	метрична книга|шлюб	1	ДАІФО-631-1-111
631	1	112	Церковні документи / 1750-1918	1863-1889	метрична книга|смерть	1	ДАІФО-631-1-112
631	1	113	Церковні документи / 1750-1918	1889-1900	метрична книга|смерть	1	ДАІФО-631-1-113
631	1	114	Метрична книга. Церква Успіння Пресвятої Богородиці, м. Городенка Городенківського пов.	1912-1922,1913-1922		1	ДАІФО-631-1-114
631	1	115	Церковні документи / 1750-1918	1784-1870	метрична книга|народження	1	ДАІФО-631-1-115
631	1	116	Церковні документи / 1750-1918	1850-1884		1	ДАІФО-631-1-116
631	1	117	Метрична книга. Костел, м. Городенка Городенківського пов.	1784-1869		1	ДАІФО-631-1-117
631	1	118	Церковні документи / 1750-1918	1852-1885	метрична книга|народження	1	ДАІФО-631-1-118
631	1	119	Церковні документи / 1750-1918	1872-1889	метрична книга|народження	1	ДАІФО-631-1-119
631	1	12	Церковні документи / 1750-1918	1875-1902	метрична книга|народження|смерть|шлюб	1	ДАІФО-631-1-12
631	1	120	Церковні документи / 1750-1918	1890-1909	метрична книга|народження	1	ДАІФО-631-1-120
631	1	121	Церковні документи / 1750-1918	1790-1825	метрична книга|народження	1	ДАІФО-631-1-121
631	1	122	Церковні документи / 1750-1918	1830-1861	метрична книга|народження	1	ДАІФО-631-1-122
631	1	123	Церковні документи / 1750-1918	1861-1883	метрична книга|народження	1	ДАІФО-631-1-123
631	1	124	Церковні документи / 1750-1918	1784-1886	метрична книга|шлюб	1	ДАІФО-631-1-124
631	1	125	Церковні документи / 1750-1918	1784-1860	метрична книга|смерть	1	ДАІФО-631-1-125
631	1	126	Церковні документи / 1750-1918	1860-1899	метрична книга|смерть	1	ДАІФО-631-1-126
631	1	127	Церковні документи / 1750-1918	1784-1809	метрична книга|народження	1	ДАІФО-631-1-127
631	1	128	Церковні документи / 1750-1918	1809-1833	метрична книга|народження	1	ДАІФО-631-1-128
631	1	129	Церковні документи / 1750-1918	1833-1851	метрична книга|народження	1	ДАІФО-631-1-129
631	1	13	Церковні документи / 1750-1918	1847-1884	метрична книга|народження	1	ДАІФО-631-1-13
631	1	130	Церковні документи / 1750-1918	1851-1882	метрична книга|народження	1	ДАІФО-631-1-130
631	1	131	Церковні документи / 1750-1918	1784-1865	метрична книга|шлюб	1	ДАІФО-631-1-131
631	1	132	Церковні документи / 1750-1918	1781-1838	метрична книга|смерть	1	ДАІФО-631-1-132
631	1	133	Церковні документи / 1750-1918	1839-1866		1	ДАІФО-631-1-133
631	1	134	Церковні документи / 1750-1918	1868-1906	метрична книга|смерть	1	ДАІФО-631-1-134
631	1	135	Церковні документи / 1750-1918	1869-1896	метрична книга|народження	1	ДАІФО-631-1-135
631	1	136	Церковні документи / 1750-1918	1784-1873	метрична книга|шлюб	1	ДАІФО-631-1-136
631	1	137	Метрична книга.  Церква Перенесення Мощей Св. О. Миколая, с. Михальче Городенківського пов.	1860-1905		1	ДАІФО-631-1-137
631	1	138	Церковні документи / 1750-1918	1838-1880	метрична книга|народження	1	ДАІФО-631-1-138
631	1	139	Церковні документи / 1750-1918	1784-1906	метрична книга|шлюб	1	ДАІФО-631-1-139
631	1	14	Церковні документи / 1750-1918	1784-1831	метрична книга|народження	1	ДАІФО-631-1-14
631	1	140	Церковні документи / 1750-1918	1784-1871	метрична книга|смерть	1	ДАІФО-631-1-140
631	1	141	Церковні документи / 1750-1918	1837-1901	метрична книга|народження	1	ДАІФО-631-1-141
631	1	142	Церковні документи / 1750-1918	1863-1919	метрична книга|шлюб	1	ДАІФО-631-1-142
631	1	143	Церковні документи / 1750-1918	1849-1886	метрична книга|смерть	1	ДАІФО-631-1-143
631	1	144	Церковні документи / 1750-1918	1834-1867	метрична книга|народження	1	ДАІФО-631-1-144
631	1	145	Церковні документи / 1750-1918	1847-1899	метрична книга|народження|смерть|шлюб	1	ДАІФО-631-1-145
631	1	145А	Церковні документи / 1750-1918	1847-1899		1	ДАІФО-631-1-145А
631	1	146	Церковні документи / 1750-1918	1836-1899	метрична книга|народження	1	ДАІФО-631-1-146
631	1	147	Церковні документи / 1750-1918	1853-1910	метрична книга|смерть	1	ДАІФО-631-1-147
631	1	148	Метрична книга. Церква Преображення Господнього, с. Росохач Коломийського пов.	1860-1904,1904-1905	метрична книга|народження	1	ДАІФО-631-1-148
631	1	149	Церковні документи / 1750-1918	1839-1877	метрична книга|народження	1	ДАІФО-631-1-149
631	1	15	Церковні документи / 1750-1918	1831-1855	метрична книга|народження	1	ДАІФО-631-1-15
631	1	150	Церковні документи / 1750-1918	1863-1920	метрична книга|народження	1	ДАІФО-631-1-150
631	1	151	Церковні документи / 1750-1918	1860-1918	метрична книга|шлюб	1	ДАІФО-631-1-151
631	1	152	Церковні документи / 1750-1918	1843-1910	метрична книга|смерть	1	ДАІФО-631-1-152
631	1	153	Церковні документи / 1750-1918	1857-1865	метрична книга|народження	1	ДАІФО-631-1-153
631	1	154	Церковні документи / 1750-1918	1865-1882	метрична книга|народження	1	ДАІФО-631-1-154
631	1	155	Церковні документи / 1750-1918	1882-1896	метрична книга|народження	1	ДАІФО-631-1-155
631	1	156	Церковні документи / 1750-1918	1896-1904	метрична книга|народження	1	ДАІФО-631-1-156
631	1	157	Церковні документи / 1750-1918	1904-1913	метрична книга|народження	1	ДАІФО-631-1-157
631	1	158	Церковні документи / 1750-1918	1873-1896	метрична книга|шлюб	1	ДАІФО-631-1-158
631	1	159	Церковні документи / 1750-1918	1890-1905	метрична книга|смерть	1	ДАІФО-631-1-159
631	1	16	Церковні документи / 1918-1939	1885-1889	метрична книга|народження	1	ДАІФО-631-1-16
631	1	160	Церковні документи / 1750-1918	1861-1890	метрична книга|смерть	1	ДАІФО-631-1-160
631	1	161	Церковні документи / 1750-1918	1786-1814	метрична книга|народження	1	ДАІФО-631-1-161
631	1	162	Церковні документи / 1750-1918	1815-1831	метрична книга|народження	1	ДАІФО-631-1-162
631	1	163	Церковні документи / 1750-1918	1832-1844	метрична книга|народження	1	ДАІФО-631-1-163
631	1	164	Церковні документи / 1750-1918	1844-1877	метрична книга|народження	1	ДАІФО-631-1-164
631	1	165	Церковні документи / 1750-1918	1878-1900	метрична книга|народження	1	ДАІФО-631-1-165
631	1	166	Церковні документи / 1750-1918	1785-1849	метрична книга|шлюб	1	ДАІФО-631-1-166
631	1	167	Церковні документи / 1750-1918	1849-1894	метрична книга|шлюб	1	ДАІФО-631-1-167
631	1	168	Церковні документи / 1750-1918	1785-1841	метрична книга|смерть	1	ДАІФО-631-1-168
631	1	169	Церковні документи / 1750-1918	1841-1889	метрична книга|смерть	1	ДАІФО-631-1-169
631	1	17	Церковні документи / 1918-1939	1784-1888	метрична книга|шлюб	1	ДАІФО-631-1-17
631	1	170	Церковні документи / 1750-1918	1869-1918	метрична книга|шлюб	1	ДАІФО-631-1-170
631	1	171	Церковні документи / 1750-1918	1847-1893	метрична книга|народження	1	ДАІФО-631-1-171
631	1	172	Церковні документи / 1750-1918	1893-1909	метрична книга|народження	1	ДАІФО-631-1-172
631	1	173	Церковні документи / 1750-1918	1872-1912	метрична книга|смерть	1	ДАІФО-631-1-173
631	1	174	Церковні документи / 1750-1918	1849-1879	метрична книга|народження	1	ДАІФО-631-1-174
631	1	175	Церковні документи / 1750-1918	1871-1885	метрична книга|народження	1	ДАІФО-631-1-175
631	1	175А	Церковні документи / 1750-1918	1884-1908		1	ДАІФО-631-1-175А
631	1	176	Церковні документи / 1750-1918	1875-1880	метрична книга|народження	1	ДАІФО-631-1-176
631	1	177	Церковні документи / 1750-1918	1880-1896	метрична книга|народження	1	ДАІФО-631-1-177
631	1	178	Церковні документи / 1750-1918	1875-1883	метрична книга|смерть	1	ДАІФО-631-1-178
631	1	179	Церковні документи / 1750-1918	1867-1875	метрична книга|народження	1	ДАІФО-631-1-179
631	1	18	Церковні документи / 1918-1939	1888-1907	метрична книга|шлюб	1	ДАІФО-631-1-18
631	1	180	Церковні документи / 1750-1918	1876-1889	метрична книга|народження	1	ДАІФО-631-1-180
631	1	181	Церковні документи / 1750-1918	1840-1876	метрична книга|шлюб	1	ДАІФО-631-1-181
631	1	182	Церковні документи / 1750-1918	1877-1899	метрична книга|шлюб	1	ДАІФО-631-1-182
631	1	183	Церковні документи / 1750-1918	1854-1874	метрична книга|смерть	1	ДАІФО-631-1-183
631	1	184	Церковні документи / 1750-1918	1874-1904	метрична книга|смерть	1	ДАІФО-631-1-184
631	1	185	Церковні документи / 1750-1918	1866-1866	метрична книга|народження	1	ДАІФО-631-1-185
631	1	185А	Церковні документи / 1750-1918	1866-1909		1	ДАІФО-631-1-185А
631	1	186	Церковні документи / 1750-1918	1766-1797	метрична книга|народження	1	ДАІФО-631-1-186
631	1	187	Церковні документи / 1750-1918	1826-1840	метрична книга|народження	1	ДАІФО-631-1-187
631	1	188	Церковні документи / 1750-1918	1841-1855	метрична книга|народження	1	ДАІФО-631-1-188
631	1	189	Церковні документи / 1750-1918	1855-1880	метрична книга|народження	1	ДАІФО-631-1-189
631	1	19	Церковні документи / 1918-1939	1835-1887	метрична книга|народження|смерть|шлюб	1	ДАІФО-631-1-19
631	1	190	Церковні документи / 1750-1918	1784-1809	метрична книга|шлюб	1	ДАІФО-631-1-190
631	1	191	Церковні документи / 1750-1918	1826-1859	метрична книга|шлюб	1	ДАІФО-631-1-191
631	1	192	Церковні документи / 1750-1918	1784-1819	метрична книга|смерть	1	ДАІФО-631-1-192
631	1	193	Церковні документи / 1750-1918	1826-1849	метрична книга|смерть	1	ДАІФО-631-1-193
631	1	194	Церковні документи / 1750-1918	1876-1886	метрична книга|народження	1	ДАІФО-631-1-194
631	1	195	Церковні документи / 1750-1918	1896-1912	метрична книга|народження	1	ДАІФО-631-1-195
631	1	196	Церковні документи / 1750-1918	1848-1915	метрична книга|смерть	1	ДАІФО-631-1-196
631	1	197	Церковні документи / 1750-1918	1847-1898	метрична книга|народження	1	ДАІФО-631-1-197
631	1	198	Церковні документи / 1750-1918	1874-1900	метрична книга|народження	1	ДАІФО-631-1-198
631	1	199	Церковні документи / 1750-1918	1874-1913	метрична книга|народження	1	ДАІФО-631-1-199
631	1	2	Церковні документи / 1750-1918	1860-1874	метрична книга|народження	1	ДАІФО-631-1-2
631	1	20	Церковні документи / 1918-1939	1784-1880	метрична книга|смерть	1	ДАІФО-631-1-20
631	1	200	Церковні документи / 1750-1918	1850-1899	метрична книга|шлюб	1	ДАІФО-631-1-200
631	1	201	Церковні документи / 1750-1918	1882-1910	метрична книга|шлюб	1	ДАІФО-631-1-201
631	1	202	Церковні документи / 1750-1918	1870-1898	метрична книга|народження|шлюб	1	ДАІФО-631-1-202
631	1	203	Церковні документи / 1750-1918	1870-1902	метрична книга|народження|смерть|шлюб	1	ДАІФО-631-1-203
631	1	203А	Церковні документи / 1750-1918	1890-1902		1	ДАІФО-631-1-203А
631	1	204	Церковні документи / 1750-1918	1867-1910	метрична книга|народження	1	ДАІФО-631-1-204
631	1	204А	Церковні документи / 1750-1918	1831-1836	метрична книга|народження	1	ДАІФО-631-1-204А
631	1	205	Церковні документи / 1750-1918	1785-1892	метрична книга|народження	1	ДАІФО-631-1-205
631	1	206	Церковні документи / 1750-1918	1858-1914	метрична книга|шлюб	1	ДАІФО-631-1-206
631	1	207	Метрична книга. Церква Воздвиження Чесного Хреста, с. Старий Мізунь Долинського пов.	1852-1906,1852-1938,1938-1938	метрична книга|народження|шлюб	1	ДАІФО-631-1-207
631	1	208	Церковні документи / 1750-1918	1870-1895	метрична книга|народження	1	ДАІФО-631-1-208
631	1	209	Церковні документи / 1750-1918	1882-1895	метрична книга|народження|смерть|шлюб	1	ДАІФО-631-1-209
631	1	21	Церковні документи / 1750-1918	1873-1907	метрична книга|смерть	1	ДАІФО-631-1-21
631	1	210	Церковні документи / 1750-1918	1874-1920	метрична книга|народження|смерть|шлюб	1	ДАІФО-631-1-210
631	1	211	Церковні документи / 1750-1918	1863-1898	метрична книга|народження	1	ДАІФО-631-1-211
631	1	212	Церковні документи / 1750-1918	1866-1903	метрична книга|народження	1	ДАІФО-631-1-212
631	1	213	Церковні документи / 1750-1918	1901-1910	метрична книга|народження|смерть|шлюб	1	ДАІФО-631-1-213
631	1	214	Церковні документи / 1750-1918	1866-1905	метрична книга|народження	1	ДАІФО-631-1-214
631	1	215	Церковні документи / 1750-1918	1895-1912	метрична книга|народження|смерть|шлюб	2	ДАІФО-631-1-215
631	1	216	Церковні документи / 1750-1918	1864-1910	метрична книга|народження|смерть|шлюб	1	ДАІФО-631-1-216
631	1	217	Церковні документи / 1750-1918	1849-1899	метрична книга|народження	1	ДАІФО-631-1-217
631	1	218	Церковні документи / 1750-1918	1784-1886	метрична книга|народження|смерть|шлюб	1	ДАІФО-631-1-218
631	1	218А	Церковні документи / 1750-1918	1887-1898		1	ДАІФО-631-1-218А
631	1	219	Церковні документи / 1750-1918	1903-1920	метрична книга|народження|смерть|шлюб	1	ДАІФО-631-1-219
631	1	219А	Церковні документи / 1750-1918	1900-1924		1	ДАІФО-631-1-219А
631	1	22	Церковні документи / 1750-1918	1864-1894	метрична книга|народження	1	ДАІФО-631-1-22
631	1	220	Церковні документи / 1750-1918	1850-1905	метрична книга|народження	1	ДАІФО-631-1-220
631	1	221	Церковні документи / 1750-1918	1870-1922	метрична книга|народження	1	ДАІФО-631-1-221
631	1	222	Церковні документи / 1750-1918	1785-1819	метрична книга|народження	1	ДАІФО-631-1-222
631	1	223	Церковні документи / 1750-1918	1845-1863	метрична книга|народження	1	ДАІФО-631-1-223
631	1	224	Церковні документи / 1750-1918	1863-1880	метрична книга|народження	1	ДАІФО-631-1-224
631	1	225	Церковні документи / 1750-1918	1866-1904	метрична книга|смерть|шлюб	1	ДАІФО-631-1-225
631	1	226	Церковні документи / 1750-1918	1893-1908	метрична книга|смерть	1	ДАІФО-631-1-226
631	1	227	Церковні документи / 1750-1918	1872-1896	метрична книга|народження|смерть|шлюб	1	ДАІФО-631-1-227
631	1	227А	Церковні документи / 1750-1918	1895-1905		1	ДАІФО-631-1-227А
631	1	228	Церковні документи / 1750-1918	1785-1912	метрична книга|народження|смерть	1	ДАІФО-631-1-228
631	1	229	Церковні документи / 1750-1918	1869-1899	метрична книга|народження|смерть|шлюб	1	ДАІФО-631-1-229
631	1	23	Церковні документи / 1750-1918	1873-1913		1	ДАІФО-631-1-23
631	1	230	Церковні документи / 1750-1918	1864-1896	метрична книга|народження|смерть|шлюб	1	ДАІФО-631-1-230
631	1	230А	Церковні документи / 1750-1918	1896-1906		1	ДАІФО-631-1-230А
631	1	231	Церковні документи / 1750-1918	1884-1924	метрична книга|смерть	1	ДАІФО-631-1-231
631	1	232	Церковні документи / 1750-1918	1889-1923	метрична книга|народження	1	ДАІФО-631-1-232
631	1	233	Церковні документи / 1750-1918	1866-1908	метрична книга|народження	1	ДАІФО-631-1-233
631	1	234	Церковні документи / 1750-1918	1868-1868	метрична книга|смерть|шлюб	1	ДАІФО-631-1-234
631	1	234А	Церковні документи / 1750-1918	1907-1907		1	ДАІФО-631-1-234А
631	1	235	Церковні документи / 1750-1918	1864-1864	метрична книга|народження|смерть|шлюб	1	ДАІФО-631-1-235
631	1	235А	Церковні документи / 1750-1918	1890-1890		1	ДАІФО-631-1-235А
631	1	236	Церковні документи / 1750-1918	1871-1916	метрична книга|народження|смерть|шлюб	1	ДАІФО-631-1-236
631	1	236А	Церковні документи / 1750-1918	1871-1916		1	ДАІФО-631-1-236А
631	1	237	Церковні документи / 1750-1918	1866-1866	метрична книга|народження|смерть|шлюб	1	ДАІФО-631-1-237
631	1	237А	Церковні документи / 1750-1918	1899-1899		1	ДАІФО-631-1-237А
631	1	238	Метрична книга. Церква Св. Параскевії, с. Студінка Калуського пов.	1866-1918,1866-1919	метрична книга|смерть|шлюб	1	ДАІФО-631-1-238
631	1	238А	Церковні документи / 1750-1918	1866-1919		1	ДАІФО-631-1-238А
631	1	239	Церковні документи / 1750-1918	1843-1907	метрична книга|народження	1	ДАІФО-631-1-239
631	1	24	Церковні документи / 1750-1918	1864-1894	метрична книга|народження	2	ДАІФО-631-1-24
631	1	240	Церковні документи / 1750-1918	1872-1910	метрична книга|народження	1	ДАІФО-631-1-240
631	1	241	Церковні документи / 1750-1918	1872-1910		1	ДАІФО-631-1-241
631	1	242	Церковні документи / 1750-1918	1867-1910		1	ДАІФО-631-1-242
631	1	243	Церковні документи / 1750-1918	1870-1909	метрична книга|народження	1	ДАІФО-631-1-243
631	1	244	Церковні документи / 1750-1918	1870-1909		1	ДАІФО-631-1-244
631	1	245	Церковні документи / 1750-1918	1785-1806	метрична книга|народження	1	ДАІФО-631-1-245
631	1	246	Церковні документи / 1750-1918	1824-1855	метрична книга|народження	1	ДАІФО-631-1-246
631	1	247	Церковні документи / 1750-1918	1784-1908	метрична книга|народження	1	ДАІФО-631-1-247
631	1	248	Церковні документи / 1750-1918	1885-1910	метрична книга|народження	1	ДАІФО-631-1-248
631	1	249	Церковні документи / 1750-1918	1785-1858	метрична книга|шлюб	1	ДАІФО-631-1-249
631	1	25	Церковні документи / 1750-1918	1894-1912	метрична книга|народження	1	ДАІФО-631-1-25
631	1	250	Церковні документи / 1750-1918	1859-1911	метрична книга|шлюб	1	ДАІФО-631-1-250
631	1	251	Церковні документи / 1750-1918	1785-1846	метрична книга|смерть	1	ДАІФО-631-1-251
631	1	252	Церковні документи / 1750-1918	1846-1879	метрична книга|смерть	1	ДАІФО-631-1-252
631	1	253	Церковні документи / 1750-1918	1880-1910	метрична книга|смерть	1	ДАІФО-631-1-253
631	1	254	Церковні документи / 1750-1918	1875-1910	метрична книга|народження	1	ДАІФО-631-1-254
631	1	255	Церковні документи / 1750-1918	1873-1893	метрична книга|народження	1	ДАІФО-631-1-255
631	1	256	Церковні документи / 1750-1918	1858-1885	метрична книга|смерть	1	ДАІФО-631-1-256
631	1	257	Церковні документи / 1750-1918	1785-1866	метрична книга|народження|смерть|шлюб	2	ДАІФО-631-1-257
631	1	258	Церковні документи / 1750-1918	1849-1893	метрична книга|народження	2	ДАІФО-631-1-258
631	1	259	Церковні документи / 1750-1918	1880-1909	метрична книга|народження	2	ДАІФО-631-1-259
631	1	26	Церковні документи / 1750-1918	1871-1912	метрична книга|народження|смерть|шлюб	1	ДАІФО-631-1-26
631	1	260	Церковні документи / 1750-1918	1784-1878	метрична книга|смерть|шлюб	2	ДАІФО-631-1-260
631	1	261	Церковні документи / 1750-1918	1831-1853	метрична книга|народження	2	ДАІФО-631-1-261
631	1	262	Церковні документи / 1750-1918	1853-1867	метрична книга|народження	2	ДАІФО-631-1-262
631	1	263	Церковні документи / 1750-1918	1867-1895	метрична книга|народження	2	ДАІФО-631-1-263
631	1	264	Церковні документи / 1750-1918	1784-1908	метрична книга|смерть	2	ДАІФО-631-1-264
631	1	265	Церковні документи / 1750-1918	1860-1906	метрична книга|смерть	2	ДАІФО-631-1-265
631	1	266	Церковні документи / 1750-1918	1855-1868	метрична книга|народження	2	ДАІФО-631-1-266
631	1	267	Церковні документи / 1750-1918	1806-1824	метрична книга|народження	1	ДАІФО-631-1-267
631	1	268	Церковні документи / 1750-1918	1846-1882	метрична книга|народження	1	ДАІФО-631-1-268
631	1	269	Церковні документи / 1750-1918	1785-1829	метрична книга|народження	1	ДАІФО-631-1-269
631	1	27	Церковні документи / 1750-1918	1852-1861	метрична книга|народження	1	ДАІФО-631-1-27
631	1	270	Церковні документи / 1750-1918	1830-1852	метрична книга|народження	1	ДАІФО-631-1-270
631	1	271	Церковні документи / 1750-1918	1852-1888	метрична книга|народження	1	ДАІФО-631-1-271
631	1	272	Церковні документи / 1750-1918	1910-1910	метрична книга|народження	2	ДАІФО-631-1-272
631	1	273	Церковні документи / 1750-1918	1868-1910		1	ДАІФО-631-1-273
631	1	274	Церковні документи / 1750-1918	1868-1910		1	ДАІФО-631-1-274
631	1	275	Церковні документи / 1750-1918	1871-1910	метрична книга|народження	1	ДАІФО-631-1-275
631	1	276	Церковні документи / 1750-1918	1872-1910	метрична книга|шлюб	1	ДАІФО-631-1-276
631	1	277	Церковні документи / 1750-1918	1873-1909	метрична книга|смерть	1	ДАІФО-631-1-277
631	1	277А	Церковні документи / 1750-1918	1752-1776		1	ДАІФО-631-1-277А
631	1	278	Церковні документи / 1750-1918	1873-1910	метрична книга|народження	1	ДАІФО-631-1-278
631	1	279	Церковні документи / 1750-1918	1873-1899	метрична книга|народження	1	ДАІФО-631-1-279
631	1	28	Церковні документи / 1750-1918	1816-1889	метрична книга|народження	1	ДАІФО-631-1-28
631	1	280	Церковні документи / 1750-1918	1901-1910	метрична книга|народження	1	ДАІФО-631-1-280
631	1	281	Церковні документи / 1750-1918	1871-1903	метрична книга|народження	1	ДАІФО-631-1-281
631	1	282	Церковні документи / 1750-1918	1878-1893	метрична книга|народження|смерть|шлюб	1	ДАІФО-631-1-282
631	1	282А	Церковні документи / 1750-1918	1894-1904		1	ДАІФО-631-1-282А
631	1	283	Церковні документи / 1750-1918	1836-1869	метрична книга|народження	1	ДАІФО-631-1-283
631	1	284	Церковні документи / 1750-1918	1870-1910	метрична книга|народження	1	ДАІФО-631-1-284
631	1	285	Церковні документи / 1750-1918	1869-1910		1	ДАІФО-631-1-285
631	1	286	Церковні документи / 1750-1918	1869-1910		1	ДАІФО-631-1-286
631	1	287	Метрична книга. Церква Св. Архангела Михаїла, с. Рунгури Печеніжинського пов.	1884-1902,1888-1896	метрична книга|народження|смерть|шлюб	1	ДАІФО-631-1-287
631	1	288	Церковні документи / 1750-1918	1896-1909	метрична книга|народження|смерть|шлюб	1	ДАІФО-631-1-288
631	1	289	Церковні документи / 1750-1918	1874-1908	метрична книга|народження	1	ДАІФО-631-1-289
631	1	29	Церковні документи / 1750-1918	1875-1902	метрична книга|смерть	1	ДАІФО-631-1-29
631	1	290	Церковні документи / 1750-1918	1833-1858	метрична книга|народження|смерть|шлюб	1	ДАІФО-631-1-290
631	1	291	Церковні документи / 1750-1918	1870-1910	метрична книга|народження	1	ДАІФО-631-1-291
631	1	292	Церковні документи / 1750-1918	1784-1820	метрична книга|народження	1	ДАІФО-631-1-292
631	1	293	Церковні документи / 1750-1918	1836-1862	метрична книга|народження	1	ДАІФО-631-1-293
631	1	294	Церковні документи / 1750-1918	1862-1884	метрична книга|народження	1	ДАІФО-631-1-294
631	1	295	Церковні документи / 1750-1918	1884-1905	метрична книга|народження	1	ДАІФО-631-1-295
631	1	296	Церковні документи / 1750-1918	1784-1871	метрична книга|шлюб	1	ДАІФО-631-1-296
631	1	297	Церковні документи / 1750-1918	1784-1880	метрична книга|шлюб	1	ДАІФО-631-1-297
631	1	298	Церковні документи / 1750-1918	1858-1904	метрична книга|народження	1	ДАІФО-631-1-298
631	1	299	Церковні документи / 1750-1918	1874-1908	метрична книга|народження	1	ДАІФО-631-1-299
631	1	3	Церковні документи / 1750-1918	1874-1890	метрична книга|народження	1	ДАІФО-631-1-3
631	1	30	Церковні документи / 1750-1918	1875-1923		1	ДАІФО-631-1-30
631	1	300	Церковні документи / 1750-1918	1882-1904	метрична книга|народження	1	ДАІФО-631-1-300
631	1	301	Церковні документи / 1750-1918	1873-1907	метрична книга|народження	1	ДАІФО-631-1-301
631	1	301А	Церковні документи / 1750-1918	1890-1906		1	ДАІФО-631-1-301А
631	1	301Б	Церковні документи / 1750-1918	1946-1951		1	ДАІФО-631-1-301Б
631	1	302	Церковні документи / 1750-1918	1860-1909	метрична книга|народження	1	ДАІФО-631-1-302
631	1	303	Церковні документи / 1750-1918	1785-1819	метрична книга|народження	1	ДАІФО-631-1-303
631	1	304	Церковні документи / 1750-1918	1879-1911	метрична книга|народження	1	ДАІФО-631-1-304
631	1	305	Церковні документи / 1750-1918	1850-1910	метрична книга|шлюб	1	ДАІФО-631-1-305
631	1	306	Церковні документи / 1750-1918	1851-1897	метрична книга|шлюб	1	ДАІФО-631-1-306
631	1	307	Церковні документи / 1750-1918	1784-1822	метрична книга|народження	1	ДАІФО-631-1-307
631	1	308	Церковні документи / 1750-1918	1822-1843	метрична книга|народження	1	ДАІФО-631-1-308
631	1	309	Церковні документи / 1750-1918	1843-1856	метрична книга|народження	1	ДАІФО-631-1-309
631	1	31	Церковні документи / 1750-1918	1863-1889	метрична книга|народження	1	ДАІФО-631-1-31
631	1	310	Церковні документи / 1750-1918	1856-1876	метрична книга|народження	1	ДАІФО-631-1-310
631	1	311	Церковні документи / 1750-1918	1876-1982	метрична книга|народження	1	ДАІФО-631-1-311
631	1	312	Церковні документи / 1750-1918	1892-1907	метрична книга|народження	1	ДАІФО-631-1-312
631	1	313	Церковні документи / 1750-1918	1907-1926	метрична книга|народження|смерть	1	ДАІФО-631-1-313
631	1	314	Церковні документи / 1750-1918	1785-1852	метрична книга|шлюб	1	ДАІФО-631-1-314
631	1	315	Церковні документи / 1750-1918	1784-1855	метрична книга|смерть	1	ДАІФО-631-1-315
631	1	316	Церковні документи / 1750-1918	1873-1910	метрична книга|народження	1	ДАІФО-631-1-316
631	1	317	Метрична книга. Церква Св. Василія Великого, с. Семаківці Коломийського пов.	1874-1905		1	ДАІФО-631-1-317
631	1	317А	Церковні документи / 1750-1918	1785-1853		1	ДАІФО-631-1-317А
631	1	317Б	Церковні документи / 1750-1918	1785-1841		1	ДАІФО-631-1-317Б
631	1	317В	Церковні документи / 1750-1918	1841-1864		1	ДАІФО-631-1-317В
631	1	318	Церковні документи / 1750-1918	1873-1906	метрична книга|смерть	1	ДАІФО-631-1-318
631	1	319	Церковні документи / 1750-1918	1873-1910	метрична книга|народження	1	ДАІФО-631-1-319
631	1	32	Церковні документи / 1750-1918	1887-1912	метрична книга|народження	1	ДАІФО-631-1-32
631	1	320	Церковні документи / 1750-1918	1864-1886	метрична книга|народження	1	ДАІФО-631-1-320
631	1	321	Церковні документи / 1750-1918	1887-1887	метрична книга|народження	1	ДАІФО-631-1-321
631	1	322	Церковні документи / 1750-1918	1873-1910	метрична книга|народження	1	ДАІФО-631-1-322
631	1	323	Церковні документи / 1750-1918	1760-1822	метрична книга|народження|смерть|шлюб	1	ДАІФО-631-1-323
631	1	324	Церковні документи / 1750-1918	1843-1860	метрична книга|народження	1	ДАІФО-631-1-324
631	1	325	Церковні документи / 1750-1918	1860-1896	метрична книга|народження	1	ДАІФО-631-1-325
631	1	326	Церковні документи / 1750-1918	1896-1912	метрична книга|народження	1	ДАІФО-631-1-326
631	1	327	Церковні документи / 1750-1918	1867-1893	метрична книга|шлюб	1	ДАІФО-631-1-327
631	1	327А	Церковні документи / 1750-1918	1833-1882		1	ДАІФО-631-1-327А
631	1	328	Церковні документи / 1750-1918	1840-1859	метрична книга|смерть	1	ДАІФО-631-1-328
631	1	329	Церковні документи / 1750-1918	1859-1876	метрична книга|смерть	1	ДАІФО-631-1-329
631	1	33	Церковні документи / 1750-1918	1871-1914	метрична книга|шлюб	1	ДАІФО-631-1-33
631	1	330	Церковні документи / 1750-1918	1876-1908	метрична книга|смерть	1	ДАІФО-631-1-330
631	1	330А	Церковні документи / 1750-1918	1843-1867		1	ДАІФО-631-1-330А
631	1	331	Церковні документи / 1750-1918	1867-1895	метрична книга|народження	1	ДАІФО-631-1-331
631	1	332	Церковні документи / 1750-1918	1849-1898	метрична книга|смерть	1	ДАІФО-631-1-332
631	1	333	Церковні документи / 1750-1918	1873-1925	метрична книга|смерть	1	ДАІФО-631-1-333
631	1	334	Церковні документи / 1750-1918	1784-1812	метрична книга|народження|смерть|шлюб	1	ДАІФО-631-1-334
631	1	335	Церковні документи / 1750-1918	1842-1860	метрична книга|народження|смерть|шлюб	1	ДАІФО-631-1-335
631	1	336	Церковні документи / 1750-1918	1843-1860	метрична книга|народження	1	ДАІФО-631-1-336
631	1	337	Церковні документи / 1750-1918	1860-1883	метрична книга|народження	1	ДАІФО-631-1-337
631	1	338	Церковні документи / 1750-1918	1884-1909	метрична книга|народження	1	ДАІФО-631-1-338
631	1	339	Церковні документи / 1750-1918	1860-1906	метрична книга|шлюб	1	ДАІФО-631-1-339
631	1	34	Церковні документи / 1750-1918	1913-1924	метрична книга|народження|смерть|шлюб	1	ДАІФО-631-1-34
631	1	340	Церковні документи / 1750-1918	1843-1893	метрична книга|смерть	1	ДАІФО-631-1-340
631	1	341	Метрична книга церкви реєстрації народжень	1814-1836	метрична книга|народження	1	ДАІФО-631-1-341
631	1	342	Метрична книга церкви реєстрації народжень та смертей	1849-1909	метрична книга|народження|шлюб	1	ДАІФО-631-1-342
631	1	342А	Церковні документи / 1750-1918	1750-1779		1	ДАІФО-631-1-342А
631	1	343	Метрична книга церкви реєстрації народжень, шлюбів та смертей	1861-1882	метрична книга|народження|смерть|шлюб	1	ДАІФО-631-1-343
631	1	343А	Церковні документи / 1750-1918	1883-1896		1	ДАІФО-631-1-343А
631	1	344	Метрична книга церкви реєстрації народжень	1767-1810	метрична книга|народження	1	ДАІФО-631-1-344
631	1	345	Метрична книга церкви реєстрації народжень	1813-1838	метрична книга|народження	1	ДАІФО-631-1-345
631	1	346	Метрична книга церкви реєстрації народжень	1838-1847	метрична книга|народження	1	ДАІФО-631-1-346
631	1	347	Метрична книга церкви реєстрації народжень	1847-1864	метрична книга|народження	1	ДАІФО-631-1-347
631	1	348	Метрична книга церкви реєстрації народжень	1770-1911	метрична книга|народження	1	ДАІФО-631-1-348
631	1	349	Церковні документи / 1750-1918	1770-1911	метрична книга|шлюб	1	ДАІФО-631-1-349
631	1	35	Церковні документи / 1750-1918	1880-1909	метрична книга|народження	1	ДАІФО-631-1-35
631	1	350	Церковні документи / 1750-1918	1770-1911	метрична книга|шлюб	1	ДАІФО-631-1-350
631	1	351	Церковні документи / 1750-1918	1770-1911	метрична книга|смерть	1	ДАІФО-631-1-351
631	1	352	Церковні документи / 1750-1918	1770-1911	метрична книга|смерть	1	ДАІФО-631-1-352
631	1	353	Церковні документи / 1750-1918	1770-1911	метрична книга|смерть	1	ДАІФО-631-1-353
631	1	354	Церковні документи / 1750-1918	1770-1911	метрична книга|смерть	1	ДАІФО-631-1-354
631	1	355	Церковні документи / 1750-1918	1770-1911	метрична книга|смерть	1	ДАІФО-631-1-355
631	1	356	Церковні документи / 1750-1918	1770-1911	метрична книга|народження	1	ДАІФО-631-1-356
631	1	357	Церковні документи / 1750-1918	1874-1906	метрична книга|народження|смерть|шлюб	1	ДАІФО-631-1-357
631	1	358	Церковні документи / 1750-1918	1876-1892	метрична книга|смерть	1	ДАІФО-631-1-358
631	1	359	Церковні документи / 1750-1918	1785-1805	метрична книга|народження	1	ДАІФО-631-1-359
631	1	36	Церковні документи / 1750-1918	1867-1891	метрична книга|смерть|шлюб	1	ДАІФО-631-1-36
631	1	360	Церковні документи / 1750-1918	1805-1822		1	ДАІФО-631-1-360
631	1	361	Церковні документи / 1750-1918	1822-1835	метрична книга|народження	1	ДАІФО-631-1-361
631	1	362	Церковні документи / 1750-1918	1785-1841	метрична книга|шлюб	1	ДАІФО-631-1-362
631	1	363	Церковні документи / 1750-1918	1845-1875	метрична книга|шлюб	1	ДАІФО-631-1-363
631	1	364	Церковні документи / 1750-1918	1785-1840	метрична книга|смерть	1	ДАІФО-631-1-364
631	1	365	Церковні документи / 1750-1918	1840-1887	метрична книга|смерть	1	ДАІФО-631-1-365
631	1	366	Церковні документи / 1750-1918	1784-1811	метрична книга|смерть	1	ДАІФО-631-1-366
631	1	367	Церковні документи / 1750-1918	1827-1861	метрична книга|народження|смерть	1	ДАІФО-631-1-367
631	1	368	Церковні документи / 1750-1918	1871-1915	метрична книга|народження	1	ДАІФО-631-1-368
631	1	369	Церковні документи / 1750-1918	1842-1867	метрична книга|шлюб	1	ДАІФО-631-1-369
631	1	37	Церковні документи / 1750-1918	1877-1899	метрична книга|народження	1	ДАІФО-631-1-37
631	1	370	Церковні документи / 1750-1918	1868-1911		1	ДАІФО-631-1-370
631	1	371	Церковні документи / 1750-1918	1849-1890	метрична книга|смерть	1	ДАІФО-631-1-371
631	1	372	Церковні документи / 1750-1918	1785-1852	метрична книга|народження|смерть|шлюб	1	ДАІФО-631-1-372
631	1	373	Церковні документи / 1750-1918	1846-1870	метрична книга|народження	1	ДАІФО-631-1-373
631	1	374	Церковні документи / 1750-1918	1870-1878	метрична книга|народження	1	ДАІФО-631-1-374
631	1	375	Церковні документи / 1750-1918	1852-1897	метрична книга|шлюб	1	ДАІФО-631-1-375
631	1	376	Церковні документи / 1750-1918	1839-1880	метрична книга|смерть	1	ДАІФО-631-1-376
631	1	377	Церковні документи / 1750-1918	1869-1885	метрична книга|народження	1	ДАІФО-631-1-377
631	1	378	Церковні документи / 1750-1918	1875-1905	метрична книга|народження	1	ДАІФО-631-1-378
631	1	379	Церковні документи / 1750-1918	1885-1904	метрична книга|народження	1	ДАІФО-631-1-379
631	1	38	Церковні документи / 1750-1918	1899-1913	метрична книга|народження	1	ДАІФО-631-1-38
631	1	380	Церковні документи / 1750-1918	1847-1898	метрична книга|шлюб	1	ДАІФО-631-1-380
631	1	381	Церковні документи / 1750-1918	1899-1904	метрична книга|шлюб	1	ДАІФО-631-1-381
631	1	382	Церковні документи / 1750-1918	1871-1904	метрична книга|смерть	1	ДАІФО-631-1-382
631	1	383	Церковні документи / 1750-1918	1904-1918	метрична книга|смерть	1	ДАІФО-631-1-383
631	1	384	Церковні документи / 1750-1918	1873-1905	метрична книга|народження	1	ДАІФО-631-1-384
631	1	385	Церковні документи / 1750-1918	1873-1907	метрична книга|народження	1	ДАІФО-631-1-385
631	1	386	Церковні документи / 1750-1918	1870-1909	метрична книга|народження	1	ДАІФО-631-1-386
631	1	387	Церковні документи / 1750-1918	1784-1829	метрична книга|народження	1	ДАІФО-631-1-387
631	1	388	Церковні документи / 1750-1918	1848-1875	метрична книга|народження	1	ДАІФО-631-1-388
631	1	389	Церковні документи / 1750-1918	1875-1902	метрична книга|народження	1	ДАІФО-631-1-389
631	1	39	Церковні документи / 1750-1918	1913-1914	метрична книга|народження	1	ДАІФО-631-1-39
631	1	390	Церковні документи / 1750-1918	1784-1873	метрична книга|смерть	1	ДАІФО-631-1-390
631	1	391	Церковні документи / 1750-1918	1878-1882	метрична книга|народження	1	ДАІФО-631-1-391
631	1	392	Церковні документи / 1750-1918	1888-1904	метрична книга|народження	1	ДАІФО-631-1-392
631	1	393	Церковні документи / 1750-1918	1893-1904	метрична книга|народження	1	ДАІФО-631-1-393
631	1	394	Церковні документи / 1750-1918	1785-1820	метрична книга|народження	1	ДАІФО-631-1-394
631	1	395	Церковні документи / 1750-1918	1821-1842	метрична книга|народження	1	ДАІФО-631-1-395
631	1	396	Церковні документи / 1750-1918	1842-1863	метрична книга|народження	1	ДАІФО-631-1-396
631	1	397	Церковні документи / 1750-1918	1863-1881	метрична книга|народження	1	ДАІФО-631-1-397
631	1	398	Церковні документи / 1750-1918	1876-1896	метрична книга|народження	1	ДАІФО-631-1-398
631	1	399	Церковні документи / 1750-1918	1857-1904	метрична книга|народження|шлюб	1	ДАІФО-631-1-399
631	1	4	Церковні документи / 1750-1918	1890-1905		1	ДАІФО-631-1-4
631	1	40	Церковні документи / 1750-1918	1859-1904	метрична книга|смерть	1	ДАІФО-631-1-40
631	1	400	Церковні документи / 1750-1918	1785-1857	метрична книга|шлюб	1	ДАІФО-631-1-400
631	1	401	Церковні документи / 1750-1918	1785-1858	метрична книга|смерть	1	ДАІФО-631-1-401
631	1	402	Церковні документи / 1750-1918	1885-1896	метрична книга|народження	1	ДАІФО-631-1-402
631	1	403	Церковні документи / 1750-1918	1885-1896	метрична книга|народження	1	ДАІФО-631-1-403
631	1	404	Церковні документи / 1750-1918	1873-1901	метрична книга|народження|смерть|шлюб	1	ДАІФО-631-1-404
631	1	405	Церковні документи / 1750-1918	1784-1794	метрична книга|народження	1	ДАІФО-631-1-405
631	1	406	Церковні документи / 1750-1918	1798-1813	метрична книга|народження	1	ДАІФО-631-1-406
631	1	407	Церковні документи / 1750-1918	1814-1836	метрична книга|народження	1	ДАІФО-631-1-407
631	1	408	Церковні документи / 1750-1918	1836-1849	метрична книга|народження	1	ДАІФО-631-1-408
631	1	409	Церковні документи / 1750-1918	1849-1859	метрична книга|народження	1	ДАІФО-631-1-409
631	1	41	Церковні документи / 1750-1918	1834-1855	метрична книга|народження	1	ДАІФО-631-1-41
631	1	410	Церковні документи / 1750-1918	1859-1871	метрична книга|народження	1	ДАІФО-631-1-410
631	1	411	Церковні документи / 1750-1918	1877-1896	метрична книга|народження	1	ДАІФО-631-1-411
631	1	412	Церковні документи / 1750-1918	1897-1904	метрична книга|народження	1	ДАІФО-631-1-412
631	1	413	Церковні документи / 1750-1918	1784-1844	метрична книга|шлюб	1	ДАІФО-631-1-413
631	1	414	Церковні документи / 1750-1918	1845-1874	метрична книга|шлюб	1	ДАІФО-631-1-414
631	1	415	Церковні документи / 1750-1918	1874-1904	метрична книга|шлюб	1	ДАІФО-631-1-415
631	1	416	Церковні документи / 1750-1918	1784-1834	метрична книга|смерть	1	ДАІФО-631-1-416
631	1	417	Церковні документи / 1750-1918	1851-1875	метрична книга|смерть	1	ДАІФО-631-1-417
631	1	418	Церковні документи / 1750-1918	1875-1904	метрична книга|смерть	1	ДАІФО-631-1-418
631	1	419	Церковні документи / 1750-1918	1775-1785	метрична книга|народження|смерть	1	ДАІФО-631-1-419
631	1	42	Церковні документи / 1750-1918	1856-1915	метрична книга|народження	1	ДАІФО-631-1-42
631	1	420	Церковні документи / 1750-1918	1785-1801	метрична книга|народження	1	ДАІФО-631-1-420
631	1	421	Церковні документи / 1750-1918	1802-1814	метрична книга|народження	1	ДАІФО-631-1-421
631	1	422	Церковні документи / 1750-1918	1814-1838	метрична книга|народження	1	ДАІФО-631-1-422
631	1	423	Церковні документи / 1750-1918	1838-1853	метрична книга|народження	1	ДАІФО-631-1-423
631	1	424	Церковні документи / 1750-1918	1853-1865	метрична книга|народження	1	ДАІФО-631-1-424
631	1	425	Церковні документи / 1750-1918	1886-1897	метрична книга|народження	1	ДАІФО-631-1-425
631	1	426	Церковні документи / 1750-1918	1895-1904	метрична книга|народження|смерть	1	ДАІФО-631-1-426
631	1	427	Церковні документи / 1750-1918	1905-1914	метрична книга|народження	1	ДАІФО-631-1-427
631	1	428	Церковні документи / 1750-1918	1785-1840	метрична книга|шлюб	1	ДАІФО-631-1-428
631	1	429	Церковні документи / 1750-1918	1840-1860	метрична книга|шлюб	1	ДАІФО-631-1-429
631	1	42А	Церковні документи / 1750-1918	1784-1798		1	ДАІФО-631-1-42А
631	1	43	Церковні документи / 1750-1918	1858-1880	метрична книга|народження	1	ДАІФО-631-1-43
631	1	430	Церковні документи / 1750-1918	1817-1847	метрична книга|смерть	1	ДАІФО-631-1-430
631	1	431	Церковні документи / 1750-1918	1847-1871	метрична книга|смерть	1	ДАІФО-631-1-431
631	1	432	Церковні документи / 1750-1918	1870-1904	метрична книга|народження|смерть|шлюб	1	ДАІФО-631-1-432
631	1	433	Метричні книги церкви Різдва Пресвятої Богородиці с. Молодків. Народження	1865-1909	метрична книга|народження	2	ДАІФО-631-1-433
631	1	434	Церковні документи / 1750-1918	1852-1896	метрична книга|народження	1	ДАІФО-631-1-434
631	1	434А	Церковні документи / 1750-1918	1901-1925		1	ДАІФО-631-1-434А
631	1	435	Церковні документи / 1750-1918	1867-1890	метрична книга|народження	1	ДАІФО-631-1-435
631	1	436	Церковні документи / 1750-1918	1888-1904	метрична книга|народження	1	ДАІФО-631-1-436
631	1	437	Церковні документи / 1750-1918	1891-1904	метрична книга|народження	1	ДАІФО-631-1-437
631	1	438	Церковні документи / 1750-1918	1904-1921	метрична книга|народження	1	ДАІФО-631-1-438
631	1	439	Церковні документи / 1750-1918	1785-1873	метрична книга|шлюб	1	ДАІФО-631-1-439
631	1	44	Церковні документи / 1750-1918	1880-1912	метрична книга|народження	1	ДАІФО-631-1-44
631	1	440	Церковні документи / 1750-1918	1873-1904	метрична книга|шлюб	1	ДАІФО-631-1-440
631	1	441	Церковні документи / 1750-1918	1879-1904	метрична книга|смерть	1	ДАІФО-631-1-441
631	1	442	Церковні документи / 1750-1918	1858-1888		1	ДАІФО-631-1-442
631	1	443	Церковні документи / 1750-1918	1895-1904	метрична книга|народження	1	ДАІФО-631-1-443
631	1	444	Церковні документи / 1750-1918	1895-1912	метрична книга|народження	1	ДАІФО-631-1-444
631	1	445	Церковні документи / 1750-1918	1906-1906	метрична книга|народження|шлюб	1	ДАІФО-631-1-445
631	1	446	Церковні документи / 1750-1918	1907-1907	метрична книга|народження|шлюб	1	ДАІФО-631-1-446
631	1	447	Церковні документи / 1750-1918	1908-1908	метрична книга|народження|смерть|шлюб	1	ДАІФО-631-1-447
631	1	448	Церковні документи / 1750-1918	1857-1902	метрична книга|шлюб	1	ДАІФО-631-1-448
631	1	449	Церковні документи / 1750-1918	1874-1904	метрична книга|шлюб	1	ДАІФО-631-1-449
631	1	45	Церковні документи / 1750-1918	1870-1899	метрична книга|народження	1	ДАІФО-631-1-45
631	1	450	Церковні документи / 1750-1918	1902-1905	метрична книга|шлюб	1	ДАІФО-631-1-450
631	1	451	Церковні документи / 1750-1918	1859-1904	метрична книга|смерть	1	ДАІФО-631-1-451
631	1	452	Церковні документи / 1750-1918	1865-1904	метрична книга|народження	1	ДАІФО-631-1-452
631	1	453	Церковні документи / 1750-1918	1874-1905	метрична книга|смерть|шлюб	1	ДАІФО-631-1-453
631	1	454	Церковні документи / 1750-1918	1873-1904	метрична книга|народження|смерть|шлюб	1	ДАІФО-631-1-454
631	1	455	Церковні документи / 1750-1918	1904-1925	метрична книга|народження	1	ДАІФО-631-1-455
631	1	456	Церковні документи / 1750-1918	1873-1899	метрична книга|народження	1	ДАІФО-631-1-456
631	1	457	Церковні документи / 1750-1918	1870-1904	метрична книга|народження	1	ДАІФО-631-1-457
631	1	458	Церковні документи / 1750-1918	1896-1904	метрична книга|народження	1	ДАІФО-631-1-458
631	1	459	Церковні документи / 1750-1918	1871-1899	метрична книга|народження	1	ДАІФО-631-1-459
631	1	46	Церковні документи / 1750-1918	1893-1908		1	ДАІФО-631-1-46
631	1	460	Церковні документи / 1750-1918	1900-1904	метрична книга|народження	1	ДАІФО-631-1-460
631	1	461	Церковні документи / 1750-1918	1881-1904	метрична книга|смерть|шлюб	1	ДАІФО-631-1-461
631	1	462	Церковні документи / 1750-1918	1784-1828	метрична книга|народження	1	ДАІФО-631-1-462
631	1	463	Церковні документи / 1750-1918	1829-1847	метрична книга|народження	1	ДАІФО-631-1-463
631	1	464	Церковні документи / 1750-1918	1841-1856	метрична книга|народження	1	ДАІФО-631-1-464
631	1	465	Церковні документи / 1750-1918	1856-1886	метрична книга|народження	1	ДАІФО-631-1-465
631	1	466	Церковні документи / 1750-1918	1784-1871	метрична книга|шлюб	1	ДАІФО-631-1-466
631	1	467	Церковні документи / 1750-1918	1784-1854	метрична книга|смерть	1	ДАІФО-631-1-467
631	1	468	Церковні документи / 1750-1918	1870-1920	метрична книга|смерть	1	ДАІФО-631-1-468
631	1	469	Метричні книги реєстрації народжень 1785–1805 с. Тисменичани, Горішня церква св. Димитрія	1785-1805	метрична книга|народження	1	ДАІФО-631-1-469
631	1	47	Церковні документи / 1750-1918	1848-1879	метрична книга|народження	1	ДАІФО-631-1-47
631	1	470	Церковні документи / 1750-1918	1785-1807	метрична книга|народження	1	ДАІФО-631-1-470
631	1	471	Церковні документи / 1750-1918	1807-1819	метрична книга|народження	1	ДАІФО-631-1-471
631	1	472	Церковні документи / 1750-1918	1819-1833	метрична книга|народження	1	ДАІФО-631-1-472
631	1	473	Церковні документи / 1750-1918	1834-1845	метрична книга|народження	1	ДАІФО-631-1-473
631	1	474	Церковні документи / 1750-1918	1845-1867	метрична книга|народження	1	ДАІФО-631-1-474
631	1	475	Метричні книги церкви Св. Параскеви с. Тисменичани. Народження	1870-1904	метрична книга|народження	2	ДАІФО-631-1-475
631	1	476	Церковні документи / 1750-1918	1784-1845	метрична книга|шлюб	1	ДАІФО-631-1-476
631	1	477	Церковні документи / 1750-1918	1785-1813	метрична книга|шлюб	1	ДАІФО-631-1-477
631	1	478	Церковні документи / 1750-1918	1845-1883	метрична книга|шлюб	1	ДАІФО-631-1-478
631	1	479	Метричні книги церкви Св. Параскеви с. Тисменичани. Шлюб, смерть	1870-1904	метрична книга|смерть|шлюб	2	ДАІФО-631-1-479
631	1	48	Церковні документи / 1750-1918	1895-1923	метрична книга|народження	1	ДАІФО-631-1-48
631	1	480	Церковні документи / 1750-1918	1786-1832	метрична книга|смерть	1	ДАІФО-631-1-480
631	1	481	Церковні документи / 1750-1918	1832-1853	метрична книга|смерть	1	ДАІФО-631-1-481
631	1	482	Метрична книга церкви реєстрації смертей	1853-1885	метрична книга|смерть	1	ДАІФО-631-1-482
631	1	483	Метрична книга церкви реєстрації народжень	1868-1916	метрична книга|народження	1	ДАІФО-631-1-483
631	1	483А	Церковні документи / 1750-1918	1871-1961		1	ДАІФО-631-1-483А
631	1	483Б	Церковні документи / 1750-1918	1895-1960		1	ДАІФО-631-1-483Б
631	1	484	Метрична книга церкви реєстрації смертей	1784-1833	метрична книга|смерть	1	ДАІФО-631-1-484
631	1	484А	Церковні документи / 1750-1918	1829-1884	метрична книга|смерть|шлюб	1	ДАІФО-631-1-484А
631	1	485	Метрична книга церкви реєстрації народжень, шлюбів та смертей	1776-1863	метрична книга|народження|смерть|шлюб	1	ДАІФО-631-1-485
631	1	486	Метрична книга церкви реєстрації смертей	1784-1867		1	ДАІФО-631-1-486
631	1	487	Метрична книга церкви реєстрації народжень, шлюбів та смертей	1859-1886	метрична книга|народження	1	ДАІФО-631-1-487
631	1	488	Метрична книга церкви реєстрації смертей	1776-1870	метрична книга|смерть	1	ДАІФО-631-1-488
631	1	489	Метрична книга церкви реєстрації смертей	1848-1892		1	ДАІФО-631-1-489
631	1	49	Церковні документи / 1750-1918	1841-1868	метрична книга|народження	1	ДАІФО-631-1-49
631	1	490	Церковні документи / 1750-1918	1866-1894	метрична книга|народження	1	ДАІФО-631-1-490
631	1	490А	Церковні документи / 1750-1918	1895-1910		1	ДАІФО-631-1-490А
631	1	491	Церковні документи / 1750-1918	1852-1903		1	ДАІФО-631-1-491
631	1	492	Церковні документи / 1750-1918	1866-1900	метрична книга|народження	1	ДАІФО-631-1-492
631	1	493	Церковні документи / 1750-1918	1852-1887	метрична книга|народження	2	ДАІФО-631-1-493
631	1	494	Церковні документи / 1750-1918	1901-1912		1	ДАІФО-631-1-494
631	1	494А	Церковні документи / 1750-1918	1901-1917		1	ДАІФО-631-1-494А
631	1	495	Церковні документи / 1750-1918	1852-1884		2	ДАІФО-631-1-495
631	1	496	Церковні документи / 1750-1918	1874-1896	метрична книга|народження	2	ДАІФО-631-1-496
631	1	497	Церковні документи / 1750-1918	1841-1893	метрична книга|народження	1	ДАІФО-631-1-497
631	1	498	Метрична книга. Церква, с. Погорілець Долинського пов.	1883-1924	метрична книга|шлюб	1	ДАІФО-631-1-498
631	1	499	Церковні документи / 1750-1918	1856-1885	метрична книга|народження	1	ДАІФО-631-1-499
631	1	5	Церковні документи / 1750-1918	1873-1916	метрична книга|народження|смерть|шлюб	1	ДАІФО-631-1-5
631	1	50	Церковні документи / 1750-1918	1841-1868	метрична книга|народження	1	ДАІФО-631-1-50
631	1	500	Церковні документи / 1750-1918	1885-1902	метрична книга|народження	1	ДАІФО-631-1-500
631	1	501	Церковні документи / 1750-1918	1868-1893	метрична книга|шлюб	1	ДАІФО-631-1-501
631	1	502	Церковні документи / 1750-1918	1861-1893	метрична книга|народження	1	ДАІФО-631-1-502
631	1	503	Церковні документи / 1750-1918	1893-1916	метрична книга|народження	1	ДАІФО-631-1-503
631	1	504	Церковні документи / 1750-1918	1859-1908	метрична книга|народження	1	ДАІФО-631-1-504
631	1	504А	Церковні документи / 1750-1918	1832-1841		1	ДАІФО-631-1-504А
631	1	505	Церковні документи / 1750-1918	1820-1839	метрична книга|народження	1	ДАІФО-631-1-505
631	1	506	Церковні документи / 1750-1918	1840-1862	метрична книга|народження	1	ДАІФО-631-1-506
631	1	507	Церковні документи / 1750-1918	1862-1878	метрична книга|народження	1	ДАІФО-631-1-507
631	1	508	Церковні документи / 1750-1918	1865-1876	метрична книга|народження	1	ДАІФО-631-1-508
631	1	509	Церковні документи / 1750-1918	1878-1908	метрична книга|народження	1	ДАІФО-631-1-509
631	1	51	Церковні документи / 1750-1918	1862-1898		1	ДАІФО-631-1-51
631	1	510	Церковні документи / 1750-1918	1851-1894	метрична книга|шлюб	1	ДАІФО-631-1-510
631	1	511	Церковні документи / 1750-1918	1854-1873	метрична книга|шлюб	1	ДАІФО-631-1-511
631	1	512	Церковні документи / 1750-1918	1835-1876	метрична книга|смерть	1	ДАІФО-631-1-512
631	1	513	Церковні документи / 1750-1918	1888-1907	метрична книга|шлюб	1	ДАІФО-631-1-513
631	1	514	Церковні документи / 1750-1918	1878-1908	метрична книга|народження	1	ДАІФО-631-1-514
631	1	515	Церковні документи / 1750-1918	1891-1919	метрична книга|народження	1	ДАІФО-631-1-515
631	1	516	Церковні документи / 1750-1918	1892-1922	метрична книга|народження|смерть|шлюб	1	ДАІФО-631-1-516
631	1	517	Церковні документи / 1750-1918	1857-1905		1	ДАІФО-631-1-517
631	1	518	Церковні документи / 1750-1918	1871-1903	метрична книга|народження	1	ДАІФО-631-1-518
631	1	519	Церковні документи / 1750-1918	1871-1903	метрична книга|народження	1	ДАІФО-631-1-519
631	1	51А	Церковні документи / 1750-1918	1753-1782		1	ДАІФО-631-1-51А
631	1	52	Церковні документи / 1750-1918	1873-1887	метрична книга|народження	1	ДАІФО-631-1-52
631	1	520	Церковні документи / 1750-1918	1904-1914	метрична книга|народження	1	ДАІФО-631-1-520
631	1	521	Церковні документи / 1750-1918	1902-1923	метрична книга|народження	1	ДАІФО-631-1-521
631	1	522	Церковні документи / 1750-1918	1882-1920	метрична книга|шлюб	1	ДАІФО-631-1-522
631	1	523	Церковні документи / 1750-1918	1883-1914	метрична книга|смерть	1	ДАІФО-631-1-523
631	1	524	Церковні документи / 1750-1918	1840-1870	метрична книга|народження	1	ДАІФО-631-1-524
631	1	525	Церковні документи / 1750-1918	1784-1850	метрична книга|шлюб	1	ДАІФО-631-1-525
631	1	526	Церковні документи / 1750-1918	1787-1833	метрична книга|смерть	1	ДАІФО-631-1-526
631	1	527	Церковні документи / 1750-1918	1834-1865	метрична книга|смерть	1	ДАІФО-631-1-527
631	1	528	Церковні документи / 1750-1918	1841-1862	метрична книга|народження	1	ДАІФО-631-1-528
631	1	529	Церковні документи / 1750-1918	1841-1871	метрична книга|смерть	1	ДАІФО-631-1-529
631	1	52А	Церковні документи / 1750-1918	1873-1899		1	ДАІФО-631-1-52А
631	1	53	Церковні документи / 1750-1918	1759-1830	метрична книга|народження|смерть|шлюб	1	ДАІФО-631-1-53
631	1	530	Церковні документи / 1750-1918	1870-1887	метрична книга|народження	1	ДАІФО-631-1-530
631	1	530А	Церковні документи / 1750-1918	1888-1907		1	ДАІФО-631-1-530А
631	1	531	Церковні документи / 1750-1918	1848-1871	метрична книга|шлюб	1	ДАІФО-631-1-531
631	1	532	Церковні документи / 1750-1918	1784-1820	метрична книга|смерть	1	ДАІФО-631-1-532
631	1	533	Церковні документи / 1750-1918	1839-1861	метрична книга|смерть	1	ДАІФО-631-1-533
631	1	534	Церковні документи / 1750-1918	1841-1865	метрична книга|смерть	1	ДАІФО-631-1-534
631	1	535	Церковні документи / 1750-1918	1862-1889	метрична книга|смерть	1	ДАІФО-631-1-535
631	1	536	Церковні документи / 1750-1918	1868-1886	метрична книга|народження	1	ДАІФО-631-1-536
631	1	537	Церковні документи / 1750-1918	1887-1902	метрична книга|народження	1	ДАІФО-631-1-537
631	1	538	Церковні документи / 1750-1918	1859-1883	метрична книга|смерть	1	ДАІФО-631-1-538
631	1	539	Церковні документи / 1750-1918	1787-1825	метрична книга|народження	1	ДАІФО-631-1-539
631	1	54	Церковні документи / 1750-1918	1784-1834	метрична книга|народження|смерть|шлюб	1	ДАІФО-631-1-54
631	1	540	Церковні документи / 1750-1918	1818-1867	метрична книга|народження	1	ДАІФО-631-1-540
631	1	541	Церковні документи / 1750-1918	1780-1831	метрична книга|шлюб	1	ДАІФО-631-1-541
631	1	542	Церковні документи / 1750-1918	1854-1892	метрична книга|шлюб	1	ДАІФО-631-1-542
631	1	543	Церковні документи / 1750-1918	1794-1851	метрична книга|смерть	1	ДАІФО-631-1-543
631	1	544	Церковні документи / 1750-1918	1852-1872	метрична книга|смерть	1	ДАІФО-631-1-544
631	1	545	Церковні документи / 1750-1918	1873-1911	метрична книга|смерть	1	ДАІФО-631-1-545
631	1	546	Церковні документи / 1750-1918	1872-1899	метрична книга|народження	1	ДАІФО-631-1-546
631	1	547	Церковні документи / 1750-1918	1784-1892	метрична книга|народження|смерть|шлюб	1	ДАІФО-631-1-547
631	1	548	Церковні документи / 1750-1918	1831-1867	метрична книга|народження	1	ДАІФО-631-1-548
631	1	549	Церковні документи / 1750-1918	1867-1927	метрична книга|смерть	1	ДАІФО-631-1-549
631	1	55	Церковні документи / 1750-1918	1831-1840	метрична книга|народження	1	ДАІФО-631-1-55
631	1	550	Церковні документи / 1750-1918	1873-1900	метрична книга|народження	1	ДАІФО-631-1-550
631	1	551	Церковні документи / 1750-1918	1856-1872	метрична книга|народження	1	ДАІФО-631-1-551
631	1	552	Церковні документи / 1750-1918	1858-1905	метрична книга|народження	1	ДАІФО-631-1-552
631	1	553	Церковні документи / 1750-1918	1784-1861	метрична книга|народження|смерть|шлюб	1	ДАІФО-631-1-553
631	1	554	Церковні документи / 1750-1918	1859-1893	метрична книга|народження	1	ДАІФО-631-1-554
631	1	555	Церковні документи / 1750-1918	1894-1913	метрична книга|народження	1	ДАІФО-631-1-555
631	1	556	Церковні документи / 1750-1918	1861-1904	метрична книга|шлюб	1	ДАІФО-631-1-556
631	1	557	Церковні документи / 1750-1918	1845-1868	метрична книга|смерть	1	ДАІФО-631-1-557
631	1	558	Церковні документи / 1750-1918	1878-1911		1	ДАІФО-631-1-558
631	1	559	Церковні документи / 1750-1918	1866-1913	метрична книга|смерть	1	ДАІФО-631-1-559
631	1	56	Церковні документи / 1750-1918	1867-1882	метрична книга|народження	1	ДАІФО-631-1-56
631	1	560	Церковні документи / 1750-1918	1873-1937	метрична книга|народження	1	ДАІФО-631-1-560
631	1	561	Церковні документи / 1750-1918	1785-1810	метрична книга|народження|смерть|шлюб	1	ДАІФО-631-1-561
631	1	562	Церковні документи / 1750-1918	1810-1842	метрична книга|народження	1	ДАІФО-631-1-562
631	1	563	Церковні документи / 1750-1918	1810-1842	метрична книга|народження	1	ДАІФО-631-1-563
631	1	564	Церковні документи / 1750-1918	1860-1877	метрична книга|народження	1	ДАІФО-631-1-564
631	1	565	Церковні документи / 1750-1918	1863-1910	метрична книга|шлюб	1	ДАІФО-631-1-565
631	1	566	Церковні документи / 1750-1918	1842-1883	метрична книга|смерть	1	ДАІФО-631-1-566
631	1	567	Церковні документи / 1750-1918	1874-1907	метрична книга|смерть	1	ДАІФО-631-1-567
631	1	568	Церковні документи / 1750-1918	1864-1912	метрична книга|смерть	1	ДАІФО-631-1-568
631	1	569	Церковні документи / 1750-1918	1853-1907	метрична книга|народження	1	ДАІФО-631-1-569
631	1	57	Церковні документи / 1750-1918	1848-1879	метрична книга|шлюб	1	ДАІФО-631-1-57
631	1	570	Церковні документи / 1750-1918	1784-1855	метрична книга|шлюб	1	ДАІФО-631-1-570
631	1	571	Метрична книга. Церква Воздвиження Чесного Хреста, с. Потічок Снятинського пов.	1875-1892,1876-1892		1	ДАІФО-631-1-571
631	1	572	Церковні документи / 1750-1918	1838-1848	метрична книга|народження	1	ДАІФО-631-1-572
631	1	573	Церковні документи / 1750-1918	1848-1860	метрична книга|народження	1	ДАІФО-631-1-573
631	1	574	Церковні документи / 1750-1918	1860-1871	метрична книга|народження	1	ДАІФО-631-1-574
631	1	575	Церковні документи / 1750-1918	1871-1894	метрична книга|народження	1	ДАІФО-631-1-575
631	1	576	Церковні документи / 1750-1918	1894-1913	метрична книга|народження	1	ДАІФО-631-1-576
631	1	577	Церковні документи / 1750-1918	1894-1913	метрична книга|шлюб	1	ДАІФО-631-1-577
631	1	578	Церковні документи / 1750-1918	1843-1879	метрична книга|шлюб	1	ДАІФО-631-1-578
631	1	579	Церковні документи / 1750-1918	1782-1836	метрична книга|народження	1	ДАІФО-631-1-579
631	1	58	Церковні документи / 1750-1918	1834-1853	метрична книга|смерть	1	ДАІФО-631-1-58
631	1	580	Церковні документи / 1750-1918	1784-1910	метрична книга|народження	1	ДАІФО-631-1-580
631	1	581	Церковні документи / 1750-1918	1836-1852	метрична книга|народження	1	ДАІФО-631-1-581
631	1	582	Церковні документи / 1750-1918	1852-1887	метрична книга|народження	1	ДАІФО-631-1-582
631	1	583	Церковні документи / 1750-1918	1887-1910	метрична книга|народження	1	ДАІФО-631-1-583
631	1	584	Церковні документи / 1750-1918	1784-1860	метрична книга|шлюб	1	ДАІФО-631-1-584
631	1	585	Церковні документи / 1750-1918	1785-1836		1	ДАІФО-631-1-585
631	1	586	Церковні документи / 1750-1918	1844-1899	метрична книга|смерть	1	ДАІФО-631-1-586
631	1	587	Церковні документи / 1750-1918	1861-1876	метрична книга|народження	1	ДАІФО-631-1-587
631	1	588	Церковні документи / 1750-1918	1876-1883	метрична книга|народження	1	ДАІФО-631-1-588
631	1	589	Церковні документи / 1750-1918	1883-1891	метрична книга|народження	1	ДАІФО-631-1-589
631	1	59	Церковні документи / 1750-1918	1853-1878	метрична книга|смерть	1	ДАІФО-631-1-59
631	1	590	Церковні документи / 1750-1918	1891-1898	метрична книга|народження	1	ДАІФО-631-1-590
631	1	591	Церковні документи / 1750-1918	1898-1912	метрична книга|народження	1	ДАІФО-631-1-591
631	1	592	Церковні документи / 1750-1918	1869-1870	метрична книга|шлюб	1	ДАІФО-631-1-592
631	1	593	Церковні документи / 1750-1918	1870-1882	метрична книга|шлюб	1	ДАІФО-631-1-593
631	1	594	Церковні документи / 1750-1918	1882-1899	метрична книга|шлюб	1	ДАІФО-631-1-594
631	1	595	Церковні документи / 1750-1918	1864-1886	метрична книга|смерть	1	ДАІФО-631-1-595
631	1	596	Церковні документи / 1750-1918	1886-1898	метрична книга|смерть	1	ДАІФО-631-1-596
631	1	597	Метрична книга церкви реєстрації смертей	1867-1923	метрична книга|смерть	1	ДАІФО-631-1-597
631	1	598	Метрична книга церкви реєстрації смертей	1898-1917	метрична книга|смерть	1	ДАІФО-631-1-598
631	1	599	Метрична книга костелу реєстрації народжень	1890-1905	метрична книга|народження	1	ДАІФО-631-1-599
631	1	6	Церковні документи / 1750-1918	1873-1896	метрична книга|народження|шлюб	1	ДАІФО-631-1-6
631	1	60	Церковні документи / 1750-1918	1878-1902	метрична книга|смерть	1	ДАІФО-631-1-60
631	1	600	Метрична книга костелу реєстрації шлюбів	1867-1923	метрична книга|шлюб	1	ДАІФО-631-1-600
631	1	601	Метрична книга церкви реєстрації народжень	1867-1923	метрична книга|народження	1	ДАІФО-631-1-601
631	1	602	Церковні документи / 1750-1918	1896-1903	метрична книга|народження	1	ДАІФО-631-1-602
631	1	603	Церковні документи / 1750-1918	1903-1923	метрична книга|народження	1	ДАІФО-631-1-603
631	1	604	Церковні документи / 1750-1918	1843-1888	метрична книга|смерть|шлюб	1	ДАІФО-631-1-604
631	1	605	Церковні документи / 1750-1918	1888-1921	метрична книга|шлюб	1	ДАІФО-631-1-605
631	1	606	Церковні документи / 1750-1918	1889-1908	метрична книга|смерть	1	ДАІФО-631-1-606
631	1	607	Церковні документи / 1750-1918	1784-1808	метрична книга|народження	1	ДАІФО-631-1-607
631	1	608	Церковні документи / 1750-1918	1887-1923	метрична книга|народження	1	ДАІФО-631-1-608
631	1	609	Церковні документи / 1750-1918	1784-1850	метрична книга|шлюб	1	ДАІФО-631-1-609
631	1	61	Церковні документи / 1750-1918	1870-1883	метрична книга|смерть	1	ДАІФО-631-1-61
631	1	610	Церковні документи / 1750-1918	1850-1883	метрична книга|шлюб	1	ДАІФО-631-1-610
631	1	611	Церковні документи / 1750-1918	1784-1839	метрична книга|смерть	1	ДАІФО-631-1-611
631	1	612	Церковні документи / 1750-1918	1883-1911	метрична книга|народження	1	ДАІФО-631-1-612
631	1	613	Церковні документи / 1750-1918	1855-1921	метрична книга|народження	1	ДАІФО-631-1-613
631	1	614	Церковні документи / 1750-1918	1891-1907	метрична книга|смерть	1	ДАІФО-631-1-614
631	1	615	Церковні документи / 1750-1918	1873-1901	метрична книга|народження|смерть|шлюб	1	ДАІФО-631-1-615
631	1	616	Церковні документи / 1750-1918	1776-1785	метрична книга|народження|смерть|шлюб	1	ДАІФО-631-1-616
631	1	617	Церковні документи / 1750-1918	1785-1801	метрична книга|народження	1	ДАІФО-631-1-617
631	1	618	Церковні документи / 1750-1918	1801-1834	метрична книга|народження	1	ДАІФО-631-1-618
631	1	619	Церковні документи / 1750-1918	1834-1859	метрична книга|народження	1	ДАІФО-631-1-619
631	1	61А	Церковні документи / 1750-1918	1884-1897		1	ДАІФО-631-1-61А
631	1	62	Церковні документи / 1750-1918	1875-1907	метрична книга|народження	1	ДАІФО-631-1-62
631	1	620	Церковні документи / 1750-1918	1859-1889	метрична книга|народження	1	ДАІФО-631-1-620
631	1	621	Церковні документи / 1750-1918	1889-1919	метрична книга|народження	1	ДАІФО-631-1-621
631	1	622	Церковні документи / 1750-1918	1835-1862	метрична книга|шлюб	2	ДАІФО-631-1-622
631	1	623	Церковні документи / 1750-1918	1853-1907	метрична книга|шлюб	1	ДАІФО-631-1-623
631	1	624	Церковні документи / 1750-1918	1785-1838	метрична книга|смерть	1	ДАІФО-631-1-624
631	1	625	Церковні документи / 1750-1918	1838-1884	метрична книга|смерть	1	ДАІФО-631-1-625
631	1	626	Метричні книги греко-унійної церкви с. Лисець. Народження	1873-1914	метрична книга|народження	2	ДАІФО-631-1-626
631	1	627	Церковні документи / 1750-1918	1787-1807	метрична книга|народження	1	ДАІФО-631-1-627
631	1	628	Церковні документи / 1750-1918	1807-1829	метрична книга|народження	1	ДАІФО-631-1-628
631	1	629	Церковні документи / 1750-1918	1829-1851	метрична книга|народження	1	ДАІФО-631-1-629
631	1	63	Метрична книга. –	1863-1922		1	ДАІФО-631-1-63
631	1	630	Церковні документи / 1750-1918	1785-1857	метрична книга|шлюб	1	ДАІФО-631-1-630
631	1	631	Церковні документи / 1750-1918	1876-1892	метрична книга|народження	1	ДАІФО-631-1-631
631	1	632	Церковні документи / 1750-1918	1760-1774	метрична книга|народження	1	ДАІФО-631-1-632
631	1	633	Церковні документи / 1750-1918	1879-1911	метрична книга|народження	1	ДАІФО-631-1-633
631	1	634	Церковні документи / 1750-1918	1822-1867	метрична книга|народження	1	ДАІФО-631-1-634
631	1	635	Церковні документи / 1750-1918	1874-1925	метрична книга|народження|шлюб	1	ДАІФО-631-1-635
631	1	636	Метрична книга. Церква Різдва Христового, с. Підпечери Станіславського пов.	1857-1898		1	ДАІФО-631-1-636
631	1	637	Церковні документи / 1750-1918	1874-1925	метрична книга|смерть	1	ДАІФО-631-1-637
631	1	638	Церковні документи / 1750-1918	1874-1902	метрична книга|народження	1	ДАІФО-631-1-638
631	1	639	Церковні документи / 1750-1918	1870-1915	метрична книга|народження|смерть|шлюб	1	ДАІФО-631-1-639
631	1	64	Церковні документи / 1750-1918	1864-1907	метрична книга|народження	1	ДАІФО-631-1-64
631	1	640	Церковні документи / 1750-1918	1884-1904	метрична книга|народження|смерть|шлюб	1	ДАІФО-631-1-640
631	1	641	Метричні книги греко-унійної церкви с. Старий Лисець. Народження	1873-1913	метрична книга|народження	2	ДАІФО-631-1-641
631	1	642	Метричні книги греко-унійної церкви с. Стебники та с. Лисець. Народження	1890-1901	метрична книга|народження	2	ДАІФО-631-1-642
631	1	643	Церковні документи / 1750-1918	1865-1901	метрична книга|народження|шлюб	1	ДАІФО-631-1-643
631	1	644	Церковні документи / 1750-1918	1754-1787	метрична книга|народження|смерть|шлюб	1	ДАІФО-631-1-644
631	1	645	Церковні документи / 1750-1918	1766-1843	метрична книга|народження	1	ДАІФО-631-1-645
631	1	646	Церковні документи / 1750-1918	1822-1843	метрична книга|народження	1	ДАІФО-631-1-646
631	1	647	Церковні документи / 1750-1918	1869-1899		1	ДАІФО-631-1-647
631	1	648	Церковні документи / 1750-1918	1776-1848	метрична книга|шлюб	1	ДАІФО-631-1-648
631	1	649	Церковні документи / 1750-1918	1871-1899	метрична книга|смерть	1	ДАІФО-631-1-649
631	1	65	Церковні документи / 1750-1918	1784-1869	метрична книга|народження|смерть|шлюб	1	ДАІФО-631-1-65
631	1	650	Церковні документи / 1750-1918	1873-1901	метрична книга|смерть	1	ДАІФО-631-1-650
631	1	651	Церковні документи / 1750-1918	1872-1903	метрична книга|народження	1	ДАІФО-631-1-651
631	1	652	Церковні документи / 1750-1918	1785-1824	метрична книга|народження	1	ДАІФО-631-1-652
631	1	653	Церковні документи / 1750-1918	1824-1851	метрична книга|народження	1	ДАІФО-631-1-653
631	1	654	Церковні документи / 1750-1918	1873-1903	метрична книга|народження	1	ДАІФО-631-1-654
631	1	655	Церковні документи / 1750-1918	1786-1871	метрична книга|шлюб	1	ДАІФО-631-1-655
631	1	656	Церковні документи / 1750-1918	1784-1840	метрична книга|народження|смерть|шлюб	1	ДАІФО-631-1-656
631	1	657	Церковні документи / 1750-1918	1785-1868	метрична книга|народження|смерть|шлюб	1	ДАІФО-631-1-657
631	1	658	Церковні документи / 1750-1918	1814-1881	метрична книга|народження	1	ДАІФО-631-1-658
631	1	659	Церковні документи / 1750-1918	1881-1906	метрична книга|народження	1	ДАІФО-631-1-659
631	1	659А	Церковні документи / 1750-1918	1849-1867		1	ДАІФО-631-1-659А
631	1	66	Метрична книга. Церква невідома, с. Устеріки Косівського пов.	1855-1902		1	ДАІФО-631-1-66
631	1	660	Церковні документи / 1750-1918	1902-1922	метрична книга|шлюб	1	ДАІФО-631-1-660
631	1	661	Церковні документи / 1750-1918	1849-1892	метрична книга|смерть	1	ДАІФО-631-1-661
631	1	662	Церковні документи / 1750-1918	1892-1917	метрична книга|смерть	1	ДАІФО-631-1-662
631	1	663	Церковні документи / 1750-1918	1786-1850	метрична книга|народження	1	ДАІФО-631-1-663
631	1	664	Церковні документи / 1750-1918	1800-1818	метрична книга|народження	1	ДАІФО-631-1-664
631	1	665	Церковні документи / 1750-1918	1830-1843	метрична книга|народження	1	ДАІФО-631-1-665
631	1	666	Церковні документи / 1750-1918	1849-1859	метрична книга|народження|шлюб	1	ДАІФО-631-1-666
631	1	667	Церковні документи / 1750-1918	1785-1843	метрична книга|шлюб	1	ДАІФО-631-1-667
631	1	668	Церковні документи / 1750-1918	1788-1878	метрична книга|шлюб	1	ДАІФО-631-1-668
631	1	669	Церковні документи / 1750-1918	1852-1880	метрична книга|шлюб	1	ДАІФО-631-1-669
631	1	67	Церковні документи / 1750-1918	1848-1916	метрична книга|народження	1	ДАІФО-631-1-67
631	1	670	Церковні документи / 1750-1918	1785-1822	метрична книга|смерть	1	ДАІФО-631-1-670
631	1	671	Церковні документи / 1750-1918	1850-1890	метрична книга|смерть	1	ДАІФО-631-1-671
631	1	672	Церковні документи / 1750-1918	1873-1895	метрична книга|народження	1	ДАІФО-631-1-672
631	1	673	Церковні документи / 1750-1918	1891-1900	метрична книга|смерть	1	ДАІФО-631-1-673
631	1	674	Церковні документи / 1750-1918	1883-1925	метрична книга|народження|смерть	1	ДАІФО-631-1-674
631	1	675	Церковні документи / 1750-1918	1883-1923	метрична книга|шлюб	1	ДАІФО-631-1-675
631	1	676	Церковні документи / 1750-1918	1872-1906	метрична книга|народження	2	ДАІФО-631-1-676
631	1	677	Церковні документи / 1750-1918	1866-1922	метрична книга|смерть	1	ДАІФО-631-1-677
631	1	678	Церковні документи / 1750-1918	1834-1854	метрична книга|народження	1	ДАІФО-631-1-678
631	1	679	Церковні документи / 1750-1918	1892-1925	метрична книга|народження	1	ДАІФО-631-1-679
631	1	68	Церковні документи / 1750-1918	1846-1878	метрична книга|народження	1	ДАІФО-631-1-68
631	1	680	Церковні документи / 1750-1918	1876-1919	метрична книга|народження	1	ДАІФО-631-1-680
631	1	681	Церковні документи / 1750-1918	1849-1875	метрична книга|народження	1	ДАІФО-631-1-681
631	1	682	Церковні документи / 1750-1918	1888-1923	метрична книга|народження	1	ДАІФО-631-1-682
631	1	683	Метрична книга. Церква Св. Архангела Михаїла, с. Олеша Тлумацького пов.	1837-1912,1859-1909	метрична книга|смерть|шлюб	1	ДАІФО-631-1-683
631	1	684	Церковні документи / 1750-1918	1865-1879	метрична книга|смерть	1	ДАІФО-631-1-684
631	1	685	Церковні документи / 1750-1918	1865-1879	метрична книга|народження	1	ДАІФО-631-1-685
631	1	686	Церковні документи / 1750-1918	1853-1923	метрична книга|народження|смерть|шлюб	1	ДАІФО-631-1-686
631	1	687	Церковні документи / 1750-1918	1873-1908	метрична книга|народження	1	ДАІФО-631-1-687
631	1	688	Церковні документи / 1750-1918	1884-1897	метрична книга|народження	1	ДАІФО-631-1-688
631	1	689	Церковні документи / 1750-1918	1866-1897	метрична книга|шлюб	1	ДАІФО-631-1-689
631	1	69	Церковні документи / 1750-1918	1866-1920	метрична книга|смерть	1	ДАІФО-631-1-69
631	1	690	Церковні документи / 1750-1918	1866-1899	метрична книга|шлюб	2	ДАІФО-631-1-690
631	1	691	Церковні документи / 1750-1918	1866-1899	метрична книга|смерть	1	ДАІФО-631-1-691
631	1	692	Церковні документи / 1750-1918	1826-1876	метрична книга|народження	1	ДАІФО-631-1-692
631	1	693	Церковні документи / 1750-1918	1840-1856	метрична книга|народження	1	ДАІФО-631-1-693
631	1	694	Церковні документи / 1750-1918	1856-1891	метрична книга|народження	1	ДАІФО-631-1-694
631	1	695	Церковні документи / 1750-1918	1825-1859	метрична книга|шлюб	1	ДАІФО-631-1-695
631	1	696	Церковні документи / 1750-1918	1826-1922	метрична книга|шлюб	1	ДАІФО-631-1-696
631	1	697	Метрична книга. Церква Св. Мироносиць, м. Болехів Долинського пов.	1859-1918		1	ДАІФО-631-1-697
631	1	698	Церковні документи / 1750-1918	1859-1874	метрична книга|народження	1	ДАІФО-631-1-698
631	1	699	Церковні документи / 1750-1918	1893-1911	метрична книга|народження	1	ДАІФО-631-1-699
631	1	7	Церковні документи / 1750-1918	1835-1852	метрична книга|смерть	1	ДАІФО-631-1-7
631	1	70	Церковні документи / 1750-1918	1785-1800	метрична книга|народження	1	ДАІФО-631-1-70
631	1	700	Церковні документи / 1750-1918	1855-1893	метрична книга|шлюб	1	ДАІФО-631-1-700
631	1	701	Церковні документи / 1750-1918	1866-1884	метрична книга|народження	1	ДАІФО-631-1-701
631	1	702	Церковні документи / 1750-1918	1783-1846	метрична книга|народження|смерть|шлюб	1	ДАІФО-631-1-702
631	1	703	Церковні документи / 1750-1918	1803-1843	метрична книга|народження	1	ДАІФО-631-1-703
631	1	704	Церковні документи / 1750-1918	1862-1870	метрична книга|народження	1	ДАІФО-631-1-704
631	1	705	Церковні документи / 1750-1918	1870-1879		1	ДАІФО-631-1-705
631	1	706	Церковні документи / 1750-1918	1879-1890	метрична книга|народження	1	ДАІФО-631-1-706
631	1	707	Церковні документи / 1750-1918	1890-1901	метрична книга|народження	1	ДАІФО-631-1-707
631	1	708	Церковні документи / 1750-1918	1901-1908	метрична книга|народження	1	ДАІФО-631-1-708
631	1	709	Церковні документи / 1750-1918	1867-1875	метрична книга|шлюб	1	ДАІФО-631-1-709
631	1	71	Церковні документи / 1750-1918	1800-1815	метрична книга|народження	1	ДАІФО-631-1-71
631	1	710	Церковні документи / 1750-1918	1875-1887	метрична книга|шлюб	1	ДАІФО-631-1-710
631	1	711	Церковні документи / 1750-1918	1887-1897	метрична книга|шлюб	1	ДАІФО-631-1-711
631	1	712	Церковні документи / 1750-1918	1897-1905	метрична книга|шлюб	1	ДАІФО-631-1-712
631	1	713	Церковні документи / 1750-1918	1848-1856	метрична книга|смерть	1	ДАІФО-631-1-713
631	1	714	Церковні документи / 1750-1918	1863-1919	метрична книга|смерть	1	ДАІФО-631-1-714
631	1	715	Церковні документи / 1750-1918	1863-1919	метрична книга|смерть	1	ДАІФО-631-1-715
631	1	716	Церковні документи / 1750-1918	1863-1919	метрична книга|смерть	1	ДАІФО-631-1-716
631	1	717	Церковні документи / 1750-1918	1863-1919	метрична книга|смерть	1	ДАІФО-631-1-717
631	1	718	Церковні документи / 1750-1918	1863-1919	метрична книга|народження	1	ДАІФО-631-1-718
631	1	719	Церковні документи / 1750-1918	1875-1886	метрична книга|народження	1	ДАІФО-631-1-719
631	1	72	Церковні документи / 1750-1918	1833-1843	метрична книга|народження	1	ДАІФО-631-1-72
631	1	720	Церковні документи / 1750-1918	1895-1900	метрична книга|народження	1	ДАІФО-631-1-720
631	1	721	Церковні документи / 1750-1918	1900-1904	метрична книга|народження	1	ДАІФО-631-1-721
631	1	722	Церковні документи / 1750-1918	1906-1908	метрична книга|народження	2	ДАІФО-631-1-722
631	1	723	Церковні документи / 1750-1918	1857-1924	метрична книга|народження	1	ДАІФО-631-1-723
631	1	724	Церковні документи / 1750-1918	1857-1924	метрична книга|народження	1	ДАІФО-631-1-724
631	1	724А	Церковні документи / 1750-1918	1920-1924		1	ДАІФО-631-1-724А
631	1	725	Церковні документи / 1750-1918	1857-1924	метрична книга|шлюб	1	ДАІФО-631-1-725
631	1	726	Церковні документи / 1750-1918	1874-1898	метрична книга|шлюб	2	ДАІФО-631-1-726
631	1	727	Церковні документи / 1750-1918	1882-1897	метрична книга|шлюб	1	ДАІФО-631-1-727
631	1	728	Церковні документи / 1750-1918	1898-1906	метрична книга|шлюб	1	ДАІФО-631-1-728
631	1	729	Церковні документи / 1750-1918	1906-1918	метрична книга|шлюб	1	ДАІФО-631-1-729
631	1	73	Церковні документи / 1750-1918	1843-1857	метрична книга|народження	1	ДАІФО-631-1-73
631	1	730	Церковні документи / 1750-1918	1873-1900	метрична книга|смерть	2	ДАІФО-631-1-730
631	1	731	Церковні документи / 1750-1918	1884-1899	метрична книга|смерть	1	ДАІФО-631-1-731
631	1	732	Церковні документи / 1750-1918	1750-1918	метрична книга|смерть	1	ДАІФО-631-1-732
631	1	733	Церковні документи / 1750-1918	1908-1916	метрична книга|смерть	1	ДАІФО-631-1-733
631	1	734	Церковні документи / 1750-1918	1924-1925	метрична книга|народження	1	ДАІФО-631-1-734
631	1	735	Метричні книги синагоги Станіславського воєводства. Народження	1925-1926	метрична книга|народження	2	ДАІФО-631-1-735
631	1	736	Метрична книга синагоги Станіславського воєводства. Шлюб	1924-1924	метрична книга|шлюб	2	ДАІФО-631-1-736
631	1	737	Метрична книга синагоги Станіславського воєводства. Шлюб	1925-1925	метрична книга|шлюб	2	ДАІФО-631-1-737
631	1	738	Метрична книга синагоги Станіславського воєводства. Смерть	1924-1924,1925-1925	метрична книга|смерть	2	ДАІФО-631-1-738
631	1	739	Метрична книга синагоги Станіславського воєводства. Смерть	1924-1924,1925-1925	метрична книга|смерть	2	ДАІФО-631-1-739
631	1	74	Церковні документи / 1750-1918	1858-1875	метрична книга|народження	1	ДАІФО-631-1-74
631	1	740	Церковні документи / 1750-1918	1889-1902	метрична книга|народження	1	ДАІФО-631-1-740
631	1	741	Церковні документи / 1750-1918	1902-1908	метрична книга|народження	1	ДАІФО-631-1-741
631	1	742	Церковні документи / 1750-1918	1908-1912	метрична книга|народження	1	ДАІФО-631-1-742
631	1	743	Церковні документи / 1750-1918	1842-1877	метрична книга|шлюб	1	ДАІФО-631-1-743
631	1	744	Церковні документи / 1750-1918	1877-1900	метрична книга|шлюб	1	ДАІФО-631-1-744
631	1	745	Церковні документи / 1750-1918	1841-1875	метрична книга|смерть	1	ДАІФО-631-1-745
631	1	746	Церковні документи / 1750-1918	1875-1891	метрична книга|смерть	1	ДАІФО-631-1-746
631	1	747	Церковні документи / 1750-1918	1891-1905	метрична книга|смерть	1	ДАІФО-631-1-747
631	1	748	Церковні документи / 1750-1918	1868-1894	метрична книга|народження	1	ДАІФО-631-1-748
631	1	749	Церковні документи / 1750-1918	1901-1901	метрична книга|народження|смерть|шлюб	1	ДАІФО-631-1-749
631	1	75	Церковні документи / 1750-1918	1875-1891	метрична книга|народження	1	ДАІФО-631-1-75
631	1	750	Церковні документи / 1750-1918	1776-1798	метрична книга|народження	1	ДАІФО-631-1-750
631	1	751	Церковні документи / 1750-1918	1784-1807	метрична книга|народження	1	ДАІФО-631-1-751
631	1	752	Церковні документи / 1750-1918	1808-1836	метрична книга|народження	1	ДАІФО-631-1-752
631	1	753	Церковні документи / 1750-1918	1836-1858	метрична книга|народження	1	ДАІФО-631-1-753
631	1	754	Церковні документи / 1750-1918	1858-1903	метрична книга|народження	1	ДАІФО-631-1-754
631	1	755	Церковні документи / 1750-1918	1784-1852	метрична книга|шлюб	1	ДАІФО-631-1-755
631	1	756	Церковні документи / 1750-1918	1784-1842	метрична книга|смерть	1	ДАІФО-631-1-756
631	1	757	Церковні документи / 1750-1918	1849-1869	метрична книга|смерть	1	ДАІФО-631-1-757
631	1	758	Церковні документи / 1750-1918	1882-1906	метрична книга|смерть	1	ДАІФО-631-1-758
631	1	759	Церковні документи / 1750-1918	1874-1900		1	ДАІФО-631-1-759
631	1	76	Церковні документи / 1750-1918	1890-1919	метрична книга|народження	1	ДАІФО-631-1-76
631	1	760	Церковні документи / 1750-1918	1855-1876	метрична книга|народження	1	ДАІФО-631-1-760
631	1	761	Церковні документи / 1750-1918	1876-1895	метрична книга|народження	1	ДАІФО-631-1-761
631	1	762	Церковні документи / 1750-1918	1895-1909	метрична книга|народження	1	ДАІФО-631-1-762
631	1	763	Церковні документи / 1750-1918	1785-1897	метрична книга|шлюб	1	ДАІФО-631-1-763
631	1	764	Церковні документи / 1750-1918	1886-1908	метрична книга|народження|смерть|шлюб	1	ДАІФО-631-1-764
631	1	765	Церковні документи / 1750-1918	1882-1910	метрична книга|народження	2	ДАІФО-631-1-765
631	1	766	Церковні документи / 1750-1918	1879-1890	метрична книга|народження|смерть|шлюб	2	ДАІФО-631-1-766
631	1	767	Церковні документи / 1750-1918	1866-1880	метрична книга|народження|смерть|шлюб	1	ДАІФО-631-1-767
631	1	767А	Церковні документи / 1750-1918	1881-1896		1	ДАІФО-631-1-767А
631	1	768	Церковні документи / 1750-1918	1865-1874	метрична книга|народження	1	ДАІФО-631-1-768
631	1	769	Церковні документи / 1750-1918	1874-1886	метрична книга|народження	1	ДАІФО-631-1-769
631	1	77	Церковні документи / 1750-1918	1785-1840	метрична книга|шлюб	1	ДАІФО-631-1-77
631	1	770	Церковні документи / 1750-1918	1886-1902	метрична книга|народження	1	ДАІФО-631-1-770
631	1	771	Церковні документи / 1750-1918	1902-1907	метрична книга|народження	1	ДАІФО-631-1-771
631	1	772	Церковні документи / 1750-1918	1907-1924	метрична книга|народження	1	ДАІФО-631-1-772
631	1	773	Церковні документи / 1750-1918	1867-1889	метрична книга|шлюб	1	ДАІФО-631-1-773
631	1	774	Церковні документи / 1750-1918	1889-1907	метрична книга|шлюб	1	ДАІФО-631-1-774
631	1	775	Церковні документи / 1750-1918	1907-1919	метрична книга|шлюб	1	ДАІФО-631-1-775
631	1	776	Церковні документи / 1750-1918	1908-1917	метрична книга|шлюб	1	ДАІФО-631-1-776
631	1	777	Церковні документи / 1750-1918	1874-1885	метрична книга|смерть	1	ДАІФО-631-1-777
631	1	778	Церковні документи / 1750-1918	1885-1905	метрична книга|смерть	1	ДАІФО-631-1-778
631	1	779	Церковні документи / 1750-1918	1905-1908	метрична книга|смерть	1	ДАІФО-631-1-779
631	1	78	Церковні документи / 1750-1918	1840-1860	метрична книга|шлюб	1	ДАІФО-631-1-78
631	1	780	Церковні документи / 1750-1918	1908-1913	метрична книга|смерть	1	ДАІФО-631-1-780
631	1	781	Церковні документи / 1750-1918	1860-1876	метрична книга|народження	1	ДАІФО-631-1-781
631	1	782	Церковні документи / 1750-1918	1876-1886	метрична книга|народження	1	ДАІФО-631-1-782
631	1	783	Церковні документи / 1750-1918	1886-1894	метрична книга|народження	1	ДАІФО-631-1-783
631	1	784	Церковні документи / 1750-1918	1894-1901	метрична книга|народження	1	ДАІФО-631-1-784
631	1	785	Церковні документи / 1750-1918	1896-1910	метрична книга|народження	1	ДАІФО-631-1-785
631	1	786	Церковні документи / 1750-1918	1910-1918	метрична книга|народження	1	ДАІФО-631-1-786
631	1	787	Церковні документи / 1750-1918	1919-1919	метрична книга|народження|смерть|шлюб	1	ДАІФО-631-1-787
631	1	788	Церковні документи / 1750-1918	1919-1920	метрична книга|народження|смерть|шлюб	1	ДАІФО-631-1-788
631	1	789	Церковні документи / 1750-1918	1921-1921	метрична книга|народження|смерть|шлюб	1	ДАІФО-631-1-789
631	1	79	Церковні документи / 1750-1918	1860-1884	метрична книга|шлюб	1	ДАІФО-631-1-79
631	1	790	Церковні документи / 1750-1918	1923-1923	метрична книга|народження|смерть|шлюб	1	ДАІФО-631-1-790
631	1	791	Церковні документи / 1750-1918	1924-1924	метрична книга|народження|смерть|шлюб	1	ДАІФО-631-1-791
631	1	792	Церковні документи / 1750-1918	1925-1925	метрична книга|народження|смерть|шлюб	1	ДАІФО-631-1-792
631	1	793	Церковні документи / 1750-1918	1926-1926	метрична книга|народження|смерть	1	ДАІФО-631-1-793
631	1	794	Церковні документи / 1750-1918	1878-1898	метрична книга|шлюб	1	ДАІФО-631-1-794
631	1	794А	Церковні документи / 1750-1918	1822-1847		1	ДАІФО-631-1-794А
631	1	795	Церковні документи / 1750-1918	1898-1908	метрична книга|шлюб	1	ДАІФО-631-1-795
631	1	796	Церковні документи / 1750-1918	1917-1924	метрична книга|шлюб	1	ДАІФО-631-1-796
631	1	797	Церковні документи / 1750-1918	1866-1888	метрична книга|смерть	1	ДАІФО-631-1-797
631	1	798	Церковні документи / 1750-1918	1888-1907	метрична книга|смерть	1	ДАІФО-631-1-798
631	1	799	Церковні документи / 1750-1918	1907-1925	метрична книга|смерть	1	ДАІФО-631-1-799
631	1	8	Церковні документи / 1750-1918	1882-1889	метрична книга|народження|смерть	1	ДАІФО-631-1-8
631	1	80	Церковні документи / 1750-1918	1884-1913	метрична книга|шлюб	1	ДАІФО-631-1-80
631	1	800	Церковні документи / 1750-1918	1877-1907	метрична книга|народження	1	ДАІФО-631-1-800
631	1	801	Церковні документи / 1750-1918	1902-1907	метрична книга|шлюб	1	ДАІФО-631-1-801
631	1	802	Церковні документи / 1750-1918	1875-1894	метрична книга|народження	1	ДАІФО-631-1-802
631	1	803	Церковні документи / 1750-1918	1894-1906	метрична книга|народження	1	ДАІФО-631-1-803
631	1	804	Церковні документи / 1750-1918	1873-1910	метрична книга|народження	1	ДАІФО-631-1-804
631	1	805	Церковні документи / 1750-1918	1754-1938		1	ДАІФО-631-1-805
631	1	81	Метрична книга церкви реєстрації смертей	1812-1828		1	ДАІФО-631-1-81
631	1	82	Метрична книга церкви реєстрації смертей	1829-1849	метрична книга|шлюб	1	ДАІФО-631-1-82
631	1	83	Метрична книга церкви реєстрації смертей	1847-1862	метрична книга|шлюб	1	ДАІФО-631-1-83
631	1	84	Метрична книга церкви реєстрації смертей	1826-1879	метрична книга|шлюб	1	ДАІФО-631-1-84
631	1	85	Метрична книга церкви реєстрації смертей	1879-1898	метрична книга|шлюб	1	ДАІФО-631-1-85
631	1	86	Метрична книга костелу реєстрації народжень	1889-1906	метрична книга|народження	1	ДАІФО-631-1-86
631	1	87	Метрична книга церкви реєстрації народжень, шлюбів та смертей	1885-1913	метрична книга|народження|смерть|шлюб	1	ДАІФО-631-1-87
631	1	87А	Церковні документи / 1750-1918	1885-1913		1	ДАІФО-631-1-87А
631	1	88	Церковні документи / 1750-1918	1888-1898	метрична книга|народження	1	ДАІФО-631-1-88
631	1	89	Церковні документи / 1750-1918	1870-1899	метрична книга|народження|шлюб	1	ДАІФО-631-1-89
631	1	9	Церковні документи / 1750-1918	1782-1870	метрична книга|смерть	1	ДАІФО-631-1-9
631	1	90	Церковні документи / 1750-1918	1889-1899	метрична книга|народження	1	ДАІФО-631-1-90
631	1	91	Церковні документи / 1750-1918	1888-1910	метрична книга|шлюб	1	ДАІФО-631-1-91
631	1	92	Церковні документи / 1750-1918	1870-1899	метрична книга|народження|смерть|шлюб	1	ДАІФО-631-1-92
631	1	93	Церковні документи / 1750-1918	1870-1906	метрична книга|народження|смерть|шлюб	1	ДАІФО-631-1-93
631	1	94	Церковні документи / 1750-1918	1873-1896	метрична книга|народження	1	ДАІФО-631-1-94
631	1	95	Церковні документи / 1750-1918	1897-1913		1	ДАІФО-631-1-95
631	1	96	Церковні документи / 1750-1918	1785-1827	метрична книга|народження	1	ДАІФО-631-1-96
631	1	97	Церковні документи / 1750-1918	1827-1852	метрична книга|народження	1	ДАІФО-631-1-97
631	1	98	Метрична книга. Церква Св. Романа і Давида, с. Коростовичі Рогатинського пов.	1785-1865		1	ДАІФО-631-1-98
631	1	99	Церковні документи / 1750-1918	1879-1913	метрична книга|народження	1	ДАІФО-631-1-99
631	10	1	Церковні документи / 1750-1918	1874-1940		1	ДАІФО-631-10-1
631	10	10	Церковні документи / 1918-1939	1784-1941		1	ДАІФО-631-10-10
631	10	11	Церковні документи / 1918-1939	1874-1940		1	ДАІФО-631-10-11
631	10	12	Церковні документи / 1918-1939	1875-1942		1	ДАІФО-631-10-12
631	10	13	Церковні документи / 1918-1939	1896-1940		1	ДАІФО-631-10-13
631	10	14	Церковні документи / 1750-1918	1853-1940		1	ДАІФО-631-10-14
631	10	15	Церковні документи / 1918-1939	1911-1940		1	ДАІФО-631-10-15
631	10	16	Церковні документи / 1918-1939	1886-1940		1	ДАІФО-631-10-16
631	10	17	Церковні документи / 1918-1939	1917-1941		1	ДАІФО-631-10-17
631	10	18	Церковні документи / 1918-1939	1914-1942		1	ДАІФО-631-10-18
631	10	19	Церковні документи / 1918-1939	1874-1938		1	ДАІФО-631-10-19
631	10	2	Церковні документи / 1750-1918	1878-1940		1	ДАІФО-631-10-2
631	10	20	Церковні документи / 1918-1939	1887-1941		1	ДАІФО-631-10-20
631	10	21	Церковні документи / 1918-1939	1919-1938		1	ДАІФО-631-10-21
631	10	22	Церковні документи / 1750-1918	1873-1946		1	ДАІФО-631-10-22
631	10	23	Церковні документи / 1750-1918	1874-1939		1	ДАІФО-631-10-23
631	10	24	Церковні документи / 1918-1939	1919-1939		1	ДАІФО-631-10-24
631	10	25	Церковні документи / 1750-1918	1876-1938		1	ДАІФО-631-10-25
631	10	26	Церковні документи / 1918-1939	1932-1940		1	ДАІФО-631-10-26
631	10	27	Церковні документи / 1918-1939	1935-1940		1	ДАІФО-631-10-27
631	10	28	Церковні документи / 1918-1939	1926-1940		1	ДАІФО-631-10-28
631	10	29	Церковні документи / 1918-1939	1880-1940		1	ДАІФО-631-10-29
631	10	3	Церковні документи / 1918-1939	1880-1940		1	ДАІФО-631-10-3
631	10	30	Церковні документи / 1918-1939	1935-1940		1	ДАІФО-631-10-30
631	10	31	Церковні документи / 1918-1939	1913-1938		1	ДАІФО-631-10-31
631	10	31А	Свідоцтва про народження, шлюб та смерть мешканців Станіславського воєводства	1815-1943		2	ДАІФО-631-10-31А
631	10	31Б	Свідоцтва про народження, шлюб та смерть мешканців Станіславського, Львівського, Тернопільського та Краківського воєводств	1815-1943		2	ДАІФО-631-10-31Б
631	10	37				0	ДАІФО-631-10-37
631	10	4	Церковні документи / 1918-1939	1786-1941		1	ДАІФО-631-10-4
631	10	5	Церковні документи / 1918-1939	1879-1940		1	ДАІФО-631-10-5
631	10	6	Церковні документи / 1918-1939	1880-1940		1	ДАІФО-631-10-6
631	10	62				0	ДАІФО-631-10-62
631	10	7	Церковні документи / 1918-1939	1879-1940		1	ДАІФО-631-10-7
631	10	8	Церковні документи / 1918-1939	1868-1941		1	ДАІФО-631-10-8
631	10	9	Церковні документи / 1918-1939	1848-1938		1	ДАІФО-631-10-9
631	11	1	Церковні документи / 1918-1939	1890-1941		1	ДАІФО-631-11-1
631	11	10	Церковні документи / 1750-1918	1887-1941		1	ДАІФО-631-11-10
631	11	11	Церковні документи / 1918-1939	1872-1941		1	ДАІФО-631-11-11
631	11	12	Церковні документи / 1750-1918	1868-1941		1	ДАІФО-631-11-12
631	11	13	Церковні документи / 1918-1939	1918-1939		1	ДАІФО-631-11-13
631	11	14	Церковні документи / 1750-1918	1874-1938		1	ДАІФО-631-11-14
631	11	15	Церковні документи / 1918-1939	1872-1941		1	ДАІФО-631-11-15
631	11	16	Церковні документи / 1750-1918	1873-1941		1	ДАІФО-631-11-16
631	11	17	Церковні документи / 1918-1939	1867-1941		1	ДАІФО-631-11-17
631	11	18	Церковні документи / 1918-1939	1868-1941		1	ДАІФО-631-11-18
631	11	19	Церковні документи / 1750-1918	1874-1938		1	ДАІФО-631-11-19
631	11	2	Церковні документи / 1918-1939	1913-1941		1	ДАІФО-631-11-2
631	11	20	Церковні документи / 1750-1918	1873-1943		1	ДАІФО-631-11-20
631	11	21	Церковні документи / 1918-1939	1910-1943		1	ДАІФО-631-11-21
631	11	22	Церковні документи / 1750-1918	1700-1938		1	ДАІФО-631-11-22
631	11	23	Церковні документи / 1750-1918	1787-1941		2	ДАІФО-631-11-23
631	11	24	Церковні документи / 1750-1918	1784-1941		1	ДАІФО-631-11-24
631	11	25	Церковні документи / 1750-1918	1873-1941		1	ДАІФО-631-11-25
631	11	26	Церковні документи / 1918-1939	1910-1940		1	ДАІФО-631-11-26
631	11	27	Метрична книга костелу реєстрації народження м.Долина	1901-1939		2	ДАІФО-631-11-27
631	11	28	Церковні документи / 1918-1939	1866-1938		1	ДАІФО-631-11-28
631	11	29	Церковні документи / 1750-1918	1899-1941		1	ДАІФО-631-11-29
631	11	3	Церковні документи / 1750-1918	1874-1941		1	ДАІФО-631-11-3
631	11	30	Церковні документи / 1918-1939	1903-1941		1	ДАІФО-631-11-30
631	11	31	Церковні документи / 1918-1939	1928-1941		1	ДАІФО-631-11-31
631	11	32	Церковні документи / 1918-1939	1909-1941		1	ДАІФО-631-11-32
631	11	33	Церковні документи / 1918-1939	1873-1941		1	ДАІФО-631-11-33
631	11	34	Церковні документи / 1750-1918	1870-1941		1	ДАІФО-631-11-34
631	11	35	Церковні документи / 1750-1918	1866-1941		1	ДАІФО-631-11-35
631	11	36	Церковні документи / 1918-1939	1866-1941		1	ДАІФО-631-11-36
631	11	37	Церковні документи / 1918-1939	1868-1941		2	ДАІФО-631-11-37
631	11	38	Церковні документи / 1750-1918	1871-1941		1	ДАІФО-631-11-38
631	11	39	Книга записів про народження с. Перекоси	1868-1942		2	ДАІФО-631-11-39
631	11	4	Церковні документи / 1918-1939	1908-1941		1	ДАІФО-631-11-4
631	11	40	Церковні документи / 1750-1918	1866-1941		1	ДАІФО-631-11-40
631	11	41	Церковні документи / 1750-1918	1870-1940		1	ДАІФО-631-11-41
631	11	42	Церковні документи / 1918-1939	1860-1941		1	ДАІФО-631-11-42
631	11	43	Церковні документи / 1918-1939	1866-1942		1	ДАІФО-631-11-43
631	11	44	Церковні документи / 1750-1918	1904-1941		1	ДАІФО-631-11-44
631	11	45	Церковні документи / 1918-1939	1869-1941		1	ДАІФО-631-11-45
631	11	46	Церковні документи / 1918-1939	1925-1936		1	ДАІФО-631-11-46
631	11	47	Церковні документи / 1918-1939	1876-1938		1	ДАІФО-631-11-47
631	11	48	Церковні документи / 1918-1939	1876-1941		1	ДАІФО-631-11-48
631	11	49	Церковні документи / 1918-1939	1875-1938		1	ДАІФО-631-11-49
631	11	5	Церковні документи / 1918-1939	1915-1941		1	ДАІФО-631-11-5
631	11	50	Церковні документи / 1918-1939	1875-1938		1	ДАІФО-631-11-50
631	11	51	Церковні документи / 1918-1939	1918-1939		1	ДАІФО-631-11-51
631	11	52	Церковні документи / 1750-1918	1870-1941		1	ДАІФО-631-11-52
631	11	53	Метричні книги церков сіл Надвірнянського району	1884-1991		2	ДАІФО-631-11-53
631	11	54	Церковні документи / 1918-1939	1868-1941		1	ДАІФО-631-11-54
631	11	55	Церковні документи / 1750-1918	1868-1941		1	ДАІФО-631-11-55
631	11	56	Церковні документи / 1750-1918	1867-1941		1	ДАІФО-631-11-56
631	11	57	Церковні документи / 1750-1918	1867-1941		1	ДАІФО-631-11-57
631	11	58	Церковні документи / 1918-1939	1866-1941		1	ДАІФО-631-11-58
631	11	59	Церковні документи / 1918-1939	1866-1941		1	ДАІФО-631-11-59
631	11	6	Церковні документи / 1918-1939	1874-1941		1	ДАІФО-631-11-6
631	11	60	Церковні документи / 1918-1939	1895-1941		1	ДАІФО-631-11-60
631	11	61	Церковні документи / 1750-1918	1870-1941		1	ДАІФО-631-11-61
631	11	62	Церковні документи / 1750-1918	1867-1941		1	ДАІФО-631-11-62
631	11	63	Церковні документи / 1918-1939	1867-1941		2	ДАІФО-631-11-63
631	11	64	Церковні документи / 1750-1918	1866-1941		1	ДАІФО-631-11-64
631	11	65	Церковні документи / 1918-1939	1866-1941		1	ДАІФО-631-11-65
631	11	66	Церковні документи / 1750-1918	1867-1941		1	ДАІФО-631-11-66
631	11	67	Церковні документи / 1750-1918	1867-1941		1	ДАІФО-631-11-67
631	11	68	Церковні документи / 1750-1918	1904-1942		1	ДАІФО-631-11-68
631	11	69	Церковні документи / 1918-1939	1868-1941		1	ДАІФО-631-11-69
631	11	7	Церковні документи / 1750-1918	1865-1941		1	ДАІФО-631-11-7
631	11	70	Церковні документи / 1750-1918	1868-1941		1	ДАІФО-631-11-70
631	11	71	Церковні документи / 1750-1918	1866-1941		1	ДАІФО-631-11-71
631	11	72	Церковні документи / 1918-1939	1866-1942		1	ДАІФО-631-11-72
631	11	73	Церковні документи / 1750-1918	1905-1941		1	ДАІФО-631-11-73
631	11	74	Церковні документи / 1918-1939	1913-1941		1	ДАІФО-631-11-74
631	11	75	Церковні документи / 1918-1939	1875-1938		1	ДАІФО-631-11-75
631	11	76	Церковні документи / 1918-1939	1874-1941		1	ДАІФО-631-11-76
631	11	77	Церковні документи / 1750-1918	1873-1941		1	ДАІФО-631-11-77
631	11	78	Церковні документи / 1750-1918	1873-1940		1	ДАІФО-631-11-78
631	11	79	Церковні документи / 1918-1939	1917-1941		1	ДАІФО-631-11-79
631	11	8	Церковні документи / 1918-1939	1890-1920		1	ДАІФО-631-11-8
631	11	80	Церковні документи / 1918-1939	1868-1941		1	ДАІФО-631-11-80
631	11	81	Церковні документи / 1918-1939	1934-1941		1	ДАІФО-631-11-81
631	11	82	Церковні документи / 1750-1918	1902-1941		1	ДАІФО-631-11-82
631	11	83	Церковні документи / 1750-1918	1873-1941		1	ДАІФО-631-11-83
631	11	84	Церковні документи / 1750-1918	1898-1941		1	ДАІФО-631-11-84
631	11	9	Церковні документи / 1918-1939	1900-1941		2	ДАІФО-631-11-9
631	12	1	Церковні документи / 1918-1939	1906-1942		1	ДАІФО-631-12-1
631	12	10	Церковні документи / 1750-1918	1879-1942		1	ДАІФО-631-12-10
631	12	100	Церковні документи / 1918-1939	1854-1942		1	ДАІФО-631-12-100
631	12	101	Церковні документи / 1918-1939	1918-1938		1	ДАІФО-631-12-101
631	12	102	Церковні документи / 1918-1939	1875-1942		1	ДАІФО-631-12-102
631	12	103	Церковні документи / 1750-1918	1876-1943		1	ДАІФО-631-12-103
631	12	104	Церковні документи / 1918-1939	1873-1942		1	ДАІФО-631-12-104
631	12	105	Церковні документи / 1918-1939	1875-1942		1	ДАІФО-631-12-105
631	12	106	Церковні документи / 1918-1939	1875-1942		1	ДАІФО-631-12-106
631	12	107	Церковні документи / 1750-1918	1871-1942		1	ДАІФО-631-12-107
631	12	108	Церковні документи / 1750-1918	1875-1943		1	ДАІФО-631-12-108
631	12	109	Метрична книга церкви Св. Архистратига Михаїла с. Цуцилів. Народження	1875-1942		2	ДАІФО-631-12-109
631	12	11	Церковні документи / 1918-1939	1907-1945		1	ДАІФО-631-12-11
631	12	110	Метрична книга церкви Св. Архистратига Михаїла с. Цуцилів. Шлюб, смерть	1874-1942		2	ДАІФО-631-12-110
631	12	111	Церковні документи / 1918-1939	1874-1942		2	ДАІФО-631-12-111
631	12	112	Церковні документи / 1918-1939	1869-1942		1	ДАІФО-631-12-112
631	12	113	Церковні документи / 1918-1939	1906-1942		1	ДАІФО-631-12-113
631	12	114	Церковні документи / 1750-1918	1868-1942		1	ДАІФО-631-12-114
631	12	114Б	Церковні документи / 1918-1939	1932-1939		1	ДАІФО-631-12-114Б
631	12	114В	Церковні документи / 1918-1939	1939-1955		1	ДАІФО-631-12-114В
631	12	114Г	Церковні документи / 1918-1939	1939-1955		1	ДАІФО-631-12-114Г
631	12	115	Церковні документи / 1750-1918	1880-1942		1	ДАІФО-631-12-115
631	12	116	Церковні документи / 1918-1939	1867-1942		1	ДАІФО-631-12-116
631	12	117	Церковні документи / 1918-1939	1867-1942		1	ДАІФО-631-12-117
631	12	118	Церковні документи / 1918-1939	1866-1942		1	ДАІФО-631-12-118
631	12	119	Церковні документи / 1750-1918	1866-1942		1	ДАІФО-631-12-119
631	12	12	Церковні документи / 1750-1918	1854-1942		1	ДАІФО-631-12-12
631	12	120	Церковні документи / 1750-1918	1868-1942		1	ДАІФО-631-12-120
631	12	121	Церковні документи / 1750-1918	1868-1942		1	ДАІФО-631-12-121
631	12	122	Церковні документи / 1750-1918	1867-1942		1	ДАІФО-631-12-122
631	12	123	Церковні документи / 1918-1939	1871-1942		1	ДАІФО-631-12-123
631	12	124	Церковні документи / 1918-1939	1866-1942		1	ДАІФО-631-12-124
631	12	125	Церковні документи / 1918-1939	1866-1941		1	ДАІФО-631-12-125
631	12	126	Церковні документи / 1918-1939	1885-1942		1	ДАІФО-631-12-126
631	12	127	Церковні документи / 1918-1939	1885-1942		1	ДАІФО-631-12-127
631	12	128	Церковні документи / 1750-1918	1867-1942		1	ДАІФО-631-12-128
631	12	129	Церковні документи / 1918-1939	1882-1942		1	ДАІФО-631-12-129
631	12	13	Церковні документи / 1750-1918	1882-1942		1	ДАІФО-631-12-13
631	12	130	Церковні документи / 1918-1939	1866-1942		1	ДАІФО-631-12-130
631	12	131	Церковні документи / 1918-1939	1906-1942		1	ДАІФО-631-12-131
631	12	132	Церковні документи / 1750-1918	1906-1942		1	ДАІФО-631-12-132
631	12	133	Церковні документи / 1918-1939	1870-1942		1	ДАІФО-631-12-133
631	12	134	Церковні документи / 1750-1918	1866-1942		1	ДАІФО-631-12-134
631	12	135	Церковні документи / 1750-1918	1867-1942		1	ДАІФО-631-12-135
631	12	136	Церковні документи / 1918-1939	1878-1942		1	ДАІФО-631-12-136
631	12	137	Церковні документи / 1918-1939	1867-1942		1	ДАІФО-631-12-137
631	12	138	Церковні документи / 1750-1918	1870-1942		1	ДАІФО-631-12-138
631	12	139	Церковні документи / 1750-1918	1885-1942		1	ДАІФО-631-12-139
631	12	14	Церковні документи / 1918-1939	1913-1942		1	ДАІФО-631-12-14
631	12	140	Церковні документи / 1918-1939	1868-1942		1	ДАІФО-631-12-140
631	12	141	Церковні документи / 1750-1918	1868-1942		1	ДАІФО-631-12-141
631	12	142	Церковні документи / 1918-1939	1866-1942		1	ДАІФО-631-12-142
631	12	143	Церковні документи / 1750-1918	1866-1942		1	ДАІФО-631-12-143
631	12	144	Церковні документи / 1918-1939	1866-1942		1	ДАІФО-631-12-144
631	12	145	Церковні документи / 1750-1918	1883-1942		1	ДАІФО-631-12-145
631	12	146	Церковні документи / 1918-1939	1866-1942		1	ДАІФО-631-12-146
631	12	147	Церковні документи / 1918-1939	1889-1942		1	ДАІФО-631-12-147
631	12	148	Церковні документи / 1750-1918	1852-1942		1	ДАІФО-631-12-148
631	12	149	Церковні документи / 1918-1939	1867-1942		1	ДАІФО-631-12-149
631	12	15	Церковні документи / 1750-1918	1882-1942		1	ДАІФО-631-12-15
631	12	150	Церковні документи / 1918-1939	1866-1942		1	ДАІФО-631-12-150
631	12	151	Церковні документи / 1918-1939	1852-1942		1	ДАІФО-631-12-151
631	12	152	Церковні документи / 1750-1918	1874-1942		1	ДАІФО-631-12-152
631	12	153	Церковні документи / 1750-1918	1852-1942		1	ДАІФО-631-12-153
631	12	154	Церковні документи / 1750-1918	1852-1942		1	ДАІФО-631-12-154
631	12	155	Церковні документи / 1750-1918	1852-1942		1	ДАІФО-631-12-155
631	12	156	Церковні документи / 1918-1939	1901-1942		1	ДАІФО-631-12-156
631	12	157	Церковні документи / 1750-1918	1852-1942		1	ДАІФО-631-12-157
631	12	158	Церковні документи / 1918-1939	1869-1942		1	ДАІФО-631-12-158
631	12	159	Церковні документи / 1750-1918	1866-1942		1	ДАІФО-631-12-159
631	12	16	Церковні документи / 1750-1918	1873-1942		1	ДАІФО-631-12-16
631	12	160	Церковні документи / 1918-1939	1866-1942		1	ДАІФО-631-12-160
631	12	161	Церковні документи / 1918-1939	1874-1942		1	ДАІФО-631-12-161
631	12	162	Церковні документи / 1750-1918	1874-1942		1	ДАІФО-631-12-162
631	12	163	Церковні документи / 1750-1918	1874-1942		1	ДАІФО-631-12-163
631	12	164	Церковні документи / 1918-1939	1874-1939		1	ДАІФО-631-12-164
631	12	165	Церковні документи / 1918-1939	1874-1942		1	ДАІФО-631-12-165
631	12	166	Церковні документи / 1918-1939	1874-1942		1	ДАІФО-631-12-166
631	12	167	Церковні документи / 1918-1939	1883-1942		1	ДАІФО-631-12-167
631	12	168	Церковні документи / 1918-1939	1901-1943		1	ДАІФО-631-12-168
631	12	169	Церковні документи / 1918-1939	1892-1942		1	ДАІФО-631-12-169
631	12	17	Церковні документи / 1750-1918	1901-1942		1	ДАІФО-631-12-17
631	12	171	Церковні документи / 1918-1939	1906-1942		1	ДАІФО-631-12-171
631	12	172	Церковні документи / 1750-1918	1875-1942		1	ДАІФО-631-12-172
631	12	173	Церковні документи / 1918-1939	1906-1942		1	ДАІФО-631-12-173
631	12	174	Церковні документи / 1918-1939	1891-1942		1	ДАІФО-631-12-174
631	12	175	Церковні документи / 1918-1939	1866-1942		1	ДАІФО-631-12-175
631	12	176	Церковні документи / 1750-1918	1876-1942		1	ДАІФО-631-12-176
631	12	177	Церковні документи / 1750-1918	1900-1939		1	ДАІФО-631-12-177
631	12	178	Церковні документи / 1918-1939	1886-1942		1	ДАІФО-631-12-178
631	12	179	Церковні документи / 1918-1939	1886-1942		1	ДАІФО-631-12-179
631	12	18	Церковні документи / 1750-1918	1880-1938		1	ДАІФО-631-12-18
631	12	180	Церковні документи / 1918-1939	1878-1942		1	ДАІФО-631-12-180
631	12	181	Церковні документи / 1918-1939	1912-1942		1	ДАІФО-631-12-181
631	12	182	Церковні документи / 1918-1939	1873-1942		1	ДАІФО-631-12-182
631	12	183	Церковні документи / 1918-1939	1891-1942		1	ДАІФО-631-12-183
631	12	184	Церковні документи / 1918-1939	1873-1942		1	ДАІФО-631-12-184
631	12	185	Церковні документи / 1750-1918	1873-1941		1	ДАІФО-631-12-185
631	12	186	Церковні документи / 1750-1918	1874-1895		1	ДАІФО-631-12-186
631	12	187	Церковні документи / 1918-1939	1873-1942		1	ДАІФО-631-12-187
631	12	188	Церковні документи / 1750-1918	1877-1942		1	ДАІФО-631-12-188
631	12	189	Церковні документи / 1918-1939	1873-1943		1	ДАІФО-631-12-189
631	12	19	Церковні документи / 1918-1939	1875-1941		2	ДАІФО-631-12-19
631	12	190	Церковні документи / 1918-1939	1883-1942		1	ДАІФО-631-12-190
631	12	191	Церковні документи / 1750-1918	1873-1940		1	ДАІФО-631-12-191
631	12	192	Церковні документи / 1750-1918	1750-1918		1	ДАІФО-631-12-192
631	12	192А	Церковні документи / 1918-1939	1866-1942		1	ДАІФО-631-12-192А
631	12	193	Церковні документи / 1918-1939	1871-1942		1	ДАІФО-631-12-193
631	12	194	Церковні документи / 1750-1918	1875-1942		1	ДАІФО-631-12-194
631	12	195	Церковні документи / 1750-1918	1870-1942		1	ДАІФО-631-12-195
631	12	196	Церковні документи / 1750-1918	1873-1942		1	ДАІФО-631-12-196
631	12	197	Церковні документи / 1918-1939	1871-1941		1	ДАІФО-631-12-197
631	12	198	Церковні документи / 1918-1939	1903-1942		1	ДАІФО-631-12-198
631	12	199	Церковні документи / 1750-1918	1871-1942		1	ДАІФО-631-12-199
631	12	2	Церковні документи / 1918-1939	1873-1942		1	ДАІФО-631-12-2
631	12	20	Церковні документи / 1918-1939	1879-1942		1	ДАІФО-631-12-20
631	12	200	Церковні документи / 1918-1939	1886-1937		1	ДАІФО-631-12-200
631	12	201	Церковні документи / 1750-1918	1878-1935		1	ДАІФО-631-12-201
631	12	202	Церковні документи / 1750-1918	1871-1942		1	ДАІФО-631-12-202
631	12	203	Церковні документи / 1918-1939	1940-1942		1	ДАІФО-631-12-203
631	12	204	Церковні документи / 1918-1939	1918-1939		1	ДАІФО-631-12-204
631	12	205	Церковні документи / 1918-1939	1884-1942		1	ДАІФО-631-12-205
631	12	206	Церковні документи / 1750-1918	1882-1942		1	ДАІФО-631-12-206
631	12	207	Церковні документи / 1918-1939	1883-1942		1	ДАІФО-631-12-207
631	12	208	Церковні документи / 1918-1939	1875-1937		1	ДАІФО-631-12-208
631	12	209	Метрична книга церкви сіл Яремче, Ворохта. Народження	1892-1942		2	ДАІФО-631-12-209
631	12	21	Церковні документи / 1918-1939	1887-1942		1	ДАІФО-631-12-21
631	12	22	Церковні документи / 1750-1918	1883-1942		1	ДАІФО-631-12-22
631	12	23	Церковні документи / 1750-1918	1866-1942		1	ДАІФО-631-12-23
631	12	24	Церковні документи / 1750-1918	1866-1943		1	ДАІФО-631-12-24
631	12	25	Церковні документи / 1750-1918	1814-1940		1	ДАІФО-631-12-25
631	12	26	Церковні документи / 1918-1939	1866-1942		1	ДАІФО-631-12-26
631	12	27	Церковні документи / 1750-1918	1877-1942		1	ДАІФО-631-12-27
631	12	28	Церковні документи / 1750-1918	1877-1942		1	ДАІФО-631-12-28
631	12	29	Церковні документи / 1918-1939	1874-1942		1	ДАІФО-631-12-29
631	12	3	Церковні документи / 1750-1918	1874-1942		1	ДАІФО-631-12-3
631	12	30	Церковні документи / 1918-1939	1882-1942		1	ДАІФО-631-12-30
631	12	31	Церковні документи / 1750-1918	1866-1940		1	ДАІФО-631-12-31
631	12	32	Церковні документи / 1918-1939	1871-1941		1	ДАІФО-631-12-32
631	12	33	Церковні документи / 1918-1939	1885-1939		1	ДАІФО-631-12-33
631	12	34	Церковні документи / 1918-1939	1871-1944		1	ДАІФО-631-12-34
631	12	35	Церковні документи / 1918-1939	1871-1944		1	ДАІФО-631-12-35
631	12	36	Церковні документи / 1750-1918	1854-1942		1	ДАІФО-631-12-36
631	12	37	Церковні документи / 1918-1939	1922-1942		1	ДАІФО-631-12-37
631	12	38	Церковні документи / 1750-1918	1876-1942		1	ДАІФО-631-12-38
631	12	39	Церковні документи / 1750-1918	1873-1942		1	ДАІФО-631-12-39
631	12	4	Церковні документи / 1750-1918	1873-1942		1	ДАІФО-631-12-4
631	12	40	Церковні документи / 1918-1939	1873-1939		1	ДАІФО-631-12-40
631	12	40А	Церковні документи / 1918-1939	1909-1942		1	ДАІФО-631-12-40А
631	12	41	Церковні документи / 1918-1939	1872-1942		1	ДАІФО-631-12-41
631	12	42	Церковні документи / 1750-1918	1874-1941		1	ДАІФО-631-12-42
631	12	43	Церковні документи / 1918-1939	1875-1942		1	ДАІФО-631-12-43
631	12	44				1	ДАІФО-631-12-44
631	12	45	Церковні документи / 1918-1939	1900-1900		1	ДАІФО-631-12-45
631	12	45А	Церковні документи / 1918-1939	1900-1918		1	ДАІФО-631-12-45А
631	12	46	Церковні документи / 1750-1918	1873-1940		1	ДАІФО-631-12-46
631	12	47	Церковні документи / 1918-1939	1874-1896		1	ДАІФО-631-12-47
631	12	48	Церковні документи / 1750-1918	1784-1942		1	ДАІФО-631-12-48
631	12	5	Церковні документи / 1750-1918	1873-1942		1	ДАІФО-631-12-5
631	12	50	Церковні документи / 1918-1939	1868-1942		1	ДАІФО-631-12-50
631	12	51	Церковні документи / 1750-1918	1871-1942		1	ДАІФО-631-12-51
631	12	52	Церковні документи / 1750-1918	1874-1942		1	ДАІФО-631-12-52
631	12	53	Народження с. Довгий Вонилів	1868-1942		2	ДАІФО-631-12-53
631	12	54	Шлюб, Смерть с. Довгий Вонилів	1868-1942		2	ДАІФО-631-12-54
631	12	55	Церковні документи / 1918-1939	1932-1942		1	ДАІФО-631-12-55
631	12	56	Церковні документи / 1750-1918	1867-1942		1	ДАІФО-631-12-56
631	12	57	Церковні документи / 1918-1939	1908-1942		1	ДАІФО-631-12-57
631	12	58	Книга записів про шлюб та смерть с. Перекоси	1868-1942		2	ДАІФО-631-12-58
631	12	59	Церковні документи / 1918-1939	1918-1942		1	ДАІФО-631-12-59
631	12	6	Церковні документи / 1750-1918	1874-1942		1	ДАІФО-631-12-6
631	12	60	Церковні документи / 1750-1918	1869-1942		1	ДАІФО-631-12-60
631	12	61	Церковні документи / 1918-1939	1919-1942		1	ДАІФО-631-12-61
631	12	62	Церковні документи / 1918-1939	1929-1942		1	ДАІФО-631-12-62
631	12	63	Церковні документи / 1918-1939	1869-1942		1	ДАІФО-631-12-63
631	12	64	Церковні документи / 1750-1918	1873-1942		1	ДАІФО-631-12-64
631	12	65	Церковні документи / 1750-1918	1888-1942		1	ДАІФО-631-12-65
631	12	66	Церковні документи / 1918-1939	1898-1942		1	ДАІФО-631-12-66
631	12	67	Церковні документи / 1750-1918	1879-1942		1	ДАІФО-631-12-67
631	12	68	Церковні документи / 1918-1939	1874-1896		1	ДАІФО-631-12-68
631	12	69	Церковні документи / 1918-1939	1874-1942		2	ДАІФО-631-12-69
631	12	698				0	ДАІФО-631-12-698
631	12	7	Церковні документи / 1750-1918	1894-1942		1	ДАІФО-631-12-7
631	12	70	Церковні документи / 1918-1939	1874-1942		1	ДАІФО-631-12-70
631	12	71	Церковні документи / 1918-1939	1911-1942		1	ДАІФО-631-12-71
631	12	72	Церковні документи / 1918-1939	1911-1942		1	ДАІФО-631-12-72
631	12	73	Церковні документи / 1750-1918	1864-1942		1	ДАІФО-631-12-73
631	12	74	Церковні документи / 1750-1918	1860-1942		2	ДАІФО-631-12-74
631	12	75	Церковні документи / 1750-1918	1886-1923		1	ДАІФО-631-12-75
631	12	76	Церковні документи / 1918-1939	1911-1942		1	ДАІФО-631-12-76
631	12	77	Церковні документи / 1918-1939	1909-1942		1	ДАІФО-631-12-77
631	12	78	Церковні документи / 1750-1918	1750-1918		1	ДАІФО-631-12-78
631	12	79	Церковні документи / 1750-1918	1864-1942		1	ДАІФО-631-12-79
631	12	8	Церковні документи / 1750-1918	1905-1936		1	ДАІФО-631-12-8
631	12	80	Церковні документи / 1750-1918	1870-1942		1	ДАІФО-631-12-80
631	12	81	Церковні документи / 1918-1939	1877-1938		1	ДАІФО-631-12-81
631	12	82	Церковні документи / 1918-1939	1906-1942		1	ДАІФО-631-12-82
631	12	83	Церковні документи / 1750-1918	1873-1942		1	ДАІФО-631-12-83
631	12	84	Церковні документи / 1918-1939	1868-1942		1	ДАІФО-631-12-84
631	12	85	Церковні документи / 1918-1939	1901-1942		1	ДАІФО-631-12-85
631	12	86	Церковні документи / 1750-1918	1886-1942		1	ДАІФО-631-12-86
631	12	87	Церковні документи / 1918-1939	1901-1942		1	ДАІФО-631-12-87
631	12	88	Церковні документи / 1918-1939	1905-1942		1	ДАІФО-631-12-88
631	12	89	Церковні документи / 1918-1939	1901-1942		1	ДАІФО-631-12-89
631	12	9	Церковні документи / 1750-1918	1860-1942		1	ДАІФО-631-12-9
631	12	90	Церковні документи / 1750-1918	1876-1942		1	ДАІФО-631-12-90
631	12	91	Церковні документи / 1918-1939	1873-1909		1	ДАІФО-631-12-91
631	12	92	Церковні документи / 1918-1939	1871-1944		1	ДАІФО-631-12-92
631	12	93	Церковні документи / 1750-1918	1871-1942		1	ДАІФО-631-12-93
631	12	94	Церковні документи / 1750-1918	1877-1942		1	ДАІФО-631-12-94
631	12	95	Церковні документи / 1750-1918	1871-1942		1	ДАІФО-631-12-95
631	12	96	Церковні документи / 1750-1918	1880-1942		1	ДАІФО-631-12-96
631	12	97	Церковні документи / 1918-1939	1867-1942		1	ДАІФО-631-12-97
631	12	98	Церковні документи / 1750-1918	1876-1942		1	ДАІФО-631-12-98
631	12	99	Церковні документи / 1750-1918	1905-1942		1	ДАІФО-631-12-99
631	13	1	Церковні документи / 1750-1918	1902-1943		1	ДАІФО-631-13-1
631	13	10				1	ДАІФО-631-13-10
631	13	100				1	ДАІФО-631-13-100
631	13	101				1	ДАІФО-631-13-101
631	13	102				1	ДАІФО-631-13-102
631	13	103				1	ДАІФО-631-13-103
631	13	104				1	ДАІФО-631-13-104
631	13	105				1	ДАІФО-631-13-105
631	13	106				1	ДАІФО-631-13-106
631	13	107				1	ДАІФО-631-13-107
631	13	108				1	ДАІФО-631-13-108
631	13	109				1	ДАІФО-631-13-109
631	13	11				1	ДАІФО-631-13-11
631	13	110				1	ДАІФО-631-13-110
631	13	111				1	ДАІФО-631-13-111
631	13	112				1	ДАІФО-631-13-112
631	13	113				1	ДАІФО-631-13-113
631	13	114				1	ДАІФО-631-13-114
631	13	115				1	ДАІФО-631-13-115
631	13	116				1	ДАІФО-631-13-116
631	13	117				1	ДАІФО-631-13-117
631	13	118				1	ДАІФО-631-13-118
631	13	119				1	ДАІФО-631-13-119
631	13	12				1	ДАІФО-631-13-12
631	13	120				1	ДАІФО-631-13-120
631	13	121				1	ДАІФО-631-13-121
631	13	122				1	ДАІФО-631-13-122
631	13	123				1	ДАІФО-631-13-123
631	13	124				1	ДАІФО-631-13-124
631	13	125				1	ДАІФО-631-13-125
631	13	126				1	ДАІФО-631-13-126
631	13	127				1	ДАІФО-631-13-127
631	13	128				1	ДАІФО-631-13-128
631	13	129				1	ДАІФО-631-13-129
631	13	13				1	ДАІФО-631-13-13
631	13	130				1	ДАІФО-631-13-130
631	13	131				1	ДАІФО-631-13-131
631	13	132				1	ДАІФО-631-13-132
631	13	133				1	ДАІФО-631-13-133
631	13	134				1	ДАІФО-631-13-134
631	13	135				1	ДАІФО-631-13-135
631	13	136				1	ДАІФО-631-13-136
631	13	137				1	ДАІФО-631-13-137
631	13	138				1	ДАІФО-631-13-138
631	13	139				1	ДАІФО-631-13-139
631	13	14				1	ДАІФО-631-13-14
631	13	140				1	ДАІФО-631-13-140
631	13	141				1	ДАІФО-631-13-141
631	13	141А				1	ДАІФО-631-13-141А
631	13	142				1	ДАІФО-631-13-142
631	13	143				1	ДАІФО-631-13-143
631	13	144				1	ДАІФО-631-13-144
631	13	144А				1	ДАІФО-631-13-144А
631	13	144Б				1	ДАІФО-631-13-144Б
631	13	144В				1	ДАІФО-631-13-144В
631	13	144Г				1	ДАІФО-631-13-144Г
631	13	144Д				1	ДАІФО-631-13-144Д
631	13	144Є				1	ДАІФО-631-13-144Є
631	13	145				1	ДАІФО-631-13-145
631	13	146				1	ДАІФО-631-13-146
631	13	147				1	ДАІФО-631-13-147
631	13	148				1	ДАІФО-631-13-148
631	13	148А				1	ДАІФО-631-13-148А
631	13	149				1	ДАІФО-631-13-149
631	13	15				1	ДАІФО-631-13-15
631	13	150				1	ДАІФО-631-13-150
631	13	151				1	ДАІФО-631-13-151
631	13	152				1	ДАІФО-631-13-152
631	13	153				1	ДАІФО-631-13-153
631	13	154				1	ДАІФО-631-13-154
631	13	155				1	ДАІФО-631-13-155
631	13	156				1	ДАІФО-631-13-156
631	13	157				1	ДАІФО-631-13-157
631	13	158				1	ДАІФО-631-13-158
631	13	159				1	ДАІФО-631-13-159
631	13	16				1	ДАІФО-631-13-16
631	13	160				1	ДАІФО-631-13-160
631	13	161				1	ДАІФО-631-13-161
631	13	162				1	ДАІФО-631-13-162
631	13	163				1	ДАІФО-631-13-163
631	13	164				1	ДАІФО-631-13-164
631	13	165				1	ДАІФО-631-13-165
631	13	166				1	ДАІФО-631-13-166
631	13	167	Метрична книга реєстрації народжень церкви с. Тисменичани	1905-1943		2	ДАІФО-631-13-167
631	13	168	Метрична книга реєстрації шлюбу церкви с. Тисменичани	1904-1943		2	ДАІФО-631-13-168
631	13	169	Метрична книга церкви Святої Великомучениці Параскеви с. Фитьків. Народження	1873-1943		2	ДАІФО-631-13-169
631	13	17				1	ДАІФО-631-13-17
631	13	170				1	ДАІФО-631-13-170
631	13	171				1	ДАІФО-631-13-171
631	13	172				1	ДАІФО-631-13-172
631	13	173				1	ДАІФО-631-13-173
631	13	174				1	ДАІФО-631-13-174
631	13	175				1	ДАІФО-631-13-175
631	13	176				1	ДАІФО-631-13-176
631	13	177				1	ДАІФО-631-13-177
631	13	178				1	ДАІФО-631-13-178
631	13	179				1	ДАІФО-631-13-179
631	13	18				1	ДАІФО-631-13-18
631	13	180				1	ДАІФО-631-13-180
631	13	181				1	ДАІФО-631-13-181
631	13	182				1	ДАІФО-631-13-182
631	13	183				1	ДАІФО-631-13-183
631	13	184				1	ДАІФО-631-13-184
631	13	185				1	ДАІФО-631-13-185
631	13	186				1	ДАІФО-631-13-186
631	13	187				1	ДАІФО-631-13-187
631	13	188				1	ДАІФО-631-13-188
631	13	189				1	ДАІФО-631-13-189
631	13	19	Метрична книга церкви Благовіщення Пресвятої Богородиці с. Похівка. Народження, шлюб, смерть	1873-1943		2	ДАІФО-631-13-19
631	13	190				1	ДАІФО-631-13-190
631	13	191				1	ДАІФО-631-13-191
631	13	192	Метрична книга реєстрації народжень церкви с. Белелуя Снятинського повіту	1876-1943		2	ДАІФО-631-13-192
631	13	193				1	ДАІФО-631-13-193
631	13	194				1	ДАІФО-631-13-194
631	13	195				1	ДАІФО-631-13-195
631	13	196				1	ДАІФО-631-13-196
631	13	197				1	ДАІФО-631-13-197
631	13	198				1	ДАІФО-631-13-198
631	13	199				1	ДАІФО-631-13-199
631	13	2	Церковні документи / 1750-1918	1870-1943		1	ДАІФО-631-13-2
631	13	20	Метрична книга церкви Благовіщення Пресвятої Богородиці с. Похівка. Народження, шлюб, смерть	1872-1943		2	ДАІФО-631-13-20
631	13	200				1	ДАІФО-631-13-200
631	13	201				1	ДАІФО-631-13-201
631	13	202				1	ДАІФО-631-13-202
631	13	203				1	ДАІФО-631-13-203
631	13	204				1	ДАІФО-631-13-204
631	13	205				1	ДАІФО-631-13-205
631	13	206				1	ДАІФО-631-13-206
631	13	207				1	ДАІФО-631-13-207
631	13	208				1	ДАІФО-631-13-208
631	13	209				1	ДАІФО-631-13-209
631	13	21				1	ДАІФО-631-13-21
631	13	210				1	ДАІФО-631-13-210
631	13	211				1	ДАІФО-631-13-211
631	13	212				1	ДАІФО-631-13-212
631	13	213				1	ДАІФО-631-13-213
631	13	214				1	ДАІФО-631-13-214
631	13	215				1	ДАІФО-631-13-215
631	13	216				1	ДАІФО-631-13-216
631	13	217				1	ДАІФО-631-13-217
631	13	218				1	ДАІФО-631-13-218
631	13	219	Метричні книги церков Тисменицького, Станіславського районів УРСР	1940-1950		2	ДАІФО-631-13-219
631	13	22				1	ДАІФО-631-13-22
631	13	220	Метрична книга церкви Різдва Пресвятої Богородиці с. Березівка. Народження	1919-1943		2	ДАІФО-631-13-220
631	13	221				1	ДАІФО-631-13-221
631	13	222				1	ДАІФО-631-13-222
631	13	223	Метрична книга церкви Св. Параскеви с. Братківці. Народження, шлюб.	1873-1943		2	ДАІФО-631-13-223
631	13	224	Метрична книга сіл Братківці, Черніїв, Лисець, Стебник. Народження, шлюб, смерть	1879-1943		2	ДАІФО-631-13-224
631	13	225				1	ДАІФО-631-13-225
631	13	226				1	ДАІФО-631-13-226
631	13	227				1	ДАІФО-631-13-227
631	13	228				1	ДАІФО-631-13-228
631	13	229				1	ДАІФО-631-13-229
631	13	23				1	ДАІФО-631-13-23
631	13	230				1	ДАІФО-631-13-230
631	13	231				1	ДАІФО-631-13-231
631	13	232				1	ДАІФО-631-13-232
631	13	233				1	ДАІФО-631-13-233
631	13	234				1	ДАІФО-631-13-234
631	13	234А				1	ДАІФО-631-13-234А
631	13	234В				1	ДАІФО-631-13-234В
631	13	235				1	ДАІФО-631-13-235
631	13	236				1	ДАІФО-631-13-236
631	13	237				1	ДАІФО-631-13-237
631	13	238				1	ДАІФО-631-13-238
631	13	239				1	ДАІФО-631-13-239
631	13	24				1	ДАІФО-631-13-24
631	13	240				1	ДАІФО-631-13-240
631	13	241				1	ДАІФО-631-13-241
631	13	242				1	ДАІФО-631-13-242
631	13	243				1	ДАІФО-631-13-243
631	13	244				1	ДАІФО-631-13-244
631	13	245				1	ДАІФО-631-13-245
631	13	246				1	ДАІФО-631-13-246
631	13	247				1	ДАІФО-631-13-247
631	13	248				1	ДАІФО-631-13-248
631	13	249				1	ДАІФО-631-13-249
631	13	25				1	ДАІФО-631-13-25
631	13	250				1	ДАІФО-631-13-250
631	13	251				1	ДАІФО-631-13-251
631	13	252				1	ДАІФО-631-13-252
631	13	253				1	ДАІФО-631-13-253
631	13	254				1	ДАІФО-631-13-254
631	13	256				1	ДАІФО-631-13-256
631	13	257				1	ДАІФО-631-13-257
631	13	258				1	ДАІФО-631-13-258
631	13	259				1	ДАІФО-631-13-259
631	13	26				1	ДАІФО-631-13-26
631	13	260				1	ДАІФО-631-13-260
631	13	261				1	ДАІФО-631-13-261
631	13	262				1	ДАІФО-631-13-262
631	13	263				1	ДАІФО-631-13-263
631	13	265				1	ДАІФО-631-13-265
631	13	266	Церковні документи / 1750-1918	1873-1943		1	ДАІФО-631-13-266
631	13	267				1	ДАІФО-631-13-267
631	13	268				1	ДАІФО-631-13-268
631	13	269	Метричні книги церкви с. Микуличин та дочірніх церков парафії (Ворохта, Поляниця, Ямна, Татарів). Шлюб	1873-1943		2	ДАІФО-631-13-269
631	13	27				1	ДАІФО-631-13-27
631	13	270				1	ДАІФО-631-13-270
631	13	271				1	ДАІФО-631-13-271
631	13	272				1	ДАІФО-631-13-272
631	13	273				1	ДАІФО-631-13-273
631	13	28				1	ДАІФО-631-13-28
631	13	29				1	ДАІФО-631-13-29
631	13	3	Церковні документи / 1918-1939	1870-1942		1	ДАІФО-631-13-3
631	13	30				1	ДАІФО-631-13-30
631	13	31				1	ДАІФО-631-13-31
631	13	32				1	ДАІФО-631-13-32
631	13	33				1	ДАІФО-631-13-33
631	13	34				1	ДАІФО-631-13-34
631	13	35				1	ДАІФО-631-13-35
631	13	36				1	ДАІФО-631-13-36
631	13	37				1	ДАІФО-631-13-37
631	13	38				1	ДАІФО-631-13-38
631	13	39				1	ДАІФО-631-13-39
631	13	4	Церковні документи / 1750-1918	1873-1943		1	ДАІФО-631-13-4
631	13	40				1	ДАІФО-631-13-40
631	13	41				1	ДАІФО-631-13-41
631	13	41А				1	ДАІФО-631-13-41А
631	13	41Б				1	ДАІФО-631-13-41Б
631	13	41В				1	ДАІФО-631-13-41В
631	13	41Г				1	ДАІФО-631-13-41Г
631	13	41Д				1	ДАІФО-631-13-41Д
631	13	41Є				1	ДАІФО-631-13-41Є
631	13	41Ж				1	ДАІФО-631-13-41Ж
631	13	41З				1	ДАІФО-631-13-41З
631	13	41І				1	ДАІФО-631-13-41І
631	13	41К				1	ДАІФО-631-13-41К
631	13	42				1	ДАІФО-631-13-42
631	13	43				1	ДАІФО-631-13-43
631	13	44				1	ДАІФО-631-13-44
631	13	45				1	ДАІФО-631-13-45
631	13	46				1	ДАІФО-631-13-46
631	13	47				1	ДАІФО-631-13-47
631	13	48				1	ДАІФО-631-13-48
631	13	49				1	ДАІФО-631-13-49
631	13	5	Церковні документи / 1750-1918	1873-1943		1	ДАІФО-631-13-5
631	13	50				1	ДАІФО-631-13-50
631	13	51				1	ДАІФО-631-13-51
631	13	52				1	ДАІФО-631-13-52
631	13	53				1	ДАІФО-631-13-53
631	13	54				1	ДАІФО-631-13-54
631	13	55				1	ДАІФО-631-13-55
631	13	56				1	ДАІФО-631-13-56
631	13	57				1	ДАІФО-631-13-57
631	13	58				1	ДАІФО-631-13-58
631	13	6				1	ДАІФО-631-13-6
631	13	60				1	ДАІФО-631-13-60
631	13	61				1	ДАІФО-631-13-61
631	13	62				1	ДАІФО-631-13-62
631	13	63				1	ДАІФО-631-13-63
631	13	64				1	ДАІФО-631-13-64
631	13	65				1	ДАІФО-631-13-65
631	13	66				1	ДАІФО-631-13-66
631	13	66А				1	ДАІФО-631-13-66А
631	13	67				1	ДАІФО-631-13-67
631	13	68				1	ДАІФО-631-13-68
631	13	69				1	ДАІФО-631-13-69
631	13	7				1	ДАІФО-631-13-7
631	13	70				1	ДАІФО-631-13-70
631	13	71				1	ДАІФО-631-13-71
631	13	72				1	ДАІФО-631-13-72
631	13	73				1	ДАІФО-631-13-73
631	13	74				1	ДАІФО-631-13-74
631	13	75				1	ДАІФО-631-13-75
631	13	76				1	ДАІФО-631-13-76
631	13	77				1	ДАІФО-631-13-77
631	13	78				1	ДАІФО-631-13-78
631	13	79				1	ДАІФО-631-13-79
631	13	7А				1	ДАІФО-631-13-7А
631	13	8				1	ДАІФО-631-13-8
631	13	80				1	ДАІФО-631-13-80
631	13	81				1	ДАІФО-631-13-81
631	13	82				1	ДАІФО-631-13-82
631	13	83				1	ДАІФО-631-13-83
631	13	84				1	ДАІФО-631-13-84
631	13	85				1	ДАІФО-631-13-85
631	13	86				1	ДАІФО-631-13-86
631	13	87				1	ДАІФО-631-13-87
631	13	88				1	ДАІФО-631-13-88
631	13	89				1	ДАІФО-631-13-89
631	13	9				1	ДАІФО-631-13-9
631	13	90				1	ДАІФО-631-13-90
631	13	92				1	ДАІФО-631-13-92
631	13	93				1	ДАІФО-631-13-93
631	13	93А				1	ДАІФО-631-13-93А
631	13	94				1	ДАІФО-631-13-94
631	13	95				1	ДАІФО-631-13-95
631	13	96				1	ДАІФО-631-13-96
631	13	97				1	ДАІФО-631-13-97
631	13	98				1	ДАІФО-631-13-98
631	13	99				1	ДАІФО-631-13-99
631	14	1	Метрична книга церкви Святого Архангела Михаїла с. Бабче. Шлюб	1896-1944		2	ДАІФО-631-14-1
631	14	10				1	ДАІФО-631-14-10
631	14	100				1	ДАІФО-631-14-100
631	14	101				1	ДАІФО-631-14-101
631	14	102				1	ДАІФО-631-14-102
631	14	103				1	ДАІФО-631-14-103
631	14	103А				1	ДАІФО-631-14-103А
631	14	104				1	ДАІФО-631-14-104
631	14	106				1	ДАІФО-631-14-106
631	14	107				1	ДАІФО-631-14-107
631	14	108				1	ДАІФО-631-14-108
631	14	109				1	ДАІФО-631-14-109
631	14	11				1	ДАІФО-631-14-11
631	14	110				1	ДАІФО-631-14-110
631	14	111				1	ДАІФО-631-14-111
631	14	112				1	ДАІФО-631-14-112
631	14	113				1	ДАІФО-631-14-113
631	14	114				1	ДАІФО-631-14-114
631	14	114А				1	ДАІФО-631-14-114А
631	14	115				1	ДАІФО-631-14-115
631	14	116				1	ДАІФО-631-14-116
631	14	117				1	ДАІФО-631-14-117
631	14	118				1	ДАІФО-631-14-118
631	14	119				1	ДАІФО-631-14-119
631	14	12				1	ДАІФО-631-14-12
631	14	120				1	ДАІФО-631-14-120
631	14	121				1	ДАІФО-631-14-121
631	14	122				1	ДАІФО-631-14-122
631	14	123				1	ДАІФО-631-14-123
631	14	124				1	ДАІФО-631-14-124
631	14	125				2	ДАІФО-631-14-125
631	14	126				1	ДАІФО-631-14-126
631	14	127				1	ДАІФО-631-14-127
631	14	128				1	ДАІФО-631-14-128
631	14	129				1	ДАІФО-631-14-129
631	14	13				1	ДАІФО-631-14-13
631	14	130				1	ДАІФО-631-14-130
631	14	131				1	ДАІФО-631-14-131
631	14	132				1	ДАІФО-631-14-132
631	14	134				1	ДАІФО-631-14-134
631	14	135				1	ДАІФО-631-14-135
631	14	136				1	ДАІФО-631-14-136
631	14	137				1	ДАІФО-631-14-137
631	14	138				1	ДАІФО-631-14-138
631	14	139				1	ДАІФО-631-14-139
631	14	14				1	ДАІФО-631-14-14
631	14	140				1	ДАІФО-631-14-140
631	14	141				1	ДАІФО-631-14-141
631	14	142				1	ДАІФО-631-14-142
631	14	143				1	ДАІФО-631-14-143
631	14	144				1	ДАІФО-631-14-144
631	14	145				1	ДАІФО-631-14-145
631	14	146				1	ДАІФО-631-14-146
631	14	147				1	ДАІФО-631-14-147
631	14	148				1	ДАІФО-631-14-148
631	14	149				1	ДАІФО-631-14-149
631	14	15				1	ДАІФО-631-14-15
631	14	150				1	ДАІФО-631-14-150
631	14	151				1	ДАІФО-631-14-151
631	14	152				1	ДАІФО-631-14-152
631	14	153				1	ДАІФО-631-14-153
631	14	154				1	ДАІФО-631-14-154
631	14	155				1	ДАІФО-631-14-155
631	14	156	Книга записів про шлюб с. Довгий Войнилів	1932-1945		2	ДАІФО-631-14-156
631	14	157				1	ДАІФО-631-14-157
631	14	158				1	ДАІФО-631-14-158
631	14	159				1	ДАІФО-631-14-159
631	14	16				1	ДАІФО-631-14-16
631	14	160				1	ДАІФО-631-14-160
631	14	161				1	ДАІФО-631-14-161
631	14	162				1	ДАІФО-631-14-162
631	14	163				1	ДАІФО-631-14-163
631	14	164				1	ДАІФО-631-14-164
631	14	165				1	ДАІФО-631-14-165
631	14	166				1	ДАІФО-631-14-166
631	14	167				1	ДАІФО-631-14-167
631	14	168				1	ДАІФО-631-14-168
631	14	169				1	ДАІФО-631-14-169
631	14	17				1	ДАІФО-631-14-17
631	14	170				1	ДАІФО-631-14-170
631	14	171				1	ДАІФО-631-14-171
631	14	172				1	ДАІФО-631-14-172
631	14	173				1	ДАІФО-631-14-173
631	14	174				1	ДАІФО-631-14-174
631	14	175				1	ДАІФО-631-14-175
631	14	176				1	ДАІФО-631-14-176
631	14	177				1	ДАІФО-631-14-177
631	14	178				1	ДАІФО-631-14-178
631	14	179				1	ДАІФО-631-14-179
631	14	18				1	ДАІФО-631-14-18
631	14	180				1	ДАІФО-631-14-180
631	14	181				1	ДАІФО-631-14-181
631	14	182				1	ДАІФО-631-14-182
631	14	183				1	ДАІФО-631-14-183
631	14	184				1	ДАІФО-631-14-184
631	14	185				1	ДАІФО-631-14-185
631	14	186				1	ДАІФО-631-14-186
631	14	187				1	ДАІФО-631-14-187
631	14	188				1	ДАІФО-631-14-188
631	14	189				1	ДАІФО-631-14-189
631	14	19				1	ДАІФО-631-14-19
631	14	190				1	ДАІФО-631-14-190
631	14	191				1	ДАІФО-631-14-191
631	14	192				1	ДАІФО-631-14-192
631	14	193				1	ДАІФО-631-14-193
631	14	194				1	ДАІФО-631-14-194
631	14	195				1	ДАІФО-631-14-195
631	14	196				1	ДАІФО-631-14-196
631	14	197				1	ДАІФО-631-14-197
631	14	198				1	ДАІФО-631-14-198
631	14	199				1	ДАІФО-631-14-199
631	14	2	Метрична книга церкви Святого Архангела Михаїла с. Бабче. Смерть	1907-1944		2	ДАІФО-631-14-2
631	14	20				1	ДАІФО-631-14-20
631	14	200				1	ДАІФО-631-14-200
631	14	201				1	ДАІФО-631-14-201
631	14	202				1	ДАІФО-631-14-202
631	14	203				1	ДАІФО-631-14-203
631	14	204				1	ДАІФО-631-14-204
631	14	205				1	ДАІФО-631-14-205
631	14	206				1	ДАІФО-631-14-206
631	14	207				1	ДАІФО-631-14-207
631	14	208				1	ДАІФО-631-14-208
631	14	209				1	ДАІФО-631-14-209
631	14	21				1	ДАІФО-631-14-21
631	14	210				1	ДАІФО-631-14-210
631	14	211				1	ДАІФО-631-14-211
631	14	212				1	ДАІФО-631-14-212
631	14	213				1	ДАІФО-631-14-213
631	14	214				1	ДАІФО-631-14-214
631	14	215				1	ДАІФО-631-14-215
631	14	216				1	ДАІФО-631-14-216
631	14	217	Метрична книга церкви Покрови Пресвятої Богородиці с. П'ядики. Смерть	1891-1944		2	ДАІФО-631-14-217
631	14	218				1	ДАІФО-631-14-218
631	14	219				1	ДАІФО-631-14-219
631	14	22				1	ДАІФО-631-14-22
631	14	220				1	ДАІФО-631-14-220
631	14	221				1	ДАІФО-631-14-221
631	14	222				1	ДАІФО-631-14-222
631	14	223				1	ДАІФО-631-14-223
631	14	224				1	ДАІФО-631-14-224
631	14	224А				1	ДАІФО-631-14-224А
631	14	225				1	ДАІФО-631-14-225
631	14	226				1	ДАІФО-631-14-226
631	14	227				1	ДАІФО-631-14-227
631	14	228				1	ДАІФО-631-14-228
631	14	229				1	ДАІФО-631-14-229
631	14	23				1	ДАІФО-631-14-23
631	14	230				1	ДАІФО-631-14-230
631	14	231				1	ДАІФО-631-14-231
631	14	232				1	ДАІФО-631-14-232
631	14	233				1	ДАІФО-631-14-233
631	14	234				1	ДАІФО-631-14-234
631	14	235				1	ДАІФО-631-14-235
631	14	236				1	ДАІФО-631-14-236
631	14	237				1	ДАІФО-631-14-237
631	14	238				1	ДАІФО-631-14-238
631	14	239				1	ДАІФО-631-14-239
631	14	24				1	ДАІФО-631-14-24
631	14	240				1	ДАІФО-631-14-240
631	14	241				1	ДАІФО-631-14-241
631	14	242				1	ДАІФО-631-14-242
631	14	243				1	ДАІФО-631-14-243
631	14	244	Метрична книга церкви сс. Річка, Снідавка	1868-1944		2	ДАІФО-631-14-244
631	14	245	Метрична книга церкви сіл Річка, Снідавка. Народження, шлюб	1873-1944		2	ДАІФО-631-14-245
631	14	246	Метрична книга церкви Святого Архангела Михаїла с. Розтоки. Народження	1873-1944		2	ДАІФО-631-14-246
631	14	247	Метрична книга церков сіл Розтоки, Кобаки. Шлюб	1901-1944		2	ДАІФО-631-14-247
631	14	248	Метрична книга церкви Преображення Господнього с. Старі Кути. Народження	1916-1944		2	ДАІФО-631-14-248
631	14	249	Метрична книга церкви Преображення Господнього с. Старі Кути. Шлюб	1891-1944		2	ДАІФО-631-14-249
631	14	25				1	ДАІФО-631-14-25
631	14	250				1	ДАІФО-631-14-250
631	14	251				1	ДАІФО-631-14-251
631	14	252	Метрична книга церкви Успіння Пресвятої Богородиці с. Битків. Народження	1935-1945		2	ДАІФО-631-14-252
631	14	253	Метрична книга церкви Успіння Пресвятої Богородиці с. Битків. Шлюб	1905-1945		2	ДАІФО-631-14-253
631	14	254	Метрична книга церкви Успіння Пресвятої Богородиці с. Битків. Смерть	1918-1944		2	ДАІФО-631-14-254
631	14	255	Метрична книга церкви Святого Миколая с. Верхній Майдан. Народження	1873-1944		2	ДАІФО-631-14-255
631	14	256	Метрична книга церкви Святого Миколая с. Верхній Майдан. Шлюб, смерть	1873-1944		2	ДАІФО-631-14-256
631	14	257	Метрична книга церкви Церква святого Михаїла с. Гаврилівка. Народження	1918-1944		2	ДАІФО-631-14-257
631	14	258	Метрична книга церкви Церква святого Михаїла с. Гаврилівка. Смерть	1864-1944		2	ДАІФО-631-14-258
631	14	259	Метрична книга церкви Успіння Пресвятої Богородиці с. Гвізд. Народження	1921-1944		2	ДАІФО-631-14-259
631	14	26				1	ДАІФО-631-14-26
631	14	260	Метрична книга церкви Св. Миколая с. Глинки. Народження	1922-1944		2	ДАІФО-631-14-260
631	14	261	Метрична книга церкви с. Добротів. Народження	1904-1944		2	ДАІФО-631-14-261
631	14	262	Метрична книга церкви с. Добротів. Шлюб	1917-1944		2	ДАІФО-631-14-262
631	14	263	Метрична книга церкви с. Добротів. Смерть	1916-1944		2	ДАІФО-631-14-263
631	14	264	Метричні книги церков села Зелена та інших сіл. Надвірнянський і Бучацький деканати. Шлюб, смерть	1900-1944		2	ДАІФО-631-14-264
631	14	265	Метрична книга церкви Різдва Пресвятої Діви Марії с. Красна. Народження	1901-1944		2	ДАІФО-631-14-265
631	14	266	Метрична книга церкви Різдва Пресвятої Діви Марії с. Красна. Шлюб	1904-1944		2	ДАІФО-631-14-266
631	14	267	Метрична книга церкви Різдва Пресвятої Діви Марії с. Красна. Смерть	1904-1944		2	ДАІФО-631-14-267
631	14	268	Метрична книга церкви Чуда Архістратига Михаїла с. Ланчин. Народження	1932-1944		2	ДАІФО-631-14-268
631	14	269	Метрична книга церкви с. Ланчин. Шлюб	1917-1944		2	ДАІФО-631-14-269
631	14	27				1	ДАІФО-631-14-27
631	14	270	Метрична книга церкви Чуда Архістратига Михаїла с. Ланчин. Смерть	1904-1944		2	ДАІФО-631-14-270
631	14	271	Метрична книга церкви с. Лоєва. Народження	1887-1944		2	ДАІФО-631-14-271
631	14	272	Метрична книга церкви с. Лоєва. Шлюб	1877-1945		2	ДАІФО-631-14-272
631	14	273	Метричні книги церков сіл Луг, Яблуниця. Народження	1904-1944		2	ДАІФО-631-14-273
631	14	274	Метрична книга церкви с. Молодків. Народження	1910-1944		2	ДАІФО-631-14-274
631	14	275	Метрична книга церкви с. Молодків. Шлюб	1884-1944		2	ДАІФО-631-14-275
631	14	276	Метрична книга церкви с. Молодків. Смерть	1895-1944		2	ДАІФО-631-14-276
631	14	277	Метрична книга церкви Усікновення Чесної Голови Пророка Івана Хрестителя с. Назавизів. Народження	1883-1944		2	ДАІФО-631-14-277
631	14	278	Метрична книга церкви Усікновення Чесної Голови Пророка Івана Хрестителя с. Назавизів. Смерть	1905-1944		2	ДАІФО-631-14-278
631	14	279				1	ДАІФО-631-14-279
631	14	28				1	ДАІФО-631-14-28
631	14	280	Метрична книга костелу Успіння Пресвятої Пресвятої Діви Марії м. Надвірна. Народження	1912-1944		2	ДАІФО-631-14-280
631	14	281				1	ДАІФО-631-14-281
631	14	282	Метрична книга реєстрації шлюбів костелу м. Надвірна	1904-1944		2	ДАІФО-631-14-282
631	14	283				1	ДАІФО-631-14-283
631	14	284	Метрична книга костелу Успіння Пресвятої Пресвятої Діви Марії м.Надвірна. Смерть	1904-1944		3	ДАІФО-631-14-284
631	14	285				1	ДАІФО-631-14-285
631	14	286	Метрична книга церкви Святої Параскевії с. Пасічна. Народження	1926-1944		2	ДАІФО-631-14-286
631	14	287	Метрична книга церкви Святої Параскевії с. Пасічна. Шлюб, смерть	1913-1944		2	ДАІФО-631-14-287
631	14	288	Метрична книга церкви с. Пнів. Народження	1937-1944		2	ДАІФО-631-14-288
631	14	289	Метрична книга церкви с. Пнів. Шлюб	1910-1944		2	ДАІФО-631-14-289
631	14	29				1	ДАІФО-631-14-29
631	14	290	Метрична книга церкви с. Пнів. Смерть	1932-1944		2	ДАІФО-631-14-290
631	14	291	Метрична книга церкви с. Стримба. Народження	1861-1944		2	ДАІФО-631-14-291
631	14	292	Метрична книга церкви Св. Миколая с. Стримба. Народження, шлюб	1931-1944		2	ДАІФО-631-14-292
631	14	293	Метрична книга церкви Св. Миколая с. Стримба. Шлюб	1885-1944		2	ДАІФО-631-14-293
631	14	294	Метрична книга церкви Св. Параскеви с. Тисменичани. Смерть	1905-1945		2	ДАІФО-631-14-294
631	14	295	Метрична книга реєстрації народжень церкви с. Чорний Потік	1905-1944		2	ДАІФО-631-14-295
631	14	296	Метрична книга церкви Архистратига Михаїла с. Чорний потік. Шлюб, смерть	1926-1943		2	ДАІФО-631-14-296
631	14	297				1	ДАІФО-631-14-297
631	14	298				1	ДАІФО-631-14-298
631	14	299				1	ДАІФО-631-14-299
631	14	3				1	ДАІФО-631-14-3
631	14	30				1	ДАІФО-631-14-30
631	14	300				1	ДАІФО-631-14-300
631	14	301				1	ДАІФО-631-14-301
631	14	302				1	ДАІФО-631-14-302
631	14	303				1	ДАІФО-631-14-303
631	14	304				1	ДАІФО-631-14-304
631	14	305				1	ДАІФО-631-14-305
631	14	306				1	ДАІФО-631-14-306
631	14	307				1	ДАІФО-631-14-307
631	14	308				1	ДАІФО-631-14-308
631	14	309				1	ДАІФО-631-14-309
631	14	31				1	ДАІФО-631-14-31
631	14	310				1	ДАІФО-631-14-310
631	14	311				1	ДАІФО-631-14-311
631	14	312				1	ДАІФО-631-14-312
631	14	313				1	ДАІФО-631-14-313
631	14	314				1	ДАІФО-631-14-314
631	14	315				1	ДАІФО-631-14-315
631	14	316				1	ДАІФО-631-14-316
631	14	317				1	ДАІФО-631-14-317
631	14	318				1	ДАІФО-631-14-318
631	14	319				1	ДАІФО-631-14-319
631	14	32				1	ДАІФО-631-14-32
631	14	320				1	ДАІФО-631-14-320
631	14	321				1	ДАІФО-631-14-321
631	14	322				1	ДАІФО-631-14-322
631	14	323				1	ДАІФО-631-14-323
631	14	324				1	ДАІФО-631-14-324
631	14	325				1	ДАІФО-631-14-325
631	14	326				1	ДАІФО-631-14-326
631	14	327				1	ДАІФО-631-14-327
631	14	328				1	ДАІФО-631-14-328
631	14	329				1	ДАІФО-631-14-329
631	14	33				1	ДАІФО-631-14-33
631	14	330				1	ДАІФО-631-14-330
631	14	331				1	ДАІФО-631-14-331
631	14	332				1	ДАІФО-631-14-332
631	14	333				1	ДАІФО-631-14-333
631	14	334				1	ДАІФО-631-14-334
631	14	335				1	ДАІФО-631-14-335
631	14	336				1	ДАІФО-631-14-336
631	14	337				1	ДАІФО-631-14-337
631	14	338				1	ДАІФО-631-14-338
631	14	339				1	ДАІФО-631-14-339
631	14	34				1	ДАІФО-631-14-34
631	14	340				1	ДАІФО-631-14-340
631	14	341				1	ДАІФО-631-14-341
631	14	342				1	ДАІФО-631-14-342
631	14	343				1	ДАІФО-631-14-343
631	14	344				1	ДАІФО-631-14-344
631	14	345				1	ДАІФО-631-14-345
631	14	346				1	ДАІФО-631-14-346
631	14	347				1	ДАІФО-631-14-347
631	14	348				1	ДАІФО-631-14-348
631	14	349				1	ДАІФО-631-14-349
631	14	35				1	ДАІФО-631-14-35
631	14	350				1	ДАІФО-631-14-350
631	14	351				1	ДАІФО-631-14-351
631	14	352				1	ДАІФО-631-14-352
631	14	353				1	ДАІФО-631-14-353
631	14	354				1	ДАІФО-631-14-354
631	14	355				1	ДАІФО-631-14-355
631	14	356				1	ДАІФО-631-14-356
631	14	357				1	ДАІФО-631-14-357
631	14	358				1	ДАІФО-631-14-358
631	14	359				1	ДАІФО-631-14-359
631	14	36				1	ДАІФО-631-14-36
631	14	360	Церковні документи / 1918-1939	1914-1944		2	ДАІФО-631-14-360
631	14	361				1	ДАІФО-631-14-361
631	14	362	Церковні документи / 1750-1918	1867-1944		1	ДАІФО-631-14-362
631	14	363				1	ДАІФО-631-14-363
631	14	364	Церковні документи / 1750-1918	1896-1944		1	ДАІФО-631-14-364
631	14	365				1	ДАІФО-631-14-365
631	14	366				1	ДАІФО-631-14-366
631	14	367	Церковні документи / 1750-1918	1899-1944		1	ДАІФО-631-14-367
631	14	368	Церковні документи / 1750-1918	1913-1944		1	ДАІФО-631-14-368
631	14	369				1	ДАІФО-631-14-369
631	14	369А				1	ДАІФО-631-14-369А
631	14	37				1	ДАІФО-631-14-37
631	14	370	Церковні документи / 1750-1918	1872-1944		1	ДАІФО-631-14-370
631	14	371				1	ДАІФО-631-14-371
631	14	372				1	ДАІФО-631-14-372
631	14	373				1	ДАІФО-631-14-373
631	14	374				1	ДАІФО-631-14-374
631	14	375				1	ДАІФО-631-14-375
631	14	376				1	ДАІФО-631-14-376
631	14	377				1	ДАІФО-631-14-377
631	14	378				1	ДАІФО-631-14-378
631	14	379				1	ДАІФО-631-14-379
631	14	38				1	ДАІФО-631-14-38
631	14	380				1	ДАІФО-631-14-380
631	14	381				1	ДАІФО-631-14-381
631	14	382				1	ДАІФО-631-14-382
631	14	383				1	ДАІФО-631-14-383
631	14	384				1	ДАІФО-631-14-384
631	14	385				1	ДАІФО-631-14-385
631	14	386				1	ДАІФО-631-14-386
631	14	387				1	ДАІФО-631-14-387
631	14	388				1	ДАІФО-631-14-388
631	14	389				1	ДАІФО-631-14-389
631	14	39				1	ДАІФО-631-14-39
631	14	390				1	ДАІФО-631-14-390
631	14	391				1	ДАІФО-631-14-391
631	14	392				1	ДАІФО-631-14-392
631	14	393	Церковні документи / 1918-1939	1846-1944		1	ДАІФО-631-14-393
631	14	394	Церковні документи / 1750-1918	1861-1944		1	ДАІФО-631-14-394
631	14	395	Церковні документи / 1750-1918	1888-1944		1	ДАІФО-631-14-395
631	14	396	Церковні документи / 1750-1918	1906-1942		1	ДАІФО-631-14-396
631	14	397	Церковні документи / 1918-1939	1902-1944		1	ДАІФО-631-14-397
631	14	398	Церковні документи / 1750-1918	1866-1944		1	ДАІФО-631-14-398
631	14	399	Церковні документи / 1918-1939	1917-1947		1	ДАІФО-631-14-399
631	14	4				1	ДАІФО-631-14-4
631	14	40				1	ДАІФО-631-14-40
631	14	400				1	ДАІФО-631-14-400
631	14	401				1	ДАІФО-631-14-401
631	14	402				1	ДАІФО-631-14-402
631	14	403				1	ДАІФО-631-14-403
631	14	404				1	ДАІФО-631-14-404
631	14	405	Церковні документи / 1750-1918	1858-1939		1	ДАІФО-631-14-405
631	14	406	Церковні документи / 1918-1939	1929-1944		1	ДАІФО-631-14-406
631	14	407				1	ДАІФО-631-14-407
631	14	408				1	ДАІФО-631-14-408
631	14	409	Церковні документи / 1750-1918	1914-1946		1	ДАІФО-631-14-409
631	14	41				1	ДАІФО-631-14-41
631	14	410				1	ДАІФО-631-14-410
631	14	411	Церковні документи / 1750-1918	1865-1942		1	ДАІФО-631-14-411
631	14	412	Церковні документи / 1750-1918	1897-1945		1	ДАІФО-631-14-412
631	14	413				1	ДАІФО-631-14-413
631	14	414				1	ДАІФО-631-14-414
631	14	415				1	ДАІФО-631-14-415
631	14	416				1	ДАІФО-631-14-416
631	14	417	Церковні документи / 1750-1918	1898-1944		1	ДАІФО-631-14-417
631	14	418				1	ДАІФО-631-14-418
631	14	419	Церковні документи / 1750-1918	1862-1945		1	ДАІФО-631-14-419
631	14	42				1	ДАІФО-631-14-42
631	14	420	Церковні документи / 1750-1918	1875-1945		1	ДАІФО-631-14-420
631	14	421	Церковні документи / 1750-1918	1880-1943		1	ДАІФО-631-14-421
631	14	422	Церковні документи / 1918-1939	1918-1938		1	ДАІФО-631-14-422
631	14	423	Церковні документи / 1918-1939	1788-1947		1	ДАІФО-631-14-423
631	14	424	Церковні документи / 1750-1918	1887-1943		1	ДАІФО-631-14-424
631	14	425	Церковні документи / 1918-1939	1913-1944		1	ДАІФО-631-14-425
631	14	426	Церковні документи / 1918-1939	1903-1944		1	ДАІФО-631-14-426
631	14	427	Церковні документи / 1918-1939	1929-1945		1	ДАІФО-631-14-427
631	14	428	Церковні документи / 1918-1939	1879-1945		1	ДАІФО-631-14-428
631	14	429	Церковні документи / 1918-1939	1903-1945		1	ДАІФО-631-14-429
631	14	43				1	ДАІФО-631-14-43
631	14	430	Церковні документи / 1750-1918	1871-1945		1	ДАІФО-631-14-430
631	14	431	Церковні документи / 1750-1918	1885-1945		1	ДАІФО-631-14-431
631	14	432	Церковні документи / 1750-1918	1869-1944		1	ДАІФО-631-14-432
631	14	433	Церковні документи / 1918-1939	1929-1944		1	ДАІФО-631-14-433
631	14	434	Церковні документи / 1918-1939	1923-1946		2	ДАІФО-631-14-434
631	14	435	Церковні документи / 1918-1939	1917-1946		1	ДАІФО-631-14-435
631	14	436	Церковні документи / 1750-1918	1900-1944		1	ДАІФО-631-14-436
631	14	437	Церковні документи / 1750-1918	1907-1946		1	ДАІФО-631-14-437
631	14	438	Церковні документи / 1918-1939	1918-1939		1	ДАІФО-631-14-438
631	14	439	Церковні документи / 1750-1918	1912-1944		1	ДАІФО-631-14-439
631	14	44				1	ДАІФО-631-14-44
631	14	440	Церковні документи / 1918-1939	1873-1942		1	ДАІФО-631-14-440
631	14	441	Церковні документи / 1918-1939	1882-1943		1	ДАІФО-631-14-441
631	14	442	Церковні документи / 1750-1918	1888-1944		1	ДАІФО-631-14-442
631	14	443	Церковні документи / 1918-1939	1885-1944		1	ДАІФО-631-14-443
631	14	444				1	ДАІФО-631-14-444
631	14	445	Церковні документи / 1750-1918	1861-1944		1	ДАІФО-631-14-445
631	14	446	Церковні документи / 1750-1918	1873-1944		1	ДАІФО-631-14-446
631	14	447	Церковні документи / 1750-1918	1874-1937		1	ДАІФО-631-14-447
631	14	448	Церковні документи / 1750-1918	1848-1945		1	ДАІФО-631-14-448
631	14	449				1	ДАІФО-631-14-449
631	14	45				1	ДАІФО-631-14-45
631	14	450				1	ДАІФО-631-14-450
631	14	451				1	ДАІФО-631-14-451
631	14	452				1	ДАІФО-631-14-452
631	14	453				1	ДАІФО-631-14-453
631	14	454				1	ДАІФО-631-14-454
631	14	455	Церковні документи / 1750-1918	1880-1944		1	ДАІФО-631-14-455
631	14	456	Церковні документи / 1750-1918	1893-1944		1	ДАІФО-631-14-456
631	14	457				1	ДАІФО-631-14-457
631	14	458				1	ДАІФО-631-14-458
631	14	459				1	ДАІФО-631-14-459
631	14	46				1	ДАІФО-631-14-46
631	14	460				1	ДАІФО-631-14-460
631	14	461				1	ДАІФО-631-14-461
631	14	462				1	ДАІФО-631-14-462
631	14	463				1	ДАІФО-631-14-463
631	14	464				1	ДАІФО-631-14-464
631	14	465				1	ДАІФО-631-14-465
631	14	466				1	ДАІФО-631-14-466
631	14	467				1	ДАІФО-631-14-467
631	14	468				1	ДАІФО-631-14-468
631	14	469				1	ДАІФО-631-14-469
631	14	47				1	ДАІФО-631-14-47
631	14	470				1	ДАІФО-631-14-470
631	14	471	Церковні документи / 1918-1939	1916-1944		1	ДАІФО-631-14-471
631	14	472	Церковні документи / 1918-1939	1919-1944		1	ДАІФО-631-14-472
631	14	473				1	ДАІФО-631-14-473
631	14	474				1	ДАІФО-631-14-474
631	14	475	Церковні документи / 1918-1939	1873-1944		1	ДАІФО-631-14-475
631	14	476	Церковні документи / 1918-1939	1913-1944		1	ДАІФО-631-14-476
631	14	477	Церковні документи / 1918-1939	1909-1944		1	ДАІФО-631-14-477
631	14	478	Церковні документи / 1918-1939	1904-1944		1	ДАІФО-631-14-478
631	14	479	Церковні документи / 1750-1918	1873-1943		1	ДАІФО-631-14-479
631	14	48				1	ДАІФО-631-14-48
631	14	480	Церковні документи / 1918-1939	1926-1944		1	ДАІФО-631-14-480
631	14	481	Церковні документи / 1918-1939	1917-1944		1	ДАІФО-631-14-481
631	14	482	Церковні документи / 1918-1939	1919-1943		1	ДАІФО-631-14-482
631	14	483	Церковні документи / 1918-1939	1926-1938		1	ДАІФО-631-14-483
631	14	484	Метрична книга церкви м. Калуш. Народження	1926-1944		2	ДАІФО-631-14-484
631	14	485	Метрична книга церкви м. Калуш. Шлюб	1897-1944		2	ДАІФО-631-14-485
631	14	486				1	ДАІФО-631-14-486
631	14	487				1	ДАІФО-631-14-487
631	14	488				1	ДАІФО-631-14-488
631	14	489				1	ДАІФО-631-14-489
631	14	49				1	ДАІФО-631-14-49
631	14	490				1	ДАІФО-631-14-490
631	14	491				1	ДАІФО-631-14-491
631	14	492				1	ДАІФО-631-14-492
631	14	493				1	ДАІФО-631-14-493
631	14	494				1	ДАІФО-631-14-494
631	14	495				1	ДАІФО-631-14-495
631	14	5				1	ДАІФО-631-14-5
631	14	50				1	ДАІФО-631-14-50
631	14	51				1	ДАІФО-631-14-51
631	14	52				1	ДАІФО-631-14-52
631	14	53				1	ДАІФО-631-14-53
631	14	54				1	ДАІФО-631-14-54
631	14	55				1	ДАІФО-631-14-55
631	14	56				1	ДАІФО-631-14-56
631	14	57				1	ДАІФО-631-14-57
631	14	58				1	ДАІФО-631-14-58
631	14	59				1	ДАІФО-631-14-59
631	14	6				1	ДАІФО-631-14-6
631	14	60				1	ДАІФО-631-14-60
631	14	61				1	ДАІФО-631-14-61
631	14	62				1	ДАІФО-631-14-62
631	14	63				1	ДАІФО-631-14-63
631	14	64				1	ДАІФО-631-14-64
631	14	65				1	ДАІФО-631-14-65
631	14	66				1	ДАІФО-631-14-66
631	14	67				1	ДАІФО-631-14-67
631	14	68				1	ДАІФО-631-14-68
631	14	69	Метрична книга церкви Святого Архангела Михаїла с. Вікно. Народження, шлюб, смерть	1784-1944		2	ДАІФО-631-14-69
631	14	7				1	ДАІФО-631-14-7
631	14	70				1	ДАІФО-631-14-70
631	14	71				1	ДАІФО-631-14-71
631	14	72				1	ДАІФО-631-14-72
631	14	73				1	ДАІФО-631-14-73
631	14	74				1	ДАІФО-631-14-74
631	14	75				1	ДАІФО-631-14-75
631	14	76				1	ДАІФО-631-14-76
631	14	77				1	ДАІФО-631-14-77
631	14	78				1	ДАІФО-631-14-78
631	14	79				1	ДАІФО-631-14-79
631	14	8				1	ДАІФО-631-14-8
631	14	80				1	ДАІФО-631-14-80
631	14	81				1	ДАІФО-631-14-81
631	14	82				1	ДАІФО-631-14-82
631	14	83				1	ДАІФО-631-14-83
631	14	84				1	ДАІФО-631-14-84
631	14	85				1	ДАІФО-631-14-85
631	14	86				1	ДАІФО-631-14-86
631	14	87				1	ДАІФО-631-14-87
631	14	88				1	ДАІФО-631-14-88
631	14	89				1	ДАІФО-631-14-89
631	14	9				1	ДАІФО-631-14-9
631	14	90				1	ДАІФО-631-14-90
631	14	91				1	ДАІФО-631-14-91
631	14	92				1	ДАІФО-631-14-92
631	14	93				1	ДАІФО-631-14-93
631	14	94				1	ДАІФО-631-14-94
631	14	95				1	ДАІФО-631-14-95
631	14	96				1	ДАІФО-631-14-96
631	14	97				1	ДАІФО-631-14-97
631	14	98				1	ДАІФО-631-14-98
631	14	99				1	ДАІФО-631-14-99
631	14	99А				1	ДАІФО-631-14-99А
631	15	1				1	ДАІФО-631-15-1
631	15	10				1	ДАІФО-631-15-10
631	15	11				1	ДАІФО-631-15-11
631	15	12				1	ДАІФО-631-15-12
631	15	13				1	ДАІФО-631-15-13
631	15	14				1	ДАІФО-631-15-14
631	15	15				1	ДАІФО-631-15-15
631	15	16				1	ДАІФО-631-15-16
631	15	17				1	ДАІФО-631-15-17
631	15	18				1	ДАІФО-631-15-18
631	15	19				1	ДАІФО-631-15-19
631	15	2				1	ДАІФО-631-15-2
631	15	20				1	ДАІФО-631-15-20
631	15	21				1	ДАІФО-631-15-21
631	15	22				1	ДАІФО-631-15-22
631	15	23				1	ДАІФО-631-15-23
631	15	24				1	ДАІФО-631-15-24
631	15	25				1	ДАІФО-631-15-25
631	15	26				1	ДАІФО-631-15-26
631	15	27				1	ДАІФО-631-15-27
631	15	28				1	ДАІФО-631-15-28
631	15	29				1	ДАІФО-631-15-29
631	15	3				1	ДАІФО-631-15-3
631	15	30				1	ДАІФО-631-15-30
631	15	31				1	ДАІФО-631-15-31
631	15	32				1	ДАІФО-631-15-32
631	15	33				1	ДАІФО-631-15-33
631	15	34				1	ДАІФО-631-15-34
631	15	35				1	ДАІФО-631-15-35
631	15	36				1	ДАІФО-631-15-36
631	15	37				1	ДАІФО-631-15-37
631	15	38				1	ДАІФО-631-15-38
631	15	39				1	ДАІФО-631-15-39
631	15	4				1	ДАІФО-631-15-4
631	15	40				1	ДАІФО-631-15-40
631	15	41				1	ДАІФО-631-15-41
631	15	42				1	ДАІФО-631-15-42
631	15	43				1	ДАІФО-631-15-43
631	15	44				1	ДАІФО-631-15-44
631	15	45				1	ДАІФО-631-15-45
631	15	46				1	ДАІФО-631-15-46
631	15	47				1	ДАІФО-631-15-47
631	15	48				1	ДАІФО-631-15-48
631	15	49				1	ДАІФО-631-15-49
631	15	5	Метрична книга церкви Св. Миколая с. Горохолина, Горохолин Ліс. Народження.	1928-1945		2	ДАІФО-631-15-5
631	15	50				1	ДАІФО-631-15-50
631	15	51				1	ДАІФО-631-15-51
631	15	52				1	ДАІФО-631-15-52
631	15	53				1	ДАІФО-631-15-53
631	15	54				1	ДАІФО-631-15-54
631	15	55				1	ДАІФО-631-15-55
631	15	56				1	ДАІФО-631-15-56
631	15	57				1	ДАІФО-631-15-57
631	15	58				1	ДАІФО-631-15-58
631	15	59				1	ДАІФО-631-15-59
631	15	6	Метрична книга церкви с. Забережжя. Народження, шлюб, смерть	1870-1944		2	ДАІФО-631-15-6
631	15	60				1	ДАІФО-631-15-60
631	15	61				1	ДАІФО-631-15-61
631	15	61А				1	ДАІФО-631-15-61А
631	15	62				1	ДАІФО-631-15-62
631	15	63				1	ДАІФО-631-15-63
631	15	64				1	ДАІФО-631-15-64
631	15	65				1	ДАІФО-631-15-65
631	15	66				1	ДАІФО-631-15-66
631	15	67				1	ДАІФО-631-15-67
631	15	68	Метрична книга церкви Св. Параскеви с. Опришівці. Шлюб	1929-1946		2	ДАІФО-631-15-68
631	15	69				1	ДАІФО-631-15-69
631	15	7	Метрична книга реєстрації народжень, шлюбів та смертей церкви с. Забережжя	1919-1945		2	ДАІФО-631-15-7
631	15	70				1	ДАІФО-631-15-70
631	15	71				1	ДАІФО-631-15-71
631	15	72				1	ДАІФО-631-15-72
631	15	73				1	ДАІФО-631-15-73
631	15	8				1	ДАІФО-631-15-8
631	15	9				1	ДАІФО-631-15-9
631	2	1	Церковні документи / 1750-1918	1900-1928		1	ДАІФО-631-2-1
631	2	10	Церковні документи / 1750-1918	1873-1925		1	ДАІФО-631-2-10
631	2	11	Церковні документи / 1750-1918	1900-1900		1	ДАІФО-631-2-11
631	2	11А	Церковні документи / 1750-1918	1927-1927		1	ДАІФО-631-2-11А
631	2	12	Церковні документи / 1750-1918	1781-1928		1	ДАІФО-631-2-12
631	2	13	Церковні документи / 1750-1918	1900-1912		1	ДАІФО-631-2-13
631	2	14	Церковні документи / 1750-1918	1875-1922		1	ДАІФО-631-2-14
631	2	15	Церковні документи / 1750-1918	1870-1922		1	ДАІФО-631-2-15
631	2	16	Церковні документи / 1750-1918	1905-1911		1	ДАІФО-631-2-16
631	2	17	Церковні документи / 1750-1918	1911-1920		1	ДАІФО-631-2-17
631	2	18	Церковні документи / 1750-1918	1832-1929		1	ДАІФО-631-2-18
631	2	19	Церковні документи / 1750-1918	1832-1929		1	ДАІФО-631-2-19
631	2	2	Церковні документи / 1750-1918	1887-1930		1	ДАІФО-631-2-2
631	2	20	Церковні документи / 1750-1918	1832-1929		1	ДАІФО-631-2-20
631	2	21	Церковні документи / 1750-1918	1832-1929		1	ДАІФО-631-2-21
631	2	22	Церковні документи / 1750-1918	1832-1929		2	ДАІФО-631-2-22
631	2	23	Церковні документи / 1750-1918	1896-1926		1	ДАІФО-631-2-23
631	2	24	Церковні документи / 1750-1918	1909-1929		1	ДАІФО-631-2-24
631	2	25	Церковні документи / 1750-1918	1859-1922		1	ДАІФО-631-2-25
631	2	26	Церковні документи / 1750-1918	1859-1922		1	ДАІФО-631-2-26
631	2	27	Церковні документи / 1750-1918	1900-1912		1	ДАІФО-631-2-27
631	2	28	Церковні документи / 1750-1918	1786-1908		1	ДАІФО-631-2-28
631	2	29	Церковні документи / 1750-1918	1890-1899		2	ДАІФО-631-2-29
631	2	3	Церковні документи / 1750-1918	1883-1915		1	ДАІФО-631-2-3
631	2	30	Церковні документи / 1750-1918	1900-1928		1	ДАІФО-631-2-30
631	2	31	Церковні документи / 1750-1918	1786-1929		1	ДАІФО-631-2-31
631	2	32	Церковні документи / 1750-1918	1866-1929		1	ДАІФО-631-2-32
631	2	33	Церковні документи / 1750-1918	1911-1927		1	ДАІФО-631-2-33
631	2	34	Церковні документи / 1750-1918	1860-1929		1	ДАІФО-631-2-34
631	2	35	Церковні документи / 1750-1918	1906-1928		1	ДАІФО-631-2-35
631	2	36	Церковні документи / 1750-1918	1909-1928		1	ДАІФО-631-2-36
631	2	37	Церковні документи / 1750-1918	1876-1929		1	ДАІФО-631-2-37
631	2	38	Церковні документи / 1750-1918	1873-1925		1	ДАІФО-631-2-38
631	2	39	Церковні документи / 1750-1918	1894-1929		1	ДАІФО-631-2-39
631	2	4	Церковні документи / 1750-1918	1887-1929		1	ДАІФО-631-2-4
631	2	40	Церковні документи / 1750-1918	1906-1930		1	ДАІФО-631-2-40
631	2	41	Церковні документи / 1750-1918	1904-1919		1	ДАІФО-631-2-41
631	2	42	Церковні документи / 1750-1918	1874-1895		1	ДАІФО-631-2-42
631	2	43	Церковні документи / 1750-1918	1873-1930		1	ДАІФО-631-2-43
631	2	44	Церковні документи / 1750-1918	1904-1913		1	ДАІФО-631-2-44
631	2	45	Церковні документи / 1750-1918	1914-1926		1	ДАІФО-631-2-45
631	2	46	Церковні документи / 1750-1918	1905-1923		1	ДАІФО-631-2-46
631	2	47	Церковні документи / 1750-1918	1870-1904		1	ДАІФО-631-2-47
631	2	48	Церковні документи / 1750-1918	1904-1906		1	ДАІФО-631-2-48
631	2	49	Церковні документи / 1750-1918	1895-1913		1	ДАІФО-631-2-49
631	2	5	Церковні документи / 1750-1918	1884-1930		1	ДАІФО-631-2-5
631	2	50	Церковні документи / 1750-1918	1909-1930		1	ДАІФО-631-2-50
631	2	51	Церковні документи / 1750-1918	1874-1929		1	ДАІФО-631-2-51
631	2	52	Церковні документи / 1750-1918	1873-1925		1	ДАІФО-631-2-52
631	2	53	Церковні документи / 1750-1918	1897-1930		1	ДАІФО-631-2-53
631	2	54	Метрична книга церкви с. Заболотів. Народження	1890-1928		2	ДАІФО-631-2-54
631	2	55	Церковні документи / 1750-1918	1900-1929		1	ДАІФО-631-2-55
631	2	56	Церковні документи / 1750-1918	1913-1929		1	ДАІФО-631-2-56
631	2	57	Церковні документи / 1750-1918	1901-1930		1	ДАІФО-631-2-57
631	2	58	Церковні документи / 1750-1918	1871-1899		1	ДАІФО-631-2-58
631	2	59				0	ДАІФО-631-2-59
631	2	6	Церковні документи / 1750-1918	1893-1930		1	ДАІФО-631-2-6
631	2	60	Церковні документи / 1750-1918	1883-1924		1	ДАІФО-631-2-60
631	2	61	Церковні документи / 1750-1918	1900-1926		1	ДАІФО-631-2-61
631	2	62	Церковні документи / 1750-1918	1873-1929		1	ДАІФО-631-2-62
631	2	63	Церковні документи / 1750-1918	1873-1929		1	ДАІФО-631-2-63
631	2	64	Церковні документи / 1750-1918	1856-1909		1	ДАІФО-631-2-64
631	2	65	Церковні документи / 1750-1918	1873-1927		1	ДАІФО-631-2-65
631	2	66	Церковні документи / 1750-1918	1873-1927		1	ДАІФО-631-2-66
631	2	67	Церковні документи / 1750-1918	1913-1927		1	ДАІФО-631-2-67
631	2	68	Церковні документи / 1750-1918	1905-1927		1	ДАІФО-631-2-68
631	2	69	Церковні документи / 1918-1939	1919-1927		1	ДАІФО-631-2-69
631	2	7	Церковні документи / 1750-1918	1910-1928		1	ДАІФО-631-2-7
631	2	70	Церковні документи / 1918-1939	1924-1929		1	ДАІФО-631-2-70
631	2	71	Церковні документи / 1750-1918	1852-1934		1	ДАІФО-631-2-71
631	2	72	Церковні документи / 1750-1918	1896-1928		1	ДАІФО-631-2-72
631	2	73	Церковні документи / 1918-1939	1918-1930		1	ДАІФО-631-2-73
631	2	74	Церковні документи / 1750-1918	1916-1929		1	ДАІФО-631-2-74
631	2	75	Церковні документи / 1750-1918	1926-1926		1	ДАІФО-631-2-75
631	2	76	Церковні документи / 1918-1939	1927-1927		1	ДАІФО-631-2-76
631	2	77	Церковні документи / 1918-1939	1928-1928		1	ДАІФО-631-2-77
631	2	78	Церковні документи / 1918-1939	1929-1929		1	ДАІФО-631-2-78
631	2	79	Церковні документи / 1918-1939	1930-1930		1	ДАІФО-631-2-79
631	2	8	Церковні документи / 1750-1918	1865-1927		1	ДАІФО-631-2-8
631	2	80	Церковні документи / 1918-1939	1926-1926		1	ДАІФО-631-2-80
631	2	81	Церковні документи / 1918-1939	1927-1927		1	ДАІФО-631-2-81
631	2	82	Церковні документи / 1918-1939	1928-1928		1	ДАІФО-631-2-82
631	2	83	Церковні документи / 1918-1939	1929-1929		1	ДАІФО-631-2-83
631	2	84	Церковні документи / 1918-1939	1930-1930		1	ДАІФО-631-2-84
631	2	85	Церковні документи / 1918-1939	1926-1926		1	ДАІФО-631-2-85
631	2	86	Церковні документи / 1918-1939	1927-1927		1	ДАІФО-631-2-86
631	2	87	Церковні документи / 1918-1939	1928-1928		1	ДАІФО-631-2-87
631	2	88	Церковні документи / 1918-1939	1929-1929		1	ДАІФО-631-2-88
631	2	89	Церковні документи / 1918-1939	1930-1930		1	ДАІФО-631-2-89
631	2	9	Церковні документи / 1750-1918	1900-1925		1	ДАІФО-631-2-9
631	2	90	Церковні документи / 1750-1918	1912-1927		1	ДАІФО-631-2-90
631	2	91	Церковні документи / 1750-1918	1901-1927		1	ДАІФО-631-2-91
631	2	92	Церковні документи / 1750-1918	1905-1927		1	ДАІФО-631-2-92
631	2	93	Церковні документи / 1750-1918	1875-1937		1	ДАІФО-631-2-93
631	2	94	Церковні документи / 1750-1918	1875-1937		1	ДАІФО-631-2-94
631	2	95	Церковні документи / 1750-1918	1875-1937		1	ДАІФО-631-2-95
631	2	96	Церковні документи / 1918-1939	1875-1937		1	ДАІФО-631-2-96
631	2	97	Церковні документи / 1918-1939	1875-1937		1	ДАІФО-631-2-97
631	2	98	Церковні документи / 1918-1939	1875-1937		1	ДАІФО-631-2-98
631	2	99	Церковні документи / 1918-1939	1875-1937		1	ДАІФО-631-2-99
631	3	1	Церковні документи / 1750-1918	1868-1930		1	ДАІФО-631-3-1
631	3	10	Церковні документи / 1750-1918	1875-1931		1	ДАІФО-631-3-10
631	3	11	Церковні документи / 1750-1918	1865-1931		1	ДАІФО-631-3-11
631	3	12	Церковні документи / 1750-1918	1900-1933		1	ДАІФО-631-3-12
631	3	13	Церковні документи / 1750-1918	1887-1931		1	ДАІФО-631-3-13
631	3	14	Церковні документи / 1750-1918	1868-1931		2	ДАІФО-631-3-14
631	3	15	Церковні документи / 1750-1918	1893-1893		1	ДАІФО-631-3-15
631	3	16	Церковні документи / 1750-1918	1884-1931		1	ДАІФО-631-3-16
631	3	17	Церковні документи / 1750-1918	1884-1931		1	ДАІФО-631-3-17
631	3	18	Церковні документи / 1750-1918	1890-1932		1	ДАІФО-631-3-18
631	3	19	Церковні документи / 1750-1918	1890-1931		1	ДАІФО-631-3-19
631	3	2	Церковні документи / 1750-1918	1879-1931		1	ДАІФО-631-3-2
631	3	20	Церковні документи / 1750-1918	1905-1932		1	ДАІФО-631-3-20
631	3	21	Церковні документи / 1918-1939	1927-1933		1	ДАІФО-631-3-21
631	3	22	Церковні документи / 1750-1918	1914-1932		1	ДАІФО-631-3-22
631	3	23	Церковні документи / 1918-1939	1921-1932		1	ДАІФО-631-3-23
631	3	24	Церковні документи / 1750-1918	1915-1931		1	ДАІФО-631-3-24
631	3	25	Церковні документи / 1750-1918	1905-1931		1	ДАІФО-631-3-25
631	3	26	Церковні документи / 1918-1939	1883-1939		1	ДАІФО-631-3-26
631	3	26А	Церковні документи / 1918-1939	1918-1930		1	ДАІФО-631-3-26А
631	3	26Б	Церковні документи / 1918-1939	1918-1930		1	ДАІФО-631-3-26Б
631	3	27	Церковні документи / 1918-1939	1903-1933		1	ДАІФО-631-3-27
631	3	28	Церковні документи / 1918-1939	1911-1932		1	ДАІФО-631-3-28
631	3	29	Церковні документи / 1750-1918	1868-1933		1	ДАІФО-631-3-29
631	3	3	Церковні документи / 1750-1918	1864-1931		1	ДАІФО-631-3-3
631	3	30	Церковні документи / 1918-1939	1873-1932		1	ДАІФО-631-3-30
631	3	31	Церковні документи / 1918-1939	1915-1932		1	ДАІФО-631-3-31
631	3	32	Церковні документи / 1750-1918	1900-1932		1	ДАІФО-631-3-32
631	3	33	Церковні документи / 1750-1918	1853-1933		1	ДАІФО-631-3-33
631	3	34	Церковні документи / 1750-1918	1907-1932		1	ДАІФО-631-3-34
631	3	35	Церковні документи / 1918-1939	1923-1932		1	ДАІФО-631-3-35
631	3	36	Церковні документи / 1750-1918	1888-1933		1	ДАІФО-631-3-36
631	3	37	Церковні документи / 1750-1918	1893-1933		1	ДАІФО-631-3-37
631	3	37А	Церковні документи / 1750-1918	1917-1958		1	ДАІФО-631-3-37А
631	3	37Б	Церковні документи / 1750-1918	1883-1904		1	ДАІФО-631-3-37Б
631	3	38	Церковні документи / 1750-1918	1866-1931		1	ДАІФО-631-3-38
631	3	39	Церковні документи / 1750-1918	1849-1894		1	ДАІФО-631-3-39
631	3	4	Церковні документи / 1750-1918	1866-1932		1	ДАІФО-631-3-4
631	3	40	Церковні документи / 1750-1918	1891-1901		1	ДАІФО-631-3-40
631	3	41	Церковні документи / 1918-1939	1893-1929		1	ДАІФО-631-3-41
631	3	42	Церковні документи / 1918-1939	1928-1931		1	ДАІФО-631-3-42
631	3	43	Церковні документи / 1918-1939	1931-1931		1	ДАІФО-631-3-43
631	3	44	Церковні документи / 1918-1939	1932-1932		1	ДАІФО-631-3-44
631	3	45	Церковні документи / 1918-1939	1931-1932		1	ДАІФО-631-3-45
631	3	46	Церковні документи / 1918-1939	1932-1932		1	ДАІФО-631-3-46
631	3	47	Церковні документи / 1918-1939	1933-1933		1	ДАІФО-631-3-47
631	3	48	Церковні документи / 1918-1939	1932-1932		1	ДАІФО-631-3-48
631	3	49	Церковні документи / 1918-1939	1926-1933		1	ДАІФО-631-3-49
631	3	5	Церковні документи / 1750-1918	1866-1900		2	ДАІФО-631-3-5
631	3	6	Церковні документи / 1750-1918	1868-1933		1	ДАІФО-631-3-6
631	3	7	Церковні документи / 1750-1918	1847-1932		1	ДАІФО-631-3-7
631	3	8	Церковні документи / 1750-1918	1847-1932		1	ДАІФО-631-3-8
631	3	9	Церковні документи / 1750-1918	1847-1932		1	ДАІФО-631-3-9
631	4	1	Церковні документи / 1750-1918	1871-1884	метрична книга|народження|смерть|шлюб	1	ДАІФО-631-4-1
631	4	10	Церковні документи / 1750-1918	1874-1934	метрична книга|шлюб	1	ДАІФО-631-4-10
631	4	11	Церковні документи / 1750-1918	1920-1926	метрична книга|народження	1	ДАІФО-631-4-11
631	4	12	Церковні документи / 1750-1918	1927-1934	метрична книга|народження	1	ДАІФО-631-4-12
631	4	13	Метрична книга церкви с. Заболотів. Шлюб	1893-1934	метрична книга|шлюб	2	ДАІФО-631-4-13
631	4	14	Церковні документи / 1918-1939	1856-1934	метрична книга|шлюб	1	ДАІФО-631-4-14
631	4	15	Церковні документи / 1750-1918	1912-1924	метрична книга|народження	1	ДАІФО-631-4-15
631	4	16	Церковні документи / 1918-1939	1925-1934	метрична книга|народження	1	ДАІФО-631-4-16
631	4	17	Церковні документи / 1750-1918	1900-1905	метрична книга|народження	1	ДАІФО-631-4-17
631	4	18	Церковні документи / 1750-1918	1906-1910	метрична книга|народження	1	ДАІФО-631-4-18
631	4	19	Церковні документи / 1750-1918	1908-1913	метрична книга|народження	1	ДАІФО-631-4-19
631	4	2	Церковні документи / 1750-1918	1885-1894	метрична книга|народження|смерть|шлюб	1	ДАІФО-631-4-2
631	4	20	Церковні документи / 1918-1939	1918-1926	метрична книга|народження	1	ДАІФО-631-4-20
631	4	20А	Церковні документи / 1918-1939	1920-1929		1	ДАІФО-631-4-20А
631	4	21	Церковні документи / 1750-1918	1900-1912	метрична книга|смерть	1	ДАІФО-631-4-21
631	4	22	Церковні документи / 1750-1918	1913-1927	метрична книга|смерть	1	ДАІФО-631-4-22
631	4	23	Церковні документи / 1750-1918	1867-1920	метрична книга|народження|смерть|шлюб	1	ДАІФО-631-4-23
631	4	24	Церковні документи / 1918-1939	1928-1934	метрична книга|шлюб	1	ДАІФО-631-4-24
631	4	25	Церковні документи / 1918-1939	1927-1934	метрична книга|смерть	1	ДАІФО-631-4-25
631	4	26	Церковні документи / 1918-1939	1933-1933	метрична книга|народження	1	ДАІФО-631-4-26
631	4	27	Церковні документи / 1918-1939	1934-1934	метрична книга|шлюб	1	ДАІФО-631-4-27
631	4	28	Метрична книга євреїв синагоги міста Станіслав (Івано-Франківськ). Смерть	1934-1934	метрична книга|смерть	2	ДАІФО-631-4-28
631	4	29	Церковні документи / 1918-1939	1925-1934	метрична книга|смерть	1	ДАІФО-631-4-29
631	4	3	Церковні документи / 1750-1918	1896-1934	метрична книга|народження|смерть|шлюб	1	ДАІФО-631-4-3
631	4	4	Церковні документи / 1750-1918	1879-1908	метрична книга|народження|шлюб	1	ДАІФО-631-4-4
631	4	5	Церковні документи / 1750-1918	1908-1934	метрична книга|народження|шлюб	1	ДАІФО-631-4-5
631	4	6	Церковні документи / 1750-1918	1873-1934	метрична книга|шлюб	1	ДАІФО-631-4-6
631	4	7	Церковні документи / 1750-1918	1894-1912	метрична книга|шлюб	1	ДАІФО-631-4-7
631	4	8	Церковні документи / 1750-1918	1912-1931	метрична книга|шлюб	1	ДАІФО-631-4-8
631	4	9	Церковні документи / 1750-1918	1874-1934	метрична книга|народження	1	ДАІФО-631-4-9
631	5	1	Церковні документи / 1750-1918	1874-1934		1	ДАІФО-631-5-1
631	5	10	Церковні документи / 1918-1939	1929-1935		1	ДАІФО-631-5-10
631	5	11	Церковні документи / 1918-1939	1935-1935		1	ДАІФО-631-5-11
631	5	12	Церковні документи / 1918-1939	1885-1935		1	ДАІФО-631-5-12
631	5	13	Церковні документи / 1918-1939	1911-1935		1	ДАІФО-631-5-13
631	5	14	Церковні документи / 1918-1939	1911-1935		1	ДАІФО-631-5-14
631	5	15	Метрична книга римо-католицького костелу с. Закрівці. Шлюб	1885-1935		2	ДАІФО-631-5-15
631	5	16	Церковні документи / 1918-1939	1884-1935		1	ДАІФО-631-5-16
631	5	17	Церковні документи / 1918-1939	1905-1935		1	ДАІФО-631-5-17
631	5	18	Церковні документи / 1918-1939	1886-1927		1	ДАІФО-631-5-18
631	5	19	Церковні документи / 1918-1939	1878-1935		1	ДАІФО-631-5-19
631	5	2	Церковні документи / 1918-1939	1925-1935		1	ДАІФО-631-5-2
631	5	20	Церковні документи / 1918-1939	1919-1935		1	ДАІФО-631-5-20
631	5	21	Церковні документи / 1750-1918	1874-1935		1	ДАІФО-631-5-21
631	5	22	Церковні документи / 1750-1918	1874-1935		1	ДАІФО-631-5-22
631	5	23	Церковні документи / 1750-1918	1874-1899		2	ДАІФО-631-5-23
631	5	24	Церковні документи / 1918-1939	1905-1935		1	ДАІФО-631-5-24
631	5	25	Церковні документи / 1918-1939	1874-1935		1	ДАІФО-631-5-25
631	5	26	Церковні документи / 1918-1939	1926-1935		1	ДАІФО-631-5-26
631	5	27	Церковні документи / 1918-1939	1909-1935		1	ДАІФО-631-5-27
631	5	28	Церковні документи / 1750-1918	1903-1935		1	ДАІФО-631-5-28
631	5	29	Церковні документи / 1750-1918	1873-1935		1	ДАІФО-631-5-29
631	5	3	Церковні документи / 1918-1939	1921-1935		1	ДАІФО-631-5-3
631	5	30	Церковні документи / 1750-1918	1876-1935		1	ДАІФО-631-5-30
631	5	31	Церковні документи / 1750-1918	1904-1935		1	ДАІФО-631-5-31
631	5	31А	Церковні документи / 1918-1939	1874-1903		1	ДАІФО-631-5-31А
631	5	32	Церковні документи / 1918-1939	1908-1935		1	ДАІФО-631-5-32
631	5	33	Церковні документи / 1918-1939	1885-1935		1	ДАІФО-631-5-33
631	5	34	Церковні документи / 1918-1939	1887-1935		1	ДАІФО-631-5-34
631	5	4	Церковні документи / 1750-1918	1876-1935		2	ДАІФО-631-5-4
631	5	4А	Церковні документи / 1750-1918	1855-1908		1	ДАІФО-631-5-4А
631	5	4Б	Церковні документи / 1750-1918	1879-1944		1	ДАІФО-631-5-4Б
631	5	5	Церковні документи / 1918-1939	1934-1935		1	ДАІФО-631-5-5
631	5	6	Церковні документи / 1918-1939	1935-1935		1	ДАІФО-631-5-6
631	5	7	Церковні документи / 1918-1939	1935-1935		1	ДАІФО-631-5-7
631	5	8	Церковні документи / 1918-1939	1865-1934		1	ДАІФО-631-5-8
631	5	9	Церковні документи / 1918-1939	1923-1935		1	ДАІФО-631-5-9
631	6	1	Церковні документи / 1750-1918	1890-1936		1	ДАІФО-631-6-1
631	6	10	Церковні документи / 1750-1918	1852-1936		1	ДАІФО-631-6-10
631	6	11	Церковні документи / 1918-1939	1871-1936		1	ДАІФО-631-6-11
631	6	12	Церковні документи / 1750-1918	1871-1936		1	ДАІФО-631-6-12
631	6	13	Церковні документи / 1750-1918	1871-1936		1	ДАІФО-631-6-13
631	6	14	Церковні документи / 1918-1939	1891-1936		1	ДАІФО-631-6-14
631	6	15	Церковні документи / 1918-1939	1891-1936		1	ДАІФО-631-6-15
631	6	16	Церковні документи / 1750-1918	1888-1936		1	ДАІФО-631-6-16
631	6	17	Церковні документи / 1918-1939	1891-1937		1	ДАІФО-631-6-17
631	6	18	Церковні документи / 1918-1939	1913-1936		1	ДАІФО-631-6-18
631	6	19	Церковні документи / 1918-1939	1880-1936		1	ДАІФО-631-6-19
631	6	2	Церковні документи / 1750-1918	1867-1934		1	ДАІФО-631-6-2
631	6	20	Церковні документи / 1918-1939	1929-1936		1	ДАІФО-631-6-20
631	6	21	Церковні документи / 1918-1939	1873-1913		1	ДАІФО-631-6-21
631	6	22	Церковні документи / 1750-1918	1843-1885		1	ДАІФО-631-6-22
631	6	23	Церковні документи / 1750-1918	1894-1916		1	ДАІФО-631-6-23
631	6	24	Церковні документи / 1750-1918	1908-1913		1	ДАІФО-631-6-24
631	6	3	Церковні документи / 1750-1918	1872-1936		1	ДАІФО-631-6-3
631	6	5	Метрична книга церкви с. Ліски. Народження	1904-1936		2	ДАІФО-631-6-5
631	6	6	Церковні документи / 1918-1939	1929-1936		1	ДАІФО-631-6-6
631	6	7	Церковні документи / 1750-1918	1873-1936		1	ДАІФО-631-6-7
631	6	8	Церковні документи / 1918-1939	1924-1936		1	ДАІФО-631-6-8
631	6	9	Метрична книга костелу с. Ланчин, Делятин та інших сіл регіону. Смерть	1873-1936		2	ДАІФО-631-6-9
631	7	1	Церковні документи / 1750-1918	1875-1937		1	ДАІФО-631-7-1
631	7	10	Церковні документи / 1918-1939	1873-1937		1	ДАІФО-631-7-10
631	7	100	Метрична книга римо-католицького костелу м. Болехів. Народження	1874-1934		2	ДАІФО-631-7-100
631	7	101	Метрична книга римо-католицького костелу м. Болехів. Народження	1902-1937		2	ДАІФО-631-7-101
631	7	101А	Метрична книга римо-католицького костелу м. Болехів. Народження. Том 2	1874-1901		2	ДАІФО-631-7-101А
631	7	102	Метрична книга римо-католицького костелу м. Болехів. Смерть	1874-1937		2	ДАІФО-631-7-102
631	7	103	Метрична книга римо-католицького костелу м. Болехів. Шлюб	1874-1937		2	ДАІФО-631-7-103
631	7	104	Церковні документи / 1918-1939	1874-1937		1	ДАІФО-631-7-104
631	7	105	Церковні документи / 1918-1939	1874-1937		1	ДАІФО-631-7-105
631	7	106	Церковні документи / 1750-1918	1866-1937		1	ДАІФО-631-7-106
631	7	107	Церковні документи / 1750-1918	1866-1937		1	ДАІФО-631-7-107
631	7	108	Церковні документи / 1918-1939	1937-1937		1	ДАІФО-631-7-108
631	7	109	Церковні документи / 1918-1939	1937-1937		1	ДАІФО-631-7-109
631	7	11	Церковні документи / 1918-1939	1874-1911		1	ДАІФО-631-7-11
631	7	110	Церковні документи / 1918-1939	1912-1937		1	ДАІФО-631-7-110
631	7	111	Церковні документи / 1750-1918	1866-1901		1	ДАІФО-631-7-111
631	7	112	Церковні документи / 1918-1939	1873-1937		1	ДАІФО-631-7-112
631	7	113	Церковні документи / 1918-1939	1898-1937		1	ДАІФО-631-7-113
631	7	12	Церковні документи / 1918-1939	1873-1937		1	ДАІФО-631-7-12
631	7	13	Церковні документи / 1918-1939	1911-1935		1	ДАІФО-631-7-13
631	7	14	Церковні документи / 1918-1939	1935-1935		2	ДАІФО-631-7-14
631	7	15	Церковні документи / 1750-1918	1873-1895		1	ДАІФО-631-7-15
631	7	16	Церковні документи / 1750-1918	1873-1935		1	ДАІФО-631-7-16
631	7	17	Церковні документи / 1750-1918	1874-1935		1	ДАІФО-631-7-17
631	7	18	Церковні документи / 1918-1939	1876-1934		1	ДАІФО-631-7-18
631	7	19	Церковні документи / 1918-1939	1877-1933		1	ДАІФО-631-7-19
631	7	2	Метрична книга римо-католицького костелу м. Солотвин	1873-1937		2	ДАІФО-631-7-2
631	7	20	Церковні документи / 1750-1918	1865-1903		1	ДАІФО-631-7-20
631	7	21	Церковні документи / 1918-1939	1870-1943		1	ДАІФО-631-7-21
631	7	22	Церковні документи / 1918-1939	1878-1936		1	ДАІФО-631-7-22
631	7	23	Церковні документи / 1918-1939	1873-1937		1	ДАІФО-631-7-23
631	7	24	Церковні документи / 1918-1939	1871-1929		1	ДАІФО-631-7-24
631	7	25	Церковні документи / 1918-1939	1906-1937		1	ДАІФО-631-7-25
631	7	26	Церковні документи / 1918-1939	1911-1937		1	ДАІФО-631-7-26
631	7	27	Церковні документи / 1918-1939	1911-1937		1	ДАІФО-631-7-27
631	7	28	Церковні документи / 1918-1939	1911-1937		1	ДАІФО-631-7-28
631	7	29	Церковні документи / 1918-1939	1871-1937		1	ДАІФО-631-7-29
631	7	3	Церковні документи / 1750-1918	1870-1937		1	ДАІФО-631-7-3
631	7	30	Церковні документи / 1918-1939	1857-1937		1	ДАІФО-631-7-30
631	7	31	Церковні документи / 1918-1939	1917-1937		1	ДАІФО-631-7-31
631	7	32	Церковні документи / 1918-1939	1873-1937		1	ДАІФО-631-7-32
631	7	33	Церковні документи / 1750-1918	1878-1934		1	ДАІФО-631-7-33
631	7	34	Церковні документи / 1750-1918	1874-1935		1	ДАІФО-631-7-34
631	7	35	Церковні документи / 1918-1939	1919-1937		1	ДАІФО-631-7-35
631	7	36	Церковні документи / 1918-1939	1901-1937		1	ДАІФО-631-7-36
631	7	37	Церковні документи / 1750-1918	1874-1937		1	ДАІФО-631-7-37
631	7	38	Церковні документи / 1750-1918	1881-1937		1	ДАІФО-631-7-38
631	7	39	Церковні документи / 1750-1918	1881-1937		1	ДАІФО-631-7-39
631	7	4	Церковні документи / 1750-1918	1904-1935		1	ДАІФО-631-7-4
631	7	40	Церковні документи / 1750-1918	1878-1905		1	ДАІФО-631-7-40
631	7	41	Церковні документи / 1750-1918	1879-1935		1	ДАІФО-631-7-41
631	7	42	Церковні документи / 1750-1918	1889-1937		1	ДАІФО-631-7-42
631	7	43	Церковні документи / 1750-1918	1899-1936		1	ДАІФО-631-7-43
631	7	44	Церковні документи / 1750-1918	1873-1937		1	ДАІФО-631-7-44
631	7	45	Метрична книга римо-католицького костелу с. Отинія. Народження	1894-1937		2	ДАІФО-631-7-45
631	7	46	Метрична книга римо-католицького костелу с. Отинія. Смерть	1869-1937		2	ДАІФО-631-7-46
631	7	47	Метрична книга римо-католицького костелу с. Отинія. Шлюб	1866-1937		2	ДАІФО-631-7-47
631	7	48	Церковні документи / 1750-1918	1866-1937		1	ДАІФО-631-7-48
631	7	49	Церковні документи / 1750-1918	1897-1937		1	ДАІФО-631-7-49
631	7	4А	Церковні документи / 1750-1918	1904-1935		1	ДАІФО-631-7-4А
631	7	5	Церковні документи / 1750-1918	1901-1937		1	ДАІФО-631-7-5
631	7	50	Церковні документи / 1918-1939	1880-1930		1	ДАІФО-631-7-50
631	7	51	Метрична книга греко-католицької церкви с. Брустури. Народження	1876-1937		1	ДАІФО-631-7-51
631	7	52	Церковні документи / 1918-1939	1877-1935		1	ДАІФО-631-7-52
631	7	53	Церковні документи / 1918-1939	1878-1936		1	ДАІФО-631-7-53
631	7	54	Метрична книга греко-католицької церкви м. Космач. Народження	1874-1937		2	ДАІФО-631-7-54
631	7	55	Церковні документи / 1918-1939	1873-1937		1	ДАІФО-631-7-55
631	7	56	Церковні документи / 1918-1939	1873-1937		1	ДАІФО-631-7-56
631	7	57	Церковні документи / 1750-1918	1884-1936		1	ДАІФО-631-7-57
631	7	58	Церковні документи / 1750-1918	1873-1937		1	ДАІФО-631-7-58
631	7	59	Церковні документи / 1750-1918	1890-1937		1	ДАІФО-631-7-59
631	7	6	Церковні документи / 1750-1918	1874-1937		1	ДАІФО-631-7-6
631	7	60	Церковні документи / 1918-1939	1870-1937		1	ДАІФО-631-7-60
631	7	61	Церковні документи / 1918-1939	1873-1937		1	ДАІФО-631-7-61
631	7	62	Церковні документи / 1918-1939	1874-1937		1	ДАІФО-631-7-62
631	7	64	Церковні документи / 1918-1939	1933-1933		1	ДАІФО-631-7-64
631	7	65	Церковні документи / 1918-1939	1932-1932		1	ДАІФО-631-7-65
631	7	66	Церковні документи / 1918-1939	1873-1937		1	ДАІФО-631-7-66
631	7	67	Церковні документи / 1918-1939	1888-1888		1	ДАІФО-631-7-67
631	7	68	Церковні документи / 1918-1939	1892-1892		1	ДАІФО-631-7-68
631	7	69	Церковні документи / 1918-1939	1893-1893		1	ДАІФО-631-7-69
631	7	7	Церковні документи / 1918-1939	1873-1937		1	ДАІФО-631-7-7
631	7	70	Церковні документи / 1918-1939	1895-1895		1	ДАІФО-631-7-70
631	7	71	Церковні документи / 1918-1939	1899-1899		1	ДАІФО-631-7-71
631	7	72	Церковні документи / 1918-1939	1900-1900		1	ДАІФО-631-7-72
631	7	73	Церковні документи / 1918-1939	1903-1903		1	ДАІФО-631-7-73
631	7	74	Церковні документи / 1918-1939	1873-1935		1	ДАІФО-631-7-74
631	7	75	Церковні документи / 1918-1939	1927-1937		1	ДАІФО-631-7-75
631	7	76	Церковні документи / 1918-1939	1918-1937		1	ДАІФО-631-7-76
631	7	77	Церковні документи / 1918-1939	1930-1930		1	ДАІФО-631-7-77
631	7	78	Церковні документи / 1750-1918	1874-1936		1	ДАІФО-631-7-78
631	7	79	Церковні документи / 1750-1918	1900-1937		1	ДАІФО-631-7-79
631	7	8	Церковні документи / 1918-1939	1873-1937		1	ДАІФО-631-7-8
631	7	80	Церковні документи / 1750-1918	1874-1889		1	ДАІФО-631-7-80
631	7	81	Церковні документи / 1750-1918	1874-1937		1	ДАІФО-631-7-81
631	7	82	Церковні документи / 1750-1918	1874-1937		1	ДАІФО-631-7-82
631	7	83	Церковні документи / 1750-1918	1873-1934		1	ДАІФО-631-7-83
631	7	84	Церковні документи / 1750-1918	1874-1934		1	ДАІФО-631-7-84
631	7	85	Церковні документи / 1750-1918	1874-1900		1	ДАІФО-631-7-85
631	7	86	Церковні документи / 1918-1939	1874-1902		1	ДАІФО-631-7-86
631	7	87	Церковні документи / 1918-1939	1874-1938		1	ДАІФО-631-7-87
631	7	88	Церковні документи / 1918-1939	1891-1937		1	ДАІФО-631-7-88
631	7	89	Церковні документи / 1918-1939	1874-1937		1	ДАІФО-631-7-89
631	7	9	Церковні документи / 1918-1939	1873-1937		1	ДАІФО-631-7-9
631	7	90	Церковні документи / 1918-1939	1873-1937		1	ДАІФО-631-7-90
631	7	91	Церковні документи / 1918-1939	1873-1937		1	ДАІФО-631-7-91
631	7	92	Церковні документи / 1918-1939	1873-1937		1	ДАІФО-631-7-92
631	7	93	Церковні документи / 1918-1939	1923-1937		1	ДАІФО-631-7-93
631	7	94	Церковні документи / 1918-1939	1885-1935		1	ДАІФО-631-7-94
631	7	95	Церковні документи / 1750-1918	1850-1937		1	ДАІФО-631-7-95
631	7	96	Церковні документи / 1918-1939	1869-1937		1	ДАІФО-631-7-96
631	7	97	Церковні документи / 1750-1918	1873-1937		1	ДАІФО-631-7-97
631	7	98	Церковні документи / 1918-1939	1925-1937		1	ДАІФО-631-7-98
631	7	99	Церковні документи / 1750-1918	1900-1935		1	ДАІФО-631-7-99
631	8	1	Церковні документи / 1918-1939	1870-1938		1	ДАІФО-631-8-1
631	8	10	Метрична книга церкви с. Верховина (Жаб'є-Слупійка). Народження	1900-1938		1	ДАІФО-631-8-10
631	8	100	Церковні документи / 1918-1939	1866-1938		1	ДАІФО-631-8-100
631	8	101	Церковні документи / 1750-1918	1873-1938		1	ДАІФО-631-8-101
631	8	102	Церковні документи / 1750-1918	1912-1938		1	ДАІФО-631-8-102
631	8	103	Церковні документи / 1750-1918	1871-1938		1	ДАІФО-631-8-103
631	8	104	Церковні документи / 1750-1918	1912-1938		1	ДАІФО-631-8-104
631	8	105	Церковні документи / 1750-1918	1857-1938		1	ДАІФО-631-8-105
631	8	106	Церковні документи / 1750-1918	1787-1938		1	ДАІФО-631-8-106
631	8	107	Церковні документи / 1750-1918	1907-1938		1	ДАІФО-631-8-107
631	8	108	Церковні документи / 1750-1918	1907-1938		1	ДАІФО-631-8-108
631	8	109	Церковні документи / 1750-1918	1907-1938		1	ДАІФО-631-8-109
631	8	11	Церковні документи / 1750-1918	1900-1938		1	ДАІФО-631-8-11
631	8	110	Церковні документи / 1918-1939	1927-1938		1	ДАІФО-631-8-110
631	8	111	Церковні документи / 1918-1939	1918-1938		1	ДАІФО-631-8-111
631	8	112	Церковні документи / 1750-1918	1911-1938		1	ДАІФО-631-8-112
631	8	113	Церковні документи / 1918-1939	1911-1938		1	ДАІФО-631-8-113
631	8	114	Церковні документи / 1918-1939	1911-1938		1	ДАІФО-631-8-114
631	8	115	Церковні документи / 1750-1918	1873-1938		1	ДАІФО-631-8-115
631	8	116	Церковні документи / 1918-1939	1873-1938		1	ДАІФО-631-8-116
631	8	117	Церковні документи / 1918-1939	1873-1938		1	ДАІФО-631-8-117
631	8	118	Церковні документи / 1750-1918	1873-1938		1	ДАІФО-631-8-118
631	8	119	Церковні документи / 1918-1939	1912-1938		1	ДАІФО-631-8-119
631	8	12	Церковні документи / 1750-1918	1876-1938		1	ДАІФО-631-8-12
631	8	120	Церковні документи / 1918-1939	1870-1938		1	ДАІФО-631-8-120
631	8	121	Церковні документи / 1750-1918	1870-1938		1	ДАІФО-631-8-121
631	8	122	Церковні документи / 1918-1939	1874-1938		1	ДАІФО-631-8-122
631	8	123	Церковні документи / 1750-1918	1911-1938		1	ДАІФО-631-8-123
631	8	124	Церковні документи / 1750-1918	1874-1938		1	ДАІФО-631-8-124
631	8	125	Церковні документи / 1918-1939	1874-1938		1	ДАІФО-631-8-125
631	8	126	Церковні документи / 1750-1918	1911-1938		1	ДАІФО-631-8-126
631	8	127	Церковні документи / 1750-1918	1873-1938		1	ДАІФО-631-8-127
631	8	128	Церковні документи / 1918-1939	1873-1938		1	ДАІФО-631-8-128
631	8	129	Церковні документи / 1918-1939	1907-1938		1	ДАІФО-631-8-129
631	8	13	Церковні документи / 1750-1918	1861-1938		1	ДАІФО-631-8-13
631	8	130	Церковні документи / 1918-1939	1907-1938		1	ДАІФО-631-8-130
631	8	131	Церковні документи / 1918-1939	1860-1938		1	ДАІФО-631-8-131
631	8	132	Церковні документи / 1918-1939	1885-1938		1	ДАІФО-631-8-132
631	8	133	Церковні документи / 1750-1918	1873-1938		1	ДАІФО-631-8-133
631	8	134	Церковні документи / 1918-1939	1875-1939		1	ДАІФО-631-8-134
631	8	135	Церковні документи / 1750-1918	1871-1937		1	ДАІФО-631-8-135
631	8	136	Церковні документи / 1750-1918	1903-1938		1	ДАІФО-631-8-136
631	8	137	Церковні документи / 1918-1939	1873-1938		1	ДАІФО-631-8-137
631	8	138	Церковні документи / 1918-1939	1876-1938		1	ДАІФО-631-8-138
631	8	139	Церковні документи / 1918-1939	1919-1938		1	ДАІФО-631-8-139
631	8	14	Церковні документи / 1918-1939	1870-1938		1	ДАІФО-631-8-14
631	8	140	Церковні документи / 1750-1918	1838-1938		1	ДАІФО-631-8-140
631	8	141	Церковні документи / 1918-1939	1875-1939		1	ДАІФО-631-8-141
631	8	142	Церковні документи / 1750-1918	1870-1938		1	ДАІФО-631-8-142
631	8	143	Церковні документи / 1918-1939	1875-1938		1	ДАІФО-631-8-143
631	8	144	Церковні документи / 1918-1939	1878-1938		1	ДАІФО-631-8-144
631	8	145	Метричні книги костелу с. Ланчин, Делятин, Луг та інших сіл регіону. Шлюб, смерть	1908-1938		2	ДАІФО-631-8-145
631	8	146	Церковні документи / 1918-1939	1874-1938		1	ДАІФО-631-8-146
631	8	147	Церковні документи / 1918-1939	1876-1938		1	ДАІФО-631-8-147
631	8	148	Церковні документи / 1750-1918	1883-1938		1	ДАІФО-631-8-148
631	8	149	Церковні документи / 1750-1918	1888-1938		1	ДАІФО-631-8-149
631	8	15	Церковні документи / 1918-1939	1911-1938		1	ДАІФО-631-8-15
631	8	150	Церковні документи / 1918-1939	1877-1938		1	ДАІФО-631-8-150
631	8	151	Церковні документи / 1918-1939	1877-1938		1	ДАІФО-631-8-151
631	8	152	Церковні документи / 1750-1918	1872-1938		1	ДАІФО-631-8-152
631	8	153	Церковні документи / 1918-1939	1872-1938		1	ДАІФО-631-8-153
631	8	154	Церковні документи / 1750-1918	1874-1938		2	ДАІФО-631-8-154
631	8	155	Церковні документи / 1918-1939	1929-1929		2	ДАІФО-631-8-155
631	8	156	Церковні документи / 1750-1918	1866-1938		1	ДАІФО-631-8-156
631	8	157	Церковні документи / 1750-1918	1866-1938		1	ДАІФО-631-8-157
631	8	158	Церковні документи / 1750-1918	1867-1938		1	ДАІФО-631-8-158
631	8	159	Церковні документи / 1750-1918	1869-1938		1	ДАІФО-631-8-159
631	8	16	Церковні документи / 1918-1939	1908-1938		1	ДАІФО-631-8-16
631	8	160	Церковні документи / 1750-1918	1886-1938		1	ДАІФО-631-8-160
631	8	161	Церковні документи / 1750-1918	1866-1938		1	ДАІФО-631-8-161
631	8	162	Церковні документи / 1750-1918	1873-1938		1	ДАІФО-631-8-162
631	8	163	Церковні документи / 1918-1939	1852-1938		1	ДАІФО-631-8-163
631	8	164	Церковні документи / 1918-1939	1874-1938		1	ДАІФО-631-8-164
631	8	165	Церковні документи / 1750-1918	1852-1938		1	ДАІФО-631-8-165
631	8	166	Церковні документи / 1750-1918	1875-1938		1	ДАІФО-631-8-166
631	8	167	Церковні документи / 1750-1918	1874-1938		1	ДАІФО-631-8-167
631	8	168	Церковні документи / 1750-1918	1875-1938		1	ДАІФО-631-8-168
631	8	169	Церковні документи / 1750-1918	1911-1938		1	ДАІФО-631-8-169
631	8	17	Церковні документи / 1918-1939	1889-1938		1	ДАІФО-631-8-17
631	8	170	Церковні документи / 1750-1918	1852-1938		1	ДАІФО-631-8-170
631	8	171	Метричні книги церков с. Небилів, Слобода-Небилівська. Том 1	1852-1938		2	ДАІФО-631-8-171
631	8	172	Метричні книги церков с. Небилів, Слобода-Небилівська. Том 2	1852-1938		2	ДАІФО-631-8-172
631	8	173	Церковні документи / 1750-1918	1874-1938		1	ДАІФО-631-8-173
631	8	174	Церковні документи / 1750-1918	1874-1938		1	ДАІФО-631-8-174
631	8	175	Церковні документи / 1918-1939	1874-1938		1	ДАІФО-631-8-175
631	8	176	Церковні документи / 1750-1918	1874-1938		1	ДАІФО-631-8-176
631	8	177	Метрична книга церкви Св. Миколая с. Сливки. Народження	1852-1938		2	ДАІФО-631-8-177
631	8	178	Метрична книга церкви Св. Миколая с. Сливки. Шлюб, смерть	1852-1938		2	ДАІФО-631-8-178
631	8	179	Церковні документи / 1750-1918	1911-1938		1	ДАІФО-631-8-179
631	8	18	Церковні документи / 1750-1918	1880-1938		1	ДАІФО-631-8-18
631	8	180	Церковні документи / 1750-1918	1874-1938		1	ДАІФО-631-8-180
631	8	181	Церковні документи / 1750-1918	1875-1938		1	ДАІФО-631-8-181
631	8	182	Церковні документи / 1750-1918	1852-1938		1	ДАІФО-631-8-182
631	8	183	Церковні документи / 1750-1918	1852-1938		1	ДАІФО-631-8-183
631	8	184	Церковні документи / 1918-1939	1894-1938		1	ДАІФО-631-8-184
631	8	185	Церковні документи / 1750-1918	1909-1938		1	ДАІФО-631-8-185
631	8	186	Церковні документи / 1750-1918	1891-1938		1	ДАІФО-631-8-186
631	8	187	Церковні документи / 1750-1918	1874-1938		1	ДАІФО-631-8-187
631	8	188	Церковні документи / 1750-1918	1873-1938		1	ДАІФО-631-8-188
631	8	189	Церковні документи / 1750-1918	1872-1944		1	ДАІФО-631-8-189
631	8	19	Церковні документи / 1750-1918	1866-1938		1	ДАІФО-631-8-19
631	8	190	Церковні документи / 1918-1939	1891-1938		1	ДАІФО-631-8-190
631	8	191	Церковні документи / 1750-1918	1875-1938		1	ДАІФО-631-8-191
631	8	192	Церковні документи / 1750-1918	1872-1938		1	ДАІФО-631-8-192
631	8	193	Церковні документи / 1750-1918	1908-1937		1	ДАІФО-631-8-193
631	8	194	Церковні документи / 1750-1918	1872-1938		1	ДАІФО-631-8-194
631	8	195	Церковні документи / 1750-1918	1890-1938		1	ДАІФО-631-8-195
631	8	196	Церковні документи / 1750-1918	1873-1938		1	ДАІФО-631-8-196
631	8	197	Церковні документи / 1918-1939	1870-1938		1	ДАІФО-631-8-197
631	8	198	Церковні документи / 1918-1939	1895-1939		1	ДАІФО-631-8-198
631	8	199	Церковні документи / 1750-1918	1874-1938		1	ДАІФО-631-8-199
631	8	2	Церковні документи / 1750-1918	1894-1938		2	ДАІФО-631-8-2
631	8	20	Церковні документи / 1750-1918	1866-1938		1	ДАІФО-631-8-20
631	8	200	Церковні документи / 1750-1918	1873-1938		1	ДАІФО-631-8-200
631	8	201	Церковні документи / 1918-1939	1873-1938		1	ДАІФО-631-8-201
631	8	202	Церковні документи / 1750-1918	1874-1938		1	ДАІФО-631-8-202
631	8	203	Церковні документи / 1750-1918	1877-1938		1	ДАІФО-631-8-203
631	8	204	Церковні документи / 1918-1939	1923-1939		1	ДАІФО-631-8-204
631	8	205	Церковні документи / 1750-1918	1874-1938		1	ДАІФО-631-8-205
631	8	206	Церковні документи / 1918-1939	1918-1939		1	ДАІФО-631-8-206
631	8	207	Церковні документи / 1918-1939	1867-1938		1	ДАІФО-631-8-207
631	8	208	Церковні документи / 1918-1939	1873-1938		1	ДАІФО-631-8-208
631	8	209	Церковні документи / 1918-1939	1860-1938		1	ДАІФО-631-8-209
631	8	21	Церковні документи / 1918-1939	1887-1938		1	ДАІФО-631-8-21
631	8	210	Церковні документи / 1750-1918	1873-1938		1	ДАІФО-631-8-210
631	8	211	Церковні документи / 1918-1939	1873-1938		1	ДАІФО-631-8-211
631	8	212	Церковні документи / 1918-1939	1923-1938		1	ДАІФО-631-8-212
631	8	213	Церковні документи / 1918-1939	1873-1938		1	ДАІФО-631-8-213
631	8	214	Церковні документи / 1918-1939	1918-1939		1	ДАІФО-631-8-214
631	8	215	Церковні документи / 1918-1939	1873-1938		1	ДАІФО-631-8-215
631	8	216	Церковні документи / 1750-1918	1873-1938		1	ДАІФО-631-8-216
631	8	217	Церковні документи / 1918-1939	1871-1931		1	ДАІФО-631-8-217
631	8	218	Церковні документи / 1750-1918	1875-1938		1	ДАІФО-631-8-218
631	8	219	Церковні документи / 1750-1918	1846-1938		1	ДАІФО-631-8-219
631	8	22	Церковні документи / 1750-1918	1870-1938		1	ДАІФО-631-8-22
631	8	220	Метричні книги церкви с. Антонівка, Братишів, Буківна, Олешів. Народження, шлюб	1873-1938		2	ДАІФО-631-8-220
631	8	221	Церковні документи / 1918-1939	1881-1938		1	ДАІФО-631-8-221
631	8	222	Церковні документи / 1750-1918	1882-1938		1	ДАІФО-631-8-222
631	8	223	Церковні документи / 1750-1918	1874-1938		1	ДАІФО-631-8-223
631	8	224	Церковні документи / 1918-1939	1874-1939		1	ДАІФО-631-8-224
631	8	225	Церковні документи / 1750-1918	1870-1938		1	ДАІФО-631-8-225
631	8	226	Церковні документи / 1918-1939	1876-1937		1	ДАІФО-631-8-226
631	8	227	Церковні документи / 1918-1939	1872-1937		1	ДАІФО-631-8-227
631	8	228	Церковні документи / 1750-1918	1873-1938		1	ДАІФО-631-8-228
631	8	229	Церковні документи / 1918-1939	1919-1938		1	ДАІФО-631-8-229
631	8	23	Церковні документи / 1918-1939	1901-1938		1	ДАІФО-631-8-23
631	8	230	Церковні документи / 1918-1939	1881-1938		1	ДАІФО-631-8-230
631	8	231	Церковні документи / 1750-1918	1873-1938		1	ДАІФО-631-8-231
631	8	232	Церковні документи / 1750-1918	1873-1938		1	ДАІФО-631-8-232
631	8	233	Церковні документи / 1918-1939	1874-1938		1	ДАІФО-631-8-233
631	8	234	Церковні документи / 1750-1918	1873-1938		1	ДАІФО-631-8-234
631	8	235	Церковні документи / 1750-1918	1873-1938		1	ДАІФО-631-8-235
631	8	236	Церковні документи / 1750-1918	1873-1938		2	ДАІФО-631-8-236
631	8	237	Церковні документи / 1918-1939	1871-1945		1	ДАІФО-631-8-237
631	8	238	Церковні документи / 1750-1918	1866-1898		1	ДАІФО-631-8-238
631	8	239	Церковні документи / 1918-1939	1910-1938		1	ДАІФО-631-8-239
631	8	24	Церковні документи / 1750-1918	1860-1938		1	ДАІФО-631-8-24
631	8	240	Церковні документи / 1918-1939	1938-1938		1	ДАІФО-631-8-240
631	8	241	Церковні документи / 1918-1939	1938-1938		1	ДАІФО-631-8-241
631	8	242	Церковні документи / 1918-1939	1896-1938		1	ДАІФО-631-8-242
631	8	243	Церковні документи / 1750-1918	1897-1938		1	ДАІФО-631-8-243
631	8	244	Церковні документи / 1918-1939	1873-1938		1	ДАІФО-631-8-244
631	8	245	Церковні документи / 1750-1918	1906-1938		1	ДАІФО-631-8-245
631	8	246	Церковні документи / 1918-1939	1910-1938		1	ДАІФО-631-8-246
631	8	25	Церковні документи / 1750-1918	1873-1933		1	ДАІФО-631-8-25
631	8	26	Церковні документи / 1750-1918	1870-1938		1	ДАІФО-631-8-26
631	8	27	Церковні документи / 1750-1918	1881-1938		1	ДАІФО-631-8-27
631	8	28	Церковні документи / 1750-1918	1873-1938		1	ДАІФО-631-8-28
631	8	29	Церковні документи / 1750-1918	1868-1938		1	ДАІФО-631-8-29
631	8	3	Церковні документи / 1750-1918	1873-1938		1	ДАІФО-631-8-3
631	8	30	Церковні документи / 1918-1939	1918-1938		1	ДАІФО-631-8-30
631	8	30А	Церковні документи / 1918-1939	1918-1938		1	ДАІФО-631-8-30А
631	8	31	Церковні документи / 1750-1918	1883-1938		1	ДАІФО-631-8-31
631	8	32	Церковні документи / 1750-1918	1790-1938		1	ДАІФО-631-8-32
631	8	33	Церковні документи / 1918-1939	1872-1938		1	ДАІФО-631-8-33
631	8	34	Церковні документи / 1750-1918	1866-1938		1	ДАІФО-631-8-34
631	8	35	Церковні документи / 1750-1918	1852-1938		1	ДАІФО-631-8-35
631	8	36	Церковні документи / 1750-1918	1880-1938		1	ДАІФО-631-8-36
631	8	37	Церковні документи / 1750-1918	1886-1938		1	ДАІФО-631-8-37
631	8	38	Метричні книги церков с. Витвиця, Гериня, Гошів. Смерть	1872-1938		2	ДАІФО-631-8-38
631	8	39	Метричні книги церков с. Витвиця, Гериня, Гошів. Шлюб	1866-1938		2	ДАІФО-631-8-39
631	8	4	Церковні документи / 1918-1939	1915-1937		1	ДАІФО-631-8-4
631	8	40	Церковні документи / 1750-1918	1873-1938		1	ДАІФО-631-8-40
631	8	41	Церковні документи / 1750-1918	1877-1938		1	ДАІФО-631-8-41
631	8	42	Метричні книги церков Гериня, Гошів. Народження	1866-1938		2	ДАІФО-631-8-42
631	8	43	Церковні документи / 1918-1939	1917-1938		1	ДАІФО-631-8-43
631	8	44	Церковні документи / 1750-1918	1900-1938		1	ДАІФО-631-8-44
631	8	45	Церковні документи / 1750-1918	1866-1938		1	ДАІФО-631-8-45
631	8	46	Метрична книга Св. Параскевської церкви с. Княжолуки. Народження	1911-1938		2	ДАІФО-631-8-46
631	8	47	Церковні документи / 1750-1918	1866-1938		1	ДАІФО-631-8-47
631	8	48	Церковні документи / 1750-1918	1866-1938		1	ДАІФО-631-8-48
631	8	49	Церковні документи / 1750-1918	1878-1938		1	ДАІФО-631-8-49
631	8	5	Церковні документи / 1918-1939	1895-1938		1	ДАІФО-631-8-5
631	8	50	Метрична книга церкви Пресвятої Богородиці с. Слобода-Долинська	1865-1938		2	ДАІФО-631-8-50
631	8	51	Метричні книгм церков с. Кропивник, Старий Мізунь. Народження	1907-1938		2	ДАІФО-631-8-51
631	8	52	Церковні документи / 1750-1918	1866-1938		1	ДАІФО-631-8-52
631	8	53	Церковні документи / 1750-1918	1866-1938		1	ДАІФО-631-8-53
631	8	54	Церковні документи / 1750-1918	1876-1938		1	ДАІФО-631-8-54
631	8	55	Церковні документи / 1750-1918	1877-1938		1	ДАІФО-631-8-55
631	8	56	Церковні документи / 1750-1918	1866-1938		1	ДАІФО-631-8-56
631	8	57	Церковні документи / 1750-1918	1866-1938		1	ДАІФО-631-8-57
631	8	58	Церковні документи / 1750-1918	1876-1938		1	ДАІФО-631-8-58
631	8	59	Церковні документи / 1918-1939	1877-1938		1	ДАІФО-631-8-59
631	8	6	Церковні документи / 1750-1918	1873-1936		1	ДАІФО-631-8-6
631	8	60	Церковні документи / 1918-1939	1866-1938		1	ДАІФО-631-8-60
631	8	61	Церковні документи / 1918-1939	1872-1938		1	ДАІФО-631-8-61
631	8	62	Церковні документи / 1918-1939	1876-1938		1	ДАІФО-631-8-62
631	8	63	Церковні документи / 1918-1939	1877-1938		1	ДАІФО-631-8-63
631	8	65	Церковні документи / 1918-1939	1871-1938		1	ДАІФО-631-8-65
631	8	66	Церковні документи / 1918-1939	1876-1938		1	ДАІФО-631-8-66
631	8	67	Церковні документи / 1918-1939	1866-1938		1	ДАІФО-631-8-67
631	8	68	Церковні документи / 1918-1939	1866-1938		1	ДАІФО-631-8-68
631	8	69	Церковні документи / 1918-1939	1866-1938		1	ДАІФО-631-8-69
631	8	7	Церковні документи / 1750-1918	1870-1938		1	ДАІФО-631-8-7
631	8	70	Церковні документи / 1918-1939	1866-1938		1	ДАІФО-631-8-70
631	8	71	Церковні документи / 1750-1918	1866-1938		1	ДАІФО-631-8-71
631	8	72	Церковні документи / 1750-1918	1866-1938		1	ДАІФО-631-8-72
631	8	73	Церковні документи / 1750-1918	1866-1931		1	ДАІФО-631-8-73
631	8	74	Метрична книга с. Велдіж (сучасна назва Шевченкове). Шлюб, смерть	1871-1938		2	ДАІФО-631-8-74
631	8	75	Церковні документи / 1918-1939	1904-1938		1	ДАІФО-631-8-75
631	8	76	Церковні документи / 1750-1918	1874-1938		1	ДАІФО-631-8-76
631	8	77	Церковні документи / 1918-1939	1866-1938		1	ДАІФО-631-8-77
631	8	78	Церковні документи / 1918-1939	1866-1938		1	ДАІФО-631-8-78
631	8	79	Церковні документи / 1750-1918	1866-1938		1	ДАІФО-631-8-79
631	8	8	Церковні документи / 1750-1918	1870-1934		1	ДАІФО-631-8-8
631	8	80	Церковні документи / 1750-1918	1894-1938		1	ДАІФО-631-8-80
631	8	81	Церковні документи / 1918-1939	1913-1938		1	ДАІФО-631-8-81
631	8	82	Церковні документи / 1750-1918	1867-1938		1	ДАІФО-631-8-82
631	8	83	Церковні документи / 1918-1939	1867-1938		1	ДАІФО-631-8-83
631	8	84	Церковні документи / 1918-1939	1870-1938		1	ДАІФО-631-8-84
631	8	85	Церковні документи / 1750-1918	1866-1938		1	ДАІФО-631-8-85
631	8	86	Церковні документи / 1918-1939	1906-1938		1	ДАІФО-631-8-86
631	8	87	Церковні документи / 1750-1918	1868-1938		1	ДАІФО-631-8-87
631	8	88	Церковні документи / 1750-1918	1871-1938		2	ДАІФО-631-8-88
631	8	89	Церковні документи / 1918-1939	1907-1938		1	ДАІФО-631-8-89
631	8	9	Церковні документи / 1918-1939	1877-1938		1	ДАІФО-631-8-9
631	8	90	Церковні документи / 1918-1939	1870-1938		1	ДАІФО-631-8-90
631	8	91	Церковні документи / 1750-1918	1870-1938		1	ДАІФО-631-8-91
631	8	92	Церковні документи / 1918-1939	1909-1938		1	ДАІФО-631-8-92
631	8	93	Церковні документи / 1750-1918	1908-1938		1	ДАІФО-631-8-93
631	8	94	Церковні документи / 1750-1918	1866-1938		1	ДАІФО-631-8-94
631	8	95	Церковні документи / 1918-1939	1866-1938		1	ДАІФО-631-8-95
631	8	96	Церковні документи / 1750-1918	1901-1938		1	ДАІФО-631-8-96
631	8	97	Церковні документи / 1750-1918	1900-1938		1	ДАІФО-631-8-97
631	8	98	Церковні документи / 1750-1918	1861-1938		1	ДАІФО-631-8-98
631	8	99	Церковні документи / 1750-1918	1893-1938		1	ДАІФО-631-8-99
631	9	1	Церковні документи / 1750-1918	1900-1939		1	ДАІФО-631-9-1
631	9	10	Церковні документи / 1750-1918	1873-1938		1	ДАІФО-631-9-10
631	9	11	Церковні документи / 1918-1939	1874-1938		1	ДАІФО-631-9-11
631	9	12	Церковні документи / 1750-1918	1871-1938		1	ДАІФО-631-9-12
631	9	13	Церковні документи / 1750-1918	1911-1938		1	ДАІФО-631-9-13
631	9	14	Церковні документи / 1918-1939	1871-1938		2	ДАІФО-631-9-14
631	9	15	Церковні документи / 1750-1918	1895-1938		1	ДАІФО-631-9-15
631	9	16	Метрична книга церкви Успіння Пресвятої Богородиці c. Чернятин. Смерть	1853-1939		2	ДАІФО-631-9-16
631	9	17	Метрична книга церкви Св. Василя Великого с. Кадобна Калуського повіту. Народження, шлюб, смерть	1877-1939		2	ДАІФО-631-9-17
631	9	171				0	ДАІФО-631-9-171
631	9	18	Метричні книги церков Св. Миколаївської с. Кропивник (1866–1937) та Св. Василя Великого с. Кадобна (1937–1939). Народження	1866-1939		2	ДАІФО-631-9-18
631	9	19	Метричні книги церков Св. Миколаївської с. Кропивник та Св. Василя Великого с. Кадобна. Шлюб, смерть	1866-1939		2	ДАІФО-631-9-19
631	9	2	Церковні документи / 1918-1939	1925-1939		1	ДАІФО-631-9-2
631	9	20	Церковні документи / 1750-1918	1866-1939		1	ДАІФО-631-9-20
631	9	21	Церковні документи / 1750-1918	1866-1938		1	ДАІФО-631-9-21
631	9	22	Метрична книга церкви Святої Трийці c. Станків. Народження	1868-1939		2	ДАІФО-631-9-22
631	9	23	Церковні документи / 1750-1918	1876-1938		1	ДАІФО-631-9-23
631	9	24	Церковні документи / 1750-1918	1875-1938		1	ДАІФО-631-9-24
631	9	25	Церковні документи / 1750-1918	1866-1898		1	ДАІФО-631-9-25
631	9	26	Церковні документи / 1750-1918	1875-1893		1	ДАІФО-631-9-26
631	9	27	Церковні документи / 1750-1918	1873-1939		1	ДАІФО-631-9-27
631	9	28	Церковні документи / 1918-1939	1904-1939		1	ДАІФО-631-9-28
631	9	29	Церковні документи / 1750-1918	1894-1937		1	ДАІФО-631-9-29
631	9	3	Церковні документи / 1918-1939	1910-1939		1	ДАІФО-631-9-3
631	9	30	Церковні документи / 1750-1918	1873-1938		1	ДАІФО-631-9-30
631	9	31	Церковні документи / 1918-1939	1920-1939		1	ДАІФО-631-9-31
631	9	32	Церковні документи / 1750-1918	1874-1939		1	ДАІФО-631-9-32
631	9	33	Церковні документи / 1750-1918	1873-1938		1	ДАІФО-631-9-33
631	9	34	Церковні документи / 1750-1918	1871-1938		1	ДАІФО-631-9-34
631	9	35	Церковні документи / 1918-1939	1906-1939		1	ДАІФО-631-9-35
631	9	36	Церковні документи / 1918-1939	1903-1939		1	ДАІФО-631-9-36
631	9	37	Церковні документи / 1750-1918	1873-1938		1	ДАІФО-631-9-37
631	9	38	Церковні документи / 1750-1918	1873-1939		1	ДАІФО-631-9-38
631	9	39	Церковні документи / 1750-1918	1876-1939		1	ДАІФО-631-9-39
631	9	4	Церковні документи / 1918-1939	1910-1939		2	ДАІФО-631-9-4
631	9	40	Церковні документи / 1750-1918	1852-1938		1	ДАІФО-631-9-40
631	9	41	Церковні документи / 1750-1918	1874-1938		1	ДАІФО-631-9-41
631	9	42	Церковні документи / 1750-1918	1874-1938		1	ДАІФО-631-9-42
631	9	43	Церковні документи / 1750-1918	1874-1938		1	ДАІФО-631-9-43
631	9	44	Церковні документи / 1750-1918	1874-1938		1	ДАІФО-631-9-44
631	9	45	Церковні документи / 1750-1918	1874-1938		1	ДАІФО-631-9-45
631	9	46	Церковні документи / 1750-1918	1874-1938		1	ДАІФО-631-9-46
631	9	47	Церковні документи / 1750-1918	1874-1938		1	ДАІФО-631-9-47
631	9	48	Церковні документи / 1750-1918	1916-1938		1	ДАІФО-631-9-48
631	9	49	Церковні документи / 1750-1918	1874-1938		1	ДАІФО-631-9-49
631	9	5	Церковні документи / 1750-1918	1874-1938		1	ДАІФО-631-9-5
631	9	50	Церковні документи / 1918-1939	1875-1938		1	ДАІФО-631-9-50
631	9	51	Церковні документи / 1750-1918	1875-1938		1	ДАІФО-631-9-51
631	9	52	Церковні документи / 1750-1918	1874-1938		1	ДАІФО-631-9-52
631	9	53	Церковні документи / 1750-1918	1901-1938		1	ДАІФО-631-9-53
631	9	54	Церковні документи / 1750-1918	1903-1934		1	ДАІФО-631-9-54
631	9	55	Церковні документи / 1750-1918	1873-1938		1	ДАІФО-631-9-55
631	9	56	Церковні документи / 1750-1918	1889-1936		1	ДАІФО-631-9-56
631	9	57	Церковні документи / 1918-1939	1873-1938		1	ДАІФО-631-9-57
631	9	58	Церковні документи / 1750-1918	1874-1939		1	ДАІФО-631-9-58
631	9	59	Церковні документи / 1750-1918	1874-1938		1	ДАІФО-631-9-59
631	9	6	Церковні документи / 1750-1918	1909-1938		1	ДАІФО-631-9-6
631	9	60	Церковні документи / 1750-1918	1874-1938		1	ДАІФО-631-9-60
631	9	61	Церковні документи / 1750-1918	1874-1938		1	ДАІФО-631-9-61
631	9	62	Церковні документи / 1750-1918	1874-1938		1	ДАІФО-631-9-62
631	9	63	Церковні документи / 1750-1918	1874-1938		1	ДАІФО-631-9-63
631	9	64	Церковні документи / 1750-1918	1874-1938		1	ДАІФО-631-9-64
631	9	65	Церковні документи / 1750-1918	1874-1938		2	ДАІФО-631-9-65
631	9	66	Церковні документи / 1750-1918	1933-1938		1	ДАІФО-631-9-66
631	9	67	Церковні документи / 1750-1918	1874-1938		1	ДАІФО-631-9-67
631	9	68	Церковні документи / 1750-1918	1874-1938		1	ДАІФО-631-9-68
631	9	69	Церковні документи / 1750-1918	1911-1939		1	ДАІФО-631-9-69
631	9	7	Церковні документи / 1750-1918	1895-1938		1	ДАІФО-631-9-7
631	9	8	Церковні документи / 1918-1939	1880-1938		1	ДАІФО-631-9-8
631	9	9	Церковні документи / 1918-1939	1859-1938		1	ДАІФО-631-9-9
831	1	23	Метрична книга. Церква Непорочнорго Зачаття Пресвятої Богородиці, с. Прислуп Калусь-кого пов.	1873-1913	метрична книга|народження|смерть|шлюб	0	ДАІФО-831-1-23
831	1	241	Метрична книга. Церква Св. Параскевії, с. Великий Ключів Печеніжинського пов.	1872-1910	метрична книга|шлюб	0	ДАІФО-831-1-241
831	1	242	Метрична книга. Церква Св. Параскевії, с. Великий Ключів Печеніжинського пов.	1867-1910	метрична книга|смерть	0	ДАІФО-831-1-242
831	1	244	Метрична книга. Церква Св. Архангела Михаїла, с. Вербіж Вижний Коломийського пов.	1870-1909	метрична книга|шлюб	0	ДАІФО-831-1-244
831	1	249	Метрична книга. Церква Св. Архангела Михаїла, с. Вербіж Вижний Коломийського пов.	1785-1858	метрична книга|шлюб	0	ДАІФО-831-1-249
831	1	251	Метрична книга. Церква Св. Архангела Михаїла, с. Вербіж Вижний Коломийського пов.	1785-1846	метрична книга|смерть	0	ДАІФО-831-1-251
831	1	273	Метрична книга. Церква Успіння Пресвятої Богородиці, с. Княждвір Печеніжинського пов.274Міжархівний довідник	1868-1910	метрична книга|шлюб	0	ДАІФО-831-1-273
831	1	274	Метрична книга. Церква Успіння Пресвятої Богородиці, с. Княждвір Печеніжинського пов.274Міжархівний довідник	1868-1910	метрична книга|смерть	0	ДАІФО-831-1-274
831	1	285	Метрична книга. Церква Різдва Пресвятої Богородиці, с. Малий Ключів Печеніжинського пов.	1869-1910	метрична книга|шлюб	0	ДАІФО-831-1-285
831	1	286	Метрична книга. Церква Різдва Пресвятої Богородиці, с. Малий Ключів Печеніжинського пов.	1869-1910	метрична книга|смерть	0	ДАІФО-831-1-286
831	1	489	Метрична книга. Церква Воздвиження Чесного Хреста, с. Князівське Долинського пов.	1848-1892	метрична книга|смерть	0	ДАІФО-831-1-489
831	1	491	Метрична книга. Церква Чуда Св. Архангела Михаїла, с. Липовиця Долинського пов.	1852-1903	метрична книга|народження|смерть|шлюб	0	ДАІФО-831-1-491
831	1	494	Метрична книга. Церква Зіслання Св. Духа, с. Перегінське Долинського пов.	1901-1917	метрична книга|народження	0	ДАІФО-831-1-494
831	1	495	Метрична книга. Церква Зіслання Св. Духа, с. Перегінське Долинського пов.	1852-1900	метрична книга|смерть|шлюб	0	ДАІФО-831-1-495
831	1	508	Метрична книга. Церква Воздвиження Чесного Хреста, с. Князівське Долинського пов.; Церква Чуда Св. Архангела Михаїла, с. Липовиця Долинського пов.	1865-1876	метрична книга|народження	0	ДАІФО-831-1-508
9	1	10	Метрична книга. Синагога, м. Снятин Снятинського пов.	1937-1937	метрична книга|народження	0	ДАІФО-9-1-10
9	1	103	Метрична книга. Синагога, м. Заболотів Снятинського пов.	1937-1937	метрична книга|шлюб	0	ДАІФО-9-1-103
9	1	104	Метрична книга. Синагога, м. Заболотів Снятинського пов.	1937-1937	метрична книга|смерть	0	ДАІФО-9-1-104
9	1	105				0	ДАІФО-9-1-105
9	1	106				0	ДАІФО-9-1-106
9	1	108				0	ДАІФО-9-1-108
9	1	122				0	ДАІФО-9-1-122
9	1	123				0	ДАІФО-9-1-123
9	1	124				0	ДАІФО-9-1-124
9	1	135		1918-1939		0	ДАІФО-9-1-135
9	1	136		1918-1939		0	ДАІФО-9-1-136
9	1	137		1918-1939		0	ДАІФО-9-1-137
9	1	138		1918-1939		0	ДАІФО-9-1-138
9	1	139		1918-1939		0	ДАІФО-9-1-139
9	1	140		1939-1939		0	ДАІФО-9-1-140
9	1	141		1939-1939		0	ДАІФО-9-1-141
9	1	142		1939-1939		0	ДАІФО-9-1-142
9	1	143		1939-1939		0	ДАІФО-9-1-143
9	1	144				0	ДАІФО-9-1-144
9	1	75				0	ДАІФО-9-1-75
9	1	96				0	ДАІФО-9-1-96
