kind,level,ref,detail
sequence-gap,fund,ЦДІАК,"640 missing in 1..2246: 70,73,79,84,92-93,107,109,111-114,117,171-173,175-177,185-188,213,226-227,271-272,277,288,302-303,305,314,…"
sequence-gap,description,ЦДІАК-51,"1059 missing in 1..1078: 5-10,13-30,40-309,313-1077"
sequence-gap,description,ЦДІАК-492,"8 missing in 2..34: 17,25-26,28-29,31-33"
merge,description,ЦДІАК-486/1ТОМ1,merged variants: 1Т1 + 1ТОМ1
merge,description,ЦДІАК-486/1ТОМ2,merged variants: 1Т2 + 1ТОМ2
merge,description,ЦДІАК-486/1ТОМ3,merged variants: 1Т3 + 1ТОМ3
merge,description,ЦДІАК-486/1ТОМ4,merged variants: 1Т4 + 1ТОМ4
merge,description,ЦДІАК-486/1ТОМ7,merged variants: 1Т7 + 1ТОМ7
merge,description,ЦДІАК-486/1ТОМ8,merged variants: 1Т8 + 1ТОМ8
merge,description,ЦДІАК-486/1ТОМ9,merged variants: 1Т9 + 1ТОМ9
merge,description,ЦДІАК-486/3ТОМ1,merged variants: 3Т1 + 3ТОМ1
merge,description,ЦДІАК-486/3ТОМ2,merged variants: 3Т2 + 3ТОМ2
sequence-gap,description,ЦДІАК-486,"4 missing in 1..14: 2,6,10,12"
sequence-gap,description,ЦДІАК-54,26 missing in 1..35: 5-30
junk-code,description,ЦДІАК-127/704А2СТІЛ,"irregular shape, migrated as ""704А2СТІЛ"""
junk-code,description,ЦДІАК-127/704Б2СТІЛ,"irregular shape, migrated as ""704Б2СТІЛ"""
junk-code,description,ЦДІАК-127/704В2СТІЛ,"irregular shape, migrated as ""704В2СТІЛ"""
junk-code,description,ЦДІАК-127/1018КОМІТЕТ,"irregular shape, migrated as ""1018КОМІТЕТ"""
junk-code,description,ЦДІАК-127/1027РЕЄСТРИ,"irregular shape, migrated as ""1027РЕЄСТРИ"""
sequence-gap,description,ЦДІАК-127,"9534 missing in 1..10713: 59,127,324-325,414,434,466,519,522,631-634,637,640,642-643,645,648,662,670,684,689,694,701,…"
junk-code,description,ЦДІАК-707/53А1СТІЛ,"irregular shape, migrated as ""53А1СТІЛ"""
junk-code,description,ЦДІАК-707/59А1СТІЛ,"irregular shape, migrated as ""59А1СТІЛ"""
junk-code,description,ЦДІАК-707/217А4СТІЛ,"irregular shape, migrated as ""217А4СТІЛ"""
junk-code,description,ЦДІАК-707/218А4СТІЛ,"irregular shape, migrated as ""218А4СТІЛ"""
junk-code,description,ЦДІАК-707/219А4СТІЛ,"irregular shape, migrated as ""219А4СТІЛ"""
junk-code,description,ЦДІАК-707/220А4СТІЛ,"irregular shape, migrated as ""220А4СТІЛ"""
junk-code,description,ЦДІАК-707/299А4СТІЛ,"irregular shape, migrated as ""299А4СТІЛ"""
junk-code,description,ЦДІАК-707/213А4СТІЛ,"irregular shape, migrated as ""213А4СТІЛ"""
sequence-gap,description,ЦДІАК-707,"2743 missing in 1..3114: 2,56,63,76-77,88-141,176,204-206,214-216,222,224,228,230-231,240,242-243,252,254-255,257,264,288-293,295,…"
sequence-gap,description,ЦДІАК-493,"13 missing in 1..107: 83,90-96,98,100-103"
sequence-gap,description,ЦДІАК-317,"3 missing in 1..11: 3,9-10"
sequence-gap,description,ЦДІАК-318,5 missing in 1..12: 6-10
sequence-gap,description,ЦДІАК-442,"219 missing in 1..866: 2-31,40,42,70,94,98,112-120,122-123,125,130,132-133,135,137,139,143,145,154,156,164,166,…"
junk-code,description,ЦДІАК-128/1АЛПХАБЕТ,"irregular shape, migrated as ""1АЛПХАБЕТ"""
junk-code,description,ЦДІАК-128/1ГРАМОТИ,"irregular shape, migrated as ""1ГРАМОТИ"""
junk-code,description,ЦДІАК-419/3КАНЦЕЛЯРІЯ,"irregular shape, migrated as ""3КАНЦЕЛЯРІЯ"""
junk-code,description,ЦДІАК-315/2КАНЦЕЛЯРІЯ,"irregular shape, migrated as ""2КАНЦЕЛЯРІЯ"""
junk-code,description,ЦДІАК-315/4КАНЦЕЛЯРІЯ,"irregular shape, migrated as ""4КАНЦЕЛЯРІЯ"""
sequence-gap,description,ЦДІАК-315,1 missing in 1..5: 3
sequence-gap,description,ЦДІАК-1978,56 missing in 1..59: 2-57
sequence-gap,description,ЦДІАК-380,17 missing in 1..20: 3-19
sequence-gap,description,ЦДІАК-491,"46 missing in 45..96: 46-74,77-92,95"
sequence-gap,description,ЦДІАК-142,1012 missing in 1..1015: 3-1014
skipped,description,ЦДІАК-191/ФИЛЕС,skip-listed code (ФИЛЕС); children skipped too
skipped,description,ЦДІАК-195/ФИЛЕС,skip-listed code (ФИЛЕС); children skipped too
skipped,description,ЦДІАК-193/ФИЛЕС,skip-listed code (ФИЛЕС); children skipped too
skipped,description,ЦДІАК-192/ФИЛЕС,skip-listed code (ФИЛЕС); children skipped too
skipped,description,ЦДІАК-196/ФИЛЕС,skip-listed code (ФИЛЕС); children skipped too
skipped,description,ЦДІАК-194/ФИЛЕС,skip-listed code (ФИЛЕС); children skipped too
sequence-gap,description,ЦДІАК-445,2 missing in 1..5: 2-3
sequence-gap,description,ЦДІАК-485,1 missing in 1..9: 5
sequence-gap,description,ЦДІАК-487,"7 missing in 1..12: 4-7,9-11"
sequence-gap,description,ЦДІАК-696,1 missing in 1..7: 4
sequence-gap,description,ЦДІАК-719,2 missing in 1..5: 3-4
sequence-gap,case,ЦДІАК-663-1,"2 missing in 1..50: 3,9"
sequence-gap,case,ЦДІАК-1267-1,1 missing in 1..50: 14
sequence-gap,case,ЦДІАК-2-1,"160 missing in 1..381: 220-370,372-380"
sequence-gap,case,ЦДІАК-6-2,"8 missing in 1..31: 2-4,6,15,26-28"
sequence-gap,case,ЦДІАК-8-1,1 missing in 1..22: 16
sequence-gap,case,ЦДІАК-11-1,"20 missing in 1..202: 49,94-100,102-103,110-112,114-117,122,153,189"
sequence-gap,case,ЦДІАК-22-1,"437 missing in 1..491: 52-400,402-470,472-490"
sequence-gap,case,ЦДІАК-25-1,1 missing in 1..547: 457
sequence-gap,case,ЦДІАК-33-1,"7 missing in 1..37: 2-5,7,15,19"
sequence-gap,case,ЦДІАК-35-1,1 missing in 1..22: 20
sequence-gap,case,ЦДІАК-37-1,"4 missing in 1..52: 3,6,19,26"
sequence-gap,case,ЦДІАК-38-1,10 missing in 1..53: 43-52
sequence-gap,case,ЦДІАК-39-1,"4 missing in 1..174: 2,4,44,54"
sequence-gap,case,ЦДІАК-46-2,"4 missing in 1..49: 42,45-47"
sequence-gap,case,ЦДІАК-51-3ТОМ12,"9 missing in 19313..19380: 19317-19318,19324-19326,19328-19329,19333,19367"
sequence-gap,case,ЦДІАК-51-4,"5 missing in 1..145: 9-11,17-18"
sequence-gap,case,ЦДІАК-51-3ТОМ1,"11 missing in 1..1333: 14,65,75,84,151,218,358,434,459,793,1121"
sequence-gap,case,ЦДІАК-51-3,"541138 missing in 1..560917: 14,25,38,60,75,80,84,151,164,200,214,218,234,355,358,368,425,432,434,459,…"
sequence-gap,case,ЦДІАК-51-1,"15485 missing in 1..18240: 251,986,1419,1429,2759-18239"
sequence-gap,case,ЦДІАК-51-3ТОМ2,"20 missing in 1334..2704: 1442,1447,1529,1676,1827,1957,1969,1979,2088,2140,2186,2354,2356,2484,2566-2567,2569,2639,2656,2663"
sequence-gap,case,ЦДІАК-51-2,"491 missing in 1..589: 46,84-571,574,588"
sequence-gap,case,ЦДІАК-52-1,"7 missing in 1..188: 61,66,70,73,82,88,91"
sequence-gap,case,ЦДІАК-52-2,"4 missing in 1..159: 57-58,78,155"
sequence-gap,case,ЦДІАК-52-3,"23 missing in 1..642: 150,168,311,314,332,433,436,440-442,475-476,486,495,497-498,501,511,529,568,616,620,627"
sequence-gap,case,ЦДІАК-53-1,1 missing in 1..57: 52
sequence-gap,case,ЦДІАК-53-2,"12 missing in 1..1090: 12,35,38,214,337,339,363,452,535,648,784,956"
sequence-gap,case,ЦДІАК-54-3,"81794 missing in 1..95589: 7-10,19,24,40-41,62,69,105,128,130,151,214-215,228,252,261,394,413,429,459,461-463,535,…"
sequence-gap,case,ЦДІАК-54-1,"1029 missing in 1..4478: 4,63,80,258,281,299,350,423-424,437,501,596,818,846,855,951,1020,1039,1043,1069,1090,…"
sequence-gap,case,ЦДІАК-54-2,"2 missing in 1..545: 83,207"
sequence-gap,case,ЦДІАК-55-2,"21 missing in 4..593: 6,31,61,67,71,86,108,111-112,125,132,149,153,164,166,207,299-300,308,469,483"
sequence-gap,case,ЦДІАК-56-1,"2 missing in 1..500: 275,458"
sequence-gap,case,ЦДІАК-56-3,"1946 missing in 1..3715: 109,421,426,435,519-521,523-527,541-560,584-614,673-681,683,687-726,728-775,788,802-819,827-862,871-872,874,879-895,897-900,903-907,…"
sequence-gap,case,ЦДІАК-57-1,"12 missing in 1..458: 11,38,41,70,88,162,209,292,313,328,346,419"
sequence-gap,case,ЦДІАК-57-2,"3 missing in 1..535: 62,253,527"
sequence-gap,case,ЦДІАК-62-1,1 missing in 1..20: 16
sequence-gap,case,ЦДІАК-64-1,"355 missing in 1..1329: 18,43-66,70-72,74-83,97,133-171,245-260,293-299,320,331-332,334,398-405,443-484,566,568,572,583-594,598-606,650,684-690,…"
sequence-gap,case,ЦДІАК-72-2,1 missing in 1..54: 41
sequence-gap,case,ЦДІАК-75-1,1 missing in 1..45: 4
sequence-gap,case,ЦДІАК-75-2,1 missing in 1..146: 135
sequence-gap,case,ЦДІАК-80-1,1 missing in 1..60: 15
sequence-gap,case,ЦДІАК-80-2,"19 missing in 1..387: 147,264,317,319,321-324,329,348-356,369"
sequence-gap,case,ЦДІАК-83-1,"6 missing in 1..146: 13,32-33,45,79,136"
sequence-gap,case,ЦДІАК-83-3,2 missing in 1..28: 3-4
sequence-gap,case,ЦДІАК-94-1,2 missing in 1..21: 13-14
sequence-gap,case,ЦДІАК-94-2,"2 missing in 1..138: 43,60"
sequence-gap,case,ЦДІАК-96-2,57 missing in 1..133: 76-132
sequence-gap,case,ЦДІАК-98-1,"4 missing in 1..88: 41,45,59-60"
sequence-gap,case,ЦДІАК-98-2,"1868 missing in 1..2219: 344,350-351,354-2218"
sequence-gap,case,ЦДІАК-102-1,"210 missing in 1..256: 43,47-255"
sequence-gap,case,ЦДІАК-102-2,1 missing in 1..107: 100
sequence-gap,case,ЦДІАК-108-1,2 missing in 1..171: 165-166
sequence-gap,case,ЦДІАК-108-2,"37 missing in 1..1907: 163,256,334-335,376,426,433,504,543-548,555,628,651,796,927,1669,1690-1693,1695-1700,1750,1801,1803,1805,…"
sequence-gap,case,ЦДІАК-128-1,"67 missing in 1..4579: 587,613,634,638,640,743,978,1017,1302,1320,1334,1348,1400,1439,1580,1833,2234,2274-2307,2491,2525,…"
sequence-gap,case,ЦДІАК-128-1ГРАМОТИ,"3 missing in 1..81: 8,64-65"
sequence-gap,case,ЦДІАК-128-2,"553 missing in 199..812: 204-205,215-569,574-602,606-636,643-659,661-668,671-703,717-723,727-788,796,800-807"
sequence-gap,case,ЦДІАК-128-3,973 missing in 1..1080: 107-1079
junk-code,case,ЦДІАК-128-4/ВОТ,"irregular shape, migrated as ""ВОТ"""
sequence-gap,case,ЦДІАК-128-4,"128 missing in 1..372: 165,245-371"
sequence-gap,case,ЦДІАК-129-1,"23 missing in 2..41: 3,7-8,12,15,18-21,23,25-32,35-38,40"
sequence-gap,case,ЦДІАК-133-1,"596 missing in 13..702: 14,16-19,21-26,30-33,35-45,47-48,52,55-57,59-65,68,70,72-81,83-84,86-87,90,92-103,105,107-108,110,112,…"
sequence-gap,case,ЦДІАК-141-1,"8 missing in 2..21: 4,10,14-18,20"
sequence-gap,case,ЦДІАК-143-1,"46 missing in 3..76: 4-6,8-10,13-14,18,21-22,25,27-31,34-35,37,40,45,47-48,50-53,55-60,62-72,74"
sequence-gap,case,ЦДІАК-144-1,"67 missing in 3..91: 5-9,11-17,20-22,25-32,34,36-38,40-42,44-51,53-56,59-61,65-68,71-80,82-88,90"
sequence-gap,case,ЦДІАК-145-1,"96 missing in 2..123: 4-5,7-8,12,14,16-20,22-24,27-28,30-49,51-54,57-59,63,65-66,68-69,72-81,84-102,104-122"
sequence-gap,case,ЦДІАК-146-1,"141 missing in 7..174: 8-13,15-16,19-20,22-23,25-33,36-37,39,41-42,44-45,47-49,51-52,54,57-70,75,77-78,80-97,99-129,131-147,149-164,166-173,…"
sequence-gap,case,ЦДІАК-147-1,"43 missing in 15..68: 16-33,35-36,38-48,50-52,55-58,60-61,63,65-66"
sequence-gap,case,ЦДІАК-148-1,"183 missing in 3..195: 4-5,7-64,66-79,82-90,92-122,124-131,133-134,136-194"
sequence-gap,case,ЦДІАК-150-1,"15 missing in 6..31: 11-13,16,18-27,29"
sequence-gap,case,ЦДІАК-151-1,"72 missing in 12..93: 13,15-22,24-28,30-39,41,43-46,48-60,62-79,81-92"
sequence-gap,case,ЦДІАК-152-1,"24 missing in 2..39: 4,11,13-14,16-20,22-28,31-38"
sequence-gap,case,ЦДІАК-154-1,"11 missing in 1..28: 2-3,10,16-20,24-25,27"
sequence-gap,case,ЦДІАК-157-1,"102 missing in 9..133: 10-26,30-34,36-38,40,42-44,46-50,53-57,59-65,68,72-80,83-101,103-104,106-130"
sequence-gap,case,ЦДІАК-158-2,57 missing in 82..149: 85-141
sequence-gap,case,ЦДІАК-159-1,"133 missing in 4..172: 11-13,15,18,23-24,27,29,32,34-36,38-41,43-44,46,49-54,56-77,79-80,82-84,87-91,93-94,96-97,99-136,138-170,…"
sequence-gap,case,ЦДІАК-201-1,1 missing in 1..19: 18
sequence-gap,case,ЦДІАК-202-1,"2 missing in 1..29: 13,16"
sequence-gap,case,ЦДІАК-220-1,"341 missing in 1..690: 49,134,137,156,164,168,170,178,185,228,231,237,289-291,294-296,299,302-312,314-317,321,324-327,329,…"
sequence-gap,case,ЦДІАК-224-1,"4792 missing in 1..6305: 235,594,621,637,1517-6304"
sequence-gap,case,ЦДІАК-229-1,"20 missing in 1..376: 49-52,152,156,212,226,302-303,319,366-374"
sequence-gap,case,ЦДІАК-236-2,"336 missing in 13..380: 14-16,22-28,30-31,33-40,42-45,47-51,53-63,65-66,68-70,72-87,89-97,99-103,105-252,255,257-260,263,267,273-289,291-379"
sequence-gap,case,ЦДІАК-241-1,"48 missing in 5..65: 7-19,21-49,52-55,63-64"
sequence-gap,case,ЦДІАК-293-1,"747 missing in 89..860: 90-230,232,236-309,311-314,316-408,414-473,476,479-566,568,571,573-623,625-724,726-794,796-851,853-859"
sequence-gap,case,ЦДІАК-361-1ТОМ1,"685 missing in 205..905: 206-238,240-529,531-552,554-569,571-680,682,684,687-690,692-706,708-732,734-827,829-832,834-856,858-904"
sequence-gap,case,ЦДІАК-380-2,1 missing in 1..79: 78
sequence-gap,case,ЦДІАК-442-370,"43 missing in 1..244: 10,65,110-111,115,117,126,135,140,142,144,158,162,164,186-188,190-191,193-196,198,200-202,205-206,209-210,…"
sequence-gap,case,ЦДІАК-442-1ТОМ3,1 missing in 3094..4820: 4558
sequence-gap,case,ЦДІАК-442-1ТОМ1,"1099 missing in 26..1518: 27-44,46-86,88-112,114-173,175,177-222,224-291,293-324,326-333,335-380,382-401,403-405,407-454,456-473,475-490,492-503,505-547,549-576,578-584,586-594,…"
sequence-gap,case,ЦДІАК-442-1ТОМ2,"692 missing in 834..3093: 835-1518,1834,2677-2682,3034"
sequence-gap,case,ЦДІАК-442-400,"131 missing in 5..166: 6-10,12,14-16,18-22,24,26-40,42,44-52,54-57,59-60,63-68,70-71,74-81,83-104,106-118,120-128,130,133,135-138,140,…"
sequence-gap,case,ЦДІАК-442-1ТОМ6,"11 missing in 8519..10408: 9282,9288,9424-9429,9639,9725,9775"
sequence-gap,case,ЦДІАК-442-1ТОМ4,"52 missing in 4769..6471: 4770-4820,4869"
sequence-gap,case,ЦДІАК-442-1ТОМ5,"3 missing in 6472..8518: 6816,7939,8437"
sequence-gap,case,ЦДІАК-442-124,"2 missing in 1..15: 11,14"
sequence-gap,case,ЦДІАК-442-1ТОМ7,"9414 missing in 994..12129: 1000-1987,1994-2006,2027-2078,2086-2097,2117-10408,11989-11999,12007-12026,12079-12085,12098-12116"
sequence-gap,case,ЦДІАК-442-840,"60 missing in 1..340: 55,136,139,209,217,224,254,260,271-272,289-338"
sequence-gap,case,ЦДІАК-442-401,"172 missing in 14..216: 16,19-20,22-36,38-64,66-72,74,77-85,87-110,112-119,121-124,126-128,130,132-133,136-139,141-145,147-158,161-164,166-170,172,174-178,…"
sequence-gap,case,ЦДІАК-442-800,"25 missing in 1..329: 28,39,41,45,53,59,91,122,139,145,176,192,247-248,250,261-270"
sequence-gap,case,ЦДІАК-442-841,"25 missing in 1..396: 30,38,48-49,63,67,100,103,109-110,115,118,129,145,155,207,218-219,223,238,262,267,293,…"
sequence-gap,case,ЦДІАК-442-38,"423 missing in 2..885: 24,29,32,48,51,75,83,127,129-130,140,177,201-221,224-227,232,235,237-240,242-243,245-247,249-256,258-259,…"
sequence-gap,case,ЦДІАК-442-58,"171 missing in 55..234: 56-72,75-85,87-120,122-129,131-229,232-233"
sequence-gap,case,ЦДІАК-442-601,"6 missing in 1..89: 13,26,48,64,66,80"
sequence-gap,case,ЦДІАК-442-782,"193 missing in 4..487: 6,8-10,12-14,16,18-20,25-26,28-31,33-35,37-38,41-42,44-51,53-54,56-61,63,65-69,71-77,79-85,87-88,90,94,…"
sequence-gap,case,ЦДІАК-442-603,"284 missing in 1..317: 2,4-116,118-132,137,140-144,147-158,163-187,192,194,197-199,208-312,314-315"
sequence-gap,case,ЦДІАК-442-46,6 missing in 1..518: 193-198
sequence-gap,case,ЦДІАК-442-48,1 missing in 1..332: 265
sequence-gap,case,ЦДІАК-442-52,1 missing in 1..441: 439
sequence-gap,case,ЦДІАК-442-738,"18958978 missing in 1..18961897: 29,1897,2921-18961896"
sequence-gap,case,ЦДІАК-442-181,"19 missing in 1..753: 491-499,590-599"
sequence-gap,case,ЦДІАК-442-826,"3 missing in 1..168: 48,142,166"
merge,case,ЦДІАК-486-1ТОМ1/1164,merged variants: 1164 + 1164
merge,case,ЦДІАК-486-1ТОМ3/5318,merged variants: 5318 + 5318
merge,case,ЦДІАК-486-1ТОМ7/16071,merged variants: 16071 + 16071
merge,case,ЦДІАК-486-1ТОМ8/18638,merged variants: 18638 + 18638
merge,case,ЦДІАК-486-3ТОМ2/349,merged variants: 349 + 349
sequence-gap,case,ЦДІАК-486-8,"16 missing in 1..681: 53,90,133,211,233,259,409-412,461-463,468,497,563"
sequence-gap,case,ЦДІАК-491-96,"553 missing in 6..578: 8-22,24-40,43-68,70-94,96-99,102-122,124-132,134-173,175-200,202-217,219-262,264-349,351-512,515-565,567-577"
sequence-gap,case,ЦДІАК-493-4,"120 missing in 2..175: 3-6,8-9,11,13-17,20,22-23,25-26,28-34,36-39,41-42,44,46-48,50-51,54-56,59-60,63-77,79,81,83-85,87-88,…"
sequence-gap,case,ЦДІАК-696-1,"3 missing in 1..901: 77,318,734"
sequence-gap,case,ЦДІАК-696-2,1 missing in 1..433: 59
sequence-gap,case,ЦДІАК-696-5,"19 missing in 1..1060: 51,63,104,250,291-299,446,470,579,621,935,1003"
sequence-gap,case,ЦДІАК-696-7,"165 missing in 1..4784: 630,863,901,1088,1493,1527,1862,2226,2367-2375,2422-2491,2820-2879,3137,3145,3156,3248,3294,3340,3491,3606,3676,…"
sequence-gap,case,ЦДІАК-697-1,"2 missing in 1..1072: 98,104"
sequence-gap,case,ЦДІАК-697-2,1 missing in 1..453: 345
sequence-gap,case,ЦДІАК-707-311А,"2 missing in 1..26: 13,18"
sequence-gap,case,ЦДІАК-722-3,"2 missing in 1..151: 24,35"
sequence-gap,case,ЦДІАК-736-1,"2 missing in 1..170: 11,159"
sequence-gap,case,ЦДІАК-763-1,"196 missing in 1..747: 46,130-180,199-240,332-343,368-387,429,441,473-476,478-484,486-500,508-514,581-584,586,624-639,697-706,720-722,724"
sequence-gap,case,ЦДІАК-961-1,119 missing in 1..131: 12-130
sequence-gap,case,ЦДІАК-966-1,"7 missing in 1..184: 22,31,38,42,47,71,159"
sequence-gap,case,ЦДІАК-990-2,"15549 missing in 1..15603: 53-15002,15004-15602"
sequence-gap,case,ЦДІАК-990-1,"9416 missing in 1..11202: 1779-1917,1921-1935,1937-1946,1948-1956,1958-11200"
sequence-gap,case,ЦДІАК-1040-1,1 missing in 1..350: 99
sequence-gap,case,ЦДІАК-1044-1,"5 missing in 1..37: 4,10-11,20,29"
sequence-gap,case,ЦДІАК-1045-2,"658 missing in 121..951: 122-194,297-301,303-314,316-686,715-911"
sequence-gap,case,ЦДІАК-1046-1,"12 missing in 3..231: 7,12,15,29-31,33,46,53,55,67,212"
sequence-gap,case,ЦДІАК-1120-1,1 missing in 1..15: 12
sequence-gap,case,ЦДІАК-1132-1,"2 missing in 1..282: 124,182"
sequence-gap,case,ЦДІАК-1191-1,"2 missing in 1..454: 79,252"
sequence-gap,case,ЦДІАК-1191-4,"2 missing in 1..628: 243,477"
sequence-gap,case,ЦДІАК-1325-1,"8 missing in 1..312: 102-106,150,152,256"
sequence-gap,case,ЦДІАК-1325-2,"17 missing in 1..59: 2-3,12-13,22,28,31,34-35,44,47,49-51,54-56"
sequence-gap,case,ЦДІАК-1346-1,"87 missing in 93..189: 94-101,104,106-138,142-149,151-176,178-188"
merge,case,ЦДІАК-1350-1/17Н,merged variants: 17Н + 17н
sequence-gap,case,ЦДІАК-1351-1,"2 missing in 1..163: 3,74"
sequence-gap,case,ЦДІАК-1351-2,1 missing in 1..24: 14
sequence-gap,case,ЦДІАК-1351-3,1 missing in 1..25: 18
sequence-gap,case,ЦДІАК-1370-1,1 missing in 1..14: 7
sequence-gap,case,ЦДІАК-1371-1,1 missing in 1..113: 50
sequence-gap,case,ЦДІАК-1686-1,1 missing in 1..273: 216
sequence-gap,case,ЦДІАК-1698-1,1 missing in 1..580: 460
sequence-gap,case,ЦДІАК-1725-1,1 missing in 1..1049: 1042
sequence-gap,case,ЦДІАК-1758-1,2 missing in 2..18: 16-17
junk-code,case,ЦДІАК-1762-1/Б,"irregular shape, migrated as ""Б"""
sequence-gap,case,ЦДІАК-1762-1,"2 missing in 2..19: 6,12"
sequence-gap,case,ЦДІАК-1780-1,1442 missing in 1..1479: 37-1478
sequence-gap,case,ЦДІАК-1841-1,1 missing in 1..11: 2
sequence-gap,case,ЦДІАК-1889-1,"370 missing in 295..697: 310-447,455-472,483-696"
sequence-gap,case,ЦДІАК-1949-1,"12 missing in 1..1294: 316-317,350,681,725,1109,1216-1218,1247,1283,1290"
sequence-gap,case,ЦДІАК-1957-1,1 missing in 1..537: 126
sequence-gap,case,ЦДІАК-1975-1,1413 missing in 1..1743: 330-1742
sequence-gap,case,ЦДІАК-1977-1,23 missing in 1..109: 86-108
sequence-gap,case,ЦДІАК-1978-1,"3 missing in 1..77: 68-69,76"
sequence-gap,case,ЦДІАК-1980-1,1 missing in 1..52: 48
sequence-gap,case,ЦДІАК-1983-1,1 missing in 1..25: 24
sequence-gap,case,ЦДІАК-1984-1,2 missing in 1..82: 3-4
sequence-gap,case,ЦДІАК-1986-1,"21 missing in 1..43: 21-32,34-42"
sequence-gap,case,ЦДІАК-1988-1,"3 missing in 1..13: 3,6,12"
sequence-gap,case,ЦДІАК-1989-1,"169 missing in 2..852: 42,45,159,176,182,200,244,355,367,378,422,431,441,455,460,483,485,510,651,664,…"
sequence-gap,case,ЦДІАК-1994-1,588 missing in 1..956: 368-955
sequence-gap,case,ЦДІАК-1995-1,1 missing in 1..13: 9
sequence-gap,case,ЦДІАК-1996-1,1 missing in 1..58: 17
sequence-gap,case,ЦДІАК-2004-1,"5771280 missing in 1..5771792: 176,180,183,185,189,196,208,215,218,221,227,244,252,255,264,272,275,281,288,295,…"
sequence-gap,case,ЦДІАК-2005-1,"59 missing in 1..264: 13,36,94,97,106,183,211-263"
sequence-gap,case,ЦДІАК-2008-1,"5 missing in 1..101: 13,15-16,69,92"
sequence-gap,case,ЦДІАК-2009-1,"42057 missing in 1..46821: 204,306,362,370,380,457,481,531,557,559,582,588,597,662,685,729,768,781-782,795-796,826,…"
junk-code,case,ЦДІАК-2011-2/1ПРОДОЛЖ,"irregular shape, migrated as ""1ПРОДОЛЖ"""
sequence-gap,case,ЦДІАК-2012-1,"6 missing in 11..647: 210,305,597,630,632-633"
sequence-gap,case,ЦДІАК-2194-1,1 missing in 1..440: 438
sequence-gap,case,ЦДІАК-2195-1,1 missing in 1..50: 15
sequence-gap,case,ЦДІАК-2226-1,"2462 missing in 1..12173: 548,836,954-963,1431,1531,1535,1630,1795,1813,1856,1936,1951,2094,2505,2579,2721,2946,3050,3138,3165,…"
sequence-gap,case,ЦДІАК-2226-2,"3 missing in 1..157: 84-85,100"
sequence-gap,case,ЦДІАК-1235-1,"2 missing in 1..1479: 407,629"
sequence-gap,case,ЦДІАК-2007-1,"36 missing in 1..3283: 94,567,580,690,845,1024,1032,1074,1085,1211,1271,1278,1449,1626,1657,1992,2011,2089,2397,2564,…"
sequence-gap,case,ЦДІАК-49-1,"2721 missing in 127..2863: 128-180,182-198,200-702,704-1794,1796-1804,1806-1979,1981-2051,2053-2087,2089-2122,2124-2245,2247-2492,2494-2495,2497-2654,2656-2824,2826-2862"
sequence-gap,case,ЦДІАК-1-1,1 missing in 1..15: 3
sequence-gap,case,ЦДІАК-127-1020,"71 missing in 1..8412: 23,75,136,227,272,310,911,931,1168,1202,1235,1909,2515,2528,2724,3393,3434,3439,3549,3786-3798,…"
sequence-gap,case,ЦДІАК-127-1046,"13 missing in 1..48: 6,8,11-12,14,27,31,36,38-39,42,44,46"
sequence-gap,case,ЦДІАК-127-530,"20 missing in 1..100: 3,7,23,29,31,35,39,41,52,62,67,72,74,77-78,82,86-87,94,97"
sequence-gap,case,ЦДІАК-127-1012,"44176948 missing in 1..44181873: 4923-38661867,38661869-43824382,43824384-44181872"
sequence-gap,case,ЦДІАК-127-1079,"459836 missing in 1..461127: 15,127,130,342,766,867,1216-1300,1314,1326,1337,1340,1342-1373,1375,1378-1381,1386-1392,1394-1400,1437-461126"
sequence-gap,case,ЦДІАК-127-1014,"3 missing in 1..319: 11,38,63"
sequence-gap,case,ЦДІАК-127-1080,1498 missing in 1..2011: 513-2010
sequence-gap,case,ЦДІАК-127-31,"48 missing in 2..139: 3-4,8,11,14-16,19-20,22-23,28-29,34,37-38,42-43,45-46,48-50,53-54,56,58,61-63,73,76-77,82,85,…"
sequence-gap,case,ЦДІАК-127-4,"15 missing in 2..85: 8,20,23,27,47-49,51,58,63,70-71,73,78,84"
sequence-gap,case,ЦДІАК-127-1,2 missing in 1..62: 9-10
sequence-gap,case,ЦДІАК-127-2,"30 missing in 1..140: 4,14,17,28-29,32,34,36-37,41,43-44,52,54,61,79,90,94,102-103,112-113,118,123-124,130,…"
sequence-gap,case,ЦДІАК-127-1015,"3030486 missing in 1..3031820: 145,149,163,256,351,561,1130,1335,1337-1389,1391-3300,3302-3311,3313-3322,3324-4286,4288-3031819"
sequence-gap,case,ЦДІАК-127-8,"8 missing in 1..57: 6,17,34,40,42-43,51,55"
sequence-gap,case,ЦДІАК-127-9,"11 missing in 1..60: 11,13,24,27,33,44,49,53,55-56,59"
sequence-gap,case,ЦДІАК-127-5,"26 missing in 1..167: 8-9,11,13-16,18,55,77,86,110-111,117,136,138,141,143,145-147,150,154,159,161,165"
sequence-gap,case,ЦДІАК-127-6,"19 missing in 1..60: 6,11,18,21,24,26-28,34,36-37,40-41,43,51,54-55,57,59"
sequence-gap,case,ЦДІАК-127-7,"16 missing in 1..80: 7,11,14,21,24,35,37,48,56,59,61,63-64,68,74,79"
sequence-gap,case,ЦДІАК-127-10,"18 missing in 2..86: 12,14,16,18,21-22,27,31,42,44,59-63,73,79,82"
sequence-gap,case,ЦДІАК-127-11,"9 missing in 1..78: 6,15,18,23,25,39,44,46,76"
sequence-gap,case,ЦДІАК-127-12,"17 missing in 2..72: 3,9-10,22,27,31,34,41,45,51-52,56,58-59,62,64,67"
sequence-gap,case,ЦДІАК-127-13,"24 missing in 2..103: 9,11,16,30,32,36-37,42,44,47,49,53,56,59,61,65,69,72,76,85,87-88,…"
sequence-gap,case,ЦДІАК-127-14,"10 missing in 1..59: 3,13,15,24,28,30,32,34,39,47"
sequence-gap,case,ЦДІАК-127-15,"18 missing in 2..74: 7,19,26,32,38,43,49,51,53-56,58,60,62,67,70-71"
sequence-gap,case,ЦДІАК-127-16,"55 missing in 2..110: 8,18-19,23,38-40,50,55,64-109"
sequence-gap,case,ЦДІАК-127-17,"12 missing in 1..69: 5,8,10,25,27,29-30,34,46,55,58,61"
sequence-gap,case,ЦДІАК-127-20,"28 missing in 1..104: 2,4,6,13,16,18-19,23-24,26-28,32,35,45,47,49,54-55,61,63,68,72,75,77,…"
sequence-gap,case,ЦДІАК-127-21,"32 missing in 3..78: 8,12,15,27,29,31-32,36,42-53,56-59,61-62,65,67,70,73-74,77"
sequence-gap,case,ЦДІАК-127-22,"24 missing in 2..88: 6,9,12,14,19-20,22,27,32,50,53-54,57,59,61-62,64,71,73-74,79,81-82,87"
sequence-gap,case,ЦДІАК-127-26,"13 missing in 1..91: 3,7-10,24,29,31,41,63,73,88,90"
sequence-gap,case,ЦДІАК-127-18,"15 missing in 1..78: 3,18,20-21,35,38,40-41,43,51,55,65,67,73,75"
sequence-gap,case,ЦДІАК-127-19,"43 missing in 2..78: 4-5,8-9,11,13-15,17-19,22-23,25,28-29,31,33-35,37-41,43-47,50-51,54,58-60,63,66,69,73-76"
sequence-gap,case,ЦДІАК-127-27,"35 missing in 1..126: 5,8,16,18,23,26,28,37,42,49,56,61,63-64,72,75,80-83,85-89,91,93,110-111,…"
sequence-gap,case,ЦДІАК-127-28,"31 missing in 1..128: 6,9,11,14,23,29,32,34-37,39,47-48,54,56,59,63,71,73,75,77,81,97,…"
sequence-gap,case,ЦДІАК-127-29,"19 missing in 1..110: 2,28,30,33,43-44,51-52,55,64,66,72,78-79,81,88,93,104-105"
sequence-gap,case,ЦДІАК-127-30,"38 missing in 2..165: 3,13,16-17,28-29,33,35,39,47,49,52,59,61,70,72,76,80-81,85-86,90,100,104-105,…"
sequence-gap,case,ЦДІАК-127-103,"17 missing in 1..75: 2,7,9,11,19-20,27,31,33,35,37,48,53,55-56,68,74"
sequence-gap,case,ЦДІАК-127-23,"29 missing in 1..94: 12,18,34,37,39,42,44-48,50,53-68,88"
sequence-gap,case,ЦДІАК-127-24,"23 missing in 1..121: 6,17,20-21,27,34,40,43,47,51,83,85,88-89,92,94,100,105-106,110,114,116,118,…"
sequence-gap,case,ЦДІАК-127-25,"16 missing in 1..69: 5,11-12,14,17,27,42,45,47-49,54,56,59-60,62"
sequence-gap,case,ЦДІАК-127-687,"744 missing in 751..1625: 752-1117,1119-1124,1126-1131,1133,1135,1140-1149,1151,1153-1154,1156-1157,1161-1165,1167,1170,1175-1180,1182,1185-1187,1191-1194,1196-1197,1199-1201,1203,1206-1212,…"
sequence-gap,case,ЦДІАК-127-695,"3911 missing in 152..4303: 153-351,353-586,588-830,832-1261,1263-1479,1481-1603,1605-1607,1609-1615,1617-1644,1646-1650,1652-1653,1658-1662,1664-1670,1672-1676,1678-1681,1683-1701,1703-1706,1709-1722,1724-1727,1729-1742,…"
sequence-gap,case,ЦДІАК-127-696,"5154 missing in 84..5383: 85-101,103-178,181-302,304-333,335-800,802-874,876-885,887-892,894-1030,1032-1033,1035-1286,1288-1453,1455-1511,1513-1526,1528-1540,1542-1669,1671-1859,1861-1948,1950-2073,2075-2108,…"
sequence-gap,case,ЦДІАК-127-750,"582 missing in 4..734: 5-9,11,13-17,20-22,26-35,37-38,40,42-47,49,51-55,58-66,69,72-75,77-78,80-87,89-103,105-108,110,112-129,132-138,…"
sequence-gap,case,ЦДІАК-127-697,"3236 missing in 8..3435: 9-19,21-26,28-43,48-49,52-53,55-61,63-91,93-97,99-104,107-109,111,113-129,133-134,136-140,143-144,146,148,150-157,159-175,179-185,…"
sequence-gap,case,ЦДІАК-127-698,"1636 missing in 7..1837: 11-15,18-19,21-29,32,37-40,42-43,48-54,58,61-62,64-65,67-78,81-83,88,90,95,97-102,105,109-112,120-121,125-130,…"
sequence-gap,case,ЦДІАК-127-764,"798 missing in 158..1233: 159-223,225-226,230-232,234,238,240-242,245-247,249,251,253-264,269-271,273-274,276,278-287,289,291-292,297,299-300,302,304,…"
sequence-gap,case,ЦДІАК-127-759,"238 missing in 3..718: 6,14,34,36,39,43,46-48,56,58,60,80,85,92,96,98,106-107,113-114,117-118,121-122,126-132,…"
sequence-gap,case,ЦДІАК-127-699,"8840832 missing in 1..8841894: 483,618,1062-2831866,2831869-8841893"
sequence-gap,case,ЦДІАК-127-693,"3685 missing in 92..3996: 93-118,120-162,164-499,501-518,520-526,529-531,533-536,538-548,550-563,565-572,574-591,593,595-598,601-625,627-635,637-656,659-686,688-692,694-731,733-891,…"
sequence-gap,case,ЦДІАК-127-768,"8369332 missing in 1..8371880: 14,110,114,158,233-234,237,258,489,497,504,538,547,707,749,751,753,760,765,770,772,…"
sequence-gap,case,ЦДІАК-127-704,"966 missing in 3..1310: 4,10,12,28,44,48,50-52,55,59,66,68,72,74,79-81,84-87,89,91-92,96,98-102,104-106,…"
sequence-gap,case,ЦДІАК-127-705,"952 missing in 11..1649: 13,15-18,20,22,25-26,30,33,35-36,40-41,43,45,48,52,61,63-64,69-70,75-77,81-82,86-87,90,…"
sequence-gap,case,ЦДІАК-127-538,"42 missing in 1..134: 3,5-6,9,12-13,15-16,18,21,27-28,37,40-41,45,50,60,63-64,66-67,71,74-75,78-81,84,89,…"
sequence-gap,case,ЦДІАК-127-707,"758 missing in 3..1257: 6-8,11-15,20-21,24-31,33,35-38,43-44,54,56,59-61,68,70-72,75-76,78-81,85-89,91,93,95-96,98,100-101,…"
sequence-gap,case,ЦДІАК-127-713,"954 missing in 3..1229: 5-8,12-14,16,18,20-22,24-26,28,31-43,45,47-53,55-59,61-65,67,69-71,73,78-84,86-87,89-95,97-108,110-111,…"
sequence-gap,case,ЦДІАК-127-717,"1180 missing in 27..1390: 28-32,34-38,40-47,49-93,95-111,113,115-119,121-137,139-141,144-148,150-153,155-166,168-172,174-175,177-186,188-192,194-197,199-203,206-208,212-214,…"
sequence-gap,case,ЦДІАК-127-795,"821706 missing in 1..821919: 4-7,13-15,17,23,26-29,32-33,35,38,40,43,45,49,53-54,56,58,64-65,67,76,78,84-86,…"
sequence-gap,case,ЦДІАК-127-537,"72 missing in 14..102: 15-20,23-24,26-27,29-40,42,44-62,64-65,70,74-100"
sequence-gap,case,ЦДІАК-127-540,"79 missing in 1..177: 5-6,10,12-15,18,21,24-25,29-31,33,47,50-51,57-60,65,69,73,75-78,80,84-85,87,92,96,…"
sequence-gap,case,ЦДІАК-127-817,"106 missing in 3..314: 5-6,10,12,14,19,26,28-29,32-33,36-38,40,43,46-50,52-53,58,62,64,68,73,78-79,83-84,…"
sequence-gap,case,ЦДІАК-127-539,"69 missing in 4..155: 10,13,16,22-26,30,32,34,37,40-43,47,52,55-56,59-60,63,65,70,74-80,84-86,91,93,…"
sequence-gap,case,ЦДІАК-127-848,"336 missing in 3..589: 5-6,10-15,17,19-20,22-25,27,29-31,34-37,40,42-43,49-51,54,56-60,64-65,67-68,74-75,77-81,83-85,88-91,93,…"
sequence-gap,case,ЦДІАК-127-711,"923 missing in 2..1320: 3,8,10-12,14-16,21,25-31,34-46,48,50,52-54,56-58,60-61,63-66,68-70,72,74-85,89-97,99,101,103-104,…"
sequence-gap,case,ЦДІАК-127-719,"462 missing in 18..612: 19-41,44-68,70-71,73-77,79-81,83-136,138-147,149-152,155-158,163-177,179-182,184,188,190,192-215,218,220-221,223,225-229,231-238,…"
sequence-gap,case,ЦДІАК-127-508,"46 missing in 16..102: 17-30,32-51,65,71-73,76,79-80,83,85,87,93,101"
sequence-gap,case,ЦДІАК-127-844,"293 missing in 1..519: 2,4,6-9,12-14,16,20,22,27,29-30,33,35-38,41,44,50-51,54,57,60-63,65,67,69,…"
sequence-gap,case,ЦДІАК-127-1078,"582 missing in 1..3696: 665,1810,2771,2802,2818,3119-3695"
sequence-gap,case,ЦДІАК-127-510,"44 missing in 1..137: 5-8,11,16,21,31,36,47,49-50,53,57,59,68,71-72,74-75,77-79,83-84,87-88,95-97,101-102,104-108,…"
sequence-gap,case,ЦДІАК-127-847,"354 missing in 2..602: 3-5,7-8,10-12,14-19,23-27,30,32,35-45,48-49,53-60,63-69,71-73,75-78,81-84,86,88-90,94-96,98,101,105,…"
sequence-gap,case,ЦДІАК-127-212,"100 missing in 5..248: 7-8,11-12,14,16-17,19-20,25-32,36,45-46,48-49,53,55,57,61,65,68,71-73,75,77,80,83-85,…"
sequence-gap,case,ЦДІАК-127-217,"94 missing in 2..197: 3,5-6,9,11,14,16-17,21,25-26,34-35,37-40,46,49,51,54-56,59,61-62,64,68-70,73,75-76,…"
sequence-gap,case,ЦДІАК-127-219,"117 missing in 4..213: 6,8,10-11,13-14,18-20,22-24,27-29,32,34,37-39,44,46-47,52,54-55,57,59-62,64,66-67,69,72-73,…"
sequence-gap,case,ЦДІАК-127-674,"255 missing in 6..317: 7-36,38-40,42-44,47-50,54,56-58,61,63-66,70-76,78-86,90-91,93-95,98-110,112-115,117-159,161-162,164,166,168-171,173-175,…"
sequence-gap,case,ЦДІАК-127-685,"14201484 missing in 9..14201884: 10,12,14,16-20,23-26,28-32,35,37-50,55,57-59,61-67,69-72,74-79,81-86,88-92,94-105,107-109,111,113-131,133,…"
sequence-gap,case,ЦДІАК-127-216,"118 missing in 3..245: 5,9-10,14-16,18-20,24,28,34,36-39,41,45-47,57,59,62-63,75-79,85,89-90,92,94-96,101,104-108,…"
sequence-gap,case,ЦДІАК-127-865,"151 missing in 26..399: 27,36-39,44,46,50,53,58,60,63,68,71,77,83,86-87,97-98,101-102,107-109,112-113,117,119-121,…"
sequence-gap,case,ЦДІАК-127-509,"23 missing in 2..109: 4,6,12,14,18,21,27,32,42,50,59-60,62-63,65,78-79,82,84,93-94,100,104"
sequence-gap,case,ЦДІАК-127-218,"127 missing in 3..265: 5-6,8-12,14,18-19,21-22,30-32,34-36,41-42,44-50,58,65,69-75,79-84,87-88,91,95,99,101-102,106-108,111-113,…"
sequence-gap,case,ЦДІАК-127-748,"665 missing in 4..813: 5-7,9-12,16-19,22-25,29-34,36,38-39,41,43-44,46,48-52,54-56,58,60-61,63-66,68-71,73-84,86-92,94,96-99,…"
sequence-gap,case,ЦДІАК-127-761,"1172 missing in 5..1482: 8,10-13,15-37,39-50,52,54,56-57,60-63,66,70-72,74-76,86-89,92,95-97,99-104,110,114-115,117-121,125-126,128,…"
sequence-gap,case,ЦДІАК-127-668,"1121 missing in 10..1184: 12,14-43,45-68,70-136,138-188,190-193,195-345,347-385,387-424,426-438,440-456,458-498,500-502,505-508,510-538,540,542-559,562-581,584-660,662-665,…"
sequence-gap,case,ЦДІАК-127-758,"871 missing in 3..1434: 4-7,10-11,14-16,20-21,24-25,27-29,31-35,37-40,42,45-46,48-50,52-53,55,60,63-67,70-72,74,78,83,85,…"
sequence-gap,case,ЦДІАК-127-765,"6779992 missing in 1..6781876: 25,34,44-45,47,49,75,120,122,134,164,174-175,206,304,328,345,365,470,493,564,626,…"
sequence-gap,case,ЦДІАК-127-548,"37 missing in 1..87: 3-8,12-13,17,24-25,29,33,37,42-45,53,56-57,59-61,66,68-69,71-75,77-80,83"
sequence-gap,case,ЦДІАК-127-718,"1649 missing in 4..1745: 5-6,9,12-15,17-21,23-49,51-53,55-70,72-76,78-85,87-95,97-104,107-109,112,114-115,117,119-120,122-131,133-134,136-137,139-143,…"
sequence-gap,case,ЦДІАК-127-721,"979 missing in 1..1031: 2-4,6,8-9,11-14,16-17,19-28,30,32-35,37-66,68-108,110-112,114-138,140-152,154-159,161-176,178,180-183,185-188,190-216,218-222,…"
sequence-gap,case,ЦДІАК-127-1024,"2861 missing in 804..5529: 805-1223,1225-1226,1228,1230-1231,1233-1234,1238-1240,1245,1249-1251,1253,1257,1263-1350,1359-1562,1565-1567,1569,1571-1572,1574,1576-1577,1579-1581,1583-1644,1646-1754,…"
sequence-gap,case,ЦДІАК-127-550,"29 missing in 1..119: 2-3,9,18,21,32,34,42,44,52,54,57,59,61,63,66,73,78-82,87-88,104,107,…"
sequence-gap,case,ЦДІАК-127-720,"1195 missing in 2..1290: 4,8-12,14,16-19,21,23-25,27-35,37-41,43,46-52,54,58-62,64-69,71-75,77-78,80-90,92-96,98-103,105-108,110,…"
sequence-gap,case,ЦДІАК-127-732,"521 missing in 3..654: 4,8-19,21-23,25,29,31-42,44-47,49-56,58-60,62-64,66-68,70-73,76-77,79-93,95-96,98-99,103-106,108-124,127-131,133-134,…"
sequence-gap,case,ЦДІАК-127-729,"646 missing in 16..748: 17-27,29-40,43-45,50-51,53-59,62-77,79-82,85-100,102-104,106,108-121,123-124,126-128,130,132-146,148,150-153,155-158,160-170,172,…"
sequence-gap,case,ЦДІАК-127-736,"276 missing in 9..392: 11-18,20-23,25,28,30-34,36-37,39-43,47-48,50-52,54-56,58-59,61-62,64,67-70,72-74,77-80,82,84-100,102,104,…"
sequence-gap,case,ЦДІАК-127-752,"564 missing in 3..788: 4-5,9-13,15,17,19,21-22,24-25,27-37,39,41-42,44,46-47,49-54,56-64,66,70-72,74-75,78-80,82-83,86-91,…"
sequence-gap,case,ЦДІАК-127-756,"562 missing in 57..1044: 58,60-67,69-73,75-80,82-96,98,105-109,114-126,128-132,136,139,142-143,149,151,154-156,159,163,165,175,177,…"
sequence-gap,case,ЦДІАК-127-724,"793 missing in 1..842: 2-4,6-11,13-14,16-83,85-89,91-106,108-156,158-160,162-181,183-184,186-189,191,193-213,215-293,295-412,414-496,498-563,565-588,590-610,612-633,…"
sequence-gap,case,ЦДІАК-127-730,"871 missing in 22..1027: 23-67,69,72-77,79,81-93,95-120,122-123,125-129,131-140,142-148,150-170,172-179,181,184-185,187-191,193-212,214-226,228-229,231-236,238-241,…"
sequence-gap,case,ЦДІАК-127-531,"49 missing in 3..128: 4,6,8,11-14,21-23,29,32-38,40,42,49,54-55,59,69,71-77,82,84-86,92,96-100,102,104-105,…"
sequence-gap,case,ЦДІАК-127-499,"36 missing in 3..122: 5-6,11,14,17,19,26,28-29,32,35,43,45-46,48,65,69-72,75,77,79,85-87,92-95,97,…"
sequence-gap,case,ЦДІАК-127-542,"59 missing in 2..133: 6,10-11,14-20,25-32,35-37,39-42,44,46-56,58,60-61,63,68,72,76-77,84,88-90,96-97,101,112,117-118,…"
sequence-gap,case,ЦДІАК-127-554,"45 missing in 1..103: 11,14,16,19,28-29,32-33,35,37,41,43-45,48-49,52-53,55-58,60-61,63,67,69-72,76,79,81-83,…"
sequence-gap,case,ЦДІАК-127-733,"425 missing in 2..509: 3-5,7-10,14-15,18,20,25,28-32,34,36-37,40,42,44-45,47-48,50,52,54-57,59-64,66,68,70-72,…"
sequence-gap,case,ЦДІАК-127-943,"456 missing in 6..790: 7,13,15,17,19,22,41,44,47,49,52,58-59,67,74,79,83,88,93,98,102-105,…"
sequence-gap,case,ЦДІАК-127-546,"17 missing in 1..61: 3,5,20,24,28-31,37-38,42-43,47-48,55-56,58"
sequence-gap,case,ЦДІАК-127-547,"13 missing in 2..52: 6-8,13,33,35-36,40,45-48,50"
sequence-gap,case,ЦДІАК-127-950,"55 missing in 1..300: 3,8-9,16,40,75,118,151-180,182-193,195-200"
sequence-gap,case,ЦДІАК-127-952,"2 missing in 1..209: 5,149"
sequence-gap,case,ЦДІАК-127-944,"25 missing in 21..129: 23-26,32,40,44,51,57,69,73,76,78,91-92,99-100,102,119,123-128"
sequence-gap,case,ЦДІАК-127-951,"114 missing in 1..267: 4,11,47,54-55,70,81-84,86-89,94-170,172-173,177-178,181-190,192-193,195,197,199,201,203,235,253"
sequence-gap,case,ЦДІАК-127-954,"10 missing in 1..610: 92,286,294,328,339,354-355,368,472,558"
sequence-gap,case,ЦДІАК-127-946,"14 missing in 1..191: 17,56,95,101,105,118,147,166,169,172,182,184,186,189"
sequence-gap,case,ЦДІАК-127-947,"19 missing in 59..208: 78,86,90,100-101,104-105,120,127,149-150,154,177-178,181,184,189,196,203"
sequence-gap,case,ЦДІАК-127-949,"79 missing in 1..233: 2-3,11,14,16-18,22,28,30,33-34,36,41,43,100,134-159,161-196,210"
sequence-gap,case,ЦДІАК-127-979,"21 missing in 1..79: 8,26,46-62,68,76"
sequence-gap,case,ЦДІАК-127-953,"2 missing in 1..209: 198,207"
sequence-gap,case,ЦДІАК-127-702,"763 missing in 8..1375: 9-11,13-20,23-24,27-30,33-36,40,42-43,48-53,63,65,67,71-73,75-76,82-84,87,89-90,94,98-99,104,107,…"
sequence-gap,case,ЦДІАК-127-942,"23 missing in 2..154: 3-6,9,13-18,22-25,39,50,58,75,79,96,101,150"
sequence-gap,case,ЦДІАК-127-948,"30 missing in 95..207: 96,101,104,109-110,116,119,142,154,158,161,164-166,171-172,174,176,178,185,187-190,193,199,203-206,…"
sequence-gap,case,ЦДІАК-127-860,"259 missing in 2..540: 3,5-8,11-13,19,21,24,30,35,38-39,47,51-54,56-57,59,61,64-66,71-72,76-79,81,84-85,87-91,…"
sequence-gap,case,ЦДІАК-127-798,"6101174 missing in 1..6101908: 143,734-6091907,6091909-6101907"
sequence-gap,case,ЦДІАК-127-799,"131 missing in 2..458: 4,7,10,27-28,30-31,70,82,89,102-104,117-118,130,136,140-141,146,152-155,158-162,164,167-170,172-173,175-180,…"
sequence-gap,case,ЦДІАК-127-800,"609 missing in 2..750: 3-17,19,21-25,27-43,45-79,82,88-100,102-103,105,107-122,124,126-132,134-138,140-141,144-147,149-161,163-171,173-174,176-184,186-198,…"
sequence-gap,case,ЦДІАК-127-820,"267 missing in 51..469: 52-76,78-95,97-99,107,110-112,115-116,119-120,122,127-128,130,132-134,137-144,147-153,155-156,158-165,167-168,171-172,174-175,177-181,183-184,…"
sequence-gap,case,ЦДІАК-127-821,"108 missing in 1..300: 2,4-5,7,13,15,21,25,27,31,33-37,39-41,43,45,48,51,54-56,60-61,67-68,70,77,…"
sequence-gap,case,ЦДІАК-127-822,"86 missing in 1..297: 3,5-6,10,13-14,23,25,29,32,36,38,41,44,46,54-55,59,61-62,65,76,79,83-84,…"
sequence-gap,case,ЦДІАК-127-806,"527 missing in 1..627: 4-5,7-10,12-20,22-48,50-55,57-77,79-85,87-93,95-104,106-119,121,123-143,145-147,150-152,154-155,157-162,164-176,178,180-188,192-194,…"
sequence-gap,case,ЦДІАК-127-819,"123 missing in 2..330: 4-5,8,13,17,23-24,26,30-35,38,44,50-51,59,65,67-72,75,78,80,82,92-93,95-98,100-101,…"
sequence-gap,case,ЦДІАК-127-825,"185 missing in 1..367: 14,16,19,22-26,32-33,37-39,45,50-51,67,69,72,75-76,79,84,88,90-100,102-190,192-193,196-199,203-204,…"
sequence-gap,case,ЦДІАК-127-828,"89 missing in 2..313: 3,9-13,20,25-27,29,39-42,47,56,59,62,64-66,71-72,77,81,87,89,92,94-95,97,100-101,…"
sequence-gap,case,ЦДІАК-127-829,"163 missing in 1..306: 10,14-17,21-23,25-26,28-30,32-33,35-36,38,51,54,56,60,66-67,70,76-77,79,90,96-97,101,103-105,…"
sequence-gap,case,ЦДІАК-127-843,"325 missing in 3..564: 4,7,9,15,17,19,23,25-26,28,32,35,38-39,42-43,47-49,61,63-66,71-75,77-79,81-83,85,…"
sequence-gap,case,ЦДІАК-127-805,"231 missing in 1..338: 2-7,12-13,16,19,21,23-24,27,30,32-34,37,41,47-49,51-54,56-57,59-67,71-75,77-81,84-86,88,90-93,…"
sequence-gap,case,ЦДІАК-127-814,"167 missing in 1..345: 2-3,6,8,10,13,18,20,22-23,27,30-32,34,37,39,41-42,44,48-50,53-54,57,60,62,…"
sequence-gap,case,ЦДІАК-127-862,"216 missing in 3..487: 8,14,16,18-21,23,25,28,35,40,43,48,50,52-53,55,57-61,64-67,69,74-75,77-78,82,…"
sequence-gap,case,ЦДІАК-127-863,"270 missing in 1..541: 3,6-8,11,13-19,22-26,28,30,33,37,43-45,50-51,55,60,69,81,84,88,90,95,100-101,…"
sequence-gap,case,ЦДІАК-127-876,"9 missing in 3..1263: 249,370,558,747,811,818,862,882,1172"
sequence-gap,case,ЦДІАК-127-887,"228 missing in 1..518: 15,17,21,31,34-35,48,63-66,74,76,81-83,85-86,96-98,100,102,106,108-109,111-112,114,117,119,…"
sequence-gap,case,ЦДІАК-127-888,"67 missing in 3..469: 6,9,20,51,63,65-67,80,84,96,102,105,108,125,166,169,174,201,205,227,236,…"
sequence-gap,case,ЦДІАК-127-846,"317 missing in 52..637: 53,56,58-59,63-64,66-67,69,72-73,76-82,84-85,88-90,97,100-102,104-105,108,111,115-121,123,125,127,129-133,…"
sequence-gap,case,ЦДІАК-127-867,"334 missing in 1..725: 7-11,15-16,22-25,27,31,33,36-37,44-48,54,62,66-69,71-74,76,80,85,92-93,95,100,102-103,115-118,…"
sequence-gap,case,ЦДІАК-127-875,"10179239 missing in 1..10181870: 40,890-899,1301,1561,1904-1913,2486-2508,2674,2676-7698,7700-10171869,10171871-10181869"
sequence-gap,case,ЦДІАК-127-866,"314 missing in 1..546: 4-5,9,11-13,16-18,20,22-23,26-27,30-32,34-40,43-44,46,52-54,56-57,61,63-64,66-68,73,75-81,84,86,…"
sequence-gap,case,ЦДІАК-127-823,"105 missing in 3..309: 4-7,9,11-12,17,19-21,23-24,26-28,32,38-39,41-43,47,54,56-57,60-62,69-70,75,80-81,91,96-97,101,…"
sequence-gap,case,ЦДІАК-127-41,"31 missing in 1..122: 4,9,11,15,17,20,23-24,26,28,37,43-45,47-48,53,67-69,78,83,90,97-98,101,106,…"
sequence-gap,case,ЦДІАК-127-64,"21 missing in 2..77: 5,10-11,21,30,42,51,53,56,59,62,64-68,70-73,76"
sequence-gap,case,ЦДІАК-127-40,"1778 missing in 12..1883: 13-46,50,53-54,57-59,63,68-69,73,75,81-84,87,89-90,105,107-108,110,112,114,116-117,126,130,133-135,…"
sequence-gap,case,ЦДІАК-127-53,"15 missing in 3..69: 5,8,12,18,22,28,38,49,51,53,56,61,66-68"
sequence-gap,case,ЦДІАК-127-66,"16 missing in 1..73: 5,27,29-30,32,37,42-44,46-47,50,59,63,67,72"
sequence-gap,case,ЦДІАК-127-93,"28 missing in 1..78: 4,8,13-14,16,25-26,29,31-33,38,40-41,59,63,65-66,68-77"
sequence-gap,case,ЦДІАК-127-47,"31 missing in 2..83: 3-5,13,16,18-19,22,25,28,33-35,39-40,42,45,47-48,50,52,59,64,69,71-75,78,82,…"
sequence-gap,case,ЦДІАК-127-152,"3 missing in 5..36: 7,24,29"
sequence-gap,case,ЦДІАК-127-224,"170 missing in 2..272: 3-7,9,11-12,14-19,21-22,24-25,27-28,30-34,38-41,43,45-46,48-52,54-55,57,60-64,66,68,72,77-81,84-88,…"
sequence-gap,case,ЦДІАК-127-138,"41 missing in 1..151: 3,5,9,16,19,24-25,27,30,35,40,48,50,64,66-67,71,73,78-79,83,87,89,…"
sequence-gap,case,ЦДІАК-127-118,"29 missing in 2..111: 3,16,19,21,25,27,29,40,50-51,56,59,66,69-70,72,74-75,77-78,80,84,90,98-99,…"
sequence-gap,case,ЦДІАК-127-50,"35 missing in 4..68: 6-7,9,11,15,18-19,21-22,24-29,32,35-36,40-42,44,46-48,53-56,58,60-62,65-66"
sequence-gap,case,ЦДІАК-127-144,"40 missing in 2..155: 3,7-8,25,32,39,46,48,52,56,61,66,69,71-72,75-76,80,83-84,93-97,99,105-107,111,…"
sequence-gap,case,ЦДІАК-127-1011,"262 missing in 1..4114: 12-13,54,113,141,143,148,197,243,312-313,343-344,380,424-427,431,434,441,465-468,470,472-475,478-481,522-526,…"
sequence-gap,case,ЦДІАК-127-49,"21 missing in 2..73: 7-8,12,19,21,24,28,34,37,46,48,52,54,56-57,60-61,64,69,71-72"
sequence-gap,case,ЦДІАК-127-226,"285 missing in 2..421: 3-4,8-12,14-18,20-22,24-32,34,37-40,42-45,47,49-51,53-55,58-60,63-64,68,70-71,73,75-78,80-88,90,94-96,…"
sequence-gap,case,ЦДІАК-127-128,"6 missing in 2..52: 3,17,33,44,46,51"
sequence-gap,case,ЦДІАК-127-232,"5 missing in 1..35: 4,6,8,15,18"
sequence-gap,case,ЦДІАК-127-196,"4 missing in 1..212: 2,71,83,92"
sequence-gap,case,ЦДІАК-127-204,"98 missing in 1..243: 2,4,6,9-12,17,19,21,26,29,32-33,35,37,39-42,44-47,51-53,58,63-65,67,70,73-74,…"
sequence-gap,case,ЦДІАК-127-141,"52 missing in 1..120: 2,7-9,11-12,15,17,19,21,24,26,29,34,37,39,43-45,49-50,53,56-58,60,62-63,65,…"
sequence-gap,case,ЦДІАК-127-154,"19 missing in 1..95: 4,8,12,14,16,22,32,35,39-40,44,55,58,64,66,70,76,86-87"
sequence-gap,case,ЦДІАК-127-90,"26 missing in 2..118: 5,8-9,16,18,25,34-35,37,41,44,61,69-70,75,79-80,87,89,96-97,101,111-113,115"
sequence-gap,case,ЦДІАК-127-228,"239 missing in 8..331: 10-17,19-25,27-29,31-36,39-41,43-46,48-54,56,58-62,65,67-70,73-78,80-82,84-90,92-93,96-116,118-121,123-124,126-132,134-141,…"
sequence-gap,case,ЦДІАК-127-193,"60 missing in 1..192: 4,21,25,27,30,33-35,37,39,52,54,66,71,78,80-82,89,93,95,97,99,103-105,…"
sequence-gap,case,ЦДІАК-127-203,"93 missing in 1..264: 4,6,9,13-14,17,20-21,25-26,28,32-35,37-38,41-44,46-47,49-50,52-54,57,60-63,65-69,72,77,79-80,…"
sequence-gap,case,ЦДІАК-127-156,"23 missing in 1..86: 6,8,13,15,17-18,24,27,30-31,44-45,48,55-56,59,63-64,74,79-80,82,84"
sequence-gap,case,ЦДІАК-127-73,"16 missing in 3..84: 17,22,25,37,39,44,46-47,53,60,62,66-68,78,82"
sequence-gap,case,ЦДІАК-127-148,"12 missing in 2..94: 3,5,9,11,32,35,41,48,52,60,66,72"
sequence-gap,case,ЦДІАК-127-70,"30 missing in 1..99: 15,23-29,33,37-46,52-55,59,67,81-82,85,96,98"
sequence-gap,case,ЦДІАК-127-209,"102 missing in 2..273: 3,7,9-10,13,15-16,19-22,24,26,30,39,41,43-45,47,49,58,61,71-73,76-77,79-90,92,…"
sequence-gap,case,ЦДІАК-127-527,"26 missing in 2..93: 9-11,13-15,18,24,27,44,46,51,53-55,60-61,65,68-71,79,81,84,90"
sequence-gap,case,ЦДІАК-127-260,"51 missing in 2..94: 3,12,17,21-22,24-38,43,47,55-76,80-81,83-84,89,91-92"
sequence-gap,case,ЦДІАК-127-488,"18 missing in 3..99: 4,7-8,10,13,16,18,27,37,40,47,54-55,62,66,75,84,96"
sequence-gap,case,ЦДІАК-127-504,"15 missing in 1..59: 2,5-6,10,14,16,18,20,27,32,34,36,43,46,52"
sequence-gap,case,ЦДІАК-127-265,"25 missing in 2..111: 6,10,12,16-17,24-26,32,34-35,38,40,44,48,54,62,64,72,83,86,90,96,101,…"
sequence-gap,case,ЦДІАК-127-251,"25 missing in 1..97: 4,13,19-20,29,31,35,38,40,45-47,49-50,52,55-56,63,66,69,84-85,87-88,90"
sequence-gap,case,ЦДІАК-127-489,"27 missing in 3..86: 5,10,16-19,22,24,29-33,35,37-38,41,44-46,48,54,57,59,65,78,82"
sequence-gap,case,ЦДІАК-127-450,"125 missing in 1..187: 6,14,16,20-21,27,45,54-57,63,72-75,77-78,80-186"
sequence-gap,case,ЦДІАК-127-451,"26 missing in 5..92: 10-11,14,32,42,45,48-49,54,59,62,65,70,77,80-91"
sequence-gap,case,ЦДІАК-127-612,"24 missing in 2..120: 4,9,13,20,22-23,28,52,59,63,83-85,89,95,97,99,102,107,109,112-113,116,118,…"
sequence-gap,case,ЦДІАК-127-622,"40 missing in 2..113: 5,7,10,12-14,16,21,24,29,42,46,49-50,52,54,57,64-66,69-70,73,78-79,84,88,…"
sequence-gap,case,ЦДІАК-127-623,"52 missing in 1..134: 2,4,6,9,11,15,18,22,24,35-36,38-39,45-47,49-50,52,58,61,64,66-67,69,78-80,…"
sequence-gap,case,ЦДІАК-127-166,"32 missing in 2..154: 5,8,13,18-19,27,32,34,42,52,54,72-73,82-87,89-90,92,101,107,113,115,126,133,…"
sequence-gap,case,ЦДІАК-127-169,"61 missing in 1..137: 2-3,9,23,25-33,35-36,38-39,43-45,47,49-50,52-53,55,57,64,67-70,74,76,78,80-81,83-84,87,…"
sequence-gap,case,ЦДІАК-127-182,"37 missing in 2..117: 3,5-6,11-15,17,19-20,24-25,34,48,52-53,58,64,66,68,72-73,75-80,84,94,105-107,111,113-114,…"
sequence-gap,case,ЦДІАК-127-187,"20 missing in 1..84: 2,6,8,14,19-21,23,27,37,46,53,62,64,67,71-73,75,79"
sequence-gap,case,ЦДІАК-127-205,"116 missing in 3..285: 11-12,15,21,28,30,33-34,37,41-42,44-45,48,51-52,57,60-61,68,70,72-73,76,79-80,86,89,…"
sequence-gap,case,ЦДІАК-127-214,"80 missing in 4..207: 9-10,12,14,19,21-24,29-34,41-42,45-46,51-56,58-60,67,73,77-78,82-84,91,94,101,104-107,113,116-117,…"
sequence-gap,case,ЦДІАК-127-220,"145 missing in 1..239: 2-7,9-13,15-16,20-22,24,26-28,30-33,36-37,40,42-43,50,53,55-57,59-60,62-63,73-74,76,79-87,93,95,…"
sequence-gap,case,ЦДІАК-127-666,"706 missing in 31..788: 32-54,56-91,93-98,100-103,105,107-111,113-117,119-137,139-142,144-149,152-154,156-157,159-166,168,171,174-177,181,183-193,196-199,201-202,…"
sequence-gap,case,ЦДІАК-127-501,"3 missing in 1..90: 12,65,78"
sequence-gap,case,ЦДІАК-127-556,"25 missing in 1..69: 2-3,5,7,9,13,21-22,25-28,31,35,37,41-43,45,47,52,54-55,57,61"
sequence-gap,case,ЦДІАК-127-561,"57 missing in 1..117: 4,7,9-10,13,16,18-19,23,27-31,36,44-47,49,52,55,58,62,68,74,85-86,88-116"
sequence-gap,case,ЦДІАК-127-584,"89 missing in 4..153: 5-7,9-12,14,16,18-21,23-31,33-38,40-42,44-48,53-56,59-61,64,68,70,72,74,76-78,85,88,90-93,…"
sequence-gap,case,ЦДІАК-127-585,"60 missing in 4..138: 10-13,17-21,24-25,27,31,33,35,38-39,41,44-46,51,55-60,62-63,68-70,78-80,82,86,88,92,94-96,…"
sequence-gap,case,ЦДІАК-127-615,"28 missing in 1..105: 9-13,16-17,24,31-32,35,39,43-44,46-48,51,54,63,65,71,78,85,87,89,94-95"
sequence-gap,case,ЦДІАК-127-498,"46 missing in 2..118: 3-4,9,12-13,16,19-21,29-30,33,35-36,39-40,44,46-47,50-53,56,60,65-66,68,70,72-74,76,78,…"
sequence-gap,case,ЦДІАК-127-483,"12 missing in 2..67: 6,12,16,20,25,27,31,33,43,48,50,53"
sequence-gap,case,ЦДІАК-127-136,"43 missing in 1..112: 2,4,6,10,12,15,23-24,29,32,36,38-40,44-45,52,57-60,62,65,79-81,83-84,86,92-99,…"
sequence-gap,case,ЦДІАК-127-635,"59 missing in 32..288: 33-35,37,42,46,56,64-65,73,94-96,117-119,146,148-150,159,166-167,169-175,182-184,191-192,198-201,204,207,209-210,…"
sequence-gap,case,ЦДІАК-127-551,"45 missing in 1..131: 2,4-5,9,12,16,20,23,28,34,36-37,40-41,43,46,48,56-60,66,68,70,75-77,83-84,…"
sequence-gap,case,ЦДІАК-127-557,"44 missing in 2..90: 3-4,7-8,10,14,17,20-21,25-27,31,37,42,46,53,55-59,61-62,64,68-71,74-83,85-89"
sequence-gap,case,ЦДІАК-127-562,"11 missing in 3..27: 6,8-13,16-18,21"
sequence-gap,case,ЦДІАК-127-580,"39 missing in 2..119: 3,6,8,10-12,16-19,25-26,34,38,40-41,46,48,51,53,57-60,65,70-71,76,78,83-84,91,…"
sequence-gap,case,ЦДІАК-127-598,"6 missing in 1..148: 14,25,49,72,121,145"
sequence-gap,case,ЦДІАК-127-159,"42 missing in 1..114: 2,7-8,10-11,15,18-20,23,25-28,30,36,39-40,43-44,47-48,50-51,54,58,62,67,69,76-79,83,…"
sequence-gap,case,ЦДІАК-127-135,"25 missing in 2..90: 9,12,16-17,21,23,26,33-34,42-43,46,48,51-52,57,63,70-71,73,78-82"
sequence-gap,case,ЦДІАК-127-484,"9 missing in 1..69: 6,27,33-34,36,42,48,55,58"
sequence-gap,case,ЦДІАК-127-449,"122 missing in 1..199: 10,12,16,21,30-31,36,40,45,47,51,58,64,74,80-83,86,89-91,93,97,101-198"
sequence-gap,case,ЦДІАК-127-616,"78 missing in 3..181: 8,10,12,17,23,31,35,42-43,47-48,52-53,55-58,62,64,66-70,72-75,77-78,84,86-94,96-100,102-104,…"
sequence-gap,case,ЦДІАК-127-626,"49 missing in 2..112: 7-8,12,15,17,19-20,22-27,30,32,35,39,44-45,48,50-51,53,55,59,61,65-67,70-73,77-78,…"
sequence-gap,case,ЦДІАК-127-168,"22 missing in 2..89: 5,7,11,15-19,21,26-27,35,37,49,55-56,69,71-72,80,82,85"
sequence-gap,case,ЦДІАК-127-184,"5 missing in 1..32: 7,11,21,23,25"
sequence-gap,case,ЦДІАК-127-208,"57 missing in 1..156: 8,10,16,20,22,30-31,34-35,48-49,56-58,65,67,72-74,76-77,80-82,84-87,90,95-97,102,105-109,113-116,…"
sequence-gap,case,ЦДІАК-127-653,"621 missing in 1..661: 3-4,6,8-56,58-60,62-66,68-87,89-124,126-131,133-179,181-224,226-235,237-253,255-260,262-274,277-395,397-563,565-566,568-580,582-584,587-603,…"
sequence-gap,case,ЦДІАК-127-158,"97 missing in 11..164: 12-18,20-22,24-29,31-40,43-45,84-150,159"
sequence-gap,case,ЦДІАК-127-497,"63 missing in 9..125: 10-12,15,20-21,25,30-31,34-36,38-40,44,46,48-49,51-53,55-56,61-64,66-70,72-73,76-77,80-81,85-87,89,91-97,…"
sequence-gap,case,ЦДІАК-127-202,"100 missing in 1..220: 4,9,11-16,19-24,27-28,30,33-34,36-39,42-44,46,50,54,57-58,62,64,67-71,73,75-78,82,85,…"
sequence-gap,case,ЦДІАК-127-567,"39 missing in 2..123: 8,11-12,15,18,22,27,29,32,36,42,50-51,56-57,60,62-63,69,73-75,82,86,88,93-96,…"
sequence-gap,case,ЦДІАК-127-597,"26 missing in 2..165: 8,11,23,35,37,50,57,64,68,76,78,86,93,107,116,118,126,138,140-141,143,…"
sequence-gap,case,ЦДІАК-127-636,"86 missing in 1..347: 10,13,42,44-45,51,53,58,60,63-69,72-73,75,77,85,87,89,101,110,116,124-127,129-130,…"
sequence-gap,case,ЦДІАК-127-123,"27 missing in 3..125: 4,6,8,10-11,14,17,21,27,46-47,55-57,60,72,76,78,83,91,94,98,112-113,117-118,…"
sequence-gap,case,ЦДІАК-127-186,"25 missing in 1..77: 2,4,6-7,11-13,19,22,24,29,31,35,40,46-47,49,51-53,60,64,66,73,76"
sequence-gap,case,ЦДІАК-127-654,"730 missing in 15..791: 16-51,53-58,60-76,78-79,81-187,189-196,198-214,216-247,249-255,257-273,276-284,287-295,297-303,306-315,318-338,340-344,346-378,380-423,425-432,434-450,…"
sequence-gap,case,ЦДІАК-127-638,"79 missing in 1..412: 4-5,19,40-45,69-75,102-109,135-138,151,178-183,191,207,213-218,220,240-245,251,271-272,274-278,284,290,298,300,…"
sequence-gap,case,ЦДІАК-127-185,"15 missing in 1..70: 11,19,24,28,31,36,40,42,44-45,50-51,57-58,69"
sequence-gap,case,ЦДІАК-127-210,"20 missing in 1..247: 3-4,23,25-27,29,58,126,149,157-158,162,164,212,230,233-235,238"
sequence-gap,case,ЦДІАК-127-649,"569 missing in 5..671: 6,8-16,20-22,24-112,114-119,121-141,143-145,147-151,153-158,160-186,190-196,198-212,214-219,221-222,224-234,236-246,248,250-256,258,260-263,…"
sequence-gap,case,ЦДІАК-127-658,"638 missing in 10..705: 11-22,25-42,44-60,62-63,65-77,79-86,88-108,110-138,140-161,163-171,175-178,180,182-188,190-196,198-204,206-214,216-225,227-237,239-260,262-264,…"
sequence-gap,case,ЦДІАК-127-652,"417 missing in 285..741: 286-304,306-312,314-334,336-344,346-407,409-414,416-425,427-441,444,446,448-464,466-476,478-502,504-523,525-532,534-539,541-542,544,547-587,589-610,…"
sequence-gap,case,ЦДІАК-127-878,"175 missing in 2..419: 4-6,8,10-11,19,21,25-27,33-34,36-39,41,43-44,46,48,51-58,60-61,63-66,68-71,75,81,85-86,95-96,…"
sequence-gap,case,ЦДІАК-127-880,"44 missing in 2..210: 3,31,45,47-49,51,53-54,56,59-60,62,64,66-69,71-73,76,80,83-86,93-102,112,160,169,176,…"
sequence-gap,case,ЦДІАК-127-175,"14 missing in 2..66: 8,17,19,22,32,37,40,44,46,48,56-58,63"
sequence-gap,case,ЦДІАК-127-176,"60 missing in 1..140: 2-4,6-8,10-11,20,22,28,30-31,33,40,42,47-48,51,53-56,58,60-63,67,70,72,74,77-78,…"
sequence-gap,case,ЦДІАК-127-657,"627 missing in 1..697: 2-3,5-9,11-15,17-25,27-36,38,40,42-49,52,55-70,72-85,87-95,97-98,100-102,104-148,150,153-156,158,160-172,174,…"
sequence-gap,case,ЦДІАК-127-188,"22 missing in 3..88: 5-6,8-9,12,17,26,28-29,32,34,42,54,56,60,64,72-75,78,80"
sequence-gap,case,ЦДІАК-127-889,"174 missing in 105..500: 109,115,129,141,150,152,161,163-164,166,168,170,174-177,179-181,183,185-186,188-191,194-197,199-201,203-205,207-216,…"
sequence-gap,case,ЦДІАК-127-891,"45 missing in 5..456: 6,14,17-18,22,26-27,33,36,43,50-51,68,75,78,104,107,109,122,136,143,150,170,…"
sequence-gap,case,ЦДІАК-127-1009,"12 missing in 1..1162: 5,70,711,718,746,749,976,1073,1076,1091,1098,1105"
sequence-gap,case,ЦДІАК-127-262,"34 missing in 1..100: 3,5-7,9-14,18,23-24,26-27,31,34-35,40-41,46,50,52-54,58,64,78,80,87,92-93,97-98"
sequence-gap,case,ЦДІАК-127-671,"1035 missing in 10..1055: 12,14-526,528-534,536-759,761-1019,1021-1051"
sequence-gap,case,ЦДІАК-127-644,"353 missing in 11..454: 31-156,158-159,161-171,175-176,179-186,188-205,207-211,213-215,217-222,224-228,230-232,234-257,259-293,295-298,300-306,308-320,322-337,339-345,347-349,351-353,…"
sequence-gap,case,ЦДІАК-127-692,"2346 missing in 42..2731: 43-173,175-207,209-228,230-231,234-240,242,244-273,277-287,289,291-305,307-310,312-326,328-336,338-346,348-376,378-385,387-388,391-508,510-552,554-803,…"
sequence-gap,case,ЦДІАК-127-797,"2 missing in 1..673: 42,522"
sequence-gap,case,ЦДІАК-127-813,"270 missing in 6..467: 7,9-13,15-22,25-32,34-38,40-42,44,46-47,50-51,53-54,58-61,63-65,67,69,73,77,79-80,82-84,86,88,…"
sequence-gap,case,ЦДІАК-127-885,"105 missing in 1..488: 6-7,9,35,41,50,71,73,142-143,145,169,183-184,187,196,206,216-270,282,287,289,295,311,…"
sequence-gap,case,ЦДІАК-127-830,"94 missing in 3..335: 9,15,18,21,23,27,35,38,48-52,55,63,65-67,70,74,76-77,79,83,86,89-90,93-95,…"
sequence-gap,case,ЦДІАК-127-832,"90 missing in 1..308: 5,8,11,18,21-23,27,29-30,32,37-40,42,44,46-49,51-54,56-57,60-61,66,68-69,74-75,77-79,83-91,…"
sequence-gap,case,ЦДІАК-127-831,"102 missing in 1..335: 2-3,6,11,16,19,22-23,25,27,31-32,35-36,38,41,47,49,59,66,68,75,78,81,…"
sequence-gap,case,ЦДІАК-127-886,"237 missing in 8..471: 10-11,13-15,18-21,23,28-30,38,42,59-61,63-65,68-70,72-74,76,79-82,84,89-96,98-109,111-115,119,131-220,225-226,…"
sequence-gap,case,ЦДІАК-127-811,"309 missing in 150..522: 151-152,154-156,158-159,162,165,167-170,173-175,177,179,181,183,186,188-190,192,195,197-198,201-314,320-400,403,409,…"
sequence-gap,case,ЦДІАК-127-855,"207 missing in 2..497: 4,8,10-11,13,15,21-22,24-25,27-28,35,37,40-44,56,60,70,80,89,95,99,104,107-109,…"
sequence-gap,case,ЦДІАК-127-32,"45 missing in 1..122: 5,9-10,12,20-21,28,31-32,35,37-38,44,51-52,57,66,74-75,77,84-85,93-97,103,105-121"
sequence-gap,case,ЦДІАК-127-221,"188 missing in 4..357: 7-9,11,14,17,21-24,27,30,32,34-35,38-43,45,47,51,54-56,60-62,67-68,71,73,75-77,79,…"
sequence-gap,case,ЦДІАК-127-541,"72 missing in 15..129: 16-21,23-26,28-31,34-40,42-51,53,55-56,58,64,68,72-74,76-89,91,93,97,104-106,108-112,115,117,120,…"
sequence-gap,case,ЦДІАК-127-543,"29 missing in 3..123: 23,67,71-72,74,84,86,88-93,95-98,100,102,107,110-117,120"
sequence-gap,case,ЦДІАК-127-563,"13 missing in 4..42: 14-16,20,23,28-30,34,36,39-41"
sequence-gap,case,ЦДІАК-127-564,"21 missing in 3..70: 9-14,16,24,26,30,37,44-45,47,49,51,53-54,56-57,59"
sequence-gap,case,ЦДІАК-127-570,"55 missing in 3..122: 4-6,8,13-15,17,26-34,38-40,48,51-52,54-59,62,65-67,69-70,75,81-82,85,88,90-91,97-102,104,108,…"
sequence-gap,case,ЦДІАК-127-571,"36 missing in 2..104: 3,7,9,16,18,20,22-24,27,32,45,49-52,58,68,78-79,81-82,85,89,92-103"
sequence-gap,case,ЦДІАК-127-572,"10 missing in 36..69: 38,40-41,44,49,54,56-58,62"
sequence-gap,case,ЦДІАК-127-573,"19 missing in 2..78: 9,14-16,19,24,33-34,40,45,55-56,59,63-64,69-70,76-77"
sequence-gap,case,ЦДІАК-127-574,"33 missing in 1..139: 5-6,9,12,22-23,29-32,34,37,43-45,47,51,70,80,89,91,93,95,97,101-102,105,113-115,…"
sequence-gap,case,ЦДІАК-127-575,"22 missing in 1..98: 9,11-15,18,22,34,37,40-42,46-47,51,54,62,72,80,89,94"
sequence-gap,case,ЦДІАК-127-552,"41 missing in 1..117: 2,10-11,24-25,27-29,33,36-38,41-42,44,46,58-61,66-69,71,77-80,87,99,101-107,110-111,113"
sequence-gap,case,ЦДІАК-127-565,"35 missing in 2..85: 3,5,10,12,14-15,17-21,24-25,29,35,37,39-41,45,49,52-53,55,57-58,63-64,68-69,71,73-74,…"
sequence-gap,case,ЦДІАК-127-577,"55 missing in 1..115: 3-4,13,15-17,19,21,24-32,36,38-40,42,45,47,49,51-52,55-57,60,62-63,70-75,81-82,84,86-91,…"
sequence-gap,case,ЦДІАК-127-591,"29 missing in 1..66: 4,6,8,17-20,22-23,27-30,32-33,35,39-41,47,49-50,56-57,59-63"
sequence-gap,case,ЦДІАК-127-592,"29 missing in 1..84: 2-3,7-8,15-17,19,28,30-33,36-37,42,45,51-53,58,63,67,71,75,77-79,81"
sequence-gap,case,ЦДІАК-127-593,"38 missing in 3..162: 5,7,9,11,14,21,24-25,29,34,36-37,45,50-51,61,68,71-73,81,87,89,94,98,…"
sequence-gap,case,ЦДІАК-127-594,"51 missing in 1..180: 3-5,10,14,19,22,28,34,38,43-44,56,60,67,69,74-77,80,84-85,90,93,96,99,…"
sequence-gap,case,ЦДІАК-127-602,"30 missing in 2..115: 5,7,12-13,16,18,25,33,35-38,46,50,56,66,68,70,73-74,91-92,97,99-103,106,108,…"
sequence-gap,case,ЦДІАК-127-611,"20 missing in 2..96: 3,5,7-8,12,23,39,51,56,61,76,79,82,84-85,88,90-93"
sequence-gap,case,ЦДІАК-127-181,"44 missing in 2..131: 5-6,8-10,13,15,20,24,26,28,31,33-34,37,40,44,46,51,58-59,65,70-73,75-76,78,…"
sequence-gap,case,ЦДІАК-127-601,"31 missing in 1..133: 15,17,19,22-24,35,43,47,49,52,62,65,72,75-76,81,91,101,103,105-108,112,117-118,…"
sequence-gap,case,ЦДІАК-127-609,"32 missing in 2..100: 3-6,8-9,11,16,18,20-21,37,41,51,55,61-66,68-69,71-72,74,84,86,89-90,92-93"
sequence-gap,case,ЦДІАК-127-555,"23 missing in 1..73: 2,22-23,29,32,43,45-46,49,53,56-60,62,64-66,68-71"
sequence-gap,case,ЦДІАК-127-596,"46 missing in 3..127: 8,12,18,23,28-31,36,48,52-53,56-57,61-62,67,70,76-77,81,85,103-126"
sequence-gap,case,ЦДІАК-127-167,"33 missing in 4..204: 5,7,10,14,18,20,24,31,41,60,67,70-71,75,78,90-93,97,107,125,136-137,149,…"
sequence-gap,case,ЦДІАК-127-189,"31 missing in 5..88: 8-11,16,19,29,34,38-39,41,43-44,50,53,55-56,59,61,64,66,68,70-71,73,75,77,…"
sequence-gap,case,ЦДІАК-127-628,"13 missing in 1..103: 62,69-70,73,82,87-88,90,92-94,99,101"
sequence-gap,case,ЦДІАК-127-201,"73 missing in 1..218: 5-6,9,11-12,14,18,20,22-24,28,37,40-41,43,48,51,58-59,62,64,68,72,74,77-78,…"
sequence-gap,case,ЦДІАК-127-610,"18 missing in 4..87: 12-13,17,24,33,35,38,43,56,61,67,69,72-73,75-77,80"
sequence-gap,case,ЦДІАК-127-183,"41 missing in 1..127: 4,11-13,16,18,22-23,28-29,34,37-38,40,45,48,50-51,57,61-62,65,68,77,84,86,88,…"
sequence-gap,case,ЦДІАК-127-617,"35 missing in 3..105: 6-7,9,12,17,22-24,33,35-36,38,40,46-49,51,54,58-60,64,66,75,80-81,83,85,89,…"
sequence-gap,case,ЦДІАК-127-624,"83 missing in 3..183: 5,7-9,11,15-22,25,30,36,39,42-45,47-48,51-52,54-56,58-59,61,66,68-69,71,74-75,77-79,81,…"
sequence-gap,case,ЦДІАК-127-618,"35 missing in 3..118: 9,17,19,23,31,34,38-39,47,50,52-54,57-62,64,66,69,73,75,77-78,83,94,97-98,…"
sequence-gap,case,ЦДІАК-127-639,"158 missing in 3..425: 14,18,21,33,36,40-41,44-52,54,58,60,62-67,69-70,73-81,91-94,99,103,105,108,110-111,117-119,…"
sequence-gap,case,ЦДІАК-127-641,"203 missing in 2..594: 3,13,31,39,41-42,54,62,72,74-76,81,83,104-107,117,133,143,153-156,164,180,196-197,202-203,…"
sequence-gap,case,ЦДІАК-127-681,"821 missing in 16..882: 18-24,27-30,32-37,39-40,42-47,49-53,55-57,60,62-86,88-132,134-143,145-157,159-173,175-183,185-193,195-208,211-280,282-286,288-336,338-364,…"
sequence-gap,case,ЦДІАК-127-683,"668 missing in 12..759: 14-15,17,20,24,29,33,36-44,46-47,49-54,58-61,65-96,98-101,103-117,119-121,123-149,154-191,194-200,203-236,238-242,244-276,…"
sequence-gap,case,ЦДІАК-127-655,"617 missing in 19..694: 20-21,23-30,33-41,43-55,57-67,69-80,82-86,88-90,92-106,108-115,117-118,120-121,124-149,151-156,159-160,162-165,167-175,177-183,186,188-212,…"
sequence-gap,case,ЦДІАК-127-665,"772 missing in 18..874: 19-32,35-39,41-43,46-309,312-328,330,332-351,353-368,370-389,391-392,394-402,404-405,408-416,419-422,424-425,427-428,430-431,433,435-436,438,…"
sequence-gap,case,ЦДІАК-127-650,"650 missing in 7..758: 8-13,15-16,18,20-31,33,35-38,40-53,57-72,74-75,77-91,93-108,110-131,133-134,137-141,143,146-150,152-170,175,177-180,182-194,…"
sequence-gap,case,ЦДІАК-127-664,"698 missing in 28..841: 30-34,36-46,48-53,55-58,60-70,72-79,82-87,89-125,128-155,157-170,172-189,192-199,201-203,207-213,215,217-229,231,234-311,314-327,329-336,…"
sequence-gap,case,ЦДІАК-127-667,"997 missing in 5..1080: 7-10,13-14,16-32,34-44,47-70,72-119,121-164,167,170-171,173-177,180,183-184,189-192,195,197-200,202-208,210-218,221-230,232-238,240-244,…"
sequence-gap,case,ЦДІАК-127-672,"52 missing in 1..106: 2,14-19,23-27,32-33,38,42,45-50,52-54,57-63,66-76,86-87,90-92,94-95,101,105"
sequence-gap,case,ЦДІАК-127-663,"711 missing in 56..805: 57-62,64-73,75-219,221-260,262-267,269-273,275-289,291-430,432-484,486-613,615-650,652-654,656-658,660-701,703,705-706,708-739,741-746,749-754,756-758,…"
sequence-gap,case,ЦДІАК-127-673,"283 missing in 1..359: 2-4,7,11-12,14-15,17-19,22-25,27-41,43-51,53-70,74-75,77-95,98-108,111-112,116-120,122-123,125-129,132-133,135-147,149-158,160-173,…"
sequence-gap,case,ЦДІАК-127-675,"250 missing in 8..293: 9,11,13-14,16-23,25-33,35-63,65-70,72-91,93-95,97-105,107-145,147-164,166-177,180-184,186,188-190,192-202,204,206-208,210-215,…"
sequence-gap,case,ЦДІАК-127-676,"55 missing in 8..109: 11,14-19,22-26,29-32,34-37,40-41,43-48,51-52,57-58,60,65-66,69-70,73-74,76,78-79,85,87-90,92,97-99,103,…"
sequence-gap,case,ЦДІАК-127-690,"19320883 missing in 10..19321892: 13,15,18-23,25-29,34-35,37,39-42,44-51,53-54,56-62,64-66,69-71,73-76,80-85,87-88,91-99,101-103,107-110,112-117,124-136,…"
sequence-gap,case,ЦДІАК-127-677,"52 missing in 9..108: 10-11,13,17-18,21,23-24,29,32-33,35,37-38,40-45,47-51,53,55-56,63-65,69-73,75-76,78,82,84-88,90-91,…"
sequence-gap,case,ЦДІАК-127-678,"56 missing in 3..96: 4,6-7,9,11,17-19,22-23,25-30,32,34-36,38-39,41-42,46,48,51,53,56,58-67,69,71,73-74,…"
sequence-gap,case,ЦДІАК-127-688,"1308 missing in 8..1465: 9-17,19-25,27-31,33-49,52-67,69,72,74-92,94-112,114-120,123-128,130-157,159-172,174,177-179,181-186,188-189,191-203,205-221,225-234,…"
sequence-gap,case,ЦДІАК-127-679,"184 missing in 13..247: 16-17,19-21,23-34,36,38-41,44-50,53-58,60-69,72-76,79-80,82,85-94,96-101,104-123,126-127,129-132,134,137-142,145-147,149-150,…"
sequence-gap,case,ЦДІАК-127-680,"455 missing in 5..509: 6-7,9,11-13,15-18,20-22,24,26-28,31-35,37-39,41-45,48-57,60-80,83,85-93,96-97,99,102-106,108-116,118-121,123,…"
sequence-gap,case,ЦДІАК-127-691,"2913 missing in 1..2989: 2-24,26-45,49-66,69-84,86,88-102,105-129,133-136,138,140-142,144-186,190-294,296-366,368-414,416-447,449-489,492-531,533-546,548-552,555-556,…"
sequence-gap,case,ЦДІАК-127-985,"87 missing in 2..100: 4-6,8-14,16-21,23-33,35-46,48-52,54-57,59-79,81-94,96-99"
sequence-gap,case,ЦДІАК-127-743,"605 missing in 1..736: 2-20,23-24,26-54,56,58-66,68-112,116-121,123-124,127-129,131-132,134-136,139-142,144-149,151-153,155-159,161-172,174-177,179,183-184,186-190,…"
sequence-gap,case,ЦДІАК-127-804,"400 missing in 48..507: 49-56,58-62,64-76,78-98,100-103,105-130,132,134-136,138-139,141-143,145-146,148-149,151,153-169,171-181,183-196,198-209,211-215,219-247,249-266,…"
sequence-gap,case,ЦДІАК-127-934,"11 missing in 1..435: 274,285,288,290,300-301,319,427-428,431,433"
sequence-gap,case,ЦДІАК-127-608,"16 missing in 2..107: 5-7,15-16,18-20,22,31-32,38-39,46,50-51"
sequence-gap,case,ЦДІАК-127-775,"379 missing in 4..707: 5-6,8,10,13-15,17,20-24,27-28,30-31,34-35,38,43-44,47-48,51-52,55-57,61,63,65,67,70-73,75,…"
sequence-gap,case,ЦДІАК-127-802,"87 missing in 2..165: 3-7,9-14,16-17,21,25,27,30-31,36-37,41,48-49,56,58,62,64,67,69,72,75-76,79,81-84,…"
sequence-gap,case,ЦДІАК-127-882,"12 missing in 2..219: 53,76-77,79,89,93,104,106,155,160,165,197"
sequence-gap,case,ЦДІАК-127-776,"454 missing in 6..665: 7-8,12-14,17,19-21,23,25-31,33-35,38,41-42,44-46,48,50-53,55-58,63-64,66-67,70-75,77,80-85,89-90,92-94,…"
sequence-gap,case,ЦДІАК-127-809,"94 missing in 1..273: 2,4,9-10,12,19-22,24-28,31-35,38-39,43,45,47-52,54,57-62,64-65,67-71,73,76-82,84,86-88,90-91,…"
sequence-gap,case,ЦДІАК-127-849,"326 missing in 2..602: 4-6,8-10,12,15-18,20-22,27-28,30,33,35,39-43,45,49,51,54-56,59,67,70-72,75,84,86-87,…"
sequence-gap,case,ЦДІАК-127-850,"3611583 missing in 3..3611878: 5,7-8,12,14-18,22-23,25-26,29-31,34-35,37,40-41,45-50,53,57,59-60,63,68,71-74,76-78,85-86,90,…"
sequence-gap,case,ЦДІАК-127-851,"299 missing in 7..630: 9-10,12-14,16,20-21,23-26,28-31,33-34,36,50,59,62,66,68,71-73,76-78,84,86-89,95,100-103,105-106,…"
sequence-gap,case,ЦДІАК-127-810,"355 missing in 5..381: 6-9,11-12,14,16-23,25-58,61-63,66-87,89-93,95-102,104-143,146-147,149-170,172-253,255-260,262-323,325-349,351-374,376-380"
sequence-gap,case,ЦДІАК-127-852,"144 missing in 5..379: 18,20,24-25,29,34,36-39,41,47,51-52,57,68,71,73,80,82,84,86,88-89,94-95,99,…"
sequence-gap,case,ЦДІАК-127-1006,"17 missing in 1..231: 37,40-41,48,56,157,192,217-226"
sequence-gap,case,ЦДІАК-127-377,"92 missing in 2..265: 3,5,11,15,20,22,36,38-39,41,47,55-56,59,63,76,82,86,90,93-94,96,99,…"
sequence-gap,case,ЦДІАК-127-80,"24 missing in 1..64: 3,5,15-16,19,22,24,27,32,38,46-47,52-63"
sequence-gap,case,ЦДІАК-127-378,"90 missing in 4..242: 5,7,9,11-12,20,22-24,33,35-42,46,53,56,58,65,68-69,73-74,78-79,81-82,84,86-92,96,…"
sequence-gap,case,ЦДІАК-127-161,"1166 missing in 1..1287: 3-4,6,8,10,15,17,20,24,27,31-34,38,44-45,47-48,50-51,54,59,62,67-68,70-74,76-77,…"
sequence-gap,case,ЦДІАК-127-157,"29 missing in 1..133: 13,22,24,27-28,37,48-51,56-58,60-61,64,66,68-69,74,79,92,95-97,102,106,108-109"
sequence-gap,case,ЦДІАК-127-121,"35 missing in 1..134: 12,14,18,26,30,32,34,41,57,61-62,66-67,75,77-79,82-83,90-91,96,101,105,110,112,…"
sequence-gap,case,ЦДІАК-127-115,"31 missing in 2..118: 3-5,17,26-27,38,43,48-49,53-54,61-63,65,72,76,81-82,86-87,91-92,99,101,103,105-107,110"
sequence-gap,case,ЦДІАК-127-172,"28 missing in 1..130: 7,10,13,16-17,21-22,26,34,36-38,59,78,81,87,90,98-99,101,104,111,117-118,120-121,125-126,…"
sequence-gap,case,ЦДІАК-127-33,"45 missing in 1..118: 3,7,16-17,20,38-39,42,45-46,53,55,65,67,69-72,75-79,83,85,87,89-91,93-94,96,100-102,…"
sequence-gap,case,ЦДІАК-127-894,"137 missing in 2..455: 10,13,15,30,47,61,66,98,101-102,108,117-118,121,123,128,144,153,158,164,166,168,…"
sequence-gap,case,ЦДІАК-127-1018,"2 missing in 1..812: 112,277"
sequence-gap,case,ЦДІАК-127-124,"7 missing in 1..119: 10,28,45,77-78,102,114"
sequence-gap,case,ЦДІАК-127-160,"91 missing in 2..133: 3-6,9-16,19-21,23-37,41-47,49-56,58-64,66,69,71-78,80,82-89,93-95,97,99-102,111-113,116-119,121-123,125,129,…"
sequence-gap,case,ЦДІАК-127-170,"30 missing in 2..90: 5-6,11,13-14,17,19-20,23,27,29,34,36,38,40,44,46-48,54-55,57,60,63,68,71,…"
sequence-gap,case,ЦДІАК-127-777,"460 missing in 1..776: 3-5,8,11-12,15-16,18-22,25-26,28,30,32,34-35,42-46,48,50-53,56-57,59,62,66,75-77,79-80,83,…"
sequence-gap,case,ЦДІАК-127-883,"9 missing in 1..219: 12,20,22,25,30,32,76,116,134"
sequence-gap,case,ЦДІАК-127-778,"478 missing in 4..827: 6,8-10,13,17,19,22-23,26,28-30,32-34,36,41-45,47-48,51-55,58,60,63-65,67,72,74-83,85-86,…"
sequence-gap,case,ЦДІАК-127-779,"494 missing in 4..923: 6-8,10-12,14-24,26-27,29,32,40-44,46,51-55,57,60,62-68,70-71,76-78,81-82,84,87,89-96,99,103-105,…"
sequence-gap,case,ЦДІАК-127-781,"503 missing in 18..812: 19,21-99,101-109,111-129,132,135,137-138,141,144,147-148,151-153,155-156,158-159,161-163,165-167,169-170,172-178,182-196,198-201,204,…"
sequence-gap,case,ЦДІАК-127-815,"132 missing in 304..460: 305,307-336,338-340,342-356,359-371,373-378,380-390,395-397,400-402,404,407,409-410,412-417,419-425,427-456"
sequence-gap,case,ЦДІАК-127-783,"449 missing in 5..672: 6,12-14,16-18,20-22,24,26-29,33-43,45-52,55,57-59,61,63-64,66,68-73,75,77,79-81,84-85,87-97,100-103,…"
sequence-gap,case,ЦДІАК-127-44,"57 missing in 4..84: 5,7-8,10-15,17,19-24,26,28-29,31,33-34,36,38-42,44,47-73,81"
sequence-gap,case,ЦДІАК-127-854,"251 missing in 1..475: 12,24,29,34,36,38,50-51,59,62,66,68,71-73,78,80,84,88,100-102,104,107,109-110,…"
sequence-gap,case,ЦДІАК-127-856,"211 missing in 5..444: 8,10-12,14-17,23-24,28-29,32,35,44,46,51,61,68,71,73,75,77,79-83,85-87,92-95,98,…"
sequence-gap,case,ЦДІАК-127-386,"126 missing in 4..223: 7-8,13-18,20-23,29-30,34,39,44,46-47,49,56,58-74,76,79-80,82-85,87,90,93,97,104,106,…"
sequence-gap,case,ЦДІАК-127-236,"17 missing in 2..89: 5-6,11,13,16,20,26,28-29,34,49,52-53,68,71,75,79"
sequence-gap,case,ЦДІАК-127-241,"24 missing in 4..86: 7-8,14,27-28,34,45,47,49,52-54,56-58,60,63,67-68,77-78,80,84-85"
sequence-gap,case,ЦДІАК-127-225,"175 missing in 2..291: 4-5,7,10-14,16,18,22-24,26-27,29-32,34-35,38-39,42,44,47-48,50-53,55-69,76-80,84,86,88,91,…"
sequence-gap,case,ЦДІАК-127-253,"20 missing in 1..98: 3,7-8,13-14,18,22,27,40,43,46,61,65,68-69,75,80,91,95-96"
sequence-gap,case,ЦДІАК-127-213,"59 missing in 1..196: 9,11,21,23-24,26,32,34,36,38,40,42,45,48,51-58,62,68,77,81,83,88,…"
sequence-gap,case,ЦДІАК-127-239,"16 missing in 1..62: 6-7,13-16,23-24,27,34-35,42,50-51,58-59"
sequence-gap,case,ЦДІАК-127-97,"24 missing in 3..89: 9,13,15,19,23,26,29,34,46,48,52,54,58,72-73,75,77-81,84,86,88"
sequence-gap,case,ЦДІАК-127-261,"28 missing in 3..93: 4,12-13,18,21,29-30,36-37,39,47,49,53-56,61-62,64,68,70,72,81,83,87,89,91-92,…"
sequence-gap,case,ЦДІАК-127-223,"194 missing in 1..298: 2-4,6-10,14-18,20-21,23,26,28-29,32-34,36,40-41,43-45,49-51,55-57,61-62,65,68,70-71,73-79,81-82,85,…"
sequence-gap,case,ЦДІАК-127-234,"42 missing in 2..127: 7-9,11,13,21,24,27,30-31,43,45,48-50,53,55,58-59,65,68,71-76,78,82-84,88,92,…"
sequence-gap,case,ЦДІАК-127-227,"233 missing in 14..347: 15-20,22-26,28-32,34-37,39-46,48-49,51,54,58-59,63,65-66,68-72,75-77,79,82-84,86-88,90-93,97,100-107,109,…"
sequence-gap,case,ЦДІАК-127-243,"18 missing in 1..91: 7,17,24,28,30,36,44,46,51,58,70-71,74,79,82,86,88-89"
sequence-gap,case,ЦДІАК-127-211,"154 missing in 1..275: 2,4-5,9-11,17,19,21-25,27-28,31,34,38-41,51-53,59-61,66,69-70,73-74,76,78,80,82,84,…"
sequence-gap,case,ЦДІАК-127-255,"26 missing in 6..106: 10,15,17,22,28,32,35,39,53,62-73,77-79,98,101"
sequence-gap,case,ЦДІАК-127-42,1 missing in 1..16: 14
sequence-gap,case,ЦДІАК-127-233,"18 missing in 1..50: 2-3,6,10,14-15,17-19,21,25-26,28-30,34,40,47"
sequence-gap,case,ЦДІАК-127-94,"19 missing in 2..71: 11,18-19,21,25,31,34-35,38,41,43-46,61,64-67"
sequence-gap,case,ЦДІАК-127-456,"28 missing in 3..103: 8-9,12,21-22,36-37,46,50-52,54,57-59,61,68-69,74-77,79,89,91-92,95,100"
sequence-gap,case,ЦДІАК-127-492,"24 missing in 1..107: 7,24,26-28,33,35,38,51,53-54,58,61,65,68-69,73,81,83,86,91,97,103,105,…"
sequence-gap,case,ЦДІАК-127-442,"7 missing in 2..55: 3,8,11,24-25,37,54"
sequence-gap,case,ЦДІАК-127-56,"29 missing in 3..61: 4,6,8,14,21,25-28,33,35,39-40,42-43,45-48,50,52-60"
sequence-gap,case,ЦДІАК-127-471,"26 missing in 2..84: 8-9,11,14,17,22-23,27-28,32,34,36-37,40,42,47,51-52,54,56-57,67,74,80-81,83"
sequence-gap,case,ЦДІАК-127-513,"32 missing in 7..81: 11,14,17,19-20,23,29-36,38-40,42-46,48,54-56,69-70,73,77-79"
sequence-gap,case,ЦДІАК-127-511,"27 missing in 1..85: 2,5-7,9,11-13,27,31-33,36,39,41-42,45,53,57,61,64-66,78-79,81-82"
sequence-gap,case,ЦДІАК-127-438,10 missing in 1..60: 50-59
sequence-gap,case,ЦДІАК-127-425,"15 missing in 1..69: 8-9,11,14,16,27,31,34,38,54-56,60,62,68"
sequence-gap,case,ЦДІАК-127-39,"8 missing in 2..123: 74,90,102,115,118-121"
sequence-gap,case,ЦДІАК-127-524,"16 missing in 1..94: 3,5,17,22,26,32,36,43,65,76-80,83,88"
sequence-gap,case,ЦДІАК-127-553,"44 missing in 1..128: 5,9,12-13,19-20,25-26,28,31,33,35,39,41,45-46,48,51,54,56-57,59,62-64,67-69,76,…"
sequence-gap,case,ЦДІАК-127-588,"56 missing in 2..122: 5-7,9-10,14,17,19-20,26-27,32,34,44-46,50,53-54,56,60-61,64-65,67-68,74-75,77-80,82-84,87-89,92-93,…"
sequence-gap,case,ЦДІАК-127-606,"24 missing in 1..83: 4,7-9,16,33,35,43-44,46,50,57-58,61,63,67,72,74,76-80,82"
sequence-gap,case,ЦДІАК-127-607,"17 missing in 1..96: 13,23,25,29,31,33,40,43,50,52,55,58,63,71,73,75,84"
sequence-gap,case,ЦДІАК-127-507,"20 missing in 4..81: 5-9,14,20,27-28,43,46,51,53,55,57-61,66"
sequence-gap,case,ЦДІАК-127-523,"4 missing in 2..77: 64,67,72-73"
sequence-gap,case,ЦДІАК-127-173,"12 missing in 1..41: 3-4,7,9,13-15,17-18,25,27,32"
sequence-gap,case,ЦДІАК-127-432,"11 missing in 1..28: 3,7,9,11-12,14,21,24-27"
sequence-gap,case,ЦДІАК-127-106,"18 missing in 1..109: 4,7-9,21,32,34-35,58,66-68,71,89,93,98-99,105"
sequence-gap,case,ЦДІАК-127-529,"23 missing in 1..132: 4,12-13,16-17,21,35,39,45,54,63,65,70,73,82,87,94,98,105,109,121,129,…"
sequence-gap,case,ЦДІАК-127-505,"37 missing in 3..143: 4,8,19-20,28,34,43,45,48,61,68,74,81-82,84-85,87-89,91,105,107,112,118,121-122,…"
sequence-gap,case,ЦДІАК-127-190,"46 missing in 1..118: 4,13-14,18-20,25,27,29,31,34,39,44,47,51-53,55,57-59,67-68,72-74,77-78,81,83,88,…"
sequence-gap,case,ЦДІАК-127-192,"87 missing in 2..187: 4-9,11-14,19-22,24,26,30-31,35-37,39,42,46-47,50,53,66-67,70-71,75-76,79,82-83,85-86,90-91,94-95,…"
sequence-gap,case,ЦДІАК-127-595,"43 missing in 1..177: 2,4,9-10,19,28,32,35,38,48,57,61,70-71,75,77-78,85-86,99,103-104,109-111,119-120,126,…"
sequence-gap,case,ЦДІАК-127-435,"4 missing in 1..37: 6,11,20,22"
sequence-gap,case,ЦДІАК-127-174,"9 missing in 1..50: 4,13,15-16,20,22,27,41,49"
sequence-gap,case,ЦДІАК-127-191,"39 missing in 2..107: 4-7,9-11,14-15,17,20,23-24,26,28-31,34,38,41-43,51,54,69,71-72,74,80,83-84,87,89,…"
sequence-gap,case,ЦДІАК-127-95,"42 missing in 9..102: 12,19,25-27,29-33,38,40,43-45,49-50,54-55,57-58,64,67,69-71,75-77,82,84,86,92-101"
sequence-gap,case,ЦДІАК-127-536,"41 missing in 1..136: 2,34,37,40-41,44-49,51,54-56,60,62,64,67-70,72,74,77,79,91,99-103,106-108,111,120-121,…"
sequence-gap,case,ЦДІАК-127-459,"31 missing in 1..99: 12,18,20,23-24,33,38,40-43,45,58,60,63,65,67,69-71,73-74,76,79-80,83-84,91-93,97,…"
sequence-gap,case,ЦДІАК-127-229,"61 missing in 1..332: 13,34-35,44-46,49,57-58,76,152,154,164,172,181,194,207,209,215,219,222,227,230,232-233,…"
sequence-gap,case,ЦДІАК-127-515,"24 missing in 3..96: 9,15,17,19-22,28,32,34-36,38,43,47,49-50,55,57,60,68,75-76,83"
sequence-gap,case,ЦДІАК-127-198,"98 missing in 1..257: 3,5,9-10,14,17,23-24,30,33-35,38-40,43,46,51,54-55,60,62-65,80,84-85,87,89-90,92-93,…"
sequence-gap,case,ЦДІАК-127-458,"11 missing in 2..71: 56-59,62-66,68,70"
sequence-gap,case,ЦДІАК-127-109,"36 missing in 3..115: 8,11,14-15,18,21,23-25,28-29,32,38-39,42,53,58-59,63,67-68,70-71,77,81,88-89,91,94-96,…"
sequence-gap,case,ЦДІАК-127-439,"12 missing in 5..60: 6,12,14,16,21,30,40,45,51-53,55"
sequence-gap,case,ЦДІАК-127-614,"23 missing in 26..102: 27,31-34,38-39,45,52-53,56,61,71-73,77,79,82,84-85,89-90,101"
sequence-gap,case,ЦДІАК-127-625,"29 missing in 14..106: 15,20-21,23,26,29,33,35,38-39,41,47,50,56,59-61,63,66-68,70,73,75-76,78-79,84,…"
sequence-gap,case,ЦДІАК-127-516,"24 missing in 1..71: 8-9,16,18,20,22,27-28,31-32,35,39,42-44,46,53-54,57-58,61,63-65"
sequence-gap,case,ЦДІАК-127-426,"6 missing in 1..37: 3-4,6,8,12,17"
sequence-gap,case,ЦДІАК-127-535,"41 missing in 1..114: 6,8,10,15-16,19-20,22-23,25,27-30,36-37,40-41,49,53,55,66-68,74-75,78,81,83,85,88-89,…"
sequence-gap,case,ЦДІАК-127-254,"21 missing in 3..108: 4-5,12,15,18,23,26,37,40,44,50,54,63,70,80,88-91,103-104"
sequence-gap,case,ЦДІАК-127-247,"10 missing in 1..59: 10,14,27,29,31,38,53,55-57"
sequence-gap,case,ЦДІАК-127-263,"28 missing in 2..79: 8-13,19-20,24,28,30-31,33,35,41,44,50,53-55,57-58,61,64,66,71,76-77"
sequence-gap,case,ЦДІАК-127-237,"34 missing in 1..99: 3-4,9,12,14-15,17-18,20,23,26,37-40,43,45-47,53-54,57,65,72,76-77,79,81,83-86,90,…"
sequence-gap,case,ЦДІАК-127-731,"398 missing in 3..473: 5,7,9,11-15,17,20,22-24,26-38,40-45,47-53,55-57,59-61,64-68,70,74-76,78-79,81,84,87-90,92,…"
sequence-gap,case,ЦДІАК-127-494,"27 missing in 3..114: 8,12,19,33,40-41,43-44,49-50,55-56,61-62,65,70-71,75,81,88,94,96,105,107,109-110,113,…"
sequence-gap,case,ЦДІАК-127-533,"33 missing in 4..90: 7,9,13,21-24,26,29-30,32,35,38,41,49,51,57-58,62,64-65,69,72-73,76,79,82-86,…"
sequence-gap,case,ЦДІАК-127-757,"358 missing in 111..597: 112-113,115,117-124,126-136,140-141,143-152,154-170,173-180,182-184,186-191,194-207,210-212,215-217,219,221,223-225,228-232,234,236,238,…"
sequence-gap,case,ЦДІАК-127-859,"187 missing in 10..482: 14,17-18,22,24,42,45-46,56,59,67-68,72,78,87,89,98-100,102,106,109,111,117-118,120-123,…"
sequence-gap,case,ЦДІАК-127-661,"886 missing in 4..910: 5-6,8-13,15-22,24-218,220-229,231-238,240-244,246,248-279,281-291,293-305,307-401,403-628,630-663,665-765,767-846,849-873,875-882,884-909"
sequence-gap,case,ЦДІАК-127-840,"430 missing in 2..700: 3-7,9,11-13,15-16,18,21,23-24,29-32,35,37-39,46-47,49,52-54,60-61,67-71,76,82-83,85,87,90-91,…"
sequence-gap,case,ЦДІАК-127-824,"224 missing in 11..393: 12-124,128,130-133,139-141,143,145,151,153-154,157,160-161,168,171,177,182-183,185,191-192,194,199,207,211,…"
sequence-gap,case,ЦДІАК-127-858,"147 missing in 1..523: 2,8,10,18,21,24,28,32,35,41,43,51,53,63,66,72,82,84,86,98,…"
sequence-gap,case,ЦДІАК-127-534,"37 missing in 4..127: 15,21,26-27,31,36,38,40-41,56-63,65-69,72,83,97-98,100,105,108,112,114,116-117,121-122,124,…"
sequence-gap,case,ЦДІАК-127-380,"102 missing in 2..236: 4-5,7,9-12,16-18,22-24,27-28,32-33,35-42,46,51-52,59-60,64,66,70,74,79,82-86,91,93-94,97,…"
sequence-gap,case,ЦДІАК-127-549,"40 missing in 5..74: 6-10,12,14,17,19,21-23,25-31,36,38-41,44-47,50,53,55-62,65,69"
sequence-gap,case,ЦДІАК-127-379,"115 missing in 2..273: 7-8,12,16,18,20-21,25,27,30,32,36-37,39-43,48,55-56,58,61,63-65,67-70,73,77,79-80,…"
sequence-gap,case,ЦДІАК-127-826,"66 missing in 140..347: 146,148,155-157,160,162-163,165,169-171,175,185-186,188,196,198-200,206,209-210,219,222,226-227,230,239,242,…"
sequence-gap,case,ЦДІАК-127-981,"12 missing in 1..80: 3,21,26-27,30,33,39,41,46,48,67,77"
sequence-gap,case,ЦДІАК-127-199,"75 missing in 1..229: 3,6-10,12-13,18,21-23,25,28-29,37,41,43,45,49,51,54,59,61-63,67,69,72,74,…"
sequence-gap,case,ЦДІАК-127-1025,"24 missing in 1..623: 372-373,461,466,476,479-480,483,495,499,507-508,548,601,603,605,607-611,618-619,621"
sequence-gap,case,ЦДІАК-127-200,"66 missing in 1..221: 4,8,16,18,21,23,25-27,29-30,57,67,71,75,79,81-83,85,87,89,92,97-100,103,…"
sequence-gap,case,ЦДІАК-127-207,"50 missing in 1..149: 3,7,10,19-20,23,26,33,37-38,41,44-47,53,58-60,66-67,70,73-74,80,82-83,89,91,93,…"
sequence-gap,case,ЦДІАК-127-119,"56 missing in 5..117: 6-7,10-11,14,19,27,30,33-35,37-39,44,46,48,51,54-55,58,64-67,69-89,91-94,104-105,111-112,114,…"
sequence-gap,case,ЦДІАК-127-206,"119 missing in 2..212: 9,11-13,16-17,20-22,26-27,36,41,44,47,50,52-58,60,63-66,69-70,78-89,93-94,97,102-103,107,109,…"
sequence-gap,case,ЦДІАК-127-215,"844 missing in 2..986: 3,6,14-16,18-19,23-24,37-38,41-42,45,50,53-55,62,68-69,76,78-79,81-82,86-88,93,97,99-101,104,…"
sequence-gap,case,ЦДІАК-127-495,"33 missing in 3..97: 6-7,12-13,19-20,22-24,30,35,37-38,42,44,46-47,49,52,56,61,63,66-68,75,82,84,86,…"
sequence-gap,case,ЦДІАК-127-861,"295 missing in 4..531: 5-11,13-19,22,24-29,32-33,35-39,43,46-50,53-57,59,61-62,67,69-71,76,83,87-89,91-92,98,100,102-105,…"
sequence-gap,case,ЦДІАК-127-125,"61 missing in 2..146: 7,12,15,20,22-23,30,35-40,42,45-46,49-53,55-56,61-64,66,69,71,73-84,86-87,90,97,99,…"
sequence-gap,case,ЦДІАК-127-879,"75 missing in 1..209: 2-7,20,31,33,36,45-48,66,68,79,82,94,102-105,111-115,119-122,124-139,141,143-154,163,168,170,…"
sequence-gap,case,ЦДІАК-127-686,"1359 missing in 32..1502: 33-66,68-72,74-221,223-227,229-233,235-250,252-262,264-274,278-280,282-286,288-307,309-312,314-333,335-344,347-350,352-377,379-388,390-439,441-442,444-458,…"
sequence-gap,case,ЦДІАК-127-381,"88 missing in 1..234: 4-5,12,14,16,18,23-24,27,29,35,39-40,42,46,49,54,57,63-65,75,82,87,89,…"
sequence-gap,case,ЦДІАК-127-474,"21 missing in 2..94: 12,19,21-22,27,31,34,38,43,46-50,55,77-79,83-84,93"
sequence-gap,case,ЦДІАК-127-122,"66 missing in 1..123: 2,5-6,9-10,15-16,18,25-26,30-31,36-44,46-50,52-54,56-60,65,67-70,75,77,79,84-91,93,96,98,…"
sequence-gap,case,ЦДІАК-127-257,"13 missing in 3..83: 19,30,35,40,45,48,51,60,69,72,74,81-82"
sequence-gap,case,ЦДІАК-127-108,"24 missing in 2..107: 23-24,30-31,42,45,47-48,50,54,63,66,68-70,75,77-78,84,95-97,100-101"
sequence-gap,case,ЦДІАК-127-92,"49 missing in 2..94: 9,13,18,24,26-27,33,35-36,53-57,59-93"
sequence-gap,case,ЦДІАК-127-143,"4 missing in 1..14: 2-3,5,12"
sequence-gap,case,ЦДІАК-127-162,"10 missing in 2..91: 5,20,29,34,41,60-61,66,71,83"
sequence-gap,case,ЦДІАК-127-107,"11 missing in 3..76: 14,23,27,35,41-42,44,51,68-69,71"
sequence-gap,case,ЦДІАК-127-111,"15 missing in 2..92: 8-9,11,18,24,36,40,47,66,68,72-73,77,87,89"
sequence-gap,case,ЦДІАК-127-864,"313 missing in 2..549: 4-13,16-19,24-26,28,30,37,39,46,49,51,54,57,59,62-63,65-67,73,82,91,99,101-107,…"
sequence-gap,case,ЦДІАК-127-105,"19 missing in 1..101: 7,11-12,14,16-17,19,33,36,48,54,56,74,86,91-92,96-98"
sequence-gap,case,ЦДІАК-127-112,"3315 missing in 1..3762: 8-10,13,23,31,40,42,44,47,55,57-58,60,71,73,75,92,106,108,114,122-123,129,…"
sequence-gap,case,ЦДІАК-127-114,21 missing in 1..124: 103-123
sequence-gap,case,ЦДІАК-127-506,"20 missing in 1..54: 2-3,5,7,12,16,19-20,22,24,26-27,30-31,38,40,43,49-50,52"
sequence-gap,case,ЦДІАК-127-726,"240 missing in 243..512: 245-254,256,258-259,261-269,271-274,276-280,282-286,289-308,310-326,328-329,331-353,355-357,359-360,362-369,372-409,411-430,432-453,455-465,467-473,475-481,…"
sequence-gap,case,ЦДІАК-127-727,"618 missing in 1..736: 2-6,8-20,23-32,34-42,44,46,48-58,60-64,66-68,70-113,115-135,137-140,142-148,150-163,165-168,170-177,179-183,185-195,197-198,202-206,…"
sequence-gap,case,ЦДІАК-127-472,"14 missing in 1..46: 4-6,8,14-15,20,24,26-27,29,35,37,44"
sequence-gap,case,ЦДІАК-127-475,"14 missing in 2..69: 5,9,13,17,25,29,33,42-43,50-52,59,65"
sequence-gap,case,ЦДІАК-127-441,"10 missing in 2..50: 18,21,23,27,34,39,41-42,46,48"
sequence-gap,case,ЦДІАК-127-473,"14 missing in 1..75: 6,14-16,19-20,25,28,44,46,50,61,66,73"
sequence-gap,case,ЦДІАК-127-463,"16 missing in 2..48: 7-8,12,16,20,22,24-25,33-34,36-37,41-42,45-46"
sequence-gap,case,ЦДІАК-127-500,"53 missing in 3..111: 4-8,10,14,18-19,23,25,27-29,32,36-37,42-46,49-51,53,56-57,61,63-64,66,77,79,82,89-91,…"
sequence-gap,case,ЦДІАК-127-460,"19 missing in 5..73: 6-20,47-48,60,71"
sequence-gap,case,ЦДІАК-127-455,"14 missing in 1..67: 2,5-6,18,23,27-29,36,41,43,53,61-62"
sequence-gap,case,ЦДІАК-127-389,"1686 missing in 5..1810: 12-13,20,27-28,32-33,36-37,39,43-48,53-54,57,59-63,65-67,69,71,76-78,80,82,84,86-87,91,94-95,…"
sequence-gap,case,ЦДІАК-127-482,"12 missing in 2..54: 11,16,23,25,30-31,33,35,44,47-49"
sequence-gap,case,ЦДІАК-127-1016,"8 missing in 1..641: 58,199,209,347,361,556,571,618"
sequence-gap,case,ЦДІАК-127-1027,"83 missing in 51..189: 53-54,58-59,62,111-188"
sequence-gap,case,ЦДІАК-127-1036,194 missing in 53..269: 75-268
sequence-gap,case,ЦДІАК-127-1043,"2 missing in 1..180: 38,40"
sequence-gap,case,ЦДІАК-127-422,"13 missing in 1..49: 4,7,14,22,25,27,31,38,42,45-48"
sequence-gap,case,ЦДІАК-127-444,"7 missing in 1..74: 24,31,33,37,52,54,70"
sequence-gap,case,ЦДІАК-127-467,"9 missing in 1..49: 3,7-8,35,38,41-42,46-47"
sequence-gap,case,ЦДІАК-127-443,"12 missing in 30..61: 32-33,36-37,40-42,45,47,50,53,56"
sequence-gap,case,ЦДІАК-127-424,"37 missing in 2..94: 3-4,12,15,18-19,23,29-32,35,41,45-51,53,55-58,60-66,69,79,84,86,88"
sequence-gap,case,ЦДІАК-127-486,"20 missing in 1..90: 10-11,19,24-25,27-28,40,44-45,47,54,56-57,69,74-75,82,86,89"
sequence-gap,case,ЦДІАК-127-487,"13 missing in 1..72: 4-5,10,15,21,23,29,34,37,52,58,68-69"
sequence-gap,case,ЦДІАК-127-773,"358 missing in 5..652: 6-9,12-14,20,22-25,28-31,33,37-38,40-42,44-45,48,50,52-53,55,57-60,65-68,70-77,79,81-82,84-89,91-96,…"
sequence-gap,case,ЦДІАК-127-440,"7 missing in 1..55: 12,21,29-30,41,43,50"
sequence-gap,case,ЦДІАК-127-772,"6841554 missing in 1..6841884: 2-3,5-13,15-16,18-19,21-23,28,30,34,38,40-42,50-52,54,58,61,64,66,68,72-73,79,84,…"
sequence-gap,case,ЦДІАК-127-774,"265 missing in 5..690: 6-7,13-14,16-18,20,27-28,33-34,36,40-41,44,47-48,51,61,63,65,67-68,79-80,82,93,96,98-100,…"
sequence-gap,case,ЦДІАК-127-402,"14 missing in 1..78: 3,20-21,26-27,29,42,45-46,52,59-60,64,74"
sequence-gap,case,ЦДІАК-127-407,"13 missing in 2..54: 8,10-11,14-15,19,38-39,41,43,45,48,50"
sequence-gap,case,ЦДІАК-127-48,"20 missing in 1..86: 5,9-10,22,30,32,35,37,44,52,55,57-58,60-62,64,80-81,84"
sequence-gap,case,ЦДІАК-127-410,"11 missing in 1..57: 2,5,12,17,23,28-29,35,40-41,51"
sequence-gap,case,ЦДІАК-127-404,"13 missing in 1..70: 8-9,16,22,24-25,27,35-36,42,54-55,60"
sequence-gap,case,ЦДІАК-127-1076,"1124 missing in 1..1467: 3,6,345-1466"
sequence-gap,case,ЦДІАК-127-997,1 missing in 1..191: 187
sequence-gap,case,ЦДІАК-127-998,1 missing in 1..405: 264
sequence-gap,case,ЦДІАК-127-993,"177 missing in 1..207: 5,8,10-14,16,19-24,26-44,46-54,56-61,63-73,75-101,103-142,144-154,156,158-177,181-188,190-193,196-197,199-201,203,206,…"
sequence-gap,case,ЦДІАК-127-1010,"344 missing in 1..630: 162,217,288-629"
sequence-gap,case,ЦДІАК-127-1005,"17 missing in 1..204: 18,22,25-26,34,40,42,56,63,85,113,120,128,140,142,172,186"
sequence-gap,case,ЦДІАК-127-786,"616 missing in 4..855: 6-10,12,17-23,25,29-36,38-41,43-44,46-53,56-57,60-62,64-66,69,71,73,76-77,80,83-93,95-107,109-110,113,…"
sequence-gap,case,ЦДІАК-127-1004,"2 missing in 1..135: 96,116"
sequence-gap,case,ЦДІАК-127-165,"20 missing in 1..69: 5,14-15,17,21-22,25,27-28,30-33,42,48,53-54,63,67-68"
sequence-gap,case,ЦДІАК-127-36,"21 missing in 8..130: 14-15,29-31,36,46,64,67,72,79,84,110,114,117,121,123-125,127-128"
sequence-gap,case,ЦДІАК-127-700,"180 missing in 5..347: 6-143,165,167,170,173,181-182,201,218-220,231,278,284,292,294,296-304,310-317,322-323,328-329,331,337-338,343,…"
sequence-gap,case,ЦДІАК-127-448,"8 missing in 1..80: 31,44,47,65,68,71-72,79"
sequence-gap,case,ЦДІАК-127-476,"17 missing in 1..75: 5,11,14,16,19,24,27,29,38,43-44,47-48,54,57,66,71"
sequence-gap,case,ЦДІАК-127-599,"19 missing in 4..96: 6,8,12,20,24,28-29,31,34-35,42,52,61,63-65,69,72,74"
sequence-gap,case,ЦДІАК-127-429,"3 missing in 1..46: 7,38,45"
sequence-gap,case,ЦДІАК-127-544,"51 missing in 1..137: 3,7-8,12,16-17,20-21,25,31-32,38,41,43,51,54,56-58,60,65,67,75-76,78,80,84,…"
sequence-gap,case,ЦДІАК-127-586,"9 missing in 1..101: 90-97,100"
sequence-gap,case,ЦДІАК-127-651,"362 missing in 60..476: 61-83,85-124,126-131,133-143,145-154,156-160,162-171,173-184,186-187,189-192,194-196,199-210,213-218,220,222-233,235-257,259-270,272-277,279-288,290-323,…"
sequence-gap,case,ЦДІАК-127-503,"62 missing in 1..90: 2-3,7,9,11-15,19-21,23-24,27-28,30-34,36,38-39,43-45,47,49-53,55-64,66-70,74,76-88"
sequence-gap,case,ЦДІАК-127-620,"47 missing in 1..114: 2-3,10,12-13,27,29-30,37-38,46-47,51,56-57,69,72,74,79-81,83,85-86,91-113"
sequence-gap,case,ЦДІАК-127-526,"18 missing in 3..89: 8,13,16,19,21,29-31,33,38-39,44,50,62,71-72,80,82"
sequence-gap,case,ЦДІАК-127-496,"36 missing in 5..92: 6,10,12-14,16,23,32,34-37,40-45,47,49,51-53,55,57-60,69-71,76,79,81,88,91"
sequence-gap,case,ЦДІАК-127-528,"23 missing in 6..110: 8,11-12,18,28-30,38,40,42,45,47,49-51,65,68-69,80,97,99,101,105"
sequence-gap,case,ЦДІАК-127-545,"43 missing in 2..82: 5-6,10,12-16,19-21,26-27,29-31,34,39-44,46,48,50-51,55-56,58,61-63,65,67,69-71,73-74,76-77,79,…"
sequence-gap,case,ЦДІАК-127-603,"27 missing in 1..98: 2-3,5,10-11,19,21-22,29,31,36-37,41-42,44,49,55,59-60,62,64,68,76,84,90,92-93,…"
sequence-gap,case,ЦДІАК-127-619,"34 missing in 15..123: 16-17,23-26,31-32,37,39-40,43-46,50,57,61,63,66,71,75-76,78-79,81,87,90,104,107,109-111,…"
sequence-gap,case,ЦДІАК-127-659,"621 missing in 7..688: 8-16,18-30,32-33,35-48,50-82,84-95,97,100-108,110-146,148-149,151-156,158-160,162-193,195,198-208,210-211,213-215,217-224,226,228-230,…"
sequence-gap,case,ЦДІАК-127-120,"49 missing in 2..146: 20,27,30-34,37,40,43,49-50,56-58,62-64,67-68,70-71,81,83-84,86,89,92,94,98,101,103-104,…"
sequence-gap,case,ЦДІАК-127-447,"25 missing in 1..96: 5,9-10,12,16-17,20,32,35,37,39,47,52-54,56,60-63,66,69,82,93,95"
sequence-gap,case,ЦДІАК-127-532,"34 missing in 2..108: 3,5-6,8-9,13,15,17-18,27-28,31-32,34,37,40,46,51-52,54-55,58-59,62,66,71,74,81,…"
sequence-gap,case,ЦДІАК-127-428,"18 missing in 6..60: 7,9,11-12,16,20,22,25,27-28,34-35,37,40,42,44,47,49"
sequence-gap,case,ЦДІАК-127-485,"16 missing in 2..81: 6,11,20-22,31,44,48,52,58,67-68,75,77-79"
sequence-gap,case,ЦДІАК-127-431,"25 missing in 1..74: 12,23,25,29,32,35-36,38,46,52,54-59,61-65,67-68,71,73"
sequence-gap,case,ЦДІАК-127-660,"1096 missing in 23..1197: 24-29,31-47,50-78,80-87,89-141,144-151,153-161,163-180,182-184,186-205,207-237,239-249,251-253,256-284,287-289,291-299,302-310,312-322,324-325,327-363,…"
sequence-gap,case,ЦДІАК-127-517,"16 missing in 2..66: 4,8,10,15,23-24,28,30,32,34-35,42,47,51,63-64"
sequence-gap,case,ЦДІАК-127-514,"20 missing in 2..88: 3,7,11,19,23,27,35,41,43-44,49-51,59-60,66,71-74"
sequence-gap,case,ЦДІАК-127-512,"27 missing in 4..83: 5,7,12-13,18,21,26-27,31,35,42-43,45,47,55-56,61-62,64-66,70,73-76,81"
sequence-gap,case,ЦДІАК-127-647,"588 missing in 11..714: 12-16,18-34,37-40,42-45,48,51-56,58,60-76,78-98,100-104,106-113,115-116,119-122,124-133,135-137,139-140,144-155,157-167,169-175,177-178,…"
sequence-gap,case,ЦДІАК-127-525,"9 missing in 60..90: 65,67-69,71,75,77,80,82"
sequence-gap,case,ЦДІАК-127-569,"36 missing in 3..110: 4-5,7,9,13,16-17,19-20,22-25,34-35,43,56-57,62,69,71,75,80,82,86,88,90-91,95,…"
sequence-gap,case,ЦДІАК-127-502,"32 missing in 1..98: 2-3,10,17,19,32,37-38,43-45,47-48,55,58,62,64,66-67,69-70,72-73,75-76,78-79,85,87-88,93,…"
sequence-gap,case,ЦДІАК-127-576,"23 missing in 1..85: 7,14,28-29,38,41,43-44,49,52,54-55,59,62-65,73,76-77,80,82-83"
sequence-gap,case,ЦДІАК-127-581,"44 missing in 2..108: 4,6,9,12,19,21,23,30-33,35,38,42,46-48,55,57,61,64-65,67,70-72,74-75,77,…"
sequence-gap,case,ЦДІАК-127-518,"13 missing in 4..69: 15,22,32,36,41,47,50,54,61,64-67"
sequence-gap,case,ЦДІАК-127-578,"47 missing in 4..114: 6,14,16-17,19,25-26,29,31-34,37,45,48,52,56-58,60-61,64-66,69-70,75,78,81-82,85-87,89-90,…"
sequence-gap,case,ЦДІАК-127-646,"492 missing in 16..621: 18-19,21-28,30-39,41,43-56,58-60,62-65,67,69-70,74,76-79,85-87,89-98,100-118,121-129,131-136,138-141,143,145-148,150-153,…"
sequence-gap,case,ЦДІАК-127-590,"24 missing in 1..85: 3,8,10,14,21,32-34,36,40,42,47-48,58-59,62,64,66-68,71,81-83"
sequence-gap,case,ЦДІАК-127-627,"45 missing in 6..106: 9,14-16,18-19,24-25,28-29,31,33-34,38,40,42-51,53,56,58,60,63-64,67-68,70,72,75,77,…"
sequence-gap,case,ЦДІАК-127-613,"30 missing in 2..133: 3,5,16,18,33,37,42,53-54,60-61,68,70,77-78,80-81,83-87,89,95,100-101,111,118,122-123,…"
sequence-gap,case,ЦДІАК-127-587,"67 missing in 3..122: 4,6-7,10-12,14,17-19,21,24,29-32,35,38-39,42-43,46,48-50,53-54,58-59,64,68-69,77-78,80-81,83-87,…"
sequence-gap,case,ЦДІАК-127-621,"53 missing in 1..141: 2-3,6,8,10-11,14,16,19-20,23,28-30,40-42,44-45,48-51,55,60,62,65,67,69,71-73,77,…"
sequence-gap,case,ЦДІАК-127-582,"75 missing in 4..153: 5-6,8,14-15,17,20-21,28-29,31,33-38,41-42,49,51,54,58,61,65,67,71-72,74-78,80,82,…"
sequence-gap,case,ЦДІАК-127-629,"33 missing in 3..112: 4,12,15-17,20,24,28,30-31,39,41,44,47-50,52-53,57,62-63,65,74,83,87,91,99-101,…"
sequence-gap,case,ЦДІАК-127-37,"57 missing in 3..121: 6,9,11,14,17,20-21,23,25,27-28,33,37,39,41-42,44,51-53,57-60,63-65,68,75,77-84,…"
sequence-gap,case,ЦДІАК-127-110,"29 missing in 3..92: 4,8,11-13,19-22,27,30,32-33,35-36,41,50-52,56,58,61,63,66,79-80,84,87-88"
sequence-gap,case,ЦДІАК-127-329,"11 missing in 11..93: 17,24,33,41,43,47,54,62,69,84-85"
sequence-gap,case,ЦДІАК-127-605,"9 missing in 14..62: 20,22,28,37-38,48,51,56,58"
sequence-gap,case,ЦДІАК-127-82,"17 missing in 1..80: 2,12,20,26,32,37,40,48,51,60,64-67,70-71,73"
sequence-gap,case,ЦДІАК-127-258,"20 missing in 27..95: 28,31-32,39,47,51,57-58,69,71,73-75,79,87-88,90-91,93-94"
sequence-gap,case,ЦДІАК-127-399,"10 missing in 4..60: 10,19,32,36,42,44-46,48,54"
sequence-gap,case,ЦДІАК-127-479,"31 missing in 2..53: 6-27,31,37,40,44-46,49-51"
sequence-gap,case,ЦДІАК-127-490,"27 missing in 1..86: 7,11,13,15,17,20,22,25,27,29,31-32,36,39,41,43,46,51,55,57,67,…"
sequence-gap,case,ЦДІАК-127-477,"5 missing in 1..37: 10,31-33,36"
sequence-gap,case,ЦДІАК-127-454,"32 missing in 2..92: 9,12,15,22,26,35-37,39-40,43,45-47,49,53,55,57,63-64,69,71,73-74,79,81-84,86,…"
sequence-gap,case,ЦДІАК-127-480,"18 missing in 3..55: 7,9,12,15,17,19-20,24-25,27,29,37,40-42,47-48,53"
sequence-gap,case,ЦДІАК-127-478,"10 missing in 2..41: 4,7-9,11,23,34,36,38,40"
sequence-gap,case,ЦДІАК-127-453,"17 missing in 1..68: 10-11,13,15-16,29,31,36,42,50,53-54,57,62,64-66"
sequence-gap,case,ЦДІАК-127-387,"84 missing in 1..140: 2-7,10,12-13,15-17,19-22,24-26,30-31,33-36,39-40,43-44,51-66,72-73,76,78-79,81-87,90-91,93,95-96,98-100,113-114,…"
sequence-gap,case,ЦДІАК-127-382,"137 missing in 5..219: 9,11-15,18-19,24,31-37,39-43,46,49-55,57,60-67,69-88,90-93,95-118,121,123-124,128,131-133,144-146,148,150,…"
sequence-gap,case,ЦДІАК-127-461,1 missing in 1..18: 16
sequence-gap,case,ЦДІАК-127-457,"30 missing in 4..84: 5-6,13-14,16,21,28-30,32,34-36,38,46-49,54-57,60,62,64,67-68,70,76,79"
sequence-gap,case,ЦДІАК-127-464,"25 missing in 1..54: 2,7-9,12,17-18,23,25,30,33,36-37,41-52"
sequence-gap,case,ЦДІАК-127-493,"53 missing in 3..78: 4-6,8-9,11-15,19-20,22-28,30-34,36-37,39,41-44,46-47,49,53-54,56-60,65-75,77"
sequence-gap,case,ЦДІАК-127-75,"18 missing in 1..94: 9,13,18,21,29,31,34,36,49-50,56,58,67,69,72,83,89,93"
sequence-gap,case,ЦДІАК-127-63,"13 missing in 1..77: 4,7,12,25-26,28,40,42,54,60-61,65,68"
sequence-gap,case,ЦДІАК-127-84,"42 missing in 3..93: 4,8,11,13,18,20,23,26,33,37-39,41,43,45,47,50-53,55-57,63,67-69,74,76-77,…"
sequence-gap,case,ЦДІАК-127-38,"25 missing in 1..90: 3-4,11,20-21,29-30,32,39,41-43,46-48,55,57,66,71,75-76,78-79,88-89"
sequence-gap,case,ЦДІАК-127-65,"11 missing in 1..71: 9,18,21,25,45-46,52-53,59,62-63"
sequence-gap,case,ЦДІАК-127-83,"147 missing in 3..297: 4-5,7,9,12,15,24-25,32-33,38,45,48,51,61-63,71,77,79,85,87,91,96-97,100-185,…"
sequence-gap,case,ЦДІАК-127-91,"24 missing in 2..86: 4,7,18,26,28-29,33-34,39-40,46,48,55-56,58-59,74,76-77,79-83"
sequence-gap,case,ЦДІАК-127-405,"21 missing in 1..96: 3,5,8,17,24,28,33,39-40,42-43,52,54,62,69-71,82-83,89,95"
sequence-gap,case,ЦДІАК-127-43,"18 missing in 1..58: 4-6,8,10,21-23,27-28,38,41-42,46,51,54-56"
sequence-gap,case,ЦДІАК-127-396,"15 missing in 1..78: 7-9,14,18,20,26,47,58,60,62,69,72-73,76"
sequence-gap,case,ЦДІАК-127-79,"17 missing in 3..85: 5,12,18,23-24,29,31,34-35,40,42,54,59,61-62,67,79"
sequence-gap,case,ЦДІАК-127-99,"32 missing in 1..91: 15,17-21,26,30-35,37,39,42,44-45,47-48,55,60,67,69-70,77,80-83,87-88"
sequence-gap,case,ЦДІАК-127-87,"10 missing in 2..69: 11,18,33,36-37,39-40,46,48,54"
sequence-gap,case,ЦДІАК-127-423,"30 missing in 2..96: 3,6,10,14,24,26-27,30-31,52-54,60,62-70,72-73,76,81-84,91"
sequence-gap,case,ЦДІАК-127-385,"88 missing in 2..209: 5-7,10,15,19-21,23,25-29,32,37,42,44-49,51-52,54-56,58,64,67,72-73,78,93,96,98-100,…"
sequence-gap,case,ЦДІАК-127-406,"8 missing in 1..67: 6,22,25,27,31,44,48,61"
sequence-gap,case,ЦДІАК-127-420,"12 missing in 1..63: 5,12-13,22,27,34,36-37,43,45,54,62"
sequence-gap,case,ЦДІАК-127-100,"12 missing in 3..43: 4,6,10-13,25-26,33-34,37-38"
sequence-gap,case,ЦДІАК-127-78,"27 missing in 1..86: 3-4,8-9,13,15,25,27,30,34-35,37,41,44-45,48-49,51-52,55,59-60,62,69,74,79,82,…"
sequence-gap,case,ЦДІАК-127-34,"65 missing in 3..112: 4-8,10,13-21,23,25-27,31-32,40,43-45,47-50,59-60,62-63,66-77,79-81,83,87-91,93-98,101-104,111"
sequence-gap,case,ЦДІАК-127-35,"34 missing in 8..108: 14-15,29-31,36,41-42,46,50-52,54,58-61,63-64,67,72-73,78-79,81,84,87,89,91,95-96,99-100,107,…"
sequence-gap,case,ЦДІАК-127-98,"10 missing in 18..82: 19,23,27,38,40-41,45,77-78,80"
sequence-gap,case,ЦДІАК-127-45,"40 missing in 9..60: 10-15,17,19-20,22-30,32,35-38,41-56,59"
sequence-gap,case,ЦДІАК-127-51,"16 missing in 1..79: 2,4-6,10,29,31,53,55,62-63,66-67,72-73,75"
sequence-gap,case,ЦДІАК-127-54,"19 missing in 1..72: 7-10,14,36-41,46,48-51,55,59,69"
sequence-gap,case,ЦДІАК-127-55,"17 missing in 1..56: 4,7,10,12,15-16,21-23,28-30,34,38,47-48,53"
sequence-gap,case,ЦДІАК-127-60,"15 missing in 3..56: 4,8,10,12,14,17,23,25-26,28,30,33,42-44"
sequence-gap,case,ЦДІАК-127-67,"16 missing in 1..85: 2,15-16,18,21,32-33,38,40,43-44,49,55,60,62,76"
sequence-gap,case,ЦДІАК-127-68,"8 missing in 2..58: 12,16,20,27,31,34,50,57"
sequence-gap,case,ЦДІАК-127-69,"9 missing in 1..58: 14,25,27,32,34,41,43-44,46"
sequence-gap,case,ЦДІАК-127-71,"18 missing in 2..58: 3-5,8,16,18,21-25,29,31-32,41,54-55,57"
sequence-gap,case,ЦДІАК-127-72,"9 missing in 2..73: 36,42-43,45,49-50,62-63,72"
sequence-gap,case,ЦДІАК-127-74,"21 missing in 1..82: 4-6,10-12,20-21,24,28,37,40,48,53-54,58,60,63,65,69,71"
sequence-gap,case,ЦДІАК-127-76,"18 missing in 1..66: 5,8-9,14,17,23,29,34-36,38,54,56-58,61,63,65"
sequence-gap,case,ЦДІАК-127-77,"22 missing in 1..93: 15,17,25,30-32,40-41,43-44,47,56,58-59,66,72,75-77,82-83,92"
sequence-gap,case,ЦДІАК-127-1007,"5 missing in 1..130: 39,41,97,112,129"
sequence-gap,case,ЦДІАК-127-81,"30 missing in 1..63: 5-6,10-11,16-17,19-20,23-29,31,33-35,37-38,41-43,47-49,52-54"
sequence-gap,case,ЦДІАК-127-89,"35 missing in 1..87: 8,10-11,13-15,18,20,27,31-32,35-37,45-47,54,56,60-64,66,68-70,73-76,78,81,85"
sequence-gap,case,ЦДІАК-127-85,"15 missing in 2..40: 3-4,6,10,16-18,20,22,24,28-30,33,36"
sequence-gap,case,ЦДІАК-127-86,"43 missing in 1..77: 2-4,6,11,13,15-22,24-25,28,31-32,34-38,44-45,47-49,52-54,56,61,65-66,69-70,72-76"
sequence-gap,case,ЦДІАК-127-88,"19 missing in 3..68: 7,9,17-18,24,29,31-32,35-36,39,41,44,48-49,52,55,61,64"
sequence-gap,case,ЦДІАК-127-96,"38 missing in 2..82: 5,9,15-16,18,23-24,33-34,38-39,43,48-49,58-81"
sequence-gap,case,ЦДІАК-127-102,"13 missing in 2..57: 3,13,18-19,21-22,32,39,41-44,46"
sequence-gap,case,ЦДІАК-127-245,"26 missing in 2..76: 5,12,16,18,20,23,30,32,36-41,46,48,52,55,57,59,62,66-68,70,75"
sequence-gap,case,ЦДІАК-127-222,"217 missing in 3..341: 8,11-17,19-20,23,25-27,32,35,38,40,43-46,48-50,53,56-57,61-62,64-74,76-79,81-83,85-87,89-91,93-96,…"
sequence-gap,case,ЦДІАК-127-242,"16 missing in 1..78: 3,6-7,11,16,21,25-26,31,34,43,56,58,60,67,74"
sequence-gap,case,ЦДІАК-127-104,"6 missing in 2..73: 21,23,31,69,71-72"
sequence-gap,case,ЦДІАК-127-238,"30 missing in 1..89: 2,5-6,8,10,12-14,18-19,22,24-25,34,37,42,47,52,54,56,70,72-75,77,79,82,…"
sequence-gap,case,ЦДІАК-127-437,"28 missing in 3..42: 4-5,7-10,12-17,19,22-23,26-27,29,31-35,37-41"
sequence-gap,case,ЦДІАК-127-117,"42 missing in 2..133: 5-6,11,14-19,23,25-27,36-37,43-44,46,48,57-60,63,65,71-72,74,77-78,82,93,95,103,112,…"
sequence-gap,case,ЦДІАК-127-113,"25 missing in 2..98: 4,14-15,20,29-30,32,39-41,48,51-53,57,61-63,65,80,82,86,89-91"
sequence-gap,case,ЦДІАК-127-116,"27 missing in 1..102: 5-8,12,14,27-28,30,36,39,50,52-53,56,59,70,72-73,83,86-87,91,93,96,99-100"
sequence-gap,case,ЦДІАК-127-579,"47 missing in 4..116: 5,8,10-11,24,26,28-30,33,41,43-45,52-54,57-59,61,63,69,76,84,86-87,90-92,95,100-115,…"
sequence-gap,case,ЦДІАК-127-142,"18 missing in 4..38: 6-9,12-15,17-18,20,22-24,28-29,31,33"
sequence-gap,case,ЦДІАК-127-126,"39 missing in 1..133: 2-3,6,23-24,29,34-35,38-39,46,50,52,54,56,59,62,66-67,69,78,84-86,88,95-96,104,…"
sequence-gap,case,ЦДІАК-127-147,"39 missing in 2..125: 7-8,12,15,18,20,23-24,26,33,45-46,52,54,56,58-60,62,65-66,77,79-80,82-84,86,90,…"
sequence-gap,case,ЦДІАК-127-129,"9 missing in 1..25: 2,8,10,15,17-19,21-22"
sequence-gap,case,ЦДІАК-127-132,"3 missing in 1..14: 3,6,9"
sequence-gap,case,ЦДІАК-127-133,"13 missing in 2..55: 3-5,7,23,27,31,34,36-37,47,50-51"
sequence-gap,case,ЦДІАК-127-137,1 missing in 1..14: 10
sequence-gap,case,ЦДІАК-127-139,"8 missing in 1..25: 2,4-7,15,17,20"
sequence-gap,case,ЦДІАК-127-146,"93 missing in 7..135: 9-11,13-15,17,19-29,31-38,40-42,45-50,52-56,58-61,63-64,66-68,70-71,73-74,76-81,83-85,88,90-92,96-97,99-100,102-104,…"
sequence-gap,case,ЦДІАК-127-151,"27 missing in 2..93: 3,10,12,14-15,19-21,23,26,28-29,31,41,44-49,53,55,57,67,84,88-89"
sequence-gap,case,ЦДІАК-127-153,"23 missing in 2..133: 21,28,45-52,57,66,70,90,92,107-108,113,115,119-120,122,124"
sequence-gap,case,ЦДІАК-127-155,"19 missing in 2..54: 3,10-11,13-14,16-19,26,28,43,45,48-53"
sequence-gap,case,ЦДІАК-127-178,"2033 missing in 7..2099: 8-9,11-14,16-21,23-35,37-42,44-46,48-49,51-61,63-81,84-86,88-91,93-96,98,108,118-119,134,138,148,150-2098"
sequence-gap,case,ЦДІАК-127-1003,"263 missing in 1..948: 358,501-559,657,661-852,923-930,932-933"
sequence-gap,case,ЦДІАК-127-1017,"1641 missing in 1..1879: 10,108,121,241-1878"
sequence-gap,case,ЦДІАК-127-896,"13 missing in 1..590: 528,534,554,557,575,580,582-588"
sequence-gap,case,ЦДІАК-127-906,"103 missing in 2..869: 51,427,609,611,613,617-618,622,630,643,650-651,659,669-670,672-673,675-677,679,682-684,690,692,695-697,702-703,…"
sequence-gap,case,ЦДІАК-127-868,"7349604 missing in 1..7351900: 14,29,159,163,166,170,179,186,195-196,198,200,210,224,240,247,249,255,263,269-270,289,…"
sequence-gap,case,ЦДІАК-127-230,"316 missing in 2..400: 3,5-8,10-12,14,17,20-24,30-34,36-38,40-42,44-49,51-58,61-62,64,66-69,71,73,75,77-79,81-82,84,…"
sequence-gap,case,ЦДІАК-127-919,"399 missing in 1..1110: 69,88,98,108,110,118,130-131,144,146,149-150,153,169,219,223,225,235,241,249-250,257,272,…"
sequence-gap,case,ЦДІАК-127-989,"16 missing in 1..41: 21,23-30,32-33,35-36,38-40"
sequence-gap,case,ЦДІАК-127-907,"49 missing in 86..585: 90,92,108,193-194,203,213,220,227,229,231-232,236,238,252,255,258,263,268-269,281,298,302,…"
sequence-gap,case,ЦДІАК-127-244,"17 missing in 1..71: 2,5,7,9,13,20,24-25,27,35-37,41-42,51,65,69"
sequence-gap,case,ЦДІАК-127-248,"15 missing in 4..72: 6,11-12,15,19,22,24,36,38,41-42,54,56,62,64"
sequence-gap,case,ЦДІАК-127-259,"25 missing in 46..82: 47-61,63-64,66-67,69-72,79,81"
sequence-gap,case,ЦДІАК-127-249,"17 missing in 2..100: 3,17-18,20,22,27,37,39,46,48,60,62,66,79,87,89,95"
sequence-gap,case,ЦДІАК-127-252,"49 missing in 3..85: 7-8,10-11,13,18,26-27,33,35,37,42,47-75,77-84"
sequence-gap,case,ЦДІАК-127-256,"28 missing in 16..74: 18-20,23-31,36,38-45,47-50,52,63,70"
sequence-gap,case,ЦДІАК-127-231,"258 missing in 35..359: 36-37,40-43,46-53,55-56,58,62,66-69,72-74,76-79,81-82,84-85,90,94-98,101-103,105,108,110,112-122,124-125,127-132,…"
sequence-gap,case,ЦДІАК-127-235,"24 missing in 2..80: 3,10,16,19,21-22,24-26,28-29,33,35,41,44-48,51-52,56,61,67"
sequence-gap,case,ЦДІАК-127-240,"19 missing in 1..73: 3,15,19,22,24,27,32-34,36,38,44,47,55,59,65,67,71-72"
sequence-gap,case,ЦДІАК-127-264,"33 missing in 5..84: 9,13,15,17-21,34,36,39-43,49,52-53,55,57,69-70,72-81,83"
sequence-gap,case,ЦДІАК-127-266,"19 missing in 3..114: 4,9,12,15,17,24,33,40,44,47-48,50,61,73,81,89,95,98,109"
sequence-gap,case,ЦДІАК-127-365,"72 missing in 3..156: 5-11,13-14,18,22-26,28-29,31-40,45,47,49,51,56,58-59,65,75,77,80-83,87,91,95-97,101,…"
sequence-gap,case,ЦДІАК-127-374,"91 missing in 1..216: 2-5,9-12,14-17,19-22,24,27,30-43,45,47-48,50,53-54,56-61,63-64,66,70,72,80,83,85,87,…"
sequence-gap,case,ЦДІАК-127-305,"39 missing in 3..109: 14,16,19,21-28,31-36,43,49-50,66-68,72,76,82-85,88-91,93-95,99,103,105"
sequence-gap,case,ЦДІАК-127-221МКИЇВ,"188 missing in 4..357: 7-9,11,14,17,21-24,27,30,32,34-35,38-43,45,47,51,54-56,60-62,67-68,71,73,75-77,79,…"
sequence-gap,case,ЦДІАК-127-267,"78 missing in 1..96: 3,7,11-12,14-15,17,22,25-94"
sequence-gap,case,ЦДІАК-127-269,"30 missing in 48..87: 49,51,56-57,61-86"
sequence-gap,case,ЦДІАК-127-271,"81 missing in 2..125: 3,5-6,10-11,14,19-20,35,41,45,47,50,55-122"
sequence-gap,case,ЦДІАК-127-273,"7 missing in 4..65: 9,19,22-23,29,37,64"
sequence-gap,case,ЦДІАК-127-274,"16 missing in 2..100: 6-7,16-17,20,23,25-26,39,47,51,59,61,72,87,89"
sequence-gap,case,ЦДІАК-127-275,"8 missing in 10..63: 11,15,21,29,33,42,45,54"
sequence-gap,case,ЦДІАК-127-277,"11 missing in 1..72: 27,32,38,40,42,49-51,53,58,70"
sequence-gap,case,ЦДІАК-127-279,"6 missing in 1..42: 4,8,11,14,23,32"
sequence-gap,case,ЦДІАК-127-280,"11 missing in 4..51: 11,14,16,18,21,33,36-38,43,50"
sequence-gap,case,ЦДІАК-127-282,"12 missing in 1..52: 2-4,11-12,14,25-26,31,39,42,47"
sequence-gap,case,ЦДІАК-127-283,"10 missing in 1..77: 5-6,10,25,29,47-48,50,56,72"
sequence-gap,case,ЦДІАК-127-284,"19 missing in 2..79: 10-11,14-22,28,34-35,43,47,49,67-68"
sequence-gap,case,ЦДІАК-127-287,"12 missing in 1..65: 2,5,10,12,17,29,43-44,46,50,58-59"
sequence-gap,case,ЦДІАК-127-288,"33 missing in 14..62: 15-18,20-22,27-33,35,37-44,47,51-57,59,61"
sequence-gap,case,ЦДІАК-127-291,"14 missing in 1..73: 5-6,8-9,14,25-28,36,48,54,62-63"
sequence-gap,case,ЦДІАК-127-292,"18 missing in 1..105: 4-5,7,33,37-38,45-46,58,62,70,81,84,88,91,94,99,103"
sequence-gap,case,ЦДІАК-127-293,"39 missing in 3..95: 8-9,12,14-17,19-21,24,27,29,31,34-35,38,46,52,54,60,63-65,68,70-71,74-76,78-80,82-83,…"
sequence-gap,case,ЦДІАК-127-295,"24 missing in 12..103: 13-16,18-19,22-23,28-31,38,40,42,46,53,60,73-74,80,84,87,94"
sequence-gap,case,ЦДІАК-127-297,"26 missing in 3..103: 5,11,15-16,19,22,26,34,36-37,39,43,45,50,53,55,61,64,69,72-74,83,85,…"
sequence-gap,case,ЦДІАК-127-298,"17 missing in 3..86: 9,12,14,16-17,24,26,33,41,44,59-60,65,71,75-76,84"
sequence-gap,case,ЦДІАК-127-300,"32 missing in 4..97: 5,7,10-11,14,17,21,25-27,32,39-40,47,52,55-57,60,63,66-67,70,79-82,86,89-92"
sequence-gap,case,ЦДІАК-127-301,"25 missing in 2..90: 10,14-16,19-21,23,26-27,33,36-39,42,45,51,60,63,68,71,75,79,85"
sequence-gap,case,ЦДІАК-127-302,"19 missing in 1..70: 4-5,15,17,20,27,29,41,45-46,48,53,56-58,61-63,68"
sequence-gap,case,ЦДІАК-127-304,"8 missing in 1..66: 21,24,54-59"
sequence-gap,case,ЦДІАК-127-306,"26 missing in 1..87: 3,11,15,17,19,23,28,31-32,38,45,48-49,52,54,57,61,66-69,71-72,78,84-85"
sequence-gap,case,ЦДІАК-127-308,"4 missing in 1..17: 3,9-10,14"
sequence-gap,case,ЦДІАК-127-310,"5 missing in 1..36: 4,7,21,24,31"
sequence-gap,case,ЦДІАК-127-367,"77 missing in 4..193: 5,8-9,17,24,30,35,39-40,42,44-45,47-55,58-71,76-80,84,87-102,118-119,125,127-128,132,142,152,…"
sequence-gap,case,ЦДІАК-127-314,"10 missing in 1..78: 2-3,10,36,42,46,54,63,75,77"
sequence-gap,case,ЦДІАК-127-316,"4 missing in 3..32: 8-10,17"
sequence-gap,case,ЦДІАК-127-321,"8 missing in 1..70: 4-5,7,20,46-47,67-68"
sequence-gap,case,ЦДІАК-127-323,"10 missing in 1..50: 3,5,10,12,16,30,35,37-38,49"
sequence-gap,case,ЦДІАК-127-327,"9 missing in 1..76: 8,21,33,38,42,49-51,73"
sequence-gap,case,ЦДІАК-127-328,"2 missing in 3..64: 22,50"
sequence-gap,case,ЦДІАК-127-331,"25 missing in 1..73: 5-6,8-9,13,15,17-18,23-24,28,30,32,39,43,46-47,55,58,60,62-65,69"
sequence-gap,case,ЦДІАК-127-333,"7 missing in 2..73: 21,24,30,43,67,69,72"
sequence-gap,case,ЦДІАК-127-335,"37 missing in 2..54: 3,5-6,8-9,11-13,16-18,20,22-23,26-28,31-36,38-44,46-49,51-53"
sequence-gap,case,ЦДІАК-127-336,"20 missing in 2..84: 13,16,19,22-23,30,34,41,48,52-53,56,58,60,64,66,70,73-74,83"
sequence-gap,case,ЦДІАК-127-342,"16 missing in 1..79: 5,20,22,26,34-35,38,47,53,60,62,66-68,72,78"
sequence-gap,case,ЦДІАК-127-344,"53 missing in 2..98: 4-5,7-11,13-14,18,25-30,32-36,38-40,42-49,51,54-57,59-62,64-69,77,86,89,91,93,96"
sequence-gap,case,ЦДІАК-127-351,"38 missing in 1..130: 12,28,38-39,41,43,48,50,58,60,62,75,77-78,89,91-92,94-95,97-99,101,103-110,113-114,116-117,…"
sequence-gap,case,ЦДІАК-127-345,"22 missing in 4..99: 14,16,25,27,29,31,33,35,44,66,69-70,72-74,81,84,86,89-90,92,97"
sequence-gap,case,ЦДІАК-127-346,"21 missing in 2..86: 8,11,13,18,23,36,38,44,47,54,57,60,62-64,71-72,74,77,79,85"
sequence-gap,case,ЦДІАК-127-348,"13 missing in 1..92: 14,37-38,43,52,66,72,77,81-82,85,87,90"
sequence-gap,case,ЦДІАК-127-312,"8 missing in 4..43: 5-9,14,22,27"
sequence-gap,case,ЦДІАК-127-320,"13 missing in 4..55: 5-8,11-12,16,18,26,29,33,38,54"
sequence-gap,case,ЦДІАК-127-339,"19 missing in 3..111: 8-9,19,25-28,34,43,53,55,57,61,70,76,86,95,102,109"
sequence-gap,case,ЦДІАК-127-341,"12 missing in 2..84: 4,11,24,26,37,41,47,49,53-54,56-57"
sequence-gap,case,ЦДІАК-127-354,"29 missing in 1..221: 4-5,8,26,29,41,56,61,67,76,107,113,147-148,151,153,155,158,169,195,202-205,210,…"
sequence-gap,case,ЦДІАК-127-350,"27 missing in 3..89: 8,12,16,19,26,37,48-50,52,57-60,63-64,66,69,72,75-76,78-81,84-85"
sequence-gap,case,ЦДІАК-127-352,"34 missing in 2..145: 7,9,11-12,16,19,27,34,38,45,53-54,57,68-69,76,80,82,84,90,94,99,101,…"
sequence-gap,case,ЦДІАК-127-353,"32 missing in 1..138: 4,6-7,9-10,14-15,17,31-32,34,37,46,50,52,55,72,74-75,82,92-93,100,106,111-112,121-123,…"
sequence-gap,case,ЦДІАК-127-359,"49 missing in 2..127: 8,14,17,23,26-27,32,35-45,47-48,52,54-56,62,69-70,72,74,77,80-83,86,91-92,97,105-106,…"
sequence-gap,case,ЦДІАК-127-360,"88 missing in 3..196: 8,15,17,19,21,28-29,31-32,39-43,45-46,50-51,57-58,60,63-64,66,68,70-71,75-77,79,82-83,85,…"
sequence-gap,case,ЦДІАК-127-362,"71 missing in 1..145: 3-4,14,19-21,25-30,33,36-37,45,51-52,54,58,70,72,75,80-118,120-121,124,126-127,133-135,138"
sequence-gap,case,ЦДІАК-127-368,"83 missing in 4..204: 5,7-8,10,16,24-25,27,29-36,41-42,50,57,59,61,67-68,71,79-83,85-86,88-89,91,93-95,97,…"
sequence-gap,case,ЦДІАК-127-369,"55 missing in 2..214: 3,5,8-9,11,26,36,39,42-43,46,51,55,57,60,64-65,75-76,82-83,98,106,117,121,…"
sequence-gap,case,ЦДІАК-127-371,"121 missing in 1..223: 2-18,20-32,35,37,46-48,50-52,54-56,58,61-71,73,76,78,80-89,92-93,98-102,104,114-115,117,119-120,122,…"
sequence-gap,case,ЦДІАК-127-372,"63 missing in 1..208: 3,5,8,11,16,26,29,32,34,40,43,48,50,52-54,56-57,65,67,76-77,79,83-84,…"
sequence-gap,case,ЦДІАК-127-373,"69 missing in 3..195: 7,11,17,20-25,31,34-36,41,45,48-49,51,61,63,65,84-86,91,94,96-97,99,106-107,111-117,…"
sequence-gap,case,ЦДІАК-127-784,"520 missing in 13..740: 14-15,21-23,25,27-28,30-33,35-43,46,50-61,63-65,67,69-71,73-77,79,82-86,88-90,93-95,97-101,103-107,109,112,…"
sequence-gap,case,ЦДІАК-127-874,"1911575 missing in 2..1911918: 4,9-10,13-16,20,23-26,32,34,43,88,92,100,102,110,113-115,119,131,146-147,150,154,165-168,…"
sequence-gap,case,ЦДІАК-127-827,"63 missing in 97..289: 100,105,107,109-110,112,114-115,118-119,121,124-125,132,134,136-137,142-143,145,160-163,165-166,168-169,171-172,176,179,…"
sequence-gap,case,ЦДІАК-127-704А,"43 missing in 5..78: 7-16,18-19,21-22,27-29,31,43-45,47-56,58-59,64-68,70-74"
junk-code,case,ЦДІАК-127-869/21Ч2Б,"irregular shape, migrated as ""21ЧАСТ2Б"""
sequence-gap,case,ЦДІАК-127-869,"56 missing in 3..202: 4-14,16,27,29,35-36,41-43,45,56,62-63,66-67,70,73,77,83,90,107,110,115-116,118,120-121,…"
sequence-gap,case,ЦДІАК-127-101,"1188 missing in 967..2173: 972-975,985-1126,1131-2172"
sequence-gap,case,ЦДІАК-127-370,"78 missing in 5..272: 14-16,24,26,33,40,46-48,52,54-55,60,64,73-78,81-84,87-88,91,95,97-98,100,104,113,117,…"
sequence-gap,case,ЦДІАК-127-356,"47 missing in 1..150: 14,21-23,28,34-35,39-40,45,49,53,56-57,59,62-63,66,69-70,73-74,80-83,86-87,91,96-97,105,111-114,…"
sequence-gap,case,ЦДІАК-127-357,"60 missing in 2..145: 7,10,12-14,16,21,24,26-27,29-31,33,40,43-46,53,58,60,62-64,66-68,70,78-79,85-87,89,…"
sequence-gap,case,ЦДІАК-127-363,"108 missing in 3..228: 4-6,11,13,18,23-24,28,34-35,37-41,43-44,48,51,53,55-57,61,63-66,71-72,75-81,83-89,92-103,106-109,…"
sequence-gap,case,ЦДІАК-127-364,"60 missing in 2..156: 5,7,16,18-19,21,23-24,30,34,36,38-40,45-46,48,54,58,60,70,77,82,85-88,93,…"
sequence-gap,case,ЦДІАК-127-366,"129 missing in 2..218: 8-10,12-15,17-18,20,25-39,41-42,46-114,117,121,126-127,129,134,140,147,149,153-155,157,159-160,162,164,…"
sequence-gap,case,ЦДІАК-127-1013,"1616 missing in 1..1842: 65,78,91,130,134,142,152,162-163,168,176,181,195,221,236-247,251-1067,1069-1841"
sequence-gap,case,ЦДІАК-127-375,"72 missing in 2..194: 5,8-9,14-16,18,23-24,28,31-33,37,41,48,51,53-56,58-59,63-64,66-68,70,72,75,79-80,84,…"
sequence-gap,case,ЦДІАК-127-376,"47 missing in 4..196: 6,9-11,17,20,23,28,31,37,48,52,55,57-59,61,66,80,82-83,88,90,92,94,…"
sequence-gap,case,ЦДІАК-127-383,"149 missing in 7..250: 9,11-12,14-15,17-19,21-22,24-25,27,30-33,35-37,39-43,45,47-48,54-62,64-83,85-87,89,91-100,102-107,110-112,114,…"
sequence-gap,case,ЦДІАК-127-384,"113 missing in 4..172: 6-12,18-19,22,24-26,28,33-35,39-41,43,45,47-64,68-80,84-105,108-109,112,116,123,127-136,139-148,150,152-154,…"
sequence-gap,case,ЦДІАК-127-388,"113 missing in 2..180: 3-4,7-12,14,17,19-39,42-50,52-54,56,58,60-65,67-68,70-84,86,89-98,102,105-107,109-110,112,114-115,121-122,…"
sequence-gap,case,ЦДІАК-127-391,"14 missing in 1..35: 4,6-7,12,14-16,21,23,26-29,34"
sequence-gap,case,ЦДІАК-127-392,"11 missing in 1..35: 6,8,12,15-17,21,23,25-26,29"
sequence-gap,case,ЦДІАК-127-393,"11 missing in 1..38: 4,8,20-22,25,30-31,33,36-37"
sequence-gap,case,ЦДІАК-127-395,"13 missing in 1..41: 2,5,14,17-18,21,23-24,29-30,34-35,37"
sequence-gap,case,ЦДІАК-127-398,"10 missing in 1..45: 2-4,10,15,24,29,33-35"
sequence-gap,case,ЦДІАК-127-400,"8 missing in 1..40: 3,5,10,15,17-18,27,31"
sequence-gap,case,ЦДІАК-127-401,"7 missing in 1..80: 6,8,41,44,52,56,61"
sequence-gap,case,ЦДІАК-127-216МКИЇВ,"118 missing in 3..245: 5,9-10,14-16,18-20,24,28,34,36-39,41,45-47,57,59,62-63,75-79,85,89-90,92,94-96,101,104-108,…"
sequence-gap,case,ЦДІАК-127-212МКИЇВ,"100 missing in 5..248: 7-8,11-12,14,16-17,19-20,25-32,36,45-46,48-49,53,55,57,61,65,68,71-73,75,77,80,83-85,…"
sequence-gap,case,ЦДІАК-127-205МКИЇВ,"116 missing in 3..285: 11-12,15,21,28,30,33-34,37,41-42,44-45,48,51-52,57,60-61,68,70,72-73,76,79-80,86,89,…"
sequence-gap,case,ЦДІАК-127-198МКИЇВ,"98 missing in 1..257: 3,5,9-10,14,17,23-24,30,33-35,38-40,43,46,51,54-55,60,62-65,80,84-85,87,89-90,92-93,…"
sequence-gap,case,ЦДІАК-127-201МКИЇВ,"73 missing in 1..218: 5-6,9,11-12,14,18,20,22-24,28,37,40-41,43,48,51,58-59,62,64,68,72,74,77-78,…"
sequence-gap,case,ЦДІАК-127-217МКИЇВ,"94 missing in 2..197: 3,5-6,9,11,14,16-17,21,25-26,34-35,37-40,46,49,51,54-56,59,61-62,64,68-70,73,75-76,…"
sequence-gap,case,ЦДІАК-127-210МКИЇВ,"21 missing in 1..247: 2-4,23,25-27,29,58,126,149,157-158,162,164,212,230,233-235,238"
sequence-gap,case,ЦДІАК-127-211МКИЇВ,"154 missing in 1..275: 2,4-5,9-11,17,19,21-25,27-28,31,34,38-41,51-53,59-61,66,69-70,73-74,76,78,80,82,84,…"
sequence-gap,case,ЦДІАК-127-408,"7 missing in 1..65: 4,17,21,41,49,54,60"
sequence-gap,case,ЦДІАК-127-409,"7 missing in 1..61: 2,27,39,48,51,57,60"
sequence-gap,case,ЦДІАК-127-412,"12 missing in 2..54: 4,7-8,11,21,30,34,36,42,46,48,51"
sequence-gap,case,ЦДІАК-127-415,"33 missing in 2..94: 5,10-11,14-16,21,26,32,36-37,44,46-49,53-54,58,61-62,65-66,69,72-73,77-80,84,89,93"
sequence-gap,case,ЦДІАК-127-418,1 missing in 1..21: 12
sequence-gap,case,ЦДІАК-127-397,"7 missing in 1..59: 8-9,18,27,38,44,46"
sequence-gap,case,ЦДІАК-127-199МКИЇВ,"75 missing in 1..229: 3,6-10,12-13,18,21-23,25,28-29,37,41,43,45,49,51,54,59,61-63,67,69,72,74,…"
sequence-gap,case,ЦДІАК-127-193МКИЇВ,"60 missing in 1..192: 4,21,25,27,30,33-35,37,39,52,54,66,71,78,80-82,89,93,95,97,99,103-105,…"
sequence-gap,case,ЦДІАК-127-10057СТІЛ,"17 missing in 1..197: 18,22,25-26,34,40,42,56,63,85,113,120,128,140,142,172,186"
sequence-gap,case,ЦДІАК-127-10067СТІЛ,"17 missing in 1..230: 37,40-41,48,56,157,192,217-226"
sequence-gap,case,ЦДІАК-127-214МКИЇВ,"80 missing in 4..207: 9-10,12,14,19,21-24,29-34,41-42,45-46,51-56,58-60,67,73,77-78,82-84,91,94,101,104-107,113,116-117,…"
sequence-gap,case,ЦДІАК-127-200МКИЇВ,"66 missing in 1..221: 4,8,16,18,21,23,25-27,29-30,57,67,71,75,79,81-83,85,87,89,92,97-100,103,…"
sequence-gap,case,ЦДІАК-127-202МКИЇВ,"100 missing in 1..220: 4,9,11-16,19-24,27-28,30,33-34,36-39,42-44,46,50,54,57-58,62,64,67-71,73,75-78,82,85,…"
sequence-gap,case,ЦДІАК-127-206МКИЇВ,"119 missing in 2..212: 9,11-13,16-17,20-22,26-27,36,41,44,47,50,52-58,60,63-66,69-70,78-89,93-94,97,102-103,107,109,…"
sequence-gap,case,ЦДІАК-127-183МКИЇВ,"41 missing in 1..127: 4,11-13,16,18,22-23,28-29,34,37-38,40,45,48,50-51,57,61-62,65,68,77,84,86,88,…"
sequence-gap,case,ЦДІАК-127-219МКИЇВ,"117 missing in 4..213: 6,8,10-11,13-14,18-20,22-24,27-29,32,34,37-39,44,46-47,52,54-55,57,59-62,64,66-67,69,72-73,…"
sequence-gap,case,ЦДІАК-127-197МКИЇВ,"105 missing in 3..277: 4-5,8-9,11,16,28-32,34,41,48-49,54-57,59-60,63,65,67,69,72-73,75,80-81,84,87,89,…"
sequence-gap,case,ЦДІАК-127-213МКИЇВ,"59 missing in 1..196: 9,11,21,23-24,26,32,34,36,38,40,42,45,48,51-58,62,68,77,81,83,88,…"
sequence-gap,case,ЦДІАК-127-218МКИЇВ,"127 missing in 3..265: 5-6,8-12,14,18-19,21-22,30-32,34-36,41-42,44-50,58,65,69-75,79-84,87-88,91,95,99,101-102,106-108,111-113,…"
sequence-gap,case,ЦДІАК-127-185МКИЇВ,"15 missing in 1..70: 11,19,24,28,31,36,40,42,44-45,50-51,57-58,69"
sequence-gap,case,ЦДІАК-127-222МКИЇВ,"217 missing in 3..341: 8,11-17,19-20,23,25-27,32,35,38,40,43-46,48-50,53,56-57,61-62,64-74,76-79,81-83,85-87,89-91,93-96,…"
sequence-gap,case,ЦДІАК-127-209МКИЇВ,"102 missing in 2..273: 3,7,9-10,13,15-16,19-22,24,26,30,39,41,43-45,47,49,58,61,71-73,76-77,79-90,92,…"
sequence-gap,case,ЦДІАК-127-178МКИЇВ,"85 missing in 7..149: 8-14,16-21,23-35,37-42,44-46,48-49,51-61,63-81,84-86,88-91,93-96,98,108,118-119,134,138,148"
sequence-gap,case,ЦДІАК-127-204МКИЇВ,"100 missing in 1..243: 2,4,6,9-12,17,19,21,26,29,32-33,35,37,39-42,44-47,51-53,58,63-65,67,70,73-74,…"
sequence-gap,case,ЦДІАК-127-220МКИЇВ,"146 missing in 1..239: 2-7,9-13,15-16,18,20-22,24,26-28,30-33,36-37,40,42-43,50,53,55-57,59-60,62-63,73-74,76,79-87,93,…"
sequence-gap,case,ЦДІАК-127-172МКИЇВ,"48 missing in 1..130: 2,6-8,10,12-13,16-18,21-24,26-28,32,34,36-38,41-42,59-60,66,71,78,81,84-87,89-90,93,98-99,…"
sequence-gap,case,ЦДІАК-127-164МКИЇВ,"9 missing in 2..31: 4,8-9,12-13,16,20,23-24"
sequence-gap,case,ЦДІАК-127-445,"11 missing in 2..84: 6,16,19,23,39,41,60-61,66,71,81"
sequence-gap,case,ЦДІАК-127-462,"23 missing in 1..72: 3,9,12,15,17,19,24,26,32,39,41,43-49,55-56,59,62,67"
sequence-gap,case,ЦДІАК-127-421,"6 missing in 1..32: 11,20-22,27,30"
sequence-gap,case,ЦДІАК-127-452,"16 missing in 1..71: 3,5,7,12,20,22,25,27-29,42,46,64-65,69-70"
sequence-gap,case,ЦДІАК-127-468,"11 missing in 1..61: 4,9,14,17-18,29,31,44,46-47,58"
sequence-gap,case,ЦДІАК-127-469,"13 missing in 1..60: 2,5,15,20,26,35-36,40-41,44,48-49,59"
sequence-gap,case,ЦДІАК-127-430,"40 missing in 4..76: 5-8,11,14-16,18-20,25,28,30,35-36,38,44,47-48,51,55,58-75"
sequence-gap,case,ЦДІАК-127-782,"521 missing in 3..856: 4-13,15-22,26,28-35,37,39-40,42,44-46,48-49,51,56-57,59,62-63,65,69,73,75-77,81-82,84,86-88,…"
sequence-gap,case,ЦДІАК-127-1029,"16 missing in 1..64: 7-8,16,21-25,29-32,45-46,50,59"
sequence-gap,case,ЦДІАК-127-167МКИЇВ,"33 missing in 4..204: 5,7,10,14,18,20,24,31,41,60,67,70-71,75,78,90-93,97,107,125,136-137,149,…"
sequence-gap,case,ЦДІАК-127-166МКИЇВ,"32 missing in 2..154: 5,8,13,18-19,27,32,34,42,52,54,72-73,82-87,89-90,92,101,107,113,115,126,133,…"
sequence-gap,case,ЦДІАК-127-165МКИЇВ,"20 missing in 1..69: 5,14-15,17,21-22,25,27-28,30-33,42,48,53-54,63,67-68"
sequence-gap,case,ЦДІАК-127-184МКИЇВ,"5 missing in 1..32: 7,11,21,23,25"
sequence-gap,case,ЦДІАК-127-186МКИЇВ,"25 missing in 1..77: 2,4,6-7,11-13,19,22,24,29,31,35,40,46-47,49,51-53,60,64,66,73,76"
sequence-gap,case,ЦДІАК-127-187МКИЇВ,"20 missing in 1..84: 2,6,8,14,19-21,23,27,37,46,53,62,64,67,71-73,75,79"
sequence-gap,case,ЦДІАК-127-190МКИЇВ,"46 missing in 1..118: 4,13-14,18-20,25,27,29,31,34,39,44,47,51-53,55,57-59,67-68,72-74,77-78,81,83,88,…"
sequence-gap,case,ЦДІАК-127-191МКИЇВ,"39 missing in 2..107: 4-7,9-11,14-15,17,20,23-24,26,28-31,34,38,41-43,51,54,69,71-72,74,80,83-84,87,89,…"
sequence-gap,case,ЦДІАК-127-192МКИЇВ,"88 missing in 2..187: 4-9,11-14,19-22,24,26,30-31,35-37,39,42,46-47,50,53,56,66-67,70-71,75-76,79,82-83,85-86,90-91,…"
sequence-gap,case,ЦДІАК-127-194МКИЇВ,"101 missing in 3..267: 6,10,12,16,18-21,24,31-32,34,39-41,45,50,52-56,61-62,67,71,73,75,80,82,84,…"
sequence-gap,case,ЦДІАК-127-168МКИЇВ,"22 missing in 2..89: 5,7,11,15-19,21,26-27,35,37,49,55-56,69,71-72,80,82,85"
sequence-gap,case,ЦДІАК-127-169МКИЇВ,"61 missing in 1..137: 2-3,9,23,25-33,35-36,38-39,43-45,47,49-50,52-53,55,57,64,67-70,74,76,78,80-81,83-84,87,…"
sequence-gap,case,ЦДІАК-127-170МКИЇВ,"30 missing in 2..90: 5-6,11,13-14,17,19-20,23,27,29,34,36,38,40,44,46-48,54-55,57,60,63,68,71,…"
sequence-gap,case,ЦДІАК-127-171МКИЇВ,"24 missing in 1..108: 2-4,11,16,23-24,30,37,40-41,43,45,47-49,64,66,69,73,75,80,87,99"
sequence-gap,case,ЦДІАК-127-172А,"45 missing in 1..95: 4,7,10-11,13-17,21-22,26,30-31,34,36-40,43-45,47,49-50,52,54,57,59,61-62,68,73,75-79,…"
sequence-gap,case,ЦДІАК-127-195МКИЇВ,"79 missing in 2..201: 6-7,10,14,17-21,31-33,36-39,41,43-44,46,52,60,62-63,66,71-74,77,79,81-86,88,90-93,95-97,…"
sequence-gap,case,ЦДІАК-127-196МКИЇВ,"4 missing in 1..212: 2,71,83,92"
sequence-gap,case,ЦДІАК-127-173МКИЇВ,"12 missing in 1..41: 3-4,7,9,13-15,17-18,25,27,32"
sequence-gap,case,ЦДІАК-127-174МКИЇВ,"9 missing in 1..50: 4,13,15-16,20,22,27,41,49"
sequence-gap,case,ЦДІАК-127-175МКИЇВ,"14 missing in 2..66: 8,17,19,22,32,37,40,44,46,48,56-58,63"
sequence-gap,case,ЦДІАК-127-176МКИЇВ,"61 missing in 1..140: 2-4,6-8,10-11,20,22,28,30-31,33,40,42,47-48,51,53-56,58,60-63,67,70,72,74,77-78,…"
sequence-gap,case,ЦДІАК-127-177МКИЇВ,"17 missing in 1..104: 5,24-25,28,30,35,38,43,47,50,53,58-59,62,65,83,87"
sequence-gap,case,ЦДІАК-127-203МКИЇВ,"93 missing in 1..264: 4,6,9,13-14,17,20-21,25-26,28,32-35,37-38,41-44,46-47,49-50,52-54,57,60-63,65-69,72,77,79-80,…"
sequence-gap,case,ЦДІАК-127-207МКИЇВ,"51 missing in 1..149: 3,7,10,19-20,23,26,33,37-38,41,44-47,50,53,58-60,66-67,70,73-74,80,82-83,89,91,…"
sequence-gap,case,ЦДІАК-127-871,"284 missing in 1..538: 7-11,13-15,21,23,26-28,31-32,40,42,44-49,54,65,74,80,94,96-97,102,104,106,118,120,…"
sequence-gap,case,ЦДІАК-127-208МКИЇВ,"57 missing in 1..156: 8,10,16,20,22,30-31,34-35,48-49,56-58,65,67,72-74,76-77,80-82,84-87,90,95-97,102,105-109,113-116,…"
sequence-gap,case,ЦДІАК-127-179МКИЇВ,"28 missing in 2..85: 4-6,8,11,14-15,17,22-24,27-28,41-43,45,48-49,53-55,58-59,66-67,71,81"
sequence-gap,case,ЦДІАК-127-180МКИЇВ,"20 missing in 1..91: 4-5,9,11,22-23,26,38-43,48,56,69,71,73,78,89"
sequence-gap,case,ЦДІАК-127-181МКИЇВ,"44 missing in 2..131: 5-6,8-10,13,15,20,24,26,28,31,33-34,37,40,44,46,51,58-59,65,70-73,75-76,78,…"
sequence-gap,case,ЦДІАК-127-182МКИЇВ,"37 missing in 2..117: 3,5-6,11-15,17,19-20,24-25,34,48,52-53,58,64,66,68,72-73,75-80,84,94,105-107,111,113-114,…"
sequence-gap,case,ЦДІАК-127-215МКИЇВ,"81 missing in 2..222: 3,6,14-16,18-19,23-24,37-38,41-42,45,50,53-55,62,68-69,76,78-79,81-82,86-88,93,97,99-101,104,…"
sequence-gap,case,ЦДІАК-127-682,"375 missing in 512..914: 513-539,542-590,592-613,615-639,641-653,655-671,673-683,685-694,696-717,719-729,731-767,769-775,778-780,782-828,830-895,899,901-903,905,909-911"
sequence-gap,case,ЦДІАК-127-833,"101 missing in 2..380: 78,82,103,108,112,139,148,151,153-156,159,163,165-166,168-173,177-179,183,185,189,191-192,195-197,200,…"
sequence-gap,case,ЦДІАК-127-600,"40 missing in 1..120: 5,7,10,15-16,26,31,33-34,46,50,57,60,71,74,78,80,82,90,98-99,101-119"
sequence-gap,case,ЦДІАК-127-195,"11203 missing in 2..11326: 6-7,10,14,17-21,31-33,36-39,41,43-44,46,52,60,62-63,66,71-74,77,79,81-86,88,90-93,95-97,…"
sequence-gap,case,ЦДІАК-127-296,"17 missing in 3..69: 4,10,13-14,19,30-31,35-38,42,45,53,59,61-62"
sequence-gap,case,ЦДІАК-127-179,"28 missing in 2..85: 4-6,8,11,14-15,17,22-24,27-28,41-43,45,48-49,53-55,58-59,66-67,71,81"
sequence-gap,case,ЦДІАК-127-319,"7 missing in 1..37: 3,5,15,17,19,22,34"
sequence-gap,case,ЦДІАК-127-313,"9 missing in 1..113: 16,24,52,95-96,104-106,111"
sequence-gap,case,ЦДІАК-127-197,"105 missing in 3..277: 4-5,8-9,11,16,28-32,34,41,48-49,54-57,59-60,63,65,67,69,72-73,75,80-81,84,87,89,…"
sequence-gap,case,ЦДІАК-127-318,"9 missing in 1..38: 13,15-17,19,21,27,29,34"
sequence-gap,case,ЦДІАК-127-164,"9 missing in 2..31: 4,8-9,12-13,16,20,23-24"
sequence-gap,case,ЦДІАК-127-177,"17 missing in 1..104: 5,24-25,28,30,35,38,43,47,50,53,58-59,62,65,83,87"
sequence-gap,case,ЦДІАК-127-194,"101 missing in 3..267: 6,10,12,16,18-21,24,31-32,34,39-41,45,50,52-56,61-62,67,71,73,75,80,82,84,…"
sequence-gap,case,ЦДІАК-127-57,"28 missing in 2..61: 8,10,17,26,28,33,39-60"
sequence-gap,case,ЦДІАК-127-278,"11 missing in 4..45: 5,8-12,16,22,24,35,43"
sequence-gap,case,ЦДІАК-127-180,"20 missing in 1..91: 4-5,9,11,22-23,26,38-43,48,56,69,71,73,78,89"
sequence-gap,case,ЦДІАК-127-171,"23 missing in 1..108: 2-4,11,16,23-24,30,37,40-41,43,47-49,64,66,69,73,75,80,87,99"
sequence-gap,case,ЦДІАК-127-317,"5 missing in 8..33: 19-20,23,26,29"
sequence-gap,case,ЦДІАК-127-289,"11 missing in 1..65: 8,11,23,25,29,36,39,44,49,52,63"
sequence-gap,case,ЦДІАК-127-299,"9 missing in 4..88: 12,31,33-34,36,52,54-55,59"
sequence-gap,case,ЦДІАК-127-61,"20 missing in 2..68: 6,18,20,26,29,36-37,39-40,42,48,51,53-54,56,59,62-64,67"
sequence-gap,case,ЦДІАК-127-276,"5 missing in 1..58: 6,9-10,26,45"
sequence-gap,case,ЦДІАК-127-334,"11 missing in 1..58: 3,6,15,18,24,26,35,37,52,54-55"
sequence-gap,case,ЦДІАК-127-340,"16 missing in 17..84: 23,37,40-42,48-49,53,61,64,74,77-79,81-82"
sequence-gap,case,ЦДІАК-127-270,"24 missing in 29..108: 33,36-50,54-55,59,65,75,83,89,105"
sequence-gap,case,ЦДІАК-127-330,"16 missing in 2..71: 3,8,13-14,25,40,45,48,55-57,60,63,67,69-70"
sequence-gap,case,ЦДІАК-127-744,"594 missing in 2..816: 3-4,6-10,13-16,18-26,28-32,34-37,39-40,43,45-55,58-59,61-83,86-91,93-95,100-109,111-124,127-139,141-142,144-145,147-151,154-155,…"
sequence-gap,case,ЦДІАК-127-836,"100 missing in 5..337: 6,8,10-11,14,16,19,22,27-28,35,45-46,49-50,52-54,60-63,72-74,84-85,93-94,98,105,108,110,…"
sequence-gap,case,ЦДІАК-127-870,"252 missing in 1..593: 2-4,6-10,12-14,19-22,25-26,28-29,35,38,42-43,54,59,62,66,72,77-80,84,86,89,91-92,95-97,…"
sequence-gap,case,ЦДІАК-127-839,"141 missing in 2..350: 18,35,54,56,59,62-63,66-67,73-74,76-77,82-83,85,87-89,91-92,94-95,98,100,103,105,107-109,114,…"
sequence-gap,case,ЦДІАК-127-791,"641 missing in 15..767: 16-18,20-59,61-62,64-76,78,81-87,89-93,96-105,107-114,116-123,125-132,134,137-144,147-151,153-155,157-158,162-164,166-171,173-174,176-186,…"
sequence-gap,case,ЦДІАК-127-872,"242 missing in 3..554: 4-5,7-11,13-28,38,40,43-44,59-61,70,76-77,79,84,87,93,101-102,106,108,111,124,129,138,…"
sequence-gap,case,ЦДІАК-127-835,"126 missing in 2..338: 3-5,8,17,30,32-33,40,47-49,55,58,62,64,68,70,74,79,86,89,91,96,99-101,…"
sequence-gap,case,ЦДІАК-127-630,"55 missing in 8..113: 9,17,21-23,26,28-29,31-32,34-35,38-39,46-49,51-52,56,58,60-63,65-67,69,73-74,77,81-83,85-92,94,…"
sequence-gap,case,ЦДІАК-127-568,"67 missing in 2..81: 3-4,7,10-26,28-35,38-67,69,72-77,79-80"
sequence-gap,case,ЦДІАК-127-857,"176 missing in 2..444: 5,17-18,20,30,32,36-37,47,49-50,59,63,65-66,70-71,73-78,85,88-89,92-93,96,98,100,102-106,…"
sequence-gap,case,ЦДІАК-127-735,"681 missing in 31..806: 32-60,62-67,69-79,81-90,92-100,102-105,107-108,110-111,113-121,123-125,128-129,132-134,136-137,139-143,145-155,157-159,161-169,171-186,189-350,352-357,…"
sequence-gap,case,ЦДІАК-127-842,"415 missing in 3..643: 4-6,9-10,12-13,15-16,18-23,25,27,35,37-45,48-49,51-54,57,59-63,67,70-76,78-82,84,87,89,91-92,…"
sequence-gap,case,ЦДІАК-127-838,"153 missing in 2..441: 4-7,9-11,13-14,17,20,23,25,30,36-37,44,48,50,54,56,65-66,68-69,78,83-84,86,90,…"
sequence-gap,case,ЦДІАК-127-873,"232 missing in 5..468: 7-11,15-17,21-22,33,37-39,43,45,49,58,66,74,78,83,95,99,101,104,108,111,114,…"
sequence-gap,case,ЦДІАК-127-792,"676 missing in 1..748: 3-18,22-27,30-46,48-49,51,53-65,68-71,73,75-77,81-94,97-98,100-203,205-207,209-223,225,227-231,233-241,243,248-269,272-274,…"
sequence-gap,case,ЦДІАК-127-853,"187 missing in 5..382: 7,10,12,15,18,20-22,24,27-29,32,35-36,42,47,49-50,64,66,71,73,78,80,83,…"
sequence-gap,case,ЦДІАК-127-790,"621 missing in 4..758: 5-8,10-11,14-17,20,26-36,38-49,51,53-64,66,68-70,72,74-77,79,81-88,90-93,95-99,101-102,105,107,110-115,…"
sequence-gap,case,ЦДІАК-127-520,"15 missing in 13..68: 15,18,22,32,36-37,44-45,50,54,58-59,61,63,65"
sequence-gap,case,ЦДІАК-127-560,"45 missing in 2..81: 3,5,8,20-22,24-28,31,34,36-37,41-42,44,48-50,55-78"
sequence-gap,case,ЦДІАК-127-656,"613 missing in 13..677: 14-34,37-41,43-62,64,66-93,95-98,100-101,103-115,117-127,129-144,146-151,153-169,171-192,194-217,219-230,233-234,236-254,256-265,267-338,342-365,…"
sequence-gap,case,ЦДІАК-127-845,"265 missing in 0..506: 7-8,11,14,19,21-24,26-28,30-36,38-39,45-46,48-57,62-65,67-69,71,73-77,79-81,83-85,87-88,91,93-98,102,…"
sequence-gap,case,ЦДІАК-127-793,"646 missing in 6..684: 8-13,15-31,33-34,36,38-41,43-48,50-58,61,63-67,69-158,160-245,247-293,295-306,308-313,315-319,321-343,345-384,388-423,427-441,443-471,…"
sequence-gap,case,ЦДІАК-127-725,"433 missing in 2..535: 4-7,9-10,12-16,18-23,25-26,28-36,39,42-44,47-50,52-53,55-70,72,74-104,106-109,111,113-118,120-123,125,127-131,134-152,…"
sequence-gap,case,ЦДІАК-127-841,"299 missing in 3..602: 5-8,16-17,23,25,27,29-30,34,37-38,40,49,51,54-55,57-58,63-70,72,74,77,79,81,84-86,…"
sequence-gap,case,ЦДІАК-127-785,"785 missing in 1..972: 2,4-13,15-16,18-22,24-25,27-31,33-43,45-46,48-63,65-66,69,71,73-75,77,79,82-91,96-116,118-124,126-127,131-136,…"
sequence-gap,case,ЦДІАК-127-589,"13 missing in 1..48: 12-13,15,20,27-30,34,36,40-41,47"
sequence-gap,case,ЦДІАК-127-788,"499 missing in 6..713: 7,9-10,12-13,15,17-29,31-40,43-48,50-56,58-68,70-72,75-84,86-96,98-99,101-103,105-121,123-126,128-129,133-137,142,148-151,…"
sequence-gap,case,ЦДІАК-127-789,"640 missing in 11..798: 12-26,28-41,43-47,49,51,53,55-60,62-68,70-216,218-224,226-230,232-235,237-240,242-246,248,251,253-270,272-274,276,278-280,…"
sequence-gap,case,ЦДІАК-127-558,"86 missing in 2..115: 8-9,12,14,18-20,25,28,32-33,35,38-41,43,46-114"
sequence-gap,case,ЦДІАК-127-747,"685 missing in 82..824: 83-121,123-142,144-147,149-165,167-222,224,226,228-240,242-258,260-279,281-289,291-396,398-449,451-716,719-724,726-732,735,739-745,748-749,751-752,…"
sequence-gap,case,ЦДІАК-127-834,"134 missing in 2..373: 6,8,10,12,15,18,21,25,31-32,35,37,43,48,50,55,57,59,62,64,70-71,…"
sequence-gap,case,ЦДІАК-127-521,"16 missing in 2..65: 3,5,9,13,15,30-31,35,42-43,45,50,58,62-64"
sequence-gap,case,ЦДІАК-127-583,"74 missing in 3..169: 5,10,12,16,19,23,25,27-32,35-38,42-46,49-50,52,55,57,60,63,66,70,72,75,…"
sequence-gap,case,ЦДІАК-127-787,"662 missing in 5..821: 6-12,15-20,22-33,35-48,50-66,68,70-86,89,92-95,97-114,117,119,121-123,128-130,133-136,139,143-146,149-153,155,157-169,…"
sequence-gap,case,ЦДІАК-127-794,"512 missing in 4..578: 5,7-8,10-29,31,33-37,39-44,46-54,56-62,65-67,69,71-82,84,86-88,90-99,101-105,107-119,121-140,143-151,153,155-171,…"
sequence-gap,case,ЦДІАК-127-559,"34 missing in 2..103: 3,13,15-17,25-26,30,34,36,39-40,42,44,47,56,59-61,65,69,72,77-80,82,89,91-92,…"
sequence-gap,case,ЦДІАК-127-739,"7 missing in 1..218: 52,60,77,109,213-214,216"
sequence-gap,case,ЦДІАК-127-837,"115 missing in 3..360: 4,8,11,17,19,30,32,37-38,40,47,50,54,60,62,64-65,73-74,78-84,86,89,92-94,…"
sequence-gap,case,ЦДІАК-127-704В,2 missing in 1..23: 3-4
sequence-gap,case,ЦДІАК-127-8219,"18 missing in 2..58: 4-5,8,13,17,23-24,26,30-35,38,44,50-51"
sequence-gap,case,ЦДІАК-127-704Б,"3 missing in 1..13: 2-3,5"
sequence-gap,case,ЦДІАК-127-309,"2 missing in 1..16: 3,11"
sequence-gap,case,ЦДІАК-127-355,"26 missing in 2..149: 6-7,9,14-15,17-18,25,42,60,62-63,82,85,88,91,94,99,102,110,115-116,119,123,132,…"
sequence-gap,case,ЦДІАК-127-326,"7 missing in 1..43: 9,13,17,19,23-24,33"
sequence-gap,case,ЦДІАК-127-322,"16 missing in 2..69: 3-4,8,11,13,23,25-26,28,33,37,41,48,52,65-66"
sequence-gap,case,ЦДІАК-127-303,"18 missing in 4..80: 6,16,23-25,28-29,34-35,39-40,43-44,48,58,60,69,77"
sequence-gap,case,ЦДІАК-127-285,"12 missing in 1..68: 7,9,11,16,26,36,42,56,61-63,65"
sequence-gap,case,ЦДІАК-127-332,"11 missing in 2..83: 14,31,46,53,57,59,61-62,68-69,80"
sequence-gap,case,ЦДІАК-127-343,"25 missing in 1..94: 6,15,24,26,32-33,35,38,45,48,50,53,59-61,66,69,72-74,79-81,85,88"
sequence-gap,case,ЦДІАК-127-337,"12 missing in 1..97: 21,25-27,33,45,51,56,80-81,83,90"
sequence-gap,case,ЦДІАК-127-347,"27 missing in 1..94: 2,7-8,14,18,23-24,30,34,43,48,50,57,59-61,64,66-67,76,81,84,89-93"
sequence-gap,case,ЦДІАК-127-413,"35 missing in 1..53: 2,4-13,15-16,18,22,24-25,27-29,31-32,34,36-37,39-40,42-44,46,48-49,51-52"
sequence-gap,case,ЦДІАК-127-281,"11 missing in 2..33: 3,5-6,14-18,22,25,31"
sequence-gap,case,ЦДІАК-127-349,"43 missing in 4..117: 6,8,12,14-15,18-20,22,26-27,32,34,38-39,41,45,47-48,58,60-61,65,68,70,72,76,…"
sequence-gap,case,ЦДІАК-127-315,"6 missing in 1..44: 5,12-13,16,18,32"
sequence-gap,case,ЦДІАК-127-491,"15 missing in 1..52: 4-6,9,11,20,22,25,28,30,35,37,40,43,51"
sequence-gap,case,ЦДІАК-127-416,"22 missing in 2..94: 3,7,9,11-12,16,19,21,25,28-29,34,37,54-55,68,70,75,81,84,87,90"
sequence-gap,case,ЦДІАК-127-419,"4 missing in 1..18: 2,6,9,12"
sequence-gap,case,ЦДІАК-127-294,"2 missing in 1..79: 24,49"
sequence-gap,case,ЦДІАК-127-972,"260 missing in 2..277: 3,6,8-13,15-169,172-202,204-251,253-255,257,261-272,275-276"
sequence-gap,case,ЦДІАК-127-962,"189 missing in 2..208: 3-10,12-14,16,18-28,32-122,124-144,146-155,158-163,165-168,171,174-196,198-207"
sequence-gap,case,ЦДІАК-127-956,"89 missing in 1..117: 2,5-8,10-17,19-20,22-32,34-47,51-52,54-55,58,60,64-65,73-83,85-91,93-115"
sequence-gap,case,ЦДІАК-127-976,"119 missing in 11..146: 21-75,77,81-142,145"
sequence-gap,case,ЦДІАК-127-961,"69 missing in 155..258: 158-164,166-185,188-217,220,229,237-240,248-249,252,255-257"
sequence-gap,case,ЦДІАК-127-970,"175 missing in 3..191: 4,6-86,88-136,138-155,157,161,163,167-174,176-190"
sequence-gap,case,ЦДІАК-127-361,"56 missing in 1..185: 17,25,29-30,37,42,44-45,47,50-51,58-59,63-65,67-70,73,75,80,83,90,92,94,98-99,103-104,…"
sequence-gap,case,ЦДІАК-127-311,"5 missing in 1..31: 12,21-23,25"
sequence-gap,case,ЦДІАК-127-290,"12 missing in 2..84: 5,23,28,31,44,49,52,58,63,67,73,79"
sequence-gap,case,ЦДІАК-127-3,"20 missing in 1..76: 2,5,9,15,17,19,26-27,36-37,41,49-51,54,57,66-67,70,74"
sequence-gap,case,ЦДІАК-127-394,"13 missing in 2..49: 3-4,18,20-21,23-24,26,28-29,41,44,48"
sequence-gap,case,ЦДІАК-127-411,"25 missing in 1..69: 2-3,9,12,14,17,21,23-24,26-27,32,34,36,40,43,45,51,55,59,64-68"
copy-ambiguous,file,https://www.familysearch.org/en/records/images/search-results?imageGroupNumbers=007800106_003_M9LC-F6D,"parsed ""ЦДІАК-(Volume 127-1012/307a (cont.)-315+++Volume 127-1012/307a (cont.)-315+++)"" does not single out one of 9 candidate files"
copy-ambiguous,file,https://www.familysearch.org/en/records/images/search-results?imageGroupNumbers=004810596_003_M9S8-MLB,"parsed ""ЦДІАК-(2013-1+++2013-1+++2013-1-1-17)"" does not single out one of 17 candidate files"
copy-ambiguous,file,https://www.familysearch.org/en/records/images/search-results?imageGroupNumbers=004348617,"parsed ""ЦДІАК-(127-1012-2039; 127-1012-2040+++127-1012-2039+++127-1012-2039
127-1012-2040)"" does not single out one of 2 candidate files"
copy-ambiguous,file,https://www.familysearch.org/en/records/images/search-results?imageGroupNumbers=004810557_006_M9S8-94S,"parsed ""ЦДІАК-(990-1-984-992+++990-1-984-992+++900-1-984_992_1774)"" does not single out one of 9 candidate files"