Р1372	1	1	Метрична книга. Хустська єврейська парафія, м. Хуст, синагога м. Сігет	1871-1886	метрична книга|народження|шлюб	0	ДАЗкО-Р1372-1-1
Р151	1	1				1	ДАЗкО-Р151-1-1
Р151	1	10				1	ДАЗкО-Р151-1-10
Р151	1	11				1	ДАЗкО-Р151-1-11
Р151	1	12				1	ДАЗкО-Р151-1-12
Р151	1	13				1	ДАЗкО-Р151-1-13
Р151	1	14				1	ДАЗкО-Р151-1-14
Р151	1	15				1	ДАЗкО-Р151-1-15
Р151	1	16				1	ДАЗкО-Р151-1-16
Р151	1	17				1	ДАЗкО-Р151-1-17
Р151	1	18				1	ДАЗкО-Р151-1-18
Р151	1	2				1	ДАЗкО-Р151-1-2
Р151	1	3				1	ДАЗкО-Р151-1-3
Р151	1	4				1	ДАЗкО-Р151-1-4
Р151	1	5				1	ДАЗкО-Р151-1-5
Р151	1	6				1	ДАЗкО-Р151-1-6
Р151	1	7				1	ДАЗкО-Р151-1-7
Р151	1	8				1	ДАЗкО-Р151-1-8
Р151	1	9				1	ДАЗкО-Р151-1-9
Р151	25	10	Метрична книга. Церква с. Голятин, Міжгірського р-ну Закарпатської обл.	1818-1859	метрична книга|народження|смерть|шлюб	0	ДАЗкО-Р151-25-10
Р151	25	11	Метрична книга. Церква с. Голятин, Міжгірського р-ну Закарпатської обл.	1854-1861	метрична книга|народження|смерть|шлюб	0	ДАЗкО-Р151-25-11
Р151	25	12	Метрична книга. Церква с. Голятин, Міжгірського р-ну Закарпатської обл.	1862-1876	метрична книга|народження|смерть|шлюб	0	ДАЗкО-Р151-25-12
Р151	25	13	Метрична книга. Церква с. Голятин, Міжгірського р-ну Закарпатської обл.	1813-1853	метрична книга|народження|смерть|шлюб	0	ДАЗкО-Р151-25-13
Р151	25	14	Метрична книга. Церква с. Ізки, Міжгірського р-ну Закарпатської обл.	1795-1861	метрична книга|народження|смерть|шлюб	0	ДАЗкО-Р151-25-14
Р151	25	15	Метрична книга. Церква с. Ізки, Міжгірського р-ну Закарпатської обл.	1862-1874	метрична книга|народження|смерть|шлюб	0	ДАЗкО-Р151-25-15
Р151	25	16	Метрична книга. Церква с. Ізки, Міжгірського р-ну Закарпатської обл.	1823-1860	метрична книга|народження|смерть|шлюб	0	ДАЗкО-Р151-25-16
Р151	25	17	Метрична книга. Церква с. Ізки, Міжгірського р-ну Закарпатської обл.	1861-1884	метрична книга|народження|смерть|шлюб	0	ДАЗкО-Р151-25-17
Р151	25	4	Метрична книга. Церква с. Вучкове, Міжгірського р-ну Закарпатської обл.	1817-1840	метрична книга|народження|смерть|шлюб	0	ДАЗкО-Р151-25-4
Р151	25	5	Метрична книга. Церква с. Вучкове, Міжгірського р-ну Закарпатської обл.	1862-1886	метрична книга|народження|смерть|шлюб	0	ДАЗкО-Р151-25-5
Р151	25	6	Метрична книга. Церква с. Вучкове, Міжгірського р-ну Закарпатської обл.	1809-1860	метрична книга|народження|смерть|шлюб	0	ДАЗкО-Р151-25-6
Р151	25	7	Метрична книга. Церква с. Голятин, Міжгірського р-ну Закарпатської обл.	1862-1880	метрична книга|народження|смерть|шлюб	0	ДАЗкО-Р151-25-7
Р151	25	8	Метрична книга. Церква с. Голятин, Міжгірського р-ну Закарпатської обл.	1856-1862	метрична книга|народження|смерть|шлюб	0	ДАЗкО-Р151-25-8
Р151	25	9	Метрична книга. Церква с. Голятин, Міжгірського р-ну Закарпатської обл.	1877-1884	метрична книга|народження|смерть|шлюб	0	ДАЗкО-Р151-25-9
Р151	26	1	Метрична книга. Церква с. Буковець, Міжгірського р-ну Закарпатської обл.; Церква с. Келечин, Міжгірського р-ну Закарпатської    обл.	1824-1893	метрична книга|народження|смерть|шлюб	0	ДАЗкО-Р151-26-1
Р151	26	18	Метрична книга. Церква с. Колочава, Міжгірського р-ну Закарпатської обл.	1852-1861	метрична книга|народження|смерть|шлюб	0	ДАЗкО-Р151-26-18
Р151	26	19	Метрична книга. Церква с. Келечин, Міжгірського р-ну Закарпатської    обл.	1861-1893	метрична книга|народження|смерть	0	ДАЗкО-Р151-26-19
Р151	26	2	Метрична книга. Церква с. Буковець, Міжгірського р-ну Закарпатської обл.	1861-1884	метрична книга|народження|смерть|шлюб	0	ДАЗкО-Р151-26-2
Р151	26	20	Метрична книга. Церква с. Келечин, Міжгірського р-ну Закарпатської    обл.	1820-1861	метрична книга|народження|смерть|шлюб	0	ДАЗкО-Р151-26-20
Р151	26	24	Метрична книга. Церква смт Міжгір'я, Міжгірського р-ну Закарпатської  обл.	1842-1862	метрична книга|народження|смерть|шлюб	0	ДАЗкО-Р151-26-24
Р151	26	25	Метрична книга. Церква смт Міжгір'я, Міжгірського р-ну Закарпатської  обл.	1802-1842	метрична книга|народження|смерть|шлюб	0	ДАЗкО-Р151-26-25
Р151	26	26	Метрична книга. Церква смт Міжгір'я, Міжгірського р-ну Закарпатської  обл.	1872-1882	метрична книга|народження|смерть|шлюб	0	ДАЗкО-Р151-26-26
Р151	26	27	Метрична книга. Церква смт Міжгір'я, Міжгірського р-ну Закарпатської  обл.	1862-1872	метрична книга|народження|смерть|шлюб	0	ДАЗкО-Р151-26-27
Р151	26	3	Метрична книга. Церква с. Буковець, Міжгірського р-ну Закарпатської обл.	1885-1908	метрична книга|народження|смерть|шлюб	0	ДАЗкО-Р151-26-3
Р1606	1	1	Колекція церковних метричних книг Закарпаття (ф. 1606), 1715-1920	1787-1819	метрична книга|народження|смерть|шлюб	1	ДАЗкО-Р1606-1-1
Р1606	1	10	Колекція церковних метричних книг Закарпаття (ф. 1606), 1715-1920	1801-1839	метрична книга|народження|смерть|шлюб	1	ДАЗкО-Р1606-1-10
Р1606	1	100	Колекція церковних метричних книг Закарпаття (ф. 1606), 1715-1920	1863-1878	метрична книга|народження	1	ДАЗкО-Р1606-1-100
Р1606	1	101	Колекція церковних метричних книг Закарпаття (ф. 1606), 1715-1920	1891-1893	метрична книга|народження	1	ДАЗкО-Р1606-1-101
Р1606	1	102	Колекція церковних метричних книг Закарпаття (ф. 1606), 1715-1920	1867-1895		1	ДАЗкО-Р1606-1-102
Р1606	1	103	Колекція церковних метричних книг Закарпаття (ф. 1606), 1715-1920	1870-1896	метрична книга|смерть	1	ДАЗкО-Р1606-1-103
Р1606	1	104	Колекція церковних метричних книг Закарпаття (ф. 1606), 1715-1920	1895-1897		1	ДАЗкО-Р1606-1-104
Р1606	1	105	Колекція церковних метричних книг Закарпаття (ф. 1606), 1715-1920	1852-1897	метрична книга|народження|смерть|шлюб	1	ДАЗкО-Р1606-1-105
Р1606	1	106	Колекція церковних метричних книг Закарпаття (ф. 1606), 1715-1920	1895-1898	метрична книга|народження	1	ДАЗкО-Р1606-1-106
Р1606	1	107	Колекція церковних метричних книг Закарпаття (ф. 1606), 1715-1920	1897-1899		1	ДАЗкО-Р1606-1-107
Р1606	1	108	Колекція церковних метричних книг Закарпаття (ф. 1606), 1715-1920	1895-1899	метрична книга|смерть	1	ДАЗкО-Р1606-1-108
Р1606	1	109	Колекція церковних метричних книг Закарпаття (ф. 1606), 1715-1920	1827-1899		1	ДАЗкО-Р1606-1-109
Р1606	1	11	Колекція церковних метричних книг Закарпаття (ф. 1606), 1715-1920	1806-1839	метрична книга|народження|смерть|шлюб	1	ДАЗкО-Р1606-1-11
Р1606	1	110	Колекція церковних метричних книг Закарпаття (ф. 1606), 1715-1920	1895-1899		1	ДАЗкО-Р1606-1-110
Р1606	1	111	Колекція церковних метричних книг Закарпаття (ф. 1606), 1715-1920	1898-1899		1	ДАЗкО-Р1606-1-111
Р1606	1	112	Колекція церковних метричних книг Закарпаття (ф. 1606), 1715-1920	1895-1900		1	ДАЗкО-Р1606-1-112
Р1606	1	113	Колекція церковних метричних книг Закарпаття (ф. 1606), 1715-1920	1877-1900	метрична книга|народження|смерть|шлюб	1	ДАЗкО-Р1606-1-113
Р1606	1	114	Колекція церковних метричних книг Закарпаття (ф. 1606), 1715-1920	1882-1903	метрична книга|народження|смерть|шлюб	1	ДАЗкО-Р1606-1-114
Р1606	1	115	Колекція церковних метричних книг Закарпаття (ф. 1606), 1715-1920	1899-1901	метрична книга|народження	1	ДАЗкО-Р1606-1-115
Р1606	1	116	Колекція церковних метричних книг Закарпаття (ф. 1606), 1715-1920	1895-1901		1	ДАЗкО-Р1606-1-116
Р1606	1	117	Колекція церковних метричних книг Закарпаття (ф. 1606), 1715-1920	1899-1902		1	ДАЗкО-Р1606-1-117
Р1606	1	118	Колекція церковних метричних книг Закарпаття (ф. 1606), 1715-1920	1892-1902	метрична книга|народження|смерть|шлюб	1	ДАЗкО-Р1606-1-118
Р1606	1	119	Колекція церковних метричних книг Закарпаття (ф. 1606), 1715-1920	1899-1902		1	ДАЗкО-Р1606-1-119
Р1606	1	12	Колекція церковних метричних книг Закарпаття (ф. 1606), 1715-1920	1807-1839	метрична книга|народження|смерть|шлюб	1	ДАЗкО-Р1606-1-12
Р1606	1	120	Колекція церковних метричних книг Закарпаття (ф. 1606), 1715-1920	1900-1903		1	ДАЗкО-Р1606-1-120
Р1606	1	121	Колекція церковних метричних книг Закарпаття (ф. 1606), 1715-1920	1879-1904	метрична книга|народження|смерть|шлюб	1	ДАЗкО-Р1606-1-121
Р1606	1	122	Колекція церковних метричних книг Закарпаття (ф. 1606), 1715-1920	1889-1905	метрична книга|народження	1	ДАЗкО-Р1606-1-122
Р1606	1	123	Колекція церковних метричних книг Закарпаття (ф. 1606), 1715-1920	1902-1905	метрична книга|народження	1	ДАЗкО-Р1606-1-123
Р1606	1	124	Колекція церковних метричних книг Закарпаття (ф. 1606), 1715-1920	1902-1905		1	ДАЗкО-Р1606-1-124
Р1606	1	125	Колекція церковних метричних книг Закарпаття (ф. 1606), 1715-1920	1888-1905	метрична книга|народження|смерть|шлюб	1	ДАЗкО-Р1606-1-125
Р1606	1	126	Колекція церковних метричних книг Закарпаття (ф. 1606), 1715-1920	1870-1905	метрична книга|народження|смерть|шлюб	0	ДАЗкО-Р1606-1-126
Р1606	1	127	Колекція церковних метричних книг Закарпаття (ф. 1606), 1715-1920	1900-1905		1	ДАЗкО-Р1606-1-127
Р1606	1	128	Колекція церковних метричних книг Закарпаття (ф. 1606), 1715-1920	1895-1905	метрична книга|народження|смерть|шлюб	1	ДАЗкО-Р1606-1-128
Р1606	1	129	Колекція церковних метричних книг Закарпаття (ф. 1606), 1715-1920	1895-1905		1	ДАЗкО-Р1606-1-129
Р1606	1	13	Колекція церковних метричних книг Закарпаття (ф. 1606), 1715-1920	1808-1839	метрична книга|народження|смерть|шлюб	1	ДАЗкО-Р1606-1-13
Р1606	1	130	Колекція церковних метричних книг Закарпаття (ф. 1606), 1715-1920	1892-1906	метрична книга|народження|смерть|шлюб	1	ДАЗкО-Р1606-1-130
Р1606	1	131	Колекція церковних метричних книг Закарпаття (ф. 1606), 1715-1920	1900-1906	метрична книга|смерть	1	ДАЗкО-Р1606-1-131
Р1606	1	132	Колекція церковних метричних книг Закарпаття (ф. 1606), 1715-1920	1906-1906		1	ДАЗкО-Р1606-1-132
Р1606	1	133	Колекція церковних метричних книг Закарпаття (ф. 1606), 1715-1920	1906-1906	метрична книга|шлюб	1	ДАЗкО-Р1606-1-133
Р1606	1	134	Колекція церковних метричних книг Закарпаття (ф. 1606), 1715-1920	1905-1906		1	ДАЗкО-Р1606-1-134
Р1606	1	135	Колекція церковних метричних книг Закарпаття (ф. 1606), 1715-1920	1895-1906		1	ДАЗкО-Р1606-1-135
Р1606	1	136	Колекція церковних метричних книг Закарпаття (ф. 1606), 1715-1920	1895-1906		1	ДАЗкО-Р1606-1-136
Р1606	1	137	Колекція церковних метричних книг Закарпаття (ф. 1606), 1715-1920	1895-1906	метрична книга|шлюб	1	ДАЗкО-Р1606-1-137
Р1606	1	138	Колекція церковних метричних книг Закарпаття (ф. 1606), 1715-1920	1903-1906		1	ДАЗкО-Р1606-1-138
Р1606	1	139	Колекція церковних метричних книг Закарпаття (ф. 1606), 1715-1920	1905-1906		1	ДАЗкО-Р1606-1-139
Р1606	1	14	Колекція церковних метричних книг Закарпаття (ф. 1606), 1715-1920	1777-1840	метрична книга|народження|смерть|шлюб	1	ДАЗкО-Р1606-1-14
Р1606	1	140	Колекція церковних метричних книг Закарпаття (ф. 1606), 1715-1920	1903-1906		1	ДАЗкО-Р1606-1-140
Р1606	1	141	Колекція церковних метричних книг Закарпаття (ф. 1606), 1715-1920	1896-1906		0	ДАЗкО-Р1606-1-141
Р1606	1	142	Колекція церковних метричних книг Закарпаття (ф. 1606), 1715-1920	1900-1906		1	ДАЗкО-Р1606-1-142
Р1606	1	143	Колекція церковних метричних книг Закарпаття (ф. 1606), 1715-1920	1903-1906		1	ДАЗкО-Р1606-1-143
Р1606	1	144	Колекція церковних метричних книг Закарпаття (ф. 1606), 1715-1920	1871-1907	метрична книга|народження|смерть|шлюб	1	ДАЗкО-Р1606-1-144
Р1606	1	145	Колекція церковних метричних книг Закарпаття (ф. 1606), 1715-1920	1895-1909		1	ДАЗкО-Р1606-1-145
Р1606	1	146	Колекція церковних метричних книг Закарпаття (ф. 1606), 1715-1920	1874-1909	метрична книга|народження|смерть|шлюб	1	ДАЗкО-Р1606-1-146
Р1606	1	147	Колекція церковних метричних книг Закарпаття (ф. 1606), 1715-1920	1869-1911	метрична книга|шлюб	1	ДАЗкО-Р1606-1-147
Р1606	1	148	Колекція церковних метричних книг Закарпаття (ф. 1606), 1715-1920	1893-1911	метрична книга|народження|смерть|шлюб	1	ДАЗкО-Р1606-1-148
Р1606	1	149	Колекція церковних метричних книг Закарпаття (ф. 1606), 1715-1920	1880-1911	метрична книга|народження|смерть|шлюб	1	ДАЗкО-Р1606-1-149
Р1606	1	15	Колекція церковних метричних книг Закарпаття (ф. 1606), 1715-1920	1840-1850	метрична книга|народження|смерть|шлюб	1	ДАЗкО-Р1606-1-15
Р1606	1	150	Колекція церковних метричних книг Закарпаття (ф. 1606), 1715-1920	1876-1911	метрична книга|народження|смерть|шлюб	1	ДАЗкО-Р1606-1-150
Р1606	1	151	Колекція церковних метричних книг Закарпаття (ф. 1606), 1715-1920	1870-1912	метрична книга|народження|смерть|шлюб	1	ДАЗкО-Р1606-1-151
Р1606	1	152	Колекція церковних метричних книг Закарпаття (ф. 1606), 1715-1920	1853-1927	метрична книга|народження|смерть|шлюб	1	ДАЗкО-Р1606-1-152
Р1606	1	153	Колекція церковних метричних книг Закарпаття (ф. 1606), 1715-1920	1869-1914	метрична книга|народження	1	ДАЗкО-Р1606-1-153
Р1606	1	154	Колекція церковних метричних книг Закарпаття (ф. 1606), 1715-1920	1907-1915	метрична книга|народження|смерть|шлюб	1	ДАЗкО-Р1606-1-154
Р1606	1	155	Колекція церковних метричних книг Закарпаття (ф. 1606), 1715-1920	1873-1915	метрична книга|народження|смерть|шлюб	1	ДАЗкО-Р1606-1-155
Р1606	1	156	Колекція церковних метричних книг Закарпаття (ф. 1606), 1715-1920	1894-1915	метрична книга|народження|смерть|шлюб	1	ДАЗкО-Р1606-1-156
Р1606	1	157	Колекція церковних метричних книг Закарпаття (ф. 1606), 1715-1920	1904-1917	метрична книга|народження|смерть|шлюб	1	ДАЗкО-Р1606-1-157
Р1606	1	158	Колекція церковних метричних книг Закарпаття (ф. 1606), 1715-1920	1715-1918	метрична книга|народження	1	ДАЗкО-Р1606-1-158
Р1606	1	159	Колекція церковних метричних книг Закарпаття (ф. 1606), 1715-1920	1895-1918	метрична книга|народження|смерть|шлюб	1	ДАЗкО-Р1606-1-159
Р1606	1	16	Колекція церковних метричних книг Закарпаття (ф. 1606), 1715-1920	1840-1851	метрична книга|народження	1	ДАЗкО-Р1606-1-16
Р1606	1	160	Колекція церковних метричних книг Закарпаття (ф. 1606), 1715-1920	1896-1918	метрична книга|смерть	1	ДАЗкО-Р1606-1-160
Р1606	1	161	Колекція церковних метричних книг Закарпаття (ф. 1606), 1715-1920	1905-1918		1	ДАЗкО-Р1606-1-161
Р1606	1	162	Колекція церковних метричних книг Закарпаття (ф. 1606), 1715-1920	1870-1919	метрична книга|смерть	1	ДАЗкО-Р1606-1-162
Р1606	1	163	Колекція церковних метричних книг Закарпаття (ф. 1606), 1715-1920	1895-1920	метрична книга|смерть	1	ДАЗкО-Р1606-1-163
Р1606	1	164	Колекція церковних метричних книг Закарпаття (ф. 1606), 1715-1920	1905-1921		1	ДАЗкО-Р1606-1-164
Р1606	1	165	Колекція церковних метричних книг Закарпаття (ф. 1606), 1715-1920	1879-1923	метрична книга|народження	1	ДАЗкО-Р1606-1-165
Р1606	1	166	Колекція церковних метричних книг Закарпаття (ф. 1606), 1715-1920	1899-1924	метрична книга|народження|смерть|шлюб	1	ДАЗкО-Р1606-1-166
Р1606	1	167	Колекція церковних метричних книг Закарпаття (ф. 1606), 1715-1920	1875-1924	метрична книга|народження|смерть|шлюб	1	ДАЗкО-Р1606-1-167
Р1606	1	168	Колекція церковних метричних книг Закарпаття (ф. 1606), 1715-1920	1907-1925		1	ДАЗкО-Р1606-1-168
Р1606	1	169	Колекція церковних метричних книг Закарпаття (ф. 1606), 1715-1920	1890-1926	метрична книга|народження|смерть|шлюб	1	ДАЗкО-Р1606-1-169
Р1606	1	17	Колекція церковних метричних книг Закарпаття (ф. 1606), 1715-1920	1840-1852	метрична книга|народження|смерть|шлюб	1	ДАЗкО-Р1606-1-17
Р1606	1	170	Колекція церковних метричних книг Закарпаття (ф. 1606), 1715-1920	1871-1907	метрична книга|народження|смерть|шлюб	1	ДАЗкО-Р1606-1-170
Р1606	1	171	Колекція церковних метричних книг Закарпаття (ф. 1606), 1715-1920	1904-1928	метрична книга|народження	1	ДАЗкО-Р1606-1-171
Р1606	1	172	Колекція церковних метричних книг Закарпаття (ф. 1606), 1715-1920	1891-1929	метрична книга|народження|смерть|шлюб	1	ДАЗкО-Р1606-1-172
Р1606	1	173	Колекція церковних метричних книг Закарпаття (ф. 1606), 1715-1920	1916-1930	метрична книга|народження|смерть|шлюб	1	ДАЗкО-Р1606-1-173
Р1606	1	174	Колекція церковних метричних книг Закарпаття (ф. 1606), 1715-1920	1896-1931	метрична книга|народження|смерть|шлюб	1	ДАЗкО-Р1606-1-174
Р1606	1	175	Колекція церковних метричних книг Закарпаття (ф. 1606), 1715-1920	1910-1931	метрична книга|народження	1	ДАЗкО-Р1606-1-175
Р1606	1	176	Колекція церковних метричних книг Закарпаття (ф. 1606), 1715-1920	1901-1931	метрична книга|народження|смерть|шлюб	1	ДАЗкО-Р1606-1-176
Р1606	1	177	Колекція церковних метричних книг Закарпаття (ф. 1606), 1715-1920	1923-1931		1	ДАЗкО-Р1606-1-177
Р1606	1	178	Колекція церковних метричних книг Закарпаття (ф. 1606), 1715-1920	1928-1933		1	ДАЗкО-Р1606-1-178
Р1606	1	179	Колекція церковних метричних книг Закарпаття (ф. 1606), 1715-1920	1925-1933	метрична книга|народження|смерть|шлюб	1	ДАЗкО-Р1606-1-179
Р1606	1	18	Колекція церковних метричних книг Закарпаття (ф. 1606), 1715-1920	1840-1852		1	ДАЗкО-Р1606-1-18
Р1606	1	180	Колекція церковних метричних книг Закарпаття (ф. 1606), 1715-1920	1895-1933	метрична книга|смерть	1	ДАЗкО-Р1606-1-180
Р1606	1	181	Колекція церковних метричних книг Закарпаття (ф. 1606), 1715-1920	1907-1934		1	ДАЗкО-Р1606-1-181
Р1606	1	182	Колекція церковних метричних книг Закарпаття (ф. 1606), 1715-1920	1869-1935	метрична книга|народження|смерть|шлюб	1	ДАЗкО-Р1606-1-182
Р1606	1	183	Колекція церковних метричних книг Закарпаття (ф. 1606), 1715-1920	1899-1936		1	ДАЗкО-Р1606-1-183
Р1606	1	184	Колекція церковних метричних книг Закарпаття (ф. 1606), 1715-1920	1874-1937	метрична книга|народження|смерть|шлюб	1	ДАЗкО-Р1606-1-184
Р1606	1	185	Колекція церковних метричних книг Закарпаття (ф. 1606), 1715-1920	1912-1938	метрична книга|народження|смерть|шлюб	1	ДАЗкО-Р1606-1-185
Р1606	1	186	Колекція церковних метричних книг Закарпаття (ф. 1606), 1715-1920	1871-1938	метрична книга|народження|смерть|шлюб	1	ДАЗкО-Р1606-1-186
Р1606	1	187	Колекція церковних метричних книг Закарпаття (ф. 1606), 1715-1920	1919-1938		1	ДАЗкО-Р1606-1-187
Р1606	1	188	Колекція церковних метричних книг Закарпаття (ф. 1606), 1715-1920	1879-1939	метрична книга|народження|смерть|шлюб	1	ДАЗкО-Р1606-1-188
Р1606	1	189	Колекція церковних метричних книг Закарпаття (ф. 1606), 1918-1945	1933-1939	метрична книга|народження|шлюб	1	ДАЗкО-Р1606-1-189
Р1606	1	19	Колекція церковних метричних книг Закарпаття (ф. 1606), 1715-1920	1840-1852	метрична книга|народження|смерть|шлюб	1	ДАЗкО-Р1606-1-19
Р1606	1	190	Колекція церковних метричних книг Закарпаття (ф. 1606), 1918-1945	1930-1941	метрична книга|народження|смерть|шлюб	1	ДАЗкО-Р1606-1-190
Р1606	1	191	Колекція церковних метричних книг Закарпаття (ф. 1606), 1715-1920	1898-1941	метрична книга|народження|смерть|шлюб	1	ДАЗкО-Р1606-1-191
Р1606	1	192	Колекція церковних метричних книг Закарпаття (ф. 1606), 1918-1945	1939-1941		1	ДАЗкО-Р1606-1-192
Р1606	1	193	Колекція церковних метричних книг Закарпаття (ф. 1606), 1715-1920	1911-1942	метрична книга|народження|смерть|шлюб	1	ДАЗкО-Р1606-1-193
Р1606	1	194	Колекція церковних метричних книг Закарпаття (ф. 1606), 1918-1945	1934-1943	метрична книга|народження|смерть	1	ДАЗкО-Р1606-1-194
Р1606	1	195	Колекція церковних метричних книг Закарпаття (ф. 1606), 1715-1920	1909-1943	метрична книга|народження|смерть|шлюб	1	ДАЗкО-Р1606-1-195
Р1606	1	196	Колекція церковних метричних книг Закарпаття (ф. 1606), 1918-1945	1943-1945		1	ДАЗкО-Р1606-1-196
Р1606	1	197	Колекція церковних метричних книг Закарпаття (ф. 1606), 1918-1945	1936-1945	метрична книга|народження|смерть|шлюб	1	ДАЗкО-Р1606-1-197
Р1606	1	198	Колекція церковних метричних книг Закарпаття (ф. 1606), 1715-1920	1907-1945		1	ДАЗкО-Р1606-1-198
Р1606	1	199	Колекція церковних метричних книг Закарпаття (ф. 1606), 1918-1945	1896-1946		1	ДАЗкО-Р1606-1-199
Р1606	1	2	Колекція церковних метричних книг Закарпаття (ф. 1606), 1715-1920	1820-1833	метрична книга|народження|смерть|шлюб	1	ДАЗкО-Р1606-1-2
Р1606	1	20	Колекція церковних метричних книг Закарпаття (ф. 1606), 1715-1920	1840-1852	метрична книга|народження|смерть|шлюб	1	ДАЗкО-Р1606-1-20
Р1606	1	200	Колекція церковних метричних книг Закарпаття (ф. 1606), 1918-1945	1919-1946	метрична книга|смерть	1	ДАЗкО-Р1606-1-200
Р1606	1	201	Колекція церковних метричних книг Закарпаття (ф. 1606), 1715-1920	1928-1946	метрична книга|смерть	1	ДАЗкО-Р1606-1-201
Р1606	1	202	Колекція церковних метричних книг Закарпаття (ф. 1606), 1918-1945	1916-1946	метрична книга|народження|смерть|шлюб	1	ДАЗкО-Р1606-1-202
Р1606	1	203	Колекція церковних метричних книг Закарпаття (ф. 1606), 1715-1920	1872-1947	метрична книга|народження|смерть|шлюб	1	ДАЗкО-Р1606-1-203
Р1606	1	204	Колекція церковних метричних книг Закарпаття (ф. 1606), 1918-1945	1929-1946		1	ДАЗкО-Р1606-1-204
Р1606	1	205	Колекція церковних метричних книг Закарпаття (ф. 1606), 1715-1920	1810-1947	метрична книга|народження|смерть|шлюб	1	ДАЗкО-Р1606-1-205
Р1606	1	206	Колекція церковних метричних книг Закарпаття (ф. 1606), 1918-1945	1929-1947	метрична книга|народження|смерть|шлюб	1	ДАЗкО-Р1606-1-206
Р1606	1	207	Колекція церковних метричних книг Закарпаття (ф. 1606), 1715-1920	1887-1947	метрична книга|народження|смерть|шлюб	1	ДАЗкО-Р1606-1-207
Р1606	1	208	Колекція церковних метричних книг Закарпаття (ф. 1606), 1918-1945	1896-1947	метрична книга|народження|смерть|шлюб	1	ДАЗкО-Р1606-1-208
Р1606	1	209	Колекція церковних метричних книг Закарпаття (ф. 1606), 1715-1920	1939-1947	метрична книга|народження	1	ДАЗкО-Р1606-1-209
Р1606	1	21	Колекція церковних метричних книг Закарпаття (ф. 1606), 1715-1920	1840-1852	метрична книга|народження|смерть|шлюб	1	ДАЗкО-Р1606-1-21
Р1606	1	210	Колекція церковних метричних книг Закарпаття (ф. 1606), 1715-1920	1919-1947	метрична книга|шлюб	1	ДАЗкО-Р1606-1-210
Р1606	1	211	Колекція церковних метричних книг Закарпаття (ф. 1606), 1918-1945	1881-1945	метрична книга|народження|смерть|шлюб	1	ДАЗкО-Р1606-1-211
Р1606	1	212	Колекція церковних метричних книг Закарпаття (ф. 1606), 1715-1920	1901-1947	метрична книга|народження|смерть|шлюб	1	ДАЗкО-Р1606-1-212
Р1606	1	213	Колекція церковних метричних книг Закарпаття (ф. 1606), 1918-1945	1884-1947	метрична книга|шлюб	1	ДАЗкО-Р1606-1-213
Р1606	1	214	Колекція церковних метричних книг Закарпаття (ф. 1606), 1715-1920	1933-1947		1	ДАЗкО-Р1606-1-214
Р1606	1	215	Колекція церковних метричних книг Закарпаття (ф. 1606), 1918-1945	1924-1947		1	ДАЗкО-Р1606-1-215
Р1606	1	216	Колекція церковних метричних книг Закарпаття (ф. 1606), 1715-1920	1715-1947	метрична книга|народження|смерть|шлюб	1	ДАЗкО-Р1606-1-216
Р1606	1	217	Колекція церковних метричних книг Закарпаття (ф. 1606), 1918-1945	1926-1947		1	ДАЗкО-Р1606-1-217
Р1606	1	218	Колекція церковних метричних книг Закарпаття (ф. 1606), 1715-1920	1927-1947		1	ДАЗкО-Р1606-1-218
Р1606	1	219	Колекція церковних метричних книг Закарпаття (ф. 1606), 1918-1945	1911-1947		1	ДАЗкО-Р1606-1-219
Р1606	1	22	Колекція церковних метричних книг Закарпаття (ф. 1606), 1715-1920	1840-1852	метрична книга|народження|смерть|шлюб	1	ДАЗкО-Р1606-1-22
Р1606	1	220	Колекція церковних метричних книг Закарпаття (ф. 1606), 1715-1920	1929-1947		1	ДАЗкО-Р1606-1-220
Р1606	1	221	Колекція церковних метричних книг Закарпаття (ф. 1606), 1918-1945	1911-1947	метрична книга|народження|смерть|шлюб	1	ДАЗкО-Р1606-1-221
Р1606	1	222	Колекція церковних метричних книг Закарпаття (ф. 1606), 1715-1920	1926-1947		1	ДАЗкО-Р1606-1-222
Р1606	1	223	Колекція церковних метричних книг Закарпаття (ф. 1606), 1918-1945	1907-1947		1	ДАЗкО-Р1606-1-223
Р1606	1	224	Колекція церковних метричних книг Закарпаття (ф. 1606), 1715-1920	1931-1947		1	ДАЗкО-Р1606-1-224
Р1606	1	225	Колекція церковних метричних книг Закарпаття (ф. 1606), 1715-1920	1928-1947		1	ДАЗкО-Р1606-1-225
Р1606	1	226	Колекція церковних метричних книг Закарпаття (ф. 1606), 1918-1945	1900-1950		1	ДАЗкО-Р1606-1-226
Р1606	1	227	Колекція церковних метричних книг Закарпаття (ф. 1606), 1715-1920	1942-1952	метрична книга|народження	1	ДАЗкО-Р1606-1-227
Р1606	1	228	Колекція церковних метричних книг Закарпаття (ф. 1606), 1918-1945	1950-1952	метрична книга|народження	1	ДАЗкО-Р1606-1-228
Р1606	1	23	Колекція церковних метричних книг Закарпаття (ф. 1606), 1715-1920	1840-1852	метрична книга|народження|смерть|шлюб	1	ДАЗкО-Р1606-1-23
Р1606	1	24	Колекція церковних метричних книг Закарпаття (ф. 1606), 1715-1920	1840-1852	метрична книга|народження|смерть|шлюб	0	ДАЗкО-Р1606-1-24
Р1606	1	25	Колекція церковних метричних книг Закарпаття (ф. 1606), 1715-1920	1840-1852	метрична книга|народження|смерть|шлюб	1	ДАЗкО-Р1606-1-25
Р1606	1	26	Колекція церковних метричних книг Закарпаття (ф. 1606), 1715-1920	1840-1853	метрична книга|народження|смерть|шлюб	1	ДАЗкО-Р1606-1-26
Р1606	1	27	Колекція церковних метричних книг Закарпаття (ф. 1606), 1715-1920	1840-1920	метрична книга|народження|смерть|шлюб	1	ДАЗкО-Р1606-1-27
Р1606	1	28	Колекція церковних метричних книг Закарпаття (ф. 1606), 1715-1920	1840-1854	метрична книга|народження|смерть|шлюб	1	ДАЗкО-Р1606-1-28
Р1606	1	29	Колекція церковних метричних книг Закарпаття (ф. 1606), 1715-1920	1840-1855	метрична книга|народження|смерть|шлюб	1	ДАЗкО-Р1606-1-29
Р1606	1	3	Колекція церковних метричних книг Закарпаття (ф. 1606), 1715-1920	1809-1837	метрична книга|народження|смерть|шлюб	1	ДАЗкО-Р1606-1-3
Р1606	1	30	Колекція церковних метричних книг Закарпаття (ф. 1606), 1715-1920	1840-1855	метрична книга|народження|смерть|шлюб	1	ДАЗкО-Р1606-1-30
Р1606	1	31	Колекція церковних метричних книг Закарпаття (ф. 1606), 1715-1920	1840-1856	метрична книга|народження	1	ДАЗкО-Р1606-1-31
Р1606	1	32	Колекція церковних метричних книг Закарпаття (ф. 1606), 1715-1920	1835-1856	метрична книга|народження|смерть|шлюб	1	ДАЗкО-Р1606-1-32
Р1606	1	33	Колекція церковних метричних книг Закарпаття (ф. 1606), 1715-1920	1852-1857	метрична книга|народження|смерть|шлюб	1	ДАЗкО-Р1606-1-33
Р1606	1	34	Колекція церковних метричних книг Закарпаття (ф. 1606), 1715-1920	1840-1857	метрична книга|народження|смерть|шлюб	1	ДАЗкО-Р1606-1-34
Р1606	1	35	Колекція церковних метричних книг Закарпаття (ф. 1606), 1715-1920	1840-1857	метрична книга|народження	1	ДАЗкО-Р1606-1-35
Р1606	1	36	Колекція церковних метричних книг Закарпаття (ф. 1606), 1715-1920	1840-1857	метрична книга|народження|смерть|шлюб	1	ДАЗкО-Р1606-1-36
Р1606	1	37	Колекція церковних метричних книг Закарпаття (ф. 1606), 1715-1920	1840-1857	метрична книга|народження|смерть|шлюб	1	ДАЗкО-Р1606-1-37
Р1606	1	38	Колекція церковних метричних книг Закарпаття (ф. 1606), 1715-1920	1840-1858	метрична книга|народження|смерть|шлюб	1	ДАЗкО-Р1606-1-38
Р1606	1	39	Колекція церковних метричних книг Закарпаття (ф. 1606), 1715-1920	1852-1859	метрична книга|народження|смерть|шлюб	1	ДАЗкО-Р1606-1-39
Р1606	1	4	Колекція церковних метричних книг Закарпаття (ф. 1606), 1715-1920	1772-1837		1	ДАЗкО-Р1606-1-4
Р1606	1	40	Колекція церковних метричних книг Закарпаття (ф. 1606), 1715-1920	1840-1860	метрична книга|народження|смерть|шлюб	1	ДАЗкО-Р1606-1-40
Р1606	1	41	Колекція церковних метричних книг Закарпаття (ф. 1606), 1715-1920	1842-1861	метрична книга|народження|смерть|шлюб	1	ДАЗкО-Р1606-1-41
Р1606	1	42	Колекція церковних метричних книг Закарпаття (ф. 1606), 1715-1920	1837-1862	метрична книга|народження|смерть|шлюб	1	ДАЗкО-Р1606-1-42
Р1606	1	43	Колекція церковних метричних книг Закарпаття (ф. 1606), 1715-1920	1840-1864	метрична книга|народження|смерть|шлюб	1	ДАЗкО-Р1606-1-43
Р1606	1	44	Колекція церковних метричних книг Закарпаття (ф. 1606), 1715-1920	1853-1865	метрична книга|народження|смерть|шлюб	1	ДАЗкО-Р1606-1-44
Р1606	1	45	Колекція церковних метричних книг Закарпаття (ф. 1606), 1715-1920	1840-1865	метрична книга|народження|смерть|шлюб	1	ДАЗкО-Р1606-1-45
Р1606	1	46	Колекція церковних метричних книг Закарпаття (ф. 1606), 1715-1920	1853-1866	метрична книга|народження|шлюб	1	ДАЗкО-Р1606-1-46
Р1606	1	47	Колекція церковних метричних книг Закарпаття (ф. 1606), 1715-1920	1853-1866	метрична книга|народження|смерть|шлюб	1	ДАЗкО-Р1606-1-47
Р1606	1	48	Колекція церковних метричних книг Закарпаття (ф. 1606), 1715-1920	1837-1868	метрична книга|народження|смерть|шлюб	1	ДАЗкО-Р1606-1-48
Р1606	1	49	Колекція церковних метричних книг Закарпаття (ф. 1606), 1715-1920	1853-1868	метрична книга|народження|смерть|шлюб	1	ДАЗкО-Р1606-1-49
Р1606	1	5	Колекція церковних метричних книг Закарпаття (ф. 1606), 1715-1920	1834-1839	метрична книга|народження|смерть|шлюб	1	ДАЗкО-Р1606-1-5
Р1606	1	50	Колекція церковних метричних книг Закарпаття (ф. 1606), 1715-1920	1853-1869	метрична книга|народження|смерть|шлюб	1	ДАЗкО-Р1606-1-50
Р1606	1	51	Колекція церковних метричних книг Закарпаття (ф. 1606), 1715-1920	1853-1869	метрична книга|народження|смерть|шлюб	1	ДАЗкО-Р1606-1-51
Р1606	1	52	Колекція церковних метричних книг Закарпаття (ф. 1606), 1715-1920	1858-1870	метрична книга|народження|смерть|шлюб	1	ДАЗкО-Р1606-1-52
Р1606	1	53	Колекція церковних метричних книг Закарпаття (ф. 1606), 1715-1920	1853-1870	метрична книга|народження|смерть|шлюб	1	ДАЗкО-Р1606-1-53
Р1606	1	54	Колекція церковних метричних книг Закарпаття (ф. 1606), 1715-1920	1853-1870	метрична книга|народження|смерть|шлюб	1	ДАЗкО-Р1606-1-54
Р1606	1	55	Колекція церковних метричних книг Закарпаття (ф. 1606), 1715-1920	1859-1870	метрична книга|народження|смерть|шлюб	1	ДАЗкО-Р1606-1-55
Р1606	1	56	Колекція церковних метричних книг Закарпаття (ф. 1606), 1715-1920	1853-1870	метрична книга|народження|смерть|шлюб	1	ДАЗкО-Р1606-1-56
Р1606	1	57	Колекція церковних метричних книг Закарпаття (ф. 1606), 1715-1920	1853-1871	метрична книга|народження|смерть|шлюб	1	ДАЗкО-Р1606-1-57
Р1606	1	58	Колекція церковних метричних книг Закарпаття (ф. 1606), 1715-1920	1853-1871	метрична книга|народження|смерть|шлюб	1	ДАЗкО-Р1606-1-58
Р1606	1	59	Колекція церковних метричних книг Закарпаття (ф. 1606), 1715-1920	1853-1872	метрична книга|народження|смерть|шлюб	1	ДАЗкО-Р1606-1-59
Р1606	1	6	Колекція церковних метричних книг Закарпаття (ф. 1606), 1715-1920	1837-1839	метрична книга|народження|смерть|шлюб	1	ДАЗкО-Р1606-1-6
Р1606	1	60	Колекція церковних метричних книг Закарпаття (ф. 1606), 1715-1920	1852-1873	метрична книга|народження|смерть|шлюб	1	ДАЗкО-Р1606-1-60
Р1606	1	61	Колекція церковних метричних книг Закарпаття (ф. 1606), 1715-1920	1840-1873	метрична книга|народження|смерть|шлюб	1	ДАЗкО-Р1606-1-61
Р1606	1	62	Колекція церковних метричних книг Закарпаття (ф. 1606), 1715-1920	1863-1874	метрична книга|народження|смерть|шлюб	1	ДАЗкО-Р1606-1-62
Р1606	1	63	Колекція церковних метричних книг Закарпаття (ф. 1606), 1715-1920	1860-1874	метрична книга|народження|смерть|шлюб	1	ДАЗкО-Р1606-1-63
Р1606	1	64	Колекція церковних метричних книг Закарпаття (ф. 1606), 1715-1920	1853-1874	метрична книга|народження|смерть|шлюб	1	ДАЗкО-Р1606-1-64
Р1606	1	65	Колекція церковних метричних книг Закарпаття (ф. 1606), 1715-1920	1853-1875	метрична книга|народження|смерть|шлюб	1	ДАЗкО-Р1606-1-65
Р1606	1	66	Колекція церковних метричних книг Закарпаття (ф. 1606), 1715-1920	1853-1876	метрична книга|народження|смерть|шлюб	1	ДАЗкО-Р1606-1-66
Р1606	1	67	Колекція церковних метричних книг Закарпаття (ф. 1606), 1715-1920	1853-1878	метрична книга|народження|смерть|шлюб	1	ДАЗкО-Р1606-1-67
Р1606	1	68	Колекція церковних метричних книг Закарпаття (ф. 1606), 1715-1920	1853-1879	метрична книга|народження|смерть|шлюб	1	ДАЗкО-Р1606-1-68
Р1606	1	69	Колекція церковних метричних книг Закарпаття (ф. 1606), 1715-1920	1862-1879	метрична книга|народження|смерть|шлюб	1	ДАЗкО-Р1606-1-69
Р1606	1	7	Колекція церковних метричних книг Закарпаття (ф. 1606), 1715-1920	1790-1839	метрична книга|народження|смерть|шлюб	1	ДАЗкО-Р1606-1-7
Р1606	1	70	Колекція церковних метричних книг Закарпаття (ф. 1606), 1715-1920	1853-1880	метрична книга|народження|смерть|шлюб	1	ДАЗкО-Р1606-1-70
Р1606	1	71	Колекція церковних метричних книг Закарпаття (ф. 1606), 1715-1920	1784-1880	метрична книга|народження|смерть|шлюб	1	ДАЗкО-Р1606-1-71
Р1606	1	72	Колекція церковних метричних книг Закарпаття (ф. 1606), 1715-1920	1841-1881	метрична книга|народження|смерть|шлюб	1	ДАЗкО-Р1606-1-72
Р1606	1	73	Колекція церковних метричних книг Закарпаття (ф. 1606), 1715-1920	1840-1897		1	ДАЗкО-Р1606-1-73
Р1606	1	74	Колекція церковних метричних книг Закарпаття (ф. 1606), 1715-1920	1853-1882	метрична книга|народження|смерть|шлюб	1	ДАЗкО-Р1606-1-74
Р1606	1	75	Колекція церковних метричних книг Закарпаття (ф. 1606), 1715-1920	1840-1883	метрична книга|народження|смерть|шлюб	1	ДАЗкО-Р1606-1-75
Р1606	1	76	Колекція церковних метричних книг Закарпаття (ф. 1606), 1715-1920	1853-1883	метрична книга|народження|смерть|шлюб	1	ДАЗкО-Р1606-1-76
Р1606	1	77	Колекція церковних метричних книг Закарпаття (ф. 1606), 1715-1920	1840-1883	метрична книга|народження|шлюб	1	ДАЗкО-Р1606-1-77
Р1606	1	78	Колекція церковних метричних книг Закарпаття (ф. 1606), 1715-1920	1868-1884	метрична книга|народження|смерть|шлюб	1	ДАЗкО-Р1606-1-78
Р1606	1	79	Колекція церковних метричних книг Закарпаття (ф. 1606), 1715-1920	1816-1884	метрична книга|народження|смерть|шлюб	1	ДАЗкО-Р1606-1-79
Р1606	1	8	Колекція церковних метричних книг Закарпаття (ф. 1606), 1715-1920	1814-1839	метрична книга|народження|смерть|шлюб	1	ДАЗкО-Р1606-1-8
Р1606	1	80	Колекція церковних метричних книг Закарпаття (ф. 1606), 1715-1920	1877-1895	метрична книга|шлюб	1	ДАЗкО-Р1606-1-80
Р1606	1	81	Колекція церковних метричних книг Закарпаття (ф. 1606), 1715-1920	1863-1886	метрична книга|смерть	1	ДАЗкО-Р1606-1-81
Р1606	1	82	Колекція церковних метричних книг Закарпаття (ф. 1606), 1715-1920	1867-1887	метрична книга|народження|смерть|шлюб	1	ДАЗкО-Р1606-1-82
Р1606	1	83	Колекція церковних метричних книг Закарпаття (ф. 1606), 1715-1920	1864-1887	метрична книга|народження|шлюб	1	ДАЗкО-Р1606-1-83
Р1606	1	84	Колекція церковних метричних книг Закарпаття (ф. 1606), 1715-1920	1866-1888	метрична книга|народження|смерть|шлюб	1	ДАЗкО-Р1606-1-84
Р1606	1	85	Колекція церковних метричних книг Закарпаття (ф. 1606), 1715-1920	1869-1888	метрична книга|народження|смерть|шлюб	1	ДАЗкО-Р1606-1-85
Р1606	1	86	Колекція церковних метричних книг Закарпаття (ф. 1606), 1715-1920	1875-1889	метрична книга|народження|смерть|шлюб	1	ДАЗкО-Р1606-1-86
Р1606	1	87	Колекція церковних метричних книг Закарпаття (ф. 1606), 1715-1920	1853-1890	метрична книга|народження|смерть|шлюб	1	ДАЗкО-Р1606-1-87
Р1606	1	88	Колекція церковних метричних книг Закарпаття (ф. 1606), 1715-1920	1878-1891	метрична книга|народження|смерть|шлюб	1	ДАЗкО-Р1606-1-88
Р1606	1	89	Колекція церковних метричних книг Закарпаття (ф. 1606), 1715-1920	1868-1892	метрична книга|народження|шлюб	1	ДАЗкО-Р1606-1-89
Р1606	1	9	Колекція церковних метричних книг Закарпаття (ф. 1606), 1715-1920	1807-1839	метрична книга|народження|смерть|шлюб	1	ДАЗкО-Р1606-1-9
Р1606	1	90	Колекція церковних метричних книг Закарпаття (ф. 1606), 1715-1920	1875-1892	метрична книга|народження|смерть	1	ДАЗкО-Р1606-1-90
Р1606	1	91	Колекція церковних метричних книг Закарпаття (ф. 1606), 1715-1920	1871-1892	метрична книга|смерть|шлюб	1	ДАЗкО-Р1606-1-91
Р1606	1	92	Колекція церковних метричних книг Закарпаття (ф. 1606), 1715-1920	1886-1893	метрична книга|народження	1	ДАЗкО-Р1606-1-92
Р1606	1	93	Колекція церковних метричних книг Закарпаття (ф. 1606), 1715-1920	1886-1893	метрична книга|смерть	1	ДАЗкО-Р1606-1-93
Р1606	1	94	Колекція церковних метричних книг Закарпаття (ф. 1606), 1715-1920	1874-1893	метрична книга|народження|смерть	1	ДАЗкО-Р1606-1-94
Р1606	1	95	Колекція церковних метричних книг Закарпаття (ф. 1606), 1715-1920	1888-1894	метрична книга|народження	1	ДАЗкО-Р1606-1-95
Р1606	1	96	Колекція церковних метричних книг Закарпаття (ф. 1606), 1715-1920	1852-1894	метрична книга|народження|смерть|шлюб	1	ДАЗкО-Р1606-1-96
Р1606	1	97	Колекція церковних метричних книг Закарпаття (ф. 1606), 1715-1920	1870-1895	метрична книга|народження|шлюб	1	ДАЗкО-Р1606-1-97
Р1606	1	98	Колекція церковних метричних книг Закарпаття (ф. 1606), 1715-1920	1889-1898		1	ДАЗкО-Р1606-1-98
Р1606	1	99	Колекція церковних метричних книг Закарпаття (ф. 1606), 1715-1920	1840-1852	метрична книга|народження	1	ДАЗкО-Р1606-1-99
Р1606	10	1	Колекція церковних метричних книг Закарпаття (ф. 1606), 1715-1920	1862-1882	метрична книга|народження|смерть|шлюб	1	ДАЗкО-Р1606-10-1
Р1606	10	2	Колекція церковних метричних книг Закарпаття (ф. 1606), 1715-1920	1861-1877	метрична книга|народження|смерть|шлюб	1	ДАЗкО-Р1606-10-2
Р1606	10	3	Колекція церковних метричних книг Закарпаття (ф. 1606), 1715-1920	1862-1889	метрична книга|народження|смерть|шлюб	1	ДАЗкО-Р1606-10-3
Р1606	10	4	Колекція церковних метричних книг Закарпаття (ф. 1606), 1715-1920	1862-1900	метрична книга|народження|смерть|шлюб	1	ДАЗкО-Р1606-10-4
Р1606	11	1	Колекція церковних метричних книг Закарпаття (ф. 1606), 1715-1920	1843-1873	метрична книга|народження|смерть|шлюб	1	ДАЗкО-Р1606-11-1
Р1606	11	10	Колекція церковних метричних книг Закарпаття (ф. 1606), 1715-1920	1850-1862	метрична книга|народження|смерть|шлюб	1	ДАЗкО-Р1606-11-10
Р1606	11	100	Колекція церковних метричних книг Закарпаття (ф. 1606), 1715-1920	1819-1842	метрична книга|народження|смерть|шлюб	1	ДАЗкО-Р1606-11-100
Р1606	11	101	Колекція церковних метричних книг Закарпаття (ф. 1606), 1715-1920	1879-1896	метрична книга|смерть|шлюб	1	ДАЗкО-Р1606-11-101
Р1606	11	102	Колекція церковних метричних книг Закарпаття (ф. 1606), 1715-1920	1862-1896	метрична книга|шлюб	1	ДАЗкО-Р1606-11-102
Р1606	11	103	Колекція церковних метричних книг Закарпаття (ф. 1606), 1715-1920	1807-1827	метрична книга|народження|смерть|шлюб	1	ДАЗкО-Р1606-11-103
Р1606	11	104	Колекція церковних метричних книг Закарпаття (ф. 1606), 1715-1920	1829-1861	метрична книга|народження|смерть|шлюб	1	ДАЗкО-Р1606-11-104
Р1606	11	105	Колекція церковних метричних книг Закарпаття (ф. 1606), 1715-1920	1867-1887	метрична книга|народження|шлюб	1	ДАЗкО-Р1606-11-105
Р1606	11	106	Колекція церковних метричних книг Закарпаття (ф. 1606), 1715-1920	1862-1889		1	ДАЗкО-Р1606-11-106
Р1606	11	107	Колекція церковних метричних книг Закарпаття (ф. 1606), 1715-1920	1837-1861	метрична книга|народження|шлюб	1	ДАЗкО-Р1606-11-107
Р1606	11	108	Колекція церковних метричних книг Закарпаття (ф. 1606), 1715-1920	1820-1871	метрична книга|народження|смерть|шлюб	1	ДАЗкО-Р1606-11-108
Р1606	11	11	Колекція церковних метричних книг Закарпаття (ф. 1606), 1715-1920	1826-1850	метрична книга|народження|смерть|шлюб	1	ДАЗкО-Р1606-11-11
Р1606	11	12	Колекція церковних метричних книг Закарпаття (ф. 1606), 1715-1920	1862-1877	метрична книга|народження|смерть|шлюб	1	ДАЗкО-Р1606-11-12
Р1606	11	13	Колекція церковних метричних книг Закарпаття (ф. 1606), 1715-1920	1816-1862	метрична книга|народження|смерть|шлюб	1	ДАЗкО-Р1606-11-13
Р1606	11	14	Колекція церковних метричних книг Закарпаття (ф. 1606), 1715-1920	1862-1882	метрична книга|народження|смерть|шлюб	1	ДАЗкО-Р1606-11-14
Р1606	11	15	Колекція церковних метричних книг Закарпаття (ф. 1606), 1715-1920	1818-1839	метрична книга|народження|смерть|шлюб	1	ДАЗкО-Р1606-11-15
Р1606	11	16	Колекція церковних метричних книг Закарпаття (ф. 1606), 1715-1920	1842-1887	метрична книга|народження|смерть|шлюб	1	ДАЗкО-Р1606-11-16
Р1606	11	17	Колекція церковних метричних книг Закарпаття (ф. 1606), 1715-1920	1841-1859	метрична книга|народження|смерть|шлюб	1	ДАЗкО-Р1606-11-17
Р1606	11	19	Колекція церковних метричних книг Закарпаття (ф. 1606), 1715-1920	1849-1859	метрична книга|народження|смерть|шлюб	1	ДАЗкО-Р1606-11-19
Р1606	11	2	Колекція церковних метричних книг Закарпаття (ф. 1606), 1715-1920	1874-1884	метрична книга|народження|смерть|шлюб	1	ДАЗкО-Р1606-11-2
Р1606	11	20	Колекція церковних метричних книг Закарпаття (ф. 1606), 1715-1920	1824-1840	метрична книга|народження|смерть|шлюб	1	ДАЗкО-Р1606-11-20
Р1606	11	21	Колекція церковних метричних книг Закарпаття (ф. 1606), 1715-1920	1859-1873	метрична книга|народження|смерть|шлюб	1	ДАЗкО-Р1606-11-21
Р1606	11	22	Колекція церковних метричних книг Закарпаття (ф. 1606), 1715-1920	1859-1866	метрична книга|смерть|шлюб	1	ДАЗкО-Р1606-11-22
Р1606	11	23	Колекція церковних метричних книг Закарпаття (ф. 1606), 1715-1920	1877-1883	метрична книга|народження|смерть|шлюб	1	ДАЗкО-Р1606-11-23
Р1606	11	24	Колекція церковних метричних книг Закарпаття (ф. 1606), 1715-1920	1859-1872	метрична книга|народження|смерть|шлюб	1	ДАЗкО-Р1606-11-24
Р1606	11	25	Колекція церковних метричних книг Закарпаття (ф. 1606), 1715-1920	1859-1873	метрична книга|народження|смерть|шлюб	1	ДАЗкО-Р1606-11-25
Р1606	11	26	Колекція церковних метричних книг Закарпаття (ф. 1606), 1715-1920	1788-1824	метрична книга|народження|смерть|шлюб	1	ДАЗкО-Р1606-11-26
Р1606	11	27	Колекція церковних метричних книг Закарпаття (ф. 1606), 1715-1920	1788-1848	метрична книга|народження|смерть|шлюб	1	ДАЗкО-Р1606-11-27
Р1606	11	28	Колекція церковних метричних книг Закарпаття (ф. 1606), 1715-1920	1843-1882	метрична книга|народження|смерть|шлюб	1	ДАЗкО-Р1606-11-28
Р1606	11	29	Колекція церковних метричних книг Закарпаття (ф. 1606), 1715-1920	1878-1887	метрична книга|народження|смерть|шлюб	1	ДАЗкО-Р1606-11-29
Р1606	11	3	Колекція церковних метричних книг Закарпаття (ф. 1606), 1715-1920	1832-1873	метрична книга|народження|смерть|шлюб	1	ДАЗкО-Р1606-11-3
Р1606	11	30	Колекція церковних метричних книг Закарпаття (ф. 1606), 1715-1920	1874-1881	метрична книга|народження|смерть|шлюб	1	ДАЗкО-Р1606-11-30
Р1606	11	31	Колекція церковних метричних книг Закарпаття (ф. 1606), 1715-1920	1858-1876	метрична книга|народження|смерть|шлюб	1	ДАЗкО-Р1606-11-31
Р1606	11	32	Колекція церковних метричних книг Закарпаття (ф. 1606), 1715-1920	1833-1861	метрична книга|народження|смерть|шлюб	1	ДАЗкО-Р1606-11-32
Р1606	11	33	Колекція церковних метричних книг Закарпаття (ф. 1606), 1715-1920	1862-1896	метрична книга|смерть|шлюб	1	ДАЗкО-Р1606-11-33
Р1606	11	34	Колекція церковних метричних книг Закарпаття (ф. 1606), 1715-1920	1828-1861	метрична книга|народження|смерть|шлюб	1	ДАЗкО-Р1606-11-34
Р1606	11	35	Колекція церковних метричних книг Закарпаття (ф. 1606), 1715-1920	1843-1866	метрична книга|народження|смерть|шлюб	1	ДАЗкО-Р1606-11-35
Р1606	11	36	Колекція церковних метричних книг Закарпаття (ф. 1606), 1715-1920	1858-1898	метрична книга|народження|смерть|шлюб	1	ДАЗкО-Р1606-11-36
Р1606	11	37	Колекція церковних метричних книг Закарпаття (ф. 1606), 1715-1920	1859-1876	метрична книга|народження|смерть|шлюб	1	ДАЗкО-Р1606-11-37
Р1606	11	38	Колекція церковних метричних книг Закарпаття (ф. 1606), 1715-1920	1853-1861	метрична книга|народження|смерть|шлюб	1	ДАЗкО-Р1606-11-38
Р1606	11	39	Колекція церковних метричних книг Закарпаття (ф. 1606), 1715-1920	1779-1844	метрична книга|народження|смерть|шлюб	1	ДАЗкО-Р1606-11-39
Р1606	11	4	Колекція церковних метричних книг Закарпаття (ф. 1606), 1715-1920	1874-1881	метрична книга|народження|смерть|шлюб	1	ДАЗкО-Р1606-11-4
Р1606	11	40	Колекція церковних метричних книг Закарпаття (ф. 1606), 1715-1920	1812-1847	метрична книга|народження|смерть|шлюб	1	ДАЗкО-Р1606-11-40
Р1606	11	41	Колекція церковних метричних книг Закарпаття (ф. 1606), 1715-1920	1848-1860	метрична книга|народження|смерть|шлюб	1	ДАЗкО-Р1606-11-41
Р1606	11	42	Колекція церковних метричних книг Закарпаття (ф. 1606), 1715-1920	1812-1896	метрична книга|народження|смерть|шлюб	1	ДАЗкО-Р1606-11-42
Р1606	11	43	Колекція церковних метричних книг Закарпаття (ф. 1606), 1715-1920	1823-1861	метрична книга|народження|смерть|шлюб	1	ДАЗкО-Р1606-11-43
Р1606	11	44	Колекція церковних метричних книг Закарпаття (ф. 1606), 1715-1920	1788-1821	метрична книга|народження|смерть|шлюб	1	ДАЗкО-Р1606-11-44
Р1606	11	45	Колекція церковних метричних книг Закарпаття (ф. 1606), 1715-1920	1862-1884	метрична книга|шлюб	1	ДАЗкО-Р1606-11-45
Р1606	11	46	Колекція церковних метричних книг Закарпаття (ф. 1606), 1715-1920	1794-1836	метрична книга|народження|шлюб	1	ДАЗкО-Р1606-11-46
Р1606	11	47	Колекція церковних метричних книг Закарпаття (ф. 1606), 1715-1920	1861-1875	метрична книга|народження|смерть|шлюб	1	ДАЗкО-Р1606-11-47
Р1606	11	48	Метрична книга. с. Новоселиця	1819-1842	метрична книга|народження|смерть|шлюб	0	ДАЗкО-Р1606-11-48
Р1606	11	49	Колекція церковних метричних книг Закарпаття (ф. 1606), 1715-1920	1850-1861	метрична книга|народження|смерть|шлюб	1	ДАЗкО-Р1606-11-49
Р1606	11	5	Колекція церковних метричних книг Закарпаття (ф. 1606), 1715-1920	1861-1875	метрична книга|народження|смерть|шлюб	1	ДАЗкО-Р1606-11-5
Р1606	11	50	Колекція церковних метричних книг Закарпаття (ф. 1606), 1715-1920	1800-1849	метрична книга|народження|смерть|шлюб	1	ДАЗкО-Р1606-11-50
Р1606	11	51	Колекція церковних метричних книг Закарпаття (ф. 1606), 1715-1920	1874-1907	метрична книга|народження|смерть|шлюб	1	ДАЗкО-Р1606-11-51
Р1606	11	52	Колекція церковних метричних книг Закарпаття (ф. 1606), 1715-1920	1846-1895	метрична книга|народження|смерть|шлюб	1	ДАЗкО-Р1606-11-52
Р1606	11	53	Колекція церковних метричних книг Закарпаття (ф. 1606), 1715-1920	1828-1861	метрична книга|народження|смерть|шлюб	1	ДАЗкО-Р1606-11-53
Р1606	11	54	Колекція церковних метричних книг Закарпаття (ф. 1606), 1715-1920	1803-1886	метрична книга|народження|смерть|шлюб	1	ДАЗкО-Р1606-11-54
Р1606	11	55	Колекція церковних метричних книг Закарпаття (ф. 1606), 1715-1920	1865-1875	метрична книга|народження|смерть|шлюб	1	ДАЗкО-Р1606-11-55
Р1606	11	56	Колекція церковних метричних книг Закарпаття (ф. 1606), 1715-1920	1862-1879	метрична книга|народження|смерть|шлюб	1	ДАЗкО-Р1606-11-56
Р1606	11	57	Колекція церковних метричних книг Закарпаття (ф. 1606), 1715-1920	1862-1877	метрична книга|народження|смерть|шлюб	1	ДАЗкО-Р1606-11-57
Р1606	11	58	Колекція церковних метричних книг Закарпаття (ф. 1606), 1715-1920	1872-1896	метрична книга|народження|смерть|шлюб	1	ДАЗкО-Р1606-11-58
Р1606	11	59	Колекція церковних метричних книг Закарпаття (ф. 1606), 1715-1920	1825-1859	метрична книга|народження|смерть|шлюб	1	ДАЗкО-Р1606-11-59
Р1606	11	6	Колекція церковних метричних книг Закарпаття (ф. 1606), 1715-1920	1829-1860	метрична книга|народження|смерть|шлюб	1	ДАЗкО-Р1606-11-6
Р1606	11	60	Колекція церковних метричних книг Закарпаття (ф. 1606), 1715-1920	1859-1871	метрична книга|народження|смерть|шлюб	1	ДАЗкО-Р1606-11-60
Р1606	11	61	Колекція церковних метричних книг Закарпаття (ф. 1606), 1715-1920	1887-1896	метрична книга|народження|смерть|шлюб	1	ДАЗкО-Р1606-11-61
Р1606	11	62	Колекція церковних метричних книг Закарпаття (ф. 1606), 1715-1920	1872-1894	метрична книга|народження|смерть|шлюб	1	ДАЗкО-Р1606-11-62
Р1606	11	63	Колекція церковних метричних книг Закарпаття (ф. 1606), 1715-1920	1883-1895	метрична книга|народження|смерть|шлюб	1	ДАЗкО-Р1606-11-63
Р1606	11	64	Колекція церковних метричних книг Закарпаття (ф. 1606), 1715-1920	1839-1879	метрична книга|народження|смерть|шлюб	1	ДАЗкО-Р1606-11-64
Р1606	11	65	Колекція церковних метричних книг Закарпаття (ф. 1606), 1715-1920	1871-1889	метрична книга|народження|смерть|шлюб	1	ДАЗкО-Р1606-11-65
Р1606	11	66	Колекція церковних метричних книг Закарпаття (ф. 1606), 1715-1920	1866-1893	метрична книга|народження|смерть|шлюб	1	ДАЗкО-Р1606-11-66
Р1606	11	67	Колекція церковних метричних книг Закарпаття (ф. 1606), 1715-1920	1871-1882	метрична книга|народження|смерть|шлюб	1	ДАЗкО-Р1606-11-67
Р1606	11	68	Колекція церковних метричних книг Закарпаття (ф. 1606), 1715-1920	1859-1870	метрична книга|народження|смерть|шлюб	1	ДАЗкО-Р1606-11-68
Р1606	11	69	Колекція церковних метричних книг Закарпаття (ф. 1606), 1715-1920	1862-1874	метрична книга|народження|смерть|шлюб	1	ДАЗкО-Р1606-11-69
Р1606	11	7	Колекція церковних метричних книг Закарпаття (ф. 1606), 1715-1920	1859-1878	метрична книга|народження|смерть|шлюб	1	ДАЗкО-Р1606-11-7
Р1606	11	70	Колекція церковних метричних книг Закарпаття (ф. 1606), 1715-1920	1840-1873	метрична книга|смерть|шлюб	1	ДАЗкО-Р1606-11-70
Р1606	11	71	Колекція церковних метричних книг Закарпаття (ф. 1606), 1715-1920	1862-1894	метрична книга|народження|смерть|шлюб	1	ДАЗкО-Р1606-11-71
Р1606	11	72	Колекція церковних метричних книг Закарпаття (ф. 1606), 1715-1920	1826-1861	метрична книга|народження|смерть|шлюб	1	ДАЗкО-Р1606-11-72
Р1606	11	73	Колекція церковних метричних книг Закарпаття (ф. 1606), 1715-1920	1805-1863	метрична книга|народження|шлюб	1	ДАЗкО-Р1606-11-73
Р1606	11	74	Колекція церковних метричних книг Закарпаття (ф. 1606), 1715-1920	1864-1896	метрична книга|народження|шлюб	1	ДАЗкО-Р1606-11-74
Р1606	11	75	Колекція церковних метричних книг Закарпаття (ф. 1606), 1715-1920	1864-1896	метрична книга|смерть	1	ДАЗкО-Р1606-11-75
Р1606	11	76	Колекція церковних метричних книг Закарпаття (ф. 1606), 1715-1920	1851-1884	метрична книга|народження|смерть|шлюб	1	ДАЗкО-Р1606-11-76
Р1606	11	77	Колекція церковних метричних книг Закарпаття (ф. 1606), 1715-1920	1771-1806	метрична книга|народження|смерть|шлюб	1	ДАЗкО-Р1606-11-77
Р1606	11	78	Колекція церковних метричних книг Закарпаття (ф. 1606), 1715-1920	1827-1849	метрична книга|народження|смерть|шлюб	1	ДАЗкО-Р1606-11-78
Р1606	11	79	Колекція церковних метричних книг Закарпаття (ф. 1606), 1715-1920	1839-1853	метрична книга|народження|смерть|шлюб	1	ДАЗкО-Р1606-11-79
Р1606	11	8	Колекція церковних метричних книг Закарпаття (ф. 1606), 1715-1920	1862-1869	метрична книга|народження|смерть|шлюб	1	ДАЗкО-Р1606-11-8
Р1606	11	80	Колекція церковних метричних книг Закарпаття (ф. 1606), 1715-1920	1789-1814	метрична книга|народження	1	ДАЗкО-Р1606-11-80
Р1606	11	81	Колекція церковних метричних книг Закарпаття (ф. 1606), 1715-1920	1853-1867	метрична книга|народження|смерть|шлюб	1	ДАЗкО-Р1606-11-81
Р1606	11	82	Колекція церковних метричних книг Закарпаття (ф. 1606), 1715-1920	1780-1835	метрична книга|народження	1	ДАЗкО-Р1606-11-82
Р1606	11	83	Колекція церковних метричних книг Закарпаття (ф. 1606), 1715-1920	1868-1882	метрична книга|народження|смерть|шлюб	1	ДАЗкО-Р1606-11-83
Р1606	11	84	Колекція церковних метричних книг Закарпаття (ф. 1606), 1715-1920	1826-1864	метрична книга|народження|смерть|шлюб	1	ДАЗкО-Р1606-11-84
Р1606	11	85	Колекція церковних метричних книг Закарпаття (ф. 1606), 1715-1920	1828-1869	метрична книга|народження|смерть|шлюб	1	ДАЗкО-Р1606-11-85
Р1606	11	86	Колекція церковних метричних книг Закарпаття (ф. 1606), 1715-1920	1885-1900	метрична книга|народження|смерть|шлюб	1	ДАЗкО-Р1606-11-86
Р1606	11	87	Колекція церковних метричних книг Закарпаття (ф. 1606), 1715-1920	1875-1901	метрична книга|народження	1	ДАЗкО-Р1606-11-87
Р1606	11	88	Колекція церковних метричних книг Закарпаття (ф. 1606), 1715-1920	1869-1884	метрична книга|народження|смерть|шлюб	1	ДАЗкО-Р1606-11-88
Р1606	11	89	Колекція церковних метричних книг Закарпаття (ф. 1606), 1715-1920	1833-1848	метрична книга|народження|смерть|шлюб	1	ДАЗкО-Р1606-11-89
Р1606	11	9	Колекція церковних метричних книг Закарпаття (ф. 1606), 1715-1920	1856-1872	метрична книга|народження|смерть|шлюб	1	ДАЗкО-Р1606-11-9
Р1606	11	90	Колекція церковних метричних книг Закарпаття (ф. 1606), 1715-1920	1877-1888	метрична книга|народження|смерть|шлюб	1	ДАЗкО-Р1606-11-90
Р1606	11	91	Колекція церковних метричних книг Закарпаття (ф. 1606), 1715-1920	1820-1861	метрична книга|народження|смерть|шлюб	1	ДАЗкО-Р1606-11-91
Р1606	11	92	Колекція церковних метричних книг Закарпаття (ф. 1606), 1715-1920	1878-1891	метрична книга|народження	1	ДАЗкО-Р1606-11-92
Р1606	11	93	Колекція церковних метричних книг Закарпаття (ф. 1606), 1715-1920	1864-1885	метрична книга|народження|смерть|шлюб	1	ДАЗкО-Р1606-11-93
Р1606	11	94	Колекція церковних метричних книг Закарпаття (ф. 1606), 1715-1920	1800-1840	метрична книга|народження|смерть	1	ДАЗкО-Р1606-11-94
Р1606	11	95	Колекція церковних метричних книг Закарпаття (ф. 1606), 1715-1920	1820-1832	метрична книга|народження|смерть	1	ДАЗкО-Р1606-11-95
Р1606	11	96	Колекція церковних метричних книг Закарпаття (ф. 1606), 1715-1920	1849-1876	метрична книга|народження|смерть|шлюб	1	ДАЗкО-Р1606-11-96
Р1606	11	97	Колекція церковних метричних книг Закарпаття (ф. 1606), 1715-1920	1862-1894	метрична книга|народження|смерть|шлюб	1	ДАЗкО-Р1606-11-97
Р1606	11	98	Колекція церковних метричних книг Закарпаття (ф. 1606), 1715-1920	1862-1878	метрична книга|народження|смерть	1	ДАЗкО-Р1606-11-98
Р1606	11	99	Колекція церковних метричних книг Закарпаття (ф. 1606), 1715-1920	1811-1861	метрична книга|народження|смерть|шлюб	1	ДАЗкО-Р1606-11-99
Р1606	12	1	Колекція церковних метричних книг Закарпаття (ф. 1606), 1715-1920	1793-1841	метрична книга|народження	1	ДАЗкО-Р1606-12-1
Р1606	12	10	Колекція церковних метричних книг Закарпаття (ф. 1606), 1715-1920	1833-1866	метрична книга|народження|смерть|шлюб	1	ДАЗкО-Р1606-12-10
Р1606	12	11	Колекція церковних метричних книг Закарпаття (ф. 1606), 1715-1920	1864-1890	метрична книга|народження|смерть|шлюб	1	ДАЗкО-Р1606-12-11
Р1606	12	12	Колекція церковних метричних книг Закарпаття (ф. 1606), 1715-1920	1861-1874	метрична книга|народження|смерть|шлюб	1	ДАЗкО-Р1606-12-12
Р1606	12	13	Колекція церковних метричних книг Закарпаття (ф. 1606), 1715-1920	1873-1903	метрична книга|народження|смерть|шлюб	1	ДАЗкО-Р1606-12-13
Р1606	12	14	Колекція церковних метричних книг Закарпаття (ф. 1606), 1715-1920	1804-1835	метрична книга|народження|смерть|шлюб	1	ДАЗкО-Р1606-12-14
Р1606	12	15	Колекція церковних метричних книг Закарпаття (ф. 1606), 1715-1920	1862-1877	метрична книга|народження|шлюб	1	ДАЗкО-Р1606-12-15
Р1606	12	16	Колекція церковних метричних книг Закарпаття (ф. 1606), 1715-1920	1824-1863	метрична книга|народження|смерть|шлюб	1	ДАЗкО-Р1606-12-16
Р1606	12	17	Колекція церковних метричних книг Закарпаття (ф. 1606), 1715-1920	1864-1896	метрична книга|смерть	1	ДАЗкО-Р1606-12-17
Р1606	12	18	Колекція церковних метричних книг Закарпаття (ф. 1606), 1715-1920	1853-1862	метрична книга|народження|смерть|шлюб	1	ДАЗкО-Р1606-12-18
Р1606	12	19	Колекція церковних метричних книг Закарпаття (ф. 1606), 1715-1920	1869-1886	метрична книга|народження	1	ДАЗкО-Р1606-12-19
Р1606	12	2	Колекція церковних метричних книг Закарпаття (ф. 1606), 1715-1920	1861-1874	метрична книга|народження|смерть|шлюб	1	ДАЗкО-Р1606-12-2
Р1606	12	20	Колекція церковних метричних книг Закарпаття (ф. 1606), 1715-1920	1861-1874	метрична книга|народження|смерть|шлюб	1	ДАЗкО-Р1606-12-20
Р1606	12	21	Колекція церковних метричних книг Закарпаття (ф. 1606), 1715-1920	1815-1830	метрична книга|народження|смерть|шлюб	1	ДАЗкО-Р1606-12-21
Р1606	12	22	Колекція церковних метричних книг Закарпаття (ф. 1606), 1715-1920	1842-1871	метрична книга|народження|смерть|шлюб	1	ДАЗкО-Р1606-12-22
Р1606	12	23	Колекція церковних метричних книг Закарпаття (ф. 1606), 1715-1920	1871-1887	метрична книга|народження|смерть|шлюб	1	ДАЗкО-Р1606-12-23
Р1606	12	24	Колекція церковних метричних книг Закарпаття (ф. 1606), 1715-1920	1886-1895	метрична книга|смерть|шлюб	1	ДАЗкО-Р1606-12-24
Р1606	12	25	Колекція церковних метричних книг Закарпаття (ф. 1606), 1715-1920	1812-1875	метрична книга|народження|смерть|шлюб	1	ДАЗкО-Р1606-12-25
Р1606	12	26	Колекція церковних метричних книг Закарпаття (ф. 1606), 1715-1920	1828-1903	метрична книга|народження|смерть|шлюб	1	ДАЗкО-Р1606-12-26
Р1606	12	27	Колекція церковних метричних книг Закарпаття (ф. 1606), 1715-1920	1816-1856	метрична книга|народження|смерть|шлюб	1	ДАЗкО-Р1606-12-27
Р1606	12	28	Колекція церковних метричних книг Закарпаття (ф. 1606), 1715-1920	1854-1860	метрична книга|народження|смерть|шлюб	1	ДАЗкО-Р1606-12-28
Р1606	12	29	Колекція церковних метричних книг Закарпаття (ф. 1606), 1715-1920	1869-1909	метрична книга|народження|смерть|шлюб	1	ДАЗкО-Р1606-12-29
Р1606	12	3	Колекція церковних метричних книг Закарпаття (ф. 1606), 1715-1920	1875-1891	метрична книга|народження|смерть|шлюб	1	ДАЗкО-Р1606-12-3
Р1606	12	30	Колекція церковних метричних книг Закарпаття (ф. 1606), 1715-1920	1861-1875	метрична книга|народження|смерть|шлюб	1	ДАЗкО-Р1606-12-30
Р1606	12	31	Колекція церковних метричних книг Закарпаття (ф. 1606), 1715-1920	1891-1906	метрична книга|народження|смерть|шлюб	1	ДАЗкО-Р1606-12-31
Р1606	12	32	Колекція церковних метричних книг Закарпаття (ф. 1606), 1715-1920	1850-1879	метрична книга|народження|смерть|шлюб	1	ДАЗкО-Р1606-12-32
Р1606	12	4	Колекція церковних метричних книг Закарпаття (ф. 1606), 1715-1920	1892-1907	метрична книга|народження	1	ДАЗкО-Р1606-12-4
Р1606	12	5	Колекція церковних метричних книг Закарпаття (ф. 1606), 1715-1920	1861-1885	метрична книга|народження|смерть|шлюб	1	ДАЗкО-Р1606-12-5
Р1606	12	6	Колекція церковних метричних книг Закарпаття (ф. 1606), 1715-1920	1861-1889	метрична книга|народження|смерть|шлюб	1	ДАЗкО-Р1606-12-6
Р1606	12	7	Колекція церковних метричних книг Закарпаття (ф. 1606), 1715-1920	1851-1914	метрична книга|народження|смерть|шлюб	1	ДАЗкО-Р1606-12-7
Р1606	12	8	Колекція церковних метричних книг Закарпаття (ф. 1606), 1715-1920	1838-1864	метрична книга|народження|смерть|шлюб	1	ДАЗкО-Р1606-12-8
Р1606	12	9	Колекція церковних метричних книг Закарпаття (ф. 1606), 1715-1920	1887-1894	метрична книга|смерть	1	ДАЗкО-Р1606-12-9
Р1606	13	1	Колекція церковних метричних книг Закарпаття (ф. 1606), 1715-1920	1863-1892	метрична книга|народження|смерть|шлюб	1	ДАЗкО-Р1606-13-1
Р1606	13	10	Колекція церковних метричних книг Закарпаття (ф. 1606), 1715-1920	1861-1881	метрична книга|народження|смерть|шлюб	1	ДАЗкО-Р1606-13-10
Р1606	13	100	Колекція церковних метричних книг Закарпаття (ф. 1606), 1715-1920	1928-1950	метрична книга|народження|смерть|шлюб	1	ДАЗкО-Р1606-13-100
Р1606	13	101	Колекція церковних метричних книг Закарпаття (ф. 1606), 1715-1920	1920-1946	метрична книга|смерть|шлюб	1	ДАЗкО-Р1606-13-101
Р1606	13	102	Колекція церковних метричних книг Закарпаття (ф. 1606), 1715-1920	1922-1946		1	ДАЗкО-Р1606-13-102
Р1606	13	103	Колекція церковних метричних книг Закарпаття (ф. 1606), 1715-1920	1894-1909	метрична книга|народження|смерть|шлюб	1	ДАЗкО-Р1606-13-103
Р1606	13	104	Колекція церковних метричних книг Закарпаття (ф. 1606), 1715-1920	1855-1883	метрична книга|народження|смерть	1	ДАЗкО-Р1606-13-104
Р1606	13	105	Колекція церковних метричних книг Закарпаття (ф. 1606), 1715-1920	1908-1944	метрична книга|смерть	1	ДАЗкО-Р1606-13-105
Р1606	13	106	Колекція церковних метричних книг Закарпаття (ф. 1606), 1715-1920	1928-1946	метрична книга|смерть	1	ДАЗкО-Р1606-13-106
Р1606	13	107	Колекція церковних метричних книг Закарпаття (ф. 1606), 1715-1920	1928-1946	метрична книга|шлюб	1	ДАЗкО-Р1606-13-107
Р1606	13	108	Колекція церковних метричних книг Закарпаття (ф. 1606), 1715-1920	1884-1945	метрична книга|народження|смерть	1	ДАЗкО-Р1606-13-108
Р1606	13	109	Колекція церковних метричних книг Закарпаття (ф. 1606), 1715-1920	1903-1944	метрична книга|народження	1	ДАЗкО-Р1606-13-109
Р1606	13	11	Колекція церковних метричних книг Закарпаття (ф. 1606), 1715-1920	1825-1860	метрична книга|народження|смерть|шлюб	1	ДАЗкО-Р1606-13-11
Р1606	13	110	Колекція церковних метричних книг Закарпаття (ф. 1606), 1715-1920	1919-1946	метрична книга|народження	1	ДАЗкО-Р1606-13-110
Р1606	13	111	Колекція церковних метричних книг Закарпаття (ф. 1606), 1715-1920	1919-1946	метрична книга|смерть	1	ДАЗкО-Р1606-13-111
Р1606	13	112	Колекція церковних метричних книг Закарпаття (ф. 1606), 1715-1920	1878-1910	метрична книга|народження|смерть|шлюб	0	ДАЗкО-Р1606-13-112
Р1606	13	113	Колекція церковних метричних книг Закарпаття (ф. 1606), 1715-1920	1911-1920	метрична книга|народження	1	ДАЗкО-Р1606-13-113
Р1606	13	114	Колекція церковних метричних книг Закарпаття (ф. 1606), 1715-1920	1920-1946	метрична книга|смерть	1	ДАЗкО-Р1606-13-114
Р1606	13	115	Колекція церковних метричних книг Закарпаття (ф. 1606), 1715-1920	1920-1946	метрична книга|шлюб	1	ДАЗкО-Р1606-13-115
Р1606	13	116	Колекція церковних метричних книг Закарпаття (ф. 1606), 1715-1920	1919-1946	метрична книга|народження	1	ДАЗкО-Р1606-13-116
Р1606	13	117	Колекція церковних метричних книг Закарпаття (ф. 1606), 1715-1920	1920-1946	метрична книга|смерть	1	ДАЗкО-Р1606-13-117
Р1606	13	118	Колекція церковних метричних книг Закарпаття (ф. 1606), 1715-1920	1919-1946	метрична книга|народження	1	ДАЗкО-Р1606-13-118
Р1606	13	119	Колекція церковних метричних книг Закарпаття (ф. 1606), 1715-1920	1919-1946	метрична книга|шлюб	1	ДАЗкО-Р1606-13-119
Р1606	13	12	Колекція церковних метричних книг Закарпаття (ф. 1606), 1715-1920	1792-1824	метрична книга|народження|смерть|шлюб	1	ДАЗкО-Р1606-13-12
Р1606	13	120	Колекція церковних метричних книг Закарпаття (ф. 1606), 1715-1920	1919-1950	метрична книга|шлюб	1	ДАЗкО-Р1606-13-120
Р1606	13	121	Колекція церковних метричних книг Закарпаття (ф. 1606), 1715-1920	1920-1951	метрична книга|смерть	1	ДАЗкО-Р1606-13-121
Р1606	13	122	Колекція церковних метричних книг Закарпаття (ф. 1606), 1715-1920	1915-1928	метрична книга|народження|смерть	1	ДАЗкО-Р1606-13-122
Р1606	13	123	Колекція церковних метричних книг Закарпаття (ф. 1606), 1715-1920	1919-1951	метрична книга|народження	1	ДАЗкО-Р1606-13-123
Р1606	13	124	Колекція церковних метричних книг Закарпаття (ф. 1606), 1715-1920	1921-1946	метрична книга|народження|смерть|шлюб	1	ДАЗкО-Р1606-13-124
Р1606	13	125	Колекція церковних метричних книг Закарпаття (ф. 1606), 1715-1920	1924-1946	метрична книга|смерть	1	ДАЗкО-Р1606-13-125
Р1606	13	126	Колекція церковних метричних книг Закарпаття (ф. 1606), 1715-1920	1898-1913		1	ДАЗкО-Р1606-13-126
Р1606	13	127	Колекція церковних метричних книг Закарпаття (ф. 1606), 1715-1920	1924-1946	метрична книга|шлюб	1	ДАЗкО-Р1606-13-127
Р1606	13	128	Колекція церковних метричних книг Закарпаття (ф. 1606), 1715-1920	1919-1946	метрична книга|народження	1	ДАЗкО-Р1606-13-128
Р1606	13	129	Колекція церковних метричних книг Закарпаття (ф. 1606), 1715-1920	1936-1945		1	ДАЗкО-Р1606-13-129
Р1606	13	13	Колекція церковних метричних книг Закарпаття (ф. 1606), 1715-1920	1806-1851	метрична книга|народження|смерть|шлюб	1	ДАЗкО-Р1606-13-13
Р1606	13	130	Колекція церковних метричних книг Закарпаття (ф. 1606), 1715-1920	1895-1926		1	ДАЗкО-Р1606-13-130
Р1606	13	131	Колекція церковних метричних книг Закарпаття (ф. 1606), 1715-1920	1862-1880		1	ДАЗкО-Р1606-13-131
Р1606	13	132	Колекція церковних метричних книг Закарпаття (ф. 1606), 1715-1920	1911-1939		1	ДАЗкО-Р1606-13-132
Р1606	13	133	Колекція церковних метричних книг Закарпаття (ф. 1606), 1715-1920	1883-1897	метрична книга|народження|смерть|шлюб	1	ДАЗкО-Р1606-13-133
Р1606	13	134	Колекція церковних метричних книг Закарпаття (ф. 1606), 1715-1920	1926-1946	метрична книга|народження|смерть|шлюб	1	ДАЗкО-Р1606-13-134
Р1606	13	135	Колекція церковних метричних книг Закарпаття (ф. 1606), 1715-1920	1905-1925	метрична книга|народження	1	ДАЗкО-Р1606-13-135
Р1606	13	136	Колекція церковних метричних книг Закарпаття (ф. 1606), 1715-1920	1921-1946	метрична книга|народження|смерть|шлюб	1	ДАЗкО-Р1606-13-136
Р1606	13	137	Колекція церковних метричних книг Закарпаття (ф. 1606), 1715-1920	1906-1930	метрична книга|смерть	1	ДАЗкО-Р1606-13-137
Р1606	13	138	Колекція церковних метричних книг Закарпаття (ф. 1606), 1715-1920	1930-1946	метрична книга|народження|смерть|шлюб	1	ДАЗкО-Р1606-13-138
Р1606	13	139	Колекція церковних метричних книг Закарпаття (ф. 1606), 1715-1920	1899-1940		1	ДАЗкО-Р1606-13-139
Р1606	13	14	Колекція церковних метричних книг Закарпаття (ф. 1606), 1715-1920	1815-1874	метрична книга|народження|смерть|шлюб	1	ДАЗкО-Р1606-13-14
Р1606	13	140	Колекція церковних метричних книг Закарпаття (ф. 1606), 1715-1920	1872-1917	метрична книга|смерть	1	ДАЗкО-Р1606-13-140
Р1606	13	141	Колекція церковних метричних книг Закарпаття (ф. 1606), 1715-1920	1910-1922	метрична книга|народження	1	ДАЗкО-Р1606-13-141
Р1606	13	142	Колекція церковних метричних книг Закарпаття (ф. 1606), 1715-1920	1895-1946		1	ДАЗкО-Р1606-13-142
Р1606	13	143	Колекція церковних метричних книг Закарпаття (ф. 1606), 1715-1920	1934-1946		1	ДАЗкО-Р1606-13-143
Р1606	13	144	Колекція церковних метричних книг Закарпаття (ф. 1606), 1715-1920	1923-1941	метрична книга|народження	1	ДАЗкО-Р1606-13-144
Р1606	13	145	Колекція церковних метричних книг Закарпаття (ф. 1606), 1715-1920	1871-1940		1	ДАЗкО-Р1606-13-145
Р1606	13	146	Колекція церковних метричних книг Закарпаття (ф. 1606), 1715-1920	1941-1946		1	ДАЗкО-Р1606-13-146
Р1606	13	147	Колекція церковних метричних книг Закарпаття (ф. 1606), 1715-1920	1911-1914	метрична книга|народження|смерть|шлюб	0	ДАЗкО-Р1606-13-147
Р1606	13	148	Колекція церковних метричних книг Закарпаття (ф. 1606), 1715-1920	1941-1946	метрична книга|народження	1	ДАЗкО-Р1606-13-148
Р1606	13	149	Колекція церковних метричних книг Закарпаття (ф. 1606), 1715-1920	1895-1909	метрична книга|народження	1	ДАЗкО-Р1606-13-149
Р1606	13	15	Метрична книга. Церква с. Крайниково, Хустського р-ну Закарпатської обл.	1862-1880	метрична книга|народження|смерть|шлюб	0	ДАЗкО-Р1606-13-15
Р1606	13	150	Колекція церковних метричних книг Закарпаття (ф. 1606), 1715-1920	1939-1946	метрична книга|народження|смерть|шлюб	1	ДАЗкО-Р1606-13-150
Р1606	13	16	Колекція церковних метричних книг Закарпаття (ф. 1606), 1715-1920	1838-1887	метрична книга|народження|смерть|шлюб	1	ДАЗкО-Р1606-13-16
Р1606	13	17	Колекція церковних метричних книг Закарпаття (ф. 1606), 1715-1920	1836-1861	метрична книга|народження|смерть|шлюб	1	ДАЗкО-Р1606-13-17
Р1606	13	18	Колекція церковних метричних книг Закарпаття (ф. 1606), 1715-1920	1831-1855	метрична книга|народження|шлюб	1	ДАЗкО-Р1606-13-18
Р1606	13	19	Колекція церковних метричних книг Закарпаття (ф. 1606), 1715-1920	1861-1884	метрична книга|народження|смерть|шлюб	1	ДАЗкО-Р1606-13-19
Р1606	13	2	Колекція церковних метричних книг Закарпаття (ф. 1606), 1715-1920	1847-1874		1	ДАЗкО-Р1606-13-2
Р1606	13	20	Колекція церковних метричних книг Закарпаття (ф. 1606), 1715-1920	1811-1830	метрична книга|народження|смерть|шлюб	1	ДАЗкО-Р1606-13-20
Р1606	13	21	Метрична книга. Церква с. Липецька Поляна, Хустського р-ну Закарпатської обл.	1861-1893	метрична книга|народження|смерть|шлюб	0	ДАЗкО-Р1606-13-21
Р1606	13	22	Колекція церковних метричних книг Закарпаття (ф. 1606), 1715-1920	1846-1860	метрична книга|народження|смерть|шлюб	1	ДАЗкО-Р1606-13-22
Р1606	13	23	Колекція церковних метричних книг Закарпаття (ф. 1606), 1715-1920	1861-1878	метрична книга|народження|смерть|шлюб	1	ДАЗкО-Р1606-13-23
Р1606	13	24	Колекція церковних метричних книг Закарпаття (ф. 1606), 1715-1920	1850-1860	метрична книга|народження|смерть|шлюб	1	ДАЗкО-Р1606-13-24
Р1606	13	25	Колекція церковних метричних книг Закарпаття (ф. 1606), 1715-1920	1877-1890	метрична книга|народження|смерть|шлюб	1	ДАЗкО-Р1606-13-25
Р1606	13	26	Колекція церковних метричних книг Закарпаття (ф. 1606), 1715-1920	1861-1871	метрична книга|народження|смерть|шлюб	1	ДАЗкО-Р1606-13-26
Р1606	13	27	Колекція церковних метричних книг Закарпаття (ф. 1606), 1715-1920	1843-1861	метрична книга|народження|смерть|шлюб	1	ДАЗкО-Р1606-13-27
Р1606	13	28	Колекція церковних метричних книг Закарпаття (ф. 1606), 1715-1920	1876-1894	метрична книга|народження	1	ДАЗкО-Р1606-13-28
Р1606	13	29	Колекція церковних метричних книг Закарпаття (ф. 1606), 1715-1920	1853-1871		1	ДАЗкО-Р1606-13-29
Р1606	13	3	Колекція церковних метричних книг Закарпаття (ф. 1606), 1715-1920	1853-1868	метрична книга|шлюб	1	ДАЗкО-Р1606-13-3
Р1606	13	30	Колекція церковних метричних книг Закарпаття (ф. 1606), 1715-1920	1792-1875		1	ДАЗкО-Р1606-13-30
Р1606	13	31	Колекція церковних метричних книг Закарпаття (ф. 1606), 1715-1920	1857-1894	метрична книга|шлюб	1	ДАЗкО-Р1606-13-31
Р1606	13	32	Колекція церковних метричних книг Закарпаття (ф. 1606), 1715-1920	1839-1853	метрична книга|шлюб	1	ДАЗкО-Р1606-13-32
Р1606	13	33	Колекція церковних метричних книг Закарпаття (ф. 1606), 1715-1920	1880-1891	метрична книга|народження|смерть|шлюб	1	ДАЗкО-Р1606-13-33
Р1606	13	34	Колекція церковних метричних книг Закарпаття (ф. 1606), 1715-1920	1843-1856	метрична книга|народження|смерть|шлюб	1	ДАЗкО-Р1606-13-34
Р1606	13	35	Колекція церковних метричних книг Закарпаття (ф. 1606), 1715-1920	1787-1820	метрична книга|народження|смерть|шлюб	1	ДАЗкО-Р1606-13-35
Р1606	13	36	Колекція церковних метричних книг Закарпаття (ф. 1606), 1715-1920	1921-1924	метрична книга|народження|смерть|шлюб	1	ДАЗкО-Р1606-13-36
Р1606	13	37	Колекція церковних метричних книг Закарпаття (ф. 1606), 1715-1920	1938-1949	метрична книга|народження|смерть|шлюб	1	ДАЗкО-Р1606-13-37
Р1606	13	38	Колекція церковних метричних книг Закарпаття (ф. 1606), 1715-1920	1932-1947	метрична книга|народження|смерть	1	ДАЗкО-Р1606-13-38
Р1606	13	39	Колекція церковних метричних книг Закарпаття (ф. 1606), 1715-1920	1876-1900	метрична книга|народження|смерть|шлюб	1	ДАЗкО-Р1606-13-39
Р1606	13	4	Колекція церковних метричних книг Закарпаття (ф. 1606), 1715-1920	1869-1890		1	ДАЗкО-Р1606-13-4
Р1606	13	40	Колекція церковних метричних книг Закарпаття (ф. 1606), 1715-1920	1930-1946	метрична книга|народження|смерть|шлюб	1	ДАЗкО-Р1606-13-40
Р1606	13	41	Колекція церковних метричних книг Закарпаття (ф. 1606), 1715-1920	1919-1930	метрична книга|народження|смерть|шлюб	1	ДАЗкО-Р1606-13-41
Р1606	13	42	Колекція церковних метричних книг Закарпаття (ф. 1606), 1715-1920	1920-1946	метрична книга|народження|смерть|шлюб	1	ДАЗкО-Р1606-13-42
Р1606	13	43	Колекція церковних метричних книг Закарпаття (ф. 1606), 1715-1920	1901-1918	метрична книга|народження|смерть|шлюб	1	ДАЗкО-Р1606-13-43
Р1606	13	44	Колекція церковних метричних книг Закарпаття (ф. 1606), 1715-1920	1902-1917		1	ДАЗкО-Р1606-13-44
Р1606	13	45	Колекція церковних метричних книг Закарпаття (ф. 1606), 1715-1920	1924-1946		1	ДАЗкО-Р1606-13-45
Р1606	13	46	Колекція церковних метричних книг Закарпаття (ф. 1606), 1715-1920	1924-1946		1	ДАЗкО-Р1606-13-46
Р1606	13	47	Колекція церковних метричних книг Закарпаття (ф. 1606), 1715-1920	1929-1946		1	ДАЗкО-Р1606-13-47
Р1606	13	48	Колекція церковних метричних книг Закарпаття (ф. 1606), 1715-1920	1918-1929		1	ДАЗкО-Р1606-13-48
Р1606	13	49	Колекція церковних метричних книг Закарпаття (ф. 1606), 1715-1920	1917-1945	метрична книга|народження	1	ДАЗкО-Р1606-13-49
Р1606	13	5	Колекція церковних метричних книг Закарпаття (ф. 1606), 1715-1920	1839-1855		1	ДАЗкО-Р1606-13-5
Р1606	13	50	Колекція церковних метричних книг Закарпаття (ф. 1606), 1715-1920	1890-1916	метрична книга|народження|смерть|шлюб	1	ДАЗкО-Р1606-13-50
Р1606	13	51	Колекція церковних метричних книг Закарпаття (ф. 1606), 1715-1920	1909-1946	метрична книга|шлюб	1	ДАЗкО-Р1606-13-51
Р1606	13	52	Колекція церковних метричних книг Закарпаття (ф. 1606), 1715-1920	1875-1897	метрична книга|смерть	1	ДАЗкО-Р1606-13-52
Р1606	13	53	Колекція церковних метричних книг Закарпаття (ф. 1606), 1715-1920	1932-1945	метрична книга|народження	1	ДАЗкО-Р1606-13-53
Р1606	13	54	Колекція церковних метричних книг Закарпаття (ф. 1606), 1715-1920	1902-1932	метрична книга|народження	1	ДАЗкО-Р1606-13-54
Р1606	13	55	Колекція церковних метричних книг Закарпаття (ф. 1606), 1715-1920	1924-1946	метрична книга|смерть	1	ДАЗкО-Р1606-13-55
Р1606	13	56	Колекція церковних метричних книг Закарпаття (ф. 1606), 1715-1920	1909-1946	метрична книга|шлюб	1	ДАЗкО-Р1606-13-56
Р1606	13	57	Колекція церковних метричних книг Закарпаття (ф. 1606), 1715-1920	1912-1932	метрична книга|народження	1	ДАЗкО-Р1606-13-57
Р1606	13	58	Колекція церковних метричних книг Закарпаття (ф. 1606), 1715-1920	1884-1906	метрична книга|народження|смерть|шлюб	1	ДАЗкО-Р1606-13-58
Р1606	13	59	Колекція церковних метричних книг Закарпаття (ф. 1606), 1715-1920	1902-1927	метрична книга|смерть	1	ДАЗкО-Р1606-13-59
Р1606	13	6	Колекція церковних метричних книг Закарпаття (ф. 1606), 1715-1920	1862-1871	метрична книга|народження|смерть|шлюб	1	ДАЗкО-Р1606-13-6
Р1606	13	60	Колекція церковних метричних книг Закарпаття (ф. 1606), 1715-1920	1927-1946	метрична книга|смерть	1	ДАЗкО-Р1606-13-60
Р1606	13	61	Колекція церковних метричних книг Закарпаття (ф. 1606), 1715-1920	1861-1909	метрична книга|народження|смерть|шлюб	1	ДАЗкО-Р1606-13-61
Р1606	13	62	Колекція церковних метричних книг Закарпаття (ф. 1606), 1715-1920	1895-1911	метрична книга|народження	1	ДАЗкО-Р1606-13-62
Р1606	13	63	Колекція церковних метричних книг Закарпаття (ф. 1606), 1715-1920	1925-1948	метрична книга|шлюб	1	ДАЗкО-Р1606-13-63
Р1606	13	64	Колекція церковних метричних книг Закарпаття (ф. 1606), 1715-1920	1909-1921	метрична книга|народження|смерть|шлюб	1	ДАЗкО-Р1606-13-64
Р1606	13	65	Колекція церковних метричних книг Закарпаття (ф. 1606), 1715-1920	1882-1909	метрична книга|народження|смерть|шлюб	0	ДАЗкО-Р1606-13-65
Р1606	13	66	Колекція церковних метричних книг Закарпаття (ф. 1606), 1715-1920	1891-1928	метрична книга|народження|смерть|шлюб	1	ДАЗкО-Р1606-13-66
Р1606	13	67	Колекція церковних метричних книг Закарпаття (ф. 1606), 1715-1920	1909-1944	метрична книга|народження|смерть|шлюб	1	ДАЗкО-Р1606-13-67
Р1606	13	68	Колекція церковних метричних книг Закарпаття (ф. 1606), 1715-1920	1864-1908	метрична книга|смерть|шлюб	1	ДАЗкО-Р1606-13-68
Р1606	13	69	Колекція церковних метричних книг Закарпаття (ф. 1606), 1715-1920	1934-1944	метрична книга|народження	1	ДАЗкО-Р1606-13-69
Р1606	13	7	Колекція церковних метричних книг Закарпаття (ф. 1606), 1715-1920	1763-1826		1	ДАЗкО-Р1606-13-7
Р1606	13	70	Колекція церковних метричних книг Закарпаття (ф. 1606), 1715-1920	1924-1929	метрична книга|народження|шлюб	1	ДАЗкО-Р1606-13-70
Р1606	13	71	Колекція церковних метричних книг Закарпаття (ф. 1606), 1715-1920	1928-1946	метрична книга|смерть	1	ДАЗкО-Р1606-13-71
Р1606	13	72	Колекція церковних метричних книг Закарпаття (ф. 1606), 1715-1920	1921-1946	метрична книга|смерть	1	ДАЗкО-Р1606-13-72
Р1606	13	73	Колекція церковних метричних книг Закарпаття (ф. 1606), 1715-1920	1908-1946	метрична книга|шлюб	1	ДАЗкО-Р1606-13-73
Р1606	13	74	Колекція церковних метричних книг Закарпаття (ф. 1606), 1715-1920	1927-1946	метрична книга|народження|смерть|шлюб	1	ДАЗкО-Р1606-13-74
Р1606	13	75	Колекція церковних метричних книг Закарпаття (ф. 1606), 1715-1920	1929-1935	метрична книга|народження|смерть|шлюб	1	ДАЗкО-Р1606-13-75
Р1606	13	76	Колекція церковних метричних книг Закарпаття (ф. 1606), 1715-1920	1862-1908	метрична книга|смерть	1	ДАЗкО-Р1606-13-76
Р1606	13	77	Колекція церковних метричних книг Закарпаття (ф. 1606), 1715-1920	1923-1934	метрична книга|народження|смерть|шлюб	1	ДАЗкО-Р1606-13-77
Р1606	13	78	Колекція церковних метричних книг Закарпаття (ф. 1606), 1715-1920	1885-1908	метрична книга|народження	1	ДАЗкО-Р1606-13-78
Р1606	13	79	Колекція церковних метричних книг Закарпаття (ф. 1606), 1715-1920	1934-1942	метрична книга|народження|смерть|шлюб	1	ДАЗкО-Р1606-13-79
Р1606	13	8	Колекція церковних метричних книг Закарпаття (ф. 1606), 1715-1920	1808-1861	метрична книга|народження|смерть|шлюб	1	ДАЗкО-Р1606-13-8
Р1606	13	80	Колекція церковних метричних книг Закарпаття (ф. 1606), 1715-1920	1943-1949	метрична книга|народження|смерть|шлюб	1	ДАЗкО-Р1606-13-80
Р1606	13	81	Колекція церковних метричних книг Закарпаття (ф. 1606), 1715-1920	1883-1908		1	ДАЗкО-Р1606-13-81
Р1606	13	814	Метрична книга. Церква с. Золотарево, Хустського р-ну Закарпатської обл.	1883-1908	метрична книга|шлюб	0	ДАЗкО-Р1606-13-814
Р1606	13	82	Колекція церковних метричних книг Закарпаття (ф. 1606), 1715-1920	1862-1882	метрична книга|народження|смерть|шлюб	0	ДАЗкО-Р1606-13-82
Р1606	13	83	Колекція церковних метричних книг Закарпаття (ф. 1606), 1715-1920	1884-1908	метрична книга|смерть	1	ДАЗкО-Р1606-13-83
Р1606	13	84	Колекція церковних метричних книг Закарпаття (ф. 1606), 1715-1920	1875-1919		1	ДАЗкО-Р1606-13-84
Р1606	13	846	Метрична книга. Церква с. Іза, Хустського р-ну Закарпатської обл.	1875-1919	метрична книга|народження	0	ДАЗкО-Р1606-13-846
Р1606	13	85	Колекція церковних метричних книг Закарпаття (ф. 1606), 1715-1920	1861-1946	метрична книга|шлюб	1	ДАЗкО-Р1606-13-85
Р1606	13	86	Колекція церковних метричних книг Закарпаття (ф. 1606), 1715-1920	1861-1910	метрична книга|народження|смерть|шлюб	1	ДАЗкО-Р1606-13-86
Р1606	13	87	Колекція церковних метричних книг Закарпаття (ф. 1606), 1715-1920	1861-1946	метрична книга|смерть	1	ДАЗкО-Р1606-13-87
Р1606	13	88	Колекція церковних метричних книг Закарпаття (ф. 1606), 1715-1920	1892-1946	метрична книга|народження	1	ДАЗкО-Р1606-13-88
Р1606	13	89	Колекція церковних метричних книг Закарпаття (ф. 1606), 1715-1920	1902-1918	метрична книга|народження	1	ДАЗкО-Р1606-13-89
Р1606	13	9	Колекція церковних метричних книг Закарпаття (ф. 1606), 1715-1920	1857-1873	метрична книга|народження|смерть	1	ДАЗкО-Р1606-13-9
Р1606	13	90	Колекція церковних метричних книг Закарпаття (ф. 1606), 1715-1920	1861-1891	метрична книга|народження	1	ДАЗкО-Р1606-13-90
Р1606	13	91	Колекція церковних метричних книг Закарпаття (ф. 1606), 1715-1920	1884-1910	метрична книга|народження|смерть	1	ДАЗкО-Р1606-13-91
Р1606	13	92	Колекція церковних метричних книг Закарпаття (ф. 1606), 1715-1920	1912-1944	метрична книга|народження	1	ДАЗкО-Р1606-13-92
Р1606	13	93	Колекція церковних метричних книг Закарпаття (ф. 1606), 1715-1920	1900-1923	метрична книга|смерть	1	ДАЗкО-Р1606-13-93
Р1606	13	94	Колекція церковних метричних книг Закарпаття (ф. 1606), 1715-1920	1900-1923	метрична книга|народження|шлюб	1	ДАЗкО-Р1606-13-94
Р1606	13	95	Колекція церковних метричних книг Закарпаття (ф. 1606), 1715-1920	1932-1946	метрична книга|народження|смерть|шлюб	1	ДАЗкО-Р1606-13-95
Р1606	13	96	Колекція церковних метричних книг Закарпаття (ф. 1606), 1715-1920	1923-1931	метрична книга|народження|смерть|шлюб	1	ДАЗкО-Р1606-13-96
Р1606	13	9682	Метрична книга. Костьол с. Велятино, Хустського р-ну Закарпатської обл.	1857-1873	метрична книга|шлюб	0	ДАЗкО-Р1606-13-9682
Р1606	13	97	Колекція церковних метричних книг Закарпаття (ф. 1606), 1715-1920	1888-1900	метрична книга|народження|смерть|шлюб	1	ДАЗкО-Р1606-13-97
Р1606	13	98	Колекція церковних метричних книг Закарпаття (ф. 1606), 1715-1920	1928-1946	метрична книга|смерть|шлюб	1	ДАЗкО-Р1606-13-98
Р1606	13	99	Колекція церковних метричних книг Закарпаття (ф. 1606), 1715-1920	1910-1928	метрична книга|народження|смерть|шлюб	1	ДАЗкО-Р1606-13-99
Р1606	14	1	Колекція церковних метричних книг Закарпаття (ф. 1606), 1715-1920	1715-1796	метрична книга|народження|смерть|шлюб	2	ДАЗкО-Р1606-14-1
Р1606	14	10	Колекція церковних метричних книг Закарпаття (ф. 1606), 1715-1920	1860-1868	метрична книга|народження	1	ДАЗкО-Р1606-14-10
Р1606	14	11	Колекція церковних метричних книг Закарпаття (ф. 1606), 1715-1920	1852-1869	метрична книга|народження	1	ДАЗкО-Р1606-14-11
Р1606	14	12	Колекція церковних метричних книг Закарпаття (ф. 1606), 1715-1920	1796-1869	метрична книга|смерть	1	ДАЗкО-Р1606-14-12
Р1606	14	126	Метрична книга. Церква с. Сокирниця, Хустського р-ну Закарпатської обл.	1898-1913	метрична книга|народження|смерть|шлюб	0	ДАЗкО-Р1606-14-126
Р1606	14	129	Метрична книга. Церква с. Сокирниця, Хустського р-ну Закарпатської обл.	1936-1945	метрична книга|народження|смерть|шлюб	0	ДАЗкО-Р1606-14-129
Р1606	14	13	Колекція церковних метричних книг Закарпаття (ф. 1606), 1715-1920	1861-1870	метрична книга|народження|смерть|шлюб	1	ДАЗкО-Р1606-14-13
Р1606	14	130	Метрична книга. Церква с. Сокирниця, Хустського р-ну Закарпатської обл.	1895-1926	метрична книга|народження|смерть|шлюб	0	ДАЗкО-Р1606-14-130
Р1606	14	131	Метрична книга. Церква с. Сокирниця, Хустського р-ну Закарпатської обл.	1862-1880	метрична книга|народження|смерть|шлюб	0	ДАЗкО-Р1606-14-131
Р1606	14	132	Метрична книга. Церква с. Сокирниця, Хустського р-ну Закарпатської обл.	1911-1939	метрична книга|народження|смерть|шлюб	0	ДАЗкО-Р1606-14-132
Р1606	14	14	Колекція церковних метричних книг Закарпаття (ф. 1606), 1715-1920	1860-1870	метрична книга|смерть	1	ДАЗкО-Р1606-14-14
Р1606	14	15	Колекція церковних метричних книг Закарпаття (ф. 1606), 1715-1920	1852-1872	метрична книга|смерть	1	ДАЗкО-Р1606-14-15
Р1606	14	16	Колекція церковних метричних книг Закарпаття (ф. 1606), 1715-1920	1870-1875	метрична книга|смерть	1	ДАЗкО-Р1606-14-16
Р1606	14	17	Колекція церковних метричних книг Закарпаття (ф. 1606), 1715-1920	1868-1876	метрична книга|народження	1	ДАЗкО-Р1606-14-17
Р1606	14	18	Колекція церковних метричних книг Закарпаття (ф. 1606), 1715-1920	1869-1877	метрична книга|народження	1	ДАЗкО-Р1606-14-18
Р1606	14	19	Колекція церковних метричних книг Закарпаття (ф. 1606), 1715-1920	1860-1879	метрична книга|шлюб	1	ДАЗкО-Р1606-14-19
Р1606	14	2	Колекція церковних метричних книг Закарпаття (ф. 1606), 1715-1920	1827-1835	метрична книга|народження|смерть|шлюб	1	ДАЗкО-Р1606-14-2
Р1606	14	20	Колекція церковних метричних книг Закарпаття (ф. 1606), 1715-1920	1876-1880	метрична книга|смерть	1	ДАЗкО-Р1606-14-20
Р1606	14	21	Колекція церковних метричних книг Закарпаття (ф. 1606), 1715-1920	1876-1881	метрична книга|народження	1	ДАЗкО-Р1606-14-21
Р1606	14	22	Колекція церковних метричних книг Закарпаття (ф. 1606), 1715-1920	1852-1884	метрична книга|шлюб	1	ДАЗкО-Р1606-14-22
Р1606	14	23	Колекція церковних метричних книг Закарпаття (ф. 1606), 1715-1920	1871-1889	метрична книга|народження	1	ДАЗкО-Р1606-14-23
Р1606	14	24	Колекція церковних метричних книг Закарпаття (ф. 1606), 1715-1920	1871-1889	метрична книга|народження|смерть|шлюб	1	ДАЗкО-Р1606-14-24
Р1606	14	25	Колекція церковних метричних книг Закарпаття (ф. 1606), 1715-1920	1877-1891,1880-1891	метрична книга|народження	1	ДАЗкО-Р1606-14-25
Р1606	14	26	Колекція церковних метричних книг Закарпаття (ф. 1606), 1715-1920	1881-1891		1	ДАЗкО-Р1606-14-26
Р1606	14	27	Колекція церковних метричних книг Закарпаття (ф. 1606), 1715-1920	1880-1891		1	ДАЗкО-Р1606-14-27
Р1606	14	3	Колекція церковних метричних книг Закарпаття (ф. 1606), 1715-1920	1797-1836	метрична книга|народження|смерть|шлюб	1	ДАЗкО-Р1606-14-3
Р1606	14	4	Колекція церковних метричних книг Закарпаття (ф. 1606), 1715-1920	1835-1852	метрична книга|народження|смерть|шлюб	1	ДАЗкО-Р1606-14-4
Р1606	14	5	Колекція церковних метричних книг Закарпаття (ф. 1606), 1715-1920	1825-1859	метрична книга|народження	1	ДАЗкО-Р1606-14-5
Р1606	14	6	Колекція церковних метричних книг Закарпаття (ф. 1606), 1715-1920	1830-1860	метрична книга|народження|смерть|шлюб	1	ДАЗкО-Р1606-14-6
Р1606	14	7	Колекція церковних метричних книг Закарпаття (ф. 1606), 1715-1920	1830-1860	метрична книга|народження|смерть|шлюб	1	ДАЗкО-Р1606-14-7
Р1606	14	8	Колекція церковних метричних книг Закарпаття (ф. 1606), 1715-1920	1837-1860	метрична книга|шлюб	1	ДАЗкО-Р1606-14-8
Р1606	14	9	Колекція церковних метричних книг Закарпаття (ф. 1606), 1715-1920	1827-1860	метрична книга|народження|смерть|шлюб	1	ДАЗкО-Р1606-14-9
Р1606	15	1	Колекція церковних метричних книг Закарпаття (ф. 1606), 1715-1920	1842-1847	метрична книга|народження|смерть|шлюб	1	ДАЗкО-Р1606-15-1
Р1606	15	10	Колекція церковних метричних книг Закарпаття (ф. 1606), 1715-1920	1797-1852	метрична книга|смерть	1	ДАЗкО-Р1606-15-10
Р1606	15	11	Колекція церковних метричних книг Закарпаття (ф. 1606), 1715-1920	1787-1818	метрична книга|смерть	1	ДАЗкО-Р1606-15-11
Р1606	15	12	Колекція церковних метричних книг Закарпаття (ф. 1606), 1715-1920	1870-1890	метрична книга|шлюб	1	ДАЗкО-Р1606-15-12
Р1606	15	13	Колекція церковних метричних книг Закарпаття (ф. 1606), 1715-1920	1881-1893	метрична книга|шлюб	1	ДАЗкО-Р1606-15-13
Р1606	15	14	Колекція церковних метричних книг Закарпаття (ф. 1606), 1715-1920	1818-1840	метрична книга|шлюб	1	ДАЗкО-Р1606-15-14
Р1606	15	15	Колекція церковних метричних книг Закарпаття (ф. 1606), 1715-1920	1827-1863		1	ДАЗкО-Р1606-15-15
Р1606	15	16	Колекція церковних метричних книг Закарпаття (ф. 1606), 1715-1920	1862-1869		1	ДАЗкО-Р1606-15-16
Р1606	15	17	Колекція церковних метричних книг Закарпаття (ф. 1606), 1715-1920	1875-1888		1	ДАЗкО-Р1606-15-17
Р1606	15	18	Колекція церковних метричних книг Закарпаття (ф. 1606), 1715-1920	1896-1901		1	ДАЗкО-Р1606-15-18
Р1606	15	19	Колекція церковних метричних книг Закарпаття (ф. 1606), 1715-1920	1858-1879		1	ДАЗкО-Р1606-15-19
Р1606	15	2	Колекція церковних метричних книг Закарпаття (ф. 1606), 1715-1920	1870-1885	метрична книга|народження	1	ДАЗкО-Р1606-15-2
Р1606	15	20	Колекція церковних метричних книг Закарпаття (ф. 1606), 1715-1920	1864-1874		1	ДАЗкО-Р1606-15-20
Р1606	15	21	Колекція церковних метричних книг Закарпаття (ф. 1606), 1715-1920	1848-1874		1	ДАЗкО-Р1606-15-21
Р1606	15	22	Колекція церковних метричних книг Закарпаття (ф. 1606), 1715-1920	1875-1891		1	ДАЗкО-Р1606-15-22
Р1606	15	23	Колекція церковних метричних книг Закарпаття (ф. 1606), 1715-1920	1852-1874		1	ДАЗкО-Р1606-15-23
Р1606	15	24	Колекція церковних метричних книг Закарпаття (ф. 1606), 1715-1920	1840-1852	метрична книга|народження	1	ДАЗкО-Р1606-15-24
Р1606	15	25	Колекція церковних метричних книг Закарпаття (ф. 1606), 1715-1920	1852-1873	метрична книга|народження	1	ДАЗкО-Р1606-15-25
Р1606	15	26	Колекція церковних метричних книг Закарпаття (ф. 1606), 1715-1920	1871-1884	метрична книга|народження	1	ДАЗкО-Р1606-15-26
Р1606	15	27	Колекція церковних метричних книг Закарпаття (ф. 1606), 1715-1920	1887-1896	метрична книга|смерть	1	ДАЗкО-Р1606-15-27
Р1606	15	28	Колекція церковних метричних книг Закарпаття (ф. 1606), 1715-1920	1910-1920	метрична книга|смерть	1	ДАЗкО-Р1606-15-28
Р1606	15	29	Колекція церковних метричних книг Закарпаття (ф. 1606), 1715-1920	1900-1920		1	ДАЗкО-Р1606-15-29
Р1606	15	3	Колекція церковних метричних книг Закарпаття (ф. 1606), 1715-1920	1886-1895	метрична книга|народження	1	ДАЗкО-Р1606-15-3
Р1606	15	30	Колекція церковних метричних книг Закарпаття (ф. 1606), 1715-1920	1904-1925	метрична книга|народження|смерть|шлюб	1	ДАЗкО-Р1606-15-30
Р1606	15	31	Колекція церковних метричних книг Закарпаття (ф. 1606), 1715-1920	1902-1909		1	ДАЗкО-Р1606-15-31
Р1606	15	32	Колекція церковних метричних книг Закарпаття (ф. 1606), 1715-1920	1903-1933		1	ДАЗкО-Р1606-15-32
Р1606	15	33	Колекція церковних метричних книг Закарпаття (ф. 1606), 1715-1920	1905-1921		1	ДАЗкО-Р1606-15-33
Р1606	15	34	Колекція церковних метричних книг Закарпаття (ф. 1606), 1918-1945	1922-1958		1	ДАЗкО-Р1606-15-34
Р1606	15	35	Колекція церковних метричних книг Закарпаття (ф. 1606), 1715-1920	1886-1895	метрична книга|шлюб	1	ДАЗкО-Р1606-15-35
Р1606	15	36	Колекція церковних метричних книг Закарпаття (ф. 1606), 1918-1945	1758-1787		1	ДАЗкО-Р1606-15-36
Р1606	15	37	Колекція церковних метричних книг Закарпаття (ф. 1606), 1715-1920	1875-1904		1	ДАЗкО-Р1606-15-37
Р1606	15	38	Колекція церковних метричних книг Закарпаття (ф. 1606), 1918-1945	1889-1896		1	ДАЗкО-Р1606-15-38
Р1606	15	39	Колекція церковних метричних книг Закарпаття (ф. 1606), 1918-1945	1767-1796	метрична книга|народження|смерть	1	ДАЗкО-Р1606-15-39
Р1606	15	4	Колекція церковних метричних книг Закарпаття (ф. 1606), 1715-1920	1822-1855	метрична книга|народження	1	ДАЗкО-Р1606-15-4
Р1606	15	40	Колекція церковних метричних книг Закарпаття (ф. 1606), 1715-1920	1884-1900	метрична книга|народження|смерть|шлюб	1	ДАЗкО-Р1606-15-40
Р1606	15	41	Колекція церковних метричних книг Закарпаття (ф. 1606), 1918-1945	1930-1945	метрична книга|шлюб	1	ДАЗкО-Р1606-15-41
Р1606	15	42	Колекція церковних метричних книг Закарпаття (ф. 1606), 1918-1945	1939-1949	метрична книга|смерть	1	ДАЗкО-Р1606-15-42
Р1606	15	43	Колекція церковних метричних книг Закарпаття (ф. 1606), 1918-1945	1913-1954	метрична книга|смерть	1	ДАЗкО-Р1606-15-43
Р1606	15	44	Колекція церковних метричних книг Закарпаття (ф. 1606), 1715-1920	1875-1900		1	ДАЗкО-Р1606-15-44
Р1606	15	45	Колекція церковних метричних книг Закарпаття (ф. 1606), 1918-1945	1924-1931	метрична книга|народження	1	ДАЗкО-Р1606-15-45
Р1606	15	46	Колекція церковних метричних книг Закарпаття (ф. 1606), 1918-1945	1912-1939	метрична книга|народження	1	ДАЗкО-Р1606-15-46
Р1606	15	47	Колекція церковних метричних книг Закарпаття (ф. 1606), 1918-1945	1938-1948		1	ДАЗкО-Р1606-15-47
Р1606	15	48	Колекція церковних метричних книг Закарпаття (ф. 1606), 1715-1920	1901-1912	метрична книга|народження	1	ДАЗкО-Р1606-15-48
Р1606	15	49	Колекція церковних метричних книг Закарпаття (ф. 1606), 1918-1945	1912-1926		1	ДАЗкО-Р1606-15-49
Р1606	15	5	Колекція церковних метричних книг Закарпаття (ф. 1606), 1715-1920	1841-1861	метрична книга|народження	1	ДАЗкО-Р1606-15-5
Р1606	15	50	Колекція церковних метричних книг Закарпаття (ф. 1606), 1918-1945	1931-1939		1	ДАЗкО-Р1606-15-50
Р1606	15	51	Колекція церковних метричних книг Закарпаття (ф. 1606), 1918-1945	1927-1939		1	ДАЗкО-Р1606-15-51
Р1606	15	52	Колекція церковних метричних книг Закарпаття (ф. 1606), 1715-1920	1891-1904		1	ДАЗкО-Р1606-15-52
Р1606	15	53	Колекція церковних метричних книг Закарпаття (ф. 1606), 1715-1920	1891-1929	метрична книга|шлюб	1	ДАЗкО-Р1606-15-53
Р1606	15	54	Колекція церковних метричних книг Закарпаття (ф. 1606), 1715-1920	1896-1908	метрична книга|народження	1	ДАЗкО-Р1606-15-54
Р1606	15	55	Колекція церковних метричних книг Закарпаття (ф. 1606), 1715-1920	1909-1924	метрична книга|народження	1	ДАЗкО-Р1606-15-55
Р1606	15	56	Колекція церковних метричних книг Закарпаття (ф. 1606), 1918-1945	1920-1938		1	ДАЗкО-Р1606-15-56
Р1606	15	57	Колекція церковних метричних книг Закарпаття (ф. 1606), 1918-1945	1921-1947		1	ДАЗкО-Р1606-15-57
Р1606	15	58	Колекція церковних метричних книг Закарпаття (ф. 1606), 1918-1945	1931-1939	метрична книга|народження	1	ДАЗкО-Р1606-15-58
Р1606	15	59	Колекція церковних метричних книг Закарпаття (ф. 1606), 1715-1920	1855-1881		0	ДАЗкО-Р1606-15-59
Р1606	15	6	Колекція церковних метричних книг Закарпаття (ф. 1606), 1715-1920	1828-1841	метрична книга|народження	1	ДАЗкО-Р1606-15-6
Р1606	15	7	Колекція церковних метричних книг Закарпаття (ф. 1606), 1715-1920	1847-1861	метрична книга|народження	1	ДАЗкО-Р1606-15-7
Р1606	15	8	Колекція церковних метричних книг Закарпаття (ф. 1606), 1715-1920	1870-1886	метрична книга|смерть	1	ДАЗкО-Р1606-15-8
Р1606	15	9	Колекція церковних метричних книг Закарпаття (ф. 1606), 1715-1920	1819-1828	метрична книга|смерть	1	ДАЗкО-Р1606-15-9
Р1606	16	140	Колекція церковних метричних книг Закарпаття (ф. 1606), 1715-1920	1884-1884		1	ДАЗкО-Р1606-16-140
Р1606	16	15	Метрична книга. Костьол м. Мукачеве, Закарпатської обл.	1827-1863	метрична книга|народження	0	ДАЗкО-Р1606-16-15
Р1606	16	16	Метрична книга. Костьол м. Мукачеве, Закарпатської обл.	1862-1869	метрична книга|народження|смерть|шлюб	0	ДАЗкО-Р1606-16-16
Р1606	16	17	Метрична книга. Костьол м. Мукачеве, Закарпатської обл.	1875-1888	метрична книга|народження	0	ДАЗкО-Р1606-16-17
Р1606	16	18	Метрична книга. Костьол м. Мукачеве, Закарпатської обл.	1896-1901	метрична книга|народження	0	ДАЗкО-Р1606-16-18
Р1606	16	19	Метрична книга. Костьол с. Паланок, м. Мукачеве Закарпатської обл.	1858-1879	метрична книга|народження	0	ДАЗкО-Р1606-16-19
Р1606	16	20	Метрична книга. Костьол с. Паланок, м. Мукачеве Закарпатської обл.	1864-1874	метрична книга|народження	0	ДАЗкО-Р1606-16-20
Р1606	16	21	Метрична книга. Костьол м. Мукачеве, Закарпатської обл.	1848-1874	метрична книга|смерть	0	ДАЗкО-Р1606-16-21
Р1606	16	22	Метрична книга. Костьол м. Мукачеве, Закарпатської обл.	1875-1891	метрична книга|смерть	0	ДАЗкО-Р1606-16-22
Р1606	16	23	Метрична книга. Костьол м. Мукачеве, Закарпатської обл.	1852-1874	метрична книга|шлюб	0	ДАЗкО-Р1606-16-23
Р1606	16	31	Метрична книга. Костьол м. Мукачеве, Закарпатської обл.	1902-1909	метрична книга|народження	0	ДАЗкО-Р1606-16-31
Р1606	16	32	Метрична книга. Костьол м. Мукачеве, Закарпатської обл.	1903-1933	метрична книга|шлюб	0	ДАЗкО-Р1606-16-32
Р1606	16	33	Метрична книга. Костьол м. Мукачеве, Закарпатської обл.	1905-1921	метрична книга|смерть	0	ДАЗкО-Р1606-16-33
Р1606	16	34	Метрична книга. Костьол м. Мукачеве, Закарпатської обл.	1922-1958	метрична книга|смерть	0	ДАЗкО-Р1606-16-34
Р1606	16	36	Метрична книга. Костьол м. Мукачеве, Закарпатської обл.	1758-1787	метрична книга|народження|смерть|шлюб	0	ДАЗкО-Р1606-16-36
Р1606	16	37	Метрична книга. Костьол м. Мукачеве, Закарпатської обл.	1875-1904	метрична книга|шлюб	0	ДАЗкО-Р1606-16-37
Р1606	16	38	Метрична книга. Костьол м. Мукачеве, Закарпатської обл.	1889-1896	метрична книга|народження	0	ДАЗкО-Р1606-16-38
Р1606	16	52	Метрична книга. Костьол м. Мукачеве, Закарпатської обл.	1891-1904	метрична книга|смерть	0	ДАЗкО-Р1606-16-52
Р1606	16	57	Метрична книга. Костьол м. Мукачеве, Закарпатської обл.	1921-1947	метрична книга|народження	0	ДАЗкО-Р1606-16-57
Р1606	17	1	Колекція церковних метричних книг Закарпаття (ф. 1606), 1715-1920	1715-1920		1	ДАЗкО-Р1606-17-1
Р1606	17	10	Колекція церковних метричних книг Закарпаття (ф. 1606), 1715-1920	1815-1864		1	ДАЗкО-Р1606-17-10
Р1606	17	100	Колекція церковних метричних книг Закарпаття (ф. 1606), 1715-1920	1889-1889		1	ДАЗкО-Р1606-17-100
Р1606	17	101	Колекція церковних метричних книг Закарпаття (ф. 1606), 1715-1920	1889-1889		1	ДАЗкО-Р1606-17-101
Р1606	17	102	Колекція церковних метричних книг Закарпаття (ф. 1606), 1715-1920	1888-1888		1	ДАЗкО-Р1606-17-102
Р1606	17	103	Колекція церковних метричних книг Закарпаття (ф. 1606), 1715-1920	1888-1889		1	ДАЗкО-Р1606-17-103
Р1606	17	104	Колекція церковних метричних книг Закарпаття (ф. 1606), 1715-1920	1886-1886		1	ДАЗкО-Р1606-17-104
Р1606	17	105	Колекція церковних метричних книг Закарпаття (ф. 1606), 1715-1920	1859-1860		1	ДАЗкО-Р1606-17-105
Р1606	17	106	Колекція церковних метричних книг Закарпаття (ф. 1606), 1715-1920	1843-1895		1	ДАЗкО-Р1606-17-106
Р1606	17	107	Колекція церковних метричних книг Закарпаття (ф. 1606), 1715-1920	1828-1843		1	ДАЗкО-Р1606-17-107
Р1606	17	108	Колекція церковних метричних книг Закарпаття (ф. 1606), 1715-1920	1843-1895		1	ДАЗкО-Р1606-17-108
Р1606	17	109	Колекція церковних метричних книг Закарпаття (ф. 1606), 1715-1920	1843-1895		1	ДАЗкО-Р1606-17-109
Р1606	17	11	Колекція церковних метричних книг Закарпаття (ф. 1606), 1715-1920	1858-1869		1	ДАЗкО-Р1606-17-11
Р1606	17	110	Колекція церковних метричних книг Закарпаття (ф. 1606), 1715-1920	1859-1860		1	ДАЗкО-Р1606-17-110
Р1606	17	111	Колекція церковних метричних книг Закарпаття (ф. 1606), 1715-1920	1867-1867		1	ДАЗкО-Р1606-17-111
Р1606	17	112	Колекція церковних метричних книг Закарпаття (ф. 1606), 1715-1920	1860-1885		1	ДАЗкО-Р1606-17-112
Р1606	17	113	Колекція церковних метричних книг Закарпаття (ф. 1606), 1715-1920	1860-1886		1	ДАЗкО-Р1606-17-113
Р1606	17	114	Колекція церковних метричних книг Закарпаття (ф. 1606), 1715-1920	1835-1843		1	ДАЗкО-Р1606-17-114
Р1606	17	116	Колекція церковних метричних книг Закарпаття (ф. 1606), 1715-1920	1853-1895		1	ДАЗкО-Р1606-17-116
Р1606	17	117	Колекція церковних метричних книг Закарпаття (ф. 1606), 1715-1920	1853-1895		1	ДАЗкО-Р1606-17-117
Р1606	17	118	Колекція церковних метричних книг Закарпаття (ф. 1606), 1715-1920	1853-1895		1	ДАЗкО-Р1606-17-118
Р1606	17	119	Колекція церковних метричних книг Закарпаття (ф. 1606), 1715-1920	1851-1868		1	ДАЗкО-Р1606-17-119
Р1606	17	12	Колекція церковних метричних книг Закарпаття (ф. 1606), 1715-1920	1835-1862		1	ДАЗкО-Р1606-17-12
Р1606	17	120	Колекція церковних метричних книг Закарпаття (ф. 1606), 1715-1920	1863-1863		1	ДАЗкО-Р1606-17-120
Р1606	17	121	Колекція церковних метричних книг Закарпаття (ф. 1606), 1715-1920	1842-1847		1	ДАЗкО-Р1606-17-121
Р1606	17	122	Колекція церковних метричних книг Закарпаття (ф. 1606), 1715-1920	1842-1870		1	ДАЗкО-Р1606-17-122
Р1606	17	123	Колекція церковних метричних книг Закарпаття (ф. 1606), 1715-1920	1837-1841		1	ДАЗкО-Р1606-17-123
Р1606	17	124	Колекція церковних метричних книг Закарпаття (ф. 1606), 1715-1920	1859-1860		1	ДАЗкО-Р1606-17-124
Р1606	17	125	Колекція церковних метричних книг Закарпаття (ф. 1606), 1715-1920	1878-1878		1	ДАЗкО-Р1606-17-125
Р1606	17	126	Колекція церковних метричних книг Закарпаття (ф. 1606), 1715-1920	1836-1878		1	ДАЗкО-Р1606-17-126
Р1606	17	127	Колекція церковних метричних книг Закарпаття (ф. 1606), 1715-1920	1836-1878		1	ДАЗкО-Р1606-17-127
Р1606	17	128	Колекція церковних метричних книг Закарпаття (ф. 1606), 1715-1920	1842-1895		1	ДАЗкО-Р1606-17-128
Р1606	17	129	Колекція церковних метричних книг Закарпаття (ф. 1606), 1715-1920	1842-1895		1	ДАЗкО-Р1606-17-129
Р1606	17	13	Колекція церковних метричних книг Закарпаття (ф. 1606), 1715-1920	1828-1833		1	ДАЗкО-Р1606-17-13
Р1606	17	130	Колекція церковних метричних книг Закарпаття (ф. 1606), 1715-1920	1842-1895		1	ДАЗкО-Р1606-17-130
Р1606	17	131	Колекція церковних метричних книг Закарпаття (ф. 1606), 1715-1920	1891-1895		1	ДАЗкО-Р1606-17-131
Р1606	17	132	Колекція церковних метричних книг Закарпаття (ф. 1606), 1715-1920	1891-1894		1	ДАЗкО-Р1606-17-132
Р1606	17	133	Колекція церковних метричних книг Закарпаття (ф. 1606), 1715-1920	1832-1846		1	ДАЗкО-Р1606-17-133
Р1606	17	134	Колекція церковних метричних книг Закарпаття (ф. 1606), 1715-1920	1836-1897		1	ДАЗкО-Р1606-17-134
Р1606	17	135	Колекція церковних метричних книг Закарпаття (ф. 1606), 1715-1920	1837-1895		1	ДАЗкО-Р1606-17-135
Р1606	17	137	Колекція церковних метричних книг Закарпаття (ф. 1606), 1715-1920	1895-1904		1	ДАЗкО-Р1606-17-137
Р1606	17	138	Колекція церковних метричних книг Закарпаття (ф. 1606), 1715-1920	1908-1945		1	ДАЗкО-Р1606-17-138
Р1606	17	139	Колекція церковних метричних книг Закарпаття (ф. 1606), 1715-1920	1937-1945		1	ДАЗкО-Р1606-17-139
Р1606	17	14	Колекція церковних метричних книг Закарпаття (ф. 1606), 1715-1920	1839-1839		1	ДАЗкО-Р1606-17-14
Р1606	17	140	Колекція церковних метричних книг Закарпаття (ф. 1606), 1715-1920	1942-1945		1	ДАЗкО-Р1606-17-140
Р1606	17	141	Колекція церковних метричних книг Закарпаття (ф. 1606), 1715-1920	1845-1891		1	ДАЗкО-Р1606-17-141
Р1606	17	142	Колекція церковних метричних книг Закарпаття (ф. 1606), 1715-1920	1836-1837		1	ДАЗкО-Р1606-17-142
Р1606	17	143	Колекція церковних метричних книг Закарпаття (ф. 1606), 1715-1920	1883-1895		1	ДАЗкО-Р1606-17-143
Р1606	17	144	Колекція церковних метричних книг Закарпаття (ф. 1606), 1715-1920	1883-1895		1	ДАЗкО-Р1606-17-144
Р1606	17	145	Колекція церковних метричних книг Закарпаття (ф. 1606), 1715-1920	1883-1895		1	ДАЗкО-Р1606-17-145
Р1606	17	146	Колекція церковних метричних книг Закарпаття (ф. 1606), 1715-1920	1828-1842		1	ДАЗкО-Р1606-17-146
Р1606	17	147	Колекція церковних метричних книг Закарпаття (ф. 1606), 1715-1920	1859-1860		1	ДАЗкО-Р1606-17-147
Р1606	17	148	Колекція церковних метричних книг Закарпаття (ф. 1606), 1715-1920	1859-1860		1	ДАЗкО-Р1606-17-148
Р1606	17	15	Колекція церковних метричних книг Закарпаття (ф. 1606), 1715-1920	1829-1836		1	ДАЗкО-Р1606-17-15
Р1606	17	150	Колекція церковних метричних книг Закарпаття (ф. 1606), 1715-1920	1907-1943		1	ДАЗкО-Р1606-17-150
Р1606	17	152	Колекція церковних метричних книг Закарпаття (ф. 1606), 1715-1920	1912-1943		1	ДАЗкО-Р1606-17-152
Р1606	17	153	Колекція церковних метричних книг Закарпаття (ф. 1606), 1715-1920	1905-1915		1	ДАЗкО-Р1606-17-153
Р1606	17	154	Колекція церковних метричних книг Закарпаття (ф. 1606), 1715-1920	1844-1895		1	ДАЗкО-Р1606-17-154
Р1606	17	155	Колекція церковних метричних книг Закарпаття (ф. 1606), 1715-1920	1845-1895		1	ДАЗкО-Р1606-17-155
Р1606	17	156	Колекція церковних метричних книг Закарпаття (ф. 1606), 1715-1920	1844-1895		1	ДАЗкО-Р1606-17-156
Р1606	17	157	Колекція церковних метричних книг Закарпаття (ф. 1606), 1715-1920	1828-1844		1	ДАЗкО-Р1606-17-157
Р1606	17	158	Колекція церковних метричних книг Закарпаття (ф. 1606), 1715-1920	1836-1841		1	ДАЗкО-Р1606-17-158
Р1606	17	159	Колекція церковних метричних книг Закарпаття (ф. 1606), 1715-1920	1843-1895		1	ДАЗкО-Р1606-17-159
Р1606	17	16	Колекція церковних метричних книг Закарпаття (ф. 1606), 1715-1920	1862-1865		1	ДАЗкО-Р1606-17-16
Р1606	17	160	Колекція церковних метричних книг Закарпаття (ф. 1606), 1715-1920	1843-1895		1	ДАЗкО-Р1606-17-160
Р1606	17	161	Колекція церковних метричних книг Закарпаття (ф. 1606), 1715-1920	1843-1895		1	ДАЗкО-Р1606-17-161
Р1606	17	162	Колекція церковних метричних книг Закарпаття (ф. 1606), 1715-1920	1906-1943		1	ДАЗкО-Р1606-17-162
Р1606	17	163	Колекція церковних метричних книг Закарпаття (ф. 1606), 1715-1920	1907-1911		1	ДАЗкО-Р1606-17-163
Р1606	17	164	Колекція церковних метричних книг Закарпаття (ф. 1606), 1715-1920	1842-1895		1	ДАЗкО-Р1606-17-164
Р1606	17	165	Колекція церковних метричних книг Закарпаття (ф. 1606), 1715-1920	1830-1841		1	ДАЗкО-Р1606-17-165
Р1606	17	166	Колекція церковних метричних книг Закарпаття (ф. 1606), 1715-1920	1842-1886		1	ДАЗкО-Р1606-17-166
Р1606	17	167	Колекція церковних метричних книг Закарпаття (ф. 1606), 1715-1920	1896-1939		1	ДАЗкО-Р1606-17-167
Р1606	17	168	Колекція церковних метричних книг Закарпаття (ф. 1606), 1715-1920	1859-1860		1	ДАЗкО-Р1606-17-168
Р1606	17	169	Колекція церковних метричних книг Закарпаття (ф. 1606), 1918-1945	1903-1940		1	ДАЗкО-Р1606-17-169
Р1606	17	170	Колекція церковних метричних книг Закарпаття (ф. 1606), 1715-1920	1906-1918		1	ДАЗкО-Р1606-17-170
Р1606	17	171	Колекція церковних метричних книг Закарпаття (ф. 1606), 1715-1920	1865-1881		1	ДАЗкО-Р1606-17-171
Р1606	17	172	Колекція церковних метричних книг Закарпаття (ф. 1606), 1715-1920	1842-1886		1	ДАЗкО-Р1606-17-172
Р1606	17	173	Колекція церковних метричних книг Закарпаття (ф. 1606), 1715-1920	1828-1829		1	ДАЗкО-Р1606-17-173
Р1606	17	174	Колекція церковних метричних книг Закарпаття (ф. 1606), 1715-1920	1860-1891		1	ДАЗкО-Р1606-17-174
Р1606	17	175	Колекція церковних метричних книг Закарпаття (ф. 1606), 1715-1920	1906-1918		1	ДАЗкО-Р1606-17-175
Р1606	17	176	Колекція церковних метричних книг Закарпаття (ф. 1606), 1715-1920	1938-1943		1	ДАЗкО-Р1606-17-176
Р1606	17	177	Колекція церковних метричних книг Закарпаття (ф. 1606), 1918-1945	1913-1943		1	ДАЗкО-Р1606-17-177
Р1606	17	179	Колекція церковних метричних книг Закарпаття (ф. 1606), 1918-1945	1906-1943		1	ДАЗкО-Р1606-17-179
Р1606	17	18	Колекція церковних метричних книг Закарпаття (ф. 1606), 1715-1920	1885-1885		1	ДАЗкО-Р1606-17-18
Р1606	17	180	Колекція церковних метричних книг Закарпаття (ф. 1606), 1715-1920	1859-1891		1	ДАЗкО-Р1606-17-180
Р1606	17	181	Колекція церковних метричних книг Закарпаття (ф. 1606), 1715-1920	1859-1895		1	ДАЗкО-Р1606-17-181
Р1606	17	182	Колекція церковних метричних книг Закарпаття (ф. 1606), 1715-1920	1893-1895		1	ДАЗкО-Р1606-17-182
Р1606	17	183	Колекція церковних метричних книг Закарпаття (ф. 1606), 1715-1920	1836-1841		1	ДАЗкО-Р1606-17-183
Р1606	17	184	Колекція церковних метричних книг Закарпаття (ф. 1606), 1715-1920	1864-1895		1	ДАЗкО-Р1606-17-184
Р1606	17	185	Колекція церковних метричних книг Закарпаття (ф. 1606), 1715-1920	1842-1895		1	ДАЗкО-Р1606-17-185
Р1606	17	186	Колекція церковних метричних книг Закарпаття (ф. 1606), 1715-1920	1828-1843		1	ДАЗкО-Р1606-17-186
Р1606	17	187	Колекція церковних метричних книг Закарпаття (ф. 1606), 1715-1920	1859-1860		1	ДАЗкО-Р1606-17-187
Р1606	17	189	Колекція церковних метричних книг Закарпаття (ф. 1606), 1715-1920	1841-1895		1	ДАЗкО-Р1606-17-189
Р1606	17	19	Колекція церковних метричних книг Закарпаття (ф. 1606), 1715-1920	1866-1868		1	ДАЗкО-Р1606-17-19
Р1606	17	190	Колекція церковних метричних книг Закарпаття (ф. 1606), 1715-1920	1859-1861		1	ДАЗкО-Р1606-17-190
Р1606	17	191	Колекція церковних метричних книг Закарпаття (ф. 1606), 1715-1920	1908-1914		1	ДАЗкО-Р1606-17-191
Р1606	17	192	Колекція церковних метричних книг Закарпаття (ф. 1606), 1715-1920	1841-1846		1	ДАЗкО-Р1606-17-192
Р1606	17	193	Колекція церковних метричних книг Закарпаття (ф. 1606), 1715-1920	1844-1876		1	ДАЗкО-Р1606-17-193
Р1606	17	194	Колекція церковних метричних книг Закарпаття (ф. 1606), 1918-1945	1938-1943		1	ДАЗкО-Р1606-17-194
Р1606	17	195	Колекція церковних метричних книг Закарпаття (ф. 1606), 1715-1920	1904-1904		1	ДАЗкО-Р1606-17-195
Р1606	17	196	Колекція церковних метричних книг Закарпаття (ф. 1606), 1715-1920	1859-1860		1	ДАЗкО-Р1606-17-196
Р1606	17	197	Колекція церковних метричних книг Закарпаття (ф. 1606), 1918-1945	1916-1943		1	ДАЗкО-Р1606-17-197
Р1606	17	198	Колекція церковних метричних книг Закарпаття (ф. 1606), 1715-1920	1869-1873		1	ДАЗкО-Р1606-17-198
Р1606	17	199	Колекція церковних метричних книг Закарпаття (ф. 1606), 1715-1920	1828-1845		1	ДАЗкО-Р1606-17-199
Р1606	17	2	Колекція церковних метричних книг Закарпаття (ф. 1606), 1715-1920	1866-1866		1	ДАЗкО-Р1606-17-2
Р1606	17	20	Колекція церковних метричних книг Закарпаття (ф. 1606), 1715-1920	1863-1863		1	ДАЗкО-Р1606-17-20
Р1606	17	200	Колекція церковних метричних книг Закарпаття (ф. 1606), 1918-1945	1864-1895		1	ДАЗкО-Р1606-17-200
Р1606	17	202	Колекція церковних метричних книг Закарпаття (ф. 1606), 1715-1920	1894-1895		1	ДАЗкО-Р1606-17-202
Р1606	17	203	Колекція церковних метричних книг Закарпаття (ф. 1606), 1715-1920	1828-1841		1	ДАЗкО-Р1606-17-203
Р1606	17	204	Колекція церковних метричних книг Закарпаття (ф. 1606), 1715-1920	1828-1842		1	ДАЗкО-Р1606-17-204
Р1606	17	205	Колекція церковних метричних книг Закарпаття (ф. 1606), 1715-1920	1844-1895		1	ДАЗкО-Р1606-17-205
Р1606	17	206	Колекція церковних метричних книг Закарпаття (ф. 1606), 1715-1920	1890-1892		1	ДАЗкО-Р1606-17-206
Р1606	17	207	Колекція церковних метричних книг Закарпаття (ф. 1606), 1715-1920	1856-1862		1	ДАЗкО-Р1606-17-207
Р1606	17	208	Колекція церковних метричних книг Закарпаття (ф. 1606), 1918-1945	1935-1937		1	ДАЗкО-Р1606-17-208
Р1606	17	209	Колекція церковних метричних книг Закарпаття (ф. 1606), 1918-1945	1937-1938		1	ДАЗкО-Р1606-17-209
Р1606	17	21	Колекція церковних метричних книг Закарпаття (ф. 1606), 1715-1920	1837-1842		1	ДАЗкО-Р1606-17-21
Р1606	17	210	Колекція церковних метричних книг Закарпаття (ф. 1606), 1715-1920	1842-1895		1	ДАЗкО-Р1606-17-210
Р1606	17	211	Колекція церковних метричних книг Закарпаття (ф. 1606), 1715-1920	1842-1895		1	ДАЗкО-Р1606-17-211
Р1606	17	212	Колекція церковних метричних книг Закарпаття (ф. 1606), 1715-1920	1842-1895		1	ДАЗкО-Р1606-17-212
Р1606	17	213	Колекція церковних метричних книг Закарпаття (ф. 1606), 1715-1920	1829-1842		1	ДАЗкО-Р1606-17-213
Р1606	17	214	Колекція церковних метричних книг Закарпаття (ф. 1606), 1715-1920	1828-1845		1	ДАЗкО-Р1606-17-214
Р1606	17	215	Колекція церковних метричних книг Закарпаття (ф. 1606), 1715-1920	1840-1895		1	ДАЗкО-Р1606-17-215
Р1606	17	216	Колекція церковних метричних книг Закарпаття (ф. 1606), 1715-1920	1840-1893		1	ДАЗкО-Р1606-17-216
Р1606	17	217	Колекція церковних метричних книг Закарпаття (ф. 1606), 1715-1920	1840-1893		1	ДАЗкО-Р1606-17-217
Р1606	17	218	Колекція церковних метричних книг Закарпаття (ф. 1606), 1918-1945	1929-1941		1	ДАЗкО-Р1606-17-218
Р1606	17	219	Колекція церковних метричних книг Закарпаття (ф. 1606), 1715-1920	1859-1860		1	ДАЗкО-Р1606-17-219
Р1606	17	22	Колекція церковних метричних книг Закарпаття (ф. 1606), 1715-1920	1837-1862		1	ДАЗкО-Р1606-17-22
Р1606	17	220	Колекція церковних метричних книг Закарпаття (ф. 1606), 1715-1920	1895-1895		1	ДАЗкО-Р1606-17-220
Р1606	17	221	Колекція церковних метричних книг Закарпаття (ф. 1606), 1918-1945	1909-1936		1	ДАЗкО-Р1606-17-221
Р1606	17	222	Колекція церковних метричних книг Закарпаття (ф. 1606), 1918-1945	1935-1938		1	ДАЗкО-Р1606-17-222
Р1606	17	223	Колекція церковних метричних книг Закарпаття (ф. 1606), 1918-1945	1936-1937		1	ДАЗкО-Р1606-17-223
Р1606	17	224	Колекція церковних метричних книг Закарпаття (ф. 1606), 1715-1920	1828-1842		1	ДАЗкО-Р1606-17-224
Р1606	17	225	Колекція церковних метричних книг Закарпаття (ф. 1606), 1715-1920	1831-1832		1	ДАЗкО-Р1606-17-225
Р1606	17	23	Колекція церковних метричних книг Закарпаття (ф. 1606), 1715-1920	1829-1849		1	ДАЗкО-Р1606-17-23
Р1606	17	230	Колекція церковних метричних книг Закарпаття (ф. 1606), 1918-1945	1937-1943		1	ДАЗкО-Р1606-17-230
Р1606	17	231	Колекція церковних метричних книг Закарпаття (ф. 1606), 1918-1945	1918-1943		1	ДАЗкО-Р1606-17-231
Р1606	17	232	Колекція церковних метричних книг Закарпаття (ф. 1606), 1715-1920	1900-1901		1	ДАЗкО-Р1606-17-232
Р1606	17	233	Колекція церковних метричних книг Закарпаття (ф. 1606), 1918-1945	1934-1942		1	ДАЗкО-Р1606-17-233
Р1606	17	234	Колекція церковних метричних книг Закарпаття (ф. 1606), 1918-1945	1936-1937		1	ДАЗкО-Р1606-17-234
Р1606	17	235	Колекція церковних метричних книг Закарпаття (ф. 1606), 1918-1945	1933-1937		1	ДАЗкО-Р1606-17-235
Р1606	17	236	Колекція церковних метричних книг Закарпаття (ф. 1606), 1918-1945	1907-1939		1	ДАЗкО-Р1606-17-236
Р1606	17	237	Колекція церковних метричних книг Закарпаття (ф. 1606), 1715-1920	1840-1888		1	ДАЗкО-Р1606-17-237
Р1606	17	238	Колекція церковних метричних книг Закарпаття (ф. 1606), 1715-1920	1840-1888		1	ДАЗкО-Р1606-17-238
Р1606	17	239	Колекція церковних метричних книг Закарпаття (ф. 1606), 1715-1920	1840-1888		1	ДАЗкО-Р1606-17-239
Р1606	17	24	Колекція церковних метричних книг Закарпаття (ф. 1606), 1715-1920	1844-1860		1	ДАЗкО-Р1606-17-24
Р1606	17	240	Колекція церковних метричних книг Закарпаття (ф. 1606), 1715-1920	1895-1895		1	ДАЗкО-Р1606-17-240
Р1606	17	241	Колекція церковних метричних книг Закарпаття (ф. 1606), 1715-1920	1897-1897		1	ДАЗкО-Р1606-17-241
Р1606	17	242	Колекція церковних метричних книг Закарпаття (ф. 1606), 1715-1920	1864-1867		1	ДАЗкО-Р1606-17-242
Р1606	17	243	Колекція церковних метричних книг Закарпаття (ф. 1606), 1715-1920	1828-1852		1	ДАЗкО-Р1606-17-243
Р1606	17	244	Колекція церковних метричних книг Закарпаття (ф. 1606), 1715-1920	1860-1895		1	ДАЗкО-Р1606-17-244
Р1606	17	245	Колекція церковних метричних книг Закарпаття (ф. 1606), 1715-1920	1860-1895		1	ДАЗкО-Р1606-17-245
Р1606	17	246	Колекція церковних метричних книг Закарпаття (ф. 1606), 1715-1920	1901-1915		1	ДАЗкО-Р1606-17-246
Р1606	17	247	Колекція церковних метричних книг Закарпаття (ф. 1606), 1918-1945	1938-1944		1	ДАЗкО-Р1606-17-247
Р1606	17	248	Колекція церковних метричних книг Закарпаття (ф. 1606), 1715-1920	1860-1895		1	ДАЗкО-Р1606-17-248
Р1606	17	249	Колекція церковних метричних книг Закарпаття (ф. 1606), 1715-1920	1907-1920		1	ДАЗкО-Р1606-17-249
Р1606	17	25	Колекція церковних метричних книг Закарпаття (ф. 1606), 1715-1920	1843-1862		1	ДАЗкО-Р1606-17-25
Р1606	17	250	Колекція церковних метричних книг Закарпаття (ф. 1606), 1918-1945	1921-1943		1	ДАЗкО-Р1606-17-250
Р1606	17	251	Колекція церковних метричних книг Закарпаття (ф. 1606), 1918-1945	1907-1926		1	ДАЗкО-Р1606-17-251
Р1606	17	252	Колекція церковних метричних книг Закарпаття (ф. 1606), 1918-1945	1927-1943		1	ДАЗкО-Р1606-17-252
Р1606	17	253	Колекція церковних метричних книг Закарпаття (ф. 1606), 1918-1945	1915-1938		1	ДАЗкО-Р1606-17-253
Р1606	17	254	Колекція церковних метричних книг Закарпаття (ф. 1606), 1715-1920	1889-1895		1	ДАЗкО-Р1606-17-254
Р1606	17	255	Колекція церковних метричних книг Закарпаття (ф. 1606), 1715-1920	1907-1918		1	ДАЗкО-Р1606-17-255
Р1606	17	256	Колекція церковних метричних книг Закарпаття (ф. 1606), 1715-1920	1913-1918		1	ДАЗкО-Р1606-17-256
Р1606	17	257	Колекція церковних метричних книг Закарпаття (ф. 1606), 1715-1920	1907-1918		1	ДАЗкО-Р1606-17-257
Р1606	17	258	Колекція церковних метричних книг Закарпаття (ф. 1606), 1918-1945	1907-1943		1	ДАЗкО-Р1606-17-258
Р1606	17	259	Колекція церковних метричних книг Закарпаття (ф. 1606), 1918-1945	1922-1922		1	ДАЗкО-Р1606-17-259
Р1606	17	26	Колекція церковних метричних книг Закарпаття (ф. 1606), 1715-1920	1888-1895		1	ДАЗкО-Р1606-17-26
Р1606	17	260	Колекція церковних метричних книг Закарпаття (ф. 1606), 1715-1920	1860-1879		1	ДАЗкО-Р1606-17-260
Р1606	17	261	Колекція церковних метричних книг Закарпаття (ф. 1606), 1918-1945	1925-1941		1	ДАЗкО-Р1606-17-261
Р1606	17	262	Колекція церковних метричних книг Закарпаття (ф. 1606), 1918-1945	1907-1925		1	ДАЗкО-Р1606-17-262
Р1606	17	263	Колекція церковних метричних книг Закарпаття (ф. 1606), 1918-1945	1940-1943		1	ДАЗкО-Р1606-17-263
Р1606	17	264	Колекція церковних метричних книг Закарпаття (ф. 1606), 1918-1945	1933-1939		1	ДАЗкО-Р1606-17-264
Р1606	17	265	Колекція церковних метричних книг Закарпаття (ф. 1606), 1918-1945	1934-1943		1	ДАЗкО-Р1606-17-265
Р1606	17	266	Колекція церковних метричних книг Закарпаття (ф. 1606), 1715-1920	1828-1841		1	ДАЗкО-Р1606-17-266
Р1606	17	267	Колекція церковних метричних книг Закарпаття (ф. 1606), 1715-1920	1853-1895		1	ДАЗкО-Р1606-17-267
Р1606	17	268	Колекція церковних метричних книг Закарпаття (ф. 1606), 1715-1920	1853-1895		1	ДАЗкО-Р1606-17-268
Р1606	17	269	Колекція церковних метричних книг Закарпаття (ф. 1606), 1715-1920	1842-1895		1	ДАЗкО-Р1606-17-269
Р1606	17	27	Колекція церковних метричних книг Закарпаття (ф. 1606), 1715-1920	1888-1894		1	ДАЗкО-Р1606-17-27
Р1606	17	270	Колекція церковних метричних книг Закарпаття (ф. 1606), 1918-1945	1908-1943		1	ДАЗкО-Р1606-17-270
Р1606	17	271	Колекція церковних метричних книг Закарпаття (ф. 1606), 1715-1920	1907-1943		1	ДАЗкО-Р1606-17-271
Р1606	17	272	Колекція церковних метричних книг Закарпаття (ф. 1606), 1715-1920	1938-1938		1	ДАЗкО-Р1606-17-272
Р1606	17	273	Колекція церковних метричних книг Закарпаття (ф. 1606), 1715-1920	1910-1918		1	ДАЗкО-Р1606-17-273
Р1606	17	274	Колекція церковних метричних книг Закарпаття (ф. 1606), 1715-1920	1933-1943		1	ДАЗкО-Р1606-17-274
Р1606	17	275	Колекція церковних метричних книг Закарпаття (ф. 1606), 1715-1920	1840-1895		1	ДАЗкО-Р1606-17-275
Р1606	17	276	Колекція церковних метричних книг Закарпаття (ф. 1606), 1715-1920	1840-1895		1	ДАЗкО-Р1606-17-276
Р1606	17	277	Колекція церковних метричних книг Закарпаття (ф. 1606), 1715-1920	1840-1895		1	ДАЗкО-Р1606-17-277
Р1606	17	278	Колекція церковних метричних книг Закарпаття (ф. 1606), 1715-1920	1828-1842		1	ДАЗкО-Р1606-17-278
Р1606	17	279	Колекція церковних метричних книг Закарпаття (ф. 1606), 1918-1945	1939-1943		1	ДАЗкО-Р1606-17-279
Р1606	17	28	Колекція церковних метричних книг Закарпаття (ф. 1606), 1715-1920	1860-1895		1	ДАЗкО-Р1606-17-28
Р1606	17	280	Колекція церковних метричних книг Закарпаття (ф. 1606), 1715-1920	1933-1939		1	ДАЗкО-Р1606-17-280
Р1606	17	281	Колекція церковних метричних книг Закарпаття (ф. 1606), 1918-1945	1930-1943		1	ДАЗкО-Р1606-17-281
Р1606	17	282	Колекція церковних метричних книг Закарпаття (ф. 1606), 1918-1945	1934-1937		1	ДАЗкО-Р1606-17-282
Р1606	17	283	Колекція церковних метричних книг Закарпаття (ф. 1606), 1715-1920	1857-1896		1	ДАЗкО-Р1606-17-283
Р1606	17	284	Колекція церковних метричних книг Закарпаття (ф. 1606), 1715-1920	1924-1928		1	ДАЗкО-Р1606-17-284
Р1606	17	285	Колекція церковних метричних книг Закарпаття (ф. 1606), 1918-1945	1934-1943		1	ДАЗкО-Р1606-17-285
Р1606	17	286	Колекція церковних метричних книг Закарпаття (ф. 1606), 1715-1920	1937-1943		1	ДАЗкО-Р1606-17-286
Р1606	17	287	Колекція церковних метричних книг Закарпаття (ф. 1606), 1715-1920	1925-1948		1	ДАЗкО-Р1606-17-287
Р1606	17	288	Колекція церковних метричних книг Закарпаття (ф. 1606), 1918-1945	1922-1932		1	ДАЗкО-Р1606-17-288
Р1606	17	289	Колекція церковних метричних книг Закарпаття (ф. 1606), 1918-1945	1934-1943		1	ДАЗкО-Р1606-17-289
Р1606	17	29	Колекція церковних метричних книг Закарпаття (ф. 1606), 1715-1920	1886-1886		1	ДАЗкО-Р1606-17-29
Р1606	17	291	Колекція церковних метричних книг Закарпаття (ф. 1606), 1715-1920	1932-1938		1	ДАЗкО-Р1606-17-291
Р1606	17	292	Колекція церковних метричних книг Закарпаття (ф. 1606), 1715-1920	1933-1943		1	ДАЗкО-Р1606-17-292
Р1606	17	293	Колекція церковних метричних книг Закарпаття (ф. 1606), 1918-1945	1912-1943		1	ДАЗкО-Р1606-17-293
Р1606	17	294	Колекція церковних метричних книг Закарпаття (ф. 1606), 1715-1920	1842-1894		1	ДАЗкО-Р1606-17-294
Р1606	17	295	Колекція церковних метричних книг Закарпаття (ф. 1606), 1918-1945	1938-1943		1	ДАЗкО-Р1606-17-295
Р1606	17	296	Колекція церковних метричних книг Закарпаття (ф. 1606), 1918-1945	1938-1943		1	ДАЗкО-Р1606-17-296
Р1606	17	297	Колекція церковних метричних книг Закарпаття (ф. 1606), 1715-1920	1842-1894		1	ДАЗкО-Р1606-17-297
Р1606	17	298	Колекція церковних метричних книг Закарпаття (ф. 1606), 1715-1920	1938-1943		1	ДАЗкО-Р1606-17-298
Р1606	17	299	Колекція церковних метричних книг Закарпаття (ф. 1606), 1715-1920	1915-1944		1	ДАЗкО-Р1606-17-299
Р1606	17	3	Колекція церковних метричних книг Закарпаття (ф. 1606), 1715-1920	1866-1866		1	ДАЗкО-Р1606-17-3
Р1606	17	30	Колекція церковних метричних книг Закарпаття (ф. 1606), 1715-1920	1843-1868		1	ДАЗкО-Р1606-17-30
Р1606	17	300	Колекція церковних метричних книг Закарпаття (ф. 1606), 1715-1920	1839-1847		1	ДАЗкО-Р1606-17-300
Р1606	17	301	Колекція церковних метричних книг Закарпаття (ф. 1606), 1715-1920	1881-1895		1	ДАЗкО-Р1606-17-301
Р1606	17	302	Колекція церковних метричних книг Закарпаття (ф. 1606), 1715-1920	1881-1895		1	ДАЗкО-Р1606-17-302
Р1606	17	303	Колекція церковних метричних книг Закарпаття (ф. 1606), 1715-1920	1881-1895		1	ДАЗкО-Р1606-17-303
Р1606	17	32	Колекція церковних метричних книг Закарпаття (ф. 1606), 1715-1920	1843-1846		1	ДАЗкО-Р1606-17-32
Р1606	17	326	Колекція церковних метричних книг Закарпаття (ф. 1606), 1715-1920	1842-1852		1	ДАЗкО-Р1606-17-326
Р1606	17	34	Колекція церковних метричних книг Закарпаття (ф. 1606), 1715-1920	1876-1889		1	ДАЗкО-Р1606-17-34
Р1606	17	340	Колекція церковних метричних книг Закарпаття (ф. 1606), 1715-1920	1829-1862		1	ДАЗкО-Р1606-17-340
Р1606	17	35	Колекція церковних метричних книг Закарпаття (ф. 1606), 1715-1920	1828-1841		1	ДАЗкО-Р1606-17-35
Р1606	17	36	Колекція церковних метричних книг Закарпаття (ф. 1606), 1715-1920	1842-1895		1	ДАЗкО-Р1606-17-36
Р1606	17	361	Колекція церковних метричних книг Закарпаття (ф. 1606), 1918-1945	1926-1930		1	ДАЗкО-Р1606-17-361
Р1606	17	366	Колекція церковних метричних книг Закарпаття (ф. 1606), 1918-1945	1859-1860		1	ДАЗкО-Р1606-17-366
Р1606	17	37	Колекція церковних метричних книг Закарпаття (ф. 1606), 1715-1920	1842-1895		1	ДАЗкО-Р1606-17-37
Р1606	17	370	Колекція церковних метричних книг Закарпаття (ф. 1606), 1918-1945	1932-1932		1	ДАЗкО-Р1606-17-370
Р1606	17	371	Колекція церковних метричних книг Закарпаття (ф. 1606), 1918-1945	1859-1860		1	ДАЗкО-Р1606-17-371
Р1606	17	374	Колекція церковних метричних книг Закарпаття (ф. 1606), 1715-1920	1876-1877		1	ДАЗкО-Р1606-17-374
Р1606	17	375	Колекція церковних метричних книг Закарпаття (ф. 1606), 1715-1920	1876-1877		1	ДАЗкО-Р1606-17-375
Р1606	17	376	Колекція церковних метричних книг Закарпаття (ф. 1606), 1715-1920	1876-1877		1	ДАЗкО-Р1606-17-376
Р1606	17	377	Колекція церковних метричних книг Закарпаття (ф. 1606), 1715-1920	1876-1877		1	ДАЗкО-Р1606-17-377
Р1606	17	378	Колекція церковних метричних книг Закарпаття (ф. 1606), 1715-1920	1876-1886		1	ДАЗкО-Р1606-17-378
Р1606	17	38	Колекція церковних метричних книг Закарпаття (ф. 1606), 1715-1920	1843-1895		1	ДАЗкО-Р1606-17-38
Р1606	17	381	Колекція церковних метричних книг Закарпаття (ф. 1606), 1918-1945	1931-1936		1	ДАЗкО-Р1606-17-381
Р1606	17	382	Колекція церковних метричних книг Закарпаття (ф. 1606), 1918-1945	1932-1932		1	ДАЗкО-Р1606-17-382
Р1606	17	385	Колекція церковних метричних книг Закарпаття (ф. 1606), 1715-1920	1842-1895		1	ДАЗкО-Р1606-17-385
Р1606	17	386	Колекція церковних метричних книг Закарпаття (ф. 1606), 1715-1920	1834-1895		1	ДАЗкО-Р1606-17-386
Р1606	17	39	Колекція церковних метричних книг Закарпаття (ф. 1606), 1715-1920	1843-1895		1	ДАЗкО-Р1606-17-39
Р1606	17	390	Колекція церковних метричних книг Закарпаття (ф. 1606), 1715-1920	1876-1877		1	ДАЗкО-Р1606-17-390
Р1606	17	391	Колекція церковних метричних книг Закарпаття (ф. 1606), 1715-1920	1876-1876		1	ДАЗкО-Р1606-17-391
Р1606	17	392	Колекція церковних метричних книг Закарпаття (ф. 1606), 1715-1920	1876-1877		1	ДАЗкО-Р1606-17-392
Р1606	17	393	Колекція церковних метричних книг Закарпаття (ф. 1606), 1715-1920	1876-1877		1	ДАЗкО-Р1606-17-393
Р1606	17	394	Колекція церковних метричних книг Закарпаття (ф. 1606), 1715-1920	1876-1876		1	ДАЗкО-Р1606-17-394
Р1606	17	395	Колекція церковних метричних книг Закарпаття (ф. 1606), 1715-1920	1876-1876		1	ДАЗкО-Р1606-17-395
Р1606	17	397	Колекція церковних метричних книг Закарпаття (ф. 1606), 1715-1920	1880-1880		1	ДАЗкО-Р1606-17-397
Р1606	17	4	Колекція церковних метричних книг Закарпаття (ф. 1606), 1715-1920	1843-1862		1	ДАЗкО-Р1606-17-4
Р1606	17	40	Колекція церковних метричних книг Закарпаття (ф. 1606), 1715-1920	1828-1843		1	ДАЗкО-Р1606-17-40
Р1606	17	41	Колекція церковних метричних книг Закарпаття (ф. 1606), 1715-1920	1843-1895		1	ДАЗкО-Р1606-17-41
Р1606	17	42	Колекція церковних метричних книг Закарпаття (ф. 1606), 1715-1920	1860-1895		1	ДАЗкО-Р1606-17-42
Р1606	17	43	Колекція церковних метричних книг Закарпаття (ф. 1606), 1715-1920	1860-1895		1	ДАЗкО-Р1606-17-43
Р1606	17	431	Колекція церковних метричних книг Закарпаття (ф. 1606), 1715-1920	1863-1895		1	ДАЗкО-Р1606-17-431
Р1606	17	432	Колекція церковних метричних книг Закарпаття (ф. 1606), 1715-1920	1876-1895		1	ДАЗкО-Р1606-17-432
Р1606	17	434	Колекція церковних метричних книг Закарпаття (ф. 1606), 1715-1920	1905-1905		1	ДАЗкО-Р1606-17-434
Р1606	17	434А	Колекція церковних метричних книг Закарпаття (ф. 1606), 1715-1920	1877-1893		1	ДАЗкО-Р1606-17-434А
Р1606	17	435	Колекція церковних метричних книг Закарпаття (ф. 1606), 1715-1920	1905-1905		1	ДАЗкО-Р1606-17-435
Р1606	17	436	Колекція церковних метричних книг Закарпаття (ф. 1606), 1715-1920	1864-1865		1	ДАЗкО-Р1606-17-436
Р1606	17	437	Колекція церковних метричних книг Закарпаття (ф. 1606), 1715-1920	1878-1883		1	ДАЗкО-Р1606-17-437
Р1606	17	438	Колекція церковних метричних книг Закарпаття (ф. 1606), 1715-1920	1877-1885		1	ДАЗкО-Р1606-17-438
Р1606	17	439	Колекція церковних метричних книг Закарпаття (ф. 1606), 1715-1920	1870-1870		1	ДАЗкО-Р1606-17-439
Р1606	17	44	Колекція церковних метричних книг Закарпаття (ф. 1606), 1715-1920	1860-1895		1	ДАЗкО-Р1606-17-44
Р1606	17	440	Колекція церковних метричних книг Закарпаття (ф. 1606), 1715-1920	1877-1884		1	ДАЗкО-Р1606-17-440
Р1606	17	445	Колекція церковних метричних книг Закарпаття (ф. 1606), 1715-1920	1890-1892		1	ДАЗкО-Р1606-17-445
Р1606	17	446	Колекція церковних метричних книг Закарпаття (ф. 1606), 1715-1920	1876-1879		1	ДАЗкО-Р1606-17-446
Р1606	17	45	Колекція церковних метричних книг Закарпаття (ф. 1606), 1715-1920	1828-1842		1	ДАЗкО-Р1606-17-45
Р1606	17	455	Колекція церковних метричних книг Закарпаття (ф. 1606), 1715-1920	1864-1884		1	ДАЗкО-Р1606-17-455
Р1606	17	456	Колекція церковних метричних книг Закарпаття (ф. 1606), 1715-1920	1863-1895		1	ДАЗкО-Р1606-17-456
Р1606	17	459	Колекція церковних метричних книг Закарпаття (ф. 1606), 1715-1920	1877-1888		1	ДАЗкО-Р1606-17-459
Р1606	17	46	Колекція церковних метричних книг Закарпаття (ф. 1606), 1715-1920	1839-1846		1	ДАЗкО-Р1606-17-46
Р1606	17	47	Колекція церковних метричних книг Закарпаття (ф. 1606), 1715-1920	1831-1832		1	ДАЗкО-Р1606-17-47
Р1606	17	471	Колекція церковних метричних книг Закарпаття (ф. 1606), 1715-1920	1893-1895		1	ДАЗкО-Р1606-17-471
Р1606	17	472	Колекція церковних метричних книг Закарпаття (ф. 1606), 1715-1920	1864-1884		1	ДАЗкО-Р1606-17-472
Р1606	17	474А				0	ДАЗкО-Р1606-17-474А
Р1606	17	479	Колекція церковних метричних книг Закарпаття (ф. 1606), 1715-1920	1897-1897		1	ДАЗкО-Р1606-17-479
Р1606	17	48	Колекція церковних метричних книг Закарпаття (ф. 1606), 1715-1920	1831-1894		1	ДАЗкО-Р1606-17-48
Р1606	17	480	Колекція церковних метричних книг Закарпаття (ф. 1606), 1715-1920	1896-1936		1	ДАЗкО-Р1606-17-480
Р1606	17	481	Колекція церковних метричних книг Закарпаття (ф. 1606), 1715-1920	1851-1877		1	ДАЗкО-Р1606-17-481
Р1606	17	483	Колекція церковних метричних книг Закарпаття (ф. 1606), 1715-1920	1828-1895		1	ДАЗкО-Р1606-17-483
Р1606	17	484	Колекція церковних метричних книг Закарпаття (ф. 1606), 1715-1920	1831-1842		1	ДАЗкО-Р1606-17-484
Р1606	17	485	Колекція церковних метричних книг Закарпаття (ф. 1606), 1715-1920	1843-1895		1	ДАЗкО-Р1606-17-485
Р1606	17	486	Колекція церковних метричних книг Закарпаття (ф. 1606), 1715-1920	1843-1895		1	ДАЗкО-Р1606-17-486
Р1606	17	487	Колекція церковних метричних книг Закарпаття (ф. 1606), 1715-1920	1843-1895		1	ДАЗкО-Р1606-17-487
Р1606	17	488	Колекція церковних метричних книг Закарпаття (ф. 1606), 1715-1920	1828-1842		1	ДАЗкО-Р1606-17-488
Р1606	17	489	Колекція церковних метричних книг Закарпаття (ф. 1606), 1715-1920	1842-1895		1	ДАЗкО-Р1606-17-489
Р1606	17	49	Колекція церковних метричних книг Закарпаття (ф. 1606), 1715-1920	1843-1895		1	ДАЗкО-Р1606-17-49
Р1606	17	490	Колекція церковних метричних книг Закарпаття (ф. 1606), 1715-1920	1842-1895		1	ДАЗкО-Р1606-17-490
Р1606	17	491	Колекція церковних метричних книг Закарпаття (ф. 1606), 1715-1920	1842-1895		1	ДАЗкО-Р1606-17-491
Р1606	17	492	Колекція церковних метричних книг Закарпаття (ф. 1606), 1715-1920	1860-1895		2	ДАЗкО-Р1606-17-492
Р1606	17	493	Колекція церковних метричних книг Закарпаття (ф. 1606), 1715-1920	1871-1893		1	ДАЗкО-Р1606-17-493
Р1606	17	494	Колекція церковних метричних книг Закарпаття (ф. 1606), 1918-1945	1933-1941		1	ДАЗкО-Р1606-17-494
Р1606	17	495	Колекція церковних метричних книг Закарпаття (ф. 1606), 1715-1920	1828-1842		1	ДАЗкО-Р1606-17-495
Р1606	17	496	Колекція церковних метричних книг Закарпаття (ф. 1606), 1715-1920	1857-1892		1	ДАЗкО-Р1606-17-496
Р1606	17	497	Колекція церковних метричних книг Закарпаття (ф. 1606), 1715-1920	1857-1896		1	ДАЗкО-Р1606-17-497
Р1606	17	498	Колекція церковних метричних книг Закарпаття (ф. 1606), 1715-1920	1829-1895		1	ДАЗкО-Р1606-17-498
Р1606	17	499	Колекція церковних метричних книг Закарпаття (ф. 1606), 1715-1920	1842-1895		1	ДАЗкО-Р1606-17-499
Р1606	17	5	Колекція церковних метричних книг Закарпаття (ф. 1606), 1715-1920	1843-1849		1	ДАЗкО-Р1606-17-5
Р1606	17	500	Колекція церковних метричних книг Закарпаття (ф. 1606), 1715-1920	1829-1895		1	ДАЗкО-Р1606-17-500
Р1606	17	501	Колекція церковних метричних книг Закарпаття (ф. 1606), 1715-1920	1830-1848		1	ДАЗкО-Р1606-17-501
Р1606	17	502	Колекція церковних метричних книг Закарпаття (ф. 1606), 1715-1920	1828-1828		1	ДАЗкО-Р1606-17-502
Р1606	17	503	Колекція церковних метричних книг Закарпаття (ф. 1606), 1715-1920	1851-1895		1	ДАЗкО-Р1606-17-503
Р1606	17	504	Колекція церковних метричних книг Закарпаття (ф. 1606), 1715-1920	1859-1860		1	ДАЗкО-Р1606-17-504
Р1606	17	505	Колекція церковних метричних книг Закарпаття (ф. 1606), 1715-1920	1859-1860		1	ДАЗкО-Р1606-17-505
Р1606	17	506	Колекція церковних метричних книг Закарпаття (ф. 1606), 1715-1920	1859-1860		1	ДАЗкО-Р1606-17-506
Р1606	17	507	Колекція церковних метричних книг Закарпаття (ф. 1606), 1715-1920	1890-1894		1	ДАЗкО-Р1606-17-507
Р1606	17	508	Колекція церковних метричних книг Закарпаття (ф. 1606), 1715-1920	1865-1867		1	ДАЗкО-Р1606-17-508
Р1606	17	509	Колекція церковних метричних книг Закарпаття (ф. 1606), 1715-1920	1865-1867		1	ДАЗкО-Р1606-17-509
Р1606	17	51	Колекція церковних метричних книг Закарпаття (ф. 1606), 1715-1920	1842-1895		1	ДАЗкО-Р1606-17-51
Р1606	17	510	Колекція церковних метричних книг Закарпаття (ф. 1606), 1715-1920	1842-1894		1	ДАЗкО-Р1606-17-510
Р1606	17	511	Колекція церковних метричних книг Закарпаття (ф. 1606), 1715-1920	1842-1894		1	ДАЗкО-Р1606-17-511
Р1606	17	512	Колекція церковних метричних книг Закарпаття (ф. 1606), 1715-1920	1842-1895		1	ДАЗкО-Р1606-17-512
Р1606	17	513	Колекція церковних метричних книг Закарпаття (ф. 1606), 1715-1920	1860-1895		1	ДАЗкО-Р1606-17-513
Р1606	17	514	Колекція церковних метричних книг Закарпаття (ф. 1606), 1715-1920	1782-1832		1	ДАЗкО-Р1606-17-514
Р1606	17	515	Колекція церковних метричних книг Закарпаття (ф. 1606), 1715-1920	1796-1860		1	ДАЗкО-Р1606-17-515
Р1606	17	517	Колекція церковних метричних книг Закарпаття (ф. 1606), 1715-1920	1828-1828		1	ДАЗкО-Р1606-17-517
Р1606	17	518	Колекція церковних метричних книг Закарпаття (ф. 1606), 1715-1920	1828-1876		1	ДАЗкО-Р1606-17-518
Р1606	17	519	Колекція церковних метричних книг Закарпаття (ф. 1606), 1715-1920	1828-1828		1	ДАЗкО-Р1606-17-519
Р1606	17	52	Колекція церковних метричних книг Закарпаття (ф. 1606), 1715-1920	1828-1849		1	ДАЗкО-Р1606-17-52
Р1606	17	520	Колекція церковних метричних книг Закарпаття (ф. 1606), 1715-1920	1829-1829		1	ДАЗкО-Р1606-17-520
Р1606	17	521	Колекція церковних метричних книг Закарпаття (ф. 1606), 1715-1920	1830-1830		1	ДАЗкО-Р1606-17-521
Р1606	17	522	Колекція церковних метричних книг Закарпаття (ф. 1606), 1715-1920	1830-1895		1	ДАЗкО-Р1606-17-522
Р1606	17	523	Колекція церковних метричних книг Закарпаття (ф. 1606), 1715-1920	1830-1830		1	ДАЗкО-Р1606-17-523
Р1606	17	524	Колекція церковних метричних книг Закарпаття (ф. 1606), 1715-1920	1831-1831		1	ДАЗкО-Р1606-17-524
Р1606	17	525	Колекція церковних метричних книг Закарпаття (ф. 1606), 1715-1920	1831-1831		1	ДАЗкО-Р1606-17-525
Р1606	17	526	Колекція церковних метричних книг Закарпаття (ф. 1606), 1715-1920	1832-1832		1	ДАЗкО-Р1606-17-526
Р1606	17	527	Колекція церковних метричних книг Закарпаття (ф. 1606), 1715-1920	1832-1832		1	ДАЗкО-Р1606-17-527
Р1606	17	527А	Колекція церковних метричних книг Закарпаття (ф. 1606), 1715-1920	1833-1833		1	ДАЗкО-Р1606-17-527А
Р1606	17	528	Колекція церковних метричних книг Закарпаття (ф. 1606), 1715-1920	1833-1860		1	ДАЗкО-Р1606-17-528
Р1606	17	529	Колекція церковних метричних книг Закарпаття (ф. 1606), 1715-1920	1833-1833		1	ДАЗкО-Р1606-17-529
Р1606	17	53	Колекція церковних метричних книг Закарпаття (ф. 1606), 1715-1920	1859-1860		1	ДАЗкО-Р1606-17-53
Р1606	17	530	Колекція церковних метричних книг Закарпаття (ф. 1606), 1715-1920	1833-1833		1	ДАЗкО-Р1606-17-530
Р1606	17	531	Колекція церковних метричних книг Закарпаття (ф. 1606), 1715-1920	1833-1833		1	ДАЗкО-Р1606-17-531
Р1606	17	532	Колекція церковних метричних книг Закарпаття (ф. 1606), 1715-1920	1834-1834		1	ДАЗкО-Р1606-17-532
Р1606	17	533	Колекція церковних метричних книг Закарпаття (ф. 1606), 1715-1920	1834-1834		1	ДАЗкО-Р1606-17-533
Р1606	17	534	Колекція церковних метричних книг Закарпаття (ф. 1606), 1715-1920	1835-1835		1	ДАЗкО-Р1606-17-534
Р1606	17	535	Колекція церковних метричних книг Закарпаття (ф. 1606), 1715-1920	1835-1835		1	ДАЗкО-Р1606-17-535
Р1606	17	536	Колекція церковних метричних книг Закарпаття (ф. 1606), 1715-1920	1836-1836		1	ДАЗкО-Р1606-17-536
Р1606	17	537	Колекція церковних метричних книг Закарпаття (ф. 1606), 1715-1920	1836-1836		1	ДАЗкО-Р1606-17-537
Р1606	17	538	Колекція церковних метричних книг Закарпаття (ф. 1606), 1715-1920	1837-1837		1	ДАЗкО-Р1606-17-538
Р1606	17	539	Колекція церковних метричних книг Закарпаття (ф. 1606), 1715-1920	1837-1837		1	ДАЗкО-Р1606-17-539
Р1606	17	54	Колекція церковних метричних книг Закарпаття (ф. 1606), 1715-1920	1859-1860		1	ДАЗкО-Р1606-17-54
Р1606	17	540	Колекція церковних метричних книг Закарпаття (ф. 1606), 1715-1920	1838-1838		1	ДАЗкО-Р1606-17-540
Р1606	17	541	Колекція церковних метричних книг Закарпаття (ф. 1606), 1715-1920	1838-1838		1	ДАЗкО-Р1606-17-541
Р1606	17	542	Колекція церковних метричних книг Закарпаття (ф. 1606), 1715-1920	1839-1839		1	ДАЗкО-Р1606-17-542
Р1606	17	543	Колекція церковних метричних книг Закарпаття (ф. 1606), 1715-1920	1839-1839		1	ДАЗкО-Р1606-17-543
Р1606	17	544	Колекція церковних метричних книг Закарпаття (ф. 1606), 1715-1920	1839-1839		1	ДАЗкО-Р1606-17-544
Р1606	17	545	Колекція церковних метричних книг Закарпаття (ф. 1606), 1715-1920	1840-1886		1	ДАЗкО-Р1606-17-545
Р1606	17	546	Колекція церковних метричних книг Закарпаття (ф. 1606), 1715-1920	1840-1840		1	ДАЗкО-Р1606-17-546
Р1606	17	547	Колекція церковних метричних книг Закарпаття (ф. 1606), 1715-1920	1840-1840		1	ДАЗкО-Р1606-17-547
Р1606	17	548	Колекція церковних метричних книг Закарпаття (ф. 1606), 1715-1920	1841-1841		1	ДАЗкО-Р1606-17-548
Р1606	17	549	Колекція церковних метричних книг Закарпаття (ф. 1606), 1715-1920	1842-1842		1	ДАЗкО-Р1606-17-549
Р1606	17	55	Колекція церковних метричних книг Закарпаття (ф. 1606), 1715-1920	1844-1891		1	ДАЗкО-Р1606-17-55
Р1606	17	550	Колекція церковних метричних книг Закарпаття (ф. 1606), 1715-1920	1842-1842		1	ДАЗкО-Р1606-17-550
Р1606	17	551	Колекція церковних метричних книг Закарпаття (ф. 1606), 1715-1920	1843-1843		1	ДАЗкО-Р1606-17-551
Р1606	17	551А	Колекція церковних метричних книг Закарпаття (ф. 1606), 1715-1920	1844-1844		1	ДАЗкО-Р1606-17-551А
Р1606	17	552	Колекція церковних метричних книг Закарпаття (ф. 1606), 1715-1920	1846-1846		1	ДАЗкО-Р1606-17-552
Р1606	17	553	Колекція церковних метричних книг Закарпаття (ф. 1606), 1715-1920	1848-1868		1	ДАЗкО-Р1606-17-553
Р1606	17	555	Колекція церковних метричних книг Закарпаття (ф. 1606), 1715-1920	1848-1864		1	ДАЗкО-Р1606-17-555
Р1606	17	556	Колекція церковних метричних книг Закарпаття (ф. 1606), 1715-1920	1865-1892		1	ДАЗкО-Р1606-17-556
Р1606	17	557	Колекція церковних метричних книг Закарпаття (ф. 1606), 1715-1920	1867-1886		1	ДАЗкО-Р1606-17-557
Р1606	17	558	Колекція церковних метричних книг Закарпаття (ф. 1606), 1715-1920	1887-1887		1	ДАЗкО-Р1606-17-558
Р1606	17	559	Колекція церковних метричних книг Закарпаття (ф. 1606), 1715-1920	1886-1886		1	ДАЗкО-Р1606-17-559
Р1606	17	56	Колекція церковних метричних книг Закарпаття (ф. 1606), 1715-1920	1859-1860		1	ДАЗкО-Р1606-17-56
Р1606	17	560	Колекція церковних метричних книг Закарпаття (ф. 1606), 1715-1920	1886-1886		1	ДАЗкО-Р1606-17-560
Р1606	17	561	Колекція церковних метричних книг Закарпаття (ф. 1606), 1715-1920	1886-1894		1	ДАЗкО-Р1606-17-561
Р1606	17	562	Колекція церковних метричних книг Закарпаття (ф. 1606), 1715-1920	1886-1895		1	ДАЗкО-Р1606-17-562
Р1606	17	563	Колекція церковних метричних книг Закарпаття (ф. 1606), 1715-1920	1886-1895		1	ДАЗкО-Р1606-17-563
Р1606	17	564	Колекція церковних метричних книг Закарпаття (ф. 1606), 1715-1920	1887-1887		1	ДАЗкО-Р1606-17-564
Р1606	17	565	Колекція церковних метричних книг Закарпаття (ф. 1606), 1715-1920	1887-1887		1	ДАЗкО-Р1606-17-565
Р1606	17	566	Колекція церковних метричних книг Закарпаття (ф. 1606), 1715-1920	1888-1888		1	ДАЗкО-Р1606-17-566
Р1606	17	567	Колекція церковних метричних книг Закарпаття (ф. 1606), 1715-1920	1888-1888		1	ДАЗкО-Р1606-17-567
Р1606	17	568	Колекція церковних метричних книг Закарпаття (ф. 1606), 1715-1920	1888-1888		1	ДАЗкО-Р1606-17-568
Р1606	17	569	Колекція церковних метричних книг Закарпаття (ф. 1606), 1715-1920	1889-1889		1	ДАЗкО-Р1606-17-569
Р1606	17	570	Колекція церковних метричних книг Закарпаття (ф. 1606), 1715-1920	1889-1889		1	ДАЗкО-Р1606-17-570
Р1606	17	571	Колекція церковних метричних книг Закарпаття (ф. 1606), 1715-1920	1889-1889		1	ДАЗкО-Р1606-17-571
Р1606	17	572	Колекція церковних метричних книг Закарпаття (ф. 1606), 1715-1920	1890-1890		1	ДАЗкО-Р1606-17-572
Р1606	17	573	Колекція церковних метричних книг Закарпаття (ф. 1606), 1715-1920	1895-1906		1	ДАЗкО-Р1606-17-573
Р1606	17	574	Колекція церковних метричних книг Закарпаття (ф. 1606), 1715-1920	1895-1901		1	ДАЗкО-Р1606-17-574
Р1606	17	575	Колекція церковних метричних книг Закарпаття (ф. 1606), 1715-1920	1895-1901		1	ДАЗкО-Р1606-17-575
Р1606	17	576	Колекція церковних метричних книг Закарпаття (ф. 1606), 1715-1920	1895-1898		1	ДАЗкО-Р1606-17-576
Р1606	17	577	Колекція церковних метричних книг Закарпаття (ф. 1606), 1715-1920	1895-1905		1	ДАЗкО-Р1606-17-577
Р1606	17	578	Колекція церковних метричних книг Закарпаття (ф. 1606), 1715-1920	1895-1898		1	ДАЗкО-Р1606-17-578
Р1606	17	579	Колекція церковних метричних книг Закарпаття (ф. 1606), 1715-1920	1895-1899		1	ДАЗкО-Р1606-17-579
Р1606	17	58	Колекція церковних метричних книг Закарпаття (ф. 1606), 1715-1920	1852-1852		1	ДАЗкО-Р1606-17-58
Р1606	17	580	Колекція церковних метричних книг Закарпаття (ф. 1606), 1715-1920	1895-1900		1	ДАЗкО-Р1606-17-580
Р1606	17	581	Колекція церковних метричних книг Закарпаття (ф. 1606), 1715-1920	1895-1897		1	ДАЗкО-Р1606-17-581
Р1606	17	582	Колекція церковних метричних книг Закарпаття (ф. 1606), 1715-1920	1895-1901		1	ДАЗкО-Р1606-17-582
Р1606	17	583	Колекція церковних метричних книг Закарпаття (ф. 1606), 1715-1920	1895-1900		1	ДАЗкО-Р1606-17-583
Р1606	17	584	Колекція церковних метричних книг Закарпаття (ф. 1606), 1715-1920	1898-1900		1	ДАЗкО-Р1606-17-584
Р1606	17	585	Колекція церковних метричних книг Закарпаття (ф. 1606), 1715-1920	1871-1888		1	ДАЗкО-Р1606-17-585
Р1606	17	586	Колекція церковних метричних книг Закарпаття (ф. 1606), 1715-1920	1886-1895		1	ДАЗкО-Р1606-17-586
Р1606	17	587	Колекція церковних метричних книг Закарпаття (ф. 1606), 1715-1920	1862-1868		1	ДАЗкО-Р1606-17-587
Р1606	17	588	Колекція церковних метричних книг Закарпаття (ф. 1606), 1715-1920	1848-1876		1	ДАЗкО-Р1606-17-588
Р1606	17	589	Колекція церковних метричних книг Закарпаття (ф. 1606), 1715-1920	1886-1896		1	ДАЗкО-Р1606-17-589
Р1606	17	59	Колекція церковних метричних книг Закарпаття (ф. 1606), 1715-1920	1859-1860		1	ДАЗкО-Р1606-17-59
Р1606	17	591	Колекція церковних метричних книг Закарпаття (ф. 1606), 1715-1920	1886-1896		1	ДАЗкО-Р1606-17-591
Р1606	17	592	Колекція церковних метричних книг Закарпаття (ф. 1606), 1715-1920	1889-1889		1	ДАЗкО-Р1606-17-592
Р1606	17	593	Колекція церковних метричних книг Закарпаття (ф. 1606), 1715-1920	1889-1889		1	ДАЗкО-Р1606-17-593
Р1606	17	594	Колекція церковних метричних книг Закарпаття (ф. 1606), 1715-1920	1892-1892		1	ДАЗкО-Р1606-17-594
Р1606	17	595	Колекція церковних метричних книг Закарпаття (ф. 1606), 1715-1920	1893-1893		1	ДАЗкО-Р1606-17-595
Р1606	17	596	Колекція церковних метричних книг Закарпаття (ф. 1606), 1715-1920	1893-1893		1	ДАЗкО-Р1606-17-596
Р1606	17	597	Колекція церковних метричних книг Закарпаття (ф. 1606), 1715-1920	1894-1894		1	ДАЗкО-Р1606-17-597
Р1606	17	598	Колекція церковних метричних книг Закарпаття (ф. 1606), 1715-1920	1894-1894		1	ДАЗкО-Р1606-17-598
Р1606	17	599	Колекція церковних метричних книг Закарпаття (ф. 1606), 1715-1920	1884-1885		1	ДАЗкО-Р1606-17-599
Р1606	17	6	Колекція церковних метричних книг Закарпаття (ф. 1606), 1715-1920	1843-1849		1	ДАЗкО-Р1606-17-6
Р1606	17	60	Колекція церковних метричних книг Закарпаття (ф. 1606), 1715-1920	1834-1834		1	ДАЗкО-Р1606-17-60
Р1606	17	600	Колекція церковних метричних книг Закарпаття (ф. 1606), 1715-1920	1844-1892		1	ДАЗкО-Р1606-17-600
Р1606	17	601	Колекція церковних метричних книг Закарпаття (ф. 1606), 1715-1920	1850-1866		1	ДАЗкО-Р1606-17-601
Р1606	17	602	Колекція церковних метричних книг Закарпаття (ф. 1606), 1715-1920	1857-1880		1	ДАЗкО-Р1606-17-602
Р1606	17	603	Колекція церковних метричних книг Закарпаття (ф. 1606), 1715-1920	1886-1894		1	ДАЗкО-Р1606-17-603
Р1606	17	604	Колекція церковних метричних книг Закарпаття (ф. 1606), 1715-1920	1886-1895		1	ДАЗкО-Р1606-17-604
Р1606	17	605	Колекція церковних метричних книг Закарпаття (ф. 1606), 1715-1920	1886-1895		1	ДАЗкО-Р1606-17-605
Р1606	17	607	Колекція церковних метричних книг Закарпаття (ф. 1606), 1715-1920	1859-1886		1	ДАЗкО-Р1606-17-607
Р1606	17	608	Колекція церковних метричних книг Закарпаття (ф. 1606), 1715-1920	1866-1886		1	ДАЗкО-Р1606-17-608
Р1606	17	609	Колекція церковних метричних книг Закарпаття (ф. 1606), 1715-1920	1877-1878		1	ДАЗкО-Р1606-17-609
Р1606	17	61	Колекція церковних метричних книг Закарпаття (ф. 1606), 1715-1920	1859-1860		1	ДАЗкО-Р1606-17-61
Р1606	17	610	Колекція церковних метричних книг Закарпаття (ф. 1606), 1715-1920	1900-1906		1	ДАЗкО-Р1606-17-610
Р1606	17	611	Колекція церковних метричних книг Закарпаття (ф. 1606), 1715-1920	1901-1905		1	ДАЗкО-Р1606-17-611
Р1606	17	612	Колекція церковних метричних книг Закарпаття (ф. 1606), 1715-1920	1902-1907		1	ДАЗкО-Р1606-17-612
Р1606	17	613	Колекція церковних метричних книг Закарпаття (ф. 1606), 1715-1920	1902-1906		1	ДАЗкО-Р1606-17-613
Р1606	17	614	Колекція церковних метричних книг Закарпаття (ф. 1606), 1715-1920	1902-1906		1	ДАЗкО-Р1606-17-614
Р1606	17	615	Колекція церковних метричних книг Закарпаття (ф. 1606), 1715-1920	1902-1905		1	ДАЗкО-Р1606-17-615
Р1606	17	616	Колекція церковних метричних книг Закарпаття (ф. 1606), 1715-1920	1903-1906		1	ДАЗкО-Р1606-17-616
Р1606	17	617	Колекція церковних метричних книг Закарпаття (ф. 1606), 1918-1945	1906-1924		1	ДАЗкО-Р1606-17-617
Р1606	17	618	Колекція церковних метричних книг Закарпаття (ф. 1606), 1715-1920	1907-1916		1	ДАЗкО-Р1606-17-618
Р1606	17	619	Колекція церковних метричних книг Закарпаття (ф. 1606), 1918-1945	1908-1942		1	ДАЗкО-Р1606-17-619
Р1606	17	62	Колекція церковних метричних книг Закарпаття (ф. 1606), 1715-1920	1929-1935		1	ДАЗкО-Р1606-17-62
Р1606	17	620	Колекція церковних метричних книг Закарпаття (ф. 1606), 1715-1920	1913-1941		1	ДАЗкО-Р1606-17-620
Р1606	17	621	Колекція церковних метричних книг Закарпаття (ф. 1606), 1715-1920	1923-1933		1	ДАЗкО-Р1606-17-621
Р1606	17	622	Колекція церковних метричних книг Закарпаття (ф. 1606), 1715-1920	1926-1931		1	ДАЗкО-Р1606-17-622
Р1606	17	623	Колекція церковних метричних книг Закарпаття (ф. 1606), 1918-1945	1933-1934		1	ДАЗкО-Р1606-17-623
Р1606	17	624	Колекція церковних метричних книг Закарпаття (ф. 1606), 1918-1945	1934-1934		1	ДАЗкО-Р1606-17-624
Р1606	17	625	Колекція церковних метричних книг Закарпаття (ф. 1606), 1918-1945	1934-1934		1	ДАЗкО-Р1606-17-625
Р1606	17	626	Колекція церковних метричних книг Закарпаття (ф. 1606), 1918-1945	1935-1935		1	ДАЗкО-Р1606-17-626
Р1606	17	627	Колекція церковних метричних книг Закарпаття (ф. 1606), 1918-1945	1936-1938		1	ДАЗкО-Р1606-17-627
Р1606	17	628	Колекція церковних метричних книг Закарпаття (ф. 1606), 1918-1945	1937-1937		1	ДАЗкО-Р1606-17-628
Р1606	17	63	Колекція церковних метричних книг Закарпаття (ф. 1606), 1715-1920	1828-1842		1	ДАЗкО-Р1606-17-63
Р1606	17	64	Колекція церковних метричних книг Закарпаття (ф. 1606), 1715-1920	1842-1895		1	ДАЗкО-Р1606-17-64
Р1606	17	65	Колекція церковних метричних книг Закарпаття (ф. 1606), 1715-1920	1842-1895		1	ДАЗкО-Р1606-17-65
Р1606	17	66	Колекція церковних метричних книг Закарпаття (ф. 1606), 1715-1920	1842-1895		1	ДАЗкО-Р1606-17-66
Р1606	17	67	Колекція церковних метричних книг Закарпаття (ф. 1606), 1715-1920	1834-1839		1	ДАЗкО-Р1606-17-67
Р1606	17	68	Колекція церковних метричних книг Закарпаття (ф. 1606), 1715-1920	1839-1839		1	ДАЗкО-Р1606-17-68
Р1606	17	69	Колекція церковних метричних книг Закарпаття (ф. 1606), 1715-1920	1839-1840		1	ДАЗкО-Р1606-17-69
Р1606	17	7	Колекція церковних метричних книг Закарпаття (ф. 1606), 1715-1920	1869-1879		1	ДАЗкО-Р1606-17-7
Р1606	17	70	Колекція церковних метричних книг Закарпаття (ф. 1606), 1715-1920	1839-1840		1	ДАЗкО-Р1606-17-70
Р1606	17	72	Колекція церковних метричних книг Закарпаття (ф. 1606), 1715-1920	1834-1889		1	ДАЗкО-Р1606-17-72
Р1606	17	73	Колекція церковних метричних книг Закарпаття (ф. 1606), 1715-1920	1833-1889		1	ДАЗкО-Р1606-17-73
Р1606	17	74	Колекція церковних метричних книг Закарпаття (ф. 1606), 1715-1920	1834-1889		1	ДАЗкО-Р1606-17-74
Р1606	17	76	Колекція церковних метричних книг Закарпаття (ф. 1606), 1715-1920	1830-1842		1	ДАЗкО-Р1606-17-76
Р1606	17	77	Колекція церковних метричних книг Закарпаття (ф. 1606), 1715-1920	1842-1895		1	ДАЗкО-Р1606-17-77
Р1606	17	78	Колекція церковних метричних книг Закарпаття (ф. 1606), 1715-1920	1842-1895		1	ДАЗкО-Р1606-17-78
Р1606	17	79	Колекція церковних метричних книг Закарпаття (ф. 1606), 1715-1920	1842-1895		1	ДАЗкО-Р1606-17-79
Р1606	17	8	Колекція церковних метричних книг Закарпаття (ф. 1606), 1715-1920	1869-1879		1	ДАЗкО-Р1606-17-8
Р1606	17	80	Колекція церковних метричних книг Закарпаття (ф. 1606), 1715-1920	1895-1937		1	ДАЗкО-Р1606-17-80
Р1606	17	81	Колекція церковних метричних книг Закарпаття (ф. 1606), 1715-1920	1881-1891		1	ДАЗкО-Р1606-17-81
Р1606	17	82	Колекція церковних метричних книг Закарпаття (ф. 1606), 1715-1920	1837-1845		1	ДАЗкО-Р1606-17-82
Р1606	17	83	Колекція церковних метричних книг Закарпаття (ф. 1606), 1715-1920	1859-1860		1	ДАЗкО-Р1606-17-83
Р1606	17	84	Колекція церковних метричних книг Закарпаття (ф. 1606), 1715-1920	1828-1842		1	ДАЗкО-Р1606-17-84
Р1606	17	85	Колекція церковних метричних книг Закарпаття (ф. 1606), 1715-1920	1843-1895		1	ДАЗкО-Р1606-17-85
Р1606	17	86	Колекція церковних метричних книг Закарпаття (ф. 1606), 1715-1920	1839-1895		1	ДАЗкО-Р1606-17-86
Р1606	17	87	Колекція церковних метричних книг Закарпаття (ф. 1606), 1715-1920	1842-1895		1	ДАЗкО-Р1606-17-87
Р1606	17	88	Колекція церковних метричних книг Закарпаття (ф. 1606), 1715-1920	1828-1843		1	ДАЗкО-Р1606-17-88
Р1606	17	89	Колекція церковних метричних книг Закарпаття (ф. 1606), 1715-1920	1934-1938		1	ДАЗкО-Р1606-17-89
Р1606	17	9	Колекція церковних метричних книг Закарпаття (ф. 1606), 1715-1920	1869-1879		1	ДАЗкО-Р1606-17-9
Р1606	17	90	Колекція церковних метричних книг Закарпаття (ф. 1606), 1715-1920	1859-1860		1	ДАЗкО-Р1606-17-90
Р1606	17	91	Колекція церковних метричних книг Закарпаття (ф. 1606), 1715-1920	1828-1842		1	ДАЗкО-Р1606-17-91
Р1606	17	92	Колекція церковних метричних книг Закарпаття (ф. 1606), 1715-1920	1887-1895		1	ДАЗкО-Р1606-17-92
Р1606	17	93	Колекція церковних метричних книг Закарпаття (ф. 1606), 1715-1920	1848-1894		1	ДАЗкО-Р1606-17-93
Р1606	17	94	Колекція церковних метричних книг Закарпаття (ф. 1606), 1715-1920	1848-1895		1	ДАЗкО-Р1606-17-94
Р1606	17	95	Колекція церковних метричних книг Закарпаття (ф. 1606), 1715-1920	1859-1860		1	ДАЗкО-Р1606-17-95
Р1606	17	96	Колекція церковних метричних книг Закарпаття (ф. 1606), 1715-1920	1880-1889		1	ДАЗкО-Р1606-17-96
Р1606	17	97	Колекція церковних метричних книг Закарпаття (ф. 1606), 1715-1920	1902-1902		1	ДАЗкО-Р1606-17-97
Р1606	17	98	Колекція церковних метричних книг Закарпаття (ф. 1606), 1715-1920	1835-1862		1	ДАЗкО-Р1606-17-98
Р1606	17	99	Колекція церковних метричних книг Закарпаття (ф. 1606), 1715-1920	1833-1862		1	ДАЗкО-Р1606-17-99
Р1606	2	1	Колекція церковних метричних книг Закарпаття (ф. 1606), 1715-1920	1881-1895	метрична книга|народження|смерть|шлюб	1	ДАЗкО-Р1606-2-1
Р1606	2	10	Колекція церковних метричних книг Закарпаття (ф. 1606), 1715-1920	1875-1905	метрична книга|шлюб	1	ДАЗкО-Р1606-2-10
Р1606	2	11	Колекція церковних метричних книг Закарпаття (ф. 1606), 1715-1920	1906-1939	метрична книга|шлюб	1	ДАЗкО-Р1606-2-11
Р1606	2	12	Колекція церковних метричних книг Закарпаття (ф. 1606), 1715-1920	1875-1905	метрична книга|смерть	1	ДАЗкО-Р1606-2-12
Р1606	2	13	Колекція церковних метричних книг Закарпаття (ф. 1606), 1715-1920	1917-1947	метрична книга|смерть	1	ДАЗкО-Р1606-2-13
Р1606	2	14	Колекція церковних метричних книг Закарпаття (ф. 1606), 1715-1920	1917-1947	метрична книга|смерть	1	ДАЗкО-Р1606-2-14
Р1606	2	15	Колекція церковних метричних книг Закарпаття (ф. 1606), 1715-1920	1888-1900	метрична книга|народження|смерть|шлюб	1	ДАЗкО-Р1606-2-15
Р1606	2	16	Колекція церковних метричних книг Закарпаття (ф. 1606), 1715-1920	1939-1949	метрична книга|народження|смерть|шлюб	1	ДАЗкО-Р1606-2-16
Р1606	2	17	Колекція церковних метричних книг Закарпаття (ф. 1606), 1715-1920	1887-1900	метрична книга|народження|смерть|шлюб	1	ДАЗкО-Р1606-2-17
Р1606	2	18	Колекція церковних метричних книг Закарпаття (ф. 1606), 1715-1920	1901-1931	метрична книга|народження|смерть|шлюб	1	ДАЗкО-Р1606-2-18
Р1606	2	19	Колекція церковних метричних книг Закарпаття (ф. 1606), 1715-1920	1885-1902	метрична книга|народження|смерть|шлюб	1	ДАЗкО-Р1606-2-19
Р1606	2	2	Колекція церковних метричних книг Закарпаття (ф. 1606), 1715-1920	1861-1893	метрична книга|народження|смерть|шлюб	1	ДАЗкО-Р1606-2-2
Р1606	2	20	Колекція церковних метричних книг Закарпаття (ф. 1606), 1715-1920	1931-1936	метрична книга|народження	1	ДАЗкО-Р1606-2-20
Р1606	2	21	Колекція церковних метричних книг Закарпаття (ф. 1606), 1715-1920	1917-1941	метрична книга|шлюб	1	ДАЗкО-Р1606-2-21
Р1606	2	22	Колекція церковних метричних книг Закарпаття (ф. 1606), 1715-1920	1936-1946	метрична книга|смерть	1	ДАЗкО-Р1606-2-22
Р1606	2	23	Колекція церковних метричних книг Закарпаття (ф. 1606), 1715-1920	1938-1947	метрична книга|народження|смерть|шлюб	1	ДАЗкО-Р1606-2-23
Р1606	2	24	Колекція церковних метричних книг Закарпаття (ф. 1606), 1715-1920	1929-1948	метрична книга|народження|смерть|шлюб	1	ДАЗкО-Р1606-2-24
Р1606	2	25	Колекція церковних метричних книг Закарпаття (ф. 1606), 1715-1920	1882-1918	метрична книга|народження|смерть|шлюб	1	ДАЗкО-Р1606-2-25
Р1606	2	26	Колекція церковних метричних книг Закарпаття (ф. 1606), 1715-1920	1894-1917	метрична книга|народження|смерть|шлюб	1	ДАЗкО-Р1606-2-26
Р1606	2	28	Колекція церковних метричних книг Закарпаття (ф. 1606), 1715-1920	1918-1947	метрична книга|смерть	1	ДАЗкО-Р1606-2-28
Р1606	2	29	Колекція церковних метричних книг Закарпаття (ф. 1606), 1715-1920	1926-1945	метрична книга|народження|смерть|шлюб	1	ДАЗкО-Р1606-2-29
Р1606	2	3	Колекція церковних метричних книг Закарпаття (ф. 1606), 1715-1920	1876-1886	метрична книга|народження|смерть|шлюб	1	ДАЗкО-Р1606-2-3
Р1606	2	30	Колекція церковних метричних книг Закарпаття (ф. 1606), 1715-1920	1897-1918	метрична книга|народження	1	ДАЗкО-Р1606-2-30
Р1606	2	31	Колекція церковних метричних книг Закарпаття (ф. 1606), 1715-1920	1918-1931	метрична книга|народження	1	ДАЗкО-Р1606-2-31
Р1606	2	32	Колекція церковних метричних книг Закарпаття (ф. 1606), 1715-1920	1931-1948		1	ДАЗкО-Р1606-2-32
Р1606	2	33	Колекція церковних метричних книг Закарпаття (ф. 1606), 1715-1920	1924-1948	метрична книга|шлюб	1	ДАЗкО-Р1606-2-33
Р1606	2	34	Колекція церковних метричних книг Закарпаття (ф. 1606), 1715-1920	1908-1948	метрична книга|смерть	1	ДАЗкО-Р1606-2-34
Р1606	2	35	Колекція церковних метричних книг Закарпаття (ф. 1606), 1715-1920	1904-1916	метрична книга|народження	1	ДАЗкО-Р1606-2-35
Р1606	2	36	Колекція церковних метричних книг Закарпаття (ф. 1606), 1715-1920	1941-1947	метрична книга|народження|смерть|шлюб	1	ДАЗкО-Р1606-2-36
Р1606	2	37	Колекція церковних метричних книг Закарпаття (ф. 1606), 1715-1920	1904-1920	метрична книга|смерть|шлюб	1	ДАЗкО-Р1606-2-37
Р1606	2	38	Колекція церковних метричних книг Закарпаття (ф. 1606), 1715-1920	1940-1947	метрична книга|народження	1	ДАЗкО-Р1606-2-38
Р1606	2	39	Колекція церковних метричних книг Закарпаття (ф. 1606), 1715-1920	1902-1931	метрична книга|народження|смерть|шлюб	1	ДАЗкО-Р1606-2-39
Р1606	2	4	Колекція церковних метричних книг Закарпаття (ф. 1606), 1715-1920	1861-1893	метрична книга|народження|смерть|шлюб	1	ДАЗкО-Р1606-2-4
Р1606	2	40	Колекція церковних метричних книг Закарпаття (ф. 1606), 1715-1920	1926-1931	метрична книга|народження	1	ДАЗкО-Р1606-2-40
Р1606	2	41	Колекція церковних метричних книг Закарпаття (ф. 1606), 1715-1920	1909-1937	метрична книга|народження|смерть|шлюб	1	ДАЗкО-Р1606-2-41
Р1606	2	42	Колекція церковних метричних книг Закарпаття (ф. 1606), 1715-1920	1900-1937	метрична книга|народження|смерть	1	ДАЗкО-Р1606-2-42
Р1606	2	43	Колекція церковних метричних книг Закарпаття (ф. 1606), 1715-1920	1928-1940	метрична книга|народження|смерть|шлюб	1	ДАЗкО-Р1606-2-43
Р1606	2	44	Колекція церковних метричних книг Закарпаття (ф. 1606), 1715-1920	1916-1947	метрична книга|народження	1	ДАЗкО-Р1606-2-44
Р1606	2	45	Колекція церковних метричних книг Закарпаття (ф. 1606), 1715-1920	1894-1916	метрична книга|народження|смерть|шлюб	1	ДАЗкО-Р1606-2-45
Р1606	2	46	Колекція церковних метричних книг Закарпаття (ф. 1606), 1715-1920	1932-1946	метрична книга|народження|смерть|шлюб	1	ДАЗкО-Р1606-2-46
Р1606	2	47	Колекція церковних метричних книг Закарпаття (ф. 1606), 1715-1920	1917-1946	метрична книга|народження	1	ДАЗкО-Р1606-2-47
Р1606	2	48	Колекція церковних метричних книг Закарпаття (ф. 1606), 1715-1920	1901-1913	метрична книга|народження	1	ДАЗкО-Р1606-2-48
Р1606	2	49	Колекція церковних метричних книг Закарпаття (ф. 1606), 1715-1920	1933-1941	метрична книга|смерть	1	ДАЗкО-Р1606-2-49
Р1606	2	5	Колекція церковних метричних книг Закарпаття (ф. 1606), 1715-1920	1824-1861	метрична книга|народження|смерть|шлюб	1	ДАЗкО-Р1606-2-5
Р1606	2	50	Колекція церковних метричних книг Закарпаття (ф. 1606), 1715-1920	1884-1916	метрична книга|народження|смерть|шлюб	1	ДАЗкО-Р1606-2-50
Р1606	2	51	Метрична книга. Церква с. Чорноголова, Великоберезнянського р-ну Закарпатської обл.	1924-1940	метрична книга|народження|смерть|шлюб	0	ДАЗкО-Р1606-2-51
Р1606	2	52	Метрична книга. Церква с. Верховина-Бистра, Великоберезнянського р-ну Закарпатської обл.	1901-1939	метрична книга|народження|смерть|шлюб	0	ДАЗкО-Р1606-2-52
Р1606	2	53	Колекція церковних метричних книг Закарпаття (ф. 1606), 1715-1920	1912-1946	метрична книга|народження	1	ДАЗкО-Р1606-2-53
Р1606	2	54	Колекція церковних метричних книг Закарпаття (ф. 1606), 1715-1920	1914-1924	метрична книга|народження|смерть|шлюб	1	ДАЗкО-Р1606-2-54
Р1606	2	55	Колекція церковних метричних книг Закарпаття (ф. 1606), 1715-1920	1875-1924	метрична книга|народження|смерть|шлюб	1	ДАЗкО-Р1606-2-55
Р1606	2	56	Колекція церковних метричних книг Закарпаття (ф. 1606), 1715-1920	1929-1947	метрична книга|народження|смерть|шлюб	1	ДАЗкО-Р1606-2-56
Р1606	2	57	Колекція церковних метричних книг Закарпаття (ф. 1606), 1715-1920	1918-1946	метрична книга|смерть|шлюб	1	ДАЗкО-Р1606-2-57
Р1606	2	58	Колекція церковних метричних книг Закарпаття (ф. 1606), 1715-1920	1901-1947	метрична книга|смерть|шлюб	1	ДАЗкО-Р1606-2-58
Р1606	2	59	Колекція церковних метричних книг Закарпаття (ф. 1606), 1715-1920	1899-1944	метрична книга|смерть|шлюб	1	ДАЗкО-Р1606-2-59
Р1606	2	6	Колекція церковних метричних книг Закарпаття (ф. 1606), 1715-1920	1862-1883	метрична книга|народження|смерть|шлюб	1	ДАЗкО-Р1606-2-6
Р1606	2	60	Колекція церковних метричних книг Закарпаття (ф. 1606), 1715-1920	1877-1920	метрична книга|народження|смерть|шлюб	1	ДАЗкО-Р1606-2-60
Р1606	2	61	Колекція церковних метричних книг Закарпаття (ф. 1606), 1715-1920	1895-1944	метрична книга|народження|смерть|шлюб	1	ДАЗкО-Р1606-2-61
Р1606	2	62	Колекція церковних метричних книг Закарпаття (ф. 1606), 1715-1920	1862-1880	метрична книга|народження|смерть|шлюб	1	ДАЗкО-Р1606-2-62
Р1606	2	63	Колекція церковних метричних книг Закарпаття (ф. 1606), 1715-1920	1859-1906	метрична книга|народження|смерть|шлюб	1	ДАЗкО-Р1606-2-63
Р1606	2	64	Колекція церковних метричних книг Закарпаття (ф. 1606), 1715-1920	1858-1904	метрична книга|народження|шлюб	1	ДАЗкО-Р1606-2-64
Р1606	2	65	Колекція церковних метричних книг Закарпаття (ф. 1606), 1715-1920	1841-1861	метрична книга|народження|смерть|шлюб	1	ДАЗкО-Р1606-2-65
Р1606	2	7	Колекція церковних метричних книг Закарпаття (ф. 1606), 1715-1920	1854-1895	метрична книга|народження|смерть|шлюб	1	ДАЗкО-Р1606-2-7
Р1606	2	8	Колекція церковних метричних книг Закарпаття (ф. 1606), 1715-1920	1896-1928	метрична книга|народження|смерть|шлюб	1	ДАЗкО-Р1606-2-8
Р1606	2	9	Колекція церковних метричних книг Закарпаття (ф. 1606), 1715-1920	1875-1897	метрична книга|народження	1	ДАЗкО-Р1606-2-9
Р1606	26	37	Метрична книга. Церква с. Репинне, Міжгірського р-ну Закарпатської обл.	1818-1843	метрична книга|смерть|шлюб	0	ДАЗкО-Р1606-26-37
Р1606	3	1	Колекція церковних метричних книг Закарпаття (ф. 1606), 1715-1920	1893-1949	метрична книга|народження|смерть|шлюб	1	ДАЗкО-Р1606-3-1
Р1606	3	10	Колекція церковних метричних книг Закарпаття (ф. 1606), 1715-1920	1932-1939	метрична книга|народження|смерть|шлюб	1	ДАЗкО-Р1606-3-10
Р1606	3	100	Колекція церковних метричних книг Закарпаття (ф. 1606), 1918-1945	1924-1949	метрична книга|народження|смерть|шлюб	1	ДАЗкО-Р1606-3-100
Р1606	3	101	Колекція церковних метричних книг Закарпаття (ф. 1606), 1715-1920	1834-1861	метрична книга|народження|смерть	1	ДАЗкО-Р1606-3-101
Р1606	3	102	Колекція церковних метричних книг Закарпаття (ф. 1606), 1715-1920	1862-1890	метрична книга|народження|смерть|шлюб	1	ДАЗкО-Р1606-3-102
Р1606	3	103	Колекція церковних метричних книг Закарпаття (ф. 1606), 1715-1920	1889-1915	метрична книга|народження|смерть|шлюб	1	ДАЗкО-Р1606-3-103
Р1606	3	104	Колекція церковних метричних книг Закарпаття (ф. 1606), 1715-1920	1902-1927	метрична книга|народження|смерть|шлюб	1	ДАЗкО-Р1606-3-104
Р1606	3	105	Колекція церковних метричних книг Закарпаття (ф. 1606), 1918-1945	1920-1945	метрична книга|народження|смерть|шлюб	1	ДАЗкО-Р1606-3-105
Р1606	3	106	Колекція церковних метричних книг Закарпаття (ф. 1606), 1715-1920	1883-1902	метрична книга|народження|смерть|шлюб	1	ДАЗкО-Р1606-3-106
Р1606	3	107	Колекція церковних метричних книг Закарпаття (ф. 1606), 1715-1920	1902-1929	метрична книга|смерть|шлюб	1	ДАЗкО-Р1606-3-107
Р1606	3	108	Колекція церковних метричних книг Закарпаття (ф. 1606), 1715-1920	1888-1939	метрична книга|народження|смерть|шлюб	1	ДАЗкО-Р1606-3-108
Р1606	3	109	Колекція церковних метричних книг Закарпаття (ф. 1606), 1715-1920	1877-1954	метрична книга|народження|смерть|шлюб	1	ДАЗкО-Р1606-3-109
Р1606	3	11	Колекція церковних метричних книг Закарпаття (ф. 1606), 1715-1920	1940-1947	метрична книга|народження|смерть|шлюб	1	ДАЗкО-Р1606-3-11
Р1606	3	110	Колекція церковних метричних книг Закарпаття (ф. 1606), 1715-1920	1815-1861	метрична книга|народження|смерть|шлюб	1	ДАЗкО-Р1606-3-110
Р1606	3	111	Колекція церковних метричних книг Закарпаття (ф. 1606), 1715-1920	1862-1884	метрична книга|народження|смерть|шлюб	1	ДАЗкО-Р1606-3-111
Р1606	3	112	Колекція церковних метричних книг Закарпаття (ф. 1606), 1715-1920	1885-1896	метрична книга|народження|смерть|шлюб	1	ДАЗкО-Р1606-3-112
Р1606	3	113	Колекція церковних метричних книг Закарпаття (ф. 1606), 1918-1945	1900-1952	метрична книга|народження|смерть|шлюб	1	ДАЗкО-Р1606-3-113
Р1606	3	114	Колекція церковних метричних книг Закарпаття (ф. 1606), 1918-1945	1936-1952	метрична книга|смерть|шлюб	1	ДАЗкО-Р1606-3-114
Р1606	3	115	Колекція церковних метричних книг Закарпаття (ф. 1606), 1918-1945	1936-1952	метрична книга|народження|смерть|шлюб	1	ДАЗкО-Р1606-3-115
Р1606	3	116	Колекція церковних метричних книг Закарпаття (ф. 1606), 1918-1945	1930-1952	метрична книга|народження|смерть|шлюб	1	ДАЗкО-Р1606-3-116
Р1606	3	117	Колекція церковних метричних книг Закарпаття (ф. 1606), 1918-1945	1927-1951	метрична книга|народження	1	ДАЗкО-Р1606-3-117
Р1606	3	118	Колекція церковних метричних книг Закарпаття (ф. 1606), 1715-1920	1845-1891	метрична книга|народження|смерть|шлюб	1	ДАЗкО-Р1606-3-118
Р1606	3	119	Колекція церковних метричних книг Закарпаття (ф. 1606), 1715-1920	1862-1892	метрична книга|народження|смерть|шлюб	1	ДАЗкО-Р1606-3-119
Р1606	3	12	Колекція церковних метричних книг Закарпаття (ф. 1606), 1715-1920	1853-1914	метрична книга|народження|смерть|шлюб	1	ДАЗкО-Р1606-3-12
Р1606	3	120	Колекція церковних метричних книг Закарпаття (ф. 1606), 1715-1920	1893-1926	метрична книга|народження|смерть|шлюб	1	ДАЗкО-Р1606-3-120
Р1606	3	121	Колекція церковних метричних книг Закарпаття (ф. 1606), 1715-1920	1808-1946	метрична книга|народження|смерть|шлюб	1	ДАЗкО-Р1606-3-121
Р1606	3	122	Колекція церковних метричних книг Закарпаття (ф. 1606), 1715-1920	1818-1861	метрична книга|народження|смерть|шлюб	1	ДАЗкО-Р1606-3-122
Р1606	3	123	Колекція церковних метричних книг Закарпаття (ф. 1606), 1715-1920	1839-1947	метрична книга|народження|смерть|шлюб	1	ДАЗкО-Р1606-3-123
Р1606	3	124	Колекція церковних метричних книг Закарпаття (ф. 1606), 1715-1920	1785-1823	метрична книга|народження|смерть|шлюб	1	ДАЗкО-Р1606-3-124
Р1606	3	125	Колекція церковних метричних книг Закарпаття (ф. 1606), 1715-1920	1826-1853	метрична книга|народження|смерть|шлюб	1	ДАЗкО-Р1606-3-125
Р1606	3	126	Колекція церковних метричних книг Закарпаття (ф. 1606), 1715-1920	1862-1890	метрична книга|народження|смерть|шлюб	1	ДАЗкО-Р1606-3-126
Р1606	3	127	Колекція церковних метричних книг Закарпаття (ф. 1606), 1715-1920	1754-1859	метрична книга|народження|смерть|шлюб	1	ДАЗкО-Р1606-3-127
Р1606	3	128	Колекція церковних метричних книг Закарпаття (ф. 1606), 1715-1920	1833-1860	метрична книга|народження|смерть|шлюб	1	ДАЗкО-Р1606-3-128
Р1606	3	129	Колекція церковних метричних книг Закарпаття (ф. 1606), 1715-1920	1861-1883	метрична книга|народження|смерть|шлюб	1	ДАЗкО-Р1606-3-129
Р1606	3	13	Колекція церковних метричних книг Закарпаття (ф. 1606), 1715-1920	1807-1838	метрична книга|народження|смерть|шлюб	1	ДАЗкО-Р1606-3-13
Р1606	3	130	Колекція церковних метричних книг Закарпаття (ф. 1606), 1715-1920	1862-1895		1	ДАЗкО-Р1606-3-130
Р1606	3	131	Колекція церковних метричних книг Закарпаття (ф. 1606), 1715-1920	1861-1896	метрична книга|народження|смерть|шлюб	1	ДАЗкО-Р1606-3-131
Р1606	3	132	Колекція церковних метричних книг Закарпаття (ф. 1606), 1715-1920	1884-1896	метрична книга|народження|смерть|шлюб	1	ДАЗкО-Р1606-3-132
Р1606	3	133	Колекція церковних метричних книг Закарпаття (ф. 1606), 1715-1920	1896-1947	метрична книга|народження|смерть|шлюб	1	ДАЗкО-Р1606-3-133
Р1606	3	134	Колекція церковних метричних книг Закарпаття (ф. 1606), 1715-1920	1853-1877	метрична книга|народження|смерть|шлюб	1	ДАЗкО-Р1606-3-134
Р1606	3	135	Колекція церковних метричних книг Закарпаття (ф. 1606), 1715-1920	1878-1911	метрична книга|народження|смерть|шлюб	1	ДАЗкО-Р1606-3-135
Р1606	3	136	Колекція церковних метричних книг Закарпаття (ф. 1606), 1715-1920	1851-1890	метрична книга|народження|смерть|шлюб	1	ДАЗкО-Р1606-3-136
Р1606	3	137	Колекція церковних метричних книг Закарпаття (ф. 1606), 1715-1920	1861-1904	метрична книга|народження|смерть|шлюб	1	ДАЗкО-Р1606-3-137
Р1606	3	138	Колекція церковних метричних книг Закарпаття (ф. 1606), 1918-1945	1917-1960	метрична книга|народження|смерть|шлюб	1	ДАЗкО-Р1606-3-138
Р1606	3	139	Колекція церковних метричних книг Закарпаття (ф. 1606), 1715-1920	1891-1915	метрична книга|народження|смерть|шлюб	1	ДАЗкО-Р1606-3-139
Р1606	3	14	Колекція церковних метричних книг Закарпаття (ф. 1606), 1715-1920	1839-1852	метрична книга|народження|смерть|шлюб	1	ДАЗкО-Р1606-3-14
Р1606	3	140	Колекція церковних метричних книг Закарпаття (ф. 1606), 1918-1945	1921-1948	метрична книга|народження	1	ДАЗкО-Р1606-3-140
Р1606	3	141	Колекція церковних метричних книг Закарпаття (ф. 1606), 1715-1920	1823-1860	метрична книга|народження|смерть|шлюб	1	ДАЗкО-Р1606-3-141
Р1606	3	142	Колекція церковних метричних книг Закарпаття (ф. 1606), 1715-1920	1826-1838	метрична книга|народження|смерть|шлюб	1	ДАЗкО-Р1606-3-142
Р1606	3	143	Колекція церковних метричних книг Закарпаття (ф. 1606), 1715-1920	1839-1867	метрична книга|народження|смерть|шлюб	1	ДАЗкО-Р1606-3-143
Р1606	3	144	Колекція церковних метричних книг Закарпаття (ф. 1606), 1715-1920	1867-1901	метрична книга|народження|смерть|шлюб	1	ДАЗкО-Р1606-3-144
Р1606	3	145	Колекція церковних метричних книг Закарпаття (ф. 1606), 1715-1920	1824-1861	метрична книга|народження|смерть|шлюб	1	ДАЗкО-Р1606-3-145
Р1606	3	146	Колекція церковних метричних книг Закарпаття (ф. 1606), 1715-1920	1839-1852	метрична книга|народження|смерть|шлюб	1	ДАЗкО-Р1606-3-146
Р1606	3	147	Колекція церковних метричних книг Закарпаття (ф. 1606), 1715-1920	1853-1870	метрична книга|народження|смерть|шлюб	1	ДАЗкО-Р1606-3-147
Р1606	3	148	Колекція церковних метричних книг Закарпаття (ф. 1606), 1715-1920	1893-1927	метрична книга|народження|смерть|шлюб	1	ДАЗкО-Р1606-3-148
Р1606	3	149	Колекція церковних метричних книг Закарпаття (ф. 1606), 1918-1945	1924-1948	метрична книга|народження|смерть|шлюб	1	ДАЗкО-Р1606-3-149
Р1606	3	15	Колекція церковних метричних книг Закарпаття (ф. 1606), 1715-1920	1830-1893	метрична книга|народження|смерть|шлюб	1	ДАЗкО-Р1606-3-15
Р1606	3	150	Колекція церковних метричних книг Закарпаття (ф. 1606), 1715-1920	1765-1859	метрична книга|народження|смерть|шлюб	1	ДАЗкО-Р1606-3-150
Р1606	3	151	Колекція церковних метричних книг Закарпаття (ф. 1606), 1715-1920	1829-1861	метрична книга|народження|смерть|шлюб	1	ДАЗкО-Р1606-3-151
Р1606	3	152	Колекція церковних метричних книг Закарпаття (ф. 1606), 1715-1920	1859-1882	метрична книга|народження|смерть|шлюб	1	ДАЗкО-Р1606-3-152
Р1606	3	153	Колекція церковних метричних книг Закарпаття (ф. 1606), 1715-1920	1882-1939	метрична книга|народження|смерть|шлюб	1	ДАЗкО-Р1606-3-153
Р1606	3	154	Колекція церковних метричних книг Закарпаття (ф. 1606), 1715-1920	1829-1860	метрична книга|народження|смерть|шлюб	1	ДАЗкО-Р1606-3-154
Р1606	3	155	Колекція церковних метричних книг Закарпаття (ф. 1606), 1715-1920	1861-1879	метрична книга|народження|смерть|шлюб	1	ДАЗкО-Р1606-3-155
Р1606	3	156	Колекція церковних метричних книг Закарпаття (ф. 1606), 1715-1920	1879-1909	метрична книга|народження|смерть|шлюб	1	ДАЗкО-Р1606-3-156
Р1606	3	157	Колекція церковних метричних книг Закарпаття (ф. 1606), 1715-1920	1909-1940	метрична книга|народження|смерть|шлюб	1	ДАЗкО-Р1606-3-157
Р1606	3	158	Колекція церковних метричних книг Закарпаття (ф. 1606), 1918-1945	1910-1952	метрична книга|народження|смерть|шлюб	1	ДАЗкО-Р1606-3-158
Р1606	3	159	Колекція церковних метричних книг Закарпаття (ф. 1606), 1918-1945	1910-1943	метрична книга|народження|смерть|шлюб	1	ДАЗкО-Р1606-3-159
Р1606	3	16	Колекція церковних метричних книг Закарпаття (ф. 1606), 1715-1920	1868-1895	метрична книга|народження|смерть|шлюб	1	ДАЗкО-Р1606-3-16
Р1606	3	160	Колекція церковних метричних книг Закарпаття (ф. 1606), 1918-1945	1940-1957	метрична книга|народження|смерть|шлюб	1	ДАЗкО-Р1606-3-160
Р1606	3	161	Колекція церковних метричних книг Закарпаття (ф. 1606), 1918-1945	1944-1957	метрична книга|народження|смерть|шлюб	1	ДАЗкО-Р1606-3-161
Р1606	3	162	Колекція церковних метричних книг Закарпаття (ф. 1606), 1715-1920	1800-1924	метрична книга|народження|смерть|шлюб	1	ДАЗкО-Р1606-3-162
Р1606	3	163	Колекція церковних метричних книг Закарпаття (ф. 1606), 1715-1920	1839-1852	метрична книга|народження|смерть|шлюб	1	ДАЗкО-Р1606-3-163
Р1606	3	164	Колекція церковних метричних книг Закарпаття (ф. 1606), 1715-1920	1880-1913	метрична книга|народження|смерть|шлюб	1	ДАЗкО-Р1606-3-164
Р1606	3	165	Колекція церковних метричних книг Закарпаття (ф. 1606), 1918-1945	1914-1947	метрична книга|народження|смерть|шлюб	1	ДАЗкО-Р1606-3-165
Р1606	3	166	Колекція церковних метричних книг Закарпаття (ф. 1606), 1715-1920	1834-1838	метрична книга|народження|смерть|шлюб	1	ДАЗкО-Р1606-3-166
Р1606	3	17	Колекція церковних метричних книг Закарпаття (ф. 1606), 1715-1920	1870-1895	метрична книга|народження|смерть|шлюб	1	ДАЗкО-Р1606-3-17
Р1606	3	18	Колекція церковних метричних книг Закарпаття (ф. 1606), 1715-1920	1893-1913	метрична книга|народження|смерть|шлюб	1	ДАЗкО-Р1606-3-18
Р1606	3	19	Колекція церковних метричних книг Закарпаття (ф. 1606), 1715-1920	1896-1914	метрична книга|народження|смерть|шлюб	1	ДАЗкО-Р1606-3-19
Р1606	3	2	Колекція церковних метричних книг Закарпаття (ф. 1606), 1715-1920	1849-1886	метрична книга|народження|смерть|шлюб	1	ДАЗкО-Р1606-3-2
Р1606	3	20	Колекція церковних метричних книг Закарпаття (ф. 1606), 1715-1920	1915-1922	метрична книга|народження|смерть|шлюб	1	ДАЗкО-Р1606-3-20
Р1606	3	21	Колекція церковних метричних книг Закарпаття (ф. 1606), 1715-1920	1891-1931	метрична книга|народження|смерть|шлюб	1	ДАЗкО-Р1606-3-21
Р1606	3	22	Колекція церковних метричних книг Закарпаття (ф. 1606), 1715-1920	1922-1935	метрична книга|народження|смерть|шлюб	1	ДАЗкО-Р1606-3-22
Р1606	3	23	Колекція церковних метричних книг Закарпаття (ф. 1606), 1918-1945	1928-1939	метрична книга|народження|смерть|шлюб	1	ДАЗкО-Р1606-3-23
Р1606	3	24	Колекція церковних метричних книг Закарпаття (ф. 1606), 1918-1945	1935-1947	метрична книга|народження|смерть|шлюб	1	ДАЗкО-Р1606-3-24
Р1606	3	25	Колекція церковних метричних книг Закарпаття (ф. 1606), 1918-1945	1939-1947	метрична книга|народження|смерть|шлюб	1	ДАЗкО-Р1606-3-25
Р1606	3	26	Колекція церковних метричних книг Закарпаття (ф. 1606), 1918-1945	1930-1942	метрична книга|народження|смерть|шлюб	1	ДАЗкО-Р1606-3-26
Р1606	3	27	Колекція церковних метричних книг Закарпаття (ф. 1606), 1715-1920	1828-1915	метрична книга|народження|смерть|шлюб	1	ДАЗкО-Р1606-3-27
Р1606	3	28	Колекція церковних метричних книг Закарпаття (ф. 1606), 1715-1920	1865-1890	метрична книга|народження|смерть|шлюб	1	ДАЗкО-Р1606-3-28
Р1606	3	29	Колекція церковних метричних книг Закарпаття (ф. 1606), 1918-1945	1915-1949	метрична книга|народження|смерть|шлюб	1	ДАЗкО-Р1606-3-29
Р1606	3	3	Колекція церковних метричних книг Закарпаття (ф. 1606), 1715-1920	1807-1892	метрична книга|народження|смерть|шлюб	1	ДАЗкО-Р1606-3-3
Р1606	3	30	Колекція церковних метричних книг Закарпаття (ф. 1606), 1715-1920	1862-1890	метрична книга|народження|смерть|шлюб	1	ДАЗкО-Р1606-3-30
Р1606	3	31	Колекція церковних метричних книг Закарпаття (ф. 1606), 1715-1920	1853-1869	метрична книга|народження|смерть|шлюб	0	ДАЗкО-Р1606-3-31
Р1606	3	32	Колекція церковних метричних книг Закарпаття (ф. 1606), 1715-1920	1903-1928	метрична книга|народження|смерть|шлюб	1	ДАЗкО-Р1606-3-32
Р1606	3	33	Колекція церковних метричних книг Закарпаття (ф. 1606), 1715-1920	1839-1869	метрична книга|народження|смерть|шлюб	1	ДАЗкО-Р1606-3-33
Р1606	3	34	Колекція церковних метричних книг Закарпаття (ф. 1606), 1715-1920	1868-1889	метрична книга|народження|смерть|шлюб	1	ДАЗкО-Р1606-3-34
Р1606	3	35	Колекція церковних метричних книг Закарпаття (ф. 1606), 1715-1920	1890-1947	метрична книга|народження|смерть|шлюб	1	ДАЗкО-Р1606-3-35
Р1606	3	36	Колекція церковних метричних книг Закарпаття (ф. 1606), 1715-1920	1840-1861	метрична книга|народження|смерть|шлюб	1	ДАЗкО-Р1606-3-36
Р1606	3	37	Колекція церковних метричних книг Закарпаття (ф. 1606), 1715-1920	1850-1861	метрична книга|народження|смерть|шлюб	1	ДАЗкО-Р1606-3-37
Р1606	3	38	Колекція церковних метричних книг Закарпаття (ф. 1606), 1715-1920	1882-1904	метрична книга|народження|смерть|шлюб	1	ДАЗкО-Р1606-3-38
Р1606	3	39	Колекція церковних метричних книг Закарпаття (ф. 1606), 1715-1920	1883-1896	метрична книга|народження|смерть|шлюб	1	ДАЗкО-Р1606-3-39
Р1606	3	4	Колекція церковних метричних книг Закарпаття (ф. 1606), 1715-1920	1886-1923	метрична книга|народження|смерть	1	ДАЗкО-Р1606-3-4
Р1606	3	40	Колекція церковних метричних книг Закарпаття (ф. 1606), 1918-1945	1931-1938	метрична книга|народження|смерть	1	ДАЗкО-Р1606-3-40
Р1606	3	41	Колекція церковних метричних книг Закарпаття (ф. 1606), 1715-1920	1853-1913	метрична книга|народження|смерть|шлюб	1	ДАЗкО-Р1606-3-41
Р1606	3	42	Колекція церковних метричних книг Закарпаття (ф. 1606), 1715-1920	1853-1914	метрична книга|народження|смерть|шлюб	1	ДАЗкО-Р1606-3-42
Р1606	3	43	Колекція церковних метричних книг Закарпаття (ф. 1606), 1715-1920	1853-1914	метрична книга|народження|смерть|шлюб	1	ДАЗкО-Р1606-3-43
Р1606	3	44	Колекція церковних метричних книг Закарпаття (ф. 1606), 1715-1920	1861-1869	метрична книга|народження|смерть|шлюб	1	ДАЗкО-Р1606-3-44
Р1606	3	45	Колекція церковних метричних книг Закарпаття (ф. 1606), 1715-1920	1914-1929	метрична книга|народження|смерть|шлюб	1	ДАЗкО-Р1606-3-45
Р1606	3	46	Колекція церковних метричних книг Закарпаття (ф. 1606), 1918-1945	1918-1936	метрична книга|народження|смерть|шлюб	1	ДАЗкО-Р1606-3-46
Р1606	3	47	Колекція церковних метричних книг Закарпаття (ф. 1606), 1715-1920	1883-1932	метрична книга|народження|смерть|шлюб	1	ДАЗкО-Р1606-3-47
Р1606	3	4710	Метрична книга. Церква с. Бобове, Виноградівського р-ну Закарпатської обл.	1886-1923	метрична книга|шлюб	0	ДАЗкО-Р1606-3-4710
Р1606	3	48	Колекція церковних метричних книг Закарпаття (ф. 1606), 1918-1945	1933-1948	метрична книга|народження|смерть|шлюб	1	ДАЗкО-Р1606-3-48
Р1606	3	49	Колекція церковних метричних книг Закарпаття (ф. 1606), 1715-1920	1804-1838	метрична книга|народження|смерть|шлюб	1	ДАЗкО-Р1606-3-49
Р1606	3	5	Колекція церковних метричних книг Закарпаття (ф. 1606), 1715-1920	1907-1928	метрична книга|народження|смерть|шлюб	1	ДАЗкО-Р1606-3-5
Р1606	3	50	Колекція церковних метричних книг Закарпаття (ф. 1606), 1715-1920	1839-1851	метрична книга|народження|смерть|шлюб	0	ДАЗкО-Р1606-3-50
Р1606	3	51	Колекція церковних метричних книг Закарпаття (ф. 1606), 1715-1920	1853-1943	метрична книга|народження|смерть|шлюб	1	ДАЗкО-Р1606-3-51
Р1606	3	52	Колекція церковних метричних книг Закарпаття (ф. 1606), 1918-1945	1914-1947	метрична книга|смерть|шлюб	1	ДАЗкО-Р1606-3-52
Р1606	3	53	Колекція церковних метричних книг Закарпаття (ф. 1606), 1715-1920	1884-1908	метрична книга|народження|смерть|шлюб	1	ДАЗкО-Р1606-3-53
Р1606	3	54	Колекція церковних метричних книг Закарпаття (ф. 1606), 1715-1920	1908-1922	метрична книга|народження|смерть|шлюб	1	ДАЗкО-Р1606-3-54
Р1606	3	55	Колекція церковних метричних книг Закарпаття (ф. 1606), 1918-1945	1928-1944	метрична книга|народження|смерть|шлюб	1	ДАЗкО-Р1606-3-55
Р1606	3	56	Колекція церковних метричних книг Закарпаття (ф. 1606), 1918-1945	1923-1945	метрична книга|народження|смерть|шлюб	1	ДАЗкО-Р1606-3-56
Р1606	3	57	Колекція церковних метричних книг Закарпаття (ф. 1606), 1715-1920	1840-1882	метрична книга|народження|смерть|шлюб	1	ДАЗкО-Р1606-3-57
Р1606	3	58	Колекція церковних метричних книг Закарпаття (ф. 1606), 1715-1920	1853-1858	метрична книга|народження|смерть|шлюб	1	ДАЗкО-Р1606-3-58
Р1606	3	59	Колекція церковних метричних книг Закарпаття (ф. 1606), 1715-1920	1830-1890	метрична книга|народження|смерть|шлюб	1	ДАЗкО-Р1606-3-59
Р1606	3	6	Колекція церковних метричних книг Закарпаття (ф. 1606), 1715-1920	1929-1944	метрична книга|народження|смерть|шлюб	1	ДАЗкО-Р1606-3-6
Р1606	3	60	Колекція церковних метричних книг Закарпаття (ф. 1606), 1715-1920	1841-1849	метрична книга|народження|смерть|шлюб	1	ДАЗкО-Р1606-3-60
Р1606	3	61	Колекція церковних метричних книг Закарпаття (ф. 1606), 1715-1920	1853-1877	метрична книга|народження|смерть|шлюб	1	ДАЗкО-Р1606-3-61
Р1606	3	62	Колекція церковних метричних книг Закарпаття (ф. 1606), 1715-1920	1862-1897	метрична книга|народження|смерть|шлюб	1	ДАЗкО-Р1606-3-62
Р1606	3	63	Колекція церковних метричних книг Закарпаття (ф. 1606), 1715-1920	1878-1949	метрична книга|народження|смерть|шлюб	1	ДАЗкО-Р1606-3-63
Р1606	3	64	Колекція церковних метричних книг Закарпаття (ф. 1606), 1918-1945	1926-1949	метрична книга|народження|смерть|шлюб	1	ДАЗкО-Р1606-3-64
Р1606	3	65	Колекція церковних метричних книг Закарпаття (ф. 1606), 1715-1920	1807-1882	метрична книга|народження|смерть|шлюб	1	ДАЗкО-Р1606-3-65
Р1606	3	66	Колекція церковних метричних книг Закарпаття (ф. 1606), 1715-1920	1831-1838	метрична книга|народження|смерть|шлюб	1	ДАЗкО-Р1606-3-66
Р1606	3	67	Колекція церковних метричних книг Закарпаття (ф. 1606), 1715-1920	1863-1882	метрична книга|народження|смерть|шлюб	1	ДАЗкО-Р1606-3-67
Р1606	3	68	Колекція церковних метричних книг Закарпаття (ф. 1606), 1715-1920	1883-1906	метрична книга|народження|смерть|шлюб	1	ДАЗкО-Р1606-3-68
Р1606	3	69	Колекція церковних метричних книг Закарпаття (ф. 1606), 1715-1920	1907-1931	метрична книга|народження|смерть|шлюб	1	ДАЗкО-Р1606-3-69
Р1606	3	7	Колекція церковних метричних книг Закарпаття (ф. 1606), 1715-1920	1836-1860	метрична книга|народження|смерть|шлюб	1	ДАЗкО-Р1606-3-7
Р1606	3	70	Колекція церковних метричних книг Закарпаття (ф. 1606), 1918-1945	1944-1947	метрична книга|народження|смерть|шлюб	1	ДАЗкО-Р1606-3-70
Р1606	3	71	Колекція церковних метричних книг Закарпаття (ф. 1606), 1918-1945	1944-1947	метрична книга|народження|смерть|шлюб	1	ДАЗкО-Р1606-3-71
Р1606	3	72	Колекція церковних метричних книг Закарпаття (ф. 1606), 1715-1920	1875-1909	метрична книга|народження|смерть	1	ДАЗкО-Р1606-3-72
Р1606	3	73	Колекція церковних метричних книг Закарпаття (ф. 1606), 1715-1920	1879-1921	метрична книга|народження|смерть	1	ДАЗкО-Р1606-3-73
Р1606	3	74	Колекція церковних метричних книг Закарпаття (ф. 1606), 1715-1920	1910-1931	метрична книга|народження|смерть	1	ДАЗкО-Р1606-3-74
Р1606	3	75	Колекція церковних метричних книг Закарпаття (ф. 1606), 1918-1945	1934-1947	метрична книга|народження|смерть	1	ДАЗкО-Р1606-3-75
Р1606	3	76	Колекція церковних метричних книг Закарпаття (ф. 1606), 1715-1920	1790-1887	метрична книга|народження|смерть|шлюб	1	ДАЗкО-Р1606-3-76
Р1606	3	77	Колекція церковних метричних книг Закарпаття (ф. 1606), 1715-1920	1839-1875	метрична книга|народження|смерть	1	ДАЗкО-Р1606-3-77
Р1606	3	78	Колекція церковних метричних книг Закарпаття (ф. 1606), 1918-1945	1907-1954	метрична книга|народження|смерть|шлюб	1	ДАЗкО-Р1606-3-78
Р1606	3	79	Колекція церковних метричних книг Закарпаття (ф. 1606), 1715-1920	1853-1885	метрична книга|народження|смерть|шлюб	1	ДАЗкО-Р1606-3-79
Р1606	3	8	Колекція церковних метричних книг Закарпаття (ф. 1606), 1715-1920	1862-1896	метрична книга|народження|смерть|шлюб	1	ДАЗкО-Р1606-3-8
Р1606	3	80	Колекція церковних метричних книг Закарпаття (ф. 1606), 1715-1920	1886-1928	метрична книга|народження|смерть|шлюб	1	ДАЗкО-Р1606-3-80
Р1606	3	81	Колекція церковних метричних книг Закарпаття (ф. 1606), 1918-1945	1925-1941	метрична книга|народження|смерть|шлюб	1	ДАЗкО-Р1606-3-81
Р1606	3	82	Колекція церковних метричних книг Закарпаття (ф. 1606), 1715-1920	1862-1891	метрична книга|народження|смерть|шлюб	1	ДАЗкО-Р1606-3-82
Р1606	3	83	Колекція церковних метричних книг Закарпаття (ф. 1606), 1715-1920	1853-1883	метрична книга|народження|смерть|шлюб	1	ДАЗкО-Р1606-3-83
Р1606	3	84	Колекція церковних метричних книг Закарпаття (ф. 1606), 1715-1920	1884-1934	метрична книга|народження|смерть|шлюб	1	ДАЗкО-Р1606-3-84
Р1606	3	85	Колекція церковних метричних книг Закарпаття (ф. 1606), 1918-1945	1934-1946	метрична книга|народження|смерть|шлюб	1	ДАЗкО-Р1606-3-85
Р1606	3	86	Колекція церковних метричних книг Закарпаття (ф. 1606), 1715-1920	1837-1871	метрична книга|народження|смерть|шлюб	1	ДАЗкО-Р1606-3-86
Р1606	3	87	Колекція церковних метричних книг Закарпаття (ф. 1606), 1715-1920	1865-1903	метрична книга|народження	1	ДАЗкО-Р1606-3-87
Р1606	3	88	Колекція церковних метричних книг Закарпаття (ф. 1606), 1715-1920	1872-1914	метрична книга|народження	1	ДАЗкО-Р1606-3-88
Р1606	3	89	Колекція церковних метричних книг Закарпаття (ф. 1606), 1715-1920	1905-1915	метрична книга|народження	1	ДАЗкО-Р1606-3-89
Р1606	3	9	Колекція церковних метричних книг Закарпаття (ф. 1606), 1715-1920	1906-1932	метрична книга|народження|смерть|шлюб	1	ДАЗкО-Р1606-3-9
Р1606	3	90	Колекція церковних метричних книг Закарпаття (ф. 1606), 1918-1945	1916-1930	метрична книга|народження	1	ДАЗкО-Р1606-3-90
Р1606	3	91	Колекція церковних метричних книг Закарпаття (ф. 1606), 1715-1920	1861-1885	метрична книга|народження|смерть|шлюб	1	ДАЗкО-Р1606-3-91
Р1606	3	92	Колекція церковних метричних книг Закарпаття (ф. 1606), 1715-1920	1788-1840	метрична книга|народження|смерть|шлюб	1	ДАЗкО-Р1606-3-92
Р1606	3	93	Колекція церковних метричних книг Закарпаття (ф. 1606), 1715-1920	1841-1861	метрична книга|народження|смерть|шлюб	1	ДАЗкО-Р1606-3-93
Р1606	3	94	Колекція церковних метричних книг Закарпаття (ф. 1606), 1715-1920	1862-1896	метрична книга|смерть|шлюб	1	ДАЗкО-Р1606-3-94
Р1606	3	95	Колекція церковних метричних книг Закарпаття (ф. 1606), 1715-1920	1789-1826	метрична книга|народження|смерть|шлюб	1	ДАЗкО-Р1606-3-95
Р1606	3	96	Колекція церковних метричних книг Закарпаття (ф. 1606), 1715-1920	1826-1841	метрична книга|народження|смерть|шлюб	1	ДАЗкО-Р1606-3-96
Р1606	3	97	Колекція церковних метричних книг Закарпаття (ф. 1606), 1715-1920	1842-1862	метрична книга|народження|смерть|шлюб	1	ДАЗкО-Р1606-3-97
Р1606	3	98	Колекція церковних метричних книг Закарпаття (ф. 1606), 1715-1920	1862-1883	метрична книга|народження|смерть|шлюб	1	ДАЗкО-Р1606-3-98
Р1606	3	99	Колекція церковних метричних книг Закарпаття (ф. 1606), 1715-1920	1884-1911	метрична книга|народження|смерть|шлюб	1	ДАЗкО-Р1606-3-99
Р1606	4	1	Колекція церковних метричних книг Закарпаття (ф. 1606), 1715-1920	1861-1889	метрична книга|народження|смерть|шлюб	1	ДАЗкО-Р1606-4-1
Р1606	4	10	Колекція церковних метричних книг Закарпаття (ф. 1606), 1715-1920	1785-1831	метрична книга|народження	1	ДАЗкО-Р1606-4-10
Р1606	4	11	Колекція церковних метричних книг Закарпаття (ф. 1606), 1715-1920	1785-1846	метрична книга|шлюб	1	ДАЗкО-Р1606-4-11
Р1606	4	12	Колекція церковних метричних книг Закарпаття (ф. 1606), 1715-1920	1831-1895	метрична книга|народження|смерть|шлюб	1	ДАЗкО-Р1606-4-12
Р1606	4	13	Колекція церковних метричних книг Закарпаття (ф. 1606), 1715-1920	1836-1849	метрична книга|народження|шлюб	1	ДАЗкО-Р1606-4-13
Р1606	4	14	Колекція церковних метричних книг Закарпаття (ф. 1606), 1715-1920	1862-1888	метрична книга|народження|смерть|шлюб	1	ДАЗкО-Р1606-4-14
Р1606	4	15	Колекція церковних метричних книг Закарпаття (ф. 1606), 1715-1920	1842-1861	метрична книга|народження	1	ДАЗкО-Р1606-4-15
Р1606	4	16	Колекція церковних метричних книг Закарпаття (ф. 1606), 1715-1920	1860-1890	метрична книга|народження	1	ДАЗкО-Р1606-4-16
Р1606	4	17	Колекція церковних метричних книг Закарпаття (ф. 1606), 1715-1920	1819-1851	метрична книга|народження|смерть	1	ДАЗкО-Р1606-4-17
Р1606	4	18	Колекція церковних метричних книг Закарпаття (ф. 1606), 1715-1920	1883-1900	метрична книга|народження|смерть|шлюб	1	ДАЗкО-Р1606-4-18
Р1606	4	19	Колекція церковних метричних книг Закарпаття (ф. 1606), 1715-1920	1901-1908	метрична книга|народження|смерть|шлюб	1	ДАЗкО-Р1606-4-19
Р1606	4	2	Колекція церковних метричних книг Закарпаття (ф. 1606), 1715-1920	1862-1884	метрична книга|народження|смерть|шлюб	1	ДАЗкО-Р1606-4-2
Р1606	4	20	Колекція церковних метричних книг Закарпаття (ф. 1606), 1715-1920	1909-1920	метрична книга|народження|смерть|шлюб	1	ДАЗкО-Р1606-4-20
Р1606	4	21	Колекція церковних метричних книг Закарпаття (ф. 1606), 1918-1945	1924-1947	метрична книга|народження|смерть|шлюб	1	ДАЗкО-Р1606-4-21
Р1606	4	22	Колекція церковних метричних книг Закарпаття (ф. 1606), 1918-1945	1927-1948	метрична книга|народження|смерть|шлюб	1	ДАЗкО-Р1606-4-22
Р1606	4	23	Колекція церковних метричних книг Закарпаття (ф. 1606), 1918-1945	1927-1946	метрична книга|народження|смерть|шлюб	1	ДАЗкО-Р1606-4-23
Р1606	4	24	Колекція церковних метричних книг Закарпаття (ф. 1606), 1715-1920	1905-1906	метрична книга|смерть	1	ДАЗкО-Р1606-4-24
Р1606	4	25	Колекція церковних метричних книг Закарпаття (ф. 1606), 1715-1920	1891-1902	метрична книга|народження	1	ДАЗкО-Р1606-4-25
Р1606	4	26	Колекція церковних метричних книг Закарпаття (ф. 1606), 1918-1945	1929-1938		1	ДАЗкО-Р1606-4-26
Р1606	4	27	Колекція церковних метричних книг Закарпаття (ф. 1606), 1715-1920	1897-1897		1	ДАЗкО-Р1606-4-27
Р1606	4	28	Колекція церковних метричних книг Закарпаття (ф. 1606), 1715-1920	1898-1899		1	ДАЗкО-Р1606-4-28
Р1606	4	29	Колекція церковних метричних книг Закарпаття (ф. 1606), 1715-1920	1899-1904		1	ДАЗкО-Р1606-4-29
Р1606	4	3	Колекція церковних метричних книг Закарпаття (ф. 1606), 1715-1920	1862-1885	метрична книга|народження|смерть|шлюб	1	ДАЗкО-Р1606-4-3
Р1606	4	30	Колекція церковних метричних книг Закарпаття (ф. 1606), 1715-1920	1902-1948	метрична книга|народження	1	ДАЗкО-Р1606-4-30
Р1606	4	31	Колекція церковних метричних книг Закарпаття (ф. 1606), 1715-1920	1895-1902		1	ДАЗкО-Р1606-4-31
Р1606	4	32	Колекція церковних метричних книг Закарпаття (ф. 1606), 1715-1920	1895-1906		1	ДАЗкО-Р1606-4-32
Р1606	4	33	Колекція церковних метричних книг Закарпаття (ф. 1606), 1715-1920	1899-1902		1	ДАЗкО-Р1606-4-33
Р1606	4	34	Колекція церковних метричних книг Закарпаття (ф. 1606), 1715-1920	1901-1904		1	ДАЗкО-Р1606-4-34
Р1606	4	35	Колекція церковних метричних книг Закарпаття (ф. 1606), 1715-1920	1898-1948	метрична книга|смерть|шлюб	1	ДАЗкО-Р1606-4-35
Р1606	4	36	Колекція церковних метричних книг Закарпаття (ф. 1606), 1918-1945	1934-1948		1	ДАЗкО-Р1606-4-36
Р1606	4	37	Колекція церковних метричних книг Закарпаття (ф. 1606), 1715-1920	1907-1913		1	ДАЗкО-Р1606-4-37
Р1606	4	38	Колекція церковних метричних книг Закарпаття (ф. 1606), 1715-1920	1892-1907	метрична книга|народження	1	ДАЗкО-Р1606-4-38
Р1606	4	39	Колекція церковних метричних книг Закарпаття (ф. 1606), 1715-1920	1907-1917	метрична книга|народження	1	ДАЗкО-Р1606-4-39
Р1606	4	4	Колекція церковних метричних книг Закарпаття (ф. 1606), 1715-1920	1797-1861	метрична книга|народження|смерть|шлюб	1	ДАЗкО-Р1606-4-4
Р1606	4	40	Колекція церковних метричних книг Закарпаття (ф. 1606), 1918-1945	1917-1947	метрична книга|народження	1	ДАЗкО-Р1606-4-40
Р1606	4	41	Колекція церковних метричних книг Закарпаття (ф. 1606), 1918-1945	1928-1948	метрична книга|смерть	1	ДАЗкО-Р1606-4-41
Р1606	4	42	Колекція церковних метричних книг Закарпаття (ф. 1606), 1715-1920	1914-1917	метрична книга|смерть	1	ДАЗкО-Р1606-4-42
Р1606	4	43	Колекція церковних метричних книг Закарпаття (ф. 1606), 1918-1945	1901-1928	метрична книга|смерть|шлюб	1	ДАЗкО-Р1606-4-43
Р1606	4	44	Колекція церковних метричних книг Закарпаття (ф. 1606), 1918-1945	1936-1948	метрична книга|шлюб	1	ДАЗкО-Р1606-4-44
Р1606	4	45	Колекція церковних метричних книг Закарпаття (ф. 1606), 1715-1920	1861-1904	метрична книга|народження|смерть|шлюб	1	ДАЗкО-Р1606-4-45
Р1606	4	46	Колекція церковних метричних книг Закарпаття (ф. 1606), 1715-1920	1893-1905	метрична книга|народження	1	ДАЗкО-Р1606-4-46
Р1606	4	47	Колекція церковних метричних книг Закарпаття (ф. 1606), 1918-1945	1905-1948	метрична книга|народження	1	ДАЗкО-Р1606-4-47
Р1606	4	48	Колекція церковних метричних книг Закарпаття (ф. 1606), 1715-1920	1885-1913	метрична книга|народження|смерть|шлюб	1	ДАЗкО-Р1606-4-48
Р1606	4	49	Колекція церковних метричних книг Закарпаття (ф. 1606), 1715-1920	1908-1932	метрична книга|народження|смерть	1	ДАЗкО-Р1606-4-49
Р1606	4	5	Колекція церковних метричних книг Закарпаття (ф. 1606), 1715-1920	1862-1876	метрична книга|народження|смерть|шлюб	1	ДАЗкО-Р1606-4-5
Р1606	4	50	Колекція церковних метричних книг Закарпаття (ф. 1606), 1918-1945	1937-1948	метрична книга|народження	1	ДАЗкО-Р1606-4-50
Р1606	4	51	Колекція церковних метричних книг Закарпаття (ф. 1606), 1918-1945	1928-1947	метрична книга|народження|смерть|шлюб	1	ДАЗкО-Р1606-4-51
Р1606	4	52	Колекція церковних метричних книг Закарпаття (ф. 1606), 1918-1945	1904-1949	метрична книга|смерть	1	ДАЗкО-Р1606-4-52
Р1606	4	53	Колекція церковних метричних книг Закарпаття (ф. 1606), 1918-1945	1916-1948	метрична книга|шлюб	1	ДАЗкО-Р1606-4-53
Р1606	4	54	Колекція церковних метричних книг Закарпаття (ф. 1606), 1715-1920	1846-1908	метрична книга|народження|смерть|шлюб	1	ДАЗкО-Р1606-4-54
Р1606	4	55	Колекція церковних метричних книг Закарпаття (ф. 1606), 1715-1920	1886-1909	метрична книга|народження|смерть	1	ДАЗкО-Р1606-4-55
Р1606	4	56	Колекція церковних метричних книг Закарпаття (ф. 1606), 1715-1920	1894-1938	метрична книга|народження	1	ДАЗкО-Р1606-4-56
Р1606	4	57	Колекція церковних метричних книг Закарпаття (ф. 1606), 1918-1945	1909-1932	метрична книга|народження|смерть|шлюб	1	ДАЗкО-Р1606-4-57
Р1606	4	58	Колекція церковних метричних книг Закарпаття (ф. 1606), 1918-1945	1931-1948	метрична книга|народження	1	ДАЗкО-Р1606-4-58
Р1606	4	59	Колекція церковних метричних книг Закарпаття (ф. 1606), 1918-1945	1938-1949	метрична книга|народження	1	ДАЗкО-Р1606-4-59
Р1606	4	6	Колекція церковних метричних книг Закарпаття (ф. 1606), 1715-1920	1862-1880	метрична книга|народження|смерть|шлюб	1	ДАЗкО-Р1606-4-6
Р1606	4	60	Колекція церковних метричних книг Закарпаття (ф. 1606), 1918-1945	1908-1948	метрична книга|смерть	1	ДАЗкО-Р1606-4-60
Р1606	4	61	Колекція церковних метричних книг Закарпаття (ф. 1606), 1918-1945	1933-1948	метрична книга|смерть|шлюб	1	ДАЗкО-Р1606-4-61
Р1606	4	62	Колекція церковних метричних книг Закарпаття (ф. 1606), 1918-1945	1922-1948	метрична книга|шлюб	1	ДАЗкО-Р1606-4-62
Р1606	4	63	Колекція церковних метричних книг Закарпаття (ф. 1606), 1715-1920	1890-1922	метрична книга|народження|смерть|шлюб	1	ДАЗкО-Р1606-4-63
Р1606	4	64	Колекція церковних метричних книг Закарпаття (ф. 1606), 1715-1920	1895-1896	метрична книга|народження	1	ДАЗкО-Р1606-4-64
Р1606	4	65	Колекція церковних метричних книг Закарпаття (ф. 1606), 1918-1945	1912-1948	метрична книга|народження	1	ДАЗкО-Р1606-4-65
Р1606	4	66	Колекція церковних метричних книг Закарпаття (ф. 1606), 1918-1945	1922-1946	метрична книга|смерть	1	ДАЗкО-Р1606-4-66
Р1606	4	67	Колекція церковних метричних книг Закарпаття (ф. 1606), 1715-1920	1889-1916	метрична книга|народження	1	ДАЗкО-Р1606-4-67
Р1606	4	68	Колекція церковних метричних книг Закарпаття (ф. 1606), 1715-1920	1880-1907	метрична книга|народження|смерть|шлюб	1	ДАЗкО-Р1606-4-68
Р1606	4	69	Колекція церковних метричних книг Закарпаття (ф. 1606), 1918-1945	1907-1936	метрична книга|народження|смерть|шлюб	1	ДАЗкО-Р1606-4-69
Р1606	4	7	Колекція церковних метричних книг Закарпаття (ф. 1606), 1715-1920	1876-1890	метрична книга|народження|смерть|шлюб	1	ДАЗкО-Р1606-4-7
Р1606	4	70	Колекція церковних метричних книг Закарпаття (ф. 1606), 1918-1945	1934-1948	метрична книга|народження	1	ДАЗкО-Р1606-4-70
Р1606	4	71	Метрична книга. Церква с. Верб'яж, Воловецького р-ну Закарпатської обл.	1937-1948	метрична книга|смерть|шлюб	0	ДАЗкО-Р1606-4-71
Р1606	4	72	Колекція церковних метричних книг Закарпаття (ф. 1606), 1715-1920	1906-1906		1	ДАЗкО-Р1606-4-72
Р1606	4	73	Колекція церковних метричних книг Закарпаття (ф. 1606), 1715-1920	1886-1904	метрична книга|народження|смерть|шлюб	1	ДАЗкО-Р1606-4-73
Р1606	4	74	Колекція церковних метричних книг Закарпаття (ф. 1606), 1715-1920	1906-1925	метрична книга|народження|смерть|шлюб	1	ДАЗкО-Р1606-4-74
Р1606	4	75	Колекція церковних метричних книг Закарпаття (ф. 1606), 1918-1945	1939-1948	метрична книга|народження|смерть|шлюб	1	ДАЗкО-Р1606-4-75
Р1606	4	76	Колекція церковних метричних книг Закарпаття (ф. 1606), 1715-1920	1891-1909	метрична книга|народження|смерть|шлюб	1	ДАЗкО-Р1606-4-76
Р1606	4	77	Колекція церковних метричних книг Закарпаття (ф. 1606), 1715-1920	1909-1924	метрична книга|народження|смерть|шлюб	1	ДАЗкО-Р1606-4-77
Р1606	4	78	Колекція церковних метричних книг Закарпаття (ф. 1606), 1918-1945	1924-1947	метрична книга|народження|смерть|шлюб	1	ДАЗкО-Р1606-4-78
Р1606	4	79	Колекція церковних метричних книг Закарпаття (ф. 1606), 1918-1945	1906-1947	метрична книга|народження|смерть|шлюб	1	ДАЗкО-Р1606-4-79
Р1606	4	8	Колекція церковних метричних книг Закарпаття (ф. 1606), 1715-1920	1862-1888	метрична книга|смерть	1	ДАЗкО-Р1606-4-8
Р1606	4	9	Колекція церковних метричних книг Закарпаття (ф. 1606), 1715-1920	1785-1836		1	ДАЗкО-Р1606-4-9
Р1606	5	1	Колекція церковних метричних книг Закарпаття (ф. 1606), 1715-1920	1887-1895	метрична книга|народження|смерть|шлюб	0	ДАЗкО-Р1606-5-1
Р1606	5	10	Колекція церковних метричних книг Закарпаття (ф. 1606), 1715-1920	1863-1897		0	ДАЗкО-Р1606-5-10
Р1606	5	11	Колекція церковних метричних книг Закарпаття (ф. 1606), 1715-1920	1871-1888		1	ДАЗкО-Р1606-5-11
Р1606	5	12	Колекція церковних метричних книг Закарпаття (ф. 1606), 1715-1920	1826-1860		1	ДАЗкО-Р1606-5-12
Р1606	5	13	Колекція церковних метричних книг Закарпаття (ф. 1606), 1715-1920	1881-1913		1	ДАЗкО-Р1606-5-13
Р1606	5	14	Колекція церковних метричних книг Закарпаття (ф. 1606), 1715-1920	1840-1860		1	ДАЗкО-Р1606-5-14
Р1606	5	15	Колекція церковних метричних книг Закарпаття (ф. 1606), 1715-1920	1854-1894	метрична книга|шлюб	1	ДАЗкО-Р1606-5-15
Р1606	5	16	Колекція церковних метричних книг Закарпаття (ф. 1606), 1715-1920	1827-1852	метрична книга|смерть	1	ДАЗкО-Р1606-5-16
Р1606	5	17	Колекція церковних метричних книг Закарпаття (ф. 1606), 1715-1920	1826-1860		1	ДАЗкО-Р1606-5-17
Р1606	5	18	Колекція церковних метричних книг Закарпаття (ф. 1606), 1715-1920	1883-1929	метрична книга|шлюб	1	ДАЗкО-Р1606-5-18
Р1606	5	19	Колекція церковних метричних книг Закарпаття (ф. 1606), 1715-1920	1861-1879	метрична книга|народження|смерть|шлюб	1	ДАЗкО-Р1606-5-19
Р1606	5	2	Колекція церковних метричних книг Закарпаття (ф. 1606), 1715-1920	1814-1876	метрична книга|народження|смерть|шлюб	1	ДАЗкО-Р1606-5-2
Р1606	5	20	Колекція церковних метричних книг Закарпаття (ф. 1606), 1715-1920	1872-1889	метрична книга|народження|смерть|шлюб	1	ДАЗкО-Р1606-5-20
Р1606	5	21	Колекція церковних метричних книг Закарпаття (ф. 1606), 1715-1920	1832-1861	метрична книга|народження|смерть|шлюб	1	ДАЗкО-Р1606-5-21
Р1606	5	22	Колекція церковних метричних книг Закарпаття (ф. 1606), 1715-1920	1861-1906	метрична книга|народження|смерть|шлюб	1	ДАЗкО-Р1606-5-22
Р1606	5	23	Колекція церковних метричних книг Закарпаття (ф. 1606), 1715-1920	1913-1953	метрична книга|народження	1	ДАЗкО-Р1606-5-23
Р1606	5	24	Колекція церковних метричних книг Закарпаття (ф. 1606), 1715-1920	1883-1899	метрична книга|народження	1	ДАЗкО-Р1606-5-24
Р1606	5	25	Колекція церковних метричних книг Закарпаття (ф. 1606), 1715-1920	1861-1872	метрична книга|народження|смерть|шлюб	1	ДАЗкО-Р1606-5-25
Р1606	5	26	Колекція церковних метричних книг Закарпаття (ф. 1606), 1715-1920	1891-1924	метрична книга|народження	1	ДАЗкО-Р1606-5-26
Р1606	5	27	Колекція церковних метричних книг Закарпаття (ф. 1606), 1715-1920	1900-1915	метрична книга|народження	1	ДАЗкО-Р1606-5-27
Р1606	5	28	Колекція церковних метричних книг Закарпаття (ф. 1606), 1715-1920	1929-1952	метрична книга|народження	1	ДАЗкО-Р1606-5-28
Р1606	5	29	Колекція церковних метричних книг Закарпаття (ф. 1606), 1715-1920	1879-1902	метрична книга|смерть|шлюб	1	ДАЗкО-Р1606-5-29
Р1606	5	3	Колекція церковних метричних книг Закарпаття (ф. 1606), 1715-1920	1861-1880	метрична книга|народження|смерть|шлюб	1	ДАЗкО-Р1606-5-3
Р1606	5	30	Колекція церковних метричних книг Закарпаття (ф. 1606), 1715-1920	1915-1926	метрична книга|народження|смерть|шлюб	1	ДАЗкО-Р1606-5-30
Р1606	5	31	Колекція церковних метричних книг Закарпаття (ф. 1606), 1715-1920	1877-1911	метрична книга|народження|смерть|шлюб	1	ДАЗкО-Р1606-5-31
Р1606	5	32	Колекція церковних метричних книг Закарпаття (ф. 1606), 1715-1920	1888-1907	метрична книга|народження	1	ДАЗкО-Р1606-5-32
Р1606	5	33	Колекція церковних метричних книг Закарпаття (ф. 1606), 1715-1920	1861-1883	метрична книга|народження|смерть|шлюб	0	ДАЗкО-Р1606-5-33
Р1606	5	34	Колекція церковних метричних книг Закарпаття (ф. 1606), 1715-1920	1878-1907	метрична книга|народження|смерть|шлюб	1	ДАЗкО-Р1606-5-34
Р1606	5	35	Колекція церковних метричних книг Закарпаття (ф. 1606), 1715-1920	1908-1926	метрична книга|народження|смерть|шлюб	1	ДАЗкО-Р1606-5-35
Р1606	5	36	Метрична книга. Церква с. Довге, Іршавського р-ну Закарпатської обл.	1881-1901	метрична книга|народження|смерть|шлюб	0	ДАЗкО-Р1606-5-36
Р1606	5	37	Колекція церковних метричних книг Закарпаття (ф. 1606), 1715-1920	1883-1936	метрична книга|народження|смерть|шлюб	1	ДАЗкО-Р1606-5-37
Р1606	5	38	Колекція церковних метричних книг Закарпаття (ф. 1606), 1715-1920	1873-1885		1	ДАЗкО-Р1606-5-38
Р1606	5	39	Колекція церковних метричних книг Закарпаття (ф. 1606), 1715-1920	1822-1829	метрична книга|народження|смерть|шлюб	1	ДАЗкО-Р1606-5-39
Р1606	5	4	Колекція церковних метричних книг Закарпаття (ф. 1606), 1715-1920	1861-1873	метрична книга|народження|смерть|шлюб	1	ДАЗкО-Р1606-5-4
Р1606	5	40	Колекція церковних метричних книг Закарпаття (ф. 1606), 1715-1920	1916-1945	метрична книга|народження	1	ДАЗкО-Р1606-5-40
Р1606	5	41	Колекція церковних метричних книг Закарпаття (ф. 1606), 1715-1920	1879-1948	метрична книга|шлюб	1	ДАЗкО-Р1606-5-41
Р1606	5	42	Колекція церковних метричних книг Закарпаття (ф. 1606), 1715-1920	1893-1914	метрична книга|народження|шлюб	1	ДАЗкО-Р1606-5-42
Р1606	5	43	Колекція церковних метричних книг Закарпаття (ф. 1606), 1715-1920	1906-1921	метрична книга|народження|смерть|шлюб	1	ДАЗкО-Р1606-5-43
Р1606	5	44	Колекція церковних метричних книг Закарпаття (ф. 1606), 1715-1920	1905-1945	метрична книга|народження|смерть|шлюб	1	ДАЗкО-Р1606-5-44
Р1606	5	45	Колекція церковних метричних книг Закарпаття (ф. 1606), 1715-1920	1863-1884	метрична книга|народження|смерть|шлюб	1	ДАЗкО-Р1606-5-45
Р1606	5	46	Колекція церковних метричних книг Закарпаття (ф. 1606), 1715-1920	1882-1926	метрична книга|народження|смерть|шлюб	1	ДАЗкО-Р1606-5-46
Р1606	5	47	Колекція церковних метричних книг Закарпаття (ф. 1606), 1715-1920	1923-1932	метрична книга|народження	1	ДАЗкО-Р1606-5-47
Р1606	5	48	Колекція церковних метричних книг Закарпаття (ф. 1606), 1715-1920	1897-1921		1	ДАЗкО-Р1606-5-48
Р1606	5	49	Колекція церковних метричних книг Закарпаття (ф. 1606), 1715-1920	1873-1943	метрична книга|народження	1	ДАЗкО-Р1606-5-49
Р1606	5	5	Колекція церковних метричних книг Закарпаття (ф. 1606), 1715-1920	1880-1924	метрична книга|народження|смерть|шлюб	0	ДАЗкО-Р1606-5-5
Р1606	5	50	Колекція церковних метричних книг Закарпаття (ф. 1606), 1715-1920	1820-1877	метрична книга|народження	1	ДАЗкО-Р1606-5-50
Р1606	5	51	Колекція церковних метричних книг Закарпаття (ф. 1606), 1715-1920	1926-1946	метрична книга|народження|смерть|шлюб	1	ДАЗкО-Р1606-5-51
Р1606	5	6	Колекція церковних метричних книг Закарпаття (ф. 1606), 1715-1920	1860-1876		1	ДАЗкО-Р1606-5-6
Р1606	5	7	Колекція церковних метричних книг Закарпаття (ф. 1606), 1715-1920	1858-1898		1	ДАЗкО-Р1606-5-7
Р1606	5	8	Колекція церковних метричних книг Закарпаття (ф. 1606), 1715-1920	1871-1891		1	ДАЗкО-Р1606-5-8
Р1606	5	9	Колекція церковних метричних книг Закарпаття (ф. 1606), 1715-1920	1831-1860		1	ДАЗкО-Р1606-5-9
Р1606	6	1	Колекція церковних метричних книг Закарпаття (ф. 1606), 1715-1920	1878-1892	метрична книга|народження|смерть|шлюб	1	ДАЗкО-Р1606-6-1
Р1606	6	10	Колекція церковних метричних книг Закарпаття (ф. 1606), 1715-1920	1875-1915	метрична книга|народження	1	ДАЗкО-Р1606-6-10
Р1606	6	11	Колекція церковних метричних книг Закарпаття (ф. 1606), 1918-1945	1924-1939	метрична книга|народження|смерть|шлюб	1	ДАЗкО-Р1606-6-11
Р1606	6	12	Колекція церковних метричних книг Закарпаття (ф. 1606), 1918-1945	1943-1944	метрична книга|народження	1	ДАЗкО-Р1606-6-12
Р1606	6	13	Колекція церковних метричних книг Закарпаття (ф. 1606), 1918-1945	1931-1946	метрична книга|народження|смерть|шлюб	1	ДАЗкО-Р1606-6-13
Р1606	6	14	Колекція церковних метричних книг Закарпаття (ф. 1606), 1918-1945	1938-1944	метрична книга|народження|смерть|шлюб	1	ДАЗкО-Р1606-6-14
Р1606	6	15	Колекція церковних метричних книг Закарпаття (ф. 1606), 1715-1920	1896-1946	метрична книга|шлюб	1	ДАЗкО-Р1606-6-15
Р1606	6	15А	Колекція церковних метричних книг Закарпаття (ф. 1606), 1715-1920	1861-1896		1	ДАЗкО-Р1606-6-15А
Р1606	6	15Б	Колекція церковних метричних книг Закарпаття (ф. 1606), 1715-1920	1833-1862		1	ДАЗкО-Р1606-6-15Б
Р1606	6	15В	Колекція церковних метричних книг Закарпаття (ф. 1606), 1715-1920	1817-1833		1	ДАЗкО-Р1606-6-15В
Р1606	6	15Г	Колекція церковних метричних книг Закарпаття (ф. 1606), 1715-1920	1861-1883		1	ДАЗкО-Р1606-6-15Г
Р1606	6	15Ґ	Колекція церковних метричних книг Закарпаття (ф. 1606), 1715-1920	1861-1878		1	ДАЗкО-Р1606-6-15Ґ
Р1606	6	16	Колекція церковних метричних книг Закарпаття (ф. 1606), 1918-1945	1932-1949	метрична книга|народження|смерть|шлюб	1	ДАЗкО-Р1606-6-16
Р1606	6	17	Колекція церковних метричних книг Закарпаття (ф. 1606), 1715-1920	1895-1934	метрична книга|шлюб	1	ДАЗкО-Р1606-6-17
Р1606	6	18	Колекція церковних метричних книг Закарпаття (ф. 1606), 1715-1920	1908-1927	метрична книга|народження|смерть	1	ДАЗкО-Р1606-6-18
Р1606	6	19	Колекція церковних метричних книг Закарпаття (ф. 1606), 1918-1945	1923-1939	метрична книга|народження|смерть	1	ДАЗкО-Р1606-6-19
Р1606	6	1А	Колекція церковних метричних книг Закарпаття (ф. 1606), 1715-1920	1850-1861		1	ДАЗкО-Р1606-6-1А
Р1606	6	1Б	Колекція церковних метричних книг Закарпаття (ф. 1606), 1715-1920	1817-1832		1	ДАЗкО-Р1606-6-1Б
Р1606	6	1В	Колекція церковних метричних книг Закарпаття (ф. 1606), 1715-1920	1838-1854		1	ДАЗкО-Р1606-6-1В
Р1606	6	2	Колекція церковних метричних книг Закарпаття (ф. 1606), 1715-1920	1904-1912	метрична книга|народження|смерть|шлюб	1	ДАЗкО-Р1606-6-2
Р1606	6	20	Колекція церковних метричних книг Закарпаття (ф. 1606), 1918-1945	1942-1947	метрична книга|народження|смерть|шлюб	1	ДАЗкО-Р1606-6-20
Р1606	6	21	Колекція церковних метричних книг Закарпаття (ф. 1606), 1918-1945	1922-1947	метрична книга|народження|шлюб	1	ДАЗкО-Р1606-6-21
Р1606	6	22	Колекція церковних метричних книг Закарпаття (ф. 1606), 1918-1945	1920-1941	метрична книга|народження|смерть|шлюб	1	ДАЗкО-Р1606-6-22
Р1606	6	22А	Колекція церковних метричних книг Закарпаття (ф. 1606), 1715-1920	1861-1877		1	ДАЗкО-Р1606-6-22А
Р1606	6	22Б	Колекція церковних метричних книг Закарпаття (ф. 1606), 1715-1920	1817-1861		1	ДАЗкО-Р1606-6-22Б
Р1606	6	23	Колекція церковних метричних книг Закарпаття (ф. 1606), 1918-1945	1942-1947	метрична книга|народження|смерть|шлюб	1	ДАЗкО-Р1606-6-23
Р1606	6	24	Колекція церковних метричних книг Закарпаття (ф. 1606), 1715-1920	1908-1931	метрична книга|народження|смерть|шлюб	1	ДАЗкО-Р1606-6-24
Р1606	6	25	Колекція церковних метричних книг Закарпаття (ф. 1606), 1918-1945	1922-1947		1	ДАЗкО-Р1606-6-25
Р1606	6	26	Колекція церковних метричних книг Закарпаття (ф. 1606), 1918-1945	1941-1947	метрична книга|народження|шлюб	1	ДАЗкО-Р1606-6-26
Р1606	6	27	Колекція церковних метричних книг Закарпаття (ф. 1606), 1918-1945	1924-1928	метрична книга|народження|смерть|шлюб	1	ДАЗкО-Р1606-6-27
Р1606	6	28	Колекція церковних метричних книг Закарпаття (ф. 1606), 1918-1945	1915-1924	метрична книга|народження|смерть|шлюб	1	ДАЗкО-Р1606-6-28
Р1606	6	28А	Колекція церковних метричних книг Закарпаття (ф. 1606), 1715-1920	1862-1882		1	ДАЗкО-Р1606-6-28А
Р1606	6	28Б	Колекція церковних метричних книг Закарпаття (ф. 1606), 1715-1920	1845-1868		1	ДАЗкО-Р1606-6-28Б
Р1606	6	28В	Колекція церковних метричних книг Закарпаття (ф. 1606), 1715-1920	1862-1882		1	ДАЗкО-Р1606-6-28В
Р1606	6	28Г	Колекція церковних метричних книг Закарпаття (ф. 1606), 1715-1920	1862-1880		1	ДАЗкО-Р1606-6-28Г
Р1606	6	28Ґ	Колекція церковних метричних книг Закарпаття (ф. 1606), 1715-1920	1818-1843		1	ДАЗкО-Р1606-6-28Ґ
Р1606	6	29	Колекція церковних метричних книг Закарпаття (ф. 1606), 1918-1945	1920-1946	метрична книга|народження|смерть|шлюб	1	ДАЗкО-Р1606-6-29
Р1606	6	29А	Колекція церковних метричних книг Закарпаття (ф. 1606), 1715-1920	1817-1840		1	ДАЗкО-Р1606-6-29А
Р1606	6	29Б	Колекція церковних метричних книг Закарпаття (ф. 1606), 1715-1920	1862-1886		1	ДАЗкО-Р1606-6-29Б
Р1606	6	29В	Колекція церковних метричних книг Закарпаття (ф. 1606), 1715-1920	1809-1860		1	ДАЗкО-Р1606-6-29В
Р1606	6	2А	Колекція церковних метричних книг Закарпаття (ф. 1606), 1715-1920	1862-1882		1	ДАЗкО-Р1606-6-2А
Р1606	6	3	Колекція церковних метричних книг Закарпаття (ф. 1606), 1715-1920	1886-1916	метрична книга|смерть	1	ДАЗкО-Р1606-6-3
Р1606	6	30	Колекція церковних метричних книг Закарпаття (ф. 1606), 1918-1945	1941-1947	метрична книга|народження|смерть|шлюб	1	ДАЗкО-Р1606-6-30
Р1606	6	31	Колекція церковних метричних книг Закарпаття (ф. 1606), 1918-1945	1920-1940	метрична книга|народження|смерть|шлюб	1	ДАЗкО-Р1606-6-31
Р1606	6	32	Колекція церковних метричних книг Закарпаття (ф. 1606), 1918-1945	1819-1858,1932-1948	метрична книга|народження|смерть	1	ДАЗкО-Р1606-6-32
Р1606	6	33	Колекція церковних метричних книг Закарпаття (ф. 1606), 1715-1920	1879-1902	метрична книга|народження|смерть|шлюб	1	ДАЗкО-Р1606-6-33
Р1606	6	34	Колекція церковних метричних книг Закарпаття (ф. 1606), 1918-1945	1930-1947	метрична книга|народження|смерть|шлюб	1	ДАЗкО-Р1606-6-34
Р1606	6	35	Колекція церковних метричних книг Закарпаття (ф. 1606), 1918-1945	1901-1924	метрична книга|народження|смерть|шлюб	1	ДАЗкО-Р1606-6-35
Р1606	6	36	Колекція церковних метричних книг Закарпаття (ф. 1606), 1918-1945	1916-1930	метрична книга|народження|смерть|шлюб	1	ДАЗкО-Р1606-6-36
Р1606	6	37	Колекція церковних метричних книг Закарпаття (ф. 1606), 1715-1920	1874-1903	метрична книга|народження|смерть|шлюб	1	ДАЗкО-Р1606-6-37
Р1606	6	37А	Колекція церковних метричних книг Закарпаття (ф. 1606), 1715-1920	1852-1861		1	ДАЗкО-Р1606-6-37А
Р1606	6	38	Колекція церковних метричних книг Закарпаття (ф. 1606), 1918-1945	1911-1940	метрична книга|народження|смерть|шлюб	1	ДАЗкО-Р1606-6-38
Р1606	6	39	Колекція церковних метричних книг Закарпаття (ф. 1606), 1918-1945	1923-1947	метрична книга|народження|смерть|шлюб	1	ДАЗкО-Р1606-6-39
Р1606	6	3А	Колекція церковних метричних книг Закарпаття (ф. 1606), 1715-1920	1817-1852		1	ДАЗкО-Р1606-6-3А
Р1606	6	3Б	Колекція церковних метричних книг Закарпаття (ф. 1606), 1715-1920	1819-1858		1	ДАЗкО-Р1606-6-3Б
Р1606	6	4	Колекція церковних метричних книг Закарпаття (ф. 1606), 1918-1945	1928-1945	метрична книга|народження	1	ДАЗкО-Р1606-6-4
Р1606	6	40	Колекція церковних метричних книг Закарпаття (ф. 1606), 1918-1945	1914-1944	метрична книга|народження|смерть|шлюб	1	ДАЗкО-Р1606-6-40
Р1606	6	41	Колекція церковних метричних книг Закарпаття (ф. 1606), 1918-1945	1923-1944	метрична книга|народження|смерть|шлюб	1	ДАЗкО-Р1606-6-41
Р1606	6	42	Колекція церковних метричних книг Закарпаття (ф. 1606), 1918-1945	1942-1947	метрична книга|народження|смерть|шлюб	1	ДАЗкО-Р1606-6-42
Р1606	6	43	Колекція церковних метричних книг Закарпаття (ф. 1606), 1918-1945	1817-1833,1941-1945	метрична книга|народження|смерть|шлюб	1	ДАЗкО-Р1606-6-43
Р1606	6	44	Колекція церковних метричних книг Закарпаття (ф. 1606), 1918-1945	1910-1944	метрична книга|народження|смерть|шлюб	1	ДАЗкО-Р1606-6-44
Р1606	6	45	Колекція церковних метричних книг Закарпаття (ф. 1606), 1715-1920	1885-1915	метрична книга|народження|смерть|шлюб	1	ДАЗкО-Р1606-6-45
Р1606	6	45А	Колекція церковних метричних книг Закарпаття (ф. 1606), 1715-1920	1795-1861		1	ДАЗкО-Р1606-6-45А
Р1606	6	45Б	Колекція церковних метричних книг Закарпаття (ф. 1606), 1715-1920	1862-1874		1	ДАЗкО-Р1606-6-45Б
Р1606	6	45В	Колекція церковних метричних книг Закарпаття (ф. 1606), 1715-1920	1823-1860		1	ДАЗкО-Р1606-6-45В
Р1606	6	45Г	Колекція церковних метричних книг Закарпаття (ф. 1606), 1715-1920	1861-1884		1	ДАЗкО-Р1606-6-45Г
Р1606	6	46	Колекція церковних метричних книг Закарпаття (ф. 1606), 1715-1920	1897-1939	метрична книга|народження|смерть|шлюб	1	ДАЗкО-Р1606-6-46
Р1606	6	46А	Колекція церковних метричних книг Закарпаття (ф. 1606), 1715-1920	1862-1880		1	ДАЗкО-Р1606-6-46А
Р1606	6	46Б	Колекція церковних метричних книг Закарпаття (ф. 1606), 1715-1920	1856-1862		1	ДАЗкО-Р1606-6-46Б
Р1606	6	46В	Колекція церковних метричних книг Закарпаття (ф. 1606), 1715-1920	1877-1908		1	ДАЗкО-Р1606-6-46В
Р1606	6	46Г	Колекція церковних метричних книг Закарпаття (ф. 1606), 1715-1920	1818-1859		1	ДАЗкО-Р1606-6-46Г
Р1606	6	46Ґ	Колекція церковних метричних книг Закарпаття (ф. 1606), 1715-1920	1854-1861		1	ДАЗкО-Р1606-6-46Ґ
Р1606	6	46Д	Колекція церковних метричних книг Закарпаття (ф. 1606), 1715-1920	1862-1876		1	ДАЗкО-Р1606-6-46Д
Р1606	6	46Е	Колекція церковних метричних книг Закарпаття (ф. 1606), 1715-1920	1813-1853		1	ДАЗкО-Р1606-6-46Е
Р1606	6	47	Колекція церковних метричних книг Закарпаття (ф. 1606), 1918-1945	1922-1928	метрична книга|смерть	1	ДАЗкО-Р1606-6-47
Р1606	6	48	Колекція церковних метричних книг Закарпаття (ф. 1606), 1715-1920	1880-1898	метрична книга|народження|смерть|шлюб	1	ДАЗкО-Р1606-6-48
Р1606	6	49	Колекція церковних метричних книг Закарпаття (ф. 1606), 1918-1945	1909-1936	метрична книга|народження|смерть|шлюб	1	ДАЗкО-Р1606-6-49
Р1606	6	49Б	Колекція церковних метричних книг Закарпаття (ф. 1606), 1715-1920	1861-1885		1	ДАЗкО-Р1606-6-49Б
Р1606	6	49В	Колекція церковних метричних книг Закарпаття (ф. 1606), 1715-1920	1885-1908		1	ДАЗкО-Р1606-6-49В
Р1606	6	4А	Колекція церковних метричних книг Закарпаття (ф. 1606), 1715-1920	1844-1861		1	ДАЗкО-Р1606-6-4А
Р1606	6	4Б	Колекція церковних метричних книг Закарпаття (ф. 1606), 1715-1920	1862-1882		1	ДАЗкО-Р1606-6-4Б
Р1606	6	4В	Колекція церковних метричних книг Закарпаття (ф. 1606), 1715-1920	1907-1916		1	ДАЗкО-Р1606-6-4В
Р1606	6	4Г	Колекція церковних метричних книг Закарпаття (ф. 1606), 1918-1945	1927-1947		1	ДАЗкО-Р1606-6-4Г
Р1606	6	5	Колекція церковних метричних книг Закарпаття (ф. 1606), 1715-1920	1901-1925	метрична книга|народження	1	ДАЗкО-Р1606-6-5
Р1606	6	50	Колекція церковних метричних книг Закарпаття (ф. 1606), 1715-1920	1910-1915	метрична книга|народження	1	ДАЗкО-Р1606-6-50
Р1606	6	51	Колекція церковних метричних книг Закарпаття (ф. 1606), 1918-1945	1923-1946	метрична книга|смерть	1	ДАЗкО-Р1606-6-51
Р1606	6	52	Колекція церковних метричних книг Закарпаття (ф. 1606), 1715-1920	1884-1904	метрична книга|смерть	1	ДАЗкО-Р1606-6-52
Р1606	6	53	Колекція церковних метричних книг Закарпаття (ф. 1606), 1715-1920	1893-1915	метрична книга|народження|смерть|шлюб	1	ДАЗкО-Р1606-6-53
Р1606	6	54	Колекція церковних метричних книг Закарпаття (ф. 1606), 1715-1920	1879-1899	метрична книга|народження	1	ДАЗкО-Р1606-6-54
Р1606	6	55	Колекція церковних метричних книг Закарпаття (ф. 1606), 1715-1920	1882-1903	метрична книга|народження	1	ДАЗкО-Р1606-6-55
Р1606	6	56	Колекція церковних метричних книг Закарпаття (ф. 1606), 1715-1920	1882-1911	метрична книга|смерть	1	ДАЗкО-Р1606-6-56
Р1606	6	56А	Колекція церковних метричних книг Закарпаття (ф. 1606), 1715-1920	1842-1862		1	ДАЗкО-Р1606-6-56А
Р1606	6	56Б	Колекція церковних метричних книг Закарпаття (ф. 1606), 1715-1920	1802-1842		1	ДАЗкО-Р1606-6-56Б
Р1606	6	56В	Колекція церковних метричних книг Закарпаття (ф. 1606), 1715-1920	1872-1882		1	ДАЗкО-Р1606-6-56В
Р1606	6	56Г	Колекція церковних метричних книг Закарпаття (ф. 1606), 1715-1920	1862-1872		1	ДАЗкО-Р1606-6-56Г
Р1606	6	57	Колекція церковних метричних книг Закарпаття (ф. 1606), 1918-1945	1923-1947	метрична книга|шлюб	1	ДАЗкО-Р1606-6-57
Р1606	6	58	Колекція церковних метричних книг Закарпаття (ф. 1606), 1715-1920	1903-1909	метрична книга|народження|смерть|шлюб	1	ДАЗкО-Р1606-6-58
Р1606	6	59	Колекція церковних метричних книг Закарпаття (ф. 1606), 1918-1945	1919-1929	метрична книга|смерть	1	ДАЗкО-Р1606-6-59
Р1606	6	6	Колекція церковних метричних книг Закарпаття (ф. 1606), 1715-1920	1882-1900	метрична книга|народження	1	ДАЗкО-Р1606-6-6
Р1606	6	60	Колекція церковних метричних книг Закарпаття (ф. 1606), 1715-1920	1896-1912	метрична книга|шлюб	1	ДАЗкО-Р1606-6-60
Р1606	6	61	Колекція церковних метричних книг Закарпаття (ф. 1606), 1918-1945	1904-1931	метрична книга|смерть	1	ДАЗкО-Р1606-6-61
Р1606	6	62	Колекція церковних метричних книг Закарпаття (ф. 1606), 1918-1945	1923-1947	метрична книга|народження	1	ДАЗкО-Р1606-6-62
Р1606	6	63	Колекція церковних метричних книг Закарпаття (ф. 1606), 1715-1920	1876-1907	метрична книга|народження|смерть|шлюб	1	ДАЗкО-Р1606-6-63
Р1606	6	64	Колекція церковних метричних книг Закарпаття (ф. 1606), 1918-1945	1902-1925	метрична книга|смерть	1	ДАЗкО-Р1606-6-64
Р1606	6	65	Колекція церковних метричних книг Закарпаття (ф. 1606), 1918-1945	1916-1947	метрична книга|смерть	1	ДАЗкО-Р1606-6-65
Р1606	6	66	Колекція церковних метричних книг Закарпаття (ф. 1606), 1715-1920	1893-1903	метрична книга|народження	1	ДАЗкО-Р1606-6-66
Р1606	6	67	Колекція церковних метричних книг Закарпаття (ф. 1606), 1715-1920	1909-1917	метрична книга|народження|смерть|шлюб	1	ДАЗкО-Р1606-6-67
Р1606	6	68	Колекція церковних метричних книг Закарпаття (ф. 1606), 1918-1945	1915-1944	метрична книга|народження|смерть|шлюб	1	ДАЗкО-Р1606-6-68
Р1606	6	69	Колекція церковних метричних книг Закарпаття (ф. 1606), 1918-1945	1940-1947	метрична книга|народження|смерть|шлюб	1	ДАЗкО-Р1606-6-69
Р1606	6	7	Колекція церковних метричних книг Закарпаття (ф. 1606), 1918-1945	1926-1947	метрична книга|народження|смерть|шлюб	1	ДАЗкО-Р1606-6-7
Р1606	6	70	Колекція церковних метричних книг Закарпаття (ф. 1606), 1715-1920	1903-1909	метрична книга|народження	1	ДАЗкО-Р1606-6-70
Р1606	6	71	Колекція церковних метричних книг Закарпаття (ф. 1606), 1715-1920	1880-1928	метрична книга|смерть|шлюб	1	ДАЗкО-Р1606-6-71
Р1606	6	72	Колекція церковних метричних книг Закарпаття (ф. 1606), 1715-1920	1903-1925	метрична книга|шлюб	1	ДАЗкО-Р1606-6-72
Р1606	6	73	Колекція церковних метричних книг Закарпаття (ф. 1606), 1918-1945	1915-1931	метрична книга|народження	1	ДАЗкО-Р1606-6-73
Р1606	6	73А	Колекція церковних метричних книг Закарпаття (ф. 1606), 1715-1920	1861-1893		1	ДАЗкО-Р1606-6-73А
Р1606	6	73Б	Колекція церковних метричних книг Закарпаття (ф. 1606), 1715-1920	1820-1861		1	ДАЗкО-Р1606-6-73Б
Р1606	6	8	Колекція церковних метричних книг Закарпаття (ф. 1606), 1715-1920	1907-1912	метрична книга|шлюб	1	ДАЗкО-Р1606-6-8
Р1606	6	9	Колекція церковних метричних книг Закарпаття (ф. 1606), 1918-1945	1929-1944	метрична книга|народження	1	ДАЗкО-Р1606-6-9
Р1606	7	1	Колекція церковних метричних книг Закарпаття (ф. 1606), 1715-1920	1899-1940	метрична книга|народження	1	ДАЗкО-Р1606-7-1
Р1606	7	10	Колекція церковних метричних книг Закарпаття (ф. 1606), 1715-1920	1857-1896	метрична книга|народження|смерть|шлюб	1	ДАЗкО-Р1606-7-10
Р1606	7	101	Метрична книга. Церква с. Нижній Кленовець, Мукачівського р-ну Закарпатської обл.	1886-1947	метрична книга|народження	0	ДАЗкО-Р1606-7-101
Р1606	7	103	Колекція церковних метричних книг Закарпаття (ф. 1606), 1715-1920	1920-1948	метрична книга|народження	1	ДАЗкО-Р1606-7-103
Р1606	7	104	Колекція церковних метричних книг Закарпаття (ф. 1606), 1715-1920	1921-1951	метрична книга|смерть	1	ДАЗкО-Р1606-7-104
Р1606	7	105	Колекція церковних метричних книг Закарпаття (ф. 1606), 1715-1920	1921-1951	метрична книга|шлюб	1	ДАЗкО-Р1606-7-105
Р1606	7	106	Колекція церковних метричних книг Закарпаття (ф. 1606), 1715-1920	1862-1887	метрична книга|народження|смерть|шлюб	1	ДАЗкО-Р1606-7-106
Р1606	7	107	Колекція церковних метричних книг Закарпаття (ф. 1606), 1715-1920	1871-1904	метрична книга|народження|смерть|шлюб	1	ДАЗкО-Р1606-7-107
Р1606	7	108	Колекція церковних метричних книг Закарпаття (ф. 1606), 1715-1920	1828-1951	метрична книга|народження|смерть|шлюб	1	ДАЗкО-Р1606-7-108
Р1606	7	109	Колекція церковних метричних книг Закарпаття (ф. 1606), 1715-1920	1865-1897	метрична книга|народження|смерть	1	ДАЗкО-Р1606-7-109
Р1606	7	11	Колекція церковних метричних книг Закарпаття (ф. 1606), 1715-1920	1933-1952	метрична книга|народження	1	ДАЗкО-Р1606-7-11
Р1606	7	110	Колекція церковних метричних книг Закарпаття (ф. 1606), 1715-1920	1824-1843	метрична книга|народження|смерть|шлюб	1	ДАЗкО-Р1606-7-110
Р1606	7	111	Колекція церковних метричних книг Закарпаття (ф. 1606), 1715-1920	1843-1861	метрична книга|народження	1	ДАЗкО-Р1606-7-111
Р1606	7	112	Колекція церковних метричних книг Закарпаття (ф. 1606), 1715-1920	1901-1913	метрична книга|народження	1	ДАЗкО-Р1606-7-112
Р1606	7	113	Колекція церковних метричних книг Закарпаття (ф. 1606), 1715-1920	1888-1901	метрична книга|народження	1	ДАЗкО-Р1606-7-113
Р1606	7	114	Колекція церковних метричних книг Закарпаття (ф. 1606), 1715-1920	1843-1895	метрична книга|смерть|шлюб	1	ДАЗкО-Р1606-7-114
Р1606	7	115	Колекція церковних метричних книг Закарпаття (ф. 1606), 1715-1920	1895-1919	метрична книга|смерть	1	ДАЗкО-Р1606-7-115
Р1606	7	116	Колекція церковних метричних книг Закарпаття (ф. 1606), 1715-1920	1872-1894	метрична книга|смерть	1	ДАЗкО-Р1606-7-116
Р1606	7	117	Колекція церковних метричних книг Закарпаття (ф. 1606), 1715-1920	1913-1927	метрична книга|народження	1	ДАЗкО-Р1606-7-117
Р1606	7	118	Колекція церковних метричних книг Закарпаття (ф. 1606), 1715-1920	1928-1945	метрична книга|народження|смерть|шлюб	1	ДАЗкО-Р1606-7-118
Р1606	7	119	Колекція церковних метричних книг Закарпаття (ф. 1606), 1715-1920	1920-1927	метрична книга|смерть	1	ДАЗкО-Р1606-7-119
Р1606	7	12	Колекція церковних метричних книг Закарпаття (ф. 1606), 1715-1920	1874-1892	метрична книга|смерть	1	ДАЗкО-Р1606-7-12
Р1606	7	120	Колекція церковних метричних книг Закарпаття (ф. 1606), 1715-1920	1920-1929	метрична книга|народження	1	ДАЗкО-Р1606-7-120
Р1606	7	121	Колекція церковних метричних книг Закарпаття (ф. 1606), 1715-1920	1878-1921	метрична книга|шлюб	1	ДАЗкО-Р1606-7-121
Р1606	7	122	Колекція церковних метричних книг Закарпаття (ф. 1606), 1715-1920	1929-1937	метрична книга|народження	1	ДАЗкО-Р1606-7-122
Р1606	7	123	Колекція церковних метричних книг Закарпаття (ф. 1606), 1715-1920	1937-1952	метрична книга|народження	1	ДАЗкО-Р1606-7-123
Р1606	7	124	Колекція церковних метричних книг Закарпаття (ф. 1606), 1715-1920	1862-1878	метрична книга|народження|смерть|шлюб	1	ДАЗкО-Р1606-7-124
Р1606	7	125	Колекція церковних метричних книг Закарпаття (ф. 1606), 1715-1920	1939-1952	метрична книга|смерть	1	ДАЗкО-Р1606-7-125
Р1606	7	126	Колекція церковних метричних книг Закарпаття (ф. 1606), 1715-1920	1775-1824	метрична книга|народження|смерть|шлюб	1	ДАЗкО-Р1606-7-126
Р1606	7	127	Колекція церковних метричних книг Закарпаття (ф. 1606), 1715-1920	1921-1952	метрична книга|шлюб	1	ДАЗкО-Р1606-7-127
Р1606	7	128	Колекція церковних метричних книг Закарпаття (ф. 1606), 1715-1920	1866-1888	метрична книга|народження	1	ДАЗкО-Р1606-7-128
Р1606	7	129	Колекція церковних метричних книг Закарпаття (ф. 1606), 1715-1920	1920-1939		1	ДАЗкО-Р1606-7-129
Р1606	7	13	Колекція церковних метричних книг Закарпаття (ф. 1606), 1715-1920	1869-1896	метрична книга|народження	1	ДАЗкО-Р1606-7-13
Р1606	7	130	Колекція церковних метричних книг Закарпаття (ф. 1606), 1715-1920	1936-1952	метрична книга|народження	1	ДАЗкО-Р1606-7-130
Р1606	7	131	Колекція церковних метричних книг Закарпаття (ф. 1606), 1715-1920	1936-1952	метрична книга|смерть|шлюб	1	ДАЗкО-Р1606-7-131
Р1606	7	132	Колекція церковних метричних книг Закарпаття (ф. 1606), 1715-1920	1891-1928	метрична книга|народження	1	ДАЗкО-Р1606-7-132
Р1606	7	133	Колекція церковних метричних книг Закарпаття (ф. 1606), 1715-1920	1776-1928	метрична книга|народження|смерть|шлюб	1	ДАЗкО-Р1606-7-133
Р1606	7	134	Колекція церковних метричних книг Закарпаття (ф. 1606), 1715-1920	1825-1843	метрична книга|народження|смерть|шлюб	1	ДАЗкО-Р1606-7-134
Р1606	7	135	Колекція церковних метричних книг Закарпаття (ф. 1606), 1715-1920	1844-1860	метрична книга|шлюб	1	ДАЗкО-Р1606-7-135
Р1606	7	136	Колекція церковних метричних книг Закарпаття (ф. 1606), 1715-1920	1844-1860		1	ДАЗкО-Р1606-7-136
Р1606	7	137	Колекція церковних метричних книг Закарпаття (ф. 1606), 1715-1920	1844-1860	метрична книга|народження	1	ДАЗкО-Р1606-7-137
Р1606	7	138	Колекція церковних метричних книг Закарпаття (ф. 1606), 1715-1920	1892-1921	метрична книга|народження	1	ДАЗкО-Р1606-7-138
Р1606	7	139	Колекція церковних метричних книг Закарпаття (ф. 1606), 1715-1920	1876-1903	метрична книга|народження|смерть|шлюб	1	ДАЗкО-Р1606-7-139
Р1606	7	14	Колекція церковних метричних книг Закарпаття (ф. 1606), 1715-1920	1916-1937	метрична книга|народження	1	ДАЗкО-Р1606-7-14
Р1606	7	140	Колекція церковних метричних книг Закарпаття (ф. 1606), 1715-1920	1882-1892	метрична книга|народження|смерть|шлюб	1	ДАЗкО-Р1606-7-140
Р1606	7	141	Колекція церковних метричних книг Закарпаття (ф. 1606), 1715-1920	1872-1901	метрична книга|народження|смерть|шлюб	1	ДАЗкО-Р1606-7-141
Р1606	7	142	Колекція церковних метричних книг Закарпаття (ф. 1606), 1715-1920	1827-1871	метрична книга|народження|смерть|шлюб	1	ДАЗкО-Р1606-7-142
Р1606	7	143	Колекція церковних метричних книг Закарпаття (ф. 1606), 1715-1920	1859-1889	метрична книга|народження|смерть|шлюб	1	ДАЗкО-Р1606-7-143
Р1606	7	144	Колекція церковних метричних книг Закарпаття (ф. 1606), 1715-1920	1890-1897	метрична книга|народження|смерть|шлюб	1	ДАЗкО-Р1606-7-144
Р1606	7	145	Колекція церковних метричних книг Закарпаття (ф. 1606), 1715-1920	1908-1949	метрична книга|народження|смерть|шлюб	1	ДАЗкО-Р1606-7-145
Р1606	7	146	Колекція церковних метричних книг Закарпаття (ф. 1606), 1715-1920	1790-1827	метрична книга|народження|смерть|шлюб	1	ДАЗкО-Р1606-7-146
Р1606	7	147	Колекція церковних метричних книг Закарпаття (ф. 1606), 1715-1920	1878-1910	метрична книга|народження|смерть|шлюб	1	ДАЗкО-Р1606-7-147
Р1606	7	148	Колекція церковних метричних книг Закарпаття (ф. 1606), 1715-1920	1937-1955	метрична книга|народження|смерть|шлюб	1	ДАЗкО-Р1606-7-148
Р1606	7	149	Колекція церковних метричних книг Закарпаття (ф. 1606), 1715-1920	1868-1889	метрична книга|смерть|шлюб	1	ДАЗкО-Р1606-7-149
Р1606	7	15	Колекція церковних метричних книг Закарпаття (ф. 1606), 1715-1920	1861-1892	метрична книга|народження|смерть|шлюб	1	ДАЗкО-Р1606-7-15
Р1606	7	150	Колекція церковних метричних книг Закарпаття (ф. 1606), 1715-1920	1890-1948	метрична книга|народження|смерть|шлюб	1	ДАЗкО-Р1606-7-150
Р1606	7	151	Колекція церковних метричних книг Закарпаття (ф. 1606), 1715-1920	1863-1874	метрична книга|народження|смерть|шлюб	1	ДАЗкО-Р1606-7-151
Р1606	7	152	Колекція церковних метричних книг Закарпаття (ф. 1606), 1715-1920	1874-1890	метрична книга|народження|смерть|шлюб	1	ДАЗкО-Р1606-7-152
Р1606	7	153	Колекція церковних метричних книг Закарпаття (ф. 1606), 1715-1920	1827-1890	метрична книга|народження|смерть|шлюб	1	ДАЗкО-Р1606-7-153
Р1606	7	154	Колекція церковних метричних книг Закарпаття (ф. 1606), 1715-1920	1820-1841	метрична книга|народження|смерть|шлюб	1	ДАЗкО-Р1606-7-154
Р1606	7	155	Колекція церковних метричних книг Закарпаття (ф. 1606), 1715-1920	1887-1914	метрична книга|шлюб	1	ДАЗкО-Р1606-7-155
Р1606	7	156	Колекція церковних метричних книг Закарпаття (ф. 1606), 1715-1920	1842-1886	метрична книга|народження|смерть|шлюб	1	ДАЗкО-Р1606-7-156
Р1606	7	157	Колекція церковних метричних книг Закарпаття (ф. 1606), 1715-1920	1876-1915	метрична книга|смерть	1	ДАЗкО-Р1606-7-157
Р1606	7	158	Колекція церковних метричних книг Закарпаття (ф. 1606), 1715-1920	1932-1951	метрична книга|народження|смерть|шлюб	1	ДАЗкО-Р1606-7-158
Р1606	7	159	Колекція церковних метричних книг Закарпаття (ф. 1606), 1715-1920	1915-1934	метрична книга|народження|шлюб	1	ДАЗкО-Р1606-7-159
Р1606	7	16	Колекція церковних метричних книг Закарпаття (ф. 1606), 1715-1920	1881-1896	метрична книга|народження|смерть|шлюб	1	ДАЗкО-Р1606-7-16
Р1606	7	160	Метрична книга. Церква с. Кальник, Мукачівського р-ну Закарпатської обл.700Державний архів Закарпатської області	1879-1915	метрична книга|народження	0	ДАЗкО-Р1606-7-160
Р1606	7	161	Колекція церковних метричних книг Закарпаття (ф. 1606), 1715-1920	1804-1860	метрична книга|смерть	1	ДАЗкО-Р1606-7-161
Р1606	7	162	Колекція церковних метричних книг Закарпаття (ф. 1606), 1715-1920	1804-1860	метрична книга|шлюб	1	ДАЗкО-Р1606-7-162
Р1606	7	163	Колекція церковних метричних книг Закарпаття (ф. 1606), 1715-1920	1803-1860	метрична книга|народження	1	ДАЗкО-Р1606-7-163
Р1606	7	164	Колекція церковних метричних книг Закарпаття (ф. 1606), 1715-1920	1861-1880	метрична книга|народження|смерть	1	ДАЗкО-Р1606-7-164
Р1606	7	165	Колекція церковних метричних книг Закарпаття (ф. 1606), 1715-1920	1874-1913	метрична книга|народження|смерть|шлюб	1	ДАЗкО-Р1606-7-165
Р1606	7	166	Колекція церковних метричних книг Закарпаття (ф. 1606), 1715-1920	1913-1944	метрична книга|шлюб	1	ДАЗкО-Р1606-7-166
Р1606	7	167	Колекція церковних метричних книг Закарпаття (ф. 1606), 1715-1920	1909-1944	метрична книга|смерть	1	ДАЗкО-Р1606-7-167
Р1606	7	168	Колекція церковних метричних книг Закарпаття (ф. 1606), 1715-1920	1925-1948	метрична книга|народження|смерть|шлюб	1	ДАЗкО-Р1606-7-168
Р1606	7	169	Колекція церковних метричних книг Закарпаття (ф. 1606), 1715-1920	1939-1948	метрична книга|смерть	1	ДАЗкО-Р1606-7-169
Р1606	7	17	Колекція церковних метричних книг Закарпаття (ф. 1606), 1715-1920	1938-1941	метрична книга|народження	1	ДАЗкО-Р1606-7-17
Р1606	7	170	Колекція церковних метричних книг Закарпаття (ф. 1606), 1715-1920	1938-1948	метрична книга|народження	1	ДАЗкО-Р1606-7-170
Р1606	7	171	Колекція церковних метричних книг Закарпаття (ф. 1606), 1715-1920	1843-1861	метрична книга|народження|смерть|шлюб	1	ДАЗкО-Р1606-7-171
Р1606	7	172	Колекція церковних метричних книг Закарпаття (ф. 1606), 1715-1920	1861-1877	метрична книга|народження|смерть|шлюб	1	ДАЗкО-Р1606-7-172
Р1606	7	173	Колекція церковних метричних книг Закарпаття (ф. 1606), 1715-1920	1877-1897		1	ДАЗкО-Р1606-7-173
Р1606	7	174	Колекція церковних метричних книг Закарпаття (ф. 1606), 1715-1920	1922-1949	метрична книга|народження|смерть|шлюб	1	ДАЗкО-Р1606-7-174
Р1606	7	175	Колекція церковних метричних книг Закарпаття (ф. 1606), 1715-1920	1854-1875		1	ДАЗкО-Р1606-7-175
Р1606	7	176	Колекція церковних метричних книг Закарпаття (ф. 1606), 1715-1920	1926-1946	метрична книга|народження	1	ДАЗкО-Р1606-7-176
Р1606	7	177	Колекція церковних метричних книг Закарпаття (ф. 1606), 1715-1920	1932-1944	метрична книга|шлюб	1	ДАЗкО-Р1606-7-177
Р1606	7	178	Колекція церковних метричних книг Закарпаття (ф. 1606), 1715-1920	1828-1853	метрична книга|народження|смерть|шлюб	1	ДАЗкО-Р1606-7-178
Р1606	7	179	Колекція церковних метричних книг Закарпаття (ф. 1606), 1715-1920	1853-1931	метрична книга|народження|шлюб	1	ДАЗкО-Р1606-7-179
Р1606	7	18	Колекція церковних метричних книг Закарпаття (ф. 1606), 1715-1920	1809-1828	метрична книга|народження	1	ДАЗкО-Р1606-7-18
Р1606	7	180	Колекція церковних метричних книг Закарпаття (ф. 1606), 1715-1920	1876-1898	метрична книга|народження	1	ДАЗкО-Р1606-7-180
Р1606	7	181	Колекція церковних метричних книг Закарпаття (ф. 1606), 1715-1920	1936-1944	метрична книга|смерть	1	ДАЗкО-Р1606-7-181
Р1606	7	182	Колекція церковних метричних книг Закарпаття (ф. 1606), 1715-1920	1947-1951	метрична книга|народження	1	ДАЗкО-Р1606-7-182
Р1606	7	183	Колекція церковних метричних книг Закарпаття (ф. 1606), 1715-1920	1899-1925	метрична книга|народження	1	ДАЗкО-Р1606-7-183
Р1606	7	184	Колекція церковних метричних книг Закарпаття (ф. 1606), 1715-1920	1855-1891	метрична книга|народження	1	ДАЗкО-Р1606-7-184
Р1606	7	185	Колекція церковних метричних книг Закарпаття (ф. 1606), 1715-1920	1825-1854	метрична книга|смерть|шлюб	1	ДАЗкО-Р1606-7-185
Р1606	7	186	Колекція церковних метричних книг Закарпаття (ф. 1606), 1715-1920	1891-1940	метрична книга|смерть	1	ДАЗкО-Р1606-7-186
Р1606	7	187	Колекція церковних метричних книг Закарпаття (ф. 1606), 1715-1920	1855-1891	метрична книга|народження|шлюб	1	ДАЗкО-Р1606-7-187
Р1606	7	188	Колекція церковних метричних книг Закарпаття (ф. 1606), 1715-1920	1891-1941		1	ДАЗкО-Р1606-7-188
Р1606	7	189	Колекція церковних метричних книг Закарпаття (ф. 1606), 1715-1920	1798-1852	метрична книга|народження|смерть|шлюб	1	ДАЗкО-Р1606-7-189
Р1606	7	19	Колекція церковних метричних книг Закарпаття (ф. 1606), 1715-1920	1872-1883	метрична книга|народження|смерть|шлюб	1	ДАЗкО-Р1606-7-19
Р1606	7	190	Колекція церковних метричних книг Закарпаття (ф. 1606), 1715-1920	1852-1865	метрична книга|народження|смерть|шлюб	1	ДАЗкО-Р1606-7-190
Р1606	7	191	Колекція церковних метричних книг Закарпаття (ф. 1606), 1715-1920	1865-1896	метрична книга|народження|смерть|шлюб	1	ДАЗкО-Р1606-7-191
Р1606	7	192	Колекція церковних метричних книг Закарпаття (ф. 1606), 1715-1920	1897-1909	метрична книга|народження|смерть|шлюб	1	ДАЗкО-Р1606-7-192
Р1606	7	193	Колекція церковних метричних книг Закарпаття (ф. 1606), 1715-1920	1924-1937	метрична книга|народження|смерть|шлюб	1	ДАЗкО-Р1606-7-193
Р1606	7	194	Колекція церковних метричних книг Закарпаття (ф. 1606), 1715-1920	1909-1924	метрична книга|народження|смерть|шлюб	1	ДАЗкО-Р1606-7-194
Р1606	7	195	Колекція церковних метричних книг Закарпаття (ф. 1606), 1715-1920	1935-1948	метрична книга|народження|смерть|шлюб	1	ДАЗкО-Р1606-7-195
Р1606	7	196	Колекція церковних метричних книг Закарпаття (ф. 1606), 1715-1920	1940-1947	метрична книга|народження	0	ДАЗкО-Р1606-7-196
Р1606	7	197	Колекція церковних метричних книг Закарпаття (ф. 1606), 1715-1920	1853-1875	метрична книга|народження|смерть|шлюб	1	ДАЗкО-Р1606-7-197
Р1606	7	198	Колекція церковних метричних книг Закарпаття (ф. 1606), 1715-1920	1897-1915	метрична книга|народження|смерть|шлюб	1	ДАЗкО-Р1606-7-198
Р1606	7	199	Колекція церковних метричних книг Закарпаття (ф. 1606), 1715-1920	1916-1944	метрична книга|шлюб	1	ДАЗкО-Р1606-7-199
Р1606	7	2	Колекція церковних метричних книг Закарпаття (ф. 1606), 1715-1920	1858-1909	метрична книга|народження|смерть|шлюб	1	ДАЗкО-Р1606-7-2
Р1606	7	20	Колекція церковних метричних книг Закарпаття (ф. 1606), 1715-1920	1860-1891	метрична книга|шлюб	1	ДАЗкО-Р1606-7-20
Р1606	7	200	Колекція церковних метричних книг Закарпаття (ф. 1606), 1715-1920	1895-1914	метрична книга|народження|смерть|шлюб	1	ДАЗкО-Р1606-7-200
Р1606	7	201	Колекція церковних метричних книг Закарпаття (ф. 1606), 1715-1920	1895-1916	метрична книга|смерть	1	ДАЗкО-Р1606-7-201
Р1606	7	202	Метрична книга. Церква с. Пістрялово, Мукачівського р-ну Закарпатської обл.	1883-1923	метрична книга|народження	0	ДАЗкО-Р1606-7-202
Р1606	7	203	Колекція церковних метричних книг Закарпаття (ф. 1606), 1715-1920	1883-1923		1	ДАЗкО-Р1606-7-203
Р1606	7	204	Колекція церковних метричних книг Закарпаття (ф. 1606), 1715-1920	1861-1875	метрична книга|народження|смерть|шлюб	1	ДАЗкО-Р1606-7-204
Р1606	7	205	Колекція церковних метричних книг Закарпаття (ф. 1606), 1715-1920	1934-1953	метрична книга|народження	1	ДАЗкО-Р1606-7-205
Р1606	7	206	Колекція церковних метричних книг Закарпаття (ф. 1606), 1715-1920	1786-1830	метрична книга|народження|шлюб	1	ДАЗкО-Р1606-7-206
Р1606	7	207	Колекція церковних метричних книг Закарпаття (ф. 1606), 1715-1920	1830-1862	метрична книга|народження|смерть|шлюб	1	ДАЗкО-Р1606-7-207
Р1606	7	208	Метрична книга. Церква с. Іванівці, Мукачівського р-ну Закарпатської обл.	1890-1908	метрична книга|народження	0	ДАЗкО-Р1606-7-208
Р1606	7	209	Колекція церковних метричних книг Закарпаття (ф. 1606), 1715-1920	1870-1873	метрична книга|народження	1	ДАЗкО-Р1606-7-209
Р1606	7	21	Колекція церковних метричних книг Закарпаття (ф. 1606), 1715-1920	1892-1895	метрична книга|народження|смерть|шлюб	1	ДАЗкО-Р1606-7-21
Р1606	7	210	Колекція церковних метричних книг Закарпаття (ф. 1606), 1715-1920	1830-1862	метрична книга|народження|смерть|шлюб	1	ДАЗкО-Р1606-7-210
Р1606	7	211	Колекція церковних метричних книг Закарпаття (ф. 1606), 1715-1920	1893-1909	метрична книга|народження|смерть|шлюб	1	ДАЗкО-Р1606-7-211
Р1606	7	212	Колекція церковних метричних книг Закарпаття (ф. 1606), 1715-1920	1907-1910	метрична книга|народження	1	ДАЗкО-Р1606-7-212
Р1606	7	213	Колекція церковних метричних книг Закарпаття (ф. 1606), 1715-1920	1886-1899	метрична книга|народження|смерть|шлюб	1	ДАЗкО-Р1606-7-213
Р1606	7	214	Колекція церковних метричних книг Закарпаття (ф. 1606), 1715-1920	1853-1876	метрична книга|народження|смерть|шлюб	1	ДАЗкО-Р1606-7-214
Р1606	7	215	Метрична книга. Церква с. Нове Давидково, Мукачівського р-ну Закарпатської обл.703Міжархівний довідник	1877-1886	метрична книга|народження|смерть	0	ДАЗкО-Р1606-7-215
Р1606	7	216	Колекція церковних метричних книг Закарпаття (ф. 1606), 1715-1920	1923-1941	метрична книга|народження	1	ДАЗкО-Р1606-7-216
Р1606	7	217	Колекція церковних метричних книг Закарпаття (ф. 1606), 1715-1920	1941-1957	метрична книга|народження|шлюб	1	ДАЗкО-Р1606-7-217
Р1606	7	218	Колекція церковних метричних книг Закарпаття (ф. 1606), 1715-1920	1935-1949	метрична книга|народження|смерть|шлюб	1	ДАЗкО-Р1606-7-218
Р1606	7	219	Колекція церковних метричних книг Закарпаття (ф. 1606), 1715-1920	1912-1949		1	ДАЗкО-Р1606-7-219
Р1606	7	22	Колекція церковних метричних книг Закарпаття (ф. 1606), 1715-1920	1784-1852	метрична книга|народження|смерть|шлюб	1	ДАЗкО-Р1606-7-22
Р1606	7	220	Колекція церковних метричних книг Закарпаття (ф. 1606), 1715-1920	1779-1833	метрична книга|народження|смерть|шлюб	1	ДАЗкО-Р1606-7-220
Р1606	7	221	Колекція церковних метричних книг Закарпаття (ф. 1606), 1715-1920	1823-1853	метрична книга|народження|смерть|шлюб	1	ДАЗкО-Р1606-7-221
Р1606	7	222	Колекція церковних метричних книг Закарпаття (ф. 1606), 1715-1920	1901-1916	метрична книга|народження	1	ДАЗкО-Р1606-7-222
Р1606	7	223	Колекція церковних метричних книг Закарпаття (ф. 1606), 1715-1920	1886-1904	метрична книга|народження|смерть	1	ДАЗкО-Р1606-7-223
Р1606	7	224	Колекція церковних метричних книг Закарпаття (ф. 1606), 1715-1920	1886-1911	метрична книга|народження|смерть|шлюб	1	ДАЗкО-Р1606-7-224
Р1606	7	225	Колекція церковних метричних книг Закарпаття (ф. 1606), 1715-1920	1899-1935	метрична книга|народження	1	ДАЗкО-Р1606-7-225
Р1606	7	226	Колекція церковних метричних книг Закарпаття (ф. 1606), 1715-1920	1904-1926	метрична книга|народження|смерть|шлюб	1	ДАЗкО-Р1606-7-226
Р1606	7	227	Колекція церковних метричних книг Закарпаття (ф. 1606), 1715-1920	1863-1874	метрична книга|народження|смерть|шлюб	1	ДАЗкО-Р1606-7-227
Р1606	7	228	Колекція церковних метричних книг Закарпаття (ф. 1606), 1715-1920	1915-1952	метрична книга|народження	1	ДАЗкО-Р1606-7-228
Р1606	7	229	Колекція церковних метричних книг Закарпаття (ф. 1606), 1715-1920	1907-1921	метрична книга|смерть	1	ДАЗкО-Р1606-7-229
Р1606	7	23	Колекція церковних метричних книг Закарпаття (ф. 1606), 1715-1920	1860-1892	метрична книга|народження|смерть	1	ДАЗкО-Р1606-7-23
Р1606	7	24	Колекція церковних метричних книг Закарпаття (ф. 1606), 1715-1920	1860-1892		1	ДАЗкО-Р1606-7-24
Р1606	7	25	Колекція церковних метричних книг Закарпаття (ф. 1606), 1715-1920	1913-1949	метрична книга|народження	1	ДАЗкО-Р1606-7-25
Р1606	7	26	Колекція церковних метричних книг Закарпаття (ф. 1606), 1715-1920	1921-1948	метрична книга|смерть|шлюб	1	ДАЗкО-Р1606-7-26
Р1606	7	27	Колекція церковних метричних книг Закарпаття (ф. 1606), 1715-1920	1897-1921	метрична книга|народження|смерть|шлюб	1	ДАЗкО-Р1606-7-27
Р1606	7	28	Колекція церковних метричних книг Закарпаття (ф. 1606), 1715-1920	1833-1859	метрична книга|народження|смерть|шлюб	1	ДАЗкО-Р1606-7-28
Р1606	7	29	Колекція церковних метричних книг Закарпаття (ф. 1606), 1715-1920	1923-1941	метрична книга|народження|смерть|шлюб	1	ДАЗкО-Р1606-7-29
Р1606	7	3	Колекція церковних метричних книг Закарпаття (ф. 1606), 1715-1920	1857-1886	метрична книга|народження|смерть|шлюб	1	ДАЗкО-Р1606-7-3
Р1606	7	30	Колекція церковних метричних книг Закарпаття (ф. 1606), 1715-1920	1889-1922	метрична книга|народження|смерть|шлюб	1	ДАЗкО-Р1606-7-30
Р1606	7	31	Колекція церковних метричних книг Закарпаття (ф. 1606), 1715-1920	1924-1946	метрична книга|народження|шлюб	1	ДАЗкО-Р1606-7-31
Р1606	7	32	Колекція церковних метричних книг Закарпаття (ф. 1606), 1715-1920	1879-1925	метрична книга|народження|смерть|шлюб	1	ДАЗкО-Р1606-7-32
Р1606	7	33	Колекція церковних метричних книг Закарпаття (ф. 1606), 1715-1920	1916-1946	метрична книга|смерть	1	ДАЗкО-Р1606-7-33
Р1606	7	34	Колекція церковних метричних книг Закарпаття (ф. 1606), 1715-1920	1855-1879	метрична книга|народження|смерть|шлюб	1	ДАЗкО-Р1606-7-34
Р1606	7	35	Колекція церковних метричних книг Закарпаття (ф. 1606), 1715-1920	1834-1854,1835-1854	метрична книга|шлюб	1	ДАЗкО-Р1606-7-35
Р1606	7	36	Колекція церковних метричних книг Закарпаття (ф. 1606), 1715-1920	1918-1952		1	ДАЗкО-Р1606-7-36
Р1606	7	37	Колекція церковних метричних книг Закарпаття (ф. 1606), 1715-1920	1917-1952	метрична книга|шлюб	1	ДАЗкО-Р1606-7-37
Р1606	7	38	Колекція церковних метричних книг Закарпаття (ф. 1606), 1715-1920	1824-1893	метрична книга|народження|смерть|шлюб	1	ДАЗкО-Р1606-7-38
Р1606	7	39	Колекція церковних метричних книг Закарпаття (ф. 1606), 1715-1920	1893-1905	метрична книга|народження|смерть|шлюб	1	ДАЗкО-Р1606-7-39
Р1606	7	4	Колекція церковних метричних книг Закарпаття (ф. 1606), 1715-1920	1799-1856	метрична книга|народження|смерть|шлюб	1	ДАЗкО-Р1606-7-4
Р1606	7	40	Колекція церковних метричних книг Закарпаття (ф. 1606), 1715-1920	1866-1892	метрична книга|народження|смерть|шлюб	1	ДАЗкО-Р1606-7-40
Р1606	7	41	Колекція церковних метричних книг Закарпаття (ф. 1606), 1715-1920	1840-1858	метрична книга|народження|смерть|шлюб	1	ДАЗкО-Р1606-7-41
Р1606	7	42	Колекція церковних метричних книг Закарпаття (ф. 1606), 1715-1920	1913-1930	метрична книга|народження|смерть|шлюб	1	ДАЗкО-Р1606-7-42
Р1606	7	43	Колекція церковних метричних книг Закарпаття (ф. 1606), 1715-1920	1891-1912	метрична книга|народження|смерть|шлюб	1	ДАЗкО-Р1606-7-43
Р1606	7	44	Колекція церковних метричних книг Закарпаття (ф. 1606), 1715-1920	1875-1896	метрична книга|народження|смерть|шлюб	1	ДАЗкО-Р1606-7-44
Р1606	7	45	Колекція церковних метричних книг Закарпаття (ф. 1606), 1715-1920	1838-1864	метрична книга|народження|смерть|шлюб	1	ДАЗкО-Р1606-7-45
Р1606	7	46	Колекція церковних метричних книг Закарпаття (ф. 1606), 1715-1920	1896-1906	метрична книга|народження|смерть|шлюб	1	ДАЗкО-Р1606-7-46
Р1606	7	47	Колекція церковних метричних книг Закарпаття (ф. 1606), 1715-1920	1928-1945	метрична книга|народження|смерть|шлюб	1	ДАЗкО-Р1606-7-47
Р1606	7	48	Колекція церковних метричних книг Закарпаття (ф. 1606), 1715-1920	1852-1861	метрична книга|народження|смерть|шлюб	1	ДАЗкО-Р1606-7-48
Р1606	7	49	Колекція церковних метричних книг Закарпаття (ф. 1606), 1715-1920	1840-1857	метрична книга|народження|смерть|шлюб	1	ДАЗкО-Р1606-7-49
Р1606	7	5	Колекція церковних метричних книг Закарпаття (ф. 1606), 1715-1920	1858-1929	метрична книга|народження|смерть|шлюб	1	ДАЗкО-Р1606-7-5
Р1606	7	50	Колекція церковних метричних книг Закарпаття (ф. 1606), 1715-1920	1906-1958	метрична книга|народження|смерть|шлюб	1	ДАЗкО-Р1606-7-50
Р1606	7	51	Колекція церковних метричних книг Закарпаття (ф. 1606), 1715-1920	1873-1897		1	ДАЗкО-Р1606-7-51
Р1606	7	52	Колекція церковних метричних книг Закарпаття (ф. 1606), 1715-1920	1858-1874	метрична книга|народження|смерть|шлюб	1	ДАЗкО-Р1606-7-52
Р1606	7	53	Колекція церковних метричних книг Закарпаття (ф. 1606), 1715-1920	1875-1905	метрична книга|народження|смерть|шлюб	1	ДАЗкО-Р1606-7-53
Р1606	7	54	Колекція церковних метричних книг Закарпаття (ф. 1606), 1715-1920	1882-1923	метрична книга|народження|смерть|шлюб	1	ДАЗкО-Р1606-7-54
Р1606	7	55	Колекція церковних метричних книг Закарпаття (ф. 1606), 1715-1920	1869-1895	метрична книга|народження|смерть|шлюб	1	ДАЗкО-Р1606-7-55
Р1606	7	56	Метрична книга. Мукачівська греко-католицька єпархія. Церква с. Росвигово; Церква с. Руське, Мукачівського р-ну Закарпатської обл.	1878-1902,1920-1938	метрична книга|народження|смерть|шлюб	0	ДАЗкО-Р1606-7-56
Р1606	7	57	Колекція церковних метричних книг Закарпаття (ф. 1606), 1715-1920	1775-1826	метрична книга|народження|смерть|шлюб	1	ДАЗкО-Р1606-7-57
Р1606	7	58	Колекція церковних метричних книг Закарпаття (ф. 1606), 1715-1920	1855-1879	метрична книга|смерть	1	ДАЗкО-Р1606-7-58
Р1606	7	59	Колекція церковних метричних книг Закарпаття (ф. 1606), 1715-1920	1826-1854	метрична книга|народження|смерть|шлюб	1	ДАЗкО-Р1606-7-59
Р1606	7	6	Колекція церковних метричних книг Закарпаття (ф. 1606), 1715-1920	1935-1941	метрична книга|народження	1	ДАЗкО-Р1606-7-6
Р1606	7	60	Колекція церковних метричних книг Закарпаття (ф. 1606), 1715-1920	1903-1940	метрична книга|народження|смерть|шлюб	1	ДАЗкО-Р1606-7-60
Р1606	7	61	Колекція церковних метричних книг Закарпаття (ф. 1606), 1715-1920	1938-1951		1	ДАЗкО-Р1606-7-61
Р1606	7	62	Колекція церковних метричних книг Закарпаття (ф. 1606), 1715-1920	1890-1925	метрична книга|народження|смерть|шлюб	1	ДАЗкО-Р1606-7-62
Р1606	7	63	Колекція церковних метричних книг Закарпаття (ф. 1606), 1715-1920	1785-1826	метрична книга|народження|смерть|шлюб	1	ДАЗкО-Р1606-7-63
Р1606	7	64	Колекція церковних метричних книг Закарпаття (ф. 1606), 1715-1920	1872-1901	метрична книга|народження|смерть|шлюб	1	ДАЗкО-Р1606-7-64
Р1606	7	65	Колекція церковних метричних книг Закарпаття (ф. 1606), 1715-1920	1827-1870	метрична книга|народження|шлюб	1	ДАЗкО-Р1606-7-65
Р1606	7	66	Колекція церковних метричних книг Закарпаття (ф. 1606), 1715-1920	1886-1917	метрична книга|народження|смерть|шлюб	1	ДАЗкО-Р1606-7-66
Р1606	7	67	Колекція церковних метричних книг Закарпаття (ф. 1606), 1715-1920	1917-1951	метрична книга|народження|смерть|шлюб	1	ДАЗкО-Р1606-7-67
Р1606	7	68	Колекція церковних метричних книг Закарпаття (ф. 1606), 1715-1920	1868-1906	метрична книга|народження|смерть|шлюб	1	ДАЗкО-Р1606-7-68
Р1606	7	69	Колекція церковних метричних книг Закарпаття (ф. 1606), 1715-1920	1890-1931	метрична книга|смерть|шлюб	1	ДАЗкО-Р1606-7-69
Р1606	7	7	Колекція церковних метричних книг Закарпаття (ф. 1606), 1715-1920	1941-1952	метрична книга|народження	1	ДАЗкО-Р1606-7-7
Р1606	7	70	Колекція церковних метричних книг Закарпаття (ф. 1606), 1715-1920	1929-1949	метрична книга|народження	1	ДАЗкО-Р1606-7-70
Р1606	7	71	Колекція церковних метричних книг Закарпаття (ф. 1606), 1715-1920	1852-1889	метрична книга|народження	1	ДАЗкО-Р1606-7-71
Р1606	7	72	Колекція церковних метричних книг Закарпаття (ф. 1606), 1715-1920	1889-1929	метрична книга|народження	1	ДАЗкО-Р1606-7-72
Р1606	7	73	Колекція церковних метричних книг Закарпаття (ф. 1606), 1715-1920	1829-1869	метрична книга|народження|шлюб	1	ДАЗкО-Р1606-7-73
Р1606	7	74	Колекція церковних метричних книг Закарпаття (ф. 1606), 1715-1920	1931-1951	метрична книга|смерть	1	ДАЗкО-Р1606-7-74
Р1606	7	75	Колекція церковних метричних книг Закарпаття (ф. 1606), 1715-1920	1942-1949	метрична книга|народження|смерть|шлюб	1	ДАЗкО-Р1606-7-75
Р1606	7	76	Колекція церковних метричних книг Закарпаття (ф. 1606), 1715-1920	1892-1906	метрична книга|народження|смерть|шлюб	1	ДАЗкО-Р1606-7-76
Р1606	7	77	Колекція церковних метричних книг Закарпаття (ф. 1606), 1715-1920	1836-1882	метрична книга|народження|смерть|шлюб	1	ДАЗкО-Р1606-7-77
Р1606	7	78	Колекція церковних метричних книг Закарпаття (ф. 1606), 1715-1920	1841-1881	метрична книга|народження|смерть|шлюб	1	ДАЗкО-Р1606-7-78
Р1606	7	79	Колекція церковних метричних книг Закарпаття (ф. 1606), 1715-1920	1925-1940		1	ДАЗкО-Р1606-7-79
Р1606	7	8	Колекція церковних метричних книг Закарпаття (ф. 1606), 1715-1920	1929-1951	метрична книга|народження|смерть|шлюб	1	ДАЗкО-Р1606-7-8
Р1606	7	80	Колекція церковних метричних книг Закарпаття (ф. 1606), 1715-1920	1882-1897	метрична книга|народження|смерть|шлюб	1	ДАЗкО-Р1606-7-80
Р1606	7	81	Колекція церковних метричних книг Закарпаття (ф. 1606), 1715-1920	1863-1902	метрична книга|народження|смерть|шлюб	1	ДАЗкО-Р1606-7-81
Р1606	7	82	Колекція церковних метричних книг Закарпаття (ф. 1606), 1715-1920	1908-1953	метрична книга|народження|шлюб	1	ДАЗкО-Р1606-7-82
Р1606	7	83	Колекція церковних метричних книг Закарпаття (ф. 1606), 1715-1920	1906-1953	метрична книга|смерть	1	ДАЗкО-Р1606-7-83
Р1606	7	84	Колекція церковних метричних книг Закарпаття (ф. 1606), 1715-1920	1863-1903	метрична книга|народження|смерть|шлюб	1	ДАЗкО-Р1606-7-84
Р1606	7	85	Колекція церковних метричних книг Закарпаття (ф. 1606), 1715-1920	1861-1881	метрична книга|народження	1	ДАЗкО-Р1606-7-85
Р1606	7	86	Колекція церковних метричних книг Закарпаття (ф. 1606), 1715-1920	1940-1949	метрична книга|народження|смерть|шлюб	1	ДАЗкО-Р1606-7-86
Р1606	7	87	Колекція церковних метричних книг Закарпаття (ф. 1606), 1715-1920	1923-1931	метрична книга|народження|смерть|шлюб	1	ДАЗкО-Р1606-7-87
Р1606	7	88	Колекція церковних метричних книг Закарпаття (ф. 1606), 1715-1920	1931-1940	метрична книга|народження|смерть|шлюб	1	ДАЗкО-Р1606-7-88
Р1606	7	89	Колекція церковних метричних книг Закарпаття (ф. 1606), 1715-1920	1879-1905	метрична книга|народження|смерть|шлюб	1	ДАЗкО-Р1606-7-89
Р1606	7	9	Колекція церковних метричних книг Закарпаття (ф. 1606), 1715-1920	1919-1939	метрична книга|народження|смерть|шлюб	1	ДАЗкО-Р1606-7-9
Р1606	7	90	Колекція церковних метричних книг Закарпаття (ф. 1606), 1715-1920	1928-1941	метрична книга|шлюб	1	ДАЗкО-Р1606-7-90
Р1606	7	91	Колекція церковних метричних книг Закарпаття (ф. 1606), 1715-1920	1942-1952	метрична книга|шлюб	1	ДАЗкО-Р1606-7-91
Р1606	7	92	Колекція церковних метричних книг Закарпаття (ф. 1606), 1715-1920	1934-1952	метрична книга|народження	1	ДАЗкО-Р1606-7-92
Р1606	7	93	Колекція церковних метричних книг Закарпаття (ф. 1606), 1715-1920	1939-1952	метрична книга|смерть	1	ДАЗкО-Р1606-7-93
Р1606	7	94	Колекція церковних метричних книг Закарпаття (ф. 1606), 1715-1920	1925-1939	метрична книга|народження|смерть	1	ДАЗкО-Р1606-7-94
Р1606	7	95	Колекція церковних метричних книг Закарпаття (ф. 1606), 1715-1920	1898-1925	метрична книга|народження|смерть|шлюб	1	ДАЗкО-Р1606-7-95
Р1606	7	96	Колекція церковних метричних книг Закарпаття (ф. 1606), 1715-1920	1827-1890	метрична книга|народження|шлюб	1	ДАЗкО-Р1606-7-96
Р1606	7	97	Колекція церковних метричних книг Закарпаття (ф. 1606), 1715-1920	1827-1859	метрична книга|народження|смерть|шлюб	1	ДАЗкО-Р1606-7-97
Р1606	7	98	Колекція церковних метричних книг Закарпаття (ф. 1606), 1715-1920	1826-1875	метрична книга|народження	1	ДАЗкО-Р1606-7-98
Р1606	7	99	Метрична книга. Кірха села:  Новий Кленовець, Мукачівського р-ну Закарпатської обл.	1853-1872	метрична книга|народження|смерть|шлюб	0	ДАЗкО-Р1606-7-99
Р1606	755	91	Метрична книга. Церква м. Берегове	1871-1892	метрична книга|народження	0	ДАЗкО-Р1606-755-91
Р1606	78	136	Метрична книга. Церква с. Лалово, Мукачівського р-ну Закарпатської обл.	1844-1860	метрична книга|смерть	0	ДАЗкО-Р1606-78-136
Р1606	8	1	Колекція церковних метричних книг Закарпаття (ф. 1606), 1715-1920	1840-1860	метрична книга|народження|смерть|шлюб	1	ДАЗкО-Р1606-8-1
Р1606	8	10	Колекція церковних метричних книг Закарпаття (ф. 1606), 1715-1920	1864-1899	метрична книга|народження|смерть|шлюб	1	ДАЗкО-Р1606-8-10
Р1606	8	11	Колекція церковних метричних книг Закарпаття (ф. 1606), 1715-1920	1861-1873		1	ДАЗкО-Р1606-8-11
Р1606	8	12	Колекція церковних метричних книг Закарпаття (ф. 1606), 1715-1920	1870-1892	метрична книга|народження|смерть|шлюб	1	ДАЗкО-Р1606-8-12
Р1606	8	13	Колекція церковних метричних книг Закарпаття (ф. 1606), 1715-1920	1861-1888	метрична книга|народження|смерть|шлюб	1	ДАЗкО-Р1606-8-13
Р1606	8	14	Колекція церковних метричних книг Закарпаття (ф. 1606), 1715-1920	1932-1949	метрична книга|народження	1	ДАЗкО-Р1606-8-14
Р1606	8	15	Колекція церковних метричних книг Закарпаття (ф. 1606), 1715-1920	1946-1949	метрична книга|народження|шлюб	1	ДАЗкО-Р1606-8-15
Р1606	8	16	Колекція церковних метричних книг Закарпаття (ф. 1606), 1715-1920	1817-1844	метрична книга|народження|смерть|шлюб	1	ДАЗкО-Р1606-8-16
Р1606	8	17	Колекція церковних метричних книг Закарпаття (ф. 1606), 1715-1920	1941-1948		1	ДАЗкО-Р1606-8-17
Р1606	8	18	Колекція церковних метричних книг Закарпаття (ф. 1606), 1715-1920	1933-1948	метрична книга|смерть	1	ДАЗкО-Р1606-8-18
Р1606	8	19	Колекція церковних метричних книг Закарпаття (ф. 1606), 1715-1920	1931-1949	метрична книга|смерть	1	ДАЗкО-Р1606-8-19
Р1606	8	2	Колекція церковних метричних книг Закарпаття (ф. 1606), 1715-1920	1861-1873	метрична книга|народження|смерть|шлюб	1	ДАЗкО-Р1606-8-2
Р1606	8	20	Колекція церковних метричних книг Закарпаття (ф. 1606), 1715-1920	1878-1905	метрична книга|шлюб	1	ДАЗкО-Р1606-8-20
Р1606	8	21	Колекція церковних метричних книг Закарпаття (ф. 1606), 1715-1920	1907-1944	метрична книга|народження|смерть|шлюб	1	ДАЗкО-Р1606-8-21
Р1606	8	22	Колекція церковних метричних книг Закарпаття (ф. 1606), 1715-1920	1920-1949	метрична книга|народження	1	ДАЗкО-Р1606-8-22
Р1606	8	23	Колекція церковних метричних книг Закарпаття (ф. 1606), 1715-1920	1896-1915	метрична книга|народження|смерть|шлюб	1	ДАЗкО-Р1606-8-23
Р1606	8	24	Колекція церковних метричних книг Закарпаття (ф. 1606), 1715-1920	1883-1919	метрична книга|народження	1	ДАЗкО-Р1606-8-24
Р1606	8	25	Колекція церковних метричних книг Закарпаття (ф. 1606), 1715-1920	1940-1949	метрична книга|народження|шлюб	1	ДАЗкО-Р1606-8-25
Р1606	8	26	Колекція церковних метричних книг Закарпаття (ф. 1606), 1715-1920	1897-1937	метрична книга|народження	1	ДАЗкО-Р1606-8-26
Р1606	8	27	Колекція церковних метричних книг Закарпаття (ф. 1606), 1715-1920	1899-1929	метрична книга|народження	1	ДАЗкО-Р1606-8-27
Р1606	8	28	Колекція церковних метричних книг Закарпаття (ф. 1606), 1715-1920	1905-1947	метрична книга|смерть	1	ДАЗкО-Р1606-8-28
Р1606	8	29	Колекція церковних метричних книг Закарпаття (ф. 1606), 1715-1920	1878-1905	метрична книга|смерть	1	ДАЗкО-Р1606-8-29
Р1606	8	3	Колекція церковних метричних книг Закарпаття (ф. 1606), 1715-1920	1872-1897	метрична книга|народження|смерть|шлюб	1	ДАЗкО-Р1606-8-3
Р1606	8	30	Колекція церковних метричних книг Закарпаття (ф. 1606), 1715-1920	1906-1943	метрична книга|шлюб	1	ДАЗкО-Р1606-8-30
Р1606	8	31	Колекція церковних метричних книг Закарпаття (ф. 1606), 1715-1920	1920-1941	метрична книга|народження|смерть|шлюб	1	ДАЗкО-Р1606-8-31
Р1606	8	32	Колекція церковних метричних книг Закарпаття (ф. 1606), 1715-1920	1912-1922	метрична книга|народження	1	ДАЗкО-Р1606-8-32
Р1606	8	33	Колекція церковних метричних книг Закарпаття (ф. 1606), 1715-1920	1921-1939	метрична книга|смерть	1	ДАЗкО-Р1606-8-33
Р1606	8	34	Колекція церковних метричних книг Закарпаття (ф. 1606), 1715-1920	1902-1911	метрична книга|народження|смерть|шлюб	1	ДАЗкО-Р1606-8-34
Р1606	8	35	Колекція церковних метричних книг Закарпаття (ф. 1606), 1715-1920	1925-1938	метрична книга|народження|смерть|шлюб	1	ДАЗкО-Р1606-8-35
Р1606	8	36	Колекція церковних метричних книг Закарпаття (ф. 1606), 1715-1920	1889-1939	метрична книга|народження|смерть|шлюб	1	ДАЗкО-Р1606-8-36
Р1606	8	37	Колекція церковних метричних книг Закарпаття (ф. 1606), 1715-1920	1914-1948		1	ДАЗкО-Р1606-8-37
Р1606	8	38	Колекція церковних метричних книг Закарпаття (ф. 1606), 1715-1920	1922-1944	метрична книга|народження|шлюб	1	ДАЗкО-Р1606-8-38
Р1606	8	39	Колекція церковних метричних книг Закарпаття (ф. 1606), 1715-1920	1846-1866	метрична книга|народження|смерть|шлюб	1	ДАЗкО-Р1606-8-39
Р1606	8	4	Колекція церковних метричних книг Закарпаття (ф. 1606), 1715-1920	1833-1860	метрична книга|народження|смерть|шлюб	1	ДАЗкО-Р1606-8-4
Р1606	8	40	Колекція церковних метричних книг Закарпаття (ф. 1606), 1715-1920	1899-1948	метрична книга|смерть	1	ДАЗкО-Р1606-8-40
Р1606	8	41	Колекція церковних метричних книг Закарпаття (ф. 1606), 1715-1920	1897-1911	метрична книга|народження|смерть|шлюб	1	ДАЗкО-Р1606-8-41
Р1606	8	42	Колекція церковних метричних книг Закарпаття (ф. 1606), 1715-1920	1937-1947	метрична книга|народження|смерть|шлюб	1	ДАЗкО-Р1606-8-42
Р1606	8	43	Колекція церковних метричних книг Закарпаття (ф. 1606), 1715-1920	1878-1897	метрична книга|народження|смерть|шлюб	1	ДАЗкО-Р1606-8-43
Р1606	8	44	Колекція церковних метричних книг Закарпаття (ф. 1606), 1715-1920	1945-1948	метрична книга|народження|смерть|шлюб	1	ДАЗкО-Р1606-8-44
Р1606	8	45	Колекція церковних метричних книг Закарпаття (ф. 1606), 1715-1920	1897-1910	метрична книга|народження|смерть|шлюб	1	ДАЗкО-Р1606-8-45
Р1606	8	46	Колекція церковних метричних книг Закарпаття (ф. 1606), 1715-1920	1912-1936	метрична книга|народження|смерть|шлюб	1	ДАЗкО-Р1606-8-46
Р1606	8	47	Колекція церковних метричних книг Закарпаття (ф. 1606), 1715-1920	1935-1948	метрична книга|народження|смерть|шлюб	1	ДАЗкО-Р1606-8-47
Р1606	8	48	Колекція церковних метричних книг Закарпаття (ф. 1606), 1715-1920	1903-1919	метрична книга|народження|смерть|шлюб	1	ДАЗкО-Р1606-8-48
Р1606	8	49	Колекція церковних метричних книг Закарпаття (ф. 1606), 1715-1920	1878-1903	метрична книга|народження|смерть|шлюб	1	ДАЗкО-Р1606-8-49
Р1606	8	5	Колекція церковних метричних книг Закарпаття (ф. 1606), 1715-1920	1861-1892	метрична книга|народження|смерть|шлюб	1	ДАЗкО-Р1606-8-5
Р1606	8	50	Колекція церковних метричних книг Закарпаття (ф. 1606), 1715-1920	1906-1925	метрична книга|народження|смерть|шлюб	1	ДАЗкО-Р1606-8-50
Р1606	8	51	Колекція церковних метричних книг Закарпаття (ф. 1606), 1715-1920	1886-1918	метрична книга|народження|смерть|шлюб	1	ДАЗкО-Р1606-8-51
Р1606	8	52	Колекція церковних метричних книг Закарпаття (ф. 1606), 1715-1920	1940-1947	метрична книга|народження|смерть|шлюб	1	ДАЗкО-Р1606-8-52
Р1606	8	53	Колекція церковних метричних книг Закарпаття (ф. 1606), 1715-1920	1928-1948	метрична книга|народження|смерть|шлюб	1	ДАЗкО-Р1606-8-53
Р1606	8	54	Колекція церковних метричних книг Закарпаття (ф. 1606), 1715-1920	1939-1948	метрична книга|народження	1	ДАЗкО-Р1606-8-54
Р1606	8	55	Колекція церковних метричних книг Закарпаття (ф. 1606), 1715-1920	1918-1920	метрична книга|народження	1	ДАЗкО-Р1606-8-55
Р1606	8	56	Колекція церковних метричних книг Закарпаття (ф. 1606), 1715-1920	1914-1948		1	ДАЗкО-Р1606-8-56
Р1606	8	57	Колекція церковних метричних книг Закарпаття (ф. 1606), 1715-1920	1915-1948		1	ДАЗкО-Р1606-8-57
Р1606	8	58	Колекція церковних метричних книг Закарпаття (ф. 1606), 1715-1920	1887-1919		1	ДАЗкО-Р1606-8-58
Р1606	8	59	Колекція церковних метричних книг Закарпаття (ф. 1606), 1715-1920	1926-1943	метрична книга|народження|смерть|шлюб	1	ДАЗкО-Р1606-8-59
Р1606	8	6	Колекція церковних метричних книг Закарпаття (ф. 1606), 1715-1920	1873-1886	метрична книга|народження|шлюб	1	ДАЗкО-Р1606-8-6
Р1606	8	60	Колекція церковних метричних книг Закарпаття (ф. 1606), 1715-1920	1872-1897	метрична книга|народження|смерть|шлюб	1	ДАЗкО-Р1606-8-60
Р1606	8	61	Колекція церковних метричних книг Закарпаття (ф. 1606), 1715-1920	1920-1939	метрична книга|народження	1	ДАЗкО-Р1606-8-61
Р1606	8	62	Колекція церковних метричних книг Закарпаття (ф. 1606), 1715-1920	1861-1898	метрична книга|народження|смерть|шлюб	1	ДАЗкО-Р1606-8-62
Р1606	8	64	Метрична книга. Церква с. Дубриничі, Перечинського р-ну Закарпатської обл.	1873-1886	метрична книга|смерть	0	ДАЗкО-Р1606-8-64
Р1606	8	7	Колекція церковних метричних книг Закарпаття (ф. 1606), 1715-1920	1828-1843	метрична книга|народження|смерть|шлюб	1	ДАЗкО-Р1606-8-7
Р1606	8	8	Колекція церковних метричних книг Закарпаття (ф. 1606), 1715-1920	1861-1873	метрична книга|народження|смерть|шлюб	1	ДАЗкО-Р1606-8-8
Р1606	8	9	Колекція церковних метричних книг Закарпаття (ф. 1606), 1715-1920	1861-1882	метрична книга|народження|смерть|шлюб	1	ДАЗкО-Р1606-8-9
Р1606	9	1	Колекція церковних метричних книг Закарпаття (ф. 1606), 1715-1920	1788-1861	метрична книга|народження|смерть|шлюб	1	ДАЗкО-Р1606-9-1
Р1606	9	10	Колекція церковних метричних книг Закарпаття (ф. 1606), 1715-1920	1875-1885	метрична книга|народження|смерть	1	ДАЗкО-Р1606-9-10
Р1606	9	11	Колекція церковних метричних книг Закарпаття (ф. 1606), 1715-1920	1788-1824	метрична книга|народження|смерть|шлюб	1	ДАЗкО-Р1606-9-11
Р1606	9	12	Колекція церковних метричних книг Закарпаття (ф. 1606), 1715-1920	1825-1844	метрична книга|народження|смерть|шлюб	1	ДАЗкО-Р1606-9-12
Р1606	9	13	Колекція церковних метричних книг Закарпаття (ф. 1606), 1715-1920	1845-1861	метрична книга|народження|смерть|шлюб	1	ДАЗкО-Р1606-9-13
Р1606	9	14	Колекція церковних метричних книг Закарпаття (ф. 1606), 1715-1920	1876-1882	метрична книга|смерть	1	ДАЗкО-Р1606-9-14
Р1606	9	15	Колекція церковних метричних книг Закарпаття (ф. 1606), 1715-1920	1868-1887	метрична книга|шлюб	1	ДАЗкО-Р1606-9-15
Р1606	9	16	Колекція церковних метричних книг Закарпаття (ф. 1606), 1715-1920	1868-1876	метрична книга|народження	1	ДАЗкО-Р1606-9-16
Р1606	9	17	Колекція церковних метричних книг Закарпаття (ф. 1606), 1715-1920	1791-1874	метрична книга|народження|смерть|шлюб	1	ДАЗкО-Р1606-9-17
Р1606	9	18	Колекція церковних метричних книг Закарпаття (ф. 1606), 1715-1920	1861-1873	метрична книга|народження|смерть|шлюб	1	ДАЗкО-Р1606-9-18
Р1606	9	19	Колекція церковних метричних книг Закарпаття (ф. 1606), 1715-1920	1861-1879	метрична книга|народження|смерть	1	ДАЗкО-Р1606-9-19
Р1606	9	2	Колекція церковних метричних книг Закарпаття (ф. 1606), 1715-1920	1861-1879	метрична книга|смерть|шлюб	1	ДАЗкО-Р1606-9-2
Р1606	9	20	Колекція церковних метричних книг Закарпаття (ф. 1606), 1715-1920	1845-1880	метрична книга|народження|смерть|шлюб	1	ДАЗкО-Р1606-9-20
Р1606	9	21	Колекція церковних метричних книг Закарпаття (ф. 1606), 1715-1920	1861-1883	метрична книга|смерть	1	ДАЗкО-Р1606-9-21
Р1606	9	22	Колекція церковних метричних книг Закарпаття (ф. 1606), 1715-1920	1861-1892	метрична книга|шлюб	1	ДАЗкО-Р1606-9-22
Р1606	9	23	Колекція церковних метричних книг Закарпаття (ф. 1606), 1715-1920	1882-1888	метрична книга|народження|смерть	1	ДАЗкО-Р1606-9-23
Р1606	9	24	Колекція церковних метричних книг Закарпаття (ф. 1606), 1715-1920	1829-1853	метрична книга|смерть	1	ДАЗкО-Р1606-9-24
Р1606	9	25	Колекція церковних метричних книг Закарпаття (ф. 1606), 1715-1920	1859-1879	метрична книга|смерть	1	ДАЗкО-Р1606-9-25
Р1606	9	26	Колекція церковних метричних книг Закарпаття (ф. 1606), 1715-1920	1853-1883	метрична книга|смерть	1	ДАЗкО-Р1606-9-26
Р1606	9	27	Колекція церковних метричних книг Закарпаття (ф. 1606), 1715-1920	1834-1888	метрична книга|народження|шлюб	1	ДАЗкО-Р1606-9-27
Р1606	9	28	Колекція церковних метричних книг Закарпаття (ф. 1606), 1715-1920	1859-1878	метрична книга|шлюб	1	ДАЗкО-Р1606-9-28
Р1606	9	29	Колекція церковних метричних книг Закарпаття (ф. 1606), 1715-1920	1852-1888	метрична книга|смерть	1	ДАЗкО-Р1606-9-29
Р1606	9	3	Колекція церковних метричних книг Закарпаття (ф. 1606), 1715-1920	1861-1877	метрична книга|народження	1	ДАЗкО-Р1606-9-3
Р1606	9	30	Колекція церковних метричних книг Закарпаття (ф. 1606), 1715-1920	1837-1857	метрична книга|народження|смерть|шлюб	1	ДАЗкО-Р1606-9-30
Р1606	9	31	Колекція церковних метричних книг Закарпаття (ф. 1606), 1715-1920	1859-1873	метрична книга|народження	1	ДАЗкО-Р1606-9-31
Р1606	9	32	Колекція церковних метричних книг Закарпаття (ф. 1606), 1715-1920	1826-1867	метрична книга|шлюб	1	ДАЗкО-Р1606-9-32
Р1606	9	33	Колекція церковних метричних книг Закарпаття (ф. 1606), 1715-1920	1872-1886	метрична книга|смерть	1	ДАЗкО-Р1606-9-33
Р1606	9	34	Колекція церковних метричних книг Закарпаття (ф. 1606), 1715-1920	1824-1867	метрична книга|народження	1	ДАЗкО-Р1606-9-34
Р1606	9	35	Колекція церковних метричних книг Закарпаття (ф. 1606), 1715-1920	1871-1886	метрична книга|народження	1	ДАЗкО-Р1606-9-35
Р1606	9	36	Колекція церковних метричних книг Закарпаття (ф. 1606), 1715-1920	1835-1861	метрична книга|народження|смерть|шлюб	1	ДАЗкО-Р1606-9-36
Р1606	9	37	Колекція церковних метричних книг Закарпаття (ф. 1606), 1715-1920	1868-1878	метрична книга|смерть	1	ДАЗкО-Р1606-9-37
Р1606	9	38	Колекція церковних метричних книг Закарпаття (ф. 1606), 1715-1920	1881-1893	метрична книга|народження	1	ДАЗкО-Р1606-9-38
Р1606	9	39	Колекція церковних метричних книг Закарпаття (ф. 1606), 1715-1920	1871-1883	метрична книга|народження	1	ДАЗкО-Р1606-9-39
Р1606	9	4	Колекція церковних метричних книг Закарпаття (ф. 1606), 1715-1920	1864-1876	метрична книга|смерть	1	ДАЗкО-Р1606-9-4
Р1606	9	40	Колекція церковних метричних книг Закарпаття (ф. 1606), 1715-1920	1824-1867	метрична книга|смерть	1	ДАЗкО-Р1606-9-40
Р1606	9	41	Колекція церковних метричних книг Закарпаття (ф. 1606), 1715-1920	1862-1872	метрична книга|народження|смерть|шлюб	1	ДАЗкО-Р1606-9-41
Р1606	9	42	Колекція церковних метричних книг Закарпаття (ф. 1606), 1715-1920	1829-1854	метрична книга|народження	1	ДАЗкО-Р1606-9-42
Р1606	9	43	Колекція церковних метричних книг Закарпаття (ф. 1606), 1715-1920	1900-1913	метрична книга|народження	1	ДАЗкО-Р1606-9-43
Р1606	9	44	Колекція церковних метричних книг Закарпаття (ф. 1606), 1715-1920	1887-1931	метрична книга|смерть	1	ДАЗкО-Р1606-9-44
Р1606	9	45	Колекція церковних метричних книг Закарпаття (ф. 1606), 1715-1920	1877-1899	метрична книга|смерть	1	ДАЗкО-Р1606-9-45
Р1606	9	46	Колекція церковних метричних книг Закарпаття (ф. 1606), 1715-1920	1908-1912	метрична книга|народження|шлюб	1	ДАЗкО-Р1606-9-46
Р1606	9	47	Колекція церковних метричних книг Закарпаття (ф. 1606), 1715-1920	1926-1941	метрична книга|народження	1	ДАЗкО-Р1606-9-47
Р1606	9	48	Колекція церковних метричних книг Закарпаття (ф. 1606), 1715-1920	1886-1894	метрична книга|народження	1	ДАЗкО-Р1606-9-48
Р1606	9	49	Колекція церковних метричних книг Закарпаття (ф. 1606), 1715-1920	1905-1916	метрична книга|народження	1	ДАЗкО-Р1606-9-49
Р1606	9	5	Колекція церковних метричних книг Закарпаття (ф. 1606), 1715-1920	1864-1878	метрична книга|народження	1	ДАЗкО-Р1606-9-5
Р1606	9	50	Колекція церковних метричних книг Закарпаття (ф. 1606), 1715-1920	1880-1907	метрична книга|народження	1	ДАЗкО-Р1606-9-50
Р1606	9	51	Колекція церковних метричних книг Закарпаття (ф. 1606), 1715-1920	1894-1905	метрична книга|народження	1	ДАЗкО-Р1606-9-51
Р1606	9	52	Колекція церковних метричних книг Закарпаття (ф. 1606), 1715-1920	1888-1908	метрична книга|смерть	1	ДАЗкО-Р1606-9-52
Р1606	9	53	Колекція церковних метричних книг Закарпаття (ф. 1606), 1715-1920	1894-1905	метрична книга|народження	1	ДАЗкО-Р1606-9-53
Р1606	9	54	Колекція церковних метричних книг Закарпаття (ф. 1606), 1715-1920	1888-1930	метрична книга|шлюб	1	ДАЗкО-Р1606-9-54
Р1606	9	55	Колекція церковних метричних книг Закарпаття (ф. 1606), 1715-1920	1878-1900	метрична книга|народження	1	ДАЗкО-Р1606-9-55
Р1606	9	56	Колекція церковних метричних книг Закарпаття (ф. 1606), 1715-1920	1933-1949	метрична книга|народження	1	ДАЗкО-Р1606-9-56
Р1606	9	57	Колекція церковних метричних книг Закарпаття (ф. 1606), 1715-1920	1921-1934		1	ДАЗкО-Р1606-9-57
Р1606	9	58	Колекція церковних метричних книг Закарпаття (ф. 1606), 1715-1920	1908-1944	метрична книга|народження	1	ДАЗкО-Р1606-9-58
Р1606	9	59	Колекція церковних метричних книг Закарпаття (ф. 1606), 1715-1920	1930-1948	метрична книга|народження|смерть|шлюб	1	ДАЗкО-Р1606-9-59
Р1606	9	6	Колекція церковних метричних книг Закарпаття (ф. 1606), 1715-1920	1841-1863	метрична книга|народження|смерть|шлюб	1	ДАЗкО-Р1606-9-6
Р1606	9	60	Колекція церковних метричних книг Закарпаття (ф. 1606), 1715-1920	1899-1931	метрична книга|народження|смерть|шлюб	1	ДАЗкО-Р1606-9-60
Р1606	9	61	Колекція церковних метричних книг Закарпаття (ф. 1606), 1715-1920	1924-1940	метрична книга|шлюб	1	ДАЗкО-Р1606-9-61
Р1606	9	62	Колекція церковних метричних книг Закарпаття (ф. 1606), 1715-1920	1893-1946	метрична книга|народження	1	ДАЗкО-Р1606-9-62
Р1606	9	63	Колекція церковних метричних книг Закарпаття (ф. 1606), 1715-1920	1864-1899	метрична книга|народження	1	ДАЗкО-Р1606-9-63
Р1606	9	64	Колекція церковних метричних книг Закарпаття (ф. 1606), 1715-1920	1902-1941	метрична книга|шлюб	1	ДАЗкО-Р1606-9-64
Р1606	9	65	Колекція церковних метричних книг Закарпаття (ф. 1606), 1715-1920	1902-1929	метрична книга|народження	1	ДАЗкО-Р1606-9-65
Р1606	9	66	Колекція церковних метричних книг Закарпаття (ф. 1606), 1715-1920	1913-1933	метрична книга|народження	1	ДАЗкО-Р1606-9-66
Р1606	9	67	Колекція церковних метричних книг Закарпаття (ф. 1606), 1715-1920	1885-1916	метрична книга|смерть	1	ДАЗкО-Р1606-9-67
Р1606	9	68	Колекція церковних метричних книг Закарпаття (ф. 1606), 1715-1920	1916-1928	метрична книга|народження	1	ДАЗкО-Р1606-9-68
Р1606	9	69	Колекція церковних метричних книг Закарпаття (ф. 1606), 1715-1920	1924-1950	метрична книга|народження	1	ДАЗкО-Р1606-9-69
Р1606	9	7	Колекція церковних метричних книг Закарпаття (ф. 1606), 1715-1920	1802-1840,1919-1939	метрична книга|народження|смерть|шлюб	1	ДАЗкО-Р1606-9-7
Р1606	9	70	Колекція церковних метричних книг Закарпаття (ф. 1606), 1715-1920	1905-1924	метрична книга|народження	1	ДАЗкО-Р1606-9-70
Р1606	9	71	Колекція церковних метричних книг Закарпаття (ф. 1606), 1715-1920	1898-1931	метрична книга|народження|смерть|шлюб	1	ДАЗкО-Р1606-9-71
Р1606	9	72	Колекція церковних метричних книг Закарпаття (ф. 1606), 1715-1920	1919-1939		1	ДАЗкО-Р1606-9-72
Р1606	9	8	Колекція церковних метричних книг Закарпаття (ф. 1606), 1715-1920	1861-1874	метрична книга|народження|смерть|шлюб	1	ДАЗкО-Р1606-9-8
Р1606	9	9	Колекція церковних метричних книг Закарпаття (ф. 1606), 1715-1920	1869-1877	метрична книга|народження|смерть|шлюб	1	ДАЗкО-Р1606-9-9
Р1606	А7	35	Метрична книга. Церква с. Копинівці, Мукачівського р-ну Закарпатської обл.	1835-1855	метрична книга|народження	0	ДАЗкО-Р1606-А7-35
Р1606	ЛП2	27	Метрична книга. Церква с. Смереково, Великоберезнянського р-ну Закарпатської обл.	1817-1946	метрична книга|шлюб	0	ДАЗкО-Р1606-ЛП2-27
Р1607	6	39	Метрична книга. Церква с. Розтока, Міжгірського р-ну Закарпатської обл.	1817-1861	метрична книга|шлюб	0	ДАЗкО-Р1607-6-39
Р1696	7	173	Метрична книга. Церква с. Залужжя, Мукачівського р-ну Закарпатської обл.	1877-1897	метрична книга|народження|смерть|шлюб	0	ДАЗкО-Р1696-7-173
Р606	7	129	Метрична книга. Церква с. Великі Лучки, Мукачівського р-ну Закарпатської обл.	1920-1939	метрична книга|смерть	0	ДАЗкО-Р606-7-129
