copy_id,parsed,ref,fond,complex,inv_code,file_code,method
33ea77ee-5f75-44a4-a8dd-93d233b9c705,ЦДНТА-(Р-107-3-36-5-1862+++Р-107-3-36-5-1862+++Р-107-3-36-5-1862),Р-107-3-36-5-1862,Р107,3-36,5,1862,opys-explicit
e5dae042-f2c5-4254-9b3e-0931b9996a73,ЦДНТА-(Р-107-3-36-5-1866+++Р-107-3-36-5-1866+++Р-107-3-36-5-1866),Р-107-3-36-5-1866,Р107,3-36,5,1866,opys-explicit
74418111-504d-4ac3-ac7c-aea42d6a1c33,ЦДНТА-(Р-107-3-36-6-1928+++Р-107-3-36-6-1928+++Р-107-3-36-6-1928),Р-107-3-36-6-1928,Р107,3-36,6,1928,opys-explicit
d4627d98-c1dd-4df7-a6b8-c3726aad9dd3,ЦДНТА-(Р-107-3-36-6-1960+++Р-107-3-36-6-1960+++Р-107-3-36-6-1960),Р-107-3-36-6-1960,Р107,3-36,6,1960,opys-explicit
1b115927-1202-4eed-b05f-971963b8308e,ЦДНТА-(Р-107-3-36-6-1898+++Р-107-3-36-6-1898+++Р-107-3-36-6-1898),Р-107-3-36-6-1898,Р107,3-36,6,1898,opys-explicit
de9c8197-d19e-4637-b224-86f2275e6ead,ЦДНТА-(Р-107-3-36-6-1949+++Р-107-3-36-6-1949+++Р-107-3-36-6-1949),Р-107-3-36-6-1949,Р107,3-36,6,1949,opys-explicit
9dc5aca1-fbf8-49f5-a8b2-6860d5ea65c9,ЦДНТА-(Р-107-3-36-6-1956+++Р-107-3-36-6-1956+++Р-107-3-36-6-1956),Р-107-3-36-6-1956,Р107,3-36,6,1956,opys-explicit
224ece37-ceef-4c18-bb0b-e0dc98042824,ЦДНТА-(Р-107-3-36-6-1948+++Р-107-3-36-6-1948+++Р-107-3-36-6-1948),Р-107-3-36-6-1948,Р107,3-36,6,1948,opys-explicit
f0f91961-2395-40df-8cf6-94ff8ef1828b,ЦДНТА-(Р-107-3-36-6-1885+++Р-107-3-36-6-1885+++Р-107-3-36-6-1885),Р-107-3-36-6-1885,Р107,3-36,6,1885,opys-explicit
4505664b-6dd0-4323-acf6-b616e7b1618b,ЦДНТА-(Р-107-3-36-6-1896+++Р-107-3-36-6-1896+++Р-107-3-36-6-1896),Р-107-3-36-6-1896,Р107,3-36,6,1896,opys-explicit
a24d439b-7506-4de7-914c-8ea5578cb30e,ЦДНТА-(Р-107-3-36-6-1908+++Р-107-3-36-6-1908+++Р-107-3-36-6-1908),Р-107-3-36-6-1908,Р107,3-36,6,1908,opys-explicit
a5c1f754-329e-48b3-9248-3851ab9df57a,ЦДНТА-(Р-107-3-36-6-1972+++Р-107-3-36-6-1972+++Р-107-3-36-6-1972),Р-107-3-36-6-1972,Р107,3-36,6,1972,opys-explicit
83c23df0-1837-4880-ad4d-3da03417c71f,ЦДНТА-(Р-107-3-36-6-1914+++Р-107-3-36-6-1914+++Р-107-3-36-6-1914),Р-107-3-36-6-1914,Р107,3-36,6,1914,opys-explicit
35a577c6-3f14-4fc3-965b-add101057a3d,ЦДНТА-(Р-107-3-36-6-1912+++Р-107-3-36-6-1912+++Р-107-3-36-6-1912),Р-107-3-36-6-1912,Р107,3-36,6,1912,opys-explicit
41048f12-a960-4762-8bf7-483939705121,ЦДНТА-(Р-107-3-36-6-2001+++Р-107-3-36-6-2001+++Р-107-3-36-6-2001),Р-107-3-36-6-2001,Р107,3-36,6,2001,opys-explicit
7d39caab-8a61-4deb-b66e-3fb21b08cccb,ЦДНТА-(Р-107-3-36-6-2009+++Р-107-3-36-6-2009+++Р-107-3-36-6-2009),Р-107-3-36-6-2009,Р107,3-36,6,2009,opys-explicit
fc728f42-c9bb-42eb-a579-e6a24da4573a,ЦДНТА-(Р-107-3-36-6-1992+++Р-107-3-36-6-1992+++Р-107-3-36-6-1992),Р-107-3-36-6-1992,Р107,3-36,6,1992,opys-explicit
b25078a9-8f5d-4160-9577-4af8f8435b38,ЦДНТА-(Р-107-3-36-6-2030+++Р-107-3-36-6-2030+++Р-107-3-36-6-2030),Р-107-3-36-6-2030,Р107,3-36,6,2030,opys-explicit
ddcf405d-8196-469c-a880-e3c4c25e020d,ЦДНТА-(Р-107-3-36-6-1964+++Р-107-3-36-6-1964+++Р-107-3-36-6-1964),Р-107-3-36-6-1964,Р107,3-36,6,1964,opys-explicit
e06953fe-76c6-4a79-952c-8c97739edbe1,ЦДНТА-(Р-107-3-36-6-1959+++Р-107-3-36-6-1959+++Р-107-3-36-6-1959),Р-107-3-36-6-1959,Р107,3-36,6,1959,opys-explicit
1ceb7506-c550-4542-b106-bfe18c1cf933,ЦДНТА-(Р-107-3-36-6-1953+++Р-107-3-36-6-1953+++Р-107-3-36-6-1953),Р-107-3-36-6-1953,Р107,3-36,6,1953,opys-explicit
ce47e8f5-cc86-4a07-975f-47c4c8adbcf2,ЦДНТА-(Р-107-3-36-6-1985+++Р-107-3-36-6-1985+++Р-107-3-36-6-1985),Р-107-3-36-6-1985,Р107,3-36,6,1985,opys-explicit
5061828d-9ffe-48bc-8cb5-f17986ff00e1,ЦДНТА-(Р-107-3-36-6-2060+++Р-107-3-36-6-2060+++Р-107-3-36-6-2060),Р-107-3-36-6-2060,Р107,3-36,6,2060,opys-explicit
50fc146d-8bb1-4aba-87f8-025778550c77,ЦДНТА-(Р-107-3-36-6-2028+++Р-107-3-36-6-2028+++Р-107-3-36-6-2028),Р-107-3-36-6-2028,Р107,3-36,6,2028,opys-explicit
f6800a68-c4ab-4e28-b0b8-180f9dab615e,ЦДНТА-(Р-107-3-36-6-2032+++Р-107-3-36-6-2032+++Р-107-3-36-6-2032),Р-107-3-36-6-2032,Р107,3-36,6,2032,opys-explicit
80b30321-1387-4bc7-9910-e59cff58f8ba,ЦДНТА-(Р-107-3-36-6-2046+++Р-107-3-36-6-2046+++Р-107-3-36-6-2046),Р-107-3-36-6-2046,Р107,3-36,6,2046,opys-explicit
773de634-c3e6-4416-a985-067b29267998,ЦДНТА-(Р-107-3-36-6-2054+++Р-107-3-36-6-2054+++Р-107-3-36-6-2054),Р-107-3-36-6-2054,Р107,3-36,6,2054,opys-explicit
6cd93e32-b73a-46cf-8b85-5d02c809bf3c,ЦДНТА-(Р-107-3-36-6-2058+++Р-107-3-36-6-2058+++Р-107-3-36-6-2058),Р-107-3-36-6-2058,Р107,3-36,6,2058,opys-explicit
483553b3-b6e2-4114-b50e-2ebf9cbee742,ЦДНТА-(Р-107-3-36-6-2037+++Р-107-3-36-6-2037+++Р-107-3-36-6-2037),Р-107-3-36-6-2037,Р107,3-36,6,2037,opys-explicit
b0a0ad16-bc6b-40d9-ac0b-37aedb165936,ЦДНТА-(Р-17-3-9-607+++Р-17-3-9-607+++Р-17-3-9-607),Р-17-3-9-607,Р17,3-9,1,607,range-lookup
932415e1-47a6-4913-acae-466ffdaeeb24,ЦДНТА-(Р-17-3-9-643+++Р-17-3-9-643+++Р-17-3-9-643),Р-17-3-9-643,Р17,3-9,1,643,range-lookup
99e30772-38ea-4d30-a7a4-bdea04028d24,ЦДНТА-(Р-17-3-9-654+++Р-17-3-9-654+++Р-17-3-9-654),Р-17-3-9-654,Р17,3-9,1,654,range-lookup
47855871-42b4-4432-bc72-17d18ca6d32b,ЦДНТА-(Р-17-3-9-2-674+++Р-17-3-9-2-674+++Р-17-3-9-2-674),Р-17-3-9-2-674,Р17,3-9,2,674,opys-explicit
429766ea-d4c6-43d7-aef3-a4bf4cd01d00,ЦДНТА-(Р-17-3-9-2-675+++Р-17-3-9-2-675+++Р-17-3-9-2-675),Р-17-3-9-2-675,Р17,3-9,2,675,opys-explicit
161ebe78-d398-48c7-9fd7-6f6a3d9e06a7,ЦДНТА-(Р-17-3-9-2-678+++Р-17-3-9-2-678+++Р-17-3-9-2-678),Р-17-3-9-2-678,Р17,3-9,2,678,opys-explicit
52f791e6-2636-4c22-a584-43720c1a1e72,ЦДНТА-(Р-17-3-9-2-694+++Р-17-3-9-2-694+++Р-17-3-9-2-694),Р-17-3-9-2-694,Р17,3-9,2,694,opys-explicit
3ac18e68-8192-4456-86ae-905f4b26b5f2,ЦДНТА-(Р-17-3-9-2-698+++Р-17-3-9-2-698+++Р-17-3-9-2-698),Р-17-3-9-2-698,Р17,3-9,2,698,opys-explicit
fbac32ff-cb37-4383-8b61-feaaf332c7c1,ЦДНТА-(Р-17-3-9-2-703+++Р-17-3-9-2-703+++Р-17-3-9-2-703),Р-17-3-9-2-703,Р17,3-9,2,703,opys-explicit
0a8d3d5f-9d61-409f-a238-4a59c569aa81,ЦДНТА-(Р-17-3-9-2-732+++Р-17-3-9-2-732+++Р-17-3-9-2-732),Р-17-3-9-2-732,Р17,3-9,2,732,opys-explicit
d05f3a7e-99b5-49f4-b7cd-2f5c98360f8d,ЦДНТА-(Р-17-3-9-2-737+++Р-17-3-9-2-737+++Р-17-3-9-2-737),Р-17-3-9-2-737,Р17,3-9,2,737,opys-explicit
362ab304-52af-4877-a02e-9cb90bba29df,ЦДНТА-(Р-17-3-9-2-751+++Р-17-3-9-2-751+++Р-17-3-9-2-751),Р-17-3-9-2-751,Р17,3-9,2,751,opys-explicit
5d89d046-cedd-49c5-87cd-15602555550f,ЦДНТА-(Р-17-3-9-2-745+++Р-17-3-9-2-745+++Р-17-3-9-2-745),Р-17-3-9-2-745,Р17,3-9,2,745,opys-explicit
c94fb49f-7dce-42a4-8282-7d7bd47d41ac,ЦДНТА-(Р-17-3-9-2-752+++Р-17-3-9-2-752+++Р-17-3-9-2-752),Р-17-3-9-2-752,Р17,3-9,2,752,opys-explicit
209521a5-94a6-49a0-b803-ae55aafdf75f,ЦДНТА-(Р-17-3-9-1-357+++Р-17-3-9-1-357+++Р-17-3-9-1-357),Р-17-3-9-1-357,Р17,3-9,1,357,opys-explicit
57ba7911-4945-4146-8739-96bfcf2c2fd4,ЦДНТА-(Р-17-3-9-1-363+++Р-17-3-9-1-363+++Р-17-3-9-1-363),Р-17-3-9-1-363,Р17,3-9,1,363,opys-explicit
d7cded2b-0f37-40f3-afbb-012a1354cfac,ЦДНТА-(Р-17-3-9-1-365+++Р-17-3-9-1-365+++Р-17-3-9-1-365),Р-17-3-9-1-365,Р17,3-9,1,365,opys-explicit
b1ebf9fc-1956-4ef6-b4d2-e50e081b0ed8,ЦДНТА-(Р-17-3-9-1-378+++Р-17-3-9-1-378+++Р-17-3-9-1-378),Р-17-3-9-1-378,Р17,3-9,1,378,opys-explicit
0dffb67c-80b1-4b37-a70f-8e2d44445992,ЦДНТА-(Р-17-3-9-1-381+++Р-17-3-9-1-381+++Р-17-3-9-1-381),Р-17-3-9-1-381,Р17,3-9,1,381,opys-explicit
df6c7dd3-1853-49d2-a83b-f3fa1663ba56,ЦДНТА-(Р-17-3-9-1-382+++Р-17-3-9-1-382+++Р-17-3-9-1-382),Р-17-3-9-1-382,Р17,3-9,1,382,opys-explicit
86021287-376b-4807-8e3c-132ad2a928d0,ЦДНТА-(Р-17-3-9-1-403+++Р-17-3-9-1-403+++Р-17-3-9-1-403),Р-17-3-9-1-403,Р17,3-9,1,403,opys-explicit
26342696-864b-438e-823e-488f464d173e,ЦДНТА-(Р-17-3-9-1-412+++Р-17-3-9-1-412+++Р-17-3-9-1-412),Р-17-3-9-1-412,Р17,3-9,1,412,opys-explicit
fe63f57c-2360-4793-bf90-456256452f2a,ЦДНТА-(Р-17-3-9-1-415+++Р-17-3-9-1-415+++Р-17-3-9-1-415),Р-17-3-9-1-415,Р17,3-9,1,415,opys-explicit
283552d7-517e-424a-977c-021f770ef0c9,ЦДНТА-(Р-17-3-9-1-416+++Р-17-3-9-1-416+++Р-17-3-9-1-416),Р-17-3-9-1-416,Р17,3-9,1,416,opys-explicit
edcbd8ca-69d1-49f6-ba78-66b1007dfacb,ЦДНТА-(Р-17-3-9-1-424+++Р-17-3-9-1-424+++Р-17-3-9-1-424),Р-17-3-9-1-424,Р17,3-9,1,424,opys-explicit
f71082f0-bcaf-46d2-8b39-c7a8abbfc2b7,ЦДНТА-(Р-17-3-9-1-436+++Р-17-3-9-1-436+++Р-17-3-9-1-436),Р-17-3-9-1-436,Р17,3-9,1,436,opys-explicit
bd65afc4-ac39-4d6e-aa17-c486bc1bf13f,ЦДНТА-(Р-17-3-9-1-445+++Р-17-3-9-1-445+++Р-17-3-9-1-445),Р-17-3-9-1-445,Р17,3-9,1,445,opys-explicit
9de5e37e-d05c-4f70-9636-8a7bff0a45ae,ЦДНТА-(Р-17-3-9-1-479+++Р-17-3-9-1-479+++Р-17-3-9-1-479),Р-17-3-9-1-479,Р17,3-9,1,479,opys-explicit
3257ed8c-5f52-4fce-992c-c58dca202c17,ЦДНТА-(Р-17-3-9-1-524+++Р-17-3-9-1-524+++Р-17-3-9-1-524),Р-17-3-9-1-524,Р17,3-9,1,524,opys-explicit
c65b5387-25c0-4db5-9c92-a7a108c76327,ЦДНТА-(Р-17-3-9-1-504+++Р-17-3-9-1-504+++Р-17-3-9-1-504),Р-17-3-9-1-504,Р17,3-9,1,504,opys-explicit
e75a742b-4447-4954-a39e-85668c7991e9,ЦДНТА-(Р-17-3-9-340+++Р-17-3-9-340+++Р-17-3-9-340),Р-17-3-9-340,Р17,3-9,1,340,range-lookup
3dda5638-dd21-4e07-b463-9c915e828fb3,ЦДНТА-(Р-17-3-9-4-2590+++Р-17-3-9-4-2590+++Р-17-3-9-4-2590),Р-17-3-9-4-2590,Р17,3-9,4,2590,opys-explicit
0b2d755d-ead0-44bb-b065-d600ea3f9815,ЦДНТА-(Р-17-3-9-4-2597+++Р-17-3-9-4-2597+++Р-17-3-9-4-2597),Р-17-3-9-4-2597,Р17,3-9,4,2597,opys-explicit
ab06a767-a0da-48e4-8b4f-ed88d887d740,ЦДНТА-(Р-17-3-9-4-2592+++Р-17-3-9-4-2592+++Р-17-3-9-4-2592),Р-17-3-9-4-2592,Р17,3-9,4,2592,opys-explicit
8d669615-4636-48ad-93cd-f2c68dd364cc,ЦДНТА-(Р-17-3-9-4-2547+++Р-17-3-9-4-2547+++Р-17-3-9-4-2547),Р-17-3-9-4-2547,Р17,3-9,4,2547,opys-explicit
9b852869-bfc9-4d30-9b7f-b73c89fb10f1,ЦДНТА-(Р-17-3-9-4-2613+++Р-17-3-9-4-2613+++Р-17-3-9-4-2613),Р-17-3-9-4-2613,Р17,3-9,4,2613,opys-explicit
39ee3e83-752f-4754-926b-2d766349c5e2,ЦДНТА-(Р-17-3-9-4-2622+++Р-17-3-9-4-2622+++Р-17-3-9-4-2622),Р-17-3-9-4-2622,Р17,3-9,4,2622,opys-explicit
5712c500-f9a5-4621-a6d0-56e196285d0b,ЦДНТА-(Р-17-3-9-4-2635+++Р-17-3-9-4-2635+++Р-17-3-9-4-2635),Р-17-3-9-4-2635,Р17,3-9,4,2635,opys-explicit
18f1e89c-941b-40ef-88c2-f800caf68c79,ЦДНТА-(Р-17-3-9-4-2642+++Р-17-3-9-4-2642+++Р-17-3-9-4-2642),Р-17-3-9-4-2642,Р17,3-9,4,2642,opys-explicit
831d9ba8-0154-47f3-9ff0-b4a74c8781bd,ЦДНТА-(Р-17-3-9-4-2626+++Р-17-3-9-4-2626+++Р-17-3-9-4-2626),Р-17-3-9-4-2626,Р17,3-9,4,2626,opys-explicit
0574e01c-d16b-4e90-9287-e9121fc29758,ЦДНТА-(Р-17-3-9-4-2643+++Р-17-3-9-4-2643+++Р-17-3-9-4-2643),Р-17-3-9-4-2643,Р17,3-9,4,2643,opys-explicit
c2e2bce8-4c98-460b-88d5-35bea59f5ae2,ЦДНТА-(Р-17-3-9-4-2659+++Р-17-3-9-4-2659+++Р-17-3-9-4-2659),Р-17-3-9-4-2659,Р17,3-9,4,2659,opys-explicit
5d87005d-2c0a-49f0-927e-f9ad1241bc7c,ЦДНТА-(Р-17-3-9-4-2658+++Р-17-3-9-4-2658+++Р-17-3-9-4-2658),Р-17-3-9-4-2658,Р17,3-9,4,2658,opys-explicit
6f1bb079-6d4f-40e1-8885-65094cb4c321,ЦДНТА-(Р-17-3-9-4-2662+++Р-17-3-9-4-2662+++Р-17-3-9-4-2662),Р-17-3-9-4-2662,Р17,3-9,4,2662,opys-explicit
9a6e2dc5-947f-40b0-96ed-d0e27e564432,ЦДНТА-(Р-17-3-9-4-2672+++Р-17-3-9-4-2672+++Р-17-3-9-4-2672),Р-17-3-9-4-2672,Р17,3-9,4,2672,opys-explicit
a85ad5a8-2825-4e2e-93d5-ee4c7eab13c8,ЦДНТА-(Р-17-3-9-4-2673+++Р-17-3-9-4-2673+++Р-17-3-9-4-2673),Р-17-3-9-4-2673,Р17,3-9,4,2673,opys-explicit
453705fd-d281-4fee-82a1-fa39df9c817d,ЦДНТА-(Р-17-3-9-4-2670+++Р-17-3-9-4-2670+++Р-17-3-9-4-2670),Р-17-3-9-4-2670,Р17,3-9,4,2670,opys-explicit
8339b851-a06f-4d22-ad84-61122c5a710d,ЦДНТА-(Р-17-3-9-4-2703+++Р-17-3-9-4-2703+++Р-17-3-9-4-2703),Р-17-3-9-4-2703,Р17,3-9,4,2703,opys-explicit
c4e64449-fab4-4492-b268-f93c40480d93,ЦДНТА-(Р-17-3-9-4-2695+++Р-17-3-9-4-2695+++Р-17-3-9-4-2695),Р-17-3-9-4-2695,Р17,3-9,4,2695,opys-explicit
e21cfbb9-6a0c-4c92-8b3b-c96a0a453f24,ЦДНТА-(Р-17-3-9-4-2713+++Р-17-3-9-4-2713+++Р-17-3-9-4-2713),Р-17-3-9-4-2713,Р17,3-9,4,2713,opys-explicit
bbe2639b-400b-41a5-91f6-418cffeca1ac,ЦДНТА-(Р-17-3-9-4-2729+++Р-17-3-9-4-2729+++Р-17-3-9-4-2729),Р-17-3-9-4-2729,Р17,3-9,4,2729,opys-explicit
4b51e4a8-d661-47e7-9ed4-5825acce38d5,ЦДНТА-(Р-17-3-9-4-2752+++Р-17-3-9-4-2752+++Р-17-3-9-4-2752),Р-17-3-9-4-2752,Р17,3-9,4,2752,opys-explicit
3e1659d3-a720-45b7-95c4-356b1065c872,ЦДНТА-(Р-17-3-9-4-2748+++Р-17-3-9-4-2748+++Р-17-3-9-4-2748),Р-17-3-9-4-2748,Р17,3-9,4,2748,opys-explicit
e841fd60-708f-448e-b4a9-6cf0d32034fc,ЦДНТА-(Р-17-3-9-4-2745+++Р-17-3-9-4-2745+++Р-17-3-9-4-2745),Р-17-3-9-4-2745,Р17,3-9,4,2745,opys-explicit
6938741f-d26f-4b23-90ef-faba1e59ab20,ЦДНТА-(Р-17-3-9-4-2743+++Р-17-3-9-4-2743+++Р-17-3-9-4-2743),Р-17-3-9-4-2743,Р17,3-9,4,2743,opys-explicit
00cce9dd-26c8-468b-af3d-99024b75708d,ЦДНТА-(Р-17-3-9-4-2759+++Р-17-3-9-4-2759+++Р-17-3-9-4-2759),Р-17-3-9-4-2759,Р17,3-9,4,2759,opys-explicit
9bedcccd-d8b4-430d-a4da-10217d220e77,ЦДНТА-(Р-17-3-9-4-2768+++Р-17-3-9-4-2768+++Р-17-3-9-4-2768),Р-17-3-9-4-2768,Р17,3-9,4,2768,opys-explicit
f5d893cd-f988-47b6-bab1-190b0c6926f0,ЦДНТА-(Р-17-3-9-5-2841+++Р-17-3-9-5-2841+++Р-17-3-9-5-2841),Р-17-3-9-5-2841,Р17,3-9,5,2841,opys-explicit+outofrange
b3494a7d-997e-4e26-adce-21d7fadffd2f,ЦДНТА-(Р-17-3-9-4-2571+++Р-17-3-9-4-2571+++Р-17-3-9-4-2571),Р-17-3-9-4-2571,Р17,3-9,4,2571,opys-explicit
10ed9ba3-fabe-45ab-888c-29eb316c462f,ЦДНТА-(Р-17-3-9-4-2577+++Р-17-3-9-4-2577+++Р-17-3-9-4-2577),Р-17-3-9-4-2577,Р17,3-9,4,2577,opys-explicit
18dafe72-c9f7-4345-9609-eb209ccc7502,ЦДНТА-(Р-17-3-9-1-537+++Р-17-3-9-1-537+++Р-17-3-9-1-537),Р-17-3-9-1-537,Р17,3-9,1,537,opys-explicit
ec5d4912-abed-4662-8486-d280a23b6805,ЦДНТА-(Р-17-3-9-1-540+++Р-17-3-9-1-540+++Р-17-3-9-1-540),Р-17-3-9-1-540,Р17,3-9,1,540,opys-explicit
74253ccf-5095-46de-93fd-3b0ce80b0038,ЦДНТА-(Р-17-3-9-1-558+++Р-17-3-9-1-558+++Р-17-3-9-1-558),Р-17-3-9-1-558,Р17,3-9,1,558,opys-explicit
f2b36aff-0aa5-4bda-babe-18befb55e702,ЦДНТА-(Р-17-3-9-1-610+++Р-17-3-9-1-610+++Р-17-3-9-1-610),Р-17-3-9-1-610,Р17,3-9,1,610,opys-explicit
d08adfbc-e855-4244-a963-21be767a67cf,ЦДНТА-(Р-17-3-9-1-597+++Р-17-3-9-1-597+++Р-17-3-9-1-597),Р-17-3-9-1-597,Р17,3-9,1,597,opys-explicit
ca9f6c2a-36b9-4d53-8b35-ed7f41931111,ЦДНТА-(Р-17-3-9-2-690+++Р-17-3-9-2-690+++Р-17-3-9-2-690),Р-17-3-9-2-690,Р17,3-9,2,690,opys-explicit
3f741edd-268d-446e-8056-1bf87d2a9450,ЦДНТА-(Р-17-3-9-2-742+++Р-17-3-9-2-742+++Р-17-3-9-2-742),Р-17-3-9-2-742,Р17,3-9,2,742,opys-explicit
84ded62b-def0-4c2b-8dbd-0494db581512,ЦДНТА-(Р-17-3-9-2-699+++Р-17-3-9-2-699+++Р-17-3-9-2-699),Р-17-3-9-2-699,Р17,3-9,2,699,opys-explicit
e6a53f71-0a49-4f25-bf1d-8b02b83728b6,ЦДНТА-(Р-17-3-9-2-759+++Р-17-3-9-2-759+++Р-17-3-9-2-759),Р-17-3-9-2-759,Р17,3-9,2,759,opys-explicit
82925247-2029-4c5b-901d-1fa9c7aa8bbe,ЦДНТА-(Р-17-3-9-4-2515+++Р-17-3-9-4-2515+++Р-17-3-9-4-2515),Р-17-3-9-4-2515,Р17,3-9,4,2515,opys-explicit
787dacfb-0c1a-46be-b3c9-4e21108a30b0,ЦДНТА-(Р-17-3-9-4-2576+++Р-17-3-9-4-2576+++Р-17-3-9-4-2576),Р-17-3-9-4-2576,Р17,3-9,4,2576,opys-explicit
8153684a-887e-43b0-b07f-a7c55df30c1b,ЦДНТА-(Р-17-3-9-4-2562+++Р-17-3-9-4-2562+++Р-17-3-9-4-2562),Р-17-3-9-4-2562,Р17,3-9,4,2562,opys-explicit
22fd52ea-2fd3-4239-8a49-bea01be4cbe4,ЦДНТА-(Р-17-3-9-4-2578+++Р-17-3-9-4-2578+++Р-17-3-9-4-2578),Р-17-3-9-4-2578,Р17,3-9,4,2578,opys-explicit
e30545bd-3c23-418c-8a08-74389c2c8a72,ЦДНТА-(Р-17-3-9-4-2585+++Р-17-3-9-4-2585+++Р-17-3-9-4-2585),Р-17-3-9-4-2585,Р17,3-9,4,2585,opys-explicit
ac1a7ab8-5842-43f6-8e0b-b117c6c708ec,ЦДНТА-(Р-17-3-9-4-2588+++Р-17-3-9-4-2588+++Р-17-3-9-4-2588),Р-17-3-9-4-2588,Р17,3-9,4,2588,opys-explicit
0956ecb4-2426-44fb-b6b7-62d829ce0016,ЦДНТА-(Р-17-3-9-4-2619+++Р-17-3-9-4-2619+++Р-17-3-9-4-2619),Р-17-3-9-4-2619,Р17,3-9,4,2619,opys-explicit
7409e5c8-1d61-44fb-b854-93e63376a3a5,ЦДНТА-(Р-17-3-9-4-2589+++Р-17-3-9-4-2589+++Р-17-3-9-4-2589),Р-17-3-9-4-2589,Р17,3-9,4,2589,opys-explicit
06684264-8349-45f8-8b96-9c07b6ed8676,ЦДНТА-(Р-17-3-9-4-2615+++Р-17-3-9-4-2615+++Р-17-3-9-4-2615),Р-17-3-9-4-2615,Р17,3-9,4,2615,opys-explicit
b285dfeb-190a-443e-a8c4-67e742ee9f03,ЦДНТА-(Р-17-3-9-4-2621+++Р-17-3-9-4-2621+++Р-17-3-9-4-2621),Р-17-3-9-4-2621,Р17,3-9,4,2621,opys-explicit
64256ccf-49b2-43cb-aa26-abfefa70137f,ЦДНТА-(Р-17-3-9-4-2604+++Р-17-3-9-4-2604+++Р-17-3-9-4-2604),Р-17-3-9-4-2604,Р17,3-9,4,2604,opys-explicit
3f417739-d273-49f1-bd76-d69c72985bb1,ЦДНТА-(Р-17-3-9-4-2634+++Р-17-3-9-4-2634+++Р-17-3-9-4-2634),Р-17-3-9-4-2634,Р17,3-9,4,2634,opys-explicit
41c7864b-d986-43cf-b21d-ad6b219cc04b,ЦДНТА-(Р-17-3-9-4-2657+++Р-17-3-9-4-2657+++Р-17-3-9-4-2657),Р-17-3-9-4-2657,Р17,3-9,4,2657,opys-explicit
306df40c-60e5-40c1-be03-349b4b4659d2,ЦДНТА-(Р-17-3-9-4-2647+++Р-17-3-9-4-2647+++Р-17-3-9-4-2647),Р-17-3-9-4-2647,Р17,3-9,4,2647,opys-explicit
6a1f3234-dd97-4ccc-88c7-716fd7f7e9e0,ЦДНТА-(Р-17-3-9-4-2680+++Р-17-3-9-4-2680+++Р-17-3-9-4-2680),Р-17-3-9-4-2680,Р17,3-9,4,2680,opys-explicit
a41c295b-e7e1-40b5-9d5a-9e5d5bed6997,ЦДНТА-(Р-17-3-9-4-2684+++Р-17-3-9-4-2684+++Р-17-3-9-4-2684),Р-17-3-9-4-2684,Р17,3-9,4,2684,opys-explicit
0c912885-26fb-4210-992b-85ddde38d475,ЦДНТА-(Р-17-3-9-4-2700+++Р-17-3-9-4-2700+++Р-17-3-9-4-2700),Р-17-3-9-4-2700,Р17,3-9,4,2700,opys-explicit
66c9ffeb-9770-4813-b282-a576bb82f7db,ЦДНТА-(Р-17-3-9-4-2732+++Р-17-3-9-4-2732+++Р-17-3-9-4-2732),Р-17-3-9-4-2732,Р17,3-9,4,2732,opys-explicit
97debab0-8308-44bb-80c1-5442dcee22b9,ЦДНТА-(Р-17-3-9-4-2719+++Р-17-3-9-4-2719+++Р-17-3-9-4-2719),Р-17-3-9-4-2719,Р17,3-9,4,2719,opys-explicit
b9f02de6-a835-44ea-b5be-416aa1b16490,ЦДНТА-(Р-17-3-9-4-2724+++Р-17-3-9-4-2724+++Р-17-3-9-4-2724),Р-17-3-9-4-2724,Р17,3-9,4,2724,opys-explicit
7c9f2716-e421-4af8-8b3c-dfa535ca1cca,ЦДНТА-(Р-17-3-9-4-2733+++Р-17-3-9-4-2733+++Р-17-3-9-4-2733),Р-17-3-9-4-2733,Р17,3-9,4,2733,opys-explicit
da3f6ef7-7bf7-4687-9e58-daefbea8b0e3,ЦДНТА-(Р-17-3-9-4-2737+++Р-17-3-9-4-2737+++Р-17-3-9-4-2737),Р-17-3-9-4-2737,Р17,3-9,4,2737,opys-explicit
cbf8856b-07c5-404f-96a1-5a3f77b9ca4a,ЦДНТА-(Р-17-3-9-4-2721+++Р-17-3-9-4-2721+++Р-17-3-9-4-2721),Р-17-3-9-4-2721,Р17,3-9,4,2721,opys-explicit
a75924d9-b4da-4b35-89da-80dde8c6e65c,ЦДНТА-(Р-17-3-9-4-2712+++Р-17-3-9-4-2712+++Р-17-3-9-4-2712),Р-17-3-9-4-2712,Р17,3-9,4,2712,opys-explicit
ffacfdd4-a999-4a97-ade0-f3b846ec4182,ЦДНТА-(Р-17-3-9-4-2741+++Р-17-3-9-4-2741+++Р-17-3-9-4-2741),Р-17-3-9-4-2741,Р17,3-9,4,2741,opys-explicit
3db59b2f-559b-46ea-b00e-2b2f01915c75,ЦДНТА-(Р-17-3-9-4-2735+++Р-17-3-9-4-2735+++Р-17-3-9-4-2735),Р-17-3-9-4-2735,Р17,3-9,4,2735,opys-explicit
8025056d-bb5c-4d1a-a8af-9dc67ccfaf7b,ЦДНТА-(Р-17-3-9-4-2765+++Р-17-3-9-4-2765+++Р-17-3-9-4-2765),Р-17-3-9-4-2765,Р17,3-9,4,2765,opys-explicit
a4889afa-541e-449f-ba89-1b802f423a7c,ЦДНТА-(Р-17-3-9-4-2796+++Р-17-3-9-4-2796+++Р-17-3-9-4-2796),Р-17-3-9-4-2796,Р17,3-9,4,2796,opys-explicit
d7eab491-1e94-4f19-a0fb-9a364e2579ad,ЦДНТА-(Р-17-3-9-4-2795+++Р-17-3-9-4-2795+++Р-17-3-9-4-2795),Р-17-3-9-4-2795,Р17,3-9,4,2795,opys-explicit
62f0d126-479b-4575-ae8c-dda32d736cc2,ЦДНТА-(Р-17-3-9-4-2801+++Р-17-3-9-4-2801+++Р-17-3-9-4-2801),Р-17-3-9-4-2801,Р17,3-9,4,2801,opys-explicit
ae4368f0-b826-4249-9506-c285fd7656e2,ЦДНТА-(Р-17-3-9-4-2805+++Р-17-3-9-4-2805+++Р-17-3-9-4-2805),Р-17-3-9-4-2805,Р17,3-9,4,2805,opys-explicit
e01baf62-45c1-4bb8-81a0-8798b88b1b27,ЦДНТА-(Р-17-3-9-4-2816+++Р-17-3-9-4-2816+++Р-17-3-9-4-2816),Р-17-3-9-4-2816,Р17,3-9,4,2816,opys-explicit
ace55dc2-f8c9-4383-a184-8ba1c140ea50,ЦДНТА-(Р-17-3-9-5-2828+++Р-17-3-9-5-2828+++Р-17-3-9-5-2828),Р-17-3-9-5-2828,Р17,3-9,5,2828,opys-explicit+outofrange
706d77a6-7414-4f95-85aa-533cc8c5609d,ЦДНТА-(Р-17-3-9-1-359+++Р-17-3-9-1-359+++Р-17-3-9-1-359),Р-17-3-9-1-359,Р17,3-9,1,359,opys-explicit
6b569bcc-2002-49d2-b025-c27874f5ff27,ЦДНТА-(Р-17-3-9-1-372+++Р-17-3-9-1-372+++Р-17-3-9-1-372),Р-17-3-9-1-372,Р17,3-9,1,372,opys-explicit
a2c17070-c05c-4516-9c2c-9c96a489e325,ЦДНТА-(Р-17-3-9-1-394+++Р-17-3-9-1-394+++Р-17-3-9-1-394),Р-17-3-9-1-394,Р17,3-9,1,394,opys-explicit
73a0175e-eb6e-4a8e-8219-a57c1bc42578,ЦДНТА-(Р-17-3-9-1-410+++Р-17-3-9-1-410+++Р-17-3-9-1-410),Р-17-3-9-1-410,Р17,3-9,1,410,opys-explicit
7087299e-7205-4a43-a1dc-0eb639c03d13,ЦДНТА-(Р-17-3-9-1-423+++Р-17-3-9-1-423+++Р-17-3-9-1-423),Р-17-3-9-1-423,Р17,3-9,1,423,opys-explicit
a707e77d-c414-4e0e-85d0-ab515744c3c7,ЦДНТА-(Р-17-3-9-1-455+++Р-17-3-9-1-455+++Р-17-3-9-1-455),Р-17-3-9-1-455,Р17,3-9,1,455,opys-explicit
b8884e56-235f-4f5b-a285-f2d07e80ff37,ЦДНТА-(Р-17-3-9-1-448+++Р-17-3-9-1-448+++Р-17-3-9-1-448),Р-17-3-9-1-448,Р17,3-9,1,448,opys-explicit
a2142bae-6a54-48c6-92b2-32b9bb754659,ЦДНТА-(Р-17-3-9-1-467+++Р-17-3-9-1-467+++Р-17-3-9-1-467),Р-17-3-9-1-467,Р17,3-9,1,467,opys-explicit
89145e36-571d-4d1a-8beb-24426d6c3420,ЦДНТА-(Р-17-3-9-1-475+++Р-17-3-9-1-475+++Р-17-3-9-1-475),Р-17-3-9-1-475,Р17,3-9,1,475,opys-explicit
7998d530-96d3-4c61-83fe-bf99e33849f7,ЦДНТА-(Р-17-3-9-1-482+++Р-17-3-9-1-482+++Р-17-3-9-1-482),Р-17-3-9-1-482,Р17,3-9,1,482,opys-explicit
9f339ec7-c951-4286-af9a-23265ccdd083,ЦДНТА-(Р-17-3-9-1-492+++Р-17-3-9-1-492+++Р-17-3-9-1-492),Р-17-3-9-1-492,Р17,3-9,1,492,opys-explicit
3ca236e0-b642-42bb-b9f7-f3304787ed52,ЦДНТА-(Р-17-3-9-1-495+++Р-17-3-9-1-495+++Р-17-3-9-1-495),Р-17-3-9-1-495,Р17,3-9,1,495,opys-explicit
73e705c3-0f25-4e2e-82b4-19ee5e2ac980,ЦДНТА-(Р-17-3-9-1-497+++Р-17-3-9-1-497+++Р-17-3-9-1-497),Р-17-3-9-1-497,Р17,3-9,1,497,opys-explicit
c1940d81-385d-49df-b55b-3dd48ab035af,ЦДНТА-(Р-17-3-9-1-507+++Р-17-3-9-1-507+++Р-17-3-9-1-507),Р-17-3-9-1-507,Р17,3-9,1,507,opys-explicit
d8062cf7-0a9e-4440-b0c8-4ba15cc1f274,ЦДНТА-(Р-17-3-9-1-520+++Р-17-3-9-1-520+++Р-17-3-9-1-520),Р-17-3-9-1-520,Р17,3-9,1,520,opys-explicit
2cedcc44-8a8e-46f9-af40-db4613470cc7,ЦДНТА-(Р-17-3-9-1-521+++Р-17-3-9-1-521+++Р-17-3-9-1-521),Р-17-3-9-1-521,Р17,3-9,1,521,opys-explicit
9f072608-0fe9-46b2-bc4c-e684239107c3,ЦДНТА-(Р-17-3-9-1-545+++Р-17-3-9-1-545+++Р-17-3-9-1-545),Р-17-3-9-1-545,Р17,3-9,1,545,opys-explicit
c97a3fbd-e5e3-488a-a3ab-5592d7aed042,ЦДНТА-(Р-17-3-9-1-565+++Р-17-3-9-1-565+++Р-17-3-9-1-565),Р-17-3-9-1-565,Р17,3-9,1,565,opys-explicit
3c8c94d6-fb0e-411d-8f20-bc28f051492a,ЦДНТА-(Р-17-3-9-4-2581+++Р-17-3-9-4-2581+++Р-17-3-9-4-2581),Р-17-3-9-4-2581,Р17,3-9,4,2581,opys-explicit
b9f1250c-33cf-4e2a-aff4-5a5273c831e2,ЦДНТА-(Р-107-3-36-5-1669+++Р-107-3-36-5-1669+++Р-107-3-36-5-1669),Р-107-3-36-5-1669,Р107,3-36,5,1669,opys-explicit
e27e2233-2084-485a-9934-72b8eda7f8bc,ЦДНТА-(Р-107-3-36-5-1701+++Р-107-3-36-5-1701+++Р-107-3-36-5-1701),Р-107-3-36-5-1701,Р107,3-36,5,1701,opys-explicit
c8e1b0da-e858-481b-89d0-b53d98121208,ЦДНТА-(Р-107-3-36-5-1695+++Р-107-3-36-5-1695+++Р-107-3-36-5-1695),Р-107-3-36-5-1695,Р107,3-36,5,1695,opys-explicit
35ecf7f3-c53d-4646-bf8c-342f141f1ac5,ЦДНТА-(Р-107-3-36-5-1687+++Р-107-3-36-5-1687+++Р-107-3-36-5-1687),Р-107-3-36-5-1687,Р107,3-36,5,1687,opys-explicit
189eb88b-d0cd-4327-b78a-16b8509f4824,ЦДНТА-(Р-107-3-36-5-1683+++Р-107-3-36-5-1683+++Р-107-3-36-5-1683),Р-107-3-36-5-1683,Р107,3-36,5,1683,opys-explicit
52c30bd4-a70f-4b52-ab27-19c0025e499f,ЦДНТА-(Р-107-3-36-5-1679+++Р-107-3-36-5-1679+++Р-107-3-36-5-1679),Р-107-3-36-5-1679,Р107,3-36,5,1679,opys-explicit
9b69d2b8-fc22-4e28-94be-fd39e1b9fb59,ЦДНТА-(Р-107-3-36-5-1719+++Р-107-3-36-5-1719+++Р-107-3-36-5-1719),Р-107-3-36-5-1719,Р107,3-36,5,1719,opys-explicit
ce5c0f64-5d51-4960-aff0-dedd99364637,ЦДНТА-(Р-107-3-36-5-1711+++Р-107-3-36-5-1711+++Р-107-3-36-5-1711),Р-107-3-36-5-1711,Р107,3-36,5,1711,opys-explicit
d0465ba7-77c8-4362-8c92-c5ff31b8359c,ЦДНТА-(Р-107-3-36-5-1714+++Р-107-3-36-5-1714+++Р-107-3-36-5-1714),Р-107-3-36-5-1714,Р107,3-36,5,1714,opys-explicit
ec385201-2462-4d69-8227-7d5b3ff23751,ЦДНТА-(Р-107-3-36-5-1712+++Р-107-3-36-5-1712+++Р-107-3-36-5-1712),Р-107-3-36-5-1712,Р107,3-36,5,1712,opys-explicit
c204bea2-0679-4e08-ad5a-b0d2da1a73e1,ЦДНТА-(Р-107-3-36-5-1722+++Р-107-3-36-5-1722+++Р-107-3-36-5-1722),Р-107-3-36-5-1722,Р107,3-36,5,1722,opys-explicit
3b997f28-ae47-4765-ba05-fa436f5e72b6,ЦДНТА-(Р-107-3-36-5-1734+++Р-107-3-36-5-1734+++Р-107-3-36-5-1734),Р-107-3-36-5-1734,Р107,3-36,5,1734,opys-explicit
39e50ed1-6f4f-42c2-bb05-c8c479fc76a5,ЦДНТА-(Р-107-3-36-5-1729+++Р-107-3-36-5-1729+++Р-107-3-36-5-1729),Р-107-3-36-5-1729,Р107,3-36,5,1729,opys-explicit
4c11bbae-80b9-4386-b5c3-70df2f4fc9d7,ЦДНТА-(Р-107-3-36-5-1744+++Р-107-3-36-5-1744+++Р-107-3-36-5-1744),Р-107-3-36-5-1744,Р107,3-36,5,1744,opys-explicit
cf862d0b-0a21-4444-83ec-b4b72ea6fbef,ЦДНТА-(Р-107-3-36-5-1730+++Р-107-3-36-5-1730+++Р-107-3-36-5-1730),Р-107-3-36-5-1730,Р107,3-36,5,1730,opys-explicit
f20ef146-f1ef-415e-a531-70ab0adf83df,ЦДНТА-(Р-107-3-36-5-1760+++Р-107-3-36-5-1760+++Р-107-3-36-5-1760),Р-107-3-36-5-1760,Р107,3-36,5,1760,opys-explicit
7dfa9f35-4239-4eab-af25-76a4b887b8fb,ЦДНТА-(Р-107-3-36-5-1745+++Р-107-3-36-5-1745+++Р-107-3-36-5-1745),Р-107-3-36-5-1745,Р107,3-36,5,1745,opys-explicit
6c575635-2163-4143-b756-ae217f0a0941,ЦДНТА-(Р-107-3-36-5-1768+++Р-107-3-36-5-1768+++Р-107-3-36-5-1768),Р-107-3-36-5-1768,Р107,3-36,5,1768,opys-explicit
0d04d7bd-d1a9-4559-9db8-4c0cac173a74,ЦДНТА-(Р-107-3-36-5-1783+++Р-107-3-36-5-1783+++Р-107-3-36-5-1783),Р-107-3-36-5-1783,Р107,3-36,5,1783,opys-explicit
2ab04ae3-8f15-4821-8814-eb1fd61231cb,ЦДНТА-(Р-107-3-36-5-1775+++Р-107-3-36-5-1775+++Р-107-3-36-5-1775),Р-107-3-36-5-1775,Р107,3-36,5,1775,opys-explicit
2fe17dbf-6224-4d86-a94a-8d96d2ceba78,ЦДНТА-(Р-107-3-36-5-1774+++Р-107-3-36-5-1774+++Р-107-3-36-5-1774),Р-107-3-36-5-1774,Р107,3-36,5,1774,opys-explicit
0d3c8132-2e03-408b-8794-c9958c94f5d4,ЦДНТА-(Р-107-3-36-5-1787+++Р-107-3-36-5-1787+++Р-107-3-36-5-1787),Р-107-3-36-5-1787,Р107,3-36,5,1787,opys-explicit
ef386ce9-d8ed-4992-bcd4-99398dc846c9,ЦДНТА-(Р-107-3-36-5-1796+++Р-107-3-36-5-1796+++Р-107-3-36-5-1796),Р-107-3-36-5-1796,Р107,3-36,5,1796,opys-explicit
4f188057-c7ea-429a-a8a6-519086fcac4e,ЦДНТА-(Р-107-3-36-5-1747+++Р-107-3-36-5-1747+++Р-107-3-36-5-1747),Р-107-3-36-5-1747,Р107,3-36,5,1747,opys-explicit
a9a53d68-2e15-42f2-8484-f7e9d3292547,ЦДНТА-(Р-107-3-36-5-1784+++Р-107-3-36-5-1784+++Р-107-3-36-5-1784),Р-107-3-36-5-1784,Р107,3-36,5,1784,opys-explicit
33f346e6-acac-4ec2-a6ca-4b6ffbfa4fb1,ЦДНТА-(Р-107-3-36-5-1816+++Р-107-3-36-5-1816+++Р-107-3-36-5-1816),Р-107-3-36-5-1816,Р107,3-36,5,1816,opys-explicit
dd59b6c0-81ab-48b8-a8b4-80597d5923cc,ЦДНТА-(Р-107-3-36-5-1780+++Р-107-3-36-5-1780+++Р-107-3-36-5-1780),Р-107-3-36-5-1780,Р107,3-36,5,1780,opys-explicit
697950d2-7685-4cad-a0a0-c4458362e334,ЦДНТА-(Р-107-3-36-5-1814+++Р-107-3-36-5-1814+++Р-107-3-36-5-1814),Р-107-3-36-5-1814,Р107,3-36,5,1814,opys-explicit
b87e3108-c1f9-44b3-8e92-c634910832f9,ЦДНТА-(Р-17-3-9-1-603+++Р-17-3-9-1-603+++Р-17-3-9-1-603),Р-17-3-9-1-603,Р17,3-9,1,603,opys-explicit
7fc79f39-ddce-4ca0-9a5f-d1b80d579acb,ЦДНТА-(Р-17-3-9-1-641+++Р-17-3-9-1-641+++Р-17-3-9-1-641),Р-17-3-9-1-641,Р17,3-9,1,641,opys-explicit
b4896d2e-b7f8-492b-a7b1-c96aa4c18543,ЦДНТА-(Р-17-3-9-1-640+++Р-17-3-9-1-640+++Р-17-3-9-1-640),Р-17-3-9-1-640,Р17,3-9,1,640,opys-explicit
8b0a4437-3eb0-4e99-a88c-e57c934bcd40,ЦДНТА-(Р-17-3-9-1-617+++Р-17-3-9-1-617+++Р-17-3-9-1-617),Р-17-3-9-1-617,Р17,3-9,1,617,opys-explicit
3e30697b-71ad-4a8b-a015-cd510a53ac45,ЦДНТА-(Р-17-3-9-1-619+++Р-17-3-9-1-619+++Р-17-3-9-1-619),Р-17-3-9-1-619,Р17,3-9,1,619,opys-explicit
1249e958-1045-4184-a1b3-91ac25149aee,ЦДНТА-(Р-17-3-9-1-624+++Р-17-3-9-1-624+++Р-17-3-9-1-624),Р-17-3-9-1-624,Р17,3-9,1,624,opys-explicit
eedf152f-40a2-46b2-90f6-0374ee76ac9d,ЦДНТА-(Р-17-3-9-2-668+++Р-17-3-9-2-668+++Р-17-3-9-2-668),Р-17-3-9-2-668,Р17,3-9,2,668,opys-explicit
5fa6df00-25c6-465e-bf0d-329a0fd2eb6b,ЦДНТА-(Р-17-3-9-1-629+++Р-17-3-9-1-629+++Р-17-3-9-1-629),Р-17-3-9-1-629,Р17,3-9,1,629,opys-explicit
ba12be5d-95bc-44e8-bfa6-09c4ef5ae7e5,ЦДНТА-(Р-17-3-9-2-684+++Р-17-3-9-2-684+++Р-17-3-9-2-684),Р-17-3-9-2-684,Р17,3-9,2,684,opys-explicit
464c62f9-e446-426d-b3eb-b2cfd11c897a,ЦДНТА-(Р-17-3-9-1-660+++Р-17-3-9-1-660+++Р-17-3-9-1-660),Р-17-3-9-1-660,Р17,3-9,1,660,opys-explicit
fc12d66e-b4f4-466d-a965-28cb5040dd6e,ЦДНТА-(Р-17-3-9-2-753+++Р-17-3-9-2-753+++Р-17-3-9-2-753),Р-17-3-9-2-753,Р17,3-9,2,753,opys-explicit
45d5c5c8-3e1b-470a-839a-846c04563ea1,ЦДНТА-(Р-17-3-9-2-754+++Р-17-3-9-2-754+++Р-17-3-9-2-754),Р-17-3-9-2-754,Р17,3-9,2,754,opys-explicit
25d7e163-6698-4761-a8fb-c0d5fb4df770,ЦДНТА-(Р-17-3-9-2-733+++Р-17-3-9-2-733+++Р-17-3-9-2-733),Р-17-3-9-2-733,Р17,3-9,2,733,opys-explicit
cfcce607-631d-4063-a55a-36b613e8918e,ЦДНТА-(Р-17-3-9-2-669+++Р-17-3-9-2-669+++Р-17-3-9-2-669),Р-17-3-9-2-669,Р17,3-9,2,669,opys-explicit
681d95d2-aaad-40a5-bfc8-2f55d93b1261,ЦДНТА-(Р-17-3-9-2-729+++Р-17-3-9-2-729+++Р-17-3-9-2-729),Р-17-3-9-2-729,Р17,3-9,2,729,opys-explicit
d803e38a-2c15-43e5-82d3-7b13de932970,ЦДНТА-(Р-17-3-9-2-726+++Р-17-3-9-2-726+++Р-17-3-9-2-726),Р-17-3-9-2-726,Р17,3-9,2,726,opys-explicit
8dbe2be1-df4e-4e97-a47b-36338c9e999c,ЦДНТА-(Р-17-3-9-2-747+++Р-17-3-9-2-747+++Р-17-3-9-2-747),Р-17-3-9-2-747,Р17,3-9,2,747,opys-explicit
5a281fb7-5aa0-4a4b-92a1-4023acfb980d,ЦДНТА-(Р-17-3-9-391+++Р-17-3-9-391+++Р-17-3-9-391),Р-17-3-9-391,Р17,3-9,1,391,range-lookup
94b2caa4-b418-45ad-a8dd-ac542b1d8764,ЦДНТА-(Р-17-3-9-453+++Р-17-3-9-453+++Р-17-3-9-453),Р-17-3-9-453,Р17,3-9,1,453,range-lookup
e9e65e3c-d9df-4196-8e02-9c8d0704fae9,ЦДНТА-(Р-17-3-9-458+++Р-17-3-9-458+++Р-17-3-9-458),Р-17-3-9-458,Р17,3-9,1,458,range-lookup
d9f079ca-b4e4-448e-b34f-9af463954f15,ЦДНТА-(Р-17-3-9-462+++Р-17-3-9-462+++Р-17-3-9-462),Р-17-3-9-462,Р17,3-9,1,462,range-lookup
23f2f09f-67ac-47b9-83e0-5e5991aee450,ЦДНТА-(Р-17-3-9-473+++Р-17-3-9-473+++Р-17-3-9-473),Р-17-3-9-473,Р17,3-9,1,473,range-lookup
bd4a6fb5-d539-4978-b426-aea3b1e7cd47,ЦДНТА-(Р-17-3-9-496+++Р-17-3-9-496+++Р-17-3-9-496),Р-17-3-9-496,Р17,3-9,1,496,range-lookup
f386cb24-1f3f-4c9a-b537-e551f6471c07,ЦДНТА-(Р-17-3-9-536+++Р-17-3-9-536+++Р-17-3-9-536),Р-17-3-9-536,Р17,3-9,1,536,range-lookup
c823f299-7f22-488e-908a-fb7cc5897088,ЦДНТА-(Р-17-3-9-544+++Р-17-3-9-544+++Р-17-3-9-544),Р-17-3-9-544,Р17,3-9,1,544,range-lookup
ae6926c3-83c8-4090-9147-2391c017c36b,ЦДНТА-(Р-17-3-9-552+++Р-17-3-9-552+++Р-17-3-9-552),Р-17-3-9-552,Р17,3-9,1,552,range-lookup
d937ff32-b236-45a0-8010-d82e84cca9a2,ЦДНТА-(Р-17-3-9-568+++Р-17-3-9-568+++Р-17-3-9-568),Р-17-3-9-568,Р17,3-9,1,568,range-lookup
1d8fc0ac-9091-4394-934d-ac206e8d7d43,ЦДНТА-(Р-17-3-9-571+++Р-17-3-9-571+++Р-17-3-9-571),Р-17-3-9-571,Р17,3-9,1,571,range-lookup
42fb269c-719b-4fa2-abe9-52ef1018b470,ЦДНТА-(Р-17-3-9-608+++Р-17-3-9-608+++Р-17-3-9-608),Р-17-3-9-608,Р17,3-9,1,608,range-lookup
cf36d7a3-254a-4932-8311-a4d551fc5e71,ЦДНТА-(Р-17-3-9-615+++Р-17-3-9-615+++Р-17-3-9-615),Р-17-3-9-615,Р17,3-9,1,615,range-lookup
ca7594b1-514e-4e2a-903b-aa7a7bbd00cf,ЦДНТА-(Р-17-3-9-623+++Р-17-3-9-623+++Р-17-3-9-623),Р-17-3-9-623,Р17,3-9,1,623,range-lookup
cdb0b05e-3a5a-42f0-a64a-4e6ed1911214,ЦДНТА-(Р-17-3-9-656+++Р-17-3-9-656+++Р-17-3-9-656),Р-17-3-9-656,Р17,3-9,1,656,range-lookup
fa772951-b067-4d85-b57c-25b83ababd6b,ЦДНТА-(Р-17-3-9-659+++Р-17-3-9-659+++Р-17-3-9-659),Р-17-3-9-659,Р17,3-9,1,659,range-lookup
59b88ba8-51b2-45b7-b2ad-9ef24c9fcfc2,ЦДНТА-(Р-17-3-9-2-665+++Р-17-3-9-2-665+++Р-17-3-9-2-665),Р-17-3-9-2-665,Р17,3-9,2,665,opys-explicit
241ffe61-4cce-475c-b3db-e8191511bf26,ЦДНТА-(Р-17-3-9-2-686+++Р-17-3-9-2-686+++Р-17-3-9-2-686),Р-17-3-9-2-686,Р17,3-9,2,686,opys-explicit
c0c8662a-f73e-434a-97a4-a41be0772781,ЦДНТА-(Р-17-3-9-2-670+++Р-17-3-9-2-670+++Р-17-3-9-2-670),Р-17-3-9-2-670,Р17,3-9,2,670,opys-explicit
7f8bfadb-a59e-4ca8-8a41-56928d2c399e,ЦДНТА-(Р-17-3-9-2-676+++Р-17-3-9-2-676+++Р-17-3-9-2-676),Р-17-3-9-2-676,Р17,3-9,2,676,opys-explicit
ef3ef0b4-1ec2-4104-a447-ea4bc85b063e,ЦДНТА-(Р-17-3-9-2-723+++Р-17-3-9-2-723+++Р-17-3-9-2-723),Р-17-3-9-2-723,Р17,3-9,2,723,opys-explicit
6cf62726-cd67-4b77-9955-78e9fb66b14c,ЦДНТА-(Р-17-3-9-2-724+++Р-17-3-9-2-724+++Р-17-3-9-2-724),Р-17-3-9-2-724,Р17,3-9,2,724,opys-explicit
0c57399e-d520-4edb-a12a-e78dcd524912,ЦДНТА-(Р-17-3-9-2-739+++Р-17-3-9-2-739+++Р-17-3-9-2-739),Р-17-3-9-2-739,Р17,3-9,2,739,opys-explicit
546a7862-4918-4ab3-9b60-ce3c14e84b0e,ЦДНТА-(Р-17-3-9-2-770+++Р-17-3-9-2-770+++Р-17-3-9-2-770),Р-17-3-9-2-770,Р17,3-9,2,770,opys-explicit
d3dd3ab0-39f8-4a51-935e-c0562147750a,ЦДНТА-(Р-17-3-9-2-771+++Р-17-3-9-2-771+++Р-17-3-9-2-771),Р-17-3-9-2-771,Р17,3-9,2,771,opys-explicit
4e50e2d5-5395-41a2-a680-e1ddb69fcb21,ЦДНТА-(Р-107-3-36-3-253+++Р-107-3-36-3-253+++Р-107-3-36-3-253),Р-107-3-36-3-253,Р107,3-36,3,253,opys-explicit
74e76b46-8a5e-425f-9391-eb886482c324,ЦДНТА-(Р-107-3-36-3-268+++Р-107-3-36-3-268+++Р-107-3-36-3-268),Р-107-3-36-3-268,Р107,3-36,3,268,opys-explicit
aca01b10-eb1f-427c-a09b-2f2568c9b78f,ЦДНТА-(Р-107-3-36-3-279+++Р-107-3-36-3-279+++Р-107-3-36-3-279),Р-107-3-36-3-279,Р107,3-36,3,279,opys-explicit
78c5698c-d256-4a80-be43-2f47ab979efe,ЦДНТА-(Р-107-3-36-3-281+++Р-107-3-36-3-281+++Р-107-3-36-3-281),Р-107-3-36-3-281,Р107,3-36,3,281,opys-explicit
aecba861-061f-459c-842d-b873dd8f665a,ЦДНТА-(Р-107-3-36-3-322+++Р-107-3-36-3-322+++Р-107-3-36-3-322),Р-107-3-36-3-322,Р107,3-36,3,322,opys-explicit
a9fcca91-57b4-4d93-a2f2-9090ef97e769,ЦДНТА-(Р-107-3-36-3-342+++Р-107-3-36-3-342+++Р-107-3-36-3-342),Р-107-3-36-3-342,Р107,3-36,3,342,opys-explicit
4c8899a7-a10b-462b-9dd0-d82b2fbd33f0,ЦДНТА-(Р-107-3-36-3-346+++Р-107-3-36-3-346+++Р-107-3-36-3-346),Р-107-3-36-3-346,Р107,3-36,3,346,opys-explicit
c45c22db-a92a-4320-ad7b-15502c489825,ЦДНТА-(Р-107-3-36-3-356+++Р-107-3-36-3-356+++Р-107-3-36-3-356),Р-107-3-36-3-356,Р107,3-36,3,356,opys-explicit
63e80c89-6421-4acb-84ea-b22117708d95,ЦДНТА-(Р-107-3-36-3-367+++Р-107-3-36-3-367+++Р-107-3-36-3-367),Р-107-3-36-3-367,Р107,3-36,3,367,opys-explicit
91f63eae-bf49-4d51-b0cc-d9193a735a23,ЦДНТА-(Р-107-3-36-3-446+++Р-107-3-36-3-446+++Р-107-3-36-3-446),Р-107-3-36-3-446,Р107,3-36,3,446,opys-explicit
c927f0b4-7d5f-41c8-97b0-e94ed8ef41c7,ЦДНТА-(Р-107-3-36-3-443+++Р-107-3-36-3-443+++Р-107-3-36-3-443),Р-107-3-36-3-443,Р107,3-36,3,443,opys-explicit
cac5db29-05ff-4a87-8a24-049341535db2,ЦДНТА-(Р-107-3-36-3-449+++Р-107-3-36-3-449+++Р-107-3-36-3-449),Р-107-3-36-3-449,Р107,3-36,3,449,opys-explicit
11576daa-def7-40cf-b099-2999f31402c0,ЦДНТА-(Р-107-3-36-3-476+++Р-107-3-36-3-476+++Р-107-3-36-3-476),Р-107-3-36-3-476,Р107,3-36,3,476,opys-explicit
9a00ed80-6eb1-40ca-b21a-c545b27e0a67,ЦДНТА-(Р-17-3-9-1-407+++Р-17-3-9-1-407+++Р-17-3-9-1-407),Р-17-3-9-1-407,Р17,3-9,1,407,opys-explicit
6e00cae8-af71-421e-876c-205a3cc098e9,ЦДНТА-(Р-17-3-9-1-418+++Р-17-3-9-1-418+++Р-17-3-9-1-418),Р-17-3-9-1-418,Р17,3-9,1,418,opys-explicit
a4f5f680-0c0e-4b73-9082-25f9598be830,ЦДНТА-(Р-17-3-9-1-419+++Р-17-3-9-1-419+++Р-17-3-9-1-419),Р-17-3-9-1-419,Р17,3-9,1,419,opys-explicit
2a71a24d-64d8-46ef-ac38-4116b2f84657,ЦДНТА-(Р-17-3-9-1-429+++Р-17-3-9-1-429+++Р-17-3-9-1-429),Р-17-3-9-1-429,Р17,3-9,1,429,opys-explicit
b926de41-248b-4ffb-882f-012115a88a03,ЦДНТА-(Р-17-3-9-1-437+++Р-17-3-9-1-437+++Р-17-3-9-1-437),Р-17-3-9-1-437,Р17,3-9,1,437,opys-explicit
2b579bde-a01e-4256-9dc2-ae91e32dd319,ЦДНТА-(Р-17-3-9-1-451+++Р-17-3-9-1-451+++Р-17-3-9-1-451),Р-17-3-9-1-451,Р17,3-9,1,451,opys-explicit
1ebe42d5-c17b-40b1-84f9-8c44a4dfae63,ЦДНТА-(Р-78-3-22-1-209+++Р-78-3-22-1-209+++Р-78-3-22-1-209),Р-78-3-22-1-209,Р78,3-22,1Н,209,opys-explicit
5e4a9108-4de5-4bcf-9cdd-7b76b3c9e75b,ЦДНТА-(Р-78-3-22-2-232+++Р-78-3-22-2-232+++Р-78-3-22-2-232),Р-78-3-22-2-232,Р78,3-22,2Д,232,opys-explicit
99ae13a2-388e-4f04-9767-1af5af78eab1,ЦДНТА-(Р-78-3-22-1-200+++Р-78-3-22-1-200+++Р-78-3-22-1-200),Р-78-3-22-1-200,Р78,3-22,1Н,200,opys-explicit
5de3a295-fff7-4636-8438-3d852082db33,ЦДНТА-(Р-78-3-22-2-262+++Р-78-3-22-2-262+++Р-78-3-22-2-262),Р-78-3-22-2-262,Р78,3-22,2Д,262,opys-explicit
700220ce-c39b-475e-adcf-829d7aae5a5d,ЦДНТА-(Р-78-3-22-1-207+++Р-78-3-22-1-207+++Р-78-3-22-1-207),Р-78-3-22-1-207,Р78,3-22,1Н,207,opys-explicit
5bf67fa6-5435-4d5f-8424-be352b12cfd7,ЦДНТА-(Р-78-3-22-2-240+++Р-78-3-22-2-240+++Р-78-3-22-2-240),Р-78-3-22-2-240,Р78,3-22,2Д,240,opys-explicit
afc54fbd-1146-4ed9-900c-f85a0b3e4297,ЦДНТА-(Р-78-3-22-2-258+++Р-78-3-22-2-258+++Р-78-3-22-2-258),Р-78-3-22-2-258,Р78,3-22,2Д,258,opys-explicit
0f4453bb-019c-4c9b-956f-e8ceed699134,ЦДНТА-(Р-78-3-22-2-246+++Р-78-3-22-2-246+++Р-78-3-22-2-246),Р-78-3-22-2-246,Р78,3-22,2Д,246,opys-explicit
1ae09188-b015-4d44-a987-acda9ef31e3f,ЦДНТА-(Р-78-3-22-2-255+++Р-78-3-22-2-255+++Р-78-3-22-2-255),Р-78-3-22-2-255,Р78,3-22,2Д,255,opys-explicit
449e46a7-c520-4918-bb9e-0410bf7f99da,ЦДНТА-(Р-78-3-22-2-269+++Р-78-3-22-2-269+++Р-78-3-22-2-269),Р-78-3-22-2-269,Р78,3-22,2Д,269,opys-explicit
c9f86002-78c2-4561-bf72-654f8baed167,ЦДНТА-(Р-78-3-22-2-276+++Р-78-3-22-2-276+++Р-78-3-22-2-276),Р-78-3-22-2-276,Р78,3-22,2Д,276,opys-explicit
e6bb6ee6-073e-4ac5-97a9-63835c56169c,ЦДНТА-(Р-78-3-22-2-291+++Р-78-3-22-2-291+++Р-78-3-22-2-291),Р-78-3-22-2-291,Р78,3-22,2Д,291,opys-explicit
50fb85ca-6690-469f-8268-fea4167e1177,ЦДНТА-(Р-78-3-22-2-290+++Р-78-3-22-2-290+++Р-78-3-22-2-290),Р-78-3-22-2-290,Р78,3-22,2Д,290,opys-explicit
26204d7b-df2a-48f3-a454-866a75baac4a,ЦДНТА-(Р-78-3-22-2-301+++Р-78-3-22-2-301+++Р-78-3-22-2-301),Р-78-3-22-2-301,Р78,3-22,2Д,301,opys-explicit
690c7feb-227c-4f88-818b-9b500ebe51a7,ЦДНТА-(Р-78-3-22-2-331+++Р-78-3-22-2-331+++Р-78-3-22-2-331),Р-78-3-22-2-331,Р78,3-22,2Д,331,opys-explicit
651fa513-4b1d-47e8-86e0-d12cfc842b48,ЦДНТА-(Р-78-3-22-2-316+++Р-78-3-22-2-316+++Р-78-3-22-2-316),Р-78-3-22-2-316,Р78,3-22,2Д,316,opys-explicit
50d8937c-c7d0-4cab-ac29-e784d35b495a,ЦДНТА-(Р-78-3-22-2-345+++Р-78-3-22-2-345+++Р-78-3-22-2-345),Р-78-3-22-2-345,Р78,3-22,2Д,345,opys-explicit
c9b32c45-5ee0-41d6-b507-6a0e6379cc20,ЦДНТА-(Р-78-3-22-2-350+++Р-78-3-22-2-350+++Р-78-3-22-2-350),Р-78-3-22-2-350,Р78,3-22,2Д,350,opys-explicit
b1847219-00ca-4281-8e95-0c83328c0a5a,ЦДНТА-(Р-78-3-22-1-134+++Р-78-3-22-1-134+++Р-78-3-22-1-134),Р-78-3-22-1-134,Р78,3-22,1Н,134,opys-explicit
e2ca6f91-7b98-4423-a61f-ee2467dbfa7a,ЦДНТА-(Р-78-3-22-1-151+++Р-78-3-22-1-151+++Р-78-3-22-1-151),Р-78-3-22-1-151,Р78,3-22,1Н,151,opys-explicit
e0033149-eb9e-4a24-b422-71bb4bbe2f84,ЦДНТА-(Р-78-3-22-1-137+++Р-78-3-22-1-137+++Р-78-3-22-1-137),Р-78-3-22-1-137,Р78,3-22,1Н,137,opys-explicit
49aaa1bd-82db-4023-9e5c-1ca3e58b6484,ЦДНТА-(Р-78-3-22-1-135+++Р-78-3-22-1-135+++Р-78-3-22-1-135),Р-78-3-22-1-135,Р78,3-22,1Н,135,opys-explicit
5d79ecf5-ea73-4542-8bfe-3b3d2a01a3aa,ЦДНТА-(Р-78-3-22-1-141+++Р-78-3-22-1-141+++Р-78-3-22-1-141),Р-78-3-22-1-141,Р78,3-22,1Н,141,opys-explicit
2b970aae-96f5-42b9-837d-1123c60681ab,ЦДНТА-(Р-78-3-22-1-160+++Р-78-3-22-1-160+++Р-78-3-22-1-160),Р-78-3-22-1-160,Р78,3-22,1Н,160,opys-explicit
6649db6b-0879-4770-b03e-bd593e280dc9,ЦДНТА-(Р-78-3-22-1-184+++Р-78-3-22-1-184+++Р-78-3-22-1-184),Р-78-3-22-1-184,Р78,3-22,1Н,184,opys-explicit
9607c319-90a0-46e1-ab99-9f0dbacc7a90,ЦДНТА-(Р-78-3-22-1-189+++Р-78-3-22-1-189+++Р-78-3-22-1-189),Р-78-3-22-1-189,Р78,3-22,1Н,189,opys-explicit
3e687c95-7a47-48a7-8b22-359cfe043ccb,ЦДНТА-(Р-78-3-22-1-196+++Р-78-3-22-1-196+++Р-78-3-22-1-196),Р-78-3-22-1-196,Р78,3-22,1Н,196,opys-explicit
fda45e11-7588-4364-b252-e599bd12ce84,ЦДНТА-(Р-78-3-22-1-206+++Р-78-3-22-1-206+++Р-78-3-22-1-206),Р-78-3-22-1-206,Р78,3-22,1Н,206,opys-explicit
c2a4fd98-2deb-4829-b327-f5fb536f2666,ЦДНТА-(Р-78-3-22-1-216+++Р-78-3-22-1-216+++Р-78-3-22-1-216),Р-78-3-22-1-216,Р78,3-22,1Н,216,opys-explicit
0a22410b-f967-4a36-a6fa-d4cccebf7d9f,ЦДНТА-(Р-78-3-22-1-198+++Р-78-3-22-1-198+++Р-78-3-22-1-198),Р-78-3-22-1-198,Р78,3-22,1Н,198,opys-explicit
edc2e058-139f-43d6-8fa5-5062ca3c8ae0,ЦДНТА-(Р-107-3-36-5-1803+++Р-107-3-36-5-1803+++Р-107-3-36-5-1803),Р-107-3-36-5-1803,Р107,3-36,5,1803,opys-explicit
37457260-0e03-4fd0-ab0d-b6a398782891,ЦДНТА-(Р-107-3-36-5-1800+++Р-107-3-36-5-1800+++Р-107-3-36-5-1800),Р-107-3-36-5-1800,Р107,3-36,5,1800,opys-explicit
e3f263f8-4b23-4131-9462-2f5e13d4b205,ЦДНТА-(Р-107-3-36-5-1812+++Р-107-3-36-5-1812+++Р-107-3-36-5-1812),Р-107-3-36-5-1812,Р107,3-36,5,1812,opys-explicit
0ae448fc-3184-41f7-98b2-3a676fbf9756,ЦДНТА-(Р-107-3-36-5-1864+++Р-107-3-36-5-1864+++Р-107-3-36-5-1864),Р-107-3-36-5-1864,Р107,3-36,5,1864,opys-explicit
36b18a34-3769-43eb-b03e-722b857031fd,ЦДНТА-(Р-107-3-36-5-1817+++Р-107-3-36-5-1817+++Р-107-3-36-5-1817),Р-107-3-36-5-1817,Р107,3-36,5,1817,opys-explicit
6d0c4464-0dd5-4bc5-b666-5eee139aaa6d,ЦДНТА-(Р-107-3-36-5-1831+++Р-107-3-36-5-1831+++Р-107-3-36-5-1831),Р-107-3-36-5-1831,Р107,3-36,5,1831,opys-explicit
992cd376-3180-484e-b108-1aa778bc90c2,ЦДНТА-(Р-107-3-36-5-1871+++Р-107-3-36-5-1871+++Р-107-3-36-5-1871),Р-107-3-36-5-1871,Р107,3-36,5,1871,opys-explicit
3bf9f6c7-70ad-49d8-ad92-bb7af82a48ed,ЦДНТА-(Р-107-3-36-5-1824+++Р-107-3-36-5-1824+++Р-107-3-36-5-1824),Р-107-3-36-5-1824,Р107,3-36,5,1824,opys-explicit
045ff5ba-8a54-495f-acea-6cc582fe6b8d,ЦДНТА-(Р-107-3-36-5-1819+++Р-107-3-36-5-1819+++Р-107-3-36-5-1819),Р-107-3-36-5-1819,Р107,3-36,5,1819,opys-explicit
129d6401-fe83-414c-8ce3-35e477749c58,ЦДНТА-(Р-107-3-36-6-1888+++Р-107-3-36-6-1888+++Р-107-3-36-6-1888),Р-107-3-36-6-1888,Р107,3-36,6,1888,opys-explicit
5d3bf000-e06c-4cbd-a019-a045c3645bdf,ЦДНТА-(Р-107-3-36-6-1884+++Р-107-3-36-6-1884+++Р-107-3-36-6-1884),Р-107-3-36-6-1884,Р107,3-36,6,1884,opys-explicit
34a8b259-d117-4d91-9095-337aa4310954,ЦДНТА-(Р-107-3-36-6-1894+++Р-107-3-36-6-1894+++Р-107-3-36-6-1894),Р-107-3-36-6-1894,Р107,3-36,6,1894,opys-explicit
e9bb8e34-bd30-4991-8ea9-a3e22be31642,ЦДНТА-(Р-107-3-36-5-1852+++Р-107-3-36-5-1852+++Р-107-3-36-5-1852),Р-107-3-36-5-1852,Р107,3-36,5,1852,opys-explicit
d446a25c-393d-4c62-ace3-1b53f2cb9e57,ЦДНТА-(Р-107-3-36-5-1848+++Р-107-3-36-5-1848+++Р-107-3-36-5-1848),Р-107-3-36-5-1848,Р107,3-36,5,1848,opys-explicit
a329d745-ee2b-4e78-8f36-066c8e16f8ec,ЦДНТА-(Р-107-3-36-6-1918+++Р-107-3-36-6-1918+++Р-107-3-36-6-1918),Р-107-3-36-6-1918,Р107,3-36,6,1918,opys-explicit
bfd38bb9-e04a-4314-b09e-7519dec47e31,ЦДНТА-(Р-107-3-36-5-1850+++Р-107-3-36-5-1850+++Р-107-3-36-5-1850),Р-107-3-36-5-1850,Р107,3-36,5,1850,opys-explicit
832b6e6f-627e-46aa-b45d-c2ceeb3024a9,ЦДНТА-(Р-107-3-36-6-1941+++Р-107-3-36-6-1941+++Р-107-3-36-6-1941),Р-107-3-36-6-1941,Р107,3-36,6,1941,opys-explicit
0df97ad7-afbd-4501-8687-d5f5ddb8b141,ЦДНТА-(Р-107-3-36-6-1878+++Р-107-3-36-6-1878+++Р-107-3-36-6-1878),Р-107-3-36-6-1878,Р107,3-36,6,1878,opys-explicit
e5de1b61-c60b-408b-adf1-d170f13bcefe,ЦДНТА-(Р-107-3-36-5-1857+++Р-107-3-36-5-1857+++Р-107-3-36-5-1857),Р-107-3-36-5-1857,Р107,3-36,5,1857,opys-explicit
cd873cef-53ea-4ff4-8217-6ae0f5184dac,ЦДНТА-(Р-107-3-36-6-1962+++Р-107-3-36-6-1962+++Р-107-3-36-6-1962),Р-107-3-36-6-1962,Р107,3-36,6,1962,opys-explicit
04e61a16-948f-49b8-bdd1-daeae565840c,ЦДНТА-(Р-107-3-36-6-1880+++Р-107-3-36-6-1880+++Р-107-3-36-6-1880),Р-107-3-36-6-1880,Р107,3-36,6,1880,opys-explicit
673c3634-ce30-4acf-b014-1336a74ccb8f,ЦДНТА-(Р-107-3-36-6-1903+++Р-107-3-36-6-1903+++Р-107-3-36-6-1903),Р-107-3-36-6-1903,Р107,3-36,6,1903,opys-explicit
a1518274-6848-4946-8049-fdbb69920486,ЦДНТА-(Р-107-3-36-6-2000+++Р-107-3-36-6-2000+++Р-107-3-36-6-2000),Р-107-3-36-6-2000,Р107,3-36,6,2000,opys-explicit
fa9c1240-0d47-44a7-8dde-cde6b095e691,ЦДНТА-(Р-107-3-36-6-1940+++Р-107-3-36-6-1940+++Р-107-3-36-6-1940),Р-107-3-36-6-1940,Р107,3-36,6,1940,opys-explicit
af920427-c0c8-492a-9c9b-2dbcb359354d,ЦДНТА-(Р-107-3-36-6-1917+++Р-107-3-36-6-1917+++Р-107-3-36-6-1917),Р-107-3-36-6-1917,Р107,3-36,6,1917,opys-explicit
c1967d1d-73eb-4d4a-b1cb-bc075d39f629,ЦДНТА-(Р-107-3-36-6-1937+++Р-107-3-36-6-1937+++Р-107-3-36-6-1937),Р-107-3-36-6-1937,Р107,3-36,6,1937,opys-explicit
b9be5e8f-48e4-4b10-bf39-6cdb0ec3362a,ЦДНТА-(Р-107-3-36-6-2011+++Р-107-3-36-6-2011+++Р-107-3-36-6-2011),Р-107-3-36-6-2011,Р107,3-36,6,2011,opys-explicit
ccbc7fcd-48cd-4889-8868-d4ebfc4331d8,ЦДНТА-(Р-107-3-36-6-1958+++Р-107-3-36-6-1958+++Р-107-3-36-6-1958),Р-107-3-36-6-1958,Р107,3-36,6,1958,opys-explicit
2e89068a-c88c-4f5a-9cbd-f0802fda00c2,ЦДНТА-(Р-107-3-36-6-2018+++Р-107-3-36-6-2018+++Р-107-3-36-6-2018),Р-107-3-36-6-2018,Р107,3-36,6,2018,opys-explicit
52d3d244-05e9-4ba6-af82-369a09c247c5,ЦДНТА-(Р-17-3-9-4-1558+++Р-17-3-9-4-1558+++Р-17-3-9-4-1558),Р-17-3-9-4-1558,Р17,3-9,4,1558,opys-explicit
e876847f-7b94-4d82-8127-018043c0659d,ЦДНТА-(Р-17-3-9-4-1601+++Р-17-3-9-4-1601+++Р-17-3-9-4-1601),Р-17-3-9-4-1601,Р17,3-9,4,1601,opys-explicit
224ec205-1e9d-430d-98af-085fcaeb16b2,ЦДНТА-(Р-17-3-9-4-1589+++Р-17-3-9-4-1589+++Р-17-3-9-4-1589),Р-17-3-9-4-1589,Р17,3-9,4,1589,opys-explicit
7431e581-424e-4e4f-a4a4-6542f3356747,ЦДНТА-(Р-17-3-9-4-1602+++Р-17-3-9-4-1602+++Р-17-3-9-4-1602),Р-17-3-9-4-1602,Р17,3-9,4,1602,opys-explicit
24a31870-3a51-47f5-a736-1dfb7dacdb70,ЦДНТА-(Р-17-3-9-4-1607+++Р-17-3-9-4-1607+++Р-17-3-9-4-1607),Р-17-3-9-4-1607,Р17,3-9,4,1607,opys-explicit
154bb451-bec2-4c91-a83c-e2454f47ffa7,ЦДНТА-(Р-17-3-9-4-1593+++Р-17-3-9-4-1593+++Р-17-3-9-4-1593),Р-17-3-9-4-1593,Р17,3-9,4,1593,opys-explicit
81e84376-1e63-4cd8-b2fb-b2eed088c6e1,ЦДНТА-(Р-17-3-9-4-1595+++Р-17-3-9-4-1595+++Р-17-3-9-4-1595),Р-17-3-9-4-1595,Р17,3-9,4,1595,opys-explicit
d23c268b-1da8-4140-9708-693feea9d9a0,ЦДНТА-(Р-17-3-9-4-1603+++Р-17-3-9-4-1603+++Р-17-3-9-4-1603),Р-17-3-9-4-1603,Р17,3-9,4,1603,opys-explicit
48bc3780-72ab-47bc-9be7-200659dbab5b,ЦДНТА-(Р-17-3-9-4-1626+++Р-17-3-9-4-1626+++Р-17-3-9-4-1626),Р-17-3-9-4-1626,Р17,3-9,4,1626,opys-explicit
928b27b2-ffb0-43d4-abb2-bd133e16d62d,ЦДНТА-(Р-17-3-9-4-1623+++Р-17-3-9-4-1623+++Р-17-3-9-4-1623),Р-17-3-9-4-1623,Р17,3-9,4,1623,opys-explicit
5581e65f-c032-4ed0-b88a-0203d7e0486d,ЦДНТА-(Р-17-3-9-4-1651+++Р-17-3-9-4-1651+++Р-17-3-9-4-1651),Р-17-3-9-4-1651,Р17,3-9,4,1651,opys-explicit
53c84538-430e-4087-ac55-a5e847a25318,ЦДНТА-(Р-17-3-9-4-1627+++Р-17-3-9-4-1627+++Р-17-3-9-4-1627),Р-17-3-9-4-1627,Р17,3-9,4,1627,opys-explicit
ef0d9f00-4c82-4500-ae4c-7095ea788167,ЦДНТА-(Р-17-3-9-4-1636+++Р-17-3-9-4-1636+++Р-17-3-9-4-1636),Р-17-3-9-4-1636,Р17,3-9,4,1636,opys-explicit
dccd0acf-ff36-4eef-89e0-a3185038801e,ЦДНТА-(Р-17-3-9-4-1675+++Р-17-3-9-4-1675+++Р-17-3-9-4-1675),Р-17-3-9-4-1675,Р17,3-9,4,1675,opys-explicit
62244b9a-9d87-44cb-b2b9-b61a2cb45ed2,ЦДНТА-(Р-17-3-9-4-1666+++Р-17-3-9-4-1666+++Р-17-3-9-4-1666),Р-17-3-9-4-1666,Р17,3-9,4,1666,opys-explicit
51ea422e-b35a-409d-bd0e-2a4300968415,ЦДНТА-(Р-17-3-9-4-1677+++Р-17-3-9-4-1677+++Р-17-3-9-4-1677),Р-17-3-9-4-1677,Р17,3-9,4,1677,opys-explicit
e6e94336-25f0-4d06-ab8b-b77f9a9ef732,ЦДНТА-(Р-17-3-9-4-1644+++Р-17-3-9-4-1644+++Р-17-3-9-4-1644),Р-17-3-9-4-1644,Р17,3-9,4,1644,opys-explicit
bf0d79bc-2d7a-4721-a1c2-a6dc218c493f,ЦДНТА-(Р-17-3-9-4-1708+++Р-17-3-9-4-1708+++Р-17-3-9-4-1708),Р-17-3-9-4-1708,Р17,3-9,4,1708,opys-explicit
db3db2db-f2cd-4628-8808-f464e59fa90e,ЦДНТА-(Р-17-3-9-4-1678+++Р-17-3-9-4-1678+++Р-17-3-9-4-1678),Р-17-3-9-4-1678,Р17,3-9,4,1678,opys-explicit
0791a3f8-38eb-40fd-b68e-2ef57b2ac64e,ЦДНТА-(Р-17-3-9-4-1680+++Р-17-3-9-4-1680+++Р-17-3-9-4-1680),Р-17-3-9-4-1680,Р17,3-9,4,1680,opys-explicit
4432de09-26e8-48bc-b25d-fe7b757af93b,ЦДНТА-(Р-17-3-9-4-1690+++Р-17-3-9-4-1690+++Р-17-3-9-4-1690),Р-17-3-9-4-1690,Р17,3-9,4,1690,opys-explicit
d5cdab42-cd7a-4218-bf70-e5f439aacca8,ЦДНТА-(Р-17-3-9-4-1714+++Р-17-3-9-4-1714+++Р-17-3-9-4-1714),Р-17-3-9-4-1714,Р17,3-9,4,1714,opys-explicit
99f85e65-1ccb-43d4-b4a6-74b0e6b93cf1,ЦДНТА-(Р-17-3-9-4-1704+++Р-17-3-9-4-1704+++Р-17-3-9-4-1704),Р-17-3-9-4-1704,Р17,3-9,4,1704,opys-explicit
235c2669-223e-4278-8029-a057b383daba,ЦДНТА-(Р-17-3-9-4-1727+++Р-17-3-9-4-1727+++Р-17-3-9-4-1727),Р-17-3-9-4-1727,Р17,3-9,4,1727,opys-explicit
7be325d5-8658-49cf-bdcf-60ac2a090d01,ЦДНТА-(Р-17-3-9-4-1729+++Р-17-3-9-4-1729+++Р-17-3-9-4-1729),Р-17-3-9-4-1729,Р17,3-9,4,1729,opys-explicit
4745348c-9e4c-4763-af7e-88faaa075bab,ЦДНТА-(Р-17-3-9-4-1738+++Р-17-3-9-4-1738+++Р-17-3-9-4-1738),Р-17-3-9-4-1738,Р17,3-9,4,1738,opys-explicit
c78db844-8fac-4718-aeb1-26de87b1a9e4,ЦДНТА-(Р-17-3-9-4-1763+++Р-17-3-9-4-1763+++Р-17-3-9-4-1763),Р-17-3-9-4-1763,Р17,3-9,4,1763,opys-explicit
9cdaa58e-30d5-4189-8ce7-4276bf2b4d90,ЦДНТА-(Р-17-3-9-4-1750+++Р-17-3-9-4-1750+++Р-17-3-9-4-1750),Р-17-3-9-4-1750,Р17,3-9,4,1750,opys-explicit
074c98ec-939f-4b4b-93a6-082af28e7f0b,ЦДНТА-(Р-17-3-9-4-1439+++Р-17-3-9-4-1439+++Р-17-3-9-4-1439),Р-17-3-9-4-1439,Р17,3-9,4,1439,opys-explicit
04e043c4-7575-4836-a502-efd11d539f3c,ЦДНТА-(Р-17-3-9-4-1453+++Р-17-3-9-4-1453+++Р-17-3-9-4-1453),Р-17-3-9-4-1453,Р17,3-9,4,1453,opys-explicit
9802d867-dd64-436e-9cd1-1a5dcb9dae94,ЦДНТА-(Р-107-3-36-6-1951+++Р-107-3-36-6-1951+++Р-107-3-36-6-1951),Р-107-3-36-6-1951,Р107,3-36,6,1951,opys-explicit
96c6166f-20bb-4eae-a6f2-727f47d85bfc,ЦДНТА-(Р-107-3-36-6-2039+++Р-107-3-36-6-2039+++Р-107-3-36-6-2039),Р-107-3-36-6-2039,Р107,3-36,6,2039,opys-explicit
a41b5411-2343-43ea-83a7-2548ead67928,ЦДНТА-(Р-107-3-36-6-1988+++Р-107-3-36-6-1988+++Р-107-3-36-6-1988),Р-107-3-36-6-1988,Р107,3-36,6,1988,opys-explicit
338f5001-0b71-4663-9bc4-ed02ff635394,ЦДНТА-(Р-107-3-36-6-2072+++Р-107-3-36-6-2072+++Р-107-3-36-6-2072),Р-107-3-36-6-2072,Р107,3-36,6,2072,opys-explicit
573fa121-a3bf-4d97-b52e-777318403db9,ЦДНТА-(Р-107-3-36-6-1994+++Р-107-3-36-6-1994+++Р-107-3-36-6-1994),Р-107-3-36-6-1994,Р107,3-36,6,1994,opys-explicit
4c57378d-e8a4-4057-844e-aa449261db66,ЦДНТА-(Р-107-3-36-6-2007+++Р-107-3-36-6-2007+++Р-107-3-36-6-2007),Р-107-3-36-6-2007,Р107,3-36,6,2007,opys-explicit
08f1f2c5-7ad0-4a10-a82e-87662d562507,ЦДНТА-(Р-107-3-36-6-2035+++Р-107-3-36-6-2035+++Р-107-3-36-6-2035),Р-107-3-36-6-2035,Р107,3-36,6,2035,opys-explicit
a9afbccc-8aaa-48f1-b8ee-641d8ad7df83,ЦДНТА-(Р-107-3-36-6-2042+++Р-107-3-36-6-2042+++Р-107-3-36-6-2042),Р-107-3-36-6-2042,Р107,3-36,6,2042,opys-explicit
47a678b9-9bbd-4b0f-b5f6-111138ca41c8,ЦДНТА-(Р-107-3-36-6-2051+++Р-107-3-36-6-2051+++Р-107-3-36-6-2051),Р-107-3-36-6-2051,Р107,3-36,6,2051,opys-explicit
76ebf2fb-422f-4076-8bf0-c42d2489c659,ЦДНТА-(Р-107-3-36-6-2029+++Р-107-3-36-6-2029+++Р-107-3-36-6-2029),Р-107-3-36-6-2029,Р107,3-36,6,2029,opys-explicit
a2ab8b4c-0a80-43b3-811d-97abf1b6a342,ЦДНТА-(Р-107-3-36-6-2069+++Р-107-3-36-6-2069+++Р-107-3-36-6-2069),Р-107-3-36-6-2069,Р107,3-36,6,2069,opys-explicit
225fbee8-c965-4edb-b361-a7adc0574e88,ЦДНТА-(Р-17-3-9-316+++Р-17-3-9-316+++Р-17-3-9-316),Р-17-3-9-316,Р17,3-9,1,316,range-lookup
05e83804-4294-48e5-83d8-ca6cad3920f9,ЦДНТА-(Р-17-3-9-333+++Р-17-3-9-333+++Р-17-3-9-333),Р-17-3-9-333,Р17,3-9,1,333,range-lookup
9c805a00-ce9b-4e00-9675-560df29099b7,ЦДНТА-(Р-17-3-9-334+++Р-17-3-9-334+++Р-17-3-9-334),Р-17-3-9-334,Р17,3-9,1,334,range-lookup
28dff4ca-33bf-4007-8866-df7f3bf2fd89,ЦДНТА-(Р-17-3-9-4-2607+++Р-17-3-9-4-2607+++Р-17-3-9-4-2607),Р-17-3-9-4-2607,Р17,3-9,4,2607,opys-explicit
2484fa3a-01d7-4cd9-98c7-f30fb6d0b253,ЦДНТА-(Р-17-3-9-4-2687+++Р-17-3-9-4-2687+++Р-17-3-9-4-2687),Р-17-3-9-4-2687,Р17,3-9,4,2687,opys-explicit
36b2d4cb-523a-4b69-86bd-9fb2a9d62ceb,ЦДНТА-(Р-17-3-9-4-2694+++Р-17-3-9-4-2694+++Р-17-3-9-4-2694),Р-17-3-9-4-2694,Р17,3-9,4,2694,opys-explicit
c6c3686e-3d0d-47b4-96a7-8169062ca075,ЦДНТА-(Р-17-3-9-4-2730+++Р-17-3-9-4-2730+++Р-17-3-9-4-2730),Р-17-3-9-4-2730,Р17,3-9,4,2730,opys-explicit
45872719-2401-4f63-8fc6-03fc7f2127b6,ЦДНТА-(Р-17-3-9-4-2736+++Р-17-3-9-4-2736+++Р-17-3-9-4-2736),Р-17-3-9-4-2736,Р17,3-9,4,2736,opys-explicit
01629cae-e2bd-43c3-a3d2-98b0d2f7b5eb,ЦДНТА-(Р-17-3-9-4-2644+++Р-17-3-9-4-2644+++Р-17-3-9-4-2644),Р-17-3-9-4-2644,Р17,3-9,4,2644,opys-explicit
1497221f-28cc-4380-983d-ff18d1de039f,ЦДНТА-(Р-17-3-9-5-2821+++Р-17-3-9-5-2821+++Р-17-3-9-5-2821),Р-17-3-9-5-2821,Р17,3-9,5,2821,opys-explicit+outofrange
90249e6b-7f05-472f-84eb-c8902b452247,ЦДНТА-(Р-17-3-9-4-2817+++Р-17-3-9-4-2817+++Р-17-3-9-4-2817),Р-17-3-9-4-2817,Р17,3-9,4,2817,opys-explicit
53ad5f94-bacb-47af-be96-407ed17ffdd5,ЦДНТА-(Р-17-3-9-5-2827+++Р-17-3-9-5-2827+++Р-17-3-9-5-2827),Р-17-3-9-5-2827,Р17,3-9,5,2827,opys-explicit+outofrange
9c60360f-fa22-4748-b891-938adcc95fba,ЦДНТА-(Р-17-3-9-5-2829+++Р-17-3-9-5-2829+++Р-17-3-9-5-2829),Р-17-3-9-5-2829,Р17,3-9,5,2829,opys-explicit+outofrange
12215329-18fc-4183-9727-e5ae8ef31fbe,ЦДНТА-(Р-17-3-9-4-2636+++Р-17-3-9-4-2636+++Р-17-3-9-4-2636),Р-17-3-9-4-2636,Р17,3-9,4,2636,opys-explicit
f2164c6a-18a5-4f80-aa00-0819f44b4902,ЦДНТА-(Р-17-3-9-4-2610+++Р-17-3-9-4-2610+++Р-17-3-9-4-2610),Р-17-3-9-4-2610,Р17,3-9,4,2610,opys-explicit
fb8631c1-7f77-4caa-9fb5-06909e3fcb02,ЦДНТА-(Р-17-3-9-4-2627+++Р-17-3-9-4-2627+++Р-17-3-9-4-2627),Р-17-3-9-4-2627,Р17,3-9,4,2627,opys-explicit
0af0db69-4071-4aff-9c44-6d630b2c2e5c,ЦДНТА-(Р-17-3-9-4-2602+++Р-17-3-9-4-2602+++Р-17-3-9-4-2602),Р-17-3-9-4-2602,Р17,3-9,4,2602,opys-explicit
487c9ed7-cda2-4376-a78f-37f988184618,ЦДНТА-(Р-17-3-9-4-2630+++Р-17-3-9-4-2630+++Р-17-3-9-4-2630),Р-17-3-9-4-2630,Р17,3-9,4,2630,opys-explicit
2c98e65f-cac8-4b15-9f21-239054aa4e73,ЦДНТА-(Р-17-3-9-4-2656+++Р-17-3-9-4-2656+++Р-17-3-9-4-2656),Р-17-3-9-4-2656,Р17,3-9,4,2656,opys-explicit
47b8c36c-9a1c-42c6-8567-58c2a4c85114,ЦДНТА-(Р-107-3-36-5-1680+++Р-107-3-36-5-1680+++Р-107-3-36-5-1680),Р-107-3-36-5-1680,Р107,3-36,5,1680,opys-explicit
d6bca5c7-6759-46ab-b4b3-521aa6abf5e8,ЦДНТА-(Р-107-3-36-5-1662+++Р-107-3-36-5-1662+++Р-107-3-36-5-1662),Р-107-3-36-5-1662,Р107,3-36,5,1662,opys-explicit
39921526-c4ae-453a-8cea-0041c0d6bfc5,ЦДНТА-(Р-107-3-36-5-1684+++Р-107-3-36-5-1684+++Р-107-3-36-5-1684),Р-107-3-36-5-1684,Р107,3-36,5,1684,opys-explicit
7e4a2d42-83af-4115-abf5-3f8552a7dc4c,ЦДНТА-(Р-107-3-36-5-1685+++Р-107-3-36-5-1685+++Р-107-3-36-5-1685),Р-107-3-36-5-1685,Р107,3-36,5,1685,opys-explicit
2a64d787-a2a8-4ac1-acad-cca79bf5b8ca,ЦДНТА-(Р-107-3-36-5-1668+++Р-107-3-36-5-1668+++Р-107-3-36-5-1668),Р-107-3-36-5-1668,Р107,3-36,5,1668,opys-explicit
563eaf14-b8f4-4ff7-bebd-25e451e9c200,ЦДНТА-(Р-107-3-36-5-1713+++Р-107-3-36-5-1713+++Р-107-3-36-5-1713),Р-107-3-36-5-1713,Р107,3-36,5,1713,opys-explicit
3429f104-8fe7-492f-b40b-5618f1ffb56a,ЦДНТА-(Р-107-3-36-5-1691+++Р-107-3-36-5-1691+++Р-107-3-36-5-1691),Р-107-3-36-5-1691,Р107,3-36,5,1691,opys-explicit
555c632b-136b-4e74-8345-99accfa2316a,ЦДНТА-(Р-107-3-36-5-1702+++Р-107-3-36-5-1702+++Р-107-3-36-5-1702),Р-107-3-36-5-1702,Р107,3-36,5,1702,opys-explicit
3357ad0d-53f7-447f-830f-ba3723738e3b,ЦДНТА-(Р-107-3-36-5-1682+++Р-107-3-36-5-1682+++Р-107-3-36-5-1682),Р-107-3-36-5-1682,Р107,3-36,5,1682,opys-explicit
b303f0d6-bc13-44ec-a2ba-e5ff5ece2493,ЦДНТА-(Р-107-3-36-5-1708+++Р-107-3-36-5-1708+++Р-107-3-36-5-1708),Р-107-3-36-5-1708,Р107,3-36,5,1708,opys-explicit
b96b5752-59b5-430f-8259-47055fa703a0,ЦДНТА-(Р-107-3-36-5-1707+++Р-107-3-36-5-1707+++Р-107-3-36-5-1707),Р-107-3-36-5-1707,Р107,3-36,5,1707,opys-explicit
b2032657-8fcc-4a5d-a8d7-238bf83b088c,ЦДНТА-(Р-107-3-36-5-1726+++Р-107-3-36-5-1726+++Р-107-3-36-5-1726),Р-107-3-36-5-1726,Р107,3-36,5,1726,opys-explicit
48fa0c2a-6414-47c4-8d0d-e16fc09ad594,ЦДНТА-(Р-107-3-36-5-1723+++Р-107-3-36-5-1723+++Р-107-3-36-5-1723),Р-107-3-36-5-1723,Р107,3-36,5,1723,opys-explicit
6b09d357-cc94-4bb6-b503-a910080b1b78,ЦДНТА-(Р-107-3-36-5-1732+++Р-107-3-36-5-1732+++Р-107-3-36-5-1732),Р-107-3-36-5-1732,Р107,3-36,5,1732,opys-explicit
c7917d6b-c5cd-4b6b-8e30-74787e173806,ЦДНТА-(Р-107-3-36-5-1733+++Р-107-3-36-5-1733+++Р-107-3-36-5-1733),Р-107-3-36-5-1733,Р107,3-36,5,1733,opys-explicit
897da8a2-3d4e-42cb-9514-35eedc99dead,ЦДНТА-(Р-107-3-36-5-1740+++Р-107-3-36-5-1740+++Р-107-3-36-5-1740),Р-107-3-36-5-1740,Р107,3-36,5,1740,opys-explicit
eb81202a-e159-48ce-b8b9-5853493e2f0f,ЦДНТА-(Р-107-3-36-5-1757+++Р-107-3-36-5-1757+++Р-107-3-36-5-1757),Р-107-3-36-5-1757,Р107,3-36,5,1757,opys-explicit
768f295b-a9c9-472a-9590-376c0741b7a5,ЦДНТА-(Р-107-3-36-5-1728+++Р-107-3-36-5-1728+++Р-107-3-36-5-1728),Р-107-3-36-5-1728,Р107,3-36,5,1728,opys-explicit
baccffa8-a089-4ed6-af1d-fe4547d07bde,ЦДНТА-(Р-107-3-36-5-1739+++Р-107-3-36-5-1739+++Р-107-3-36-5-1739),Р-107-3-36-5-1739,Р107,3-36,5,1739,opys-explicit
988f56b7-3d67-482b-9180-a45915ecf1d4,ЦДНТА-(Р-107-3-36-5-1738+++Р-107-3-36-5-1738+++Р-107-3-36-5-1738),Р-107-3-36-5-1738,Р107,3-36,5,1738,opys-explicit
f2b2f7bf-1871-4fec-9b3a-e8639633feee,ЦДНТА-(Р-107-3-36-5-1786+++Р-107-3-36-5-1786+++Р-107-3-36-5-1786),Р-107-3-36-5-1786,Р107,3-36,5,1786,opys-explicit
051f03ef-7615-4216-8d76-926bebb15472,ЦДНТА-(Р-107-3-36-5-1746+++Р-107-3-36-5-1746+++Р-107-3-36-5-1746),Р-107-3-36-5-1746,Р107,3-36,5,1746,opys-explicit
29e66e19-d6ac-42cd-bf6d-2b1751ecbd58,ЦДНТА-(Р-107-3-36-5-1736+++Р-107-3-36-5-1736+++Р-107-3-36-5-1736),Р-107-3-36-5-1736,Р107,3-36,5,1736,opys-explicit
bb3a0b8c-9ce2-4c4b-a1d9-6f1831a194fe,ЦДНТА-(Р-107-3-36-5-1777+++Р-107-3-36-5-1777+++Р-107-3-36-5-1777),Р-107-3-36-5-1777,Р107,3-36,5,1777,opys-explicit
db73ad08-0ca8-4539-af27-c5b6a214bc19,ЦДНТА-(Р-107-3-36-5-1742+++Р-107-3-36-5-1742+++Р-107-3-36-5-1742),Р-107-3-36-5-1742,Р107,3-36,5,1742,opys-explicit
1b790499-b971-4b14-aada-f42ce8188a2e,ЦДНТА-(Р-107-3-36-5-1748+++Р-107-3-36-5-1748+++Р-107-3-36-5-1748),Р-107-3-36-5-1748,Р107,3-36,5,1748,opys-explicit
28ffd3d6-3f1b-4595-98f0-fca5cf8c4a1c,ЦДНТА-(Р-107-3-36-5-1776+++Р-107-3-36-5-1776+++Р-107-3-36-5-1776),Р-107-3-36-5-1776,Р107,3-36,5,1776,opys-explicit
a805745f-a6b0-4be3-8e33-7cf503aba7e1,ЦДНТА-(Р-107-3-36-5-1807+++Р-107-3-36-5-1807+++Р-107-3-36-5-1807),Р-107-3-36-5-1807,Р107,3-36,5,1807,opys-explicit
d3919ee6-3162-4976-a637-c322789b7da4,ЦДНТА-(Р-107-3-36-5-1779+++Р-107-3-36-5-1779+++Р-107-3-36-5-1779),Р-107-3-36-5-1779,Р107,3-36,5,1779,opys-explicit
8a103d3a-f31f-4b54-bc4a-1d729bf0fa9c,ЦДНТА-(Р-78-3-22-2-222+++Р-78-3-22-2-222+++Р-78-3-22-2-222),Р-78-3-22-2-222,Р78,3-22,2Д,222,opys-explicit
f2326ee4-796e-4e97-ba39-83898c226b94,ЦДНТА-(Р-78-3-22-1-217+++Р-78-3-22-1-217+++Р-78-3-22-1-217),Р-78-3-22-1-217,Р78,3-22,1Н,217,opys-explicit
0fd59f9f-7d85-41a2-84e8-f5cbd526b520,ЦДНТА-(Р-78-3-22-2-234+++Р-78-3-22-2-234+++Р-78-3-22-2-234),Р-78-3-22-2-234,Р78,3-22,2Д,234,opys-explicit
89a18b45-8fc3-4990-b3ff-d075a24e40ef,ЦДНТА-(Р-78-3-22-2-241+++Р-78-3-22-2-241+++Р-78-3-22-2-241),Р-78-3-22-2-241,Р78,3-22,2Д,241,opys-explicit
74b16a43-55df-49c1-9d04-a8613129b912,ЦДНТА-(Р-78-3-22-2-257+++Р-78-3-22-2-257+++Р-78-3-22-2-257),Р-78-3-22-2-257,Р78,3-22,2Д,257,opys-explicit
247c33c6-5ba5-4b9d-ba1e-a8b1c24f6c66,ЦДНТА-(Р-78-3-22-2-267+++Р-78-3-22-2-267+++Р-78-3-22-2-267),Р-78-3-22-2-267,Р78,3-22,2Д,267,opys-explicit
3ba45584-f5cd-4870-bddd-b03392bfbb22,ЦДНТА-(Р-78-3-22-2-261+++Р-78-3-22-2-261+++Р-78-3-22-2-261),Р-78-3-22-2-261,Р78,3-22,2Д,261,opys-explicit
dcbd29a7-796f-4a16-9d6c-12c80d6e7c27,ЦДНТА-(Р-78-3-22-2-256+++Р-78-3-22-2-256+++Р-78-3-22-2-256),Р-78-3-22-2-256,Р78,3-22,2Д,256,opys-explicit
e657aeaf-27dd-47c6-86c1-9b5af323aa19,ЦДНТА-(Р-78-3-22-2-280+++Р-78-3-22-2-280+++Р-78-3-22-2-280),Р-78-3-22-2-280,Р78,3-22,2Д,280,opys-explicit
d551703b-4aa7-464f-a6f9-9c0073e4a958,ЦДНТА-(Р-78-3-22-2-284+++Р-78-3-22-2-284+++Р-78-3-22-2-284),Р-78-3-22-2-284,Р78,3-22,2Д,284,opys-explicit
a5a4240b-e175-4166-bf17-5810edc1ca98,ЦДНТА-(Р-78-3-22-2-274+++Р-78-3-22-2-274+++Р-78-3-22-2-274),Р-78-3-22-2-274,Р78,3-22,2Д,274,opys-explicit
334b2f27-b57f-4f85-9c9c-176491eacf4a,ЦДНТА-(Р-78-3-22-2-288+++Р-78-3-22-2-288+++Р-78-3-22-2-288),Р-78-3-22-2-288,Р78,3-22,2Д,288,opys-explicit
27d2ce5f-c3e2-4b82-b326-7825592adc83,ЦДНТА-(Р-78-3-22-2-303+++Р-78-3-22-2-303+++Р-78-3-22-2-303),Р-78-3-22-2-303,Р78,3-22,2Д,303,opys-explicit
77e903c8-a77b-4130-b627-58c61cb95a25,ЦДНТА-(Р-78-3-22-2-299+++Р-78-3-22-2-299+++Р-78-3-22-2-299),Р-78-3-22-2-299,Р78,3-22,2Д,299,opys-explicit
84975bd2-40e5-46d0-9b5c-3270195e310c,ЦДНТА-(Р-78-3-22-2-293+++Р-78-3-22-2-293+++Р-78-3-22-2-293),Р-78-3-22-2-293,Р78,3-22,2Д,293,opys-explicit
1e3a9b10-b25e-42e5-a6f0-2b7e72c07e37,ЦДНТА-(Р-78-3-22-2-297+++Р-78-3-22-2-297+++Р-78-3-22-2-297),Р-78-3-22-2-297,Р78,3-22,2Д,297,opys-explicit
933d61d7-3a35-43a1-8d25-ca7f11cec715,ЦДНТА-(Р-78-3-22-2-325+++Р-78-3-22-2-325+++Р-78-3-22-2-325),Р-78-3-22-2-325,Р78,3-22,2Д,325,opys-explicit
4cfa9032-3904-4dce-8388-d28de636e670,ЦДНТА-(Р-78-3-22-2-334+++Р-78-3-22-2-334+++Р-78-3-22-2-334),Р-78-3-22-2-334,Р78,3-22,2Д,334,opys-explicit
4f8c3ff1-9a86-47a9-95cd-4cb5da7114ab,ЦДНТА-(Р-78-3-22-2-354+++Р-78-3-22-2-354+++Р-78-3-22-2-354),Р-78-3-22-2-354,Р78,3-22,2Д,354,opys-explicit
683c2097-89cc-43fe-ae93-89835c068c54,ЦДНТА-(Р-78-3-22-2-368+++Р-78-3-22-2-368+++Р-78-3-22-2-368),Р-78-3-22-2-368,Р78,3-22,2Д,368,opys-explicit
2a391d65-be4a-4ed3-a618-e4f5f3c8065c,ЦДНТА-(Р-78-3-22-2-367+++Р-78-3-22-2-367+++Р-78-3-22-2-367),Р-78-3-22-2-367,Р78,3-22,2Д,367,opys-explicit
f9d4970f-b9aa-404e-b20b-3c1608dcf23b,ЦДНТА-(Р-78-3-22-2-358+++Р-78-3-22-2-358+++Р-78-3-22-2-358),Р-78-3-22-2-358,Р78,3-22,2Д,358,opys-explicit
053d4635-bcae-46ac-b546-1983b68146c6,ЦДНТА-(Р-78-3-22-2-356+++Р-78-3-22-2-356+++Р-78-3-22-2-356),Р-78-3-22-2-356,Р78,3-22,2Д,356,opys-explicit
02998cb7-0889-44e4-8a33-e13538067239,ЦДНТА-(Р-78-3-22-2-364+++Р-78-3-22-2-364+++Р-78-3-22-2-364),Р-78-3-22-2-364,Р78,3-22,2Д,364,opys-explicit
eef60573-d022-4031-9fa5-92f9247781cc,ЦДНТА-(Р-78-3-22-2-387+++Р-78-3-22-2-387+++Р-78-3-22-2-387),Р-78-3-22-2-387,Р78,3-22,2Д,387,opys-explicit
ae625f20-d2eb-485a-a7ea-70d0daa9b740,ЦДНТА-(Р-78-3-22-2-377+++Р-78-3-22-2-377+++Р-78-3-22-2-377),Р-78-3-22-2-377,Р78,3-22,2Д,377,opys-explicit
9044797d-9ff5-4a3b-8dd1-bd1538d3080e,ЦДНТА-(Р-17-3-9-1-464+++Р-17-3-9-1-464+++Р-17-3-9-1-464),Р-17-3-9-1-464,Р17,3-9,1,464,opys-explicit
668823f4-81d5-4edb-84ec-2c23115cbf43,ЦДНТА-(Р-17-3-9-1-485+++Р-17-3-9-1-485+++Р-17-3-9-1-485),Р-17-3-9-1-485,Р17,3-9,1,485,opys-explicit
1f2ef821-e122-46de-8714-425aeceb9bdb,ЦДНТА-(Р-17-3-9-1-491+++Р-17-3-9-1-491+++Р-17-3-9-1-491),Р-17-3-9-1-491,Р17,3-9,1,491,opys-explicit
b468313a-a084-4a59-a665-d21e3efc8d28,ЦДНТА-(Р-17-3-9-1-499+++Р-17-3-9-1-499+++Р-17-3-9-1-499),Р-17-3-9-1-499,Р17,3-9,1,499,opys-explicit
9bddfff0-fdb1-4532-876a-de4e81df732b,ЦДНТА-(Р-17-3-9-1-539+++Р-17-3-9-1-539+++Р-17-3-9-1-539),Р-17-3-9-1-539,Р17,3-9,1,539,opys-explicit
55dc3cbe-844a-4cf2-87b8-dba9bdbe67a0,ЦДНТА-(Р-17-3-9-1-523+++Р-17-3-9-1-523+++Р-17-3-9-1-523),Р-17-3-9-1-523,Р17,3-9,1,523,opys-explicit
3d4c135c-f25e-45fd-9cf5-48253bd9e3b4,ЦДНТА-(Р-17-3-9-1-526+++Р-17-3-9-1-526+++Р-17-3-9-1-526),Р-17-3-9-1-526,Р17,3-9,1,526,opys-explicit
2d5cdeaf-5d67-40d5-9b66-b4030ec02387,ЦДНТА-(Р-17-3-9-1-578+++Р-17-3-9-1-578+++Р-17-3-9-1-578),Р-17-3-9-1-578,Р17,3-9,1,578,opys-explicit
bf5597d8-d892-4437-a865-ab536187d4f6,ЦДНТА-(Р-17-3-9-1-549+++Р-17-3-9-1-549+++Р-17-3-9-1-549),Р-17-3-9-1-549,Р17,3-9,1,549,opys-explicit
852435fa-b4a0-4b03-a6cc-a75196392026,ЦДНТА-(Р-17-3-9-1-622+++Р-17-3-9-1-622+++Р-17-3-9-1-622),Р-17-3-9-1-622,Р17,3-9,1,622,opys-explicit
8bab00ee-d076-492e-a060-09789c03bdf8,ЦДНТА-(Р-17-3-9-1-584+++Р-17-3-9-1-584+++Р-17-3-9-1-584),Р-17-3-9-1-584,Р17,3-9,1,584,opys-explicit
83abebde-abaf-4c28-8653-39f1877f8113,ЦДНТА-(Р-17-3-9-2-671+++Р-17-3-9-2-671+++Р-17-3-9-2-671),Р-17-3-9-2-671,Р17,3-9,2,671,opys-explicit
c2f10635-7f82-43b7-8e49-b07e3b4d027f,ЦДНТА-(Р-17-3-9-1-626+++Р-17-3-9-1-626+++Р-17-3-9-1-626),Р-17-3-9-1-626,Р17,3-9,1,626,opys-explicit
62c4ac9a-686a-42fb-8738-0034e0e8113c,ЦДНТА-(Р-17-3-9-1-650+++Р-17-3-9-1-650+++Р-17-3-9-1-650),Р-17-3-9-1-650,Р17,3-9,1,650,opys-explicit
770121f5-4a4c-4920-a66d-704c642b836d,ЦДНТА-(Р-17-3-9-2-740+++Р-17-3-9-2-740+++Р-17-3-9-2-740),Р-17-3-9-2-740,Р17,3-9,2,740,opys-explicit
292aee1c-faf6-465e-96b7-ad0ee002730f,ЦДНТА-(Р-17-3-9-2-713+++Р-17-3-9-2-713+++Р-17-3-9-2-713),Р-17-3-9-2-713,Р17,3-9,2,713,opys-explicit
d8dba4f4-9dc6-459b-9fd5-9729e595ead2,ЦДНТА-(Р-17-3-9-2-705+++Р-17-3-9-2-705+++Р-17-3-9-2-705),Р-17-3-9-2-705,Р17,3-9,2,705,opys-explicit
3895d9e4-3af7-4235-b7f4-1bdb60720287,ЦДНТА-(Р-17-3-9-2-766+++Р-17-3-9-2-766+++Р-17-3-9-2-766),Р-17-3-9-2-766,Р17,3-9,2,766,opys-explicit
3e1e8e37-40f8-4673-96cf-7650184f3dfb,ЦДНТА-(Р-17-3-9-368+++Р-17-3-9-368+++Р-17-3-9-368),Р-17-3-9-368,Р17,3-9,1,368,range-lookup
18b5e46c-2edc-4a4c-af8f-dca7cced7002,ЦДНТА-(Р-17-3-9-386+++Р-17-3-9-386+++Р-17-3-9-386),Р-17-3-9-386,Р17,3-9,1,386,range-lookup
eabe6e5d-71a8-4066-870b-4a0ba9d72cef,ЦДНТА-(Р-17-3-9-392+++Р-17-3-9-392+++Р-17-3-9-392),Р-17-3-9-392,Р17,3-9,1,392,range-lookup
a80b782e-eef4-4d89-a7f9-3fbe3e7e864c,ЦДНТА-(Р-17-3-9-400+++Р-17-3-9-400+++Р-17-3-9-400),Р-17-3-9-400,Р17,3-9,1,400,range-lookup
30cf2ff3-101b-4d7e-b437-6af74936da7b,ЦДНТА-(Р-17-3-9-404+++Р-17-3-9-404+++Р-17-3-9-404),Р-17-3-9-404,Р17,3-9,1,404,range-lookup
65a4665c-3880-4575-afd4-5f8ce82028e5,ЦДНТА-(Р-17-3-9-417+++Р-17-3-9-417+++Р-17-3-9-417),Р-17-3-9-417,Р17,3-9,1,417,range-lookup
03f8217b-466a-4391-982e-a0f406511a1e,ЦДНТА-(Р-17-3-9-427+++Р-17-3-9-427+++Р-17-3-9-427),Р-17-3-9-427,Р17,3-9,1,427,range-lookup
096472c9-14c8-4dac-ae99-1429e775466c,ЦДНТА-(Р-17-3-9-428+++Р-17-3-9-428+++Р-17-3-9-428),Р-17-3-9-428,Р17,3-9,1,428,range-lookup
2ed03178-43e5-4dbc-b61c-8244e76185a5,ЦДНТА-(Р-17-3-9-433+++Р-17-3-9-433+++Р-17-3-9-433),Р-17-3-9-433,Р17,3-9,1,433,range-lookup
2cd7da9f-d7a8-4d16-9156-47867ab553b7,ЦДНТА-(Р-17-3-9-435+++Р-17-3-9-435+++Р-17-3-9-435),Р-17-3-9-435,Р17,3-9,1,435,range-lookup
2157a64e-8d4c-4ad3-9247-6ce8658e53f8,ЦДНТА-(Р-17-3-9-438+++Р-17-3-9-438+++Р-17-3-9-438),Р-17-3-9-438,Р17,3-9,1,438,range-lookup
8c097311-45d7-4503-9ba3-1eae125e59f5,ЦДНТА-(Р-17-3-9-460+++Р-17-3-9-460+++Р-17-3-9-460),Р-17-3-9-460,Р17,3-9,1,460,range-lookup
4068eab1-3329-4b2b-8a1f-d27b25b55493,ЦДНТА-(Р-17-3-9-466+++Р-17-3-9-466+++Р-17-3-9-466),Р-17-3-9-466,Р17,3-9,1,466,range-lookup
0087985b-26e3-4eab-898f-3d9d62645be3,ЦДНТА-(Р-17-3-9-4-1441+++Р-17-3-9-4-1441+++Р-17-3-9-4-1441),Р-17-3-9-4-1441,Р17,3-9,4,1441,opys-explicit
8417f36a-4d65-4ffd-81d0-d46df99be633,ЦДНТА-(Р-17-3-9-4-1438+++Р-17-3-9-4-1438+++Р-17-3-9-4-1438),Р-17-3-9-4-1438,Р17,3-9,4,1438,opys-explicit
789783b1-83b7-41f5-bd77-d7945112067d,ЦДНТА-(Р-17-3-9-4-1467+++Р-17-3-9-4-1467+++Р-17-3-9-4-1467),Р-17-3-9-4-1467,Р17,3-9,4,1467,opys-explicit
edfb24c5-401e-493c-8378-6ebcf70ea0e5,ЦДНТА-(Р-17-3-9-4-1469+++Р-17-3-9-4-1469+++Р-17-3-9-4-1469),Р-17-3-9-4-1469,Р17,3-9,4,1469,opys-explicit
b8b28ccb-f487-4b4e-b7f8-e3ae1ab0873b,ЦДНТА-(Р-17-3-9-4-1459+++Р-17-3-9-4-1459+++Р-17-3-9-4-1459),Р-17-3-9-4-1459,Р17,3-9,4,1459,opys-explicit
c09a8ad8-386b-46c1-b862-5a3ce2befa31,ЦДНТА-(Р-17-3-9-4-1468+++Р-17-3-9-4-1468+++Р-17-3-9-4-1468),Р-17-3-9-4-1468,Р17,3-9,4,1468,opys-explicit
39d77dce-1c07-4e1f-95a2-92d2af19d44f,ЦДНТА-(Р-17-3-9-4-1482+++Р-17-3-9-4-1482+++Р-17-3-9-4-1482),Р-17-3-9-4-1482,Р17,3-9,4,1482,opys-explicit
2c5d8c60-c55d-4b57-aded-95fcf31c8162,ЦДНТА-(Р-17-3-9-4-1487+++Р-17-3-9-4-1487+++Р-17-3-9-4-1487),Р-17-3-9-4-1487,Р17,3-9,4,1487,opys-explicit
a41e71da-6a5c-4100-91f3-8b4bfdeaf8eb,ЦДНТА-(Р-17-3-9-4-1489+++Р-17-3-9-4-1489+++Р-17-3-9-4-1489),Р-17-3-9-4-1489,Р17,3-9,4,1489,opys-explicit
fe20e871-0230-497f-98fb-c240382385bd,ЦДНТА-(Р-17-3-9-4-1503+++Р-17-3-9-4-1503+++Р-17-3-9-4-1503),Р-17-3-9-4-1503,Р17,3-9,4,1503,opys-explicit
f6696071-8604-45c6-9827-8dda66116285,ЦДНТА-(Р-17-3-9-4-1483+++Р-17-3-9-4-1483+++Р-17-3-9-4-1483),Р-17-3-9-4-1483,Р17,3-9,4,1483,opys-explicit
28ae66bc-947b-4e14-a54a-b85baac625ab,ЦДНТА-(Р-17-3-9-4-1496+++Р-17-3-9-4-1496+++Р-17-3-9-4-1496),Р-17-3-9-4-1496,Р17,3-9,4,1496,opys-explicit
0e6539e9-b638-45a7-a12a-01a3ed61501a,ЦДНТА-(Р-17-3-9-4-1514+++Р-17-3-9-4-1514+++Р-17-3-9-4-1514),Р-17-3-9-4-1514,Р17,3-9,4,1514,opys-explicit
5ddd2abe-135c-435c-ac39-4c10a1867d8e,ЦДНТА-(Р-17-3-9-4-1486+++Р-17-3-9-4-1486+++Р-17-3-9-4-1486),Р-17-3-9-4-1486,Р17,3-9,4,1486,opys-explicit
f19bed1c-0c2d-4719-a893-54977806f45a,ЦДНТА-(Р-17-3-9-4-1518+++Р-17-3-9-4-1518+++Р-17-3-9-4-1518),Р-17-3-9-4-1518,Р17,3-9,4,1518,opys-explicit
8286cdb6-0a56-41eb-8698-535ad6d09363,ЦДНТА-(Р-17-3-9-4-1544+++Р-17-3-9-4-1544+++Р-17-3-9-4-1544),Р-17-3-9-4-1544,Р17,3-9,4,1544,opys-explicit
cf944aba-a6a0-4b5c-83ef-e7e662a8e7a9,ЦДНТА-(Р-17-3-9-4-1517+++Р-17-3-9-4-1517+++Р-17-3-9-4-1517),Р-17-3-9-4-1517,Р17,3-9,4,1517,opys-explicit
319f10a2-3b1f-457e-a965-0d51eb871d3b,ЦДНТА-(Р-17-3-9-4-1540+++Р-17-3-9-4-1540+++Р-17-3-9-4-1540),Р-17-3-9-4-1540,Р17,3-9,4,1540,opys-explicit
0348d29c-d950-48b2-9d97-0616a80e633a,ЦДНТА-(Р-17-3-9-4-1539+++Р-17-3-9-4-1539+++Р-17-3-9-4-1539),Р-17-3-9-4-1539,Р17,3-9,4,1539,opys-explicit
9722a0b5-390e-4252-a8e7-37b0b48df9c6,ЦДНТА-(Р-17-3-9-4-1538+++Р-17-3-9-4-1538+++Р-17-3-9-4-1538),Р-17-3-9-4-1538,Р17,3-9,4,1538,opys-explicit
6d3ea654-6406-4ca4-9f8a-e832c8c4e5f3,ЦДНТА-(Р-17-3-9-4-1566+++Р-17-3-9-4-1566+++Р-17-3-9-4-1566),Р-17-3-9-4-1566,Р17,3-9,4,1566,opys-explicit
c09e5043-3082-4c8d-9b4a-e40fa71e39c2,ЦДНТА-(Р-17-3-9-4-1565+++Р-17-3-9-4-1565+++Р-17-3-9-4-1565),Р-17-3-9-4-1565,Р17,3-9,4,1565,opys-explicit
96cb34be-5309-4eee-8075-95c8638212b4,ЦДНТА-(Р-17-3-9-4-1561+++Р-17-3-9-4-1561+++Р-17-3-9-4-1561),Р-17-3-9-4-1561,Р17,3-9,4,1561,opys-explicit
73c7f441-2bfe-439c-b59a-6f8854d53f04,ЦДНТА-(Р-17-3-9-4-1553+++Р-17-3-9-4-1553+++Р-17-3-9-4-1553),Р-17-3-9-4-1553,Р17,3-9,4,1553,opys-explicit
8bbfa8ec-b062-426b-9271-670630ae7705,ЦДНТА-(Р-17-3-9-4-1570+++Р-17-3-9-4-1570+++Р-17-3-9-4-1570),Р-17-3-9-4-1570,Р17,3-9,4,1570,opys-explicit
c7ded40a-2d88-4801-870e-22eee26ea41c,ЦДНТА-(Р-17-3-9-4-1563+++Р-17-3-9-4-1563+++Р-17-3-9-4-1563),Р-17-3-9-4-1563,Р17,3-9,4,1563,opys-explicit
a285859e-93fe-4305-8820-19a74897cbcb,ЦДНТА-(Р-17-3-9-4-1551+++Р-17-3-9-4-1551+++Р-17-3-9-4-1551),Р-17-3-9-4-1551,Р17,3-9,4,1551,opys-explicit
7772c241-9348-4a3d-af57-bb7901aad301,ЦДНТА-(Р-17-3-9-4-1567+++Р-17-3-9-4-1567+++Р-17-3-9-4-1567),Р-17-3-9-4-1567,Р17,3-9,4,1567,opys-explicit
28c6679f-c998-4774-8016-5d6640890923,ЦДНТА-(Р-17-3-9-4-1583+++Р-17-3-9-4-1583+++Р-17-3-9-4-1583),Р-17-3-9-4-1583,Р17,3-9,4,1583,opys-explicit
0caf93ba-b4de-433d-8cbc-f61828d50b63,ЦДНТА-(Р-17-3-9-4-1606+++Р-17-3-9-4-1606+++Р-17-3-9-4-1606),Р-17-3-9-4-1606,Р17,3-9,4,1606,opys-explicit
a22899c7-fb06-4007-a5ec-ea965f140925,ЦДНТА-(Р-107-3-36-5-1751+++Р-107-3-36-5-1751+++Р-107-3-36-5-1751),Р-107-3-36-5-1751,Р107,3-36,5,1751,opys-explicit
7aad1fe2-fa9c-41ef-a4b3-bfbf4dedf5e9,ЦДНТА-(Р-107-3-36-5-1808+++Р-107-3-36-5-1808+++Р-107-3-36-5-1808),Р-107-3-36-5-1808,Р107,3-36,5,1808,opys-explicit
7029f5d1-cbf1-41a5-895e-72d60fcabb72,ЦДНТА-(Р-107-3-36-5-1749+++Р-107-3-36-5-1749+++Р-107-3-36-5-1749),Р-107-3-36-5-1749,Р107,3-36,5,1749,opys-explicit
f01fdb55-be6d-44a8-939b-d722bab029e5,ЦДНТА-(Р-107-3-36-5-1764+++Р-107-3-36-5-1764+++Р-107-3-36-5-1764),Р-107-3-36-5-1764,Р107,3-36,5,1764,opys-explicit
29d39ba0-2223-469b-93ef-45a261314880,ЦДНТА-(Р-107-3-36-5-1829+++Р-107-3-36-5-1829+++Р-107-3-36-5-1829),Р-107-3-36-5-1829,Р107,3-36,5,1829,opys-explicit
c51385ab-26cb-4fab-bab6-828f53825564,ЦДНТА-(Р-107-3-36-5-1755+++Р-107-3-36-5-1755+++Р-107-3-36-5-1755),Р-107-3-36-5-1755,Р107,3-36,5,1755,opys-explicit
1a8da796-a758-40b5-84eb-ed1d243d0728,ЦДНТА-(Р-107-3-36-5-1782+++Р-107-3-36-5-1782+++Р-107-3-36-5-1782),Р-107-3-36-5-1782,Р107,3-36,5,1782,opys-explicit
f87c438d-1850-46f1-bcb0-1b97161ea707,ЦДНТА-(Р-107-3-36-5-1826+++Р-107-3-36-5-1826+++Р-107-3-36-5-1826),Р-107-3-36-5-1826,Р107,3-36,5,1826,opys-explicit
a128ffab-64bc-4553-a645-20eadae34a82,ЦДНТА-(Р-107-3-36-5-1772+++Р-107-3-36-5-1772+++Р-107-3-36-5-1772),Р-107-3-36-5-1772,Р107,3-36,5,1772,opys-explicit
c75c3b2a-e5ab-4b8b-8b2c-ae9f21e69c31,ЦДНТА-(Р-107-3-36-5-1788+++Р-107-3-36-5-1788+++Р-107-3-36-5-1788),Р-107-3-36-5-1788,Р107,3-36,5,1788,opys-explicit
5e348c40-0630-4be6-82f6-d6d537af7d35,ЦДНТА-(Р-107-3-36-5-1801+++Р-107-3-36-5-1801+++Р-107-3-36-5-1801),Р-107-3-36-5-1801,Р107,3-36,5,1801,opys-explicit
8a3960c1-a836-4eb9-96cb-5de70aa736af,ЦДНТА-(Р-107-3-36-5-1799+++Р-107-3-36-5-1799+++Р-107-3-36-5-1799),Р-107-3-36-5-1799,Р107,3-36,5,1799,opys-explicit
97416570-c327-4624-8dc1-384a73f4d41b,ЦДНТА-(Р-107-3-36-5-1837+++Р-107-3-36-5-1837+++Р-107-3-36-5-1837),Р-107-3-36-5-1837,Р107,3-36,5,1837,opys-explicit
3b0a9874-ba6b-43d2-bfcb-189330cc85bc,ЦДНТА-(Р-107-3-36-5-1802+++Р-107-3-36-5-1802+++Р-107-3-36-5-1802),Р-107-3-36-5-1802,Р107,3-36,5,1802,opys-explicit
62dc1533-45ae-4f82-9dbf-eb4346bb7b40,ЦДНТА-(Р-107-3-36-5-1841+++Р-107-3-36-5-1841+++Р-107-3-36-5-1841),Р-107-3-36-5-1841,Р107,3-36,5,1841,opys-explicit
26f6ba7e-2a64-4d7b-bb7e-8151e9b9d61f,ЦДНТА-(Р-107-3-36-5-1797+++Р-107-3-36-5-1797+++Р-107-3-36-5-1797),Р-107-3-36-5-1797,Р107,3-36,5,1797,opys-explicit
33682a53-863e-49bf-8816-13e75dea7309,ЦДНТА-(Р-107-3-36-5-1855+++Р-107-3-36-5-1855+++Р-107-3-36-5-1855),Р-107-3-36-5-1855,Р107,3-36,5,1855,opys-explicit
29131e85-2871-4078-9b72-41781c81f677,ЦДНТА-(Р-107-3-36-5-1827+++Р-107-3-36-5-1827+++Р-107-3-36-5-1827),Р-107-3-36-5-1827,Р107,3-36,5,1827,opys-explicit
fe42df3d-37de-4728-ac11-2b4420a860fe,ЦДНТА-(Р-107-3-36-6-1881+++Р-107-3-36-6-1881+++Р-107-3-36-6-1881),Р-107-3-36-6-1881,Р107,3-36,6,1881,opys-explicit
787a28e5-40df-41db-8c7b-3d895fcf0664,ЦДНТА-(Р-107-3-36-5-1815+++Р-107-3-36-5-1815+++Р-107-3-36-5-1815),Р-107-3-36-5-1815,Р107,3-36,5,1815,opys-explicit
d06d4649-61bd-4c27-9595-96deb24388dc,ЦДНТА-(Р-107-3-36-5-1845+++Р-107-3-36-5-1845+++Р-107-3-36-5-1845),Р-107-3-36-5-1845,Р107,3-36,5,1845,opys-explicit
b26c9d27-9ef4-4855-a6e4-30d679651351,ЦДНТА-(Р-107-3-36-6-1901+++Р-107-3-36-6-1901+++Р-107-3-36-6-1901),Р-107-3-36-6-1901,Р107,3-36,6,1901,opys-explicit
15a0de69-2686-48d3-b8d5-fa1aea9425b2,ЦДНТА-(Р-107-3-36-6-2097+++Р-107-3-36-6-2097+++Р-107-3-36-6-2097),Р-107-3-36-6-2097,Р107,3-36,6,2097,opys-explicit
03300514-6130-469a-aa37-dc00176a72ef,ЦДНТА-(Р-107-3-36-6-2088+++Р-107-3-36-6-2088+++Р-107-3-36-6-2088),Р-107-3-36-6-2088,Р107,3-36,6,2088,opys-explicit
63db79f5-a1ff-4055-bd4f-1fd03941831c,ЦДНТА-(Р-107-3-36-6-2138+++Р-107-3-36-6-2138+++Р-107-3-36-6-2138),Р-107-3-36-6-2138,Р107,3-36,6,2138,opys-explicit
acd20588-c903-459c-9d7e-601ffafba146,ЦДНТА-(Р-107-3-36-6-2142+++Р-107-3-36-6-2142+++Р-107-3-36-6-2142),Р-107-3-36-6-2142,Р107,3-36,6,2142,opys-explicit
79224c51-206a-4e6a-ba9f-f6a12fdd71d8,ЦДНТА-(Р-107-3-36-6-2146+++Р-107-3-36-6-2146+++Р-107-3-36-6-2146),Р-107-3-36-6-2146,Р107,3-36,6,2146,opys-explicit
c917e40b-6803-4364-9fcc-8ff3731d6605,ЦДНТА-(Р-107-3-36-6-2162+++Р-107-3-36-6-2162+++Р-107-3-36-6-2162),Р-107-3-36-6-2162,Р107,3-36,6,2162,opys-explicit
29052b76-d9bb-47e4-a8b5-b54f08edb0b4,ЦДНТА-(Р-107-3-36-6-2153+++Р-107-3-36-6-2153+++Р-107-3-36-6-2153),Р-107-3-36-6-2153,Р107,3-36,6,2153,opys-explicit
853190c3-45f4-45ca-bd4d-20e3b34dff10,ЦДНТА-(Р-78-3-22-2-388+++Р-78-3-22-2-388+++Р-78-3-22-2-388),Р-78-3-22-2-388,Р78,3-22,2Д,388,opys-explicit
f4578ec2-01b8-4ce5-9b21-ccac082d47c0,ЦДНТА-(Р-78-3-22-2-391+++Р-78-3-22-2-391+++Р-78-3-22-2-391),Р-78-3-22-2-391,Р78,3-22,2Д,391,opys-explicit
ff4e93eb-8da7-4b02-a3f7-96c15b67be25,ЦДНТА-(Р-78-3-22-2-409+++Р-78-3-22-2-409+++Р-78-3-22-2-409),Р-78-3-22-2-409,Р78,3-22,2Д,409,opys-explicit
4b88d0fd-ca09-4312-81c7-6ec8295cee88,ЦДНТА-(Р-78-3-22-2-380+++Р-78-3-22-2-380+++Р-78-3-22-2-380),Р-78-3-22-2-380,Р78,3-22,2Д,380,opys-explicit
40140707-463d-4b9a-82c5-a831a7c42dfb,ЦДНТА-(Р-78-3-22-2-414+++Р-78-3-22-2-414+++Р-78-3-22-2-414),Р-78-3-22-2-414,Р78,3-22,2Д,414,opys-explicit
30f889d8-a526-4d87-a545-bbbeb652e98b,ЦДНТА-(Р-78-3-22-2-419+++Р-78-3-22-2-419+++Р-78-3-22-2-419),Р-78-3-22-2-419,Р78,3-22,2Д,419,opys-explicit
8fb07ac2-f780-466b-90a4-779a50ff3e86,ЦДНТА-(Р-78-3-22-2-403+++Р-78-3-22-2-403+++Р-78-3-22-2-403),Р-78-3-22-2-403,Р78,3-22,2Д,403,opys-explicit
6b212e22-7ef6-4afb-92cf-47a39602ce78,ЦДНТА-(Р-78-3-22-2-416+++Р-78-3-22-2-416+++Р-78-3-22-2-416),Р-78-3-22-2-416,Р78,3-22,2Д,416,opys-explicit
737d67f4-cfd8-400c-9850-046a055af9eb,ЦДНТА-(Р-78-3-22-2-415+++Р-78-3-22-2-415+++Р-78-3-22-2-415),Р-78-3-22-2-415,Р78,3-22,2Д,415,opys-explicit
f734c050-37e3-4db6-a37b-0fac60d70a7a,ЦДНТА-(Р-78-3-22-2-438+++Р-78-3-22-2-438+++Р-78-3-22-2-438),Р-78-3-22-2-438,Р78,3-22,2Д,438,opys-explicit
b096bfe1-38cd-4e99-81e0-eedc036e22b9,ЦДНТА-(Р-78-3-22-2-433+++Р-78-3-22-2-433+++Р-78-3-22-2-433),Р-78-3-22-2-433,Р78,3-22,2Д,433,opys-explicit
6fd7aa45-6c2a-4903-a689-63f8b16f2a34,ЦДНТА-(Р-78-3-22-2-425+++Р-78-3-22-2-425+++Р-78-3-22-2-425),Р-78-3-22-2-425,Р78,3-22,2Д,425,opys-explicit
d250a7fb-e33b-4505-b4c5-1406f50f8886,ЦДНТА-(Р-78-3-22-2-422+++Р-78-3-22-2-422+++Р-78-3-22-2-422),Р-78-3-22-2-422,Р78,3-22,2Д,422,opys-explicit
941fba4f-dcd3-4d02-b5fc-66be7d9424f4,ЦДНТА-(Р-78-3-22-2-444+++Р-78-3-22-2-444+++Р-78-3-22-2-444),Р-78-3-22-2-444,Р78,3-22,2Д,444,opys-explicit
8f71d7bd-cc6e-4bd1-b3bf-5c30dacfa78f,ЦДНТА-(Р-78-3-22-2-445+++Р-78-3-22-2-445+++Р-78-3-22-2-445),Р-78-3-22-2-445,Р78,3-22,2Д,445,opys-explicit
03e77714-82e5-49f5-bca7-4eac676c3f5e,ЦДНТА-(Р-78-3-22-2-463+++Р-78-3-22-2-463+++Р-78-3-22-2-463),Р-78-3-22-2-463,Р78,3-22,2Д,463,opys-explicit
c27e64a0-b429-4b5c-87d8-ef7ca53840d1,ЦДНТА-(Р-78-3-22-2-470+++Р-78-3-22-2-470+++Р-78-3-22-2-470),Р-78-3-22-2-470,Р78,3-22,2Д,470,opys-explicit
f24656ea-e071-430e-a9b7-0b575e8a5a50,ЦДНТА-(Р-78-3-22-2-479+++Р-78-3-22-2-479+++Р-78-3-22-2-479),Р-78-3-22-2-479,Р78,3-22,2Д,479,opys-explicit
5588b087-ecbf-4a9a-9e2a-a932f7a9561b,ЦДНТА-(Р-78-3-22-2-469+++Р-78-3-22-2-469+++Р-78-3-22-2-469),Р-78-3-22-2-469,Р78,3-22,2Д,469,opys-explicit
288712da-2402-45a5-bf2b-b0726ac09d9e,ЦДНТА-(Р-78-3-22-2-491+++Р-78-3-22-2-491+++Р-78-3-22-2-491),Р-78-3-22-2-491,Р78,3-22,2Д,491,opys-explicit
442cacdf-6993-42e3-83d5-04713f92740a,ЦДНТА-(Р-78-3-22-2-506+++Р-78-3-22-2-506+++Р-78-3-22-2-506),Р-78-3-22-2-506,Р78,3-22,2Д,506,opys-explicit
08aedcc4-1038-4f5c-b3d4-41ba96e98f48,ЦДНТА-(Р-78-3-22-2-488+++Р-78-3-22-2-488+++Р-78-3-22-2-488),Р-78-3-22-2-488,Р78,3-22,2Д,488,opys-explicit
ec7515d8-5764-4e06-8326-7454d8372090,ЦДНТА-(Р-78-3-22-2-499+++Р-78-3-22-2-499+++Р-78-3-22-2-499),Р-78-3-22-2-499,Р78,3-22,2Д,499,opys-explicit
138762b3-970e-47a3-b7ce-8841c0f880ca,ЦДНТА-(Р-78-3-22-2-495+++Р-78-3-22-2-495+++Р-78-3-22-2-495),Р-78-3-22-2-495,Р78,3-22,2Д,495,opys-explicit
1cefeed7-21f8-4d8c-97de-e3e620065d97,ЦДНТА-(Р-78-3-22-2-496+++Р-78-3-22-2-496+++Р-78-3-22-2-496),Р-78-3-22-2-496,Р78,3-22,2Д,496,opys-explicit
50a77eb2-8e42-458d-b43c-c5424093ead6,ЦДНТА-(Р-78-3-22-2-511+++Р-78-3-22-2-511+++Р-78-3-22-2-511),Р-78-3-22-2-511,Р78,3-22,2Д,511,opys-explicit
f1b573ae-f890-4af9-a16a-c36acd16349a,ЦДНТА-(Р-78-3-22-2-539+++Р-78-3-22-2-539+++Р-78-3-22-2-539),Р-78-3-22-2-539,Р78,3-22,2Д,539,opys-explicit
a357f531-ae1f-4223-a78b-f8de8ea4f940,ЦДНТА-(Р-78-3-22-2-508+++Р-78-3-22-2-508+++Р-78-3-22-2-508),Р-78-3-22-2-508,Р78,3-22,2Д,508,opys-explicit
e47e7ad7-3ac2-4455-885d-fbadf7503f22,ЦДНТА-(Р-78-3-22-2-526+++Р-78-3-22-2-526+++Р-78-3-22-2-526),Р-78-3-22-2-526,Р78,3-22,2Д,526,opys-explicit
4b9e6bd2-4bf5-4af4-a210-d74d2776f553,ЦДНТА-(Р-78-3-22-2-549+++Р-78-3-22-2-549+++Р-78-3-22-2-549),Р-78-3-22-2-549,Р78,3-22,2Д,549,opys-explicit
7023f297-7a20-4bd7-9a2b-6082396d51f6,ЦДНТА-(Р-17-3-9-4-1590+++Р-17-3-9-4-1590+++Р-17-3-9-4-1590),Р-17-3-9-4-1590,Р17,3-9,4,1590,opys-explicit
214b1eec-b36c-4144-a97e-2760b1531899,ЦДНТА-(Р-17-3-9-4-1598+++Р-17-3-9-4-1598+++Р-17-3-9-4-1598),Р-17-3-9-4-1598,Р17,3-9,4,1598,opys-explicit
4f156dbc-30ff-4e04-a4b5-a0d3b4eeb65f,ЦДНТА-(Р-17-3-9-4-1599+++Р-17-3-9-4-1599+++Р-17-3-9-4-1599),Р-17-3-9-4-1599,Р17,3-9,4,1599,opys-explicit
702eab8f-1a9b-4cd0-bf3e-39b1d0bc5634,ЦДНТА-(Р-17-3-9-4-1611+++Р-17-3-9-4-1611+++Р-17-3-9-4-1611),Р-17-3-9-4-1611,Р17,3-9,4,1611,opys-explicit
c5cf6138-2cb8-44ec-b9a8-0b8784a37a9d,ЦДНТА-(Р-17-3-9-4-1621+++Р-17-3-9-4-1621+++Р-17-3-9-4-1621),Р-17-3-9-4-1621,Р17,3-9,4,1621,opys-explicit
d8f87620-3abb-4f6c-9df3-42e36f4244df,ЦДНТА-(Р-17-3-9-4-1634+++Р-17-3-9-4-1634+++Р-17-3-9-4-1634),Р-17-3-9-4-1634,Р17,3-9,4,1634,opys-explicit
e24f1ac6-9afa-4089-a6ae-724d2c563367,ЦДНТА-(Р-17-3-9-4-1632+++Р-17-3-9-4-1632+++Р-17-3-9-4-1632),Р-17-3-9-4-1632,Р17,3-9,4,1632,opys-explicit
a1b5853c-8520-48da-8f0d-f4ac4fab68a2,ЦДНТА-(Р-17-3-9-4-1619+++Р-17-3-9-4-1619+++Р-17-3-9-4-1619),Р-17-3-9-4-1619,Р17,3-9,4,1619,opys-explicit
a3bd66f5-bfa3-4207-80a2-2a37b11ab167,ЦДНТА-(Р-78-3-22-2-530+++Р-78-3-22-2-530+++Р-78-3-22-2-530),Р-78-3-22-2-530,Р78,3-22,2Д,530,opys-explicit
28fcc1b1-2f1b-4150-a045-9ae31e976d9a,ЦДНТА-(Р-78-3-22-2-567+++Р-78-3-22-2-567+++Р-78-3-22-2-567),Р-78-3-22-2-567,Р78,3-22,2Д,567,opys-explicit
8988d273-dba4-46f9-b41f-7a7713067970,ЦДНТА-(Р-78-3-22-2-538+++Р-78-3-22-2-538+++Р-78-3-22-2-538),Р-78-3-22-2-538,Р78,3-22,2Д,538,opys-explicit
3af746e7-9fab-434d-b082-f4054f1de3df,ЦДНТА-(Р-78-3-22-2-559+++Р-78-3-22-2-559+++Р-78-3-22-2-559),Р-78-3-22-2-559,Р78,3-22,2Д,559,opys-explicit
140daaed-211a-4316-af77-e61069c25462,ЦДНТА-(Р-78-3-22-2-558+++Р-78-3-22-2-558+++Р-78-3-22-2-558),Р-78-3-22-2-558,Р78,3-22,2Д,558,opys-explicit
3e3729fd-96dc-43f9-b622-c779860065d0,ЦДНТА-(Р-78-3-22-2-571+++Р-78-3-22-2-571+++Р-78-3-22-2-571),Р-78-3-22-2-571,Р78,3-22,2Д,571,opys-explicit
cbacca94-35ac-4172-a6d5-64ee866142a3,ЦДНТА-(Р-78-3-22-2-566+++Р-78-3-22-2-566+++Р-78-3-22-2-566),Р-78-3-22-2-566,Р78,3-22,2Д,566,opys-explicit
6a6b3444-2fc5-4b09-8a2b-c968f55599d6,ЦДНТА-(Р-78-3-22-2-570+++Р-78-3-22-2-570+++Р-78-3-22-2-570),Р-78-3-22-2-570,Р78,3-22,2Д,570,opys-explicit
6b03695f-79b2-44e1-a424-9094760bcfa9,ЦДНТА-(Р-78-3-22-2-582+++Р-78-3-22-2-582+++Р-78-3-22-2-582),Р-78-3-22-2-582,Р78,3-22,2Д,582,opys-explicit
300866c3-a8d8-416a-a9b8-06ff2208fbf0,ЦДНТА-(Р-78-3-22-2-581+++Р-78-3-22-2-581+++Р-78-3-22-2-581),Р-78-3-22-2-581,Р78,3-22,2Д,581,opys-explicit
852e791c-bc7c-41f2-b55d-1128dafe1560,ЦДНТА-(Р-78-3-22-2-592+++Р-78-3-22-2-592+++Р-78-3-22-2-592),Р-78-3-22-2-592,Р78,3-22,2Д,592,opys-explicit
80ae3265-e1b8-46a8-9423-8c4a13778ab0,ЦДНТА-(Р-78-3-22-2-588+++Р-78-3-22-2-588+++Р-78-3-22-2-588),Р-78-3-22-2-588,Р78,3-22,2Д,588,opys-explicit
68dd27fd-43f1-497b-af33-606b0bb1ae03,ЦДНТА-(Р-78-3-22-2-580+++Р-78-3-22-2-580+++Р-78-3-22-2-580),Р-78-3-22-2-580,Р78,3-22,2Д,580,opys-explicit
7b37fec6-0d37-4d06-8fdb-b9f0626723cd,ЦДНТА-(Р-78-3-22-2-606+++Р-78-3-22-2-606+++Р-78-3-22-2-606),Р-78-3-22-2-606,Р78,3-22,2Д,606,opys-explicit
bd573479-185e-4097-88aa-7945231b4d3a,ЦДНТА-(Р-78-3-22-2-586+++Р-78-3-22-2-586+++Р-78-3-22-2-586),Р-78-3-22-2-586,Р78,3-22,2Д,586,opys-explicit
d3d6aae5-6734-4a7c-8cc1-b5ebe934e28a,ЦДНТА-(Р-78-3-22-2-596+++Р-78-3-22-2-596+++Р-78-3-22-2-596),Р-78-3-22-2-596,Р78,3-22,2Д,596,opys-explicit
788fb601-3578-498f-af77-83696625b45d,ЦДНТА-(Р-78-3-22-2-591+++Р-78-3-22-2-591+++Р-78-3-22-2-591),Р-78-3-22-2-591,Р78,3-22,2Д,591,opys-explicit
e25dec7a-71c3-483a-87a9-888614544caa,ЦДНТА-(Р-78-3-22-2-602+++Р-78-3-22-2-602+++Р-78-3-22-2-602),Р-78-3-22-2-602,Р78,3-22,2Д,602,opys-explicit
4c91e0a9-14cd-4ed4-a85c-0a322f3c98cc,ЦДНТА-(Р-78-3-22-2-598+++Р-78-3-22-2-598+++Р-78-3-22-2-598),Р-78-3-22-2-598,Р78,3-22,2Д,598,opys-explicit
cecc45e6-2bb3-4869-9ea0-6c57a6f0587b,ЦДНТА-(Р-78-3-22-2-617+++Р-78-3-22-2-617+++Р-78-3-22-2-617),Р-78-3-22-2-617,Р78,3-22,2Д,617,opys-explicit
a62a7ccb-56da-4f68-8f45-8bf3a5261564,ЦДНТА-(Р-78-3-22-2-611+++Р-78-3-22-2-611+++Р-78-3-22-2-611),Р-78-3-22-2-611,Р78,3-22,2Д,611,opys-explicit
423c31d6-c3ac-4148-a102-858b988f2cee,ЦДНТА-(Р-78-3-22-2-625+++Р-78-3-22-2-625+++Р-78-3-22-2-625),Р-78-3-22-2-625,Р78,3-22,2Д,625,opys-explicit
cea604f3-79bc-401d-9719-7d21faec3292,ЦДНТА-(Р-78-3-22-2-630+++Р-78-3-22-2-630+++Р-78-3-22-2-630),Р-78-3-22-2-630,Р78,3-22,2Д,630,opys-explicit
65a9d700-e1af-4016-a570-e1c4e4f9104e,ЦДНТА-(Р-78-3-22-2-628+++Р-78-3-22-2-628+++Р-78-3-22-2-628),Р-78-3-22-2-628,Р78,3-22,2Д,628,opys-explicit
0689b4cb-8a17-48d8-91e1-2c920a05b054,ЦДНТА-(Р-78-3-22-2-633+++Р-78-3-22-2-633+++Р-78-3-22-2-633),Р-78-3-22-2-633,Р78,3-22,2Д,633,opys-explicit
1bfeb22b-0d7a-4f98-8940-91d370359f62,ЦДНТА-(Р-78-3-22-2-631+++Р-78-3-22-2-631+++Р-78-3-22-2-631),Р-78-3-22-2-631,Р78,3-22,2Д,631,opys-explicit
1a9798dc-5aed-4cb0-bc6b-4240eb7cee38,ЦДНТА-(Р-78-3-22-2-626+++Р-78-3-22-2-626+++Р-78-3-22-2-626),Р-78-3-22-2-626,Р78,3-22,2Д,626,opys-explicit
9923e84d-c841-4ddf-ba26-22f3319dbbb7,ЦДНТА-(Р-78-3-22-2-627+++Р-78-3-22-2-627+++Р-78-3-22-2-627),Р-78-3-22-2-627,Р78,3-22,2Д,627,opys-explicit
83da50f2-1c5f-4761-bf38-7078ff7d3182,ЦДНТА-(Р-78-3-22-2-646+++Р-78-3-22-2-646+++Р-78-3-22-2-646),Р-78-3-22-2-646,Р78,3-22,2Д,646,opys-explicit
063d7586-5429-4b0a-b83d-b1ade982ba85,ЦДНТА-(Р-17-3-9-468+++Р-17-3-9-468+++Р-17-3-9-468),Р-17-3-9-468,Р17,3-9,1,468,range-lookup
f70dca84-d410-43c5-96e1-55ef2351b319,ЦДНТА-(Р-17-3-9-470+++Р-17-3-9-470+++Р-17-3-9-470),Р-17-3-9-470,Р17,3-9,1,470,range-lookup
f67f68b6-7fef-45ab-ad77-693328990ab2,ЦДНТА-(Р-17-3-9-503+++Р-17-3-9-503+++Р-17-3-9-503),Р-17-3-9-503,Р17,3-9,1,503,range-lookup
bf816f19-d9cc-456e-a0fe-e264fe0cc982,ЦДНТА-(Р-17-3-9-511+++Р-17-3-9-511+++Р-17-3-9-511),Р-17-3-9-511,Р17,3-9,1,511,range-lookup
d4bb36ff-2c4a-4454-86e7-434242aab371,ЦДНТА-(Р-17-3-9-541+++Р-17-3-9-541+++Р-17-3-9-541),Р-17-3-9-541,Р17,3-9,1,541,range-lookup
ccf99e96-2ed1-4662-990e-4281d8d27893,ЦДНТА-(Р-17-3-9-547+++Р-17-3-9-547+++Р-17-3-9-547),Р-17-3-9-547,Р17,3-9,1,547,range-lookup
9c1add27-e7bf-4906-a52d-d30c888e774e,ЦДНТА-(Р-17-3-9-561+++Р-17-3-9-561+++Р-17-3-9-561),Р-17-3-9-561,Р17,3-9,1,561,range-lookup
6a8dacb4-790c-42bc-a575-1bfcfd83ca0b,ЦДНТА-(Р-17-3-9-572+++Р-17-3-9-572+++Р-17-3-9-572),Р-17-3-9-572,Р17,3-9,1,572,range-lookup
1bc1b3dd-6146-4b6a-a43f-f5699890688e,ЦДНТА-(Р-17-3-9-581+++Р-17-3-9-581+++Р-17-3-9-581),Р-17-3-9-581,Р17,3-9,1,581,range-lookup
f0413231-cc43-4927-90d0-85a736d6046b,ЦДНТА-(Р-17-3-9-583+++Р-17-3-9-583+++Р-17-3-9-583),Р-17-3-9-583,Р17,3-9,1,583,range-lookup
6b08e5de-6824-42fa-a46f-598402b01f32,ЦДНТА-(Р-17-3-9-587+++Р-17-3-9-587+++Р-17-3-9-587),Р-17-3-9-587,Р17,3-9,1,587,range-lookup
257e2089-83ab-4cda-a089-c8fc3ac804ff,ЦДНТА-(Р-17-3-9-605+++Р-17-3-9-605+++Р-17-3-9-605),Р-17-3-9-605,Р17,3-9,1,605,range-lookup
2dd60a91-4dba-469f-a7e3-b30282bdb552,ЦДНТА-(Р-17-3-9-625+++Р-17-3-9-625+++Р-17-3-9-625),Р-17-3-9-625,Р17,3-9,1,625,range-lookup
8fc192ba-eb43-4f32-bbb7-7bb273c3a50d,ЦДНТА-(Р-17-3-9-636+++Р-17-3-9-636+++Р-17-3-9-636),Р-17-3-9-636,Р17,3-9,1,636,range-lookup
e036f4d1-c322-4a3b-98a3-1124d1dc40fb,ЦДНТА-(Р-17-3-9-3-914+++Р-17-3-9-3-914+++Р-17-3-9-3-914),Р-17-3-9-3-914,Р17,3-9,3,914,opys-explicit
48b4fa92-0184-4d36-81bb-384f6d9127ee,ЦДНТА-(Р-17-3-9-3-1164+++Р-17-3-9-3-1164+++Р-17-3-9-3-1164),Р-17-3-9-3-1164,Р17,3-9,3,1164,opys-explicit
cdc14403-eee0-4f71-91b0-e30536ccf002,ЦДНТА-(Р-17-3-9-3-1167+++Р-17-3-9-3-1167+++Р-17-3-9-3-1167),Р-17-3-9-3-1167,Р17,3-9,3,1167,opys-explicit
b4bb0dd2-38a3-4902-b0f0-de2e60be3e01,ЦДНТА-(Р-17-3-9-3-1168+++Р-17-3-9-3-1168+++Р-17-3-9-3-1168),Р-17-3-9-3-1168,Р17,3-9,3,1168,opys-explicit
9802e717-7047-4302-b243-43e6d34f4d7d,ЦДНТА-(Р-17-3-9-3-927+++Р-17-3-9-3-927+++Р-17-3-9-3-927),Р-17-3-9-3-927,Р17,3-9,3,927,opys-explicit
f1e2b4c9-968f-4d45-aeeb-557474ffe469,ЦДНТА-(Р-17-3-9-3-937+++Р-17-3-9-3-937+++Р-17-3-9-3-937),Р-17-3-9-3-937,Р17,3-9,3,937,opys-explicit
e1312571-77db-47c7-a0ea-eb4380b38653,ЦДНТА-(Р-17-3-9-3-1188+++Р-17-3-9-3-1188+++Р-17-3-9-3-1188),Р-17-3-9-3-1188,Р17,3-9,3,1188,opys-explicit
7ee574c9-666b-41a2-ac39-393ebd5e09d0,ЦДНТА-(Р-17-3-9-3-955+++Р-17-3-9-3-955+++Р-17-3-9-3-955),Р-17-3-9-3-955,Р17,3-9,3,955,opys-explicit
dc01ce82-1d8d-47fc-bdc8-23f9fa66aeed,ЦДНТА-(Р-17-3-9-3-965+++Р-17-3-9-3-965+++Р-17-3-9-3-965),Р-17-3-9-3-965,Р17,3-9,3,965,opys-explicit
69a263a2-4566-4cb3-b0e1-7b6670127722,ЦДНТА-(Р-17-3-9-3-969+++Р-17-3-9-3-969+++Р-17-3-9-3-969),Р-17-3-9-3-969,Р17,3-9,3,969,opys-explicit
628c5353-7679-4d63-b02c-87c2444fc15a,ЦДНТА-(Р-17-3-9-3-982+++Р-17-3-9-3-982+++Р-17-3-9-3-982),Р-17-3-9-3-982,Р17,3-9,3,982,opys-explicit
f1f1c7d5-0092-420e-8f97-16a0e44187f3,ЦДНТА-(Р-17-3-9-3-1008+++Р-17-3-9-3-1008+++Р-17-3-9-3-1008),Р-17-3-9-3-1008,Р17,3-9,3,1008,opys-explicit
605b2b6d-3e18-451b-a640-d6bd6177ff2b,ЦДНТА-(Р-17-3-9-3-1001+++Р-17-3-9-3-1001+++Р-17-3-9-3-1001),Р-17-3-9-3-1001,Р17,3-9,3,1001,opys-explicit
2ad3ba40-640c-4b4d-bc65-321e699902a6,ЦДНТА-(Р-17-3-9-3-1015+++Р-17-3-9-3-1015+++Р-17-3-9-3-1015),Р-17-3-9-3-1015,Р17,3-9,3,1015,opys-explicit
b2d1bbb8-0241-460b-8384-5bf675192bde,ЦДНТА-(Р-17-3-9-3-1016+++Р-17-3-9-3-1016+++Р-17-3-9-3-1016),Р-17-3-9-3-1016,Р17,3-9,3,1016,opys-explicit
6091c7d7-f72e-40cb-8762-7281f7ad9fa0,ЦДНТА-(Р-17-3-9-3-1018+++Р-17-3-9-3-1018+++Р-17-3-9-3-1018),Р-17-3-9-3-1018,Р17,3-9,3,1018,opys-explicit
93ac99fd-ffd0-4bd4-b334-884a4206e422,ЦДНТА-(Р-17-3-9-3-1037+++Р-17-3-9-3-1037+++Р-17-3-9-3-1037),Р-17-3-9-3-1037,Р17,3-9,3,1037,opys-explicit
efe50452-200d-4bf0-8449-83b2f595277b,ЦДНТА-(Р-17-3-9-4-1622+++Р-17-3-9-4-1622+++Р-17-3-9-4-1622),Р-17-3-9-4-1622,Р17,3-9,4,1622,opys-explicit
015cec78-1bab-45cc-add8-0f95ea68e9c5,ЦДНТА-(Р-17-3-9-4-1633+++Р-17-3-9-4-1633+++Р-17-3-9-4-1633),Р-17-3-9-4-1633,Р17,3-9,4,1633,opys-explicit
e2029f2f-ff01-4e27-a5b3-66cdc0a873bc,ЦДНТА-(Р-17-3-9-4-1638+++Р-17-3-9-4-1638+++Р-17-3-9-4-1638),Р-17-3-9-4-1638,Р17,3-9,4,1638,opys-explicit
435647bd-2cfd-4c5a-b994-30e482dbf0a4,ЦДНТА-(Р-17-3-9-4-1635+++Р-17-3-9-4-1635+++Р-17-3-9-4-1635),Р-17-3-9-4-1635,Р17,3-9,4,1635,opys-explicit
2ceca9be-d82e-475f-9683-51176f10bad1,ЦДНТА-(Р-17-3-9-4-1659+++Р-17-3-9-4-1659+++Р-17-3-9-4-1659),Р-17-3-9-4-1659,Р17,3-9,4,1659,opys-explicit
d359c7a4-64c1-4f1c-8c67-177e3044d3c2,ЦДНТА-(Р-17-3-9-4-1641+++Р-17-3-9-4-1641+++Р-17-3-9-4-1641),Р-17-3-9-4-1641,Р17,3-9,4,1641,opys-explicit
1f487af8-870b-4903-b18c-5c894e1c8512,ЦДНТА-(Р-17-3-9-4-1667+++Р-17-3-9-4-1667+++Р-17-3-9-4-1667),Р-17-3-9-4-1667,Р17,3-9,4,1667,opys-explicit
b4d02d32-361b-490f-abbd-2d5919d029be,ЦДНТА-(Р-17-3-9-4-1646+++Р-17-3-9-4-1646+++Р-17-3-9-4-1646),Р-17-3-9-4-1646,Р17,3-9,4,1646,opys-explicit
ed18bd62-d2f5-4ece-aa7f-b54e27651618,ЦДНТА-(Р-17-3-9-4-1639+++Р-17-3-9-4-1639+++Р-17-3-9-4-1639),Р-17-3-9-4-1639,Р17,3-9,4,1639,opys-explicit
86e2bf38-ac7d-4373-8732-e105e4cb37db,ЦДНТА-(Р-17-3-9-4-1674+++Р-17-3-9-4-1674+++Р-17-3-9-4-1674),Р-17-3-9-4-1674,Р17,3-9,4,1674,opys-explicit
f85366b2-32b9-4931-b4f3-712f43f1c760,ЦДНТА-(Р-17-3-9-4-1649+++Р-17-3-9-4-1649+++Р-17-3-9-4-1649),Р-17-3-9-4-1649,Р17,3-9,4,1649,opys-explicit
4d5ca544-7c9c-41f2-a4c7-1bb714e7b71c,ЦДНТА-(Р-17-3-9-4-1671+++Р-17-3-9-4-1671+++Р-17-3-9-4-1671),Р-17-3-9-4-1671,Р17,3-9,4,1671,opys-explicit
5a6ad70c-bb4a-4fc0-abab-c4b1ddf6f334,ЦДНТА-(Р-17-3-9-4-1672+++Р-17-3-9-4-1672+++Р-17-3-9-4-1672),Р-17-3-9-4-1672,Р17,3-9,4,1672,opys-explicit
5160a504-c4bc-47de-9e51-77c83280e79a,ЦДНТА-(Р-17-3-9-4-1684+++Р-17-3-9-4-1684+++Р-17-3-9-4-1684),Р-17-3-9-4-1684,Р17,3-9,4,1684,opys-explicit
e5255c90-25aa-4159-ab08-e85b846583ed,ЦДНТА-(Р-17-3-9-4-1694+++Р-17-3-9-4-1694+++Р-17-3-9-4-1694),Р-17-3-9-4-1694,Р17,3-9,4,1694,opys-explicit
0a1ad751-4441-4a12-b102-a7aeeaa66d3a,ЦДНТА-(Р-17-3-9-4-1726+++Р-17-3-9-4-1726+++Р-17-3-9-4-1726),Р-17-3-9-4-1726,Р17,3-9,4,1726,opys-explicit
b8ff550f-5ef0-4402-9bae-109d715679a4,ЦДНТА-(Р-17-3-9-4-1702+++Р-17-3-9-4-1702+++Р-17-3-9-4-1702),Р-17-3-9-4-1702,Р17,3-9,4,1702,opys-explicit
caf4675e-b437-40db-b0a8-d45b6d51dc6c,ЦДНТА-(Р-17-3-9-4-1735+++Р-17-3-9-4-1735+++Р-17-3-9-4-1735),Р-17-3-9-4-1735,Р17,3-9,4,1735,opys-explicit
c076d384-6ae9-491d-9ea3-957c8dae21cb,ЦДНТА-(Р-17-3-9-4-1734+++Р-17-3-9-4-1734+++Р-17-3-9-4-1734),Р-17-3-9-4-1734,Р17,3-9,4,1734,opys-explicit
6d51531a-031e-42c7-ac00-41bc83075aad,ЦДНТА-(Р-17-3-9-4-1749+++Р-17-3-9-4-1749+++Р-17-3-9-4-1749),Р-17-3-9-4-1749,Р17,3-9,4,1749,opys-explicit
8cbfd873-91ad-4eb7-915a-19d0d7e5e8b5,ЦДНТА-(Р-17-3-9-4-1756+++Р-17-3-9-4-1756+++Р-17-3-9-4-1756),Р-17-3-9-4-1756,Р17,3-9,4,1756,opys-explicit
a801b012-b363-44fb-9fc9-4be86a942e32,ЦДНТА-(Р-107-3-36-3-241+++Р-107-3-36-3-241+++Р-107-3-36-3-241),Р-107-3-36-3-241,Р107,3-36,3,241,opys-explicit
2d31b8e5-d6f4-4f45-8185-e57cb55c49ca,ЦДНТА-(Р-107-3-36-3-262+++Р-107-3-36-3-262+++Р-107-3-36-3-262),Р-107-3-36-3-262,Р107,3-36,3,262,opys-explicit
e4e17972-df15-4808-8a2b-3a01d2248678,ЦДНТА-(Р-107-3-36-3-395+++Р-107-3-36-3-395+++Р-107-3-36-3-395),Р-107-3-36-3-395,Р107,3-36,3,395,opys-explicit
fbdd6777-9739-4b77-ae3b-7056862d8433,ЦДНТА-(Р-107-3-36-3-431+++Р-107-3-36-3-431+++Р-107-3-36-3-431),Р-107-3-36-3-431,Р107,3-36,3,431,opys-explicit
9c15e84a-28f4-4e1a-a779-4cbc22bef726,ЦДНТА-(Р-107-3-36-3-708+++Р-107-3-36-3-708+++Р-107-3-36-3-708),Р-107-3-36-3-708,Р107,3-36,3,708,opys-explicit
39b0af44-7f47-4f9c-99e5-d791f846b21f,ЦДНТА-(Р-107-3-36-3-741+++Р-107-3-36-3-741+++Р-107-3-36-3-741),Р-107-3-36-3-741,Р107,3-36,3,741,opys-explicit
b708b21c-7d07-48d2-8e29-a99f37230cad,ЦДНТА-(Р-107-3-36-3-685+++Р-107-3-36-3-685+++Р-107-3-36-3-685),Р-107-3-36-3-685,Р107,3-36,3,685,opys-explicit
1c17095a-86d1-4c5d-9f9b-3d730f788526,ЦДНТА-(Р-107-3-36-3-764+++Р-107-3-36-3-764+++Р-107-3-36-3-764),Р-107-3-36-3-764,Р107,3-36,3,764,opys-explicit
7c1288ad-2dae-42fd-86b9-5d65906048f8,ЦДНТА-(Р-17-3-9-2-802+++Р-17-3-9-2-802+++Р-17-3-9-2-802),Р-17-3-9-2-802,Р17,3-9,2,802,opys-explicit
e1e5b9a9-2ea8-488f-a4b4-98f488ab887a,ЦДНТА-(Р-17-3-9-2-801+++Р-17-3-9-2-801+++Р-17-3-9-2-801),Р-17-3-9-2-801,Р17,3-9,2,801,opys-explicit
83b6b7d3-a4f9-456a-a7c6-8de117c66c21,ЦДНТА-(Р-17-3-9-2-786+++Р-17-3-9-2-786+++Р-17-3-9-2-786),Р-17-3-9-2-786,Р17,3-9,2,786,opys-explicit
6b7b085c-8346-49ea-b3b6-16ec6a41a6b5,ЦДНТА-(Р-17-3-9-2-816+++Р-17-3-9-2-816+++Р-17-3-9-2-816),Р-17-3-9-2-816,Р17,3-9,2,816,opys-explicit
a970fb5b-bd82-4dc9-a26f-94083d78d4b4,ЦДНТА-(Р-17-3-9-2-817+++Р-17-3-9-2-817+++Р-17-3-9-2-817),Р-17-3-9-2-817,Р17,3-9,2,817,opys-explicit
04a5e45d-3217-4113-a98b-619fb69c282a,ЦДНТА-(Р-17-3-9-2-789+++Р-17-3-9-2-789+++Р-17-3-9-2-789),Р-17-3-9-2-789,Р17,3-9,2,789,opys-explicit
e63d72d7-830b-4a51-b090-8f62a9b78c00,ЦДНТА-(Р-17-3-9-5-2856+++Р-17-3-9-5-2856+++Р-17-3-9-5-2856),Р-17-3-9-5-2856,Р17,3-9,5,2856,opys-explicit+outofrange
cb24bad8-a73e-4603-b2bc-8b5e5b124802,ЦДНТА-(Р-17-3-9-5-2855+++Р-17-3-9-5-2855+++Р-17-3-9-5-2855),Р-17-3-9-5-2855,Р17,3-9,5,2855,opys-explicit+outofrange
425a3120-290b-4f73-8770-dad402cffa82,ЦДНТА-(Р-17-3-9-5-2858+++Р-17-3-9-5-2858+++Р-17-3-9-5-2858),Р-17-3-9-5-2858,Р17,3-9,5,2858,opys-explicit+outofrange
72fe736b-afb6-40d6-bafc-07b47d287ab0,ЦДНТА-(Р-17-3-9-5-2847+++Р-17-3-9-5-2847+++Р-17-3-9-5-2847),Р-17-3-9-5-2847,Р17,3-9,5,2847,opys-explicit+outofrange
37c64e5f-a8e6-4dab-a573-1b2ae90e256c,ЦДНТА-(Р-17-3-9-5-2846+++Р-17-3-9-5-2846+++Р-17-3-9-5-2846),Р-17-3-9-5-2846,Р17,3-9,5,2846,opys-explicit+outofrange
0cdb20a2-45ce-47fc-97aa-eb92dd822c9c,ЦДНТА-(Р-17-3-9-5-2883+++Р-17-3-9-5-2883+++Р-17-3-9-5-2883),Р-17-3-9-5-2883,Р17,3-9,5,2883,opys-explicit+outofrange
3ce5fd18-9986-4cdd-8744-a361a3b487ac,ЦДНТА-(Р-17-3-9-5-2908+++Р-17-3-9-5-2908+++Р-17-3-9-5-2908),Р-17-3-9-5-2908,Р17,3-9,5,2908,opys-explicit+outofrange
71c0ef2b-c274-4680-bc51-ecd635da7171,ЦДНТА-(Р-17-3-9-5-2872+++Р-17-3-9-5-2872+++Р-17-3-9-5-2872),Р-17-3-9-5-2872,Р17,3-9,5,2872,opys-explicit+outofrange
8ebc1836-ae24-4b44-a9c0-ba85602a617e,ЦДНТА-(Р-17-3-9-5-2871+++Р-17-3-9-5-2871+++Р-17-3-9-5-2871),Р-17-3-9-5-2871,Р17,3-9,5,2871,opys-explicit+outofrange
2d1d9f43-2f94-451c-b59f-164a18ad64a1,ЦДНТА-(Р-17-3-9-5-2898+++Р-17-3-9-5-2898+++Р-17-3-9-5-2898),Р-17-3-9-5-2898,Р17,3-9,5,2898,opys-explicit+outofrange
3067659c-2c92-4440-bb97-9c4cdb0ed636,ЦДНТА-(Р-17-3-9-5-2927+++Р-17-3-9-5-2927+++Р-17-3-9-5-2927),Р-17-3-9-5-2927,Р17,3-9,5,2927,opys-explicit+outofrange
6ea037ae-57db-4286-9423-cb8e8330fa87,ЦДНТА-(Р-17-3-9-5-2923+++Р-17-3-9-5-2923+++Р-17-3-9-5-2923),Р-17-3-9-5-2923,Р17,3-9,5,2923,opys-explicit+outofrange
69276ddc-1131-4235-bfd5-cc4e2e7ca9c7,ЦДНТА-(Р-17-3-9-5-2950+++Р-17-3-9-5-2950+++Р-17-3-9-5-2950),Р-17-3-9-5-2950,Р17,3-9,5,2950,opys-explicit+outofrange
1dd1cdad-e4cc-4c43-90a1-769ae1e4262c,ЦДНТА-(Р-17-3-9-5-2913+++Р-17-3-9-5-2913+++Р-17-3-9-5-2913),Р-17-3-9-5-2913,Р17,3-9,5,2913,opys-explicit+outofrange
7e666250-8e5a-48aa-9e06-a4ae3b4241b8,ЦДНТА-(Р-17-3-9-5-2962+++Р-17-3-9-5-2962+++Р-17-3-9-5-2962),Р-17-3-9-5-2962,Р17,3-9,5,2962,opys-explicit+outofrange
dd3a2149-12ba-4e71-9e07-83024875bee9,ЦДНТА-(Р-17-3-9-5-2936+++Р-17-3-9-5-2936+++Р-17-3-9-5-2936),Р-17-3-9-5-2936,Р17,3-9,5,2936,opys-explicit+outofrange
f963f007-24ae-4f58-adaa-8aa735966a0c,ЦДНТА-(Р-17-3-9-5-2942+++Р-17-3-9-5-2942+++Р-17-3-9-5-2942),Р-17-3-9-5-2942,Р17,3-9,5,2942,opys-explicit+outofrange
004328a8-eb15-4795-abb4-e34870f1100f,ЦДНТА-(Р-17-3-9-5-2967+++Р-17-3-9-5-2967+++Р-17-3-9-5-2967),Р-17-3-9-5-2967,Р17,3-9,5,2967,opys-explicit+outofrange
f512d2ab-ca80-4af1-a5a5-22894d4f35ee,ЦДНТА-(Р-17-3-9-5-2969+++Р-17-3-9-5-2969+++Р-17-3-9-5-2969),Р-17-3-9-5-2969,Р17,3-9,5,2969,opys-explicit+outofrange
60a95cfe-a927-42a4-95e3-269b75afbf39,ЦДНТА-(Р-17-3-9-5-2992+++Р-17-3-9-5-2992+++Р-17-3-9-5-2992),Р-17-3-9-5-2992,Р17,3-9,5,2992,opys-explicit+outofrange
6e64c9ad-15ab-4468-8821-bc089e2b5505,ЦДНТА-(Р-17-3-9-5-3003+++Р-17-3-9-5-3003+++Р-17-3-9-5-3003),Р-17-3-9-5-3003,Р17,3-9,5,3003,opys-explicit+outofrange
f2b989c6-b782-45c3-a098-04ea56245e16,ЦДНТА-(Р-17-3-9-6-3027+++Р-17-3-9-6-3027+++Р-17-3-9-6-3027),Р-17-3-9-6-3027,Р17,3-9,6,3027,opys-explicit
7afe3543-5c7a-4957-9ee1-ff2c1d1c76f9,ЦДНТА-(Р-17-3-9-5-3007+++Р-17-3-9-5-3007+++Р-17-3-9-5-3007),Р-17-3-9-5-3007,Р17,3-9,5,3007,opys-explicit+outofrange
69d5fe69-429c-4728-ade4-a9aa74ae8f4e,ЦДНТА-(Р-107-3-36-3-754+++Р-107-3-36-3-754+++Р-107-3-36-3-754),Р-107-3-36-3-754,Р107,3-36,3,754,opys-explicit
7407330c-9e12-4312-aa27-73db4961c3d2,ЦДНТА-(Р-107-3-36-3-783+++Р-107-3-36-3-783+++Р-107-3-36-3-783),Р-107-3-36-3-783,Р107,3-36,3,783,opys-explicit
a2a12d9a-1b96-444a-9e68-21381b51fb3a,ЦДНТА-(Р-107-3-36-3-790+++Р-107-3-36-3-790+++Р-107-3-36-3-790),Р-107-3-36-3-790,Р107,3-36,3,790,opys-explicit
e83ac906-ae83-4994-a531-6c53c92dabcb,ЦДНТА-(Р-107-3-36-3-804+++Р-107-3-36-3-804+++Р-107-3-36-3-804),Р-107-3-36-3-804,Р107,3-36,3,804,opys-explicit
a8cde51b-0964-4d31-b7f5-c3f1d4d474ee,ЦДНТА-(Р-107-3-36-3-800+++Р-107-3-36-3-800+++Р-107-3-36-3-800),Р-107-3-36-3-800,Р107,3-36,3,800,opys-explicit
4ef56729-7fc0-4c70-8d3b-2de0e899300f,ЦДНТА-(Р-107-3-36-4-869+++Р-107-3-36-4-869+++Р-107-3-36-4-869),Р-107-3-36-4-869,Р107,3-36,4,869,opys-explicit
67b33acf-8e35-40b0-bb15-364e96d0b3a3,ЦДНТА-(Р-107-3-36-3-233+++Р-107-3-36-3-233+++Р-107-3-36-3-233),Р-107-3-36-3-233,Р107,3-36,3,233,opys-explicit
fa81afee-6eca-4349-b77a-ef542498ddb8,ЦДНТА-(Р-107-3-36-3-345+++Р-107-3-36-3-345+++Р-107-3-36-3-345),Р-107-3-36-3-345,Р107,3-36,3,345,opys-explicit
3d4c71cf-f324-489c-95e6-a091b18ed582,ЦДНТА-(Р-107-3-36-3-387+++Р-107-3-36-3-387+++Р-107-3-36-3-387),Р-107-3-36-3-387,Р107,3-36,3,387,opys-explicit
a66d2f64-a7e0-4d97-b587-f25a77a526b7,ЦДНТА-(Р-107-3-36-3-393+++Р-107-3-36-3-393+++Р-107-3-36-3-393),Р-107-3-36-3-393,Р107,3-36,3,393,opys-explicit
552c8546-df22-4ea8-bec2-a095470b8495,ЦДНТА-(Р-107-3-36-3-423+++Р-107-3-36-3-423+++Р-107-3-36-3-423),Р-107-3-36-3-423,Р107,3-36,3,423,opys-explicit
dd14a155-d038-457c-b405-1e2232dcd31e,ЦДНТА-(Р-107-3-36-3-414+++Р-107-3-36-3-414+++Р-107-3-36-3-414),Р-107-3-36-3-414,Р107,3-36,3,414,opys-explicit
9d711e5a-88e4-442e-9e9b-d9e688f3736f,ЦДНТА-(Р-107-3-36-3-418+++Р-107-3-36-3-418+++Р-107-3-36-3-418),Р-107-3-36-3-418,Р107,3-36,3,418,opys-explicit
124fa2a2-33e6-430b-b9a4-3c725ae33451,ЦДНТА-(Р-107-3-36-3-391+++Р-107-3-36-3-391+++Р-107-3-36-3-391),Р-107-3-36-3-391,Р107,3-36,3,391,opys-explicit
88d04aad-6874-48d0-98b5-bfa7769795ed,ЦДНТА-(Р-107-3-36-3-456+++Р-107-3-36-3-456+++Р-107-3-36-3-456),Р-107-3-36-3-456,Р107,3-36,3,456,opys-explicit
74932ff7-40b1-4ae3-83f8-405245c94ed3,ЦДНТА-(Р-18-3-10-2-257+++Р-18-3-10-2-257+++Р-18-3-10-2-257),Р-18-3-10-2-257,Р18,3-10,2,257,opys-explicit
9b695129-2dd4-45f5-b1fd-ce88b44e03b5,ЦДНТА-(Р-18-3-10-2-256+++Р-18-3-10-2-256+++Р-18-3-10-2-256),Р-18-3-10-2-256,Р18,3-10,2,256,opys-explicit
abb20c6e-8091-4671-bb30-50bbe1319634,ЦДНТА-(Р-18-3-10-2-270+++Р-18-3-10-2-270+++Р-18-3-10-2-270),Р-18-3-10-2-270,Р18,3-10,2,270,opys-explicit
a6ad8bd0-89d8-4ede-b2ea-a0eb23525930,ЦДНТА-(Р-18-3-10-2-293+++Р-18-3-10-2-293+++Р-18-3-10-2-293),Р-18-3-10-2-293,Р18,3-10,2,293,opys-explicit
c0a84ffb-de02-4405-b3ea-6a0121cc66d8,ЦДНТА-(Р-18-3-10-2-291+++Р-18-3-10-2-291+++Р-18-3-10-2-291),Р-18-3-10-2-291,Р18,3-10,2,291,opys-explicit
88327682-e1c0-4f10-b807-5ac69e59c1f8,ЦДНТА-(Р-18-3-10-3-300+++Р-18-3-10-3-300+++Р-18-3-10-3-300),Р-18-3-10-3-300,Р18,3-10,3,300,opys-explicit
46fe1e13-510d-4ad8-9f9b-5180f46a2c95,ЦДНТА-(Р-18-3-10-4-316+++Р-18-3-10-4-316+++Р-18-3-10-4-316),Р-18-3-10-4-316,Р18,3-10,4,316,opys-explicit
b86627e0-767d-48ed-b155-ca7b0711e090,ЦДНТА-(Р-17-3-9-1-2+++Р-17-3-9-1-2+++Р-17-3-9-1-2),Р-17-3-9-1-2,Р17,3-9,1,2,opys-explicit
1e0df488-9f24-45fa-a3bc-7179279d675d,ЦДНТА-(Р-17-3-9-52+++Р-17-3-9-52+++Р-17-3-9-52),Р-17-3-9-52,Р17,3-9,1,52,range-lookup
2c4af337-322d-4739-ada6-e23ab1bd27a0,ЦДНТА-(Р-17-3-9-5-2997+++Р-17-3-9-5-2997+++Р-17-3-9-5-2997),Р-17-3-9-5-2997,Р17,3-9,5,2997,opys-explicit+outofrange
6881e06c-e58e-4562-a99c-092e7ed7b0c7,ЦДНТА-(Р-17-3-9-5-3021+++Р-17-3-9-5-3021+++Р-17-3-9-5-3021),Р-17-3-9-5-3021,Р17,3-9,5,3021,opys-explicit+outofrange
cedd58d5-91db-45e1-9bca-5304cb5e11d3,ЦДНТА-(Р-17-3-9-5-2985+++Р-17-3-9-5-2985+++Р-17-3-9-5-2985),Р-17-3-9-5-2985,Р17,3-9,5,2985,opys-explicit+outofrange
cba4686c-d423-4f27-b544-7f9bba1b72fe,ЦДНТА-(Р-17-3-9-6-3036+++Р-17-3-9-6-3036+++Р-17-3-9-6-3036),Р-17-3-9-6-3036,Р17,3-9,6,3036,opys-explicit
8f664acd-474a-4b96-b3db-fb8bd60a6148,ЦДНТА-(Р-17-3-9-6-3035+++Р-17-3-9-6-3035+++Р-17-3-9-6-3035),Р-17-3-9-6-3035,Р17,3-9,6,3035,opys-explicit
af13a959-ec19-47cf-9e56-1afd7e9c7999,ЦДНТА-(Р-17-3-9-6-3051+++Р-17-3-9-6-3051+++Р-17-3-9-6-3051),Р-17-3-9-6-3051,Р17,3-9,6,3051,opys-explicit
b999760a-5cfb-46e6-b5c2-88b6861b4864,ЦДНТА-(Р-17-3-9-5-2999+++Р-17-3-9-5-2999+++Р-17-3-9-5-2999),Р-17-3-9-5-2999,Р17,3-9,5,2999,opys-explicit+outofrange
30d4d3dd-b8cf-4c5a-8b4f-cfe19a737ba4,ЦДНТА-(Р-17-3-9-6-3053+++Р-17-3-9-6-3053+++Р-17-3-9-6-3053),Р-17-3-9-6-3053,Р17,3-9,6,3053,opys-explicit
599b9ae1-5734-4868-88fb-47f2127eb019,ЦДНТА-(Р-17-3-9-7-3078+++Р-17-3-9-7-3078+++Р-17-3-9-7-3078),Р-17-3-9-7-3078,Р17,3-9,7,3078,opys-explicit+outofrange
9616c9bb-0359-4bb6-ac56-0da768ff70c1,ЦДНТА-(Р-17-3-9-7-3077+++Р-17-3-9-7-3077+++Р-17-3-9-7-3077),Р-17-3-9-7-3077,Р17,3-9,7,3077,opys-explicit+outofrange
803c1d4a-bd21-4a12-9e41-d1845c2e5359,ЦДНТА-(Р-17-3-9-7-3104+++Р-17-3-9-7-3104+++Р-17-3-9-7-3104),Р-17-3-9-7-3104,Р17,3-9,7,3104,opys-explicit+outofrange
854cf2cb-9c99-44cc-9edb-fb2e1cebb368,ЦДНТА-(Р-17-3-9-6-3072+++Р-17-3-9-6-3072+++Р-17-3-9-6-3072),Р-17-3-9-6-3072,Р17,3-9,6,3072,opys-explicit
f96f6f86-7240-4774-8798-6c4217c3e390,ЦДНТА-(Р-17-3-9-7-3087+++Р-17-3-9-7-3087+++Р-17-3-9-7-3087),Р-17-3-9-7-3087,Р17,3-9,7,3087,opys-explicit+outofrange
dcc2744e-e6d3-47b9-b040-b036716133a6,ЦДНТА-(Р-17-3-9-7-3088+++Р-17-3-9-7-3088+++Р-17-3-9-7-3088),Р-17-3-9-7-3088,Р17,3-9,7,3088,opys-explicit+outofrange
223df0ca-7683-4519-85b1-4949c876d7aa,ЦДНТА-(Р-17-3-9-7-3116+++Р-17-3-9-7-3116+++Р-17-3-9-7-3116),Р-17-3-9-7-3116,Р17,3-9,7,3116,opys-explicit+outofrange
570c802f-a9f9-40c0-b9ad-51bde20f6260,ЦДНТА-(Р-17-3-9-8-3126+++Р-17-3-9-8-3126+++Р-17-3-9-8-3126),Р-17-3-9-8-3126,Р17,3-9,8,3126,opys-explicit
7a6c53b3-b362-44e8-bf15-49c5825e7c75,ЦДНТА-(Р-17-3-9-8-3130+++Р-17-3-9-8-3130+++Р-17-3-9-8-3130),Р-17-3-9-8-3130,Р17,3-9,8,3130,opys-explicit
f89178ec-9e8b-4f8b-b443-e7f5de0daa9f,ЦДНТА-(Р-17-3-9-8-3131+++Р-17-3-9-8-3131+++Р-17-3-9-8-3131),Р-17-3-9-8-3131,Р17,3-9,8,3131,opys-explicit
b44e5621-f46a-4090-a0ea-293cbd80fc14,ЦДНТА-(Р-17-3-9-8-3137+++Р-17-3-9-8-3137+++Р-17-3-9-8-3137),Р-17-3-9-8-3137,Р17,3-9,8,3137,opys-explicit
163da124-e222-428c-8711-4bb36d11f8ad,ЦДНТА-(Р-17-3-9-8-3138+++Р-17-3-9-8-3138+++Р-17-3-9-8-3138),Р-17-3-9-8-3138,Р17,3-9,8,3138,opys-explicit
36e79ae6-2a10-4abd-b276-c1d4b698043f,ЦДНТА-(Р-17-3-9-8-3150+++Р-17-3-9-8-3150+++Р-17-3-9-8-3150),Р-17-3-9-8-3150,Р17,3-9,8,3150,opys-explicit
7590efd5-9dfe-4d48-ab36-9f6efa1c72d4,ЦДНТА-(Р-78-3-22-1-2+++Р-78-3-22-1-2+++Р-78-3-22-1-2),Р-78-3-22-1-2,Р78,3-22,1Н,2,opys-explicit
8acc1b1a-5852-4bdb-bb9c-bbf26c8bd52a,ЦДНТА-(Р-78-3-22-1-8+++Р-78-3-22-1-8+++Р-78-3-22-1-8),Р-78-3-22-1-8,Р78,3-22,1Н,8,opys-explicit
51ee6824-8942-4047-a788-cde3d33ea598,ЦДНТА-(Р-78-3-22-1-7+++Р-78-3-22-1-7+++Р-78-3-22-1-7),Р-78-3-22-1-7,Р78,3-22,1Н,7,opys-explicit
93dd2374-dbbd-433c-b083-1b418b82552b,ЦДНТА-(Р-78-3-22-1-19+++Р-78-3-22-1-19+++Р-78-3-22-1-19),Р-78-3-22-1-19,Р78,3-22,1Н,19,opys-explicit
19bab7ad-a2c3-4111-91c9-c3ef6b870f98,ЦДНТА-(Р-78-3-22-1-21+++Р-78-3-22-1-21+++Р-78-3-22-1-21),Р-78-3-22-1-21,Р78,3-22,1Н,21,opys-explicit
8dccd13f-043a-4725-9030-367e39f08e5e,ЦДНТА-(Р-78-3-22-1-32+++Р-78-3-22-1-32+++Р-78-3-22-1-32),Р-78-3-22-1-32,Р78,3-22,1Н,32,opys-explicit
9b27b619-646d-4580-ac3c-899d487be1fb,ЦДНТА-(Р-78-3-22-1-38+++Р-78-3-22-1-38+++Р-78-3-22-1-38),Р-78-3-22-1-38,Р78,3-22,1Н,38,opys-explicit
083125ad-8733-487f-8c2e-7b2ccd1831b5,ЦДНТА-(Р-78-3-22-1-46+++Р-78-3-22-1-46+++Р-78-3-22-1-46),Р-78-3-22-1-46,Р78,3-22,1Н,46,opys-explicit
92826b9b-9e33-42ff-8247-7f8b16c77ae0,ЦДНТА-(Р-78-3-22-1-26+++Р-78-3-22-1-26+++Р-78-3-22-1-26),Р-78-3-22-1-26,Р78,3-22,1Н,26,opys-explicit
c943b28b-d2da-40ea-87da-9186fe8e07e8,ЦДНТА-(Р-17-3-9-5-2848+++Р-17-3-9-5-2848+++Р-17-3-9-5-2848),Р-17-3-9-5-2848,Р17,3-9,5,2848,opys-explicit+outofrange
ca2c011f-7d8c-497e-976e-22e5a31f5418,ЦДНТА-(Р-17-3-9-5-2868+++Р-17-3-9-5-2868+++Р-17-3-9-5-2868),Р-17-3-9-5-2868,Р17,3-9,5,2868,opys-explicit+outofrange
cf479cd4-dccc-4173-85c4-9baea548c238,ЦДНТА-(Р-78-3-22-1-60+++Р-78-3-22-1-60+++Р-78-3-22-1-60),Р-78-3-22-1-60,Р78,3-22,1Н,60,opys-explicit
8c0a1d9e-d733-4ae0-b8cf-9c1be9e8ab8f,ЦДНТА-(Р-17-3-9-5-2890+++Р-17-3-9-5-2890+++Р-17-3-9-5-2890),Р-17-3-9-5-2890,Р17,3-9,5,2890,opys-explicit+outofrange
5ae139cd-b644-488c-8cc6-c92611d33741,ЦДНТА-(Р-17-3-9-5-2904+++Р-17-3-9-5-2904+++Р-17-3-9-5-2904),Р-17-3-9-5-2904,Р17,3-9,5,2904,opys-explicit+outofrange
a39d732b-f2d6-44eb-8a1c-7dfcff3c8194,ЦДНТА-(Р-78-3-22-1-71+++Р-78-3-22-1-71+++Р-78-3-22-1-71),Р-78-3-22-1-71,Р78,3-22,1Н,71,opys-explicit
9040980f-afc9-4fb9-a16e-2693577aad75,ЦДНТА-(Р-78-3-22-1-105+++Р-78-3-22-1-105+++Р-78-3-22-1-105),Р-78-3-22-1-105,Р78,3-22,1Н,105,opys-explicit
9cfbfe32-255d-44c4-b861-f4b84f93c208,ЦДНТА-(Р-17-3-9-5-2889+++Р-17-3-9-5-2889+++Р-17-3-9-5-2889),Р-17-3-9-5-2889,Р17,3-9,5,2889,opys-explicit+outofrange
a63ec564-b9a6-40d0-a4fd-6ccde5515d95,ЦДНТА-(Р-78-3-22-1-97+++Р-78-3-22-1-97+++Р-78-3-22-1-97),Р-78-3-22-1-97,Р78,3-22,1Н,97,opys-explicit
c6e0a776-b6c3-41b9-a807-a4dcbc3add95,ЦДНТА-(Р-17-3-9-5-2931+++Р-17-3-9-5-2931+++Р-17-3-9-5-2931),Р-17-3-9-5-2931,Р17,3-9,5,2931,opys-explicit+outofrange
6f6a0de1-f459-4aee-9c1e-ed5d3269734d,ЦДНТА-(Р-17-3-9-5-2920+++Р-17-3-9-5-2920+++Р-17-3-9-5-2920),Р-17-3-9-5-2920,Р17,3-9,5,2920,opys-explicit+outofrange
a8d90745-e1f2-485f-b472-67c82f689cd6,ЦДНТА-(Р-17-3-9-5-2910+++Р-17-3-9-5-2910+++Р-17-3-9-5-2910),Р-17-3-9-5-2910,Р17,3-9,5,2910,opys-explicit+outofrange
57e766a2-c755-4d69-827e-fad3ed1305c0,ЦДНТА-(Р-17-3-9-5-2916+++Р-17-3-9-5-2916+++Р-17-3-9-5-2916),Р-17-3-9-5-2916,Р17,3-9,5,2916,opys-explicit+outofrange
8d63d98f-1c8f-413a-ac05-3172fc874227,ЦДНТА-(Р-78-3-22-1-120+++Р-78-3-22-1-120+++Р-78-3-22-1-120),Р-78-3-22-1-120,Р78,3-22,1Н,120,opys-explicit
99786840-9efe-44f8-9a50-6bcdc7984726,ЦДНТА-(Р-17-3-9-5-2937+++Р-17-3-9-5-2937+++Р-17-3-9-5-2937),Р-17-3-9-5-2937,Р17,3-9,5,2937,opys-explicit+outofrange
af0456e0-67a8-4b2c-a7f9-1e067b586b76,ЦДНТА-(Р-17-3-9-5-2938+++Р-17-3-9-5-2938+++Р-17-3-9-5-2938),Р-17-3-9-5-2938,Р17,3-9,5,2938,opys-explicit+outofrange
3cbf8420-2e89-4ab0-8b6d-14f45773272a,ЦДНТА-(Р-17-3-9-5-2941+++Р-17-3-9-5-2941+++Р-17-3-9-5-2941),Р-17-3-9-5-2941,Р17,3-9,5,2941,opys-explicit+outofrange
2aae9f72-e690-474b-8237-d46024e297ee,ЦДНТА-(Р-17-3-9-5-2944+++Р-17-3-9-5-2944+++Р-17-3-9-5-2944),Р-17-3-9-5-2944,Р17,3-9,5,2944,opys-explicit+outofrange
e62fb504-cd00-4407-82d4-4308eb06f49f,ЦДНТА-(Р-17-3-9-5-2948+++Р-17-3-9-5-2948+++Р-17-3-9-5-2948),Р-17-3-9-5-2948,Р17,3-9,5,2948,opys-explicit+outofrange
7854137b-9a52-448b-a4a8-5ba941503db1,ЦДНТА-(Р-17-3-9-5-2943б+++Р-17-3-9-5-2943б+++Р-17-3-9-5-2943б),Р-17-3-9-5-2943Б,Р17,3-9,5,2943Б,opys-explicit+outofrange
3e6f7598-62a6-47a6-a2f0-40c7e63c95d7,ЦДНТА-(Р-17-3-9-5-2952+++Р-17-3-9-5-2952+++Р-17-3-9-5-2952),Р-17-3-9-5-2952,Р17,3-9,5,2952,opys-explicit+outofrange
72cb46b1-f4a3-43e3-b666-2ff4d0d9ec6c,ЦДНТА-(Р-17-3-9-5-2955+++Р-17-3-9-5-2955+++Р-17-3-9-5-2955),Р-17-3-9-5-2955,Р17,3-9,5,2955,opys-explicit+outofrange
8bb6c357-d3b9-4634-bebf-2b5bd736931b,ЦДНТА-(Р-17-3-9-5-2993+++Р-17-3-9-5-2993+++Р-17-3-9-5-2993),Р-17-3-9-5-2993,Р17,3-9,5,2993,opys-explicit+outofrange
2f28fc6d-ad5b-46ea-b5a4-ee5337d61067,ЦДНТА-(Р-17-3-9-4-1389+++Р-17-3-9-4-1389+++Р-17-3-9-4-1389),Р-17-3-9-4-1389,Р17,3-9,4,1389,opys-explicit
896da159-7d4c-4419-a982-e0e7e1cad688,ЦДНТА-(Р-17-3-9-4-1396+++Р-17-3-9-4-1396+++Р-17-3-9-4-1396),Р-17-3-9-4-1396,Р17,3-9,4,1396,opys-explicit
c4c0db9e-a52c-4f03-9b3e-7c6d60dfcb79,ЦДНТА-(Р-17-3-9-4-1401+++Р-17-3-9-4-1401+++Р-17-3-9-4-1401),Р-17-3-9-4-1401,Р17,3-9,4,1401,opys-explicit
8a136e79-79e8-4fed-aead-86e2dc49cf10,ЦДНТА-(Р-17-3-9-4-1397+++Р-17-3-9-4-1397+++Р-17-3-9-4-1397),Р-17-3-9-4-1397,Р17,3-9,4,1397,opys-explicit
cf548f31-883e-4f08-be3a-abc69ef8620a,ЦДНТА-(Р-17-3-9-4-1400+++Р-17-3-9-4-1400+++Р-17-3-9-4-1400),Р-17-3-9-4-1400,Р17,3-9,4,1400,opys-explicit
e93b788d-9d42-45a6-8fbe-f406fa1bdeb6,ЦДНТА-(Р-17-3-9-4-1431+++Р-17-3-9-4-1431+++Р-17-3-9-4-1431),Р-17-3-9-4-1431,Р17,3-9,4,1431,opys-explicit
2ac1c7a4-f5d2-4859-acf5-c5198a776a9e,ЦДНТА-(Р-17-3-9-4-1433+++Р-17-3-9-4-1433+++Р-17-3-9-4-1433),Р-17-3-9-4-1433,Р17,3-9,4,1433,opys-explicit
7d707461-fdcb-45c6-aab9-ddc037f0b0cc,ЦДНТА-(Р-107-3-36-3-219+++Р-107-3-36-3-219+++Р-107-3-36-3-219),Р-107-3-36-3-219,Р107,3-36,3,219,opys-explicit
41c0c557-f16a-469d-94c5-0b4baf56aa62,ЦДНТА-(Р-107-3-36-1-153+++Р-107-3-36-1-153+++Р-107-3-36-1-153),Р-107-3-36-1-153,Р107,3-36,1,153,opys-explicit+outofrange
1b6da5ca-d3de-480b-8ecb-84da4679dfe0,ЦДНТА-(Р-107-3-36-3-222+++Р-107-3-36-3-222+++Р-107-3-36-3-222),Р-107-3-36-3-222,Р107,3-36,3,222,opys-explicit
dda2990a-e777-4b9c-ad53-12020705686d,ЦДНТА-(Р-107-3-36-1-140+++Р-107-3-36-1-140+++Р-107-3-36-1-140),Р-107-3-36-1-140,Р107,3-36,1,140,opys-explicit+outofrange
d2fd58d1-317f-4c79-a27d-a0a9e17e2f7d,ЦДНТА-(Р-107-3-36-3-693+++Р-107-3-36-3-693+++Р-107-3-36-3-693),Р-107-3-36-3-693,Р107,3-36,3,693,opys-explicit
9cac56ce-0f1f-4f03-94ce-234a60a50d7a,ЦДНТА-(Р-107-3-36-3-722+++Р-107-3-36-3-722+++Р-107-3-36-3-722),Р-107-3-36-3-722,Р107,3-36,3,722,opys-explicit
7fe5e978-97cd-4b80-bb18-e19e2fbc218a,ЦДНТА-(Р-107-3-36-3-797+++Р-107-3-36-3-797+++Р-107-3-36-3-797),Р-107-3-36-3-797,Р107,3-36,3,797,opys-explicit
b9665d76-d06e-42ff-9efe-4c88699438b8,ЦДНТА-(Р-107-3-36-3-823+++Р-107-3-36-3-823+++Р-107-3-36-3-823),Р-107-3-36-3-823,Р107,3-36,3,823,opys-explicit
47935166-4d4d-43be-ac09-d1282121fee5,ЦДНТА-(Р-107-3-36-3-829+++Р-107-3-36-3-829+++Р-107-3-36-3-829),Р-107-3-36-3-829,Р107,3-36,3,829,opys-explicit
ef769a2a-3e88-4bf2-b9de-fcf951abe56e,ЦДНТА-(Р-107-3-36-1-115+++Р-107-3-36-1-115+++Р-107-3-36-1-115),Р-107-3-36-1-115,Р107,3-36,1,115,opys-explicit+outofrange
18c897fd-d72d-45a5-bf20-ceacc38017ed,ЦДНТА-(Р-107-3-36-1-157+++Р-107-3-36-1-157+++Р-107-3-36-1-157),Р-107-3-36-1-157,Р107,3-36,1,157,opys-explicit+outofrange
9a15e797-f0dc-4446-9c99-c06ba05b94c8,ЦДНТА-(Р-107-3-36-2-206+++Р-107-3-36-2-206+++Р-107-3-36-1-206),Р-107-3-36-2-206,Р107,3-36,2,206,opys-explicit
e5214352-3b05-4e2d-b76f-5ff9c5649b73,ЦДНТА-(Р-107-3-36-1-168+++Р-107-3-36-1-168+++Р-107-3-36-1-168),Р-107-3-36-1-168,Р107,3-36,1,168,opys-explicit+outofrange
90146a9e-a58a-4bb2-9ef5-48f0940dd343,ЦДНТА-(Р-17-3-9-61+++Р-17-3-9-61+++Р-17-3-9-61),Р-17-3-9-61,Р17,3-9,1,61,range-lookup
ae9b278d-5204-4082-862b-54280b4a59c6,ЦДНТА-(Р-17-3-9-62+++Р-17-3-9-62+++Р-17-3-9-62),Р-17-3-9-62,Р17,3-9,1,62,range-lookup
dc7b925a-85f0-4bb9-b712-9cb7c4fb8029,ЦДНТА-(Р-17-3-9-71+++Р-17-3-9-71+++Р-17-3-9-71),Р-17-3-9-71,Р17,3-9,1,71,range-lookup
d3c6230c-35af-4a56-9aeb-5f9c5b6ebe18,ЦДНТА-(Р-17-3-9-98+++Р-17-3-9-98+++Р-17-3-9-98),Р-17-3-9-98,Р17,3-9,1,98,range-lookup
5b1dc1d2-b513-4552-8886-f89a0b84755e,ЦДНТА-(Р-17-3-9-73+++Р-17-3-9-73+++Р-17-3-9-73),Р-17-3-9-73,Р17,3-9,1,73,range-lookup
200312e9-4802-472f-b5e1-114849ced712,ЦДНТА-(Р-17-3-9-103+++Р-17-3-9-103+++Р-17-3-9-103),Р-17-3-9-103,Р17,3-9,1,103,range-lookup
3d2bc949-9c44-4330-a7ab-2ca7fcf1f3e0,ЦДНТА-(Р-17-3-9-85+++Р-17-3-9-85+++Р-17-3-9-85),Р-17-3-9-85,Р17,3-9,1,85,range-lookup
b5031265-60a0-4781-ae65-73975d56c69a,ЦДНТА-(Р-17-3-9-106+++Р-17-3-9-106+++Р-17-3-9-106),Р-17-3-9-106,Р17,3-9,1,106,range-lookup
e262ca0c-6015-470b-895c-63b7f346029e,ЦДНТА-(Р-17-3-9-109+++Р-17-3-9-109+++Р-17-3-9-109),Р-17-3-9-109,Р17,3-9,1,109,range-lookup
ad4092d2-3b7d-4a7a-87ed-e7a01d44054d,ЦДНТА-(Р-17-3-9-119+++Р-17-3-9-119+++Р-17-3-9-119),Р-17-3-9-119,Р17,3-9,1,119,range-lookup
3a816b73-710f-4416-88d2-cb7002695cef,ЦДНТА-(Р-17-3-9-125+++Р-17-3-9-125+++Р-17-3-9-125),Р-17-3-9-125,Р17,3-9,1,125,range-lookup
e6004478-ffc3-4154-b925-986e9db76fe0,ЦДНТА-(Р-17-3-9-129+++Р-17-3-9-129+++Р-17-3-9-129),Р-17-3-9-129,Р17,3-9,1,129,range-lookup
a02653e9-160f-44c8-a9e9-59e3c18ca1f9,ЦДНТА-(Р-17-3-9-131+++Р-17-3-9-131+++Р-17-3-9-131),Р-17-3-9-131,Р17,3-9,1,131,range-lookup
e471222c-9041-4a8c-96d8-34717b80a883,ЦДНТА-(Р-17-3-9-149+++Р-17-3-9-149+++Р-17-3-9-149),Р-17-3-9-149,Р17,3-9,1,149,range-lookup
fc880884-d35a-4725-85f4-ceceeb295e3e,ЦДНТА-(Р-17-3-9-161+++Р-17-3-9-161+++Р-17-3-9-161),Р-17-3-9-161,Р17,3-9,1,161,range-lookup
ee3fde20-f587-4cf1-bc5d-996f609ae182,ЦДНТА-(Р-17-3-9-162+++Р-17-3-9-162+++Р-17-3-9-162),Р-17-3-9-162,Р17,3-9,1,162,range-lookup
527ce186-25dd-4560-ab1e-519d97191638,ЦДНТА-(Р-17-3-9-172+++Р-17-3-9-172+++Р-17-3-9-172),Р-17-3-9-172,Р17,3-9,1,172,range-lookup
3f595db0-3ba6-4d9d-89d3-f3214612e535,ЦДНТА-(Р-17-3-9-175+++Р-17-3-9-175+++Р-17-3-9-175),Р-17-3-9-175,Р17,3-9,1,175,range-lookup
428e8025-e528-4964-a690-7a125f6034aa,ЦДНТА-(Р-17-3-9-201+++Р-17-3-9-201+++Р-17-3-9-201),Р-17-3-9-201,Р17,3-9,1,201,range-lookup
a651fc5a-5c05-4ff1-b2db-20471562288f,ЦДНТА-(Р-17-3-9-199+++Р-17-3-9-199+++Р-17-3-9-199),Р-17-3-9-199,Р17,3-9,1,199,range-lookup
210a15c1-d5ab-4a5f-a47b-8be5dc0a5c81,ЦДНТА-(Р-17-3-9-204+++Р-17-3-9-204+++Р-17-3-9-204),Р-17-3-9-204,Р17,3-9,1,204,range-lookup
dcf0ab8d-9db6-4a5a-bc6b-6a602fabaa06,ЦДНТА-(Р-17-3-9-216+++Р-17-3-9-216+++Р-17-3-9-216),Р-17-3-9-216,Р17,3-9,1,216,range-lookup
9e7b0bea-2fa0-4a7f-873c-eacf9ac878c3,ЦДНТА-(Р-17-3-9-245+++Р-17-3-9-245+++Р-17-3-9-245),Р-17-3-9-245,Р17,3-9,1,245,range-lookup
ca3a238c-e19c-4b11-895c-738b0e691841,ЦДНТА-(Р-17-3-9-236+++Р-17-3-9-236+++Р-17-3-9-236),Р-17-3-9-236,Р17,3-9,1,236,range-lookup
0c26d45e-7d25-4390-9b40-812783a467e0,ЦДНТА-(Р-17-3-9-254+++Р-17-3-9-254+++Р-17-3-9-254),Р-17-3-9-254,Р17,3-9,1,254,range-lookup
6ce969d0-ef4e-4559-be8f-0f5a08184963,ЦДНТА-(Р-17-3-9-279+++Р-17-3-9-279+++Р-17-3-9-279),Р-17-3-9-279,Р17,3-9,1,279,range-lookup
b584c486-1782-4623-bf7f-4f51ae6be5a3,ЦДНТА-(Р-17-3-9-287+++Р-17-3-9-287+++Р-17-3-9-287),Р-17-3-9-287,Р17,3-9,1,287,range-lookup
77ea1898-88db-473a-a374-eaf748f979e4,ЦДНТА-(Р-17-3-9-300+++Р-17-3-9-300+++Р-17-3-9-300),Р-17-3-9-300,Р17,3-9,1,300,range-lookup
0ee89bb4-0d57-4eac-8b65-600b963768de,ЦДНТА-(Р-17-3-9-302+++Р-17-3-9-302+++Р-17-3-9-302),Р-17-3-9-302,Р17,3-9,1,302,range-lookup
b383d3f1-d93c-40db-8ba3-a2e55c07eae1,ЦДНТА-(Р-17-3-9-305+++Р-17-3-9-305+++Р-17-3-9-305),Р-17-3-9-305,Р17,3-9,1,305,range-lookup
4c57442a-35fe-4d3b-a07e-a2f46d2bdf8b,ЦДНТА-(Р-18-3-10-2-253+++Р-18-3-10-2-253+++Р-18-3-10-2-253),Р-18-3-10-2-253,Р18,3-10,2,253,opys-explicit
29c08bf4-1d8e-4d3d-9ac3-6d65e59d0cf4,ЦДНТА-(Р-18-3-10-2-271+++Р-18-3-10-2-271+++Р-18-3-10-2-271),Р-18-3-10-2-271,Р18,3-10,2,271,opys-explicit
5ba15997-7d3d-4e7a-82df-eb2e07005fd4,ЦДНТА-(Р-18-3-10-2-258+++Р-18-3-10-2-258+++Р-18-3-10-2-258),Р-18-3-10-2-258,Р18,3-10,2,258,opys-explicit
f7899790-4450-45d0-81ab-34d8ed738ab8,ЦДНТА-(Р-18-3-10-2-276+++Р-18-3-10-2-276+++Р-18-3-10-2-276),Р-18-3-10-2-276,Р18,3-10,2,276,opys-explicit
3a8f06fd-9464-4ea2-b7e4-123edd7d85bd,ЦДНТА-(Р-18-3-10-2-268+++Р-18-3-10-2-268+++Р-18-3-10-2-268),Р-18-3-10-2-268,Р18,3-10,2,268,opys-explicit
5cd404b7-6881-4e4e-aee6-7089bf3e862c,ЦДНТА-(Р-18-3-10-2-294+++Р-18-3-10-2-294+++Р-18-3-10-2-294),Р-18-3-10-2-294,Р18,3-10,2,294,opys-explicit
884b47a7-0bb9-4d0a-9066-e3d0dece7e2a,ЦДНТА-(Р-18-3-10-3-314+++Р-18-3-10-3-314+++Р-18-3-10-3-314),Р-18-3-10-3-314,Р18,3-10,3,314,opys-explicit
c1c6cdf1-a0fe-416f-ab14-28c465aa91d2,ЦДНТА-(Р-18-3-10-4-326+++Р-18-3-10-4-326+++Р-18-3-10-4-326),Р-18-3-10-4-326,Р18,3-10,4,326,opys-explicit
a2039df9-3d5a-4bda-9c6d-2e9f444f07b6,ЦДНТА-(Р-17-3-9-1-11+++Р-17-3-9-1-11+++Р-17-3-9-1-11),Р-17-3-9-1-11,Р17,3-9,1,11,opys-explicit
88c7f258-163f-4183-b67a-7022b4cdeeb6,ЦДНТА-(Р-17-3-9-1-45+++Р-17-3-9-1-45+++Р-17-3-9-1-45),Р-17-3-9-1-45,Р17,3-9,1,45,opys-explicit
a464f4cf-c721-4acd-9dad-11e58a8b9b9c,ЦДНТА-(Р-17-3-9-1-46+++Р-17-3-9-1-46+++Р-17-3-9-1-46),Р-17-3-9-1-46,Р17,3-9,1,46,opys-explicit
88f4062b-864b-4220-bd00-371381be4994,ЦДНТА-(Р-17-3-9-1-56+++Р-17-3-9-1-56+++Р-17-3-9-1-56),Р-17-3-9-1-56,Р17,3-9,1,56,opys-explicit
41a328cd-e0f4-4ed0-94a8-cd2d3e85ac93,ЦДНТА-(Р-17-3-9-1-64+++Р-17-3-9-1-64+++Р-17-3-9-1-64),Р-17-3-9-1-64,Р17,3-9,1,64,opys-explicit
277993d4-2bf5-4093-bd35-bce850f201b1,ЦДНТА-(Р-17-3-9-1-82+++Р-17-3-9-1-82+++Р-17-3-9-1-82),Р-17-3-9-1-82,Р17,3-9,1,82,opys-explicit
ce059005-c9c6-4fc0-a0ee-bcbe13c54ec7,ЦДНТА-(Р-17-3-9-1-110+++Р-17-3-9-1-110+++Р-17-3-9-1-110),Р-17-3-9-1-110,Р17,3-9,1,110,opys-explicit
abdfe572-8b7f-489b-aaf8-b1f742e67513,ЦДНТА-(Р-17-3-9-1-105+++Р-17-3-9-1-105+++Р-17-3-9-1-105),Р-17-3-9-1-105,Р17,3-9,1,105,opys-explicit
61c5e03a-8bed-4e84-81cf-b957864a424d,ЦДНТА-(Р-17-3-9-1-132+++Р-17-3-9-1-132+++Р-17-3-9-1-132),Р-17-3-9-1-132,Р17,3-9,1,132,opys-explicit
b37d27c4-fd06-4f1b-8df5-eb6a114999d2,ЦДНТА-(Р-17-3-9-1-143+++Р-17-3-9-1-143+++Р-17-3-9-1-143),Р-17-3-9-1-143,Р17,3-9,1,143,opys-explicit
f0aa223a-e484-44b2-a196-3947833b2d26,ЦДНТА-(Р-17-3-9-1-141+++Р-17-3-9-1-141+++Р-17-3-9-1-141),Р-17-3-9-1-141,Р17,3-9,1,141,opys-explicit
e1ec90b2-3a11-464b-940f-9937fccfc65a,ЦДНТА-(Р-17-3-9-1-174+++Р-17-3-9-1-174+++Р-17-3-9-1-174),Р-17-3-9-1-174,Р17,3-9,1,174,opys-explicit
5d6c0cf9-3d0a-4766-9ed4-39dfb1f02ae9,ЦДНТА-(Р-17-3-9-1-182+++Р-17-3-9-1-182+++Р-17-3-9-1-182),Р-17-3-9-1-182,Р17,3-9,1,182,opys-explicit
1f1810e2-4d08-43ee-b823-8c28342b1e79,ЦДНТА-(Р-17-3-9-1-183+++Р-17-3-9-1-183+++Р-17-3-9-1-183),Р-17-3-9-1-183,Р17,3-9,1,183,opys-explicit
a8e847b8-cee2-4403-a4bf-7e1e4293b120,ЦДНТА-(Р-17-3-9-1-192+++Р-17-3-9-1-192+++Р-17-3-9-1-192),Р-17-3-9-1-192,Р17,3-9,1,192,opys-explicit
41a7de5d-6add-4e84-96a0-191c90c93390,ЦДНТА-(Р-17-3-9-1-189+++Р-17-3-9-1-189+++Р-17-3-9-1-189),Р-17-3-9-1-189,Р17,3-9,1,189,opys-explicit
373386af-1c22-450b-aba1-6fd069f21d5b,ЦДНТА-(Р-17-3-9-1-197+++Р-17-3-9-1-197+++Р-17-3-9-1-197),Р-17-3-9-1-197,Р17,3-9,1,197,opys-explicit
80ca10b0-c26b-4802-81a5-63c7b0541fda,ЦДНТА-(Р-17-3-9-1-200+++Р-17-3-9-1-200+++Р-17-3-9-1-200),Р-17-3-9-1-200,Р17,3-9,1,200,opys-explicit
2204975e-82c4-4d8a-9d1f-ded6f392685e,ЦДНТА-(Р-17-3-9-1-206+++Р-17-3-9-1-206+++Р-17-3-9-1-206),Р-17-3-9-1-206,Р17,3-9,1,206,opys-explicit
c5885067-1e77-4cc4-9a26-c8c029643829,ЦДНТА-(Р-17-3-9-1-211+++Р-17-3-9-1-211+++Р-17-3-9-1-211),Р-17-3-9-1-211,Р17,3-9,1,211,opys-explicit
c8a943b1-35c6-4066-b210-479826af6281,ЦДНТА-(Р-17-3-9-1-215+++Р-17-3-9-1-215+++Р-17-3-9-1-215),Р-17-3-9-1-215,Р17,3-9,1,215,opys-explicit
6c1ff908-b98c-44da-8272-80f192022710,ЦДНТА-(Р-17-3-9-1-241+++Р-17-3-9-1-241+++Р-17-3-9-1-241),Р-17-3-9-1-241,Р17,3-9,1,241,opys-explicit
87597b0c-9a2f-4b82-8654-ec2695524c88,ЦДНТА-(Р-17-3-9-1-242+++Р-17-3-9-1-242+++Р-17-3-9-1-242),Р-17-3-9-1-242,Р17,3-9,1,242,opys-explicit
c7f8ff05-a8a2-4857-b8f3-2556731d25e6,ЦДНТА-(Р-17-3-9-1-228+++Р-17-3-9-1-228+++Р-17-3-9-1-228),Р-17-3-9-1-228,Р17,3-9,1,228,opys-explicit
f6eb8a02-b96f-4718-a6bf-0add2778f9a3,ЦДНТА-(Р-17-3-9-1-249+++Р-17-3-9-1-249+++Р-17-3-9-1-249),Р-17-3-9-1-249,Р17,3-9,1,249,opys-explicit
f230eb6a-6ae9-4481-bdad-fe5d07ffb07d,ЦДНТА-(Р-17-3-9-1-260+++Р-17-3-9-1-260+++Р-17-3-9-1-260),Р-17-3-9-1-260,Р17,3-9,1,260,opys-explicit
bba47c63-8f1f-4795-a726-3a5b1bebaccb,ЦДНТА-(Р-17-3-9-1-263+++Р-17-3-9-1-263+++Р-17-3-9-1-263),Р-17-3-9-1-263,Р17,3-9,1,263,opys-explicit
50bf4cc4-fd9b-45fe-ad57-018dc416f010,ЦДНТА-(Р-17-3-9-1-259+++Р-17-3-9-1-259+++Р-17-3-9-1-259),Р-17-3-9-1-259,Р17,3-9,1,259,opys-explicit
6c21a2f8-c809-4d34-b170-904124c514c3,ЦДНТА-(Р-17-3-9-1-267+++Р-17-3-9-1-267+++Р-17-3-9-1-267),Р-17-3-9-1-267,Р17,3-9,1,267,opys-explicit
78b51324-8c52-4328-9e3f-9e3080d9c1b3,ЦДНТА-(Р-17-3-9-1-275+++Р-17-3-9-1-275+++Р-17-3-9-1-275),Р-17-3-9-1-275,Р17,3-9,1,275,opys-explicit
7e045d9e-27bf-4a79-a086-d3c9cfa5f71f,ЦДНТА-(Р-17-3-9-1-286+++Р-17-3-9-1-286+++Р-17-3-9-1-286),Р-17-3-9-1-286,Р17,3-9,1,286,opys-explicit
0770b44a-6e86-4b20-95e4-47e839febb42,ЦДНТА-(Р-17-3-9-1-292+++Р-17-3-9-1-292+++Р-17-3-9-1-292),Р-17-3-9-1-292,Р17,3-9,1,292,opys-explicit
747aa8ef-a567-4f59-87be-b524b16ba2fc,ЦДНТА-(Р-17-3-9-1-295+++Р-17-3-9-1-295+++Р-17-3-9-1-295),Р-17-3-9-1-295,Р17,3-9,1,295,opys-explicit
0a44b5cb-640d-4238-819d-02aa99af4eb6,ЦДНТА-(Р-107-3-36-4-1103+++Р-107-3-36-4-1103+++Р-107-3-36-4-1103),Р-107-3-36-4-1103,Р107,3-36,4,1103,opys-explicit
9cdedb99-4d0c-471a-b4de-9cf349a6a351,ЦДНТА-(Р-107-3-36-4-1120+++Р-107-3-36-4-1120+++Р-107-3-36-4-1120),Р-107-3-36-4-1120,Р107,3-36,4,1120,opys-explicit
eb4b8b3e-7d27-4df3-95e8-51c68513fd57,ЦДНТА-(Р-107-3-36-4-929+++Р-107-3-36-4-929+++Р-107-3-36-4-929),Р-107-3-36-4-929,Р107,3-36,4,929,opys-explicit
9bcf9a50-0909-40d5-b27a-1169093aa52e,ЦДНТА-(Р-107-3-36-4-1118+++Р-107-3-36-4-1118+++Р-107-3-36-4-1118),Р-107-3-36-4-1118,Р107,3-36,4,1118,opys-explicit
e76cb2e4-a49c-4d04-9154-6b64bd6f9820,ЦДНТА-(Р-107-3-36-4-1113+++Р-107-3-36-4-1113+++Р-107-3-36-4-1113),Р-107-3-36-4-1113,Р107,3-36,4,1113,opys-explicit
80df56ed-f5dc-4595-8f4d-eae11dd8b7d9,ЦДНТА-(Р-107-3-36-4-957+++Р-107-3-36-4-957+++Р-107-3-36-4-957),Р-107-3-36-4-957,Р107,3-36,4,957,opys-explicit
a8aa5929-4df7-4ae0-9f1e-6d42e11dad5a,ЦДНТА-(Р-107-3-36-4-1141+++Р-107-3-36-4-1141+++Р-107-3-36-4-1141),Р-107-3-36-4-1141,Р107,3-36,4,1141,opys-explicit
c1f6cfd0-cda7-40a7-8ce3-ef9b0485caa9,ЦДНТА-(Р-107-3-36-4-1149+++Р-107-3-36-4-1149+++Р-107-3-36-4-1149),Р-107-3-36-4-1149,Р107,3-36,4,1149,opys-explicit
28d98960-f4d4-4a8c-9a50-bc4c39d8dcf6,ЦДНТА-(Р-107-3-36-4-962+++Р-107-3-36-4-962+++Р-107-3-36-4-962),Р-107-3-36-4-962,Р107,3-36,4,962,opys-explicit
d608a07c-ca5d-42bd-85d7-f42bf1a0a6aa,ЦДНТА-(Р-107-3-36-4-1143+++Р-107-3-36-4-1143+++Р-107-3-36-4-1143),Р-107-3-36-4-1143,Р107,3-36,4,1143,opys-explicit
99729287-0a63-4978-84cc-bc4e016b923b,ЦДНТА-(Р-107-3-36-4-978+++Р-107-3-36-4-978+++Р-107-3-36-4-978),Р-107-3-36-4-978,Р107,3-36,4,978,opys-explicit
695a147b-d6d1-4cd3-b83c-985142bb1059,ЦДНТА-(Р-107-3-36-4-1155+++Р-107-3-36-4-1155+++Р-107-3-36-4-1155),Р-107-3-36-4-1155,Р107,3-36,4,1155,opys-explicit
508c01f4-283d-4df8-ac97-b20b4c2ead5a,ЦДНТА-(Р-107-3-36-4-987+++Р-107-3-36-4-987+++Р-107-3-36-4-987),Р-107-3-36-4-987,Р107,3-36,4,987,opys-explicit
443c558c-633a-4070-82b3-d67ef3b1d507,ЦДНТА-(Р-107-3-36-4-1002+++Р-107-3-36-4-1002+++Р-107-3-36-4-1002),Р-107-3-36-4-1002,Р107,3-36,4,1002,opys-explicit
3bf35e57-94ef-4d5f-871e-5b6caea5db3a,ЦДНТА-(Р-107-3-36-4-1008+++Р-107-3-36-4-1008+++Р-107-3-36-4-1008),Р-107-3-36-4-1008,Р107,3-36,4,1008,opys-explicit
d89aaaf2-2e21-484e-9ed9-d9bdce548a0f,ЦДНТА-(Р-107-3-36-4-1026+++Р-107-3-36-4-1026+++Р-107-3-36-4-1026),Р-107-3-36-4-1026,Р107,3-36,4,1026,opys-explicit
ccb27c70-65b0-4513-a364-ad5e8fc995ff,ЦДНТА-(Р-107-3-36-4-1043+++Р-107-3-36-4-1043+++Р-107-3-36-4-1043),Р-107-3-36-4-1043,Р107,3-36,4,1043,opys-explicit
aef88da2-0cb4-46ff-904f-5120ca5dea2a,ЦДНТА-(Р-107-3-36-4-1039+++Р-107-3-36-4-1039+++Р-107-3-36-4-1039),Р-107-3-36-4-1039,Р107,3-36,4,1039,opys-explicit
db2c22fa-624d-47dd-ab13-830ef4a36a9c,ЦДНТА-(Р-107-3-36-4-1053+++Р-107-3-36-4-1053+++Р-107-3-36-4-1053),Р-107-3-36-4-1053,Р107,3-36,4,1053,opys-explicit
a3595612-629d-46b1-a031-951efcfc3ff4,ЦДНТА-(Р-107-3-36-4-1095+++Р-107-3-36-4-1095+++Р-107-3-36-4-1095),Р-107-3-36-4-1095,Р107,3-36,4,1095,opys-explicit
b0647fbc-5961-40f5-bcc1-90f4f2b096af,ЦДНТА-(Р-107-3-36-4-1132+++Р-107-3-36-4-1132+++Р-107-3-36-4-1132),Р-107-3-36-4-1132,Р107,3-36,4,1132,opys-explicit
b190733c-4bf7-410f-8b4a-247060dc701a,ЦДНТА-(Р-107-3-36-4-1133+++Р-107-3-36-4-1133+++Р-107-3-36-4-1133),Р-107-3-36-4-1133,Р107,3-36,4,1133,opys-explicit
5392a93d-914d-4777-8bba-3ff2a6c03ccf,ЦДНТА-(Р-107-3-36-4-1140+++Р-107-3-36-4-1140+++Р-107-3-36-4-1140),Р-107-3-36-4-1140,Р107,3-36,4,1140,opys-explicit
c3e96f9c-3492-4278-aef0-84a72bc450c3,ЦДНТА-(Р-107-3-36-4-1160+++Р-107-3-36-4-1160+++Р-107-3-36-4-1160),Р-107-3-36-4-1160,Р107,3-36,4,1160,opys-explicit
fe73d22a-71ec-4140-904f-2cb44205d481,ЦДНТА-(Р-107-3-36-4-1154+++Р-107-3-36-4-1154+++Р-107-3-36-4-1154),Р-107-3-36-4-1154,Р107,3-36,4,1154,opys-explicit
e3a07a43-d53c-4457-97e0-de46fc6f53b5,ЦДНТА-(Р-107-3-36-4-1181+++Р-107-3-36-4-1181+++Р-107-3-36-4-1181),Р-107-3-36-4-1181,Р107,3-36,4,1181,opys-explicit
6ec52176-a836-4b34-8279-496be9736bf4,ЦДНТА-(Р-107-3-36-4-1169+++Р-107-3-36-4-1169+++Р-107-3-36-4-1169),Р-107-3-36-4-1169,Р107,3-36,4,1169,opys-explicit
55043b61-bd25-419c-8983-dbb3932393fc,ЦДНТА-(Р-107-3-36-4-1222+++Р-107-3-36-4-1222+++Р-107-3-36-4-1222),Р-107-3-36-4-1222,Р107,3-36,4,1222,opys-explicit
94988a40-089e-483d-bd12-7fe3bd597647,ЦДНТА-(Р-107-3-36-4-1233+++Р-107-3-36-4-1233+++Р-107-3-36-4-1233),Р-107-3-36-4-1233,Р107,3-36,4,1233,opys-explicit
9b78aab2-d879-49ae-8d12-3b6463b73708,ЦДНТА-(Р-107-3-36-4-1242+++Р-107-3-36-4-1242+++Р-107-3-36-4-1242),Р-107-3-36-4-1242,Р107,3-36,4,1242,opys-explicit
0d0b7f7a-9a24-4899-a11f-cdb669ec6920,ЦДНТА-(Р-107-3-36-4-1255+++Р-107-3-36-4-1255+++Р-107-3-36-4-1255),Р-107-3-36-4-1255,Р107,3-36,4,1255,opys-explicit
084a9d0e-907e-429e-bc2f-a959efae18f3,ЦДНТА-(Р-107-3-36-4-1257+++Р-107-3-36-4-1257+++Р-107-3-36-4-1257),Р-107-3-36-4-1257,Р107,3-36,4,1257,opys-explicit
b1715d20-fd3b-4c79-85bc-42872a8d2e25,ЦДНТА-(Р-107-3-36-4-1259+++Р-107-3-36-4-1259+++Р-107-3-36-4-1259),Р-107-3-36-4-1259,Р107,3-36,4,1259,opys-explicit
0dfe3e90-9786-4f8f-a36a-497ca47e4783,ЦДНТА-(Р-107-3-36-4-1266+++Р-107-3-36-4-1266+++Р-107-3-36-4-1266),Р-107-3-36-4-1266,Р107,3-36,4,1266,opys-explicit
9b19a0a1-dd9a-448a-b2f9-3dde6abaf13d,ЦДНТА-(Р-107-3-36-4-1292+++Р-107-3-36-4-1292+++Р-107-3-36-4-1292),Р-107-3-36-4-1292,Р107,3-36,4,1292,opys-explicit
051f5a21-2d38-419b-a859-c10e411b1de0,ЦДНТА-(Р-107-3-36-4-1285+++Р-107-3-36-4-1285+++Р-107-3-36-4-1285),Р-107-3-36-4-1285,Р107,3-36,4,1285,opys-explicit
10212436-fc67-4567-a2c4-cdd423add504,ЦДНТА-(Р-107-3-36-4-1308+++Р-107-3-36-4-1308+++Р-107-3-36-4-1308),Р-107-3-36-4-1308,Р107,3-36,4,1308,opys-explicit
29957271-6d58-4e66-aeab-0363dbea0297,ЦДНТА-(Р-107-3-36-4-1329+++Р-107-3-36-4-1329+++Р-107-3-36-4-1329),Р-107-3-36-4-1329,Р107,3-36,4,1329,opys-explicit
5704c358-d56a-4223-aef7-ad567383208b,ЦДНТА-(Р-107-3-36-4-1330+++Р-107-3-36-4-1330+++Р-107-3-36-4-1330),Р-107-3-36-4-1330,Р107,3-36,4,1330,opys-explicit
21e71957-2f65-45c3-b15d-92d8dedc4129,ЦДНТА-(Р-107-3-36-4-1340+++Р-107-3-36-4-1340+++Р-107-3-36-4-1340),Р-107-3-36-4-1340,Р107,3-36,4,1340,opys-explicit
9c50c7ac-676f-4648-8155-5f73c4ab34ae,ЦДНТА-(Р-107-3-36-4-1354+++Р-107-3-36-4-1354+++Р-107-3-36-4-1354),Р-107-3-36-4-1354,Р107,3-36,4,1354,opys-explicit
efa28aab-fe21-42f0-9032-0ecebb83d79c,ЦДНТА-(Р-107-3-36-4-1433+++Р-107-3-36-4-1433+++Р-107-3-36-4-1433),Р-107-3-36-4-1433,Р107,3-36,4,1433,opys-explicit
526fd464-b0bb-4290-9929-6a20a6a4a839,ЦДНТА-(Р-107-3-36-4-1412+++Р-107-3-36-4-1412+++Р-107-3-36-4-1412),Р-107-3-36-4-1412,Р107,3-36,4,1412,opys-explicit
a04efc9a-b703-4c55-9a12-0731cdc0662c,ЦДНТА-(Р-107-3-36-4-1401+++Р-107-3-36-4-1401+++Р-107-3-36-4-1401),Р-107-3-36-4-1401,Р107,3-36,4,1401,opys-explicit
875573e5-c6a0-44c3-96f8-589549ba18cd,ЦДНТА-(Р-107-3-36-4-1406+++Р-107-3-36-4-1406+++Р-107-3-36-4-1406),Р-107-3-36-4-1406,Р107,3-36,4,1406,opys-explicit
84b6b5b6-2fae-4fab-a43b-2d3e3f5da4d3,ЦДНТА-(Р-107-3-36-4-1437+++Р-107-3-36-4-1437+++Р-107-3-36-4-1437),Р-107-3-36-4-1437,Р107,3-36,4,1437,opys-explicit
322f9cfd-37b8-47e3-97fb-b859b7038224,ЦДНТА-(Р-107-3-36-4-1417+++Р-107-3-36-4-1417+++Р-107-3-36-4-1417),Р-107-3-36-4-1417,Р107,3-36,4,1417,opys-explicit
5c7872c5-fff6-4481-b225-39e8a5c78477,ЦДНТА-(Р-107-3-36-4-1454+++Р-107-3-36-4-1454+++Р-107-3-36-4-1454),Р-107-3-36-4-1454,Р107,3-36,4,1454,opys-explicit
96c5b810-3913-4a4c-9c2e-c3433040e823,ЦДНТА-(Р-107-3-36-4-1439+++Р-107-3-36-4-1439+++Р-107-3-36-4-1439),Р-107-3-36-4-1439,Р107,3-36,4,1439,opys-explicit
0fdf1ca6-630e-4126-aff8-327e9f5534a6,ЦДНТА-(Р-107-3-36-4-1455+++Р-107-3-36-4-1455+++Р-107-3-36-4-1455),Р-107-3-36-4-1455,Р107,3-36,4,1455,opys-explicit
7dbcf202-0cb4-4c0b-b0fb-da7a045131d7,ЦДНТА-(Р-107-3-36-5-1481+++Р-107-3-36-5-1481+++Р-107-3-36-5-1481),Р-107-3-36-5-1481,Р107,3-36,5,1481,opys-explicit
7715673c-e188-4b85-bc5e-5b3fbb460ad7,ЦДНТА-(Р-107-3-36-5-1486+++Р-107-3-36-5-1486+++Р-107-3-36-5-1486),Р-107-3-36-5-1486,Р107,3-36,5,1486,opys-explicit
1c66aab2-7e80-41cd-bc5a-10440f1e08e3,ЦДНТА-(Р-107-3-36-5-1500+++Р-107-3-36-5-1500+++Р-107-3-36-5-1500),Р-107-3-36-5-1500,Р107,3-36,5,1500,opys-explicit
b17ce46a-b419-4280-a558-f6543236417c,ЦДНТА-(Р-107-3-36-4-1180+++Р-107-3-36-4-1180+++Р-107-3-36-4-1180),Р-107-3-36-4-1180,Р107,3-36,4,1180,opys-explicit
f63a725a-7309-45c6-99ae-540e6a8077c4,ЦДНТА-(Р-107-3-36-5-1498+++Р-107-3-36-5-1498+++Р-107-3-36-5-1498),Р-107-3-36-5-1498,Р107,3-36,5,1498,opys-explicit
5fd2d88d-67cd-457b-beaa-7d743b87ef5e,ЦДНТА-(Р-107-3-36-4-1168+++Р-107-3-36-4-1168+++Р-107-3-36-4-1168),Р-107-3-36-4-1168,Р107,3-36,4,1168,opys-explicit
13415fd2-c1c2-4605-bfdd-d4e4bfb8b6db,ЦДНТА-(Р-107-3-36-4-1174+++Р-107-3-36-4-1174+++Р-107-3-36-4-1174),Р-107-3-36-4-1174,Р107,3-36,4,1174,opys-explicit
4f18a172-ff9e-4e00-ad90-0ab607f2ca7e,ЦДНТА-(Р-107-3-36-4-1170+++Р-107-3-36-4-1170+++Р-107-3-36-4-1170),Р-107-3-36-4-1170,Р107,3-36,4,1170,opys-explicit
79649b66-1642-4377-a2cb-f66076197e4e,ЦДНТА-(Р-107-3-36-4-1186+++Р-107-3-36-4-1186+++Р-107-3-36-4-1186),Р-107-3-36-4-1186,Р107,3-36,4,1186,opys-explicit
2a3f9a53-57c1-409a-84ca-8efc8e0fe301,ЦДНТА-(Р-107-3-36-5-1507+++Р-107-3-36-5-1507+++Р-107-3-36-5-1507),Р-107-3-36-5-1507,Р107,3-36,5,1507,opys-explicit
0c6dc5a5-987a-47da-9a0f-aba158b31211,ЦДНТА-(Р-107-3-36-5-1516+++Р-107-3-36-5-1516+++Р-107-3-36-5-1516),Р-107-3-36-5-1516,Р107,3-36,5,1516,opys-explicit
8d71074e-9b6f-4317-b5bb-3cef9b1d9432,ЦДНТА-(Р-107-3-36-5-1510+++Р-107-3-36-5-1510+++Р-107-3-36-5-1510),Р-107-3-36-5-1510,Р107,3-36,5,1510,opys-explicit
34ac56bc-a641-4889-b494-cac064cba6b0,ЦДНТА-(Р-107-3-36-4-1215+++Р-107-3-36-4-1215+++Р-107-3-36-4-1215),Р-107-3-36-4-1215,Р107,3-36,4,1215,opys-explicit
e17984ec-aa2f-46df-98f8-1903404eb0ce,ЦДНТА-(Р-107-3-36-5-1534+++Р-107-3-36-5-1534+++Р-107-3-36-5-1534),Р-107-3-36-5-1534,Р107,3-36,5,1534,opys-explicit
c28117a9-9a46-4bf3-ae23-8eea2717a166,ЦДНТА-(Р-107-3-36-4-1221+++Р-107-3-36-4-1221+++Р-107-3-36-4-1221),Р-107-3-36-4-1221,Р107,3-36,4,1221,opys-explicit
28b2e7aa-c2cd-44b2-8dd8-c42b65c0148b,ЦДНТА-(Р-107-3-36-4-1220+++Р-107-3-36-4-1220+++Р-107-3-36-4-1220),Р-107-3-36-4-1220,Р107,3-36,4,1220,opys-explicit
66a8a9a3-31d2-4e4a-887b-65b1a593dbd7,ЦДНТА-(Р-107-3-36-5-1508+++Р-107-3-36-5-1508+++Р-107-3-36-5-1508),Р-107-3-36-5-1508,Р107,3-36,5,1508,opys-explicit
5062b33b-cdef-44cf-bd80-b661811149d6,ЦДНТА-(Р-107-3-36-5-1546+++Р-107-3-36-5-1546+++Р-107-3-36-5-1546),Р-107-3-36-5-1546,Р107,3-36,5,1546,opys-explicit
c97e45a9-2ba0-48c7-8eb6-2abc4e43808f,ЦДНТА-(Р-107-3-36-4-1248+++Р-107-3-36-4-1248+++Р-107-3-36-4-1248),Р-107-3-36-4-1248,Р107,3-36,4,1248,opys-explicit
84a234d1-273a-4231-bac2-d0cc5bece985,ЦДНТА-(Р-107-3-36-5-1560+++Р-107-3-36-5-1560+++Р-107-3-36-5-1560),Р-107-3-36-5-1560,Р107,3-36,5,1560,opys-explicit
e0d1ad21-ad18-4641-bb9e-af1832d8efa9,ЦДНТА-(Р-107-3-36-4-1287+++Р-107-3-36-4-1287+++Р-107-3-36-4-1287),Р-107-3-36-4-1287,Р107,3-36,4,1287,opys-explicit
401e2ba7-2589-42ff-acc3-caa246520847,ЦДНТА-(Р-107-3-36-5-1582+++Р-107-3-36-5-1582+++Р-107-3-36-5-1582),Р-107-3-36-5-1582,Р107,3-36,5,1582,opys-explicit
fa6cd8a7-52de-4816-b3ee-5cb776a572d3,ЦДНТА-(Р-107-3-36-5-1577+++Р-107-3-36-5-1577+++Р-107-3-36-5-1577),Р-107-3-36-5-1577,Р107,3-36,5,1577,opys-explicit
a2de8a74-c8f3-46f5-92e0-f4d314dd8264,ЦДНТА-(Р-107-3-36-5-1584+++Р-107-3-36-5-1584+++Р-107-3-36-5-1584),Р-107-3-36-5-1584,Р107,3-36,5,1584,opys-explicit
4ffe013b-c00a-49bb-af20-c976f833348c,ЦДНТА-(Р-107-3-36-5-1605+++Р-107-3-36-5-1605+++Р-107-3-36-5-1605),Р-107-3-36-5-1605,Р107,3-36,5,1605,opys-explicit
3941d8ac-e697-4dd3-8232-a1196d7e156b,ЦДНТА-(Р-107-3-36-4-1338+++Р-107-3-36-4-1338+++Р-107-3-36-4-1338),Р-107-3-36-4-1338,Р107,3-36,4,1338,opys-explicit
52a84c44-73e7-4104-bea6-a7f8f6b05e4e,ЦДНТА-(Р-107-3-36-5-1606+++Р-107-3-36-5-1606+++Р-107-3-36-5-1606),Р-107-3-36-5-1606,Р107,3-36,5,1606,opys-explicit
f808cc4f-f9d4-4a89-b7b2-9a294f024c93,ЦДНТА-(Р-107-3-36-4-1371+++Р-107-3-36-4-1371+++Р-107-3-36-4-1371),Р-107-3-36-4-1371,Р107,3-36,4,1371,opys-explicit
980bd6a1-1abc-4196-b60c-093d4e5e8199,ЦДНТА-(Р-107-3-36-4-1377+++Р-107-3-36-4-1377+++Р-107-3-36-4-1377),Р-107-3-36-4-1377,Р107,3-36,4,1377,opys-explicit
8c53d186-b873-4486-83c4-b895b5ea47cd,ЦДНТА-(Р-107-3-36-4-1376+++Р-107-3-36-4-1376+++Р-107-3-36-4-1376),Р-107-3-36-4-1376,Р107,3-36,4,1376,opys-explicit
05f6369b-0536-4e7d-a0c1-143cb7acfffa,ЦДНТА-(Р-107-3-36-4-1378+++Р-107-3-36-4-1378+++Р-107-3-36-4-1378),Р-107-3-36-4-1378,Р107,3-36,4,1378,opys-explicit
5a30ae99-aed0-403b-8ce9-ac3f441edbe8,ЦДНТА-(Р-107-3-36-5-1615+++Р-107-3-36-5-1615+++Р-107-3-36-5-1615),Р-107-3-36-5-1615,Р107,3-36,5,1615,opys-explicit
cbfc5cd7-8fbb-42d6-9e3d-85c93501778d,ЦДНТА-(Р-107-3-36-5-1657+++Р-107-3-36-5-1657+++Р-107-3-36-5-1657),Р-107-3-36-5-1657,Р107,3-36,5,1657,opys-explicit
7d1e153b-3fa1-4049-9fce-2402fe3905ac,ЦДНТА-(Р-107-3-36-5-1675+++Р-107-3-36-5-1675+++Р-107-3-36-5-1675),Р-107-3-36-5-1675,Р107,3-36,5,1675,opys-explicit
b08e4a39-36fd-4091-854c-fbf1d0e9e4c5,ЦДНТА-(Р-107-3-36-4-1405+++Р-107-3-36-4-1405+++Р-107-3-36-4-1405),Р-107-3-36-4-1405,Р107,3-36,4,1405,opys-explicit
2d7a0c20-18d9-4a06-8dd9-3f979f52e3ae,ЦДНТА-(Р-107-3-36-4-1407+++Р-107-3-36-4-1407+++Р-107-3-36-4-1407),Р-107-3-36-4-1407,Р107,3-36,4,1407,opys-explicit
508fa2de-1c5f-4143-bf69-d0cb254ec953,ЦДНТА-(Р-107-3-36-4-1422+++Р-107-3-36-4-1422+++Р-107-3-36-4-1422),Р-107-3-36-4-1422,Р107,3-36,4,1422,opys-explicit
fe4b0dd8-5f98-4d6d-a25f-5751d3f6145f,ЦДНТА-(Р-107-3-36-4-1443+++Р-107-3-36-4-1443+++Р-107-3-36-4-1443),Р-107-3-36-4-1443,Р107,3-36,4,1443,opys-explicit
c9c1cc2c-cb24-416c-9883-9d49e4b07236,ЦДНТА-(Р-107-3-36-5-1459+++Р-107-3-36-5-1459+++Р-107-3-36-5-1459),Р-107-3-36-5-1459,Р107,3-36,5,1459,opys-explicit
f575ec6b-cd23-4d33-bd06-3bd9539033ae,ЦДНТА-(Р-107-3-36-5-1463+++Р-107-3-36-5-1463+++Р-107-3-36-5-1463),Р-107-3-36-5-1463,Р107,3-36,5,1463,opys-explicit
7412dc79-a46b-4bd4-8c70-0d230f26ce1c,ЦДНТА-(Р-107-3-36-5-1475+++Р-107-3-36-5-1475+++Р-107-3-36-5-1475),Р-107-3-36-5-1475,Р107,3-36,5,1475,opys-explicit
4d447e4e-1af9-4172-b790-21d34bd43f6e,ЦДНТА-(Р-107-3-36-5-1505+++Р-107-3-36-5-1505+++Р-107-3-36-5-1505),Р-107-3-36-5-1505,Р107,3-36,5,1505,opys-explicit
96d3511c-4287-4805-8927-ccf45f4bd2c7,ЦДНТА-(Р-107-3-36-5-1564+++Р-107-3-36-5-1564+++Р-107-3-36-5-1564),Р-107-3-36-5-1564,Р107,3-36,5,1564,opys-explicit
41ce3dae-0df1-4442-bc01-aef019ded152,ЦДНТА-(Р-107-3-36-5-1549+++Р-107-3-36-5-1549+++Р-107-3-36-5-1549),Р-107-3-36-5-1549,Р107,3-36,5,1549,opys-explicit
f584b625-bca7-4c51-a0e6-b50c91913477,ЦДНТА-(Р-107-3-36-5-1596+++Р-107-3-36-5-1596+++Р-107-3-36-5-1596),Р-107-3-36-5-1596,Р107,3-36,5,1596,opys-explicit
c78d1448-5376-4760-a0c3-9c6e5db9a6cd,ЦДНТА-(Р-17-3-9-4-2024+++Р-17-3-9-4-2024+++Р-17-3-9-4-2024),Р-17-3-9-4-2024,Р17,3-9,4,2024,opys-explicit
94649815-3b49-4d39-b8ff-a322c3d6f3d5,ЦДНТА-(Р-17-3-9-4-2049+++Р-17-3-9-4-2049+++Р-17-3-9-4-2049),Р-17-3-9-4-2049,Р17,3-9,4,2049,opys-explicit
172ad9b6-05bc-4e92-bc93-4666c98944c0,ЦДНТА-(Р-17-3-9-4-2031+++Р-17-3-9-4-2031+++Р-17-3-9-4-2031),Р-17-3-9-4-2031,Р17,3-9,4,2031,opys-explicit
f4367a33-dd92-427a-b233-360686c24ca2,ЦДНТА-(Р-17-3-9-4-2017+++Р-17-3-9-4-2017+++Р-17-3-9-4-2017),Р-17-3-9-4-2017,Р17,3-9,4,2017,opys-explicit
9340aff8-7e15-440c-852b-a81cc75da6a9,ЦДНТА-(Р-17-3-9-4-2074+++Р-17-3-9-4-2074+++Р-17-3-9-4-2074),Р-17-3-9-4-2074,Р17,3-9,4,2074,opys-explicit
289692af-b2cf-44a9-8107-cbebc0298d96,ЦДНТА-(Р-17-3-9-4-2061+++Р-17-3-9-4-2061+++Р-17-3-9-4-2061),Р-17-3-9-4-2061,Р17,3-9,4,2061,opys-explicit
6518a3c9-9475-4377-a9c0-442d6957b428,ЦДНТА-(Р-17-3-9-4-2060+++Р-17-3-9-4-2060+++Р-17-3-9-4-2060),Р-17-3-9-4-2060,Р17,3-9,4,2060,opys-explicit
9e458e91-56d4-4e7d-a58d-8df5cb5eb655,ЦДНТА-(Р-17-3-9-4-2008+++Р-17-3-9-4-2008+++Р-17-3-9-4-2008),Р-17-3-9-4-2008,Р17,3-9,4,2008,opys-explicit
1414ebc6-cc32-47b2-bb3e-9b8f0a11ede6,ЦДНТА-(Р-17-3-9-4-2019+++Р-17-3-9-4-2019+++Р-17-3-9-4-2019),Р-17-3-9-4-2019,Р17,3-9,4,2019,opys-explicit
b7ba6d15-d4ad-4a71-841a-ab17dbdc9a2a,ЦДНТА-(Р-17-3-9-4-2036+++Р-17-3-9-4-2036+++Р-17-3-9-4-2036),Р-17-3-9-4-2036,Р17,3-9,4,2036,opys-explicit
c9565f66-2885-46f0-bc79-68fb2cad9ab3,ЦДНТА-(Р-17-3-9-4-2069+++Р-17-3-9-4-2069+++Р-17-3-9-4-2069),Р-17-3-9-4-2069,Р17,3-9,4,2069,opys-explicit
4b5612ba-d945-432b-8eb5-4fb3c640e0a6,ЦДНТА-(Р-17-3-9-4-2063+++Р-17-3-9-4-2063+++Р-17-3-9-4-2063),Р-17-3-9-4-2063,Р17,3-9,4,2063,opys-explicit
e75ed606-2900-4ae9-aa80-7dc0f079852e,ЦДНТА-(Р-17-3-9-4-2068+++Р-17-3-9-4-2068+++Р-17-3-9-4-2068),Р-17-3-9-4-2068,Р17,3-9,4,2068,opys-explicit
a738e781-e5ba-458f-8807-5276cc494bd9,ЦДНТА-(Р-17-3-9-4-2034+++Р-17-3-9-4-2034+++Р-17-3-9-4-2034),Р-17-3-9-4-2034,Р17,3-9,4,2034,opys-explicit
fc369fe3-718f-48ee-a0fc-2de6e4c72699,ЦДНТА-(Р-17-3-9-4-2037+++Р-17-3-9-4-2037+++Р-17-3-9-4-2037),Р-17-3-9-4-2037,Р17,3-9,4,2037,opys-explicit
a370261e-f3ed-4553-b74f-14a2f0f4539c,ЦДНТА-(Р-17-3-9-4-2117+++Р-17-3-9-4-2117+++Р-17-3-9-4-2117),Р-17-3-9-4-2117,Р17,3-9,4,2117,opys-explicit
09bf6d0c-112e-4f33-ad6b-7952de8ffbce,ЦДНТА-(Р-17-3-9-4-2075+++Р-17-3-9-4-2075+++Р-17-3-9-4-2075),Р-17-3-9-4-2075,Р17,3-9,4,2075,opys-explicit
6f39c74d-54e5-407c-baa4-f292ba265d62,ЦДНТА-(Р-17-3-9-4-2097+++Р-17-3-9-4-2097+++Р-17-3-9-4-2097),Р-17-3-9-4-2097,Р17,3-9,4,2097,opys-explicit
755358c1-e5db-498a-b026-bf4ebd2c6987,ЦДНТА-(Р-17-3-9-4-2077+++Р-17-3-9-4-2077+++Р-17-3-9-4-2077),Р-17-3-9-4-2077,Р17,3-9,4,2077,opys-explicit
3165447b-03b8-4f27-bc55-a9ef90fea898,ЦДНТА-(Р-17-3-9-4-2040+++Р-17-3-9-4-2040+++Р-17-3-9-4-2040),Р-17-3-9-4-2040,Р17,3-9,4,2040,opys-explicit
c5896bef-a827-45a8-9f8a-e3d6e0e3bd0c,ЦДНТА-(Р-17-3-9-4-2162+++Р-17-3-9-4-2162+++Р-17-3-9-4-2162),Р-17-3-9-4-2162,Р17,3-9,4,2162,opys-explicit
4a5de41c-5078-4165-85eb-1f4671405176,ЦДНТА-(Р-17-3-9-4-2015+++Р-17-3-9-4-2015+++Р-17-3-9-4-2015),Р-17-3-9-4-2015,Р17,3-9,4,2015,opys-explicit
022f3c86-0c35-43d7-bb43-4577808a53d3,ЦДНТА-(Р-17-3-9-4-2223+++Р-17-3-9-4-2223+++Р-17-3-9-4-2223),Р-17-3-9-4-2223,Р17,3-9,4,2223,opys-explicit
cecd1dea-da8c-41b3-b6c7-620ddeec218b,ЦДНТА-(Р-17-3-9-4-2111+++Р-17-3-9-4-2111+++Р-17-3-9-4-2111),Р-17-3-9-4-2111,Р17,3-9,4,2111,opys-explicit
aac83dac-5b46-48e8-8776-0353c03d5e5f,ЦДНТА-(Р-17-3-9-4-2039+++Р-17-3-9-4-2039+++Р-17-3-9-4-2039),Р-17-3-9-4-2039,Р17,3-9,4,2039,opys-explicit
cbd4d29e-d4a2-4fff-8ca0-6306f9defa09,ЦДНТА-(Р-17-3-9-4-2202+++Р-17-3-9-4-2202+++Р-17-3-9-4-2202),Р-17-3-9-4-2202,Р17,3-9,4,2202,opys-explicit
1c033aa6-b7c1-4b7b-93e7-ad8bb73d2ed1,ЦДНТА-(Р-17-3-9-4-2172+++Р-17-3-9-4-2172+++Р-17-3-9-4-2172),Р-17-3-9-4-2172,Р17,3-9,4,2172,opys-explicit
caaefee8-990e-471b-a2cd-9b07b02a0838,ЦДНТА-(Р-17-3-9-4-2164+++Р-17-3-9-4-2164+++Р-17-3-9-4-2164),Р-17-3-9-4-2164,Р17,3-9,4,2164,opys-explicit
1457c814-86d4-4fab-a1fe-5b87e10a364b,ЦДНТА-(Р-17-3-9-4-2196+++Р-17-3-9-4-2196+++Р-17-3-9-4-2196),Р-17-3-9-4-2196,Р17,3-9,4,2196,opys-explicit
82b90419-4765-42a6-8852-92c44f8fbc24,ЦДНТА-(Р-17-3-9-4-2070+++Р-17-3-9-4-2070+++Р-17-3-9-4-2070),Р-17-3-9-4-2070,Р17,3-9,4,2070,opys-explicit
7190d02f-dafd-41c5-8429-6f92c0cc67b4,ЦДНТА-(Р-17-3-9-4-2232+++Р-17-3-9-4-2232+++Р-17-3-9-4-2232),Р-17-3-9-4-2232,Р17,3-9,4,2232,opys-explicit
4e7a9148-6e10-4086-970f-49076d36d42e,ЦДНТА-(Р-17-3-9-4-2189+++Р-17-3-9-4-2189+++Р-17-3-9-4-2189),Р-17-3-9-4-2189,Р17,3-9,4,2189,opys-explicit
aba2f0ac-2d23-4e7e-92f2-ebc5cdd5dd03,ЦДНТА-(Р-17-3-9-4-2123+++Р-17-3-9-4-2123+++Р-17-3-9-4-2123),Р-17-3-9-4-2123,Р17,3-9,4,2123,opys-explicit
292ea720-b227-4f30-9971-1dfc2918061c,ЦДНТА-(Р-17-3-9-4-2152+++Р-17-3-9-4-2152+++Р-17-3-9-4-2152),Р-17-3-9-4-2152,Р17,3-9,4,2152,opys-explicit
5b580c75-f8fe-4fde-9ed4-c48402ef14ff,ЦДНТА-(Р-17-3-9-4-2276+++Р-17-3-9-4-2276+++Р-17-3-9-4-2276),Р-17-3-9-4-2276,Р17,3-9,4,2276,opys-explicit
21d51b9e-11a6-45df-8ee9-784d82153781,ЦДНТА-(Р-17-3-9-4-2043+++Р-17-3-9-4-2043+++Р-17-3-9-4-2043),Р-17-3-9-4-2043,Р17,3-9,4,2043,opys-explicit
338566c1-8e83-469d-a4cc-f675bbfa71bb,ЦДНТА-(Р-107-3-36-1-161+++Р-107-3-36-1-161+++Р-107-3-36-1-161),Р-107-3-36-1-161,Р107,3-36,1,161,opys-explicit+outofrange
72875dbd-a3e7-42e3-a21f-8028bf578fdc,ЦДНТА-(Р-107-3-36-1-149+++Р-107-3-36-1-149+++Р-107-3-36-1-149),Р-107-3-36-1-149,Р107,3-36,1,149,opys-explicit+outofrange
64f2e08f-1dbc-4427-8161-21d7d45b32c2,ЦДНТА-(Р-107-3-36-2-192+++Р-107-3-36-2-192+++Р-107-3-36-2-192),Р-107-3-36-2-192,Р107,3-36,2,192,opys-explicit
6a02cb26-a309-4cc5-9793-995923f26d7b,ЦДНТА-(Р-107-3-36-3-699+++Р-107-3-36-3-699+++Р-107-3-36-3-699),Р-107-3-36-3-699,Р107,3-36,3,699,opys-explicit
4113e20f-493f-4831-9d19-fe1c08b5737d,ЦДНТА-(Р-107-3-36-3-715+++Р-107-3-36-3-715+++Р-107-3-36-3-715),Р-107-3-36-3-715,Р107,3-36,3,715,opys-explicit
9a96d5e6-e9e9-4d2c-8209-1715d8d21816,ЦДНТА-(Р-107-3-36-3-812+++Р-107-3-36-3-812+++Р-107-3-36-3-812),Р-107-3-36-3-812,Р107,3-36,3,812,opys-explicit
48d76a6a-d751-49c1-8766-c519aac9cbab,ЦДНТА-(Р-107-3-36-3-792+++Р-107-3-36-3-792+++Р-107-3-36-3-792),Р-107-3-36-3-792,Р107,3-36,3,792,opys-explicit
f9b44934-e444-4551-a79b-482cdea0f40d,ЦДНТА-(Р-107-3-36-3-826+++Р-107-3-36-3-826+++Р-107-3-36-3-826),Р-107-3-36-3-826,Р107,3-36,3,826,opys-explicit
c040c8cb-11b1-478a-8a5b-03f05cbc7dbd,ЦДНТА-(Р-107-3-36-3-856+++Р-107-3-36-3-856+++Р-107-3-36-3-856),Р-107-3-36-3-856,Р107,3-36,3,856,opys-explicit
32800b57-9ca3-429b-8e80-fd29c6070921,ЦДНТА-(Р-107-3-36-3-851+++Р-107-3-36-3-851+++Р-107-3-36-3-851),Р-107-3-36-3-851,Р107,3-36,3,851,opys-explicit
a22cde6a-9b88-4574-86cd-32b57d3f1b6a,ЦДНТА-(Р-107-3-36-3-836+++Р-107-3-36-3-836+++Р-107-3-36-3-836),Р-107-3-36-3-836,Р107,3-36,3,836,opys-explicit
b3f80311-91be-4987-9335-5cc668841696,ЦДНТА-(Р-107-3-36-1-121+++Р-107-3-36-1-121+++Р-107-3-36-1-121),Р-107-3-36-1-121,Р107,3-36,1,121,opys-explicit+outofrange
24f54d5b-1bdc-43bf-b080-dca37370173a,ЦДНТА-(Р-107-3-36-2-185+++Р-107-3-36-2-185+++Р-107-3-36-2-185),Р-107-3-36-2-185,Р107,3-36,2,185,opys-explicit
f508dc05-c5e5-4e06-bfd7-a6f79e27c062,ЦДНТА-(Р-107-3-36-1-132+++Р-107-3-36-1-132+++Р-107-3-36-1-132),Р-107-3-36-1-132,Р107,3-36,1,132,opys-explicit+outofrange
0ef8282f-d72b-499c-9611-4c7a7e8f4516,ЦДНТА-(Р-107-3-36-1-133+++Р-107-3-36-1-133+++Р-107-3-36-1-133),Р-107-3-36-1-133,Р107,3-36,1,133,opys-explicit+outofrange
b1b127b5-0b3b-4d23-ab69-04f951100dd8,ЦДНТА-(Р-107-3-36-1-172+++Р-107-3-36-1-172+++Р-107-3-36-1-172),Р-107-3-36-1-172,Р107,3-36,1,172,opys-explicit+outofrange
84bc6e9d-3719-4028-b827-7b99061a10b0,ЦДНТА-(Р-17-3-9-4-2275+++Р-17-3-9-4-2275+++Р-17-3-9-4-2275),Р-17-3-9-4-2275,Р17,3-9,4,2275,opys-explicit
dc0e29ef-6912-4a2b-aac5-ef0227f66d42,ЦДНТА-(Р-17-3-9-4-2195+++Р-17-3-9-4-2195+++Р-17-3-9-4-2195),Р-17-3-9-4-2195,Р17,3-9,4,2195,opys-explicit
dc8e979c-935c-4583-a0cc-793e228e3f8c,ЦДНТА-(Р-17-3-9-4-2201+++Р-17-3-9-4-2201+++Р-17-3-9-4-2201),Р-17-3-9-4-2201,Р17,3-9,4,2201,opys-explicit
36da9656-66f5-429c-896d-9d6a41257f6c,ЦДНТА-(Р-17-3-9-4-2143+++Р-17-3-9-4-2143+++Р-17-3-9-4-2143),Р-17-3-9-4-2143,Р17,3-9,4,2143,opys-explicit
fad9251f-4472-4b94-93b3-277210fb11ad,ЦДНТА-(Р-17-3-9-4-2244+++Р-17-3-9-4-2244+++Р-17-3-9-4-2244),Р-17-3-9-4-2244,Р17,3-9,4,2244,opys-explicit
f8976038-2e64-41bb-acf7-0cb0f2a34829,ЦДНТА-(Р-17-3-9-4-2261+++Р-17-3-9-4-2261+++Р-17-3-9-4-2261),Р-17-3-9-4-2261,Р17,3-9,4,2261,opys-explicit
0aa0b65e-ea7e-4cda-8415-4028fca5a6f7,ЦДНТА-(Р-17-3-9-4-2154+++Р-17-3-9-4-2154+++Р-17-3-9-4-2154),Р-17-3-9-4-2154,Р17,3-9,4,2154,opys-explicit
792b0bf5-b621-43b1-b352-68fee88713be,ЦДНТА-(Р-17-3-9-4-2220+++Р-17-3-9-4-2220+++Р-17-3-9-4-2220),Р-17-3-9-4-2220,Р17,3-9,4,2220,opys-explicit
c9620302-cadf-4899-aa44-e9f86d3e7abe,ЦДНТА-(Р-17-3-9-4-2145+++Р-17-3-9-4-2145+++Р-17-3-9-4-2145),Р-17-3-9-4-2145,Р17,3-9,4,2145,opys-explicit
ca2d7a0c-34e9-45a9-83d7-c08a3bc9fe27,ЦДНТА-(Р-17-3-9-4-2200+++Р-17-3-9-4-2200+++Р-17-3-9-4-2200),Р-17-3-9-4-2200,Р17,3-9,4,2200,opys-explicit
7679e26d-fcf2-4aee-8df8-0f91ef2b6d3a,ЦДНТА-(Р-17-3-9-4-2153+++Р-17-3-9-4-2153+++Р-17-3-9-4-2153),Р-17-3-9-4-2153,Р17,3-9,4,2153,opys-explicit
122e8f0e-db7a-49b3-9408-3f983ecea2e9,ЦДНТА-(Р-17-3-9-4-2187+++Р-17-3-9-4-2187+++Р-17-3-9-4-2187),Р-17-3-9-4-2187,Р17,3-9,4,2187,opys-explicit
f4958980-0ff1-4c1f-91c8-c30561fd76fa,ЦДНТА-(Р-17-3-9-4-2086+++Р-17-3-9-4-2086+++Р-17-3-9-4-2086),Р-17-3-9-4-2086,Р17,3-9,4,2086,opys-explicit
f0b05824-30de-4b8a-a8ef-5e4b3887b010,ЦДНТА-(Р-17-3-9-4-2106+++Р-17-3-9-4-2106+++Р-17-3-9-4-2106),Р-17-3-9-4-2106,Р17,3-9,4,2106,opys-explicit
f42b38f2-449a-40f3-a9f7-0a451448efde,ЦДНТА-(Р-17-3-9-4-2222+++Р-17-3-9-4-2222+++Р-17-3-9-4-2222),Р-17-3-9-4-2222,Р17,3-9,4,2222,opys-explicit
bd6be7ed-d015-4d46-a635-d31f569bce5b,ЦДНТА-(Р-17-3-9-4-2191+++Р-17-3-9-4-2191+++Р-17-3-9-4-2191),Р-17-3-9-4-2191,Р17,3-9,4,2191,opys-explicit
c58d3a1b-b8a6-40a4-b87b-52e9882271b4,ЦДНТА-(Р-17-3-9-4-2197+++Р-17-3-9-4-2197+++Р-17-3-9-4-2197),Р-17-3-9-4-2197,Р17,3-9,4,2197,opys-explicit
78289ae2-db9b-4637-b008-447ed2b1589d,ЦДНТА-(Р-17-3-9-4-2267+++Р-17-3-9-4-2267+++Р-17-3-9-4-2267),Р-17-3-9-4-2267,Р17,3-9,4,2267,opys-explicit
949b3e7e-0861-4685-88d4-5e761ba43076,ЦДНТА-(Р-17-3-9-4-2251+++Р-17-3-9-4-2251+++Р-17-3-9-4-2251),Р-17-3-9-4-2251,Р17,3-9,4,2251,opys-explicit
971cb3ca-4601-4be9-be2a-eeb35740d05c,ЦДНТА-(Р-17-3-9-4-2160+++Р-17-3-9-4-2160+++Р-17-3-9-4-2160),Р-17-3-9-4-2160,Р17,3-9,4,2160,opys-explicit
ace04ab8-bc4a-4cd1-8cfc-5d2619100a02,ЦДНТА-(Р-17-3-9-4-2213+++Р-17-3-9-4-2213+++Р-17-3-9-4-2213),Р-17-3-9-4-2213,Р17,3-9,4,2213,opys-explicit
8a07a2c4-6353-445b-98f1-2a9b3410fe6b,ЦДНТА-(Р-17-3-9-4-2121+++Р-17-3-9-4-2121+++Р-17-3-9-4-2121),Р-17-3-9-4-2121,Р17,3-9,4,2121,opys-explicit
41772a58-b9c4-49fd-916a-8c5687c3940b,ЦДНТА-(Р-17-3-9-4-2246+++Р-17-3-9-4-2246+++Р-17-3-9-4-2246),Р-17-3-9-4-2246,Р17,3-9,4,2246,opys-explicit
a76fb472-91fe-4b53-85ac-1b5a60a83f87,ЦДНТА-(Р-17-3-9-4-2240+++Р-17-3-9-4-2240+++Р-17-3-9-4-2240),Р-17-3-9-4-2240,Р17,3-9,4,2240,opys-explicit
3371bb60-8f69-4fc6-a8c7-075edf387960,ЦДНТА-(Р-17-3-9-4-2270+++Р-17-3-9-4-2270+++Р-17-3-9-4-2270),Р-17-3-9-4-2270,Р17,3-9,4,2270,opys-explicit
2701449e-bada-46a9-8384-6652e0de2611,ЦДНТА-(Р-17-3-9-4-2277+++Р-17-3-9-4-2277+++Р-17-3-9-4-2277),Р-17-3-9-4-2277,Р17,3-9,4,2277,opys-explicit
79cbdb95-ddcb-46a2-953a-6cdf633065c8,ЦДНТА-(Р-17-3-9-4-2279+++Р-17-3-9-4-2279+++Р-17-3-9-4-2279),Р-17-3-9-4-2279,Р17,3-9,4,2279,opys-explicit
e8406358-a398-42bb-a64d-3fdbabf96313,ЦДНТА-(Р-17-3-9-4-2260+++Р-17-3-9-4-2260+++Р-17-3-9-4-2260),Р-17-3-9-4-2260,Р17,3-9,4,2260,opys-explicit
3c1013df-eb52-4e1c-bbf6-168215625f46,ЦДНТА-(Р-107-3-36-1-127+++Р-107-3-36-1-127+++Р-107-3-36-1-127),Р-107-3-36-1-127,Р107,3-36,1,127,opys-explicit+outofrange
af564bad-5e99-4d56-b666-3f74112b6a1d,ЦДНТА-(Р-107-3-36-1-155+++Р-107-3-36-1-155+++Р-107-3-36-1-155),Р-107-3-36-1-155,Р107,3-36,1,155,opys-explicit+outofrange
899fd9da-133b-4d70-80ea-854f60bb9707,ЦДНТА-(Р-107-3-36-1-166+++Р-107-3-36-1-166+++Р-107-3-36-1-166),Р-107-3-36-1-166,Р107,3-36,1,166,opys-explicit+outofrange
dd10e5ce-2067-4e67-b169-4a74a0930ff9,ЦДНТА-(Р-107-3-36-3-282+++Р-107-3-36-3-282+++Р-107-3-36-3-282),Р-107-3-36-3-282,Р107,3-36,3,282,opys-explicit
8877db76-db91-42e2-8e3f-f89705f5fc99,ЦДНТА-(Р-107-3-36-3-300+++Р-107-3-36-3-300+++Р-107-3-36-3-300),Р-107-3-36-3-300,Р107,3-36,3,300,opys-explicit
3d9dcd74-21c0-4a19-85df-131c705a7060,ЦДНТА-(Р-107-3-36-3-329+++Р-107-3-36-3-329+++Р-107-3-36-3-329),Р-107-3-36-3-329,Р107,3-36,3,329,opys-explicit
7e59e7b2-4bae-4dfe-a6ef-4d005699e850,ЦДНТА-(Р-107-3-36-3-335+++Р-107-3-36-3-335+++Р-107-3-36-3-335),Р-107-3-36-3-335,Р107,3-36,3,335,opys-explicit
8a41e024-3d21-40bf-a8ab-80e7213448ac,ЦДНТА-(Р-107-3-36-3-369+++Р-107-3-36-3-369+++Р-107-3-36-3-369),Р-107-3-36-3-369,Р107,3-36,3,369,opys-explicit
ce34d3e8-51b8-4301-a980-5c6fa274d060,ЦДНТА-(Р-107-3-36-3-375+++Р-107-3-36-3-375+++Р-107-3-36-3-375),Р-107-3-36-3-375,Р107,3-36,3,375,opys-explicit
10837886-83f3-4365-89f5-555924fc0779,ЦДНТА-(Р-107-3-36-3-425+++Р-107-3-36-3-425+++Р-107-3-36-3-425),Р-107-3-36-3-425,Р107,3-36,3,425,opys-explicit
86726b9d-b025-4516-8f7c-6bf4aa134567,ЦДНТА-(Р-107-3-36-3-444+++Р-107-3-36-3-444+++Р-107-3-36-3-444),Р-107-3-36-3-444,Р107,3-36,3,444,opys-explicit
37659515-afca-4255-b732-a771d399fcac,ЦДНТА-(Р-107-3-36-3-707+++Р-107-3-36-3-707+++Р-107-3-36-3-707),Р-107-3-36-3-707,Р107,3-36,3,707,opys-explicit
976235dd-4e45-4efc-b8d3-6f4b6ed62a51,ЦДНТА-(Р-107-3-36-3-730+++Р-107-3-36-3-730+++Р-107-3-36-3-730),Р-107-3-36-3-730,Р107,3-36,3,730,opys-explicit
acb98362-5c2b-4f77-a73f-cc7bf009432a,ЦДНТА-(Р-107-3-36-3-742+++Р-107-3-36-3-742+++Р-107-3-36-3-742),Р-107-3-36-3-742,Р107,3-36,3,742,opys-explicit
d36a012d-57f1-43e3-ad57-8740eae28f96,ЦДНТА-(Р-107-3-36-3-767+++Р-107-3-36-3-767+++Р-107-3-36-3-767),Р-107-3-36-3-767,Р107,3-36,3,767,opys-explicit
7370c5ed-3d4c-4926-858a-536887373373,ЦДНТА-(Р-107-3-36-3-778+++Р-107-3-36-3-778+++Р-107-3-36-3-778),Р-107-3-36-3-778,Р107,3-36,3,778,opys-explicit
17407ab8-b5c8-4ae4-8820-7e80a402d37e,ЦДНТА-(Р-107-3-36-3-780+++Р-107-3-36-3-780+++Р-107-3-36-3-780),Р-107-3-36-3-780,Р107,3-36,3,780,opys-explicit
00def002-483b-4bd9-84be-22f03d03b430,ЦДНТА-(Р-107-3-36-3-795+++Р-107-3-36-3-795+++Р-107-3-36-3-795),Р-107-3-36-3-795,Р107,3-36,3,795,opys-explicit
a54b6fdd-2fe0-4a60-8532-ef47e7adb011,ЦДНТА-(Р-107-3-36-3-806+++Р-107-3-36-3-806+++Р-107-3-36-3-806),Р-107-3-36-3-806,Р107,3-36,3,806,opys-explicit
1bf5b9e0-439f-4719-a2ee-18eacc05d29d,ЦДНТА-(Р-107-3-36-3-809+++Р-107-3-36-3-809+++Р-107-3-36-3-809),Р-107-3-36-3-809,Р107,3-36,3,809,opys-explicit
51f44b36-bc76-411e-bda0-846c87015869,ЦДНТА-(Р-107-3-36-3-822+++Р-107-3-36-3-822+++Р-107-3-36-3-822),Р-107-3-36-3-822,Р107,3-36,3,822,opys-explicit
c43a855d-8dde-42c8-905c-1bdf107ee2c0,ЦДНТА-(Р-107-3-36-3-824+++Р-107-3-36-3-824+++Р-107-3-36-3-824),Р-107-3-36-3-824,Р107,3-36,3,824,opys-explicit
229343a8-29bc-467b-8b0d-791120ea6093,ЦДНТА-(Р-107-3-36-3-831+++Р-107-3-36-3-831+++Р-107-3-36-3-831),Р-107-3-36-3-831,Р107,3-36,3,831,opys-explicit
3fae5544-03ef-43a0-9f6c-0661b48ee124,ЦДНТА-(Р-107-3-36-3-839+++Р-107-3-36-3-839+++Р-107-3-36-3-839),Р-107-3-36-3-839,Р107,3-36,3,839,opys-explicit
4b17dcda-4459-4fd9-943b-2ae4a8ab3ef5,ЦДНТА-(Р-107-3-36-1-178+++Р-107-3-36-1-178+++Р-107-3-36-1-178),Р-107-3-36-1-178,Р107,3-36,1,178,opys-explicit+outofrange
c0982636-a8ea-4da2-872a-54628da840f1,ЦДНТА-(Р-107-3-36-1-162+++Р-107-3-36-1-162+++Р-107-3-36-1-162),Р-107-3-36-1-162,Р107,3-36,1,162,opys-explicit+outofrange
40fc7c60-5bb2-44f5-9ede-1b65551feae3,ЦДНТА-(Р-17-3-9-4-2278+++Р-17-3-9-4-2278+++Р-17-3-9-4-2278),Р-17-3-9-4-2278,Р17,3-9,4,2278,opys-explicit
6a4ff0ec-a9a3-4a18-98cb-61d1575e623f,ЦДНТА-(Р-17-3-9-4-2282+++Р-17-3-9-4-2282+++Р-17-3-9-4-2282),Р-17-3-9-4-2282,Р17,3-9,4,2282,opys-explicit
a963cba5-8ed0-445d-8e8a-ed86881f46c2,ЦДНТА-(Р-17-3-9-4-2173+++Р-17-3-9-4-2173+++Р-17-3-9-4-2173),Р-17-3-9-4-2173,Р17,3-9,4,2173,opys-explicit
5bcf4fd0-0ad9-42c3-abee-520d88813095,ЦДНТА-(Р-17-3-9-4-2212+++Р-17-3-9-4-2212+++Р-17-3-9-4-2212),Р-17-3-9-4-2212,Р17,3-9,4,2212,opys-explicit
565d2758-58df-4cd1-b386-3129c2c2a160,ЦДНТА-(Р-17-3-9-4-2216+++Р-17-3-9-4-2216+++Р-17-3-9-4-2216),Р-17-3-9-4-2216,Р17,3-9,4,2216,opys-explicit
8ec0586c-329e-48ca-a143-e369211829fa,ЦДНТА-(Р-17-3-9-4-2268+++Р-17-3-9-4-2268+++Р-17-3-9-4-2268),Р-17-3-9-4-2268,Р17,3-9,4,2268,opys-explicit
772b88f7-caee-4acc-9a5b-b33a966cea6f,ЦДНТА-(Р-17-3-9-4-2253+++Р-17-3-9-4-2253+++Р-17-3-9-4-2253),Р-17-3-9-4-2253,Р17,3-9,4,2253,opys-explicit
e9364f73-b544-455b-a1ab-a8a7d3a7b99f,ЦДНТА-(Р-17-3-9-4-2291+++Р-17-3-9-4-2291+++Р-17-3-9-4-2291),Р-17-3-9-4-2291,Р17,3-9,4,2291,opys-explicit
ea1029fa-4762-4d4f-8d7f-06d05c78a9d8,ЦДНТА-(Р-107-3-36-4-1179+++Р-107-3-36-4-1179+++Р-107-3-36-4-1179),Р-107-3-36-4-1179,Р107,3-36,4,1179,opys-explicit
6aee44f9-8d49-4139-8ff4-e9c4bae80879,ЦДНТА-(Р-107-3-36-4-1177+++Р-107-3-36-4-1177+++Р-107-3-36-4-1177),Р-107-3-36-4-1177,Р107,3-36,4,1177,opys-explicit
3826a03d-9e4a-4745-9c94-33bc82f01f32,ЦДНТА-(Р-107-3-36-4-1219+++Р-107-3-36-4-1219+++Р-107-3-36-4-1219),Р-107-3-36-4-1219,Р107,3-36,4,1219,opys-explicit
e85b3f76-6e65-412b-b3e7-56df179a6f7e,ЦДНТА-(Р-107-3-36-4-1226+++Р-107-3-36-4-1226+++Р-107-3-36-4-1226),Р-107-3-36-4-1226,Р107,3-36,4,1226,opys-explicit
c5fd0dbf-ebd2-4d23-bccb-60bf07eb5864,ЦДНТА-(Р-107-3-36-4-1224+++Р-107-3-36-4-1224+++Р-107-3-36-4-1224),Р-107-3-36-4-1224,Р107,3-36,4,1224,opys-explicit
e0445f17-1ea6-4728-a2b6-bb718a444015,ЦДНТА-(Р-107-3-36-4-1225+++Р-107-3-36-4-1225+++Р-107-3-36-4-1225),Р-107-3-36-4-1225,Р107,3-36,4,1225,opys-explicit
5412214b-a1f1-485c-8a2b-6ed4ab7d0a2b,ЦДНТА-(Р-107-3-36-4-1241+++Р-107-3-36-4-1241+++Р-107-3-36-4-1241),Р-107-3-36-4-1241,Р107,3-36,4,1241,opys-explicit
68319b8d-fc73-4543-b290-f9133fc6074e,ЦДНТА-(Р-107-3-36-4-1253+++Р-107-3-36-4-1253+++Р-107-3-36-4-1253),Р-107-3-36-4-1253,Р107,3-36,4,1253,opys-explicit
15f4ef45-71de-47fa-a879-9dab01159f34,ЦДНТА-(Р-107-3-36-4-1261+++Р-107-3-36-4-1261+++Р-107-3-36-4-1261),Р-107-3-36-4-1261,Р107,3-36,4,1261,opys-explicit
269b3cb2-4c6c-475e-98e3-c92947b018c1,ЦДНТА-(Р-107-3-36-4-1249+++Р-107-3-36-4-1249+++Р-107-3-36-4-1249),Р-107-3-36-4-1249,Р107,3-36,4,1249,opys-explicit
935e0511-50b9-40a3-9d67-0b19e8e210be,ЦДНТА-(Р-107-3-36-4-1252+++Р-107-3-36-4-1252+++Р-107-3-36-4-1252),Р-107-3-36-4-1252,Р107,3-36,4,1252,opys-explicit
5a324c71-fcd1-4813-831b-2884d70501ed,ЦДНТА-(Р-107-3-36-4-1272+++Р-107-3-36-4-1272+++Р-107-3-36-4-1272),Р-107-3-36-4-1272,Р107,3-36,4,1272,opys-explicit
975c7be3-6c18-481f-b467-ea74c108e8f4,ЦДНТА-(Р-107-3-36-4-1291+++Р-107-3-36-4-1291+++Р-107-3-36-4-1291),Р-107-3-36-4-1291,Р107,3-36,4,1291,opys-explicit
2ac534a8-03ca-4d65-85b2-fe28cf1779fe,ЦДНТА-(Р-107-3-36-4-1297+++Р-107-3-36-4-1297+++Р-107-3-36-4-1297),Р-107-3-36-4-1297,Р107,3-36,4,1297,opys-explicit
41800e97-86d8-4d63-84a9-3bf8bc29da77,ЦДНТА-(Р-107-3-36-4-1302+++Р-107-3-36-4-1302+++Р-107-3-36-4-1302),Р-107-3-36-4-1302,Р107,3-36,4,1302,opys-explicit
fa2b5e0d-5f25-4ab9-92c4-c36c0982b6be,ЦДНТА-(Р-107-3-36-4-1319+++Р-107-3-36-4-1319+++Р-107-3-36-4-1319),Р-107-3-36-4-1319,Р107,3-36,4,1319,opys-explicit
9869d63c-2e27-4a66-8085-3238d875ffc6,ЦДНТА-(Р-107-3-36-4-1313+++Р-107-3-36-4-1313+++Р-107-3-36-4-1313),Р-107-3-36-4-1313,Р107,3-36,4,1313,opys-explicit
5b18e4b2-a33b-42f1-9911-9fd3ee07a177,ЦДНТА-(Р-107-3-36-4-1337+++Р-107-3-36-4-1337+++Р-107-3-36-4-1337),Р-107-3-36-4-1337,Р107,3-36,4,1337,opys-explicit
6eca7248-01f9-453f-8fd4-e828756e7c9c,ЦДНТА-(Р-107-3-36-4-1336+++Р-107-3-36-4-1336+++Р-107-3-36-4-1336),Р-107-3-36-4-1336,Р107,3-36,4,1336,opys-explicit
6ff097b1-516e-4976-9ee3-102a96de0532,ЦДНТА-(Р-107-3-36-4-1341+++Р-107-3-36-4-1341+++Р-107-3-36-4-1341),Р-107-3-36-4-1341,Р107,3-36,4,1341,opys-explicit
f5d26009-aedb-474c-a692-a621c6345f78,ЦДНТА-(Р-107-3-36-4-1351+++Р-107-3-36-4-1351+++Р-107-3-36-4-1351),Р-107-3-36-4-1351,Р107,3-36,4,1351,opys-explicit
c0689a32-0a49-4af1-87ee-f3c253b0da60,ЦДНТА-(Р-107-3-36-4-1402+++Р-107-3-36-4-1402+++Р-107-3-36-4-1402),Р-107-3-36-4-1402,Р107,3-36,4,1402,opys-explicit
67d35bc2-3793-4b87-82a1-01e355dd0cc7,ЦДНТА-(Р-107-3-36-4-1369+++Р-107-3-36-4-1369+++Р-107-3-36-4-1369),Р-107-3-36-4-1369,Р107,3-36,4,1369,opys-explicit
5ac68f29-a742-4dbc-a3ae-60b454bdc483,ЦДНТА-(Р-107-3-36-4-1431+++Р-107-3-36-4-1431+++Р-107-3-36-4-1431),Р-107-3-36-4-1431,Р107,3-36,4,1431,opys-explicit
5158ffd9-cc63-44c2-b1f4-befffca2e260,ЦДНТА-(Р-107-3-36-4-1400+++Р-107-3-36-4-1400+++Р-107-3-36-4-1400),Р-107-3-36-4-1400,Р107,3-36,4,1400,opys-explicit
4fcffb2f-a276-4d49-85b9-93aac848f569,ЦДНТА-(Р-107-3-36-4-1404+++Р-107-3-36-4-1404+++Р-107-3-36-4-1404),Р-107-3-36-4-1404,Р107,3-36,4,1404,opys-explicit
53b759b3-b8ce-448e-83c3-8556418cd225,ЦДНТА-(Р-107-3-36-4-1360+++Р-107-3-36-4-1360+++Р-107-3-36-4-1360),Р-107-3-36-4-1360,Р107,3-36,4,1360,opys-explicit
d0079916-18b8-4fd1-a5cb-0adf1f0fe6cd,ЦДНТА-(Р-107-3-36-1-177+++Р-107-3-36-1-177+++Р-107-3-36-1-177),Р-107-3-36-1-177,Р107,3-36,1,177,opys-explicit+outofrange
c7e003f3-4955-4a30-aee1-c9aaa328c094,ЦДНТА-(Р-107-3-36-3-293+++Р-107-3-36-3-293+++Р-107-3-36-3-293),Р-107-3-36-3-293,Р107,3-36,3,293,opys-explicit
b1dc512f-8884-4627-9b4d-78ff81ef9e3f,ЦДНТА-(Р-107-3-36-3-301+++Р-107-3-36-3-301+++Р-107-3-36-3-301),Р-107-3-36-3-301,Р107,3-36,3,301,opys-explicit
b4f4cc40-2258-466b-815c-cf3d4bcac361,ЦДНТА-(Р-107-3-36-3-305+++Р-107-3-36-3-305+++Р-107-3-36-3-305),Р-107-3-36-3-305,Р107,3-36,3,305,opys-explicit
54486829-8e10-4997-abcf-97d8cb965600,ЦДНТА-(Р-107-3-36-3-361+++Р-107-3-36-3-361+++Р-107-3-36-3-361),Р-107-3-36-3-361,Р107,3-36,3,361,opys-explicit
c976aea5-10d3-4d86-826b-cfaeed3bb706,ЦДНТА-(Р-107-3-36-3-386+++Р-107-3-36-3-386+++Р-107-3-36-3-386),Р-107-3-36-3-386,Р107,3-36,3,386,opys-explicit
db9efaa0-442a-44e6-ad47-55f212a9f697,ЦДНТА-(Р-107-3-36-3-420+++Р-107-3-36-3-420+++Р-107-3-36-3-420),Р-107-3-36-3-420,Р107,3-36,3,420,opys-explicit
68fc919f-dce0-4a66-b9ef-74bb0ef7e95d,ЦДНТА-(Р-107-3-36-3-419+++Р-107-3-36-3-419+++Р-107-3-36-3-419),Р-107-3-36-3-419,Р107,3-36,3,419,opys-explicit
93525d2a-3546-4d42-8d0f-6650fc5a6e90,ЦДНТА-(Р-107-3-36-3-470+++Р-107-3-36-3-470+++Р-107-3-36-3-470),Р-107-3-36-3-470,Р107,3-36,3,470,opys-explicit
9b031f72-999b-4e58-b2ee-110c5ef28cd1,ЦДНТА-(Р-107-3-36-3-468+++Р-107-3-36-3-468+++Р-107-3-36-3-468),Р-107-3-36-3-468,Р107,3-36,3,468,opys-explicit
facb1d5b-ab46-480c-aa2f-e85750a54a2d,ЦДНТА-(Р-107-3-36-3-461+++Р-107-3-36-3-461+++Р-107-3-36-3-461),Р-107-3-36-3-461,Р107,3-36,3,461,opys-explicit
a192f678-117a-4918-80ff-c88178665be3,ЦДНТА-(Р-107-3-36-3-477+++Р-107-3-36-3-477+++Р-107-3-36-3-477),Р-107-3-36-3-477,Р107,3-36,3,477,opys-explicit
65ef9803-5fc2-481c-b2b7-0825375566a3,ЦДНТА-(Р-107-3-36-1-143+++Р-107-3-36-1-143+++Р-107-3-36-1-143),Р-107-3-36-1-143,Р107,3-36,1,143,opys-explicit+outofrange
aa2a4554-006d-4357-8b1f-d84cc1dae244,ЦДНТА-(Р-107-3-36-1-160+++Р-107-3-36-1-160+++Р-107-3-36-1-160),Р-107-3-36-1-160,Р107,3-36,1,160,opys-explicit+outofrange
c3451676-650e-44eb-b046-f73ad21e6636,ЦДНТА-(Р-107-3-36-2-207+++Р-107-3-36-2-207+++Р-107-3-36-2-207),Р-107-3-36-2-207,Р107,3-36,2,207,opys-explicit
05936906-82d7-47d0-9151-21338ae31c5d,ЦДНТА-(Р-107-3-36-3-214+++Р-107-3-36-3-214+++Р-107-3-36-3-214),Р-107-3-36-3-214,Р107,3-36,3,214,opys-explicit
1af7a24a-80c1-4b61-91cc-4f9097117902,ЦДНТА-(Р-107-3-36-3-302+++Р-107-3-36-3-302+++Р-107-3-36-3-302),Р-107-3-36-3-302,Р107,3-36,3,302,opys-explicit
6b3b3cc9-5542-4b14-8bf8-850565251d49,ЦДНТА-(Р-107-3-36-3-304+++Р-107-3-36-3-304+++Р-107-3-36-3-304),Р-107-3-36-3-304,Р107,3-36,3,304,opys-explicit
2d281b42-0c4c-4ef0-94f1-489cda84c37b,ЦДНТА-(Р-107-3-36-3-315+++Р-107-3-36-3-315+++Р-107-3-36-3-315),Р-107-3-36-3-315,Р107,3-36,3,315,opys-explicit
02f208c7-7da8-484b-afb3-aa21f310c7da,ЦДНТА-(Р-107-3-36-3-347+++Р-107-3-36-3-347+++Р-107-3-36-3-347),Р-107-3-36-3-347,Р107,3-36,3,347,opys-explicit
888ababb-76d8-4917-92b1-6cb2cf407a5e,ЦДНТА-(Р-17-3-9-3-1182+++Р-17-3-9-3-1182+++Р-17-3-9-3-1182),Р-17-3-9-3-1182,Р17,3-9,3,1182,opys-explicit
ffe8d1ec-5762-407f-b94d-b2e7a8da3126,ЦДНТА-(Р-17-3-9-3-1219+++Р-17-3-9-3-1219+++Р-17-3-9-3-1219),Р-17-3-9-3-1219,Р17,3-9,3,1219,opys-explicit
0fd862ea-8d9d-4812-9537-b9586605a640,ЦДНТА-(Р-17-3-9-3-1218+++Р-17-3-9-3-1218+++Р-17-3-9-3-1218),Р-17-3-9-3-1218,Р17,3-9,3,1218,opys-explicit
dbafb40b-314c-4385-85e5-7a0ffd2bfa21,ЦДНТА-(Р-17-3-9-3-1243+++Р-17-3-9-3-1243+++Р-17-3-9-3-1243),Р-17-3-9-3-1243,Р17,3-9,3,1243,opys-explicit
583ae676-0593-44b7-ba2c-2e45bcf90249,ЦДНТА-(Р-17-3-9-3-1265+++Р-17-3-9-3-1265+++Р-17-3-9-3-1265),Р-17-3-9-3-1265,Р17,3-9,3,1265,opys-explicit
62553914-5c96-4865-b067-e548342f167e,ЦДНТА-(Р-17-3-9-3-1268+++Р-17-3-9-3-1268+++Р-17-3-9-3-1268),Р-17-3-9-3-1268,Р17,3-9,3,1268,opys-explicit
f6e390b2-2689-443b-abed-f4968a40c939,ЦДНТА-(Р-17-3-9-3-1284+++Р-17-3-9-3-1284+++Р-17-3-9-3-1284),Р-17-3-9-3-1284,Р17,3-9,3,1284,opys-explicit
bef4563a-eb98-40f4-b1b1-3e5708508f80,ЦДНТА-(Р-17-3-9-4-1293+++Р-17-3-9-4-1293+++Р-17-3-9-4-1293),Р-17-3-9-4-1293,Р17,3-9,4,1293,opys-explicit
e229b30d-fd2d-41f2-b5df-d623f3f9a8fb,ЦДНТА-(Р-17-3-9-4-1300+++Р-17-3-9-4-1300+++Р-17-3-9-4-1300),Р-17-3-9-4-1300,Р17,3-9,4,1300,opys-explicit
59f9fe22-228f-44a0-b2ca-cbadca1135bd,ЦДНТА-(Р-17-3-9-4-1314+++Р-17-3-9-4-1314+++Р-17-3-9-4-1314),Р-17-3-9-4-1314,Р17,3-9,4,1314,opys-explicit
057ce66b-8d96-4510-8427-441957f86472,ЦДНТА-(Р-17-3-9-4-1324+++Р-17-3-9-4-1324+++Р-17-3-9-4-1324),Р-17-3-9-4-1324,Р17,3-9,4,1324,opys-explicit
3ef7d90e-dedc-47c4-8cb3-70e52a337c53,ЦДНТА-(Р-17-3-9-4-1344+++Р-17-3-9-4-1344+++Р-17-3-9-4-1344),Р-17-3-9-4-1344,Р17,3-9,4,1344,opys-explicit
2e50bb46-6b6d-43bd-88a5-0f9651c5f399,ЦДНТА-(Р-17-3-9-4-1326+++Р-17-3-9-4-1326+++Р-17-3-9-4-1326),Р-17-3-9-4-1326,Р17,3-9,4,1326,opys-explicit
8da59ed1-e6e8-4f53-b3fe-8b0502db94c7,ЦДНТА-(Р-17-3-9-4-1375+++Р-17-3-9-4-1375+++Р-17-3-9-4-1375),Р-17-3-9-4-1375,Р17,3-9,4,1375,opys-explicit
99edf860-ea50-4d36-a1ca-f00ea3b26ad2,ЦДНТА-(Р-17-3-9-4-1387+++Р-17-3-9-4-1387+++Р-17-3-9-4-1387),Р-17-3-9-4-1387,Р17,3-9,4,1387,opys-explicit
d190a3ba-ff75-4db0-9804-e9d378ed02cb,ЦДНТА-(Р-17-3-9-4-1391+++Р-17-3-9-4-1391+++Р-17-3-9-4-1391),Р-17-3-9-4-1391,Р17,3-9,4,1391,opys-explicit
a0d421a6-7f4b-4eb6-b162-557c0bc56c5d,ЦДНТА-(Р-17-3-9-4-1395+++Р-17-3-9-4-1395+++Р-17-3-9-4-1395),Р-17-3-9-4-1395,Р17,3-9,4,1395,opys-explicit
e2fdbc4f-2481-44f2-9672-c5ad9ab261cc,ЦДНТА-(Р-17-3-9-4-1408+++Р-17-3-9-4-1408+++Р-17-3-9-4-1408),Р-17-3-9-4-1408,Р17,3-9,4,1408,opys-explicit
0f1dc8da-24fa-4f74-af50-d4342a884db6,ЦДНТА-(Р-17-3-9-4-1404+++Р-17-3-9-4-1404+++Р-17-3-9-4-1404),Р-17-3-9-4-1404,Р17,3-9,4,1404,opys-explicit
f0db738b-dc0e-40dc-95d5-417a24c41915,ЦДНТА-(Р-17-3-9-4-1427+++Р-17-3-9-4-1427+++Р-17-3-9-4-1427),Р-17-3-9-4-1427,Р17,3-9,4,1427,opys-explicit
034f5c2a-0c86-4520-98e6-a3978faa5b2f,ЦДНТА-(Р-17-3-9-4-1429+++Р-17-3-9-4-1429+++Р-17-3-9-4-1429),Р-17-3-9-4-1429,Р17,3-9,4,1429,opys-explicit
3b4c29d5-1a54-4688-b114-f15084e0d60c,ЦДНТА-(Р-17-3-9-3-1179+++Р-17-3-9-3-1179+++Р-17-3-9-3-1179),Р-17-3-9-3-1179,Р17,3-9,3,1179,opys-explicit
70585f98-d61c-4d5a-aa68-5e51657b7f44,ЦДНТА-(Р-17-3-9-3-1176+++Р-17-3-9-3-1176+++Р-17-3-9-3-1176),Р-17-3-9-3-1176,Р17,3-9,3,1176,opys-explicit
3d1290b2-b1e3-40c9-8d01-94917858b51f,ЦДНТА-(Р-107-3-36-1-186+++Р-107-3-36-1-186+++Р-107-3-36-1-186),Р-107-3-36-1-186,Р107,3-36,1,186,opys-explicit+outofrange
1b0bc971-b635-4a18-884d-df8ec00a9af5,ЦДНТА-(Р-107-3-36-1-188+++Р-107-3-36-1-188+++Р-107-3-36-1-188),Р-107-3-36-1-188,Р107,3-36,1,188,opys-explicit+outofrange
1c17e48c-221a-4e2d-a39f-a604d1c024d7,ЦДНТА-(Р-107-3-36-3-280+++Р-107-3-36-3-280+++Р-107-3-36-3-280),Р-107-3-36-3-280,Р107,3-36,3,280,opys-explicit
11995035-e415-401b-aed4-684ca4247026,ЦДНТА-(Р-107-3-36-3-272+++Р-107-3-36-3-272+++Р-107-3-36-3-272),Р-107-3-36-3-272,Р107,3-36,3,272,opys-explicit
74f3f938-723a-45b8-b0d8-1ad75e9b9f49,ЦДНТА-(Р-107-3-36-3-294+++Р-107-3-36-3-294+++Р-107-3-36-3-294),Р-107-3-36-3-294,Р107,3-36,3,294,opys-explicit
cb10acd2-8afe-4be9-90be-fbc1e0e5f74a,ЦДНТА-(Р-107-3-36-3-357+++Р-107-3-36-3-357+++Р-107-3-36-3-357),Р-107-3-36-3-357,Р107,3-36,3,357,opys-explicit
d0d6520c-7547-4861-b0b5-0f06f98d3a71,ЦДНТА-(Р-107-3-36-3-380+++Р-107-3-36-3-380+++Р-107-3-36-3-380),Р-107-3-36-3-380,Р107,3-36,3,380,opys-explicit
7eb61ada-8736-4cd6-816d-6b8bfc646bff,ЦДНТА-(Р-107-3-36-3-382+++Р-107-3-36-3-382+++Р-107-3-36-3-382),Р-107-3-36-3-382,Р107,3-36,3,382,opys-explicit
f012eefd-fd92-44c0-b8d3-03ffa0eec901,ЦДНТА-(Р-107-3-36-3-401+++Р-107-3-36-3-401+++Р-107-3-36-3-401),Р-107-3-36-3-401,Р107,3-36,3,401,opys-explicit
8f7629be-dd18-40bb-9318-c2afc5cb56ea,ЦДНТА-(Р-107-3-36-3-688+++Р-107-3-36-3-688+++Р-107-3-36-3-688),Р-107-3-36-3-688,Р107,3-36,3,688,opys-explicit
7e176245-f50a-4b36-a533-b270f2f3fa21,ЦДНТА-(Р-107-3-36-3-700+++Р-107-3-36-3-700+++Р-107-3-36-3-700),Р-107-3-36-3-700,Р107,3-36,3,700,opys-explicit
700a1a9e-3135-41eb-b26e-c1085127eea8,ЦДНТА-(Р-107-3-36-3-719+++Р-107-3-36-3-719+++Р-107-3-36-3-719),Р-107-3-36-3-719,Р107,3-36,3,719,opys-explicit
10718873-6229-46a2-a842-680eeb01d299,ЦДНТА-(Р-107-3-36-3-725+++Р-107-3-36-3-725+++Р-107-3-36-3-725),Р-107-3-36-3-725,Р107,3-36,3,725,opys-explicit
d61721a8-93ed-4e0d-9e1a-47dcaecd2094,ЦДНТА-(Р-107-3-36-3-768+++Р-107-3-36-3-768+++Р-107-3-36-3-768),Р-107-3-36-3-768,Р107,3-36,3,768,opys-explicit
4f4ac6e7-b8a7-4fe2-b8a4-863be39fbfcd,ЦДНТА-(Р-107-3-36-3-759+++Р-107-3-36-3-759+++Р-107-3-36-3-759),Р-107-3-36-3-759,Р107,3-36,3,759,opys-explicit
ded658ed-dee0-4094-9cdf-54e2901c8116,ЦДНТА-(Р-107-3-36-3-750+++Р-107-3-36-3-750+++Р-107-3-36-3-750),Р-107-3-36-3-750,Р107,3-36,3,750,opys-explicit
a0e78417-0aca-4804-af38-b6628e97f37c,ЦДНТА-(Р-107-3-36-3-776+++Р-107-3-36-3-776+++Р-107-3-36-3-776),Р-107-3-36-3-776,Р107,3-36,3,776,opys-explicit
c0ced147-b429-4592-b3ff-53341f3d0d90,ЦДНТА-(Р-107-3-36-3-773+++Р-107-3-36-3-773+++Р-107-3-36-3-773),Р-107-3-36-3-773,Р107,3-36,3,773,opys-explicit
f80ad284-426b-46b4-8c3e-a1cc40b981df,ЦДНТА-(Р-107-3-36-3-772+++Р-107-3-36-3-772+++Р-107-3-36-3-772),Р-107-3-36-3-772,Р107,3-36,3,772,opys-explicit
1af12739-6ab8-484c-8a26-3be655761f89,ЦДНТА-(Р-107-3-36-3-798+++Р-107-3-36-3-798+++Р-107-3-36-3-798),Р-107-3-36-3-798,Р107,3-36,3,798,opys-explicit
7a4c947d-ab2a-453f-9cd1-4bd2ea11227a,ЦДНТА-(Р-107-3-36-3-803+++Р-107-3-36-3-803+++Р-107-3-36-3-803),Р-107-3-36-3-803,Р107,3-36,3,803,opys-explicit
e464ec5a-1bac-489c-90b4-438fc6adf2e7,ЦДНТА-(Р-107-3-36-3-819+++Р-107-3-36-3-819+++Р-107-3-36-3-819),Р-107-3-36-3-819,Р107,3-36,3,819,opys-explicit
fcec2ddc-9ae0-4f69-b3f2-efdc363e9891,ЦДНТА-(Р-107-3-36-3-848+++Р-107-3-36-3-848+++Р-107-3-36-3-848),Р-107-3-36-3-848,Р107,3-36,3,848,opys-explicit
c76c756e-7065-4403-a415-65d8db2eb24f,ЦДНТА-(Р-107-3-36-3-849+++Р-107-3-36-3-849+++Р-107-3-36-3-849),Р-107-3-36-3-849,Р107,3-36,3,849,opys-explicit
50709666-68de-4e43-9ce7-5bb06e3b5137,ЦДНТА-(Р-107-3-36-3-858+++Р-107-3-36-3-858+++Р-107-3-36-3-858),Р-107-3-36-3-858,Р107,3-36,3,858,opys-explicit
2ed723f2-5d20-466b-aa37-9a138f0cfdf0,ЦДНТА-(Р-107-3-36-1-144+++Р-107-3-36-1-144+++Р-107-3-36-1-144),Р-107-3-36-1-144,Р107,3-36,1,144,opys-explicit+outofrange
54fdbed5-f1fb-42a8-85d1-44493c4a4747,ЦДНТА-(Р-107-3-36-1-163+++Р-107-3-36-1-163+++Р-107-3-36-1-163),Р-107-3-36-1-163,Р107,3-36,1,163,opys-explicit+outofrange
62e73eea-92d6-4b6f-acb7-54c5db0bcb6a,ЦДНТА-(Р-107-3-36-1-124+++Р-107-3-36-1-124+++Р-107-3-36-1-124),Р-107-3-36-1-124,Р107,3-36,1,124,opys-explicit+outofrange
a325df04-fbef-4b05-8f3b-dbed0c45ee1a,ЦДНТА-(Р-107-3-36-1-129+++Р-107-3-36-1-129+++Р-107-3-36-1-129),Р-107-3-36-1-129,Р107,3-36,1,129,opys-explicit+outofrange
0c35123f-6428-4c7d-a16c-316e8e4f1ca8,ЦДНТА-(Р-107-3-36-1-148+++Р-107-3-36-1-148+++Р-107-3-36-1-148),Р-107-3-36-1-148,Р107,3-36,1,148,opys-explicit+outofrange
d8650e39-f263-4ee2-823a-5d8bce7f9c09,ЦДНТА-(Р-107-3-36-3-271+++Р-107-3-36-3-271+++Р-107-3-36-3-271),Р-107-3-36-3-271,Р107,3-36,3,271,opys-explicit
c3f57d49-b041-4d22-bdab-62d662720f3b,ЦДНТА-(Р-107-3-36-3-278+++Р-107-3-36-3-278+++Р-107-3-36-3-278),Р-107-3-36-3-278,Р107,3-36,3,278,opys-explicit
e28c2a52-10cc-431e-84c7-09199e43b0ae,ЦДНТА-(Р-107-3-36-3-334+++Р-107-3-36-3-334+++Р-107-3-36-3-334),Р-107-3-36-3-334,Р107,3-36,3,334,opys-explicit
1f2af9cb-93ce-4063-b47e-ad92c738d390,ЦДНТА-(Р-107-3-36-3-341+++Р-107-3-36-3-341+++Р-107-3-36-3-341),Р-107-3-36-3-341,Р107,3-36,3,341,opys-explicit
933afc19-2ce9-43cf-828b-9c7eebb2f648,ЦДНТА-(Р-107-3-36-3-339+++Р-107-3-36-3-339+++Р-107-3-36-3-339),Р-107-3-36-3-339,Р107,3-36,3,339,opys-explicit
cd1eebdc-7032-495e-87aa-391e8b16bbfe,ЦДНТА-(Р-107-3-36-3-365+++Р-107-3-36-3-365+++Р-107-3-36-3-365),Р-107-3-36-3-365,Р107,3-36,3,365,opys-explicit
6b7f1c06-0d5e-4461-9c5e-1306067c6ef2,ЦДНТА-(Р-107-3-36-3-436+++Р-107-3-36-3-436+++Р-107-3-36-3-436),Р-107-3-36-3-436,Р107,3-36,3,436,opys-explicit
98aa3f22-1f4f-45f8-8b83-ba1758c763d6,ЦДНТА-(Р-107-3-36-3-440+++Р-107-3-36-3-440+++Р-107-3-36-3-440),Р-107-3-36-3-440,Р107,3-36,3,440,opys-explicit
4758b731-525d-4a48-b675-1bd8a692e24e,ЦДНТА-(Р-107-3-36-1-187+++Р-107-3-36-1-187+++Р-107-3-36-1-187),Р-107-3-36-1-187,Р107,3-36,1,187,opys-explicit+outofrange
49cc848f-1e7f-4972-b80a-26fd2c1f936d,ЦДНТА-(Р-107-3-36-2-180+++Р-107-3-36-2-180+++Р-107-3-36-2-180),Р-107-3-36-2-180,Р107,3-36,2,180,opys-explicit
54d0cd8f-ea68-43c3-ac54-6da4ceb10194,ЦДНТА-(Р-107-3-36-1-116+++Р-107-3-36-1-116+++Р-107-3-36-1-116),Р-107-3-36-1-116,Р107,3-36,1,116,opys-explicit+outofrange
fc0aef12-4469-4de3-96a7-28debe21496d,ЦДНТА-(Р-107-3-36-2-198+++Р-107-3-36-2-198+++Р-107-3-36-2-198),Р-107-3-36-2-198,Р107,3-36,2,198,opys-explicit
e249ed31-f7d2-4547-aa6f-bde988151845,ЦДНТА-(Р-107-3-36-3-706+++Р-107-3-36-3-706+++Р-107-3-36-3-706),Р-107-3-36-3-706,Р107,3-36,3,706,opys-explicit
3a0596f7-3159-4747-abb1-92204e1e27de,ЦДНТА-(Р-107-3-36-3-716+++Р-107-3-36-3-716+++Р-107-3-36-3-716),Р-107-3-36-3-716,Р107,3-36,3,716,opys-explicit
4c92e9f2-6c33-4a11-8acd-5103a9adbce4,ЦДНТА-(Р-107-3-36-3-770+++Р-107-3-36-3-770+++Р-107-3-36-3-770),Р-107-3-36-3-770,Р107,3-36,3,770,opys-explicit
d9867b8f-1078-4e4c-9eca-8dac40ba7257,ЦДНТА-(Р-107-3-36-3-785+++Р-107-3-36-3-785+++Р-107-3-36-3-785),Р-107-3-36-3-785,Р107,3-36,3,785,opys-explicit
c19398d6-6068-4421-92ab-b3512c9b832b,ЦДНТА-(Р-107-3-36-3-841+++Р-107-3-36-3-841+++Р-107-3-36-3-841),Р-107-3-36-3-841,Р107,3-36,3,841,opys-explicit
4cddc4ad-b948-46dd-b40d-1fc383d3dd88,ЦДНТА-(Р-107-3-36-3-843+++Р-107-3-36-3-843+++Р-107-3-36-3-843),Р-107-3-36-3-843,Р107,3-36,3,843,opys-explicit
69f29307-c44d-4587-a8d1-0df8dd9d15e2,ЦДНТА-(Р-107-3-36-3-847+++Р-107-3-36-3-847+++Р-107-3-36-3-847),Р-107-3-36-3-847,Р107,3-36,3,847,opys-explicit
261c2284-6af5-4ae5-a4ef-f3dfc0a467b4,ЦДНТА-(Р-107-3-36-3-845+++Р-107-3-36-3-845+++Р-107-3-36-3-845),Р-107-3-36-3-845,Р107,3-36,3,845,opys-explicit
ddc8f71b-fe3c-4836-b662-80bc0f6a7963,ЦДНТА-(Р-107-3-36-3-844+++Р-107-3-36-3-844+++Р-107-3-36-3-844),Р-107-3-36-3-844,Р107,3-36,3,844,opys-explicit
e4badbca-08eb-4397-87d2-231681749969,ЦДНТА-(Р-107-3-36-3-850+++Р-107-3-36-3-850+++Р-107-3-36-3-850),Р-107-3-36-3-850,Р107,3-36,3,850,opys-explicit
fd5e6a60-8fef-4d2e-b668-9287d429b074,ЦДНТА-(Р-107-3-36-3-835+++Р-107-3-36-3-835+++Р-107-3-36-3-835),Р-107-3-36-3-835,Р107,3-36,3,835,opys-explicit
519603c6-833a-4fbe-93cd-1044ce558c46,ЦДНТА-(Р-107-3-36-4-873+++Р-107-3-36-4-873+++Р-107-3-36-4-873),Р-107-3-36-4-873,Р107,3-36,4,873,opys-explicit
57744abf-8237-4261-b1a9-8d0e7f74f2d6,ЦДНТА-(Р-17-3-9-379+++Р-17-3-9-379+++Р-17-3-9-379),Р-17-3-9-379,Р17,3-9,1,379,range-lookup
42eaabd7-896e-44dd-aedd-700fbba3c637,ЦДНТА-(Р-17-3-9-389+++Р-17-3-9-389+++Р-17-3-9-389),Р-17-3-9-389,Р17,3-9,1,389,range-lookup
b15efec1-e1b5-47e6-8634-939744288b79,ЦДНТА-(Р-17-3-9-405+++Р-17-3-9-405+++Р-17-3-9-405),Р-17-3-9-405,Р17,3-9,1,405,range-lookup
b87d7349-4510-4789-88d6-c4941e41ffb6,ЦДНТА-(Р-17-3-9-422+++Р-17-3-9-422+++Р-17-3-9-422),Р-17-3-9-422,Р17,3-9,1,422,range-lookup
b63f20c3-f340-4b35-adf0-f483b061d6be,ЦДНТА-(Р-17-3-9-452+++Р-17-3-9-452+++Р-17-3-9-452),Р-17-3-9-452,Р17,3-9,1,452,range-lookup
958c3c3e-fedc-4b8f-947b-7ef19e6b95be,ЦДНТА-(Р-17-3-9-454+++Р-17-3-9-454+++Р-17-3-9-454),Р-17-3-9-454,Р17,3-9,1,454,range-lookup
fadc3aab-acf0-447f-bf6f-88504674093d,ЦДНТА-(Р-17-3-9-463+++Р-17-3-9-463+++Р-17-3-9-463),Р-17-3-9-463,Р17,3-9,1,463,range-lookup
44a021c4-f880-443d-a988-4ff9840d5ad7,ЦДНТА-(Р-17-3-9-493+++Р-17-3-9-493+++Р-17-3-9-493),Р-17-3-9-493,Р17,3-9,1,493,range-lookup
badc586f-02dd-4819-9d5e-7479ecc98090,ЦДНТА-(Р-17-3-9-500+++Р-17-3-9-500+++Р-17-3-9-500),Р-17-3-9-500,Р17,3-9,1,500,range-lookup
c1ad0706-83f3-48e4-bc3c-83bbd59ec526,ЦДНТА-(Р-17-3-9-506+++Р-17-3-9-506+++Р-17-3-9-506),Р-17-3-9-506,Р17,3-9,1,506,range-lookup
a7cd4352-36e7-40fd-8f65-fb595db5d184,ЦДНТА-(Р-17-3-9-505+++Р-17-3-9-505+++Р-17-3-9-505),Р-17-3-9-505,Р17,3-9,1,505,range-lookup
60b8b236-9b26-428c-8c67-9e1174b524bd,ЦДНТА-(Р-17-3-9-498+++Р-17-3-9-498+++Р-17-3-9-498),Р-17-3-9-498,Р17,3-9,1,498,range-lookup
cf075bb5-8e22-4008-afed-aa21501599b3,ЦДНТА-(Р-17-3-9-531+++Р-17-3-9-531+++Р-17-3-9-531),Р-17-3-9-531,Р17,3-9,1,531,range-lookup
7e920475-d156-4c9b-aeda-c3d62ac942a9,ЦДНТА-(Р-17-3-9-532+++Р-17-3-9-532+++Р-17-3-9-532),Р-17-3-9-532,Р17,3-9,1,532,range-lookup
0699bf91-85be-4f8a-a53e-c54fd465243c,ЦДНТА-(Р-17-3-9-557+++Р-17-3-9-557+++Р-17-3-9-557),Р-17-3-9-557,Р17,3-9,1,557,range-lookup
22e2f158-473a-4c11-a2fd-33c3189138d9,ЦДНТА-(Р-17-3-9-596+++Р-17-3-9-596+++Р-17-3-9-596),Р-17-3-9-596,Р17,3-9,1,596,range-lookup
5e957ca8-467f-465b-9e99-634f58b41e2d,ЦДНТА-(Р-17-3-9-602+++Р-17-3-9-602+++Р-17-3-9-602),Р-17-3-9-602,Р17,3-9,1,602,range-lookup
3699120a-579f-4e92-a2a1-7499993aea53,ЦДНТА-(Р-17-3-9-620+++Р-17-3-9-620+++Р-17-3-9-620),Р-17-3-9-620,Р17,3-9,1,620,range-lookup
15835173-d75a-4156-a071-f95019a1494c,ЦДНТА-(Р-17-3-9-621+++Р-17-3-9-621+++Р-17-3-9-621),Р-17-3-9-621,Р17,3-9,1,621,range-lookup
525132bd-481a-4755-bb43-3e77ead7470c,ЦДНТА-(Р-17-3-9-642+++Р-17-3-9-642+++Р-17-3-9-642),Р-17-3-9-642,Р17,3-9,1,642,range-lookup
1acb0bd2-0247-42c5-8e46-eddf43c9108e,ЦДНТА-(Р-17-3-9-649+++Р-17-3-9-649+++Р-17-3-9-649),Р-17-3-9-649,Р17,3-9,1,649,range-lookup
0eeccd56-f4f8-426b-8586-75bc90736d09,ЦДНТА-(Р-17-3-9-3-1025+++Р-17-3-9-3-1025+++Р-17-3-9-3-1025),Р-17-3-9-3-1025,Р17,3-9,3,1025,opys-explicit
d2ce724d-bfc2-47fc-bcd6-e636a82cb80e,ЦДНТА-(Р-17-3-9-3-1028+++Р-17-3-9-3-1028+++Р-17-3-9-3-1028),Р-17-3-9-3-1028,Р17,3-9,3,1028,opys-explicit
a96ab84a-c05d-452d-a3f8-287ee69d4970,ЦДНТА-(Р-17-3-9-3-1046+++Р-17-3-9-3-1046+++Р-17-3-9-3-1046),Р-17-3-9-3-1046,Р17,3-9,3,1046,opys-explicit
0b4545b2-1bc0-4bdb-8e54-ffd857898192,ЦДНТА-(Р-17-3-9-3-1061+++Р-17-3-9-3-1061+++Р-17-3-9-3-1061),Р-17-3-9-3-1061,Р17,3-9,3,1061,opys-explicit
c8ae7284-dbfc-4421-9ddd-ed7dd134fba5,ЦДНТА-(Р-17-3-9-3-1062+++Р-17-3-9-3-1062+++Р-17-3-9-3-1062),Р-17-3-9-3-1062,Р17,3-9,3,1062,opys-explicit
9d49a61e-34db-402d-8732-afe47bc958b2,ЦДНТА-(Р-17-3-9-3-1081+++Р-17-3-9-3-1081+++Р-17-3-9-3-1081),Р-17-3-9-3-1081,Р17,3-9,3,1081,opys-explicit
7c189592-c1fd-46bb-97e4-7fa4c5593a5f,ЦДНТА-(Р-17-3-9-3-1073+++Р-17-3-9-3-1073+++Р-17-3-9-3-1073),Р-17-3-9-3-1073,Р17,3-9,3,1073,opys-explicit
e93ffa74-5611-45d0-8e91-bc2dac299733,ЦДНТА-(Р-17-3-9-3-1088+++Р-17-3-9-3-1088+++Р-17-3-9-3-1088),Р-17-3-9-3-1088,Р17,3-9,3,1088,opys-explicit
69d0cd32-4b8e-4ae5-b1ba-4fa59dfa15ad,ЦДНТА-(Р-17-3-9-3-1097+++Р-17-3-9-3-1097+++Р-17-3-9-3-1097),Р-17-3-9-3-1097,Р17,3-9,3,1097,opys-explicit
123e3ea9-ed56-4485-b8b2-b70b0c1e8f41,ЦДНТА-(Р-17-3-9-3-1102+++Р-17-3-9-3-1102+++Р-17-3-9-3-1102),Р-17-3-9-3-1102,Р17,3-9,3,1102,opys-explicit
66c5fb1f-7537-4b63-a175-d35161471b76,ЦДНТА-(Р-17-3-9-3-1122+++Р-17-3-9-3-1122+++Р-17-3-9-3-1122),Р-17-3-9-3-1122,Р17,3-9,3,1122,opys-explicit
c51127e1-8db5-4c07-9483-d63ba1926503,ЦДНТА-(Р-17-3-9-3-1125+++Р-17-3-9-3-1125+++Р-17-3-9-3-1125),Р-17-3-9-3-1125,Р17,3-9,3,1125,opys-explicit
9979f348-b522-4cb1-9571-a1ea9f321158,ЦДНТА-(Р-17-3-9-3-1147+++Р-17-3-9-3-1147+++Р-17-3-9-3-1147),Р-17-3-9-3-1147,Р17,3-9,3,1147,opys-explicit
c988c571-7e46-47b3-8282-0ef3bd2466e4,ЦДНТА-(Р-17-3-9-3-1143+++Р-17-3-9-3-1143+++Р-17-3-9-3-1143),Р-17-3-9-3-1143,Р17,3-9,3,1143,opys-explicit
3878227f-ca2b-4c79-805e-be4c8b451142,ЦДНТА-(Р-17-3-9-3-1151+++Р-17-3-9-3-1151+++Р-17-3-9-3-1151),Р-17-3-9-3-1151,Р17,3-9,3,1151,opys-explicit
edf8bdc7-ecf9-4b5d-ac8a-79b8f644a80d,ЦДНТА-(Р-17-3-9-3-1175+++Р-17-3-9-3-1175+++Р-17-3-9-3-1175),Р-17-3-9-3-1175,Р17,3-9,3,1175,opys-explicit
e64a8f86-0f04-4408-a41b-c6f320b5ed81,ЦДНТА-(Р-17-3-9-3-1177+++Р-17-3-9-3-1177+++Р-17-3-9-3-1177),Р-17-3-9-3-1177,Р17,3-9,3,1177,opys-explicit
e00f292e-93be-4f13-8de6-286d67ca0ef9,ЦДНТА-(Р-107-3-36-6-2008+++Р-107-3-36-6-2008+++Р-107-3-36-6-2008),Р-107-3-36-6-2008,Р107,3-36,6,2008,opys-explicit
fb989032-0856-4247-9118-72f7d7a80eef,ЦДНТА-(Р-107-3-36-6-1897+++Р-107-3-36-6-1897+++Р-107-3-36-6-1897),Р-107-3-36-6-1897,Р107,3-36,6,1897,opys-explicit
5463bb5b-3259-4249-affd-01c7d2940358,ЦДНТА-(Р-17-3-9-321+++Р-17-3-9-321+++Р-17-3-9-321),Р-17-3-9-321,Р17,3-9,1,321,range-lookup
27f10e15-10c6-4d12-9c2d-c3ec20736236,ЦДНТА-(Р-17-3-9-4-1772+++Р-17-3-9-4-1772+++Р-17-3-9-4-1772),Р-17-3-9-4-1772,Р17,3-9,4,1772,opys-explicit
089c16e7-ee3d-41f1-980b-940c10fea6a5,ЦДНТА-(Р-17-3-9-4-1775+++Р-17-3-9-4-1775+++Р-17-3-9-4-1775),Р-17-3-9-4-1775,Р17,3-9,4,1775,opys-explicit
f46eb0f1-ab89-44e9-9b46-79c698aec9b9,ЦДНТА-(Р-17-3-9-4-1796+++Р-17-3-9-4-1796+++Р-17-3-9-4-1796),Р-17-3-9-4-1796,Р17,3-9,4,1796,opys-explicit
3113666e-7a8f-40c0-80f6-f1b8568d73b1,ЦДНТА-(Р-17-3-9-4-1794+++Р-17-3-9-4-1794+++Р-17-3-9-4-1794),Р-17-3-9-4-1794,Р17,3-9,4,1794,opys-explicit
2aa72700-e387-45e0-b591-88bbbcaf84fb,ЦДНТА-(Р-17-3-9-4-1801+++Р-17-3-9-4-1801+++Р-17-3-9-4-1801),Р-17-3-9-4-1801,Р17,3-9,4,1801,opys-explicit
dfda28e2-49c7-4594-a286-9278cc762650,ЦДНТА-(Р-17-3-9-4-1808+++Р-17-3-9-4-1808+++Р-17-3-9-4-1808),Р-17-3-9-4-1808,Р17,3-9,4,1808,opys-explicit
616df28d-213e-410f-9d32-6e993fdbf988,ЦДНТА-(Р-17-3-9-4-1805+++Р-17-3-9-4-1805+++Р-17-3-9-4-1805),Р-17-3-9-4-1805,Р17,3-9,4,1805,opys-explicit
5844d44b-7014-4dd0-8354-3cee383b5ddd,ЦДНТА-(Р-17-3-9-4-1811+++Р-17-3-9-4-1811+++Р-17-3-9-4-1811),Р-17-3-9-4-1811,Р17,3-9,4,1811,opys-explicit
328b35dd-daba-49ae-bbd6-e0ee26188eb4,ЦДНТА-(Р-17-3-9-4-1819+++Р-17-3-9-4-1819+++Р-17-3-9-4-1819),Р-17-3-9-4-1819,Р17,3-9,4,1819,opys-explicit
94ed2218-16fa-4f8a-a523-8a4eddd31100,ЦДНТА-(Р-17-3-9-4-1822+++Р-17-3-9-4-1822+++Р-17-3-9-4-1822),Р-17-3-9-4-1822,Р17,3-9,4,1822,opys-explicit
a7c3fe91-35d0-4063-8fdf-44816cb1ccf0,ЦДНТА-(Р-17-3-9-4-1833+++Р-17-3-9-4-1833+++Р-17-3-9-4-1833),Р-17-3-9-4-1833,Р17,3-9,4,1833,opys-explicit
1800ccb5-4b73-4db2-a3b8-8375f865a3ee,ЦДНТА-(Р-17-3-9-4-1853+++Р-17-3-9-4-1853+++Р-17-3-9-4-1853),Р-17-3-9-4-1853,Р17,3-9,4,1853,opys-explicit
797112d2-81fa-42e4-83c5-6043dba56aff,ЦДНТА-(Р-17-3-9-4-1842+++Р-17-3-9-4-1842+++Р-17-3-9-4-1842),Р-17-3-9-4-1842,Р17,3-9,4,1842,opys-explicit
201d8a49-b849-466f-a13c-b1ffcee283f1,ЦДНТА-(Р-17-3-9-4-1850+++Р-17-3-9-4-1850+++Р-17-3-9-4-1850),Р-17-3-9-4-1850,Р17,3-9,4,1850,opys-explicit
689e44ab-4c44-4275-bd34-55a7d5cfec7b,ЦДНТА-(Р-17-3-9-4-1868+++Р-17-3-9-4-1868+++Р-17-3-9-4-1868),Р-17-3-9-4-1868,Р17,3-9,4,1868,opys-explicit
37a91b46-c803-4d5c-8e68-6ec86e7bc6d3,ЦДНТА-(Р-17-3-9-4-1872+++Р-17-3-9-4-1872+++Р-17-3-9-4-1872),Р-17-3-9-4-1872,Р17,3-9,4,1872,opys-explicit
b81beaa1-4f15-4ad9-8ebf-a14ead4d151f,ЦДНТА-(Р-17-3-9-4-1871+++Р-17-3-9-4-1871+++Р-17-3-9-4-1871),Р-17-3-9-4-1871,Р17,3-9,4,1871,opys-explicit
a30fb6a6-25ea-4ac8-8d82-9b474da9a109,ЦДНТА-(Р-17-3-9-4-1878+++Р-17-3-9-4-1878+++Р-17-3-9-4-1878),Р-17-3-9-4-1878,Р17,3-9,4,1878,opys-explicit
4bd62b65-e84a-4bee-864d-f9c03276a0e9,ЦДНТА-(Р-17-3-9-4-1885+++Р-17-3-9-4-1885+++Р-17-3-9-4-1885),Р-17-3-9-4-1885,Р17,3-9,4,1885,opys-explicit
756c96cb-b3e4-412e-abfd-17fa560fec1c,ЦДНТА-(Р-17-3-9-4-1895+++Р-17-3-9-4-1895+++Р-17-3-9-4-1895),Р-17-3-9-4-1895,Р17,3-9,4,1895,opys-explicit
2cc1947a-29cc-4f73-a646-bcff8952b3f0,ЦДНТА-(Р-17-3-9-4-1894+++Р-17-3-9-4-1894+++Р-17-3-9-4-1894),Р-17-3-9-4-1894,Р17,3-9,4,1894,opys-explicit
a7ce1cd4-e5e9-443d-bfbc-412a2ad73d7f,ЦДНТА-(Р-17-3-9-4-1883+++Р-17-3-9-4-1883+++Р-17-3-9-4-1883),Р-17-3-9-4-1883,Р17,3-9,4,1883,opys-explicit
3bb03b7a-0824-4c53-9d7c-e9fd787a3ff2,ЦДНТА-(Р-17-3-9-4-1915+++Р-17-3-9-4-1915+++Р-17-3-9-4-1915),Р-17-3-9-4-1915,Р17,3-9,4,1915,opys-explicit
faad6715-0a78-4e83-ba16-0afabd1015fe,ЦДНТА-(Р-17-3-9-4-1913+++Р-17-3-9-4-1913+++Р-17-3-9-4-1913),Р-17-3-9-4-1913,Р17,3-9,4,1913,opys-explicit
72048edd-dcc2-421c-bb98-49733572266c,ЦДНТА-(Р-17-3-9-4-1911+++Р-17-3-9-4-1911+++Р-17-3-9-4-1911),Р-17-3-9-4-1911,Р17,3-9,4,1911,opys-explicit
7e9e3368-aa38-4aa1-a6f5-628827d58f90,ЦДНТА-(Р-17-3-9-4-1906+++Р-17-3-9-4-1906+++Р-17-3-9-4-1906),Р-17-3-9-4-1906,Р17,3-9,4,1906,opys-explicit
ee3f0c86-0289-4b47-99c1-9d7084f2bbf3,ЦДНТА-(Р-17-3-9-4-1942+++Р-17-3-9-4-1942+++Р-17-3-9-4-1942),Р-17-3-9-4-1942,Р17,3-9,4,1942,opys-explicit
bb0f8fe7-033a-4044-b65b-7b00d6b52394,ЦДНТА-(Р-17-3-9-4-1935+++Р-17-3-9-4-1935+++Р-17-3-9-4-1935),Р-17-3-9-4-1935,Р17,3-9,4,1935,opys-explicit
a2acef37-bfe4-4d06-ad33-a8bd46c51773,ЦДНТА-(Р-17-3-9-4-1930+++Р-17-3-9-4-1930+++Р-17-3-9-4-1930),Р-17-3-9-4-1930,Р17,3-9,4,1930,opys-explicit
f664a1bf-c661-452e-81a9-5cc5d7105ab8,ЦДНТА-(Р-17-3-9-4-1941+++Р-17-3-9-4-1941+++Р-17-3-9-4-1941),Р-17-3-9-4-1941,Р17,3-9,4,1941,opys-explicit
492ebe8c-94ae-42aa-86e1-e6d0e59ad7ed,ЦДНТА-(Р-17-3-9-4-1926+++Р-17-3-9-4-1926+++Р-17-3-9-4-1926),Р-17-3-9-4-1926,Р17,3-9,4,1926,opys-explicit
de17a9c3-bd78-4766-9674-76236752f0a7,ЦДНТА-(Р-17-3-9-4-1947+++Р-17-3-9-4-1947+++Р-17-3-9-4-1947),Р-17-3-9-4-1947,Р17,3-9,4,1947,opys-explicit
778747b7-7cd1-446d-a326-f731156dbfff,ЦДНТА-(Р-17-3-9-4-1963+++Р-17-3-9-4-1963+++Р-17-3-9-4-1963),Р-17-3-9-4-1963,Р17,3-9,4,1963,opys-explicit
25097d8d-e97c-4e68-990b-e1ccc28a453e,ЦДНТА-(Р-17-3-9-4-1958+++Р-17-3-9-4-1958+++Р-17-3-9-4-1958),Р-17-3-9-4-1958,Р17,3-9,4,1958,opys-explicit
aa589405-1664-4ce1-bb81-c894ece48456,ЦДНТА-(Р-17-3-9-4-1973+++Р-17-3-9-4-1973+++Р-17-3-9-4-1973),Р-17-3-9-4-1973,Р17,3-9,4,1973,opys-explicit
9f287561-f7cb-4aeb-93d1-a6b3a959de66,ЦДНТА-(Р-17-3-9-4-1967+++Р-17-3-9-4-1967+++Р-17-3-9-4-1967),Р-17-3-9-4-1967,Р17,3-9,4,1967,opys-explicit
2986f16d-63b8-43ee-b492-eb9a58f3e55a,ЦДНТА-(Р-17-3-9-4-1984+++Р-17-3-9-4-1984+++Р-17-3-9-4-1984),Р-17-3-9-4-1984,Р17,3-9,4,1984,opys-explicit
b4b686a5-6435-4715-a248-8ae7ac17a47c,ЦДНТА-(Р-17-3-9-4-1978+++Р-17-3-9-4-1978+++Р-17-3-9-4-1978),Р-17-3-9-4-1978,Р17,3-9,4,1978,opys-explicit
3f968128-2956-46bd-afd9-9ab267836578,ЦДНТА-(Р-17-3-9-4-1771+++Р-17-3-9-4-1771+++Р-17-3-9-4-1771),Р-17-3-9-4-1771,Р17,3-9,4,1771,opys-explicit
00b23152-31ef-4e9e-83d6-006e619cf71b,ЦДНТА-(Р-17-3-9-4-1787+++Р-17-3-9-4-1787+++Р-17-3-9-4-1787),Р-17-3-9-4-1787,Р17,3-9,4,1787,opys-explicit
37e2359f-0887-4b5f-89b3-6aeb9fbda149,ЦДНТА-(Р-17-3-9-4-1768+++Р-17-3-9-4-1768+++Р-17-3-9-4-1768),Р-17-3-9-4-1768,Р17,3-9,4,1768,opys-explicit
db039f85-47d0-4b56-9845-cea47940ca19,ЦДНТА-(Р-17-3-9-4-1803+++Р-17-3-9-4-1803+++Р-17-3-9-4-1803),Р-17-3-9-4-1803,Р17,3-9,4,1803,opys-explicit
007772e1-9110-4b25-aede-012b068c9699,ЦДНТА-(Р-17-3-9-4-1804+++Р-17-3-9-4-1804+++Р-17-3-9-4-1804),Р-17-3-9-4-1804,Р17,3-9,4,1804,opys-explicit
ef45efc8-794e-4027-8dca-0770596a1a31,ЦДНТА-(Р-17-3-9-4-1813+++Р-17-3-9-4-1813+++Р-17-3-9-4-1813),Р-17-3-9-4-1813,Р17,3-9,4,1813,opys-explicit
035ca0fc-3283-4a34-98f3-233e81bd03bf,ЦДНТА-(Р-17-3-9-4-1844+++Р-17-3-9-4-1844+++Р-17-3-9-4-1844),Р-17-3-9-4-1844,Р17,3-9,4,1844,opys-explicit
4da5df80-4f65-42e6-ba1e-2da1ed72f902,ЦДНТА-(Р-17-3-9-4-1852+++Р-17-3-9-4-1852+++Р-17-3-9-4-1852),Р-17-3-9-4-1852,Р17,3-9,4,1852,opys-explicit
02d157aa-479a-4278-b7c1-95dd638290de,ЦДНТА-(Р-17-3-9-4-1847+++Р-17-3-9-4-1847+++Р-17-3-9-4-1847),Р-17-3-9-4-1847,Р17,3-9,4,1847,opys-explicit
e1867495-b47d-4bb9-b667-dab4cdeced14,ЦДНТА-(Р-17-3-9-4-1837+++Р-17-3-9-4-1837+++Р-17-3-9-4-1837),Р-17-3-9-4-1837,Р17,3-9,4,1837,opys-explicit
42832b6e-2d77-4f60-986f-fe21047b7f03,ЦДНТА-(Р-17-3-9-4-1858+++Р-17-3-9-4-1858+++Р-17-3-9-4-1858),Р-17-3-9-4-1858,Р17,3-9,4,1858,opys-explicit
9db565b7-8820-4b20-8413-1cc080f09918,ЦДНТА-(Р-17-3-9-4-1864+++Р-17-3-9-4-1864+++Р-17-3-9-4-1864),Р-17-3-9-4-1864,Р17,3-9,4,1864,opys-explicit
7e2b83c0-1194-4169-99c4-851efe2d4456,ЦДНТА-(Р-17-3-9-4-1896+++Р-17-3-9-4-1896+++Р-17-3-9-4-1896),Р-17-3-9-4-1896,Р17,3-9,4,1896,opys-explicit
ed1c4de6-de28-4ba1-a569-1a9817fa5f0c,ЦДНТА-(Р-17-3-9-4-1879+++Р-17-3-9-4-1879+++Р-17-3-9-4-1879),Р-17-3-9-4-1879,Р17,3-9,4,1879,opys-explicit
4ba16175-b4d4-4313-85ec-9b1da9d389f6,ЦДНТА-(Р-17-3-9-4-1893+++Р-17-3-9-4-1893+++Р-17-3-9-4-1893),Р-17-3-9-4-1893,Р17,3-9,4,1893,opys-explicit
9ef78b3f-e518-4616-8a6f-301e7ae9d414,ЦДНТА-(Р-17-3-9-4-1884+++Р-17-3-9-4-1884+++Р-17-3-9-4-1884),Р-17-3-9-4-1884,Р17,3-9,4,1884,opys-explicit
dc623c36-9eb5-4627-b515-4f69d8491f34,ЦДНТА-(Р-17-3-9-4-1910+++Р-17-3-9-4-1910+++Р-17-3-9-4-1910),Р-17-3-9-4-1910,Р17,3-9,4,1910,opys-explicit
011788d0-a4c0-4609-b33a-0e43a4a3a77f,ЦДНТА-(Р-17-3-9-4-1920+++Р-17-3-9-4-1920+++Р-17-3-9-4-1920),Р-17-3-9-4-1920,Р17,3-9,4,1920,opys-explicit
984d72b9-864c-472b-bc1c-50681366953e,ЦДНТА-(Р-17-3-9-4-1919+++Р-17-3-9-4-1919+++Р-17-3-9-4-1919),Р-17-3-9-4-1919,Р17,3-9,4,1919,opys-explicit
5b863b28-366f-411b-8ba8-41cf6fd897b5,ЦДНТА-(Р-17-3-9-4-1931+++Р-17-3-9-4-1931+++Р-17-3-9-4-1931),Р-17-3-9-4-1931,Р17,3-9,4,1931,opys-explicit
18de4c2a-7795-4739-8a6e-1bf0ff42717b,ЦДНТА-(Р-17-3-9-4-1932+++Р-17-3-9-4-1932+++Р-17-3-9-4-1932),Р-17-3-9-4-1932,Р17,3-9,4,1932,opys-explicit
1682346b-3cf4-4c40-aef5-46f99273e550,ЦДНТА-(Р-17-3-9-4-1953+++Р-17-3-9-4-1953+++Р-17-3-9-4-1953),Р-17-3-9-4-1953,Р17,3-9,4,1953,opys-explicit
7b13037d-0f46-4fb2-96a1-c37a851b56e0,ЦДНТА-(Р-17-3-9-4-1959+++Р-17-3-9-4-1959+++Р-17-3-9-4-1959),Р-17-3-9-4-1959,Р17,3-9,4,1959,opys-explicit
b156e813-4a3b-4bc2-a462-a236008b8fed,ЦДНТА-(Р-17-3-9-4-1980+++Р-17-3-9-4-1980+++Р-17-3-9-4-1980),Р-17-3-9-4-1980,Р17,3-9,4,1980,opys-explicit
419bc880-0c4c-4a9f-998a-5d4001fddea0,ЦДНТА-(Р-17-3-9-4-1977+++Р-17-3-9-4-1977+++Р-17-3-9-4-1977),Р-17-3-9-4-1977,Р17,3-9,4,1977,opys-explicit
8bfe1e28-9b5c-4b79-8b18-3cd6579a0459,ЦДНТА-(Р-17-3-9-4-1981+++Р-17-3-9-4-1981+++Р-17-3-9-4-1981),Р-17-3-9-4-1981,Р17,3-9,4,1981,opys-explicit
d3872977-f7a6-4726-be6f-37637e29cbc1,ЦДНТА-(Р-17-3-9-4-1988+++Р-17-3-9-4-1988+++Р-17-3-9-4-1988),Р-17-3-9-4-1988,Р17,3-9,4,1988,opys-explicit
2965d45f-5a4d-4ad3-9201-47bcdcab95c0,ЦДНТА-(Р-17-3-9-4-1989+++Р-17-3-9-4-1989+++Р-17-3-9-4-1989),Р-17-3-9-4-1989,Р17,3-9,4,1989,opys-explicit
92bc4831-9aa3-4041-96ee-d28f572e78d9,ЦДНТА-(Р-17-3-9-330+++Р-17-3-9-330+++Р-17-3-9-330),Р-17-3-9-330,Р17,3-9,1,330,range-lookup
58d7e1e5-61c5-4507-9046-3cecfc98fb1a,ЦДНТА-(Р-107-3-36-3-408+++Р-107-3-36-3-408+++Р-107-3-36-3-408),Р-107-3-36-3-408,Р107,3-36,3,408,opys-explicit
475f4042-8d0b-4a9b-947b-6da56a11dba3,ЦДНТА-(Р-17-3-9-332+++Р-17-3-9-332+++Р-17-3-9-332),Р-17-3-9-332,Р17,3-9,1,332,range-lookup
58ff52c3-b24d-4cf9-b451-f04d29442c89,ЦДНТА-(Р-107-3-36-3-247+++Р-107-3-36-3-247+++Р-107-3-36-3-247),Р-107-3-36-3-247,Р107,3-36,3,247,opys-explicit
4c6c3c11-a95d-447d-b73f-c34d13f4f43f,ЦДНТА-(Р-18-3-10-4-320+++Р-18-3-10-4-320+++Р-18-3-10-4-320),Р-18-3-10-4-320,Р18,3-10,4,320,opys-explicit
0862f7f9-681e-4e4f-ab51-df1515cc29cc,ЦДНТА-(Р-17-3-9-354+++Р-17-3-9-354+++Р-17-3-9-354),Р-17-3-9-354,Р17,3-9,1,354,range-lookup
6c44c147-d040-489a-b595-0b42ccf43d0d,ЦДНТА-(Р-17-3-9-4-1769+++Р-17-3-9-4-1769+++Р-17-3-9-4-1769),Р-17-3-9-4-1769,Р17,3-9,4,1769,opys-explicit
304aac44-1bce-4ae6-8a2d-83ad7d25b258,ЦДНТА-(Р-17-3-9-4-1830+++Р-17-3-9-4-1830+++Р-17-3-9-4-1830),Р-17-3-9-4-1830,Р17,3-9,4,1830,opys-explicit
f813aa94-947d-4117-bd29-84e1f5b17796,ЦДНТА-(Р-17-3-9-4-1817+++Р-17-3-9-4-1817+++Р-17-3-9-4-1817),Р-17-3-9-4-1817,Р17,3-9,4,1817,opys-explicit
cb4be3c7-c72f-4e9b-b09f-3608b028d977,ЦДНТА-(Р-17-3-9-4-1818+++Р-17-3-9-4-1818+++Р-17-3-9-4-1818),Р-17-3-9-4-1818,Р17,3-9,4,1818,opys-explicit
446f124f-2907-4bf0-8d00-6920bcddb826,ЦДНТА-(Р-17-3-9-4-1824+++Р-17-3-9-4-1824+++Р-17-3-9-4-1824),Р-17-3-9-4-1824,Р17,3-9,4,1824,opys-explicit
0bd93bc7-0805-451a-aa95-73ed71827c8f,ЦДНТА-(Р-17-3-9-4-1832+++Р-17-3-9-4-1832+++Р-17-3-9-4-1832),Р-17-3-9-4-1832,Р17,3-9,4,1832,opys-explicit
56b89f39-2844-4f15-9d6a-f7396014361f,ЦДНТА-(Р-17-3-9-4-1829+++Р-17-3-9-4-1829+++Р-17-3-9-4-1829),Р-17-3-9-4-1829,Р17,3-9,4,1829,opys-explicit
e4384d9f-d743-49f4-b4b5-ab11f2611558,ЦДНТА-(Р-17-3-9-4-1845+++Р-17-3-9-4-1845+++Р-17-3-9-4-1845),Р-17-3-9-4-1845,Р17,3-9,4,1845,opys-explicit
9a42d4af-6f32-463e-8e68-bb7820090864,ЦДНТА-(Р-17-3-9-4-1869+++Р-17-3-9-4-1869+++Р-17-3-9-4-1869),Р-17-3-9-4-1869,Р17,3-9,4,1869,opys-explicit
1df43845-1750-457f-95f2-2cc265a8f925,ЦДНТА-(Р-17-3-9-4-1840+++Р-17-3-9-4-1840+++Р-17-3-9-4-1840),Р-17-3-9-4-1840,Р17,3-9,4,1840,opys-explicit
44350651-9545-4bb5-b0d1-ad68f2eaa3fc,ЦДНТА-(Р-78-3-22-2-429+++Р-78-3-22-2-429+++Р-78-3-22-2-429),Р-78-3-22-2-429,Р78,3-22,2Д,429,opys-explicit
307f92ff-c940-4142-a3e1-c5b5044eaea3,ЦДНТА-(Р-107-3-36-2-179+++Р-107-3-36-2-179+++Р-107-3-36-2-179),Р-107-3-36-2-179,Р107,3-36,2,179,opys-explicit
717d748b-aadd-4d0b-acb1-7376bd8fb2e0,ЦДНТА-(Р-107-3-36-2-190+++Р-107-3-36-2-190+++Р-107-3-36-2-190),Р-107-3-36-2-190,Р107,3-36,2,190,opys-explicit
88d9ad35-2834-46cc-aa94-7160e7b03a1c,ЦДНТА-(Р-107-3-36-2-210+++Р-107-3-36-2-210+++Р-107-3-36-2-210),Р-107-3-36-2-210,Р107,3-36,2,210,opys-explicit
575565c2-8b5d-4d44-b224-25c1720b3be4,ЦДНТА-(Р-107-3-36-3-225+++Р-107-3-36-3-225+++Р-107-3-36-3-225),Р-107-3-36-3-225,Р107,3-36,3,225,opys-explicit
16aa0f5a-0f31-4d2f-a902-356ca3506ea0,ЦДНТА-(Р-107-3-36-1-154+++Р-107-3-36-1-154+++Р-107-3-36-1-154),Р-107-3-36-1-154,Р107,3-36,1,154,opys-explicit+outofrange
7083bdfd-a4be-48d0-8979-cdaff5e2673f,ЦДНТА-(Р-107-3-36-2-204+++Р-107-3-36-2-204+++Р-107-3-36-2-204),Р-107-3-36-2-204,Р107,3-36,2,204,opys-explicit
a1b3883d-736e-41c7-81c9-1fbd0e23ad60,ЦДНТА-(Р-107-3-36-1-117+++Р-107-3-36-1-117+++Р-107-3-36-1-117),Р-107-3-36-1-117,Р107,3-36,1,117,opys-explicit+outofrange
b49e254e-d874-4ad8-a957-1c2588c98284,ЦДНТА-(Р-107-3-36-2-194+++Р-107-3-36-2-194+++Р-107-3-36-2-194),Р-107-3-36-2-194,Р107,3-36,2,194,opys-explicit
22de6211-9154-4b93-8040-4b7b6810c4d4,ЦДНТА-(Р-107-3-36-1-134+++Р-107-3-36-1-134+++Р-107-3-36-1-134),Р-107-3-36-1-134,Р107,3-36,1,134,opys-explicit+outofrange
e4824d7f-4222-4184-aae2-52a192af2376,ЦДНТА-(Р-107-3-36-1-120+++Р-107-3-36-1-120+++Р-107-3-36-1-120),Р-107-3-36-1-120,Р107,3-36,1,120,opys-explicit+outofrange
9f55af1a-d89a-47ae-9004-b6a071d7d498,ЦДНТА-(Р-107-3-36-1-169+++Р-107-3-36-1-169+++Р-107-3-36-1-169),Р-107-3-36-1-169,Р107,3-36,1,169,opys-explicit+outofrange
e57ff77c-a37b-4d83-8c96-4b960c92c09d,ЦДНТА-(Р-107-3-36-1-145+++Р-107-3-36-1-145+++Р-107-3-36-1-145),Р-107-3-36-1-145,Р107,3-36,1,145,opys-explicit+outofrange
c5061cd4-cc02-43b8-92bf-73db84d27d3b,ЦДНТА-(Р-107-3-36-1-167+++Р-107-3-36-1-167+++Р-107-3-36-1-167),Р-107-3-36-1-167,Р107,3-36,1,167,opys-explicit+outofrange
d5285829-20f2-430f-b907-00c91208c405,ЦДНТА-(Р-107-3-36-2-197+++Р-107-3-36-2-197+++Р-107-3-36-2-197),Р-107-3-36-2-197,Р107,3-36,2,197,opys-explicit
fdf1e360-f769-4211-8e89-3fe9cad377ca,ЦДНТА-(Р-17-3-9-4-2012+++Р-17-3-9-4-2012+++Р-17-3-9-4-2012),Р-17-3-9-4-2012,Р17,3-9,4,2012,opys-explicit
3dfc2f89-49a6-4fee-84b9-cdb7bd01fb0f,ЦДНТА-(Р-17-3-9-4-1994+++Р-17-3-9-4-1994+++Р-17-3-9-4-1994),Р-17-3-9-4-1994,Р17,3-9,4,1994,opys-explicit
a9815b83-99f6-4ea4-96c9-4c6ad3fc833e,ЦДНТА-(Р-17-3-9-4-1987+++Р-17-3-9-4-1987+++Р-17-3-9-4-1987),Р-17-3-9-4-1987,Р17,3-9,4,1987,opys-explicit
50297f45-0fec-48a6-b737-0a46654e49b4,ЦДНТА-(Р-17-3-9-4-1991+++Р-17-3-9-4-1991+++Р-17-3-9-4-1991),Р-17-3-9-4-1991,Р17,3-9,4,1991,opys-explicit
12496e6c-41e3-47a7-8f6d-377f5d442e42,ЦДНТА-(Р-17-3-9-4-2025+++Р-17-3-9-4-2025+++Р-17-3-9-4-2025),Р-17-3-9-4-2025,Р17,3-9,4,2025,opys-explicit
89b3ef31-e54c-4c0f-9ad9-4752db60086d,ЦДНТА-(Р-17-3-9-4-2056+++Р-17-3-9-4-2056+++Р-17-3-9-4-2056),Р-17-3-9-4-2056,Р17,3-9,4,2056,opys-explicit
782aee18-41b5-4ec0-8dae-7e5208b48ca1,ЦДНТА-(Р-17-3-9-4-2050+++Р-17-3-9-4-2050+++Р-17-3-9-4-2050),Р-17-3-9-4-2050,Р17,3-9,4,2050,opys-explicit
a551b65c-95de-40fc-8b79-71f9e8f03f02,ЦДНТА-(Р-17-3-9-4-2072+++Р-17-3-9-4-2072+++Р-17-3-9-4-2072),Р-17-3-9-4-2072,Р17,3-9,4,2072,opys-explicit
15fd8443-cad4-41a4-80ea-23d1e6c6cb15,ЦДНТА-(Р-17-3-9-4-2057+++Р-17-3-9-4-2057+++Р-17-3-9-4-2057),Р-17-3-9-4-2057,Р17,3-9,4,2057,opys-explicit
9474359a-f2ee-4ca0-bfe8-f2b7bf6d4f26,ЦДНТА-(Р-17-3-9-4-2066+++Р-17-3-9-4-2066+++Р-17-3-9-4-2066),Р-17-3-9-4-2066,Р17,3-9,4,2066,opys-explicit
ca2d860b-004d-41d5-ad73-72c248353c59,ЦДНТА-(Р-17-3-9-4-2010+++Р-17-3-9-4-2010+++Р-17-3-9-4-2010),Р-17-3-9-4-2010,Р17,3-9,4,2010,opys-explicit
ae0170cd-ab51-43f7-8071-40af18a5a4cc,ЦДНТА-(Р-17-3-9-4-2087+++Р-17-3-9-4-2087+++Р-17-3-9-4-2087),Р-17-3-9-4-2087,Р17,3-9,4,2087,opys-explicit
274999ec-273c-4df2-aec9-d3fd385d5e44,ЦДНТА-(Р-17-3-9-4-2078+++Р-17-3-9-4-2078+++Р-17-3-9-4-2078),Р-17-3-9-4-2078,Р17,3-9,4,2078,opys-explicit
8919e19f-c252-4d2f-8dc8-0a9de9339574,ЦДНТА-(Р-17-3-9-4-2000+++Р-17-3-9-4-2000+++Р-17-3-9-4-2000),Р-17-3-9-4-2000,Р17,3-9,4,2000,opys-explicit
25f80b27-c65b-4289-adf7-53fecfc38214,ЦДНТА-(Р-17-3-9-4-2030+++Р-17-3-9-4-2030+++Р-17-3-9-4-2030),Р-17-3-9-4-2030,Р17,3-9,4,2030,opys-explicit
a9620551-3636-4961-bdf3-37bb84d10a2a,ЦДНТА-(Р-17-3-9-4-2132+++Р-17-3-9-4-2132+++Р-17-3-9-4-2132),Р-17-3-9-4-2132,Р17,3-9,4,2132,opys-explicit
a946477a-cacc-4ab6-80de-1a2c9c69c72f,ЦДНТА-(Р-17-3-9-4-2006+++Р-17-3-9-4-2006+++Р-17-3-9-4-2006),Р-17-3-9-4-2006,Р17,3-9,4,2006,opys-explicit
fdae16f1-775c-4ad0-bbfc-b291c2512b3a,ЦДНТА-(Р-17-3-9-4-2067+++Р-17-3-9-4-2067+++Р-17-3-9-4-2067),Р-17-3-9-4-2067,Р17,3-9,4,2067,opys-explicit
86d809ef-b255-4afb-adcd-a61143b67bb9,ЦДНТА-(Р-17-3-9-4-1999+++Р-17-3-9-4-1999+++Р-17-3-9-4-1999),Р-17-3-9-4-1999,Р17,3-9,4,1999,opys-explicit
92e38907-7e9d-46d1-96b3-04e9ae3f346e,ЦДНТА-(Р-17-3-9-4-2166+++Р-17-3-9-4-2166+++Р-17-3-9-4-2166),Р-17-3-9-4-2166,Р17,3-9,4,2166,opys-explicit
ea3250ac-ac5a-45aa-9699-fe2c051578b4,ЦДНТА-(Р-17-3-9-4-2089+++Р-17-3-9-4-2089+++Р-17-3-9-4-2089),Р-17-3-9-4-2089,Р17,3-9,4,2089,opys-explicit
1f6312b0-5363-4998-b5e7-50b4d933a0e8,ЦДНТА-(Р-17-3-9-4-2023+++Р-17-3-9-4-2023+++Р-17-3-9-4-2023),Р-17-3-9-4-2023,Р17,3-9,4,2023,opys-explicit
7fe7651f-297f-4144-93f3-d7000c8f5c61,ЦДНТА-(Р-17-3-9-4-2158+++Р-17-3-9-4-2158+++Р-17-3-9-4-2158),Р-17-3-9-4-2158,Р17,3-9,4,2158,opys-explicit
aefdc4ee-efd9-45e3-b7a8-91b5766c7744,ЦДНТА-(Р-17-3-9-4-2186+++Р-17-3-9-4-2186+++Р-17-3-9-4-2186),Р-17-3-9-4-2186,Р17,3-9,4,2186,opys-explicit
8c13633f-1cc9-4d1b-9855-d59b30ac881a,ЦДНТА-(Р-17-3-9-4-2205+++Р-17-3-9-4-2205+++Р-17-3-9-4-2205),Р-17-3-9-4-2205,Р17,3-9,4,2205,opys-explicit
9349fdf3-531a-4508-bc5a-b26968d0c4e6,ЦДНТА-(Р-17-3-9-4-2022+++Р-17-3-9-4-2022+++Р-17-3-9-4-2022),Р-17-3-9-4-2022,Р17,3-9,4,2022,opys-explicit
704ca3be-465d-4ddf-b1f2-0bb8896b441f,ЦДНТА-(Р-17-3-9-4-2064+++Р-17-3-9-4-2064+++Р-17-3-9-4-2064),Р-17-3-9-4-2064,Р17,3-9,4,2064,opys-explicit
1151170e-8269-430e-944a-e204e8746b60,ЦДНТА-(Р-17-3-9-4-2140+++Р-17-3-9-4-2140+++Р-17-3-9-4-2140),Р-17-3-9-4-2140,Р17,3-9,4,2140,opys-explicit
e52db441-bc6e-48c8-902c-0374fa2dcbed,ЦДНТА-(Р-17-3-9-4-2221+++Р-17-3-9-4-2221+++Р-17-3-9-4-2221),Р-17-3-9-4-2221,Р17,3-9,4,2221,opys-explicit
37842eaf-50d9-48c7-82c6-1b568eda9e8b,ЦДНТА-(Р-17-3-9-4-2181+++Р-17-3-9-4-2181+++Р-17-3-9-4-2181),Р-17-3-9-4-2181,Р17,3-9,4,2181,opys-explicit
45c3e2c2-80c4-4837-a9cc-d5f4457cf25d,ЦДНТА-(Р-17-3-9-4-2167+++Р-17-3-9-4-2167+++Р-17-3-9-4-2167),Р-17-3-9-4-2167,Р17,3-9,4,2167,opys-explicit
355e260c-bcf9-49d2-80f2-4e1f57469941,ЦДНТА-(Р-17-3-9-4-2137+++Р-17-3-9-4-2137+++Р-17-3-9-4-2137),Р-17-3-9-4-2137,Р17,3-9,4,2137,opys-explicit
5c96b386-b794-40e6-b0d5-9b3f1351781f,ЦДНТА-(Р-17-3-9-4-2052+++Р-17-3-9-4-2052+++Р-17-3-9-4-2052),Р-17-3-9-4-2052,Р17,3-9,4,2052,opys-explicit
1b7db4ec-0493-4e6d-a350-f6209ff572cc,ЦДНТА-(Р-17-3-9-4-2209+++Р-17-3-9-4-2209+++Р-17-3-9-4-2209),Р-17-3-9-4-2209,Р17,3-9,4,2209,opys-explicit
290969b4-0ab8-4351-81e5-2f65f8598a35,ЦДНТА-(Р-17-3-9-4-2134+++Р-17-3-9-4-2134+++Р-17-3-9-4-2134),Р-17-3-9-4-2134,Р17,3-9,4,2134,opys-explicit
a9e97337-d58d-4694-a448-52362257b802,ЦДНТА-(Р-17-3-9-4-2128+++Р-17-3-9-4-2128+++Р-17-3-9-4-2128),Р-17-3-9-4-2128,Р17,3-9,4,2128,opys-explicit
82448c3b-7b58-4879-8b5d-d919300c034a,ЦДНТА-(Р-17-3-9-4-2248+++Р-17-3-9-4-2248+++Р-17-3-9-4-2248),Р-17-3-9-4-2248,Р17,3-9,4,2248,opys-explicit
82bb2d9e-d3d9-4580-946b-f89d74a2566b,ЦДНТА-(Р-17-3-9-4-2177+++Р-17-3-9-4-2177+++Р-17-3-9-4-2177),Р-17-3-9-4-2177,Р17,3-9,4,2177,opys-explicit
257073db-637e-444b-9d76-8a200af0709a,ЦДНТА-(Р-17-3-9-4-2169+++Р-17-3-9-4-2169+++Р-17-3-9-4-2169),Р-17-3-9-4-2169,Р17,3-9,4,2169,opys-explicit
13d09a3c-a401-4fe4-88be-c24659c9508e,ЦДНТА-(Р-17-3-9-4-2290+++Р-17-3-9-4-2290+++Р-17-3-9-4-2290),Р-17-3-9-4-2290,Р17,3-9,4,2290,opys-explicit
6a57a84b-c160-48da-8f86-69105a3234a8,ЦДНТА-(Р-17-3-9-4-2180+++Р-17-3-9-4-2180+++Р-17-3-9-4-2180),Р-17-3-9-4-2180,Р17,3-9,4,2180,opys-explicit
5c8ffff6-9908-4d93-8070-3dced0d5dbc7,ЦДНТА-(Р-17-3-9-4-2094+++Р-17-3-9-4-2094+++Р-17-3-9-4-2094),Р-17-3-9-4-2094,Р17,3-9,4,2094,opys-explicit
6ceb0edd-2c32-4dc3-a050-5b57e68ab58e,ЦДНТА-(Р-17-3-9-4-2059+++Р-17-3-9-4-2059+++Р-17-3-9-4-2059),Р-17-3-9-4-2059,Р17,3-9,4,2059,opys-explicit
ec09df98-a8a6-4d01-a88d-2f565a91227b,ЦДНТА-(Р-17-3-9-4-2254+++Р-17-3-9-4-2254+++Р-17-3-9-4-2254),Р-17-3-9-4-2254,Р17,3-9,4,2254,opys-explicit
95a85372-f07b-4f11-84c1-7cac17a055d4,ЦДНТА-(Р-17-3-9-4-2084+++Р-17-3-9-4-2084+++Р-17-3-9-4-2084),Р-17-3-9-4-2084,Р17,3-9,4,2084,opys-explicit
b01bf789-f8e1-4c5c-a2f2-62904380e41c,ЦДНТА-(Р-17-3-9-4-2092+++Р-17-3-9-4-2092+++Р-17-3-9-4-2092),Р-17-3-9-4-2092,Р17,3-9,4,2092,opys-explicit
81080893-8a78-4c9d-929a-f22494d66b29,ЦДНТА-(Р-17-3-9-4-2093+++Р-17-3-9-4-2093+++Р-17-3-9-4-2093),Р-17-3-9-4-2093,Р17,3-9,4,2093,opys-explicit
8acbae9a-4793-4090-b617-4eb2aeb029c7,ЦДНТА-(Р-17-3-9-4-2170+++Р-17-3-9-4-2170+++Р-17-3-9-4-2170),Р-17-3-9-4-2170,Р17,3-9,4,2170,opys-explicit
021ab59f-9f07-4721-9861-bf96ec98f224,ЦДНТА-(Р-17-3-9-4-2126+++Р-17-3-9-4-2126+++Р-17-3-9-4-2126),Р-17-3-9-4-2126,Р17,3-9,4,2126,opys-explicit
3908b83c-197b-48bc-a079-73168f6de43c,ЦДНТА-(Р-17-3-9-4-2174+++Р-17-3-9-4-2174+++Р-17-3-9-4-2174),Р-17-3-9-4-2174,Р17,3-9,4,2174,opys-explicit
0615617e-d054-4c01-af61-217618b22eb9,ЦДНТА-(Р-17-3-9-4-2194+++Р-17-3-9-4-2194+++Р-17-3-9-4-2194),Р-17-3-9-4-2194,Р17,3-9,4,2194,opys-explicit
a15ea323-11fd-4459-b224-e5ff326639a8,ЦДНТА-(Р-17-3-9-4-2250+++Р-17-3-9-4-2250+++Р-17-3-9-4-2250),Р-17-3-9-4-2250,Р17,3-9,4,2250,opys-explicit
0800470e-9bf6-4878-a6c1-5d6e1ea4fe13,ЦДНТА-(Р-17-3-9-4-2229+++Р-17-3-9-4-2229+++Р-17-3-9-4-2229),Р-17-3-9-4-2229,Р17,3-9,4,2229,opys-explicit
d999b91c-e844-46da-8aa5-cabd665b6639,ЦДНТА-(Р-17-3-9-4-2127+++Р-17-3-9-4-2127+++Р-17-3-9-4-2127),Р-17-3-9-4-2127,Р17,3-9,4,2127,opys-explicit
1f931000-26b0-4e08-a28a-1333cdc99d3b,ЦДНТА-(Р-17-3-9-4-2266+++Р-17-3-9-4-2266+++Р-17-3-9-4-2266),Р-17-3-9-4-2266,Р17,3-9,4,2266,opys-explicit
22418bf2-74a9-4cff-923d-ab32e43e19c2,ЦДНТА-(Р-17-3-9-4-2293+++Р-17-3-9-4-2293+++Р-17-3-9-4-2293),Р-17-3-9-4-2293,Р17,3-9,4,2293,opys-explicit
17122f32-94d4-48e6-8620-9dd847f1d254,ЦДНТА-(Р-17-3-9-4-2289+++Р-17-3-9-4-2289+++Р-17-3-9-4-2289),Р-17-3-9-4-2289,Р17,3-9,4,2289,opys-explicit
eb2f0d26-7296-4108-ab33-5a0608407cb1,ЦДНТА-(Р-17-3-9-4-2206+++Р-17-3-9-4-2206+++Р-17-3-9-4-2206),Р-17-3-9-4-2206,Р17,3-9,4,2206,opys-explicit
e6103383-735a-4c15-99b5-200801b32fe8,ЦДНТА-(Р-17-3-9-4-2288+++Р-17-3-9-4-2288+++Р-17-3-9-4-2288),Р-17-3-9-4-2288,Р17,3-9,4,2288,opys-explicit
9b3eb6d1-8127-4cd6-8598-6b78812cc5e0,ЦДНТА-(Р-17-3-9-4-2226+++Р-17-3-9-4-2226+++Р-17-3-9-4-2226),Р-17-3-9-4-2226,Р17,3-9,4,2226,opys-explicit
08909d27-6917-44b7-81c4-fc345f842754,ЦДНТА-(Р-107-3-36-3-217+++Р-107-3-36-3-217+++Р-107-3-36-3-217),Р-107-3-36-3-217,Р107,3-36,3,217,opys-explicit
c7c4a0a2-4120-48b5-af88-687081878639,ЦДНТА-(Р-107-3-36-3-234+++Р-107-3-36-3-234+++Р-107-3-36-3-234),Р-107-3-36-3-234,Р107,3-36,3,234,opys-explicit
843c98b1-1938-4bb6-8808-8967fed6a881,ЦДНТА-(Р-107-3-36-3-254+++Р-107-3-36-3-254+++Р-107-3-36-3-254),Р-107-3-36-3-254,Р107,3-36,3,254,opys-explicit
9590e017-b9f8-46ca-8b77-441efccd18bd,ЦДНТА-(Р-107-3-36-1-136+++Р-107-3-36-1-136+++Р-107-3-36-1-136),Р-107-3-36-1-136,Р107,3-36,1,136,opys-explicit+outofrange
db7625f4-56ac-4013-9957-9e19c2cd4fff,ЦДНТА-(Р-107-3-36-1-150+++Р-107-3-36-1-150+++Р-107-3-36-1-150),Р-107-3-36-1-150,Р107,3-36,1,150,opys-explicit+outofrange
c1d0aac6-5b19-4257-894c-249b52cfcd3f,ЦДНТА-(Р-107-3-36-1-181+++Р-107-3-36-1-181+++Р-107-3-36-1-181),Р-107-3-36-1-181,Р107,3-36,1,181,opys-explicit+outofrange
c0744137-b2b3-4e54-a7bb-8ebdd6a43e73,ЦДНТА-(Р-107-3-36-1-125+++Р-107-3-36-1-125+++Р-107-3-36-1-125),Р-107-3-36-1-125,Р107,3-36,1,125,opys-explicit+outofrange
dcc021e5-46ae-439b-a3d6-140a9736cf69,ЦДНТА-(Р-107-3-36-3-224+++Р-107-3-36-3-224+++Р-107-3-36-3-224),Р-107-3-36-3-224,Р107,3-36,3,224,opys-explicit
1b1ad612-abd2-44fd-a064-a36140cf07bd,ЦДНТА-(Р-107-3-36-4-916+++Р-107-3-36-4-916+++Р-107-3-36-4-916),Р-107-3-36-4-916,Р107,3-36,4,916,opys-explicit
35fbfc31-48ce-4e03-82cc-72ac847c57a2,ЦДНТА-(Р-107-3-36-4-933+++Р-107-3-36-4-933+++Р-107-3-36-4-933),Р-107-3-36-4-933,Р107,3-36,4,933,opys-explicit
550224c8-46d5-47bb-b50b-25fa2f9f0537,ЦДНТА-(Р-107-3-36-4-932+++Р-107-3-36-4-932+++Р-107-3-36-4-932),Р-107-3-36-4-932,Р107,3-36,4,932,opys-explicit
713e1ba8-435e-4765-8c5f-fe006b8b186c,ЦДНТА-(Р-107-3-36-4-942+++Р-107-3-36-4-942+++Р-107-3-36-4-942),Р-107-3-36-4-942,Р107,3-36,4,942,opys-explicit
9fad800b-0501-44a0-a7ae-60aced843edf,ЦДНТА-(Р-107-3-36-4-980+++Р-107-3-36-4-980+++Р-107-3-36-4-980),Р-107-3-36-4-980,Р107,3-36,4,980,opys-explicit
d832cac5-1460-4d13-a9b2-2a85aba4cc19,ЦДНТА-(Р-107-3-36-4-972+++Р-107-3-36-4-972+++Р-107-3-36-4-972),Р-107-3-36-4-972,Р107,3-36,4,972,opys-explicit
8ddfb791-987d-404f-af03-af9cc0209038,ЦДНТА-(Р-107-3-36-4-986+++Р-107-3-36-4-986+++Р-107-3-36-4-986),Р-107-3-36-4-986,Р107,3-36,4,986,opys-explicit
e9873666-38c2-41d1-b11e-4f9ae236d328,ЦДНТА-(Р-107-3-36-4-999+++Р-107-3-36-4-999+++Р-107-3-36-4-999),Р-107-3-36-4-999,Р107,3-36,4,999,opys-explicit
e13a01ca-2613-49be-b366-a9c23967cb40,ЦДНТА-(Р-107-3-36-4-1021+++Р-107-3-36-4-1021+++Р-107-3-36-4-1021),Р-107-3-36-4-1021,Р107,3-36,4,1021,opys-explicit
26f171dd-3858-4cc3-8258-800d3ec63bf6,ЦДНТА-(Р-107-3-36-4-1041+++Р-107-3-36-4-1041+++Р-107-3-36-4-1041),Р-107-3-36-4-1041,Р107,3-36,4,1041,opys-explicit
aeee5226-0dbf-40cd-9768-7146b44d7225,ЦДНТА-(Р-107-3-36-4-1025+++Р-107-3-36-4-1025+++Р-107-3-36-4-1025),Р-107-3-36-4-1025,Р107,3-36,4,1025,opys-explicit
fe8a954b-d06a-4639-9743-d6ba57933270,ЦДНТА-(Р-107-3-36-4-1023+++Р-107-3-36-4-1023+++Р-107-3-36-4-1023),Р-107-3-36-4-1023,Р107,3-36,4,1023,opys-explicit
1416dd9c-575c-4772-84fc-9410555cf12b,ЦДНТА-(Р-107-3-36-3-857+++Р-107-3-36-3-857+++Р-107-3-36-3-857),Р-107-3-36-3-857,Р107,3-36,3,857,opys-explicit
5a005da9-1abe-4852-a256-291c31e902c4,ЦДНТА-(Р-107-3-36-4-872+++Р-107-3-36-4-872+++Р-107-3-36-4-872),Р-107-3-36-4-872,Р107,3-36,4,872,opys-explicit
6ad220d7-0ecd-4154-a0f1-9a39309e0dea,ЦДНТА-(Р-107-3-36-4-1064+++Р-107-3-36-4-1064+++Р-107-3-36-4-1064),Р-107-3-36-4-1064,Р107,3-36,4,1064,opys-explicit
91a34144-205c-4ae3-b133-c834e96597d3,ЦДНТА-(Р-107-3-36-4-879+++Р-107-3-36-4-879+++Р-107-3-36-4-879),Р-107-3-36-4-879,Р107,3-36,4,879,opys-explicit
fb30760f-8315-4f44-a902-b45456f4e1a3,ЦДНТА-(Р-107-3-36-4-1074+++Р-107-3-36-4-1074+++Р-107-3-36-4-1074),Р-107-3-36-4-1074,Р107,3-36,4,1074,opys-explicit
224f336c-7646-41d5-9e8e-956b737659fd,ЦДНТА-(Р-107-3-36-4-880+++Р-107-3-36-4-880+++Р-107-3-36-4-880),Р-107-3-36-4-880,Р107,3-36,4,880,opys-explicit
a8da7af3-b633-4969-bcb6-02c23dd19048,ЦДНТА-(Р-107-3-36-4-891+++Р-107-3-36-4-891+++Р-107-3-36-4-891),Р-107-3-36-4-891,Р107,3-36,4,891,opys-explicit
d9b8e14f-64c3-4559-a77a-bba2046ea650,ЦДНТА-(Р-107-3-36-4-1088+++Р-107-3-36-4-1088+++Р-107-3-36-4-1088),Р-107-3-36-4-1088,Р107,3-36,4,1088,opys-explicit
db5c0f81-c81f-4cf0-a807-0fe0ec73bec3,ЦДНТА-(Р-107-3-36-4-1115+++Р-107-3-36-4-1115+++Р-107-3-36-4-1115),Р-107-3-36-4-1115,Р107,3-36,4,1115,opys-explicit
1882d67e-7b6f-44a2-a591-1c54f0f72ddb,ЦДНТА-(Р-107-3-36-4-1116+++Р-107-3-36-4-1116+++Р-107-3-36-4-1116),Р-107-3-36-4-1116,Р107,3-36,4,1116,opys-explicit
5c3da7b0-c958-4ef2-9f68-f8e0e1b5d17d,ЦДНТА-(Р-107-3-36-4-925+++Р-107-3-36-4-925+++Р-107-3-36-4-925),Р-107-3-36-4-925,Р107,3-36,4,925,opys-explicit
07d79495-26b2-493a-9221-c121ec7b8ab3,ЦДНТА-(Р-107-3-36-4-936+++Р-107-3-36-4-936+++Р-107-3-36-4-936),Р-107-3-36-4-936,Р107,3-36,4,936,opys-explicit
ac88c06f-7ebb-4174-80f4-3ba4c91552ba,ЦДНТА-(Р-107-3-36-4-1146+++Р-107-3-36-4-1146+++Р-107-3-36-4-1146),Р-107-3-36-4-1146,Р107,3-36,4,1146,opys-explicit
0432d4e8-8c58-4a2e-8296-69a2a30d352f,ЦДНТА-(Р-107-3-36-4-969+++Р-107-3-36-4-969+++Р-107-3-36-4-969),Р-107-3-36-4-969,Р107,3-36,4,969,opys-explicit
d3d1d64b-851b-4a51-9386-bdbe928e0e56,ЦДНТА-(Р-107-3-36-4-1158+++Р-107-3-36-4-1158+++Р-107-3-36-4-1158),Р-107-3-36-4-1158,Р107,3-36,4,1158,opys-explicit
a75c1af2-780d-4945-a19c-4688a802d54b,ЦДНТА-(Р-107-3-36-4-968+++Р-107-3-36-4-968+++Р-107-3-36-4-968),Р-107-3-36-4-968,Р107,3-36,4,968,opys-explicit
7ff09e80-a741-43fb-983e-be5e72e08d30,ЦДНТА-(Р-107-3-36-4-990+++Р-107-3-36-4-990+++Р-107-3-36-4-990),Р-107-3-36-4-990,Р107,3-36,4,990,opys-explicit
36468ac4-1878-46d2-856e-045a7a34b459,ЦДНТА-(Р-107-3-36-4-1013+++Р-107-3-36-4-1013+++Р-107-3-36-4-1013),Р-107-3-36-4-1013,Р107,3-36,4,1013,opys-explicit
a9363a66-68ee-4a69-8934-dfcc4debaac1,ЦДНТА-(Р-107-3-36-4-1016+++Р-107-3-36-4-1016+++Р-107-3-36-4-1016),Р-107-3-36-4-1016,Р107,3-36,4,1016,opys-explicit
52c0bb8a-5671-49e5-be65-5e93a769b249,ЦДНТА-(Р-107-3-36-4-1042+++Р-107-3-36-4-1042+++Р-107-3-36-4-1042),Р-107-3-36-4-1042,Р107,3-36,4,1042,opys-explicit
383c0f81-c59c-49bb-8d49-5355f08ed857,ЦДНТА-(Р-107-3-36-4-1075+++Р-107-3-36-4-1075+++Р-107-3-36-4-1075),Р-107-3-36-4-1075,Р107,3-36,4,1075,opys-explicit
be4396fd-1251-4b1b-b4e9-2b09f942fba1,ЦДНТА-(Р-107-3-36-4-1060+++Р-107-3-36-4-1060+++Р-107-3-36-4-1060),Р-107-3-36-4-1060,Р107,3-36,4,1060,opys-explicit
b782a0f5-8c7f-44b0-8912-7d0ddddf7621,ЦДНТА-(Р-107-3-36-4-1117+++Р-107-3-36-4-1117+++Р-107-3-36-4-1117),Р-107-3-36-4-1117,Р107,3-36,4,1117,opys-explicit
83841cc1-c173-4359-8ec3-c1a2cc99ddef,ЦДНТА-(Р-107-3-36-4-1139+++Р-107-3-36-4-1139+++Р-107-3-36-4-1139),Р-107-3-36-4-1139,Р107,3-36,4,1139,opys-explicit
43e2c970-0285-45d9-900f-35d23ec0f31e,ЦДНТА-(Р-107-3-36-4-1057+++Р-107-3-36-4-1057+++Р-107-3-36-4-1057),Р-107-3-36-4-1057,Р107,3-36,4,1057,opys-explicit
f7c861f9-72bf-4f8b-adac-ff607befa52c,ЦДНТА-(Р-107-3-36-4-1084+++Р-107-3-36-4-1084+++Р-107-3-36-4-1084),Р-107-3-36-4-1084,Р107,3-36,4,1084,opys-explicit
2661d54d-aff2-4647-aebe-ea0acbb503a5,ЦДНТА-(Р-107-3-36-4-1079+++Р-107-3-36-4-1079+++Р-107-3-36-4-1079),Р-107-3-36-4-1079,Р107,3-36,4,1079,opys-explicit
2ae09158-c863-4470-9ed1-9592c292630d,ЦДНТА-(Р-107-3-36-4-1129+++Р-107-3-36-4-1129+++Р-107-3-36-4-1129),Р-107-3-36-4-1129,Р107,3-36,4,1129,opys-explicit
47aba298-3402-4638-a3c7-f657031539f2,ЦДНТА-(Р-107-3-36-4-1099+++Р-107-3-36-4-1099+++Р-107-3-36-4-1099),Р-107-3-36-4-1099,Р107,3-36,4,1099,opys-explicit
42ff165b-25f0-4ba5-89c5-c2d866c71e2f,ЦДНТА-(Р-107-3-36-4-1148+++Р-107-3-36-4-1148+++Р-107-3-36-4-1148),Р-107-3-36-4-1148,Р107,3-36,4,1148,opys-explicit
efd36f15-988e-48f0-bec5-3954ac658711,ЦДНТА-(Р-17-3-9-315+++Р-17-3-9-315+++Р-17-3-9-315),Р-17-3-9-315,Р17,3-9,1,315,range-lookup
70a6a015-220a-467a-99f2-5146a41cebc2,ЦДНТА-(Р-17-3-9-327+++Р-17-3-9-327+++Р-17-3-9-327),Р-17-3-9-327,Р17,3-9,1,327,range-lookup
f96d612e-fa52-4c19-9eba-9dd0e84c1b85,ЦДНТА-(Р-17-3-9-326+++Р-17-3-9-326+++Р-17-3-9-326),Р-17-3-9-326,Р17,3-9,1,326,range-lookup
284d4ade-1adb-4b81-b57f-f0830e2ab75c,ЦДНТА-(Р-17-3-9-4-2284+++Р-17-3-9-4-2284+++Р-17-3-9-4-2284),Р-17-3-9-4-2284,Р17,3-9,4,2284,opys-explicit
913f19e8-0137-4f62-992c-c58a0504e3ec,ЦДНТА-(Р-17-3-9-4-2283+++Р-17-3-9-4-2283+++Р-17-3-9-4-2283),Р-17-3-9-4-2283,Р17,3-9,4,2283,opys-explicit
304f4291-f895-4740-b154-ab81e020595e,ЦДНТА-(Р-107-3-36-1-175+++Р-107-3-36-1-175+++Р-107-3-36-1-175),Р-107-3-36-1-175,Р107,3-36,1,175,opys-explicit+outofrange
80828a3e-04de-4fd8-b5bb-b9105fe6d8f2,ЦДНТА-(Р-17-3-9-398+++Р-17-3-9-398+++Р-17-3-9-398),Р-17-3-9-398,Р17,3-9,1,398,range-lookup
6a68122d-0be4-4325-8457-3c03c7b52afb,ЦДНТА-(Р-17-3-9-413+++Р-17-3-9-413+++Р-17-3-9-413),Р-17-3-9-413,Р17,3-9,1,413,range-lookup
eea78441-c5c6-4492-8b2d-3d2d3cd07c1a,ЦДНТА-(Р-17-3-9-487+++Р-17-3-9-487+++Р-17-3-9-487),Р-17-3-9-487,Р17,3-9,1,487,range-lookup
69de07f2-2e93-4a65-af89-749d044bdd43,ЦДНТА-(Р-17-3-9-471+++Р-17-3-9-471+++Р-17-3-9-471),Р-17-3-9-471,Р17,3-9,1,471,range-lookup
12640103-e511-45ad-92cc-98a1793fc2a0,ЦДНТА-(Р-17-3-9-515+++Р-17-3-9-515+++Р-17-3-9-515),Р-17-3-9-515,Р17,3-9,1,515,range-lookup
3432295f-e7b9-463b-85ef-5dbb8c9ecd42,ЦДНТА-(Р-17-3-9-554+++Р-17-3-9-554+++Р-17-3-9-554),Р-17-3-9-554,Р17,3-9,1,554,range-lookup
c02eb5ff-815c-453e-96b2-fa06498d42d8,ЦДНТА-(Р-17-3-9-555+++Р-17-3-9-555+++Р-17-3-9-555),Р-17-3-9-555,Р17,3-9,1,555,range-lookup
51b0679c-012c-4be3-b436-86730c070277,ЦДНТА-(Р-17-3-9-577+++Р-17-3-9-577+++Р-17-3-9-577),Р-17-3-9-577,Р17,3-9,1,577,range-lookup
98036f94-fb86-4193-9c3f-262971cdaaaf,ЦДНТА-(Р-107-3-36-7-2633+++Р-107-3-36-7-2633+++Р-107-3-36-7-2633),Р-107-3-36-7-2633,Р107,3-36,7,2633,opys-explicit
5bf2f46a-4697-4e31-9592-dcb542f73b3a,ЦДНТА-(Р-107-3-36-7-2690+++Р-107-3-36-7-2690+++Р-107-3-36-7-2690),Р-107-3-36-7-2690,Р107,3-36,7,2690,opys-explicit
e5c0584b-e4d3-4a6f-aed0-3e2fe3d24125,ЦДНТА-(Р-107-3-36-7-2679+++Р-107-3-36-7-2679+++Р-107-3-36-7-2679),Р-107-3-36-7-2679,Р107,3-36,7,2679,opys-explicit
93681fcf-9aac-40a7-9ac1-3eecc6925e58,ЦДНТА-(Р-107-3-36-6-2378+++Р-107-3-36-6-2378+++Р-107-3-36-6-2378),Р-107-3-36-6-2378,Р107,3-36,6,2378,opys-explicit
cb788894-5d0c-47b5-99fd-15602faf138b,ЦДНТА-(Р-107-3-36-6-2377+++Р-107-3-36-6-2377+++Р-107-3-36-6-2377),Р-107-3-36-6-2377,Р107,3-36,6,2377,opys-explicit
c895bdb0-81ac-4780-bad2-dca755b84de2,ЦДНТА-(Р-107-3-36-6-2366+++Р-107-3-36-6-2366+++Р-107-3-36-6-2366),Р-107-3-36-6-2366,Р107,3-36,6,2366,opys-explicit
df4c1b0b-bade-4c54-98aa-796bed338f71,ЦДНТА-(Р-107-3-36-6-2384+++Р-107-3-36-6-2384+++Р-107-3-36-6-2384),Р-107-3-36-6-2384,Р107,3-36,6,2384,opys-explicit
03b1baf3-fd81-4189-bc44-3bcab00265ae,ЦДНТА-(Р-107-3-36-6-2399+++Р-107-3-36-6-2399+++Р-107-3-36-6-2399),Р-107-3-36-6-2399,Р107,3-36,6,2399,opys-explicit
36389d07-1a0c-4305-938e-b053fac57cfd,ЦДНТА-(Р-107-3-36-6-2396+++Р-107-3-36-6-2396+++Р-107-3-36-6-2396),Р-107-3-36-6-2396,Р107,3-36,6,2396,opys-explicit
99a95a7f-6eef-48f7-ae19-693c2cca6449,ЦДНТА-(Р-107-3-36-6-2415+++Р-107-3-36-6-2415+++Р-107-3-36-6-2415),Р-107-3-36-6-2415,Р107,3-36,6,2415,opys-explicit
50436dd7-94f3-429c-bce5-6f3f0dfa5f0a,ЦДНТА-(Р-107-3-36-6-2423+++Р-107-3-36-6-2423+++Р-107-3-36-6-2423),Р-107-3-36-6-2423,Р107,3-36,6,2423,opys-explicit
6f867442-0692-4aa6-b423-adbe6d9dc423,ЦДНТА-(Р-107-3-36-6-2424+++Р-107-3-36-6-2424+++Р-107-3-36-6-2424),Р-107-3-36-6-2424,Р107,3-36,6,2424,opys-explicit
8645f888-6e42-42d9-bcad-30e15381e8ba,ЦДНТА-(Р-107-3-36-6-2422+++Р-107-3-36-6-2422+++Р-107-3-36-6-2422),Р-107-3-36-6-2422,Р107,3-36,6,2422,opys-explicit
fac867ed-2a76-43ab-be70-3ac28bca2eca,ЦДНТА-(Р-107-3-36-6-2420+++Р-107-3-36-6-2420+++Р-107-3-36-6-2420),Р-107-3-36-6-2420,Р107,3-36,6,2420,opys-explicit
0c90568e-7005-4c34-9fc0-9a92c2d86434,ЦДНТА-(Р-107-3-36-6-2207+++Р-107-3-36-6-2207+++Р-107-3-36-6-2207),Р-107-3-36-6-2207,Р107,3-36,6,2207,opys-explicit
70af3fe2-822d-4a3b-b77c-6fc0c2cb1b0e,ЦДНТА-(Р-107-3-36-6-2190+++Р-107-3-36-6-2190+++Р-107-3-36-6-2190),Р-107-3-36-6-2190,Р107,3-36,6,2190,opys-explicit
97c23c1a-15ca-453a-919b-b40f63d244b1,ЦДНТА-(Р-107-3-36-6-2184+++Р-107-3-36-6-2184+++Р-107-3-36-6-2184),Р-107-3-36-6-2184,Р107,3-36,6,2184,opys-explicit
b3d3cc02-97ec-4e9d-8a43-57e5f90818d3,ЦДНТА-(Р-107-3-36-6-2226+++Р-107-3-36-6-2226+++Р-107-3-36-6-2226),Р-107-3-36-6-2226,Р107,3-36,6,2226,opys-explicit
5d70effa-9bc5-4636-a831-0e4a4e2ccab5,ЦДНТА-(Р-107-3-36-6-2206+++Р-107-3-36-6-2206+++Р-107-3-36-6-2206),Р-107-3-36-6-2206,Р107,3-36,6,2206,opys-explicit
0b3875bf-b573-4a7c-b4f3-56a02d2b78a0,ЦДНТА-(Р-107-3-36-6-2211+++Р-107-3-36-6-2211+++Р-107-3-36-6-2211),Р-107-3-36-6-2211,Р107,3-36,6,2211,opys-explicit
1a2a6052-ef86-4209-9050-de4f85e17c0a,ЦДНТА-(Р-107-3-36-6-2243+++Р-107-3-36-6-2243+++Р-107-3-36-6-2243),Р-107-3-36-6-2243,Р107,3-36,6,2243,opys-explicit
05f3f0e0-9dd6-4c8c-a21c-7f1d1ab56831,ЦДНТА-(Р-107-3-36-6-2236+++Р-107-3-36-6-2236+++Р-107-3-36-6-2236),Р-107-3-36-6-2236,Р107,3-36,6,2236,opys-explicit
fc8efde4-df47-4318-9723-de26868e1db9,ЦДНТА-(Р-107-3-36-6-2252+++Р-107-3-36-6-2252+++Р-107-3-36-6-2252),Р-107-3-36-6-2252,Р107,3-36,6,2252,opys-explicit
1eabd169-1de5-4d6e-befd-b5b9b8e0ce60,ЦДНТА-(Р-107-3-36-6-2265+++Р-107-3-36-6-2265+++Р-107-3-36-6-2265),Р-107-3-36-6-2265,Р107,3-36,6,2265,opys-explicit
dc2c29e2-8485-4de3-9bdf-67356ee7f39b,ЦДНТА-(Р-107-3-36-6-2255+++Р-107-3-36-6-2255+++Р-107-3-36-6-2255),Р-107-3-36-6-2255,Р107,3-36,6,2255,opys-explicit
54588566-c531-485b-8386-3ab359693874,ЦДНТА-(Р-107-3-36-6-2274+++Р-107-3-36-6-2274+++Р-107-3-36-6-2274),Р-107-3-36-6-2274,Р107,3-36,6,2274,opys-explicit
38678974-19d2-4406-bfc4-6e3b7fff4c47,ЦДНТА-(Р-107-3-36-6-2282+++Р-107-3-36-6-2282+++Р-107-3-36-6-2282),Р-107-3-36-6-2282,Р107,3-36,6,2282,opys-explicit
7ed6f128-2566-49e7-b9d3-6cf626a6c326,ЦДНТА-(Р-107-3-36-6-2292+++Р-107-3-36-6-2292+++Р-107-3-36-6-2292),Р-107-3-36-6-2292,Р107,3-36,6,2292,opys-explicit
176b6e32-584c-4676-ae11-40569f7ea3e3,ЦДНТА-(Р-107-3-36-6-2291+++Р-107-3-36-6-2291+++Р-107-3-36-6-2291),Р-107-3-36-6-2291,Р107,3-36,6,2291,opys-explicit
b3b7c1e5-c9f9-4050-af2b-c86cd2e34603,ЦДНТА-(Р-107-3-36-6-2278+++Р-107-3-36-6-2278+++Р-107-3-36-6-2278),Р-107-3-36-6-2278,Р107,3-36,6,2278,opys-explicit
aceab2ed-d2c1-4c4f-957f-a8c1a17dd66b,ЦДНТА-(Р-107-3-36-6-2283+++Р-107-3-36-6-2283+++Р-107-3-36-6-2283),Р-107-3-36-6-2283,Р107,3-36,6,2283,opys-explicit
a3a25424-6af5-4e3d-b52b-80f60d6f99c1,ЦДНТА-(Р-107-3-36-6-2287+++Р-107-3-36-6-2287+++Р-107-3-36-6-2287),Р-107-3-36-6-2287,Р107,3-36,6,2287,opys-explicit
be0380e2-041a-4162-8983-cfc5cba02df3,ЦДНТА-(Р-107-3-36-6-2295+++Р-107-3-36-6-2295+++Р-107-3-36-6-2295),Р-107-3-36-6-2295,Р107,3-36,6,2295,opys-explicit
1a9a6589-c880-4b74-8d83-8f2ca2570683,ЦДНТА-(Р-107-3-36-6-2306+++Р-107-3-36-6-2306+++Р-107-3-36-6-2306),Р-107-3-36-6-2306,Р107,3-36,6,2306,opys-explicit
d2a95369-78c0-45e4-a41d-6c7a23e5c5a0,ЦДНТА-(Р-107-3-36-6-2313+++Р-107-3-36-6-2313+++Р-107-3-36-6-2313),Р-107-3-36-6-2313,Р107,3-36,6,2313,opys-explicit
ef60706d-9e0f-4eb7-9bba-c3d1c43b3471,ЦДНТА-(Р-107-3-36-6-2314+++Р-107-3-36-6-2314+++Р-107-3-36-6-2314),Р-107-3-36-6-2314,Р107,3-36,6,2314,opys-explicit
bb0b9117-863c-40df-9db2-3813e2dc67ee,ЦДНТА-(Р-107-3-36-6-2308+++Р-107-3-36-6-2308+++Р-107-3-36-6-2308),Р-107-3-36-6-2308,Р107,3-36,6,2308,opys-explicit
fdd06e49-4111-4c96-9a07-884f7dccc824,ЦДНТА-(Р-107-3-36-6-2318+++Р-107-3-36-6-2318+++Р-107-3-36-6-2318),Р-107-3-36-6-2318,Р107,3-36,6,2318,opys-explicit
a4b2fdbc-86bc-41ce-837c-69269a10fa9e,ЦДНТА-(Р-107-3-36-6-2315+++Р-107-3-36-6-2315+++Р-107-3-36-6-2315),Р-107-3-36-6-2315,Р107,3-36,6,2315,opys-explicit
acb9b444-773c-47d2-87e2-387a665d9438,ЦДНТА-(Р-107-3-36-6-2089+++Р-107-3-36-6-2089+++Р-107-3-36-6-2089),Р-107-3-36-6-2089,Р107,3-36,6,2089,opys-explicit
45c555e2-edd9-4d67-853f-5350b1940b4f,ЦДНТА-(Р-107-3-36-6-2086+++Р-107-3-36-6-2086+++Р-107-3-36-6-2086),Р-107-3-36-6-2086,Р107,3-36,6,2086,opys-explicit
c8896c4c-20b7-40d3-ba51-5729191d0c01,ЦДНТА-(Р-107-3-36-6-2108+++Р-107-3-36-6-2108+++Р-107-3-36-6-2108),Р-107-3-36-6-2108,Р107,3-36,6,2108,opys-explicit
f0827040-564b-444a-9ba6-65255ae6d178,ЦДНТА-(Р-107-3-36-6-2102+++Р-107-3-36-6-2102+++Р-107-3-36-6-2102),Р-107-3-36-6-2102,Р107,3-36,6,2102,opys-explicit
4b798008-af9e-47a5-933f-0bd526388cf9,ЦДНТА-(Р-107-3-36-6-2103+++Р-107-3-36-6-2103+++Р-107-3-36-6-2103),Р-107-3-36-6-2103,Р107,3-36,6,2103,opys-explicit
57317995-64b2-4dce-a9a0-3f3f28ad3b08,ЦДНТА-(Р-107-3-36-6-2129+++Р-107-3-36-6-2129+++Р-107-3-36-6-2129),Р-107-3-36-6-2129,Р107,3-36,6,2129,opys-explicit
09138a32-94f2-4629-8caf-88355bebafc9,ЦДНТА-(Р-107-3-36-6-2135+++Р-107-3-36-6-2135+++Р-107-3-36-6-2135),Р-107-3-36-6-2135,Р107,3-36,6,2135,opys-explicit
c661e32e-d0b1-4ca9-bd21-3c703a80ed05,ЦДНТА-(Р-107-3-36-6-2124+++Р-107-3-36-6-2124+++Р-107-3-36-6-2124),Р-107-3-36-6-2124,Р107,3-36,6,2124,opys-explicit
3b0d841f-5f30-4a9c-a5af-a4561646238e,ЦДНТА-(Р-107-3-36-6-2157+++Р-107-3-36-6-2157+++Р-107-3-36-6-2157),Р-107-3-36-6-2157,Р107,3-36,6,2157,opys-explicit
af4d61a7-cb55-4ce0-8fa8-d5017f95f8d3,ЦДНТА-(Р-107-3-36-6-2150+++Р-107-3-36-6-2150+++Р-107-3-36-6-2150),Р-107-3-36-6-2150,Р107,3-36,6,2150,opys-explicit
624a88fb-1c4a-43ae-8408-3b93f3fee2de,ЦДНТА-(Р-107-3-36-6-2149+++Р-107-3-36-6-2149+++Р-107-3-36-6-2149),Р-107-3-36-6-2149,Р107,3-36,6,2149,opys-explicit
460cbe24-7b94-41a3-a9b3-71975ae52465,ЦДНТА-(Р-107-3-36-6-2156+++Р-107-3-36-6-2156+++Р-107-3-36-6-2156),Р-107-3-36-6-2156,Р107,3-36,6,2156,opys-explicit
c6e28f08-9e0f-49a3-b3bd-dd64206b0ec1,ЦДНТА-(Р-107-3-36-6-2144+++Р-107-3-36-6-2144+++Р-107-3-36-6-2144),Р-107-3-36-6-2144,Р107,3-36,6,2144,opys-explicit
8d31a968-0c88-49d8-9f53-00008a7af269,ЦДНТА-(Р-107-3-36-6-2178+++Р-107-3-36-6-2178+++Р-107-3-36-6-2178),Р-107-3-36-6-2178,Р107,3-36,6,2178,opys-explicit
3f4da841-d603-48e2-88fd-6b1e252b0570,ЦДНТА-(Р-107-3-36-6-2185+++Р-107-3-36-6-2185+++Р-107-3-36-6-2185),Р-107-3-36-6-2185,Р107,3-36,6,2185,opys-explicit
c39f8ca4-8b6c-4ea3-bb45-f99630861a4d,ЦДНТА-(Р-107-3-36-6-2168+++Р-107-3-36-6-2168+++Р-107-3-36-6-2168),Р-107-3-36-6-2168,Р107,3-36,6,2168,opys-explicit
7655cc51-88f9-4f9f-b494-d7d1c5f086df,ЦДНТА-(Р-107-3-36-6-2176+++Р-107-3-36-6-2176+++Р-107-3-36-6-2176),Р-107-3-36-6-2176,Р107,3-36,6,2176,opys-explicit
2573c5d4-a14b-43be-81e0-a95f9349289b,ЦДНТА-(Р-107-3-36-6-2189+++Р-107-3-36-6-2189+++Р-107-3-36-6-2189),Р-107-3-36-6-2189,Р107,3-36,6,2189,opys-explicit
fe8f3aa2-f70e-4835-b350-bd6092c85004,ЦДНТА-(Р-107-3-36-6-2187+++Р-107-3-36-6-2187+++Р-107-3-36-6-2187),Р-107-3-36-6-2187,Р107,3-36,6,2187,opys-explicit
61dbb81f-de62-45cc-b439-3157114dfe11,ЦДНТА-(Р-107-3-36-6-2191+++Р-107-3-36-6-2191+++Р-107-3-36-6-2191),Р-107-3-36-6-2191,Р107,3-36,6,2191,opys-explicit
0fefc0f8-9dfd-4a87-a053-b12f7a50a895,ЦДНТА-(Р-107-3-36-6-2196+++Р-107-3-36-6-2196+++Р-107-3-36-6-2196),Р-107-3-36-6-2196,Р107,3-36,6,2196,opys-explicit
bedb1f4b-76e9-404e-a6e7-e12f9936af9e,ЦДНТА-(Р-107-3-36-6-2205+++Р-107-3-36-6-2205+++Р-107-3-36-6-2205),Р-107-3-36-6-2205,Р107,3-36,6,2205,opys-explicit
84264c03-fdd0-4d87-9705-3a74d227fd96,ЦДНТА-(Р-107-3-36-6-2203+++Р-107-3-36-6-2203+++Р-107-3-36-6-2203),Р-107-3-36-6-2203,Р107,3-36,6,2203,opys-explicit
7e7355bc-384c-4a20-9dd7-47b4090217a4,ЦДНТА-(Р-107-3-36-6-2228+++Р-107-3-36-6-2228+++Р-107-3-36-6-2228),Р-107-3-36-6-2228,Р107,3-36,6,2228,opys-explicit
a15aa9c7-631f-43e4-85bd-e0df6a0dc933,ЦДНТА-(Р-107-3-36-6-2209+++Р-107-3-36-6-2209+++Р-107-3-36-6-2209),Р-107-3-36-6-2209,Р107,3-36,6,2209,opys-explicit
bff19d22-efb8-43d5-afe0-bd42dad426df,ЦДНТА-(Р-107-3-36-6-2219+++Р-107-3-36-6-2219+++Р-107-3-36-6-2219),Р-107-3-36-6-2219,Р107,3-36,6,2219,opys-explicit
5fe6f4d6-bf19-4684-acc7-7d33a2d7c9ca,ЦДНТА-(Р-107-3-36-6-2250+++Р-107-3-36-6-2250+++Р-107-3-36-6-2250),Р-107-3-36-6-2250,Р107,3-36,6,2250,opys-explicit
690f47a9-cec5-48d9-a35b-2eb7dcc0d5bc,ЦДНТА-(Р-107-3-36-6-2247+++Р-107-3-36-6-2247+++Р-107-3-36-6-2247),Р-107-3-36-6-2247,Р107,3-36,6,2247,opys-explicit
fa7dacc8-6d95-4e9c-921a-b023f2f03640,ЦДНТА-(Р-107-3-36-6-2240+++Р-107-3-36-6-2240+++Р-107-3-36-6-2240),Р-107-3-36-6-2240,Р107,3-36,6,2240,opys-explicit
da795963-8211-45a4-b926-71f59f5b833b,ЦДНТА-(Р-107-3-36-6-2244+++Р-107-3-36-6-2244+++Р-107-3-36-6-2244),Р-107-3-36-6-2244,Р107,3-36,6,2244,opys-explicit
ec6f28a1-0c31-4dc6-a0f2-5e24922594e5,ЦДНТА-(Р-107-3-36-6-2268+++Р-107-3-36-6-2268+++Р-107-3-36-6-2268),Р-107-3-36-6-2268,Р107,3-36,6,2268,opys-explicit
397722d7-2207-4081-8e2f-13716ceb7b3a,ЦДНТА-(Р-107-3-36-6-2262+++Р-107-3-36-6-2262+++Р-107-3-36-6-2262),Р-107-3-36-6-2262,Р107,3-36,6,2262,opys-explicit
ba5d5bba-2a30-440f-88f4-048cd889dd31,ЦДНТА-(Р-107-3-36-6-2277+++Р-107-3-36-6-2277+++Р-107-3-36-6-2277),Р-107-3-36-6-2277,Р107,3-36,6,2277,opys-explicit
96664720-8829-45dd-bf27-5920b77e8cef,ЦДНТА-(Р-107-3-36-6-2281+++Р-107-3-36-6-2281+++Р-107-3-36-6-2281),Р-107-3-36-6-2281,Р107,3-36,6,2281,opys-explicit
259dc727-2cb0-4118-8e2c-2e70a66c9193,ЦДНТА-(Р-107-3-36-6-2285+++Р-107-3-36-6-2285+++Р-107-3-36-6-2285),Р-107-3-36-6-2285,Р107,3-36,6,2285,opys-explicit
76238ecd-bfd8-40af-bdcc-08e4e5a2aeee,ЦДНТА-(Р-107-3-36-6-2301+++Р-107-3-36-6-2301+++Р-107-3-36-6-2301),Р-107-3-36-6-2301,Р107,3-36,6,2301,opys-explicit
3949ad16-e5b7-4c7e-a4d7-2fcd493e2c0f,ЦДНТА-(Р-107-3-36-6-2304+++Р-107-3-36-6-2304+++Р-107-3-36-6-2304),Р-107-3-36-6-2304,Р107,3-36,6,2304,opys-explicit
622b53d2-83cd-49cd-a142-1803e40cef1d,ЦДНТА-(Р-107-3-36-6-2299+++Р-107-3-36-6-2299+++Р-107-3-36-6-2299),Р-107-3-36-6-2299,Р107,3-36,6,2299,opys-explicit
4da76b38-4e42-48c4-abcf-13fa6e2fa4ff,ЦДНТА-(Р-107-3-36-6-2310+++Р-107-3-36-6-2310+++Р-107-3-36-6-2310),Р-107-3-36-6-2310,Р107,3-36,6,2310,opys-explicit
9969c6cf-a710-4541-94c9-5e0794365598,ЦДНТА-(Р-107-3-36-6-2298+++Р-107-3-36-6-2298+++Р-107-3-36-6-2298),Р-107-3-36-6-2298,Р107,3-36,6,2298,opys-explicit
8d7fba7f-cf60-4aaa-8554-b61e600994bc,ЦДНТА-(Р-107-3-36-6-2117+++Р-107-3-36-6-2117+++Р-107-3-36-6-2117),Р-107-3-36-6-2117,Р107,3-36,6,2117,opys-explicit
bd9534bf-5e05-4eff-8c06-6a1ac082145d,ЦДНТА-(Р-107-3-36-6-2099+++Р-107-3-36-6-2099+++Р-107-3-36-6-2099),Р-107-3-36-6-2099,Р107,3-36,6,2099,opys-explicit
cf488193-1e48-4678-b39a-fac934d64f0e,ЦДНТА-(Р-107-3-36-6-2114+++Р-107-3-36-6-2114+++Р-107-3-36-6-2114),Р-107-3-36-6-2114,Р107,3-36,6,2114,opys-explicit
9a22c58f-5f2b-4e47-878e-efbd8272197a,ЦДНТА-(Р-107-3-36-6-2111+++Р-107-3-36-6-2111+++Р-107-3-36-6-2111),Р-107-3-36-6-2111,Р107,3-36,6,2111,opys-explicit
c19f3c64-8aa0-41af-b113-c98bf029b5f8,ЦДНТА-(Р-107-3-36-6-2113+++Р-107-3-36-6-2113+++Р-107-3-36-6-2113),Р-107-3-36-6-2113,Р107,3-36,6,2113,opys-explicit
903614d1-03b3-4516-aa30-ec900cf51f82,ЦДНТА-(Р-107-3-36-6-2104+++Р-107-3-36-6-2104+++Р-107-3-36-6-2104),Р-107-3-36-6-2104,Р107,3-36,6,2104,opys-explicit
6bf5c510-5346-4d98-a8a7-15b4e4cac5dd,ЦДНТА-(Р-107-3-36-6-2100+++Р-107-3-36-6-2100+++Р-107-3-36-6-2100),Р-107-3-36-6-2100,Р107,3-36,6,2100,opys-explicit
3657583f-32a2-4ac6-8c0e-5696febbd347,ЦДНТА-(Р-107-3-36-6-2107+++Р-107-3-36-6-2107+++Р-107-3-36-6-2107),Р-107-3-36-6-2107,Р107,3-36,6,2107,opys-explicit
dee6fa6b-84f6-4d23-84f0-99a3898ba308,ЦДНТА-(Р-107-3-36-6-2105+++Р-107-3-36-6-2105+++Р-107-3-36-6-2105),Р-107-3-36-6-2105,Р107,3-36,6,2105,opys-explicit
992910f8-b819-45c3-b654-07060b46a5fc,ЦДНТА-(Р-107-3-36-6-2140+++Р-107-3-36-6-2140+++Р-107-3-36-6-2140),Р-107-3-36-6-2140,Р107,3-36,6,2140,opys-explicit
4f54aa2c-fce7-4da4-a221-45641d1d1cc5,ЦДНТА-(Р-107-3-36-6-2134+++Р-107-3-36-6-2134+++Р-107-3-36-6-2134),Р-107-3-36-6-2134,Р107,3-36,6,2134,opys-explicit
547e12b2-afbd-4777-bcb2-c377efa06885,ЦДНТА-(Р-107-3-36-6-2182+++Р-107-3-36-6-2182+++Р-107-3-36-6-2182),Р-107-3-36-6-2182,Р107,3-36,6,2182,opys-explicit
324914de-0f42-4ae6-ac0d-d0250507024e,ЦДНТА-(Р-107-3-36-6-2208+++Р-107-3-36-6-2208+++Р-107-3-36-6-2208),Р-107-3-36-6-2208,Р107,3-36,6,2208,opys-explicit
62113e82-b0e9-4cd5-b999-29fe0c654de5,ЦДНТА-(Р-107-3-36-6-2161+++Р-107-3-36-6-2161+++Р-107-3-36-6-2161),Р-107-3-36-6-2161,Р107,3-36,6,2161,opys-explicit
a62cb03e-7be1-4268-afca-f7387bad96c9,ЦДНТА-(Р-107-3-36-6-2151+++Р-107-3-36-6-2151+++Р-107-3-36-6-2151),Р-107-3-36-6-2151,Р107,3-36,6,2151,opys-explicit
6785aba0-0c1c-4ed7-bcdd-ffaca2395dca,ЦДНТА-(Р-107-3-36-6-2197+++Р-107-3-36-6-2197+++Р-107-3-36-6-2197),Р-107-3-36-6-2197,Р107,3-36,6,2197,opys-explicit
973e4f48-0c63-491d-bc26-39e585dd6003,ЦДНТА-(Р-107-3-36-6-2163+++Р-107-3-36-6-2163+++Р-107-3-36-6-2163),Р-107-3-36-6-2163,Р107,3-36,6,2163,opys-explicit
9006e045-6f66-450d-a35b-720e309a6a2d,ЦДНТА-(Р-107-3-36-6-2188+++Р-107-3-36-6-2188+++Р-107-3-36-6-2188),Р-107-3-36-6-2188,Р107,3-36,6,2188,opys-explicit
15797de3-03e3-4182-88fd-16dbe1773946,ЦДНТА-(Р-107-3-36-6-2172+++Р-107-3-36-6-2172+++Р-107-3-36-6-2172),Р-107-3-36-6-2172,Р107,3-36,6,2172,opys-explicit
76e2afa9-ccd6-44b4-8822-3dd09adfa69b,ЦДНТА-(Р-107-3-36-6-2199+++Р-107-3-36-6-2199+++Р-107-3-36-6-2199),Р-107-3-36-6-2199,Р107,3-36,6,2199,opys-explicit
7ac890e5-01c2-40d2-bea2-2cef805565dd,ЦДНТА-(Р-107-3-36-6-2225+++Р-107-3-36-6-2225+++Р-107-3-36-6-2225),Р-107-3-36-6-2225,Р107,3-36,6,2225,opys-explicit
68f42336-3a0d-4f0b-b282-c865e3a59a57,ЦДНТА-(Р-107-3-36-6-2224+++Р-107-3-36-6-2224+++Р-107-3-36-6-2224),Р-107-3-36-6-2224,Р107,3-36,6,2224,opys-explicit
ffbca64b-f917-4d17-88f4-dedf8966c1c6,ЦДНТА-(Р-107-3-36-6-2210+++Р-107-3-36-6-2210+++Р-107-3-36-6-2210),Р-107-3-36-6-2210,Р107,3-36,6,2210,opys-explicit
f5605d85-8b9a-43cf-9509-430b3b7d6f08,ЦДНТА-(Р-107-3-36-6-2237+++Р-107-3-36-6-2237+++Р-107-3-36-6-2237),Р-107-3-36-6-2237,Р107,3-36,6,2237,opys-explicit
cebd0247-2bd5-43a2-b5b3-90cd49a711b7,ЦДНТА-(Р-107-3-36-6-2231+++Р-107-3-36-6-2231+++Р-107-3-36-6-2231),Р-107-3-36-6-2231,Р107,3-36,6,2231,opys-explicit
4c0df9b3-73d4-477a-add6-68843d41d0ed,ЦДНТА-(Р-107-3-36-6-2241+++Р-107-3-36-6-2241+++Р-107-3-36-6-2241),Р-107-3-36-6-2241,Р107,3-36,6,2241,opys-explicit
fe346935-221e-4939-ba5b-7391dc38d6ba,ЦДНТА-(Р-107-3-36-6-2235+++Р-107-3-36-6-2235+++Р-107-3-36-6-2235),Р-107-3-36-6-2235,Р107,3-36,6,2235,opys-explicit
8bbf74ce-03f6-4b58-916a-676e2fbb3c83,ЦДНТА-(Р-107-3-36-6-2238+++Р-107-3-36-6-2238+++Р-107-3-36-6-2238),Р-107-3-36-6-2238,Р107,3-36,6,2238,opys-explicit
06a87e72-e83a-453d-bb11-1fce1654731f,ЦДНТА-(Р-107-3-36-6-2273+++Р-107-3-36-6-2273+++Р-107-3-36-6-2273),Р-107-3-36-6-2273,Р107,3-36,6,2273,opys-explicit
05aef41a-0d0b-4dea-9e58-4ada14d15a30,ЦДНТА-(Р-107-3-36-6-2263+++Р-107-3-36-6-2263+++Р-107-3-36-6-2263),Р-107-3-36-6-2263,Р107,3-36,6,2263,opys-explicit
ca7714a2-a765-4e88-843b-aa8be973d9fb,ЦДНТА-(Р-107-3-36-6-2293+++Р-107-3-36-6-2293+++Р-107-3-36-6-2293),Р-107-3-36-6-2293,Р107,3-36,6,2293,opys-explicit
3046fa25-15ae-492f-9111-b3dae2fa48ae,ЦДНТА-(Р-107-3-36-6-2284+++Р-107-3-36-6-2284+++Р-107-3-36-6-2284),Р-107-3-36-6-2284,Р107,3-36,6,2284,opys-explicit
ece080d7-5249-4b98-b577-3f2b0c2c210e,ЦДНТА-(Р-107-3-36-6-2279+++Р-107-3-36-6-2279+++Р-107-3-36-6-2279),Р-107-3-36-6-2279,Р107,3-36,6,2279,opys-explicit
4ae308d6-83ee-42dc-b503-28afee45b30e,ЦДНТА-(Р-107-3-36-6-2289+++Р-107-3-36-6-2289+++Р-107-3-36-6-2289),Р-107-3-36-6-2289,Р107,3-36,6,2289,opys-explicit
5860377b-02e6-4cea-a66e-f0510278dc76,ЦДНТА-(Р-107-3-36-6-2098+++Р-107-3-36-6-2098+++Р-107-3-36-6-2098),Р-107-3-36-6-2098,Р107,3-36,6,2098,opys-explicit
069e3b0c-841f-4736-a69d-e72f3b3997bf,ЦДНТА-(Р-107-3-36-6-2082+++Р-107-3-36-6-2082+++Р-107-3-36-6-2082),Р-107-3-36-6-2082,Р107,3-36,6,2082,opys-explicit
9df8604d-0602-423b-a5b4-a499a189f3db,ЦДНТА-(Р-107-3-36-6-2061+++Р-107-3-36-6-2061+++Р-107-3-36-6-2061),Р-107-3-36-6-2061,Р107,3-36,6,2061,opys-explicit
f47ac1b1-330a-426d-8320-8901dd997070,ЦДНТА-(Р-107-3-36-6-2095+++Р-107-3-36-6-2095+++Р-107-3-36-6-2095),Р-107-3-36-6-2095,Р107,3-36,6,2095,opys-explicit
5f23a7b7-6ba9-43cc-aa1c-9214511c7fc1,ЦДНТА-(Р-107-3-36-6-2084+++Р-107-3-36-6-2084+++Р-107-3-36-6-2084),Р-107-3-36-6-2084,Р107,3-36,6,2084,opys-explicit
46a41a20-e0fe-46bf-bd4c-3eea720f5b1f,ЦДНТА-(Р-107-3-36-6-2141+++Р-107-3-36-6-2141+++Р-107-3-36-6-2141),Р-107-3-36-6-2141,Р107,3-36,6,2141,opys-explicit
edf69e0d-ec08-47ac-9fab-6db39fdf972a,ЦДНТА-(Р-107-3-36-6-2133+++Р-107-3-36-6-2133+++Р-107-3-36-6-2133),Р-107-3-36-6-2133,Р107,3-36,6,2133,opys-explicit
dcb90f95-99ae-4ce4-915f-1c360864342b,ЦДНТА-(Р-107-3-36-6-2087+++Р-107-3-36-6-2087+++Р-107-3-36-6-2087),Р-107-3-36-6-2087,Р107,3-36,6,2087,opys-explicit
f79e4c2a-3557-4570-ad81-8f8ed537e71e,ЦДНТА-(Р-107-3-36-6-2137+++Р-107-3-36-6-2137+++Р-107-3-36-6-2137),Р-107-3-36-6-2137,Р107,3-36,6,2137,opys-explicit
59162e6f-25f9-4c14-a0c5-f7ce1399715a,ЦДНТА-(Р-107-3-36-6-2123+++Р-107-3-36-6-2123+++Р-107-3-36-6-2123),Р-107-3-36-6-2123,Р107,3-36,6,2123,opys-explicit
cef5f7f6-af4d-43dd-8180-b6d7a0ce7c4c,ЦДНТА-(Р-107-3-36-6-2136+++Р-107-3-36-6-2136+++Р-107-3-36-6-2136),Р-107-3-36-6-2136,Р107,3-36,6,2136,opys-explicit
1f474113-0440-4479-ae6f-d9bd3b633a33,ЦДНТА-(Р-107-3-36-6-2155+++Р-107-3-36-6-2155+++Р-107-3-36-6-2155),Р-107-3-36-6-2155,Р107,3-36,6,2155,opys-explicit
1134b1c4-e681-43e4-a941-d1d97dbfc5e7,ЦДНТА-(Р-107-3-36-6-2180+++Р-107-3-36-6-2180+++Р-107-3-36-6-2180),Р-107-3-36-6-2180,Р107,3-36,6,2180,opys-explicit
4bc1dfe1-84ad-4d59-b49f-401b79108175,ЦДНТА-(Р-107-3-36-6-2169+++Р-107-3-36-6-2169+++Р-107-3-36-6-2169),Р-107-3-36-6-2169,Р107,3-36,6,2169,opys-explicit
34eae9af-08ae-49f5-8689-394967ad5946,ЦДНТА-(Р-107-3-36-6-2173+++Р-107-3-36-6-2173+++Р-107-3-36-6-2173),Р-107-3-36-6-2173,Р107,3-36,6,2173,opys-explicit
e4e4cf30-2a32-48e6-9398-5a024336b7f8,ЦДНТА-(Р-107-3-36-6-2174+++Р-107-3-36-6-2174+++Р-107-3-36-6-2174),Р-107-3-36-6-2174,Р107,3-36,6,2174,opys-explicit
a88cc718-f264-4cda-a4ef-9ea97ebf787b,ЦДНТА-(Р-107-3-36-6-2167+++Р-107-3-36-6-2167+++Р-107-3-36-6-2167),Р-107-3-36-6-2167,Р107,3-36,6,2167,opys-explicit
74034965-8320-4d93-8301-8f2508721b3e,ЦДНТА-(Р-107-3-36-6-2166+++Р-107-3-36-6-2166+++Р-107-3-36-6-2166),Р-107-3-36-6-2166,Р107,3-36,6,2166,opys-explicit
32594a35-a231-469c-89bb-1d18cf0af095,ЦДНТА-(Р-107-3-36-6-2183+++Р-107-3-36-6-2183+++Р-107-3-36-6-2183),Р-107-3-36-6-2183,Р107,3-36,6,2183,opys-explicit
419d69dc-c8ce-4793-85df-9c4e27a2b5bd,ЦДНТА-(Р-107-3-36-6-2193+++Р-107-3-36-6-2193+++Р-107-3-36-6-2193),Р-107-3-36-6-2193,Р107,3-36,6,2193,opys-explicit
d773b499-d3e8-45c7-8a10-2d46c8de22e5,ЦДНТА-(Р-107-3-36-6-2223+++Р-107-3-36-6-2223+++Р-107-3-36-6-2223),Р-107-3-36-6-2223,Р107,3-36,6,2223,opys-explicit
03d39b65-a267-4089-92b0-80c4fbb486ea,ЦДНТА-(Р-107-3-36-6-2212+++Р-107-3-36-6-2212+++Р-107-3-36-6-2212),Р-107-3-36-6-2212,Р107,3-36,6,2212,opys-explicit
dfb7e6f3-fc5b-4cc9-ae3d-7141c31eede5,ЦДНТА-(Р-107-3-36-6-2217+++Р-107-3-36-6-2217+++Р-107-3-36-6-2217),Р-107-3-36-6-2217,Р107,3-36,6,2217,opys-explicit
d32c2a6d-ddfd-49e1-9f79-5dc7780a350b,ЦДНТА-(Р-107-3-36-6-2239+++Р-107-3-36-6-2239+++Р-107-3-36-6-2239),Р-107-3-36-6-2239,Р107,3-36,6,2239,opys-explicit
1483554e-e4ea-4f78-ae36-1b0e43ca489c,ЦДНТА-(Р-107-3-36-6-2251+++Р-107-3-36-6-2251+++Р-107-3-36-6-2251),Р-107-3-36-6-2251,Р107,3-36,6,2251,opys-explicit
ade0ef79-47ac-4573-9ff3-faabd3024c5e,ЦДНТА-(Р-107-3-36-6-2242+++Р-107-3-36-6-2242+++Р-107-3-36-6-2242),Р-107-3-36-6-2242,Р107,3-36,6,2242,opys-explicit
c5807741-268e-4395-ab27-86186aee3c30,ЦДНТА-(Р-107-3-36-6-2234+++Р-107-3-36-6-2234+++Р-107-3-36-6-2234),Р-107-3-36-6-2234,Р107,3-36,6,2234,opys-explicit
619a134b-1bd1-4dcf-915d-270cf21887da,ЦДНТА-(Р-107-3-36-6-2245+++Р-107-3-36-6-2245+++Р-107-3-36-6-2245),Р-107-3-36-6-2245,Р107,3-36,6,2245,opys-explicit
c4c7c61f-209f-4875-bf72-e61dff10f321,ЦДНТА-(Р-107-3-36-6-2257+++Р-107-3-36-6-2257+++Р-107-3-36-6-2257),Р-107-3-36-6-2257,Р107,3-36,6,2257,opys-explicit
4ebc5d9d-1988-4b4d-9936-eb3e07952cb0,ЦДНТА-(Р-107-3-36-6-2272+++Р-107-3-36-6-2272+++Р-107-3-36-6-2272),Р-107-3-36-6-2272,Р107,3-36,6,2272,opys-explicit
d84d07b2-fa57-4da3-aaf2-cb170f189551,ЦДНТА-(Р-107-3-36-6-2266+++Р-107-3-36-6-2266+++Р-107-3-36-6-2266),Р-107-3-36-6-2266,Р107,3-36,6,2266,opys-explicit
acc4992a-4e99-491d-89a9-a41f8ac6788d,ЦДНТА-(Р-107-3-36-6-2256+++Р-107-3-36-6-2256+++Р-107-3-36-6-2256),Р-107-3-36-6-2256,Р107,3-36,6,2256,opys-explicit
2d931c04-3117-4c6c-9669-bbfd7299db65,ЦДНТА-(Р-107-3-36-6-2253+++Р-107-3-36-6-2253+++Р-107-3-36-6-2253),Р-107-3-36-6-2253,Р107,3-36,6,2253,opys-explicit
a0e649d7-b151-44b5-9add-c49bd036c8f4,ЦДНТА-(Р-107-3-36-6-2264+++Р-107-3-36-6-2264+++Р-107-3-36-6-2264),Р-107-3-36-6-2264,Р107,3-36,6,2264,opys-explicit
f34c4572-7fba-4405-bac3-89cde160647a,ЦДНТА-(Р-107-3-36-6-2259+++Р-107-3-36-6-2259+++Р-107-3-36-6-2259),Р-107-3-36-6-2259,Р107,3-36,6,2259,opys-explicit
562539db-33a0-4f61-9755-41488070c332,ЦДНТА-(Р-107-3-36-6-2286+++Р-107-3-36-6-2286+++Р-107-3-36-6-2286),Р-107-3-36-6-2286,Р107,3-36,6,2286,opys-explicit
a05322ad-6686-4b7d-a714-8861d0f72522,ЦДНТА-(Р-107-3-36-6-2288+++Р-107-3-36-6-2288+++Р-107-3-36-6-2288),Р-107-3-36-6-2288,Р107,3-36,6,2288,opys-explicit
2d082460-0233-4e16-9300-c381c5cfa866,ЦДНТА-(Р-107-3-36-6-2290+++Р-107-3-36-6-2290+++Р-107-3-36-6-2290),Р-107-3-36-6-2290,Р107,3-36,6,2290,opys-explicit
9c7f9d58-5316-40b1-bff2-7a7fe9dcab1a,ЦДНТА-(Р-107-3-36-6-2275+++Р-107-3-36-6-2275+++Р-107-3-36-6-2275),Р-107-3-36-6-2275,Р107,3-36,6,2275,opys-explicit
c3479596-b22b-49ae-9ff6-f1f2a285ce11,ЦДНТА-(Р-107-3-36-6-2302+++Р-107-3-36-6-2302+++Р-107-3-36-6-2302),Р-107-3-36-6-2302,Р107,3-36,6,2302,opys-explicit
ac90e719-9605-4dfd-bb8a-9a45e9c19499,ЦДНТА-(Р-107-3-36-6-2312+++Р-107-3-36-6-2312+++Р-107-3-36-6-2312),Р-107-3-36-6-2312,Р107,3-36,6,2312,opys-explicit
37f1b352-0f29-4016-89f5-7ff5cd23657c,ЦДНТА-(Р-107-3-36-6-2307+++Р-107-3-36-6-2307+++Р-107-3-36-6-2307),Р-107-3-36-6-2307,Р107,3-36,6,2307,opys-explicit
2a2ab80d-5cc8-4ef1-95b5-a4231cf8a499,ЦДНТА-(Р-107-3-36-6-2297+++Р-107-3-36-6-2297+++Р-107-3-36-6-2297),Р-107-3-36-6-2297,Р107,3-36,6,2297,opys-explicit
d2b98a4f-174a-4f71-8bee-d908a6d148c6,ЦДНТА-(Р-107-3-36-6-2260+++Р-107-3-36-6-2260+++Р-107-3-36-6-2260),Р-107-3-36-6-2260,Р107,3-36,6,2260,opys-explicit
8ff6aa1f-a5db-4514-8607-8bac2aef2878,ЦДНТА-(Р-107-3-36-6-2296+++Р-107-3-36-6-2296+++Р-107-3-36-6-2296),Р-107-3-36-6-2296,Р107,3-36,6,2296,opys-explicit
3b058ed4-4d4e-4d9c-ac17-3e66a598a29e,ЦДНТА-(Р-107-3-36-6-2316+++Р-107-3-36-6-2316+++Р-107-3-36-6-2316),Р-107-3-36-6-2316,Р107,3-36,6,2316,opys-explicit
c279f503-1910-4a43-ab18-dc4aa4849476,ЦДНТА-(Р-107-3-36-6-2300+++Р-107-3-36-6-2300+++Р-107-3-36-6-2300),Р-107-3-36-6-2300,Р107,3-36,6,2300,opys-explicit
cb9b7119-c103-4ea3-93c0-f23984389545,ЦДНТА-(Р-107-3-36-6-2303+++Р-107-3-36-6-2303+++Р-107-3-36-6-2303),Р-107-3-36-6-2303,Р107,3-36,6,2303,opys-explicit
b08dcd11-7613-42c7-bf47-1b6447a5924f,ЦДНТА-(Р-107-3-36-6-2083+++Р-107-3-36-6-2083+++Р-107-3-36-6-2083),Р-107-3-36-6-2083,Р107,3-36,6,2083,opys-explicit
61865e02-5e79-447d-ac82-24a0287b6a2d,ЦДНТА-(Р-107-3-36-6-2091+++Р-107-3-36-6-2091+++Р-107-3-36-6-2091),Р-107-3-36-6-2091,Р107,3-36,6,2091,opys-explicit
9924ad5f-68dd-44f0-80e8-867483188368,ЦДНТА-(Р-107-3-36-6-2118+++Р-107-3-36-6-2118+++Р-107-3-36-6-2118),Р-107-3-36-6-2118,Р107,3-36,6,2118,opys-explicit
0973eb41-5173-46d5-b207-48443db9273a,ЦДНТА-(Р-107-3-36-6-2109+++Р-107-3-36-6-2109+++Р-107-3-36-6-2109),Р-107-3-36-6-2109,Р107,3-36,6,2109,opys-explicit
c4d3db53-741b-42a7-bb71-db8ae9dbd8bf,ЦДНТА-(Р-107-3-36-6-2128+++Р-107-3-36-6-2128+++Р-107-3-36-6-2128),Р-107-3-36-6-2128,Р107,3-36,6,2128,opys-explicit
483b1856-d6d0-4811-b183-d6626bfcd91c,ЦДНТА-(Р-107-3-36-6-2139+++Р-107-3-36-6-2139+++Р-107-3-36-6-2139),Р-107-3-36-6-2139,Р107,3-36,6,2139,opys-explicit
a340343c-ff1c-47c2-a1e5-f6d9ed578ef2,ЦДНТА-(Р-107-3-36-6-2147+++Р-107-3-36-6-2147+++Р-107-3-36-6-2147),Р-107-3-36-6-2147,Р107,3-36,6,2147,opys-explicit
b103f217-6a25-4200-8862-16297032d992,ЦДНТА-(Р-107-3-36-6-2145+++Р-107-3-36-6-2145+++Р-107-3-36-6-2145),Р-107-3-36-6-2145,Р107,3-36,6,2145,opys-explicit
5e640eff-6ac3-4914-8bf2-f3ea0690364c,ЦДНТА-(Р-107-3-36-6-2216+++Р-107-3-36-6-2216+++Р-107-3-36-6-2216),Р-107-3-36-6-2216,Р107,3-36,6,2216,opys-explicit
8e887d93-8389-4b32-847b-98ba938d5761,ЦДНТА-(Р-107-3-36-6-2195+++Р-107-3-36-6-2195+++Р-107-3-36-6-2195),Р-107-3-36-6-2195,Р107,3-36,6,2195,opys-explicit
f7414b9d-3f35-4cbe-bf29-26a08efa168a,ЦДНТА-(Р-107-3-36-6-2204+++Р-107-3-36-6-2204+++Р-107-3-36-6-2204),Р-107-3-36-6-2204,Р107,3-36,6,2204,opys-explicit
1bc3595b-b638-4b07-a387-0c3a22b4fce1,ЦДНТА-(Р-107-3-36-6-2214+++Р-107-3-36-6-2214+++Р-107-3-36-6-2214),Р-107-3-36-6-2214,Р107,3-36,6,2214,opys-explicit
2c21cd8a-a5be-424a-bcee-5d59c16e2d45,ЦДНТА-(Р-107-3-36-6-2213+++Р-107-3-36-6-2213+++Р-107-3-36-6-2213),Р-107-3-36-6-2213,Р107,3-36,6,2213,opys-explicit
9a5b22f9-6efd-4adb-b7e7-aece3216aa71,ЦДНТА-(Р-107-3-36-6-2218+++Р-107-3-36-6-2218+++Р-107-3-36-6-2218),Р-107-3-36-6-2218,Р107,3-36,6,2218,opys-explicit
a92ccf80-a3b4-49f0-951d-2dd48d4610ae,ЦДНТА-(Р-107-3-36-6-2215+++Р-107-3-36-6-2215+++Р-107-3-36-6-2215),Р-107-3-36-6-2215,Р107,3-36,6,2215,opys-explicit
722f6ed7-efcf-4814-ba60-d5a664f5fecb,ЦДНТА-(Р-107-3-36-6-2232+++Р-107-3-36-6-2232+++Р-107-3-36-6-2232),Р-107-3-36-6-2232,Р107,3-36,6,2232,opys-explicit
2fbc604f-49f2-442e-bc86-a2b91b059acd,ЦДНТА-(Р-107-3-36-6-2249+++Р-107-3-36-6-2249+++Р-107-3-36-6-2249),Р-107-3-36-6-2249,Р107,3-36,6,2249,opys-explicit
4bf622db-0d59-4aad-b8bd-b4b4f20d443d,ЦДНТА-(Р-107-3-36-6-2261+++Р-107-3-36-6-2261+++Р-107-3-36-6-2261),Р-107-3-36-6-2261,Р107,3-36,6,2261,opys-explicit
41065d93-24f3-4774-b711-0bd6bafd3399,ЦДНТА-(Р-107-3-36-6-2270+++Р-107-3-36-6-2270+++Р-107-3-36-6-2270),Р-107-3-36-6-2270,Р107,3-36,6,2270,opys-explicit
c7533702-ef0b-40d2-8429-b7991ebed676,ЦДНТА-(Р-107-3-36-6-2276+++Р-107-3-36-6-2276+++Р-107-3-36-6-2276),Р-107-3-36-6-2276,Р107,3-36,6,2276,opys-explicit
5a69ac74-5ba0-45e4-a8d3-91ffccc5079e,ЦДНТА-(Р-107-3-36-6-2280+++Р-107-3-36-6-2280+++Р-107-3-36-6-2280),Р-107-3-36-6-2280,Р107,3-36,6,2280,opys-explicit
285f4cb2-84b1-4496-8a73-328e5b61a6a3,ЦДНТА-(Р-107-3-36-6-2311+++Р-107-3-36-6-2311+++Р-107-3-36-6-2311),Р-107-3-36-6-2311,Р107,3-36,6,2311,opys-explicit
8fa07e08-feba-4f7b-a616-42c474308094,ЦДНТА-(Р-107-3-36-6-2305+++Р-107-3-36-6-2305+++Р-107-3-36-6-2305),Р-107-3-36-6-2305,Р107,3-36,6,2305,opys-explicit
84696d47-058e-4b94-b5cc-7bcd645e8d3e,ЦДНТА-(Р-107-3-36-6-2317+++Р-107-3-36-6-2317+++Р-107-3-36-6-2317),Р-107-3-36-6-2317,Р107,3-36,6,2317,opys-explicit
108ebe74-5abb-42cc-a990-9cdf0534f738,ЦДНТА-(Р-107-3-36-6-2064+++Р-107-3-36-6-2064+++Р-107-3-36-6-2064),Р-107-3-36-6-2064,Р107,3-36,6,2064,opys-explicit
c45565e3-e70a-4cff-9251-dc9f671eee53,ЦДНТА-(Р-107-3-36-6-2076+++Р-107-3-36-6-2076+++Р-107-3-36-6-2076),Р-107-3-36-6-2076,Р107,3-36,6,2076,opys-explicit
c0ee52e8-ce0c-49ca-a9a0-6bdd98cad2ce,ЦДНТА-(Р-107-3-36-6-2085+++Р-107-3-36-6-2085+++Р-107-3-36-6-2085),Р-107-3-36-6-2085,Р107,3-36,6,2085,opys-explicit
fa7e3bd0-7c14-4dc1-a63f-195d6c53a7ea,ЦДНТА-(Р-107-3-36-6-2094+++Р-107-3-36-6-2094+++Р-107-3-36-6-2094),Р-107-3-36-6-2094,Р107,3-36,6,2094,opys-explicit
ca562cde-0c79-4c03-b834-0074ebeae8db,ЦДНТА-(Р-107-3-36-6-2106+++Р-107-3-36-6-2106+++Р-107-3-36-6-2106),Р-107-3-36-6-2106,Р107,3-36,6,2106,opys-explicit
60dc862d-b930-48fa-8d6b-73367f39160f,ЦДНТА-(Р-107-3-36-6-2092+++Р-107-3-36-6-2092+++Р-107-3-36-6-2092),Р-107-3-36-6-2092,Р107,3-36,6,2092,opys-explicit
d17894cc-0ed6-4673-b651-17fa1b65105e,ЦДНТА-(Р-107-3-36-6-2120+++Р-107-3-36-6-2120+++Р-107-3-36-6-2120),Р-107-3-36-6-2120,Р107,3-36,6,2120,opys-explicit
0c717d94-a968-4b16-a80d-6488f186ed88,ЦДНТА-(Р-107-3-36-4-1165+++Р-107-3-36-4-1165+++Р-107-3-36-4-1165),Р-107-3-36-4-1165,Р107,3-36,4,1165,opys-explicit
0f06a46e-d6df-40a5-b8d8-fd5d08647ae0,ЦДНТА-(Р-107-3-36-5-1502+++Р-107-3-36-5-1502+++Р-107-3-36-5-1502),Р-107-3-36-5-1502,Р107,3-36,5,1502,opys-explicit
12872d9b-7637-4102-8342-8fb5c9a16221,ЦДНТА-(Р-107-3-36-5-1496+++Р-107-3-36-5-1496+++Р-107-3-36-5-1496),Р-107-3-36-5-1496,Р107,3-36,5,1496,opys-explicit
78851118-e0db-47d0-ab99-3af37ff2a4e8,ЦДНТА-(Р-107-3-36-5-1535+++Р-107-3-36-5-1535+++Р-107-3-36-5-1535),Р-107-3-36-5-1535,Р107,3-36,5,1535,opys-explicit
8abca57b-f2b8-4e47-952b-b15043fa3aa8,ЦДНТА-(Р-107-3-36-5-1532+++Р-107-3-36-5-1532+++Р-107-3-36-5-1532),Р-107-3-36-5-1532,Р107,3-36,5,1532,opys-explicit
140ea4c4-883e-46b0-a05d-dbdbceb4a61b,ЦДНТА-(Р-107-3-36-4-1251+++Р-107-3-36-4-1251+++Р-107-3-36-4-1251),Р-107-3-36-4-1251,Р107,3-36,4,1251,opys-explicit
0939d584-bb6e-4427-8902-bf554d8c7425,ЦДНТА-(Р-107-3-36-5-1566+++Р-107-3-36-5-1566+++Р-107-3-36-5-1566),Р-107-3-36-5-1566,Р107,3-36,5,1566,opys-explicit
aacc3590-23fc-455a-ad30-a38ca5dbdc12,ЦДНТА-(Р-107-3-36-4-1243+++Р-107-3-36-4-1243+++Р-107-3-36-4-1243),Р-107-3-36-4-1243,Р107,3-36,4,1243,opys-explicit
2185eb8a-734d-493b-aeb3-f97daec25971,ЦДНТА-(Р-107-3-36-4-1264+++Р-107-3-36-4-1264+++Р-107-3-36-4-1264),Р-107-3-36-4-1264,Р107,3-36,4,1264,opys-explicit
95b23e72-d2fc-4960-baca-d59dd2ce99fc,ЦДНТА-(Р-78-3-22-2-430+++Р-78-3-22-2-430+++Р-78-3-22-2-430),Р-78-3-22-2-430,Р78,3-22,2Д,430,opys-explicit
fe662fbe-5a3f-484b-8ad3-3a0422352039,ЦДНТА-(Р-78-3-22-2-434+++Р-78-3-22-2-434+++Р-78-3-22-2-434),Р-78-3-22-2-434,Р78,3-22,2Д,434,opys-explicit
6143d471-6b86-4f8e-906d-91b8038ccb21,ЦДНТА-(Р-78-3-22-2-462+++Р-78-3-22-2-462+++Р-78-3-22-2-462),Р-78-3-22-2-462,Р78,3-22,2Д,462,opys-explicit
e28c84bf-ba5d-4da5-9420-b60c22edf632,ЦДНТА-(Р-78-3-22-2-471+++Р-78-3-22-2-471+++Р-78-3-22-2-471),Р-78-3-22-2-471,Р78,3-22,2Д,471,opys-explicit
af1b4804-a490-414d-bf10-6890e167f0d8,ЦДНТА-(Р-78-3-22-2-486+++Р-78-3-22-2-486+++Р-78-3-22-2-486),Р-78-3-22-2-486,Р78,3-22,2Д,486,opys-explicit
749acbe8-af4e-4745-8c1c-3aad28e3ad9f,ЦДНТА-(Р-78-3-22-2-500+++Р-78-3-22-2-500+++Р-78-3-22-2-500),Р-78-3-22-2-500,Р78,3-22,2Д,500,opys-explicit
8bfe2499-b68c-4884-817d-f0b54e0209fe,ЦДНТА-(Р-78-3-22-2-480+++Р-78-3-22-2-480+++Р-78-3-22-2-480),Р-78-3-22-2-480,Р78,3-22,2Д,480,opys-explicit
fdf476aa-0757-4e0f-adde-0aced34daf5c,ЦДНТА-(Р-78-3-22-2-489+++Р-78-3-22-2-489+++Р-78-3-22-2-489),Р-78-3-22-2-489,Р78,3-22,2Д,489,opys-explicit
6d71709e-0436-40d5-bff3-c1bd46602797,ЦДНТА-(Р-78-3-22-2-568+++Р-78-3-22-2-568+++Р-78-3-22-2-568),Р-78-3-22-2-568,Р78,3-22,2Д,568,opys-explicit
dd199851-5050-45a6-b5a1-7ac5d7671550,ЦДНТА-(Р-78-3-22-2-565+++Р-78-3-22-2-565+++Р-78-3-22-2-565),Р-78-3-22-2-565,Р78,3-22,2Д,565,opys-explicit
61f1960e-cbed-43bc-aac6-3554f58d0317,ЦДНТА-(Р-78-3-22-2-583+++Р-78-3-22-2-583+++Р-78-3-22-2-583),Р-78-3-22-2-583,Р78,3-22,2Д,583,opys-explicit
31aa808a-8d61-4720-ae0b-a5cce1774ee5,ЦДНТА-(Р-78-3-22-2-578+++Р-78-3-22-2-578+++Р-78-3-22-2-578),Р-78-3-22-2-578,Р78,3-22,2Д,578,opys-explicit
257788cf-9548-41b6-b623-e3c4796f86b1,ЦДНТА-(Р-18-3-10-1-167+++Р-18-3-10-1-167+++Р-18-3-10-1-167),Р-18-3-10-1-167,Р18,3-10,1,167,opys-explicit
67654cd6-4502-4322-a021-66686fcc5687,ЦДНТА-(Р-18-3-10-1-175+++Р-18-3-10-1-175+++Р-18-3-10-1-175),Р-18-3-10-1-175,Р18,3-10,1,175,opys-explicit
3347fa6f-2b7b-4688-97f9-a005e40a83bc,ЦДНТА-(Р-18-3-10-1-198+++Р-18-3-10-1-198+++Р-18-3-10-1-198),Р-18-3-10-1-198,Р18,3-10,1,198,opys-explicit
3ab66154-409b-404e-983c-b73c1e1661be,ЦДНТА-(Р-18-3-10-1-183+++Р-18-3-10-1-183+++Р-18-3-10-1-183),Р-18-3-10-1-183,Р18,3-10,1,183,opys-explicit
11c3c8c8-25a2-40a9-bfe0-000f600865f9,ЦДНТА-(Р-107-3-36-7-2755+++Р-107-3-36-7-2755+++Р-107-3-36-7-2755),Р-107-3-36-7-2755,Р107,3-36,7,2755,opys-explicit
ce55b75c-091c-456b-af39-b050a17f5804,ЦДНТА-(Р-107-3-36-7-2747+++Р-107-3-36-7-2747+++Р-107-3-36-7-2747),Р-107-3-36-7-2747,Р107,3-36,7,2747,opys-explicit
4577c4ce-6e03-446d-8b14-4e69f4aa0398,ЦДНТА-(Р-18-3-10-2-207+++Р-18-3-10-2-207+++Р-18-3-10-2-207),Р-18-3-10-2-207,Р18,3-10,2,207,opys-explicit
081a8bee-3f3c-4e45-a6a7-ff4d7132fda5,ЦДНТА-(Р-18-3-10-2-212+++Р-18-3-10-2-212+++Р-18-3-10-2-212),Р-18-3-10-2-212,Р18,3-10,2,212,opys-explicit
0013b910-9be7-4e54-9b96-f01a73f41de6,ЦДНТА-(Р-18-3-10-2-217+++Р-18-3-10-2-217+++Р-18-3-10-2-217),Р-18-3-10-2-217,Р18,3-10,2,217,opys-explicit
146d986d-c8be-4542-a108-cf48bff08932,ЦДНТА-(Р-18-3-10-2-219+++Р-18-3-10-2-219+++Р-18-3-10-2-219),Р-18-3-10-2-219,Р18,3-10,2,219,opys-explicit
544a5977-5e1e-4d5b-8e57-3828963d183c,ЦДНТА-(Р-107-3-36-7-2743+++Р-107-3-36-7-2743+++Р-107-3-36-7-2743),Р-107-3-36-7-2743,Р107,3-36,7,2743,opys-explicit
392b0a03-6361-4ff5-b04c-7c136392acfb,ЦДНТА-(Р-107-3-36-7-2777+++Р-107-3-36-7-2777+++Р-107-3-36-7-2777),Р-107-3-36-7-2777,Р107,3-36,7,2777,opys-explicit
87d39a5a-9411-4afa-8e50-7593dad4e806,ЦДНТА-(Р-107-3-36-7-2795+++Р-107-3-36-7-2795+++Р-107-3-36-7-2795),Р-107-3-36-7-2795,Р107,3-36,7,2795,opys-explicit
47346f7b-f6ff-4807-84d2-6ceeecee8f0e,ЦДНТА-(Р-107-3-36-7-2802+++Р-107-3-36-7-2802+++Р-107-3-36-7-2802),Р-107-3-36-7-2802,Р107,3-36,7,2802,opys-explicit
9b606cd1-f293-44df-ac3d-6822ce253f96,ЦДНТА-(Р-107-3-36-7-2812+++Р-107-3-36-7-2812+++Р-107-3-36-7-2812),Р-107-3-36-7-2812,Р107,3-36,7,2812,opys-explicit
248ca206-8605-4c6b-8e7c-4958c0e1465b,ЦДНТА-(Р-107-3-36-7-2813+++Р-107-3-36-7-2813+++Р-107-3-36-7-2813),Р-107-3-36-7-2813,Р107,3-36,7,2813,opys-explicit
5ff1da09-f71d-441d-aee9-3fb8f9b492bb,ЦДНТА-(Р-107-3-36-7-2826+++Р-107-3-36-7-2826+++Р-107-3-36-7-2826),Р-107-3-36-7-2826,Р107,3-36,7,2826,opys-explicit
bc039892-7b68-4ce3-8583-94b42ab5df82,ЦДНТА-(Р-18-3-10-1-17+++Р-18-3-10-1-17+++Р-18-3-10-1-17),Р-18-3-10-1-17,Р18,3-10,1,17,opys-explicit
342a85b6-c50e-4d01-a0c2-b90f7976ad4f,ЦДНТА-(Р-18-3-10-1-24+++Р-18-3-10-1-24+++Р-18-3-10-1-24),Р-18-3-10-1-24,Р18,3-10,1,24,opys-explicit
c7b11255-a9ad-4fee-992a-fd71fc10f586,ЦДНТА-(Р-18-3-10-1-28+++Р-18-3-10-1-28+++Р-18-3-10-1-28),Р-18-3-10-1-28,Р18,3-10,1,28,opys-explicit
e6509886-b71d-4611-8999-0f844b75c462,ЦДНТА-(Р-18-3-10-1-32+++Р-18-3-10-1-32+++Р-18-3-10-1-32),Р-18-3-10-1-32,Р18,3-10,1,32,opys-explicit
c78eb0e8-e099-49ea-9787-e970335fd1ab,ЦДНТА-(Р-18-3-10-1-50+++Р-18-3-10-1-50+++Р-18-3-10-1-50),Р-18-3-10-1-50,Р18,3-10,1,50,opys-explicit
0eda50e1-18d0-4188-9afb-f2c58cbcc563,ЦДНТА-(Р-18-3-10-1-61+++Р-18-3-10-1-61+++Р-18-3-10-1-61),Р-18-3-10-1-61,Р18,3-10,1,61,opys-explicit
1819763d-9ee8-47ef-99ad-c6d0bc197a50,ЦДНТА-(Р-18-3-10-1-75+++Р-18-3-10-1-75+++Р-18-3-10-1-75),Р-18-3-10-1-75,Р18,3-10,1,75,opys-explicit
3a00505f-f5a9-4c42-bad5-79e2c61f34b3,ЦДНТА-(Р-18-3-10-1-87+++Р-18-3-10-1-87+++Р-18-3-10-1-87),Р-18-3-10-1-87,Р18,3-10,1,87,opys-explicit
02f0e0f0-f0a4-454b-b3dc-ac3f272ce716,ЦДНТА-(Р-18-3-10-1-84+++Р-18-3-10-1-84+++Р-18-3-10-1-84),Р-18-3-10-1-84,Р18,3-10,1,84,opys-explicit
7e98d9af-bcc2-435a-89cd-ccbc529bc6dc,ЦДНТА-(Р-18-3-10-1-70+++Р-18-3-10-1-70+++Р-18-3-10-1-70),Р-18-3-10-1-70,Р18,3-10,1,70,opys-explicit
df14957e-413a-4353-96cb-ec1466d66e7f,ЦДНТА-(Р-18-3-10-1-67+++Р-18-3-10-1-67+++Р-18-3-10-1-67),Р-18-3-10-1-67,Р18,3-10,1,67,opys-explicit
60409668-c293-4804-8515-eddeb7449d3f,ЦДНТА-(Р-18-3-10-1-106+++Р-18-3-10-1-106+++Р-18-3-10-1-106),Р-18-3-10-1-106,Р18,3-10,1,106,opys-explicit
29062928-f5cf-4b3b-bf88-518adafbe6e8,ЦДНТА-(Р-18-3-10-1-118+++Р-18-3-10-1-118+++Р-18-3-10-1-118),Р-18-3-10-1-118,Р18,3-10,1,118,opys-explicit
cf12bcf6-3129-4b9d-b054-fe0abb0ae920,ЦДНТА-(Р-18-3-10-1-127+++Р-18-3-10-1-127+++Р-18-3-10-1-127),Р-18-3-10-1-127,Р18,3-10,1,127,opys-explicit
cc6a44fd-1024-4b86-b9d9-bacdf7eb1f45,ЦДНТА-(Р-18-3-10-1-135+++Р-18-3-10-1-135+++Р-18-3-10-1-135),Р-18-3-10-1-135,Р18,3-10,1,135,opys-explicit
49f48b00-acf5-421d-85a6-d04cad969062,ЦДНТА-(Р-18-3-10-1-145+++Р-18-3-10-1-145+++Р-18-3-10-1-145),Р-18-3-10-1-145,Р18,3-10,1,145,opys-explicit
85459736-aaa9-48aa-818e-f17ae4fb269b,ЦДНТА-(Р-107-3-36-7-2792+++Р-107-3-36-7-2792+++Р-107-3-36-7-2792),Р-107-3-36-7-2792,Р107,3-36,7,2792,opys-explicit
5af7ac0f-0147-414e-9ca5-538509b6fbe5,ЦДНТА-(Р-107-3-36-7-2785+++Р-107-3-36-7-2785+++Р-107-3-36-7-2785),Р-107-3-36-7-2785,Р107,3-36,7,2785,opys-explicit
3702f934-6ef2-420f-9fc9-635d1bc85983,ЦДНТА-(Р-107-3-36-7-2791+++Р-107-3-36-7-2791+++Р-107-3-36-7-2791),Р-107-3-36-7-2791,Р107,3-36,7,2791,opys-explicit
df6ee3a8-df26-4ed8-a3dd-9b0125dac40e,ЦДНТА-(Р-107-3-36-7-2781+++Р-107-3-36-7-2781+++Р-107-3-36-7-2781),Р-107-3-36-7-2781,Р107,3-36,7,2781,opys-explicit
f7ef58ab-b287-4e28-bea4-494edee8b6f6,ЦДНТА-(Р-107-3-36-7-2828+++Р-107-3-36-7-2828+++Р-107-3-36-7-2828),Р-107-3-36-7-2828,Р107,3-36,7,2828,opys-explicit
660dcbe8-e78f-47c5-aac4-c32b63d1a84d,ЦДНТА-(Р-18-3-10-1-54+++Р-18-3-10-1-54+++Р-18-3-10-1-54),Р-18-3-10-1-54,Р18,3-10,1,54,opys-explicit
a44c43d6-5602-4d8f-98b4-6c226128e7ea,ЦДНТА-(Р-18-3-10-1-66+++Р-18-3-10-1-66+++Р-18-3-10-1-66),Р-18-3-10-1-66,Р18,3-10,1,66,opys-explicit
ac5b1672-60a2-4199-8fdf-579363d25db0,ЦДНТА-(Р-18-3-10-1-64+++Р-18-3-10-1-64+++Р-18-3-10-1-64),Р-18-3-10-1-64,Р18,3-10,1,64,opys-explicit
931bca68-4221-4623-9c5b-b59835f58175,ЦДНТА-(Р-18-3-10-1-77+++Р-18-3-10-1-77+++Р-18-3-10-1-77),Р-18-3-10-1-77,Р18,3-10,1,77,opys-explicit
29c9220d-222d-42b1-86c5-da6183828ec6,ЦДНТА-(Р-18-3-10-1-69+++Р-18-3-10-1-69+++Р-18-3-10-1-69),Р-18-3-10-1-69,Р18,3-10,1,69,opys-explicit
ec27edf2-563c-4a0b-b125-c939132948b2,ЦДНТА-(Р-107-3-36-7-2751+++Р-107-3-36-7-2751+++Р-107-3-36-7-2751),Р-107-3-36-7-2751,Р107,3-36,7,2751,opys-explicit
c6dd6590-4526-4a26-a3ed-b9ced3e01f38,ЦДНТА-(Р-17-3-9-2-834+++Р-17-3-9-2-834+++Р-17-3-9-2-834),Р-17-3-9-2-834,Р17,3-9,2,834,opys-explicit
e505b013-5bac-41bf-888b-6826c9c1fc72,ЦДНТА-(Р-17-3-9-2-840+++Р-17-3-9-2-840+++Р-17-3-9-2-840),Р-17-3-9-2-840,Р17,3-9,2,840,opys-explicit
ad2c2e88-31ac-4194-8ec8-8d186a96638f,ЦДНТА-(Р-17-3-9-2-825+++Р-17-3-9-2-825+++Р-17-3-9-2-825),Р-17-3-9-2-825,Р17,3-9,2,825,opys-explicit
b334e674-a66a-4850-8944-92d644586c0d,ЦДНТА-(Р-17-3-9-2-829+++Р-17-3-9-2-829+++Р-17-3-9-2-829),Р-17-3-9-2-829,Р17,3-9,2,829,opys-explicit
e1200342-df48-462e-91b2-35b3b0b838b4,ЦДНТА-(Р-17-3-9-2-858+++Р-17-3-9-2-858+++Р-17-3-9-2-858),Р-17-3-9-2-858,Р17,3-9,2,858,opys-explicit
278d7c44-e4e4-40da-bf5e-3199f57e2132,ЦДНТА-(Р-17-3-9-2-853+++Р-17-3-9-2-853+++Р-17-3-9-2-853),Р-17-3-9-2-853,Р17,3-9,2,853,opys-explicit
b42ee931-6e27-436b-8e42-45c04dac2e3c,ЦДНТА-(Р-17-3-9-2-855+++Р-17-3-9-2-855+++Р-17-3-9-2-855),Р-17-3-9-2-855,Р17,3-9,2,855,opys-explicit
8ebfedf2-a7f3-4f3c-acbe-3bbb6bce1546,ЦДНТА-(Р-17-3-9-2-865+++Р-17-3-9-2-865+++Р-17-3-9-2-865),Р-17-3-9-2-865,Р17,3-9,2,865,opys-explicit
a1ba667d-2b1d-4c0e-bf6c-82f848b6d5d0,ЦДНТА-(Р-17-3-9-2-888+++Р-17-3-9-2-888+++Р-17-3-9-2-888),Р-17-3-9-2-888,Р17,3-9,2,888,opys-explicit
afd5fed5-1420-4351-9627-95dca3da010f,ЦДНТА-(Р-17-3-9-2-889+++Р-17-3-9-2-889+++Р-17-3-9-2-889),Р-17-3-9-2-889,Р17,3-9,2,889,opys-explicit
da709e22-65e1-42d1-bd26-32caac441479,ЦДНТА-(Р-17-3-9-2-894+++Р-17-3-9-2-894+++Р-17-3-9-2-894),Р-17-3-9-2-894,Р17,3-9,2,894,opys-explicit
48ce0289-13c9-4e14-a7b7-357d30ed8b20,ЦДНТА-(Р-17-3-9-2-893+++Р-17-3-9-2-893+++Р-17-3-9-2-893),Р-17-3-9-2-893,Р17,3-9,2,893,opys-explicit
203be10e-6da0-42a0-b64b-34d928d472cb,ЦДНТА-(Р-17-3-9-2-897+++Р-17-3-9-2-897+++Р-17-3-9-2-897),Р-17-3-9-2-897,Р17,3-9,2,897,opys-explicit
bb585bf3-9162-494c-855f-c31fd6bdf87d,ЦДНТА-(Р-107-3-36-6-2447+++Р-107-3-36-6-2447+++Р-107-3-36-6-2447),Р-107-3-36-6-2447,Р107,3-36,6,2447,opys-explicit
75a17a85-97b5-4a34-9c30-e06e823f015d,ЦДНТА-(Р-107-3-36-6-2434+++Р-107-3-36-6-2434+++Р-107-3-36-6-2434),Р-107-3-36-6-2434,Р107,3-36,6,2434,opys-explicit
5bd86773-1787-4a0a-a1f8-5ff72f37bcc2,ЦДНТА-(Р-107-3-36-6-2332+++Р-107-3-36-6-2332+++Р-107-3-36-6-2332),Р-107-3-36-6-2332,Р107,3-36,6,2332,opys-explicit
da4225e8-f714-4126-b460-f7bb844cf42f,ЦДНТА-(Р-107-3-36-6-2325+++Р-107-3-36-6-2325+++Р-107-3-36-6-2325),Р-107-3-36-6-2325,Р107,3-36,6,2325,opys-explicit
d4c5c52c-5650-480a-8782-e292a85c2d26,ЦДНТА-(Р-107-3-36-6-2429+++Р-107-3-36-6-2429+++Р-107-3-36-6-2429),Р-107-3-36-6-2429,Р107,3-36,6,2429,opys-explicit
17902b6b-129e-4c5f-9aea-90649494521e,ЦДНТА-(Р-107-3-36-7-2468+++Р-107-3-36-7-2468+++Р-107-3-36-7-2468),Р-107-3-36-7-2468,Р107,3-36,7,2468,opys-explicit
f57a910f-88d6-4f1d-8fd9-1794b52f8496,ЦДНТА-(Р-107-3-36-7-2456+++Р-107-3-36-7-2456+++Р-107-3-36-7-2456),Р-107-3-36-7-2456,Р107,3-36,7,2456,opys-explicit
3832b324-be0e-4db4-b8e5-4db18588b90d,ЦДНТА-(Р-107-3-36-7-2466+++Р-107-3-36-7-2466+++Р-107-3-36-7-2466),Р-107-3-36-7-2466,Р107,3-36,7,2466,opys-explicit
804b58ef-79a6-4516-b02c-c6ecdb9cfd9c,ЦДНТА-(Р-107-3-36-6-2353+++Р-107-3-36-6-2353+++Р-107-3-36-6-2353),Р-107-3-36-6-2353,Р107,3-36,6,2353,opys-explicit
d11fa1dd-dec2-4ed1-b15e-39c9ee44eac1,ЦДНТА-(Р-107-3-36-6-2357+++Р-107-3-36-6-2357+++Р-107-3-36-6-2357),Р-107-3-36-6-2357,Р107,3-36,6,2357,opys-explicit
ef3e5440-b1fb-4414-94a9-308703fc3da3,ЦДНТА-(Р-107-3-36-6-2380+++Р-107-3-36-6-2380+++Р-107-3-36-6-2380),Р-107-3-36-6-2380,Р107,3-36,6,2380,opys-explicit
22112fc9-fa64-4f29-a19b-3756d907ee73,ЦДНТА-(Р-107-3-36-6-2374+++Р-107-3-36-6-2374+++Р-107-3-36-6-2374),Р-107-3-36-6-2374,Р107,3-36,6,2374,opys-explicit
3a520930-9ba8-481e-bcdc-44d3e970b30f,ЦДНТА-(Р-107-3-36-6-2370+++Р-107-3-36-6-2370+++Р-107-3-36-6-2370),Р-107-3-36-6-2370,Р107,3-36,6,2370,opys-explicit
3c57d3b6-c271-4b4d-8064-ba0d6971c199,ЦДНТА-(Р-107-3-36-6-2369+++Р-107-3-36-6-2369+++Р-107-3-36-6-2369),Р-107-3-36-6-2369,Р107,3-36,6,2369,opys-explicit
fecb8222-4bfd-4dd4-901c-0826cfcd5101,ЦДНТА-(Р-107-3-36-6-2368+++Р-107-3-36-6-2368+++Р-107-3-36-6-2368),Р-107-3-36-6-2368,Р107,3-36,6,2368,opys-explicit
d00ecc5f-6261-4d13-87b4-2bd00f9a9cda,ЦДНТА-(Р-107-3-36-6-2411+++Р-107-3-36-6-2411+++Р-107-3-36-6-2411),Р-107-3-36-6-2411,Р107,3-36,6,2411,opys-explicit
3baf5757-9462-4a0b-8216-61f49de8f04a,ЦДНТА-(Р-107-3-36-6-2392+++Р-107-3-36-6-2392+++Р-107-3-36-6-2392),Р-107-3-36-6-2392,Р107,3-36,6,2392,opys-explicit
c1510593-1c72-46ce-a0c4-6ae2294fbaa9,ЦДНТА-(Р-107-3-36-6-2440+++Р-107-3-36-6-2440+++Р-107-3-36-6-2440),Р-107-3-36-6-2440,Р107,3-36,6,2440,opys-explicit
be88c883-4343-44b1-a46b-1b6c63e2199e,ЦДНТА-(Р-107-3-36-6-2412+++Р-107-3-36-6-2412+++Р-107-3-36-6-2412),Р-107-3-36-6-2412,Р107,3-36,6,2412,opys-explicit
9b2b3d4d-d3c1-4e61-bd3a-82ee5c0ab75f,ЦДНТА-(Р-107-3-36-6-2446+++Р-107-3-36-6-2446+++Р-107-3-36-6-2446),Р-107-3-36-6-2446,Р107,3-36,6,2446,opys-explicit
be3c61d8-d868-4319-ba39-929b4e2ff53c,ЦДНТА-(Р-107-3-36-7-2470+++Р-107-3-36-7-2470+++Р-107-3-36-7-2470),Р-107-3-36-7-2470,Р107,3-36,7,2470,opys-explicit
97e06b8b-bfa1-47ef-a7b2-a91b989ce81e,ЦДНТА-(Р-107-3-36-7-2489+++Р-107-3-36-7-2489+++Р-107-3-36-7-2489),Р-107-3-36-7-2489,Р107,3-36,7,2489,opys-explicit
062dfd0a-90fe-4927-bee0-359ff3587e7c,ЦДНТА-(Р-107-3-36-7-2480+++Р-107-3-36-7-2480+++Р-107-3-36-7-2480),Р-107-3-36-7-2480,Р107,3-36,7,2480,opys-explicit
fc4d6cff-fe98-430c-a2e1-33067d9b6111,ЦДНТА-(Р-107-3-36-7-2482+++Р-107-3-36-7-2482+++Р-107-3-36-7-2482),Р-107-3-36-7-2482,Р107,3-36,7,2482,opys-explicit
79db78d8-9ddf-482e-a97e-44de5878d53b,ЦДНТА-(Р-107-3-36-7-2508+++Р-107-3-36-7-2508+++Р-107-3-36-7-2508),Р-107-3-36-7-2508,Р107,3-36,7,2508,opys-explicit
87dba764-38a8-4e6b-9320-671fa085fc09,ЦДНТА-(Р-107-3-36-7-2476+++Р-107-3-36-7-2476+++Р-107-3-36-7-2476),Р-107-3-36-7-2476,Р107,3-36,7,2476,opys-explicit
f8e5eb5d-58da-4ab0-a779-7959bd141eda,ЦДНТА-(Р-107-3-36-7-2503+++Р-107-3-36-7-2503+++Р-107-3-36-7-2503),Р-107-3-36-7-2503,Р107,3-36,7,2503,opys-explicit
8f9a6d00-3ae5-44d1-b83f-87b6df0dec1e,ЦДНТА-(Р-107-3-36-7-2507+++Р-107-3-36-7-2507+++Р-107-3-36-7-2507),Р-107-3-36-7-2507,Р107,3-36,7,2507,opys-explicit
1eb423d2-a3a0-4d47-98de-c77403590644,ЦДНТА-(Р-107-3-36-7-2500+++Р-107-3-36-7-2500+++Р-107-3-36-7-2500),Р-107-3-36-7-2500,Р107,3-36,7,2500,opys-explicit
48610bb4-7974-445d-a88f-d5a519f0291b,ЦДНТА-(Р-107-3-36-7-2501+++Р-107-3-36-7-2501+++Р-107-3-36-7-2501),Р-107-3-36-7-2501,Р107,3-36,7,2501,opys-explicit
8cf96a29-b010-4c21-8978-5afaade58e63,ЦДНТА-(Р-107-3-36-7-2535+++Р-107-3-36-7-2535+++Р-107-3-36-7-2535),Р-107-3-36-7-2535,Р107,3-36,7,2535,opys-explicit
c493519d-623b-406a-8027-6f37d424ed2d,ЦДНТА-(Р-107-3-36-7-2532+++Р-107-3-36-7-2532+++Р-107-3-36-7-2532),Р-107-3-36-7-2532,Р107,3-36,7,2532,opys-explicit
50a63a7e-cf1c-469e-97fc-0d9b94730f21,ЦДНТА-(Р-107-3-36-7-2527+++Р-107-3-36-7-2527+++Р-107-3-36-7-2527),Р-107-3-36-7-2527,Р107,3-36,7,2527,opys-explicit
27165c75-7f72-4ede-b39d-ed17b326943c,ЦДНТА-(Р-107-3-36-7-2528+++Р-107-3-36-7-2528+++Р-107-3-36-7-2528),Р-107-3-36-7-2528,Р107,3-36,7,2528,opys-explicit
f2ab5601-f99c-4c9d-9c2c-1e339ab36971,ЦДНТА-(Р-107-3-36-7-2530+++Р-107-3-36-7-2530+++Р-107-3-36-7-2530),Р-107-3-36-7-2530,Р107,3-36,7,2530,opys-explicit
c9065166-e2c8-49f9-afb7-c3366f83564d,ЦДНТА-(Р-107-3-36-7-2557+++Р-107-3-36-7-2557+++Р-107-3-36-7-2557),Р-107-3-36-7-2557,Р107,3-36,7,2557,opys-explicit
f6d49f47-e971-4d92-8271-5ab8a7647a9a,ЦДНТА-(Р-107-3-36-7-2553+++Р-107-3-36-7-2553+++Р-107-3-36-7-2553),Р-107-3-36-7-2553,Р107,3-36,7,2553,opys-explicit
4eb17666-a9df-4499-b22e-d22422392bba,ЦДНТА-(Р-107-3-36-7-2585+++Р-107-3-36-7-2585+++Р-107-3-36-7-2585),Р-107-3-36-7-2585,Р107,3-36,7,2585,opys-explicit
4f9abf55-304d-4566-9a9f-d5e5b0b60b29,ЦДНТА-(Р-107-3-36-7-2621+++Р-107-3-36-7-2621+++Р-107-3-36-7-2621),Р-107-3-36-7-2621,Р107,3-36,7,2621,opys-explicit
f0f79b56-d45f-4279-9662-ffff2c1f6c02,ЦДНТА-(Р-107-3-36-7-2630+++Р-107-3-36-7-2630+++Р-107-3-36-7-2630),Р-107-3-36-7-2630,Р107,3-36,7,2630,opys-explicit
c9941277-2714-4a3b-a19b-2235c4e6a7fd,ЦДНТА-(Р-107-3-36-7-2635+++Р-107-3-36-7-2635+++Р-107-3-36-7-2635),Р-107-3-36-7-2635,Р107,3-36,7,2635,opys-explicit
0da2328f-5abb-4c55-8151-07d86c26c2ea,ЦДНТА-(Р-107-3-36-7-2638+++Р-107-3-36-7-2638+++Р-107-3-36-7-2638),Р-107-3-36-7-2638,Р107,3-36,7,2638,opys-explicit
18b6095d-538f-4e3c-93bf-2f03d7651573,ЦДНТА-(Р-107-3-36-7-2650+++Р-107-3-36-7-2650+++Р-107-3-36-7-2650),Р-107-3-36-7-2650,Р107,3-36,7,2650,opys-explicit
1d934960-7003-44de-b916-9ebc4c836e32,ЦДНТА-(Р-107-3-36-7-2668+++Р-107-3-36-7-2668+++Р-107-3-36-7-2668),Р-107-3-36-7-2668,Р107,3-36,7,2668,opys-explicit
b33d3b99-7c0d-48bf-90ec-4579449f770b,ЦДНТА-(Р-107-3-36-7-2655+++Р-107-3-36-7-2655+++Р-107-3-36-7-2655),Р-107-3-36-7-2655,Р107,3-36,7,2655,opys-explicit
119d5a5d-4b62-4468-abdc-412613f9b48a,ЦДНТА-(Р-107-3-36-6-2352+++Р-107-3-36-6-2352+++Р-107-3-36-6-2352),Р-107-3-36-6-2352,Р107,3-36,6,2352,opys-explicit
d8b12db0-9e32-49ad-99b0-82e454b0404d,ЦДНТА-(Р-107-3-36-7-2675+++Р-107-3-36-7-2675+++Р-107-3-36-7-2675),Р-107-3-36-7-2675,Р107,3-36,7,2675,opys-explicit
33c46dc2-b989-4262-aeca-4814ebb5cf33,ЦДНТА-(Р-107-3-36-7-2678+++Р-107-3-36-7-2678+++Р-107-3-36-7-2678),Р-107-3-36-7-2678,Р107,3-36,7,2678,opys-explicit
23add74b-48fb-4da0-83ac-60087976c8c8,ЦДНТА-(Р-107-3-36-7-2714+++Р-107-3-36-7-2714+++Р-107-3-36-7-2714),Р-107-3-36-7-2714,Р107,3-36,7,2714,opys-explicit
57f09bd7-42dd-4413-81b5-8ebb1bde863e,ЦДНТА-(Р-17-3-9-3-902+++Р-17-3-9-3-902+++Р-17-3-9-3-902),Р-17-3-9-3-902,Р17,3-9,3,902,opys-explicit
7df6a332-defd-424b-8992-2855b2d40a50,ЦДНТА-(Р-17-3-9-3-908+++Р-17-3-9-3-908+++Р-17-3-9-3-908),Р-17-3-9-3-908,Р17,3-9,3,908,opys-explicit
15657f29-5ef2-4d89-bb4f-ce46dbf440fa,ЦДНТА-(Р-17-3-9-3-913+++Р-17-3-9-3-913+++Р-17-3-9-3-913),Р-17-3-9-3-913,Р17,3-9,3,913,opys-explicit
b350e6ed-219e-49c3-92bf-8c5091853698,ЦДНТА-(Р-17-3-9-3-918+++Р-17-3-9-3-918+++Р-17-3-9-3-918),Р-17-3-9-3-918,Р17,3-9,3,918,opys-explicit
7a52cc8f-5483-461c-8b54-d35751a6d636,ЦДНТА-(Р-17-3-9-3-906+++Р-17-3-9-3-906+++Р-17-3-9-3-906),Р-17-3-9-3-906,Р17,3-9,3,906,opys-explicit
fe3f36e1-f4c8-422a-a843-4927c9a8dfc3,ЦДНТА-(Р-17-3-9-3-921+++Р-17-3-9-3-921+++Р-17-3-9-3-921),Р-17-3-9-3-921,Р17,3-9,3,921,opys-explicit
06427af9-f7a2-4c7b-b03a-fb1875728f05,ЦДНТА-(Р-17-3-9-3-931+++Р-17-3-9-3-931+++Р-17-3-9-3-931),Р-17-3-9-3-931,Р17,3-9,3,931,opys-explicit
c432a95f-887b-419b-a294-04080f08fd38,ЦДНТА-(Р-17-3-9-3-935+++Р-17-3-9-3-935+++Р-17-3-9-3-935),Р-17-3-9-3-935,Р17,3-9,3,935,opys-explicit
cb76322c-9f61-4b10-92d8-c776ad73da3c,ЦДНТА-(Р-17-3-9-3-946+++Р-17-3-9-3-946+++Р-17-3-9-3-946),Р-17-3-9-3-946,Р17,3-9,3,946,opys-explicit
107c416e-ef19-4cfb-80ca-fd0caabe2d61,ЦДНТА-(Р-17-3-9-3-950+++Р-17-3-9-3-950+++Р-17-3-9-3-950),Р-17-3-9-3-950,Р17,3-9,3,950,opys-explicit
89b4850f-5dbf-4a73-af01-c8ae9e85c5ac,ЦДНТА-(Р-17-3-9-3-967+++Р-17-3-9-3-967+++Р-17-3-9-3-967),Р-17-3-9-3-967,Р17,3-9,3,967,opys-explicit
524d207c-98fd-41f4-bb55-3374cecb124e,ЦДНТА-(Р-17-3-9-3-980+++Р-17-3-9-3-980+++Р-17-3-9-3-980),Р-17-3-9-3-980,Р17,3-9,3,980,opys-explicit
dc6db110-a850-4335-9e52-7ed5444c1789,ЦДНТА-(Р-17-3-9-3-984+++Р-17-3-9-3-984+++Р-17-3-9-3-984),Р-17-3-9-3-984,Р17,3-9,3,984,opys-explicit
0c24b178-3f77-4acf-97d0-1f4aa9eb0aa8,ЦДНТА-(Р-17-3-9-3-995+++Р-17-3-9-3-995+++Р-17-3-9-3-995),Р-17-3-9-3-995,Р17,3-9,3,995,opys-explicit
255b7756-7b05-4a3d-bb58-d6a4e3d54fc7,ЦДНТА-(Р-17-3-9-3-1009+++Р-17-3-9-3-1009+++Р-17-3-9-3-1009),Р-17-3-9-3-1009,Р17,3-9,3,1009,opys-explicit
71d04564-e735-4793-8d32-c78fe137377d,ЦДНТА-(Р-17-3-9-3-1012+++Р-17-3-9-3-1012+++Р-17-3-9-3-1012),Р-17-3-9-3-1012,Р17,3-9,3,1012,opys-explicit
7671d168-d67c-4c01-b329-655e2f700448,ЦДНТА-(Р-17-3-9-3-997+++Р-17-3-9-3-997+++Р-17-3-9-3-997),Р-17-3-9-3-997,Р17,3-9,3,997,opys-explicit
c8486574-a8aa-491f-9629-e4397a7a0300,ЦДНТА-(Р-17-3-9-3-1007+++Р-17-3-9-3-1007+++Р-17-3-9-3-1007),Р-17-3-9-3-1007,Р17,3-9,3,1007,opys-explicit
4ff30b98-bdd2-499b-9b7a-8bf924d9978c,ЦДНТА-(Р-17-3-9-3-1011+++Р-17-3-9-3-1011+++Р-17-3-9-3-1011),Р-17-3-9-3-1011,Р17,3-9,3,1011,opys-explicit
9c4eaffb-52b4-4f5b-b2f8-5bcd7fda47e5,ЦДНТА-(Р-17-3-9-3-998+++Р-17-3-9-3-998+++Р-17-3-9-3-998),Р-17-3-9-3-998,Р17,3-9,3,998,opys-explicit
d236a93e-2667-4f4c-a8fd-6576d7042b54,ЦДНТА-(Р-107-3-36-6-2356+++Р-107-3-36-6-2356+++Р-107-3-36-6-2356),Р-107-3-36-6-2356,Р107,3-36,6,2356,opys-explicit
e3b7c56f-2e9b-471f-a433-86f551dfcbd9,ЦДНТА-(Р-107-3-36-7-2481+++Р-107-3-36-7-2481+++Р-107-3-36-7-2481),Р-107-3-36-7-2481,Р107,3-36,7,2481,opys-explicit
15330c66-b55b-4da0-925a-053d8f8d0021,ЦДНТА-(Р-107-3-36-7-2490+++Р-107-3-36-7-2490+++Р-107-3-36-7-2490),Р-107-3-36-7-2490,Р107,3-36,7,2490,opys-explicit
5478a1ae-91b7-4eb7-b573-089b9a58cc3a,ЦДНТА-(Р-107-3-36-7-2492+++Р-107-3-36-7-2492+++Р-107-3-36-7-2492),Р-107-3-36-7-2492,Р107,3-36,7,2492,opys-explicit
9b5dc689-80ee-4b65-a778-491e68e08690,ЦДНТА-(Р-107-3-36-7-2497+++Р-107-3-36-7-2497+++Р-107-3-36-7-2497),Р-107-3-36-7-2497,Р107,3-36,7,2497,opys-explicit
96a43529-6b91-4edd-ac1e-5025a82ee05e,ЦДНТА-(Р-107-3-36-7-2522+++Р-107-3-36-7-2522+++Р-107-3-36-7-2522),Р-107-3-36-7-2522,Р107,3-36,7,2522,opys-explicit
a643049c-2432-4eee-b0ea-ab07688d136a,ЦДНТА-(Р-107-3-36-7-2521+++Р-107-3-36-7-2521+++Р-107-3-36-7-2521),Р-107-3-36-7-2521,Р107,3-36,7,2521,opys-explicit
cf58e8d1-aee7-4142-a057-60ebfaa8b428,ЦДНТА-(Р-107-3-36-7-2523+++Р-107-3-36-7-2523+++Р-107-3-36-7-2523),Р-107-3-36-7-2523,Р107,3-36,7,2523,opys-explicit
72ee0011-bb5f-42ce-afc4-04894055d580,ЦДНТА-(Р-107-3-36-7-2543+++Р-107-3-36-7-2543+++Р-107-3-36-7-2543),Р-107-3-36-7-2543,Р107,3-36,7,2543,opys-explicit
370c1844-6797-4352-bb35-cbfc99977c8b,ЦДНТА-(Р-107-3-36-7-2563+++Р-107-3-36-7-2563+++Р-107-3-36-7-2563),Р-107-3-36-7-2563,Р107,3-36,7,2563,opys-explicit
50e7cc68-6038-4f0b-a0d3-b12be96f0371,ЦДНТА-(Р-107-3-36-7-2604+++Р-107-3-36-7-2604+++Р-107-3-36-7-2604),Р-107-3-36-7-2604,Р107,3-36,7,2604,opys-explicit
dcee7537-1b42-4b4f-b455-537ba58391b3,ЦДНТА-(Р-107-3-36-7-2583+++Р-107-3-36-7-2583+++Р-107-3-36-7-2583),Р-107-3-36-7-2583,Р107,3-36,7,2583,opys-explicit
52cafac4-6e3d-4ef7-86ea-e112b74949b5,ЦДНТА-(Р-107-3-36-7-2623+++Р-107-3-36-7-2623+++Р-107-3-36-7-2623),Р-107-3-36-7-2623,Р107,3-36,7,2623,opys-explicit
dfdaf78a-c149-4c2a-ac56-9ef6b6e9fee6,ЦДНТА-(Р-107-3-36-7-2613+++Р-107-3-36-7-2613+++Р-107-3-36-7-2613),Р-107-3-36-7-2613,Р107,3-36,7,2613,opys-explicit
b26a124f-c084-4480-bdc8-0b77fe4f1105,ЦДНТА-(Р-107-3-36-7-2614+++Р-107-3-36-7-2614+++Р-107-3-36-7-2614),Р-107-3-36-7-2614,Р107,3-36,7,2614,opys-explicit
28af2b50-3b79-4012-8d73-c75890ecf5da,ЦДНТА-(Р-107-3-36-7-2649+++Р-107-3-36-7-2649+++Р-107-3-36-7-2649),Р-107-3-36-7-2649,Р107,3-36,7,2649,opys-explicit
566992c3-5c9e-4938-a7cf-2c50250db817,ЦДНТА-(Р-107-3-36-7-2663+++Р-107-3-36-7-2663+++Р-107-3-36-7-2663),Р-107-3-36-7-2663,Р107,3-36,7,2663,opys-explicit
6b678196-d60f-44f2-b932-a251b034c15e,ЦДНТА-(Р-107-3-36-7-2673+++Р-107-3-36-7-2673+++Р-107-3-36-7-2673),Р-107-3-36-7-2673,Р107,3-36,7,2673,opys-explicit
b34368b3-f4ce-4827-a11a-e3a30ef0fe28,ЦДНТА-(Р-107-3-36-7-2692+++Р-107-3-36-7-2692+++Р-107-3-36-7-2692),Р-107-3-36-7-2692,Р107,3-36,7,2692,opys-explicit
9b6697b0-a9ef-4eb5-a168-58b247519709,ЦДНТА-(Р-107-3-36-7-2702+++Р-107-3-36-7-2702+++Р-107-3-36-7-2702),Р-107-3-36-7-2702,Р107,3-36,7,2702,opys-explicit
e02de3d2-f401-404f-be32-ccb53b61ee6f,ЦДНТА-(Р-107-3-36-6-2329+++Р-107-3-36-6-2329+++Р-107-3-36-6-2329),Р-107-3-36-6-2329,Р107,3-36,6,2329,opys-explicit
37f5e0c6-72aa-490c-8a91-b5e51273b7a8,ЦДНТА-(Р-107-3-36-6-2327+++Р-107-3-36-6-2327+++Р-107-3-36-6-2327),Р-107-3-36-6-2327,Р107,3-36,6,2327,opys-explicit
9e1ee1df-c9ad-4f2e-8b32-cc99b463b970,ЦДНТА-(Р-107-3-36-6-2319+++Р-107-3-36-6-2319+++Р-107-3-36-6-2319),Р-107-3-36-6-2319,Р107,3-36,6,2319,opys-explicit
2c8450d0-121c-4fdd-b6d4-e856c34e21cb,ЦДНТА-(Р-107-3-36-6-2339+++Р-107-3-36-6-2339+++Р-107-3-36-6-2339),Р-107-3-36-6-2339,Р107,3-36,6,2339,opys-explicit
33f782c8-4aa2-4a75-bdbf-1edd92e5066f,ЦДНТА-(Р-107-3-36-6-2331+++Р-107-3-36-6-2331+++Р-107-3-36-6-2331),Р-107-3-36-6-2331,Р107,3-36,6,2331,opys-explicit
3c3d736e-33e9-46ce-a52f-5429a885b023,ЦДНТА-(Р-107-3-36-6-2351+++Р-107-3-36-6-2351+++Р-107-3-36-6-2351),Р-107-3-36-6-2351,Р107,3-36,6,2351,opys-explicit
37f1150f-d1f4-4fdc-a0f6-a1afec0b3aa8,ЦДНТА-(Р-107-3-36-6-2376+++Р-107-3-36-6-2376+++Р-107-3-36-6-2376),Р-107-3-36-6-2376,Р107,3-36,6,2376,opys-explicit
8ab93aed-d88d-4c0f-812c-8a8384e8733a,ЦДНТА-(Р-107-3-36-6-2372+++Р-107-3-36-6-2372+++Р-107-3-36-6-2372),Р-107-3-36-6-2372,Р107,3-36,6,2372,opys-explicit
884ce15d-485e-4388-9770-932cff991f99,ЦДНТА-(Р-107-3-36-6-2398+++Р-107-3-36-6-2398+++Р-107-3-36-6-2398),Р-107-3-36-6-2398,Р107,3-36,6,2398,opys-explicit
b1870db7-9c2f-4f30-a6ee-f313b5215936,ЦДНТА-(Р-107-3-36-6-2316_+++Р-107-3-36-6-2316_+++Р-107-3-36-6-2316_),Р-107-3-36-6-2316_,Р107,3-36,6,2316,opys-explicit
c2bdf670-a787-4f47-a08c-c34d1989b722,ЦДНТА-(Р-107-3-36-6-2400+++Р-107-3-36-6-2400+++Р-107-3-36-6-2400),Р-107-3-36-6-2400,Р107,3-36,6,2400,opys-explicit
e7945d4c-dcde-4ab6-8b7d-a3ce29ade328,ЦДНТА-(Р-107-3-36-6-2414+++Р-107-3-36-6-2414+++Р-107-3-36-6-2414),Р-107-3-36-6-2414,Р107,3-36,6,2414,opys-explicit
d2e129fd-fed5-474c-abcb-47c59364253a,ЦДНТА-(Р-107-3-36-6-2419+++Р-107-3-36-6-2419+++Р-107-3-36-6-2419),Р-107-3-36-6-2419,Р107,3-36,6,2419,opys-explicit
683d10d7-664f-448d-8ef4-e1a8631f14fd,ЦДНТА-(Р-107-3-36-6-2413+++Р-107-3-36-6-2413+++Р-107-3-36-6-2413),Р-107-3-36-6-2413,Р107,3-36,6,2413,opys-explicit
ec413736-e97e-4677-b7c0-2de9a9ae19a0,ЦДНТА-(Р-107-3-36-6-2441+++Р-107-3-36-6-2441+++Р-107-3-36-6-2441),Р-107-3-36-6-2441,Р107,3-36,6,2441,opys-explicit
2a5f34c3-7c06-41fd-95f5-3303412b7919,ЦДНТА-(Р-107-3-36-6-2439+++Р-107-3-36-6-2439+++Р-107-3-36-6-2439),Р-107-3-36-6-2439,Р107,3-36,6,2439,opys-explicit
7b662afa-897c-4ca1-9b44-d2e024017544,ЦДНТА-(Р-107-3-36-6-2443+++Р-107-3-36-6-2443+++Р-107-3-36-6-2443),Р-107-3-36-6-2443,Р107,3-36,6,2443,opys-explicit
7e2a65e2-970b-4de6-862b-f8315986ab97,ЦДНТА-(Р-107-3-36-7-2464+++Р-107-3-36-7-2464+++Р-107-3-36-7-2464),Р-107-3-36-7-2464,Р107,3-36,7,2464,opys-explicit
214aa3fe-9fb7-468c-bc93-23d02c671735,ЦДНТА-(Р-107-3-36-7-2491+++Р-107-3-36-7-2491+++Р-107-3-36-7-2491),Р-107-3-36-7-2491,Р107,3-36,7,2491,opys-explicit
8933387a-751f-4fad-bbe9-b07475aca762,ЦДНТА-(Р-17-3-9-3-1005+++Р-17-3-9-3-1005+++Р-17-3-9-3-1005),Р-17-3-9-3-1005,Р17,3-9,3,1005,opys-explicit
5d45a193-d607-40e0-af39-67231813d12a,ЦДНТА-(Р-17-3-9-3-1026+++Р-17-3-9-3-1026+++Р-17-3-9-3-1026),Р-17-3-9-3-1026,Р17,3-9,3,1026,opys-explicit
9433cc92-a79a-4aa2-91e2-82e6c695c1ef,ЦДНТА-(Р-17-3-9-3-1020+++Р-17-3-9-3-1020+++Р-17-3-9-3-1020),Р-17-3-9-3-1020,Р17,3-9,3,1020,opys-explicit
16308e30-50dd-43f9-b54e-a100f1e39886,ЦДНТА-(Р-17-3-9-3-1042+++Р-17-3-9-3-1042+++Р-17-3-9-3-1042),Р-17-3-9-3-1042,Р17,3-9,3,1042,opys-explicit
dec3fb5b-7892-4445-93bc-b2382986f52e,ЦДНТА-(Р-17-3-9-3-1042a+++Р-17-3-9-3-1042a+++Р-17-3-9-3-1042a),Р-17-3-9-3-1042А,Р17,3-9,3,1042А,opys-explicit
a853c8c9-84cb-40c0-9fa0-5907cb953441,ЦДНТА-(Р-17-3-9-3-1050+++Р-17-3-9-3-1050+++Р-17-3-9-3-1050),Р-17-3-9-3-1050,Р17,3-9,3,1050,opys-explicit
ffa25e69-f8f6-48ea-8f3d-9c349e643309,ЦДНТА-(Р-17-3-9-3-1055+++Р-17-3-9-3-1055+++Р-17-3-9-3-1055),Р-17-3-9-3-1055,Р17,3-9,3,1055,opys-explicit
21014495-3d01-4e14-8530-948a028256bb,ЦДНТА-(Р-17-3-9-3-1056+++Р-17-3-9-3-1056+++Р-17-3-9-3-1056),Р-17-3-9-3-1056,Р17,3-9,3,1056,opys-explicit
72b43668-59b9-483a-b567-3f748731d870,ЦДНТА-(Р-17-3-9-3-1057+++Р-17-3-9-3-1057+++Р-17-3-9-3-1057),Р-17-3-9-3-1057,Р17,3-9,3,1057,opys-explicit
1427d123-da18-4ce6-a5d4-5f4ca86a908b,ЦДНТА-(Р-17-3-9-3-1066+++Р-17-3-9-3-1066+++Р-17-3-9-3-1066),Р-17-3-9-3-1066,Р17,3-9,3,1066,opys-explicit
328dfa4f-63d2-4e48-8b03-67ea6f8201ef,ЦДНТА-(Р-17-3-9-2-828+++Р-17-3-9-2-828+++Р-17-3-9-2-828),Р-17-3-9-2-828,Р17,3-9,2,828,opys-explicit
a52a4f56-71fd-40de-9f20-9fef604a3b67,ЦДНТА-(Р-17-3-9-2-826+++Р-17-3-9-2-826+++Р-17-3-9-2-826),Р-17-3-9-2-826,Р17,3-9,2,826,opys-explicit
3f9feccc-7979-4327-8451-2b91ca2eebf2,ЦДНТА-(Р-17-3-9-3-1076+++Р-17-3-9-3-1076+++Р-17-3-9-3-1076),Р-17-3-9-3-1076,Р17,3-9,3,1076,opys-explicit
5d03785d-eaf7-418e-9f7c-a336ca6b92b5,ЦДНТА-(Р-17-3-9-2-841+++Р-17-3-9-2-841+++Р-17-3-9-2-841),Р-17-3-9-2-841,Р17,3-9,2,841,opys-explicit
cb0b912b-9c9e-42ca-8efa-9420b09c4337,ЦДНТА-(Р-17-3-9-3-1083+++Р-17-3-9-3-1083+++Р-17-3-9-3-1083),Р-17-3-9-3-1083,Р17,3-9,3,1083,opys-explicit
29cd86a4-dae4-4a93-87b6-d1d4374e2f1e,ЦДНТА-(Р-17-3-9-3-1096+++Р-17-3-9-3-1096+++Р-17-3-9-3-1096),Р-17-3-9-3-1096,Р17,3-9,3,1096,opys-explicit
a0de07a4-74f2-407c-8fbe-0a8b76b264e9,ЦДНТА-(Р-17-3-9-3-1098+++Р-17-3-9-3-1098+++Р-17-3-9-3-1098),Р-17-3-9-3-1098,Р17,3-9,3,1098,opys-explicit
55f46e3e-10eb-46ef-8ddf-a5788fdd7afa,ЦДНТА-(Р-17-3-9-3-1092+++Р-17-3-9-3-1092+++Р-17-3-9-3-1092),Р-17-3-9-3-1092,Р17,3-9,3,1092,opys-explicit
5cabd1e3-c313-4231-8ccb-f3de387e09b9,ЦДНТА-(Р-17-3-9-3-1090+++Р-17-3-9-3-1090+++Р-17-3-9-3-1090),Р-17-3-9-3-1090,Р17,3-9,3,1090,opys-explicit
e968ab76-a825-47a6-be36-81c147a8d585,ЦДНТА-(Р-17-3-9-3-1120+++Р-17-3-9-3-1120+++Р-17-3-9-3-1120),Р-17-3-9-3-1120,Р17,3-9,3,1120,opys-explicit
3706c351-942c-47b2-8a3f-9708282d6eea,ЦДНТА-(Р-17-3-9-2-861+++Р-17-3-9-2-861+++Р-17-3-9-2-861),Р-17-3-9-2-861,Р17,3-9,2,861,opys-explicit
837a885a-ec13-472f-9ce2-b028b8cc7cbc,ЦДНТА-(Р-17-3-9-3-1123+++Р-17-3-9-3-1123+++Р-17-3-9-3-1123),Р-17-3-9-3-1123,Р17,3-9,3,1123,opys-explicit
dabf9eb4-34a2-47db-846f-910232ce2614,ЦДНТА-(Р-17-3-9-3-1117+++Р-17-3-9-3-1117+++Р-17-3-9-3-1117),Р-17-3-9-3-1117,Р17,3-9,3,1117,opys-explicit
1c76aae4-7a96-431c-a9de-6e4644d4c594,ЦДНТА-(Р-17-3-9-2-866+++Р-17-3-9-2-866+++Р-17-3-9-2-866),Р-17-3-9-2-866,Р17,3-9,2,866,opys-explicit
4d8d0912-b764-4ee3-93df-f2e1cc13a49e,ЦДНТА-(Р-17-3-9-2-874+++Р-17-3-9-2-874+++Р-17-3-9-2-874),Р-17-3-9-2-874,Р17,3-9,2,874,opys-explicit
9d56cce8-2528-4a64-9848-55bd7f71e98f,ЦДНТА-(Р-17-3-9-2-869+++Р-17-3-9-2-869+++Р-17-3-9-2-869),Р-17-3-9-2-869,Р17,3-9,2,869,opys-explicit
06c227db-77a4-4367-ac6d-ac5cbfca7d6e,ЦДНТА-(Р-17-3-9-3-1147a+++Р-17-3-9-3-1147a+++Р-17-3-9-3-1147a),Р-17-3-9-3-1147А,Р17,3-9,3,1147А,opys-explicit
86682b19-0d51-4fc0-8201-fd46ef12529c,ЦДНТА-(Р-17-3-9-3-1150+++Р-17-3-9-3-1150+++Р-17-3-9-3-1150),Р-17-3-9-3-1150,Р17,3-9,3,1150,opys-explicit
b996bbd5-a9fa-4212-b94b-a88e6bad2d19,ЦДНТА-(Р-17-3-9-3-909+++Р-17-3-9-3-909+++Р-17-3-9-3-909),Р-17-3-9-3-909,Р17,3-9,3,909,opys-explicit
f6ae5e2c-81a1-4a16-9fc5-fdfc05a36176,ЦДНТА-(Р-17-3-9-3-911+++Р-17-3-9-3-911+++Р-17-3-9-3-911),Р-17-3-9-3-911,Р17,3-9,3,911,opys-explicit
11392cf0-35fa-4e56-bbd4-d09fdc2a6560,ЦДНТА-(Р-107-3-36-7-2488+++Р-107-3-36-7-2488+++Р-107-3-36-7-2488),Р-107-3-36-7-2488,Р107,3-36,7,2488,opys-explicit
e08a1ba1-9f18-45b7-8cfc-cc81791eecd9,ЦДНТА-(Р-107-3-36-7-2484+++Р-107-3-36-7-2484+++Р-107-3-36-7-2484),Р-107-3-36-7-2484,Р107,3-36,7,2484,opys-explicit
ba8ec0e1-e841-4f14-ad14-9f447ea39ad7,ЦДНТА-(Р-107-3-36-7-2504+++Р-107-3-36-7-2504+++Р-107-3-36-7-2504),Р-107-3-36-7-2504,Р107,3-36,7,2504,opys-explicit
f53b3589-b4aa-422d-92e5-89e86ea45680,ЦДНТА-(Р-107-3-36-7-2546+++Р-107-3-36-7-2546+++Р-107-3-36-7-2546),Р-107-3-36-7-2546,Р107,3-36,7,2546,opys-explicit
529eec06-5b26-4340-8068-39ff646689ed,ЦДНТА-(Р-107-3-36-7-2559+++Р-107-3-36-7-2559+++Р-107-3-36-7-2559),Р-107-3-36-7-2559,Р107,3-36,7,2559,opys-explicit
4ba8c3ff-2234-43e6-bc46-b97c66165ff2,ЦДНТА-(Р-107-3-36-7-2572+++Р-107-3-36-7-2572+++Р-107-3-36-7-2572),Р-107-3-36-7-2572,Р107,3-36,7,2572,opys-explicit
392a8c41-0946-4b4c-8cb5-f2695794c428,ЦДНТА-(Р-107-3-36-7-2564+++Р-107-3-36-7-2564+++Р-107-3-36-7-2564),Р-107-3-36-7-2564,Р107,3-36,7,2564,opys-explicit
5e62f305-a04c-47e2-a746-5bec86906530,ЦДНТА-(Р-107-3-36-7-2592+++Р-107-3-36-7-2592+++Р-107-3-36-7-2592),Р-107-3-36-7-2592,Р107,3-36,7,2592,opys-explicit
b8c1b2ed-7087-4c1d-a89a-8c8ec42b4bf8,ЦДНТА-(Р-107-3-36-7-2595+++Р-107-3-36-7-2595+++Р-107-3-36-7-2595),Р-107-3-36-7-2595,Р107,3-36,7,2595,opys-explicit
a0a26d44-0ca1-4194-b0b3-5837453bd123,ЦДНТА-(Р-107-3-36-7-2590+++Р-107-3-36-7-2590+++Р-107-3-36-7-2590),Р-107-3-36-7-2590,Р107,3-36,7,2590,opys-explicit
418468f2-4e9c-4871-bae5-d1abc094b07a,ЦДНТА-(Р-107-3-36-3-731+++Р-107-3-36-3-731+++Р-107-3-36-3-731),Р-107-3-36-3-731,Р107,3-36,3,731,opys-explicit
7ab4f125-619c-49c1-94dd-47cfc7cc4f92,ЦДНТА-(Р-107-3-36-4-1044+++Р-107-3-36-4-1044+++Р-107-3-36-4-1044),Р-107-3-36-4-1044,Р107,3-36,4,1044,opys-explicit
2110ddc1-e20e-47e6-b5a1-946226badef2,ЦДНТА-(Р-107-3-36-4-1065+++Р-107-3-36-4-1065+++Р-107-3-36-4-1065),Р-107-3-36-4-1065,Р107,3-36,4,1065,opys-explicit
041241f7-cf94-4b70-ac78-032cbc33e920,ЦДНТА-(Р-107-3-36-4-883+++Р-107-3-36-4-883+++Р-107-3-36-4-883),Р-107-3-36-4-883,Р107,3-36,4,883,opys-explicit
4ef24897-39ba-4ad0-aa2d-d79e117da03e,ЦДНТА-(Р-107-3-36-4-1072+++Р-107-3-36-4-1072+++Р-107-3-36-4-1072),Р-107-3-36-4-1072,Р107,3-36,4,1072,opys-explicit
4cdd5872-41b9-4960-9f40-0e74385c1d20,ЦДНТА-(Р-107-3-36-4-900+++Р-107-3-36-4-900+++Р-107-3-36-4-900),Р-107-3-36-4-900,Р107,3-36,4,900,opys-explicit
2fd20723-733c-46a1-8c24-c5b060a4050f,ЦДНТА-(Р-107-3-36-4-1096+++Р-107-3-36-4-1096+++Р-107-3-36-4-1096),Р-107-3-36-4-1096,Р107,3-36,4,1096,opys-explicit
db20734a-1224-4dbf-a8a6-07aa6447257e,ЦДНТА-(Р-107-3-36-4-1097+++Р-107-3-36-4-1097+++Р-107-3-36-4-1097),Р-107-3-36-4-1097,Р107,3-36,4,1097,opys-explicit
daa20278-bfb1-4cf1-9728-6276934986b2,ЦДНТА-(Р-107-3-36-4-896+++Р-107-3-36-4-896+++Р-107-3-36-4-896),Р-107-3-36-4-896,Р107,3-36,4,896,opys-explicit
e4b51b4f-0a44-4757-a7bd-3b386cea5c81,ЦДНТА-(Р-17-3-9-4-1296+++Р-17-3-9-4-1296+++Р-17-3-9-4-1296),Р-17-3-9-4-1296,Р17,3-9,4,1296,opys-explicit
7632d87c-3ca6-4743-95b5-e0631421ff6f,ЦДНТА-(Р-17-3-9-4-1342+++Р-17-3-9-4-1342+++Р-17-3-9-4-1342),Р-17-3-9-4-1342,Р17,3-9,4,1342,opys-explicit
02d5c11b-41ad-415d-801d-ab93876fd324,ЦДНТА-(Р-17-3-9-4-1337+++Р-17-3-9-4-1337+++Р-17-3-9-4-1337),Р-17-3-9-4-1337,Р17,3-9,4,1337,opys-explicit
7755f0e5-c6e5-4367-a6df-88d822c580de,ЦДНТА-(Р-17-3-9-4-1340+++Р-17-3-9-4-1340+++Р-17-3-9-4-1340),Р-17-3-9-4-1340,Р17,3-9,4,1340,opys-explicit
86a6c8eb-b8b8-4255-a20d-0ed17b43e34f,ЦДНТА-(Р-17-3-9-4-1367+++Р-17-3-9-4-1367+++Р-17-3-9-4-1367),Р-17-3-9-4-1367,Р17,3-9,4,1367,opys-explicit
53a7d728-b287-42fe-b63c-1fce7d5e09b8,ЦДНТА-(Р-17-3-9-4-1377+++Р-17-3-9-4-1377+++Р-17-3-9-4-1377),Р-17-3-9-4-1377,Р17,3-9,4,1377,opys-explicit
d7a27e6b-9d01-4716-b4dd-b311f0cb0141,ЦДНТА-(Р-17-3-9-4-1364+++Р-17-3-9-4-1364+++Р-17-3-9-4-1364),Р-17-3-9-4-1364,Р17,3-9,4,1364,opys-explicit
ac05e6cf-bce0-48de-bae2-1cb5fce6dbd4,ЦДНТА-(Р-17-3-9-3-1158+++Р-17-3-9-3-1158+++Р-17-3-9-3-1158),Р-17-3-9-3-1158,Р17,3-9,3,1158,opys-explicit
b8a22566-3b6e-4a16-9856-bd14ff6266d5,ЦДНТА-(Р-17-3-9-3-1161+++Р-17-3-9-3-1161+++Р-17-3-9-3-1161),Р-17-3-9-3-1161,Р17,3-9,3,1161,opys-explicit
3d6fdb0f-bb48-44ee-8001-a0555ecf50d5,ЦДНТА-(Р-17-3-9-3-916+++Р-17-3-9-3-916+++Р-17-3-9-3-916),Р-17-3-9-3-916,Р17,3-9,3,916,opys-explicit
b284df71-63b2-42b8-90c6-fb767623919d,ЦДНТА-(Р-17-3-9-3-917+++Р-17-3-9-3-917+++Р-17-3-9-3-917),Р-17-3-9-3-917,Р17,3-9,3,917,opys-explicit
d5036856-e7a3-42f4-b324-3088c74f5633,ЦДНТА-(Р-107-3-36-4-1298+++Р-107-3-36-4-1298+++Р-107-3-36-4-1298),Р-107-3-36-4-1298,Р107,3-36,4,1298,opys-explicit
6514a8db-c595-4a80-a94f-bad700a8c5b2,ЦДНТА-(Р-107-3-36-4-1294+++Р-107-3-36-4-1294+++Р-107-3-36-4-1294),Р-107-3-36-4-1294,Р107,3-36,4,1294,opys-explicit
e5ed3a97-3c40-4cbf-9244-aaa0f470d8e6,ЦДНТА-(Р-107-3-36-4-1312+++Р-107-3-36-4-1312+++Р-107-3-36-4-1312),Р-107-3-36-4-1312,Р107,3-36,4,1312,opys-explicit
a90ebc1c-c689-4ed0-a0d7-8a6cb8b906d7,ЦДНТА-(Р-107-3-36-5-1586+++Р-107-3-36-5-1586+++Р-107-3-36-5-1586),Р-107-3-36-5-1586,Р107,3-36,5,1586,opys-explicit
4806cb29-4aab-4128-9843-5c0dd54d7fa7,ЦДНТА-(Р-107-3-36-4-1363+++Р-107-3-36-4-1363+++Р-107-3-36-4-1363),Р-107-3-36-4-1363,Р107,3-36,4,1363,opys-explicit
a4b834d1-92dc-4463-85d9-3b7bca5bc73e,ЦДНТА-(Р-107-3-36-4-1358+++Р-107-3-36-4-1358+++Р-107-3-36-4-1358),Р-107-3-36-4-1358,Р107,3-36,4,1358,opys-explicit
4c3d0bf0-b852-4b95-939c-2cbe460b536e,ЦДНТА-(Р-107-3-36-5-1643+++Р-107-3-36-5-1643+++Р-107-3-36-5-1643),Р-107-3-36-5-1643,Р107,3-36,5,1643,opys-explicit
97f84877-e306-4ecc-8851-3dbc4d00e579,ЦДНТА-(Р-107-3-36-5-1651+++Р-107-3-36-5-1651+++Р-107-3-36-5-1651),Р-107-3-36-5-1651,Р107,3-36,5,1651,opys-explicit
baa540cc-5c82-460c-b63c-271384f0a2ec,ЦДНТА-(Р-107-3-36-5-1667+++Р-107-3-36-5-1667+++Р-107-3-36-5-1667),Р-107-3-36-5-1667,Р107,3-36,5,1667,opys-explicit
b787e341-d4be-4618-a116-74af030f150b,ЦДНТА-(Р-107-3-36-5-1677+++Р-107-3-36-5-1677+++Р-107-3-36-5-1677),Р-107-3-36-5-1677,Р107,3-36,5,1677,opys-explicit
c98417e4-9745-4ef8-8ad5-bc3cedb4beee,ЦДНТА-(Р-107-3-36-5-1674+++Р-107-3-36-5-1674+++Р-107-3-36-5-1674),Р-107-3-36-5-1674,Р107,3-36,5,1674,opys-explicit
d11ddc94-a66a-4136-864e-815868269799,ЦДНТА-(Р-107-3-36-4-1395+++Р-107-3-36-4-1395+++Р-107-3-36-4-1395),Р-107-3-36-4-1395,Р107,3-36,4,1395,opys-explicit
8b08e0b7-e3f0-446e-a574-468efbe9b6ab,ЦДНТА-(Р-107-3-36-4-1411+++Р-107-3-36-4-1411+++Р-107-3-36-4-1411),Р-107-3-36-4-1411,Р107,3-36,4,1411,opys-explicit
cdc5ddf2-1908-4701-84f0-9fac09f98ad9,ЦДНТА-(Р-107-3-36-4-1408+++Р-107-3-36-4-1408+++Р-107-3-36-4-1408),Р-107-3-36-4-1408,Р107,3-36,4,1408,opys-explicit
52bed31c-b0fa-4b5a-8682-50c1fb8753ba,ЦДНТА-(Р-107-3-36-4-1397+++Р-107-3-36-4-1397+++Р-107-3-36-4-1397),Р-107-3-36-4-1397,Р107,3-36,4,1397,opys-explicit
38b0cb68-a1f1-416b-be20-4106b97ba108,ЦДНТА-(Р-107-3-36-4-1415+++Р-107-3-36-4-1415+++Р-107-3-36-4-1415),Р-107-3-36-4-1415,Р107,3-36,4,1415,opys-explicit
d1cfcef6-0754-4757-a725-964226b5837f,ЦДНТА-(Р-107-3-36-5-1514+++Р-107-3-36-5-1514+++Р-107-3-36-5-1514),Р-107-3-36-5-1514,Р107,3-36,5,1514,opys-explicit
bf587dc1-5ca3-4b3e-9e49-7a9460ea1771,ЦДНТА-(Р-107-3-36-5-1504+++Р-107-3-36-5-1504+++Р-107-3-36-5-1504),Р-107-3-36-5-1504,Р107,3-36,5,1504,opys-explicit
c7faee00-852f-4147-8baa-f80b3f8aff12,ЦДНТА-(Р-107-3-36-5-1656+++Р-107-3-36-5-1656+++Р-107-3-36-5-1656),Р-107-3-36-5-1656,Р107,3-36,5,1656,opys-explicit
de7a9f38-2dc4-4a8e-9004-7d2b18d2d949,ЦДНТА-(Р-107-3-36-5-1641+++Р-107-3-36-5-1641+++Р-107-3-36-5-1641),Р-107-3-36-5-1641,Р107,3-36,5,1641,opys-explicit
4c5ae93d-fab7-45c6-ad3c-f0363eafd742,ЦДНТА-(Р-107-3-36-5-1663+++Р-107-3-36-5-1663+++Р-107-3-36-5-1663),Р-107-3-36-5-1663,Р107,3-36,5,1663,opys-explicit
6a8cd2f3-c35d-4f98-b556-f24213ea085b,ЦДНТА-(Р-107-3-36-5-1457+++Р-107-3-36-5-1457+++Р-107-3-36-5-1457),Р-107-3-36-5-1457,Р107,3-36,5,1457,opys-explicit
5aa606f7-94f9-49f8-be5f-d893d7016469,ЦДНТА-(Р-107-3-36-4-1449+++Р-107-3-36-4-1449+++Р-107-3-36-4-1449),Р-107-3-36-4-1449,Р107,3-36,4,1449,opys-explicit
ef3e9bb6-fcaa-4e2d-b205-32aa323c9aed,ЦДНТА-(Р-107-3-36-5-1479+++Р-107-3-36-5-1479+++Р-107-3-36-5-1479),Р-107-3-36-5-1479,Р107,3-36,5,1479,opys-explicit
6c54bf7d-e146-42fe-a15d-ba1692679ff4,ЦДНТА-(Р-107-3-36-5-1482+++Р-107-3-36-5-1482+++Р-107-3-36-5-1482),Р-107-3-36-5-1482,Р107,3-36,5,1482,opys-explicit
ac808765-4d45-4725-96c1-bdcfeedd079a,ЦДНТА-(Р-107-3-36-5-1484+++Р-107-3-36-5-1484+++Р-107-3-36-5-1484),Р-107-3-36-5-1484,Р107,3-36,5,1484,opys-explicit
3a66a084-cdeb-4a4f-b51c-2f86f9bb5244,ЦДНТА-(Р-107-3-36-4-1182+++Р-107-3-36-4-1182+++Р-107-3-36-4-1182),Р-107-3-36-4-1182,Р107,3-36,4,1182,opys-explicit
48a36875-7572-4ad4-8ca3-892d2618bcef,ЦДНТА-(Р-107-3-36-5-1501+++Р-107-3-36-5-1501+++Р-107-3-36-5-1501),Р-107-3-36-5-1501,Р107,3-36,5,1501,opys-explicit
f6c5cd11-b079-4174-81ef-d3df83d7a12a,ЦДНТА-(Р-107-3-36-5-1509+++Р-107-3-36-5-1509+++Р-107-3-36-5-1509),Р-107-3-36-5-1509,Р107,3-36,5,1509,opys-explicit
37e36dd0-6f24-42d8-8274-6f4f064252c5,ЦДНТА-(Р-107-3-36-4-1223+++Р-107-3-36-4-1223+++Р-107-3-36-4-1223),Р-107-3-36-4-1223,Р107,3-36,4,1223,opys-explicit
af0596a5-9e00-4f8f-bc1d-894de93e6669,ЦДНТА-(Р-107-3-36-4-1230+++Р-107-3-36-4-1230+++Р-107-3-36-4-1230),Р-107-3-36-4-1230,Р107,3-36,4,1230,opys-explicit
63ea4f64-5e48-464b-9c19-99151cf0e3c3,ЦДНТА-(Р-107-3-36-5-1545+++Р-107-3-36-5-1545+++Р-107-3-36-5-1545),Р-107-3-36-5-1545,Р107,3-36,5,1545,opys-explicit
413a7f4e-f221-4212-ba3a-4d7b68f60f73,ЦДНТА-(Р-107-3-36-5-1544+++Р-107-3-36-5-1544+++Р-107-3-36-5-1544),Р-107-3-36-5-1544,Р107,3-36,5,1544,opys-explicit
680010cc-672c-4568-9c40-33a0cbd76e1c,ЦДНТА-(Р-107-3-36-4-1262+++Р-107-3-36-4-1262+++Р-107-3-36-4-1262),Р-107-3-36-4-1262,Р107,3-36,4,1262,opys-explicit
79e94406-c9b4-4d10-af3f-fcfbac2f7681,ЦДНТА-(Р-107-3-36-5-1542+++Р-107-3-36-5-1542+++Р-107-3-36-5-1542),Р-107-3-36-5-1542,Р107,3-36,5,1542,opys-explicit
6c6a2963-f360-408d-bf09-afee37bae758,ЦДНТА-(Р-107-3-36-5-1570+++Р-107-3-36-5-1570+++Р-107-3-36-5-1570),Р-107-3-36-5-1570,Р107,3-36,5,1570,opys-explicit
546613f8-17cc-4f95-9bc3-25eb9fa0fbaa,ЦДНТА-(Р-107-3-36-5-1554+++Р-107-3-36-5-1554+++Р-107-3-36-5-1554),Р-107-3-36-5-1554,Р107,3-36,5,1554,opys-explicit
bb5b8837-06dd-4c7d-8303-e8cdcdae3396,ЦДНТА-(Р-107-3-36-4-1284+++Р-107-3-36-4-1284+++Р-107-3-36-4-1284),Р-107-3-36-4-1284,Р107,3-36,4,1284,opys-explicit
adff7c4d-5c16-420d-b333-9e7736f945f7,ЦДНТА-(Р-107-3-36-5-1553+++Р-107-3-36-5-1553+++Р-107-3-36-5-1553),Р-107-3-36-5-1553,Р107,3-36,5,1553,opys-explicit
836a2fca-dcdf-4a12-8ee1-bec1c68681ee,ЦДНТА-(Р-107-3-36-4-1288+++Р-107-3-36-4-1288+++Р-107-3-36-4-1288),Р-107-3-36-4-1288,Р107,3-36,4,1288,opys-explicit
72b67608-1235-407c-b090-6fc1d748cec1,ЦДНТА-(Р-107-3-36-4-1305+++Р-107-3-36-4-1305+++Р-107-3-36-4-1305),Р-107-3-36-4-1305,Р107,3-36,4,1305,opys-explicit
d25971e7-5911-44c9-91c8-f114e73ec341,ЦДНТА-(Р-107-3-36-5-1557+++Р-107-3-36-5-1557+++Р-107-3-36-5-1557),Р-107-3-36-5-1557,Р107,3-36,5,1557,opys-explicit
cc61ef78-39a6-46cf-a75e-e2544a860880,ЦДНТА-(Р-107-3-36-5-1559+++Р-107-3-36-5-1559+++Р-107-3-36-5-1559),Р-107-3-36-5-1559,Р107,3-36,5,1559,opys-explicit
6c024fc1-0cff-4f62-8a12-7356f3af6ab1,ЦДНТА-(Р-107-3-36-5-1555+++Р-107-3-36-5-1555+++Р-107-3-36-5-1555),Р-107-3-36-5-1555,Р107,3-36,5,1555,opys-explicit
5d4fd54d-5eff-4e78-9e50-da76556b0e03,ЦДНТА-(Р-107-3-36-4-1300+++Р-107-3-36-4-1300+++Р-107-3-36-4-1300),Р-107-3-36-4-1300,Р107,3-36,4,1300,opys-explicit
18818630-822c-4889-ac32-5e21b6181364,ЦДНТА-(Р-107-3-36-4-1304+++Р-107-3-36-4-1304+++Р-107-3-36-4-1304),Р-107-3-36-4-1304,Р107,3-36,4,1304,opys-explicit
b93f7de6-02e3-4afc-bcb5-d67ea15118bb,ЦДНТА-(Р-107-3-36-4-1301+++Р-107-3-36-4-1301+++Р-107-3-36-4-1301),Р-107-3-36-4-1301,Р107,3-36,4,1301,opys-explicit
0f583bff-a8ed-44f6-a210-e62514eb3540,ЦДНТА-(Р-107-3-36-5-1585+++Р-107-3-36-5-1585+++Р-107-3-36-5-1585),Р-107-3-36-5-1585,Р107,3-36,5,1585,opys-explicit
a0993ce0-d18e-4549-83ce-668ecdfd5b31,ЦДНТА-(Р-107-3-36-4-1320+++Р-107-3-36-4-1320+++Р-107-3-36-4-1320),Р-107-3-36-4-1320,Р107,3-36,4,1320,opys-explicit
0d0c94c6-b797-413f-8fad-1c3a4d3b0681,ЦДНТА-(Р-107-3-36-4-1307+++Р-107-3-36-4-1307+++Р-107-3-36-4-1307),Р-107-3-36-4-1307,Р107,3-36,4,1307,opys-explicit
528c60d1-cd7a-4a3f-bec5-bc33c14f75f9,ЦДНТА-(Р-107-3-36-5-1590+++Р-107-3-36-5-1590+++Р-107-3-36-5-1590),Р-107-3-36-5-1590,Р107,3-36,5,1590,opys-explicit
00cabbaa-5833-48e9-a1b5-4d187f01f455,ЦДНТА-(Р-107-3-36-5-1594+++Р-107-3-36-5-1594+++Р-107-3-36-5-1594),Р-107-3-36-5-1594,Р107,3-36,5,1594,opys-explicit
577dc109-e0ea-4862-b7ce-b12ddf11535b,ЦДНТА-(Р-107-3-36-4-1334+++Р-107-3-36-4-1334+++Р-107-3-36-4-1334),Р-107-3-36-4-1334,Р107,3-36,4,1334,opys-explicit
472a70ff-d8b0-4ea8-a804-9ef4091c5bfb,ЦДНТА-(Р-107-3-36-4-1333+++Р-107-3-36-4-1333+++Р-107-3-36-4-1333),Р-107-3-36-4-1333,Р107,3-36,4,1333,opys-explicit
ba4cf0aa-1b0d-495b-b913-a8fc22b1660a,ЦДНТА-(Р-107-3-36-5-1627+++Р-107-3-36-5-1627+++Р-107-3-36-5-1627),Р-107-3-36-5-1627,Р107,3-36,5,1627,opys-explicit
38a41613-687e-4a54-b21d-e349c4793a86,ЦДНТА-(Р-107-3-36-4-1196+++Р-107-3-36-4-1196+++Р-107-3-36-4-1196),Р-107-3-36-4-1196,Р107,3-36,4,1196,opys-explicit
04b501e6-791c-4196-a7c7-ad14d66a7c0c,ЦДНТА-(Р-107-3-36-4-1375+++Р-107-3-36-4-1375+++Р-107-3-36-4-1375),Р-107-3-36-4-1375,Р107,3-36,4,1375,opys-explicit
6faae28e-808c-4cb0-b63a-5bc1abcacc1d,ЦДНТА-(Р-107-3-36-5-1637+++Р-107-3-36-5-1637+++Р-107-3-36-5-1637),Р-107-3-36-5-1637,Р107,3-36,5,1637,opys-explicit
39bbb6e9-8abb-4a21-a122-8f239ab18f44,ЦДНТА-(Р-107-3-36-4-1373+++Р-107-3-36-4-1373+++Р-107-3-36-4-1373),Р-107-3-36-4-1373,Р107,3-36,4,1373,opys-explicit
fab26a2a-7f0a-4fa8-8e42-bbe6cb9b8f19,ЦДНТА-(Р-107-3-36-5-1655+++Р-107-3-36-5-1655+++Р-107-3-36-5-1655),Р-107-3-36-5-1655,Р107,3-36,5,1655,opys-explicit
f0fe9720-330e-45cb-8730-2f40dbd86c32,ЦДНТА-(Р-107-3-36-5-1653+++Р-107-3-36-5-1653+++Р-107-3-36-5-1653),Р-107-3-36-5-1653,Р107,3-36,5,1653,opys-explicit
b4d146ef-9180-4298-938c-846964df91d1,ЦДНТА-(Р-107-3-36-4-1391+++Р-107-3-36-4-1391+++Р-107-3-36-4-1391),Р-107-3-36-4-1391,Р107,3-36,4,1391,opys-explicit
ba00acaf-e85f-40e8-8da0-cba0cffc81fd,ЦДНТА-(Р-107-3-36-4-1409+++Р-107-3-36-4-1409+++Р-107-3-36-4-1409),Р-107-3-36-4-1409,Р107,3-36,4,1409,opys-explicit
ff9a2df8-e03d-4f70-8d6f-d39e49386ebf,ЦДНТА-(Р-107-3-36-4-1428+++Р-107-3-36-4-1428+++Р-107-3-36-4-1428),Р-107-3-36-4-1428,Р107,3-36,4,1428,opys-explicit
600f26fe-00b6-4f62-af69-69a48a77acaf,ЦДНТА-(Р-107-3-36-4-1438+++Р-107-3-36-4-1438+++Р-107-3-36-4-1438),Р-107-3-36-4-1438,Р107,3-36,4,1438,opys-explicit
7576b560-945d-411a-9bd5-f1acdc444358,ЦДНТА-(Р-107-3-36-4-1452+++Р-107-3-36-4-1452+++Р-107-3-36-4-1452),Р-107-3-36-4-1452,Р107,3-36,4,1452,opys-explicit
c02283b6-07fa-4798-afee-910b029b5ef0,ЦДНТА-(Р-107-3-36-5-1460+++Р-107-3-36-5-1460+++Р-107-3-36-5-1460),Р-107-3-36-5-1460,Р107,3-36,5,1460,opys-explicit
fa9681df-04fc-425d-999e-81398c2bc527,ЦДНТА-(Р-107-3-36-5-1506+++Р-107-3-36-5-1506+++Р-107-3-36-5-1506),Р-107-3-36-5-1506,Р107,3-36,5,1506,opys-explicit
4a11f6fa-f90c-486d-8d8c-ef151f85923b,ЦДНТА-(Р-107-3-36-5-1528+++Р-107-3-36-5-1528+++Р-107-3-36-5-1528),Р-107-3-36-5-1528,Р107,3-36,5,1528,opys-explicit
7f4f99d7-7d43-4a07-a7b8-ea0091c89a24,ЦДНТА-(Р-107-3-36-5-1533+++Р-107-3-36-5-1533+++Р-107-3-36-5-1533),Р-107-3-36-5-1533,Р107,3-36,5,1533,opys-explicit
b48305ea-e7c1-4c2e-bbb5-3cfa66a9d3ac,ЦДНТА-(Р-107-3-36-5-1536+++Р-107-3-36-5-1536+++Р-107-3-36-5-1536),Р-107-3-36-5-1536,Р107,3-36,5,1536,opys-explicit
4cd8fd98-fa5f-48cb-8ae6-5fa2bae6325d,ЦДНТА-(Р-107-3-36-5-1567+++Р-107-3-36-5-1567+++Р-107-3-36-5-1567),Р-107-3-36-5-1567,Р107,3-36,5,1567,opys-explicit
e626c964-9f27-4c8c-8aa3-649a043e62e9,ЦДНТА-(Р-107-3-36-5-1588+++Р-107-3-36-5-1588+++Р-107-3-36-5-1588),Р-107-3-36-5-1588,Р107,3-36,5,1588,opys-explicit
ad9a4f38-8faf-4342-b36d-108362ef9fa5,ЦДНТА-(Р-107-3-36-5-1576+++Р-107-3-36-5-1576+++Р-107-3-36-5-1576),Р-107-3-36-5-1576,Р107,3-36,5,1576,opys-explicit
7174644c-82aa-463b-8a90-3699a80a275c,ЦДНТА-(Р-107-3-36-5-1603+++Р-107-3-36-5-1603+++Р-107-3-36-5-1603),Р-107-3-36-5-1603,Р107,3-36,5,1603,opys-explicit
ba92b623-0044-43b9-88fc-e4eedad2e09f,ЦДНТА-(Р-107-3-36-5-1623+++Р-107-3-36-5-1623+++Р-107-3-36-5-1623),Р-107-3-36-5-1623,Р107,3-36,5,1623,opys-explicit
02d605dd-b130-47ea-8e14-5dcafc51f861,ЦДНТА-(Р-107-3-36-5-1618+++Р-107-3-36-5-1618+++Р-107-3-36-5-1618),Р-107-3-36-5-1618,Р107,3-36,5,1618,opys-explicit
f235a6eb-2121-4cec-99e0-3f05341c7e66,ЦДНТА-(Р-107-3-36-5-1670+++Р-107-3-36-5-1670+++Р-107-3-36-5-1670),Р-107-3-36-5-1670,Р107,3-36,5,1670,opys-explicit
21c1ed6d-849a-45e0-a1aa-41b4cae800ff,ЦДНТА-(Р-107-3-36-5-1473+++Р-107-3-36-5-1473+++Р-107-3-36-5-1473),Р-107-3-36-5-1473,Р107,3-36,5,1473,opys-explicit
075f500b-ea90-4deb-bf0c-bbd50c1eef88,ЦДНТА-(Р-107-3-36-5-1489+++Р-107-3-36-5-1489+++Р-107-3-36-5-1489),Р-107-3-36-5-1489,Р107,3-36,5,1489,opys-explicit
63c558be-b4a2-4f8a-86cd-c600f25c0d17,ЦДНТА-(Р-107-3-36-5-1513+++Р-107-3-36-5-1513+++Р-107-3-36-5-1513),Р-107-3-36-5-1513,Р107,3-36,5,1513,opys-explicit
0b8e613c-5cb8-40ab-89dd-250a4f0c3153,ЦДНТА-(Р-107-3-36-4-1229+++Р-107-3-36-4-1229+++Р-107-3-36-4-1229),Р-107-3-36-4-1229,Р107,3-36,4,1229,opys-explicit
094a1fd4-0b96-4f52-8842-f1bf88782f3f,ЦДНТА-(Р-107-3-36-4-1210+++Р-107-3-36-4-1210+++Р-107-3-36-4-1210),Р-107-3-36-4-1210,Р107,3-36,4,1210,opys-explicit
a1c4a5b6-a7e9-42df-88fd-b2c8fd38fe5c,ЦДНТА-(Р-107-3-36-4-1260+++Р-107-3-36-4-1260+++Р-107-3-36-4-1260),Р-107-3-36-4-1260,Р107,3-36,4,1260,opys-explicit
60fbdaaf-746a-4ba0-b29b-5ae038e80e06,ЦДНТА-(Р-107-3-36-4-1250+++Р-107-3-36-4-1250+++Р-107-3-36-4-1250),Р-107-3-36-4-1250,Р107,3-36,4,1250,opys-explicit
df344ed4-0a3b-43d2-b714-df7b35975713,ЦДНТА-(Р-107-3-36-4-1270+++Р-107-3-36-4-1270+++Р-107-3-36-4-1270),Р-107-3-36-4-1270,Р107,3-36,4,1270,opys-explicit
0ae3b3cc-d0b7-4b0f-9439-2c9d02a60f42,ЦДНТА-(Р-107-3-36-5-1556+++Р-107-3-36-5-1556+++Р-107-3-36-5-1556),Р-107-3-36-5-1556,Р107,3-36,5,1556,opys-explicit
1c145601-1491-4a3d-a401-2b7fd6ecd45b,ЦДНТА-(Р-107-3-36-4-1295+++Р-107-3-36-4-1295+++Р-107-3-36-4-1295),Р-107-3-36-4-1295,Р107,3-36,4,1295,opys-explicit
3cc98df0-9db3-4eb0-a796-d189609716d3,ЦДНТА-(Р-107-3-36-4-1286+++Р-107-3-36-4-1286+++Р-107-3-36-4-1286),Р-107-3-36-4-1286,Р107,3-36,4,1286,opys-explicit
965ac6b1-6a0d-4889-bacd-2af1d285f90b,ЦДНТА-(Р-107-3-36-5-1572+++Р-107-3-36-5-1572+++Р-107-3-36-5-1572),Р-107-3-36-5-1572,Р107,3-36,5,1572,opys-explicit
bed124b8-9cc6-4a0b-8059-8862b43ac021,ЦДНТА-(Р-107-3-36-5-1587+++Р-107-3-36-5-1587+++Р-107-3-36-5-1587),Р-107-3-36-5-1587,Р107,3-36,5,1587,opys-explicit
7ded20e7-6568-4805-9ada-313f669ed61c,ЦДНТА-(Р-107-3-36-5-1589+++Р-107-3-36-5-1589+++Р-107-3-36-5-1589),Р-107-3-36-5-1589,Р107,3-36,5,1589,opys-explicit
a8e2d60d-ab9a-4c72-a004-ab04b361e079,ЦДНТА-(Р-107-3-36-4-1311+++Р-107-3-36-4-1311+++Р-107-3-36-4-1311),Р-107-3-36-4-1311,Р107,3-36,4,1311,opys-explicit
405be823-f155-4ab5-bea3-2f7707daaca4,ЦДНТА-(Р-107-3-36-5-1583+++Р-107-3-36-5-1583+++Р-107-3-36-5-1583),Р-107-3-36-5-1583,Р107,3-36,5,1583,opys-explicit
80efc0f6-6665-4710-ab02-ea398891b77e,ЦДНТА-(Р-107-3-36-4-1339+++Р-107-3-36-4-1339+++Р-107-3-36-4-1339),Р-107-3-36-4-1339,Р107,3-36,4,1339,opys-explicit
7d758db4-8307-4048-be83-a10ddc892e6b,ЦДНТА-(Р-107-3-36-4-1350+++Р-107-3-36-4-1350+++Р-107-3-36-4-1350),Р-107-3-36-4-1350,Р107,3-36,4,1350,opys-explicit
0f26be22-2507-4ba6-9efe-a43db7944302,ЦДНТА-(Р-107-3-36-5-1599+++Р-107-3-36-5-1599+++Р-107-3-36-5-1599),Р-107-3-36-5-1599,Р107,3-36,5,1599,opys-explicit
b193c424-6b97-443d-9326-865beb6e84a7,ЦДНТА-(Р-107-3-36-5-1598+++Р-107-3-36-5-1598+++Р-107-3-36-5-1598),Р-107-3-36-5-1598,Р107,3-36,5,1598,opys-explicit
bc3bae00-d86b-41d5-a1bd-8d3bafd9ab0a,ЦДНТА-(Р-107-3-36-4-1367+++Р-107-3-36-4-1367+++Р-107-3-36-4-1367),Р-107-3-36-4-1367,Р107,3-36,4,1367,opys-explicit
2030bdab-b36e-4c55-ae20-c9294fe871a8,ЦДНТА-(Р-107-3-36-4-1361+++Р-107-3-36-4-1361+++Р-107-3-36-4-1361),Р-107-3-36-4-1361,Р107,3-36,4,1361,opys-explicit
2a2b68d8-87fe-4ee3-b258-1b21134039ab,ЦДНТА-(Р-107-3-36-4-1353+++Р-107-3-36-4-1353+++Р-107-3-36-4-1353),Р-107-3-36-4-1353,Р107,3-36,4,1353,opys-explicit
863a9eb6-f36d-4888-a41c-4a5a98253480,ЦДНТА-(Р-17-3-9-6-3050+++Р-17-3-9-6-3050+++Р-17-3-9-6-3050),Р-17-3-9-6-3050,Р17,3-9,6,3050,opys-explicit
fdc86c16-9c8f-4253-9cea-ec11bf7d9967,ЦДНТА-(Р-17-3-9-6-3043+++Р-17-3-9-6-3043+++Р-17-3-9-6-3043),Р-17-3-9-6-3043,Р17,3-9,6,3043,opys-explicit
ecfbf0b8-6f96-49f4-8d92-e19220695256,ЦДНТА-(Р-17-3-9-7-3074+++Р-17-3-9-7-3074+++Р-17-3-9-7-3074),Р-17-3-9-7-3074,Р17,3-9,7,3074,opys-explicit+outofrange
a8af3ce6-2b64-42a9-b601-227c065cfaaa,ЦДНТА-(Р-17-3-9-6-3062+++Р-17-3-9-6-3062+++Р-17-3-9-6-3062),Р-17-3-9-6-3062,Р17,3-9,6,3062,opys-explicit
c7d35be9-b627-4b0a-bf8e-f8b5293463c3,ЦДНТА-(Р-17-3-9-7-3081+++Р-17-3-9-7-3081+++Р-17-3-9-7-3081),Р-17-3-9-7-3081,Р17,3-9,7,3081,opys-explicit+outofrange
68587125-99c2-4179-8dbf-9e62ff599a7f,ЦДНТА-(Р-17-3-9-6-3070+++Р-17-3-9-6-3070+++Р-17-3-9-6-3070),Р-17-3-9-6-3070,Р17,3-9,6,3070,opys-explicit
94a5f5bd-667a-4a78-bcd1-37e01139c4e6,ЦДНТА-(Р-17-3-9-6-3069+++Р-17-3-9-6-3069+++Р-17-3-9-6-3069),Р-17-3-9-6-3069,Р17,3-9,6,3069,opys-explicit
5dc3b8ab-5aa9-4abe-8971-880bb37ec9a8,ЦДНТА-(Р-17-3-9-7-3086+++Р-17-3-9-7-3086+++Р-17-3-9-7-3086),Р-17-3-9-7-3086,Р17,3-9,7,3086,opys-explicit+outofrange
0439d10e-5155-489c-baa0-381b65c02db6,ЦДНТА-(Р-17-3-9-5-2852+++Р-17-3-9-5-2852+++Р-17-3-9-5-2852),Р-17-3-9-5-2852,Р17,3-9,5,2852,opys-explicit+outofrange
15986531-16b0-4a4b-8fcd-efe299e26119,ЦДНТА-(Р-78-3-22-1-54+++Р-78-3-22-1-54+++Р-78-3-22-1-54),Р-78-3-22-1-54,Р78,3-22,1Н,54,opys-explicit
b9d3118c-5bbb-4876-8703-51e4ffc0b52c,ЦДНТА-(Р-17-3-9-5-2865+++Р-17-3-9-5-2865+++Р-17-3-9-5-2865),Р-17-3-9-5-2865,Р17,3-9,5,2865,opys-explicit+outofrange
2f675584-4c18-425e-9312-fbc1dafa6f77,ЦДНТА-(Р-78-3-22-1-58+++Р-78-3-22-1-58+++Р-78-3-22-1-58),Р-78-3-22-1-58,Р78,3-22,1Н,58,opys-explicit
c3b59df1-858d-462e-a08b-7b52d51402e5,ЦДНТА-(Р-78-3-22-1-57+++Р-78-3-22-1-57+++Р-78-3-22-1-57),Р-78-3-22-1-57,Р78,3-22,1Н,57,opys-explicit
72fcc142-946a-46d9-895e-c44bc92b8429,ЦДНТА-(Р-17-3-9-5-2886+++Р-17-3-9-5-2886+++Р-17-3-9-5-2886),Р-17-3-9-5-2886,Р17,3-9,5,2886,opys-explicit+outofrange
1b7397c2-2fc3-48b5-b8b7-a507606b0b13,ЦДНТА-(Р-78-3-22-1-86+++Р-78-3-22-1-86+++Р-78-3-22-1-86),Р-78-3-22-1-86,Р78,3-22,1Н,86,opys-explicit
b65c4544-6bbe-4eeb-923e-b1092cc5b0cc,ЦДНТА-(Р-17-3-9-5-2893+++Р-17-3-9-5-2893+++Р-17-3-9-5-2893),Р-17-3-9-5-2893,Р17,3-9,5,2893,opys-explicit+outofrange
7674bbad-6c26-4c5b-a132-8b48a3316dd1,ЦДНТА-(Р-78-3-22-1-69+++Р-78-3-22-1-69+++Р-78-3-22-1-69),Р-78-3-22-1-69,Р78,3-22,1Н,69,opys-explicit
290b2a8f-1e6d-487d-b396-cc1c8263c43f,ЦДНТА-(Р-17-3-9-5-2891+++Р-17-3-9-5-2891+++Р-17-3-9-5-2891),Р-17-3-9-5-2891,Р17,3-9,5,2891,opys-explicit+outofrange
3c409aef-5622-4d30-9fb9-443ec1f2202c,ЦДНТА-(Р-17-3-9-5-2905+++Р-17-3-9-5-2905+++Р-17-3-9-5-2905),Р-17-3-9-5-2905,Р17,3-9,5,2905,opys-explicit+outofrange
b818b992-474a-44e6-87a5-e0a051e85cce,ЦДНТА-(Р-78-3-22-1-87+++Р-78-3-22-1-87+++Р-78-3-22-1-87),Р-78-3-22-1-87,Р78,3-22,1Н,87,opys-explicit
5e3bf7f4-5a1b-43ea-83ba-b46d5215a17a,ЦДНТА-(Р-17-3-9-5-2921+++Р-17-3-9-5-2921+++Р-17-3-9-5-2921),Р-17-3-9-5-2921,Р17,3-9,5,2921,opys-explicit+outofrange
84125b36-ab14-4dbc-b154-3b546de4eff1,ЦДНТА-(Р-17-3-9-6-3034+++Р-17-3-9-6-3034+++Р-17-3-9-6-3034),Р-17-3-9-6-3034,Р17,3-9,6,3034,opys-explicit
073fb029-105b-4aad-9461-8317dc66609c,ЦДНТА-(Р-17-3-9-5-3014+++Р-17-3-9-5-3014+++Р-17-3-9-5-3014),Р-17-3-9-5-3014,Р17,3-9,5,3014,opys-explicit+outofrange
048b7d90-d3ec-4277-8e21-efe558c6fd6b,ЦДНТА-(Р-17-3-9-5-3019+++Р-17-3-9-5-3019+++Р-17-3-9-5-3019),Р-17-3-9-5-3019,Р17,3-9,5,3019,opys-explicit+outofrange
98ff1829-d7dc-4f00-b2ce-5c5b758cc280,ЦДНТА-(Р-17-3-9-5-3017+++Р-17-3-9-5-3017+++Р-17-3-9-5-3017),Р-17-3-9-5-3017,Р17,3-9,5,3017,opys-explicit+outofrange
e709585d-a43b-443c-a689-56abe4de46ac,ЦДНТА-(Р-17-3-9-6-3056+++Р-17-3-9-6-3056+++Р-17-3-9-6-3056),Р-17-3-9-6-3056,Р17,3-9,6,3056,opys-explicit
07eda180-70f2-4e32-add9-5215308d32b1,ЦДНТА-(Р-17-3-9-5-3020+++Р-17-3-9-5-3020+++Р-17-3-9-5-3020),Р-17-3-9-5-3020,Р17,3-9,5,3020,opys-explicit+outofrange
1fd1a2cd-7c2b-47ca-b34d-67355dbe419f,ЦДНТА-(Р-17-3-9-6-3040+++Р-17-3-9-6-3040+++Р-17-3-9-6-3040),Р-17-3-9-6-3040,Р17,3-9,6,3040,opys-explicit
31749969-c260-4a04-8660-1b3d3a38e4ef,ЦДНТА-(Р-17-3-9-6-3055+++Р-17-3-9-6-3055+++Р-17-3-9-6-3055),Р-17-3-9-6-3055,Р17,3-9,6,3055,opys-explicit
2e43f571-e864-4c0d-869b-ad8abc8eb4b2,ЦДНТА-(Р-17-3-9-6-3065+++Р-17-3-9-6-3065+++Р-17-3-9-6-3065),Р-17-3-9-6-3065,Р17,3-9,6,3065,opys-explicit
52d9b627-13d3-44a6-b5f7-0c11753cb3f4,ЦДНТА-(Р-17-3-9-7-3076+++Р-17-3-9-7-3076+++Р-17-3-9-7-3076),Р-17-3-9-7-3076,Р17,3-9,7,3076,opys-explicit+outofrange
a80634a4-ba73-4baf-ab86-34157f9f57a5,ЦДНТА-(Р-17-3-9-6-3067+++Р-17-3-9-6-3067+++Р-17-3-9-6-3067),Р-17-3-9-6-3067,Р17,3-9,6,3067,opys-explicit
9b892c23-4847-44a4-812b-b6479b30cbd7,ЦДНТА-(Р-17-3-9-7-3102+++Р-17-3-9-7-3102+++Р-17-3-9-7-3102),Р-17-3-9-7-3102,Р17,3-9,7,3102,opys-explicit+outofrange
2dc19c5c-7aaa-4402-b84b-e0619a6632a5,ЦДНТА-(Р-17-3-9-7-3094+++Р-17-3-9-7-3094+++Р-17-3-9-7-3094),Р-17-3-9-7-3094,Р17,3-9,7,3094,opys-explicit+outofrange
db4fcf8c-9808-4cb5-8493-3a75b3c0ea7b,ЦДНТА-(Р-17-3-9-7-3108+++Р-17-3-9-7-3108+++Р-17-3-9-7-3108),Р-17-3-9-7-3108,Р17,3-9,7,3108,opys-explicit+outofrange
77959003-443f-41e5-917c-79fa7480e582,ЦДНТА-(Р-17-3-9-7-3118+++Р-17-3-9-7-3118+++Р-17-3-9-7-3118),Р-17-3-9-7-3118,Р17,3-9,7,3118,opys-explicit+outofrange
7b201d5c-5e66-47b8-82ac-564ff2c66db2,ЦДНТА-(Р-17-3-9-7-3113+++Р-17-3-9-7-3113+++Р-17-3-9-7-3113),Р-17-3-9-7-3113,Р17,3-9,7,3113,opys-explicit+outofrange
612a0197-1152-4b30-8888-8afbe72079bf,ЦДНТА-(Р-17-3-9-7-3112+++Р-17-3-9-7-3112+++Р-17-3-9-7-3112),Р-17-3-9-7-3112,Р17,3-9,7,3112,opys-explicit+outofrange
69b6906b-a46d-437e-95af-e7eb876760ed,ЦДНТА-(Р-17-3-9-8-3142+++Р-17-3-9-8-3142+++Р-17-3-9-8-3142),Р-17-3-9-8-3142,Р17,3-9,8,3142,opys-explicit
47411d7e-763c-4831-a4be-24856d3aea7a,ЦДНТА-(Р-17-3-9-8-3145+++Р-17-3-9-8-3145+++Р-17-3-9-8-3145),Р-17-3-9-8-3145,Р17,3-9,8,3145,opys-explicit
2f0be83a-8114-44ce-bbe2-1140b50b0c8a,ЦДНТА-(Р-17-3-9-7-3115+++Р-17-3-9-7-3115+++Р-17-3-9-7-3115),Р-17-3-9-7-3115,Р17,3-9,7,3115,opys-explicit+outofrange
072a4019-8ac4-4654-ac1d-c7bff5ade36b,ЦДНТА-(Р-17-3-9-8-3141+++Р-17-3-9-8-3141+++Р-17-3-9-8-3141),Р-17-3-9-8-3141,Р17,3-9,8,3141,opys-explicit
11fd0216-2f56-4945-aa07-7967867aa2c2,ЦДНТА-(Р-78-3-22-1-1+++Р-78-3-22-1-1+++Р-78-3-22-1-1),Р-78-3-22-1-1,Р78,3-22,1Н,1,opys-explicit
091f8be6-daa7-4e4a-8c02-5d1e8925645d,ЦДНТА-(Р-78-3-22-1-6+++Р-78-3-22-1-6+++Р-78-3-22-1-6),Р-78-3-22-1-6,Р78,3-22,1Н,6,opys-explicit
21fe7f4a-3df3-4595-b940-e5bb1e0ba527,ЦДНТА-(Р-17-3-9-8-3132+++Р-17-3-9-8-3132+++Р-17-3-9-8-3132),Р-17-3-9-8-3132,Р17,3-9,8,3132,opys-explicit
5ef16e47-acc8-4301-8aa0-d9cb548b142a,ЦДНТА-(Р-78-3-22-1-12+++Р-78-3-22-1-12+++Р-78-3-22-1-12),Р-78-3-22-1-12,Р78,3-22,1Н,12,opys-explicit
292c3241-87bc-4456-8723-21e6f613fe3f,ЦДНТА-(Р-78-3-22-1-13a+++Р-78-3-22-1-13a+++Р-78-3-22-1-13a),Р-78-3-22-1-13А,Р78,3-22,1Н,13А,opys-explicit
750ac76c-62a0-445d-a757-9712400f7b3a,ЦДНТА-(Р-78-3-22-1-17+++Р-78-3-22-1-17+++Р-78-3-22-1-17),Р-78-3-22-1-17,Р78,3-22,1Н,17,opys-explicit
95053bf8-7b3f-4f5a-84a7-f7ea5b61d868,ЦДНТА-(Р-78-3-22-1-5+++Р-78-3-22-1-5+++Р-78-3-22-1-5),Р-78-3-22-1-5,Р78,3-22,1Н,5,opys-explicit
da444778-4041-436c-b4fc-5b0032505e6d,ЦДНТА-(Р-78-3-22-1-27+++Р-78-3-22-1-27+++Р-78-3-22-1-27),Р-78-3-22-1-27,Р78,3-22,1Н,27,opys-explicit
38bcb89b-19fe-4436-a385-c3e68c10041f,ЦДНТА-(Р-78-3-22-1-29+++Р-78-3-22-1-29+++Р-78-3-22-1-29),Р-78-3-22-1-29,Р78,3-22,1Н,29,opys-explicit
6eaebe2e-d948-4e8b-a881-a3aad4b24ac6,ЦДНТА-(Р-78-3-22-1-43+++Р-78-3-22-1-43+++Р-78-3-22-1-43),Р-78-3-22-1-43,Р78,3-22,1Н,43,opys-explicit
f7e6c178-314a-4c4c-ace6-c1b19d0b0846,ЦДНТА-(Р-78-3-22-1-48+++Р-78-3-22-1-48+++Р-78-3-22-1-48),Р-78-3-22-1-48,Р78,3-22,1Н,48,opys-explicit
f711f996-1331-4a3c-bdb7-5e71b2ecd0ea,ЦДНТА-(Р-78-3-22-1-56+++Р-78-3-22-1-56+++Р-78-3-22-1-56),Р-78-3-22-1-56,Р78,3-22,1Н,56,opys-explicit
2c29e047-c036-412d-b5b9-ba61bb2b53c3,ЦДНТА-(Р-78-3-22-1-31+++Р-78-3-22-1-31+++Р-78-3-22-1-31),Р-78-3-22-1-31,Р78,3-22,1Н,31,opys-explicit
dce1f972-30d0-4fb4-adfd-9486c9a21df7,ЦДНТА-(Р-78-3-22-1-47+++Р-78-3-22-1-47+++Р-78-3-22-1-47),Р-78-3-22-1-47,Р78,3-22,1Н,47,opys-explicit
366defad-63f0-4395-a26f-793dd60b5d06,ЦДНТА-(Р-78-3-22-1-82+++Р-78-3-22-1-82+++Р-78-3-22-1-82),Р-78-3-22-1-82,Р78,3-22,1Н,82,opys-explicit
a4c01f4c-7256-47ab-980b-b67d950fa57c,ЦДНТА-(Р-78-3-22-1-53+++Р-78-3-22-1-53+++Р-78-3-22-1-53),Р-78-3-22-1-53,Р78,3-22,1Н,53,opys-explicit
76f78755-22fd-4345-99a8-a8d15c22656c,ЦДНТА-(Р-78-3-22-1-51+++Р-78-3-22-1-51+++Р-78-3-22-1-51),Р-78-3-22-1-51,Р78,3-22,1Н,51,opys-explicit
4d0afd56-1680-4c68-a235-ebbbd223cf54,ЦДНТА-(Р-78-3-22-1-62+++Р-78-3-22-1-62+++Р-78-3-22-1-62),Р-78-3-22-1-62,Р78,3-22,1Н,62,opys-explicit
3d45717d-b096-4a65-a11c-db1fe8ec4814,ЦДНТА-(Р-78-3-22-1-78+++Р-78-3-22-1-78+++Р-78-3-22-1-78),Р-78-3-22-1-78,Р78,3-22,1Н,78,opys-explicit
05c3edf2-d7e4-4c98-ae01-17be2d7ae738,ЦДНТА-(Р-78-3-22-1-66+++Р-78-3-22-1-66+++Р-78-3-22-1-66),Р-78-3-22-1-66,Р78,3-22,1Н,66,opys-explicit
1fb2b908-8ff1-4500-8a38-5ae0d62a10be,ЦДНТА-(Р-78-3-22-1-95+++Р-78-3-22-1-95+++Р-78-3-22-1-95),Р-78-3-22-1-95,Р78,3-22,1Н,95,opys-explicit
1315ec1d-afaf-42f0-aeb6-30da1398dbe0,ЦДНТА-(Р-78-3-22-108+++Р-78-3-22-108+++Р-78-3-22-1-108),Р-78-3-22-108,Р78,3-22,1Н,108,range-lookup
9941c68a-0128-4720-90b5-f010ef6cd1f9,ЦДНТА-(Р-78-3-22-113+++Р-78-3-22-113+++Р-78-3-22-1-113),Р-78-3-22-113,Р78,3-22,1Н,113,range-lookup
70073037-b86c-4ff3-a731-fe08922be34b,ЦДНТА-(Р-78-3-22-128+++Р-78-3-22-128+++Р-78-3-22-1-128),Р-78-3-22-128,Р78,3-22,1Н,128,range-lookup
f9411238-716d-449b-a38b-bffc3f852c3a,ЦДНТА-(Р-78-3-22-117+++Р-78-3-22-117+++Р-78-3-22-1-117),Р-78-3-22-117,Р78,3-22,1Н,117,range-lookup
429e8867-d62c-48f0-b768-e9ef702f3cd3,ЦДНТА-(Р-78-3-22-127+++Р-78-3-22-127+++Р-78-3-22-1-127),Р-78-3-22-127,Р78,3-22,1Н,127,range-lookup
76663418-8357-4b06-b69b-e8a3f77c94e3,ЦДНТА-(Р-18-3-10-1-21+++Р-18-3-10-1-21+++Р-18-3-10-1-21),Р-18-3-10-1-21,Р18,3-10,1,21,opys-explicit
e1504e51-2257-48d1-b160-4dc406033dcd,ЦДНТА-(Р-107-3-36-7-2744+++Р-107-3-36-7-2744+++Р-107-3-36-7-2744),Р-107-3-36-7-2744,Р107,3-36,7,2744,opys-explicit
25654989-9e74-49a6-bb23-542d99b19ff9,ЦДНТА-(Р-78-3-22-1-146+++Р-78-3-22-1-146+++Р-78-3-22-1-146),Р-78-3-22-1-146,Р78,3-22,1Н,146,opys-explicit
f9265473-c305-4fb7-8a37-3a8397b1706e,ЦДНТА-(Р-78-3-22-1-150+++Р-78-3-22-1-150+++Р-78-3-22-1-150),Р-78-3-22-1-150,Р78,3-22,1Н,150,opys-explicit
8cf3ada9-52a9-4c26-ad82-a4d136502847,ЦДНТА-(Р-78-3-22-1-143+++Р-78-3-22-1-143+++Р-78-3-22-1-143),Р-78-3-22-1-143,Р78,3-22,1Н,143,opys-explicit
41b722c3-d6a1-4df9-ac5a-e8aa56147977,ЦДНТА-(Р-78-3-22-1-145+++Р-78-3-22-1-145+++Р-78-3-22-1-145),Р-78-3-22-1-145,Р78,3-22,1Н,145,opys-explicit
c41737c8-d31f-4114-b685-a5b7555b4da6,ЦДНТА-(Р-78-3-22-1-142+++Р-78-3-22-1-142+++Р-78-3-22-1-142),Р-78-3-22-1-142,Р78,3-22,1Н,142,opys-explicit
77a9b24e-5bd3-4d0c-af97-74885fd34b51,ЦДНТА-(Р-78-3-22-2-231+++Р-78-3-22-2-231+++Р-78-3-22-2-231),Р-78-3-22-2-231,Р78,3-22,2Д,231,opys-explicit
3f860ff8-d756-4bca-bba6-edd7a4b7ec95,ЦДНТА-(Р-78-3-22-2-221+++Р-78-3-22-2-221+++Р-78-3-22-2-221),Р-78-3-22-2-221,Р78,3-22,2Д,221,opys-explicit
423b92f7-b253-4608-a364-2cbee355e1a4,ЦДНТА-(Р-78-3-22-2-249+++Р-78-3-22-2-249+++Р-78-3-22-2-249),Р-78-3-22-2-249,Р78,3-22,2Д,249,opys-explicit
40a6829f-2248-4329-9fe6-e0c223b0bf3b,ЦДНТА-(Р-78-3-22-1-173+++Р-78-3-22-1-173+++Р-78-3-22-1-173),Р-78-3-22-1-173,Р78,3-22,1Н,173,opys-explicit
1cc8dc31-b536-489c-8caa-56591dbab2fa,ЦДНТА-(Р-107-3-36-3-481+++Р-107-3-36-3-481+++Р-107-3-36-3-481),Р-107-3-36-3-481,Р107,3-36,3,481,opys-explicit
fb2675cc-26bb-4871-a8ec-2c1b4cc233ff,ЦДНТА-(Р-107-3-36-3-417+++Р-107-3-36-3-417+++Р-107-3-36-3-417),Р-107-3-36-3-417,Р107,3-36,3,417,opys-explicit
f35ce2b1-0c03-4974-8c44-9d73ae396a20,ЦДНТА-(Р-107-3-36-1-119+++Р-107-3-36-1-119+++Р-107-3-36-1-119),Р-107-3-36-1-119,Р107,3-36,1,119,opys-explicit+outofrange
fd44cd8c-7e72-4cdf-9e86-4c79a2e2249e,ЦДНТА-(Р-17-3-9-3-1210+++Р-17-3-9-3-1210+++Р-17-3-9-3-1210),Р-17-3-9-3-1210,Р17,3-9,3,1210,opys-explicit
f44264bb-09eb-444c-bcb1-0a6c7926139e,ЦДНТА-(Р-17-3-9-3-1200+++Р-17-3-9-3-1200+++Р-17-3-9-3-1200),Р-17-3-9-3-1200,Р17,3-9,3,1200,opys-explicit
d1c2ae9c-4fa4-4943-9472-25db5dbaeee7,ЦДНТА-(Р-17-3-9-3-1204+++Р-17-3-9-3-1204+++Р-17-3-9-3-1204),Р-17-3-9-3-1204,Р17,3-9,3,1204,opys-explicit
62fa08ee-0490-4c49-81ee-fa282d56fdfa,ЦДНТА-(Р-17-3-9-3-1213+++Р-17-3-9-3-1213+++Р-17-3-9-3-1213),Р-17-3-9-3-1213,Р17,3-9,3,1213,opys-explicit
7b10608c-5c94-4b7d-90b2-5bc7f5d64336,ЦДНТА-(Р-17-3-9-3-1228+++Р-17-3-9-3-1228+++Р-17-3-9-3-1228),Р-17-3-9-3-1228,Р17,3-9,3,1228,opys-explicit
62936fc4-f7cb-4d4e-b5c7-8731fc53243e,ЦДНТА-(Р-17-3-9-3-1232+++Р-17-3-9-3-1232+++Р-17-3-9-3-1232),Р-17-3-9-3-1232,Р17,3-9,3,1232,opys-explicit
700def3a-8ed8-455d-bfea-e96cb0a35cae,ЦДНТА-(Р-17-3-9-3-1230+++Р-17-3-9-3-1230+++Р-17-3-9-3-1230),Р-17-3-9-3-1230,Р17,3-9,3,1230,opys-explicit
8bf747cb-0d35-4d9a-be9a-435e64f5edb5,ЦДНТА-(Р-17-3-9-3-1225+++Р-17-3-9-3-1225+++Р-17-3-9-3-1225),Р-17-3-9-3-1225,Р17,3-9,3,1225,opys-explicit
cbbd66c5-fe79-411d-b1dd-440c1bee1c7e,ЦДНТА-(Р-17-3-9-3-1223+++Р-17-3-9-3-1223+++Р-17-3-9-3-1223),Р-17-3-9-3-1223,Р17,3-9,3,1223,opys-explicit
09b4873d-405e-4c06-99ef-1f779bf858a3,ЦДНТА-(Р-17-3-9-3-1248+++Р-17-3-9-3-1248+++Р-17-3-9-3-1248),Р-17-3-9-3-1248,Р17,3-9,3,1248,opys-explicit
85bb30a8-25f0-4fd6-8903-ec9169b24369,ЦДНТА-(Р-17-3-9-3-1252+++Р-17-3-9-3-1252+++Р-17-3-9-3-1252),Р-17-3-9-3-1252,Р17,3-9,3,1252,opys-explicit
34228348-0b85-4ed7-890e-8d0d96c539dd,ЦДНТА-(Р-17-3-9-3-1234+++Р-17-3-9-3-1234+++Р-17-3-9-3-1234),Р-17-3-9-3-1234,Р17,3-9,3,1234,opys-explicit
0b62968e-822d-4a4b-8abd-2b6d5d285c1a,ЦДНТА-(Р-17-3-9-3-1247+++Р-17-3-9-3-1247+++Р-17-3-9-3-1247),Р-17-3-9-3-1247,Р17,3-9,3,1247,opys-explicit
a85e88e2-6227-4dc6-8860-1164e831c55f,ЦДНТА-(Р-17-3-9-3-1258+++Р-17-3-9-3-1258+++Р-17-3-9-3-1258),Р-17-3-9-3-1258,Р17,3-9,3,1258,opys-explicit
534f164a-0237-4190-ab43-e025b6b20057,ЦДНТА-(Р-17-3-9-3-1257+++Р-17-3-9-3-1257+++Р-17-3-9-3-1257),Р-17-3-9-3-1257,Р17,3-9,3,1257,opys-explicit
18a49b54-4341-4fd2-84a7-093885aec098,ЦДНТА-(Р-17-3-9-3-1263+++Р-17-3-9-3-1263+++Р-17-3-9-3-1263),Р-17-3-9-3-1263,Р17,3-9,3,1263,opys-explicit
b07d9d10-6dfe-4124-9888-ae696f192699,ЦДНТА-(Р-17-3-9-3-1264+++Р-17-3-9-3-1264+++Р-17-3-9-3-1264),Р-17-3-9-3-1264,Р17,3-9,3,1264,opys-explicit
3784df40-7f7c-4614-91fa-8aba1807b8b5,ЦДНТА-(Р-17-3-9-3-1278+++Р-17-3-9-3-1278+++Р-17-3-9-3-1278),Р-17-3-9-3-1278,Р17,3-9,3,1278,opys-explicit
9b701bc6-3957-4c1f-aa45-ebcc7dfbeb95,ЦДНТА-(Р-17-3-9-3-1279+++Р-17-3-9-3-1279+++Р-17-3-9-3-1279),Р-17-3-9-3-1279,Р17,3-9,3,1279,opys-explicit
771db7b5-2992-4683-8325-0e61101871ab,ЦДНТА-(Р-17-3-9-3-1273+++Р-17-3-9-3-1273+++Р-17-3-9-3-1273),Р-17-3-9-3-1273,Р17,3-9,3,1273,opys-explicit
60c4a3fa-3aa3-45a4-8aac-bc2c333251a6,ЦДНТА-(Р-17-3-9-3-1283+++Р-17-3-9-3-1283+++Р-17-3-9-3-1283),Р-17-3-9-3-1283,Р17,3-9,3,1283,opys-explicit
3019ad08-ae22-40a5-aa50-e2346c0bc74b,ЦДНТА-(Р-17-3-9-3-1285+++Р-17-3-9-3-1285+++Р-17-3-9-3-1285),Р-17-3-9-3-1285,Р17,3-9,3,1285,opys-explicit
3b069d8a-7e56-4092-bffa-28c0d9091ad4,ЦДНТА-(Р-17-3-9-3-1287+++Р-17-3-9-3-1287+++Р-17-3-9-3-1287),Р-17-3-9-3-1287,Р17,3-9,3,1287,opys-explicit
7ac9ed8e-b96a-4670-8403-081e43a72043,ЦДНТА-(Р-17-3-9-4-1302+++Р-17-3-9-4-1302+++Р-17-3-9-4-1302),Р-17-3-9-4-1302,Р17,3-9,4,1302,opys-explicit
b3045498-49da-4efc-9ea7-06969872760f,ЦДНТА-(Р-17-3-9-4-1298+++Р-17-3-9-4-1298+++Р-17-3-9-4-1298),Р-17-3-9-4-1298,Р17,3-9,4,1298,opys-explicit
690fe8e8-8de7-4179-87c2-b406d4979266,ЦДНТА-(Р-17-3-9-4-1303+++Р-17-3-9-4-1303+++Р-17-3-9-4-1303),Р-17-3-9-4-1303,Р17,3-9,4,1303,opys-explicit
7920a214-8c88-43f5-bf16-89aa54fe1e48,ЦДНТА-(Р-17-3-9-4-1332+++Р-17-3-9-4-1332+++Р-17-3-9-4-1332),Р-17-3-9-4-1332,Р17,3-9,4,1332,opys-explicit
c3136e6a-8daa-41b0-9b2c-92bfddc2342b,ЦДНТА-(Р-17-3-9-4-1333+++Р-17-3-9-4-1333+++Р-17-3-9-4-1333),Р-17-3-9-4-1333,Р17,3-9,4,1333,opys-explicit
13362c06-5008-4a55-b362-f8ddd135d64a,ЦДНТА-(Р-17-3-9-4-1334+++Р-17-3-9-4-1334+++Р-17-3-9-4-1334),Р-17-3-9-4-1334,Р17,3-9,4,1334,opys-explicit
ddb10af4-052f-4355-b41a-92f769142bc0,ЦДНТА-(Р-17-3-9-4-1329+++Р-17-3-9-4-1329+++Р-17-3-9-4-1329),Р-17-3-9-4-1329,Р17,3-9,4,1329,opys-explicit
f0fc7596-4372-455e-a0d5-16e6e78c3696,ЦДНТА-(Р-78-3-22-2-842+++Р-78-3-22-2-842+++Р-78-3-22-2-842),Р-78-3-22-2-842,Р78,3-22,2Д,842,opys-explicit
6262aa78-4fb0-4f84-a22a-f364dd7fd93c,ЦДНТА-(Р-78-3-22-2-868+++Р-78-3-22-2-868+++Р-78-3-22-2-868),Р-78-3-22-2-868,Р78,3-22,2Д,868,opys-explicit
f0d5730f-c4d2-4252-838e-bbc92b4a0b5d,ЦДНТА-(Р-78-3-22-2-911+++Р-78-3-22-2-911+++Р-78-3-22-2-911),Р-78-3-22-2-911,Р78,3-22,2Д,911,opys-explicit
ca368da8-03f3-4cfb-b750-2c0582cf69f5,ЦДНТА-(Р-78-3-22-2-909+++Р-78-3-22-2-909+++Р-78-3-22-2-909),Р-78-3-22-2-909,Р78,3-22,2Д,909,opys-explicit
be238ab6-12a3-47e8-aa35-a1c047bd9c46,ЦДНТА-(Р-78-3-22-2-915+++Р-78-3-22-2-915+++Р-78-3-22-2-915),Р-78-3-22-2-915,Р78,3-22,2Д,915,opys-explicit
27ba1b9a-9330-486d-a220-6dae6e6bb02e,ЦДНТА-(Р-78-3-22-2-918+++Р-78-3-22-2-918+++Р-78-3-22-2-918),Р-78-3-22-2-918,Р78,3-22,2Д,918,opys-explicit
38dd9f9c-b680-40a4-a72a-a922d6e5bd9e,ЦДНТА-(Р-78-3-22-2-936+++Р-78-3-22-2-936+++Р-78-3-22-2-936),Р-78-3-22-2-936,Р78,3-22,2Д,936,opys-explicit
0a3c63da-653b-4907-832d-f123d51f19bf,ЦДНТА-(Р-78-3-22-2-903+++Р-78-3-22-2-903+++Р-78-3-22-2-903),Р-78-3-22-2-903,Р78,3-22,2Д,903,opys-explicit
ebbf47e8-8f65-4b5a-954a-6bf272f4a36b,ЦДНТА-(Р-78-3-22-2-920+++Р-78-3-22-2-920+++Р-78-3-22-2-920),Р-78-3-22-2-920,Р78,3-22,2Д,920,opys-explicit
e540b625-2050-48bf-b7f2-1a59648fa06f,ЦДНТА-(Р-78-3-22-2-929+++Р-78-3-22-2-929+++Р-78-3-22-2-929),Р-78-3-22-2-929,Р78,3-22,2Д,929,opys-explicit
06c741e1-a3ff-4761-a57d-b4cc33d533c2,ЦДНТА-(Р-78-3-22-2-945+++Р-78-3-22-2-945+++Р-78-3-22-2-945),Р-78-3-22-2-945,Р78,3-22,2Д,945,opys-explicit
ff6adbe7-94f8-4ecc-9d26-b40052028087,ЦДНТА-(Р-78-3-22-2-904+++Р-78-3-22-2-904+++Р-78-3-22-2-904),Р-78-3-22-2-904,Р78,3-22,2Д,904,opys-explicit
012cac1d-50d3-4b62-8eb2-9c5d1ba276a8,ЦДНТА-(Р-78-3-22-2-925+++Р-78-3-22-2-925+++Р-78-3-22-2-925),Р-78-3-22-2-925,Р78,3-22,2Д,925,opys-explicit
1446dc29-b02e-4a27-9ecd-bc42a90488ba,ЦДНТА-(Р-78-3-22-2-964+++Р-78-3-22-2-964+++Р-78-3-22-2-964),Р-78-3-22-2-964,Р78,3-22,2Д,964,opys-explicit
eac42dc9-e2e2-4915-af30-1bd6cbcf7414,ЦДНТА-(Р-78-3-22-2-942+++Р-78-3-22-2-942+++Р-78-3-22-2-942),Р-78-3-22-2-942,Р78,3-22,2Д,942,opys-explicit
c869f391-01cb-4826-b965-c0f6dce351ea,ЦДНТА-(Р-78-3-22-2-944+++Р-78-3-22-2-944+++Р-78-3-22-2-944),Р-78-3-22-2-944,Р78,3-22,2Д,944,opys-explicit
aa3d16b9-8556-4c08-953e-45f472858451,ЦДНТА-(Р-78-3-22-2-955+++Р-78-3-22-2-955+++Р-78-3-22-2-955),Р-78-3-22-2-955,Р78,3-22,2Д,955,opys-explicit
c6b08b2a-0d4f-4a09-93a7-bf6ab933a352,ЦДНТА-(Р-78-3-22-2-959+++Р-78-3-22-2-959+++Р-78-3-22-2-959),Р-78-3-22-2-959,Р78,3-22,2Д,959,opys-explicit
b2388a4a-4615-49fb-8c11-1766d681262f,ЦДНТА-(Р-78-3-22-2-644+++Р-78-3-22-2-644+++Р-78-3-22-2-644),Р-78-3-22-2-644,Р78,3-22,2Д,644,opys-explicit
1ad829b5-63a9-4c60-b273-8cacbc8021c6,ЦДНТА-(Р-78-3-22-2-641+++Р-78-3-22-2-641+++Р-78-3-22-2-641),Р-78-3-22-2-641,Р78,3-22,2Д,641,opys-explicit
bd2944c9-f9c8-4b44-8eda-5f8f790e5b0f,ЦДНТА-(Р-78-3-22-2-661+++Р-78-3-22-2-661+++Р-78-3-22-2-661),Р-78-3-22-2-661,Р78,3-22,2Д,661,opys-explicit
a96d0c53-72ba-4494-8807-acf67a799a0f,ЦДНТА-(Р-78-3-22-2-640+++Р-78-3-22-2-640+++Р-78-3-22-2-640),Р-78-3-22-2-640,Р78,3-22,2Д,640,opys-explicit
226107fe-29f0-42e9-a929-9892bdcf481a,ЦДНТА-(Р-78-3-22-2-658+++Р-78-3-22-2-658+++Р-78-3-22-2-658),Р-78-3-22-2-658,Р78,3-22,2Д,658,opys-explicit
e7d63e3c-03e8-452f-b8be-c41cf1c536f9,ЦДНТА-(Р-78-3-22-2-674+++Р-78-3-22-2-674+++Р-78-3-22-2-674),Р-78-3-22-2-674,Р78,3-22,2Д,674,opys-explicit
490476ef-3b75-4bf5-bbb4-777e1b8c0592,ЦДНТА-(Р-78-3-22-2-669+++Р-78-3-22-2-669+++Р-78-3-22-2-669),Р-78-3-22-2-669,Р78,3-22,2Д,669,opys-explicit
c89a0fbb-4512-4da6-b82c-d19950c73e99,ЦДНТА-(Р-78-3-22-2-676+++Р-78-3-22-2-676+++Р-78-3-22-2-676),Р-78-3-22-2-676,Р78,3-22,2Д,676,opys-explicit
cf45c5a9-4e77-4dbd-a3d1-7fe343e5793f,ЦДНТА-(Р-78-3-22-2-663+++Р-78-3-22-2-663+++Р-78-3-22-2-663),Р-78-3-22-2-663,Р78,3-22,2Д,663,opys-explicit
e150c2da-42d7-4186-8fc4-4b9d5a103d3f,ЦДНТА-(Р-78-3-22-2-671+++Р-78-3-22-2-671+++Р-78-3-22-2-671),Р-78-3-22-2-671,Р78,3-22,2Д,671,opys-explicit
20cf07cb-caef-4fdf-95ec-aa779a2ddaaa,ЦДНТА-(Р-78-3-22-2-694+++Р-78-3-22-2-694+++Р-78-3-22-2-694),Р-78-3-22-2-694,Р78,3-22,2Д,694,opys-explicit
a0d5d15f-9552-49a1-9bb6-d0679646e749,ЦДНТА-(Р-17-3-9-502+++Р-17-3-9-502+++Р-17-3-9-502),Р-17-3-9-502,Р17,3-9,1,502,range-lookup
8484ff9a-5376-4dac-bfe5-fafe04881143,ЦДНТА-(Р-17-3-9-604+++Р-17-3-9-604+++Р-17-3-9-604),Р-17-3-9-604,Р17,3-9,1,604,range-lookup
f207e6bf-32e7-45d5-a604-c53a941809fa,ЦДНТА-(Р-17-3-9-638+++Р-17-3-9-638+++Р-17-3-9-638),Р-17-3-9-638,Р17,3-9,1,638,range-lookup
9ee2f212-3679-41ab-a731-a93f0da76a47,ЦДНТА-(Р-17-3-9-646+++Р-17-3-9-646+++Р-17-3-9-646),Р-17-3-9-646,Р17,3-9,1,646,range-lookup
f89c56a0-ee10-41e7-97d4-01d9addca2f1,ЦДНТА-(Р-17-3-9-522+++Р-17-3-9-522+++Р-17-3-9-522),Р-17-3-9-522,Р17,3-9,1,522,range-lookup
68e5fc2b-6078-470c-9003-57e17e226be8,ЦДНТА-(Р-17-3-9-657+++Р-17-3-9-657+++Р-17-3-9-657),Р-17-3-9-657,Р17,3-9,1,657,range-lookup
d01e2246-67ac-4548-9931-9b82cf8135a8,ЦДНТА-(Р-17-3-9-4-2711+++Р-17-3-9-4-2711+++Р-17-3-9-4-2711),Р-17-3-9-4-2711,Р17,3-9,4,2711,opys-explicit
6e75dc51-60f8-4c7c-b843-8d2a97cb1019,ЦДНТА-(Р-17-3-9-4-2521+++Р-17-3-9-4-2521+++Р-17-3-9-4-2521),Р-17-3-9-4-2521,Р17,3-9,4,2521,opys-explicit
039385cf-faa9-47e5-b139-ecac95d8c8df,ЦДНТА-(Р-17-3-9-4-2543+++Р-17-3-9-4-2543+++Р-17-3-9-4-2543),Р-17-3-9-4-2543,Р17,3-9,4,2543,opys-explicit
757fffee-6261-41ca-b7ee-16b816360b3b,ЦДНТА-(Р-17-3-9-4-2539+++Р-17-3-9-4-2539+++Р-17-3-9-4-2539),Р-17-3-9-4-2539,Р17,3-9,4,2539,opys-explicit
9d181700-c114-4054-804e-5269d89460ec,ЦДНТА-(Р-17-3-9-4-2568+++Р-17-3-9-4-2568+++Р-17-3-9-4-2568),Р-17-3-9-4-2568,Р17,3-9,4,2568,opys-explicit
81647205-a496-445c-ba2e-250b62ebe867,ЦДНТА-(Р-17-3-9-4-2595+++Р-17-3-9-4-2595+++Р-17-3-9-4-2595),Р-17-3-9-4-2595,Р17,3-9,4,2595,opys-explicit
3421c9db-fa7c-4857-ac7c-037df1bf3a83,ЦДНТА-(Р-17-3-9-4-2675+++Р-17-3-9-4-2675+++Р-17-3-9-4-2675),Р-17-3-9-4-2675,Р17,3-9,4,2675,opys-explicit
103e0cae-6e2c-4c02-b6ac-a0b8e089326e,ЦДНТА-(Р-17-3-9-4-2669+++Р-17-3-9-4-2669+++Р-17-3-9-4-2669),Р-17-3-9-4-2669,Р17,3-9,4,2669,opys-explicit
c6ba5523-1891-4761-9d72-58f1b9fb58af,ЦДНТА-(Р-17-3-9-4-2698+++Р-17-3-9-4-2698+++Р-17-3-9-4-2698),Р-17-3-9-4-2698,Р17,3-9,4,2698,opys-explicit
ec07037d-b61f-411d-958e-7c1576519d89,ЦДНТА-(Р-17-3-9-4-2790+++Р-17-3-9-4-2790+++Р-17-3-9-4-2790),Р-17-3-9-4-2790,Р17,3-9,4,2790,opys-explicit
94d79892-f3f5-4f5a-b884-23814aaa4a5b,ЦДНТА-(Р-17-3-9-4-2785+++Р-17-3-9-4-2785+++Р-17-3-9-4-2785),Р-17-3-9-4-2785,Р17,3-9,4,2785,opys-explicit
cf08f3ee-72c5-4469-bd83-ff71eed65c38,ЦДНТА-(Р-17-3-9-4-2791+++Р-17-3-9-4-2791+++Р-17-3-9-4-2791),Р-17-3-9-4-2791,Р17,3-9,4,2791,opys-explicit
03987730-535e-4652-978e-ba2c32bcc4bb,ЦДНТА-(Р-107-3-36-3-846+++Р-107-3-36-3-846+++Р-107-3-36-3-846),Р-107-3-36-3-846,Р107,3-36,3,846,opys-explicit
15d049c5-3fd9-4ed8-9e96-9718b574c6cf,ЦДНТА-(Р-17-3-9-2-701+++Р-17-3-9-2-701+++Р-17-3-9-2-701),Р-17-3-9-2-701,Р17,3-9,2,701,opys-explicit
fa3790ce-b4b1-43cd-bd28-863d7313162d,ЦДНТА-(Р-17-3-9-4-2529+++Р-17-3-9-4-2529+++Р-17-3-9-4-2529),Р-17-3-9-4-2529,Р17,3-9,4,2529,opys-explicit
1942f98d-9716-41bf-9e02-65b02f84f367,ЦДНТА-(Р-17-3-9-4-2535+++Р-17-3-9-4-2535+++Р-17-3-9-4-2535),Р-17-3-9-4-2535,Р17,3-9,4,2535,opys-explicit
78ec2ae6-afa4-410d-a7b5-2f400956a045,ЦДНТА-(Р-17-3-9-4-2548+++Р-17-3-9-4-2548+++Р-17-3-9-4-2548),Р-17-3-9-4-2548,Р17,3-9,4,2548,opys-explicit
daf86998-d975-4c5e-abaa-17ad76f6f2d0,ЦДНТА-(Р-17-3-9-4-2536+++Р-17-3-9-4-2536+++Р-17-3-9-4-2536),Р-17-3-9-4-2536,Р17,3-9,4,2536,opys-explicit
b9652c8e-3817-400e-8f7e-b4fffcbe3d59,ЦДНТА-(Р-17-3-9-4-2569+++Р-17-3-9-4-2569+++Р-17-3-9-4-2569),Р-17-3-9-4-2569,Р17,3-9,4,2569,opys-explicit
f7bf0dd4-dbac-4234-be75-ebfcbfab460b,ЦДНТА-(Р-17-3-9-4-2654+++Р-17-3-9-4-2654+++Р-17-3-9-4-2654),Р-17-3-9-4-2654,Р17,3-9,4,2654,opys-explicit
adcc34f2-13b2-450d-b5ac-59bb1143b4c0,ЦДНТА-(Р-17-3-9-4-2702+++Р-17-3-9-4-2702+++Р-17-3-9-4-2702),Р-17-3-9-4-2702,Р17,3-9,4,2702,opys-explicit
51a1a71a-b518-4f89-81bf-35ec552d2661,ЦДНТА-(Р-17-3-9-4-2692+++Р-17-3-9-4-2692+++Р-17-3-9-4-2692),Р-17-3-9-4-2692,Р17,3-9,4,2692,opys-explicit
9431aac0-b0c1-437c-9ff6-4582c34e34b9,ЦДНТА-(Р-78-3-22-2-690+++Р-78-3-22-2-690+++Р-78-3-22-2-690),Р-78-3-22-2-690,Р78,3-22,2Д,690,opys-explicit
fba804fa-e47a-436c-89ef-5e0a727a08ae,ЦДНТА-(Р-78-3-22-2-724+++Р-78-3-22-2-724+++Р-78-3-22-2-724),Р-78-3-22-2-724,Р78,3-22,2Д,724,opys-explicit
fcaa7e24-c5a2-4931-b18a-bf4cf6daa9b1,ЦДНТА-(Р-78-3-22-2-709+++Р-78-3-22-2-709+++Р-78-3-22-2-709),Р-78-3-22-2-709,Р78,3-22,2Д,709,opys-explicit
2ff29fa1-8d12-41e1-a5da-a11d0b617fd7,ЦДНТА-(Р-78-3-22-2-723+++Р-78-3-22-2-723+++Р-78-3-22-2-723),Р-78-3-22-2-723,Р78,3-22,2Д,723,opys-explicit
6cb29772-a5b2-43fe-82f6-5c4370dfadab,ЦДНТА-(Р-78-3-22-2-739+++Р-78-3-22-2-739+++Р-78-3-22-2-739),Р-78-3-22-2-739,Р78,3-22,2Д,739,opys-explicit
5e8030ce-c58b-4c8b-9cb0-0d069dcd9ca8,ЦДНТА-(Р-78-3-22-2-746+++Р-78-3-22-2-746+++Р-78-3-22-2-746),Р-78-3-22-2-746,Р78,3-22,2Д,746,opys-explicit
915deede-addf-4d39-a0be-3bfd3a08e94b,ЦДНТА-(Р-78-3-22-2-766+++Р-78-3-22-2-766+++Р-78-3-22-2-766),Р-78-3-22-2-766,Р78,3-22,2Д,766,opys-explicit
03ee9140-ee76-4615-9f3a-7781e7d7ad99,ЦДНТА-(Р-78-3-22-2-764+++Р-78-3-22-2-764+++Р-78-3-22-2-764),Р-78-3-22-2-764,Р78,3-22,2Д,764,opys-explicit
fc510bdb-6cde-4433-94c7-b6f2bf299cd7,ЦДНТА-(Р-78-3-22-2-777+++Р-78-3-22-2-777+++Р-78-3-22-2-777),Р-78-3-22-2-777,Р78,3-22,2Д,777,opys-explicit
d56d89f0-46b4-49eb-afab-aeff05d177a4,ЦДНТА-(Р-78-3-22-2-782+++Р-78-3-22-2-782+++Р-78-3-22-2-782),Р-78-3-22-2-782,Р78,3-22,2Д,782,opys-explicit
6aa56fdb-39fa-4dfa-aa1c-634318529e55,ЦДНТА-(Р-78-3-22-2-780+++Р-78-3-22-2-780+++Р-78-3-22-2-780),Р-78-3-22-2-780,Р78,3-22,2Д,780,opys-explicit
a11e3b39-66c7-42d7-b9e4-1ab7d27e37f7,ЦДНТА-(Р-78-3-22-2-786+++Р-78-3-22-2-786+++Р-78-3-22-2-786),Р-78-3-22-2-786,Р78,3-22,2Д,786,opys-explicit
301d4e0f-fd6c-47b4-afb4-c0daffc88534,ЦДНТА-(Р-78-3-22-2-783+++Р-78-3-22-2-783+++Р-78-3-22-2-783),Р-78-3-22-2-783,Р78,3-22,2Д,783,opys-explicit
8eb1875b-7a36-46ca-9374-901d429011a3,ЦДНТА-(Р-78-3-22-2-826+++Р-78-3-22-2-826+++Р-78-3-22-2-826),Р-78-3-22-2-826,Р78,3-22,2Д,826,opys-explicit
27b06759-95ee-485c-9a16-ac9d9e627e9b,ЦДНТА-(Р-78-3-22-2-825+++Р-78-3-22-2-825+++Р-78-3-22-2-825),Р-78-3-22-2-825,Р78,3-22,2Д,825,opys-explicit
a711e079-9164-4c88-bb51-15e2a1a8bfbc,ЦДНТА-(Р-78-3-22-2-800+++Р-78-3-22-2-800+++Р-78-3-22-2-800),Р-78-3-22-2-800,Р78,3-22,2Д,800,opys-explicit
10bd7e8c-8698-48e2-9576-c6cfa754db49,ЦДНТА-(Р-78-3-22-2-821+++Р-78-3-22-2-821+++Р-78-3-22-2-821),Р-78-3-22-2-821,Р78,3-22,2Д,821,opys-explicit
8b9fe0d0-4197-4524-99b5-64407cd67276,ЦДНТА-(Р-78-3-22-2-815+++Р-78-3-22-2-815+++Р-78-3-22-2-815),Р-78-3-22-2-815,Р78,3-22,2Д,815,opys-explicit
1adf1c57-5e8c-4ce9-b069-86a7006e99af,ЦДНТА-(Р-78-3-22-2-798+++Р-78-3-22-2-798+++Р-78-3-22-2-798),Р-78-3-22-2-798,Р78,3-22,2Д,798,opys-explicit
17f65b86-7250-40ba-8e81-4b7cd9c520f4,ЦДНТА-(Р-78-3-22-2-797+++Р-78-3-22-2-797+++Р-78-3-22-2-797),Р-78-3-22-2-797,Р78,3-22,2Д,797,opys-explicit
f2f19b02-d551-4301-ab21-edfb5b2ec5f2,ЦДНТА-(Р-78-3-22-2-806+++Р-78-3-22-2-806+++Р-78-3-22-2-806),Р-78-3-22-2-806,Р78,3-22,2Д,806,opys-explicit
0d61afb8-ee35-4eca-8192-57ac458fdc95,ЦДНТА-(Р-78-3-22-2-829+++Р-78-3-22-2-829+++Р-78-3-22-2-829),Р-78-3-22-2-829,Р78,3-22,2Д,829,opys-explicit
0544844a-d6d3-4ede-8945-b8f5a24e71eb,ЦДНТА-(Р-78-3-22-2-838+++Р-78-3-22-2-838+++Р-78-3-22-2-838),Р-78-3-22-2-838,Р78,3-22,2Д,838,opys-explicit
ac6cb758-0931-4650-918d-8851d4e293e4,ЦДНТА-(Р-78-3-22-2-827+++Р-78-3-22-2-827+++Р-78-3-22-2-827),Р-78-3-22-2-827,Р78,3-22,2Д,827,opys-explicit
92691f53-87c9-44b4-aa0e-cc9ea1d3cb2f,ЦДНТА-(Р-78-3-22-2-852+++Р-78-3-22-2-852+++Р-78-3-22-2-852),Р-78-3-22-2-852,Р78,3-22,2Д,852,opys-explicit
70845c26-6465-4dac-aacf-b455f1c47e0c,ЦДНТА-(Р-78-3-22-2-854+++Р-78-3-22-2-854+++Р-78-3-22-2-854),Р-78-3-22-2-854,Р78,3-22,2Д,854,opys-explicit
4c7f9422-d59f-402f-a42c-7570f2abc35c,ЦДНТА-(Р-78-3-22-2-859+++Р-78-3-22-2-859+++Р-78-3-22-2-859),Р-78-3-22-2-859,Р78,3-22,2Д,859,opys-explicit
3083e693-6c06-43ce-aff4-cc75edf6178d,ЦДНТА-(Р-78-3-22-2-901+++Р-78-3-22-2-901+++Р-78-3-22-2-901),Р-78-3-22-2-901,Р78,3-22,2Д,901,opys-explicit
13caad25-a13f-4beb-99b0-b096a6841633,ЦДНТА-(Р-78-3-22-2-831+++Р-78-3-22-2-831+++Р-78-3-22-2-831),Р-78-3-22-2-831,Р78,3-22,2Д,831,opys-explicit
18b6064b-efb4-499b-b992-da1d5a6ddb8b,ЦДНТА-(Р-107-3-36-4-1424+++Р-107-3-36-4-1424+++Р-107-3-36-4-1424),Р-107-3-36-4-1424,Р107,3-36,4,1424,opys-explicit
fb260918-595c-4d26-be46-eb81646d7d75,ЦДНТА-(Р-107-3-36-4-1446+++Р-107-3-36-4-1446+++Р-107-3-36-4-1446),Р-107-3-36-4-1446,Р107,3-36,4,1446,opys-explicit
e91edab5-f034-49ae-943e-2547fa1468ca,ЦДНТА-(Р-17-3-9-4-1443+++Р-17-3-9-4-1443+++Р-17-3-9-4-1443),Р-17-3-9-4-1443,Р17,3-9,4,1443,opys-explicit
a6f86a24-210e-4c36-9252-1bf210277eea,ЦДНТА-(Р-17-3-9-4-1475+++Р-17-3-9-4-1475+++Р-17-3-9-4-1475),Р-17-3-9-4-1475,Р17,3-9,4,1475,opys-explicit
50f1c73a-61c2-4db5-9fb2-0e63835810eb,ЦДНТА-(Р-17-3-9-4-1477+++Р-17-3-9-4-1477+++Р-17-3-9-4-1477),Р-17-3-9-4-1477,Р17,3-9,4,1477,opys-explicit
29ce2d46-e44d-4a5b-a7e0-a2ee949e528d,ЦДНТА-(Р-17-3-9-4-1501+++Р-17-3-9-4-1501+++Р-17-3-9-4-1501),Р-17-3-9-4-1501,Р17,3-9,4,1501,opys-explicit
9275fd67-f6a0-418c-a3f3-c824e7eaec4e,ЦДНТА-(Р-17-3-9-4-1484+++Р-17-3-9-4-1484+++Р-17-3-9-4-1484),Р-17-3-9-4-1484,Р17,3-9,4,1484,opys-explicit
5690043d-a0de-433b-aa10-5930182b53cd,ЦДНТА-(Р-17-3-9-4-1512+++Р-17-3-9-4-1512+++Р-17-3-9-4-1512),Р-17-3-9-4-1512,Р17,3-9,4,1512,opys-explicit
1b03c860-2ed6-47b7-b828-15c6bb782b68,ЦДНТА-(Р-17-3-9-4-1522+++Р-17-3-9-4-1522+++Р-17-3-9-4-1522),Р-17-3-9-4-1522,Р17,3-9,4,1522,opys-explicit
b6c17d89-8e44-4989-a793-d6ed9f53fb88,ЦДНТА-(Р-17-3-9-4-1546+++Р-17-3-9-4-1546+++Р-17-3-9-4-1546),Р-17-3-9-4-1546,Р17,3-9,4,1546,opys-explicit
ac00689b-153d-47aa-bca3-aace390454b8,ЦДНТА-(Р-17-3-9-4-1541+++Р-17-3-9-4-1541+++Р-17-3-9-4-1541),Р-17-3-9-4-1541,Р17,3-9,4,1541,opys-explicit
b26fdca3-1c2c-4ec0-bbf3-d167fcfffcde,ЦДНТА-(Р-17-3-9-4-1525+++Р-17-3-9-4-1525+++Р-17-3-9-4-1525),Р-17-3-9-4-1525,Р17,3-9,4,1525,opys-explicit
1793dc8e-6f9f-452e-bc0c-3ac225f69ab8,ЦДНТА-(Р-17-3-9-4-1549+++Р-17-3-9-4-1549+++Р-17-3-9-4-1549),Р-17-3-9-4-1549,Р17,3-9,4,1549,opys-explicit
2b044df0-ca85-4929-85a0-c2986dfb1afa,ЦДНТА-(Р-17-3-9-4-1557+++Р-17-3-9-4-1557+++Р-17-3-9-4-1557),Р-17-3-9-4-1557,Р17,3-9,4,1557,opys-explicit
8512369c-4214-4034-a1ec-881683210a0d,ЦДНТА-(Р-17-3-9-4-1554+++Р-17-3-9-4-1554+++Р-17-3-9-4-1554),Р-17-3-9-4-1554,Р17,3-9,4,1554,opys-explicit
c3c4b568-aa69-44c3-b6d3-3b93ed76600b,ЦДНТА-(Р-17-3-9-4-1448+++Р-17-3-9-4-1448+++Р-17-3-9-4-1448),Р-17-3-9-4-1448,Р17,3-9,4,1448,opys-explicit
27fe92a1-8817-4232-9103-b16b40e00959,ЦДНТА-(Р-17-3-9-4-1476+++Р-17-3-9-4-1476+++Р-17-3-9-4-1476),Р-17-3-9-4-1476,Р17,3-9,4,1476,opys-explicit
770a6c43-9f44-4352-ac74-05be5c1865db,ЦДНТА-(Р-17-3-9-4-1461+++Р-17-3-9-4-1461+++Р-17-3-9-4-1461),Р-17-3-9-4-1461,Р17,3-9,4,1461,opys-explicit
6dc32351-0b5f-419e-a278-607e8043ab76,ЦДНТА-(Р-17-3-9-4-1466+++Р-17-3-9-4-1466+++Р-17-3-9-4-1466),Р-17-3-9-4-1466,Р17,3-9,4,1466,opys-explicit
5f5b4f5d-b14f-4f05-9bfd-3ebb721e8fcc,ЦДНТА-(Р-17-3-9-4-1709+++Р-17-3-9-4-1709+++Р-17-3-9-4-1709),Р-17-3-9-4-1709,Р17,3-9,4,1709,opys-explicit
32fa819f-d3b5-46d7-a382-ab3fec1379d0,ЦДНТА-(Р-17-3-9-4-1717+++Р-17-3-9-4-1717+++Р-17-3-9-4-1717),Р-17-3-9-4-1717,Р17,3-9,4,1717,opys-explicit
0671c8cd-41e6-48eb-ba13-808a82e42432,ЦДНТА-(Р-17-3-9-4-1722+++Р-17-3-9-4-1722+++Р-17-3-9-4-1722),Р-17-3-9-4-1722,Р17,3-9,4,1722,opys-explicit
d416def8-5bbd-4b1c-82d4-9a20d86802a8,ЦДНТА-(Р-17-3-9-4-1723+++Р-17-3-9-4-1723+++Р-17-3-9-4-1723),Р-17-3-9-4-1723,Р17,3-9,4,1723,opys-explicit
b094d6c9-16f5-4780-ad29-1ccd55e6706f,ЦДНТА-(Р-78-3-22-2-653+++Р-78-3-22-2-653+++Р-78-3-22-2-653),Р-78-3-22-2-653,Р78,3-22,2Д,653,opys-explicit
ec13dbbc-3a00-4d6b-9186-484d0db36ba4,ЦДНТА-(Р-78-3-22-2-665+++Р-78-3-22-2-665+++Р-78-3-22-2-665),Р-78-3-22-2-665,Р78,3-22,2Д,665,opys-explicit
fb895b10-de0b-420a-a83c-291a644ae27f,ЦДНТА-(Р-78-3-22-2-672+++Р-78-3-22-2-672+++Р-78-3-22-2-672),Р-78-3-22-2-672,Р78,3-22,2Д,672,opys-explicit
e721bb8b-22d2-4d35-ad90-9509f379615c,ЦДНТА-(Р-78-3-22-2-667+++Р-78-3-22-2-667+++Р-78-3-22-2-667),Р-78-3-22-2-667,Р78,3-22,2Д,667,opys-explicit
7cfe6abe-8588-4e6c-90b7-dd70bd070734,ЦДНТА-(Р-78-3-22-2-681+++Р-78-3-22-2-681+++Р-78-3-22-2-681),Р-78-3-22-2-681,Р78,3-22,2Д,681,opys-explicit
46fcc227-c909-4ccb-a11c-6cd2f6301a63,ЦДНТА-(Р-78-3-22-2-725+++Р-78-3-22-2-725+++Р-78-3-22-2-725),Р-78-3-22-2-725,Р78,3-22,2Д,725,opys-explicit
83cb46ca-39a0-48c9-ab93-92a4b78ffc48,ЦДНТА-(Р-78-3-22-2-877+++Р-78-3-22-2-877+++Р-78-3-22-2-877),Р-78-3-22-2-877,Р78,3-22,2Д,877,opys-explicit
c70fedd9-b677-4117-9354-e422a1496c5a,ЦДНТА-(Р-78-3-22-2-878+++Р-78-3-22-2-878+++Р-78-3-22-2-878),Р-78-3-22-2-878,Р78,3-22,2Д,878,opys-explicit
0181c70a-6702-490e-9d7c-0d5ec6db6419,ЦДНТА-(Р-78-3-22-2-902+++Р-78-3-22-2-902+++Р-78-3-22-2-902),Р-78-3-22-2-902,Р78,3-22,2Д,902,opys-explicit
e8ea070b-1ac8-4d43-8130-1032e8686aa3,ЦДНТА-(Р-78-3-22-2-891+++Р-78-3-22-2-891+++Р-78-3-22-2-891),Р-78-3-22-2-891,Р78,3-22,2Д,891,opys-explicit
e75842d4-2db6-4d7c-8639-89cbb6f4133a,ЦДНТА-(Р-78-3-22-2-899+++Р-78-3-22-2-899+++Р-78-3-22-2-899),Р-78-3-22-2-899,Р78,3-22,2Д,899,opys-explicit
a659638c-0cb6-4aae-a86a-b95325bd7aa0,ЦДНТА-(Р-78-3-22-2-893+++Р-78-3-22-2-893+++Р-78-3-22-2-893),Р-78-3-22-2-893,Р78,3-22,2Д,893,opys-explicit
357bf95c-ab60-42d1-b9a8-46951c3b5fa6,ЦДНТА-(Р-78-3-22-2-886+++Р-78-3-22-2-886+++Р-78-3-22-2-886),Р-78-3-22-2-886,Р78,3-22,2Д,886,opys-explicit
a78303fa-03ff-4867-bb38-2f8ebac67848,ЦДНТА-(Р-78-3-22-2-867+++Р-78-3-22-2-867+++Р-78-3-22-2-867),Р-78-3-22-2-867,Р78,3-22,2Д,867,opys-explicit
11133f88-359a-4b08-82df-94dbc137b55b,ЦДНТА-(Р-78-3-22-2-869+++Р-78-3-22-2-869+++Р-78-3-22-2-869),Р-78-3-22-2-869,Р78,3-22,2Д,869,opys-explicit
913bd213-4b71-4033-8842-9f0d7fd33366,ЦДНТА-(Р-78-3-22-2-848+++Р-78-3-22-2-848+++Р-78-3-22-2-848),Р-78-3-22-2-848,Р78,3-22,2Д,848,opys-explicit
7c6114d8-8e6a-4f70-becd-816180e6ff52,ЦДНТА-(Р-78-3-22-2-924+++Р-78-3-22-2-924+++Р-78-3-22-2-924),Р-78-3-22-2-924,Р78,3-22,2Д,924,opys-explicit
64e862d4-ebf4-4717-b9cf-b9b0ca6c5cb0,ЦДНТА-(Р-78-3-22-2-905+++Р-78-3-22-2-905+++Р-78-3-22-2-905),Р-78-3-22-2-905,Р78,3-22,2Д,905,opys-explicit
f5a83a9f-f131-4edb-9cce-42d3511334db,ЦДНТА-(Р-78-3-22-2-906+++Р-78-3-22-2-906+++Р-78-3-22-2-906),Р-78-3-22-2-906,Р78,3-22,2Д,906,opys-explicit
2c518ab8-de99-49b5-a882-19c23a241138,ЦДНТА-(Р-78-3-22-2-927+++Р-78-3-22-2-927+++Р-78-3-22-2-927),Р-78-3-22-2-927,Р78,3-22,2Д,927,opys-explicit
adafaaef-6e1b-4191-8a92-17b66c86045c,ЦДНТА-(Р-78-3-22-2-923+++Р-78-3-22-2-923+++Р-78-3-22-2-923),Р-78-3-22-2-923,Р78,3-22,2Д,923,opys-explicit
e76b8664-6608-425e-8fde-d682e340ddbb,ЦДНТА-(Р-17-3-9-4-2715+++Р-17-3-9-4-2715+++Р-17-3-9-4-2715),Р-17-3-9-4-2715,Р17,3-9,4,2715,opys-explicit
10d9b5e4-d23a-4c29-bcd8-f01f6a6267bf,ЦДНТА-(Р-17-3-9-4-2723+++Р-17-3-9-4-2723+++Р-17-3-9-4-2723),Р-17-3-9-4-2723,Р17,3-9,4,2723,opys-explicit
da758c0b-36d6-45e8-962c-779ebc4a618f,ЦДНТА-(Р-17-3-9-4-2753+++Р-17-3-9-4-2753+++Р-17-3-9-4-2753),Р-17-3-9-4-2753,Р17,3-9,4,2753,opys-explicit
7a11f7b6-1051-4cd5-b473-d671bb35f8f3,ЦДНТА-(Р-17-3-9-4-2750+++Р-17-3-9-4-2750+++Р-17-3-9-4-2750),Р-17-3-9-4-2750,Р17,3-9,4,2750,opys-explicit
87a874ed-86a9-4dea-96f2-75355ccbb12d,ЦДНТА-(Р-17-3-9-4-2763+++Р-17-3-9-4-2763+++Р-17-3-9-4-2763),Р-17-3-9-4-2763,Р17,3-9,4,2763,opys-explicit
295be6fa-7144-4a39-93be-32c74330e1e5,ЦДНТА-(Р-17-3-9-4-2775+++Р-17-3-9-4-2775+++Р-17-3-9-4-2775),Р-17-3-9-4-2775,Р17,3-9,4,2775,opys-explicit
7dca6b3d-7c1f-4971-89c7-39230e49e443,ЦДНТА-(Р-17-3-9-5-2819+++Р-17-3-9-5-2819+++Р-17-3-9-5-2819),Р-17-3-9-5-2819,Р17,3-9,5,2819,opys-explicit+outofrange
08910ad8-371c-4511-98b9-ff4ad68b7272,ЦДНТА-(Р-17-3-9-5-2842+++Р-17-3-9-5-2842+++Р-17-3-9-5-2842),Р-17-3-9-5-2842,Р17,3-9,5,2842,opys-explicit+outofrange
becf25e4-9eec-49f9-90a4-e57684437ccf,ЦДНТА-(Р-17-3-9-5-2840+++Р-17-3-9-5-2840+++Р-17-3-9-5-2840),Р-17-3-9-5-2840,Р17,3-9,5,2840,opys-explicit+outofrange
36d82da1-15d0-445d-a62d-fa70b5810323,ЦДНТА-(Р-17-3-9-4-2606+++Р-17-3-9-4-2606+++Р-17-3-9-4-2606),Р-17-3-9-4-2606,Р17,3-9,4,2606,opys-explicit
79b537be-4b07-4ec1-8417-a07922a18a19,ЦДНТА-(Р-17-3-9-4-2665+++Р-17-3-9-4-2665+++Р-17-3-9-4-2665),Р-17-3-9-4-2665,Р17,3-9,4,2665,opys-explicit
4aebd412-eea6-4718-b0f8-ba0f380812ad,ЦДНТА-(Р-18-3-10-3-309+++Р-18-3-10-3-309+++Р-18-3-10-3-309),Р-18-3-10-3-309,Р18,3-10,3,309,opys-explicit
c4fcdb6d-eb50-40a8-92f4-482a86059c2b,ЦДНТА-(Р-18-3-10-4-318+++Р-18-3-10-4-318+++Р-18-3-10-4-318),Р-18-3-10-4-318,Р18,3-10,4,318,opys-explicit
aceb277e-9e61-4619-aee9-9032ab3d6d6a,ЦДНТА-(Р-18-3-10-4-321+++Р-18-3-10-4-321+++Р-18-3-10-4-321),Р-18-3-10-4-321,Р18,3-10,4,321,opys-explicit
f4d87ce1-2976-4b6c-ae27-e66576898b83,ЦДНТА-(Р-17-3-9-1-8+++Р-17-3-9-1-8+++Р-17-3-9-1-8),Р-17-3-9-1-8,Р17,3-9,1,8,opys-explicit
6ff41ab0-ed95-42bd-85cd-761fc573c843,ЦДНТА-(Р-78-3-22-2-948+++Р-78-3-22-2-948+++Р-78-3-22-2-948),Р-78-3-22-2-948,Р78,3-22,2Д,948,opys-explicit
854e25f4-5c13-459f-84ed-d8f4be249572,ЦДНТА-(Р-78-3-22-2-951+++Р-78-3-22-2-951+++Р-78-3-22-2-951),Р-78-3-22-2-951,Р78,3-22,2Д,951,opys-explicit
7fd47fb7-4101-42d7-bd31-5ef92765aa45,ЦДНТА-(Р-78-3-22-2-932+++Р-78-3-22-2-932+++Р-78-3-22-2-932),Р-78-3-22-2-932,Р78,3-22,2Д,932,opys-explicit
dac08c26-81e7-4a6d-8699-ea741ca7906e,ЦДНТА-(Р-78-3-22-2-933+++Р-78-3-22-2-933+++Р-78-3-22-2-933),Р-78-3-22-2-933,Р78,3-22,2Д,933,opys-explicit
9298a3eb-9b13-4678-b703-38c5863f2ddf,ЦДНТА-(Р-78-3-22-2-941+++Р-78-3-22-2-941+++Р-78-3-22-2-941),Р-78-3-22-2-941,Р78,3-22,2Д,941,opys-explicit
3f08e091-75dc-4c0b-81fe-9dd9940f09ae,ЦДНТА-(Р-78-3-22-2-947+++Р-78-3-22-2-947+++Р-78-3-22-2-947),Р-78-3-22-2-947,Р78,3-22,2Д,947,opys-explicit
4e5ad161-db22-4304-b4d6-d5d87d55b236,ЦДНТА-(Р-78-3-22-2-956+++Р-78-3-22-2-956+++Р-78-3-22-2-956),Р-78-3-22-2-956,Р78,3-22,2Д,956,opys-explicit
54b5d5a1-b585-4937-b36c-689dbf3ba59d,ЦДНТА-(Р-17-3-9-4-1767+++Р-17-3-9-4-1767+++Р-17-3-9-4-1767),Р-17-3-9-4-1767,Р17,3-9,4,1767,opys-explicit
4532c4ec-3b24-4785-8c91-7b0c9dc4856b,ЦДНТА-(Р-17-3-9-4-1786+++Р-17-3-9-4-1786+++Р-17-3-9-4-1786),Р-17-3-9-4-1786,Р17,3-9,4,1786,opys-explicit
f2c87ba9-12f3-4195-aac5-22dcad12c3bb,ЦДНТА-(Р-17-3-9-4-1790+++Р-17-3-9-4-1790+++Р-17-3-9-4-1790),Р-17-3-9-4-1790,Р17,3-9,4,1790,opys-explicit
e01a3b2c-8ce3-4876-812b-ed07bc7f76b7,ЦДНТА-(Р-17-3-9-4-1838+++Р-17-3-9-4-1838+++Р-17-3-9-4-1838),Р-17-3-9-4-1838,Р17,3-9,4,1838,opys-explicit
6c2aeaef-b2a1-423f-8eb9-56ccb3438c7e,ЦДНТА-(Р-17-3-9-4-1848+++Р-17-3-9-4-1848+++Р-17-3-9-4-1848),Р-17-3-9-4-1848,Р17,3-9,4,1848,opys-explicit
5caee2d3-5b5a-48ec-a103-fa757819bfac,ЦДНТА-(Р-17-3-9-4-1866+++Р-17-3-9-4-1866+++Р-17-3-9-4-1866),Р-17-3-9-4-1866,Р17,3-9,4,1866,opys-explicit
33555b42-36d0-4ab8-881c-6d74f9cd2972,ЦДНТА-(Р-17-3-9-4-1867+++Р-17-3-9-4-1867+++Р-17-3-9-4-1867),Р-17-3-9-4-1867,Р17,3-9,4,1867,opys-explicit
8ad1eff4-0680-4f01-89c3-89d195900298,ЦДНТА-(Р-17-3-9-4-1876+++Р-17-3-9-4-1876+++Р-17-3-9-4-1876),Р-17-3-9-4-1876,Р17,3-9,4,1876,opys-explicit
fd28bbbd-da3b-466a-b23b-26beb29f9fb6,ЦДНТА-(Р-17-3-9-4-1857+++Р-17-3-9-4-1857+++Р-17-3-9-4-1857),Р-17-3-9-4-1857,Р17,3-9,4,1857,opys-explicit
2aec4273-1c96-4ab4-a211-a9232872b909,ЦДНТА-(Р-17-3-9-4-1875+++Р-17-3-9-4-1875+++Р-17-3-9-4-1875),Р-17-3-9-4-1875,Р17,3-9,4,1875,opys-explicit
af9f8cea-bd13-4601-820b-e95e22bf9f31,ЦДНТА-(Р-107-3-36-3-354+++Р-107-3-36-3-354+++Р-107-3-36-3-354),Р-107-3-36-3-354,Р107,3-36,3,354,opys-explicit
4f2f07b1-64fc-4b9e-a426-c5706e5b2d37,ЦДНТА-(Р-107-3-36-3-402+++Р-107-3-36-3-402+++Р-107-3-36-3-402),Р-107-3-36-3-402,Р107,3-36,3,402,opys-explicit
cfe12424-4617-4204-a3db-5c4b634564ac,ЦДНТА-(Р-107-3-36-3-368+++Р-107-3-36-3-368+++Р-107-3-36-3-368),Р-107-3-36-3-368,Р107,3-36,3,368,opys-explicit
dd427fc7-1d72-4ba8-8f39-089ed89fb2a0,ЦДНТА-(Р-107-3-36-3-364+++Р-107-3-36-3-364+++Р-107-3-36-3-364),Р-107-3-36-3-364,Р107,3-36,3,364,opys-explicit
e3a9c0ea-4227-4168-b661-8aa7b20e5d6d,ЦДНТА-(Р-107-3-36-3-362+++Р-107-3-36-3-362+++Р-107-3-36-3-362),Р-107-3-36-3-362,Р107,3-36,3,362,opys-explicit
4791484e-b000-4b2f-b93e-c41e897b073a,ЦДНТА-(Р-107-3-36-3-376+++Р-107-3-36-3-376+++Р-107-3-36-3-376),Р-107-3-36-3-376,Р107,3-36,3,376,opys-explicit
cc01d11e-bf69-4e27-a56a-dc0f6d8ab232,ЦДНТА-(Р-107-3-36-3-379+++Р-107-3-36-3-379+++Р-107-3-36-3-379),Р-107-3-36-3-379,Р107,3-36,3,379,opys-explicit
68621d02-6eee-414c-a65d-0a9e1ccf6248,ЦДНТА-(Р-107-3-36-3-438+++Р-107-3-36-3-438+++Р-107-3-36-3-438),Р-107-3-36-3-438,Р107,3-36,3,438,opys-explicit
334d340c-ac8a-4032-bcb2-f0c3b4666a14,ЦДНТА-(Р-107-3-36-3-485+++Р-107-3-36-3-485+++Р-107-3-36-3-485),Р-107-3-36-3-485,Р107,3-36,3,485,opys-explicit
88053087-4981-4a40-8cdd-3bd7850a99b3,ЦДНТА-(Р-18-3-10-3-306+++Р-18-3-10-3-306+++Р-18-3-10-3-306),Р-18-3-10-3-306,Р18,3-10,3,306,opys-explicit
b4ddea3d-afaa-46c7-8772-68e47b511a71,ЦДНТА-(Р-18-3-10-3-302+++Р-18-3-10-3-302+++Р-18-3-10-3-302),Р-18-3-10-3-302,Р18,3-10,3,302,opys-explicit
7624d0ac-de88-4ddf-ad53-5fa9564e7739,ЦДНТА-(Р-18-3-10-3-312+++Р-18-3-10-3-312+++Р-18-3-10-3-312),Р-18-3-10-3-312,Р18,3-10,3,312,opys-explicit
34a731e8-815e-4bb4-91f1-39d9aef4c4ac,ЦДНТА-(Р-78-3-22-2-718+++Р-78-3-22-2-718+++Р-78-3-22-2-718),Р-78-3-22-2-718,Р78,3-22,2Д,718,opys-explicit
01fce86a-37d9-40fb-8024-78c3b714ebf3,ЦДНТА-(Р-78-3-22-2-733+++Р-78-3-22-2-733+++Р-78-3-22-2-733),Р-78-3-22-2-733,Р78,3-22,2Д,733,opys-explicit
20e6eff2-adc9-4f42-8d85-8faee0dc3a8e,ЦДНТА-(Р-78-3-22-2-710+++Р-78-3-22-2-710+++Р-78-3-22-2-710),Р-78-3-22-2-710,Р78,3-22,2Д,710,opys-explicit
6849a122-5e61-43b8-944b-d0317bb11a05,ЦДНТА-(Р-78-3-22-2-715+++Р-78-3-22-2-715+++Р-78-3-22-2-715),Р-78-3-22-2-715,Р78,3-22,2Д,715,opys-explicit
605c866a-36c3-4b99-9423-0babef2c5858,ЦДНТА-(Р-78-3-22-2-731+++Р-78-3-22-2-731+++Р-78-3-22-2-731),Р-78-3-22-2-731,Р78,3-22,2Д,731,opys-explicit
8453be71-fe46-4d8e-b002-4f6f7bc0e0d3,ЦДНТА-(Р-78-3-22-2-728+++Р-78-3-22-2-728+++Р-78-3-22-2-728),Р-78-3-22-2-728,Р78,3-22,2Д,728,opys-explicit
3deb36ba-7933-4117-831f-5a953f5d04b4,ЦДНТА-(Р-78-3-22-2-741+++Р-78-3-22-2-741+++Р-78-3-22-2-741),Р-78-3-22-2-741,Р78,3-22,2Д,741,opys-explicit
7c1d034b-5581-4c8d-9953-5f65d7335fdf,ЦДНТА-(Р-78-3-22-2-744+++Р-78-3-22-2-744+++Р-78-3-22-2-744),Р-78-3-22-2-744,Р78,3-22,2Д,744,opys-explicit
e9e7636d-2d84-4fec-b25c-069040efca42,ЦДНТА-(Р-78-3-22-2-738+++Р-78-3-22-2-738+++Р-78-3-22-2-738),Р-78-3-22-2-738,Р78,3-22,2Д,738,opys-explicit
70a1718f-e846-4514-b095-d5a6f4ab0b55,ЦДНТА-(Р-78-3-22-2-760+++Р-78-3-22-2-760+++Р-78-3-22-2-760),Р-78-3-22-2-760,Р78,3-22,2Д,760,opys-explicit
7cedd3d1-f4b8-4da7-bd15-5980c87ee7f1,ЦДНТА-(Р-78-3-22-2-755+++Р-78-3-22-2-755+++Р-78-3-22-2-755),Р-78-3-22-2-755,Р78,3-22,2Д,755,opys-explicit
f641af5f-2743-438b-a80d-fa978c2b6a72,ЦДНТА-(Р-78-3-22-2-792+++Р-78-3-22-2-792+++Р-78-3-22-2-792),Р-78-3-22-2-792,Р78,3-22,2Д,792,opys-explicit
2d6cdf06-305d-4829-91cc-8605a8780850,ЦДНТА-(Р-78-3-22-2-784+++Р-78-3-22-2-784+++Р-78-3-22-2-784),Р-78-3-22-2-784,Р78,3-22,2Д,784,opys-explicit
8488686e-75a7-4b5d-9598-1adc30fce517,ЦДНТА-(Р-78-3-22-2-787+++Р-78-3-22-2-787+++Р-78-3-22-2-787),Р-78-3-22-2-787,Р78,3-22,2Д,787,opys-explicit
7f7a49b6-a300-4867-9910-ea182e3203d5,ЦДНТА-(Р-78-3-22-2-789+++Р-78-3-22-2-789+++Р-78-3-22-2-789),Р-78-3-22-2-789,Р78,3-22,2Д,789,opys-explicit
284e544d-0c2c-4a25-8e55-3fbdc4b5c27e,ЦДНТА-(Р-78-3-22-2-775+++Р-78-3-22-2-775+++Р-78-3-22-2-775),Р-78-3-22-2-775,Р78,3-22,2Д,775,opys-explicit
6a6ac7f0-e93c-4b7f-8781-35e983bf555a,ЦДНТА-(Р-78-3-22-2-794+++Р-78-3-22-2-794+++Р-78-3-22-2-794),Р-78-3-22-2-794,Р78,3-22,2Д,794,opys-explicit
06c685e6-ca46-4d1d-9829-df338042add0,ЦДНТА-(Р-78-3-22-2-824+++Р-78-3-22-2-824+++Р-78-3-22-2-824),Р-78-3-22-2-824,Р78,3-22,2Д,824,opys-explicit
51d369e2-fb4e-45ac-9421-680085a37492,ЦДНТА-(Р-78-3-22-2-822+++Р-78-3-22-2-822+++Р-78-3-22-2-822),Р-78-3-22-2-822,Р78,3-22,2Д,822,opys-explicit
7f8cca26-c8bc-4d1c-aa04-b232dfe71aab,ЦДНТА-(Р-78-3-22-2-817+++Р-78-3-22-2-817+++Р-78-3-22-2-817),Р-78-3-22-2-817,Р78,3-22,2Д,817,opys-explicit
5422972c-3964-4b96-9999-07679c3ba8f8,ЦДНТА-(Р-78-3-22-2-810+++Р-78-3-22-2-810+++Р-78-3-22-2-810),Р-78-3-22-2-810,Р78,3-22,2Д,810,opys-explicit
79023961-2f4c-4b48-9567-09b966b63ee5,ЦДНТА-(Р-78-3-22-2-799+++Р-78-3-22-2-799+++Р-78-3-22-2-799),Р-78-3-22-2-799,Р78,3-22,2Д,799,opys-explicit
a52fdbe6-9a03-4833-b259-45c09cd1e30c,ЦДНТА-(Р-78-3-22-2-816+++Р-78-3-22-2-816+++Р-78-3-22-2-816),Р-78-3-22-2-816,Р78,3-22,2Д,816,opys-explicit
daea18f2-1337-43ba-9ab9-7a2a1533ed68,ЦДНТА-(Р-78-3-22-2-796+++Р-78-3-22-2-796+++Р-78-3-22-2-796),Р-78-3-22-2-796,Р78,3-22,2Д,796,opys-explicit
0acc86db-3e79-4ee1-9819-857217b63bf9,ЦДНТА-(Р-78-3-22-2-828+++Р-78-3-22-2-828+++Р-78-3-22-2-828),Р-78-3-22-2-828,Р78,3-22,2Д,828,opys-explicit
196348e2-25d1-4281-b4e9-c565995478b7,ЦДНТА-(Р-78-3-22-2-834+++Р-78-3-22-2-834+++Р-78-3-22-2-834),Р-78-3-22-2-834,Р78,3-22,2Д,834,opys-explicit
771ca8d2-8a0d-4cf8-b763-70cd4954cb96,ЦДНТА-(Р-78-3-22-2-839+++Р-78-3-22-2-839+++Р-78-3-22-2-839),Р-78-3-22-2-839,Р78,3-22,2Д,839,opys-explicit
046fa24f-4878-4f19-b847-295065685c82,ЦДНТА-(Р-78-3-22-2-837+++Р-78-3-22-2-837+++Р-78-3-22-2-837),Р-78-3-22-2-837,Р78,3-22,2Д,837,opys-explicit
6fa9d75b-f1c7-4ea2-a89f-be8d02d24030,ЦДНТА-(Р-78-3-22-2-835a+++Р-78-3-22-2-835a+++Р-78-3-22-2-835a),Р-78-3-22-2-835А,Р78,3-22,2Д,835А,opys-explicit
737c278e-8df4-432a-9fba-f4e7e384efbe,ЦДНТА-(Р-78-3-22-2-833+++Р-78-3-22-2-833+++Р-78-3-22-2-833),Р-78-3-22-2-833,Р78,3-22,2Д,833,opys-explicit
106407d8-82d6-404b-8622-e31b58b823b4,ЦДНТА-(Р-78-3-22-2-856+++Р-78-3-22-2-856+++Р-78-3-22-2-856),Р-78-3-22-2-856,Р78,3-22,2Д,856,opys-explicit
5d234afd-5ffa-4707-ab27-19307190f559,ЦДНТА-(Р-78-3-22-2-855+++Р-78-3-22-2-855+++Р-78-3-22-2-855),Р-78-3-22-2-855,Р78,3-22,2Д,855,opys-explicit
8407273e-e5d6-442d-b244-dcca1e92b4e6,ЦДНТА-(Р-78-3-22-2-898+++Р-78-3-22-2-898+++Р-78-3-22-2-898),Р-78-3-22-2-898,Р78,3-22,2Д,898,opys-explicit
c97c99b7-2eb1-465d-b18b-920157e743d9,ЦДНТА-(Р-78-3-22-2-894+++Р-78-3-22-2-894+++Р-78-3-22-2-894),Р-78-3-22-2-894,Р78,3-22,2Д,894,opys-explicit
2f8644af-bb7b-4c5d-97a5-6e474eb7708e,ЦДНТА-(Р-78-3-22-2-885+++Р-78-3-22-2-885+++Р-78-3-22-2-885),Р-78-3-22-2-885,Р78,3-22,2Д,885,opys-explicit
fe56843d-18af-4d4d-a04a-e5c94d26449c,ЦДНТА-(Р-78-3-22-2-879+++Р-78-3-22-2-879+++Р-78-3-22-2-879),Р-78-3-22-2-879,Р78,3-22,2Д,879,opys-explicit
7e966aba-d61c-45a0-b211-03c12995c40b,ЦДНТА-(Р-78-3-22-2-880+++Р-78-3-22-2-880+++Р-78-3-22-2-880),Р-78-3-22-2-880,Р78,3-22,2Д,880,opys-explicit
dfa5f4ef-67c0-472a-b246-5f94c21eb7bb,ЦДНТА-(Р-78-3-22-2-892+++Р-78-3-22-2-892+++Р-78-3-22-2-892),Р-78-3-22-2-892,Р78,3-22,2Д,892,opys-explicit
b64fa193-92d6-48a8-a689-4ad1ae5cb6f3,ЦДНТА-(Р-78-3-22-2-881+++Р-78-3-22-2-881+++Р-78-3-22-2-881),Р-78-3-22-2-881,Р78,3-22,2Д,881,opys-explicit
5cb26eb0-6aa9-472d-beef-9d6ec8fe5e23,ЦДНТА-(Р-78-3-22-2-889+++Р-78-3-22-2-889+++Р-78-3-22-2-889),Р-78-3-22-2-889,Р78,3-22,2Д,889,opys-explicit
93cda81b-a7f5-455a-9e9a-b022c97c72a6,ЦДНТА-(Р-78-3-22-2-890+++Р-78-3-22-2-890+++Р-78-3-22-2-890),Р-78-3-22-2-890,Р78,3-22,2Д,890,opys-explicit
be1e3cc1-6d34-478c-8550-aba98f9c52ea,ЦДНТА-(Р-78-3-22-2-875+++Р-78-3-22-2-875+++Р-78-3-22-2-875),Р-78-3-22-2-875,Р78,3-22,2Д,875,opys-explicit
b18734fd-a9d4-47d4-b5f3-c24a93e85012,ЦДНТА-(Р-78-3-22-2-863+++Р-78-3-22-2-863+++Р-78-3-22-2-863),Р-78-3-22-2-863,Р78,3-22,2Д,863,opys-explicit
c49979e7-d30b-4d81-8b79-16268b25e175,ЦДНТА-(Р-78-3-22-2-860+++Р-78-3-22-2-860+++Р-78-3-22-2-860),Р-78-3-22-2-860,Р78,3-22,2Д,860,opys-explicit
1f37aae1-b0d3-41fb-8036-f7bb21a2af4e,ЦДНТА-(Р-78-3-22-2-870+++Р-78-3-22-2-870+++Р-78-3-22-2-870),Р-78-3-22-2-870,Р78,3-22,2Д,870,opys-explicit
8a25455a-9b35-4b7f-9d18-cddc69068928,ЦДНТА-(Р-78-3-22-2-873+++Р-78-3-22-2-873+++Р-78-3-22-2-873),Р-78-3-22-2-873,Р78,3-22,2Д,873,opys-explicit
eb20b26d-bcb8-4e02-a246-4e859ec5f9f9,ЦДНТА-(Р-78-3-22-2-849+++Р-78-3-22-2-849+++Р-78-3-22-2-849),Р-78-3-22-2-849,Р78,3-22,2Д,849,opys-explicit
dc5c29b3-3e70-44e3-a696-57e88b97981d,ЦДНТА-(Р-17-3-9-5-2974+++Р-17-3-9-5-2974+++Р-17-3-9-5-2974),Р-17-3-9-5-2974,Р17,3-9,5,2974,opys-explicit+outofrange
ae847583-83f2-45a9-8b06-85900693e3a9,ЦДНТА-(Р-17-3-9-5-2991+++Р-17-3-9-5-2991+++Р-17-3-9-5-2991),Р-17-3-9-5-2991,Р17,3-9,5,2991,opys-explicit+outofrange
733ae5cb-9dc6-402b-8721-0c3269f9cda2,ЦДНТА-(Р-17-3-9-5-2989+++Р-17-3-9-5-2989+++Р-17-3-9-5-2989),Р-17-3-9-5-2989,Р17,3-9,5,2989,opys-explicit+outofrange
e92fd491-ad09-49b3-aed1-e93d9f5ea145,ЦДНТА-(Р-17-3-9-5-3010+++Р-17-3-9-5-3010+++Р-17-3-9-5-3010),Р-17-3-9-5-3010,Р17,3-9,5,3010,opys-explicit+outofrange
b761a8a9-f9cd-472e-bdfc-2a25d67f002b,ЦДНТА-(Р-17-3-9-5-2979+++Р-17-3-9-5-2979+++Р-17-3-9-5-2979),Р-17-3-9-5-2979,Р17,3-9,5,2979,opys-explicit+outofrange
319443fe-c377-4e4f-b869-8502c108ece6,ЦДНТА-(Р-17-3-9-5-3011+++Р-17-3-9-5-3011+++Р-17-3-9-5-3011),Р-17-3-9-5-3011,Р17,3-9,5,3011,opys-explicit+outofrange
09a43b77-dee6-4ee7-8ee1-d9797984718f,ЦДНТА-(Р-17-3-9-5-3004+++Р-17-3-9-5-3004+++Р-17-3-9-5-3004),Р-17-3-9-5-3004,Р17,3-9,5,3004,opys-explicit+outofrange
b2c986c8-86de-4fa0-aa80-dc3fd246bf42,ЦДНТА-(Р-17-3-9-6-3049+++Р-17-3-9-6-3049+++Р-17-3-9-6-3049),Р-17-3-9-6-3049,Р17,3-9,6,3049,opys-explicit
8bf3f8d8-8879-40e3-bf0d-a9495553ef64,ЦДНТА-(Р-17-3-9-7-3080+++Р-17-3-9-7-3080+++Р-17-3-9-7-3080),Р-17-3-9-7-3080,Р17,3-9,7,3080,opys-explicit+outofrange
c7daa773-1222-4163-a72e-0ae8b77bf97c,ЦДНТА-(Р-17-3-9-7-3082+++Р-17-3-9-7-3082+++Р-17-3-9-7-3082),Р-17-3-9-7-3082,Р17,3-9,7,3082,opys-explicit+outofrange
3dbd8590-6446-4678-a3e1-64b5ba83d473,ЦДНТА-(Р-17-3-9-6-3073+++Р-17-3-9-6-3073+++Р-17-3-9-6-3073),Р-17-3-9-6-3073,Р17,3-9,6,3073,opys-explicit
13c2550e-3060-4512-bfb5-6be4f8c70945,ЦДНТА-(Р-17-3-9-6-3061+++Р-17-3-9-6-3061+++Р-17-3-9-6-3061),Р-17-3-9-6-3061,Р17,3-9,6,3061,opys-explicit
d4cbacfe-1387-43d4-bac5-59bf777cf1c3,ЦДНТА-(Р-17-3-9-60+++Р-17-3-9-60+++Р-17-3-9-60),Р-17-3-9-60,Р17,3-9,1,60,range-lookup
e9ef52e0-663c-43b5-a29e-1d6189a7df09,ЦДНТА-(Р-17-3-9-65+++Р-17-3-9-65+++Р-17-3-9-65),Р-17-3-9-65,Р17,3-9,1,65,range-lookup
29dacfa3-0721-40e5-82e0-4ab608078581,ЦДНТА-(Р-17-3-9-54+++Р-17-3-9-54+++Р-17-3-9-54),Р-17-3-9-54,Р17,3-9,1,54,range-lookup
277a9874-f100-412c-aab4-6fe54db5e3ad,ЦДНТА-(Р-78-3-22-103+++Р-78-3-22-103+++Р-78-3-22-1-103),Р-78-3-22-103,Р78,3-22,1Н,103,range-lookup
8e6a9fd6-72df-4ccf-b87d-7db35be8789d,ЦДНТА-(Р-78-3-22-96+++Р-78-3-22-96+++Р-78-3-22-1-96),Р-78-3-22-96,Р78,3-22,1Н,96,range-lookup
e38630cd-141b-4f30-b7dc-cb126e346690,ЦДНТА-(Р-78-3-22-1-214+++Р-78-3-22-1-214+++Р-78-3-22-1-214),Р-78-3-22-1-214,Р78,3-22,1Н,214,opys-explicit
4e64a954-001c-45da-ad95-68d0fc467114,ЦДНТА-(Р-78-3-22-2-236+++Р-78-3-22-2-236+++Р-78-3-22-2-236),Р-78-3-22-2-236,Р78,3-22,2Д,236,opys-explicit
d7002216-f911-4840-93a9-3b71328442ea,ЦДНТА-(Р-78-3-22-1-192+++Р-78-3-22-1-192+++Р-78-3-22-1-192),Р-78-3-22-1-192,Р78,3-22,1Н,192,opys-explicit
e5eba481-56e3-4959-99de-1157b3edc702,ЦДНТА-(Р-78-3-22-2-227+++Р-78-3-22-2-227+++Р-78-3-22-2-227),Р-78-3-22-2-227,Р78,3-22,2Д,227,opys-explicit
073140c7-7082-4aac-a7e9-1733de1291ff,ЦДНТА-(Р-78-3-22-1-208+++Р-78-3-22-1-208+++Р-78-3-22-1-208),Р-78-3-22-1-208,Р78,3-22,1Н,208,opys-explicit
ab9bf619-0ee2-4e25-ba86-3f0788661c12,ЦДНТА-(Р-78-3-22-2-224+++Р-78-3-22-2-224+++Р-78-3-22-2-224),Р-78-3-22-2-224,Р78,3-22,2Д,224,opys-explicit
04b0a821-580d-4e91-940c-75cffd743b0e,ЦДНТА-(Р-78-3-22-1-158+++Р-78-3-22-1-158+++Р-78-3-22-1-158),Р-78-3-22-1-158,Р78,3-22,1Н,158,opys-explicit
d37e2991-f222-4fc5-a3bc-dfc5acb65e60,ЦДНТА-(Р-78-3-22-2-230+++Р-78-3-22-2-230+++Р-78-3-22-2-230),Р-78-3-22-2-230,Р78,3-22,2Д,230,opys-explicit
6ca6e6c6-346d-42aa-98ef-86dd1597877b,ЦДНТА-(Р-78-3-22-2-243+++Р-78-3-22-2-243+++Р-78-3-22-2-243),Р-78-3-22-2-243,Р78,3-22,2Д,243,opys-explicit
54702ab4-df04-49b7-af8c-a694c4f152ab,ЦДНТА-(Р-78-3-22-2-228+++Р-78-3-22-2-228+++Р-78-3-22-2-228),Р-78-3-22-2-228,Р78,3-22,2Д,228,opys-explicit
8543a130-234f-4a9c-9bd8-27964ec816bd,ЦДНТА-(Р-78-3-22-2-225+++Р-78-3-22-2-225+++Р-78-3-22-2-225),Р-78-3-22-2-225,Р78,3-22,2Д,225,opys-explicit
05bc16ce-1d64-4c4e-ba5b-a5538d0bfc9c,ЦДНТА-(Р-78-3-22-2-235+++Р-78-3-22-2-235+++Р-78-3-22-2-235),Р-78-3-22-2-235,Р78,3-22,2Д,235,opys-explicit
9dacfbfe-98ba-4554-87eb-3c98de6a4fba,ЦДНТА-(Р-78-3-22-2-263+++Р-78-3-22-2-263+++Р-78-3-22-2-263),Р-78-3-22-2-263,Р78,3-22,2Д,263,opys-explicit
b1b5efcb-f25d-47c4-94ad-698f9785deb1,ЦДНТА-(Р-78-3-22-2-311+++Р-78-3-22-2-311+++Р-78-3-22-2-311),Р-78-3-22-2-311,Р78,3-22,2Д,311,opys-explicit
eb671ece-be57-492b-ad70-1e22b2547c3b,ЦДНТА-(Р-78-3-22-2-327+++Р-78-3-22-2-327+++Р-78-3-22-2-327),Р-78-3-22-2-327,Р78,3-22,2Д,327,opys-explicit
e498cb9c-4c35-4adf-b81c-d46a86bc6ac1,ЦДНТА-(Р-78-3-22-2-318+++Р-78-3-22-2-318+++Р-78-3-22-2-318),Р-78-3-22-2-318,Р78,3-22,2Д,318,opys-explicit
c22abe7d-3a10-474b-b7dc-a726a9f77340,ЦДНТА-(Р-78-3-22-2-312+++Р-78-3-22-2-312+++Р-78-3-22-2-312),Р-78-3-22-2-312,Р78,3-22,2Д,312,opys-explicit
d962f880-056c-4f71-a951-4715de1db8d5,ЦДНТА-(Р-78-3-22-2-322+++Р-78-3-22-2-322+++Р-78-3-22-2-322),Р-78-3-22-2-322,Р78,3-22,2Д,322,opys-explicit
8da3d398-34e6-4970-92ea-b79476341538,ЦДНТА-(Р-78-3-22-2-314+++Р-78-3-22-2-314+++Р-78-3-22-2-314),Р-78-3-22-2-314,Р78,3-22,2Д,314,opys-explicit
7e2c0e20-8983-4096-b569-e4af582b0950,ЦДНТА-(Р-78-3-22-2-332+++Р-78-3-22-2-332+++Р-78-3-22-2-332),Р-78-3-22-2-332,Р78,3-22,2Д,332,opys-explicit
22673621-c4d5-4f35-b104-81c5662fafce,ЦДНТА-(Р-78-3-22-2-341+++Р-78-3-22-2-341+++Р-78-3-22-2-341),Р-78-3-22-2-341,Р78,3-22,2Д,341,opys-explicit
a380067b-7dd9-4cc7-97c3-a5c03e325402,ЦДНТА-(Р-78-3-22-2-362a+++Р-78-3-22-2-362a+++Р-78-3-22-2-362a),Р-78-3-22-2-362А,Р78,3-22,2Д,362А,opys-explicit
caf8841a-8c30-4b30-9bf4-22a6bd55ea10,ЦДНТА-(Р-78-3-22-2-357+++Р-78-3-22-2-357+++Р-78-3-22-2-357),Р-78-3-22-2-357,Р78,3-22,2Д,357,opys-explicit
59b752e5-0c08-45d6-bed6-74a82764d077,ЦДНТА-(Р-78-3-22-2-363+++Р-78-3-22-2-363+++Р-78-3-22-2-363),Р-78-3-22-2-363,Р78,3-22,2Д,363,opys-explicit
bdee6b12-f9e0-49bf-b28d-77ce1b486889,ЦДНТА-(Р-78-3-22-2-375+++Р-78-3-22-2-375+++Р-78-3-22-2-375),Р-78-3-22-2-375,Р78,3-22,2Д,375,opys-explicit
32d83695-f6c3-4cd7-8da3-1e1bb12a6dcb,ЦДНТА-(Р-78-3-22-2-372+++Р-78-3-22-2-372+++Р-78-3-22-2-372),Р-78-3-22-2-372,Р78,3-22,2Д,372,opys-explicit
0dcda420-0045-43d7-9031-87480213a63b,ЦДНТА-(Р-78-3-22-2-378+++Р-78-3-22-2-378+++Р-78-3-22-2-378),Р-78-3-22-2-378,Р78,3-22,2Д,378,opys-explicit
89037303-f927-484a-b2db-43fcd9bc46a8,ЦДНТА-(Р-17-3-9-68+++Р-17-3-9-68+++Р-17-3-9-68),Р-17-3-9-68,Р17,3-9,1,68,range-lookup
5c67c6f4-114f-429a-bf69-c5dfdddbebc7,ЦДНТА-(Р-78-3-22-2-396+++Р-78-3-22-2-396+++Р-78-3-22-2-396),Р-78-3-22-2-396,Р78,3-22,2Д,396,opys-explicit
87db0ac2-eca1-4e80-91c0-ee14a72bac50,ЦДНТА-(Р-78-3-22-2-561+++Р-78-3-22-2-561+++Р-78-3-22-2-561),Р-78-3-22-2-561,Р78,3-22,2Д,561,opys-explicit
c17ef681-7ffe-42d1-98e6-389621756151,ЦДНТА-(Р-78-3-22-2-557+++Р-78-3-22-2-557+++Р-78-3-22-2-557),Р-78-3-22-2-557,Р78,3-22,2Д,557,opys-explicit
51611b91-fa24-4258-9007-cdd9477a9260,ЦДНТА-(Р-78-3-22-2-564+++Р-78-3-22-2-564+++Р-78-3-22-2-564),Р-78-3-22-2-564,Р78,3-22,2Д,564,opys-explicit
89b323b8-835d-49ed-9193-1e24feb6a229,ЦДНТА-(Р-78-3-22-2-584+++Р-78-3-22-2-584+++Р-78-3-22-2-584),Р-78-3-22-2-584,Р78,3-22,2Д,584,opys-explicit
2aa66850-3312-4689-9f15-938a70f61de3,ЦДНТА-(Р-78-3-22-2-585+++Р-78-3-22-2-585+++Р-78-3-22-2-585),Р-78-3-22-2-585,Р78,3-22,2Д,585,opys-explicit
86398592-dbf2-4cb6-88f4-1d3501831561,ЦДНТА-(Р-78-3-22-2-587+++Р-78-3-22-2-587+++Р-78-3-22-2-587),Р-78-3-22-2-587,Р78,3-22,2Д,587,opys-explicit
5051698f-3bf1-4412-b8b5-28c746987943,ЦДНТА-(Р-78-3-22-2-590+++Р-78-3-22-2-590+++Р-78-3-22-2-590),Р-78-3-22-2-590,Р78,3-22,2Д,590,opys-explicit
42728152-bb67-4d26-b209-b2949ac56ebb,ЦДНТА-(Р-78-3-22-2-589+++Р-78-3-22-2-589+++Р-78-3-22-2-589),Р-78-3-22-2-589,Р78,3-22,2Д,589,opys-explicit
d6684e95-c492-4a6c-bc5a-38750a2f8bff,ЦДНТА-(Р-78-3-22-2-579+++Р-78-3-22-2-579+++Р-78-3-22-2-579),Р-78-3-22-2-579,Р78,3-22,2Д,579,opys-explicit
9c08676b-07a0-44ee-9427-d2893be71522,ЦДНТА-(Р-78-3-22-2-574+++Р-78-3-22-2-574+++Р-78-3-22-2-574),Р-78-3-22-2-574,Р78,3-22,2Д,574,opys-explicit
7666817d-e14f-440a-8353-1191e0830562,ЦДНТА-(Р-107-3-36-3-267+++Р-107-3-36-3-267+++Р-107-3-36-3-267),Р-107-3-36-3-267,Р107,3-36,3,267,opys-explicit
e87d9588-ec9a-46a9-902c-862356cc49aa,ЦДНТА-(Р-107-3-36-3-273+++Р-107-3-36-3-273+++Р-107-3-36-3-273),Р-107-3-36-3-273,Р107,3-36,3,273,opys-explicit
3e1524a0-fe5e-4fa0-8132-78cfcf48259c,ЦДНТА-(Р-18-3-10-1-111+++Р-18-3-10-1-111+++Р-18-3-10-1-111),Р-18-3-10-1-111,Р18,3-10,1,111,opys-explicit
a4834a17-4a32-4459-aa49-2c3c082b0c7f,ЦДНТА-(Р-18-3-10-1-117+++Р-18-3-10-1-117+++Р-18-3-10-1-117),Р-18-3-10-1-117,Р18,3-10,1,117,opys-explicit
bee6e184-cb54-49d7-990b-080d0e7ed392,ЦДНТА-(Р-107-3-36-7-2738+++Р-107-3-36-7-2738+++Р-107-3-36-7-2738),Р-107-3-36-7-2738,Р107,3-36,7,2738,opys-explicit
0194e2fe-cd00-43ab-974e-2bc78ce7528f,ЦДНТА-(Р-17-3-9-4-1436+++Р-17-3-9-4-1436+++Р-17-3-9-4-1436),Р-17-3-9-4-1436,Р17,3-9,4,1436,opys-explicit
5e5a44b6-27eb-4ab4-831b-2089bfe34478,ЦДНТА-(Р-17-3-9-3-1174+++Р-17-3-9-3-1174+++Р-17-3-9-3-1174),Р-17-3-9-3-1174,Р17,3-9,3,1174,opys-explicit
50f9e776-026f-4503-b292-3f636e3234c1,ЦДНТА-(Р-17-3-9-97+++Р-17-3-9-97+++Р-17-3-9-97),Р-17-3-9-97,Р17,3-9,1,97,range-lookup
cd72c1ce-f1b9-4a22-9c49-005824687866,ЦДНТА-(Р-17-3-9-108+++Р-17-3-9-108+++Р-17-3-9-108),Р-17-3-9-108,Р17,3-9,1,108,range-lookup
e7c636f2-cbbc-4106-b1bf-6aae7175bfe6,ЦДНТА-(Р-17-3-9-108+++Р-17-3-9-108+++Р-17-3-9-108),Р-17-3-9-108,Р17,3-9,1,108,range-lookup
370df8e7-d518-4a19-b819-2e88fd295f4a,ЦДНТА-(Р-17-3-9-108+++Р-17-3-9-108+++Р-17-3-9-108),Р-17-3-9-108,Р17,3-9,1,108,range-lookup
8906af1b-3440-4b2d-bd4f-4934cdf8b8a5,ЦДНТА-(Р-17-3-9-108+++Р-17-3-9-108+++Р-17-3-9-108),Р-17-3-9-108,Р17,3-9,1,108,range-lookup
ec0334a8-2298-465f-9c23-800a081e20be,ЦДНТА-(Р-17-3-9-108+++Р-17-3-9-108+++Р-17-3-9-108),Р-17-3-9-108,Р17,3-9,1,108,range-lookup
bab96755-ad16-4420-965e-de62cf0ded99,ЦДНТА-(Р-17-3-9-108+++Р-17-3-9-108+++Р-17-3-9-108),Р-17-3-9-108,Р17,3-9,1,108,range-lookup
5034ad01-0d46-4b98-9152-55d406527c71,ЦДНТА-(Р-17-3-9-108+++Р-17-3-9-108+++Р-17-3-9-108),Р-17-3-9-108,Р17,3-9,1,108,range-lookup
b4b66c9f-b47d-49d0-8bde-6ae32e68e51f,ЦДНТА-(Р-17-3-9-108+++Р-17-3-9-108+++Р-17-3-9-108),Р-17-3-9-108,Р17,3-9,1,108,range-lookup
e40bb2d3-5f41-454e-babd-b1f305c2d63e,ЦДНТА-(Р-17-3-9-108+++Р-17-3-9-108+++Р-17-3-9-108),Р-17-3-9-108,Р17,3-9,1,108,range-lookup
0902bdf7-d441-4189-9e39-516d17a9f923,ЦДНТА-(Р-17-3-9-108+++Р-17-3-9-108+++Р-17-3-9-108),Р-17-3-9-108,Р17,3-9,1,108,range-lookup
0dd3c8a6-1052-4ef8-9b1f-0ef97ae951b3,ЦДНТА-(Р-17-3-9-108+++Р-17-3-9-108+++Р-17-3-9-108),Р-17-3-9-108,Р17,3-9,1,108,range-lookup
380bdcb1-1d5c-4bfb-9a05-42837e367ab5,ЦДНТА-(Р-17-3-9-108+++Р-17-3-9-108+++Р-17-3-9-108),Р-17-3-9-108,Р17,3-9,1,108,range-lookup
86108fa3-0072-4b78-8eae-68ac8ccb2fa8,ЦДНТА-(Р-17-3-9-108+++Р-17-3-9-108+++Р-17-3-9-108),Р-17-3-9-108,Р17,3-9,1,108,range-lookup
9ac39121-cec7-419d-b922-7ac50c1481fd,ЦДНТА-(Р-17-3-9-108+++Р-17-3-9-108+++Р-17-3-9-108),Р-17-3-9-108,Р17,3-9,1,108,range-lookup
2b05912b-7935-4a40-a3ef-92351b14c68b,ЦДНТА-(Р-17-3-9-108+++Р-17-3-9-108+++Р-17-3-9-108),Р-17-3-9-108,Р17,3-9,1,108,range-lookup
50ac9c75-4651-4e9f-bc0f-4d91e50c3fe2,ЦДНТА-(Р-17-3-9-108+++Р-17-3-9-108+++Р-17-3-9-108),Р-17-3-9-108,Р17,3-9,1,108,range-lookup
5fff5e36-9e05-4801-b7af-29753d6651e0,ЦДНТА-(Р-17-3-9-108+++Р-17-3-9-108+++Р-17-3-9-108),Р-17-3-9-108,Р17,3-9,1,108,range-lookup
837f3a71-493e-4e32-8b08-d776da1e3e63,ЦДНТА-(Р-17-3-9-108+++Р-17-3-9-108+++Р-17-3-9-108),Р-17-3-9-108,Р17,3-9,1,108,range-lookup
399140b4-9af4-4348-b5a6-a89776d8675a,ЦДНТА-(Р-17-3-9-108+++Р-17-3-9-108+++Р-17-3-9-108),Р-17-3-9-108,Р17,3-9,1,108,range-lookup
a5b8c7c8-7f96-42f9-97fc-e79e1f8c5a00,ЦДНТА-(Р-17-3-9-108+++Р-17-3-9-108+++Р-17-3-9-108),Р-17-3-9-108,Р17,3-9,1,108,range-lookup
60397cce-b892-4092-9251-b8b474db5661,ЦДНТА-(Р-17-3-9-108+++Р-17-3-9-108+++Р-17-3-9-108),Р-17-3-9-108,Р17,3-9,1,108,range-lookup
fa84316e-8691-4729-8cab-164ec0703c94,ЦДНТА-(Р-17-3-9-108+++Р-17-3-9-108+++Р-17-3-9-108),Р-17-3-9-108,Р17,3-9,1,108,range-lookup
3260ced3-f7fd-4317-a48e-119365af6b57,ЦДНТА-(Р-17-3-9-108+++Р-17-3-9-108+++Р-17-3-9-108),Р-17-3-9-108,Р17,3-9,1,108,range-lookup
7ad3d6b2-00b1-41cf-8009-5607c167c8ee,ЦДНТА-(Р-17-3-9-108+++Р-17-3-9-108+++Р-17-3-9-108),Р-17-3-9-108,Р17,3-9,1,108,range-lookup
ab1f82e0-2223-44c5-a33d-10f697a31ba9,ЦДНТА-(Р-17-3-9-108+++Р-17-3-9-108+++Р-17-3-9-108),Р-17-3-9-108,Р17,3-9,1,108,range-lookup
6ed38fba-2ad9-4603-8591-692643e3db59,ЦДНТА-(Р-17-3-9-108+++Р-17-3-9-108+++Р-17-3-9-108),Р-17-3-9-108,Р17,3-9,1,108,range-lookup
2e864155-fa41-44fd-9513-8ec8baf86ea7,ЦДНТА-(Р-17-3-9-108+++Р-17-3-9-108+++Р-17-3-9-108),Р-17-3-9-108,Р17,3-9,1,108,range-lookup
f73d1bd6-a16f-4447-a546-bca3a416ec05,ЦДНТА-(Р-17-3-9-108+++Р-17-3-9-108+++Р-17-3-9-108),Р-17-3-9-108,Р17,3-9,1,108,range-lookup
1bd7acdf-5374-4911-9453-499b9fb8bf8c,ЦДНТА-(Р-17-3-9-108+++Р-17-3-9-108+++Р-17-3-9-108),Р-17-3-9-108,Р17,3-9,1,108,range-lookup
f86506b9-dc69-4091-b199-68531b419cd8,ЦДНТА-(Р-17-3-9-108+++Р-17-3-9-108+++Р-17-3-9-108),Р-17-3-9-108,Р17,3-9,1,108,range-lookup
f24da52f-fb92-4d51-ac8a-857595e40ed2,ЦДНТА-(Р-17-3-9-108+++Р-17-3-9-108+++Р-17-3-9-108),Р-17-3-9-108,Р17,3-9,1,108,range-lookup
a7d13760-54bb-480b-b9e2-49d4b1409881,ЦДНТА-(Р-17-3-9-108+++Р-17-3-9-108+++Р-17-3-9-108),Р-17-3-9-108,Р17,3-9,1,108,range-lookup
7990b9a2-1bb9-4a59-b15a-58580d37146f,ЦДНТА-(Р-17-3-9-108+++Р-17-3-9-108+++Р-17-3-9-108),Р-17-3-9-108,Р17,3-9,1,108,range-lookup
cfb14c0f-7caa-4b8a-86cd-5b4b4e0d6075,ЦДНТА-(Р-17-3-9-108+++Р-17-3-9-108+++Р-17-3-9-108),Р-17-3-9-108,Р17,3-9,1,108,range-lookup
3038261a-64c7-44e7-9e38-6c27880d6e84,ЦДНТА-(Р-17-3-9-108+++Р-17-3-9-108+++Р-17-3-9-108),Р-17-3-9-108,Р17,3-9,1,108,range-lookup
f4c17483-9fe6-4d60-898c-95efede4d24e,ЦДНТА-(Р-17-3-9-108+++Р-17-3-9-108+++Р-17-3-9-108),Р-17-3-9-108,Р17,3-9,1,108,range-lookup
143abdbb-9766-49f5-94c0-712f79f61cc9,ЦДНТА-(Р-17-3-9-108+++Р-17-3-9-108+++Р-17-3-9-108),Р-17-3-9-108,Р17,3-9,1,108,range-lookup
709c24a5-b448-4fe8-b2ad-b258b674d5cb,ЦДНТА-(Р-17-3-9-108+++Р-17-3-9-108+++Р-17-3-9-108),Р-17-3-9-108,Р17,3-9,1,108,range-lookup
08103a16-7f1c-4c01-85d6-60096c908b8d,ЦДНТА-(Р-17-3-9-108+++Р-17-3-9-108+++Р-17-3-9-108),Р-17-3-9-108,Р17,3-9,1,108,range-lookup
332c37cb-1719-4302-9215-84fe4e9b8613,ЦДНТА-(Р-17-3-9-108+++Р-17-3-9-108+++Р-17-3-9-108),Р-17-3-9-108,Р17,3-9,1,108,range-lookup
d1928daa-d791-4270-ada8-47e2e9880667,ЦДНТА-(Р-17-3-9-108+++Р-17-3-9-108+++Р-17-3-9-108),Р-17-3-9-108,Р17,3-9,1,108,range-lookup
a641d902-ae1a-443e-b14b-b54a271bb59a,ЦДНТА-(Р-17-3-9-108+++Р-17-3-9-108+++Р-17-3-9-108),Р-17-3-9-108,Р17,3-9,1,108,range-lookup
e651a5d1-7cc5-4f1d-a144-5863c5317a9a,ЦДНТА-(Р-17-3-9-108+++Р-17-3-9-108+++Р-17-3-9-108),Р-17-3-9-108,Р17,3-9,1,108,range-lookup
a8644f8b-7050-45f1-bb15-478f3112c945,ЦДНТА-(Р-17-3-9-108+++Р-17-3-9-108+++Р-17-3-9-108),Р-17-3-9-108,Р17,3-9,1,108,range-lookup
88293645-cfac-4fc5-a9bd-c51b11cbb7cb,ЦДНТА-(Р-17-3-9-108+++Р-17-3-9-108+++Р-17-3-9-108),Р-17-3-9-108,Р17,3-9,1,108,range-lookup
f5ccc9f8-80e7-48e0-9e66-29e47c046e33,ЦДНТА-(Р-17-3-9-108+++Р-17-3-9-108+++Р-17-3-9-108),Р-17-3-9-108,Р17,3-9,1,108,range-lookup
6073e6ba-67d1-4fe9-bbf2-7d7b54e7b5f9,ЦДНТА-(Р-17-3-9-108+++Р-17-3-9-108+++Р-17-3-9-108),Р-17-3-9-108,Р17,3-9,1,108,range-lookup
18abbc77-ff77-48b7-9fef-7d38abc6d260,ЦДНТА-(Р-17-3-9-108+++Р-17-3-9-108+++Р-17-3-9-108),Р-17-3-9-108,Р17,3-9,1,108,range-lookup
112fad9d-3241-4074-9ff3-0e5f2314b2a8,ЦДНТА-(Р-17-3-9-108+++Р-17-3-9-108+++Р-17-3-9-108),Р-17-3-9-108,Р17,3-9,1,108,range-lookup
698dc7fa-281a-4c51-a8a8-6c9f1019372f,ЦДНТА-(Р-17-3-9-108+++Р-17-3-9-108+++Р-17-3-9-108),Р-17-3-9-108,Р17,3-9,1,108,range-lookup
6cfdd873-59f0-4ac5-900f-f29dd1349bca,ЦДНТА-(Р-17-3-9-108+++Р-17-3-9-108+++Р-17-3-9-108),Р-17-3-9-108,Р17,3-9,1,108,range-lookup
4c91da8c-891f-49c0-8968-2241e8756dbe,ЦДНТА-(Р-17-3-9-108+++Р-17-3-9-108+++Р-17-3-9-108),Р-17-3-9-108,Р17,3-9,1,108,range-lookup
92b9c331-7979-4f9b-95df-4253fe292101,ЦДНТА-(Р-17-3-9-108+++Р-17-3-9-108+++Р-17-3-9-108),Р-17-3-9-108,Р17,3-9,1,108,range-lookup
126f7472-98b1-42a4-820c-3e7b4f49310d,ЦДНТА-(Р-17-3-9-108+++Р-17-3-9-108+++Р-17-3-9-108),Р-17-3-9-108,Р17,3-9,1,108,range-lookup
5effe189-99fe-4d34-8785-c91a796ad2e8,ЦДНТА-(Р-17-3-9-108+++Р-17-3-9-108+++Р-17-3-9-108),Р-17-3-9-108,Р17,3-9,1,108,range-lookup
c4f58888-974f-4569-8307-1cffab88d9f7,ЦДНТА-(Р-17-3-9-108+++Р-17-3-9-108+++Р-17-3-9-108),Р-17-3-9-108,Р17,3-9,1,108,range-lookup
7c7dec02-74e0-4041-934b-e48adac4d410,ЦДНТА-(Р-17-3-9-108+++Р-17-3-9-108+++Р-17-3-9-108),Р-17-3-9-108,Р17,3-9,1,108,range-lookup
d31e3884-932c-40e6-8125-66447ed38d99,ЦДНТА-(Р-17-3-9-108+++Р-17-3-9-108+++Р-17-3-9-108),Р-17-3-9-108,Р17,3-9,1,108,range-lookup
ccc2bd93-cd25-4c97-840c-e5a96a9ab942,ЦДНТА-(Р-17-3-9-87+++Р-17-3-9-87+++Р-17-3-9-87),Р-17-3-9-87,Р17,3-9,1,87,range-lookup
c7582794-0144-4c23-abe9-78dc1b230071,ЦДНТА-(Р-17-3-9-92+++Р-17-3-9-92+++Р-17-3-9-92),Р-17-3-9-92,Р17,3-9,1,92,range-lookup
82e45e9b-6d36-4af6-b837-52ef978840e1,ЦДНТА-(Р-17-3-9-107+++Р-17-3-9-107+++Р-17-3-9-107),Р-17-3-9-107,Р17,3-9,1,107,range-lookup
63c7088e-093b-404f-8c78-22172f73711b,ЦДНТА-(Р-17-3-9-136+++Р-17-3-9-136+++Р-17-3-9-136),Р-17-3-9-136,Р17,3-9,1,136,range-lookup
83b78ef1-0ca8-47f4-bfd0-74bd6306d633,ЦДНТА-(Р-17-3-9-167+++Р-17-3-9-167+++Р-17-3-9-167),Р-17-3-9-167,Р17,3-9,1,167,range-lookup
7d880ebf-20d9-460a-ba4f-13b8c1d4bc40,ЦДНТА-(Р-17-3-9-170+++Р-17-3-9-170+++Р-17-3-9-170),Р-17-3-9-170,Р17,3-9,1,170,range-lookup
64ed8aff-4a3d-4862-aab2-9882227d4dcc,ЦДНТА-(Р-17-3-9-190+++Р-17-3-9-190+++Р-17-3-9-190),Р-17-3-9-190,Р17,3-9,1,190,range-lookup
4bdcd726-da21-4b05-a90d-99b3ed8e98f9,ЦДНТА-(Р-17-3-9-196+++Р-17-3-9-196+++Р-17-3-9-196),Р-17-3-9-196,Р17,3-9,1,196,range-lookup
6ef68282-1098-4ad2-8740-106513bfaecd,ЦДНТА-(Р-17-3-9-198+++Р-17-3-9-198+++Р-17-3-9-198),Р-17-3-9-198,Р17,3-9,1,198,range-lookup
1db8ecbc-7b9d-4345-a380-64ece9018e5e,ЦДНТА-(Р-17-3-9-209+++Р-17-3-9-209+++Р-17-3-9-209),Р-17-3-9-209,Р17,3-9,1,209,range-lookup
769f3fda-e8db-46b6-bffd-0865a3cbc020,ЦДНТА-(Р-17-3-9-237+++Р-17-3-9-237+++Р-17-3-9-237),Р-17-3-9-237,Р17,3-9,1,237,range-lookup
5109a92e-6808-4b50-8927-d2b68e7e9cbc,ЦДНТА-(Р-17-3-9-230+++Р-17-3-9-230+++Р-17-3-9-230),Р-17-3-9-230,Р17,3-9,1,230,range-lookup
bfa81f1c-97e5-445d-9c7c-bf44d9528d08,ЦДНТА-(Р-17-3-9-227+++Р-17-3-9-227+++Р-17-3-9-227),Р-17-3-9-227,Р17,3-9,1,227,range-lookup
9ad369f5-f9b0-4f34-a2c7-197d2b1683b9,ЦДНТА-(Р-17-3-9-226+++Р-17-3-9-226+++Р-17-3-9-226),Р-17-3-9-226,Р17,3-9,1,226,range-lookup
54c5ed40-730e-4040-949f-85c6f965c30f,ЦДНТА-(Р-17-3-9-250+++Р-17-3-9-250+++Р-17-3-9-250),Р-17-3-9-250,Р17,3-9,1,250,range-lookup
ae50091b-c7d6-40aa-a774-cc4c7d194b1f,ЦДНТА-(Р-17-3-9-258+++Р-17-3-9-258+++Р-17-3-9-258),Р-17-3-9-258,Р17,3-9,1,258,range-lookup
9028452a-597b-40d5-ba46-c8f47ec10955,ЦДНТА-(Р-17-3-9-261+++Р-17-3-9-261+++Р-17-3-9-261),Р-17-3-9-261,Р17,3-9,1,261,range-lookup
c48ace1f-67d5-42ad-8ba0-24b0bb3dedfe,ЦДНТА-(Р-17-3-9-265+++Р-17-3-9-265+++Р-17-3-9-265),Р-17-3-9-265,Р17,3-9,1,265,range-lookup
79cf8fc7-6675-441e-a588-47103f419aa9,ЦДНТА-(Р-17-3-9-264+++Р-17-3-9-264+++Р-17-3-9-264),Р-17-3-9-264,Р17,3-9,1,264,range-lookup
23851500-e047-462b-b8e4-b2f2689d3248,ЦДНТА-(Р-17-3-9-257+++Р-17-3-9-257+++Р-17-3-9-257),Р-17-3-9-257,Р17,3-9,1,257,range-lookup
7617af3b-d6ba-42e8-9f28-f8fad54133de,ЦДНТА-(Р-17-3-9-251+++Р-17-3-9-251+++Р-17-3-9-251),Р-17-3-9-251,Р17,3-9,1,251,range-lookup
c23974a9-29e2-4269-98ef-0599179b7ea1,ЦДНТА-(Р-17-3-9-266+++Р-17-3-9-266+++Р-17-3-9-266),Р-17-3-9-266,Р17,3-9,1,266,range-lookup
4e5c9470-6fff-4b2a-9ea4-83f126c61e17,ЦДНТА-(Р-17-3-9-309+++Р-17-3-9-309+++Р-17-3-9-309),Р-17-3-9-309,Р17,3-9,1,309,range-lookup
e15ca472-97c5-4caa-9126-8ad9438ede21,ЦДНТА-(Р-18-3-10-2-292+++Р-18-3-10-2-292+++Р-18-3-10-2-292),Р-18-3-10-2-292,Р18,3-10,2,292,opys-explicit
fa8bc4d3-176d-474d-8bc6-dab23405f795,ЦДНТА-(Р-18-3-10-3-301+++Р-18-3-10-3-301+++Р-18-3-10-3-301),Р-18-3-10-3-301,Р18,3-10,3,301,opys-explicit
0a755c82-9965-4d37-b5fc-b7daa6237479,ЦДНТА-(Р-18-3-10-3-315+++Р-18-3-10-3-315+++Р-18-3-10-3-315),Р-18-3-10-3-315,Р18,3-10,3,315,opys-explicit
0ec3a785-bdbf-400c-b623-7de96633c00b,ЦДНТА-(Р-18-3-10-4-317+++Р-18-3-10-4-317+++Р-18-3-10-4-317),Р-18-3-10-4-317,Р18,3-10,4,317,opys-explicit
014ed165-9bed-44f7-824d-ef0cba45a7a1,ЦДНТА-(Р-17-3-9-1-7+++Р-17-3-9-1-7+++Р-17-3-9-1-7),Р-17-3-9-1-7,Р17,3-9,1,7,opys-explicit
5594afdc-0b14-4e7f-a0c2-8e150722d286,ЦДНТА-(Р-17-3-9-1-19+++Р-17-3-9-1-19+++Р-17-3-9-1-19),Р-17-3-9-1-19,Р17,3-9,1,19,opys-explicit
ab3f8dee-5fe0-4617-a973-02594be07aa3,ЦДНТА-(Р-17-3-9-1-26+++Р-17-3-9-1-26+++Р-17-3-9-1-26),Р-17-3-9-1-26,Р17,3-9,1,26,opys-explicit
0c7bb269-6236-41ef-a2ba-3b2d409cb028,ЦДНТА-(Р-17-3-9-1-33+++Р-17-3-9-1-33+++Р-17-3-9-1-33),Р-17-3-9-1-33,Р17,3-9,1,33,opys-explicit
c9132602-da6a-4921-a5bc-32a364dac25e,ЦДНТА-(Р-17-3-9-1-322+++Р-17-3-9-1-322+++Р-17-3-9-1-322),Р-17-3-9-1-322,Р17,3-9,1,322,opys-explicit
e5fe5006-8261-472d-974a-b25549b6d371,ЦДНТА-(Р-17-3-9-1-350+++Р-17-3-9-1-350+++Р-17-3-9-1-350),Р-17-3-9-1-350,Р17,3-9,1,350,opys-explicit
b991fd20-7890-4b67-85d5-ecdb2255964e,ЦДНТА-(Р-17-3-9-1-355+++Р-17-3-9-1-355+++Р-17-3-9-1-355),Р-17-3-9-1-355,Р17,3-9,1,355,opys-explicit
e245c1bd-7d63-4cc0-81d5-a639cbb7ea16,ЦДНТА-(Р-18-3-10-2-279+++Р-18-3-10-2-279+++Р-18-3-10-2-279),Р-18-3-10-2-279,Р18,3-10,2,279,opys-explicit
ed5cb1fb-ab49-4730-a959-5f1dd13db4ff,ЦДНТА-(Р-18-3-10-3-308+++Р-18-3-10-3-308+++Р-18-3-10-3-308),Р-18-3-10-3-308,Р18,3-10,3,308,opys-explicit
14c05f6e-3166-4d88-9f92-616857957ea5,ЦДНТА-(Р-18-3-10-3-297+++Р-18-3-10-3-297+++Р-18-3-10-3-297),Р-18-3-10-3-297,Р18,3-10,3,297,opys-explicit+outofrange
7f5febf0-f90a-4188-9202-7f7f5ab8b289,ЦДНТА-(Р-18-3-10-4-325+++Р-18-3-10-4-325+++Р-18-3-10-4-325),Р-18-3-10-4-325,Р18,3-10,4,325,opys-explicit
0e6499f7-ce77-424b-89cc-86d498aeed64,ЦДНТА-(Р-17-3-9-77+++Р-17-3-9-77+++Р-17-3-9-77),Р-17-3-9-77,Р17,3-9,1,77,range-lookup
4ac1b654-53a6-40f7-bbbe-f19d9d2f6a03,ЦДНТА-(Р-17-3-9-90+++Р-17-3-9-90+++Р-17-3-9-90),Р-17-3-9-90,Р17,3-9,1,90,range-lookup
c06f709f-1829-4921-9890-5e80e8ca4ced,ЦДНТА-(Р-17-3-9-81+++Р-17-3-9-81+++Р-17-3-9-81),Р-17-3-9-81,Р17,3-9,1,81,range-lookup
de6e9cf0-0f5a-4aa1-8aee-1bc3a4e21ccc,ЦДНТА-(Р-17-3-9-94+++Р-17-3-9-94+++Р-17-3-9-94),Р-17-3-9-94,Р17,3-9,1,94,range-lookup
c2e9b4f9-4960-46de-b9f2-948d4d9a9c1e,ЦДНТА-(Р-17-3-9-115+++Р-17-3-9-115+++Р-17-3-9-115),Р-17-3-9-115,Р17,3-9,1,115,range-lookup
75e5e0d4-3e9c-4bc2-9164-1996584103c7,ЦДНТА-(Р-17-3-9-117+++Р-17-3-9-117+++Р-17-3-9-117),Р-17-3-9-117,Р17,3-9,1,117,range-lookup
baa9e9bc-0d11-41c6-aece-006e429caad8,ЦДНТА-(Р-17-3-9-122+++Р-17-3-9-122+++Р-17-3-9-122),Р-17-3-9-122,Р17,3-9,1,122,range-lookup
1c089264-92c1-4b9a-b5a6-1c4645194e47,ЦДНТА-(Р-17-3-9-133+++Р-17-3-9-133+++Р-17-3-9-133),Р-17-3-9-133,Р17,3-9,1,133,range-lookup
ef3aa38e-a45a-4080-ab1b-0cb7f09a042f,ЦДНТА-(Р-17-3-9-138+++Р-17-3-9-138+++Р-17-3-9-138),Р-17-3-9-138,Р17,3-9,1,138,range-lookup
41a074d7-efa5-497e-ae44-d20e092c2ec5,ЦДНТА-(Р-17-3-9-142+++Р-17-3-9-142+++Р-17-3-9-142),Р-17-3-9-142,Р17,3-9,1,142,range-lookup
b03f7c37-74a0-4546-937e-c487c123b865,ЦДНТА-(Р-17-3-9-155+++Р-17-3-9-155+++Р-17-3-9-155),Р-17-3-9-155,Р17,3-9,1,155,range-lookup
8e714b81-1496-4b9c-8acd-c98be4ad47d8,ЦДНТА-(Р-17-3-9-164+++Р-17-3-9-164+++Р-17-3-9-164),Р-17-3-9-164,Р17,3-9,1,164,range-lookup
4a15c084-9876-4c4a-8978-3fe23ef745db,ЦДНТА-(Р-17-3-9-178+++Р-17-3-9-178+++Р-17-3-9-178),Р-17-3-9-178,Р17,3-9,1,178,range-lookup
fce9a410-ffee-4c4f-8a06-f650424ec9f5,ЦДНТА-(Р-17-3-9-184+++Р-17-3-9-184+++Р-17-3-9-184),Р-17-3-9-184,Р17,3-9,1,184,range-lookup
39fca403-c18f-405d-872b-521cb9438138,ЦДНТА-(Р-17-3-9-214+++Р-17-3-9-214+++Р-17-3-9-214),Р-17-3-9-214,Р17,3-9,1,214,range-lookup
33b42f4f-7425-4913-81e7-39dfdf537705,ЦДНТА-(Р-17-3-9-218+++Р-17-3-9-218+++Р-17-3-9-218),Р-17-3-9-218,Р17,3-9,1,218,range-lookup
7fea76a3-641e-4aab-9400-8cdf83c4996e,ЦДНТА-(Р-17-3-9-223+++Р-17-3-9-223+++Р-17-3-9-223),Р-17-3-9-223,Р17,3-9,1,223,range-lookup
2d5f9af2-f2bd-4120-896d-ec625de88be9,ЦДНТА-(Р-17-3-9-229+++Р-17-3-9-229+++Р-17-3-9-229),Р-17-3-9-229,Р17,3-9,1,229,range-lookup
30173522-6586-448f-8078-e04bb2f7bdf3,ЦДНТА-(Р-17-3-9-240+++Р-17-3-9-240+++Р-17-3-9-240),Р-17-3-9-240,Р17,3-9,1,240,range-lookup
29c37dd6-4dd7-4d27-bc9a-1e633dda3a32,ЦДНТА-(Р-17-3-9-224+++Р-17-3-9-224+++Р-17-3-9-224),Р-17-3-9-224,Р17,3-9,1,224,range-lookup
06fd8aab-c8d6-4470-a5d6-6ed290ff8c97,ЦДНТА-(Р-17-3-9-248+++Р-17-3-9-248+++Р-17-3-9-248),Р-17-3-9-248,Р17,3-9,1,248,range-lookup
73a61f29-e973-45c7-8ea2-ae492fb22b25,ЦДНТА-(Р-17-3-9-272+++Р-17-3-9-272+++Р-17-3-9-272),Р-17-3-9-272,Р17,3-9,1,272,range-lookup
1a0d16b8-7637-4499-b473-c289572944e1,ЦДНТА-(Р-17-3-9-276+++Р-17-3-9-276+++Р-17-3-9-276),Р-17-3-9-276,Р17,3-9,1,276,range-lookup
8d3f080f-258f-42a2-af38-7956a9823c49,ЦДНТА-(Р-17-3-9-278+++Р-17-3-9-278+++Р-17-3-9-278),Р-17-3-9-278,Р17,3-9,1,278,range-lookup
42f282d0-3a70-48ce-ae69-ebe0aed9a26d,ЦДНТА-(Р-17-3-9-280+++Р-17-3-9-280+++Р-17-3-9-280),Р-17-3-9-280,Р17,3-9,1,280,range-lookup
fddf7e01-5c64-4645-8d48-3be6c7a50586,ЦДНТА-(Р-17-3-9-283+++Р-17-3-9-283+++Р-17-3-9-283),Р-17-3-9-283,Р17,3-9,1,283,range-lookup
6312a9bf-cf63-4b4c-9d6c-331941732487,ЦДНТА-(Р-17-3-9-277+++Р-17-3-9-277+++Р-17-3-9-277),Р-17-3-9-277,Р17,3-9,1,277,range-lookup
57fcf1a6-91e9-4636-bb9b-f5152a89f60e,ЦДНТА-(Р-17-3-9-290+++Р-17-3-9-290+++Р-17-3-9-290),Р-17-3-9-290,Р17,3-9,1,290,range-lookup
5094c02d-94ab-46ef-89c8-3d5a0f14552a,ЦДНТА-(Р-17-3-9-297+++Р-17-3-9-297+++Р-17-3-9-297),Р-17-3-9-297,Р17,3-9,1,297,range-lookup
7d692b98-8d2a-4171-a5ab-ed89db1c9c5c,ЦДНТА-(Р-17-3-9-303+++Р-17-3-9-303+++Р-17-3-9-303),Р-17-3-9-303,Р17,3-9,1,303,range-lookup
8db64f31-9738-44cc-8984-c30b4a1f42d9,ЦДНТА-(Р-17-3-9-306+++Р-17-3-9-306+++Р-17-3-9-306),Р-17-3-9-306,Р17,3-9,1,306,range-lookup
bf6895a2-62d7-42bb-97b6-796f16c3e47c,ЦДНТА-(Р-17-3-9-311+++Р-17-3-9-311+++Р-17-3-9-311),Р-17-3-9-311,Р17,3-9,1,311,range-lookup
9320b767-0559-4517-b24c-5d35fa52c274,ЦДНТА-(Р-17-3-9-310+++Р-17-3-9-310+++Р-17-3-9-310),Р-17-3-9-310,Р17,3-9,1,310,range-lookup
8548f702-1230-4352-b719-15433255461e,ЦДНТА-(Р-18-3-10-2-260+++Р-18-3-10-2-260+++Р-18-3-10-2-260),Р-18-3-10-2-260,Р18,3-10,2,260,opys-explicit
e5e7a595-a3d6-41cd-a8a5-67b5ff37435f,ЦДНТА-(Р-18-3-10-2-247+++Р-18-3-10-2-247+++Р-18-3-10-2-247),Р-18-3-10-2-247,Р18,3-10,2,247,opys-explicit
dcbcfc1b-a76d-47e0-ba74-d7e7754dbfcb,ЦДНТА-(Р-18-3-10-2-283+++Р-18-3-10-2-283+++Р-18-3-10-2-283),Р-18-3-10-2-283,Р18,3-10,2,283,opys-explicit
22dd08f9-88fa-4c3d-9de3-d4fa5020c8d1,ЦДНТА-(Р-18-3-10-2-273+++Р-18-3-10-2-273+++Р-18-3-10-2-273),Р-18-3-10-2-273,Р18,3-10,2,273,opys-explicit
5bff898b-6536-4e6f-a30a-b9bc7abaa794,ЦДНТА-(Р-18-3-10-2-298+++Р-18-3-10-2-298+++Р-18-3-10-2-298),Р-18-3-10-2-298,Р18,3-10,2,298,opys-explicit
5996b28d-7b68-451d-9095-dc58f9bc4103,ЦДНТА-(Р-18-3-10-2-287+++Р-18-3-10-2-287+++Р-18-3-10-2-287),Р-18-3-10-2-287,Р18,3-10,2,287,opys-explicit
f50b2e79-7bc5-4e0b-b617-9cd2acfbcfd0,ЦДНТА-(Р-18-3-10-2-290+++Р-18-3-10-2-290+++Р-18-3-10-2-290),Р-18-3-10-2-290,Р18,3-10,2,290,opys-explicit
7ca4dc3f-1965-4688-b2e3-bed9a217de28,ЦДНТА-(Р-18-3-10-3-311+++Р-18-3-10-3-311+++Р-18-3-10-3-311),Р-18-3-10-3-311,Р18,3-10,3,311,opys-explicit
38c968a5-c560-4fc3-b7bc-0ed8d6580489,ЦДНТА-(Р-17-3-9-1-1+++Р-17-3-9-1-1+++Р-17-3-9-1-1),Р-17-3-9-1-1,Р17,3-9,1,1,opys-explicit
5dd0333d-0f81-4b37-9c02-084366d1149b,ЦДНТА-(Р-17-3-9-1-6+++Р-17-3-9-1-6+++Р-17-3-9-1-6),Р-17-3-9-1-6,Р17,3-9,1,6,opys-explicit
8f542952-5e75-4ac3-ac79-29342e77b4b6,ЦДНТА-(Р-17-3-9-1-15+++Р-17-3-9-1-15+++Р-17-3-9-1-15),Р-17-3-9-1-15,Р17,3-9,1,15,opys-explicit
bfcbb32e-86a3-4128-9a09-de53974204ca,ЦДНТА-(Р-17-3-9-1-59+++Р-17-3-9-1-59+++Р-17-3-9-1-59),Р-17-3-9-1-59,Р17,3-9,1,59,opys-explicit
f03423e3-68f7-4e10-8dc2-bd67c6eae6c5,ЦДНТА-(Р-17-3-9-1-88+++Р-17-3-9-1-88+++Р-17-3-9-1-88),Р-17-3-9-1-88,Р17,3-9,1,88,opys-explicit
3d7d1438-a58f-4ecf-8c8d-cdbbb8180ccb,ЦДНТА-(Р-17-3-9-1-63+++Р-17-3-9-1-63+++Р-17-3-9-1-63),Р-17-3-9-1-63,Р17,3-9,1,63,opys-explicit
8d94cd2a-b53a-4ac1-9a33-ec6b659ffee4,ЦДНТА-(Р-17-3-9-1-86+++Р-17-3-9-1-86+++Р-17-3-9-1-86),Р-17-3-9-1-86,Р17,3-9,1,86,opys-explicit
f601695e-3a84-45f1-9a1f-dd2d781d1487,ЦДНТА-(Р-17-3-9-1-120+++Р-17-3-9-1-120+++Р-17-3-9-1-120),Р-17-3-9-1-120,Р17,3-9,1,120,opys-explicit
05b5ce4a-f246-466a-900e-88f0c99b4cc4,ЦДНТА-(Р-17-3-9-1-123+++Р-17-3-9-1-123+++Р-17-3-9-1-123),Р-17-3-9-1-123,Р17,3-9,1,123,opys-explicit
21400242-a850-4c86-a227-08958c12b249,ЦДНТА-(Р-17-3-9-1-124+++Р-17-3-9-1-124+++Р-17-3-9-1-124),Р-17-3-9-1-124,Р17,3-9,1,124,opys-explicit
e91b2772-f357-486b-b997-d31724c43d49,ЦДНТА-(Р-17-3-9-1-127+++Р-17-3-9-1-127+++Р-17-3-9-1-127),Р-17-3-9-1-127,Р17,3-9,1,127,opys-explicit
d869c242-747c-4490-9f67-aacf61400e8c,ЦДНТА-(Р-17-3-9-1-130+++Р-17-3-9-1-130+++Р-17-3-9-1-130),Р-17-3-9-1-130,Р17,3-9,1,130,opys-explicit
37662401-850d-485e-b39a-63e101e4be23,ЦДНТА-(Р-17-3-9-4-2407+++Р-17-3-9-4-2407+++Р-17-3-9-4-2407),Р-17-3-9-4-2407,Р17,3-9,4,2407,opys-explicit
78036196-bc4a-410e-9981-ebd3af293289,ЦДНТА-(Р-17-3-9-4-2427+++Р-17-3-9-4-2427+++Р-17-3-9-4-2427),Р-17-3-9-4-2427,Р17,3-9,4,2427,opys-explicit
f89cc787-982f-4fab-9bf2-b6dc55842584,ЦДНТА-(Р-17-3-9-4-2421+++Р-17-3-9-4-2421+++Р-17-3-9-4-2421),Р-17-3-9-4-2421,Р17,3-9,4,2421,opys-explicit
ffaab383-9e48-49a1-bf2b-b93787601afa,ЦДНТА-(Р-17-3-9-4-2405+++Р-17-3-9-4-2405+++Р-17-3-9-4-2405),Р-17-3-9-4-2405,Р17,3-9,4,2405,opys-explicit
c5307cd3-4812-4bdc-8d48-3aa0334d560c,ЦДНТА-(Р-17-3-9-4-2463+++Р-17-3-9-4-2463+++Р-17-3-9-4-2463),Р-17-3-9-4-2463,Р17,3-9,4,2463,opys-explicit
b7368bbd-92f5-4b67-bfd1-4c2c4f214741,ЦДНТА-(Р-17-3-9-4-2446+++Р-17-3-9-4-2446+++Р-17-3-9-4-2446),Р-17-3-9-4-2446,Р17,3-9,4,2446,opys-explicit
aa8c9d21-7669-42f1-b000-c8a8d1e25cfa,ЦДНТА-(Р-17-3-9-4-2432+++Р-17-3-9-4-2432+++Р-17-3-9-4-2432),Р-17-3-9-4-2432,Р17,3-9,4,2432,opys-explicit
3931a5ff-0f11-4852-8ef8-8658e205f31f,ЦДНТА-(Р-17-3-9-4-2426+++Р-17-3-9-4-2426+++Р-17-3-9-4-2426),Р-17-3-9-4-2426,Р17,3-9,4,2426,opys-explicit
2bbedaab-9105-4df7-8358-4d423d600a57,ЦДНТА-(Р-17-3-9-4-2457+++Р-17-3-9-4-2457+++Р-17-3-9-4-2457),Р-17-3-9-4-2457,Р17,3-9,4,2457,opys-explicit
78a2bb58-3370-4874-a705-0f37a23f5a11,ЦДНТА-(Р-17-3-9-4-2464+++Р-17-3-9-4-2464+++Р-17-3-9-4-2464),Р-17-3-9-4-2464,Р17,3-9,4,2464,opys-explicit
2d532da4-48ca-45b0-a4ee-70e7c9e2725b,ЦДНТА-(Р-17-3-9-4-2438a+++Р-17-3-9-4-2438a+++Р-17-3-9-4-2438a),Р-17-3-9-4-2438А,Р17,3-9,4,2438А,opys-explicit
ab00cb66-3fdb-4bd6-81f5-f469bd8632c1,ЦДНТА-(Р-17-3-9-4-2465+++Р-17-3-9-4-2465+++Р-17-3-9-4-2465),Р-17-3-9-4-2465,Р17,3-9,4,2465,opys-explicit
2ca8c64b-790d-4e31-a5bd-aecd9961526d,ЦДНТА-(Р-17-3-9-4-2479+++Р-17-3-9-4-2479+++Р-17-3-9-4-2479),Р-17-3-9-4-2479,Р17,3-9,4,2479,opys-explicit
61fb7b26-96e6-4fd7-991c-2fa6d5cf43be,ЦДНТА-(Р-17-3-9-4-2445+++Р-17-3-9-4-2445+++Р-17-3-9-4-2445),Р-17-3-9-4-2445,Р17,3-9,4,2445,opys-explicit
c9cc2373-d90e-419b-90f8-e2fd445b6f37,ЦДНТА-(Р-17-3-9-4-2488+++Р-17-3-9-4-2488+++Р-17-3-9-4-2488),Р-17-3-9-4-2488,Р17,3-9,4,2488,opys-explicit
ed31b2f2-a33e-4aa8-986b-610a58f1b7a6,ЦДНТА-(Р-17-3-9-4-2444+++Р-17-3-9-4-2444+++Р-17-3-9-4-2444),Р-17-3-9-4-2444,Р17,3-9,4,2444,opys-explicit
eb72d739-49d5-4e2a-8a46-2a38121b5e14,ЦДНТА-(Р-17-3-9-4-2491+++Р-17-3-9-4-2491+++Р-17-3-9-4-2491),Р-17-3-9-4-2491,Р17,3-9,4,2491,opys-explicit
14c4a21c-833e-4e72-908e-f359a1c6d30f,ЦДНТА-(Р-17-3-9-4-2473+++Р-17-3-9-4-2473+++Р-17-3-9-4-2473),Р-17-3-9-4-2473,Р17,3-9,4,2473,opys-explicit
ff7b260d-e47a-451d-afa7-1cda86d44797,ЦДНТА-(Р-17-3-9-4-2455+++Р-17-3-9-4-2455+++Р-17-3-9-4-2455),Р-17-3-9-4-2455,Р17,3-9,4,2455,opys-explicit
edec12ca-4af0-4d6e-883f-9574c28051f5,ЦДНТА-(Р-17-3-9-4-2507+++Р-17-3-9-4-2507+++Р-17-3-9-4-2507),Р-17-3-9-4-2507,Р17,3-9,4,2507,opys-explicit
b102855d-14f2-4d0d-9c73-cfee4859b783,ЦДНТА-(Р-17-3-9-4-2505+++Р-17-3-9-4-2505+++Р-17-3-9-4-2505),Р-17-3-9-4-2505,Р17,3-9,4,2505,opys-explicit
63392895-ccdc-43e8-8749-809169f80815,ЦДНТА-(Р-17-3-9-4-2449+++Р-17-3-9-4-2449+++Р-17-3-9-4-2449),Р-17-3-9-4-2449,Р17,3-9,4,2449,opys-explicit
f5f2aa7a-fa72-468c-ad7f-daa28bf319a2,ЦДНТА-(Р-17-3-9-4-2503+++Р-17-3-9-4-2503+++Р-17-3-9-4-2503),Р-17-3-9-4-2503,Р17,3-9,4,2503,opys-explicit
b96a7865-311b-4237-a2ba-560d98a0f7bd,ЦДНТА-(Р-17-3-9-4-2495+++Р-17-3-9-4-2495+++Р-17-3-9-4-2495),Р-17-3-9-4-2495,Р17,3-9,4,2495,opys-explicit
c0612e90-9fbf-4be2-8f3d-0acf4e55ad51,ЦДНТА-(Р-17-3-9-4-2516+++Р-17-3-9-4-2516+++Р-17-3-9-4-2516),Р-17-3-9-4-2516,Р17,3-9,4,2516,opys-explicit
b1cfcbb3-9bd2-4ff2-84aa-7cf13c0f818f,ЦДНТА-(Р-17-3-9-4-2534+++Р-17-3-9-4-2534+++Р-17-3-9-4-2534),Р-17-3-9-4-2534,Р17,3-9,4,2534,opys-explicit
247c6b1c-a622-484d-b147-a27f9cdb4c06,ЦДНТА-(Р-17-3-9-4-2544+++Р-17-3-9-4-2544+++Р-17-3-9-4-2544),Р-17-3-9-4-2544,Р17,3-9,4,2544,opys-explicit
49651af6-c0c9-4dd5-9096-70d69a3694c9,ЦДНТА-(Р-17-3-9-4-2549+++Р-17-3-9-4-2549+++Р-17-3-9-4-2549),Р-17-3-9-4-2549,Р17,3-9,4,2549,opys-explicit
e1ecde60-c38d-4622-93ca-ec11dbfe981e,ЦДНТА-(Р-17-3-9-4-2512+++Р-17-3-9-4-2512+++Р-17-3-9-4-2512),Р-17-3-9-4-2512,Р17,3-9,4,2512,opys-explicit
aed2aab3-6e96-48ca-8584-0fc29fbb0ea3,ЦДНТА-(Р-17-3-9-4-2538+++Р-17-3-9-4-2538+++Р-17-3-9-4-2538),Р-17-3-9-4-2538,Р17,3-9,4,2538,opys-explicit
7501bbea-df9e-46d7-96b1-2441967c396d,ЦДНТА-(Р-17-3-9-4-2497+++Р-17-3-9-4-2497+++Р-17-3-9-4-2497),Р-17-3-9-4-2497,Р17,3-9,4,2497,opys-explicit
a937720b-7ef2-4423-af47-6db4e2b9a82e,ЦДНТА-(Р-17-3-9-4-2498+++Р-17-3-9-4-2498+++Р-17-3-9-4-2498),Р-17-3-9-4-2498,Р17,3-9,4,2498,opys-explicit
31c9b541-f930-46f9-9cda-1b55af8b897a,ЦДНТА-(Р-17-3-9-4-2556+++Р-17-3-9-4-2556+++Р-17-3-9-4-2556),Р-17-3-9-4-2556,Р17,3-9,4,2556,opys-explicit
ee71f914-dee4-4deb-ac19-f775654895e5,ЦДНТА-(Р-17-3-9-4-2557+++Р-17-3-9-4-2557+++Р-17-3-9-4-2557),Р-17-3-9-4-2557,Р17,3-9,4,2557,opys-explicit
f051c61a-f8c6-4690-88e2-e1878a5e46cb,ЦДНТА-(Р-17-3-9-4-2555+++Р-17-3-9-4-2555+++Р-17-3-9-4-2555),Р-17-3-9-4-2555,Р17,3-9,4,2555,opys-explicit
239ca161-0219-4424-b6f3-ba0e6383e382,ЦДНТА-(Р-17-3-9-4-2493+++Р-17-3-9-4-2493+++Р-17-3-9-4-2493),Р-17-3-9-4-2493,Р17,3-9,4,2493,opys-explicit
47905787-f8eb-4ab0-a9a8-1b9c943d114d,ЦДНТА-(Р-17-3-9-4-2523+++Р-17-3-9-4-2523+++Р-17-3-9-4-2523),Р-17-3-9-4-2523,Р17,3-9,4,2523,opys-explicit
0db3254b-331d-45b8-9d3c-6523be68dd43,ЦДНТА-(Р-17-3-9-4-2564+++Р-17-3-9-4-2564+++Р-17-3-9-4-2564),Р-17-3-9-4-2564,Р17,3-9,4,2564,opys-explicit
c8db3d87-b820-4552-86c5-7618c244f896,ЦДНТА-(Р-17-3-9-4-2296+++Р-17-3-9-4-2296+++Р-17-3-9-4-2296),Р-17-3-9-4-2296,Р17,3-9,4,2296,opys-explicit
a5b1573c-0cef-426a-8365-32fcd792f163,ЦДНТА-(Р-17-3-9-4-2301+++Р-17-3-9-4-2301+++Р-17-3-9-4-2301),Р-17-3-9-4-2301,Р17,3-9,4,2301,opys-explicit
f261213e-5e0f-4fcd-9e84-b85fb5840d50,ЦДНТА-(Р-17-3-9-4-2306+++Р-17-3-9-4-2306+++Р-17-3-9-4-2306),Р-17-3-9-4-2306,Р17,3-9,4,2306,opys-explicit
48aeb604-b9f3-44e1-a22e-ad1133ba3d6a,ЦДНТА-(Р-17-3-9-4-2314+++Р-17-3-9-4-2314+++Р-17-3-9-4-2314),Р-17-3-9-4-2314,Р17,3-9,4,2314,opys-explicit
2e41aaae-92c1-41ad-9a8b-9bd6a581e479,ЦДНТА-(Р-17-3-9-4-2315+++Р-17-3-9-4-2315+++Р-17-3-9-4-2315),Р-17-3-9-4-2315,Р17,3-9,4,2315,opys-explicit
502fee4c-c8fe-4c4d-a712-83811a4a41ef,ЦДНТА-(Р-17-3-9-4-2302+++Р-17-3-9-4-2302+++Р-17-3-9-4-2302),Р-17-3-9-4-2302,Р17,3-9,4,2302,opys-explicit
b7e625fc-1c10-4b73-a1d1-fb6f53ff978e,ЦДНТА-(Р-17-3-9-4-2305+++Р-17-3-9-4-2305+++Р-17-3-9-4-2305),Р-17-3-9-4-2305,Р17,3-9,4,2305,opys-explicit
3d784b0b-8cac-4116-bfa6-1509bb5cfa64,ЦДНТА-(Р-17-3-9-4-2307+++Р-17-3-9-4-2307+++Р-17-3-9-4-2307),Р-17-3-9-4-2307,Р17,3-9,4,2307,opys-explicit
48b238b2-1a49-4a68-af70-c3fb908f7c25,ЦДНТА-(Р-17-3-9-4-2326+++Р-17-3-9-4-2326+++Р-17-3-9-4-2326),Р-17-3-9-4-2326,Р17,3-9,4,2326,opys-explicit
b2393216-4d27-467b-acec-c7aaeedc1e1e,ЦДНТА-(Р-17-3-9-4-2316+++Р-17-3-9-4-2316+++Р-17-3-9-4-2316),Р-17-3-9-4-2316,Р17,3-9,4,2316,opys-explicit
4bb25295-232f-4a44-a7cf-7fa59ceea521,ЦДНТА-(Р-17-3-9-4-2321+++Р-17-3-9-4-2321+++Р-17-3-9-4-2321),Р-17-3-9-4-2321,Р17,3-9,4,2321,opys-explicit
837dc9c4-c712-4ee1-9773-e896d6743a5b,ЦДНТА-(Р-17-3-9-4-2335+++Р-17-3-9-4-2335+++Р-17-3-9-4-2335),Р-17-3-9-4-2335,Р17,3-9,4,2335,opys-explicit
d2f22b32-2d22-4a37-8bec-8c38aebbfd7e,ЦДНТА-(Р-17-3-9-4-2328+++Р-17-3-9-4-2328+++Р-17-3-9-4-2328),Р-17-3-9-4-2328,Р17,3-9,4,2328,opys-explicit
6e063098-e9da-4785-877a-77a63af588af,ЦДНТА-(Р-17-3-9-4-2330+++Р-17-3-9-4-2330+++Р-17-3-9-4-2330),Р-17-3-9-4-2330,Р17,3-9,4,2330,opys-explicit
ba2eccec-f47c-472d-a94e-3e2af9a53387,ЦДНТА-(Р-17-3-9-4-2360+++Р-17-3-9-4-2360+++Р-17-3-9-4-2360),Р-17-3-9-4-2360,Р17,3-9,4,2360,opys-explicit
bbbc05a9-1b87-4138-8bbd-becb8623840f,ЦДНТА-(Р-17-3-9-4-2334+++Р-17-3-9-4-2334+++Р-17-3-9-4-2334),Р-17-3-9-4-2334,Р17,3-9,4,2334,opys-explicit
e923309e-89cf-48a7-acf8-221901eb70d6,ЦДНТА-(Р-17-3-9-4-2320+++Р-17-3-9-4-2320+++Р-17-3-9-4-2320),Р-17-3-9-4-2320,Р17,3-9,4,2320,opys-explicit
f62699e3-0e1f-40a9-8c4e-799ac8e8d7cd,ЦДНТА-(Р-17-3-9-4-2354+++Р-17-3-9-4-2354+++Р-17-3-9-4-2354),Р-17-3-9-4-2354,Р17,3-9,4,2354,opys-explicit
493acee5-df4b-4fc5-8a9f-536c0c6837fb,ЦДНТА-(Р-17-3-9-4-2323+++Р-17-3-9-4-2323+++Р-17-3-9-4-2323),Р-17-3-9-4-2323,Р17,3-9,4,2323,opys-explicit
360ef645-b1a5-46fc-827c-cafd0cacf1f2,ЦДНТА-(Р-17-3-9-4-2342+++Р-17-3-9-4-2342+++Р-17-3-9-4-2342),Р-17-3-9-4-2342,Р17,3-9,4,2342,opys-explicit
7de5b2a1-7c7d-45b0-a7eb-812152907e45,ЦДНТА-(Р-17-3-9-4-2325+++Р-17-3-9-4-2325+++Р-17-3-9-4-2325),Р-17-3-9-4-2325,Р17,3-9,4,2325,opys-explicit
6b0f34ce-dc68-4b94-ae9c-9020cf74fcc1,ЦДНТА-(Р-17-3-9-4-2341+++Р-17-3-9-4-2341+++Р-17-3-9-4-2341),Р-17-3-9-4-2341,Р17,3-9,4,2341,opys-explicit
ec559861-24cd-4575-a9ee-0045698439e2,ЦДНТА-(Р-17-3-9-4-2366+++Р-17-3-9-4-2366+++Р-17-3-9-4-2366),Р-17-3-9-4-2366,Р17,3-9,4,2366,opys-explicit
118e935c-30db-4820-b2af-db5ac01bcae0,ЦДНТА-(Р-17-3-9-4-2380+++Р-17-3-9-4-2380+++Р-17-3-9-4-2380),Р-17-3-9-4-2380,Р17,3-9,4,2380,opys-explicit
0e250db7-7a5c-4290-a34a-904c65e398b2,ЦДНТА-(Р-17-3-9-4-2381+++Р-17-3-9-4-2381+++Р-17-3-9-4-2381),Р-17-3-9-4-2381,Р17,3-9,4,2381,opys-explicit
ec912914-1a11-4a44-babb-567b7136c475,ЦДНТА-(Р-17-3-9-4-2347+++Р-17-3-9-4-2347+++Р-17-3-9-4-2347),Р-17-3-9-4-2347,Р17,3-9,4,2347,opys-explicit
64728504-fbb5-441f-820a-842e7c31a0be,ЦДНТА-(Р-17-3-9-4-2378+++Р-17-3-9-4-2378+++Р-17-3-9-4-2378),Р-17-3-9-4-2378,Р17,3-9,4,2378,opys-explicit
6fd86d14-ebc5-4a98-b237-becfda9fc0f3,ЦДНТА-(Р-17-3-9-4-2339+++Р-17-3-9-4-2339+++Р-17-3-9-4-2339),Р-17-3-9-4-2339,Р17,3-9,4,2339,opys-explicit
da661bc7-e050-4201-8c9b-eb97c7050898,ЦДНТА-(Р-17-3-9-4-2373+++Р-17-3-9-4-2373+++Р-17-3-9-4-2373),Р-17-3-9-4-2373,Р17,3-9,4,2373,opys-explicit
2bd64355-e123-4682-8e13-f60e3f4eca96,ЦДНТА-(Р-17-3-9-4-2348+++Р-17-3-9-4-2348+++Р-17-3-9-4-2348),Р-17-3-9-4-2348,Р17,3-9,4,2348,opys-explicit
f2f1a84a-9673-4255-b84e-cdf3a4a42112,ЦДНТА-(Р-17-3-9-4-2363+++Р-17-3-9-4-2363+++Р-17-3-9-4-2363),Р-17-3-9-4-2363,Р17,3-9,4,2363,opys-explicit
07075f15-2796-4180-ab83-78769ffc2750,ЦДНТА-(Р-17-3-9-4-2346+++Р-17-3-9-4-2346+++Р-17-3-9-4-2346),Р-17-3-9-4-2346,Р17,3-9,4,2346,opys-explicit
efd7d203-5c7f-45c3-bcec-149df5687954,ЦДНТА-(Р-17-3-9-4-2371+++Р-17-3-9-4-2371+++Р-17-3-9-4-2371),Р-17-3-9-4-2371,Р17,3-9,4,2371,opys-explicit
891cc495-3600-4d00-8f9e-42e33d49fe01,ЦДНТА-(Р-17-3-9-4-2350+++Р-17-3-9-4-2350+++Р-17-3-9-4-2350),Р-17-3-9-4-2350,Р17,3-9,4,2350,opys-explicit
f43c0d73-ad57-4707-b686-7ad4a831a565,ЦДНТА-(Р-17-3-9-4-2374+++Р-17-3-9-4-2374+++Р-17-3-9-4-2374),Р-17-3-9-4-2374,Р17,3-9,4,2374,opys-explicit
fad42bc9-8687-4a86-a683-6bb9e3e6c0a3,ЦДНТА-(Р-17-3-9-4-2361+++Р-17-3-9-4-2361+++Р-17-3-9-4-2361),Р-17-3-9-4-2361,Р17,3-9,4,2361,opys-explicit
1aed554f-8a0a-4d74-8a7d-30b781d5b7b2,ЦДНТА-(Р-17-3-9-4-2384+++Р-17-3-9-4-2384+++Р-17-3-9-4-2384),Р-17-3-9-4-2384,Р17,3-9,4,2384,opys-explicit
0f35a8f9-58e5-4b98-b8d1-c257fadbac0a,ЦДНТА-(Р-17-3-9-4-2377+++Р-17-3-9-4-2377+++Р-17-3-9-4-2377),Р-17-3-9-4-2377,Р17,3-9,4,2377,opys-explicit
cadf3200-b077-47eb-90ad-6d7c10a7dad2,ЦДНТА-(Р-17-3-9-4-2383+++Р-17-3-9-4-2383+++Р-17-3-9-4-2383),Р-17-3-9-4-2383,Р17,3-9,4,2383,opys-explicit
962f56aa-192e-4c63-9f53-b18355f49ab8,ЦДНТА-(Р-17-3-9-4-2367+++Р-17-3-9-4-2367+++Р-17-3-9-4-2367),Р-17-3-9-4-2367,Р17,3-9,4,2367,opys-explicit
8f299c87-3cba-4319-92f8-6a7c3ea64cf2,ЦДНТА-(Р-17-3-9-4-2395+++Р-17-3-9-4-2395+++Р-17-3-9-4-2395),Р-17-3-9-4-2395,Р17,3-9,4,2395,opys-explicit
6517cf56-c15d-42a2-8806-756465505177,ЦДНТА-(Р-17-3-9-4-2382+++Р-17-3-9-4-2382+++Р-17-3-9-4-2382),Р-17-3-9-4-2382,Р17,3-9,4,2382,opys-explicit
1467c81d-0d5f-495c-9451-c2ff66cb75db,ЦДНТА-(Р-17-3-9-4-2375+++Р-17-3-9-4-2375+++Р-17-3-9-4-2375),Р-17-3-9-4-2375,Р17,3-9,4,2375,opys-explicit
baa32059-8fb6-40ba-89cc-4ed92ca72193,ЦДНТА-(Р-17-3-9-4-2385+++Р-17-3-9-4-2385+++Р-17-3-9-4-2385),Р-17-3-9-4-2385,Р17,3-9,4,2385,opys-explicit
26347261-fe15-4b37-bcee-7a832b970062,ЦДНТА-(Р-17-3-9-4-2391+++Р-17-3-9-4-2391+++Р-17-3-9-4-2391),Р-17-3-9-4-2391,Р17,3-9,4,2391,opys-explicit
b49a95c4-1518-48ff-b8a3-02e81410ff29,ЦДНТА-(Р-17-3-9-4-2397+++Р-17-3-9-4-2397+++Р-17-3-9-4-2397),Р-17-3-9-4-2397,Р17,3-9,4,2397,opys-explicit
f593a79d-9ed8-4e83-be8f-2fa179598bd0,ЦДНТА-(Р-17-3-9-4-2399+++Р-17-3-9-4-2399+++Р-17-3-9-4-2399),Р-17-3-9-4-2399,Р17,3-9,4,2399,opys-explicit
1b3d1afc-a3e7-4412-9fd7-b8c6646bb6b7,ЦДНТА-(Р-17-3-9-4-2425+++Р-17-3-9-4-2425+++Р-17-3-9-4-2425),Р-17-3-9-4-2425,Р17,3-9,4,2425,opys-explicit
aa374509-0373-49e2-80a1-6d14999e88e6,ЦДНТА-(Р-17-3-9-4-2414+++Р-17-3-9-4-2414+++Р-17-3-9-4-2414),Р-17-3-9-4-2414,Р17,3-9,4,2414,opys-explicit
77df2469-21c4-4f8f-a0a5-d8416dd63698,ЦДНТА-(Р-17-3-9-4-2419+++Р-17-3-9-4-2419+++Р-17-3-9-4-2419),Р-17-3-9-4-2419,Р17,3-9,4,2419,opys-explicit
b23c6c35-21e0-4318-9b1d-8324d1aa2b5f,ЦДНТА-(Р-17-3-9-4-2462+++Р-17-3-9-4-2462+++Р-17-3-9-4-2462),Р-17-3-9-4-2462,Р17,3-9,4,2462,opys-explicit
4d2c7ce3-2766-4c5c-a2f2-61eaccc00fbf,ЦДНТА-(Р-17-3-9-4-2435+++Р-17-3-9-4-2435+++Р-17-3-9-4-2435),Р-17-3-9-4-2435,Р17,3-9,4,2435,opys-explicit
9aa015a1-feb0-4a5f-9a53-cbb1e2d2b2d8,ЦДНТА-(Р-17-3-9-4-2386+++Р-17-3-9-4-2386+++Р-17-3-9-4-2386),Р-17-3-9-4-2386,Р17,3-9,4,2386,opys-explicit
1afeef17-7801-41d4-863d-4e0aff8efa2d,ЦДНТА-(Р-17-3-9-4-2461+++Р-17-3-9-4-2461+++Р-17-3-9-4-2461),Р-17-3-9-4-2461,Р17,3-9,4,2461,opys-explicit
8ff11c7b-068b-473b-8a94-67d153ae51bb,ЦДНТА-(Р-17-3-9-4-2413+++Р-17-3-9-4-2413+++Р-17-3-9-4-2413),Р-17-3-9-4-2413,Р17,3-9,4,2413,opys-explicit
1506c9b8-677b-4a29-b80b-4bbe376b3c0e,ЦДНТА-(Р-17-3-9-4-2424+++Р-17-3-9-4-2424+++Р-17-3-9-4-2424),Р-17-3-9-4-2424,Р17,3-9,4,2424,opys-explicit
7f1f32b7-6e26-4179-b408-71dc90b6ce5b,ЦДНТА-(Р-17-3-9-4-2428+++Р-17-3-9-4-2428+++Р-17-3-9-4-2428),Р-17-3-9-4-2428,Р17,3-9,4,2428,opys-explicit
11af512b-48f2-47e6-a0cd-a87d1dedcdfd,ЦДНТА-(Р-17-3-9-4-2466+++Р-17-3-9-4-2466+++Р-17-3-9-4-2466),Р-17-3-9-4-2466,Р17,3-9,4,2466,opys-explicit
dcc5713f-2635-4bd5-8a8b-28805ded50a4,ЦДНТА-(Р-17-3-9-4-2433+++Р-17-3-9-4-2433+++Р-17-3-9-4-2433),Р-17-3-9-4-2433,Р17,3-9,4,2433,opys-explicit
d3b8110f-3794-4c13-aa5c-616047c242c7,ЦДНТА-(Р-17-3-9-4-2467+++Р-17-3-9-4-2467+++Р-17-3-9-4-2467),Р-17-3-9-4-2467,Р17,3-9,4,2467,opys-explicit
96b6facc-cc5d-4663-a5e8-87457359da5a,ЦДНТА-(Р-17-3-9-4-2487+++Р-17-3-9-4-2487+++Р-17-3-9-4-2487),Р-17-3-9-4-2487,Р17,3-9,4,2487,opys-explicit
54fa0681-c8b1-433e-ad6d-bb5e4355bd34,ЦДНТА-(Р-17-3-9-4-2430+++Р-17-3-9-4-2430+++Р-17-3-9-4-2430),Р-17-3-9-4-2430,Р17,3-9,4,2430,opys-explicit
8e5b2514-9669-4a0d-a29b-0cdc2b3b886d,ЦДНТА-(Р-17-3-9-4-2489+++Р-17-3-9-4-2489+++Р-17-3-9-4-2489),Р-17-3-9-4-2489,Р17,3-9,4,2489,opys-explicit
e6aaa846-4e17-4c76-b64f-8ecfdbe3792e,ЦДНТА-(Р-17-3-9-4-2447+++Р-17-3-9-4-2447+++Р-17-3-9-4-2447),Р-17-3-9-4-2447,Р17,3-9,4,2447,opys-explicit
306a9041-b2c6-4ff9-a3af-1bdb72471179,ЦДНТА-(Р-17-3-9-4-2475+++Р-17-3-9-4-2475+++Р-17-3-9-4-2475),Р-17-3-9-4-2475,Р17,3-9,4,2475,opys-explicit
82787208-bc9a-4153-927e-9f64fe523297,ЦДНТА-(Р-17-3-9-4-2477+++Р-17-3-9-4-2477+++Р-17-3-9-4-2477),Р-17-3-9-4-2477,Р17,3-9,4,2477,opys-explicit
95ad6d49-2d8f-4609-90ca-238d2fb04dc2,ЦДНТА-(Р-17-3-9-4-2450+++Р-17-3-9-4-2450+++Р-17-3-9-4-2450),Р-17-3-9-4-2450,Р17,3-9,4,2450,opys-explicit
ded94be1-3aa6-4dc5-a8ed-7dc5fc458247,ЦДНТА-(Р-17-3-9-4-2448+++Р-17-3-9-4-2448+++Р-17-3-9-4-2448),Р-17-3-9-4-2448,Р17,3-9,4,2448,opys-explicit
02abc5d0-174a-4d97-9966-8127ea7aadde,ЦДНТА-(Р-17-3-9-4-2458+++Р-17-3-9-4-2458+++Р-17-3-9-4-2458),Р-17-3-9-4-2458,Р17,3-9,4,2458,opys-explicit
6a195083-41b5-4d8b-b2e0-d6c24abba79e,ЦДНТА-(Р-17-3-9-4-2506+++Р-17-3-9-4-2506+++Р-17-3-9-4-2506),Р-17-3-9-4-2506,Р17,3-9,4,2506,opys-explicit
6fa0bda1-11ce-45ea-8b1a-0027106b231d,ЦДНТА-(Р-17-3-9-4-2509+++Р-17-3-9-4-2509+++Р-17-3-9-4-2509),Р-17-3-9-4-2509,Р17,3-9,4,2509,opys-explicit
bd81eb97-9dba-4d57-9ba2-4b9dee1c2cc3,ЦДНТА-(Р-17-3-9-4-2482+++Р-17-3-9-4-2482+++Р-17-3-9-4-2482),Р-17-3-9-4-2482,Р17,3-9,4,2482,opys-explicit
7845ff1b-0b4d-44bf-a684-c7a7533fea51,ЦДНТА-(Р-17-3-9-4-2471+++Р-17-3-9-4-2471+++Р-17-3-9-4-2471),Р-17-3-9-4-2471,Р17,3-9,4,2471,opys-explicit
a680e9be-bc85-4946-968a-a31496c4e0c0,ЦДНТА-(Р-17-3-9-4-2524+++Р-17-3-9-4-2524+++Р-17-3-9-4-2524),Р-17-3-9-4-2524,Р17,3-9,4,2524,opys-explicit
8ad6a3c8-b3f2-423b-97d8-6bf51aea89b4,ЦДНТА-(Р-17-3-9-4-2517+++Р-17-3-9-4-2517+++Р-17-3-9-4-2517),Р-17-3-9-4-2517,Р17,3-9,4,2517,opys-explicit
9ca80280-018c-4e37-97ff-9b715b0601b9,ЦДНТА-(Р-17-3-9-4-2478+++Р-17-3-9-4-2478+++Р-17-3-9-4-2478),Р-17-3-9-4-2478,Р17,3-9,4,2478,opys-explicit
5cd72fef-530f-4508-af74-0678e855501b,ЦДНТА-(Р-17-3-9-4-2483+++Р-17-3-9-4-2483+++Р-17-3-9-4-2483),Р-17-3-9-4-2483,Р17,3-9,4,2483,opys-explicit
a400a36d-93e7-4596-b55c-82c2f6744729,ЦДНТА-(Р-17-3-9-4-2520+++Р-17-3-9-4-2520+++Р-17-3-9-4-2520),Р-17-3-9-4-2520,Р17,3-9,4,2520,opys-explicit
e38fbad8-6160-4e60-bb3f-2bceb9d360f4,ЦДНТА-(Р-17-3-9-4-2501+++Р-17-3-9-4-2501+++Р-17-3-9-4-2501),Р-17-3-9-4-2501,Р17,3-9,4,2501,opys-explicit
ce327976-be1f-4ad1-9597-bd94629ef234,ЦДНТА-(Р-17-3-9-4-2494+++Р-17-3-9-4-2494+++Р-17-3-9-4-2494),Р-17-3-9-4-2494,Р17,3-9,4,2494,opys-explicit
4b51d131-d53a-4920-bc4d-94671e45a58d,ЦДНТА-(Р-17-3-9-4-2575+++Р-17-3-9-4-2575+++Р-17-3-9-4-2575),Р-17-3-9-4-2575,Р17,3-9,4,2575,opys-explicit
e356320f-4a9f-4060-953b-cec0439e21b1,ЦДНТА-(Р-17-3-9-4-2525+++Р-17-3-9-4-2525+++Р-17-3-9-4-2525),Р-17-3-9-4-2525,Р17,3-9,4,2525,opys-explicit
da99c595-96b4-4acd-ab54-bd7200258861,ЦДНТА-(Р-17-3-9-4-2561+++Р-17-3-9-4-2561+++Р-17-3-9-4-2561),Р-17-3-9-4-2561,Р17,3-9,4,2561,opys-explicit
b4b984a3-6663-432c-a082-572af1d903be,ЦДНТА-(Р-17-3-9-4-2533+++Р-17-3-9-4-2533+++Р-17-3-9-4-2533),Р-17-3-9-4-2533,Р17,3-9,4,2533,opys-explicit
424fe857-f60f-4302-9aec-5ba55d696a33,ЦДНТА-(Р-17-3-9-4-2563+++Р-17-3-9-4-2563+++Р-17-3-9-4-2563),Р-17-3-9-4-2563,Р17,3-9,4,2563,opys-explicit
dfbc41ac-c7bc-416c-af89-305bb371acc9,ЦДНТА-(Р-17-3-9-4-2514+++Р-17-3-9-4-2514+++Р-17-3-9-4-2514),Р-17-3-9-4-2514,Р17,3-9,4,2514,opys-explicit
a5cbb7fc-8953-418a-8303-7e4aa9e2cf19,ЦДНТА-(Р-17-3-9-4-2567+++Р-17-3-9-4-2567+++Р-17-3-9-4-2567),Р-17-3-9-4-2567,Р17,3-9,4,2567,opys-explicit
b3fce7ba-a8d7-49a6-9f0c-9f8d40a36c3a,ЦДНТА-(Р-107-3-36-3-256+++Р-107-3-36-3-256+++Р-107-3-36-3-256),Р-107-3-36-3-256,Р107,3-36,3,256,opys-explicit
54233015-e642-4211-b838-dfcc9998e14c,ЦДНТА-(Р-17-3-9-3-992+++Р-17-3-9-3-992+++Р-17-3-9-3-992),Р-17-3-9-3-992,Р17,3-9,3,992,opys-explicit
29d0aaca-c0f9-4b01-a4c5-a206ea34e06f,ЦДНТА-(Р-17-3-9-3-996+++Р-17-3-9-3-996+++Р-17-3-9-3-996),Р-17-3-9-3-996,Р17,3-9,3,996,opys-explicit
c6885d69-a2ee-4f57-9c17-15f78cd09767,ЦДНТА-(Р-17-3-9-3-983+++Р-17-3-9-3-983+++Р-17-3-9-3-983),Р-17-3-9-3-983,Р17,3-9,3,983,opys-explicit
47ba87b8-a3d6-4299-984e-9cb547d4f33d,ЦДНТА-(Р-17-3-9-3-1131+++Р-17-3-9-3-1131+++Р-17-3-9-3-1131),Р-17-3-9-3-1131,Р17,3-9,3,1131,opys-explicit
d069f4da-2ba9-40b7-ad2b-247f861a708d,ЦДНТА-(Р-17-3-9-3-1166+++Р-17-3-9-3-1166+++Р-17-3-9-3-1166),Р-17-3-9-3-1166,Р17,3-9,3,1166,opys-explicit
be5692cd-866e-43af-9f34-0dd752ce2d6f,ЦДНТА-(Р-17-3-9-3-959+++Р-17-3-9-3-959+++Р-17-3-9-3-959),Р-17-3-9-3-959,Р17,3-9,3,959,opys-explicit
a62963f9-42c7-49b0-a1a7-53fcd7a40e9e,ЦДНТА-(Р-17-3-9-3-977+++Р-17-3-9-3-977+++Р-17-3-9-3-977),Р-17-3-9-3-977,Р17,3-9,3,977,opys-explicit
aaf83c44-d86c-4c49-ab45-c109479ed7cf,ЦДНТА-(Р-17-3-9-3-979+++Р-17-3-9-3-979+++Р-17-3-9-3-979),Р-17-3-9-3-979,Р17,3-9,3,979,opys-explicit
bf3fbb36-02bd-4d72-86f4-7be3dc22c50a,ЦДНТА-(Р-17-3-9-3-1054+++Р-17-3-9-3-1054+++Р-17-3-9-3-1054),Р-17-3-9-3-1054,Р17,3-9,3,1054,opys-explicit
6730bc19-74f4-40ce-9a72-a527e4040e54,ЦДНТА-(Р-17-3-9-3-1121+++Р-17-3-9-3-1121+++Р-17-3-9-3-1121),Р-17-3-9-3-1121,Р17,3-9,3,1121,opys-explicit
5963a4dc-334f-4d7e-b1ff-762688266ec3,ЦДНТА-(Р-17-3-9-3-1118+++Р-17-3-9-3-1118+++Р-17-3-9-3-1118),Р-17-3-9-3-1118,Р17,3-9,3,1118,opys-explicit
9b2a54d2-136a-4a4a-b028-d1d45d78bb6a,ЦДНТА-(Р-17-3-9-3-1129+++Р-17-3-9-3-1129+++Р-17-3-9-3-1129),Р-17-3-9-3-1129,Р17,3-9,3,1129,opys-explicit
b8fad983-11f8-48e9-9ba8-ad577adefe1c,ЦДНТА-(Р-17-3-9-3-1191+++Р-17-3-9-3-1191+++Р-17-3-9-3-1191),Р-17-3-9-3-1191,Р17,3-9,3,1191,opys-explicit
1e64a2c4-ddac-4655-b472-ee5a01bb4fad,ЦДНТА-(Р-17-3-9-3-1190+++Р-17-3-9-3-1190+++Р-17-3-9-3-1190),Р-17-3-9-3-1190,Р17,3-9,3,1190,opys-explicit
279ba026-2d04-4618-b2bb-9f400d27ee45,ЦДНТА-(P-107-3-36-1-3+++P-107-3-36-1-3+++P-107-3-36-1-3),Р-107-3-36-1-3,Р107,3-36,1,3,opys-explicit
344df206-eb14-406c-8b90-82ee9cb87c16,ЦДНТА-(P-107-3-36-1-6+++P-107-3-36-1-6+++P-107-3-36-1-6),Р-107-3-36-1-6,Р107,3-36,1,6,opys-explicit
d84d3746-f3e9-4909-bbc8-ae556baa1f5c,ЦДНТА-(Р-107-3-36-1-32+++Р-107-3-36-1-32+++Р-107-3-36-1-32),Р-107-3-36-1-32,Р107,3-36,1,32,opys-explicit
7e76a4c0-00c2-47ac-8f57-0a76c71cca9e,ЦДНТА-(Р-107-3-36-1-9+++Р-107-3-36-1-9+++Р-107-3-36-1-9),Р-107-3-36-1-9,Р107,3-36,1,9,opys-explicit
b26eacab-a1ab-4b28-91a1-a907071a5953,ЦДНТА-(Р-107-3-36-1-30+++Р-107-3-36-1-30+++Р-107-3-36-1-30),Р-107-3-36-1-30,Р107,3-36,1,30,opys-explicit
fb7f0a79-7cc4-47bc-a7a9-133704d8e95b,ЦДНТА-(Р-107-3-36-1-33+++Р-107-3-36-1-33+++Р-107-3-36-1-33),Р-107-3-36-1-33,Р107,3-36,1,33,opys-explicit
3b9871d7-7430-4ec0-8822-7558ae069988,ЦДНТА-(Р-107-3-36-1-52+++Р-107-3-36-1-52+++Р-107-3-36-1-52),Р-107-3-36-1-52,Р107,3-36,1,52,opys-explicit
b9467fe7-9ffa-4e38-bf0c-3c3139140dd1,ЦДНТА-(Р-107-3-36-1-46+++Р-107-3-36-1-46+++Р-107-3-36-1-46),Р-107-3-36-1-46,Р107,3-36,1,46,opys-explicit
71ee1520-a339-4ab2-9203-49342079fc82,ЦДНТА-(Р-107-3-36-1-73+++Р-107-3-36-1-73+++Р-107-3-36-1-73),Р-107-3-36-1-73,Р107,3-36,1,73,opys-explicit+outofrange
2a9f0354-7e8a-423d-9787-bc9149856545,ЦДНТА-(Р-107-3-36-1-57+++Р-107-3-36-1-57+++Р-107-3-36-1-57),Р-107-3-36-1-57,Р107,3-36,1,57,opys-explicit
16ddb02a-8c4b-4e0c-83c1-8d1d09c4107b,ЦДНТА-(Р-107-3-36-1-65+++Р-107-3-36-1-65+++Р-107-3-36-1-65),Р-107-3-36-1-65,Р107,3-36,1,65,opys-explicit+outofrange
0002535c-0627-440a-9c56-da0d1733ff7e,ЦДНТА-(Р-107-3-36-1-71+++Р-107-3-36-1-71+++Р-107-3-36-1-71),Р-107-3-36-1-71,Р107,3-36,1,71,opys-explicit+outofrange
cc6f4a42-461f-4037-a4ff-36b5133f7be7,ЦДНТА-(Р-107-3-36-1-77+++Р-107-3-36-1-77+++Р-107-3-36-1-77),Р-107-3-36-1-77,Р107,3-36,1,77,opys-explicit+outofrange
beba35dd-e8d5-463e-92a6-699c7fd6c9ff,ЦДНТА-(Р-107-3-36-1-79+++Р-107-3-36-1-79+++Р-107-3-36-1-79),Р-107-3-36-1-79,Р107,3-36,1,79,opys-explicit+outofrange
a711eab3-0440-435f-a3ca-b9fa20df9f81,ЦДНТА-(Р-107-3-36-1-87+++Р-107-3-36-1-87+++Р-107-3-36-1-87),Р-107-3-36-1-87,Р107,3-36,1,87,opys-explicit+outofrange
033ee8e7-fd8e-4bbd-99aa-1216587f411f,ЦДНТА-(Р-107-3-36-1-93+++Р-107-3-36-1-93+++Р-107-3-36-1-93),Р-107-3-36-1-93,Р107,3-36,1,93,opys-explicit+outofrange
422a9acf-2dd1-4884-a7bb-119d93ca8699,ЦДНТА-(Р-107-3-36-7-2579+++Р-107-3-36-7-2579+++Р-107-3-36-7-2579),Р-107-3-36-7-2579,Р107,3-36,7,2579,opys-explicit
40fbe248-2cb3-4ea1-931e-d90e8d6b2918,ЦДНТА-(Р-107-3-36-7-2568+++Р-107-3-36-7-2568+++Р-107-3-36-7-2568),Р-107-3-36-7-2568,Р107,3-36,7,2568,opys-explicit
817ef2bf-cf55-42b6-93d0-057c71f7fdbd,ЦДНТА-(Р-107-3-36-7-2620+++Р-107-3-36-7-2620+++Р-107-3-36-7-2620),Р-107-3-36-7-2620,Р107,3-36,7,2620,opys-explicit
5a12f32a-c238-4496-b23f-538fc19dafc6,ЦДНТА-(Р-107-3-36-7-2616+++Р-107-3-36-7-2616+++Р-107-3-36-7-2616),Р-107-3-36-7-2616,Р107,3-36,7,2616,opys-explicit
8ce02636-a5f9-4d4f-879c-bda225213459,ЦДНТА-(Р-107-3-36-7-2622+++Р-107-3-36-7-2622+++Р-107-3-36-7-2622),Р-107-3-36-7-2622,Р107,3-36,7,2622,opys-explicit
6e5e65fe-7b89-4705-9c94-bdfd769be5bc,ЦДНТА-(Р-107-3-36-7-2641+++Р-107-3-36-7-2641+++Р-107-3-36-7-2641),Р-107-3-36-7-2641,Р107,3-36,7,2641,opys-explicit
d401ea08-4cdc-4951-8dec-b259f66787ff,ЦДНТА-(Р-107-3-36-7-2659+++Р-107-3-36-7-2659+++Р-107-3-36-7-2659),Р-107-3-36-7-2659,Р107,3-36,7,2659,opys-explicit
fa7382b6-04d2-4015-8a35-d33d2374c547,ЦДНТА-(Р-107-3-36-3-248+++Р-107-3-36-3-248+++Р-107-3-36-3-248),Р-107-3-36-3-248,Р107,3-36,3,248,opys-explicit
53bdb0a9-0a91-46f5-ada1-d19b75b80f6c,ЦДНТА-(Р-107-3-36-3-276+++Р-107-3-36-3-276+++Р-107-3-36-3-276),Р-107-3-36-3-276,Р107,3-36,3,276,opys-explicit
a1426c98-cf07-4acc-a0df-172033fb8452,ЦДНТА-(Р-107-3-36-6-2335+++Р-107-3-36-6-2335+++Р-107-3-36-6-2335),Р-107-3-36-6-2335,Р107,3-36,6,2335,opys-explicit
c97a118c-4e93-4889-bb6b-b5d142bfb319,ЦДНТА-(Р-107-3-36-6-2338+++Р-107-3-36-6-2338+++Р-107-3-36-6-2338),Р-107-3-36-6-2338,Р107,3-36,6,2338,opys-explicit
43125d6c-fcfb-475f-90f7-cf9e1df5b95e,ЦДНТА-(Р-107-3-36-6-2321+++Р-107-3-36-6-2321+++Р-107-3-36-6-2321),Р-107-3-36-6-2321,Р107,3-36,6,2321,opys-explicit
9c8ab0b1-341f-4045-8543-a9b4986ae7a4,ЦДНТА-(Р-107-3-36-6-2322+++Р-107-3-36-6-2322+++Р-107-3-36-6-2322),Р-107-3-36-6-2322,Р107,3-36,6,2322,opys-explicit
ab9f437c-25e6-4bcd-9991-75cb4f7a8105,ЦДНТА-(Р-107-3-36-6-2347+++Р-107-3-36-6-2347+++Р-107-3-36-6-2347),Р-107-3-36-6-2347,Р107,3-36,6,2347,opys-explicit
041b14d7-62f1-42c0-bda4-20f11e415986,ЦДНТА-(Р-107-3-36-6-2359+++Р-107-3-36-6-2359+++Р-107-3-36-6-2359),Р-107-3-36-6-2359,Р107,3-36,6,2359,opys-explicit
462992c9-f10c-4536-962f-cf8627fc750e,ЦДНТА-(Р-107-3-36-6-2381+++Р-107-3-36-6-2381+++Р-107-3-36-6-2381),Р-107-3-36-6-2381,Р107,3-36,6,2381,opys-explicit
562a1231-4e0b-4be6-b2f1-49bb87dfedb6,ЦДНТА-(Р-107-3-36-6-2382+++Р-107-3-36-6-2382+++Р-107-3-36-6-2382),Р-107-3-36-6-2382,Р107,3-36,6,2382,opys-explicit
54c7938f-de2b-4e6c-9580-4d1298dd8595,ЦДНТА-(Р-107-3-36-6-2428+++Р-107-3-36-6-2428+++Р-107-3-36-6-2428),Р-107-3-36-6-2428,Р107,3-36,6,2428,opys-explicit
559c7353-0324-4b1d-9976-b25c84801fe9,ЦДНТА-(Р-107-3-36-6-2407+++Р-107-3-36-6-2407+++Р-107-3-36-6-2407),Р-107-3-36-6-2407,Р107,3-36,6,2407,opys-explicit
517d1e48-8128-4827-9bbe-651ee4453661,ЦДНТА-(Р-107-3-36-6-2425+++Р-107-3-36-6-2425+++Р-107-3-36-6-2425),Р-107-3-36-6-2425,Р107,3-36,6,2425,opys-explicit
69abcf60-9fb9-4802-88b0-ff41d660ec29,ЦДНТА-(Р-107-3-36-6-2431+++Р-107-3-36-6-2431+++Р-107-3-36-6-2431),Р-107-3-36-6-2431,Р107,3-36,6,2431,opys-explicit
014f16b5-601c-4d11-85c1-1022e87b5352,ЦДНТА-(Р-107-3-36-7-2461+++Р-107-3-36-7-2461+++Р-107-3-36-7-2461),Р-107-3-36-7-2461,Р107,3-36,7,2461,opys-explicit
0fdbc15d-54bf-419c-be09-9b9cd92ad655,ЦДНТА-(Р-107-3-36-6-2449+++Р-107-3-36-6-2449+++Р-107-3-36-6-2449),Р-107-3-36-6-2449,Р107,3-36,6,2449,opys-explicit
025280c6-e60c-4695-a945-95e47854273f,ЦДНТА-(Р-107-3-36-6-2444+++Р-107-3-36-6-2444+++Р-107-3-36-6-2444),Р-107-3-36-6-2444,Р107,3-36,6,2444,opys-explicit
41e76708-db4a-41e6-b373-ec2ddcf5ba78,ЦДНТА-(Р-107-3-36-6-2445+++Р-107-3-36-6-2445+++Р-107-3-36-6-2445),Р-107-3-36-6-2445,Р107,3-36,6,2445,opys-explicit
3d6aff50-e35c-4ae8-8aa9-93eeb6ada07e,ЦДНТА-(Р-107-3-36-7-2487+++Р-107-3-36-7-2487+++Р-107-3-36-7-2487),Р-107-3-36-7-2487,Р107,3-36,7,2487,opys-explicit
73554a9f-76bb-414c-ac75-4461a5bf5206,ЦДНТА-(Р-107-3-36-7-2474+++Р-107-3-36-7-2474+++Р-107-3-36-7-2474),Р-107-3-36-7-2474,Р107,3-36,7,2474,opys-explicit
d3989367-6bb5-4098-9666-d9e5dfc1840a,ЦДНТА-(Р-107-3-36-7-2494+++Р-107-3-36-7-2494+++Р-107-3-36-7-2494),Р-107-3-36-7-2494,Р107,3-36,7,2494,opys-explicit
11191e77-04aa-4f83-868c-f0923d071b4d,ЦДНТА-(Р-107-3-36-7-2510+++Р-107-3-36-7-2510+++Р-107-3-36-7-2510),Р-107-3-36-7-2510,Р107,3-36,7,2510,opys-explicit
ff29f3d2-83f9-4a83-bee6-25e330b4661a,ЦДНТА-(Р-107-3-36-7-2537+++Р-107-3-36-7-2537+++Р-107-3-36-7-2537),Р-107-3-36-7-2537,Р107,3-36,7,2537,opys-explicit
f03795b1-ecb5-429c-8b16-c43b7dafd960,ЦДНТА-(Р-107-3-36-7-2524+++Р-107-3-36-7-2524+++Р-107-3-36-7-2524),Р-107-3-36-7-2524,Р107,3-36,7,2524,opys-explicit
6086487c-e173-41cd-b4b5-dfb12f403dd9,ЦДНТА-(Р-107-3-36-7-2520+++Р-107-3-36-7-2520+++Р-107-3-36-7-2520),Р-107-3-36-7-2520,Р107,3-36,7,2520,opys-explicit
13bf366e-3db4-4d29-98e6-11f3c42ac6b4,ЦДНТА-(Р-107-3-36-7-2526+++Р-107-3-36-7-2526+++Р-107-3-36-7-2526),Р-107-3-36-7-2526,Р107,3-36,7,2526,opys-explicit
9df7c5e1-04b3-4389-b33c-cea7c55240f8,ЦДНТА-(Р-17-3-9-3-991+++Р-17-3-9-3-991+++Р-17-3-9-3-991),Р-17-3-9-3-991,Р17,3-9,3,991,opys-explicit
dbdd0102-88bb-447e-9697-50f3aa979f24,ЦДНТА-(Р-17-3-9-3-994+++Р-17-3-9-3-994+++Р-17-3-9-3-994),Р-17-3-9-3-994,Р17,3-9,3,994,opys-explicit
858510c6-e270-4266-a54c-539b356cccec,ЦДНТА-(Р-17-3-9-3-975+++Р-17-3-9-3-975+++Р-17-3-9-3-975),Р-17-3-9-3-975,Р17,3-9,3,975,opys-explicit
a72b4c36-402f-42f6-a342-8b9d7348bfe4,ЦДНТА-(Р-17-3-9-3-1017+++Р-17-3-9-3-1017+++Р-17-3-9-3-1017),Р-17-3-9-3-1017,Р17,3-9,3,1017,opys-explicit
ee37093a-4340-4df8-8830-f78e460a8527,ЦДНТА-(Р-17-3-9-3-999+++Р-17-3-9-3-999+++Р-17-3-9-3-999),Р-17-3-9-3-999,Р17,3-9,3,999,opys-explicit
f5bbdac6-8e3e-4905-9db5-834c126dff72,ЦДНТА-(Р-17-3-9-3-1013+++Р-17-3-9-3-1013+++Р-17-3-9-3-1013),Р-17-3-9-3-1013,Р17,3-9,3,1013,opys-explicit
430d7048-0605-4411-8a97-121b3ca29d1e,ЦДНТА-(Р-17-3-9-3-1010+++Р-17-3-9-3-1010+++Р-17-3-9-3-1010),Р-17-3-9-3-1010,Р17,3-9,3,1010,opys-explicit
8252bf0c-f433-473e-8e69-19da5a4ec738,ЦДНТА-(Р-17-3-9-3-1024+++Р-17-3-9-3-1024+++Р-17-3-9-3-1024),Р-17-3-9-3-1024,Р17,3-9,3,1024,opys-explicit
23a03228-cdc3-4e52-a5e1-e06c82fe3e81,ЦДНТА-(Р-17-3-9-3-1039+++Р-17-3-9-3-1039+++Р-17-3-9-3-1039),Р-17-3-9-3-1039,Р17,3-9,3,1039,opys-explicit
62240239-e486-4938-a152-08d36ae9102a,ЦДНТА-(Р-17-3-9-3-1034+++Р-17-3-9-3-1034+++Р-17-3-9-3-1034),Р-17-3-9-3-1034,Р17,3-9,3,1034,opys-explicit
f9a6be35-9c8c-4117-8fb7-8a455ebb9373,ЦДНТА-(Р-17-3-9-3-1041+++Р-17-3-9-3-1041+++Р-17-3-9-3-1041),Р-17-3-9-3-1041,Р17,3-9,3,1041,opys-explicit
101fd89c-f4c4-4f9f-baa0-5e4167b5687f,ЦДНТА-(Р-17-3-9-3-1052+++Р-17-3-9-3-1052+++Р-17-3-9-3-1052),Р-17-3-9-3-1052,Р17,3-9,3,1052,opys-explicit
6976683d-dcd4-4164-9103-1c69c7d40e39,ЦДНТА-(Р-17-3-9-3-1060+++Р-17-3-9-3-1060+++Р-17-3-9-3-1060),Р-17-3-9-3-1060,Р17,3-9,3,1060,opys-explicit
9dd0cd00-551b-46b4-ae09-85f4307bc988,ЦДНТА-(Р-17-3-9-3-1065+++Р-17-3-9-3-1065+++Р-17-3-9-3-1065),Р-17-3-9-3-1065,Р17,3-9,3,1065,opys-explicit
5c35e1d3-25df-4034-be37-a3f2ab49b10b,ЦДНТА-(Р-17-3-9-3-1068+++Р-17-3-9-3-1068+++Р-17-3-9-3-1068),Р-17-3-9-3-1068,Р17,3-9,3,1068,opys-explicit
2d101ed0-6ea5-4edc-90d2-e8e66145998f,ЦДНТА-(Р-17-3-9-3-1077+++Р-17-3-9-3-1077+++Р-17-3-9-3-1077),Р-17-3-9-3-1077,Р17,3-9,3,1077,opys-explicit
e8215b88-f985-4432-8cd7-31d8882910e7,ЦДНТА-(Р-17-3-9-3-1094+++Р-17-3-9-3-1094+++Р-17-3-9-3-1094),Р-17-3-9-3-1094,Р17,3-9,3,1094,opys-explicit
28ce4da2-81ec-462d-a167-59af6fbaad84,ЦДНТА-(Р-17-3-9-3-1093+++Р-17-3-9-3-1093+++Р-17-3-9-3-1093),Р-17-3-9-3-1093,Р17,3-9,3,1093,opys-explicit
98847bf5-f8ba-4734-9b4d-3f7a710049ec,ЦДНТА-(Р-17-3-9-3-1108+++Р-17-3-9-3-1108+++Р-17-3-9-3-1108),Р-17-3-9-3-1108,Р17,3-9,3,1108,opys-explicit
04e9b5c9-d533-49dc-ad45-5ee02d59a863,ЦДНТА-(Р-17-3-9-3-1114+++Р-17-3-9-3-1114+++Р-17-3-9-3-1114),Р-17-3-9-3-1114,Р17,3-9,3,1114,opys-explicit
67596af6-af8c-40dc-b986-408afe8c8975,ЦДНТА-(Р-17-3-9-3-1116+++Р-17-3-9-3-1116+++Р-17-3-9-3-1116),Р-17-3-9-3-1116,Р17,3-9,3,1116,opys-explicit
cecb67cc-8a00-427a-8270-df41f9d7d1e4,ЦДНТА-(Р-17-3-9-3-1113+++Р-17-3-9-3-1113+++Р-17-3-9-3-1113),Р-17-3-9-3-1113,Р17,3-9,3,1113,opys-explicit
59479f25-3d28-40b4-ba7d-7f79a36056e7,ЦДНТА-(Р-17-3-9-3-1132+++Р-17-3-9-3-1132+++Р-17-3-9-3-1132),Р-17-3-9-3-1132,Р17,3-9,3,1132,opys-explicit
d87b410d-63ae-4866-9b3b-283f9759c30a,ЦДНТА-(Р-17-3-9-3-1134+++Р-17-3-9-3-1134+++Р-17-3-9-3-1134),Р-17-3-9-3-1134,Р17,3-9,3,1134,opys-explicit
3b3ff2d1-373b-4d5d-a6ed-2d8bdb1b2bc0,ЦДНТА-(Р-17-3-9-3-1199+++Р-17-3-9-3-1199+++Р-17-3-9-3-1199),Р-17-3-9-3-1199,Р17,3-9,3,1199,opys-explicit
cbee74ff-3615-43e7-80cf-18ce85c72226,ЦДНТА-(Р-17-3-9-3-1212+++Р-17-3-9-3-1212+++Р-17-3-9-3-1212),Р-17-3-9-3-1212,Р17,3-9,3,1212,opys-explicit
3bb14e91-50ad-4aa4-9f8d-05c7f6d0b967,ЦДНТА-(Р-17-3-9-4-1362+++Р-17-3-9-4-1362+++Р-17-3-9-4-1362),Р-17-3-9-4-1362,Р17,3-9,4,1362,opys-explicit
dd1162fd-6f2a-4a5c-9729-ae2bb7ce02eb,ЦДНТА-(Р-17-3-9-4-1383+++Р-17-3-9-4-1383+++Р-17-3-9-4-1383),Р-17-3-9-4-1383,Р17,3-9,4,1383,opys-explicit
b9d465e3-b7e2-4b22-b591-0522034e5770,ЦДНТА-(Р-17-3-9-4-1382+++Р-17-3-9-4-1382+++Р-17-3-9-4-1382),Р-17-3-9-4-1382,Р17,3-9,4,1382,opys-explicit
7cef987f-a8d2-47f1-a473-edcf342c3f62,ЦДНТА-(Р-17-3-9-4-1416+++Р-17-3-9-4-1416+++Р-17-3-9-4-1416),Р-17-3-9-4-1416,Р17,3-9,4,1416,opys-explicit
a95c1b79-7707-4b4e-b9b9-457582d50074,ЦДНТА-(Р-17-3-9-4-1406+++Р-17-3-9-4-1406+++Р-17-3-9-4-1406),Р-17-3-9-4-1406,Р17,3-9,4,1406,opys-explicit
361a57e0-3a26-4b5a-bf5e-06997bd70307,ЦДНТА-(Р-17-3-9-4-1412+++Р-17-3-9-4-1412+++Р-17-3-9-4-1412),Р-17-3-9-4-1412,Р17,3-9,4,1412,opys-explicit
c25146f5-5d26-4fac-8d2a-f7879fecf6cd,ЦДНТА-(Р-107-3-36-4-979+++Р-107-3-36-4-979+++Р-107-3-36-4-979),Р-107-3-36-4-979,Р107,3-36,4,979,opys-explicit
abe67eb1-5706-406e-8952-35d1a5e93e0f,ЦДНТА-(Р-107-3-36-4-997+++Р-107-3-36-4-997+++Р-107-3-36-4-997),Р-107-3-36-4-997,Р107,3-36,4,997,opys-explicit
97678b80-7238-44ef-be23-a234a7408ebd,ЦДНТА-(Р-107-3-36-4-995+++Р-107-3-36-4-995+++Р-107-3-36-4-995),Р-107-3-36-4-995,Р107,3-36,4,995,opys-explicit
f8b652e0-8ada-4517-b56a-26e546d9dc49,ЦДНТА-(Р-107-3-36-4-1047+++Р-107-3-36-4-1047+++Р-107-3-36-4-1047),Р-107-3-36-4-1047,Р107,3-36,4,1047,opys-explicit
51ae5ad2-5ec5-4303-99a4-635531eaab83,ЦДНТА-(Р-107-3-36-4-1036+++Р-107-3-36-4-1036+++Р-107-3-36-4-1036),Р-107-3-36-4-1036,Р107,3-36,4,1036,opys-explicit
9ddb240f-b67c-4984-b8a9-e7adf30d67e4,ЦДНТА-(Р-107-3-36-4-1020+++Р-107-3-36-4-1020+++Р-107-3-36-4-1020),Р-107-3-36-4-1020,Р107,3-36,4,1020,opys-explicit
9af6be86-8f5b-4ae1-9f34-3109341956f1,ЦДНТА-(Р-107-3-36-4-912+++Р-107-3-36-4-912+++Р-107-3-36-4-912),Р-107-3-36-4-912,Р107,3-36,4,912,opys-explicit
da02136c-9a3c-4be7-ab98-3599c6b69b05,ЦДНТА-(Р-107-3-36-4-1109+++Р-107-3-36-4-1109+++Р-107-3-36-4-1109),Р-107-3-36-4-1109,Р107,3-36,4,1109,opys-explicit
8d407c20-a2aa-4359-b634-e4b70e60ae28,ЦДНТА-(Р-107-3-36-4-906+++Р-107-3-36-4-906+++Р-107-3-36-4-906),Р-107-3-36-4-906,Р107,3-36,4,906,opys-explicit
b2a35ed1-119c-459b-a43b-795bc6507f8c,ЦДНТА-(Р-107-3-36-4-1107+++Р-107-3-36-4-1107+++Р-107-3-36-4-1107),Р-107-3-36-4-1107,Р107,3-36,4,1107,opys-explicit
ed5d0e3a-5205-45b0-9fa4-9baacdd0ee33,ЦДНТА-(Р-107-3-36-4-1101+++Р-107-3-36-4-1101+++Р-107-3-36-4-1101),Р-107-3-36-4-1101,Р107,3-36,4,1101,opys-explicit
9c5c3866-91ef-428e-847b-27cb56203a8e,ЦДНТА-(Р-107-3-36-4-1061+++Р-107-3-36-4-1061+++Р-107-3-36-4-1061),Р-107-3-36-4-1061,Р107,3-36,4,1061,opys-explicit
14e4f440-6cd8-4e8c-8dc1-799f55528120,ЦДНТА-(Р-107-3-36-4-931+++Р-107-3-36-4-931+++Р-107-3-36-4-931),Р-107-3-36-4-931,Р107,3-36,4,931,opys-explicit
9226b143-616c-4b22-b49f-5bb6859147b8,ЦДНТА-(Р-107-3-36-4-966+++Р-107-3-36-4-966+++Р-107-3-36-4-966),Р-107-3-36-4-966,Р107,3-36,4,966,opys-explicit
bc4b8021-48d8-4af9-b91b-4ed220e7c3c5,ЦДНТА-(Р-107-3-36-4-1007+++Р-107-3-36-4-1007+++Р-107-3-36-4-1007),Р-107-3-36-4-1007,Р107,3-36,4,1007,opys-explicit
54c4174c-8614-4c98-97ec-0e2edc1c030a,ЦДНТА-(Р-107-3-36-4-1006+++Р-107-3-36-4-1006+++Р-107-3-36-4-1006),Р-107-3-36-4-1006,Р107,3-36,4,1006,opys-explicit
cc7e9b05-33de-4d63-b3b5-0f078ae13ab7,ЦДНТА-(Р-107-3-36-4-1035+++Р-107-3-36-4-1035+++Р-107-3-36-4-1035),Р-107-3-36-4-1035,Р107,3-36,4,1035,opys-explicit
50bd5de0-b35a-46d2-8677-b4a540c8ba88,ЦДНТА-(Р-107-3-36-3-864+++Р-107-3-36-3-864+++Р-107-3-36-3-864),Р-107-3-36-3-864,Р107,3-36,3,864,opys-explicit
f8dde554-3d6b-471d-95d7-6cb8fcb1a228,ЦДНТА-(Р-107-3-36-4-1033+++Р-107-3-36-4-1033+++Р-107-3-36-4-1033),Р-107-3-36-4-1033,Р107,3-36,4,1033,opys-explicit
580eea7e-ef53-407f-bf9c-d2023ec32aa7,ЦДНТА-(Р-107-3-36-4-1080+++Р-107-3-36-4-1080+++Р-107-3-36-4-1080),Р-107-3-36-4-1080,Р107,3-36,4,1080,opys-explicit
a8408677-abf9-45dc-814f-3aa033ab51af,ЦДНТА-(Р-107-3-36-4-1087+++Р-107-3-36-4-1087+++Р-107-3-36-4-1087),Р-107-3-36-4-1087,Р107,3-36,4,1087,opys-explicit
34dce338-5f3a-4f3d-9d2b-5af458b7a56a,ЦДНТА-(Р-78-3-22-2-670+++Р-78-3-22-2-670+++Р-78-3-22-2-670),Р-78-3-22-2-670,Р78,3-22,2Д,670,opys-explicit
03325b94-43f3-4daf-a6a0-9c58c0df88e3,ЦДНТА-(Р-78-3-22-2-682+++Р-78-3-22-2-682+++Р-78-3-22-2-682),Р-78-3-22-2-682,Р78,3-22,2Д,682,opys-explicit
d0e87272-a85d-4efa-a243-a15061fe9c3d,ЦДНТА-(Р-78-3-22-2-666+++Р-78-3-22-2-666+++Р-78-3-22-2-666),Р-78-3-22-2-666,Р78,3-22,2Д,666,opys-explicit
b6c4c731-593a-447a-9eba-9c28e84e4a35,ЦДНТА-(Р-78-3-22-2-668+++Р-78-3-22-2-668+++Р-78-3-22-2-668),Р-78-3-22-2-668,Р78,3-22,2Д,668,opys-explicit
d2fc8c30-ac68-4aea-b7c4-29e378cba21f,ЦДНТА-(Р-78-3-22-2-675+++Р-78-3-22-2-675+++Р-78-3-22-2-675),Р-78-3-22-2-675,Р78,3-22,2Д,675,opys-explicit
5d40255c-051d-4b76-bf0c-040b38dbe71b,ЦДНТА-(Р-78-3-22-2-680+++Р-78-3-22-2-680+++Р-78-3-22-2-680),Р-78-3-22-2-680,Р78,3-22,2Д,680,opys-explicit
7a8326a0-d530-4136-91de-38be0fd1619c,ЦДНТА-(Р-78-3-22-2-704+++Р-78-3-22-2-704+++Р-78-3-22-2-704),Р-78-3-22-2-704,Р78,3-22,2Д,704,opys-explicit
c95a0337-eb11-4016-991e-bbc27db19db4,ЦДНТА-(Р-78-3-22-2-698+++Р-78-3-22-2-698+++Р-78-3-22-2-698),Р-78-3-22-2-698,Р78,3-22,2Д,698,opys-explicit
9633fe11-a279-4524-a864-5e6901252238,ЦДНТА-(Р-78-3-22-2-696+++Р-78-3-22-2-696+++Р-78-3-22-2-696),Р-78-3-22-2-696,Р78,3-22,2Д,696,opys-explicit
4310f8f2-f7bc-491b-8137-8df4f03e03a4,ЦДНТА-(Р-78-3-22-2-695+++Р-78-3-22-2-695+++Р-78-3-22-2-695),Р-78-3-22-2-695,Р78,3-22,2Д,695,opys-explicit
0c688394-248a-48bc-8435-54fae0e6f687,ЦДНТА-(Р-78-3-22-2-687+++Р-78-3-22-2-687+++Р-78-3-22-2-687),Р-78-3-22-2-687,Р78,3-22,2Д,687,opys-explicit
c3f972f5-dc16-47c6-9910-d2a690b64704,ЦДНТА-(Р-78-3-22-2-747+++Р-78-3-22-2-747+++Р-78-3-22-2-747),Р-78-3-22-2-747,Р78,3-22,2Д,747,opys-explicit
be60ef94-2ca0-4014-a77b-05d1c2a9eaad,ЦДНТА-(Р-78-3-22-2-721+++Р-78-3-22-2-721+++Р-78-3-22-2-721),Р-78-3-22-2-721,Р78,3-22,2Д,721,opys-explicit
81dcabbd-56de-4989-b3cd-8e2f0304df9f,ЦДНТА-(Р-78-3-22-2-714+++Р-78-3-22-2-714+++Р-78-3-22-2-714),Р-78-3-22-2-714,Р78,3-22,2Д,714,opys-explicit
2e80284a-490f-41a0-868b-b38003a945ce,ЦДНТА-(Р-78-3-22-2-730+++Р-78-3-22-2-730+++Р-78-3-22-2-730),Р-78-3-22-2-730,Р78,3-22,2Д,730,opys-explicit
98444097-66a5-4dff-9e04-8f20223664c6,ЦДНТА-(Р-78-3-22-2-729+++Р-78-3-22-2-729+++Р-78-3-22-2-729),Р-78-3-22-2-729,Р78,3-22,2Д,729,opys-explicit
9b8959b7-770f-4a86-89e0-03131ffbe1b9,ЦДНТА-(Р-78-3-22-2-756+++Р-78-3-22-2-756+++Р-78-3-22-2-756),Р-78-3-22-2-756,Р78,3-22,2Д,756,opys-explicit
2d77c001-52f8-431e-af72-2b622f219ea5,ЦДНТА-(Р-78-3-22-2-790+++Р-78-3-22-2-790+++Р-78-3-22-2-790),Р-78-3-22-2-790,Р78,3-22,2Д,790,opys-explicit
20493778-8fac-43bf-a690-ed96343af8f1,ЦДНТА-(Р-78-3-22-2-762+++Р-78-3-22-2-762+++Р-78-3-22-2-762),Р-78-3-22-2-762,Р78,3-22,2Д,762,opys-explicit
29500365-0430-406a-ba8e-816d6c981c55,ЦДНТА-(Р-78-3-22-2-781+++Р-78-3-22-2-781+++Р-78-3-22-2-781),Р-78-3-22-2-781,Р78,3-22,2Д,781,opys-explicit
cbeab033-bd7c-46bd-ae8f-4c48357791c1,ЦДНТА-(Р-78-3-22-2-785+++Р-78-3-22-2-785+++Р-78-3-22-2-785),Р-78-3-22-2-785,Р78,3-22,2Д,785,opys-explicit
f6246d38-ac07-4c63-b56c-537ef2879396,ЦДНТА-(Р-78-3-22-2-772+++Р-78-3-22-2-772+++Р-78-3-22-2-772),Р-78-3-22-2-772,Р78,3-22,2Д,772,opys-explicit
c18d3a9c-9982-4d39-8395-4044e9f9ec34,ЦДНТА-(Р-78-3-22-2-778+++Р-78-3-22-2-778+++Р-78-3-22-2-778),Р-78-3-22-2-778,Р78,3-22,2Д,778,opys-explicit
62dd8e8c-b399-493e-a9aa-f0e133561380,ЦДНТА-(Р-78-3-22-2-823+++Р-78-3-22-2-823+++Р-78-3-22-2-823),Р-78-3-22-2-823,Р78,3-22,2Д,823,opys-explicit
76988fcd-ce18-4d92-bf24-c9526828c560,ЦДНТА-(Р-78-3-22-2-820+++Р-78-3-22-2-820+++Р-78-3-22-2-820),Р-78-3-22-2-820,Р78,3-22,2Д,820,opys-explicit
e687f561-1d21-48ed-9cf3-20aec78945bd,ЦДНТА-(Р-78-3-22-2-801+++Р-78-3-22-2-801+++Р-78-3-22-2-801),Р-78-3-22-2-801,Р78,3-22,2Д,801,opys-explicit
a0f8ae53-e0d0-4759-8903-38c3e0bcb908,ЦДНТА-(Р-78-3-22-2-809+++Р-78-3-22-2-809+++Р-78-3-22-2-809),Р-78-3-22-2-809,Р78,3-22,2Д,809,opys-explicit
78e39f5a-8ffe-44ec-8852-a27f04827476,ЦДНТА-(Р-78-3-22-2-814+++Р-78-3-22-2-814+++Р-78-3-22-2-814),Р-78-3-22-2-814,Р78,3-22,2Д,814,opys-explicit
b94d3839-1f26-438f-8869-46b602553605,ЦДНТА-(Р-78-3-22-2-819+++Р-78-3-22-2-819+++Р-78-3-22-2-819),Р-78-3-22-2-819,Р78,3-22,2Д,819,opys-explicit
62314ca6-9f79-4088-acc3-2db05a5b6d08,ЦДНТА-(Р-78-3-22-2-818+++Р-78-3-22-2-818+++Р-78-3-22-2-818),Р-78-3-22-2-818,Р78,3-22,2Д,818,opys-explicit
358bd8d9-704e-49e6-8996-909fcc88b197,ЦДНТА-(Р-78-3-22-2-853+++Р-78-3-22-2-853+++Р-78-3-22-2-853),Р-78-3-22-2-853,Р78,3-22,2Д,853,opys-explicit
a04c7bed-2128-4ac3-9cb8-cde3f8070986,ЦДНТА-(Р-78-3-22-2-836+++Р-78-3-22-2-836+++Р-78-3-22-2-836),Р-78-3-22-2-836,Р78,3-22,2Д,836,opys-explicit
c18c50cd-ebf6-4dd5-8e4d-edb887869cfa,ЦДНТА-(Р-78-3-22-2-850+++Р-78-3-22-2-850+++Р-78-3-22-2-850),Р-78-3-22-2-850,Р78,3-22,2Д,850,opys-explicit
b0875a64-916a-4b87-8bf3-240296272e4a,ЦДНТА-(Р-78-3-22-2-830+++Р-78-3-22-2-830+++Р-78-3-22-2-830),Р-78-3-22-2-830,Р78,3-22,2Д,830,opys-explicit
1a39a741-a2e0-4a9c-ac7e-173a0d0a4505,ЦДНТА-(Р-78-3-22-2-835+++Р-78-3-22-2-835+++Р-78-3-22-2-835),Р-78-3-22-2-835,Р78,3-22,2Д,835,opys-explicit
6fb8445e-7f6b-49f9-8103-e46743bfa5fc,ЦДНТА-(Р-78-3-22-2-858+++Р-78-3-22-2-858+++Р-78-3-22-2-858),Р-78-3-22-2-858,Р78,3-22,2Д,858,opys-explicit
72dbc8ff-6959-4822-b238-5a3ded323b89,ЦДНТА-(Р-78-3-22-2-851+++Р-78-3-22-2-851+++Р-78-3-22-2-851),Р-78-3-22-2-851,Р78,3-22,2Д,851,opys-explicit
51e33381-7ee1-46c8-a0f6-4432ae432f9e,ЦДНТА-(Р-78-3-22-2-897+++Р-78-3-22-2-897+++Р-78-3-22-2-897),Р-78-3-22-2-897,Р78,3-22,2Д,897,opys-explicit
35abc81f-7274-44e6-99b5-d7648491bd1b,ЦДНТА-(Р-78-3-22-2-882+++Р-78-3-22-2-882+++Р-78-3-22-2-882),Р-78-3-22-2-882,Р78,3-22,2Д,882,opys-explicit
c4744861-540c-4a40-8df1-f17db207c9e8,ЦДНТА-(Р-78-3-22-2-884+++Р-78-3-22-2-884+++Р-78-3-22-2-884),Р-78-3-22-2-884,Р78,3-22,2Д,884,opys-explicit
682963e4-57fd-43b7-a43a-623b1ec4dfcc,ЦДНТА-(Р-78-3-22-2-887+++Р-78-3-22-2-887+++Р-78-3-22-2-887),Р-78-3-22-2-887,Р78,3-22,2Д,887,opys-explicit
8ad17f58-0202-4ed8-8c34-9d01725ab2ea,ЦДНТА-(Р-78-3-22-2-883+++Р-78-3-22-2-883+++Р-78-3-22-2-883),Р-78-3-22-2-883,Р78,3-22,2Д,883,opys-explicit
6363c500-f230-47d4-b2d6-2036cfb8bf92,ЦДНТА-(Р-78-3-22-2-872+++Р-78-3-22-2-872+++Р-78-3-22-2-872),Р-78-3-22-2-872,Р78,3-22,2Д,872,opys-explicit
7d2b479f-4733-4ca7-83de-70f61802a1f3,ЦДНТА-(Р-78-3-22-2-871+++Р-78-3-22-2-871+++Р-78-3-22-2-871),Р-78-3-22-2-871,Р78,3-22,2Д,871,opys-explicit
fbc9052e-7e0b-4168-9486-50b78e5d65cb,ЦДНТА-(Р-78-3-22-2-864+++Р-78-3-22-2-864+++Р-78-3-22-2-864),Р-78-3-22-2-864,Р78,3-22,2Д,864,opys-explicit
ee557e5f-8fe4-4a61-9648-8e22cd61a8f8,ЦДНТА-(Р-78-3-22-2-862+++Р-78-3-22-2-862+++Р-78-3-22-2-862),Р-78-3-22-2-862,Р78,3-22,2Д,862,opys-explicit
dfce06b4-4450-4e7e-afc5-71296b05bc71,ЦДНТА-(Р-78-3-22-2-866+++Р-78-3-22-2-866+++Р-78-3-22-2-866),Р-78-3-22-2-866,Р78,3-22,2Д,866,opys-explicit
3283cc26-74fb-4e64-acdb-c56c7cb6caae,ЦДНТА-(Р-78-3-22-2-865+++Р-78-3-22-2-865+++Р-78-3-22-2-865),Р-78-3-22-2-865,Р78,3-22,2Д,865,opys-explicit
f7ed5f6c-db6e-401b-8d13-8106d6e1964a,ЦДНТА-(Р-78-3-22-2-876+++Р-78-3-22-2-876+++Р-78-3-22-2-876),Р-78-3-22-2-876,Р78,3-22,2Д,876,opys-explicit
8ae26e05-7be9-4975-be5b-76e29bb99c44,ЦДНТА-(Р-78-3-22-2-844+++Р-78-3-22-2-844+++Р-78-3-22-2-844),Р-78-3-22-2-844,Р78,3-22,2Д,844,opys-explicit
8c86f252-ff36-4cf4-8d6f-ee77251543ef,ЦДНТА-(Р-78-3-22-2-846+++Р-78-3-22-2-846+++Р-78-3-22-2-846),Р-78-3-22-2-846,Р78,3-22,2Д,846,opys-explicit
7c10794f-4fb1-4bf9-9f85-3afa43a0f1c0,ЦДНТА-(Р-78-3-22-2-861+++Р-78-3-22-2-861+++Р-78-3-22-2-861),Р-78-3-22-2-861,Р78,3-22,2Д,861,opys-explicit
892de0fd-0821-408d-8f50-2c8f92211bf6,ЦДНТА-(Р-78-3-22-2-874+++Р-78-3-22-2-874+++Р-78-3-22-2-874),Р-78-3-22-2-874,Р78,3-22,2Д,874,opys-explicit
a58a4747-8a6f-46ec-8af0-ee3041d01f02,ЦДНТА-(Р-78-3-22-2-908+++Р-78-3-22-2-908+++Р-78-3-22-2-908),Р-78-3-22-2-908,Р78,3-22,2Д,908,opys-explicit
f8c955a3-51aa-41e7-a8a3-360d4c8c8b48,ЦДНТА-(Р-78-3-22-2-919+++Р-78-3-22-2-919+++Р-78-3-22-2-919),Р-78-3-22-2-919,Р78,3-22,2Д,919,opys-explicit
c419a254-a757-4cbd-8fe6-ed8afd695c7d,ЦДНТА-(Р-78-3-22-2-934+++Р-78-3-22-2-934+++Р-78-3-22-2-934),Р-78-3-22-2-934,Р78,3-22,2Д,934,opys-explicit
f1c93c56-b69d-4f11-a111-830e91bb509e,ЦДНТА-(Р-78-3-22-2-963+++Р-78-3-22-2-963+++Р-78-3-22-2-963),Р-78-3-22-2-963,Р78,3-22,2Д,963,opys-explicit
a8da570f-4451-47ef-b419-23dc00b96876,ЦДНТА-(Р-78-3-22-2-935+++Р-78-3-22-2-935+++Р-78-3-22-2-935),Р-78-3-22-2-935,Р78,3-22,2Д,935,opys-explicit
4732f2b0-2e37-4198-9c6d-f0b4373da69d,ЦДНТА-(Р-78-3-22-2-966+++Р-78-3-22-2-966+++Р-78-3-22-2-966),Р-78-3-22-2-966,Р78,3-22,2Д,966,opys-explicit
cba3e4d9-80f9-49f2-b798-97535cfc8ff8,ЦДНТА-(Р-78-3-22-2-928+++Р-78-3-22-2-928+++Р-78-3-22-2-928),Р-78-3-22-2-928,Р78,3-22,2Д,928,opys-explicit
cbfd0a67-fac1-4f93-9070-5a07a129ae0c,ЦДНТА-(Р-78-3-22-2-965+++Р-78-3-22-2-965+++Р-78-3-22-2-965),Р-78-3-22-2-965,Р78,3-22,2Д,965,opys-explicit
56a34aac-8fb5-435f-9842-c7814dc3fa47,ЦДНТА-(Р-78-3-22-2-938+++Р-78-3-22-2-938+++Р-78-3-22-2-938),Р-78-3-22-2-938,Р78,3-22,2Д,938,opys-explicit
451189a1-a4ad-458f-8b3e-f58c6cc1ab6a,ЦДНТА-(Р-78-3-22-2-939+++Р-78-3-22-2-939+++Р-78-3-22-2-939),Р-78-3-22-2-939,Р78,3-22,2Д,939,opys-explicit
9a118cb0-6847-467b-b7db-a6729bf8017a,ЦДНТА-(Р-78-3-22-2-937+++Р-78-3-22-2-937+++Р-78-3-22-2-937),Р-78-3-22-2-937,Р78,3-22,2Д,937,opys-explicit
071ff993-b801-4635-be13-fe4d03f3ea9b,ЦДНТА-(Р-78-3-22-2-961+++Р-78-3-22-2-961+++Р-78-3-22-2-961),Р-78-3-22-2-961,Р78,3-22,2Д,961,opys-explicit
6c0bcd86-1d59-4cd6-98b0-49868f3db7b5,ЦДНТА-(Р-78-3-22-2-957+++Р-78-3-22-2-957+++Р-78-3-22-2-957),Р-78-3-22-2-957,Р78,3-22,2Д,957,opys-explicit
6421b7d1-0ed7-4850-9a77-39b875bc4573,ЦДНТА-(Р-78-3-22-2-958+++Р-78-3-22-2-958+++Р-78-3-22-2-958),Р-78-3-22-2-958,Р78,3-22,2Д,958,opys-explicit
11f73ded-2871-4e4a-93a1-9af7fa390da8,ЦДНТА-(Р-78-3-22-2-962+++Р-78-3-22-2-962+++Р-78-3-22-2-962),Р-78-3-22-2-962,Р78,3-22,2Д,962,opys-explicit
13c9684a-59f9-48d5-a230-ee22758909d7,ЦДНТА-(Р-78-3-22-2-954+++Р-78-3-22-2-954+++Р-78-3-22-2-954),Р-78-3-22-2-954,Р78,3-22,2Д,954,opys-explicit
eb546c5d-9e31-48ad-b566-1809bccf2742,ЦДНТА-(Р-107-3-36-7-2550+++Р-107-3-36-7-2550+++Р-107-3-36-7-2550),Р-107-3-36-7-2550,Р107,3-36,7,2550,opys-explicit
79791317-04d1-4c94-8d18-dd16d41e1024,ЦДНТА-(Р-107-3-36-7-2562+++Р-107-3-36-7-2562+++Р-107-3-36-7-2562),Р-107-3-36-7-2562,Р107,3-36,7,2562,opys-explicit
6c48a678-369e-4775-955c-22cfa28b205f,ЦДНТА-(Р-107-3-36-7-2556+++Р-107-3-36-7-2556+++Р-107-3-36-7-2556),Р-107-3-36-7-2556,Р107,3-36,7,2556,opys-explicit
4f64ecf7-21f3-4661-ae6c-3fb26e1a3884,ЦДНТА-(Р-107-3-36-7-2580+++Р-107-3-36-7-2580+++Р-107-3-36-7-2580),Р-107-3-36-7-2580,Р107,3-36,7,2580,opys-explicit
7c9d33e1-0348-48cf-9547-e58ebc7e2e23,ЦДНТА-(Р-107-3-36-7-2576+++Р-107-3-36-7-2576+++Р-107-3-36-7-2576),Р-107-3-36-7-2576,Р107,3-36,7,2576,opys-explicit
40799b8f-16f4-4049-ae7b-81deb0c6b31b,ЦДНТА-(Р-107-3-36-7-2571+++Р-107-3-36-7-2571+++Р-107-3-36-7-2571),Р-107-3-36-7-2571,Р107,3-36,7,2571,opys-explicit
e63dbec2-8866-47be-b096-7903207bacb0,ЦДНТА-(Р-107-3-36-7-2570+++Р-107-3-36-7-2570+++Р-107-3-36-7-2570),Р-107-3-36-7-2570,Р107,3-36,7,2570,opys-explicit
7f79931d-f298-421d-863a-f1ed03fde6c0,ЦДНТА-(Р-107-3-36-7-2569+++Р-107-3-36-7-2569+++Р-107-3-36-7-2569),Р-107-3-36-7-2569,Р107,3-36,7,2569,opys-explicit
bdea346a-2826-4ddf-a5e9-7c6ff51d3a9f,ЦДНТА-(Р-107-3-36-7-2593+++Р-107-3-36-7-2593+++Р-107-3-36-7-2593),Р-107-3-36-7-2593,Р107,3-36,7,2593,opys-explicit
bfb35003-8d38-479a-b0a5-554c74572cc6,ЦДНТА-(Р-107-3-36-7-2591+++Р-107-3-36-7-2591+++Р-107-3-36-7-2591),Р-107-3-36-7-2591,Р107,3-36,7,2591,opys-explicit
5a244189-b1d1-4f2e-b577-dbaa50dbc187,ЦДНТА-(Р-107-3-36-7-2597+++Р-107-3-36-7-2597+++Р-107-3-36-7-2597),Р-107-3-36-7-2597,Р107,3-36,7,2597,opys-explicit
12aa0279-09dc-4ac0-a86a-7fb80fb0ab3b,ЦДНТА-(Р-107-3-36-7-2600+++Р-107-3-36-7-2600+++Р-107-3-36-7-2600),Р-107-3-36-7-2600,Р107,3-36,7,2600,opys-explicit
dcb12c42-f513-4f20-a06b-751af85d325f,ЦДНТА-(Р-107-3-36-7-2608+++Р-107-3-36-7-2608+++Р-107-3-36-7-2608),Р-107-3-36-7-2608,Р107,3-36,7,2608,opys-explicit
8e67908f-122d-446d-80b3-59e3b50af250,ЦДНТА-(Р-107-3-36-7-2612+++Р-107-3-36-7-2612+++Р-107-3-36-7-2612),Р-107-3-36-7-2612,Р107,3-36,7,2612,opys-explicit
49ea1b87-78b3-4e4b-955b-1be2e64c6742,ЦДНТА-(Р-107-3-36-7-2611+++Р-107-3-36-7-2611+++Р-107-3-36-7-2611),Р-107-3-36-7-2611,Р107,3-36,7,2611,opys-explicit
6ee3ccc9-ce33-4f05-b204-30fd9e444b8e,ЦДНТА-(Р-107-3-36-7-2643+++Р-107-3-36-7-2643+++Р-107-3-36-7-2643),Р-107-3-36-7-2643,Р107,3-36,7,2643,opys-explicit
a100bab7-0de3-4195-9c04-a4bf0646e715,ЦДНТА-(Р-107-3-36-7-2657+++Р-107-3-36-7-2657+++Р-107-3-36-7-2657),Р-107-3-36-7-2657,Р107,3-36,7,2657,opys-explicit
fcbbe703-2a03-420b-8c54-25d16f8bfd16,ЦДНТА-(Р-107-3-36-7-2667+++Р-107-3-36-7-2667+++Р-107-3-36-7-2667),Р-107-3-36-7-2667,Р107,3-36,7,2667,opys-explicit
e0edc318-ebac-4b05-b1ab-cd55e5fd31ff,ЦДНТА-(Р-107-3-36-7-2686+++Р-107-3-36-7-2686+++Р-107-3-36-7-2686),Р-107-3-36-7-2686,Р107,3-36,7,2686,opys-explicit
a983fc5b-7c0a-40b7-9b53-48ded4f2fc86,ЦДНТА-(Р-107-3-36-7-2691+++Р-107-3-36-7-2691+++Р-107-3-36-7-2691),Р-107-3-36-7-2691,Р107,3-36,7,2691,opys-explicit
55c449fc-8f93-4100-b27d-570b3f32e612,ЦДНТА-(Р-107-3-36-7-2699+++Р-107-3-36-7-2699+++Р-107-3-36-7-2699),Р-107-3-36-7-2699,Р107,3-36,7,2699,opys-explicit
922d3ac6-3496-4e5b-ac8b-e36f87e6da39,ЦДНТА-(Р-107-3-36-7-2705+++Р-107-3-36-7-2705+++Р-107-3-36-7-2705),Р-107-3-36-7-2705,Р107,3-36,7,2705,opys-explicit
d502e83a-ba5c-43c5-8edb-4a6e7581fe9d,ЦДНТА-(Р-107-3-36-3-243+++Р-107-3-36-3-243+++Р-107-3-36-3-243),Р-107-3-36-3-243,Р107,3-36,3,243,opys-explicit
a4faf7c2-74d8-4cab-acc1-d7d86f0f8497,ЦДНТА-(Р-107-3-36-6-2326+++Р-107-3-36-6-2326+++Р-107-3-36-6-2326),Р-107-3-36-6-2326,Р107,3-36,6,2326,opys-explicit
9d1b0075-8246-4625-b35f-c10e7890fcac,ЦДНТА-(Р-107-3-36-6-2344+++Р-107-3-36-6-2344+++Р-107-3-36-6-2344),Р-107-3-36-6-2344,Р107,3-36,6,2344,opys-explicit
f57f2be8-8b4f-488c-9fac-32786de7f5fc,ЦДНТА-(Р-107-3-36-6-2365+++Р-107-3-36-6-2365+++Р-107-3-36-6-2365),Р-107-3-36-6-2365,Р107,3-36,6,2365,opys-explicit
caaefb6b-3fa0-4d76-ac7e-575a1d38a4e5,ЦДНТА-(Р-107-3-36-6-2383+++Р-107-3-36-6-2383+++Р-107-3-36-6-2383),Р-107-3-36-6-2383,Р107,3-36,6,2383,opys-explicit
9a08ae23-33f6-406e-b678-42d5e17d1cb2,ЦДНТА-(Р-107-3-36-6-2401+++Р-107-3-36-6-2401+++Р-107-3-36-6-2401),Р-107-3-36-6-2401,Р107,3-36,6,2401,opys-explicit
718c9245-1c24-44c0-9972-d1ad89b5a2d3,ЦДНТА-(Р-107-3-36-6-2393+++Р-107-3-36-6-2393+++Р-107-3-36-6-2393),Р-107-3-36-6-2393,Р107,3-36,6,2393,opys-explicit
65bf3f3b-548e-49ac-a281-f663807c718f,ЦДНТА-(Р-107-3-36-6-2404+++Р-107-3-36-6-2404+++Р-107-3-36-6-2404),Р-107-3-36-6-2404,Р107,3-36,6,2404,opys-explicit
3dcf4a08-7d66-4761-97bf-073f4b2e682e,ЦДНТА-(Р-107-3-36-6-2389+++Р-107-3-36-6-2389+++Р-107-3-36-6-2389),Р-107-3-36-6-2389,Р107,3-36,6,2389,opys-explicit
b167abed-0480-42e3-a7d4-bea9a52003bd,ЦДНТА-(Р-107-3-36-7-2454+++Р-107-3-36-7-2454+++Р-107-3-36-7-2454),Р-107-3-36-7-2454,Р107,3-36,7,2454,opys-explicit
69031a1c-bfa6-45d5-a18a-d4256f8e7228,ЦДНТА-(Р-107-3-36-6-2438+++Р-107-3-36-6-2438+++Р-107-3-36-6-2438),Р-107-3-36-6-2438,Р107,3-36,6,2438,opys-explicit
cada0a3c-8c0d-42d0-b516-74e329ead20a,ЦДНТА-(Р-107-3-36-7-2471+++Р-107-3-36-7-2471+++Р-107-3-36-7-2471),Р-107-3-36-7-2471,Р107,3-36,7,2471,opys-explicit
cf97ee6f-bc54-4029-8972-0f9746baaee3,ЦДНТА-(Р-107-3-36-7-2475+++Р-107-3-36-7-2475+++Р-107-3-36-7-2475),Р-107-3-36-7-2475,Р107,3-36,7,2475,opys-explicit
45a9faf4-ea36-48a2-9dd7-10f9d1d2d2c9,ЦДНТА-(Р-107-3-36-7-2477+++Р-107-3-36-7-2477+++Р-107-3-36-7-2477),Р-107-3-36-7-2477,Р107,3-36,7,2477,opys-explicit
2b9db40d-c016-4374-86bd-61036ca98732,ЦДНТА-(Р-107-3-36-7-2509+++Р-107-3-36-7-2509+++Р-107-3-36-7-2509),Р-107-3-36-7-2509,Р107,3-36,7,2509,opys-explicit
ea9254cc-dd34-45f4-8c9e-ecd8a15303b4,ЦДНТА-(Р-107-3-36-7-2515+++Р-107-3-36-7-2515+++Р-107-3-36-7-2515),Р-107-3-36-7-2515,Р107,3-36,7,2515,opys-explicit
9e29ba8f-5e6b-45b6-a0ae-a11e87537802,ЦДНТА-(Р-107-3-36-7-2514+++Р-107-3-36-7-2514+++Р-107-3-36-7-2514),Р-107-3-36-7-2514,Р107,3-36,7,2514,opys-explicit
7fb9b61b-77ee-4f3f-aa91-91bafae33c91,ЦДНТА-(Р-107-3-36-7-2536+++Р-107-3-36-7-2536+++Р-107-3-36-7-2536),Р-107-3-36-7-2536,Р107,3-36,7,2536,opys-explicit
e501ea23-0733-4009-9f54-fcd6205c7d43,ЦДНТА-(Р-107-3-36-7-2542+++Р-107-3-36-7-2542+++Р-107-3-36-7-2542),Р-107-3-36-7-2542,Р107,3-36,7,2542,opys-explicit
de08bae7-755f-4672-a9dc-dd04b7c008e2,ЦДНТА-(Р-107-3-36-7-2577+++Р-107-3-36-7-2577+++Р-107-3-36-7-2577),Р-107-3-36-7-2577,Р107,3-36,7,2577,opys-explicit
4e6170fa-0e71-4761-93b3-42662ac9bab2,ЦДНТА-(Р-107-3-36-7-2602+++Р-107-3-36-7-2602+++Р-107-3-36-7-2602),Р-107-3-36-7-2602,Р107,3-36,7,2602,opys-explicit
5a966d56-0b99-424a-aac9-095de31e0fbe,ЦДНТА-(Р-107-3-36-7-2586+++Р-107-3-36-7-2586+++Р-107-3-36-7-2586),Р-107-3-36-7-2586,Р107,3-36,7,2586,opys-explicit
e75caf22-0103-4c6e-b16f-de62e9be079e,ЦДНТА-(Р-107-3-36-7-2584+++Р-107-3-36-7-2584+++Р-107-3-36-7-2584),Р-107-3-36-7-2584,Р107,3-36,7,2584,opys-explicit
d1c07826-2980-4db6-8241-b212e1a3c54e,ЦДНТА-(Р-107-3-36-7-2647+++Р-107-3-36-7-2647+++Р-107-3-36-7-2647),Р-107-3-36-7-2647,Р107,3-36,7,2647,opys-explicit
6e46131b-d38f-4c48-b201-1df5e032d6de,ЦДНТА-(Р-107-3-36-7-2670+++Р-107-3-36-7-2670+++Р-107-3-36-7-2670),Р-107-3-36-7-2670,Р107,3-36,7,2670,opys-explicit
11437b42-9b76-4d3f-91d2-e30312e59526,ЦДНТА-(Р-107-3-36-7-2651+++Р-107-3-36-7-2651+++Р-107-3-36-7-2651),Р-107-3-36-7-2651,Р107,3-36,7,2651,opys-explicit
88249988-884f-4e23-8233-a4db69201619,ЦДНТА-(Р-107-3-36-7-2658+++Р-107-3-36-7-2658+++Р-107-3-36-7-2658),Р-107-3-36-7-2658,Р107,3-36,7,2658,opys-explicit
3e9908e9-a118-4fdb-ab6f-9cd6c5699713,ЦДНТА-(Р-107-3-36-7-2660+++Р-107-3-36-7-2660+++Р-107-3-36-7-2660),Р-107-3-36-7-2660,Р107,3-36,7,2660,opys-explicit
f3062fbc-bd0c-4db9-96b3-89fc5e6061f7,ЦДНТА-(Р-107-3-36-7-2674+++Р-107-3-36-7-2674+++Р-107-3-36-7-2674),Р-107-3-36-7-2674,Р107,3-36,7,2674,opys-explicit
c3882ba6-fd63-4448-ba23-fd92b591c68c,ЦДНТА-(Р-107-3-36-7-2700+++Р-107-3-36-7-2700+++Р-107-3-36-7-2700),Р-107-3-36-7-2700,Р107,3-36,7,2700,opys-explicit
a31d3f91-efc9-4d45-ba16-7e8cb1018041,ЦДНТА-(Р-107-3-36-6-2340+++Р-107-3-36-6-2340+++Р-107-3-36-6-2340),Р-107-3-36-6-2340,Р107,3-36,6,2340,opys-explicit
0e3f3f46-2d97-4eae-a5e2-74a60de133a5,ЦДНТА-(Р-107-3-36-6-2336+++Р-107-3-36-6-2336+++Р-107-3-36-6-2336),Р-107-3-36-6-2336,Р107,3-36,6,2336,opys-explicit
04515629-260f-4f16-829d-f3f92377b939,ЦДНТА-(Р-107-3-36-6-2333+++Р-107-3-36-6-2333+++Р-107-3-36-6-2333),Р-107-3-36-6-2333,Р107,3-36,6,2333,opys-explicit
d79051d1-53bf-45e5-9114-b3fae16d09bf,ЦДНТА-(Р-107-3-36-6-2324+++Р-107-3-36-6-2324+++Р-107-3-36-6-2324),Р-107-3-36-6-2324,Р107,3-36,6,2324,opys-explicit
3ae36565-2cae-40fe-845f-010fdfbd8e69,ЦДНТА-(Р-107-3-36-6-2375+++Р-107-3-36-6-2375+++Р-107-3-36-6-2375),Р-107-3-36-6-2375,Р107,3-36,6,2375,opys-explicit
e6cf392d-5121-4bb7-babf-a8b17bcb5d0b,ЦДНТА-(Р-107-3-36-6-2371+++Р-107-3-36-6-2371+++Р-107-3-36-6-2371),Р-107-3-36-6-2371,Р107,3-36,6,2371,opys-explicit
298b81a8-9676-4655-ac4e-ad069dbea53d,ЦДНТА-(Р-107-3-36-6-2379+++Р-107-3-36-6-2379+++Р-107-3-36-6-2379),Р-107-3-36-6-2379,Р107,3-36,6,2379,opys-explicit
3343f9cc-f496-4862-a067-681226f8a796,ЦДНТА-(Р-107-3-36-6-2406+++Р-107-3-36-6-2406+++Р-107-3-36-6-2406),Р-107-3-36-6-2406,Р107,3-36,6,2406,opys-explicit
3dbeb051-e897-45b5-8779-6534840f8ff3,ЦДНТА-(Р-107-3-36-6-2405+++Р-107-3-36-6-2405+++Р-107-3-36-6-2405),Р-107-3-36-6-2405,Р107,3-36,6,2405,opys-explicit
26512061-b150-4615-971b-748e511600c8,ЦДНТА-(Р-107-3-36-7-2458+++Р-107-3-36-7-2458+++Р-107-3-36-7-2458),Р-107-3-36-7-2458,Р107,3-36,7,2458,opys-explicit
d8313854-7d4c-4ab9-95c1-335d28168135,ЦДНТА-(Р-107-3-36-6-2436+++Р-107-3-36-6-2436+++Р-107-3-36-6-2436),Р-107-3-36-6-2436,Р107,3-36,6,2436,opys-explicit
996a0c38-59ce-47ff-a45e-e6d151d45efd,ЦДНТА-(Р-107-3-36-6-2437+++Р-107-3-36-6-2437+++Р-107-3-36-6-2437),Р-107-3-36-6-2437,Р107,3-36,6,2437,opys-explicit
4b95980c-05a0-4853-aeba-0a82eeee9a98,ЦДНТА-(Р-107-3-36-7-2560+++Р-107-3-36-7-2560+++Р-107-3-36-7-2560),Р-107-3-36-7-2560,Р107,3-36,7,2560,opys-explicit
2c774f66-a69c-4a8f-b31c-9968e8ddcfce,ЦДНТА-(Р-107-3-36-7-2555+++Р-107-3-36-7-2555+++Р-107-3-36-7-2555),Р-107-3-36-7-2555,Р107,3-36,7,2555,opys-explicit
989e69fd-7830-4a32-93d1-b6e924ff71c3,ЦДНТА-(Р-107-3-36-7-2573+++Р-107-3-36-7-2573+++Р-107-3-36-7-2573),Р-107-3-36-7-2573,Р107,3-36,7,2573,opys-explicit
8c285305-060b-4452-a603-c5b47b41b152,ЦДНТА-(Р-107-3-36-7-2566+++Р-107-3-36-7-2566+++Р-107-3-36-7-2566),Р-107-3-36-7-2566,Р107,3-36,7,2566,opys-explicit
22245186-4a68-46ae-a1a7-4c72217c806b,ЦДНТА-(Р-107-3-36-7-2561+++Р-107-3-36-7-2561+++Р-107-3-36-7-2561),Р-107-3-36-7-2561,Р107,3-36,7,2561,opys-explicit
9acc986b-73eb-48b2-9095-0ef602298437,ЦДНТА-(Р-107-3-36-7-2575+++Р-107-3-36-7-2575+++Р-107-3-36-7-2575),Р-107-3-36-7-2575,Р107,3-36,7,2575,opys-explicit
b0615872-ed1a-4c6c-998a-a3bc81c436b7,ЦДНТА-(Р-107-3-36-7-2578+++Р-107-3-36-7-2578+++Р-107-3-36-7-2578),Р-107-3-36-7-2578,Р107,3-36,7,2578,opys-explicit
1bf2c8f3-e8ea-48fb-9c3b-068417d02478,ЦДНТА-(Р-107-3-36-7-2567+++Р-107-3-36-7-2567+++Р-107-3-36-7-2567),Р-107-3-36-7-2567,Р107,3-36,7,2567,opys-explicit
ddd145b6-936b-4b79-a5c9-cc635e7af092,ЦДНТА-(Р-107-3-36-7-2599+++Р-107-3-36-7-2599+++Р-107-3-36-7-2599),Р-107-3-36-7-2599,Р107,3-36,7,2599,opys-explicit
1390f443-6014-4330-9991-ab72da4c4adc,ЦДНТА-(Р-107-3-36-7-2605+++Р-107-3-36-7-2605+++Р-107-3-36-7-2605),Р-107-3-36-7-2605,Р107,3-36,7,2605,opys-explicit
f3b2a506-ba01-4dc2-94c3-a6500b5e8702,ЦДНТА-(Р-107-3-36-7-2626+++Р-107-3-36-7-2626+++Р-107-3-36-7-2626),Р-107-3-36-7-2626,Р107,3-36,7,2626,opys-explicit
7a281b07-4524-4ed2-b1d2-373db74d9afc,ЦДНТА-(Р-107-3-36-7-2618+++Р-107-3-36-7-2618+++Р-107-3-36-7-2618),Р-107-3-36-7-2618,Р107,3-36,7,2618,opys-explicit
bf0ce964-16b6-4e6f-a7c4-8e5ca3494f39,ЦДНТА-(Р-107-3-36-7-2631+++Р-107-3-36-7-2631+++Р-107-3-36-7-2631),Р-107-3-36-7-2631,Р107,3-36,7,2631,opys-explicit
71db987c-b405-4e2e-9c9e-8f87693e75b2,ЦДНТА-(Р-107-3-36-7-2627+++Р-107-3-36-7-2627+++Р-107-3-36-7-2627),Р-107-3-36-7-2627,Р107,3-36,7,2627,opys-explicit
8f001fda-23e0-4341-b48e-f27a41c150a2,ЦДНТА-(Р-107-3-36-7-2687+++Р-107-3-36-7-2687+++Р-107-3-36-7-2687),Р-107-3-36-7-2687,Р107,3-36,7,2687,opys-explicit
8b231fae-994c-46f7-8715-790b73745de8,ЦДНТА-(Р-107-3-36-7-2685+++Р-107-3-36-7-2685+++Р-107-3-36-7-2685),Р-107-3-36-7-2685,Р107,3-36,7,2685,opys-explicit
d174ee5a-db1e-44f2-b341-5e92c12ce40a,ЦДНТА-(Р-107-3-36-7-2689+++Р-107-3-36-7-2689+++Р-107-3-36-7-2689),Р-107-3-36-7-2689,Р107,3-36,7,2689,opys-explicit
2efb7bea-e8b1-49d9-a113-3f5972e70c28,ЦДНТА-(Р-107-3-36-7-2680+++Р-107-3-36-7-2680+++Р-107-3-36-7-2680),Р-107-3-36-7-2680,Р107,3-36,7,2680,opys-explicit
0c4b90a4-e1b6-42de-a873-586677124a22,ЦДНТА-(Р-107-3-36-7-2676+++Р-107-3-36-7-2676+++Р-107-3-36-7-2676),Р-107-3-36-7-2676,Р107,3-36,7,2676,opys-explicit
4f360a1d-e088-42bf-a524-3813be7167b3,ЦДНТА-(Р-107-3-36-7-2683+++Р-107-3-36-7-2683+++Р-107-3-36-7-2683),Р-107-3-36-7-2683,Р107,3-36,7,2683,opys-explicit
fd2b6add-ae41-48dd-9e54-036ff1e1267c,ЦДНТА-(Р-107-3-36-7-2677+++Р-107-3-36-7-2677+++Р-107-3-36-7-2677),Р-107-3-36-7-2677,Р107,3-36,7,2677,opys-explicit
5db491f5-0d53-485a-b2cc-20a5638fdb58,ЦДНТА-(Р-107-3-36-7-2693+++Р-107-3-36-7-2693+++Р-107-3-36-7-2693),Р-107-3-36-7-2693,Р107,3-36,7,2693,opys-explicit
68bd9060-a7db-4a5b-b331-b6ee73e0d1d3,ЦДНТА-(Р-107-3-36-7-2713+++Р-107-3-36-7-2713+++Р-107-3-36-7-2713),Р-107-3-36-7-2713,Р107,3-36,7,2713,opys-explicit
2b182ea1-5e23-4372-927b-d0b0f47ebc64,ЦДНТА-(P-107-3-36-1-4+++P-107-3-36-1-4+++P-107-3-36-1-4),Р-107-3-36-1-4,Р107,3-36,1,4,opys-explicit
a5707abd-9a98-4996-ac82-e655c6e369f3,ЦДНТА-(Р-107-3-36-1-12+++Р-107-3-36-1-12+++Р-107-3-36-1-12),Р-107-3-36-1-12,Р107,3-36,1,12,opys-explicit
22360f93-651d-4aa8-b904-a2f507a99985,ЦДНТА-(Р-107-3-36-1-17+++Р-107-3-36-1-17+++Р-107-3-36-1-17),Р-107-3-36-1-17,Р107,3-36,1,17,opys-explicit
2cafc74f-e5a1-4626-9af3-56a2e1b036f9,ЦДНТА-(Р-107-3-36-1-37+++Р-107-3-36-1-37+++Р-107-3-36-1-37),Р-107-3-36-1-37,Р107,3-36,1,37,opys-explicit
c7f70d7f-a773-47f3-81ea-52112be5db11,ЦДНТА-(Р-107-3-36-1-21+++Р-107-3-36-1-21+++Р-107-3-36-1-21),Р-107-3-36-1-21,Р107,3-36,1,21,opys-explicit
44255903-48ec-4d6e-9352-644562a1f248,ЦДНТА-(Р-107-3-36-1-11+++Р-107-3-36-1-11+++Р-107-3-36-1-11),Р-107-3-36-1-11,Р107,3-36,1,11,opys-explicit
6f65e364-04be-4c2c-9bad-6f5a0fb398f2,ЦДНТА-(Р-107-3-36-1-36+++Р-107-3-36-1-36+++Р-107-3-36-1-36),Р-107-3-36-1-36,Р107,3-36,1,36,opys-explicit
e14a6067-fefe-4046-893d-a425ce5021b2,ЦДНТА-(Р-107-3-36-1-28+++Р-107-3-36-1-28+++Р-107-3-36-1-28),Р-107-3-36-1-28,Р107,3-36,1,28,opys-explicit
3dc1c6ba-bfa3-4a5c-ab3d-301e6227bc01,ЦДНТА-(Р-107-3-36-1-27+++Р-107-3-36-1-27+++Р-107-3-36-1-27),Р-107-3-36-1-27,Р107,3-36,1,27,opys-explicit
9307cf40-de3a-407d-bd99-edb569d84739,ЦДНТА-(Р-107-3-36-1-53+++Р-107-3-36-1-53+++Р-107-3-36-1-53),Р-107-3-36-1-53,Р107,3-36,1,53,opys-explicit
7909e588-bd24-4c77-b308-f68f481c0af1,ЦДНТА-(Р-107-3-36-1-49+++Р-107-3-36-1-49+++Р-107-3-36-1-49),Р-107-3-36-1-49,Р107,3-36,1,49,opys-explicit
73b8a314-0757-4d46-8765-ebf77169a688,ЦДНТА-(Р-107-3-36-1-75+++Р-107-3-36-1-75+++Р-107-3-36-1-75),Р-107-3-36-1-75,Р107,3-36,1,75,opys-explicit+outofrange
f2a788b5-be46-4971-bd53-288e0d3344d4,ЦДНТА-(Р-107-3-36-1-80+++Р-107-3-36-1-80+++Р-107-3-36-1-80),Р-107-3-36-1-80,Р107,3-36,1,80,opys-explicit+outofrange
e59e43f1-0aaa-4175-8174-85a8fdfbcf66,ЦДНТА-(Р-107-3-36-1-81+++Р-107-3-36-1-81+++Р-107-3-36-1-81),Р-107-3-36-1-81,Р107,3-36,1,81,opys-explicit+outofrange
5c354bc7-6881-4d04-8597-f11991f9c750,ЦДНТА-(Р-107-3-36-1-83+++Р-107-3-36-1-83+++Р-107-3-36-1-83),Р-107-3-36-1-83,Р107,3-36,1,83,opys-explicit+outofrange
6e129a0b-fca9-4548-9503-719ebd92acab,ЦДНТА-(Р-107-3-36-1-69+++Р-107-3-36-1-69+++Р-107-3-36-1-69),Р-107-3-36-1-69,Р107,3-36,1,69,opys-explicit+outofrange
cfbe77ee-8875-4838-bb4e-d61adb6a5c89,ЦДНТА-(Р-107-3-36-1-88+++Р-107-3-36-1-88+++Р-107-3-36-1-88),Р-107-3-36-1-88,Р107,3-36,1,88,opys-explicit+outofrange
5447f343-5ccf-4195-8d10-1682b7f4cfd9,ЦДНТА-(Р-107-3-36-1-63+++Р-107-3-36-1-63+++Р-107-3-36-1-63),Р-107-3-36-1-63,Р107,3-36,1,63,opys-explicit+outofrange
88be3a03-bab1-49b0-a9c0-885168b0a5fb,ЦДНТА-(Р-107-3-36-1-66+++Р-107-3-36-1-66+++Р-107-3-36-1-66),Р-107-3-36-1-66,Р107,3-36,1,66,opys-explicit+outofrange
a4faa06b-1a7d-436f-80be-c69e364abf51,ЦДНТА-(Р-107-3-36-1-68+++Р-107-3-36-1-68+++Р-107-3-36-1-68),Р-107-3-36-1-68,Р107,3-36,1,68,opys-explicit+outofrange
bf4b3e63-f070-4473-bbaa-5f8d7c6890ef,ЦДНТА-(Р-107-3-36-1-70+++Р-107-3-36-1-70+++Р-107-3-36-1-70),Р-107-3-36-1-70,Р107,3-36,1,70,opys-explicit+outofrange
90d97275-1348-4fba-a4d4-9630eb20d808,ЦДНТА-(Р-107-3-36-1-86+++Р-107-3-36-1-86+++Р-107-3-36-1-86),Р-107-3-36-1-86,Р107,3-36,1,86,opys-explicit+outofrange
7891ee36-66dd-4cc8-b0be-93943e3bf8d1,ЦДНТА-(Р-107-3-36-3-259+++Р-107-3-36-3-259+++Р-107-3-36-3-259),Р-107-3-36-3-259,Р107,3-36,3,259,opys-explicit
a6dd29a1-726e-4169-8fc1-2a975762e2bc,ЦДНТА-(Р-107-3-36-7-2581+++Р-107-3-36-7-2581+++Р-107-3-36-7-2581),Р-107-3-36-7-2581,Р107,3-36,7,2581,opys-explicit
fd4e758c-78bf-498b-a155-b5ac27f88c25,ЦДНТА-(Р-107-3-36-7-2594+++Р-107-3-36-7-2594+++Р-107-3-36-7-2594),Р-107-3-36-7-2594,Р107,3-36,7,2594,opys-explicit
72ffed47-3c78-4986-be6c-ea6abfc78dc0,ЦДНТА-(Р-107-3-36-7-2587+++Р-107-3-36-7-2587+++Р-107-3-36-7-2587),Р-107-3-36-7-2587,Р107,3-36,7,2587,opys-explicit
6811e293-eefa-4a13-8e19-d5ed76808b8a,ЦДНТА-(Р-107-3-36-7-2589+++Р-107-3-36-7-2589+++Р-107-3-36-7-2589),Р-107-3-36-7-2589,Р107,3-36,7,2589,opys-explicit
a710bf23-46b3-4658-bc61-e112906aa894,ЦДНТА-(Р-107-3-36-7-2607+++Р-107-3-36-7-2607+++Р-107-3-36-7-2607),Р-107-3-36-7-2607,Р107,3-36,7,2607,opys-explicit
b54e4489-2e31-49b5-af92-e2c81c7bf1cf,ЦДНТА-(Р-107-3-36-7-2615+++Р-107-3-36-7-2615+++Р-107-3-36-7-2615),Р-107-3-36-7-2615,Р107,3-36,7,2615,opys-explicit
22a3d958-b78b-4a7d-a0c3-944fdcdc4dfb,ЦДНТА-(Р-107-3-36-7-2624+++Р-107-3-36-7-2624+++Р-107-3-36-7-2624),Р-107-3-36-7-2624,Р107,3-36,7,2624,opys-explicit
c96c680c-6b97-489a-accb-d5365d4eb44c,ЦДНТА-(Р-107-3-36-6-2363+++Р-107-3-36-6-2363+++Р-107-3-36-6-2363),Р-107-3-36-6-2363,Р107,3-36,6,2363,opys-explicit
c5ada69e-e0b8-479d-a037-528928081376,ЦДНТА-(Р-107-3-36-7-2634+++Р-107-3-36-7-2634+++Р-107-3-36-7-2634),Р-107-3-36-7-2634,Р107,3-36,7,2634,opys-explicit
fddbd4ea-4e67-4279-95df-a8bfa38f30d4,ЦДНТА-(Р-107-3-36-7-2637+++Р-107-3-36-7-2637+++Р-107-3-36-7-2637),Р-107-3-36-7-2637,Р107,3-36,7,2637,opys-explicit
f31377bc-e51a-4dab-9a10-f8740c1b2e2f,ЦДНТА-(Р-107-3-36-7-2629+++Р-107-3-36-7-2629+++Р-107-3-36-7-2629),Р-107-3-36-7-2629,Р107,3-36,7,2629,opys-explicit
e63160cd-3a13-4de3-bd30-9bc3133456c8,ЦДНТА-(Р-107-3-36-7-2636+++Р-107-3-36-7-2636+++Р-107-3-36-7-2636),Р-107-3-36-7-2636,Р107,3-36,7,2636,opys-explicit
5498c502-1d50-469f-a500-74633222e0c0,ЦДНТА-(Р-107-3-36-6-1895+++Р-107-3-36-6-1895+++Р-107-3-36-6-1895),Р-107-3-36-6-1895,Р107,3-36,6,1895,opys-explicit
92f8b354-650b-47af-90f9-095ee8ade680,ЦДНТА-(Р-17-3-9-3-1137+++Р-17-3-9-3-1137+++Р-17-3-9-3-1137),Р-17-3-9-3-1137,Р17,3-9,3,1137,opys-explicit
674f6b4f-e5b1-4d38-b4dd-258224c0a4dc,ЦДНТА-(Р-17-3-9-3-1146+++Р-17-3-9-3-1146+++Р-17-3-9-3-1146),Р-17-3-9-3-1146,Р17,3-9,3,1146,opys-explicit
85e99218-204e-41cf-bffb-215384647bc0,ЦДНТА-(Р-17-3-9-3-1155+++Р-17-3-9-3-1155+++Р-17-3-9-3-1155),Р-17-3-9-3-1155,Р17,3-9,3,1155,opys-explicit
268f085b-7aa8-498a-97e8-29b7c775acc0,ЦДНТА-(Р-17-3-9-3-1152+++Р-17-3-9-3-1152+++Р-17-3-9-3-1152),Р-17-3-9-3-1152,Р17,3-9,3,1152,opys-explicit
4743ba8b-4ff9-42d6-987c-1198830e8cf9,ЦДНТА-(Р-17-3-9-3-1165+++Р-17-3-9-3-1165+++Р-17-3-9-3-1165),Р-17-3-9-3-1165,Р17,3-9,3,1165,opys-explicit
9a886b21-5662-46e9-afd4-0af819a153a6,ЦДНТА-(Р-107-3-36-4-914+++Р-107-3-36-4-914+++Р-107-3-36-4-914),Р-107-3-36-4-914,Р107,3-36,4,914,opys-explicit
b5df21f8-cd35-4295-bb3e-23cc058571f8,ЦДНТА-(Р-107-3-36-4-927+++Р-107-3-36-4-927+++Р-107-3-36-4-927),Р-107-3-36-4-927,Р107,3-36,4,927,opys-explicit
4e0f89a2-fba4-4ab8-8ae1-ece5b13ba2e1,ЦДНТА-(Р-107-3-36-4-939+++Р-107-3-36-4-939+++Р-107-3-36-4-939),Р-107-3-36-4-939,Р107,3-36,4,939,opys-explicit
c27cc65d-e86f-44fa-a3d2-f0b6c17b11fb,ЦДНТА-(Р-107-3-36-4-941+++Р-107-3-36-4-941+++Р-107-3-36-4-941),Р-107-3-36-4-941,Р107,3-36,4,941,opys-explicit
45cab262-2d86-418b-ac77-1b5e6f85fbb1,ЦДНТА-(Р-107-3-36-4-923+++Р-107-3-36-4-923+++Р-107-3-36-4-923),Р-107-3-36-4-923,Р107,3-36,4,923,opys-explicit
37040a4d-4024-487d-b518-297ff008d1cf,ЦДНТА-(Р-107-3-36-4-928+++Р-107-3-36-4-928+++Р-107-3-36-4-928),Р-107-3-36-4-928,Р107,3-36,4,928,opys-explicit
f81cea75-c438-4a78-b296-61fda07e38b0,ЦДНТА-(Р-107-3-36-4-947+++Р-107-3-36-4-947+++Р-107-3-36-4-947),Р-107-3-36-4-947,Р107,3-36,4,947,opys-explicit
9ebc4b7b-20f5-405c-89c4-5d2eb665651a,ЦДНТА-(Р-107-3-36-4-955+++Р-107-3-36-4-955+++Р-107-3-36-4-955),Р-107-3-36-4-955,Р107,3-36,4,955,opys-explicit
01f3dbaf-9aa3-4372-a129-7d9f1f1e7d2d,ЦДНТА-(Р-107-3-36-4-984+++Р-107-3-36-4-984+++Р-107-3-36-4-984),Р-107-3-36-4-984,Р107,3-36,4,984,opys-explicit
b525116b-fbf8-4230-99c6-213a9f400c2b,ЦДНТА-(Р-107-3-36-4-981+++Р-107-3-36-4-981+++Р-107-3-36-4-981),Р-107-3-36-4-981,Р107,3-36,4,981,opys-explicit
7c317cb0-76f3-4fe1-ad93-d630155eec77,ЦДНТА-(Р-107-3-36-4-1005+++Р-107-3-36-4-1005+++Р-107-3-36-4-1005),Р-107-3-36-4-1005,Р107,3-36,4,1005,opys-explicit
b1f3527e-fb56-4b09-bcd6-319fbb5df773,ЦДНТА-(Р-107-3-36-4-989+++Р-107-3-36-4-989+++Р-107-3-36-4-989),Р-107-3-36-4-989,Р107,3-36,4,989,opys-explicit
72c395cb-a83d-452c-aa5f-cb5c6d3cf391,ЦДНТА-(Р-107-3-36-4-1014+++Р-107-3-36-4-1014+++Р-107-3-36-4-1014),Р-107-3-36-4-1014,Р107,3-36,4,1014,opys-explicit
35ee0648-9738-4646-973c-dea4176f8785,ЦДНТА-(Р-107-3-36-3-868+++Р-107-3-36-3-868+++Р-107-3-36-3-868),Р-107-3-36-3-868,Р107,3-36,3,868,opys-explicit
57b1b355-d491-4443-8510-aca6847f5db4,ЦДНТА-(Р-107-3-36-4-1018+++Р-107-3-36-4-1018+++Р-107-3-36-4-1018),Р-107-3-36-4-1018,Р107,3-36,4,1018,opys-explicit
310a5171-648d-4cc3-8966-e2b32fa938d3,ЦДНТА-(Р-107-3-36-4-1000+++Р-107-3-36-4-1000+++Р-107-3-36-4-1000),Р-107-3-36-4-1000,Р107,3-36,4,1000,opys-explicit
ceda0ccb-3f35-418f-a553-13bf11694c28,ЦДНТА-(Р-107-3-36-4-876+++Р-107-3-36-4-876+++Р-107-3-36-4-876),Р-107-3-36-4-876,Р107,3-36,4,876,opys-explicit
c2227d53-ebce-4d79-b6e7-d0bd7b95a124,ЦДНТА-(Р-107-3-36-3-863+++Р-107-3-36-3-863+++Р-107-3-36-3-863),Р-107-3-36-3-863,Р107,3-36,3,863,opys-explicit
82f45f32-7085-4bc8-aea5-4458072678af,ЦДНТА-(Р-107-3-36-4-888+++Р-107-3-36-4-888+++Р-107-3-36-4-888),Р-107-3-36-4-888,Р107,3-36,4,888,opys-explicit
98e36773-dbde-41b9-b58f-69fdfb42bf4c,ЦДНТА-(Р-107-3-36-4-895+++Р-107-3-36-4-895+++Р-107-3-36-4-895),Р-107-3-36-4-895,Р107,3-36,4,895,opys-explicit
dadb69d1-ea9b-46d3-9c8b-598a96b1ba4f,ЦДНТА-(Р-107-3-36-4-920+++Р-107-3-36-4-920+++Р-107-3-36-4-920),Р-107-3-36-4-920,Р107,3-36,4,920,opys-explicit
5d3db14a-74a5-4217-bf0c-0a1cd59467a7,ЦДНТА-(Р-107-3-36-4-917+++Р-107-3-36-4-917+++Р-107-3-36-4-917),Р-107-3-36-4-917,Р107,3-36,4,917,opys-explicit
f90605ff-b4c7-427a-972a-bbe3406088be,ЦДНТА-(Р-107-3-36-4-901+++Р-107-3-36-4-901+++Р-107-3-36-4-901),Р-107-3-36-4-901,Р107,3-36,4,901,opys-explicit
dbef9fb5-fe63-4539-a24f-525d94b57ce7,ЦДНТА-(Р-107-3-36-4-909+++Р-107-3-36-4-909+++Р-107-3-36-4-909),Р-107-3-36-4-909,Р107,3-36,4,909,opys-explicit
d4b2e786-3a3c-4393-8964-38fec69a922f,ЦДНТА-(Р-107-3-36-4-935+++Р-107-3-36-4-935+++Р-107-3-36-4-935),Р-107-3-36-4-935,Р107,3-36,4,935,opys-explicit
bef6a40e-70b0-4410-939e-6491eb23b742,ЦДНТА-(Р-107-3-36-4-1100+++Р-107-3-36-4-1100+++Р-107-3-36-4-1100),Р-107-3-36-4-1100,Р107,3-36,4,1100,opys-explicit
96a145f8-ebe6-49e3-8597-0f8674f6a6e6,ЦДНТА-(Р-107-3-36-4-944+++Р-107-3-36-4-944+++Р-107-3-36-4-944),Р-107-3-36-4-944,Р107,3-36,4,944,opys-explicit
c87d802c-3d9d-4d45-a84b-60c54e74a640,ЦДНТА-(Р-107-3-36-4-1090+++Р-107-3-36-4-1090+++Р-107-3-36-4-1090),Р-107-3-36-4-1090,Р107,3-36,4,1090,opys-explicit
49f1a8de-a2ac-4b6a-9f42-60748d555d3d,ЦДНТА-(Р-17-3-9-341+++Р-17-3-9-341+++Р-17-3-9-341),Р-17-3-9-341,Р17,3-9,1,341,range-lookup
b7180c47-84fc-47dc-905c-adb0a92b072c,ЦДНТА-(Р-17-3-9-352+++Р-17-3-9-352+++Р-17-3-9-352),Р-17-3-9-352,Р17,3-9,1,352,range-lookup
f616c965-379c-4846-aa78-bb112cc45684,ЦДНТА-(Р-17-3-9-4-2235+++Р-17-3-9-4-2235+++Р-17-3-9-4-2235),Р-17-3-9-4-2235,Р17,3-9,4,2235,opys-explicit
f0b64f8f-6dc0-4502-be1a-5ba33cb4c5d9,ЦДНТА-(Р-17-3-9-4-2245+++Р-17-3-9-4-2245+++Р-17-3-9-4-2245),Р-17-3-9-4-2245,Р17,3-9,4,2245,opys-explicit
f3ae6a72-f0e6-4598-9cc6-8fc2c5e34fac,ЦДНТА-(Р-17-3-9-4-2255+++Р-17-3-9-4-2255+++Р-17-3-9-4-2255),Р-17-3-9-4-2255,Р17,3-9,4,2255,opys-explicit
f3e85699-bc62-4363-8eb5-6433cfe619b4,ЦДНТА-(Р-17-3-9-4-2252+++Р-17-3-9-4-2252+++Р-17-3-9-4-2252),Р-17-3-9-4-2252,Р17,3-9,4,2252,opys-explicit
825f64e9-fd6d-4790-9354-8dbd546413a3,ЦДНТА-(Р-17-3-9-4-2163+++Р-17-3-9-4-2163+++Р-17-3-9-4-2163),Р-17-3-9-4-2163,Р17,3-9,4,2163,opys-explicit
ad611db0-9921-43fb-8da9-107410e44091,ЦДНТА-(Р-17-3-9-4-2264+++Р-17-3-9-4-2264+++Р-17-3-9-4-2264),Р-17-3-9-4-2264,Р17,3-9,4,2264,opys-explicit
12c7b7e6-2016-409d-be35-496cecd4f4e6,ЦДНТА-(Р-17-3-9-4-2185+++Р-17-3-9-4-2185+++Р-17-3-9-4-2185),Р-17-3-9-4-2185,Р17,3-9,4,2185,opys-explicit
f96c1553-9e64-40b8-b02f-1e92f54978b7,ЦДНТА-(Р-17-3-9-4-2156+++Р-17-3-9-4-2156+++Р-17-3-9-4-2156),Р-17-3-9-4-2156,Р17,3-9,4,2156,opys-explicit
437c3a96-a2fa-489a-b234-e072692f5347,ЦДНТА-(Р-17-3-9-4-2155+++Р-17-3-9-4-2155+++Р-17-3-9-4-2155),Р-17-3-9-4-2155,Р17,3-9,4,2155,opys-explicit
2477cb61-0cb9-4e0d-81c7-239c96a23ad9,ЦДНТА-(Р-17-3-9-4-2199+++Р-17-3-9-4-2199+++Р-17-3-9-4-2199),Р-17-3-9-4-2199,Р17,3-9,4,2199,opys-explicit
06031476-cfd3-4ea4-a035-4323a1653d86,ЦДНТА-(Р-17-3-9-4-2310+++Р-17-3-9-4-2310+++Р-17-3-9-4-2310),Р-17-3-9-4-2310,Р17,3-9,4,2310,opys-explicit
3464731b-578e-462a-aad9-74cbc30c3850,ЦДНТА-(Р-17-3-9-4-2295+++Р-17-3-9-4-2295+++Р-17-3-9-4-2295),Р-17-3-9-4-2295,Р17,3-9,4,2295,opys-explicit
698071d4-84d0-44ee-a946-d8b64ebd9609,ЦДНТА-(Р-17-3-9-4-2313+++Р-17-3-9-4-2313+++Р-17-3-9-4-2313),Р-17-3-9-4-2313,Р17,3-9,4,2313,opys-explicit
14ec36fb-fdaa-4609-81fe-e4f7ffc246fb,ЦДНТА-(Р-17-3-9-4-2300+++Р-17-3-9-4-2300+++Р-17-3-9-4-2300),Р-17-3-9-4-2300,Р17,3-9,4,2300,opys-explicit
a30ec4d9-8c1c-490e-95c6-aa0e04833960,ЦДНТА-(Р-17-3-9-4-2336+++Р-17-3-9-4-2336+++Р-17-3-9-4-2336),Р-17-3-9-4-2336,Р17,3-9,4,2336,opys-explicit
8ed35567-9e35-47e8-a353-1cf354f9cf6c,ЦДНТА-(Р-17-3-9-4-2333+++Р-17-3-9-4-2333+++Р-17-3-9-4-2333),Р-17-3-9-4-2333,Р17,3-9,4,2333,opys-explicit
b1a54df8-4c71-4426-8c67-7d5205acabf9,ЦДНТА-(Р-17-3-9-4-2337+++Р-17-3-9-4-2337+++Р-17-3-9-4-2337),Р-17-3-9-4-2337,Р17,3-9,4,2337,opys-explicit
4d09596d-c3a1-40db-a1a9-ef613e28b309,ЦДНТА-(Р-17-3-9-4-2318+++Р-17-3-9-4-2318+++Р-17-3-9-4-2318),Р-17-3-9-4-2318,Р17,3-9,4,2318,opys-explicit
87421203-8aa7-4855-8825-eda2bdfd7f75,ЦДНТА-(Р-17-3-9-4-2349+++Р-17-3-9-4-2349+++Р-17-3-9-4-2349),Р-17-3-9-4-2349,Р17,3-9,4,2349,opys-explicit
d4dd2da8-2116-44be-a1f2-36c44616cc39,ЦДНТА-(Р-17-3-9-4-2338+++Р-17-3-9-4-2338+++Р-17-3-9-4-2338),Р-17-3-9-4-2338,Р17,3-9,4,2338,opys-explicit
0e0c0c8d-7fa6-4095-a20c-d24a1b82fc0e,ЦДНТА-(Р-17-3-9-4-2351+++Р-17-3-9-4-2351+++Р-17-3-9-4-2351),Р-17-3-9-4-2351,Р17,3-9,4,2351,opys-explicit
02907593-6bf1-423d-b973-25b1f3a8a8c3,ЦДНТА-(Р-17-3-9-4-2317+++Р-17-3-9-4-2317+++Р-17-3-9-4-2317),Р-17-3-9-4-2317,Р17,3-9,4,2317,opys-explicit
e3a82c67-22db-4016-8c5e-f12dbcde66fb,ЦДНТА-(Р-17-3-9-4-2345+++Р-17-3-9-4-2345+++Р-17-3-9-4-2345),Р-17-3-9-4-2345,Р17,3-9,4,2345,opys-explicit
f9d31815-d924-4035-9d63-9807c8af69d4,ЦДНТА-(Р-17-3-9-4-2322+++Р-17-3-9-4-2322+++Р-17-3-9-4-2322),Р-17-3-9-4-2322,Р17,3-9,4,2322,opys-explicit
b5a9bfa0-6915-41c7-a9a8-6f8a9f2a5c1b,ЦДНТА-(Р-17-3-9-4-2352+++Р-17-3-9-4-2352+++Р-17-3-9-4-2352),Р-17-3-9-4-2352,Р17,3-9,4,2352,opys-explicit
55e1102d-2332-4af3-910e-d2085ee211d6,ЦДНТА-(Р-17-3-9-4-2357+++Р-17-3-9-4-2357+++Р-17-3-9-4-2357),Р-17-3-9-4-2357,Р17,3-9,4,2357,opys-explicit
51f5e994-2ece-460a-ae55-722a1f960175,ЦДНТА-(Р-17-3-9-4-2340+++Р-17-3-9-4-2340+++Р-17-3-9-4-2340),Р-17-3-9-4-2340,Р17,3-9,4,2340,opys-explicit
60fc71e0-0077-48a7-a99e-b92a3fe6bd4a,ЦДНТА-(Р-17-3-9-4-2368+++Р-17-3-9-4-2368+++Р-17-3-9-4-2368),Р-17-3-9-4-2368,Р17,3-9,4,2368,opys-explicit
4217fc2c-f77a-47dd-b9bc-4175e263aaec,ЦДНТА-(Р-17-3-9-4-2343+++Р-17-3-9-4-2343+++Р-17-3-9-4-2343),Р-17-3-9-4-2343,Р17,3-9,4,2343,opys-explicit
eed84008-ca66-4717-9a90-f1acc0fbc541,ЦДНТА-(Р-17-3-9-4-2396+++Р-17-3-9-4-2396+++Р-17-3-9-4-2396),Р-17-3-9-4-2396,Р17,3-9,4,2396,opys-explicit
4aba4e95-2a27-4e05-b846-696a735d7868,ЦДНТА-(Р-17-3-9-4-2376+++Р-17-3-9-4-2376+++Р-17-3-9-4-2376),Р-17-3-9-4-2376,Р17,3-9,4,2376,opys-explicit
74ddc9d1-a3cf-4105-85cc-d2e69f9b7572,ЦДНТА-(Р-17-3-9-4-2398+++Р-17-3-9-4-2398+++Р-17-3-9-4-2398),Р-17-3-9-4-2398,Р17,3-9,4,2398,opys-explicit
a372ea79-835b-486b-b78f-bb6e8f71bf61,ЦДНТА-(Р-17-3-9-4-2370+++Р-17-3-9-4-2370+++Р-17-3-9-4-2370),Р-17-3-9-4-2370,Р17,3-9,4,2370,opys-explicit
ae9fe76e-698f-4974-9737-428edbe3bfdd,ЦДНТА-(Р-17-3-9-4-2423+++Р-17-3-9-4-2423+++Р-17-3-9-4-2423),Р-17-3-9-4-2423,Р17,3-9,4,2423,opys-explicit
e61c0790-4c7c-4022-9f5a-2012d7adcb3d,ЦДНТА-(Р-17-3-9-4-2416+++Р-17-3-9-4-2416+++Р-17-3-9-4-2416),Р-17-3-9-4-2416,Р17,3-9,4,2416,opys-explicit
be8c5971-7450-425e-bcdd-e9a6875c4775,ЦДНТА-(Р-17-3-9-4-2393+++Р-17-3-9-4-2393+++Р-17-3-9-4-2393),Р-17-3-9-4-2393,Р17,3-9,4,2393,opys-explicit
c4801b9e-b0a9-481c-a798-2ce3f6de6bb4,ЦДНТА-(Р-17-3-9-4-2415+++Р-17-3-9-4-2415+++Р-17-3-9-4-2415),Р-17-3-9-4-2415,Р17,3-9,4,2415,opys-explicit
6b3a8c76-3e74-457e-9b9d-6ec31debfcee,ЦДНТА-(Р-17-3-9-4-2403+++Р-17-3-9-4-2403+++Р-17-3-9-4-2403),Р-17-3-9-4-2403,Р17,3-9,4,2403,opys-explicit
0ce5c063-bab1-42ea-abe8-9234fe16ee20,ЦДНТА-(Р-17-3-9-4-2406+++Р-17-3-9-4-2406+++Р-17-3-9-4-2406),Р-17-3-9-4-2406,Р17,3-9,4,2406,opys-explicit
f7864b04-f5e2-44b2-a5b7-50258373adf5,ЦДНТА-(Р-17-3-9-4-2388+++Р-17-3-9-4-2388+++Р-17-3-9-4-2388),Р-17-3-9-4-2388,Р17,3-9,4,2388,opys-explicit
838d2262-4758-4301-a5a4-bc60119f541d,ЦДНТА-(Р-17-3-9-4-2410+++Р-17-3-9-4-2410+++Р-17-3-9-4-2410),Р-17-3-9-4-2410,Р17,3-9,4,2410,opys-explicit
c6d5bf8a-289e-43a9-8306-f83c76cb175c,ЦДНТА-(Р-17-3-9-4-2434+++Р-17-3-9-4-2434+++Р-17-3-9-4-2434),Р-17-3-9-4-2434,Р17,3-9,4,2434,opys-explicit
19c4f373-22f3-464a-a393-65fb66f9183c,ЦДНТА-(Р-17-3-9-4-2422+++Р-17-3-9-4-2422+++Р-17-3-9-4-2422),Р-17-3-9-4-2422,Р17,3-9,4,2422,opys-explicit
399a152b-48b1-492f-b609-38b15312adf0,ЦДНТА-(Р-17-3-9-4-2436+++Р-17-3-9-4-2436+++Р-17-3-9-4-2436),Р-17-3-9-4-2436,Р17,3-9,4,2436,opys-explicit
abf2264c-36d8-4097-bdbf-8f5073a44dce,ЦДНТА-(Р-17-3-9-55+++Р-17-3-9-55+++Р-17-3-9-55),Р-17-3-9-55,Р17,3-9,1,55,range-lookup
b6722a09-a34b-47d8-9d1a-c57aa1171b2e,ЦДНТА-(Р-17-3-9-91+++Р-17-3-9-91+++Р-17-3-9-91),Р-17-3-9-91,Р17,3-9,1,91,range-lookup
aef3f4cf-bf1c-4345-8716-ba4c5cca0cbd,ЦДНТА-(Р-17-3-9-100+++Р-17-3-9-100+++Р-17-3-9-100),Р-17-3-9-100,Р17,3-9,1,100,range-lookup
6386f9f3-2329-4e50-8563-01cf049b925e,ЦДНТА-(Р-17-3-9-95+++Р-17-3-9-95+++Р-17-3-9-95),Р-17-3-9-95,Р17,3-9,1,95,range-lookup
07cc113f-7f9e-408c-bf71-69fbc0609b79,ЦДНТА-(Р-17-3-9-101+++Р-17-3-9-101+++Р-17-3-9-101),Р-17-3-9-101,Р17,3-9,1,101,range-lookup
484c0366-3094-4726-8d3f-390b8697dd91,ЦДНТА-(Р-17-3-9-96+++Р-17-3-9-96+++Р-17-3-9-96),Р-17-3-9-96,Р17,3-9,1,96,range-lookup
1cad32c8-ca25-4fdc-ac9e-5e0e26765e8b,ЦДНТА-(Р-17-3-9-99+++Р-17-3-9-99+++Р-17-3-9-99),Р-17-3-9-99,Р17,3-9,1,99,range-lookup
6bd1784c-dc32-4bfa-8823-150fee0cf188,ЦДНТА-(Р-17-3-9-102+++Р-17-3-9-102+++Р-17-3-9-102),Р-17-3-9-102,Р17,3-9,1,102,range-lookup
70aa7148-9106-4504-bd8f-8601c40aeb2b,ЦДНТА-(Р-17-3-9-145+++Р-17-3-9-145+++Р-17-3-9-145),Р-17-3-9-145,Р17,3-9,1,145,range-lookup
5685c8e3-f3cc-42ab-8776-ae605e91e6bb,ЦДНТА-(Р-17-3-9-154+++Р-17-3-9-154+++Р-17-3-9-154),Р-17-3-9-154,Р17,3-9,1,154,range-lookup
113cb469-b02e-4e49-81fb-bd88dbba89b9,ЦДНТА-(Р-17-3-9-165+++Р-17-3-9-165+++Р-17-3-9-165),Р-17-3-9-165,Р17,3-9,1,165,range-lookup
06ab8008-c256-4325-96c3-0680e720826c,ЦДНТА-(Р-17-3-9-176+++Р-17-3-9-176+++Р-17-3-9-176),Р-17-3-9-176,Р17,3-9,1,176,range-lookup
62016569-4d01-43c1-9850-75ad6ac58436,ЦДНТА-(Р-17-3-9-180+++Р-17-3-9-180+++Р-17-3-9-180),Р-17-3-9-180,Р17,3-9,1,180,range-lookup
6c5432ac-b289-4262-9dc1-2d57f7d657b4,ЦДНТА-(Р-17-3-9-186+++Р-17-3-9-186+++Р-17-3-9-186),Р-17-3-9-186,Р17,3-9,1,186,range-lookup
399485a1-482b-4a04-8d38-ccaaf3e7f57b,ЦДНТА-(Р-17-3-9-205+++Р-17-3-9-205+++Р-17-3-9-205),Р-17-3-9-205,Р17,3-9,1,205,range-lookup
bd3638fe-25c9-4d45-a0e9-205fb67dd822,ЦДНТА-(Р-17-3-9-231+++Р-17-3-9-231+++Р-17-3-9-231),Р-17-3-9-231,Р17,3-9,1,231,range-lookup
af383bb8-4179-43ee-9464-b815fa0d1c58,ЦДНТА-(Р-17-3-9-255+++Р-17-3-9-255+++Р-17-3-9-255),Р-17-3-9-255,Р17,3-9,1,255,range-lookup
801e7fa5-7579-4644-83f8-752850e9fd34,ЦДНТА-(Р-17-3-9-273+++Р-17-3-9-273+++Р-17-3-9-273),Р-17-3-9-273,Р17,3-9,1,273,range-lookup
aaa89507-dfcc-42e0-bbaa-8e51e19d427c,ЦДНТА-(Р-17-3-9-285+++Р-17-3-9-285+++Р-17-3-9-285),Р-17-3-9-285,Р17,3-9,1,285,range-lookup
244c0cf1-9ba9-4be7-8db2-56d099c0e4f7,ЦДНТА-(Р-17-3-9-293+++Р-17-3-9-293+++Р-17-3-9-293),Р-17-3-9-293,Р17,3-9,1,293,range-lookup
5d270e15-e22c-4844-b094-296d8771c23a,ЦДНТА-(Р-17-3-9-299+++Р-17-3-9-299+++Р-17-3-9-299),Р-17-3-9-299,Р17,3-9,1,299,range-lookup
db8c794d-3a9d-4140-8d31-de0e3781873b,ЦДНТА-(Р-18-3-10-2-246+++Р-18-3-10-2-246+++Р-18-3-10-2-246),Р-18-3-10-2-246,Р18,3-10,2,246,opys-explicit
a0bd0d79-a650-4979-97f6-caa3cfd6cbf5,ЦДНТА-(Р-18-3-10-2-243+++Р-18-3-10-2-243+++Р-18-3-10-2-243),Р-18-3-10-2-243,Р18,3-10,2,243,opys-explicit
b2b3c5f1-7b56-4c1d-b974-a22082a19569,ЦДНТА-(Р-18-3-10-3-307+++Р-18-3-10-3-307+++Р-18-3-10-3-307),Р-18-3-10-3-307,Р18,3-10,3,307,opys-explicit
fcae0506-a65c-4536-8e4a-553fc345b6b9,ЦДНТА-(Р-18-3-10-2-299+++Р-18-3-10-2-299+++Р-18-3-10-2-299),Р-18-3-10-2-299,Р18,3-10,2,299,opys-explicit+outofrange
efb5efa8-ec41-4b7f-aa55-99c0fe70518c,ЦДНТА-(Р-18-3-10-4-319+++Р-18-3-10-4-319+++Р-18-3-10-4-319),Р-18-3-10-4-319,Р18,3-10,4,319,opys-explicit
f56ed23b-9dc6-4344-8cb6-84cdd3cecd53,ЦДНТА-(Р-18-3-10-4-322+++Р-18-3-10-4-322+++Р-18-3-10-4-322),Р-18-3-10-4-322,Р18,3-10,4,322,opys-explicit
0c007153-98f5-461d-adce-3f71ae724c79,ЦДНТА-(Р-17-3-9-1-24+++Р-17-3-9-1-24+++Р-17-3-9-1-24),Р-17-3-9-1-24,Р17,3-9,1,24,opys-explicit
d84ac4e7-d9d1-46b4-a681-9b79703dd493,ЦДНТА-(Р-17-3-9-4-1442+++Р-17-3-9-4-1442+++Р-17-3-9-4-1442),Р-17-3-9-4-1442,Р17,3-9,4,1442,opys-explicit
95878336-c8e8-4e36-9187-43b09b7a4f97,ЦДНТА-(Р-17-3-9-4-1452+++Р-17-3-9-4-1452+++Р-17-3-9-4-1452),Р-17-3-9-4-1452,Р17,3-9,4,1452,opys-explicit
2cdaa926-b921-49bc-a6fe-94e95d34df2a,ЦДНТА-(Р-17-3-9-4-1495+++Р-17-3-9-4-1495+++Р-17-3-9-4-1495),Р-17-3-9-4-1495,Р17,3-9,4,1495,opys-explicit
9fb5b7b6-901d-4a44-91b5-bfbd8c180c80,ЦДНТА-(Р-17-3-9-4-1445+++Р-17-3-9-4-1445+++Р-17-3-9-4-1445),Р-17-3-9-4-1445,Р17,3-9,4,1445,opys-explicit
aaa98cfe-f8a3-4bb5-a945-2ebb5e4cd182,ЦДНТА-(Р-17-3-9-4-1455+++Р-17-3-9-4-1455+++Р-17-3-9-4-1455),Р-17-3-9-4-1455,Р17,3-9,4,1455,opys-explicit
633d1e65-5d2b-4787-80ad-bcaff885b172,ЦДНТА-(Р-17-3-9-4-1474+++Р-17-3-9-4-1474+++Р-17-3-9-4-1474),Р-17-3-9-4-1474,Р17,3-9,4,1474,opys-explicit
dba38241-3a80-44a2-9b11-562f6c8d2856,ЦДНТА-(Р-17-3-9-4-1493+++Р-17-3-9-4-1493+++Р-17-3-9-4-1493),Р-17-3-9-4-1493,Р17,3-9,4,1493,opys-explicit
c4f9b818-05c7-47b4-9979-3641223831ab,ЦДНТА-(Р-17-3-9-4-1555+++Р-17-3-9-4-1555+++Р-17-3-9-4-1555),Р-17-3-9-4-1555,Р17,3-9,4,1555,opys-explicit
6369bd34-2e87-445e-9063-099655e356dc,ЦДНТА-(Р-107-3-36-5-1558+++Р-107-3-36-5-1558+++Р-107-3-36-5-1558),Р-107-3-36-5-1558,Р107,3-36,5,1558,opys-explicit
868b05d3-0e8d-45bc-bb19-39b6ba3b8032,ЦДНТА-(Р-107-3-36-5-1571+++Р-107-3-36-5-1571+++Р-107-3-36-5-1571),Р-107-3-36-5-1571,Р107,3-36,5,1571,opys-explicit
278ae5d9-2103-42d4-82c6-2ce49f5d5bb0,ЦДНТА-(Р-107-3-36-5-1607+++Р-107-3-36-5-1607+++Р-107-3-36-5-1607),Р-107-3-36-5-1607,Р107,3-36,5,1607,opys-explicit
920006b1-9101-4587-bf53-e0e15a5ca213,ЦДНТА-(Р-107-3-36-4-1372+++Р-107-3-36-4-1372+++Р-107-3-36-4-1372),Р-107-3-36-4-1372,Р107,3-36,4,1372,opys-explicit
70c618c6-36c8-4d59-8b05-db14a5524cfa,ЦДНТА-(Р-107-3-36-6-1945+++Р-107-3-36-6-1945+++Р-107-3-36-6-1945),Р-107-3-36-6-1945,Р107,3-36,6,1945,opys-explicit
79f723c8-0d40-48da-8eb1-5c705d8ecffc,ЦДНТА-(Р-107-3-36-6-1920+++Р-107-3-36-6-1920+++Р-107-3-36-6-1920),Р-107-3-36-6-1920,Р107,3-36,6,1920,opys-explicit
77f05c19-2164-4c9b-b5e9-1cc4851f3d19,ЦДНТА-(Р-107-3-36-6-1947+++Р-107-3-36-6-1947+++Р-107-3-36-6-1947),Р-107-3-36-6-1947,Р107,3-36,6,1947,opys-explicit
56289b39-1fe1-4f13-b510-250aef7dc3b6,ЦДНТА-(Р-107-3-36-6-1913+++Р-107-3-36-6-1913+++Р-107-3-36-6-1913),Р-107-3-36-6-1913,Р107,3-36,6,1913,opys-explicit
bb2c60f7-7d4b-4fb8-9e30-c8338a2df804,ЦДНТА-(Р-107-3-36-6-1922+++Р-107-3-36-6-1922+++Р-107-3-36-6-1922),Р-107-3-36-6-1922,Р107,3-36,6,1922,opys-explicit
4ff5d6c6-8341-40e1-ac9f-02ba65456567,ЦДНТА-(Р-107-3-36-6-1915+++Р-107-3-36-6-1915+++Р-107-3-36-6-1915),Р-107-3-36-6-1915,Р107,3-36,6,1915,opys-explicit
fd0aa0e7-e98a-464b-8eb8-bbe97d1e27d6,ЦДНТА-(Р-107-3-36-6-1916+++Р-107-3-36-6-1916+++Р-107-3-36-6-1916),Р-107-3-36-6-1916,Р107,3-36,6,1916,opys-explicit
12c20b34-b30b-4c6c-9ea0-46153ec97251,ЦДНТА-(Р-107-3-36-6-1936+++Р-107-3-36-6-1936+++Р-107-3-36-6-1936),Р-107-3-36-6-1936,Р107,3-36,6,1936,opys-explicit
4e9981be-5171-494a-aa4c-9031409892cd,ЦДНТА-(Р-107-3-36-6-1989+++Р-107-3-36-6-1989+++Р-107-3-36-6-1989),Р-107-3-36-6-1989,Р107,3-36,6,1989,opys-explicit
5ca27365-4764-4483-8a9a-b67a50b1920c,ЦДНТА-(Р-107-3-36-6-1993+++Р-107-3-36-6-1993+++Р-107-3-36-6-1993),Р-107-3-36-6-1993,Р107,3-36,6,1993,opys-explicit
fa669117-5deb-4bee-b24e-22c3d423ba14,ЦДНТА-(Р-107-3-36-6-2016+++Р-107-3-36-6-2016+++Р-107-3-36-6-2016),Р-107-3-36-6-2016,Р107,3-36,6,2016,opys-explicit
1f456e98-51fa-4f6d-abbf-d3d8ca323fc3,ЦДНТА-(Р-107-3-36-6-2012+++Р-107-3-36-6-2012+++Р-107-3-36-6-2012),Р-107-3-36-6-2012,Р107,3-36,6,2012,opys-explicit
5eedaa64-6ae8-4291-85b5-2ea01df6362a,ЦДНТА-(Р-107-3-36-6-2017+++Р-107-3-36-6-2017+++Р-107-3-36-6-2017),Р-107-3-36-6-2017,Р107,3-36,6,2017,opys-explicit
dbe706a5-47b8-44a5-a728-1f834755ea14,ЦДНТА-(Р-107-3-36-6-2020+++Р-107-3-36-6-2020+++Р-107-3-36-6-2020),Р-107-3-36-6-2020,Р107,3-36,6,2020,opys-explicit
49e85ea4-df81-41e3-8030-1f80af6dd668,ЦДНТА-(Р-107-3-36-3-378+++Р-107-3-36-3-378+++Р-107-3-36-3-378),Р-107-3-36-3-378,Р107,3-36,3,378,opys-explicit
7c5ef6c6-2fb9-40bd-833c-08257b0ac4d5,ЦДНТА-(Р-107-3-36-3-448+++Р-107-3-36-3-448+++Р-107-3-36-3-448),Р-107-3-36-3-448,Р107,3-36,3,448,opys-explicit
8164d790-a7ef-479d-9745-b51a9a3df912,ЦДНТА-(Р-107-3-36-3-435+++Р-107-3-36-3-435+++Р-107-3-36-3-435),Р-107-3-36-3-435,Р107,3-36,3,435,opys-explicit
5e5e59e0-34e8-4b88-bf26-790f861c3b2f,ЦДНТА-(Р-107-3-36-3-475+++Р-107-3-36-3-475+++Р-107-3-36-3-475),Р-107-3-36-3-475,Р107,3-36,3,475,opys-explicit
2696c969-bc56-45e8-9fbc-37ccf09806ae,ЦДНТА-(Р-107-3-36-5-1696+++Р-107-3-36-5-1696+++Р-107-3-36-5-1696),Р-107-3-36-5-1696,Р107,3-36,5,1696,opys-explicit
e4f8d915-ac88-4215-848c-a6d13e667995,ЦДНТА-(Р-107-3-36-5-1773+++Р-107-3-36-5-1773+++Р-107-3-36-5-1773),Р-107-3-36-5-1773,Р107,3-36,5,1773,opys-explicit
bfcbaf40-6800-465c-bab5-a714c9347da7,ЦДНТА-(Р-107-3-36-5-1821+++Р-107-3-36-5-1821+++Р-107-3-36-5-1821),Р-107-3-36-5-1821,Р107,3-36,5,1821,opys-explicit
b22521f1-4409-44e3-9fe5-f5f71408357d,ЦДНТА-(Р-107-3-36-5-1818+++Р-107-3-36-5-1818+++Р-107-3-36-5-1818),Р-107-3-36-5-1818,Р107,3-36,5,1818,opys-explicit
ab972aec-14a5-4cbd-b03c-f173bcae3cf7,ЦДНТА-(Р-107-3-36-6-1978+++Р-107-3-36-6-1978+++Р-107-3-36-6-1978),Р-107-3-36-6-1978,Р107,3-36,6,1978,opys-explicit
d32f54c0-2bbb-4543-8876-f9fb8614ba7c,ЦДНТА-(Р-107-3-36-6-1980+++Р-107-3-36-6-1980+++Р-107-3-36-6-1980),Р-107-3-36-6-1980,Р107,3-36,6,1980,opys-explicit
a0895383-b568-4154-9a0e-39256ee2b6ba,ЦДНТА-(Р-107-3-36-6-1919+++Р-107-3-36-6-1919+++Р-107-3-36-6-1919),Р-107-3-36-6-1919,Р107,3-36,6,1919,opys-explicit
f21c2785-391a-4958-8787-6fb3e70fcc44,ЦДНТА-(Р-107-3-36-6-2040+++Р-107-3-36-6-2040+++Р-107-3-36-6-2040),Р-107-3-36-6-2040,Р107,3-36,6,2040,opys-explicit
16a6497c-1956-49df-a9d6-5698c5165ce5,ЦДНТА-(Р-107-3-36-6-1976+++Р-107-3-36-6-1976+++Р-107-3-36-6-1976),Р-107-3-36-6-1976,Р107,3-36,6,1976,opys-explicit
cb1b0fd4-3d5d-494b-a742-21255eb7bb32,ЦДНТА-(Р-107-3-36-6-1974+++Р-107-3-36-6-1974+++Р-107-3-36-6-1974),Р-107-3-36-6-1974,Р107,3-36,6,1974,opys-explicit
b3aa908a-99f6-4187-949f-de5b884588dd,ЦДНТА-(Р-107-3-36-6-1986+++Р-107-3-36-6-1986+++Р-107-3-36-6-1986),Р-107-3-36-6-1986,Р107,3-36,6,1986,opys-explicit
8f9be6f8-3906-441d-a9a4-f49218a7ff94,ЦДНТА-(Р-107-3-36-6-2006+++Р-107-3-36-6-2006+++Р-107-3-36-6-2006),Р-107-3-36-6-2006,Р107,3-36,6,2006,opys-explicit
e6f65939-007a-48ec-b54f-4436dc740472,ЦДНТА-(Р-107-3-36-6-2003+++Р-107-3-36-6-2003+++Р-107-3-36-6-2003),Р-107-3-36-6-2003,Р107,3-36,6,2003,opys-explicit
2b0542f6-142a-43c6-a761-05ed54a052c0,ЦДНТА-(Р-107-3-36-6-2014+++Р-107-3-36-6-2014+++Р-107-3-36-6-2014),Р-107-3-36-6-2014,Р107,3-36,6,2014,opys-explicit
b6c9f55e-b165-42ac-ace1-fff74cfa9cdb,ЦДНТА-(Р-107-3-36-6-2019+++Р-107-3-36-6-2019+++Р-107-3-36-6-2019),Р-107-3-36-6-2019,Р107,3-36,6,2019,opys-explicit
4c807eca-c008-4618-b732-fa4da9edf0fc,ЦДНТА-(Р-107-3-36-6-2024+++Р-107-3-36-6-2024+++Р-107-3-36-6-2024),Р-107-3-36-6-2024,Р107,3-36,6,2024,opys-explicit
94b99aeb-e0fe-4f98-aa06-9ff1eb69025f,ЦДНТА-(Р-17-3-9-2-884+++Р-17-3-9-2-884+++Р-17-3-9-2-884),Р-17-3-9-2-884,Р17,3-9,2,884,opys-explicit
b5f79858-63b0-4e6f-90c8-8febb85c2605,ЦДНТА-(Р-17-3-9-2-885+++Р-17-3-9-2-885+++Р-17-3-9-2-885),Р-17-3-9-2-885,Р17,3-9,2,885,opys-explicit
5568d0a9-71c1-46a2-b3e2-b1b4fee71e81,ЦДНТА-(Р-17-3-9-2-867+++Р-17-3-9-2-867+++Р-17-3-9-2-867),Р-17-3-9-2-867,Р17,3-9,2,867,opys-explicit
e5c1708c-3982-46f0-ba34-7695eade4f61,ЦДНТА-(Р-17-3-9-3-899+++Р-17-3-9-3-899+++Р-17-3-9-3-899),Р-17-3-9-3-899,Р17,3-9,3,899,opys-explicit
03c4d981-137c-4b8d-8d68-40c7d35cc142,ЦДНТА-(Р-17-3-9-3-928+++Р-17-3-9-3-928+++Р-17-3-9-3-928),Р-17-3-9-3-928,Р17,3-9,3,928,opys-explicit
a998e7ca-4594-4d7a-958a-8a039042e180,ЦДНТА-(Р-17-3-9-3-929+++Р-17-3-9-3-929+++Р-17-3-9-3-929),Р-17-3-9-3-929,Р17,3-9,3,929,opys-explicit
911cfe47-dad3-43bc-af28-0a74e1f6251d,ЦДНТА-(Р-17-3-9-3-920+++Р-17-3-9-3-920+++Р-17-3-9-3-920),Р-17-3-9-3-920,Р17,3-9,3,920,opys-explicit
eccbbde4-6fdb-46f6-aa0a-dcfeb3fbf860,ЦДНТА-(Р-17-3-9-3-926+++Р-17-3-9-3-926+++Р-17-3-9-3-926),Р-17-3-9-3-926,Р17,3-9,3,926,opys-explicit
de50198e-5ad1-4e7d-9031-b6e1d572e809,ЦДНТА-(Р-17-3-9-3-930+++Р-17-3-9-3-930+++Р-17-3-9-3-930),Р-17-3-9-3-930,Р17,3-9,3,930,opys-explicit
c2ffbc3d-955e-43ee-9829-6fc5253cbdc6,ЦДНТА-(Р-17-3-9-3-940+++Р-17-3-9-3-940+++Р-17-3-9-3-940),Р-17-3-9-3-940,Р17,3-9,3,940,opys-explicit
afaf4b71-0217-46ff-a6d5-c8b77b2cf72a,ЦДНТА-(Р-17-3-9-3-945+++Р-17-3-9-3-945+++Р-17-3-9-3-945),Р-17-3-9-3-945,Р17,3-9,3,945,opys-explicit
11bf8f13-955b-4c46-834b-1afe56b5d8ed,ЦДНТА-(Р-17-3-9-3-953+++Р-17-3-9-3-953+++Р-17-3-9-3-953),Р-17-3-9-3-953,Р17,3-9,3,953,opys-explicit
25aed809-8e17-4250-bb7e-a5831ebe31cb,ЦДНТА-(Р-17-3-9-3-954+++Р-17-3-9-3-954+++Р-17-3-9-3-954),Р-17-3-9-3-954,Р17,3-9,3,954,opys-explicit
ccc58813-cd26-404a-b147-5684e9194ef8,ЦДНТА-(Р-17-3-9-3-970+++Р-17-3-9-3-970+++Р-17-3-9-3-970),Р-17-3-9-3-970,Р17,3-9,3,970,opys-explicit
47ee69f0-db14-4419-9ed7-0f284e744be4,ЦДНТА-(Р-17-3-9-3-962+++Р-17-3-9-3-962+++Р-17-3-9-3-962),Р-17-3-9-3-962,Р17,3-9,3,962,opys-explicit
24678f85-d016-4537-9dd3-449800d55ffc,ЦДНТА-(Р-17-3-9-3-973+++Р-17-3-9-3-973+++Р-17-3-9-3-973),Р-17-3-9-3-973,Р17,3-9,3,973,opys-explicit
3ca458cf-f85d-4da1-bdb9-59bcd6e8e0a4,ЦДНТА-(Р-17-3-9-3-966+++Р-17-3-9-3-966+++Р-17-3-9-3-966),Р-17-3-9-3-966,Р17,3-9,3,966,opys-explicit
650169be-61f1-434f-97ce-b39a4fbda6a7,ЦДНТА-(Р-17-3-9-3-972+++Р-17-3-9-3-972+++Р-17-3-9-3-972),Р-17-3-9-3-972,Р17,3-9,3,972,opys-explicit
30ae010e-5361-4802-9d03-aaefe46a0779,ЦДНТА-(Р-17-3-9-3-978+++Р-17-3-9-3-978+++Р-17-3-9-3-978),Р-17-3-9-3-978,Р17,3-9,3,978,opys-explicit
ecfa1103-74fa-4ce3-83e9-5519173443c4,ЦДНТА-(Р-17-3-9-3-985+++Р-17-3-9-3-985+++Р-17-3-9-3-985),Р-17-3-9-3-985,Р17,3-9,3,985,opys-explicit
0cdcdc95-c3d4-4c23-a184-a55dd70537dd,ЦДНТА-(Р-17-3-9-3-1014+++Р-17-3-9-3-1014+++Р-17-3-9-3-1014),Р-17-3-9-3-1014,Р17,3-9,3,1014,opys-explicit
bd99ada8-ed59-4299-84dd-dc26ca02546f,ЦДНТА-(Р-17-3-9-3-1029+++Р-17-3-9-3-1029+++Р-17-3-9-3-1029),Р-17-3-9-3-1029,Р17,3-9,3,1029,opys-explicit
b1ba60d1-f63d-4404-9448-ea28ea690352,ЦДНТА-(Р-17-3-9-3-1031+++Р-17-3-9-3-1031+++Р-17-3-9-3-1031),Р-17-3-9-3-1031,Р17,3-9,3,1031,opys-explicit
b8ba5591-9f65-4e92-91d2-830ac3a841c2,ЦДНТА-(Р-17-3-9-3-1033+++Р-17-3-9-3-1033+++Р-17-3-9-3-1033),Р-17-3-9-3-1033,Р17,3-9,3,1033,opys-explicit
003e3acf-2d66-419d-81fa-0b089c847578,ЦДНТА-(Р-17-3-9-3-1040+++Р-17-3-9-3-1040+++Р-17-3-9-3-1040),Р-17-3-9-3-1040,Р17,3-9,3,1040,opys-explicit
e3660781-4d1b-4df1-b356-a95cf2612cc1,ЦДНТА-(Р-17-3-9-3-1049+++Р-17-3-9-3-1049+++Р-17-3-9-3-1049),Р-17-3-9-3-1049,Р17,3-9,3,1049,opys-explicit
a0320091-23e5-4d78-a035-c82cd9aa068c,ЦДНТА-(Р-17-3-9-3-1084+++Р-17-3-9-3-1084+++Р-17-3-9-3-1084),Р-17-3-9-3-1084,Р17,3-9,3,1084,opys-explicit
e729072d-02df-403f-9da7-fadafc689985,ЦДНТА-(Р-17-3-9-3-1072+++Р-17-3-9-3-1072+++Р-17-3-9-3-1072),Р-17-3-9-3-1072,Р17,3-9,3,1072,opys-explicit
094ac299-d6fd-4ce1-8c65-1e7a7f3f87ce,ЦДНТА-(Р-17-3-9-3-1074+++Р-17-3-9-3-1074+++Р-17-3-9-3-1074),Р-17-3-9-3-1074,Р17,3-9,3,1074,opys-explicit
7863f7be-a955-41ec-be22-5df8ff3a0f65,ЦДНТА-(Р-17-3-9-3-1082+++Р-17-3-9-3-1082+++Р-17-3-9-3-1082),Р-17-3-9-3-1082,Р17,3-9,3,1082,opys-explicit
b4a746b5-c385-4242-aca0-72d3d4ffdb6c,ЦДНТА-(Р-17-3-9-2-831+++Р-17-3-9-2-831+++Р-17-3-9-2-831),Р-17-3-9-2-831,Р17,3-9,2,831,opys-explicit
b9143ace-6524-45ee-a79e-cfa63330d118,ЦДНТА-(Р-17-3-9-3-1080+++Р-17-3-9-3-1080+++Р-17-3-9-3-1080),Р-17-3-9-3-1080,Р17,3-9,3,1080,opys-explicit
5b2cc480-b71d-4b44-899f-25fae113becb,ЦДНТА-(Р-17-3-9-3-1085+++Р-17-3-9-3-1085+++Р-17-3-9-3-1085),Р-17-3-9-3-1085,Р17,3-9,3,1085,opys-explicit
7ad90829-45c9-4eaf-9bc7-a20c6decc0ae,ЦДНТА-(Р-17-3-9-3-1100+++Р-17-3-9-3-1100+++Р-17-3-9-3-1100),Р-17-3-9-3-1100,Р17,3-9,3,1100,opys-explicit
0bb10558-749f-4ee4-9276-8d0a326af212,ЦДНТА-(Р-17-3-9-2-852+++Р-17-3-9-2-852+++Р-17-3-9-2-852),Р-17-3-9-2-852,Р17,3-9,2,852,opys-explicit
8d9fb10c-92cf-4224-ab18-45cfbf5d9fb2,ЦДНТА-(Р-17-3-9-2-862+++Р-17-3-9-2-862+++Р-17-3-9-2-862),Р-17-3-9-2-862,Р17,3-9,2,862,opys-explicit
faa82d81-7a0f-4be9-9087-5fe97f33daea,ЦДНТА-(Р-17-3-9-3-1105+++Р-17-3-9-3-1105+++Р-17-3-9-3-1105),Р-17-3-9-3-1105,Р17,3-9,3,1105,opys-explicit
5c72cd98-a5a3-490a-96b1-11e4beb3ea35,ЦДНТА-(Р-17-3-9-3-1104+++Р-17-3-9-3-1104+++Р-17-3-9-3-1104),Р-17-3-9-3-1104,Р17,3-9,3,1104,opys-explicit
849124e4-87d7-46e9-96d8-3afe4f0dd4bd,ЦДНТА-(Р-17-3-9-2-880+++Р-17-3-9-2-880+++Р-17-3-9-2-880),Р-17-3-9-2-880,Р17,3-9,2,880,opys-explicit
0d2bc354-4854-4e43-9221-b678ae833c4a,ЦДНТА-(Р-17-3-9-2-848+++Р-17-3-9-2-848+++Р-17-3-9-2-848),Р-17-3-9-2-848,Р17,3-9,2,848,opys-explicit
4788a34f-3d54-4bdd-92c7-8f587065fad9,ЦДНТА-(Р-17-3-9-3-1128+++Р-17-3-9-3-1128+++Р-17-3-9-3-1128),Р-17-3-9-3-1128,Р17,3-9,3,1128,opys-explicit
c2d400c6-b587-485a-bbe2-ef7da46e957e,ЦДНТА-(Р-17-3-9-3-1110+++Р-17-3-9-3-1110+++Р-17-3-9-3-1110),Р-17-3-9-3-1110,Р17,3-9,3,1110,opys-explicit
4fe923d7-867d-41a4-afd6-95364738b064,ЦДНТА-(Р-17-3-9-2-860+++Р-17-3-9-2-860+++Р-17-3-9-2-860),Р-17-3-9-2-860,Р17,3-9,2,860,opys-explicit
e50d8119-2749-4e7e-9a8e-3da4779a767b,ЦДНТА-(Р-17-3-9-2-857+++Р-17-3-9-2-857+++Р-17-3-9-2-857),Р-17-3-9-2-857,Р17,3-9,2,857,opys-explicit
a2f97980-96d9-41d0-941c-03dc161bd444,ЦДНТА-(Р-17-3-9-2-851+++Р-17-3-9-2-851+++Р-17-3-9-2-851),Р-17-3-9-2-851,Р17,3-9,2,851,opys-explicit
d3a31a3f-5778-4ae4-9ace-40005b3a30d4,ЦДНТА-(Р-17-3-9-2-882+++Р-17-3-9-2-882+++Р-17-3-9-2-882),Р-17-3-9-2-882,Р17,3-9,2,882,opys-explicit
390b26aa-899d-4aa4-94f6-c8cb4f0ca5af,ЦДНТА-(Р-17-3-9-3-1130+++Р-17-3-9-3-1130+++Р-17-3-9-3-1130),Р-17-3-9-3-1130,Р17,3-9,3,1130,opys-explicit
3a9341c2-d0fb-4fc9-8b90-3d9264c8b8fd,ЦДНТА-(Р-17-3-9-2-864+++Р-17-3-9-2-864+++Р-17-3-9-2-864),Р-17-3-9-2-864,Р17,3-9,2,864,opys-explicit
4d1aa8f3-dc0c-4285-9889-deeb6bdde40d,ЦДНТА-(Р-17-3-9-3-1133+++Р-17-3-9-3-1133+++Р-17-3-9-3-1133),Р-17-3-9-3-1133,Р17,3-9,3,1133,opys-explicit
0a7c6f21-d647-458b-b7b9-dc15fbb77190,ЦДНТА-(Р-17-3-9-2-875+++Р-17-3-9-2-875+++Р-17-3-9-2-875),Р-17-3-9-2-875,Р17,3-9,2,875,opys-explicit
cf8d74c2-9c5c-4df6-bbd8-d8a3b35216c8,ЦДНТА-(Р-17-3-9-2-886+++Р-17-3-9-2-886+++Р-17-3-9-2-886),Р-17-3-9-2-886,Р17,3-9,2,886,opys-explicit
e758e3d8-14be-461e-b144-39b4956c2584,ЦДНТА-(Р-17-3-9-2-891+++Р-17-3-9-2-891+++Р-17-3-9-2-891),Р-17-3-9-2-891,Р17,3-9,2,891,opys-explicit
9628db6d-9dd1-4804-a0aa-241b1d7313b8,ЦДНТА-(Р-17-3-9-3-898+++Р-17-3-9-3-898+++Р-17-3-9-3-898),Р-17-3-9-3-898,Р17,3-9,3,898,opys-explicit
ed523d37-d148-44c7-b8b8-11932b97d35a,ЦДНТА-(Р-17-3-9-3-901+++Р-17-3-9-3-901+++Р-17-3-9-3-901),Р-17-3-9-3-901,Р17,3-9,3,901,opys-explicit
545f4a97-df85-4d51-bd4a-2078ab360e4f,ЦДНТА-(Р-17-3-9-3-904+++Р-17-3-9-3-904+++Р-17-3-9-3-904),Р-17-3-9-3-904,Р17,3-9,3,904,opys-explicit
3909e3dd-7882-498a-9d9d-0723d3a19a0d,ЦДНТА-(Р-17-3-9-3-905+++Р-17-3-9-3-905+++Р-17-3-9-3-905),Р-17-3-9-3-905,Р17,3-9,3,905,opys-explicit
509fbfd8-3c1c-4790-9a3c-094507bf5a3d,ЦДНТА-(Р-17-3-9-3-1153+++Р-17-3-9-3-1153+++Р-17-3-9-3-1153),Р-17-3-9-3-1153,Р17,3-9,3,1153,opys-explicit
576b8500-e8df-40a3-87af-0bdbc17d9477,ЦДНТА-(Р-17-3-9-3-1156+++Р-17-3-9-3-1156+++Р-17-3-9-3-1156),Р-17-3-9-3-1156,Р17,3-9,3,1156,opys-explicit
71160aad-fbea-44f3-86ff-660f5aecfdf9,ЦДНТА-(Р-18-3-10-1-5+++Р-18-3-10-1-5+++Р-18-3-10-1-5),Р-18-3-10-1-5,Р18,3-10,1,5,opys-explicit
e8001afd-10a5-45cb-ac44-6762e194c3c3,ЦДНТА-(Р-18-3-10-1-22+++Р-18-3-10-1-22+++Р-18-3-10-1-22),Р-18-3-10-1-22,Р18,3-10,1,22,opys-explicit
20675eb7-5fd3-4377-9d55-9976e177fa6c,ЦДНТА-(Р-18-3-10-1-46+++Р-18-3-10-1-46+++Р-18-3-10-1-46),Р-18-3-10-1-46,Р18,3-10,1,46,opys-explicit
133f4fb2-b59f-42ed-8279-15e3260a2c6d,ЦДНТА-(Р-18-3-10-1-72+++Р-18-3-10-1-72+++Р-18-3-10-1-72),Р-18-3-10-1-72,Р18,3-10,1,72,opys-explicit
4c42c995-de57-4a75-99c9-cb415de28511,ЦДНТА-(Р-18-3-10-1-108+++Р-18-3-10-1-108+++Р-18-3-10-1-108),Р-18-3-10-1-108,Р18,3-10,1,108,opys-explicit
86b93d70-75c1-4ae9-910a-4c67f4c63cfa,ЦДНТА-(Р-18-3-10-1-124+++Р-18-3-10-1-124+++Р-18-3-10-1-124),Р-18-3-10-1-124,Р18,3-10,1,124,opys-explicit
c18ded2d-862c-42f2-ab6a-21ac50dde3d1,ЦДНТА-(Р-18-3-10-1-154+++Р-18-3-10-1-154+++Р-18-3-10-1-154),Р-18-3-10-1-154,Р18,3-10,1,154,opys-explicit
6f2ccaee-38a8-4717-8313-1398b2da7be7,ЦДНТА-(Р-18-3-10-1-133+++Р-18-3-10-1-133+++Р-18-3-10-1-133),Р-18-3-10-1-133,Р18,3-10,1,133,opys-explicit
61f971f4-5916-4774-a52a-d1a240ee2ffd,ЦДНТА-(Р-18-3-10-1-139+++Р-18-3-10-1-139+++Р-18-3-10-1-139),Р-18-3-10-1-139,Р18,3-10,1,139,opys-explicit
ad24e196-8476-4922-85b2-4378bac12297,ЦДНТА-(Р-18-3-10-1-141+++Р-18-3-10-1-141+++Р-18-3-10-1-141),Р-18-3-10-1-141,Р18,3-10,1,141,opys-explicit
925fbe28-bc93-4159-a1e0-9e96ef6d962c,ЦДНТА-(Р-18-3-10-1-144+++Р-18-3-10-1-144+++Р-18-3-10-1-144),Р-18-3-10-1-144,Р18,3-10,1,144,opys-explicit
e6fe31f0-7abd-4f1e-b975-c6538b88a1ba,ЦДНТА-(Р-18-3-10-1-146+++Р-18-3-10-1-146+++Р-18-3-10-1-146),Р-18-3-10-1-146,Р18,3-10,1,146,opys-explicit
3a169aff-d8af-403b-99f1-037e525a8c35,ЦДНТА-(Р-18-3-10-1-150+++Р-18-3-10-1-150+++Р-18-3-10-1-150),Р-18-3-10-1-150,Р18,3-10,1,150,opys-explicit
3177e353-2076-47f5-801c-a282a896955f,ЦДНТА-(Р-18-3-10-1-172+++Р-18-3-10-1-172+++Р-18-3-10-1-172),Р-18-3-10-1-172,Р18,3-10,1,172,opys-explicit
e85bbcca-5a30-45d8-94fa-2867224cb604,ЦДНТА-(Р-18-3-10-1-157+++Р-18-3-10-1-157+++Р-18-3-10-1-157),Р-18-3-10-1-157,Р18,3-10,1,157,opys-explicit
14ec50dd-7502-43e6-be0b-ea3a63dd782d,ЦДНТА-(Р-18-3-10-1-169+++Р-18-3-10-1-169+++Р-18-3-10-1-169),Р-18-3-10-1-169,Р18,3-10,1,169,opys-explicit
87d8b0ab-b3e9-4618-a7ea-eae00feb3e00,ЦДНТА-(Р-18-3-10-1-162+++Р-18-3-10-1-162+++Р-18-3-10-1-162),Р-18-3-10-1-162,Р18,3-10,1,162,opys-explicit
697aa6ef-0cd6-4a23-ad27-e6462f31e8a6,ЦДНТА-(Р-18-3-10-1-182+++Р-18-3-10-1-182+++Р-18-3-10-1-182),Р-18-3-10-1-182,Р18,3-10,1,182,opys-explicit
207f279e-10f4-4fa4-80e8-9e562de88e47,ЦДНТА-(Р-18-3-10-1-179+++Р-18-3-10-1-179+++Р-18-3-10-1-179),Р-18-3-10-1-179,Р18,3-10,1,179,opys-explicit
f75af107-0abb-4f00-a0dd-45039d371f57,ЦДНТА-(Р-18-3-10-1-188+++Р-18-3-10-1-188+++Р-18-3-10-1-188),Р-18-3-10-1-188,Р18,3-10,1,188,opys-explicit
4587defe-ae8b-4be6-8cc6-370c5b4ad793,ЦДНТА-(Р-18-3-10-1-194+++Р-18-3-10-1-194+++Р-18-3-10-1-194),Р-18-3-10-1-194,Р18,3-10,1,194,opys-explicit
8e53a170-8c0f-48b9-8c29-baf5121d2573,ЦДНТА-(Р-18-3-10-2-220+++Р-18-3-10-2-220+++Р-18-3-10-2-220),Р-18-3-10-2-220,Р18,3-10,2,220,opys-explicit
ea16379c-01d8-40e1-be17-9fa397257d65,ЦДНТА-(Р-17-3-9-5-2877+++Р-17-3-9-5-2877+++Р-17-3-9-5-2877),Р-17-3-9-5-2877,Р17,3-9,5,2877,opys-explicit+outofrange
e1fff0b1-c27b-4348-9550-a30876a22974,ЦДНТА-(Р-17-3-9-5-2884+++Р-17-3-9-5-2884+++Р-17-3-9-5-2884),Р-17-3-9-5-2884,Р17,3-9,5,2884,opys-explicit+outofrange
b502deb7-1180-4b2a-a481-17e4d8c284bc,ЦДНТА-(Р-17-3-9-5-2918+++Р-17-3-9-5-2918+++Р-17-3-9-5-2918),Р-17-3-9-5-2918,Р17,3-9,5,2918,opys-explicit+outofrange
9abc42a2-03cf-4953-8ad7-a4e1f4e61c41,ЦДНТА-(Р-17-3-9-5-2922+++Р-17-3-9-5-2922+++Р-17-3-9-5-2922),Р-17-3-9-5-2922,Р17,3-9,5,2922,opys-explicit+outofrange
5ec6ed5f-0e7a-4786-82e7-ce54cb5f1bb6,ЦДНТА-(Р-17-3-9-5-2919+++Р-17-3-9-5-2919+++Р-17-3-9-5-2919),Р-17-3-9-5-2919,Р17,3-9,5,2919,opys-explicit+outofrange
b10ab9d6-e0d8-478d-a2a8-e3cd6284966f,ЦДНТА-(Р-17-3-9-6-3028+++Р-17-3-9-6-3028+++Р-17-3-9-6-3028),Р-17-3-9-6-3028,Р17,3-9,6,3028,opys-explicit
22288fad-3c74-4a97-9cac-f7349e3ca7c1,ЦДНТА-(Р-17-3-9-5-3005+++Р-17-3-9-5-3005+++Р-17-3-9-5-3005),Р-17-3-9-5-3005,Р17,3-9,5,3005,opys-explicit+outofrange
d9863fdd-7e5e-4d9a-a282-fcaf5cfb61f6,ЦДНТА-(Р-17-3-9-5-2976+++Р-17-3-9-5-2976+++Р-17-3-9-5-2976),Р-17-3-9-5-2976,Р17,3-9,5,2976,opys-explicit+outofrange
8c98a196-3801-4c6b-95a7-0269fb136aa3,ЦДНТА-(Р-17-3-9-5-2994+++Р-17-3-9-5-2994+++Р-17-3-9-5-2994),Р-17-3-9-5-2994,Р17,3-9,5,2994,opys-explicit+outofrange
41931997-520b-449e-bf04-4ad97ffcdbbb,ЦДНТА-(Р-17-3-9-5-2981+++Р-17-3-9-5-2981+++Р-17-3-9-5-2981),Р-17-3-9-5-2981,Р17,3-9,5,2981,opys-explicit+outofrange
56091f4a-109d-4361-a851-fb760abe306d,ЦДНТА-(Р-17-3-9-5-2996+++Р-17-3-9-5-2996+++Р-17-3-9-5-2996),Р-17-3-9-5-2996,Р17,3-9,5,2996,opys-explicit+outofrange
1602dcb5-432f-4536-aeac-8e05442bb93b,ЦДНТА-(Р-17-3-9-6-3063+++Р-17-3-9-6-3063+++Р-17-3-9-6-3063),Р-17-3-9-6-3063,Р17,3-9,6,3063,opys-explicit
9ea32bb5-ea5f-4ad7-988d-5615210945ba,ЦДНТА-(Р-17-3-9-7-3089+++Р-17-3-9-7-3089+++Р-17-3-9-7-3089),Р-17-3-9-7-3089,Р17,3-9,7,3089,opys-explicit+outofrange
f5d29557-1ca3-4868-a790-ab50bb10be5c,ЦДНТА-(Р-17-3-9-7-3097+++Р-17-3-9-7-3097+++Р-17-3-9-7-3097),Р-17-3-9-7-3097,Р17,3-9,7,3097,opys-explicit+outofrange
93f074fa-5926-43a2-9104-6ba88395c06f,ЦДНТА-(Р-17-3-9-7-3119+++Р-17-3-9-7-3119+++Р-17-3-9-7-3119),Р-17-3-9-7-3119,Р17,3-9,7,3119,opys-explicit+outofrange
1a52b09d-8cad-494c-990e-5bf325f00f34,ЦДНТА-(Р-17-3-9-7-3110+++Р-17-3-9-7-3110+++Р-17-3-9-7-3110),Р-17-3-9-7-3110,Р17,3-9,7,3110,opys-explicit+outofrange
2f8d8cc5-5748-4408-9e68-061d1f46dedb,ЦДНТА-(Р-17-3-9-8-3144+++Р-17-3-9-8-3144+++Р-17-3-9-8-3144),Р-17-3-9-8-3144,Р17,3-9,8,3144,opys-explicit
c73530f1-491b-452d-bfd3-6bb240f42ebf,ЦДНТА-(Р-17-3-9-7-3121+++Р-17-3-9-7-3121+++Р-17-3-9-7-3121),Р-17-3-9-7-3121,Р17,3-9,7,3121,opys-explicit+outofrange
73710f23-2e99-4ae1-8542-c1e1f6b7e90b,ЦДНТА-(Р-17-3-9-8-3134+++Р-17-3-9-8-3134+++Р-17-3-9-8-3134),Р-17-3-9-8-3134,Р17,3-9,8,3134,opys-explicit
468a211c-11af-454a-89c7-45cc6a4ffaa7,ЦДНТА-(Р-107-3-36-3-229+++Р-107-3-36-3-229+++Р-107-3-36-3-229),Р-107-3-36-3-229,Р107,3-36,3,229,opys-explicit
421dcf48-9cb5-48b1-9b2b-ffb6f1dc78c8,ЦДНТА-(Р-18-3-10-1-200+++Р-18-3-10-1-200+++Р-18-3-10-1-200),Р-18-3-10-1-200,Р18,3-10,1,200,opys-explicit
474711f1-5125-4e37-a3e4-2db31120febc,ЦДНТА-(Р-18-3-10-1-201+++Р-18-3-10-1-201+++Р-18-3-10-1-201),Р-18-3-10-1-201,Р18,3-10,1,201,opys-explicit
34a49b9e-6b0b-4c0d-989f-9a5adc0a74e0,ЦДНТА-(Р-18-3-10-2-209+++Р-18-3-10-2-209+++Р-18-3-10-2-209),Р-18-3-10-2-209,Р18,3-10,2,209,opys-explicit
1e3820e3-594c-428d-a9d0-d6c5f9f2a3d6,ЦДНТА-(Р-18-3-10-2-225+++Р-18-3-10-2-225+++Р-18-3-10-2-225),Р-18-3-10-2-225,Р18,3-10,2,225,opys-explicit
6e032846-5138-4ce5-a16a-bf652cc53702,ЦДНТА-(Р-18-3-10-2-233+++Р-18-3-10-2-233+++Р-18-3-10-2-233),Р-18-3-10-2-233,Р18,3-10,2,233,opys-explicit
8820bc1d-a407-402a-b701-15d2b1ff5e56,ЦДНТА-(Р-107-3-36-7-2695+++Р-107-3-36-7-2695+++Р-107-3-36-7-2695),Р-107-3-36-7-2695,Р107,3-36,7,2695,opys-explicit
d395432c-f573-4340-ba6c-b68a6b3f332d,ЦДНТА-(Р-107-3-36-7-2734+++Р-107-3-36-7-2734+++Р-107-3-36-7-2734),Р-107-3-36-7-2734,Р107,3-36,7,2734,opys-explicit
d879dc6f-228e-410e-bfe8-46ec9e58294c,ЦДНТА-(Р-107-3-36-7-2716+++Р-107-3-36-7-2716+++Р-107-3-36-7-2716),Р-107-3-36-7-2716,Р107,3-36,7,2716,opys-explicit
fa1a1eab-e762-4845-8b45-010d4d72314b,ЦДНТА-(Р-107-3-36-7-2725+++Р-107-3-36-7-2725+++Р-107-3-36-7-2725),Р-107-3-36-7-2725,Р107,3-36,7,2725,opys-explicit
6a6c0283-5c6e-47a1-8aa5-937f45cf0568,ЦДНТА-(Р-107-3-36-7-2723+++Р-107-3-36-7-2723+++Р-107-3-36-7-2723),Р-107-3-36-7-2723,Р107,3-36,7,2723,opys-explicit
78a06eed-acaf-4948-a814-6d5a246587c6,ЦДНТА-(Р-107-3-36-7-2753+++Р-107-3-36-7-2753+++Р-107-3-36-7-2753),Р-107-3-36-7-2753,Р107,3-36,7,2753,opys-explicit
2a222d60-38ec-4c3c-8c06-7a64756209a5,ЦДНТА-(Р-107-3-36-7-2770+++Р-107-3-36-7-2770+++Р-107-3-36-7-2770),Р-107-3-36-7-2770,Р107,3-36,7,2770,opys-explicit
377ced62-94dd-42f6-bdf3-33c1bc41f056,ЦДНТА-(Р-107-3-36-7-2764+++Р-107-3-36-7-2764+++Р-107-3-36-7-2764),Р-107-3-36-7-2764,Р107,3-36,7,2764,opys-explicit
5fff7b66-0fd7-4637-ba35-515f1a067278,ЦДНТА-(Р-107-3-36-7-2798+++Р-107-3-36-7-2798+++Р-107-3-36-7-2798),Р-107-3-36-7-2798,Р107,3-36,7,2798,opys-explicit
67b2c137-ebc5-4450-bd87-5b15f6303da2,ЦДНТА-(Р-107-3-36-7-2793+++Р-107-3-36-7-2793+++Р-107-3-36-7-2793),Р-107-3-36-7-2793,Р107,3-36,7,2793,opys-explicit
9241a669-d950-4875-88ba-4130454bdec5,ЦДНТА-(Р-107-3-36-7-2799+++Р-107-3-36-7-2799+++Р-107-3-36-7-2799),Р-107-3-36-7-2799,Р107,3-36,7,2799,opys-explicit
461ab1e6-c4e4-4e06-8a90-cd562c0df797,ЦДНТА-(Р-107-3-36-7-2821+++Р-107-3-36-7-2821+++Р-107-3-36-7-2821),Р-107-3-36-7-2821,Р107,3-36,7,2821,opys-explicit
7e0611a4-a73d-43f0-bd0c-afd5f9b115f5,ЦДНТА-(Р-107-3-36-7-2822+++Р-107-3-36-7-2822+++Р-107-3-36-7-2822),Р-107-3-36-7-2822,Р107,3-36,7,2822,opys-explicit
fa4bbce1-eaf1-41d8-9352-04ba9dd0d755,ЦДНТА-(Р-107-3-36-7-2830+++Р-107-3-36-7-2830+++Р-107-3-36-7-2830),Р-107-3-36-7-2830,Р107,3-36,7,2830,opys-explicit
7aa537d4-1579-466e-8d3c-2fe47e81feb7,ЦДНТА-(Р-18-3-10-1-12+++Р-18-3-10-1-12+++Р-18-3-10-1-12),Р-18-3-10-1-12,Р18,3-10,1,12,opys-explicit
11179874-0364-40d9-b339-2acfc412e929,ЦДНТА-(Р-18-3-10-1-11+++Р-18-3-10-1-11+++Р-18-3-10-1-11),Р-18-3-10-1-11,Р18,3-10,1,11,opys-explicit
35d717fa-2662-4290-8668-4aea9b7aa7b9,ЦДНТА-(Р-18-3-10-1-37+++Р-18-3-10-1-37+++Р-18-3-10-1-37),Р-18-3-10-1-37,Р18,3-10,1,37,opys-explicit
4e2dd063-9e3b-433c-bd8f-686008faf00a,ЦДНТА-(Р-18-3-10-1-38+++Р-18-3-10-1-38+++Р-18-3-10-1-38),Р-18-3-10-1-38,Р18,3-10,1,38,opys-explicit
20eee909-b06d-42fb-ad1a-7dd7f47a2864,ЦДНТА-(Р-18-3-10-1-39+++Р-18-3-10-1-39+++Р-18-3-10-1-39),Р-18-3-10-1-39,Р18,3-10,1,39,opys-explicit
e5a7763d-6593-421b-a1d1-f132792f0829,ЦДНТА-(Р-18-3-10-1-41+++Р-18-3-10-1-41+++Р-18-3-10-1-41),Р-18-3-10-1-41,Р18,3-10,1,41,opys-explicit
830a9f5d-68e2-4da7-a0c9-a157291adf74,ЦДНТА-(Р-18-3-10-1-53+++Р-18-3-10-1-53+++Р-18-3-10-1-53),Р-18-3-10-1-53,Р18,3-10,1,53,opys-explicit
e8b4a31a-e584-4590-806a-ff5fb8f50351,ЦДНТА-(Р-18-3-10-1-49+++Р-18-3-10-1-49+++Р-18-3-10-1-49),Р-18-3-10-1-49,Р18,3-10,1,49,opys-explicit
8bd305fe-ec72-49ac-9e35-92b269c3e082,ЦДНТА-(Р-18-3-10-1-63+++Р-18-3-10-1-63+++Р-18-3-10-1-63),Р-18-3-10-1-63,Р18,3-10,1,63,opys-explicit
eb4743d1-7452-4a68-813d-24a4dfbb9f76,ЦДНТА-(Р-18-3-10-1-88+++Р-18-3-10-1-88+++Р-18-3-10-1-88),Р-18-3-10-1-88,Р18,3-10,1,88,opys-explicit
48f3c79b-b07e-4d7f-97ea-964122ec3e13,ЦДНТА-(Р-18-3-10-1-78+++Р-18-3-10-1-78+++Р-18-3-10-1-78),Р-18-3-10-1-78,Р18,3-10,1,78,opys-explicit
fc54dfe7-7abc-4065-b8f6-cb73d2d1e10f,ЦДНТА-(Р-18-3-10-1-76+++Р-18-3-10-1-76+++Р-18-3-10-1-76),Р-18-3-10-1-76,Р18,3-10,1,76,opys-explicit
471219c1-f768-4aad-b06f-e1d8878fe5cd,ЦДНТА-(Р-18-3-10-1-71+++Р-18-3-10-1-71+++Р-18-3-10-1-71),Р-18-3-10-1-71,Р18,3-10,1,71,opys-explicit
d826415c-ce42-4f62-8fb2-4a7bdb58c15f,ЦДНТА-(Р-18-3-10-1-60+++Р-18-3-10-1-60+++Р-18-3-10-1-60),Р-18-3-10-1-60,Р18,3-10,1,60,opys-explicit
e6e7f9b6-0c18-4d90-82a8-de979b0af9d7,ЦДНТА-(Р-18-3-10-1-97+++Р-18-3-10-1-97+++Р-18-3-10-1-97),Р-18-3-10-1-97,Р18,3-10,1,97,opys-explicit
ec83d1f6-64f4-42aa-aa18-75262f07f57d,ЦДНТА-(Р-18-3-10-1-94+++Р-18-3-10-1-94+++Р-18-3-10-1-94),Р-18-3-10-1-94,Р18,3-10,1,94,opys-explicit
85aa3d5e-1f8c-4e16-8d01-2d0ee881b12f,ЦДНТА-(Р-18-3-10-1-91+++Р-18-3-10-1-91+++Р-18-3-10-1-91),Р-18-3-10-1-91,Р18,3-10,1,91,opys-explicit
4a0747d6-2438-4495-a481-3ff1d122664d,ЦДНТА-(Р-18-3-10-1-104+++Р-18-3-10-1-104+++Р-18-3-10-1-104),Р-18-3-10-1-104,Р18,3-10,1,104,opys-explicit
41eb9c8a-5bf1-4b0f-83df-966d252d9c91,ЦДНТА-(Р-17-3-9-1-284+++Р-17-3-9-1-284+++Р-17-3-9-1-284),Р-17-3-9-1-284,Р17,3-9,1,284,opys-explicit
29078479-6178-41c6-b421-07ad80be0e5c,ЦДНТА-(Р-17-3-9-1-291+++Р-17-3-9-1-291+++Р-17-3-9-1-291),Р-17-3-9-1-291,Р17,3-9,1,291,opys-explicit
038ca863-390c-4090-bbbb-9a8ea603b16d,ЦДНТА-(Р-17-3-9-1-353+++Р-17-3-9-1-353+++Р-17-3-9-1-353),Р-17-3-9-1-353,Р17,3-9,1,353,opys-explicit
800f36fa-aa20-4224-ab1b-031ac6b7e4ef,ЦДНТА-(Р-17-3-9-1-301+++Р-17-3-9-1-301+++Р-17-3-9-1-301),Р-17-3-9-1-301,Р17,3-9,1,301,opys-explicit
73f9f4c0-2bf7-48e7-abd9-0b41edfda299,ЦДНТА-(Р-17-3-9-1-163+++Р-17-3-9-1-163+++Р-17-3-9-1-163),Р-17-3-9-1-163,Р17,3-9,1,163,opys-explicit
e95420d4-4f5c-481e-9ff0-4e25c27ef124,ЦДНТА-(Р-17-3-9-1-185+++Р-17-3-9-1-185+++Р-17-3-9-1-185),Р-17-3-9-1-185,Р17,3-9,1,185,opys-explicit
a6076657-ef10-4e25-8771-d84b944bcf3e,ЦДНТА-(Р-17-3-9-1-208+++Р-17-3-9-1-208+++Р-17-3-9-1-208),Р-17-3-9-1-208,Р17,3-9,1,208,opys-explicit
37989782-0814-4e17-8d5e-45f4520f0438,ЦДНТА-(Р-107-3-36-3-488+++Р-107-3-36-3-488+++Р-107-3-36-3-488),Р-107-3-36-3-488,Р107,3-36,3,488,opys-explicit
f7f928b1-6bd9-4cab-a2fd-db49e105228d,ЦДНТА-(Р-107-3-36-3-502+++Р-107-3-36-3-502+++Р-107-3-36-3-502),Р-107-3-36-3-502,Р107,3-36,3,502,opys-explicit
65b5363b-fe27-4b42-ab71-f09fd681bb84,ЦДНТА-(Р-107-3-36-3-506+++Р-107-3-36-3-506+++Р-107-3-36-3-506),Р-107-3-36-3-506,Р107,3-36,3,506,opys-explicit
f5603272-61db-4a41-808d-2f67cd642704,ЦДНТА-(Р-107-3-36-3-490+++Р-107-3-36-3-490+++Р-107-3-36-3-490),Р-107-3-36-3-490,Р107,3-36,3,490,opys-explicit
09e10df4-2c1d-464f-aa27-dd2ca1a3853f,ЦДНТА-(Р-107-3-36-3-499+++Р-107-3-36-3-499+++Р-107-3-36-3-499),Р-107-3-36-3-499,Р107,3-36,3,499,opys-explicit
0c8caacb-0b93-4ba2-b06f-b514042d331d,ЦДНТА-(Р-107-3-36-3-491+++Р-107-3-36-3-491+++Р-107-3-36-3-491),Р-107-3-36-3-491,Р107,3-36,3,491,opys-explicit
d4b4d6d9-6e9f-4cf7-9fce-90bb313c678a,ЦДНТА-(Р-17-3-9-3-1209+++Р-17-3-9-3-1209+++Р-17-3-9-3-1209),Р-17-3-9-3-1209,Р17,3-9,3,1209,opys-explicit
0d57f34c-ff6c-4bba-9c41-53438da0774c,ЦДНТА-(Р-17-3-9-3-1208+++Р-17-3-9-3-1208+++Р-17-3-9-3-1208),Р-17-3-9-3-1208,Р17,3-9,3,1208,opys-explicit
8bba171c-3340-45bb-9acc-49e615fa3932,ЦДНТА-(Р-17-3-9-3-1275+++Р-17-3-9-3-1275+++Р-17-3-9-3-1275),Р-17-3-9-3-1275,Р17,3-9,3,1275,opys-explicit
bb08293f-a689-4efd-b464-a1d254dc2bbf,ЦДНТА-(Р-17-3-9-3-1274+++Р-17-3-9-3-1274+++Р-17-3-9-3-1274),Р-17-3-9-3-1274,Р17,3-9,3,1274,opys-explicit
d4057e31-8fe0-4f2a-9cb8-18852ac1f44d,ЦДНТА-(Р-17-3-9-3-1289+++Р-17-3-9-3-1289+++Р-17-3-9-3-1289),Р-17-3-9-3-1289,Р17,3-9,3,1289,opys-explicit
4a6d19e9-b4f9-4bb1-86e0-d88711540ad7,ЦДНТА-(Р-17-3-9-4-1291+++Р-17-3-9-4-1291+++Р-17-3-9-4-1291),Р-17-3-9-4-1291,Р17,3-9,4,1291,opys-explicit
0cd7c126-2679-49d0-a343-337416d427df,ЦДНТА-(Р-17-3-9-4-1426+++Р-17-3-9-4-1426+++Р-17-3-9-4-1426),Р-17-3-9-4-1426,Р17,3-9,4,1426,opys-explicit
0457ac5c-1d56-44f6-9b60-7f89aa917d39,ЦДНТА-(Р-17-3-9-3-1181+++Р-17-3-9-3-1181+++Р-17-3-9-3-1181),Р-17-3-9-3-1181,Р17,3-9,3,1181,opys-explicit
b19dfb45-cad3-4e23-9253-385ec6c1d902,ЦДНТА-(Р-17-3-9-3-1187+++Р-17-3-9-3-1187+++Р-17-3-9-3-1187),Р-17-3-9-3-1187,Р17,3-9,3,1187,opys-explicit
f7b78e8e-2cca-44b4-9ffd-2da80811bcbd,ЦДНТА-(Р-17-3-9-3-1196+++Р-17-3-9-3-1196+++Р-17-3-9-3-1196),Р-17-3-9-3-1196,Р17,3-9,3,1196,opys-explicit
895be344-579a-48f2-8d7f-32331a22a2b9,ЦДНТА-(Р-17-3-9-3-1197+++Р-17-3-9-3-1197+++Р-17-3-9-3-1197),Р-17-3-9-3-1197,Р17,3-9,3,1197,opys-explicit
79db7a29-83f1-45af-96b8-47bde4fd2b4c,ЦДНТА-(Р-17-3-9-3-1277+++Р-17-3-9-3-1277+++Р-17-3-9-3-1277),Р-17-3-9-3-1277,Р17,3-9,3,1277,opys-explicit
db947fd1-53b3-4a36-9e5b-45d6617c2e9c,ЦДНТА-(Р-17-3-9-4-1294+++Р-17-3-9-4-1294+++Р-17-3-9-4-1294),Р-17-3-9-4-1294,Р17,3-9,4,1294,opys-explicit
3f2fe35f-dde6-4a61-94b4-da187c262220,ЦДНТА-(Р-17-3-9-4-1306+++Р-17-3-9-4-1306+++Р-17-3-9-4-1306),Р-17-3-9-4-1306,Р17,3-9,4,1306,opys-explicit
7595b1ae-ac2f-4895-b87a-fdf9d1f401e8,ЦДНТА-(Р-17-3-9-4-1318+++Р-17-3-9-4-1318+++Р-17-3-9-4-1318),Р-17-3-9-4-1318,Р17,3-9,4,1318,opys-explicit
ba755e5f-d2f8-4202-aa6f-5ed34e27f3e9,ЦДНТА-(Р-17-3-9-4-1330+++Р-17-3-9-4-1330+++Р-17-3-9-4-1330),Р-17-3-9-4-1330,Р17,3-9,4,1330,opys-explicit
3ab43a11-572e-4a22-a79b-82405cc5d635,ЦДНТА-(Р-17-3-9-4-1354+++Р-17-3-9-4-1354+++Р-17-3-9-4-1354),Р-17-3-9-4-1354,Р17,3-9,4,1354,opys-explicit
c80a3b4f-eb4d-4142-8f38-e1ea06d79fd7,ЦДНТА-(Р-17-3-9-4-1352+++Р-17-3-9-4-1352+++Р-17-3-9-4-1352),Р-17-3-9-4-1352,Р17,3-9,4,1352,opys-explicit
3438048b-5ab6-45d5-9c3f-2f3a56293d8c,ЦДНТА-(Р-17-3-9-4-1361+++Р-17-3-9-4-1361+++Р-17-3-9-4-1361),Р-17-3-9-4-1361,Р17,3-9,4,1361,opys-explicit
1ccb64e7-c2bb-4971-b7f4-6b42bd846be0,ЦДНТА-(Р-17-3-9-4-1360+++Р-17-3-9-4-1360+++Р-17-3-9-4-1360),Р-17-3-9-4-1360,Р17,3-9,4,1360,opys-explicit
fee02ee9-c4fa-4a4e-89b1-2de45ee84c36,ЦДНТА-(Р-17-3-9-4-1351+++Р-17-3-9-4-1351+++Р-17-3-9-4-1351),Р-17-3-9-4-1351,Р17,3-9,4,1351,opys-explicit
8f9e76d1-2940-460b-82be-72dde0cae428,ЦДНТА-(Р-17-3-9-4-1371+++Р-17-3-9-4-1371+++Р-17-3-9-4-1371),Р-17-3-9-4-1371,Р17,3-9,4,1371,opys-explicit
795014df-93b2-4587-82d4-8997dd133073,ЦДНТА-(Р-17-3-9-4-1384+++Р-17-3-9-4-1384+++Р-17-3-9-4-1384),Р-17-3-9-4-1384,Р17,3-9,4,1384,opys-explicit
2d4a57a2-fbff-4830-ac8b-6e3a7b6f606f,ЦДНТА-(Р-17-3-9-4-1372+++Р-17-3-9-4-1372+++Р-17-3-9-4-1372),Р-17-3-9-4-1372,Р17,3-9,4,1372,opys-explicit
671acd92-f680-4dab-bd78-2442580cb4d5,ЦДНТА-(Р-17-3-9-4-1388+++Р-17-3-9-4-1388+++Р-17-3-9-4-1388),Р-17-3-9-4-1388,Р17,3-9,4,1388,opys-explicit
a18e9d4d-4a52-46c7-bc07-3f4559a3537c,ЦДНТА-(Р-17-3-9-4-1399+++Р-17-3-9-4-1399+++Р-17-3-9-4-1399),Р-17-3-9-4-1399,Р17,3-9,4,1399,opys-explicit
12c3aebb-c337-4343-90c7-c87a4b1c137b,ЦДНТА-(Р-17-3-9-4-1420+++Р-17-3-9-4-1420+++Р-17-3-9-4-1420),Р-17-3-9-4-1420,Р17,3-9,4,1420,opys-explicit
02ac2e7d-7a57-4cd2-95b7-9c417c5cd077,ЦДНТА-(Р-17-3-9-4-1421+++Р-17-3-9-4-1421+++Р-17-3-9-4-1421),Р-17-3-9-4-1421,Р17,3-9,4,1421,opys-explicit
373c376e-c250-4827-b36a-f53ad4d3546a,ЦДНТА-(Р-17-3-9-4-1424+++Р-17-3-9-4-1424+++Р-17-3-9-4-1424),Р-17-3-9-4-1424,Р17,3-9,4,1424,opys-explicit
fe0c8370-949e-4fce-a0bb-3c3a810351dc,ЦДНТА-(Р-17-3-9-4-1430+++Р-17-3-9-4-1430+++Р-17-3-9-4-1430),Р-17-3-9-4-1430,Р17,3-9,4,1430,opys-explicit
a02445e3-52f9-43d6-875a-984663876e0d,ЦДНТА-(Р-17-3-9-4-2311+++Р-17-3-9-4-2311+++Р-17-3-9-4-2311),Р-17-3-9-4-2311,Р17,3-9,4,2311,opys-explicit
5b6761d6-40c1-4e46-b4c5-64b1609fedc5,ЦДНТА-(Р-17-3-9-4-2299+++Р-17-3-9-4-2299+++Р-17-3-9-4-2299),Р-17-3-9-4-2299,Р17,3-9,4,2299,opys-explicit
c9569139-e1f7-422e-8b6e-f18ddb13fe33,ЦДНТА-(Р-17-3-9-4-2312+++Р-17-3-9-4-2312+++Р-17-3-9-4-2312),Р-17-3-9-4-2312,Р17,3-9,4,2312,opys-explicit
f23b43a4-f34d-465e-9dc2-b06c65eb9376,ЦДНТА-(Р-17-3-9-4-2298+++Р-17-3-9-4-2298+++Р-17-3-9-4-2298),Р-17-3-9-4-2298,Р17,3-9,4,2298,opys-explicit
b5f78449-c438-4484-8030-05a83b1bdde1,ЦДНТА-(Р-17-3-9-4-2303+++Р-17-3-9-4-2303+++Р-17-3-9-4-2303),Р-17-3-9-4-2303,Р17,3-9,4,2303,opys-explicit
4b7740ba-5b4e-4433-b840-bbc56c1dd69c,ЦДНТА-(Р-17-3-9-4-2332+++Р-17-3-9-4-2332+++Р-17-3-9-4-2332),Р-17-3-9-4-2332,Р17,3-9,4,2332,opys-explicit
a5b778a4-7222-412d-b277-0c111242cb4d,ЦДНТА-(Р-17-3-9-4-2309+++Р-17-3-9-4-2309+++Р-17-3-9-4-2309),Р-17-3-9-4-2309,Р17,3-9,4,2309,opys-explicit
c497e2c1-cc19-40e5-8a34-b34fd1818f01,ЦДНТА-(Р-17-3-9-4-2308+++Р-17-3-9-4-2308+++Р-17-3-9-4-2308),Р-17-3-9-4-2308,Р17,3-9,4,2308,opys-explicit
a8fad9c4-f354-480d-9175-27e221d7801e,ЦДНТА-(Р-17-3-9-4-2329+++Р-17-3-9-4-2329+++Р-17-3-9-4-2329),Р-17-3-9-4-2329,Р17,3-9,4,2329,opys-explicit
1a8bf99c-eda6-44e3-b7c3-29a7a96f0c01,ЦДНТА-(Р-17-3-9-4-2297+++Р-17-3-9-4-2297+++Р-17-3-9-4-2297),Р-17-3-9-4-2297,Р17,3-9,4,2297,opys-explicit
74d683e7-20ba-416a-8271-2b2c9fce8e5e,ЦДНТА-(Р-17-3-9-4-2327+++Р-17-3-9-4-2327+++Р-17-3-9-4-2327),Р-17-3-9-4-2327,Р17,3-9,4,2327,opys-explicit
e2c80c59-44cb-4905-9449-d8146be38c42,ЦДНТА-(Р-17-3-9-4-2319+++Р-17-3-9-4-2319+++Р-17-3-9-4-2319),Р-17-3-9-4-2319,Р17,3-9,4,2319,opys-explicit
0228880f-9463-44c7-99cd-1b402a8c2651,ЦДНТА-(Р-17-3-9-4-2358+++Р-17-3-9-4-2358+++Р-17-3-9-4-2358),Р-17-3-9-4-2358,Р17,3-9,4,2358,opys-explicit
a5959041-a341-45c1-a936-4eef28922688,ЦДНТА-(Р-17-3-9-4-2359+++Р-17-3-9-4-2359+++Р-17-3-9-4-2359),Р-17-3-9-4-2359,Р17,3-9,4,2359,opys-explicit
d67f1b31-cadf-49b5-996c-bbbfae5a3a47,ЦДНТА-(Р-17-3-9-4-2331+++Р-17-3-9-4-2331+++Р-17-3-9-4-2331),Р-17-3-9-4-2331,Р17,3-9,4,2331,opys-explicit
ebd0956c-54fb-4904-82ab-51daec83c039,ЦДНТА-(Р-17-3-9-4-2324+++Р-17-3-9-4-2324+++Р-17-3-9-4-2324),Р-17-3-9-4-2324,Р17,3-9,4,2324,opys-explicit
551c162f-c8ba-4e35-ac43-7bdfb14345b1,ЦДНТА-(Р-17-3-9-4-2353+++Р-17-3-9-4-2353+++Р-17-3-9-4-2353),Р-17-3-9-4-2353,Р17,3-9,4,2353,opys-explicit
f15f7a32-a612-4bfd-8131-2612f0b438d6,ЦДНТА-(Р-17-3-9-4-2365+++Р-17-3-9-4-2365+++Р-17-3-9-4-2365),Р-17-3-9-4-2365,Р17,3-9,4,2365,opys-explicit
c944f3fb-1358-484d-978d-ccfe736e0b74,ЦДНТА-(Р-17-3-9-4-2364+++Р-17-3-9-4-2364+++Р-17-3-9-4-2364),Р-17-3-9-4-2364,Р17,3-9,4,2364,opys-explicit
7e52b236-22a0-4beb-b05c-fe5a57b07dba,ЦДНТА-(Р-17-3-9-4-2356+++Р-17-3-9-4-2356+++Р-17-3-9-4-2356),Р-17-3-9-4-2356,Р17,3-9,4,2356,opys-explicit
1a2758b5-e17c-4ccf-9d9d-a2e4d2670c69,ЦДНТА-(Р-17-3-9-4-2362+++Р-17-3-9-4-2362+++Р-17-3-9-4-2362),Р-17-3-9-4-2362,Р17,3-9,4,2362,opys-explicit
6172a69c-5720-456b-a2d7-c4b625bdf324,ЦДНТА-(Р-17-3-9-4-2379+++Р-17-3-9-4-2379+++Р-17-3-9-4-2379),Р-17-3-9-4-2379,Р17,3-9,4,2379,opys-explicit
87a28b7a-6e4f-4a1d-b31e-9895e13d0ee0,ЦДНТА-(Р-17-3-9-4-2394+++Р-17-3-9-4-2394+++Р-17-3-9-4-2394),Р-17-3-9-4-2394,Р17,3-9,4,2394,opys-explicit
677f9d54-1e1f-4b9d-a980-fdc6ff3c40bf,ЦДНТА-(Р-17-3-9-4-2389+++Р-17-3-9-4-2389+++Р-17-3-9-4-2389),Р-17-3-9-4-2389,Р17,3-9,4,2389,opys-explicit
9d7314d2-ead5-408a-9a36-6091cdd83056,ЦДНТА-(Р-17-3-9-4-2369+++Р-17-3-9-4-2369+++Р-17-3-9-4-2369),Р-17-3-9-4-2369,Р17,3-9,4,2369,opys-explicit
53b39d68-eb82-424b-8abf-1156b4590dea,ЦДНТА-(Р-17-3-9-4-2404+++Р-17-3-9-4-2404+++Р-17-3-9-4-2404),Р-17-3-9-4-2404,Р17,3-9,4,2404,opys-explicit
49dc43b0-55f1-4e33-b240-d9c54c9e7bf8,ЦДНТА-(Р-17-3-9-4-2372+++Р-17-3-9-4-2372+++Р-17-3-9-4-2372),Р-17-3-9-4-2372,Р17,3-9,4,2372,opys-explicit
2c26c76d-eadb-4683-92a4-e5238efead4d,ЦДНТА-(Р-17-3-9-4-2392+++Р-17-3-9-4-2392+++Р-17-3-9-4-2392),Р-17-3-9-4-2392,Р17,3-9,4,2392,opys-explicit
f981e1d7-192c-420e-a30f-82d99b66d019,ЦДНТА-(Р-17-3-9-4-2401+++Р-17-3-9-4-2401+++Р-17-3-9-4-2401),Р-17-3-9-4-2401,Р17,3-9,4,2401,opys-explicit
6dc023e3-6293-48f1-9045-d82295857f7e,ЦДНТА-(Р-17-3-9-4-2387+++Р-17-3-9-4-2387+++Р-17-3-9-4-2387),Р-17-3-9-4-2387,Р17,3-9,4,2387,opys-explicit
002033e1-b600-42e7-80d0-be71d366ee09,ЦДНТА-(Р-17-3-9-4-2402+++Р-17-3-9-4-2402+++Р-17-3-9-4-2402),Р-17-3-9-4-2402,Р17,3-9,4,2402,opys-explicit
46af7ec7-c5a4-4c3d-8e71-e7ad90561c12,ЦДНТА-(Р-17-3-9-4-2412+++Р-17-3-9-4-2412+++Р-17-3-9-4-2412),Р-17-3-9-4-2412,Р17,3-9,4,2412,opys-explicit
036ef487-dc18-4030-85d3-9ed25d4c62a9,ЦДНТА-(Р-17-3-9-4-2420+++Р-17-3-9-4-2420+++Р-17-3-9-4-2420),Р-17-3-9-4-2420,Р17,3-9,4,2420,opys-explicit
33ebcb36-cc9b-446b-ad9a-989ac93e1d96,ЦДНТА-(Р-17-3-9-4-2390+++Р-17-3-9-4-2390+++Р-17-3-9-4-2390),Р-17-3-9-4-2390,Р17,3-9,4,2390,opys-explicit
a2e2c9a8-6d9e-4f34-89ea-eb7783896ee0,ЦДНТА-(Р-17-3-9-4-2400+++Р-17-3-9-4-2400+++Р-17-3-9-4-2400),Р-17-3-9-4-2400,Р17,3-9,4,2400,opys-explicit
a9310882-524a-4ee6-b387-d7bcad019dbe,ЦДНТА-(Р-17-3-9-4-2417+++Р-17-3-9-4-2417+++Р-17-3-9-4-2417),Р-17-3-9-4-2417,Р17,3-9,4,2417,opys-explicit
47f70a5d-d239-467a-8f94-acb6d7dd6ea0,ЦДНТА-(Р-17-3-9-4-2418+++Р-17-3-9-4-2418+++Р-17-3-9-4-2418),Р-17-3-9-4-2418,Р17,3-9,4,2418,opys-explicit
0675bae4-d7ae-473e-840b-6ce7bf3c04b9,ЦДНТА-(Р-17-3-9-4-2440+++Р-17-3-9-4-2440+++Р-17-3-9-4-2440),Р-17-3-9-4-2440,Р17,3-9,4,2440,opys-explicit
a79a9861-ca5f-4b90-8e1e-0daafc359056,ЦДНТА-(Р-17-3-9-4-2408+++Р-17-3-9-4-2408+++Р-17-3-9-4-2408),Р-17-3-9-4-2408,Р17,3-9,4,2408,opys-explicit
e3ef10de-9f14-4f8f-9edc-70cef3f07fc4,ЦДНТА-(Р-17-3-9-4-2411+++Р-17-3-9-4-2411+++Р-17-3-9-4-2411),Р-17-3-9-4-2411,Р17,3-9,4,2411,opys-explicit
96f89c40-83d1-4a7c-af96-40bda0d269e5,ЦДНТА-(Р-17-3-9-4-2451+++Р-17-3-9-4-2451+++Р-17-3-9-4-2451),Р-17-3-9-4-2451,Р17,3-9,4,2451,opys-explicit
b4ca02f7-06c7-4a82-9701-d1b82f093db9,ЦДНТА-(Р-17-3-9-4-2429+++Р-17-3-9-4-2429+++Р-17-3-9-4-2429),Р-17-3-9-4-2429,Р17,3-9,4,2429,opys-explicit
59258e4e-9b72-4828-b9c8-ddace599e803,ЦДНТА-(Р-17-3-9-4-2438+++Р-17-3-9-4-2438+++Р-17-3-9-4-2438),Р-17-3-9-4-2438,Р17,3-9,4,2438,opys-explicit
08c57a52-810d-4db6-b354-c2abf533808f,ЦДНТА-(Р-17-3-9-4-2439+++Р-17-3-9-4-2439+++Р-17-3-9-4-2439),Р-17-3-9-4-2439,Р17,3-9,4,2439,opys-explicit
bab20852-2653-4822-9187-dd058a6e7731,ЦДНТА-(Р-17-3-9-4-2441+++Р-17-3-9-4-2441+++Р-17-3-9-4-2441),Р-17-3-9-4-2441,Р17,3-9,4,2441,opys-explicit
2e2deeef-41f7-44ca-9317-62b56ace47db,ЦДНТА-(Р-17-3-9-4-2443+++Р-17-3-9-4-2443+++Р-17-3-9-4-2443),Р-17-3-9-4-2443,Р17,3-9,4,2443,opys-explicit
340b6f03-e62c-4b2e-9aae-63b9e835354e,ЦДНТА-(Р-17-3-9-4-2431+++Р-17-3-9-4-2431+++Р-17-3-9-4-2431),Р-17-3-9-4-2431,Р17,3-9,4,2431,opys-explicit
f6f7f61d-278f-4732-b274-bbe0eeb33387,ЦДНТА-(Р-17-3-9-4-2442+++Р-17-3-9-4-2442+++Р-17-3-9-4-2442),Р-17-3-9-4-2442,Р17,3-9,4,2442,opys-explicit
71cd905b-2bd0-4958-986d-45c90521417c,ЦДНТА-(Р-17-3-9-4-2456+++Р-17-3-9-4-2456+++Р-17-3-9-4-2456),Р-17-3-9-4-2456,Р17,3-9,4,2456,opys-explicit
419d5a91-7306-4377-9cba-e0dbbc7c60a8,ЦДНТА-(Р-17-3-9-4-2480+++Р-17-3-9-4-2480+++Р-17-3-9-4-2480),Р-17-3-9-4-2480,Р17,3-9,4,2480,opys-explicit
9cea875d-3813-44a2-8dde-4af296441c50,ЦДНТА-(Р-17-3-9-4-2469+++Р-17-3-9-4-2469+++Р-17-3-9-4-2469),Р-17-3-9-4-2469,Р17,3-9,4,2469,opys-explicit
0b0f6526-dd8a-426a-a835-6a6db342bef8,ЦДНТА-(Р-17-3-9-4-2470+++Р-17-3-9-4-2470+++Р-17-3-9-4-2470),Р-17-3-9-4-2470,Р17,3-9,4,2470,opys-explicit
a655fb38-1faa-44b5-9965-437df2e738ca,ЦДНТА-(Р-17-3-9-4-2453+++Р-17-3-9-4-2453+++Р-17-3-9-4-2453),Р-17-3-9-4-2453,Р17,3-9,4,2453,opys-explicit
440b6a95-6eb2-430e-b710-cb6453a53814,ЦДНТА-(Р-17-3-9-4-2508+++Р-17-3-9-4-2508+++Р-17-3-9-4-2508),Р-17-3-9-4-2508,Р17,3-9,4,2508,opys-explicit
3b8d6fea-312f-4536-85d4-d9ae830d7764,ЦДНТА-(Р-17-3-9-4-2460+++Р-17-3-9-4-2460+++Р-17-3-9-4-2460),Р-17-3-9-4-2460,Р17,3-9,4,2460,opys-explicit
c40a7bb0-4945-4713-b648-fb35d02ce7af,ЦДНТА-(Р-17-3-9-4-2492+++Р-17-3-9-4-2492+++Р-17-3-9-4-2492),Р-17-3-9-4-2492,Р17,3-9,4,2492,opys-explicit
1f7ff170-e8f9-4843-8da9-406ad51f5cfd,ЦДНТА-(Р-17-3-9-4-2454+++Р-17-3-9-4-2454+++Р-17-3-9-4-2454),Р-17-3-9-4-2454,Р17,3-9,4,2454,opys-explicit
08387cf5-9a27-427f-a3d5-e27ebe9e3288,ЦДНТА-(Р-17-3-9-4-2496+++Р-17-3-9-4-2496+++Р-17-3-9-4-2496),Р-17-3-9-4-2496,Р17,3-9,4,2496,opys-explicit
5616128d-a0ab-4f59-9113-d47c5fbc610a,ЦДНТА-(Р-17-3-9-4-2459+++Р-17-3-9-4-2459+++Р-17-3-9-4-2459),Р-17-3-9-4-2459,Р17,3-9,4,2459,opys-explicit
3547ce45-11d8-447e-bdab-90a346c76f45,ЦДНТА-(Р-17-3-9-4-2468+++Р-17-3-9-4-2468+++Р-17-3-9-4-2468),Р-17-3-9-4-2468,Р17,3-9,4,2468,opys-explicit
3da7cac7-9c02-4bbf-9365-a77deb49b1b5,ЦДНТА-(Р-17-3-9-4-2484+++Р-17-3-9-4-2484+++Р-17-3-9-4-2484),Р-17-3-9-4-2484,Р17,3-9,4,2484,opys-explicit
a93737b0-a860-4dcb-82fb-a6290fe0dd8a,ЦДНТА-(Р-17-3-9-4-2499+++Р-17-3-9-4-2499+++Р-17-3-9-4-2499),Р-17-3-9-4-2499,Р17,3-9,4,2499,opys-explicit
69fa6ed9-ab5c-4443-94ad-db12fdf6b551,ЦДНТА-(Р-17-3-9-4-2476+++Р-17-3-9-4-2476+++Р-17-3-9-4-2476),Р-17-3-9-4-2476,Р17,3-9,4,2476,opys-explicit
f89e7d96-9425-4124-afb3-0a93a402042d,ЦДНТА-(Р-17-3-9-4-2486+++Р-17-3-9-4-2486+++Р-17-3-9-4-2486),Р-17-3-9-4-2486,Р17,3-9,4,2486,opys-explicit
5d1f4e6b-a0a1-4acd-a140-f9bfbdc6e410,ЦДНТА-(Р-17-3-9-4-2485+++Р-17-3-9-4-2485+++Р-17-3-9-4-2485),Р-17-3-9-4-2485,Р17,3-9,4,2485,opys-explicit
a4012d83-a1fc-4f06-9438-3df28645d36d,ЦДНТА-(Р-17-3-9-4-2530+++Р-17-3-9-4-2530+++Р-17-3-9-4-2530),Р-17-3-9-4-2530,Р17,3-9,4,2530,opys-explicit
d1367252-844c-4229-b14e-f4aa89f4b363,ЦДНТА-(Р-17-3-9-4-2551+++Р-17-3-9-4-2551+++Р-17-3-9-4-2551),Р-17-3-9-4-2551,Р17,3-9,4,2551,opys-explicit
96ebb77e-cd7c-44d0-8c84-2d29ccaa21d1,ЦДНТА-(Р-17-3-9-4-2502+++Р-17-3-9-4-2502+++Р-17-3-9-4-2502),Р-17-3-9-4-2502,Р17,3-9,4,2502,opys-explicit
cc06671b-2a1e-4153-ad4f-fcfef8b1a540,ЦДНТА-(Р-17-3-9-4-2537+++Р-17-3-9-4-2537+++Р-17-3-9-4-2537),Р-17-3-9-4-2537,Р17,3-9,4,2537,opys-explicit
3f7ce71e-d9a5-4169-ba62-1755ea4bb5ab,ЦДНТА-(Р-17-3-9-4-2472+++Р-17-3-9-4-2472+++Р-17-3-9-4-2472),Р-17-3-9-4-2472,Р17,3-9,4,2472,opys-explicit
ae1f5692-9039-4dd9-8fd8-772dd2b990fe,ЦДНТА-(Р-17-3-9-4-2504+++Р-17-3-9-4-2504+++Р-17-3-9-4-2504),Р-17-3-9-4-2504,Р17,3-9,4,2504,opys-explicit
ae1b0ded-88b9-4b4f-b082-c35fb80a5a1e,ЦДНТА-(Р-17-3-9-4-2474+++Р-17-3-9-4-2474+++Р-17-3-9-4-2474),Р-17-3-9-4-2474,Р17,3-9,4,2474,opys-explicit
5cb54bdd-f3b0-4191-aecc-402b79dd0ed0,ЦДНТА-(Р-17-3-9-4-2532+++Р-17-3-9-4-2532+++Р-17-3-9-4-2532),Р-17-3-9-4-2532,Р17,3-9,4,2532,opys-explicit
41636dc1-6803-4eb6-ad76-22a5325c67ad,ЦДНТА-(Р-17-3-9-4-2500+++Р-17-3-9-4-2500+++Р-17-3-9-4-2500),Р-17-3-9-4-2500,Р17,3-9,4,2500,opys-explicit
2fb009ff-5da8-49cf-95d4-ea226985ccc8,ЦДНТА-(Р-17-3-9-4-2481+++Р-17-3-9-4-2481+++Р-17-3-9-4-2481),Р-17-3-9-4-2481,Р17,3-9,4,2481,opys-explicit
762cc820-708a-4416-9188-93156fc35c93,ЦДНТА-(Р-17-3-9-4-2552+++Р-17-3-9-4-2552+++Р-17-3-9-4-2552),Р-17-3-9-4-2552,Р17,3-9,4,2552,opys-explicit
b69ae772-58da-4c44-88a3-514a352291dd,ЦДНТА-(Р-17-3-9-4-2511+++Р-17-3-9-4-2511+++Р-17-3-9-4-2511),Р-17-3-9-4-2511,Р17,3-9,4,2511,opys-explicit
6de0fab5-0f8a-4d9b-8ad6-2872b3de0ff4,ЦДНТА-(Р-17-3-9-4-2565+++Р-17-3-9-4-2565+++Р-17-3-9-4-2565),Р-17-3-9-4-2565,Р17,3-9,4,2565,opys-explicit
24a506df-0fd9-4418-8e39-a3477dfcada5,ЦДНТА-(Р-107-3-36-3-432+++Р-107-3-36-3-432+++Р-107-3-36-3-432),Р-107-3-36-3-432,Р107,3-36,3,432,opys-explicit
ea9e6409-91a4-40f6-be3f-c71be9716017,ЦДНТА-(Р-107-3-36-3-260+++Р-107-3-36-3-260+++Р-107-3-36-3-260),Р-107-3-36-3-260,Р107,3-36,3,260,opys-explicit
d4c6f901-e3e4-4c03-9904-ce67252ddfd5,ЦДНТА-(Р-107-3-36-3-359+++Р-107-3-36-3-359+++Р-107-3-36-3-359),Р-107-3-36-3-359,Р107,3-36,3,359,opys-explicit
022765af-66be-468b-acda-f7faf36aa207,ЦДНТА-(Р-107-3-36-3-384+++Р-107-3-36-3-384+++Р-107-3-36-3-384),Р-107-3-36-3-384,Р107,3-36,3,384,opys-explicit
779b62bd-2439-44d1-9c28-125527e1e93d,ЦДНТА-(Р-107-3-36-3-484+++Р-107-3-36-3-484+++Р-107-3-36-3-484),Р-107-3-36-3-484,Р107,3-36,3,484,opys-explicit
607bacd8-a03b-4428-816d-1b68284e7d01,ЦДНТА-(Р-107-3-36-3-472+++Р-107-3-36-3-472+++Р-107-3-36-3-472),Р-107-3-36-3-472,Р107,3-36,3,472,opys-explicit
e4dd726e-e569-4085-ae30-46fd86c5b178,ЦДНТА-(Р-107-3-36-3-480+++Р-107-3-36-3-480+++Р-107-3-36-3-480),Р-107-3-36-3-480,Р107,3-36,3,480,opys-explicit
1a02ed1d-b732-4137-bb4f-4b9c9a40f42e,ЦДНТА-(Р-107-3-36-3-471+++Р-107-3-36-3-471+++Р-107-3-36-3-471),Р-107-3-36-3-471,Р107,3-36,3,471,opys-explicit
433e5a95-60f3-45af-b34c-62cf6bb1518f,ЦДНТА-(Р-107-3-36-3-483+++Р-107-3-36-3-483+++Р-107-3-36-3-483),Р-107-3-36-3-483,Р107,3-36,3,483,opys-explicit
b8bed505-1c7e-4701-93a5-49ab5a65f837,ЦДНТА-(Р-107-3-36-3-474+++Р-107-3-36-3-474+++Р-107-3-36-3-474),Р-107-3-36-3-474,Р107,3-36,3,474,opys-explicit
e89f0b57-7af2-40a6-ad38-86851754af67,ЦДНТА-(Р-107-3-36-3-482+++Р-107-3-36-3-482+++Р-107-3-36-3-482),Р-107-3-36-3-482,Р107,3-36,3,482,opys-explicit
cbe7c7c6-c9df-4088-8857-d50390baf2a1,ЦДНТА-(Р-107-3-36-3-478+++Р-107-3-36-3-478+++Р-107-3-36-3-478),Р-107-3-36-3-478,Р107,3-36,3,478,opys-explicit
5eee2cb5-4774-4796-99c0-3e0035762ea3,ЦДНТА-(Р-107-3-36-3-487+++Р-107-3-36-3-487+++Р-107-3-36-3-487),Р-107-3-36-3-487,Р107,3-36,3,487,opys-explicit
891eabb9-8185-490f-b762-19693f9a33ca,ЦДНТА-(Р-107-3-36-3-515+++Р-107-3-36-3-515+++Р-107-3-36-3-515),Р-107-3-36-3-515,Р107,3-36,3,515,opys-explicit
439a5926-cbbe-40f0-9c99-b24acb288521,ЦДНТА-(Р-107-3-36-3-514+++Р-107-3-36-3-514+++Р-107-3-36-3-514),Р-107-3-36-3-514,Р107,3-36,3,514,opys-explicit
f034f582-e0ad-417a-8737-215602354d10,ЦДНТА-(Р-107-3-36-3-504+++Р-107-3-36-3-504+++Р-107-3-36-3-504),Р-107-3-36-3-504,Р107,3-36,3,504,opys-explicit
4024081a-8964-41ea-bf7e-0bd9307641c9,ЦДНТА-(Р-107-3-36-3-523+++Р-107-3-36-3-523+++Р-107-3-36-3-523),Р-107-3-36-3-523,Р107,3-36,3,523,opys-explicit
8711eed1-f245-42ec-9490-f6cfd82778b5,ЦДНТА-(Р-107-3-36-3-497+++Р-107-3-36-3-497+++Р-107-3-36-3-497),Р-107-3-36-3-497,Р107,3-36,3,497,opys-explicit
d5cf51fd-5352-4467-8d3a-d105e27d14de,ЦДНТА-(Р-107-3-36-3-505+++Р-107-3-36-3-505+++Р-107-3-36-3-505),Р-107-3-36-3-505,Р107,3-36,3,505,opys-explicit
59e5440d-df84-45ec-af70-511817f0f5ed,ЦДНТА-(Р-107-3-36-3-527+++Р-107-3-36-3-527+++Р-107-3-36-3-527),Р-107-3-36-3-527,Р107,3-36,3,527,opys-explicit
bc067450-d37f-471b-9d1f-757705646b7d,ЦДНТА-(Р-107-3-36-3-528+++Р-107-3-36-3-528+++Р-107-3-36-3-528),Р-107-3-36-3-528,Р107,3-36,3,528,opys-explicit
2a3b4a8f-7286-4e22-8dcd-83ef255479fd,ЦДНТА-(Р-107-3-36-3-522+++Р-107-3-36-3-522+++Р-107-3-36-3-522),Р-107-3-36-3-522,Р107,3-36,3,522,opys-explicit
895228b1-0923-4852-bae5-499a13735425,ЦДНТА-(Р-107-3-36-3-550+++Р-107-3-36-3-550+++Р-107-3-36-3-550),Р-107-3-36-3-550,Р107,3-36,3,550,opys-explicit
7fd9bf92-6d7c-463d-b91e-1a3507f7683b,ЦДНТА-(Р-107-3-36-3-545+++Р-107-3-36-3-545+++Р-107-3-36-3-545),Р-107-3-36-3-545,Р107,3-36,3,545,opys-explicit
cd6c8102-5e35-4229-b272-b7b2c9fef5df,ЦДНТА-(Р-107-3-36-3-560+++Р-107-3-36-3-560+++Р-107-3-36-3-560),Р-107-3-36-3-560,Р107,3-36,3,560,opys-explicit
ff0583ff-3223-48f1-9f3e-a001609942ed,ЦДНТА-(Р-107-3-36-3-538+++Р-107-3-36-3-538+++Р-107-3-36-3-538),Р-107-3-36-3-538,Р107,3-36,3,538,opys-explicit
529fe674-46db-4b67-8544-fefdba036879,ЦДНТА-(Р-107-3-36-3-568+++Р-107-3-36-3-568+++Р-107-3-36-3-568),Р-107-3-36-3-568,Р107,3-36,3,568,opys-explicit
872ec995-b602-46ce-b19c-8002665f0f82,ЦДНТА-(Р-107-3-36-3-581+++Р-107-3-36-3-581+++Р-107-3-36-3-581),Р-107-3-36-3-581,Р107,3-36,3,581,opys-explicit
5f5a3f79-9f29-4cec-b879-8bc242df4e6d,ЦДНТА-(Р-107-3-36-3-569+++Р-107-3-36-3-569+++Р-107-3-36-3-569),Р-107-3-36-3-569,Р107,3-36,3,569,opys-explicit
7be0ceda-94cb-4421-a0ce-0a0523a51481,ЦДНТА-(Р-107-3-36-3-591+++Р-107-3-36-3-591+++Р-107-3-36-3-591),Р-107-3-36-3-591,Р107,3-36,3,591,opys-explicit
2466d5dc-0e23-4834-9ba9-d7a50d634e3e,ЦДНТА-(Р-107-3-36-3-556+++Р-107-3-36-3-556+++Р-107-3-36-3-556),Р-107-3-36-3-556,Р107,3-36,3,556,opys-explicit
563b2056-9ad5-4ac8-9d09-c2c9439218e0,ЦДНТА-(Р-107-3-36-3-571+++Р-107-3-36-3-571+++Р-107-3-36-3-571),Р-107-3-36-3-571,Р107,3-36,3,571,opys-explicit
7504ae53-d8e2-40bc-b8bc-17686ffb4e47,ЦДНТА-(Р-107-3-36-3-573+++Р-107-3-36-3-573+++Р-107-3-36-3-573),Р-107-3-36-3-573,Р107,3-36,3,573,opys-explicit
da0a7323-b0ba-4cb3-8ced-a4ec76d7162a,ЦДНТА-(Р-107-3-36-3-587+++Р-107-3-36-3-587+++Р-107-3-36-3-587),Р-107-3-36-3-587,Р107,3-36,3,587,opys-explicit
4cf79a6f-92fb-4701-bf00-ba4f2f437c3d,ЦДНТА-(Р-107-3-36-3-585+++Р-107-3-36-3-585+++Р-107-3-36-3-585),Р-107-3-36-3-585,Р107,3-36,3,585,opys-explicit
ab0bd32d-3207-4a79-a38a-2f5feb3e1170,ЦДНТА-(Р-107-3-36-3-574+++Р-107-3-36-3-574+++Р-107-3-36-3-574),Р-107-3-36-3-574,Р107,3-36,3,574,opys-explicit
07a0ba67-c39f-4051-9a1e-db667953f8d9,ЦДНТА-(Р-107-3-36-3-600+++Р-107-3-36-3-600+++Р-107-3-36-3-600),Р-107-3-36-3-600,Р107,3-36,3,600,opys-explicit
2dbc475e-e62d-4ba7-8fb4-3c1f8c32c5e6,ЦДНТА-(Р-107-3-36-3-592+++Р-107-3-36-3-592+++Р-107-3-36-3-592),Р-107-3-36-3-592,Р107,3-36,3,592,opys-explicit
4e907896-f9fc-4c68-930e-724fe3bc8f27,ЦДНТА-(Р-107-3-36-3-575+++Р-107-3-36-3-575+++Р-107-3-36-3-575),Р-107-3-36-3-575,Р107,3-36,3,575,opys-explicit
47996126-2fb5-4971-98ea-5f8f9c5a138d,ЦДНТА-(Р-107-3-36-3-561+++Р-107-3-36-3-561+++Р-107-3-36-3-561),Р-107-3-36-3-561,Р107,3-36,3,561,opys-explicit
d6eb7786-1183-401d-abd3-b5a63ec25d5f,ЦДНТА-(Р-107-3-36-3-605+++Р-107-3-36-3-605+++Р-107-3-36-3-605),Р-107-3-36-3-605,Р107,3-36,3,605,opys-explicit
e06f6695-a80d-48cc-8f0d-1ce3cabfbb29,ЦДНТА-(Р-107-3-36-3-576+++Р-107-3-36-3-576+++Р-107-3-36-3-576),Р-107-3-36-3-576,Р107,3-36,3,576,opys-explicit
a6c3ac97-e20c-4927-ac02-3fa59a083aa0,ЦДНТА-(Р-107-3-36-3-602+++Р-107-3-36-3-602+++Р-107-3-36-3-602),Р-107-3-36-3-602,Р107,3-36,3,602,opys-explicit
5ccdeb7f-22f1-4be9-b5c0-10b9313ebb55,ЦДНТА-(Р-107-3-36-3-601+++Р-107-3-36-3-601+++Р-107-3-36-3-601),Р-107-3-36-3-601,Р107,3-36,3,601,opys-explicit
11a1cbce-8efa-4a37-81ff-4f6891c4be3f,ЦДНТА-(Р-107-3-36-3-593+++Р-107-3-36-3-593+++Р-107-3-36-3-593),Р-107-3-36-3-593,Р107,3-36,3,593,opys-explicit
ba8bc47b-7cb9-44ce-8f0f-51a23a534e09,ЦДНТА-(Р-107-3-36-3-604+++Р-107-3-36-3-604+++Р-107-3-36-3-604),Р-107-3-36-3-604,Р107,3-36,3,604,opys-explicit
f4394021-2982-48c6-8ab2-a6da452dd448,ЦДНТА-(Р-107-3-36-3-610+++Р-107-3-36-3-610+++Р-107-3-36-3-610),Р-107-3-36-3-610,Р107,3-36,3,610,opys-explicit
1cbbb003-d44d-4da2-9123-1a22ff4b66db,ЦДНТА-(Р-107-3-36-3-634+++Р-107-3-36-3-634+++Р-107-3-36-3-634),Р-107-3-36-3-634,Р107,3-36,3,634,opys-explicit
23683186-f94c-4ac9-9397-2009d830af10,ЦДНТА-(Р-107-3-36-3-632+++Р-107-3-36-3-632+++Р-107-3-36-3-632),Р-107-3-36-3-632,Р107,3-36,3,632,opys-explicit
6efa2578-d0ae-415a-91f2-c46c9bdc3fce,ЦДНТА-(Р-107-3-36-3-615+++Р-107-3-36-3-615+++Р-107-3-36-3-615),Р-107-3-36-3-615,Р107,3-36,3,615,opys-explicit
a48a7f58-d436-422a-8f0a-b9932a42545b,ЦДНТА-(Р-107-3-36-3-622+++Р-107-3-36-3-622+++Р-107-3-36-3-622),Р-107-3-36-3-622,Р107,3-36,3,622,opys-explicit
c205d9b6-d2d9-4b05-afaa-3c8b366c3133,ЦДНТА-(Р-107-3-36-3-625+++Р-107-3-36-3-625+++Р-107-3-36-3-625),Р-107-3-36-3-625,Р107,3-36,3,625,opys-explicit
2a30041d-5848-4077-8cf8-36a345ee3ff6,ЦДНТА-(Р-107-3-36-3-629+++Р-107-3-36-3-629+++Р-107-3-36-3-629),Р-107-3-36-3-629,Р107,3-36,3,629,opys-explicit
b257f0a7-9a92-43fb-b8ce-77ffe6711465,ЦДНТА-(Р-107-3-36-3-617+++Р-107-3-36-3-617+++Р-107-3-36-3-617),Р-107-3-36-3-617,Р107,3-36,3,617,opys-explicit
5cd01061-aefb-437a-96ce-3803e4e39e3d,ЦДНТА-(Р-107-3-36-3-655+++Р-107-3-36-3-655+++Р-107-3-36-3-655),Р-107-3-36-3-655,Р107,3-36,3,655,opys-explicit
9bf37102-1b55-4f70-8cf8-4ba5c89f7ca2,ЦДНТА-(Р-107-3-36-3-650+++Р-107-3-36-3-650+++Р-107-3-36-3-650),Р-107-3-36-3-650,Р107,3-36,3,650,opys-explicit
aeb8596e-b7f6-4ce8-96e1-6750a7dbd630,ЦДНТА-(Р-107-3-36-3-658+++Р-107-3-36-3-658+++Р-107-3-36-3-658),Р-107-3-36-3-658,Р107,3-36,3,658,opys-explicit
17fba905-3c5e-4920-be82-5946dd527c11,ЦДНТА-(Р-107-3-36-3-640+++Р-107-3-36-3-640+++Р-107-3-36-3-640),Р-107-3-36-3-640,Р107,3-36,3,640,opys-explicit
aa68e43d-e470-4a27-b4c2-b9c0f480d168,ЦДНТА-(Р-107-3-36-3-663+++Р-107-3-36-3-663+++Р-107-3-36-3-663),Р-107-3-36-3-663,Р107,3-36,3,663,opys-explicit
e632c142-71c4-477a-8bc8-3a2129b14ed8,ЦДНТА-(Р-107-3-36-3-683+++Р-107-3-36-3-683+++Р-107-3-36-3-683),Р-107-3-36-3-683,Р107,3-36,3,683,opys-explicit
e84ddee2-9bf6-48aa-b76b-9fccda47d006,ЦДНТА-(Р-107-3-36-3-680+++Р-107-3-36-3-680+++Р-107-3-36-3-680),Р-107-3-36-3-680,Р107,3-36,3,680,opys-explicit
cd51e23d-6259-4886-94a6-62df985c8ebc,ЦДНТА-(Р-107-3-36-3-657+++Р-107-3-36-3-657+++Р-107-3-36-3-657),Р-107-3-36-3-657,Р107,3-36,3,657,opys-explicit
f2350098-e641-4b22-8ae3-60a1ffae9b23,ЦДНТА-(Р-107-3-36-7-2706+++Р-107-3-36-7-2706+++Р-107-3-36-7-2706),Р-107-3-36-7-2706,Р107,3-36,7,2706,opys-explicit
174003dc-14a7-4eb9-92e1-73474fd972df,ЦДНТА-(Р-107-3-36-7-2709+++Р-107-3-36-7-2709+++Р-107-3-36-7-2709),Р-107-3-36-7-2709,Р107,3-36,7,2709,opys-explicit
b99d10c1-d244-4ea4-b133-ca8ce5ca48fc,ЦДНТА-(Р-107-3-36-7-2698+++Р-107-3-36-7-2698+++Р-107-3-36-7-2698),Р-107-3-36-7-2698,Р107,3-36,7,2698,opys-explicit
8d8da66e-c1db-4835-b40c-41d8298c633b,ЦДНТА-(Р-107-3-36-7-2704+++Р-107-3-36-7-2704+++Р-107-3-36-7-2704),Р-107-3-36-7-2704,Р107,3-36,7,2704,opys-explicit
c7a3cbfe-4a00-4b07-9395-cba38a7553f0,ЦДНТА-(Р-107-3-36-7-2729+++Р-107-3-36-7-2729+++Р-107-3-36-7-2729),Р-107-3-36-7-2729,Р107,3-36,7,2729,opys-explicit
9d9b0c15-851e-4959-8292-42bd20c9d9c4,ЦДНТА-(Р-107-3-36-7-2754+++Р-107-3-36-7-2754+++Р-107-3-36-7-2754),Р-107-3-36-7-2754,Р107,3-36,7,2754,opys-explicit
759f2559-8919-4d7a-8660-5804e7bcfcff,ЦДНТА-(Р-107-3-36-7-2746+++Р-107-3-36-7-2746+++Р-107-3-36-7-2746),Р-107-3-36-7-2746,Р107,3-36,7,2746,opys-explicit
2953294c-6b1a-43e4-8777-9cf060029058,ЦДНТА-(Р-107-3-36-7-2737+++Р-107-3-36-7-2737+++Р-107-3-36-7-2737),Р-107-3-36-7-2737,Р107,3-36,7,2737,opys-explicit
d8b91c32-8ff2-4c2f-84fe-1e10dd0bdb06,ЦДНТА-(Р-107-3-36-7-2767+++Р-107-3-36-7-2767+++Р-107-3-36-7-2767),Р-107-3-36-7-2767,Р107,3-36,7,2767,opys-explicit
34822ced-eb3f-42fe-8032-3357d51cbd6f,ЦДНТА-(Р-107-3-36-7-2768+++Р-107-3-36-7-2768+++Р-107-3-36-7-2768),Р-107-3-36-7-2768,Р107,3-36,7,2768,opys-explicit
8ec5f5a3-3328-400a-b60f-63e7bdb91626,ЦДНТА-(Р-107-3-36-7-2779+++Р-107-3-36-7-2779+++Р-107-3-36-7-2779),Р-107-3-36-7-2779,Р107,3-36,7,2779,opys-explicit
bf323ad8-7c0f-43ef-a483-4ea90ca98d49,ЦДНТА-(Р-107-3-36-7-2786+++Р-107-3-36-7-2786+++Р-107-3-36-7-2786),Р-107-3-36-7-2786,Р107,3-36,7,2786,opys-explicit
6e7df88a-6aea-485e-9c29-12acfafba30d,ЦДНТА-(Р-107-3-36-7-2783+++Р-107-3-36-7-2783+++Р-107-3-36-7-2783),Р-107-3-36-7-2783,Р107,3-36,7,2783,opys-explicit
d9159566-5301-4478-91f2-437f2dd267f6,ЦДНТА-(Р-107-3-36-7-2789+++Р-107-3-36-7-2789+++Р-107-3-36-7-2789),Р-107-3-36-7-2789,Р107,3-36,7,2789,opys-explicit
fd375b6a-5986-4595-8e9d-acf68d0ae5f6,ЦДНТА-(Р-107-3-36-7-2796+++Р-107-3-36-7-2796+++Р-107-3-36-7-2796),Р-107-3-36-7-2796,Р107,3-36,7,2796,opys-explicit
d5ba370c-f500-4b43-9780-e4a7fce94dc5,ЦДНТА-(Р-107-3-36-7-2808+++Р-107-3-36-7-2808+++Р-107-3-36-7-2808),Р-107-3-36-7-2808,Р107,3-36,7,2808,opys-explicit
011dde68-6826-4bf6-8bbd-a93b6404517b,ЦДНТА-(Р-107-3-36-7-2815+++Р-107-3-36-7-2815+++Р-107-3-36-7-2815),Р-107-3-36-7-2815,Р107,3-36,7,2815,opys-explicit
f79a143f-a6bc-41bf-845e-8e160c03c74f,ЦДНТА-(Р-107-3-36-7-2829+++Р-107-3-36-7-2829+++Р-107-3-36-7-2829),Р-107-3-36-7-2829,Р107,3-36,7,2829,opys-explicit
8b913fc5-f342-477e-80da-f8948cf33b15,ЦДНТА-(Р-18-3-10-1-3+++Р-18-3-10-1-3+++Р-18-3-10-1-3),Р-18-3-10-1-3,Р18,3-10,1,3,opys-explicit
f073d998-74ad-487c-9a3a-559c7e6b006b,ЦДНТА-(Р-18-3-10-1-4+++Р-18-3-10-1-4+++Р-18-3-10-1-4),Р-18-3-10-1-4,Р18,3-10,1,4,opys-explicit
51744d7d-21c7-41e8-8bcb-2d5de3fefc13,ЦДНТА-(Р-18-3-10-1-2+++Р-18-3-10-1-2+++Р-18-3-10-1-2),Р-18-3-10-1-2,Р18,3-10,1,2,opys-explicit
2ff1456b-8f2a-48f7-a45f-113c3509668d,ЦДНТА-(Р-18-3-10-1-10+++Р-18-3-10-1-10+++Р-18-3-10-1-10),Р-18-3-10-1-10,Р18,3-10,1,10,opys-explicit
3e65ef6a-b193-42f6-87c8-c115c9b7cc12,ЦДНТА-(Р-18-3-10-1-8+++Р-18-3-10-1-8+++Р-18-3-10-1-8),Р-18-3-10-1-8,Р18,3-10,1,8,opys-explicit
1fe8602c-dea0-417c-8be4-200eaf395df1,ЦДНТА-(Р-18-3-10-1-43+++Р-18-3-10-1-43+++Р-18-3-10-1-43),Р-18-3-10-1-43,Р18,3-10,1,43,opys-explicit
5d2bec77-4f0c-4031-9445-d1d7a87ec0c6,ЦДНТА-(Р-18-3-10-1-40+++Р-18-3-10-1-40+++Р-18-3-10-1-40),Р-18-3-10-1-40,Р18,3-10,1,40,opys-explicit
c5567c48-869a-4e32-a434-a8e63ad5ae87,ЦДНТА-(Р-18-3-10-1-52+++Р-18-3-10-1-52+++Р-18-3-10-1-52),Р-18-3-10-1-52,Р18,3-10,1,52,opys-explicit
c6d03048-9be3-4a5f-a595-4d6d4d78f71d,ЦДНТА-(Р-18-3-10-1-62+++Р-18-3-10-1-62+++Р-18-3-10-1-62),Р-18-3-10-1-62,Р18,3-10,1,62,opys-explicit
b76ce07b-d1dc-4615-8c33-0495bd6e4881,ЦДНТА-(Р-18-3-10-1-56+++Р-18-3-10-1-56+++Р-18-3-10-1-56),Р-18-3-10-1-56,Р18,3-10,1,56,opys-explicit
0a683bd5-61c7-4dd6-8f37-76503222943a,ЦДНТА-(Р-18-3-10-1-73+++Р-18-3-10-1-73+++Р-18-3-10-1-73),Р-18-3-10-1-73,Р18,3-10,1,73,opys-explicit
1d365bea-c33b-4933-b45b-1c8bc063a139,ЦДНТА-(Р-18-3-10-1-65+++Р-18-3-10-1-65+++Р-18-3-10-1-65),Р-18-3-10-1-65,Р18,3-10,1,65,opys-explicit
ecd6318f-51be-498e-baea-7bd0414ae38d,ЦДНТА-(Р-18-3-10-1-80+++Р-18-3-10-1-80+++Р-18-3-10-1-80),Р-18-3-10-1-80,Р18,3-10,1,80,opys-explicit
37adba16-21d2-4f81-ab2c-9e5e81dfb2fd,ЦДНТА-(Р-18-3-10-1-110+++Р-18-3-10-1-110+++Р-18-3-10-1-110),Р-18-3-10-1-110,Р18,3-10,1,110,opys-explicit
0f5e6683-32df-4b11-9a34-f3b1123a94db,ЦДНТА-(Р-18-3-10-1-107+++Р-18-3-10-1-107+++Р-18-3-10-1-107),Р-18-3-10-1-107,Р18,3-10,1,107,opys-explicit
a6fd298f-0876-4b55-8644-4f2140755a91,ЦДНТА-(Р-18-3-10-1-101+++Р-18-3-10-1-101+++Р-18-3-10-1-101),Р-18-3-10-1-101,Р18,3-10,1,101,opys-explicit
64d064d7-293b-493b-8e4f-67353d177208,ЦДНТА-(Р-18-3-10-1-99+++Р-18-3-10-1-99+++Р-18-3-10-1-99),Р-18-3-10-1-99,Р18,3-10,1,99,opys-explicit
fe2c6049-2170-4083-baab-026c8bf6a62f,ЦДНТА-(Р-18-3-10-1-116+++Р-18-3-10-1-116+++Р-18-3-10-1-116),Р-18-3-10-1-116,Р18,3-10,1,116,opys-explicit
0b5d3d1c-8533-4e92-a131-1bfaace43011,ЦДНТА-(Р-18-3-10-1-119+++Р-18-3-10-1-119+++Р-18-3-10-1-119),Р-18-3-10-1-119,Р18,3-10,1,119,opys-explicit
18af1579-a389-42e7-8c11-459ef6838409,ЦДНТА-(Р-18-3-10-1-125+++Р-18-3-10-1-125+++Р-18-3-10-1-125),Р-18-3-10-1-125,Р18,3-10,1,125,opys-explicit
332048c7-d234-4afb-a3b9-915c4ffaa892,ЦДНТА-(Р-18-3-10-1-134+++Р-18-3-10-1-134+++Р-18-3-10-1-134),Р-18-3-10-1-134,Р18,3-10,1,134,opys-explicit
d8e08d38-cb3f-4b9f-a16f-2c8c8bbbf8a2,ЦДНТА-(Р-18-3-10-1-136+++Р-18-3-10-1-136+++Р-18-3-10-1-136),Р-18-3-10-1-136,Р18,3-10,1,136,opys-explicit
8f009717-d67a-420c-ad9b-e5d8e10cae7f,ЦДНТА-(Р-18-3-10-1-140+++Р-18-3-10-1-140+++Р-18-3-10-1-140),Р-18-3-10-1-140,Р18,3-10,1,140,opys-explicit
ffc37951-e538-469b-99aa-1c825e03a845,ЦДНТА-(Р-18-3-10-1-143+++Р-18-3-10-1-143+++Р-18-3-10-1-143),Р-18-3-10-1-143,Р18,3-10,1,143,opys-explicit
ae0bb756-f321-4899-8058-b8568e5c8c3d,ЦДНТА-(Р-18-3-10-1-147+++Р-18-3-10-1-147+++Р-18-3-10-1-147),Р-18-3-10-1-147,Р18,3-10,1,147,opys-explicit
d086a1c0-8915-4f7c-9d41-fe21c1678ff4,ЦДНТА-(Р-18-3-10-1-153+++Р-18-3-10-1-153+++Р-18-3-10-1-153),Р-18-3-10-1-153,Р18,3-10,1,153,opys-explicit
7362a844-c299-4ed9-8564-5337b4012b95,ЦДНТА-(Р-18-3-10-1-166+++Р-18-3-10-1-166+++Р-18-3-10-1-166),Р-18-3-10-1-166,Р18,3-10,1,166,opys-explicit
d6690a6c-ec69-4f1f-9dd3-aa93cb6006f5,ЦДНТА-(Р-18-3-10-1-174+++Р-18-3-10-1-174+++Р-18-3-10-1-174),Р-18-3-10-1-174,Р18,3-10,1,174,opys-explicit
47536026-b211-47ad-80f8-125f142e6be5,ЦДНТА-(Р-18-3-10-1-159+++Р-18-3-10-1-159+++Р-18-3-10-1-159),Р-18-3-10-1-159,Р18,3-10,1,159,opys-explicit
3101e8f9-246f-48e7-ad5f-92bf54661f7c,ЦДНТА-(Р-18-3-10-1-176+++Р-18-3-10-1-176+++Р-18-3-10-1-176),Р-18-3-10-1-176,Р18,3-10,1,176,opys-explicit
ac6cedb7-43ac-4fd2-8314-8afdf4f09734,ЦДНТА-(Р-18-3-10-1-185+++Р-18-3-10-1-185+++Р-18-3-10-1-185),Р-18-3-10-1-185,Р18,3-10,1,185,opys-explicit
9928975c-364a-4213-97a2-ca2e021c3f31,ЦДНТА-(Р-18-3-10-1-181+++Р-18-3-10-1-181+++Р-18-3-10-1-181),Р-18-3-10-1-181,Р18,3-10,1,181,opys-explicit
e6e619e2-b457-4c5e-8fbd-b1602b7dd826,ЦДНТА-(Р-18-3-10-1-196+++Р-18-3-10-1-196+++Р-18-3-10-1-196),Р-18-3-10-1-196,Р18,3-10,1,196,opys-explicit
fa5d5d07-03b2-44e5-8b02-f10285252a30,ЦДНТА-(Р-18-3-10-1-199+++Р-18-3-10-1-199+++Р-18-3-10-1-199),Р-18-3-10-1-199,Р18,3-10,1,199,opys-explicit
34c57119-efe3-43cf-9f66-9daea369c49d,ЦДНТА-(Р-18-3-10-2-208+++Р-18-3-10-2-208+++Р-18-3-10-2-208),Р-18-3-10-2-208,Р18,3-10,2,208,opys-explicit
cc5889de-32db-4ee8-a536-69d82787a853,ЦДНТА-(Р-18-3-10-2-215+++Р-18-3-10-2-215+++Р-18-3-10-2-215),Р-18-3-10-2-215,Р18,3-10,2,215,opys-explicit
087f33a8-0611-4a72-93e3-eacc6ab61f56,ЦДНТА-(Р-18-3-10-1-203+++Р-18-3-10-1-203+++Р-18-3-10-1-203),Р-18-3-10-1-203,Р18,3-10,1,203,opys-explicit
504c90b6-fd30-446e-b126-3584a1c76e4b,ЦДНТА-(Р-18-3-10-2-205+++Р-18-3-10-2-205+++Р-18-3-10-2-205),Р-18-3-10-2-205,Р18,3-10,2,205,opys-explicit
f429a577-2ee4-491b-95eb-c161a546c44b,ЦДНТА-(Р-18-3-10-2-218+++Р-18-3-10-2-218+++Р-18-3-10-2-218),Р-18-3-10-2-218,Р18,3-10,2,218,opys-explicit
547b0d8b-0c77-45f6-bd12-a9e2390467aa,ЦДНТА-(Р-18-3-10-2-223+++Р-18-3-10-2-223+++Р-18-3-10-2-223),Р-18-3-10-2-223,Р18,3-10,2,223,opys-explicit
bd23ebcc-08b4-45fb-ab75-1d59ac6c2779,ЦДНТА-(Р-18-3-10-2-235+++Р-18-3-10-2-235+++Р-18-3-10-2-235),Р-18-3-10-2-235,Р18,3-10,2,235,opys-explicit
b1c63c21-11b0-41b8-af40-422e74f660f1,ЦДНТА-(Р-18-3-10-2-234+++Р-18-3-10-2-234+++Р-18-3-10-2-234),Р-18-3-10-2-234,Р18,3-10,2,234,opys-explicit
b685402f-7173-4dfa-b319-a3f282d0fe81,ЦДНТА-(Р-107-3-36-7-2721+++Р-107-3-36-7-2721+++Р-107-3-36-7-2721),Р-107-3-36-7-2721,Р107,3-36,7,2721,opys-explicit
962a957d-9ba1-4c35-b14e-140592af393f,ЦДНТА-(Р-107-3-36-7-2757+++Р-107-3-36-7-2757+++Р-107-3-36-7-2757),Р-107-3-36-7-2757,Р107,3-36,7,2757,opys-explicit
4a662b3e-3ae7-4cb7-b375-b58164fc0aa1,ЦДНТА-(Р-18-3-10-1-36+++Р-18-3-10-1-36+++Р-18-3-10-1-36),Р-18-3-10-1-36,Р18,3-10,1,36,opys-explicit
9ff1e453-f92b-4cbf-89a5-2c49aa3108f1,ЦДНТА-(Р-18-3-10-1-26+++Р-18-3-10-1-26+++Р-18-3-10-1-26),Р-18-3-10-1-26,Р18,3-10,1,26,opys-explicit
6a6c8a0a-2635-47e7-a3fd-5949d8517e91,ЦДНТА-(Р-18-3-10-1-30+++Р-18-3-10-1-30+++Р-18-3-10-1-30),Р-18-3-10-1-30,Р18,3-10,1,30,opys-explicit
bfa252eb-fd89-49de-ae26-c67e8e05a162,ЦДНТА-(Р-18-3-10-1-151+++Р-18-3-10-1-151+++Р-18-3-10-1-151),Р-18-3-10-1-151,Р18,3-10,1,151,opys-explicit
5af1cac8-25d9-402b-a663-55d8383b8916,ЦДНТА-(Р-18-3-10-1-178+++Р-18-3-10-1-178+++Р-18-3-10-1-178),Р-18-3-10-1-178,Р18,3-10,1,178,opys-explicit
04b9369a-2100-4bb1-87f8-f3ec01e85a94,ЦДНТА-(Р-18-3-10-1-192+++Р-18-3-10-1-192+++Р-18-3-10-1-192),Р-18-3-10-1-192,Р18,3-10,1,192,opys-explicit
1de8f183-77f4-4906-a78e-f0ffef5e5af7,ЦДНТА-(Р-18-3-10-1-190+++Р-18-3-10-1-190+++Р-18-3-10-1-190),Р-18-3-10-1-190,Р18,3-10,1,190,opys-explicit
a181519b-33ff-4409-a340-8f156e2efcd1,ЦДНТА-(Р-18-3-10-1-202+++Р-18-3-10-1-202+++Р-18-3-10-1-202),Р-18-3-10-1-202,Р18,3-10,1,202,opys-explicit
d08e4595-9e81-4590-b39a-487afe1ab222,ЦДНТА-(Р-18-3-10-2-213+++Р-18-3-10-2-213+++Р-18-3-10-2-213),Р-18-3-10-2-213,Р18,3-10,2,213,opys-explicit
35d06f4d-041f-493c-bf6e-bbe815855ae4,ЦДНТА-(Р-18-3-10-2-222+++Р-18-3-10-2-222+++Р-18-3-10-2-222),Р-18-3-10-2-222,Р18,3-10,2,222,opys-explicit
f87fe5c3-abc7-4246-b3f4-bec1bb524ca1,ЦДНТА-(Р-18-3-10-2-238+++Р-18-3-10-2-238+++Р-18-3-10-2-238),Р-18-3-10-2-238,Р18,3-10,2,238,opys-explicit
abec7b92-32fa-43b7-ad7a-fdd371c31538,ЦДНТА-(Р-18-3-10-2-236+++Р-18-3-10-2-236+++Р-18-3-10-2-236),Р-18-3-10-2-236,Р18,3-10,2,236,opys-explicit
942b2f97-a4d8-4051-9025-2ec6464bf5fe,ЦДНТА-(Р-18-3-10-2-226+++Р-18-3-10-2-226+++Р-18-3-10-2-226),Р-18-3-10-2-226,Р18,3-10,2,226,opys-explicit
98499e63-76e2-4572-9a26-23e00e85d741,ЦДНТА-(Р-107-3-36-3-510+++Р-107-3-36-3-510+++Р-107-3-36-3-510),Р-107-3-36-3-510,Р107,3-36,3,510,opys-explicit
92ce1404-d918-45ba-af5d-e777426c6ed7,ЦДНТА-(Р-107-3-36-3-494+++Р-107-3-36-3-494+++Р-107-3-36-3-494),Р-107-3-36-3-494,Р107,3-36,3,494,opys-explicit
2e1848bc-a140-4675-a5c5-04321e28a69c,ЦДНТА-(Р-107-3-36-3-503+++Р-107-3-36-3-503+++Р-107-3-36-3-503),Р-107-3-36-3-503,Р107,3-36,3,503,opys-explicit
c1ba7f50-ad26-4f6f-876e-21bfead72a91,ЦДНТА-(Р-107-3-36-3-511+++Р-107-3-36-3-511+++Р-107-3-36-3-511),Р-107-3-36-3-511,Р107,3-36,3,511,opys-explicit
235024f7-d8f7-4583-a48d-b878306777ad,ЦДНТА-(Р-107-3-36-3-516+++Р-107-3-36-3-516+++Р-107-3-36-3-516),Р-107-3-36-3-516,Р107,3-36,3,516,opys-explicit
b3efb402-0bd3-4891-91b2-966c90c6b670,ЦДНТА-(Р-107-3-36-3-520+++Р-107-3-36-3-520+++Р-107-3-36-3-520),Р-107-3-36-3-520,Р107,3-36,3,520,opys-explicit
2576bfa0-c4a4-478c-9e2b-fb3646e00da3,ЦДНТА-(Р-107-3-36-3-521+++Р-107-3-36-3-521+++Р-107-3-36-3-521),Р-107-3-36-3-521,Р107,3-36,3,521,opys-explicit
cd7fa3c2-fbdb-43c2-aea1-47db5c932df3,ЦДНТА-(Р-107-3-36-3-500+++Р-107-3-36-3-500+++Р-107-3-36-3-500),Р-107-3-36-3-500,Р107,3-36,3,500,opys-explicit
4e0e6318-647c-4a8e-940b-778437329243,ЦДНТА-(Р-107-3-36-3-524+++Р-107-3-36-3-524+++Р-107-3-36-3-524),Р-107-3-36-3-524,Р107,3-36,3,524,opys-explicit
213de330-6c86-4bf0-b38b-8ed71230dc07,ЦДНТА-(Р-107-3-36-3-530+++Р-107-3-36-3-530+++Р-107-3-36-3-530),Р-107-3-36-3-530,Р107,3-36,3,530,opys-explicit
59f8ceeb-6630-4401-b142-d56b00391d21,ЦДНТА-(Р-107-3-36-3-542+++Р-107-3-36-3-542+++Р-107-3-36-3-542),Р-107-3-36-3-542,Р107,3-36,3,542,opys-explicit
476763fd-b438-44ae-ad4b-00d7efc3e32b,ЦДНТА-(Р-107-3-36-3-543+++Р-107-3-36-3-543+++Р-107-3-36-3-543),Р-107-3-36-3-543,Р107,3-36,3,543,opys-explicit
62da85d1-4e16-4554-b58e-491a13fdfff5,ЦДНТА-(Р-107-3-36-3-535+++Р-107-3-36-3-535+++Р-107-3-36-3-535),Р-107-3-36-3-535,Р107,3-36,3,535,opys-explicit
d0862b86-1ce5-4420-991a-ca4e98837ec8,ЦДНТА-(Р-107-3-36-3-548+++Р-107-3-36-3-548+++Р-107-3-36-3-548),Р-107-3-36-3-548,Р107,3-36,3,548,opys-explicit
054ea18b-2cb2-405f-9281-cc8f377f7ec3,ЦДНТА-(Р-107-3-36-3-570+++Р-107-3-36-3-570+++Р-107-3-36-3-570),Р-107-3-36-3-570,Р107,3-36,3,570,opys-explicit
f76ad01c-bd6f-4d64-91a5-2e0f6f93c8fa,ЦДНТА-(Р-107-3-36-3-547+++Р-107-3-36-3-547+++Р-107-3-36-3-547),Р-107-3-36-3-547,Р107,3-36,3,547,opys-explicit
105e4077-9dfb-4f6d-b656-456e4e62a499,ЦДНТА-(Р-107-3-36-3-582+++Р-107-3-36-3-582+++Р-107-3-36-3-582),Р-107-3-36-3-582,Р107,3-36,3,582,opys-explicit
b985087c-77b9-49f9-9a4e-0a62291eb0d6,ЦДНТА-(Р-107-3-36-3-559+++Р-107-3-36-3-559+++Р-107-3-36-3-559),Р-107-3-36-3-559,Р107,3-36,3,559,opys-explicit
b7d0da2a-eff6-4ac8-bd3b-491e19ee80ca,ЦДНТА-(Р-107-3-36-3-549+++Р-107-3-36-3-549+++Р-107-3-36-3-549),Р-107-3-36-3-549,Р107,3-36,3,549,opys-explicit
b98b2129-fa39-4176-8f6b-8dabea4a795b,ЦДНТА-(Р-107-3-36-3-566+++Р-107-3-36-3-566+++Р-107-3-36-3-566),Р-107-3-36-3-566,Р107,3-36,3,566,opys-explicit
9a3cc046-75ab-4286-b72b-6342e35ff53e,ЦДНТА-(Р-107-3-36-3-554+++Р-107-3-36-3-554+++Р-107-3-36-3-554),Р-107-3-36-3-554,Р107,3-36,3,554,opys-explicit
c66cfa6c-3878-4ace-9139-16bb32c8afe8,ЦДНТА-(Р-107-3-36-3-565+++Р-107-3-36-3-565+++Р-107-3-36-3-565),Р-107-3-36-3-565,Р107,3-36,3,565,opys-explicit
53143aee-569a-435c-8629-74a1bed310fe,ЦДНТА-(Р-107-3-36-3-564+++Р-107-3-36-3-564+++Р-107-3-36-3-564),Р-107-3-36-3-564,Р107,3-36,3,564,opys-explicit
4e6ecb41-754a-475e-8d8a-d0461a6fc3d0,ЦДНТА-(Р-107-3-36-3-563+++Р-107-3-36-3-563+++Р-107-3-36-3-563),Р-107-3-36-3-563,Р107,3-36,3,563,opys-explicit
1c4ac4c0-1bd3-4569-98d6-2b98e76201f0,ЦДНТА-(Р-107-3-36-3-578+++Р-107-3-36-3-578+++Р-107-3-36-3-578),Р-107-3-36-3-578,Р107,3-36,3,578,opys-explicit
6c42a024-bdd2-4625-86ea-b31406542099,ЦДНТА-(Р-107-3-36-3-598+++Р-107-3-36-3-598+++Р-107-3-36-3-598),Р-107-3-36-3-598,Р107,3-36,3,598,opys-explicit
c06471ce-8fa9-46e0-a239-843f7f77a9ea,ЦДНТА-(Р-107-3-36-3-583+++Р-107-3-36-3-583+++Р-107-3-36-3-583),Р-107-3-36-3-583,Р107,3-36,3,583,opys-explicit
f8aff518-373e-4201-b039-e50e0a6f99e9,ЦДНТА-(Р-107-3-36-3-603+++Р-107-3-36-3-603+++Р-107-3-36-3-603),Р-107-3-36-3-603,Р107,3-36,3,603,opys-explicit
be5f3f08-5f36-4369-b304-9c662115781f,ЦДНТА-(Р-107-3-36-3-614+++Р-107-3-36-3-614+++Р-107-3-36-3-614),Р-107-3-36-3-614,Р107,3-36,3,614,opys-explicit
c478f785-6dba-4a2f-8582-4183f5ec92d8,ЦДНТА-(Р-107-3-36-3-627+++Р-107-3-36-3-627+++Р-107-3-36-3-627),Р-107-3-36-3-627,Р107,3-36,3,627,opys-explicit
b1ab8985-2b91-4863-8026-802d410c0f38,ЦДНТА-(Р-107-3-36-3-633+++Р-107-3-36-3-633+++Р-107-3-36-3-633),Р-107-3-36-3-633,Р107,3-36,3,633,opys-explicit
fa9ced74-7827-4998-9a39-4818b030ae4c,ЦДНТА-(Р-107-3-36-3-631+++Р-107-3-36-3-631+++Р-107-3-36-3-631),Р-107-3-36-3-631,Р107,3-36,3,631,opys-explicit
c73530dc-2259-4ea1-9fe9-b105a5206c05,ЦДНТА-(Р-107-3-36-3-626+++Р-107-3-36-3-626+++Р-107-3-36-3-626),Р-107-3-36-3-626,Р107,3-36,3,626,opys-explicit
6f210b05-5d6a-4486-80e1-145475b213de,ЦДНТА-(Р-107-3-36-3-628+++Р-107-3-36-3-628+++Р-107-3-36-3-628),Р-107-3-36-3-628,Р107,3-36,3,628,opys-explicit
4d3325a3-7735-40cf-b693-0361403b8aac,ЦДНТА-(Р-107-3-36-3-623+++Р-107-3-36-3-623+++Р-107-3-36-3-623),Р-107-3-36-3-623,Р107,3-36,3,623,opys-explicit
1528d6a7-ca1b-415f-a914-5ef896d4e7db,ЦДНТА-(Р-107-3-36-3-620+++Р-107-3-36-3-620+++Р-107-3-36-3-620),Р-107-3-36-3-620,Р107,3-36,3,620,opys-explicit
ed400ec2-7dce-4f18-b19e-f51108793544,ЦДНТА-(Р-107-3-36-3-616+++Р-107-3-36-3-616+++Р-107-3-36-3-616),Р-107-3-36-3-616,Р107,3-36,3,616,opys-explicit
f8afd252-7f4c-45b3-8060-b24873da4379,ЦДНТА-(Р-107-3-36-3-647+++Р-107-3-36-3-647+++Р-107-3-36-3-647),Р-107-3-36-3-647,Р107,3-36,3,647,opys-explicit
a9028921-b342-4c9f-a7cf-0ecb9f5d5247,ЦДНТА-(Р-107-3-36-3-642+++Р-107-3-36-3-642+++Р-107-3-36-3-642),Р-107-3-36-3-642,Р107,3-36,3,642,opys-explicit
51b3bfec-bcf9-4408-a85d-06059d1083b5,ЦДНТА-(Р-107-3-36-3-619+++Р-107-3-36-3-619+++Р-107-3-36-3-619),Р-107-3-36-3-619,Р107,3-36,3,619,opys-explicit
23491ba0-d549-4026-b4ec-62be44b2e9ae,ЦДНТА-(Р-107-3-36-3-641+++Р-107-3-36-3-641+++Р-107-3-36-3-641),Р-107-3-36-3-641,Р107,3-36,3,641,opys-explicit
f16f462f-41bb-42f9-81c1-e6f2bff1fbbb,ЦДНТА-(Р-107-3-36-3-646+++Р-107-3-36-3-646+++Р-107-3-36-3-646),Р-107-3-36-3-646,Р107,3-36,3,646,opys-explicit
3d29c060-c4c7-4d73-a633-d6374168b365,ЦДНТА-(Р-107-3-36-3-653+++Р-107-3-36-3-653+++Р-107-3-36-3-653),Р-107-3-36-3-653,Р107,3-36,3,653,opys-explicit
fa8cace8-0ca1-4ba5-b022-3b23dc14399c,ЦДНТА-(Р-107-3-36-3-656+++Р-107-3-36-3-656+++Р-107-3-36-3-656),Р-107-3-36-3-656,Р107,3-36,3,656,opys-explicit
1c6c4f80-0660-4ce1-acc1-0f259d5ed849,ЦДНТА-(Р-107-3-36-3-643+++Р-107-3-36-3-643+++Р-107-3-36-3-643),Р-107-3-36-3-643,Р107,3-36,3,643,opys-explicit
0db1ddce-1be0-4610-932e-081a7044f7d8,ЦДНТА-(Р-107-3-36-3-597+++Р-107-3-36-3-597+++Р-107-3-36-3-597),Р-107-3-36-3-597,Р107,3-36,3,597,opys-explicit
9d285ac0-0294-4348-9f03-349380d98fee,ЦДНТА-(Р-107-3-36-3-678+++Р-107-3-36-3-678+++Р-107-3-36-3-678),Р-107-3-36-3-678,Р107,3-36,3,678,opys-explicit
7b326c70-bc50-4e99-867d-84ae3482492d,ЦДНТА-(Р-107-3-36-3-676+++Р-107-3-36-3-676+++Р-107-3-36-3-676),Р-107-3-36-3-676,Р107,3-36,3,676,opys-explicit
7617af66-beb0-4545-aec4-8c21859f6898,ЦДНТА-(Р-107-3-36-3-665+++Р-107-3-36-3-665+++Р-107-3-36-3-665),Р-107-3-36-3-665,Р107,3-36,3,665,opys-explicit
4828a51b-05df-4a65-bcb3-9f24d7eebd41,ЦДНТА-(Р-107-3-36-3-662+++Р-107-3-36-3-662+++Р-107-3-36-3-662),Р-107-3-36-3-662,Р107,3-36,3,662,opys-explicit
f627265e-3e53-4365-9b7e-6e8eb570e78f,ЦДНТА-(Р-107-3-36-3-651+++Р-107-3-36-3-651+++Р-107-3-36-3-651),Р-107-3-36-3-651,Р107,3-36,3,651,opys-explicit
dd571ce6-bd6e-4b40-b7ef-15d10d9c6991,ЦДНТА-(Р-107-3-36-3-660+++Р-107-3-36-3-660+++Р-107-3-36-3-660),Р-107-3-36-3-660,Р107,3-36,3,660,opys-explicit
82b17716-c47d-4104-9aa7-abbc6efa628a,ЦДНТА-(Р-107-3-36-3-669+++Р-107-3-36-3-669+++Р-107-3-36-3-669),Р-107-3-36-3-669,Р107,3-36,3,669,opys-explicit
10aee54b-6b5c-4523-9111-b4c698a0f7de,ЦДНТА-(Р-107-3-36-3-654+++Р-107-3-36-3-654+++Р-107-3-36-3-654),Р-107-3-36-3-654,Р107,3-36,3,654,opys-explicit
cf5eb6fa-f0be-47e3-ae1a-c85789637cd5,ЦДНТА-(Р-107-3-36-3-652+++Р-107-3-36-3-652+++Р-107-3-36-3-652),Р-107-3-36-3-652,Р107,3-36,3,652,opys-explicit
68c339a7-8028-4de4-adb5-ca98ec027add,ЦДНТА-(Р-107-3-36-3-668+++Р-107-3-36-3-668+++Р-107-3-36-3-668),Р-107-3-36-3-668,Р107,3-36,3,668,opys-explicit
07b6242b-674d-40df-a6c3-6c5975acfc49,ЦДНТА-(Р-107-3-36-3-702+++Р-107-3-36-3-702+++Р-107-3-36-3-702),Р-107-3-36-3-702,Р107,3-36,3,702,opys-explicit
44d8d88d-b7d6-4c7a-ba38-f3d2b4235eae,ЦДНТА-(Р-107-3-36-3-492+++Р-107-3-36-3-492+++Р-107-3-36-3-492),Р-107-3-36-3-492,Р107,3-36,3,492,opys-explicit
b3f09a2d-9179-4e4b-84e5-08030f74b9d4,ЦДНТА-(Р-107-3-36-3-489+++Р-107-3-36-3-489+++Р-107-3-36-3-489),Р-107-3-36-3-489,Р107,3-36,3,489,opys-explicit
25a7f70f-a31c-4e27-8eb6-59e6eee542ea,ЦДНТА-(Р-107-3-36-3-508+++Р-107-3-36-3-508+++Р-107-3-36-3-508),Р-107-3-36-3-508,Р107,3-36,3,508,opys-explicit
c4e4e022-ce42-40ae-b88a-564a77da9d0f,ЦДНТА-(Р-107-3-36-3-509+++Р-107-3-36-3-509+++Р-107-3-36-3-509),Р-107-3-36-3-509,Р107,3-36,3,509,opys-explicit
af6203f0-6645-4933-b714-ea566ce42647,ЦДНТА-(Р-107-3-36-3-498+++Р-107-3-36-3-498+++Р-107-3-36-3-498),Р-107-3-36-3-498,Р107,3-36,3,498,opys-explicit
ed23c0e3-dc1d-44eb-94d6-a3cbcd9d6af9,ЦДНТА-(Р-107-3-36-3-525+++Р-107-3-36-3-525+++Р-107-3-36-3-525),Р-107-3-36-3-525,Р107,3-36,3,525,opys-explicit
f668cd80-1f2d-437a-af44-c9268f953095,ЦДНТА-(Р-107-3-36-3-519+++Р-107-3-36-3-519+++Р-107-3-36-3-519),Р-107-3-36-3-519,Р107,3-36,3,519,opys-explicit
10d7dcc2-bc67-4986-be54-1bd0d7ca323a,ЦДНТА-(Р-107-3-36-3-513+++Р-107-3-36-3-513+++Р-107-3-36-3-513),Р-107-3-36-3-513,Р107,3-36,3,513,opys-explicit
6f01e8a8-270e-4e0d-b1a2-3f720b63e8a4,ЦДНТА-(Р-107-3-36-3-518+++Р-107-3-36-3-518+++Р-107-3-36-3-518),Р-107-3-36-3-518,Р107,3-36,3,518,opys-explicit
46bbb727-e40a-4298-87dc-94f8242635cd,ЦДНТА-(Р-107-3-36-3-517+++Р-107-3-36-3-517+++Р-107-3-36-3-517),Р-107-3-36-3-517,Р107,3-36,3,517,opys-explicit
1bb55c25-daae-4f6f-a133-3a87ba7dd66f,ЦДНТА-(Р-107-3-36-3-532+++Р-107-3-36-3-532+++Р-107-3-36-3-532),Р-107-3-36-3-532,Р107,3-36,3,532,opys-explicit
601be32e-5e6f-4203-83a0-45f328b51f7e,ЦДНТА-(Р-107-3-36-3-531+++Р-107-3-36-3-531+++Р-107-3-36-3-531),Р-107-3-36-3-531,Р107,3-36,3,531,opys-explicit
8c74b5ba-286f-4d2e-a799-e5fa4236c3f4,ЦДНТА-(Р-107-3-36-3-537+++Р-107-3-36-3-537+++Р-107-3-36-3-537),Р-107-3-36-3-537,Р107,3-36,3,537,opys-explicit
df845b38-5bf0-4994-b1d2-5e0323e66904,ЦДНТА-(Р-107-3-36-3-544+++Р-107-3-36-3-544+++Р-107-3-36-3-544),Р-107-3-36-3-544,Р107,3-36,3,544,opys-explicit
e2af6bd3-0295-4ef0-9731-e0f59d5d12a4,ЦДНТА-(Р-107-3-36-3-536+++Р-107-3-36-3-536+++Р-107-3-36-3-536),Р-107-3-36-3-536,Р107,3-36,3,536,opys-explicit
70894ccc-ce6c-449c-b3fc-be8dc09478da,ЦДНТА-(Р-107-3-36-3-541+++Р-107-3-36-3-541+++Р-107-3-36-3-541),Р-107-3-36-3-541,Р107,3-36,3,541,opys-explicit
7d93ef54-f9de-4f04-8f48-722628531d47,ЦДНТА-(Р-107-3-36-3-540+++Р-107-3-36-3-540+++Р-107-3-36-3-540),Р-107-3-36-3-540,Р107,3-36,3,540,opys-explicit
91855efa-1c1e-4259-a186-fea7f459440a,ЦДНТА-(Р-107-3-36-3-552+++Р-107-3-36-3-552+++Р-107-3-36-3-552),Р-107-3-36-3-552,Р107,3-36,3,552,opys-explicit
38233365-c1f8-4ba8-854c-568b55e16852,ЦДНТА-(Р-107-3-36-3-546+++Р-107-3-36-3-546+++Р-107-3-36-3-546),Р-107-3-36-3-546,Р107,3-36,3,546,opys-explicit
01cd4df2-c328-4e95-9523-cc9aafb17acf,ЦДНТА-(Р-107-3-36-3-534+++Р-107-3-36-3-534+++Р-107-3-36-3-534),Р-107-3-36-3-534,Р107,3-36,3,534,opys-explicit
794dcbec-ea94-4eff-af52-3368b687dfbb,ЦДНТА-(Р-107-3-36-3-557+++Р-107-3-36-3-557+++Р-107-3-36-3-557),Р-107-3-36-3-557,Р107,3-36,3,557,opys-explicit
52390988-58fd-4741-b2de-fbdfe68af62d,ЦДНТА-(Р-107-3-36-3-555+++Р-107-3-36-3-555+++Р-107-3-36-3-555),Р-107-3-36-3-555,Р107,3-36,3,555,opys-explicit
e5a60f1b-b05b-4273-bb87-09ae0fb26eae,ЦДНТА-(Р-107-3-36-3-567+++Р-107-3-36-3-567+++Р-107-3-36-3-567),Р-107-3-36-3-567,Р107,3-36,3,567,opys-explicit
5841564f-c25d-4532-bb49-1ddd375db6bc,ЦДНТА-(Р-107-3-36-3-588+++Р-107-3-36-3-588+++Р-107-3-36-3-588),Р-107-3-36-3-588,Р107,3-36,3,588,opys-explicit
9f66f467-bde7-40d0-977b-b5a8d3a73ff2,ЦДНТА-(Р-107-3-36-3-577+++Р-107-3-36-3-577+++Р-107-3-36-3-577),Р-107-3-36-3-577,Р107,3-36,3,577,opys-explicit
7c859107-89d2-4da2-a811-1b9adc8e956f,ЦДНТА-(Р-107-3-36-3-611+++Р-107-3-36-3-611+++Р-107-3-36-3-611),Р-107-3-36-3-611,Р107,3-36,3,611,opys-explicit
519c79e9-f588-4778-b23a-b0d2f7c69761,ЦДНТА-(Р-107-3-36-3-589+++Р-107-3-36-3-589+++Р-107-3-36-3-589),Р-107-3-36-3-589,Р107,3-36,3,589,opys-explicit
179bd012-7568-4b61-8759-b060377f04e2,ЦДНТА-(Р-107-3-36-3-594+++Р-107-3-36-3-594+++Р-107-3-36-3-594),Р-107-3-36-3-594,Р107,3-36,3,594,opys-explicit
53d2946f-bfdd-4870-a63f-ebbcf5fc0968,ЦДНТА-(Р-107-3-36-3-606+++Р-107-3-36-3-606+++Р-107-3-36-3-606),Р-107-3-36-3-606,Р107,3-36,3,606,opys-explicit
28320fb7-a3b0-498e-81d0-6ae7475b7816,ЦДНТА-(Р-107-3-36-3-613+++Р-107-3-36-3-613+++Р-107-3-36-3-613),Р-107-3-36-3-613,Р107,3-36,3,613,opys-explicit
3a4042e1-2040-424d-b032-8f5b439f86ca,ЦДНТА-(Р-107-3-36-3-609+++Р-107-3-36-3-609+++Р-107-3-36-3-609),Р-107-3-36-3-609,Р107,3-36,3,609,opys-explicit
5d5d18d5-fef4-4572-8138-0414a8bf3ead,ЦДНТА-(Р-107-3-36-3-586+++Р-107-3-36-3-586+++Р-107-3-36-3-586),Р-107-3-36-3-586,Р107,3-36,3,586,opys-explicit
3bda9b03-889e-4149-8f8a-ec7061a45315,ЦДНТА-(Р-107-3-36-3-595+++Р-107-3-36-3-595+++Р-107-3-36-3-595),Р-107-3-36-3-595,Р107,3-36,3,595,opys-explicit
f7da8107-f8fd-4b8f-8b23-2308f1200c4e,ЦДНТА-(Р-107-3-36-3-612+++Р-107-3-36-3-612+++Р-107-3-36-3-612),Р-107-3-36-3-612,Р107,3-36,3,612,opys-explicit
092a1039-aa70-419d-ac89-0a5c6c3b43f6,ЦДНТА-(Р-107-3-36-3-607+++Р-107-3-36-3-607+++Р-107-3-36-3-607),Р-107-3-36-3-607,Р107,3-36,3,607,opys-explicit
31efc73b-0613-47f0-87c4-77edc991c192,ЦДНТА-(Р-107-3-36-3-608+++Р-107-3-36-3-608+++Р-107-3-36-3-608),Р-107-3-36-3-608,Р107,3-36,3,608,opys-explicit
0d09f046-e36b-4310-9f62-bab7e8e3225d,ЦДНТА-(Р-107-3-36-3-618+++Р-107-3-36-3-618+++Р-107-3-36-3-618),Р-107-3-36-3-618,Р107,3-36,3,618,opys-explicit
59b5f256-38d5-4b98-9b27-6d6fbbedf155,ЦДНТА-(Р-107-3-36-3-624+++Р-107-3-36-3-624+++Р-107-3-36-3-624),Р-107-3-36-3-624,Р107,3-36,3,624,opys-explicit
1cedd987-1038-4890-af8b-17c24961f213,ЦДНТА-(Р-107-3-36-3-635+++Р-107-3-36-3-635+++Р-107-3-36-3-635),Р-107-3-36-3-635,Р107,3-36,3,635,opys-explicit
763e9353-bf23-4cf6-87a3-d165d0a57570,ЦДНТА-(Р-107-3-36-3-637+++Р-107-3-36-3-637+++Р-107-3-36-3-637),Р-107-3-36-3-637,Р107,3-36,3,637,opys-explicit
db788e57-e8c4-442f-91cc-8bf19f246e84,ЦДНТА-(Р-107-3-36-3-638+++Р-107-3-36-3-638+++Р-107-3-36-3-638),Р-107-3-36-3-638,Р107,3-36,3,638,opys-explicit
fcaf8c66-2987-4652-9462-65667aa9452c,ЦДНТА-(Р-107-3-36-3-649+++Р-107-3-36-3-649+++Р-107-3-36-3-649),Р-107-3-36-3-649,Р107,3-36,3,649,opys-explicit
b5423ea1-31bb-45f7-907a-50a5fbf4c391,ЦДНТА-(Р-107-3-36-3-671+++Р-107-3-36-3-671+++Р-107-3-36-3-671),Р-107-3-36-3-671,Р107,3-36,3,671,opys-explicit
edf2b57c-7c05-4758-81db-28259305e847,ЦДНТА-(Р-107-3-36-3-664+++Р-107-3-36-3-664+++Р-107-3-36-3-664),Р-107-3-36-3-664,Р107,3-36,3,664,opys-explicit
31f7f23c-a6eb-4a91-9ec6-d1219a028c3f,ЦДНТА-(Р-107-3-36-3-670+++Р-107-3-36-3-670+++Р-107-3-36-3-670),Р-107-3-36-3-670,Р107,3-36,3,670,opys-explicit
8c26d67f-4908-498e-8079-78be552bac3f,ЦДНТА-(Р-107-3-36-3-674+++Р-107-3-36-3-674+++Р-107-3-36-3-674),Р-107-3-36-3-674,Р107,3-36,3,674,opys-explicit
55ddcdef-a295-4c04-bcee-0ed7767b41de,ЦДНТА-(Р-107-3-36-3-645+++Р-107-3-36-3-645+++Р-107-3-36-3-645),Р-107-3-36-3-645,Р107,3-36,3,645,opys-explicit
253e8aaa-71fe-4ba9-b0b2-541e2fd0dcce,ЦДНТА-(Р-107-3-36-3-677+++Р-107-3-36-3-677+++Р-107-3-36-3-677),Р-107-3-36-3-677,Р107,3-36,3,677,opys-explicit
5f8d5810-952a-4254-9097-e888aef6d4bd,ЦДНТА-(Р-107-3-36-3-686+++Р-107-3-36-3-686+++Р-107-3-36-3-686),Р-107-3-36-3-686,Р107,3-36,3,686,opys-explicit
20fcfff6-8a4f-4e39-bff5-85bacb642ef2,ЦДНТА-(Р-107-3-36-3-639+++Р-107-3-36-3-639+++Р-107-3-36-3-639),Р-107-3-36-3-639,Р107,3-36,3,639,opys-explicit
f55e9e05-b274-438f-988a-3b4bbb47e000,ЦДНТА-(Р-107-3-36-3-648+++Р-107-3-36-3-648+++Р-107-3-36-3-648),Р-107-3-36-3-648,Р107,3-36,3,648,opys-explicit
af3c4245-4966-4de7-877c-203fc8043173,ЦДНТА-(Р-107-3-36-3-694+++Р-107-3-36-3-694+++Р-107-3-36-3-694),Р-107-3-36-3-694,Р107,3-36,3,694,opys-explicit
80c866d6-2cc1-4748-9a0d-c224154de19a,ЦДНТА-(Р-107-3-36-3-695+++Р-107-3-36-3-695+++Р-107-3-36-3-695),Р-107-3-36-3-695,Р107,3-36,3,695,opys-explicit
5b9f46fe-bec9-4dca-88fc-0c5233ce5929,ЦДНТА-(Р-107-3-36-3-692+++Р-107-3-36-3-692+++Р-107-3-36-3-692),Р-107-3-36-3-692,Р107,3-36,3,692,opys-explicit
2836593d-0744-41f4-99ae-b0f904224a2c,ЦДНТА-(Р-107-3-36-7-2718+++Р-107-3-36-7-2718+++Р-107-3-36-7-2718),Р-107-3-36-7-2718,Р107,3-36,7,2718,opys-explicit
dd18bd24-f960-4287-a3c3-7d213e7c4bd0,ЦДНТА-(Р-107-3-36-7-2715+++Р-107-3-36-7-2715+++Р-107-3-36-7-2715),Р-107-3-36-7-2715,Р107,3-36,7,2715,opys-explicit
cdad14bd-009f-4b33-bfb1-6cb9279f8d5b,ЦДНТА-(Р-107-3-36-7-2722+++Р-107-3-36-7-2722+++Р-107-3-36-7-2722),Р-107-3-36-7-2722,Р107,3-36,7,2722,opys-explicit
2da03547-a89b-4468-a0d4-06ddbfc23f4e,ЦДНТА-(Р-107-3-36-7-2745+++Р-107-3-36-7-2745+++Р-107-3-36-7-2745),Р-107-3-36-7-2745,Р107,3-36,7,2745,opys-explicit
1c882fcb-c56e-499b-972f-f4ff41b1be44,ЦДНТА-(Р-107-3-36-7-2719+++Р-107-3-36-7-2719+++Р-107-3-36-7-2719),Р-107-3-36-7-2719,Р107,3-36,7,2719,opys-explicit
34a9e801-00c1-46fb-b329-9ad0cd2fbed3,ЦДНТА-(Р-107-3-36-7-2748+++Р-107-3-36-7-2748+++Р-107-3-36-7-2748),Р-107-3-36-7-2748,Р107,3-36,7,2748,opys-explicit
ad788ab1-8340-4245-9f71-416b15f9b04b,ЦДНТА-(Р-107-3-36-7-2742+++Р-107-3-36-7-2742+++Р-107-3-36-7-2742),Р-107-3-36-7-2742,Р107,3-36,7,2742,opys-explicit
11201318-16a9-46e7-b3af-f9a1ccb824b0,ЦДНТА-(Р-107-3-36-7-2772+++Р-107-3-36-7-2772+++Р-107-3-36-7-2772),Р-107-3-36-7-2772,Р107,3-36,7,2772,opys-explicit
1b6810e4-4713-47e9-9d58-9ec5e0f74ac4,ЦДНТА-(Р-107-3-36-7-2778+++Р-107-3-36-7-2778+++Р-107-3-36-7-2778),Р-107-3-36-7-2778,Р107,3-36,7,2778,opys-explicit
3d5f77c5-3b77-44c4-a7bc-606f2df57e64,ЦДНТА-(Р-107-3-36-7-2766+++Р-107-3-36-7-2766+++Р-107-3-36-7-2766),Р-107-3-36-7-2766,Р107,3-36,7,2766,opys-explicit
c3fa446c-8469-4ffa-9191-2f9b32a35320,ЦДНТА-(Р-107-3-36-7-2762+++Р-107-3-36-7-2762+++Р-107-3-36-7-2762),Р-107-3-36-7-2762,Р107,3-36,7,2762,opys-explicit
3d44f7f0-d09c-44b6-a683-db75f028386f,ЦДНТА-(Р-107-3-36-7-2780+++Р-107-3-36-7-2780+++Р-107-3-36-7-2780),Р-107-3-36-7-2780,Р107,3-36,7,2780,opys-explicit
8165c1e0-23ee-459b-842f-f08ecc066eb6,ЦДНТА-(Р-107-3-36-7-2776+++Р-107-3-36-7-2776+++Р-107-3-36-7-2776),Р-107-3-36-7-2776,Р107,3-36,7,2776,opys-explicit
3709b29a-0c1f-4ef4-a648-e68a4d68619f,ЦДНТА-(Р-107-3-36-7-2801+++Р-107-3-36-7-2801+++Р-107-3-36-7-2801),Р-107-3-36-7-2801,Р107,3-36,7,2801,opys-explicit
ace4eac8-2650-421e-b447-077fe46eb9a8,ЦДНТА-(Р-107-3-36-7-2824+++Р-107-3-36-7-2824+++Р-107-3-36-7-2824),Р-107-3-36-7-2824,Р107,3-36,7,2824,opys-explicit
0cb4e52a-fd65-4522-b5c1-72fa17da594f,ЦДНТА-(Р-107-3-36-7-2817+++Р-107-3-36-7-2817+++Р-107-3-36-7-2817),Р-107-3-36-7-2817,Р107,3-36,7,2817,opys-explicit
fb658d7a-9e30-4646-a006-35902674d55c,ЦДНТА-(Р-107-3-36-7-2816+++Р-107-3-36-7-2816+++Р-107-3-36-7-2816),Р-107-3-36-7-2816,Р107,3-36,7,2816,opys-explicit
c569d733-ed70-4f94-8292-dab67ffaef58,ЦДНТА-(Р-107-3-36-7-2810+++Р-107-3-36-7-2810+++Р-107-3-36-7-2810),Р-107-3-36-7-2810,Р107,3-36,7,2810,opys-explicit
f1b84f81-c240-4a1d-8442-caec50a318c0,ЦДНТА-(Р-107-3-36-7-2809+++Р-107-3-36-7-2809+++Р-107-3-36-7-2809),Р-107-3-36-7-2809,Р107,3-36,7,2809,opys-explicit
3c0bade2-01a9-4ef7-959d-862aaac6d810,ЦДНТА-(Р-107-3-36-7-2811+++Р-107-3-36-7-2811+++Р-107-3-36-7-2811),Р-107-3-36-7-2811,Р107,3-36,7,2811,opys-explicit
c3c600a2-806e-448e-b0da-4a704fa88d1a,ЦДНТА-(Р-18-3-10-1-1+++Р-18-3-10-1-1+++Р-18-3-10-1-1),Р-18-3-10-1-1,Р18,3-10,1,1,opys-explicit
9b7a99b3-c618-4491-af8c-92de1ea30360,ЦДНТА-(Р-18-3-10-1-6+++Р-18-3-10-1-6+++Р-18-3-10-1-6),Р-18-3-10-1-6,Р18,3-10,1,6,opys-explicit
0854b61a-1a10-4630-bd26-6e93f4e59f48,ЦДНТА-(Р-18-3-10-1-7+++Р-18-3-10-1-7+++Р-18-3-10-1-7),Р-18-3-10-1-7,Р18,3-10,1,7,opys-explicit
f86a0be2-a594-42ab-8c63-1626e54d06e5,ЦДНТА-(Р-18-3-10-1-42+++Р-18-3-10-1-42+++Р-18-3-10-1-42),Р-18-3-10-1-42,Р18,3-10,1,42,opys-explicit
28240c12-0883-4a7f-a79c-fe0ed9c3e09b,ЦДНТА-(Р-18-3-10-1-44+++Р-18-3-10-1-44+++Р-18-3-10-1-44),Р-18-3-10-1-44,Р18,3-10,1,44,opys-explicit
bc9fcab7-e483-46d1-be40-331dee9ee9ad,ЦДНТА-(Р-18-3-10-1-59+++Р-18-3-10-1-59+++Р-18-3-10-1-59),Р-18-3-10-1-59,Р18,3-10,1,59,opys-explicit
e2a4cda4-2daf-491a-a55b-ecfd30398353,ЦДНТА-(Р-18-3-10-1-85+++Р-18-3-10-1-85+++Р-18-3-10-1-85),Р-18-3-10-1-85,Р18,3-10,1,85,opys-explicit
81d603c5-60cf-43b2-b356-c7c4e3600c98,ЦДНТА-(Р-18-3-10-1-82+++Р-18-3-10-1-82+++Р-18-3-10-1-82),Р-18-3-10-1-82,Р18,3-10,1,82,opys-explicit
7bf355dd-c659-4873-b6a3-3fc2a0100350,ЦДНТА-(Р-18-3-10-1-105+++Р-18-3-10-1-105+++Р-18-3-10-1-105),Р-18-3-10-1-105,Р18,3-10,1,105,opys-explicit
e462332c-abec-4059-9216-0363d3d82b5d,ЦДНТА-(Р-18-3-10-1-103+++Р-18-3-10-1-103+++Р-18-3-10-1-103),Р-18-3-10-1-103,Р18,3-10,1,103,opys-explicit
cf68405b-8bfe-4bb6-b95d-c8e81e86174e,ЦДНТА-(Р-18-3-10-1-115+++Р-18-3-10-1-115+++Р-18-3-10-1-115),Р-18-3-10-1-115,Р18,3-10,1,115,opys-explicit
6a9b2711-7eb1-49fa-a279-ca7928bae790,ЦДНТА-(Р-18-3-10-1-121+++Р-18-3-10-1-121+++Р-18-3-10-1-121),Р-18-3-10-1-121,Р18,3-10,1,121,opys-explicit
9fe063b9-5d88-4450-89ed-d59e8c6a72b2,ЦДНТА-(Р-18-3-10-1-122+++Р-18-3-10-1-122+++Р-18-3-10-1-122),Р-18-3-10-1-122,Р18,3-10,1,122,opys-explicit
e3e5079c-d379-4530-af5a-531be9a8b561,ЦДНТА-(Р-18-3-10-1-123+++Р-18-3-10-1-123+++Р-18-3-10-1-123),Р-18-3-10-1-123,Р18,3-10,1,123,opys-explicit
4c74fb7d-671e-48c7-a808-43f29e628270,ЦДНТА-(Р-18-3-10-1-129+++Р-18-3-10-1-129+++Р-18-3-10-1-129),Р-18-3-10-1-129,Р18,3-10,1,129,opys-explicit
d30df67b-44cf-406f-b493-6742f9d36f03,ЦДНТА-(Р-18-3-10-1-131+++Р-18-3-10-1-131+++Р-18-3-10-1-131),Р-18-3-10-1-131,Р18,3-10,1,131,opys-explicit
6bc38ba8-771d-4855-8898-93cff982d4f4,ЦДНТА-(Р-18-3-10-1-138+++Р-18-3-10-1-138+++Р-18-3-10-1-138),Р-18-3-10-1-138,Р18,3-10,1,138,opys-explicit
e54621d6-4bbc-40a3-af49-b64ed70a5c0c,ЦДНТА-(Р-18-3-10-1-149+++Р-18-3-10-1-149+++Р-18-3-10-1-149),Р-18-3-10-1-149,Р18,3-10,1,149,opys-explicit
0a6fc898-7275-468c-8a42-96d77b57527f,ЦДНТА-(Р-18-3-10-1-158+++Р-18-3-10-1-158+++Р-18-3-10-1-158),Р-18-3-10-1-158,Р18,3-10,1,158,opys-explicit
b74877fa-208e-43cc-9fea-426b5905abea,ЦДНТА-(Р-18-3-10-1-195+++Р-18-3-10-1-195+++Р-18-3-10-1-195),Р-18-3-10-1-195,Р18,3-10,1,195,opys-explicit
60e5b12c-c977-478a-bbb1-85251b651b95,ЦДНТА-(Р-18-3-10-2-210+++Р-18-3-10-2-210+++Р-18-3-10-2-210),Р-18-3-10-2-210,Р18,3-10,2,210,opys-explicit
bb494cf5-86aa-4380-af59-1f1c56dc4bbc,ЦДНТА-(Р-18-3-10-2-241+++Р-18-3-10-2-241+++Р-18-3-10-2-241),Р-18-3-10-2-241,Р18,3-10,2,241,opys-explicit
84b3fb82-6353-438f-8112-57b120d9d34b,ЦДНТА-(Р-18-3-10-2-240+++Р-18-3-10-2-240+++Р-18-3-10-2-240),Р-18-3-10-2-240,Р18,3-10,2,240,opys-explicit
4c863eb6-8740-49e1-b01c-557255428156,ЦДНТА-(Р-18-3-10-2-221+++Р-18-3-10-2-221+++Р-18-3-10-2-221),Р-18-3-10-2-221,Р18,3-10,2,221,opys-explicit
affe3586-f1dc-4b6a-9e45-b7008147716c,ЦДНТА-(Р-18-3-10-2-231+++Р-18-3-10-2-231+++Р-18-3-10-2-231),Р-18-3-10-2-231,Р18,3-10,2,231,opys-explicit
ac6b6188-7726-445f-9be9-d8d63b302a07,ЦДНТА-(Р-107-3-36-7-2711+++Р-107-3-36-7-2711+++Р-107-3-36-7-2711),Р-107-3-36-7-2711,Р107,3-36,7,2711,opys-explicit
971b3248-3fe2-4f6d-a3c9-a4e935054841,ЦДНТА-(Р-107-3-36-7-2694+++Р-107-3-36-7-2694+++Р-107-3-36-7-2694),Р-107-3-36-7-2694,Р107,3-36,7,2694,opys-explicit
cdc74d76-1612-4a82-bc7f-f2a24682bc72,ЦДНТА-(Р-107-3-36-7-2696+++Р-107-3-36-7-2696+++Р-107-3-36-7-2696),Р-107-3-36-7-2696,Р107,3-36,7,2696,opys-explicit
afc67d69-e036-40d9-bdf6-e60c105c8ada,ЦДНТА-(Р-107-3-36-7-2708+++Р-107-3-36-7-2708+++Р-107-3-36-7-2708),Р-107-3-36-7-2708,Р107,3-36,7,2708,opys-explicit
b94d8782-ce4c-4b10-ab01-903824d2e559,ЦДНТА-(Р-107-3-36-7-2736+++Р-107-3-36-7-2736+++Р-107-3-36-7-2736),Р-107-3-36-7-2736,Р107,3-36,7,2736,opys-explicit
d3a85335-0640-4eb2-b381-2540e49fb82a,ЦДНТА-(Р-107-3-36-7-2728+++Р-107-3-36-7-2728+++Р-107-3-36-7-2728),Р-107-3-36-7-2728,Р107,3-36,7,2728,opys-explicit
704e96bf-ed1b-4700-ab04-4dcbc7a1dd87,ЦДНТА-(Р-107-3-36-7-2724+++Р-107-3-36-7-2724+++Р-107-3-36-7-2724),Р-107-3-36-7-2724,Р107,3-36,7,2724,opys-explicit
36643ecb-0b80-49ca-b2b2-d15076ed5689,ЦДНТА-(Р-107-3-36-3-264+++Р-107-3-36-3-264+++Р-107-3-36-3-264),Р-107-3-36-3-264,Р107,3-36,3,264,opys-explicit
ee9a7a9f-af6e-43b5-abf1-b874a0f93c75,ЦДНТА-(Р-17-3-9-652+++Р-17-3-9-652+++Р-17-3-9-652),Р-17-3-9-652,Р17,3-9,1,652,range-lookup
d10c47c3-699a-4434-ba2c-21a4d0d89e82,ЦДНТА-(Р-107-3-36-3-227+++Р-107-3-36-3-227+++Р-107-3-36-3-227),Р-107-3-36-3-227,Р107,3-36,3,227,opys-explicit
8c0c8e79-7cb9-4499-a6ee-34bb6dfe1745,ЦДНТА-(Р-107-3-36-3-251+++Р-107-3-36-3-251+++Р-107-3-36-3-251),Р-107-3-36-3-251,Р107,3-36,3,251,opys-explicit
74adef2f-693c-4482-96ac-fa6d95c2989f,ЦДНТА-(Р-17-3-9-380+++Р-17-3-9-380+++Р-17-3-9-380),Р-17-3-9-380,Р17,3-9,1,380,range-lookup
1ddec723-d386-4461-96a5-0ae721ecf9e9,ЦДНТА-(Р-17-3-9-387+++Р-17-3-9-387+++Р-17-3-9-387),Р-17-3-9-387,Р17,3-9,1,387,range-lookup
07de0c28-46dc-4002-b2f2-222a68d43d89,ЦДНТА-(Р-17-3-9-409+++Р-17-3-9-409+++Р-17-3-9-409),Р-17-3-9-409,Р17,3-9,1,409,range-lookup
274d8eed-6381-4312-8a12-b696241f695e,ЦДНТА-(Р-17-3-9-529+++Р-17-3-9-529+++Р-17-3-9-529),Р-17-3-9-529,Р17,3-9,1,529,range-lookup
b37a8c68-de65-4606-ae61-149fa300332a,ЦДНТА-(Р-17-3-9-528+++Р-17-3-9-528+++Р-17-3-9-528),Р-17-3-9-528,Р17,3-9,1,528,range-lookup
d616ca6d-9bff-46d2-a3c3-a0fdfe4bf1ca,ЦДНТА-(Р-17-3-9-530+++Р-17-3-9-530+++Р-17-3-9-530),Р-17-3-9-530,Р17,3-9,1,530,range-lookup
f73ceae6-fcd6-48e1-ada9-3068e4ae703e,ЦДНТА-(Р-17-3-9-543+++Р-17-3-9-543+++Р-17-3-9-543),Р-17-3-9-543,Р17,3-9,1,543,range-lookup
f37c8312-fa97-4743-a0e3-e56c79aff55c,ЦДНТА-(Р-17-3-9-566+++Р-17-3-9-566+++Р-17-3-9-566),Р-17-3-9-566,Р17,3-9,1,566,range-lookup
12f15a61-b01c-49f6-9e1b-6ad7ac49422a,ЦДНТА-(Р-17-3-9-573+++Р-17-3-9-573+++Р-17-3-9-573),Р-17-3-9-573,Р17,3-9,1,573,range-lookup
49f2cdbc-7e2c-4702-8d20-3d048dbd5eed,ЦДНТА-(Р-17-3-9-595+++Р-17-3-9-595+++Р-17-3-9-595),Р-17-3-9-595,Р17,3-9,1,595,range-lookup
72c12ff7-2d05-4721-992c-0444b8dd9681,ЦДНТА-(Р-17-3-9-631+++Р-17-3-9-631+++Р-17-3-9-631),Р-17-3-9-631,Р17,3-9,1,631,range-lookup
7fa46a2a-4606-417e-802c-fa3d91d564dc,ЦДНТА-(Р-17-3-9-632+++Р-17-3-9-632+++Р-17-3-9-632),Р-17-3-9-632,Р17,3-9,1,632,range-lookup
c90295da-ca67-484b-8e2a-3185d2f188a1,ЦДНТА-(Р-17-3-9-635+++Р-17-3-9-635+++Р-17-3-9-635),Р-17-3-9-635,Р17,3-9,1,635,range-lookup
98be0fa2-bfc7-4269-b97d-831fba2d25a1,ЦДНТА-(Р-17-3-9-647+++Р-17-3-9-647+++Р-17-3-9-647),Р-17-3-9-647,Р17,3-9,1,647,range-lookup
5c269e8b-b35b-497e-bcb0-50c413c393ad,ЦДНТА-(Р-17-3-9-2-736+++Р-17-3-9-2-736+++Р-17-3-9-2-736),Р-17-3-9-2-736,Р17,3-9,2,736,opys-explicit
2cfee7ce-f95a-48cd-afdb-8b9c580f302f,ЦДНТА-(Р-17-3-9-2-768+++Р-17-3-9-2-768+++Р-17-3-9-2-768),Р-17-3-9-2-768,Р17,3-9,2,768,opys-explicit
038a2cb6-ed0b-4dba-b97d-4166d636c7df,ЦДНТА-(Р-17-3-9-2-769+++Р-17-3-9-2-769+++Р-17-3-9-2-769),Р-17-3-9-2-769,Р17,3-9,2,769,opys-explicit
ac9d17de-1bcb-4652-b690-762bf3b603ce,ЦДНТА-(Р-17-3-9-4-2558+++Р-17-3-9-4-2558+++Р-17-3-9-4-2558),Р-17-3-9-4-2558,Р17,3-9,4,2558,opys-explicit
044644b5-3e98-4547-a784-c5319a3f7cef,ЦДНТА-(Р-17-3-9-4-2813+++Р-17-3-9-4-2813+++Р-17-3-9-4-2813),Р-17-3-9-4-2813,Р17,3-9,4,2813,opys-explicit
6b714bf3-740e-4662-8ce1-41b17723a23c,ЦДНТА-(Р-17-3-9-5-2820+++Р-17-3-9-5-2820+++Р-17-3-9-5-2820),Р-17-3-9-5-2820,Р17,3-9,5,2820,opys-explicit+outofrange
56a896e2-2f61-41fd-b77c-f00b0e11f197,ЦДНТА-(Р-107-3-36-2-203+++Р-107-3-36-2-203+++Р-107-3-36-2-203),Р-107-3-36-2-203,Р107,3-36,2,203,opys-explicit
2ff83bd9-74b6-4746-b15d-c01e25df990e,ЦДНТА-(Р-17-3-9-358+++Р-17-3-9-358+++Р-17-3-9-358),Р-17-3-9-358,Р17,3-9,1,358,range-lookup
98ddab29-aa5e-42da-8ee4-f8a47fff2b76,ЦДНТА-(Р-17-3-9-360+++Р-17-3-9-360+++Р-17-3-9-360),Р-17-3-9-360,Р17,3-9,1,360,range-lookup
c3c4b666-36bb-40c7-ad95-ed2ec1d94437,ЦДНТА-(Р-17-3-9-370+++Р-17-3-9-370+++Р-17-3-9-370),Р-17-3-9-370,Р17,3-9,1,370,range-lookup
75ee02a2-7143-4bb2-9ca7-a1a2aa4eaa3d,ЦДНТА-(Р-17-3-9-376+++Р-17-3-9-376+++Р-17-3-9-376),Р-17-3-9-376,Р17,3-9,1,376,range-lookup
5839eb63-c2d2-4d50-8c24-25d4ad832d1f,ЦДНТА-(Р-17-3-9-383+++Р-17-3-9-383+++Р-17-3-9-383),Р-17-3-9-383,Р17,3-9,1,383,range-lookup
f42bfb2a-bb5e-4d60-8e4e-9f9dfc871682,ЦДНТА-(Р-17-3-9-388+++Р-17-3-9-388+++Р-17-3-9-388),Р-17-3-9-388,Р17,3-9,1,388,range-lookup
2c72657d-ddd8-4782-94c4-68edb8f11d23,ЦДНТА-(Р-17-3-9-397+++Р-17-3-9-397+++Р-17-3-9-397),Р-17-3-9-397,Р17,3-9,1,397,range-lookup
d58b32aa-6f2c-45f2-89d3-699096cb2dcb,ЦДНТА-(Р-17-3-9-399+++Р-17-3-9-399+++Р-17-3-9-399),Р-17-3-9-399,Р17,3-9,1,399,range-lookup
fc4faaff-b3ae-4b82-a6b0-c8d59fbf3b6d,ЦДНТА-(Р-17-3-9-411+++Р-17-3-9-411+++Р-17-3-9-411),Р-17-3-9-411,Р17,3-9,1,411,range-lookup
0d2de272-bf2e-488b-967d-7056fda2e5ba,ЦДНТА-(Р-17-3-9-421+++Р-17-3-9-421+++Р-17-3-9-421),Р-17-3-9-421,Р17,3-9,1,421,range-lookup
cafdfb4c-5536-4f3e-843c-e7c46c3b9bab,ЦДНТА-(Р-17-3-9-446+++Р-17-3-9-446+++Р-17-3-9-446),Р-17-3-9-446,Р17,3-9,1,446,range-lookup
4c7341aa-1443-4ded-85a3-8381f66e3e79,ЦДНТА-(Р-17-3-9-444+++Р-17-3-9-444+++Р-17-3-9-444),Р-17-3-9-444,Р17,3-9,1,444,range-lookup
b6ccdecc-86c8-4440-ae40-015419c667cd,ЦДНТА-(Р-17-3-9-461+++Р-17-3-9-461+++Р-17-3-9-461),Р-17-3-9-461,Р17,3-9,1,461,range-lookup
31256278-9318-47ea-a1ce-35615b46fbc6,ЦДНТА-(Р-17-3-9-469+++Р-17-3-9-469+++Р-17-3-9-469),Р-17-3-9-469,Р17,3-9,1,469,range-lookup
cfd03546-ed85-461e-941a-2154d8ec9754,ЦДНТА-(Р-17-3-9-474+++Р-17-3-9-474+++Р-17-3-9-474),Р-17-3-9-474,Р17,3-9,1,474,range-lookup
928f8ec8-2812-4ed4-b41b-c591fb4b3df5,ЦДНТА-(Р-17-3-9-501+++Р-17-3-9-501+++Р-17-3-9-501),Р-17-3-9-501,Р17,3-9,1,501,range-lookup
d2e0400c-5755-4d5a-8120-3dda8b076f04,ЦДНТА-(Р-17-3-9-533+++Р-17-3-9-533+++Р-17-3-9-533),Р-17-3-9-533,Р17,3-9,1,533,range-lookup
299ed5de-b39d-4cd4-9f8a-4357934d469e,ЦДНТА-(Р-17-3-9-548+++Р-17-3-9-548+++Р-17-3-9-548),Р-17-3-9-548,Р17,3-9,1,548,range-lookup
bf535043-b2a8-4711-927a-834cd4489839,ЦДНТА-(Р-17-3-9-563+++Р-17-3-9-563+++Р-17-3-9-563),Р-17-3-9-563,Р17,3-9,1,563,range-lookup
9b61466c-a739-4713-a74c-55162f1445b9,ЦДНТА-(Р-17-3-9-575+++Р-17-3-9-575+++Р-17-3-9-575),Р-17-3-9-575,Р17,3-9,1,575,range-lookup
7a0b565d-24fc-40b0-8583-1eb3863848a2,ЦДНТА-(Р-17-3-9-588+++Р-17-3-9-588+++Р-17-3-9-588),Р-17-3-9-588,Р17,3-9,1,588,range-lookup
bdf47d3e-b7ef-4cdc-914c-76190e3efa9c,ЦДНТА-(Р-17-3-9-600+++Р-17-3-9-600+++Р-17-3-9-600),Р-17-3-9-600,Р17,3-9,1,600,range-lookup
2c9a2d01-0965-4497-98f0-5e8e310809fe,ЦДНТА-(Р-17-3-9-613+++Р-17-3-9-613+++Р-17-3-9-613),Р-17-3-9-613,Р17,3-9,1,613,range-lookup
72030ec9-f5f9-4ec4-b0bd-951566dc94e3,ЦДНТА-(Р-17-3-9-627+++Р-17-3-9-627+++Р-17-3-9-627),Р-17-3-9-627,Р17,3-9,1,627,range-lookup
8b21906a-05eb-4381-a365-0abbd3952b90,ЦДНТА-(Р-17-3-9-637+++Р-17-3-9-637+++Р-17-3-9-637),Р-17-3-9-637,Р17,3-9,1,637,range-lookup
39ff7120-1e73-46f7-9534-c8dbb7cba1d9,ЦДНТА-(Р-17-3-9-2-662+++Р-17-3-9-2-662+++Р-17-3-9-2-662),Р-17-3-9-2-662,Р17,3-9,2,662,opys-explicit
92956ede-583e-4c17-b2aa-464a8a376b0b,ЦДНТА-(Р-17-3-9-2-677+++Р-17-3-9-2-677+++Р-17-3-9-2-677),Р-17-3-9-2-677,Р17,3-9,2,677,opys-explicit
009fd7f1-133c-40be-8f79-6a622eeabdb9,ЦДНТА-(Р-17-3-9-2-721+++Р-17-3-9-2-721+++Р-17-3-9-2-721),Р-17-3-9-2-721,Р17,3-9,2,721,opys-explicit
260c8835-6f80-450c-bb1f-7e574516ef13,ЦДНТА-(Р-17-3-9-2-715+++Р-17-3-9-2-715+++Р-17-3-9-2-715),Р-17-3-9-2-715,Р17,3-9,2,715,opys-explicit
8d4c1e4e-9df1-4151-871a-eda95a6c2f60,ЦДНТА-(Р-17-3-9-2-728+++Р-17-3-9-2-728+++Р-17-3-9-2-728),Р-17-3-9-2-728,Р17,3-9,2,728,opys-explicit
02d86801-259b-4e23-91e6-5b1a17d58f27,ЦДНТА-(Р-17-3-9-1-594+++Р-17-3-9-1-594+++Р-17-3-9-1-594),Р-17-3-9-1-594,Р17,3-9,1,594,opys-explicit
d5fc6464-d1ff-4b2b-a8d1-23a2330d3954,ЦДНТА-(Р-17-3-9-1-570+++Р-17-3-9-1-570+++Р-17-3-9-1-570),Р-17-3-9-1-570,Р17,3-9,1,570,opys-explicit
e9f37ca8-920f-4327-a8a8-26eb77c9e849,ЦДНТА-(Р-17-3-9-4-1778+++Р-17-3-9-4-1778+++Р-17-3-9-4-1778),Р-17-3-9-4-1778,Р17,3-9,4,1778,opys-explicit
95e56d32-2446-4cf7-af12-b076895fc0a4,ЦДНТА-(Р-17-3-9-4-1784+++Р-17-3-9-4-1784+++Р-17-3-9-4-1784),Р-17-3-9-4-1784,Р17,3-9,4,1784,opys-explicit
7446c5e7-2326-4278-8c5c-cacfe7fcbd2a,ЦДНТА-(Р-17-3-9-4-1888+++Р-17-3-9-4-1888+++Р-17-3-9-4-1888),Р-17-3-9-4-1888,Р17,3-9,4,1888,opys-explicit
58403fd2-e873-4daf-91e4-10dfe30aa518,ЦДНТА-(Р-17-3-9-4-1900+++Р-17-3-9-4-1900+++Р-17-3-9-4-1900),Р-17-3-9-4-1900,Р17,3-9,4,1900,opys-explicit
5ecf2293-ed42-47fc-ade5-ba8155717684,ЦДНТА-(Р-17-3-9-4-1917+++Р-17-3-9-4-1917+++Р-17-3-9-4-1917),Р-17-3-9-4-1917,Р17,3-9,4,1917,opys-explicit
b99bfee9-b9a4-4873-ae0f-c3e7829a2b44,ЦДНТА-(Р-17-3-9-4-1908+++Р-17-3-9-4-1908+++Р-17-3-9-4-1908),Р-17-3-9-4-1908,Р17,3-9,4,1908,opys-explicit
7ad61867-4eb7-42b3-a8c1-9a5a70d2ecbc,ЦДНТА-(Р-17-3-9-4-1924+++Р-17-3-9-4-1924+++Р-17-3-9-4-1924),Р-17-3-9-4-1924,Р17,3-9,4,1924,opys-explicit
b79c7472-ce55-410b-859c-ddda6a39a05c,ЦДНТА-(Р-17-3-9-4-1940+++Р-17-3-9-4-1940+++Р-17-3-9-4-1940),Р-17-3-9-4-1940,Р17,3-9,4,1940,opys-explicit
79d94f16-5c2a-487c-b08e-55027857564a,ЦДНТА-(Р-17-3-9-4-1961+++Р-17-3-9-4-1961+++Р-17-3-9-4-1961),Р-17-3-9-4-1961,Р17,3-9,4,1961,opys-explicit
2f242e95-aa1b-4707-b191-858225dfb264,ЦДНТА-(Р-17-3-9-4-1968+++Р-17-3-9-4-1968+++Р-17-3-9-4-1968),Р-17-3-9-4-1968,Р17,3-9,4,1968,opys-explicit
04dad7b9-9df0-4b6e-96ab-6cbb2ef07f61,ЦДНТА-(Р-17-3-9-4-1983+++Р-17-3-9-4-1983+++Р-17-3-9-4-1983),Р-17-3-9-4-1983,Р17,3-9,4,1983,opys-explicit
ce7fbbbe-88ae-4cae-8f69-05234cca22a5,ЦДНТА-(Р-17-3-9-4-1773+++Р-17-3-9-4-1773+++Р-17-3-9-4-1773),Р-17-3-9-4-1773,Р17,3-9,4,1773,opys-explicit
894f8fa0-a531-4343-83eb-e39819caa1d1,ЦДНТА-(Р-17-3-9-4-1776+++Р-17-3-9-4-1776+++Р-17-3-9-4-1776),Р-17-3-9-4-1776,Р17,3-9,4,1776,opys-explicit
aefd8488-4d75-45b8-aadb-5ce1c360cd63,ЦДНТА-(Р-17-3-9-4-1788+++Р-17-3-9-4-1788+++Р-17-3-9-4-1788),Р-17-3-9-4-1788,Р17,3-9,4,1788,opys-explicit
01dd7373-704a-4144-906b-9195f8f8a43e,ЦДНТА-(Р-17-3-9-4-1785+++Р-17-3-9-4-1785+++Р-17-3-9-4-1785),Р-17-3-9-4-1785,Р17,3-9,4,1785,opys-explicit
8c57b559-5e90-43ff-9bda-bd5f148add71,ЦДНТА-(Р-17-3-9-4-1799+++Р-17-3-9-4-1799+++Р-17-3-9-4-1799),Р-17-3-9-4-1799,Р17,3-9,4,1799,opys-explicit
e46bf10f-2805-4d9b-9812-c5ad1207712c,ЦДНТА-(Р-17-3-9-4-1814+++Р-17-3-9-4-1814+++Р-17-3-9-4-1814),Р-17-3-9-4-1814,Р17,3-9,4,1814,opys-explicit
a2c0d4d7-e3a0-48d5-bbca-c31246d3da29,ЦДНТА-(Р-17-3-9-4-1821+++Р-17-3-9-4-1821+++Р-17-3-9-4-1821),Р-17-3-9-4-1821,Р17,3-9,4,1821,opys-explicit
b4781426-3276-456b-8580-04980be1314c,ЦДНТА-(Р-17-3-9-4-1823+++Р-17-3-9-4-1823+++Р-17-3-9-4-1823),Р-17-3-9-4-1823,Р17,3-9,4,1823,opys-explicit
1677ff4c-9590-4f0b-ad77-c7b540a24f05,ЦДНТА-(Р-17-3-9-4-1846+++Р-17-3-9-4-1846+++Р-17-3-9-4-1846),Р-17-3-9-4-1846,Р17,3-9,4,1846,opys-explicit
5c716ecc-08e6-417d-b78a-5ac69134e7fa,ЦДНТА-(Р-17-3-9-4-1874+++Р-17-3-9-4-1874+++Р-17-3-9-4-1874),Р-17-3-9-4-1874,Р17,3-9,4,1874,opys-explicit
961a6516-0f70-4e8d-a144-d3df2e487b86,ЦДНТА-(Р-17-3-9-4-1856+++Р-17-3-9-4-1856+++Р-17-3-9-4-1856),Р-17-3-9-4-1856,Р17,3-9,4,1856,opys-explicit
dc572bc3-bbe8-4c97-afa1-4979ddc940b2,ЦДНТА-(Р-17-3-9-4-1901+++Р-17-3-9-4-1901+++Р-17-3-9-4-1901),Р-17-3-9-4-1901,Р17,3-9,4,1901,opys-explicit
0fd5148c-4979-41e5-bfc2-787180ad0f3f,ЦДНТА-(Р-17-3-9-4-1922+++Р-17-3-9-4-1922+++Р-17-3-9-4-1922),Р-17-3-9-4-1922,Р17,3-9,4,1922,opys-explicit
a52dc1f6-1e94-4cb8-ba74-a83d8d6e3d95,ЦДНТА-(Р-17-3-9-4-1927+++Р-17-3-9-4-1927+++Р-17-3-9-4-1927),Р-17-3-9-4-1927,Р17,3-9,4,1927,opys-explicit
75b1e079-be53-4d94-9644-d067970cecbb,ЦДНТА-(Р-17-3-9-4-1934+++Р-17-3-9-4-1934+++Р-17-3-9-4-1934),Р-17-3-9-4-1934,Р17,3-9,4,1934,opys-explicit
deca683d-a237-4d12-9fc2-4553f160b9b2,ЦДНТА-(Р-17-3-9-4-1925+++Р-17-3-9-4-1925+++Р-17-3-9-4-1925),Р-17-3-9-4-1925,Р17,3-9,4,1925,opys-explicit
999a00fb-3a49-414d-9584-d726ab37ff3a,ЦДНТА-(Р-17-3-9-4-1939+++Р-17-3-9-4-1939+++Р-17-3-9-4-1939),Р-17-3-9-4-1939,Р17,3-9,4,1939,opys-explicit
39a3d841-41b5-461d-87c5-945446d98cd8,ЦДНТА-(Р-17-3-9-4-1945+++Р-17-3-9-4-1945+++Р-17-3-9-4-1945),Р-17-3-9-4-1945,Р17,3-9,4,1945,opys-explicit
0e2eaf90-19d0-403b-ad9c-c6526a85fc7f,ЦДНТА-(Р-17-3-9-4-1943+++Р-17-3-9-4-1943+++Р-17-3-9-4-1943),Р-17-3-9-4-1943,Р17,3-9,4,1943,opys-explicit
12adf592-21a2-4d78-9bb3-71f78df1de41,ЦДНТА-(Р-17-3-9-4-1960+++Р-17-3-9-4-1960+++Р-17-3-9-4-1960),Р-17-3-9-4-1960,Р17,3-9,4,1960,opys-explicit
5881490d-fa9e-4e92-a739-93333d8207e3,ЦДНТА-(Р-17-3-9-4-1949+++Р-17-3-9-4-1949+++Р-17-3-9-4-1949),Р-17-3-9-4-1949,Р17,3-9,4,1949,opys-explicit
8d53f652-075e-46b0-881c-28930d6b7743,ЦДНТА-(Р-17-3-9-4-1979+++Р-17-3-9-4-1979+++Р-17-3-9-4-1979),Р-17-3-9-4-1979,Р17,3-9,4,1979,opys-explicit
566da86b-7c15-45f0-ba33-6776258da8af,ЦДНТА-(Р-17-3-9-4-1966+++Р-17-3-9-4-1966+++Р-17-3-9-4-1966),Р-17-3-9-4-1966,Р17,3-9,4,1966,opys-explicit
71a6da26-1044-4d28-bbe7-0337933d32e7,ЦДНТА-(Р-17-3-9-4-1965+++Р-17-3-9-4-1965+++Р-17-3-9-4-1965),Р-17-3-9-4-1965,Р17,3-9,4,1965,opys-explicit
ad28395f-aaa8-4754-85fd-117651e71fa8,ЦДНТА-(Р-17-3-9-4-1975+++Р-17-3-9-4-1975+++Р-17-3-9-4-1975),Р-17-3-9-4-1975,Р17,3-9,4,1975,opys-explicit
7e363b85-5ca1-484e-8cc7-0bd232ad43ad,ЦДНТА-(Р-17-3-9-325+++Р-17-3-9-325+++Р-17-3-9-325),Р-17-3-9-325,Р17,3-9,1,325,range-lookup
1aae0ca5-dbd3-4803-b67b-eed2482a0462,ЦДНТА-(Р-17-3-9-2-714+++Р-17-3-9-2-714+++Р-17-3-9-2-714),Р-17-3-9-2-714,Р17,3-9,2,714,opys-explicit
698ec7d6-51bb-48a7-a45b-36cf6d517b9e,ЦДНТА-(Р-18-3-10-1-15+++Р-18-3-10-1-15+++Р-18-3-10-1-15),Р-18-3-10-1-15,Р18,3-10,1,15,opys-explicit
af26901a-d11d-4bbd-bb3d-d018f67a584d,ЦДНТА-(Р-18-3-10-1-27+++Р-18-3-10-1-27+++Р-18-3-10-1-27),Р-18-3-10-1-27,Р18,3-10,1,27,opys-explicit
a3ab1642-2601-46dd-8b54-d06b6ba947d0,ЦДНТА-(Р-18-3-10-1-31+++Р-18-3-10-1-31+++Р-18-3-10-1-31),Р-18-3-10-1-31,Р18,3-10,1,31,opys-explicit
b127e8bf-c2f6-4c9c-bb8d-5f448bd347dc,ЦДНТА-(Р-18-3-10-1-57+++Р-18-3-10-1-57+++Р-18-3-10-1-57),Р-18-3-10-1-57,Р18,3-10,1,57,opys-explicit
1e690eb1-4532-4ec9-a22c-36aa32d13873,ЦДНТА-(Р-17-3-9-2-811+++Р-17-3-9-2-811+++Р-17-3-9-2-811),Р-17-3-9-2-811,Р17,3-9,2,811,opys-explicit
162b7ad1-cb6a-42ba-9a20-dd47c6b79bab,ЦДНТА-(Р-17-3-9-2-793+++Р-17-3-9-2-793+++Р-17-3-9-2-793),Р-17-3-9-2-793,Р17,3-9,2,793,opys-explicit
b2c72970-37ef-41ab-8794-44678d18be4a,ЦДНТА-(Р-17-3-9-2-815+++Р-17-3-9-2-815+++Р-17-3-9-2-815),Р-17-3-9-2-815,Р17,3-9,2,815,opys-explicit
bd327aff-1812-4dd5-94d0-f9458c711e27,ЦДНТА-(Р-17-3-9-2-780+++Р-17-3-9-2-780+++Р-17-3-9-2-780),Р-17-3-9-2-780,Р17,3-9,2,780,opys-explicit
c7937a37-279f-46ff-9962-21ecc0a96d58,ЦДНТА-(Р-17-3-9-2-785+++Р-17-3-9-2-785+++Р-17-3-9-2-785),Р-17-3-9-2-785,Р17,3-9,2,785,opys-explicit
27fc3584-77f3-44db-a8ab-e54fe3c2ae93,ЦДНТА-(Р-17-3-9-2-794+++Р-17-3-9-2-794+++Р-17-3-9-2-794),Р-17-3-9-2-794,Р17,3-9,2,794,opys-explicit
a9c558d8-c862-41a5-b518-0c8ab12c966c,ЦДНТА-(Р-17-3-9-2-803+++Р-17-3-9-2-803+++Р-17-3-9-2-803),Р-17-3-9-2-803,Р17,3-9,2,803,opys-explicit
cadc71d6-8197-427a-b7a0-5831c633213c,ЦДНТА-(Р-17-3-9-4-1564+++Р-17-3-9-4-1564+++Р-17-3-9-4-1564),Р-17-3-9-4-1564,Р17,3-9,4,1564,opys-explicit
45439bed-fd80-45a2-bbe7-951679952631,ЦДНТА-(Р-17-3-9-4-1689+++Р-17-3-9-4-1689+++Р-17-3-9-4-1689),Р-17-3-9-4-1689,Р17,3-9,4,1689,opys-explicit
2eac0a4c-064d-43ad-907f-70149155f05b,ЦДНТА-(Р-17-3-9-4-1688+++Р-17-3-9-4-1688+++Р-17-3-9-4-1688),Р-17-3-9-4-1688,Р17,3-9,4,1688,opys-explicit
3dff2ee9-abdc-499d-957f-cdcc9e2aa1fa,ЦДНТА-(Р-17-3-9-4-1707+++Р-17-3-9-4-1707+++Р-17-3-9-4-1707),Р-17-3-9-4-1707,Р17,3-9,4,1707,opys-explicit
5fe56660-7ea2-4727-9524-2117fe6e95ff,ЦДНТА-(Р-17-3-9-4-1716+++Р-17-3-9-4-1716+++Р-17-3-9-4-1716),Р-17-3-9-4-1716,Р17,3-9,4,1716,opys-explicit
0ca0f0f6-598c-4d28-bfd5-9c1ab3f3e681,ЦДНТА-(Р-17-3-9-4-1693+++Р-17-3-9-4-1693+++Р-17-3-9-4-1693),Р-17-3-9-4-1693,Р17,3-9,4,1693,opys-explicit
5f63f055-9065-444f-89c9-d9535bc7ed40,ЦДНТА-(Р-17-3-9-4-1725+++Р-17-3-9-4-1725+++Р-17-3-9-4-1725),Р-17-3-9-4-1725,Р17,3-9,4,1725,opys-explicit
3e8ed67d-10a5-4917-845e-d82060917a85,ЦДНТА-(Р-17-3-9-4-1534+++Р-17-3-9-4-1534+++Р-17-3-9-4-1534),Р-17-3-9-4-1534,Р17,3-9,4,1534,opys-explicit
68999776-46e5-44b4-9c1c-7d15587430bc,ЦДНТА-(Р-17-3-9-4-1588+++Р-17-3-9-4-1588+++Р-17-3-9-4-1588),Р-17-3-9-4-1588,Р17,3-9,4,1588,opys-explicit
83b55a20-7729-4d78-a765-b504b1b3b429,ЦДНТА-(Р-17-3-9-4-1600+++Р-17-3-9-4-1600+++Р-17-3-9-4-1600),Р-17-3-9-4-1600,Р17,3-9,4,1600,opys-explicit
1cca27ed-b7c3-4e7f-8640-2de50e27ad59,ЦДНТА-(Р-17-3-9-4-1712+++Р-17-3-9-4-1712+++Р-17-3-9-4-1712),Р-17-3-9-4-1712,Р17,3-9,4,1712,opys-explicit
3772683f-8cad-4983-b406-847d8b6dd532,ЦДНТА-(Р-17-3-9-4-1730+++Р-17-3-9-4-1730+++Р-17-3-9-4-1730),Р-17-3-9-4-1730,Р17,3-9,4,1730,opys-explicit
f3eca722-2f3a-49a0-8d3c-b311823248bc,ЦДНТА-(Р-17-3-9-4-1743+++Р-17-3-9-4-1743+++Р-17-3-9-4-1743),Р-17-3-9-4-1743,Р17,3-9,4,1743,opys-explicit
4a351dae-57dd-4b4d-bdcd-8a4d9d317c95,ЦДНТА-(Р-17-3-9-4-1741+++Р-17-3-9-4-1741+++Р-17-3-9-4-1741),Р-17-3-9-4-1741,Р17,3-9,4,1741,opys-explicit
73cae701-d032-45c4-bf33-eb57554a7a3c,ЦДНТА-(Р-17-3-9-4-1762+++Р-17-3-9-4-1762+++Р-17-3-9-4-1762),Р-17-3-9-4-1762,Р17,3-9,4,1762,opys-explicit
b860f77b-9742-46ac-a919-b6c4663eeeb3,ЦДНТА-(Р-17-3-9-4-1755+++Р-17-3-9-4-1755+++Р-17-3-9-4-1755),Р-17-3-9-4-1755,Р17,3-9,4,1755,opys-explicit
964b3861-3143-4a4d-a8a4-ac7ed6782363,ЦДНТА-(Р-17-3-9-2-784+++Р-17-3-9-2-784+++Р-17-3-9-2-784),Р-17-3-9-2-784,Р17,3-9,2,784,opys-explicit
f5ee6086-60e4-458b-96be-fb74d0325476,ЦДНТА-(Р-17-3-9-2-767+++Р-17-3-9-2-767+++Р-17-3-9-2-767),Р-17-3-9-2-767,Р17,3-9,2,767,opys-explicit
b17351ba-2646-4c73-b919-85f5da6b9dae,ЦДНТА-(Р-17-3-9-2-781+++Р-17-3-9-2-781+++Р-17-3-9-2-781),Р-17-3-9-2-781,Р17,3-9,2,781,opys-explicit
dabdec74-f89a-4b26-8f8b-6928798b2c83,ЦДНТА-(Р-17-3-9-2-774+++Р-17-3-9-2-774+++Р-17-3-9-2-774),Р-17-3-9-2-774,Р17,3-9,2,774,opys-explicit
25b811af-b265-4d17-876c-d88c6eba23a0,ЦДНТА-(Р-17-3-9-2-818+++Р-17-3-9-2-818+++Р-17-3-9-2-818),Р-17-3-9-2-818,Р17,3-9,2,818,opys-explicit
4c9af26d-0453-4af9-a4a7-cda91f3c5269,ЦДНТА-(Р-17-3-9-2-791+++Р-17-3-9-2-791+++Р-17-3-9-2-791),Р-17-3-9-2-791,Р17,3-9,2,791,opys-explicit
bfcc9cc6-f7f9-410a-bd57-6fe7e6d89ca5,ЦДНТА-(Р-17-3-9-2-773+++Р-17-3-9-2-773+++Р-17-3-9-2-773),Р-17-3-9-2-773,Р17,3-9,2,773,opys-explicit
18150b0a-e0f0-4638-8959-34cb7c5a27b6,ЦДНТА-(Р-17-3-9-2-788+++Р-17-3-9-2-788+++Р-17-3-9-2-788),Р-17-3-9-2-788,Р17,3-9,2,788,opys-explicit
397973f9-49aa-478c-9043-9207aaaa57fc,ЦДНТА-(Р-17-3-9-2-792+++Р-17-3-9-2-792+++Р-17-3-9-2-792),Р-17-3-9-2-792,Р17,3-9,2,792,opys-explicit
732db247-6eb3-4cce-8afb-8be891eebc9f,ЦДНТА-(Р-17-3-9-2-772+++Р-17-3-9-2-772+++Р-17-3-9-2-772),Р-17-3-9-2-772,Р17,3-9,2,772,opys-explicit
cab5227a-47d8-4246-845e-99e9cfcdfd65,ЦДНТА-(Р-17-3-9-2-776+++Р-17-3-9-2-776+++Р-17-3-9-2-776),Р-17-3-9-2-776,Р17,3-9,2,776,opys-explicit
a775672b-76c4-49e5-b677-db67c83d76b5,ЦДНТА-(Р-17-3-9-2-812+++Р-17-3-9-2-812+++Р-17-3-9-2-812),Р-17-3-9-2-812,Р17,3-9,2,812,opys-explicit
ee0a0144-79fc-48db-8fcb-f325cd803e8a,ЦДНТА-(Р-17-3-9-2-814+++Р-17-3-9-2-814+++Р-17-3-9-2-814),Р-17-3-9-2-814,Р17,3-9,2,814,opys-explicit
f53b468a-38f2-43ec-8445-d401c008d0cd,ЦДНТА-(Р-17-3-9-2-800+++Р-17-3-9-2-800+++Р-17-3-9-2-800),Р-17-3-9-2-800,Р17,3-9,2,800,opys-explicit
ab69f2b0-1d7e-417e-bfcd-082e4e582e1d,ЦДНТА-(Р-17-3-9-2-787+++Р-17-3-9-2-787+++Р-17-3-9-2-787),Р-17-3-9-2-787,Р17,3-9,2,787,opys-explicit
3d3f3548-736a-4f39-8968-4bb4d135568a,ЦДНТА-(Р-17-3-9-2-807+++Р-17-3-9-2-807+++Р-17-3-9-2-807),Р-17-3-9-2-807,Р17,3-9,2,807,opys-explicit
3221afa1-652e-4899-b097-f6fcc065703e,ЦДНТА-(Р-18-3-10-2-232+++Р-18-3-10-2-232+++Р-18-3-10-2-232),Р-18-3-10-2-232,Р18,3-10,2,232,opys-explicit
177742d4-16a7-46c9-9793-9ddef2c18329,ЦДНТА-(Р-18-3-10-2-239+++Р-18-3-10-2-239+++Р-18-3-10-2-239),Р-18-3-10-2-239,Р18,3-10,2,239,opys-explicit
d920376d-492f-46e0-be1e-b87b9c537c24,ЦДНТА-(Р-18-3-10-2-227+++Р-18-3-10-2-227+++Р-18-3-10-2-227),Р-18-3-10-2-227,Р18,3-10,2,227,opys-explicit
cd240110-f9c1-41f3-ad2e-2dc5bcbb8bcd,ЦДНТА-(Р-18-3-10-1-96+++Р-18-3-10-1-96+++Р-18-3-10-1-96),Р-18-3-10-1-96,Р18,3-10,1,96,opys-explicit
73f79a68-6826-4252-a59f-ef058949cc9d,ЦДНТА-(Р-17-3-9-373+++Р-17-3-9-373+++Р-17-3-9-373),Р-17-3-9-373,Р17,3-9,1,373,range-lookup
d6fde2d4-22d7-4b11-9b59-3b099528bddf,ЦДНТА-(Р-17-3-9-395+++Р-17-3-9-395+++Р-17-3-9-395),Р-17-3-9-395,Р17,3-9,1,395,range-lookup
ad957832-4c61-4062-8e21-fd5616f745f3,ЦДНТА-(Р-17-3-9-430+++Р-17-3-9-430+++Р-17-3-9-430),Р-17-3-9-430,Р17,3-9,1,430,range-lookup
8df2bc81-028d-447c-978b-95e4eb5b5a58,ЦДНТА-(Р-17-3-9-443+++Р-17-3-9-443+++Р-17-3-9-443),Р-17-3-9-443,Р17,3-9,1,443,range-lookup
41e8934d-d48e-40ba-bf29-895ff16c9b53,ЦДНТА-(Р-17-3-9-586+++Р-17-3-9-586+++Р-17-3-9-586),Р-17-3-9-586,Р17,3-9,1,586,range-lookup
61c9327a-ae95-4ba2-97b7-088bc31fbcdc,ЦДНТА-(Р-18-3-10-2-255+++Р-18-3-10-2-255+++Р-18-3-10-2-255),Р-18-3-10-2-255,Р18,3-10,2,255,opys-explicit
32b53ed6-6370-49b2-bbeb-fac17dc9773e,ЦДНТА-(Р-17-3-9-75+++Р-17-3-9-75+++Р-17-3-9-75),Р-17-3-9-75,Р17,3-9,1,75,range-lookup
afbbf602-d29e-4cf4-846d-0daf7e1a0fce,ЦДНТА-(Р-17-3-9-76+++Р-17-3-9-76+++Р-17-3-9-76),Р-17-3-9-76,Р17,3-9,1,76,range-lookup
76c4ec79-f227-4a63-a0e7-e63c15a2b8ad,ЦДНТА-(Р-17-3-9-114+++Р-17-3-9-114+++Р-17-3-9-114),Р-17-3-9-114,Р17,3-9,1,114,range-lookup
7be2b872-d84b-4283-b54f-cb05c17e2944,ЦДНТА-(Р-17-3-9-121+++Р-17-3-9-121+++Р-17-3-9-121),Р-17-3-9-121,Р17,3-9,1,121,range-lookup
25cbbe4d-ca9e-4ea9-a00e-f292e5c62c42,ЦДНТА-(Р-17-3-9-128+++Р-17-3-9-128+++Р-17-3-9-128),Р-17-3-9-128,Р17,3-9,1,128,range-lookup
ea13b5c7-1385-454a-9dfa-3f19925082f5,ЦДНТА-(Р-17-3-9-134+++Р-17-3-9-134+++Р-17-3-9-134),Р-17-3-9-134,Р17,3-9,1,134,range-lookup
a1450871-e31c-431d-beaa-c4a1d9ca53a9,ЦДНТА-(Р-17-3-9-135+++Р-17-3-9-135+++Р-17-3-9-135),Р-17-3-9-135,Р17,3-9,1,135,range-lookup
40992c1c-7717-43fc-afec-4efc93a44280,ЦДНТА-(Р-17-3-9-139+++Р-17-3-9-139+++Р-17-3-9-139),Р-17-3-9-139,Р17,3-9,1,139,range-lookup
6c064f7f-638e-4a39-94b8-bb4b768b4e65,ЦДНТА-(Р-17-3-9-151+++Р-17-3-9-151+++Р-17-3-9-151),Р-17-3-9-151,Р17,3-9,1,151,range-lookup
e67d37f2-f824-49b0-9cc4-15012b39bb33,ЦДНТА-(Р-107-3-36-5-1681+++Р-107-3-36-5-1681+++Р-107-3-36-5-1681),Р-107-3-36-5-1681,Р107,3-36,5,1681,opys-explicit
50d47155-1b1d-4ad5-a4bd-7859841cefc6,ЦДНТА-(Р-17-3-9-4-1582+++Р-17-3-9-4-1582+++Р-17-3-9-4-1582),Р-17-3-9-4-1582,Р17,3-9,4,1582,opys-explicit
986a0765-721f-461d-b2d5-c1b43962bc63,ЦДНТА-(Р-107-3-36-3-287+++Р-107-3-36-3-287+++Р-107-3-36-3-287),Р-107-3-36-3-287,Р107,3-36,3,287,opys-explicit
5eadfa1d-81f5-47f2-914f-5899cf6e8189,ЦДНТА-(Р-17-3-9-271+++Р-17-3-9-271+++Р-17-3-9-271),Р-17-3-9-271,Р17,3-9,1,271,range-lookup
6ccd270b-abae-44b2-81b0-b43a82315d83,ЦДНТА-(Р-17-3-9-364+++Р-17-3-9-364+++Р-17-3-9-364),Р-17-3-9-364,Р17,3-9,1,364,range-lookup
cf1bada3-0e6c-4059-b1e8-a26da23baf01,ЦДНТА-(Р-17-3-9-4-1325+++Р-17-3-9-4-1325+++Р-17-3-9-4-1325),Р-17-3-9-4-1325,Р17,3-9,4,1325,opys-explicit
754b778b-a822-4840-99c3-efc355d881bd,ЦДНТА-(Р-17-3-9-614+++Р-17-3-9-614+++Р-17-3-9-614),Р-17-3-9-614,Р17,3-9,1,614,range-lookup
7af8ed6b-acc1-43fa-9941-b4da5cc56fad,ЦДНТА-(Р-17-3-9-375+++Р-17-3-9-375+++Р-17-3-9-375),Р-17-3-9-375,Р17,3-9,1,375,range-lookup
8ff407fe-60f4-4973-9a56-dd8826b972b4,ЦДНТА-(Р-17-3-9-5-2943a+++Р-17-3-9-5-2943a+++Р-17-3-9-5-2943a),Р-17-3-9-5-2943А,Р17,3-9,5,2943А,opys-explicit+outofrange
b00ddf2d-a74d-4c74-898c-bbea50d6f2e6,ЦДНТА-(Р-78-3-22-114+++Р-78-3-22-114+++Р-78-3-22-1-114),Р-78-3-22-114,Р78,3-22,1Н,114,range-lookup
ee05cc95-e214-458c-89aa-2fc41a03825c,ЦДНТА-(Р-78-3-22-92+++Р-78-3-22-92+++Р-78-3-22-1-92),Р-78-3-22-92,Р78,3-22,1Н,92,range-lookup
7df7a0b3-3684-41dc-b2c9-de9695bfe97c,ЦДНТА-(Р-17-3-9-426+++Р-17-3-9-426+++Р-17-3-9-426),Р-17-3-9-426,Р17,3-9,1,426,range-lookup
35134214-f601-4399-920d-6f65961ebe67,ЦДНТА-(Р-17-3-9-431+++Р-17-3-9-431+++Р-17-3-9-431),Р-17-3-9-431,Р17,3-9,1,431,range-lookup
45ea8be9-1059-4cfa-8001-dbb90fa97085,ЦДНТА-(Р-17-3-9-449+++Р-17-3-9-449+++Р-17-3-9-449),Р-17-3-9-449,Р17,3-9,1,449,range-lookup
366a7abf-d2a7-4133-9d4d-cdd43df66f6c,ЦДНТА-(Р-17-3-9-456+++Р-17-3-9-456+++Р-17-3-9-456),Р-17-3-9-456,Р17,3-9,1,456,range-lookup
ea687f6b-f9f3-4b18-a764-d71ee41ae338,ЦДНТА-(Р-17-3-9-477+++Р-17-3-9-477+++Р-17-3-9-477),Р-17-3-9-477,Р17,3-9,1,477,range-lookup
0d1a92ab-1fad-40b9-b02d-f3219a82d768,ЦДНТА-(Р-17-3-9-481+++Р-17-3-9-481+++Р-17-3-9-481),Р-17-3-9-481,Р17,3-9,1,481,range-lookup
4cfe3b44-0fb3-43f3-9ccc-f3737e67dd1c,ЦДНТА-(Р-17-3-9-488+++Р-17-3-9-488+++Р-17-3-9-488),Р-17-3-9-488,Р17,3-9,1,488,range-lookup
3ebe5397-496c-40f9-a6d0-da43324db024,ЦДНТА-(Р-17-3-9-4-2780+++Р-17-3-9-4-2780+++Р-17-3-9-4-2780),Р-17-3-9-4-2780,Р17,3-9,4,2780,opys-explicit
ef1c230c-2af7-45f1-b8b5-fb2d60186b6f,ЦДНТА-(Р-17-3-9-4-2570+++Р-17-3-9-4-2570+++Р-17-3-9-4-2570),Р-17-3-9-4-2570,Р17,3-9,4,2570,opys-explicit
41d0330a-3dd1-4c31-901c-39575ed0b26e,ЦДНТА-(Р-17-3-9-356+++Р-17-3-9-356+++Р-17-3-9-356),Р-17-3-9-356,Р17,3-9,1,356,range-lookup
f59b0922-39a0-4973-b4ab-ed3827b2d4d2,ЦДНТА-(Р-17-3-9-658+++Р-17-3-9-658+++Р-17-3-9-658),Р-17-3-9-658,Р17,3-9,1,658,range-lookup
d719aafc-73f0-41fd-b5fd-e99669040c3e,ЦДНТА-(Р-78-3-22-2-563+++Р-78-3-22-2-563+++Р-78-3-22-2-563),Р-78-3-22-2-563,Р78,3-22,2Д,563,opys-explicit
e89347eb-1b59-4bfc-9041-341bb3b4b365,ЦДНТА-(P-107-3-36-1-1+++P-107-3-36-1-1+++P-107-3-36-1-1),Р-107-3-36-1-1,Р107,3-36,1,1,opys-explicit
a4188929-9159-474e-903d-6796869b0f74,ЦДНТА-(P-107-3-36-1-2+++P-107-3-36-1-2+++P-107-3-36-1-2),Р-107-3-36-1-2,Р107,3-36,1,2,opys-explicit
649571ae-c07c-4551-92cb-050a4edb3397,ЦДНТА-(Р-107-3-36-5-1492+++Р-107-3-36-5-1492+++Р-107-3-36-5-1492),Р-107-3-36-5-1492,Р107,3-36,5,1492,opys-explicit
8745d15c-1034-4a83-a817-886bfec02f05,ЦДНТА-(Р-107-3-36-3-370+++Р-107-3-36-3-370+++Р-107-3-36-3-370),Р-107-3-36-3-370,Р107,3-36,3,370,opys-explicit
5368bf72-f405-4daf-a22a-67586b9c1320,ЦДНТА-(Р-107-3-36-3-299+++Р-107-3-36-3-299+++Р-107-3-36-3-299),Р-107-3-36-3-299,Р107,3-36,3,299,opys-explicit
e562d04c-4f53-4b12-984a-28f54c7c851f,ЦДНТА-(Р-107-3-36-3-447+++Р-107-3-36-3-447+++Р-107-3-36-3-447),Р-107-3-36-3-447,Р107,3-36,3,447,opys-explicit
65f69cf8-b263-409c-a9b4-87a37f2fd4f7,ЦДНТА-(Р-107-3-36-4-1403+++Р-107-3-36-4-1403+++Р-107-3-36-4-1403),Р-107-3-36-4-1403,Р107,3-36,4,1403,opys-explicit
ead3f8bf-f6ee-40c4-b75c-eb71608c5ba8,ЦДНТА-(Р-107-3-36-3-441+++Р-107-3-36-3-441+++Р-107-3-36-3-441),Р-107-3-36-3-441,Р107,3-36,3,441,opys-explicit
45049aa7-aa4b-46c0-9248-60102a1ee8b3,ЦДНТА-(Р-107-3-36-5-1872+++Р-107-3-36-5-1872+++Р-107-3-36-5-1872),Р-107-3-36-5-1872,Р107,3-36,5,1872,opys-explicit
3b2ece3c-fadc-42ea-ae45-71f3e6b4df81,ЦДНТА-(Р-107-3-36-1-137+++Р-107-3-36-1-137+++Р-107-3-36-1-137),Р-107-3-36-1-137,Р107,3-36,1,137,opys-explicit+outofrange
897bece4-f667-49f0-8444-26a1707267e3,ЦДНТА-(Р-107-3-36-5-1472+++Р-107-3-36-5-1472+++Р-107-3-36-5-1472),Р-107-3-36-5-1472,Р107,3-36,5,1472,opys-explicit
32c19f43-da0a-4bc3-864a-6412cc91aa71,ЦДНТА-(Р-107-3-36-3-752+++Р-107-3-36-3-752+++Р-107-3-36-3-752),Р-107-3-36-3-752,Р107,3-36,3,752,opys-explicit
4ebb3b1d-3670-4333-a28a-5feef738d26d,ЦДНТА-(Р-107-3-36-4-882+++Р-107-3-36-4-882+++Р-107-3-36-4-882),Р-107-3-36-4-882,Р107,3-36,4,882,opys-explicit
350e6846-16ac-4ddd-a365-06dec0541de4,ЦДНТА-(Р-107-3-36-4-1314+++Р-107-3-36-4-1314+++Р-107-3-36-4-1314),Р-107-3-36-4-1314,Р107,3-36,4,1314,opys-explicit
38e96f2b-a58e-412d-971a-4f50885d9409,ЦДНТА-(Р-107-3-36-3-413+++Р-107-3-36-3-413+++Р-107-3-36-3-413),Р-107-3-36-3-413,Р107,3-36,3,413,opys-explicit
f086398d-5b74-49e3-b06c-c918aa010a5c,ЦДНТА-(Р-107-3-36-3-429+++Р-107-3-36-3-429+++Р-107-3-36-3-429),Р-107-3-36-3-429,Р107,3-36,3,429,opys-explicit
093d8714-a9d7-4798-a32a-fc3ac9c699fe,ЦДНТА-(Р-107-3-36-4-1328+++Р-107-3-36-4-1328+++Р-107-3-36-4-1328),Р-107-3-36-4-1328,Р107,3-36,4,1328,opys-explicit
e805befc-59bf-4f93-9680-82e242d2a4f9,ЦДНТА-(Р-107-3-36-6-2115+++Р-107-3-36-6-2115+++Р-107-3-36-6-2115),Р-107-3-36-6-2115,Р107,3-36,6,2115,opys-explicit
55765f4d-a2cd-41e6-974f-4d1f294ca63e,ЦДНТА-(Р-107-3-36-6-2186+++Р-107-3-36-6-2186+++Р-107-3-36-6-2186),Р-107-3-36-6-2186,Р107,3-36,6,2186,opys-explicit
75d4009a-7d2b-4d08-b17f-9d4933d46b24,ЦДНТА-(Р-107-3-36-5-1466+++Р-107-3-36-5-1466+++Р-107-3-36-5-1466),Р-107-3-36-5-1466,Р107,3-36,5,1466,opys-explicit
a5f8eca6-3411-4464-b4d1-aafceacb18b2,ЦДНТА-(Р-107-3-36-6-2126+++Р-107-3-36-6-2126+++Р-107-3-36-6-2126),Р-107-3-36-6-2126,Р107,3-36,6,2126,opys-explicit
5729c979-e203-4e7d-a238-9366e6c2e824,ЦДНТА-(Р-107-3-36-3-599+++Р-107-3-36-3-599+++Р-107-3-36-3-599),Р-107-3-36-3-599,Р107,3-36,3,599,opys-explicit
2a59a4f2-e960-4d4f-8366-feaa89ccae33,ЦДНТА-(Р-17-3-9-323+++Р-17-3-9-323+++Р-17-3-9-323),Р-17-3-9-323,Р17,3-9,1,323,range-lookup
4b8e83b6-8517-4b4c-ae10-9204b6a350ba,ЦДНТА-(Р-107-3-36-6-2254+++Р-107-3-36-6-2254+++Р-107-3-36-6-2254),Р-107-3-36-6-2254,Р107,3-36,6,2254,opys-explicit
13020b82-5140-4cd5-bc27-3c4b8f204053,ЦДНТА-(Р-107-3-36-4-924+++Р-107-3-36-4-924+++Р-107-3-36-4-924),Р-107-3-36-4-924,Р107,3-36,4,924,opys-explicit
7fdd05fb-2575-48fa-8445-23502aad0dfb,ЦДНТА-(Р-107-3-36-3-562+++Р-107-3-36-3-562+++Р-107-3-36-3-562),Р-107-3-36-3-562,Р107,3-36,3,562,opys-explicit
b530d93f-7708-42fc-a725-0365583b8645,ЦДНТА-(Р-107-3-36-1-159+++Р-107-3-36-1-159+++Р-107-3-36-1-159),Р-107-3-36-1-159,Р107,3-36,1,159,opys-explicit+outofrange
92cca2f5-193a-4aca-ae71-f6fcb57d8266,ЦДНТА-(Р-107-3-36-3-277+++Р-107-3-36-3-277+++Р-107-3-36-3-277),Р-107-3-36-3-277,Р107,3-36,3,277,opys-explicit
5d0b81f6-c5d1-4f94-a90c-667027194d8c,ЦДНТА-(Р-107-3-36-4-937+++Р-107-3-36-4-937+++Р-107-3-36-4-937),Р-107-3-36-4-937,Р107,3-36,4,937,opys-explicit
0151e65e-d93e-4569-8dab-315cdd573d6f,ЦДНТА-(Р-107-3-36-4-1389+++Р-107-3-36-4-1389+++Р-107-3-36-4-1389),Р-107-3-36-4-1389,Р107,3-36,4,1389,opys-explicit
13958606-bbeb-4afb-962a-afb588ec9ff0,ЦДНТА-(Р-107-3-36-3-743+++Р-107-3-36-3-743+++Р-107-3-36-3-743),Р-107-3-36-3-743,Р107,3-36,3,743,opys-explicit
fc43a1f5-2c40-4153-b1c1-bb52f0c82510,ЦДНТА-(Р-107-3-36-6-2269+++Р-107-3-36-6-2269+++Р-107-3-36-6-2269),Р-107-3-36-6-2269,Р107,3-36,6,2269,opys-explicit
d7aa4a67-df0c-4ce8-a219-80b3214bd86b,ЦДНТА-(Р-107-3-36-3-216+++Р-107-3-36-3-216+++Р-107-3-36-3-216),Р-107-3-36-3-216,Р107,3-36,3,216,opys-explicit
909fe167-6238-419b-b178-cf0e3156fd81,ЦДНТА-(Р-107-3-36-6-2294+++Р-107-3-36-6-2294+++Р-107-3-36-6-2294),Р-107-3-36-6-2294,Р107,3-36,6,2294,opys-explicit
f72e3916-da41-4b03-ad9c-8ef4b865c801,ЦДНТА-(Р-107-3-36-6-1991+++Р-107-3-36-6-1991+++Р-107-3-36-6-1991),Р-107-3-36-6-1991,Р107,3-36,6,1991,opys-explicit
67c2b3aa-1258-42dc-8762-59494fe5316c,ЦДНТА-(Р-107-3-36-3-724+++Р-107-3-36-3-724+++Р-107-3-36-3-724),Р-107-3-36-3-724,Р107,3-36,3,724,opys-explicit
78febabe-6490-47da-a1cf-8abcda0ac2f8,ЦДНТА-(Р-107-3-36-6-2127+++Р-107-3-36-6-2127+++Р-107-3-36-6-2127),Р-107-3-36-6-2127,Р107,3-36,6,2127,opys-explicit
ad185b7a-5d9e-4e26-b67a-08ddd4f9b0cf,ЦДНТА-(Р-107-3-36-5-1673+++Р-107-3-36-5-1673+++Р-107-3-36-5-1673),Р-107-3-36-5-1673,Р107,3-36,5,1673,opys-explicit
c0261ff9-5b08-4369-acca-5663e917366d,ЦДНТА-(Р-107-3-36-3-867+++Р-107-3-36-3-867+++Р-107-3-36-3-867),Р-107-3-36-3-867,Р107,3-36,3,867,opys-explicit
a3a45b4d-f18f-449d-806e-abca7b28a87b,ЦДНТА-(Р-107-3-36-4-952+++Р-107-3-36-4-952+++Р-107-3-36-4-952),Р-107-3-36-4-952,Р107,3-36,4,952,opys-explicit
80020e7a-c6be-4c08-8939-24c6e4b97284,ЦДНТА-(Р-107-3-36-4-899+++Р-107-3-36-4-899+++Р-107-3-36-4-899),Р-107-3-36-4-899,Р107,3-36,4,899,opys-explicit
c9dc6958-023c-4028-8a35-d40a9ca18ab8,ЦДНТА-(Р-107-3-36-6-2258+++Р-107-3-36-6-2258+++Р-107-3-36-6-2258),Р-107-3-36-6-2258,Р107,3-36,6,2258,opys-explicit
e262ee7e-7517-434b-9805-990000151a19,ЦДНТА-(Р-107-3-36-3-714+++Р-107-3-36-3-714+++Р-107-3-36-3-714),Р-107-3-36-3-714,Р107,3-36,3,714,opys-explicit
fd2e6667-4e18-46a5-a62a-73afaea37b8b,ЦДНТА-(Р-18-3-10-2-230+++Р-18-3-10-2-230+++Р-18-3-10-2-230),Р-18-3-10-2-230,Р18,3-10,2,230,opys-explicit
1c1fb6d0-7540-4282-9b6b-4aeb3c6eac33,ЦДНТА-(Р-18-3-10-2-242+++Р-18-3-10-2-242+++Р-18-3-10-2-242),Р-18-3-10-2-242,Р18,3-10,2,242,opys-explicit
76e93395-d9a0-42c0-abe7-db6c141ce14b,ЦДНТА-(Р-18-3-10-2-228+++Р-18-3-10-2-228+++Р-18-3-10-2-228),Р-18-3-10-2-228,Р18,3-10,2,228,opys-explicit
39f91e2c-0b5e-4c77-8959-12688b859a6f,ЦДНТА-(Р-18-3-10-1-81+++Р-18-3-10-1-81+++Р-18-3-10-1-81),Р-18-3-10-1-81,Р18,3-10,1,81,opys-explicit
0b5b1be6-a3fe-452f-8215-af3902d4ac64,ЦДНТА-(Р-18-3-10-4-324+++Р-18-3-10-4-324+++Р-18-3-10-4-324),Р-18-3-10-4-324,Р18,3-10,4,324,opys-explicit
a5f3494a-888c-4077-a70b-a4a8a270aadf,ЦДНТА-(Р-18-3-10-4-323+++Р-18-3-10-4-323+++Р-18-3-10-4-323),Р-18-3-10-4-323,Р18,3-10,4,323,opys-explicit
4d44d4ec-5849-4143-9f61-bafdd3098658,ЦДНТА-(Р-18-3-10-2-224+++Р-18-3-10-2-224+++Р-18-3-10-2-224),Р-18-3-10-2-224,Р18,3-10,2,224,opys-explicit
77e09306-39d3-40c8-aa52-9b5bc83e732c,ЦДНТА-(Р-18-3-10-1-19+++Р-18-3-10-1-19+++Р-18-3-10-1-19),Р-18-3-10-1-19,Р18,3-10,1,19,opys-explicit
9a8dd6a9-0e0c-4ac0-bbf1-d6c8cf5a9449,ЦДНТА-(Р-18-3-10-3-303+++Р-18-3-10-3-303+++Р-18-3-10-3-303),Р-18-3-10-3-303,Р18,3-10,3,303,opys-explicit
e132c8db-4429-4630-8084-03cf6cce0e64,ЦДНТА-(Р-18-3-10-1-95+++Р-18-3-10-1-95+++Р-18-3-10-1-95),Р-18-3-10-1-95,Р18,3-10,1,95,opys-explicit
39ba26a5-c7bd-4359-b755-175debaae583,ЦДНТА-(Р-18-3-10-2-286+++Р-18-3-10-2-286+++Р-18-3-10-2-286),Р-18-3-10-2-286,Р18,3-10,2,286,opys-explicit
6be36414-f046-45ed-99a3-dc1219827ef4,ЦДНТА-(Р-18-3-10-1-137+++Р-18-3-10-1-137+++Р-18-3-10-1-137),Р-18-3-10-1-137,Р18,3-10,1,137,opys-explicit
80496abc-7ca7-4eb5-9428-79b1ec677f52,ЦДНТА-(Р-18-3-10-2-237+++Р-18-3-10-2-237+++Р-18-3-10-2-237),Р-18-3-10-2-237,Р18,3-10,2,237,opys-explicit
8533f421-fbf3-4f68-8c69-eb6f627acae7,ЦДНТА-(Р-18-3-10-2-206+++Р-18-3-10-2-206+++Р-18-3-10-2-206),Р-18-3-10-2-206,Р18,3-10,2,206,opys-explicit
b872877a-223b-4e09-a228-0a022aa62c63,ЦДНТА-(Р-18-3-10-1-113+++Р-18-3-10-1-113+++Р-18-3-10-1-113),Р-18-3-10-1-113,Р18,3-10,1,113,opys-explicit
732d53fb-fc3e-45e3-bf39-4ffae459b2e3,ЦДНТА-(Р-18-3-10-2-289+++Р-18-3-10-2-289+++Р-18-3-10-2-289),Р-18-3-10-2-289,Р18,3-10,2,289,opys-explicit
d2785ea1-6c7d-4643-bf6f-214699add961,ЦДНТА-(Р-18-3-10-2-211+++Р-18-3-10-2-211+++Р-18-3-10-2-211),Р-18-3-10-2-211,Р18,3-10,2,211,opys-explicit
cb9030e4-1099-42f3-b2ff-41d3610d6a0b,ЦДНТА-(Р-18-3-10-3-310+++Р-18-3-10-3-310+++Р-18-3-10-3-310),Р-18-3-10-3-310,Р18,3-10,3,310,opys-explicit
f6fc6a04-ebde-4652-be25-65a037ad5c5a,ЦДНТА-(Р-18-3-10-3-313+++Р-18-3-10-3-313+++Р-18-3-10-3-313),Р-18-3-10-3-313,Р18,3-10,3,313,opys-explicit
de50c648-3b2d-47dc-80cf-6760c3541728,ЦДНТА-(Р-18-3-10-2-288+++Р-18-3-10-2-288+++Р-18-3-10-2-288),Р-18-3-10-2-288,Р18,3-10,2,288,opys-explicit
1c4fc290-8ba8-4ee9-bc79-43c7571287e2,ЦДНТА-(Р-18-3-10-2-296+++Р-18-3-10-2-296+++Р-18-3-10-2-296),Р-18-3-10-2-296,Р18,3-10,2,296,opys-explicit
5b2ef362-8a2f-458b-8154-99e432d459b2,ЦДНТА-(Р-18-3-10-1-171+++Р-18-3-10-1-171+++Р-18-3-10-1-171),Р-18-3-10-1-171,Р18,3-10,1,171,opys-explicit
794f6ca2-f9c8-4f0d-9d45-1afdf4dca886,ЦДНТА-(Р-17-3-9-3-1237+++Р-17-3-9-3-1237+++Р-17-3-9-3-1237),Р-17-3-9-3-1237,Р17,3-9,3,1237,opys-explicit
738f1a24-37cd-4b96-a730-3a3467475343,ЦДНТА-(Р-17-3-9-4-1446+++Р-17-3-9-4-1446+++Р-17-3-9-4-1446),Р-17-3-9-4-1446,Р17,3-9,4,1446,opys-explicit
b140983a-37fa-4771-bbf3-9fe02e34dbe4,ЦДНТА-(Р-17-3-9-4-1393+++Р-17-3-9-4-1393+++Р-17-3-9-4-1393),Р-17-3-9-4-1393,Р17,3-9,4,1393,opys-explicit
8205ec66-35d9-4107-b92c-0ca06afba865,ЦДНТА-(Р-17-3-9-3-1195+++Р-17-3-9-3-1195+++Р-17-3-9-3-1195),Р-17-3-9-3-1195,Р17,3-9,3,1195,opys-explicit
c9f36b27-89bf-4eef-ac9c-5fd77af69967,ЦДНТА-(Р-17-3-9-4-1562+++Р-17-3-9-4-1562+++Р-17-3-9-4-1562),Р-17-3-9-4-1562,Р17,3-9,4,1562,opys-explicit
1dfc9575-f914-4734-a238-460c98591b99,ЦДНТА-(Р-17-3-9-4-1573+++Р-17-3-9-4-1573+++Р-17-3-9-4-1573),Р-17-3-9-4-1573,Р17,3-9,4,1573,opys-explicit
eee8f8e7-7a89-487c-9078-60825f12b0b9,ЦДНТА-(Р-17-3-9-4-1545+++Р-17-3-9-4-1545+++Р-17-3-9-4-1545),Р-17-3-9-4-1545,Р17,3-9,4,1545,opys-explicit
0dbaa56a-269c-4188-b7fb-76472ec932a9,ЦДНТА-(Р-17-3-9-319+++Р-17-3-9-319+++Р-17-3-9-319),Р-17-3-9-319,Р17,3-9,1,319,range-lookup
9074792f-5638-4c94-8c35-5d8600673959,ЦДНТА-(Р-17-3-9-331+++Р-17-3-9-331+++Р-17-3-9-331),Р-17-3-9-331,Р17,3-9,1,331,range-lookup
6b958212-4ffd-47f9-afcd-17d344b32d04,ЦДНТА-(Р-17-3-9-344+++Р-17-3-9-344+++Р-17-3-9-344),Р-17-3-9-344,Р17,3-9,1,344,range-lookup
821d4991-954c-4b6f-ad88-b29a0225d232,ЦДНТА-(Р-17-3-9-348+++Р-17-3-9-348+++Р-17-3-9-348),Р-17-3-9-348,Р17,3-9,1,348,range-lookup
902b72f9-e102-40e0-a146-9a5f76ecc8fa,ЦДНТА-(Р-17-3-9-314+++Р-17-3-9-314+++Р-17-3-9-314),Р-17-3-9-314,Р17,3-9,1,314,range-lookup
575cb51d-dc12-44b3-9f44-62f1efb71fe7,ЦДНТА-(Р-17-3-9-1-281+++Р-17-3-9-1-281+++Р-17-3-9-1-281),Р-17-3-9-1-281,Р17,3-9,1,281,opys-explicit
d3818244-d531-4b43-b678-6718d7f17529,ЦДНТА-(Р-17-3-9-1-195+++Р-17-3-9-1-195+++Р-17-3-9-1-195),Р-17-3-9-1-195,Р17,3-9,1,195,opys-explicit
e2293954-d3c4-48c8-a838-a7a2aac867dd,ЦДНТА-(Р-17-3-9-312+++Р-17-3-9-312+++Р-17-3-9-312),Р-17-3-9-312,Р17,3-9,1,312,range-lookup
63f2ae33-8df9-485e-935f-322803719e6d,ЦДНТА-(Р-17-3-9-1-69+++Р-17-3-9-1-69+++Р-17-3-9-1-69),Р-17-3-9-1-69,Р17,3-9,1,69,opys-explicit
96ecfa82-2fba-4755-98ba-869a988eca2f,ЦДНТА-(Р-17-3-9-157+++Р-17-3-9-157+++Р-17-3-9-157),Р-17-3-9-157,Р17,3-9,1,157,range-lookup
efb7ffdd-a157-45d7-be7e-c1eabd9b0408,ЦДНТА-(Р-17-3-9-1-274+++Р-17-3-9-1-274+++Р-17-3-9-1-274),Р-17-3-9-1-274,Р17,3-9,1,274,opys-explicit
fb9fe323-535a-474a-a5e4-6bdb827b3679,ЦДНТА-(Р-17-3-9-324+++Р-17-3-9-324+++Р-17-3-9-324),Р-17-3-9-324,Р17,3-9,1,324,range-lookup
6c9cc69f-6df2-42e9-8ca8-e2975ae60028,ЦДНТА-(Р-17-3-9-317+++Р-17-3-9-317+++Р-17-3-9-317),Р-17-3-9-317,Р17,3-9,1,317,range-lookup
b62bd110-8d4f-4a2b-9f9f-5f7dff942aae,ЦДНТА-(Р-17-3-9-1-339+++Р-17-3-9-1-339+++Р-17-3-9-1-339),Р-17-3-9-1-339,Р17,3-9,1,339,opys-explicit
5b3b6ccf-507c-4bec-9d82-f9f2eda977d2,ЦДНТА-(Р-17-3-9-1-351+++Р-17-3-9-1-351+++Р-17-3-9-1-351),Р-17-3-9-1-351,Р17,3-9,1,351,opys-explicit
7136fdd8-24eb-4aab-99e0-52f41dffcea7,ЦДНТА-(Р-17-3-9-140+++Р-17-3-9-140+++Р-17-3-9-140),Р-17-3-9-140,Р17,3-9,1,140,range-lookup
687e5516-ac3d-4c49-81f1-9882d889272f,ЦДНТА-(Р-17-3-9-159+++Р-17-3-9-159+++Р-17-3-9-159),Р-17-3-9-159,Р17,3-9,1,159,range-lookup
ed53cbc9-53b3-4758-97dc-03b94efb7475,ЦДНТА-(Р-17-3-9-191+++Р-17-3-9-191+++Р-17-3-9-191),Р-17-3-9-191,Р17,3-9,1,191,range-lookup
4dee145e-0954-4b3b-a4c6-8f9d93aaf13d,ЦДНТА-(Р-17-3-9-1-253+++Р-17-3-9-1-253+++Р-17-3-9-1-253),Р-17-3-9-1-253,Р17,3-9,1,253,opys-explicit
f0355499-4fa3-4b1b-9584-540f711d6ff6,ЦДНТА-(Р-17-3-9-1-93+++Р-17-3-9-1-93+++Р-17-3-9-1-93),Р-17-3-9-1-93,Р17,3-9,1,93,opys-explicit
6529518f-f475-4ae3-adaa-2af697041421,ЦДНТА-(Р-17-3-9-1-307+++Р-17-3-9-1-307+++Р-17-3-9-1-307),Р-17-3-9-1-307,Р17,3-9,1,307,opys-explicit
3461cf8c-7f1f-4441-98ff-36bd1cb5be00,ЦДНТА-(Р-17-3-9-1-144+++Р-17-3-9-1-144+++Р-17-3-9-1-144),Р-17-3-9-1-144,Р17,3-9,1,144,opys-explicit
e14ce81e-b9ba-4591-8d4c-31194d75c4d4,ЦДНТА-(Р-17-3-9-1-5+++Р-17-3-9-1-5+++Р-17-3-9-1-5),Р-17-3-9-1-5,Р17,3-9,1,5,opys-explicit
1a39535b-04fe-42be-b773-db10f90ec367,ЦДНТА-(Р-17-3-9-519+++Р-17-3-9-519+++Р-17-3-9-519),Р-17-3-9-519,Р17,3-9,1,519,range-lookup
fd45e06c-8dfb-46c5-90f9-62de4cb7fcc4,ЦДНТА-(Р-17-3-9-564+++Р-17-3-9-564+++Р-17-3-9-564),Р-17-3-9-564,Р17,3-9,1,564,range-lookup
855b6fb2-951b-4659-8613-248c43623074,ЦДНТА-(Р-78-3-22-101+++Р-78-3-22-101+++Р-78-3-22-1-101),Р-78-3-22-101,Р78,3-22,1Н,101,range-lookup
84cc141f-00e8-4644-afe5-f464daf48fb3,ЦДНТА-(Р-78-3-22-90+++Р-78-3-22-90+++Р-78-3-22-1-90),Р-78-3-22-90,Р78,3-22,1Н,90,range-lookup
76549f39-96bf-4609-881e-75e35777e252,ЦДНТА-(Р-78-3-22-131+++Р-78-3-22-131+++Р-78-3-22-1-131),Р-78-3-22-131,Р78,3-22,1Н,131,range-lookup
76ccf539-7432-41c8-8e26-a1927fdaac41,ЦДНТА-(Р-78-3-22-110+++Р-78-3-22-110+++Р-78-3-22-1-110),Р-78-3-22-110,Р78,3-22,1Н,110,range-lookup
2906db6b-dc38-40cb-9b71-e9206a38e86d,ЦДНТА-(Р-17-3-9-1-166+++Р-17-3-9-1-166+++Р-17-3-9-1-166),Р-17-3-9-1-166,Р17,3-9,1,166,opys-explicit
34dc981f-0689-4d7b-9754-c014add799dd,ЦДНТА-(Р-107-3-36-3-291+++Р-107-3-36-3-291+++Р-107-3-36-3-291),Р-107-3-36-3-291,Р107,3-36,3,291,opys-explicit
8cda905b-83c0-4778-be26-7e8376d5db07,ЦДНТА-(Р-107-3-36-4-889+++Р-107-3-36-4-889+++Р-107-3-36-4-889),Р-107-3-36-4-889,Р107,3-36,4,889,opys-explicit
04a3c959-ba17-44a4-badb-0a27da689a86,ЦДНТА-(Р-107-3-36-4-1066+++Р-107-3-36-4-1066+++Р-107-3-36-4-1066),Р-107-3-36-4-1066,Р107,3-36,4,1066,opys-explicit
77e5ed9f-7698-43f7-b135-07e7219cf312,ЦДНТА-(Р-107-3-36-4-1231+++Р-107-3-36-4-1231+++Р-107-3-36-4-1231),Р-107-3-36-4-1231,Р107,3-36,4,1231,opys-explicit
f7acfa93-01e0-4359-8915-6c5e339fe5b3,ЦДНТА-(Р-107-3-36-5-1568+++Р-107-3-36-5-1568+++Р-107-3-36-5-1568),Р-107-3-36-5-1568,Р107,3-36,5,1568,opys-explicit
9acb17b2-4fec-4885-8301-3f7829e9f076,ЦДНТА-(Р-107-3-36-4-1434+++Р-107-3-36-4-1434+++Р-107-3-36-4-1434),Р-107-3-36-4-1434,Р107,3-36,4,1434,opys-explicit
b5961175-0961-43d9-b14a-191ebe4171fa,ЦДНТА-(Р-107-3-36-3-452+++Р-107-3-36-3-452+++Р-107-3-36-3-452),Р-107-3-36-3-452,Р107,3-36,3,452,opys-explicit
f1686e9e-a0c0-42d4-b3aa-f34c72f367a1,ЦДНТА-(Р-107-3-36-5-1626+++Р-107-3-36-5-1626+++Р-107-3-36-5-1626),Р-107-3-36-5-1626,Р107,3-36,5,1626,opys-explicit
8026e88d-96c7-4436-b09e-d3b66a4cd2cc,ЦДНТА-(Р-107-3-36-5-1672+++Р-107-3-36-5-1672+++Р-107-3-36-5-1672),Р-107-3-36-5-1672,Р107,3-36,5,1672,opys-explicit
73af7207-a544-4a90-a348-382d745304c7,ЦДНТА-(Р-17-3-9-207+++Р-17-3-9-207+++Р-17-3-9-207),Р-17-3-9-207,Р17,3-9,1,207,range-lookup
940bf803-8cce-4df1-b9d2-477f33541951,ЦДНТА-(Р-107-3-36-4-1209+++Р-107-3-36-4-1209+++Р-107-3-36-4-1209),Р-107-3-36-4-1209,Р107,3-36,4,1209,opys-explicit
81c38631-97ad-49a4-bfda-8417dfc26959,ЦДНТА-(Р-17-3-9-3-1158а+++Р-17-3-9-3-1158а+++Р-17-3-9-3-1158а),Р-17-3-9-3-1158А,Р17,3-9,3,1158А,opys-explicit
5c40facf-5a07-4796-9e0a-68cc00532394,ЦДНТА-(Р-107-3-36-2-176+++Р-107-3-36-2-176+++Р-107-3-36-2-176),Р-107-3-36-2-176,Р107,3-36,2,176,opys-explicit
e346a03c-fea6-420c-978b-c40f240f247b,ЦДНТА-(Р-107-3-36-5-1654+++Р-107-3-36-5-1654+++Р-107-3-36-5-1654),Р-107-3-36-5-1654,Р107,3-36,5,1654,opys-explicit
206d6186-3467-4f8f-9d20-f5e3110c2c18,ЦДНТА-(Р-17-3-9-337+++Р-17-3-9-337+++Р-17-3-9-337),Р-17-3-9-337,Р17,3-9,1,337,range-lookup
d2270015-076b-4aba-9644-f2c6389a816e,ЦДНТА-(Р-17-3-9-3-987+++Р-17-3-9-3-987+++Р-17-3-9-3-987),Р-17-3-9-3-987,Р17,3-9,3,987,opys-explicit
333e2390-2437-4f4e-9364-8a8186f5242e,ЦДНТА-(Р-17-3-9-313+++Р-17-3-9-313+++Р-17-3-9-313),Р-17-3-9-313,Р17,3-9,1,313,range-lookup
6e2fd207-3b83-4507-9094-39222e291c9d,ЦДНТА-(Р-17-3-9-343+++Р-17-3-9-343+++Р-17-3-9-343),Р-17-3-9-343,Р17,3-9,1,343,range-lookup
ee056c15-5fc6-4e97-8d50-b01de9c37aa0,ЦДНТА-(Р-17-3-9-1-9+++Р-17-3-9-1-9+++Р-17-3-9-1-9),Р-17-3-9-1-9,Р17,3-9,1,9,opys-explicit
832415ef-7dc1-4c44-932f-813f441f29aa,ЦДНТА-(Р-17-3-9-4-1535+++Р-17-3-9-4-1535+++Р-17-3-9-4-1535),Р-17-3-9-4-1535,Р17,3-9,4,1535,opys-explicit
f274fa9e-5e7e-4ac1-977d-2b24367492c6,ЦДНТА-(Р-17-3-9-3-1266+++Р-17-3-9-3-1266+++Р-17-3-9-3-1266),Р-17-3-9-3-1266,Р17,3-9,3,1266,opys-explicit
78dd7362-bf34-408b-a850-ea2785fd6307,ЦДНТА-(Р-17-3-9-3-1235+++Р-17-3-9-3-1235+++Р-17-3-9-3-1235),Р-17-3-9-3-1235,Р17,3-9,3,1235,opys-explicit
2e915d8b-e48a-44f8-9028-0338db049baf,ЦДНТА-(Р-17-3-9-108+++Р-17-3-9-108+++Р-17-3-9-108),Р-17-3-9-108,Р17,3-9,1,108,range-lookup
332f8b4e-4b57-478a-840d-2b36de5af52f,ЦДНТА-(Р-17-3-9-108+++Р-17-3-9-108+++Р-17-3-9-108),Р-17-3-9-108,Р17,3-9,1,108,range-lookup
d89454ea-91c2-4b63-a1f8-ff0ab409b4ce,ЦДНТА-(Р-17-3-9-4-1368+++Р-17-3-9-4-1368+++Р-17-3-9-4-1368),Р-17-3-9-4-1368,Р17,3-9,4,1368,opys-explicit
25e891ac-20ab-4d7d-a741-bc8f96ef2ad6,ЦДНТА-(Р-107-3-36-1-16+++Р-107-3-36-1-16+++Р-107-3-36-1-16),Р-107-3-36-1-16,Р107,3-36,1,16,opys-explicit
157eac40-ca6a-4780-bc91-31bee97f9c15,ЦДНТА-(Р-107-3-36-1-18+++Р-107-3-36-1-18+++Р-107-3-36-1-18),Р-107-3-36-1-18,Р107,3-36,1,18,opys-explicit
1677c7b1-1193-4010-9cbe-10b15df7e3c6,ЦДНТА-(Р-107-3-36-1-19+++Р-107-3-36-1-19+++Р-107-3-36-1-19),Р-107-3-36-1-19,Р107,3-36,1,19,opys-explicit
69dbeae0-09b0-4126-a3b8-9af01c4a010b,ЦДНТА-(Р-107-3-36-1-22+++Р-107-3-36-1-22+++Р-107-3-36-1-22),Р-107-3-36-1-22,Р107,3-36,1,22,opys-explicit
7c54769a-e4ef-4b91-8139-60d7cdd6cb5d,ЦДНТА-(Р-107-3-36-1-7+++Р-107-3-36-1-7+++Р-107-3-36-1-7),Р-107-3-36-1-7,Р107,3-36,1,7,opys-explicit
3f109512-503c-49ce-ba04-50d3680ea74d,ЦДНТА-(Р-107-3-36-1-29+++Р-107-3-36-1-29+++Р-107-3-36-1-29),Р-107-3-36-1-29,Р107,3-36,1,29,opys-explicit
ea0dc443-fb4b-4824-aef9-94960e675b55,ЦДНТА-(Р-107-3-36-1-8+++Р-107-3-36-1-8+++Р-107-3-36-1-8),Р-107-3-36-1-8,Р107,3-36,1,8,opys-explicit
9b61f914-ac7e-402c-80fa-551eb7e562a4,ЦДНТА-(Р-107-3-36-1-35+++Р-107-3-36-1-35+++Р-107-3-36-1-35),Р-107-3-36-1-35,Р107,3-36,1,35,opys-explicit
7677d711-2064-47f0-a5d4-0c38e0cfe6d2,ЦДНТА-(Р-107-3-36-1-31+++Р-107-3-36-1-31+++Р-107-3-36-1-31),Р-107-3-36-1-31,Р107,3-36,1,31,opys-explicit
9b3dfad0-879e-4b7d-9195-704670db362c,ЦДНТА-(Р-107-3-36-1-13+++Р-107-3-36-1-13+++Р-107-3-36-1-13),Р-107-3-36-1-13,Р107,3-36,1,13,opys-explicit
b7642dc3-195a-42b8-96bd-358d064417db,ЦДНТА-(Р-107-3-36-1-10+++Р-107-3-36-1-10+++Р-107-3-36-1-10),Р-107-3-36-1-10,Р107,3-36,1,10,opys-explicit
6a54a58b-ea7d-46ef-a596-26f2744b68c7,ЦДНТА-(Р-107-3-36-1-20+++Р-107-3-36-1-20+++Р-107-3-36-1-20),Р-107-3-36-1-20,Р107,3-36,1,20,opys-explicit
565f3e07-dea5-48fb-a24b-773157958c2f,ЦДНТА-(Р-107-3-36-1-47+++Р-107-3-36-1-47+++Р-107-3-36-1-47),Р-107-3-36-1-47,Р107,3-36,1,47,opys-explicit
315935d0-ca4f-40a4-b219-7886e4ae91be,ЦДНТА-(Р-107-3-36-1-82+++Р-107-3-36-1-82+++Р-107-3-36-1-82),Р-107-3-36-1-82,Р107,3-36,1,82,opys-explicit+outofrange
37486095-4e7a-4760-9871-12bea11627ec,ЦДНТА-(Р-107-3-36-1-51+++Р-107-3-36-1-51+++Р-107-3-36-1-51),Р-107-3-36-1-51,Р107,3-36,1,51,opys-explicit
72ca43bb-8f0d-46d0-8c5a-ae1f98f1104d,ЦДНТА-(Р-107-3-36-1-67+++Р-107-3-36-1-67+++Р-107-3-36-1-67),Р-107-3-36-1-67,Р107,3-36,1,67,opys-explicit+outofrange
f6701b20-9fb8-4f1f-92ac-7c91d57a1f1a,ЦДНТА-(Р-107-3-36-1-56+++Р-107-3-36-1-56+++Р-107-3-36-1-56),Р-107-3-36-1-56,Р107,3-36,1,56,opys-explicit
d8ed4300-2b4e-4f2e-ad77-a5ba46fd5936,ЦДНТА-(Р-107-3-36-1-58+++Р-107-3-36-1-58+++Р-107-3-36-1-58),Р-107-3-36-1-58,Р107,3-36,1,58,opys-explicit
36997ffb-0ec5-49bd-9c80-4b9c532bd85d,ЦДНТА-(Р-107-3-36-1-89+++Р-107-3-36-1-89+++Р-107-3-36-1-89),Р-107-3-36-1-89,Р107,3-36,1,89,opys-explicit+outofrange
091220a7-4390-4770-83d9-c62b243fc2f1,ЦДНТА-(Р-107-3-36-1-90+++Р-107-3-36-1-90+++Р-107-3-36-1-90),Р-107-3-36-1-90,Р107,3-36,1,90,opys-explicit+outofrange
8f30e04c-ca29-46c7-a811-24053f06530a,ЦДНТА-(Р-107-3-36-1-39+++Р-107-3-36-1-39+++Р-107-3-36-1-39),Р-107-3-36-1-39,Р107,3-36,1,39,opys-explicit
2b655058-1668-4842-ae89-87ad4b4f766f,ЦДНТА-(Р-107-3-36-1-94+++Р-107-3-36-1-94+++Р-107-3-36-1-94),Р-107-3-36-1-94,Р107,3-36,1,94,opys-explicit+outofrange
0e8266d3-1849-42a5-8803-067bf0b8cbf0,ЦДНТА-(Р-107-3-36-1-59+++Р-107-3-36-1-59+++Р-107-3-36-1-59),Р-107-3-36-1-59,Р107,3-36,1,59,opys-explicit
b361fc4b-19f6-4617-8fcb-d28a21e877a4,ЦДНТА-(Р-107-3-36-1-96+++Р-107-3-36-1-96+++Р-107-3-36-1-96),Р-107-3-36-1-96,Р107,3-36,1,96,opys-explicit+outofrange
57d102c2-0d2b-4c06-97ae-322f2b99ce8a,ЦДНТА-(Р-107-3-36-1-100+++Р-107-3-36-1-100+++Р-107-3-36-1-100),Р-107-3-36-1-100,Р107,3-36,1,100,opys-explicit+outofrange
7bafb13d-3724-4905-a4f5-a352e4371dd8,ЦДНТА-(Р-107-3-36-1-60+++Р-107-3-36-1-60+++Р-107-3-36-1-60),Р-107-3-36-1-60,Р107,3-36,1,60,opys-explicit+outofrange
dabfccff-3b12-40a8-9b68-168253a4cda7,ЦДНТА-(Р-107-3-36-1-74+++Р-107-3-36-1-74+++Р-107-3-36-1-74),Р-107-3-36-1-74,Р107,3-36,1,74,opys-explicit+outofrange
47415377-9074-4da2-b552-e602aa806f0a,ЦДНТА-(Р-107-3-36-1-78+++Р-107-3-36-1-78+++Р-107-3-36-1-78),Р-107-3-36-1-78,Р107,3-36,1,78,opys-explicit+outofrange
180c1a7d-7866-4795-bf4c-fe08c59bf211,ЦДНТА-(Р-107-3-36-1-92+++Р-107-3-36-1-92+++Р-107-3-36-1-92),Р-107-3-36-1-92,Р107,3-36,1,92,opys-explicit+outofrange
4ec7def2-bad2-42b6-8d2b-fc01ff890038,ЦДНТА-(Р-107-3-36-1-108+++Р-107-3-36-1-108+++Р-107-3-36-1-108),Р-107-3-36-1-108,Р107,3-36,1,108,opys-explicit+outofrange
53924312-cb17-4f15-bb83-c64f5240ec60,ЦДНТА-(Р-107-3-36-1-91+++Р-107-3-36-1-91+++Р-107-3-36-1-91),Р-107-3-36-1-91,Р107,3-36,1,91,opys-explicit+outofrange
26f66593-0266-4118-acbc-bc75cf19ebe3,ЦДНТА-(Р-107-3-36-1-85-а+++Р-107-3-36-1-85-а+++Р-107-3-36-1-85-а),Р-107-3-36-1-85-А,Р107,3-36,1,85А,opys-explicit+outofrange
dbd0707b-48f1-45c0-8f7c-35cfef6551bd,ЦДНТА-(Р-107-3-36-1-109+++Р-107-3-36-1-109+++Р-107-3-36-1-109),Р-107-3-36-1-109,Р107,3-36,1,109,opys-explicit+outofrange
bbbe8ee4-d354-4514-ade0-9c35d0dde479,ЦДНТА-(Р-107-3-36-1-95+++Р-107-3-36-1-95+++Р-107-3-36-1-95),Р-107-3-36-1-95,Р107,3-36,1,95,opys-explicit+outofrange
680c5d71-51ed-4a12-b03e-93495574ce8a,ЦДНТА-(Р-107-3-36-1-85+++Р-107-3-36-1-85+++Р-107-3-36-1-85),Р-107-3-36-1-85,Р107,3-36,1,85,opys-explicit+outofrange
619701cf-33e7-468f-aaeb-0212b0536c12,ЦДНТА-(Р-107-3-36-1-84+++Р-107-3-36-1-84+++Р-107-3-36-1-84),Р-107-3-36-1-84,Р107,3-36,1,84,opys-explicit+outofrange
ebc8c376-49d7-4ec1-bfb7-f78bd8ace69f,ЦДНТА-(Р-107-3-36-1-105+++Р-107-3-36-1-105+++Р-107-3-36-1-105),Р-107-3-36-1-105,Р107,3-36,1,105,opys-explicit+outofrange
60f3ca6f-cf23-4b9a-ae69-93a63d770b9e,ЦДНТА-(Р-107-3-36-1-112+++Р-107-3-36-1-112+++Р-107-3-36-1-112),Р-107-3-36-1-112,Р107,3-36,1,112,opys-explicit+outofrange
7c168311-c275-430c-86b7-e8bf48a36ac6,ЦДНТА-(Р-107-3-36-1-128+++Р-107-3-36-1-128+++Р-107-3-36-1-128),Р-107-3-36-1-128,Р107,3-36,1,128,opys-explicit+outofrange
a28b9e10-9dd8-4e00-a48d-ae4adf8d8d21,ЦДНТА-(Р-107-3-36-1-138+++Р-107-3-36-1-138+++Р-107-3-36-1-138),Р-107-3-36-1-138,Р107,3-36,1,138,opys-explicit+outofrange
7b2d7045-dd46-44ef-9a90-9ecf3fce68ef,ЦДНТА-(Р-107-3-36-1-118+++Р-107-3-36-1-118+++Р-107-3-36-1-118),Р-107-3-36-1-118,Р107,3-36,1,118,opys-explicit+outofrange
6d901106-05e2-4210-a26b-d0fa5f057fc0,ЦДНТА-(Р-107-3-36-1-135+++Р-107-3-36-1-135+++Р-107-3-36-1-135),Р-107-3-36-1-135,Р107,3-36,1,135,opys-explicit+outofrange
f455a5b0-ecd9-4411-bf43-aeb895fe09a3,ЦДНТА-(Р-107-3-36-1-139+++Р-107-3-36-1-139+++Р-107-3-36-1-139),Р-107-3-36-1-139,Р107,3-36,1,139,opys-explicit+outofrange
d98e7a01-a98d-4fbd-ae86-db168ec21408,ЦДНТА-(Р-107-3-36-1-142+++Р-107-3-36-1-142+++Р-107-3-36-1-142),Р-107-3-36-1-142,Р107,3-36,1,142,opys-explicit+outofrange
c5490475-ee71-4d0a-a317-1846ead5b08a,ЦДНТА-(Р-107-3-36-1-158+++Р-107-3-36-1-158+++Р-107-3-36-1-158),Р-107-3-36-1-158,Р107,3-36,1,158,opys-explicit+outofrange
4ecd09dd-3fe5-41e6-8132-7431d9cdebbf,ЦДНТА-(Р-107-3-36-1-171+++Р-107-3-36-1-171+++Р-107-3-36-1-171),Р-107-3-36-1-171,Р107,3-36,1,171,opys-explicit+outofrange
ede503e0-fe30-4277-add8-8a40a23df926,ЦДНТА-(Р-107-3-36-1-151+++Р-107-3-36-1-151+++Р-107-3-36-1-151),Р-107-3-36-1-151,Р107,3-36,1,151,opys-explicit+outofrange
7d8ad771-4e8f-48af-984a-af95bb8b0ed6,ЦДНТА-(Р-107-3-36-1-183+++Р-107-3-36-1-183+++Р-107-3-36-1-183),Р-107-3-36-1-183,Р107,3-36,1,183,opys-explicit+outofrange
7d464471-f913-4460-9cbc-add501a3fc94,ЦДНТА-(Р-107-3-36-2-195+++Р-107-3-36-2-195+++Р-107-3-36-2-195),Р-107-3-36-2-195,Р107,3-36,2,195,opys-explicit
710ad0e4-93ee-41a3-acc1-22f351050211,ЦДНТА-(Р-107-3-36-2-205+++Р-107-3-36-2-205+++Р-107-3-36-2-205),Р-107-3-36-2-205,Р107,3-36,2,205,opys-explicit
f1d5d461-a027-4bf7-a8e6-ca35da89562e,ЦДНТА-(Р-107-3-36-2-191+++Р-107-3-36-2-191+++Р-107-3-36-2-191),Р-107-3-36-2-191,Р107,3-36,2,191,opys-explicit
5dc7277b-c8f9-4d0b-a957-88676b60fa89,ЦДНТА-(Р-107-3-36-3-223+++Р-107-3-36-3-223+++Р-107-3-36-3-223),Р-107-3-36-3-223,Р107,3-36,3,223,opys-explicit
f5f6f0ce-9c3f-48df-afb6-78ca078faf78,ЦДНТА-(Р-107-3-36-1-130+++Р-107-3-36-1-130+++Р-107-3-36-1-130),Р-107-3-36-1-130,Р107,3-36,1,130,opys-explicit+outofrange
8616d4ba-e54a-40e1-88ae-99c98e4d190d,ЦДНТА-(Р-107-3-36-1-146+++Р-107-3-36-1-146+++Р-107-3-36-1-146),Р-107-3-36-1-146,Р107,3-36,1,146,opys-explicit+outofrange
371079f0-87e2-4794-a47e-d63eea3011f5,ЦДНТА-(Р-107-3-36-1-152+++Р-107-3-36-1-152+++Р-107-3-36-1-152),Р-107-3-36-1-152,Р107,3-36,1,152,opys-explicit+outofrange
acd95b49-871b-4402-a35e-950d20fe3fd8,ЦДНТА-(Р-107-3-36-1-156+++Р-107-3-36-1-156+++Р-107-3-36-1-156),Р-107-3-36-1-156,Р107,3-36,1,156,opys-explicit+outofrange
03c1419c-c05c-4aea-8701-50bdc4a3759f,ЦДНТА-(Р-107-3-36-1-184+++Р-107-3-36-1-184+++Р-107-3-36-1-184),Р-107-3-36-1-184,Р107,3-36,1,184,opys-explicit+outofrange
b011acee-1e9f-41ba-8b8a-91f7eca20a00,ЦДНТА-(Р-107-3-36-2-202+++Р-107-3-36-2-202+++Р-107-3-36-2-202),Р-107-3-36-2-202,Р107,3-36,2,202,opys-explicit
169bcba3-e67f-4a4b-901b-941a0478c737,ЦДНТА-(Р-107-3-36-1-123+++Р-107-3-36-1-123+++Р-107-3-36-1-123),Р-107-3-36-1-123,Р107,3-36,1,123,opys-explicit+outofrange
c32cfba9-cad1-4075-8577-20bb06fbde20,ЦДНТА-(Р-107-3-36-2-173+++Р-107-3-36-2-173+++Р-107-3-36-2-173),Р-107-3-36-2-173,Р107,3-36,2,173,opys-explicit
d51f19d7-5e1b-4425-814c-b04cc14acff4,ЦДНТА-(Р-107-3-36-2-182+++Р-107-3-36-2-182+++Р-107-3-36-2-182),Р-107-3-36-2-182,Р107,3-36,2,182,opys-explicit
5f5c1197-87ca-4c03-a3f2-4eec5f31af7b,ЦДНТА-(Р-107-3-36-1-113+++Р-107-3-36-1-113+++Р-107-3-36-1-113),Р-107-3-36-1-113,Р107,3-36,1,113,opys-explicit+outofrange
09a0ec81-5004-4403-a1d4-95e42b51ec98,ЦДНТА-(Р-107-3-36-2-209+++Р-107-3-36-2-209+++Р-107-3-36-2-209),Р-107-3-36-2-209,Р107,3-36,2,209,opys-explicit
83afed66-c8a3-45b9-85f8-909a90bc03ee,ЦДНТА-(Р-107-3-36-3-218+++Р-107-3-36-3-218+++Р-107-3-36-3-218),Р-107-3-36-3-218,Р107,3-36,3,218,opys-explicit
b807f6d5-49fb-4752-83e1-57351d8e7715,ЦДНТА-(Р-107-3-36-2-196+++Р-107-3-36-2-196+++Р-107-3-36-2-196),Р-107-3-36-2-196,Р107,3-36,2,196,opys-explicit
ac68d3e4-e206-4fc0-9550-3f7e443a860f,ЦДНТА-(Р-107-3-36-2-170+++Р-107-3-36-2-170+++Р-107-3-36-2-170),Р-107-3-36-2-170,Р107,3-36,2,170,opys-explicit
7fadfd40-c465-4dd5-9ac1-53a3fde70d89,ЦДНТА-(Р-107-3-36-2-201+++Р-107-3-36-2-201+++Р-107-3-36-2-201),Р-107-3-36-2-201,Р107,3-36,2,201,opys-explicit
938c3e96-3227-4442-8c9a-e60444f0a49c,ЦДНТА-(Р-107-3-36-2-200+++Р-107-3-36-2-200+++Р-107-3-36-2-200),Р-107-3-36-2-200,Р107,3-36,2,200,opys-explicit
b6c8fb42-7fd8-4407-8805-4047373f4636,ЦДНТА-(Р-107-3-36-2-199+++Р-107-3-36-2-199+++Р-107-3-36-2-199),Р-107-3-36-2-199,Р107,3-36,2,199,opys-explicit
432406b0-328d-485c-8559-413989823243,ЦДНТА-(Р-107-3-36-2-193+++Р-107-3-36-2-193+++Р-107-3-36-2-193),Р-107-3-36-2-193,Р107,3-36,2,193,opys-explicit
7367a3ed-3e41-464e-b172-2624bc874177,ЦДНТА-(Р-107-3-36-1-141+++Р-107-3-36-1-141+++Р-107-3-36-1-141),Р-107-3-36-1-141,Р107,3-36,1,141,opys-explicit+outofrange
8bff0d1e-b123-4428-b264-0ee41d57e83d,ЦДНТА-(Р-107-3-36-1-147+++Р-107-3-36-1-147+++Р-107-3-36-1-147),Р-107-3-36-1-147,Р107,3-36,1,147,opys-explicit+outofrange
36a8949d-723f-4e23-94eb-4e58bcbde033,ЦДНТА-(Р-107-3-36-1-164+++Р-107-3-36-1-164+++Р-107-3-36-1-164),Р-107-3-36-1-164,Р107,3-36,1,164,opys-explicit+outofrange
af827bfd-4cc6-469f-90ca-bb9fed44d0cc,ЦДНТА-(Р-107-3-36-1-122+++Р-107-3-36-1-122+++Р-107-3-36-1-122),Р-107-3-36-1-122,Р107,3-36,1,122,opys-explicit+outofrange
49cf9190-dd39-46aa-9682-bef58a242a39,ЦДНТА-(Р-107-3-36-2-208+++Р-107-3-36-2-208+++Р-107-3-36-2-208),Р-107-3-36-2-208,Р107,3-36,2,208,opys-explicit
ae6b06c8-e09b-46d3-ab2e-b41f27baed1a,ЦДНТА-(Р-107-3-36-3-215+++Р-107-3-36-3-215+++Р-107-3-36-3-215),Р-107-3-36-3-215,Р107,3-36,3,215,opys-explicit
eccc999b-32be-4853-a1a7-781dbe5624ad,ЦДНТА-(Р-107-3-36-1-114+++Р-107-3-36-1-114+++Р-107-3-36-1-114),Р-107-3-36-1-114,Р107,3-36,1,114,opys-explicit+outofrange
9ad7560e-b45c-435c-be5b-8a34b26e0b3f,ЦДНТА-(Р-107-3-36-2-174+++Р-107-3-36-2-174+++Р-107-3-36-2-174),Р-107-3-36-2-174,Р107,3-36,2,174,opys-explicit
4856f957-b636-4944-b7cd-209dddab2465,ЦДНТА-(Р-107-3-36-3-283+++Р-107-3-36-3-283+++Р-107-3-36-3-283),Р-107-3-36-3-283,Р107,3-36,3,283,opys-explicit
697dfc41-9288-4b8d-8df9-2ea47775561c,ЦДНТА-(Р-107-3-36-3-274+++Р-107-3-36-3-274+++Р-107-3-36-3-274),Р-107-3-36-3-274,Р107,3-36,3,274,opys-explicit
911cf7ee-8232-44e0-914a-2fa411d45d40,ЦДНТА-(Р-107-3-36-3-290+++Р-107-3-36-3-290+++Р-107-3-36-3-290),Р-107-3-36-3-290,Р107,3-36,3,290,opys-explicit
2f7467ca-5741-4a62-8b27-3908e9b666ce,ЦДНТА-(Р-107-3-36-3-295+++Р-107-3-36-3-295+++Р-107-3-36-3-295),Р-107-3-36-3-295,Р107,3-36,3,295,opys-explicit
25ec6d13-bf2e-4320-a3bb-87d8534ded30,ЦДНТА-(Р-107-3-36-3-296+++Р-107-3-36-3-296+++Р-107-3-36-3-296),Р-107-3-36-3-296,Р107,3-36,3,296,opys-explicit
364d4713-a58e-451b-9f65-c248c353eb78,ЦДНТА-(Р-107-3-36-3-286+++Р-107-3-36-3-286+++Р-107-3-36-3-286),Р-107-3-36-3-286,Р107,3-36,3,286,opys-explicit
522313b6-4361-41ce-8f71-d1053e1b6222,ЦДНТА-(Р-107-3-36-3-292+++Р-107-3-36-3-292+++Р-107-3-36-3-292),Р-107-3-36-3-292,Р107,3-36,3,292,opys-explicit
9892725e-34b2-4d96-8f77-92536618f67b,ЦДНТА-(Р-107-3-36-3-297+++Р-107-3-36-3-297+++Р-107-3-36-3-297),Р-107-3-36-3-297,Р107,3-36,3,297,opys-explicit
a321c80f-b890-48bb-bf90-4b7f467a5839,ЦДНТА-(Р-107-3-36-3-298+++Р-107-3-36-3-298+++Р-107-3-36-3-298),Р-107-3-36-3-298,Р107,3-36,3,298,opys-explicit
b06ca29f-b5d0-43a7-ac3b-86014a0287f7,ЦДНТА-(Р-107-3-36-3-303+++Р-107-3-36-3-303+++Р-107-3-36-3-303),Р-107-3-36-3-303,Р107,3-36,3,303,opys-explicit
442b0d88-10b4-42fd-a0df-fe5c03a6813f,ЦДНТА-(Р-107-3-36-3-306+++Р-107-3-36-3-306+++Р-107-3-36-3-306),Р-107-3-36-3-306,Р107,3-36,3,306,opys-explicit
ada9210c-385f-454c-b543-6e3633acac85,ЦДНТА-(Р-107-3-36-3-307+++Р-107-3-36-3-307+++Р-107-3-36-3-307),Р-107-3-36-3-307,Р107,3-36,3,307,opys-explicit
5d87e963-3a71-414b-95ba-fdbed0ec741d,ЦДНТА-(Р-107-3-36-3-323+++Р-107-3-36-3-323+++Р-107-3-36-3-323),Р-107-3-36-3-323,Р107,3-36,3,323,opys-explicit
30e44047-424c-42a3-9ad3-eca78b5bcfde,ЦДНТА-(Р-107-3-36-3-317+++Р-107-3-36-3-317+++Р-107-3-36-3-317),Р-107-3-36-3-317,Р107,3-36,3,317,opys-explicit
3822042e-ccea-43c2-ad7d-a9869a5bd53a,ЦДНТА-(Р-107-3-36-3-316+++Р-107-3-36-3-316+++Р-107-3-36-3-316),Р-107-3-36-3-316,Р107,3-36,3,316,opys-explicit
035546d7-c84b-4e9a-b7ac-175dec5827f6,ЦДНТА-(Р-107-3-36-3-327+++Р-107-3-36-3-327+++Р-107-3-36-3-327),Р-107-3-36-3-327,Р107,3-36,3,327,opys-explicit
83469acb-3db5-4a60-a1f3-209a03f343ba,ЦДНТА-(Р-107-3-36-3-331+++Р-107-3-36-3-331+++Р-107-3-36-3-331),Р-107-3-36-3-331,Р107,3-36,3,331,opys-explicit
0db0ca1d-e88f-4106-b1d9-22a21942346f,ЦДНТА-(Р-107-3-36-3-337+++Р-107-3-36-3-337+++Р-107-3-36-3-337),Р-107-3-36-3-337,Р107,3-36,3,337,opys-explicit
d77809b8-2eb3-4e75-8882-9723a2b0265e,ЦДНТА-(Р-107-3-36-3-336+++Р-107-3-36-3-336+++Р-107-3-36-3-336),Р-107-3-36-3-336,Р107,3-36,3,336,opys-explicit
d2429c14-aa7b-432d-9a46-1c9c35643a50,ЦДНТА-(Р-107-3-36-3-344+++Р-107-3-36-3-344+++Р-107-3-36-3-344),Р-107-3-36-3-344,Р107,3-36,3,344,opys-explicit
71389828-9b5f-4f68-8195-971b8f0c07b9,ЦДНТА-(Р-107-3-36-3-340+++Р-107-3-36-3-340+++Р-107-3-36-3-340),Р-107-3-36-3-340,Р107,3-36,3,340,opys-explicit
b99fd0e8-f901-4917-b900-8b55328cc2ea,ЦДНТА-(Р-107-3-36-3-349+++Р-107-3-36-3-349+++Р-107-3-36-3-349),Р-107-3-36-3-349,Р107,3-36,3,349,opys-explicit
13196f60-a2cb-42ea-87c0-0f45ece5de60,ЦДНТА-(Р-107-3-36-3-348+++Р-107-3-36-3-348+++Р-107-3-36-3-348),Р-107-3-36-3-348,Р107,3-36,3,348,opys-explicit
cfa72d7f-3aae-4041-9f50-4c7959708d6f,ЦДНТА-(Р-107-3-36-3-350+++Р-107-3-36-3-350+++Р-107-3-36-3-350),Р-107-3-36-3-350,Р107,3-36,3,350,opys-explicit
10fe8415-8fd3-4959-8283-a6d4705205bd,ЦДНТА-(Р-107-3-36-3-352+++Р-107-3-36-3-352+++Р-107-3-36-3-352),Р-107-3-36-3-352,Р107,3-36,3,352,opys-explicit
b8fb3e33-61a9-4bd7-a56d-427cf7d20f8f,ЦДНТА-(Р-107-3-36-3-353+++Р-107-3-36-3-353+++Р-107-3-36-3-353),Р-107-3-36-3-353,Р107,3-36,3,353,opys-explicit
8c025f1e-b5e4-42f1-aaf5-f3b2c7bcda38,ЦДНТА-(Р-107-3-36-3-355+++Р-107-3-36-3-355+++Р-107-3-36-3-355),Р-107-3-36-3-355,Р107,3-36,3,355,opys-explicit
3b38d42d-7508-4ad7-84ca-fa5ece45358b,ЦДНТА-(Р-107-3-36-3-366+++Р-107-3-36-3-366+++Р-107-3-36-3-366),Р-107-3-36-3-366,Р107,3-36,3,366,opys-explicit
3c7db5b8-1e69-4188-b342-2790247be456,ЦДНТА-(Р-107-3-36-3-374+++Р-107-3-36-3-374+++Р-107-3-36-3-374),Р-107-3-36-3-374,Р107,3-36,3,374,opys-explicit
06fcd433-2f74-48cb-bd70-5f0df60138a5,ЦДНТА-(Р-107-3-36-3-381+++Р-107-3-36-3-381+++Р-107-3-36-3-381),Р-107-3-36-3-381,Р107,3-36,3,381,opys-explicit
0c4f6634-ca70-44fb-85fe-9abe062f6a73,ЦДНТА-(Р-107-3-36-3-385+++Р-107-3-36-3-385+++Р-107-3-36-3-385),Р-107-3-36-3-385,Р107,3-36,3,385,opys-explicit
d9d8cc16-b94a-4b04-9d1b-ee0be9abe465,ЦДНТА-(Р-107-3-36-3-388+++Р-107-3-36-3-388+++Р-107-3-36-3-388),Р-107-3-36-3-388,Р107,3-36,3,388,opys-explicit
08cd38b2-301f-4e1a-8f8d-f4e1dd43a779,ЦДНТА-(Р-107-3-36-3-394+++Р-107-3-36-3-394+++Р-107-3-36-3-394),Р-107-3-36-3-394,Р107,3-36,3,394,opys-explicit
1603dd0f-69a1-49d6-bfbc-485297c1beb7,ЦДНТА-(Р-107-3-36-3-397+++Р-107-3-36-3-397+++Р-107-3-36-3-397),Р-107-3-36-3-397,Р107,3-36,3,397,opys-explicit
e34531cb-b4c7-4cf1-9016-97f26d8c1db2,ЦДНТА-(Р-107-3-36-3-392+++Р-107-3-36-3-392+++Р-107-3-36-3-392),Р-107-3-36-3-392,Р107,3-36,3,392,opys-explicit
edcdaf46-2754-4082-a582-1c432fc378d7,ЦДНТА-(Р-107-3-36-3-416+++Р-107-3-36-3-416+++Р-107-3-36-3-416),Р-107-3-36-3-416,Р107,3-36,3,416,opys-explicit
c2a0f7d7-80ee-4a3a-915d-1ad9ae9bacc5,ЦДНТА-(Р-107-3-36-3-398+++Р-107-3-36-3-398+++Р-107-3-36-3-398),Р-107-3-36-3-398,Р107,3-36,3,398,opys-explicit
cc7e40b7-97be-4c7d-b4dc-152cb82d0529,ЦДНТА-(Р-107-3-36-3-427+++Р-107-3-36-3-427+++Р-107-3-36-3-427),Р-107-3-36-3-427,Р107,3-36,3,427,opys-explicit
51fe9e1e-7b40-4976-91ed-81adb000d674,ЦДНТА-(Р-107-3-36-3-400+++Р-107-3-36-3-400+++Р-107-3-36-3-400),Р-107-3-36-3-400,Р107,3-36,3,400,opys-explicit
fe3534b2-8b78-4697-b902-c954f30ac1a9,ЦДНТА-(Р-107-3-36-3-399+++Р-107-3-36-3-399+++Р-107-3-36-3-399),Р-107-3-36-3-399,Р107,3-36,3,399,opys-explicit
7be04da8-4227-4030-a0b1-5b72caaa6216,ЦДНТА-(Р-107-3-36-3-437+++Р-107-3-36-3-437+++Р-107-3-36-3-437),Р-107-3-36-3-437,Р107,3-36,3,437,opys-explicit
efa48551-22df-4082-923b-f09fe1d42055,ЦДНТА-(Р-107-3-36-3-433+++Р-107-3-36-3-433+++Р-107-3-36-3-433),Р-107-3-36-3-433,Р107,3-36,3,433,opys-explicit
f998cb66-0c81-4fac-b2d1-d4108c0efd82,ЦДНТА-(Р-107-3-36-3-439+++Р-107-3-36-3-439+++Р-107-3-36-3-439),Р-107-3-36-3-439,Р107,3-36,3,439,opys-explicit
f306157b-5d6d-423d-b286-d8bbe1321b57,ЦДНТА-(Р-107-3-36-3-434+++Р-107-3-36-3-434+++Р-107-3-36-3-434),Р-107-3-36-3-434,Р107,3-36,3,434,opys-explicit
7fdfbdab-db4e-418e-b071-6f53c2230efe,ЦДНТА-(Р-107-3-36-3-442+++Р-107-3-36-3-442+++Р-107-3-36-3-442),Р-107-3-36-3-442,Р107,3-36,3,442,opys-explicit
a44ec3ed-7d14-4952-8557-20da5a9fcdc1,ЦДНТА-(Р-107-3-36-3-453+++Р-107-3-36-3-453+++Р-107-3-36-3-453),Р-107-3-36-3-453,Р107,3-36,3,453,opys-explicit
1b7c339f-2b40-4b7d-bd22-81028f84ba43,ЦДНТА-(Р-107-3-36-3-463+++Р-107-3-36-3-463+++Р-107-3-36-3-463),Р-107-3-36-3-463,Р107,3-36,3,463,opys-explicit
5a98ec31-7c49-42a7-b5ef-ad707e817526,ЦДНТА-(Р-107-3-36-3-459+++Р-107-3-36-3-459+++Р-107-3-36-3-459),Р-107-3-36-3-459,Р107,3-36,3,459,opys-explicit
2d27952c-7876-4e82-b2b5-3e4d95de189a,ЦДНТА-(Р-107-3-36-3-467+++Р-107-3-36-3-467+++Р-107-3-36-3-467),Р-107-3-36-3-467,Р107,3-36,3,467,opys-explicit
49012cdf-9555-410c-a440-1f684c2dc645,ЦДНТА-(Р-107-3-36-3-469+++Р-107-3-36-3-469+++Р-107-3-36-3-469),Р-107-3-36-3-469,Р107,3-36,3,469,opys-explicit
12e001de-088a-4dfb-8c87-9ee073fe4353,ЦДНТА-(Р-107-3-36-3-455+++Р-107-3-36-3-455+++Р-107-3-36-3-455),Р-107-3-36-3-455,Р107,3-36,3,455,opys-explicit
57f76854-155a-49b8-9e5d-07fe0305a75c,ЦДНТА-(Р-107-3-36-3-454+++Р-107-3-36-3-454+++Р-107-3-36-3-454),Р-107-3-36-3-454,Р107,3-36,3,454,opys-explicit
ce15cbb2-e267-4dea-a19c-d273934ca9e9,ЦДНТА-(Р-107-3-36-3-457+++Р-107-3-36-3-457+++Р-107-3-36-3-457),Р-107-3-36-3-457,Р107,3-36,3,457,opys-explicit
f0dbec5f-6f01-4569-a4b2-f8f385f05bae,ЦДНТА-(Р-107-3-36-3-466+++Р-107-3-36-3-466+++Р-107-3-36-3-466),Р-107-3-36-3-466,Р107,3-36,3,466,opys-explicit
909f38fa-b1a1-4d95-b76f-86bc7d7a643d,ЦДНТА-(Р-107-3-36-3-211+++Р-107-3-36-3-211+++Р-107-3-36-3-211),Р-107-3-36-3-211,Р107,3-36,3,211,opys-explicit
3ab2261e-eb7e-4a31-85c0-916fd00d35c3,ЦДНТА-(Р-107-3-36-3-250+++Р-107-3-36-3-250+++Р-107-3-36-3-250),Р-107-3-36-3-250,Р107,3-36,3,250,opys-explicit
63296f78-05ae-4cd5-987a-9c23c0a71784,ЦДНТА-(Р-107-3-36-3-238+++Р-107-3-36-3-238+++Р-107-3-36-3-238),Р-107-3-36-3-238,Р107,3-36,3,238,opys-explicit
a9ea5065-a174-40df-921a-f08ef1a9a6f1,ЦДНТА-(Р-107-3-36-3-249+++Р-107-3-36-3-249+++Р-107-3-36-3-249),Р-107-3-36-3-249,Р107,3-36,3,249,opys-explicit
d44a6f5d-dfe6-4a5a-9695-a56d65ebb565,ЦДНТА-(Р-107-3-36-3-236+++Р-107-3-36-3-236+++Р-107-3-36-3-236),Р-107-3-36-3-236,Р107,3-36,3,236,opys-explicit
5c0de8ff-4672-4b90-97fb-3f7929a79cfc,ЦДНТА-(Р-107-3-36-3-257+++Р-107-3-36-3-257+++Р-107-3-36-3-257),Р-107-3-36-3-257,Р107,3-36,3,257,opys-explicit
f232320a-68a9-48d1-a978-f4fd5443b1d3,ЦДНТА-(Р-107-3-36-3-258+++Р-107-3-36-3-258+++Р-107-3-36-3-258),Р-107-3-36-3-258,Р107,3-36,3,258,opys-explicit
433530e6-966e-4895-b42a-f7849a69d67a,ЦДНТА-(Р-107-3-36-3-312+++Р-107-3-36-3-312+++Р-107-3-36-3-312),Р-107-3-36-3-312,Р107,3-36,3,312,opys-explicit
e14e2d75-66e5-493c-a303-82f4ea3e23f2,ЦДНТА-(Р-107-3-36-3-261+++Р-107-3-36-3-261+++Р-107-3-36-3-261),Р-107-3-36-3-261,Р107,3-36,3,261,opys-explicit
339ef3a7-93f3-41eb-84c3-6c52a3e0c7f1,ЦДНТА-(Р-107-3-36-3-252+++Р-107-3-36-3-252+++Р-107-3-36-3-252),Р-107-3-36-3-252,Р107,3-36,3,252,opys-explicit
327a5f38-7428-4b2f-8952-144fa41a95bc,ЦДНТА-(Р-107-3-36-3-266+++Р-107-3-36-3-266+++Р-107-3-36-3-266),Р-107-3-36-3-266,Р107,3-36,3,266,opys-explicit
089daee8-ef6a-40e7-8ca9-de28f7a160e4,ЦДНТА-(Р-107-3-36-3-330+++Р-107-3-36-3-330+++Р-107-3-36-3-330),Р-107-3-36-3-330,Р107,3-36,3,330,opys-explicit
c28b940c-cf9a-4109-a8cc-5aa3741f6cb4,ЦДНТА-(Р-107-3-36-3-288+++Р-107-3-36-3-288+++Р-107-3-36-3-288),Р-107-3-36-3-288,Р107,3-36,3,288,opys-explicit
97580e3a-9fe7-4b8c-8ec9-e7479996a2a5,ЦДНТА-(Р-107-3-36-3-285+++Р-107-3-36-3-285+++Р-107-3-36-3-285),Р-107-3-36-3-285,Р107,3-36,3,285,opys-explicit
9a14d852-9ff8-4115-a3a3-5bbfb708c281,ЦДНТА-(Р-107-3-36-3-275+++Р-107-3-36-3-275+++Р-107-3-36-3-275),Р-107-3-36-3-275,Р107,3-36,3,275,opys-explicit
c8ddba9b-6488-47c6-a337-d41afb4fc7ce,ЦДНТА-(Р-107-3-36-3-263+++Р-107-3-36-3-263+++Р-107-3-36-3-263),Р-107-3-36-3-263,Р107,3-36,3,263,opys-explicit
acb8d096-05d0-4161-9fa7-c8091b3ecc96,ЦДНТА-(Р-107-3-36-3-328+++Р-107-3-36-3-328+++Р-107-3-36-3-328),Р-107-3-36-3-328,Р107,3-36,3,328,opys-explicit
4c3175ef-a077-43d0-83d6-d6e7520c59fe,ЦДНТА-(Р-107-3-36-3-343+++Р-107-3-36-3-343+++Р-107-3-36-3-343),Р-107-3-36-3-343,Р107,3-36,3,343,opys-explicit
7c0613cd-09e8-4ce8-9a02-537a9e68cbcc,ЦДНТА-(Р-107-3-36-3-308+++Р-107-3-36-3-308+++Р-107-3-36-3-308),Р-107-3-36-3-308,Р107,3-36,3,308,opys-explicit
e8e60eb4-649b-4423-bbd1-5eeb7b2ac308,ЦДНТА-(Р-107-3-36-3-289+++Р-107-3-36-3-289+++Р-107-3-36-3-289),Р-107-3-36-3-289,Р107,3-36,3,289,opys-explicit
a606ed98-4269-4f5e-9a1b-f9a262009211,ЦДНТА-(Р-107-3-36-3-310+++Р-107-3-36-3-310+++Р-107-3-36-3-310),Р-107-3-36-3-310,Р107,3-36,3,310,opys-explicit
2431e54e-1937-47c7-9aab-230091bc0a65,ЦДНТА-(Р-107-3-36-3-320+++Р-107-3-36-3-320+++Р-107-3-36-3-320),Р-107-3-36-3-320,Р107,3-36,3,320,opys-explicit
4d1c335b-8f4e-4de1-89c1-11d8292c4731,ЦДНТА-(Р-107-3-36-3-338+++Р-107-3-36-3-338+++Р-107-3-36-3-338),Р-107-3-36-3-338,Р107,3-36,3,338,opys-explicit
52953cd6-f04b-40cc-ae9d-e2134459580c,ЦДНТА-(Р-107-3-36-3-358+++Р-107-3-36-3-358+++Р-107-3-36-3-358),Р-107-3-36-3-358,Р107,3-36,3,358,opys-explicit
b51f28d8-8fb5-44de-ba54-0ea1163e3489,ЦДНТА-(Р-107-3-36-3-360+++Р-107-3-36-3-360+++Р-107-3-36-3-360),Р-107-3-36-3-360,Р107,3-36,3,360,opys-explicit
012bb84c-38dd-45ca-982b-a032990c4fa6,ЦДНТА-(Р-107-3-36-3-363+++Р-107-3-36-3-363+++Р-107-3-36-3-363),Р-107-3-36-3-363,Р107,3-36,3,363,opys-explicit
672cbe1b-2178-491a-b5ed-5a980c64d524,ЦДНТА-(Р-107-3-36-3-351+++Р-107-3-36-3-351+++Р-107-3-36-3-351),Р-107-3-36-3-351,Р107,3-36,3,351,opys-explicit
7b5f3009-670e-45df-8195-cf827453ce10,ЦДНТА-(Р-107-3-36-3-373+++Р-107-3-36-3-373+++Р-107-3-36-3-373),Р-107-3-36-3-373,Р107,3-36,3,373,opys-explicit
b5991b45-c2bf-4218-ae3a-60406d84ca64,ЦДНТА-(Р-107-3-36-3-389+++Р-107-3-36-3-389+++Р-107-3-36-3-389),Р-107-3-36-3-389,Р107,3-36,3,389,opys-explicit
7b5ec81c-c8a5-4504-8073-8e71f456aeff,ЦДНТА-(Р-107-3-36-3-372+++Р-107-3-36-3-372+++Р-107-3-36-3-372),Р-107-3-36-3-372,Р107,3-36,3,372,opys-explicit
07dac69b-d41f-4c9c-a1b1-28e5daf75eb4,ЦДНТА-(Р-107-3-36-3-371+++Р-107-3-36-3-371+++Р-107-3-36-3-371),Р-107-3-36-3-371,Р107,3-36,3,371,opys-explicit
190184a9-9164-48a2-be29-2f4f48dfd126,ЦДНТА-(Р-107-3-36-3-407+++Р-107-3-36-3-407+++Р-107-3-36-3-407),Р-107-3-36-3-407,Р107,3-36,3,407,opys-explicit
cf4d57bf-a89d-4c3a-b2be-cc93500fc61c,ЦДНТА-(Р-107-3-36-3-404+++Р-107-3-36-3-404+++Р-107-3-36-3-404),Р-107-3-36-3-404,Р107,3-36,3,404,opys-explicit
ceee4eeb-1760-41c5-9206-f4c32b8d6a73,ЦДНТА-(Р-107-3-36-3-410+++Р-107-3-36-3-410+++Р-107-3-36-3-410),Р-107-3-36-3-410,Р107,3-36,3,410,opys-explicit
0e3c09dc-df79-438d-aec8-d3fabfe76f58,ЦДНТА-(Р-107-3-36-3-377+++Р-107-3-36-3-377+++Р-107-3-36-3-377),Р-107-3-36-3-377,Р107,3-36,3,377,opys-explicit
12bb73d7-7fea-4d73-99d9-447dcb888cd7,ЦДНТА-(Р-107-3-36-3-406+++Р-107-3-36-3-406+++Р-107-3-36-3-406),Р-107-3-36-3-406,Р107,3-36,3,406,opys-explicit
c940149b-daf1-46cd-8b50-64c3e4925be3,ЦДНТА-(Р-107-3-36-3-421+++Р-107-3-36-3-421+++Р-107-3-36-3-421),Р-107-3-36-3-421,Р107,3-36,3,421,opys-explicit
a7740d09-8d99-42ba-b9d3-425d5e2f5537,ЦДНТА-(Р-107-3-36-3-409+++Р-107-3-36-3-409+++Р-107-3-36-3-409),Р-107-3-36-3-409,Р107,3-36,3,409,opys-explicit
8167c512-d6d5-4c83-9ad9-4290cac6db8c,ЦДНТА-(Р-107-3-36-3-415+++Р-107-3-36-3-415+++Р-107-3-36-3-415),Р-107-3-36-3-415,Р107,3-36,3,415,opys-explicit
cb5d88e1-4f86-4400-9cff-f86045201773,ЦДНТА-(Р-107-3-36-3-411+++Р-107-3-36-3-411+++Р-107-3-36-3-411),Р-107-3-36-3-411,Р107,3-36,3,411,opys-explicit
395f2efb-c2d7-4db7-a1a0-eb1cba30c661,ЦДНТА-(Р-107-3-36-3-428+++Р-107-3-36-3-428+++Р-107-3-36-3-428),Р-107-3-36-3-428,Р107,3-36,3,428,opys-explicit
62c71f2a-f2fa-4de4-9b05-c0cd70e46547,ЦДНТА-(Р-107-3-36-3-405+++Р-107-3-36-3-405+++Р-107-3-36-3-405),Р-107-3-36-3-405,Р107,3-36,3,405,opys-explicit
70c86414-0c11-4525-a587-89c6ea0acb4b,ЦДНТА-(Р-107-3-36-3-396+++Р-107-3-36-3-396+++Р-107-3-36-3-396),Р-107-3-36-3-396,Р107,3-36,3,396,opys-explicit
576befc0-7ee8-4935-9d47-f57c526ada12,ЦДНТА-(Р-107-3-36-3-412+++Р-107-3-36-3-412+++Р-107-3-36-3-412),Р-107-3-36-3-412,Р107,3-36,3,412,opys-explicit
7f958bd0-0c1d-4929-bc40-0174fc99924a,ЦДНТА-(Р-107-3-36-3-445+++Р-107-3-36-3-445+++Р-107-3-36-3-445),Р-107-3-36-3-445,Р107,3-36,3,445,opys-explicit
87942f3f-1fa8-4d51-aec7-211a884f9eaa,ЦДНТА-(Р-107-3-36-3-451+++Р-107-3-36-3-451+++Р-107-3-36-3-451),Р-107-3-36-3-451,Р107,3-36,3,451,opys-explicit
e91d7336-0376-4e28-95c6-0a7058244ad4,ЦДНТА-(Р-107-3-36-3-465+++Р-107-3-36-3-465+++Р-107-3-36-3-465),Р-107-3-36-3-465,Р107,3-36,3,465,opys-explicit
2a8b3e47-a5a6-47d3-bc67-dc36ca592536,ЦДНТА-(Р-107-3-36-3-464+++Р-107-3-36-3-464+++Р-107-3-36-3-464),Р-107-3-36-3-464,Р107,3-36,3,464,opys-explicit
8df6f03e-bf57-4f51-ab3e-1015bb89a994,ЦДНТА-(Р-107-3-36-3-473+++Р-107-3-36-3-473+++Р-107-3-36-3-473),Р-107-3-36-3-473,Р107,3-36,3,473,opys-explicit
0de6c09a-6ce9-417f-9338-393ecc536c9d,ЦДНТА-(Р-107-3-36-3-486+++Р-107-3-36-3-486+++Р-107-3-36-3-486),Р-107-3-36-3-486,Р107,3-36,3,486,opys-explicit
9428e487-da2a-44ac-9f8b-f39318928de8,ЦДНТА-(Р-107-3-36-3-220+++Р-107-3-36-3-220+++Р-107-3-36-3-220),Р-107-3-36-3-220,Р107,3-36,3,220,opys-explicit
18d88faa-6050-4103-87c2-c659dab54969,ЦДНТА-(Р-107-3-36-3-228+++Р-107-3-36-3-228+++Р-107-3-36-3-228),Р-107-3-36-3-228,Р107,3-36,3,228,opys-explicit
ed723796-82a4-46c1-8b3e-7234da2f1fea,ЦДНТА-(Р-107-3-36-3-230+++Р-107-3-36-3-230+++Р-107-3-36-3-230),Р-107-3-36-3-230,Р107,3-36,3,230,opys-explicit
86e2513e-cb7c-4bd5-b46c-9994a782fa4b,ЦДНТА-(Р-107-3-36-3-212+++Р-107-3-36-3-212+++Р-107-3-36-3-212),Р-107-3-36-3-212,Р107,3-36,3,212,opys-explicit
dd6209cf-621a-4bf3-87d3-fbb91d953bb7,ЦДНТА-(Р-107-3-36-3-221+++Р-107-3-36-3-221+++Р-107-3-36-3-221),Р-107-3-36-3-221,Р107,3-36,3,221,opys-explicit
893ed00d-4242-45fe-9af0-d8782d22cac5,ЦДНТА-(Р-107-3-36-3-246+++Р-107-3-36-3-246+++Р-107-3-36-3-246),Р-107-3-36-3-246,Р107,3-36,3,246,opys-explicit
a11fbb51-b55e-45a3-b8bf-9a327eea05bd,ЦДНТА-(Р-107-3-36-3-242+++Р-107-3-36-3-242+++Р-107-3-36-3-242),Р-107-3-36-3-242,Р107,3-36,3,242,opys-explicit
760f3a0b-135f-49bf-b59f-3c8cd87f886d,ЦДНТА-(Р-107-3-36-3-244+++Р-107-3-36-3-244+++Р-107-3-36-3-244),Р-107-3-36-3-244,Р107,3-36,3,244,opys-explicit
dfebee6a-559d-4408-891b-b6e2e2bc9659,ЦДНТА-(Р-107-3-36-3-245+++Р-107-3-36-3-245+++Р-107-3-36-3-245),Р-107-3-36-3-245,Р107,3-36,3,245,opys-explicit
30143052-cc7f-4f14-b3e8-c8e68714e74b,ЦДНТА-(Р-107-3-36-3-232+++Р-107-3-36-3-232+++Р-107-3-36-3-232),Р-107-3-36-3-232,Р107,3-36,3,232,opys-explicit
263144dd-c6bf-4156-af77-1985363d80b0,ЦДНТА-(Р-107-3-36-3-270+++Р-107-3-36-3-270+++Р-107-3-36-3-270),Р-107-3-36-3-270,Р107,3-36,3,270,opys-explicit
f81b5c5c-eaee-40a3-9082-7a0494f5d469,ЦДНТА-(Р-107-3-36-3-265+++Р-107-3-36-3-265+++Р-107-3-36-3-265),Р-107-3-36-3-265,Р107,3-36,3,265,opys-explicit
086c023d-31cf-48f5-b201-43a2430ca6ef,ЦДНТА-(Р-107-3-36-3-689+++Р-107-3-36-3-689+++Р-107-3-36-3-689),Р-107-3-36-3-689,Р107,3-36,3,689,opys-explicit
ec5faa16-7e6b-493a-9961-6db418169535,ЦДНТА-(Р-107-3-36-3-659+++Р-107-3-36-3-659+++Р-107-3-36-3-659),Р-107-3-36-3-659,Р107,3-36,3,659,opys-explicit
9f9900c6-2eaf-4e6c-b794-e58790e0ae6a,ЦДНТА-(Р-107-3-36-3-661+++Р-107-3-36-3-661+++Р-107-3-36-3-661),Р-107-3-36-3-661,Р107,3-36,3,661,opys-explicit
17676fef-7a19-4be7-a3c6-ac93e277e947,ЦДНТА-(Р-107-3-36-3-679+++Р-107-3-36-3-679+++Р-107-3-36-3-679),Р-107-3-36-3-679,Р107,3-36,3,679,opys-explicit
cf643a53-d4eb-4126-bc24-51ee27b1bd2e,ЦДНТА-(Р-107-3-36-3-672+++Р-107-3-36-3-672+++Р-107-3-36-3-672),Р-107-3-36-3-672,Р107,3-36,3,672,opys-explicit
e0155cff-273d-4864-a736-3d3a145b80df,ЦДНТА-(Р-107-3-36-3-698+++Р-107-3-36-3-698+++Р-107-3-36-3-698),Р-107-3-36-3-698,Р107,3-36,3,698,opys-explicit
4628cd52-3e5b-4842-9c4f-2f254db089f3,ЦДНТА-(Р-107-3-36-3-681+++Р-107-3-36-3-681+++Р-107-3-36-3-681),Р-107-3-36-3-681,Р107,3-36,3,681,opys-explicit
a36190dd-bb5c-4359-baa7-7824508db954,ЦДНТА-(Р-107-3-36-3-697+++Р-107-3-36-3-697+++Р-107-3-36-3-697),Р-107-3-36-3-697,Р107,3-36,3,697,opys-explicit
dedc7f43-caf9-41bc-a43f-199518e7b694,ЦДНТА-(Р-107-3-36-3-701+++Р-107-3-36-3-701+++Р-107-3-36-3-701),Р-107-3-36-3-701,Р107,3-36,3,701,opys-explicit
62340851-6e3d-432f-bd5a-c72b04951dfd,ЦДНТА-(Р-107-3-36-3-709+++Р-107-3-36-3-709+++Р-107-3-36-3-709),Р-107-3-36-3-709,Р107,3-36,3,709,opys-explicit
6757520a-2d77-4642-98f5-a0e147049902,ЦДНТА-(Р-107-3-36-3-718+++Р-107-3-36-3-718+++Р-107-3-36-3-718),Р-107-3-36-3-718,Р107,3-36,3,718,opys-explicit
5a3d5808-88de-4648-9d7c-6cd12208eae3,ЦДНТА-(Р-107-3-36-3-717+++Р-107-3-36-3-717+++Р-107-3-36-3-717),Р-107-3-36-3-717,Р107,3-36,3,717,opys-explicit
48609914-0f04-4056-b1c7-cc864a7a5f80,ЦДНТА-(Р-107-3-36-3-713+++Р-107-3-36-3-713+++Р-107-3-36-3-713),Р-107-3-36-3-713,Р107,3-36,3,713,opys-explicit
9335b44f-2ad6-4010-8cd0-3b40720755fe,ЦДНТА-(Р-107-3-36-3-704+++Р-107-3-36-3-704+++Р-107-3-36-3-704),Р-107-3-36-3-704,Р107,3-36,3,704,opys-explicit
724a85ef-d41b-443d-b2e2-21cad1da17f9,ЦДНТА-(Р-107-3-36-3-720+++Р-107-3-36-3-720+++Р-107-3-36-3-720),Р-107-3-36-3-720,Р107,3-36,3,720,opys-explicit
fce05368-e889-46eb-8b8a-f62a31d3aacc,ЦДНТА-(Р-107-3-36-3-703+++Р-107-3-36-3-703+++Р-107-3-36-3-703),Р-107-3-36-3-703,Р107,3-36,3,703,opys-explicit
a87228e2-c0cc-4577-87da-44bcfeadad16,ЦДНТА-(Р-107-3-36-3-712+++Р-107-3-36-3-712+++Р-107-3-36-3-712),Р-107-3-36-3-712,Р107,3-36,3,712,opys-explicit
e1dbd5c3-f8e0-4d00-b0c6-564a3213891e,ЦДНТА-(Р-107-3-36-3-723+++Р-107-3-36-3-723+++Р-107-3-36-3-723),Р-107-3-36-3-723,Р107,3-36,3,723,opys-explicit
e30f17f5-b019-46d6-acc4-4fb7cb3765ff,ЦДНТА-(Р-107-3-36-3-727+++Р-107-3-36-3-727+++Р-107-3-36-3-727),Р-107-3-36-3-727,Р107,3-36,3,727,opys-explicit
a1032e74-624e-4d8a-b5ec-c5c0e1ed14d1,ЦДНТА-(Р-107-3-36-3-729+++Р-107-3-36-3-729+++Р-107-3-36-3-729),Р-107-3-36-3-729,Р107,3-36,3,729,opys-explicit
6fdf551f-e230-4765-949b-5063d74e5ed4,ЦДНТА-(Р-107-3-36-3-737+++Р-107-3-36-3-737+++Р-107-3-36-3-737),Р-107-3-36-3-737,Р107,3-36,3,737,opys-explicit
f79fa3db-8a20-425b-a418-8648bbc59e87,ЦДНТА-(Р-107-3-36-3-739+++Р-107-3-36-3-739+++Р-107-3-36-3-739),Р-107-3-36-3-739,Р107,3-36,3,739,opys-explicit
05b9fd08-72d4-4414-8659-e79fab83f7ed,ЦДНТА-(Р-107-3-36-3-736+++Р-107-3-36-3-736+++Р-107-3-36-3-736),Р-107-3-36-3-736,Р107,3-36,3,736,opys-explicit
7703ab39-9b8f-4d7a-a4f6-532b04c48286,ЦДНТА-(Р-107-3-36-3-745+++Р-107-3-36-3-745+++Р-107-3-36-3-745),Р-107-3-36-3-745,Р107,3-36,3,745,opys-explicit
a7847d23-f479-488c-8d1a-4b83493bcc25,ЦДНТА-(Р-107-3-36-3-744+++Р-107-3-36-3-744+++Р-107-3-36-3-744),Р-107-3-36-3-744,Р107,3-36,3,744,opys-explicit
7b4bc5be-7a80-41b0-8bd5-81e6d71110b1,ЦДНТА-(Р-107-3-36-3-738+++Р-107-3-36-3-738+++Р-107-3-36-3-738),Р-107-3-36-3-738,Р107,3-36,3,738,opys-explicit
bf0bc032-b6ae-4c61-9452-17ee50ea753c,ЦДНТА-(Р-107-3-36-3-735+++Р-107-3-36-3-735+++Р-107-3-36-3-735),Р-107-3-36-3-735,Р107,3-36,3,735,opys-explicit
a0399019-2794-43d8-a11f-48a16d9d149a,ЦДНТА-(Р-107-3-36-3-726+++Р-107-3-36-3-726+++Р-107-3-36-3-726),Р-107-3-36-3-726,Р107,3-36,3,726,opys-explicit
b840a9eb-d17b-4118-8141-f76e39ce19ff,ЦДНТА-(Р-107-3-36-3-746+++Р-107-3-36-3-746+++Р-107-3-36-3-746),Р-107-3-36-3-746,Р107,3-36,3,746,opys-explicit
f1ee49c2-76d2-4eb0-86a4-b4719e27f38a,ЦДНТА-(Р-107-3-36-3-747+++Р-107-3-36-3-747+++Р-107-3-36-3-747),Р-107-3-36-3-747,Р107,3-36,3,747,opys-explicit
2dd9a1bb-4fed-46cb-80e4-4eba98d1495e,ЦДНТА-(Р-107-3-36-3-755+++Р-107-3-36-3-755+++Р-107-3-36-3-755),Р-107-3-36-3-755,Р107,3-36,3,755,opys-explicit
2a61635e-7e54-4e5c-90b6-0343615eddb2,ЦДНТА-(Р-107-3-36-3-749+++Р-107-3-36-3-749+++Р-107-3-36-3-749),Р-107-3-36-3-749,Р107,3-36,3,749,opys-explicit
657368c2-279c-4985-862d-b628c4b15c02,ЦДНТА-(Р-107-3-36-3-753+++Р-107-3-36-3-753+++Р-107-3-36-3-753),Р-107-3-36-3-753,Р107,3-36,3,753,opys-explicit
97cdca35-bae8-4b48-b8d7-aa7d71583cb5,ЦДНТА-(Р-107-3-36-3-756+++Р-107-3-36-3-756+++Р-107-3-36-3-756),Р-107-3-36-3-756,Р107,3-36,3,756,opys-explicit
40476d70-a4cd-4831-a807-1a2a1c5f1115,ЦДНТА-(Р-107-3-36-3-762+++Р-107-3-36-3-762+++Р-107-3-36-3-762),Р-107-3-36-3-762,Р107,3-36,3,762,opys-explicit
8fdfeeee-3221-45ed-a953-885534f47527,ЦДНТА-(Р-107-3-36-3-760+++Р-107-3-36-3-760+++Р-107-3-36-3-760),Р-107-3-36-3-760,Р107,3-36,3,760,opys-explicit
68ae84b7-4f58-4784-be75-366591659efe,ЦДНТА-(Р-107-3-36-3-748+++Р-107-3-36-3-748+++Р-107-3-36-3-748),Р-107-3-36-3-748,Р107,3-36,3,748,opys-explicit
355c286f-4392-489f-a456-46716fbbad9f,ЦДНТА-(Р-107-3-36-3-761+++Р-107-3-36-3-761+++Р-107-3-36-3-761),Р-107-3-36-3-761,Р107,3-36,3,761,opys-explicit
d242123e-9b6f-4577-b6e0-5fe4b51d5a15,ЦДНТА-(Р-107-3-36-3-751+++Р-107-3-36-3-751+++Р-107-3-36-3-751),Р-107-3-36-3-751,Р107,3-36,3,751,opys-explicit
db3b39ae-89ff-482c-b636-080c4472a029,ЦДНТА-(Р-107-3-36-3-777+++Р-107-3-36-3-777+++Р-107-3-36-3-777),Р-107-3-36-3-777,Р107,3-36,3,777,opys-explicit
b6cf47a7-2e00-4d8c-afad-88ce0bc52e79,ЦДНТА-(Р-107-3-36-3-774+++Р-107-3-36-3-774+++Р-107-3-36-3-774),Р-107-3-36-3-774,Р107,3-36,3,774,opys-explicit
74e5a2ed-6cc4-47ca-a763-d5969103dc64,ЦДНТА-(Р-107-3-36-3-769+++Р-107-3-36-3-769+++Р-107-3-36-3-769),Р-107-3-36-3-769,Р107,3-36,3,769,opys-explicit
c0ec281b-3d8c-463f-9cae-723404e66648,ЦДНТА-(Р-107-3-36-3-784+++Р-107-3-36-3-784+++Р-107-3-36-3-784),Р-107-3-36-3-784,Р107,3-36,3,784,opys-explicit
1638f20b-a71c-4245-8d32-2ff68de9ff17,ЦДНТА-(Р-107-3-36-3-786+++Р-107-3-36-3-786+++Р-107-3-36-3-786),Р-107-3-36-3-786,Р107,3-36,3,786,opys-explicit
fcc833d0-6a1a-45b6-8a68-f35d4f783ffd,ЦДНТА-(Р-107-3-36-3-787+++Р-107-3-36-3-787+++Р-107-3-36-3-787),Р-107-3-36-3-787,Р107,3-36,3,787,opys-explicit
d8414215-f6af-4cf1-b271-98a9898e8fc1,ЦДНТА-(Р-107-3-36-3-788+++Р-107-3-36-3-788+++Р-107-3-36-3-788),Р-107-3-36-3-788,Р107,3-36,3,788,opys-explicit
48608a06-3031-461f-bdca-78a6c8823783,ЦДНТА-(Р-107-3-36-3-789+++Р-107-3-36-3-789+++Р-107-3-36-3-789),Р-107-3-36-3-789,Р107,3-36,3,789,opys-explicit
0c14b244-8283-4a9e-a8d8-38b8318fa662,ЦДНТА-(Р-107-3-36-3-791+++Р-107-3-36-3-791+++Р-107-3-36-3-791),Р-107-3-36-3-791,Р107,3-36,3,791,opys-explicit
30172527-cbea-49de-83fe-0cddb6696244,ЦДНТА-(Р-107-3-36-3-799+++Р-107-3-36-3-799+++Р-107-3-36-3-799),Р-107-3-36-3-799,Р107,3-36,3,799,opys-explicit
ec198a0f-e79d-41d9-a51a-d4046dbea9c2,ЦДНТА-(Р-107-3-36-3-805+++Р-107-3-36-3-805+++Р-107-3-36-3-805),Р-107-3-36-3-805,Р107,3-36,3,805,opys-explicit
2c419cf1-6ca2-4508-a8e7-7348b22e791f,ЦДНТА-(Р-107-3-36-3-802+++Р-107-3-36-3-802+++Р-107-3-36-3-802),Р-107-3-36-3-802,Р107,3-36,3,802,opys-explicit
7b1fdb4c-edbd-4bf9-b382-2b4ea524d5be,ЦДНТА-(Р-107-3-36-3-794+++Р-107-3-36-3-794+++Р-107-3-36-3-794),Р-107-3-36-3-794,Р107,3-36,3,794,opys-explicit
9346578f-a8de-4d3b-9d17-a6edec56dadf,ЦДНТА-(Р-107-3-36-3-801+++Р-107-3-36-3-801+++Р-107-3-36-3-801),Р-107-3-36-3-801,Р107,3-36,3,801,opys-explicit
590b40ac-874a-4391-853c-a10b2efa81d1,ЦДНТА-(Р-107-3-36-3-807+++Р-107-3-36-3-807+++Р-107-3-36-3-807),Р-107-3-36-3-807,Р107,3-36,3,807,opys-explicit
2445802a-97d0-4125-9a57-e0450bae29cd,ЦДНТА-(Р-107-3-36-3-811+++Р-107-3-36-3-811+++Р-107-3-36-3-811),Р-107-3-36-3-811,Р107,3-36,3,811,opys-explicit
afd46675-45fa-4df4-a494-268af23042a5,ЦДНТА-(Р-107-3-36-3-810+++Р-107-3-36-3-810+++Р-107-3-36-3-810),Р-107-3-36-3-810,Р107,3-36,3,810,opys-explicit
d8b104ed-1252-4e6c-86f6-deedd244f3ea,ЦДНТА-(Р-107-3-36-3-808+++Р-107-3-36-3-808+++Р-107-3-36-3-808),Р-107-3-36-3-808,Р107,3-36,3,808,opys-explicit
18a68b22-4245-40e5-9722-a96a8a888624,ЦДНТА-(Р-107-3-36-3-793+++Р-107-3-36-3-793+++Р-107-3-36-3-793),Р-107-3-36-3-793,Р107,3-36,3,793,opys-explicit
b0d0df7d-958e-4da8-84e3-ba1486de8344,ЦДНТА-(Р-107-3-36-3-827+++Р-107-3-36-3-827+++Р-107-3-36-3-827),Р-107-3-36-3-827,Р107,3-36,3,827,opys-explicit
ba7358dc-c183-431c-a981-febcbf596eed,ЦДНТА-(Р-107-3-36-3-830+++Р-107-3-36-3-830+++Р-107-3-36-3-830),Р-107-3-36-3-830,Р107,3-36,3,830,opys-explicit
2728bbc8-5a05-4c6f-800f-1bb56cb8ce6b,ЦДНТА-(Р-107-3-36-3-828+++Р-107-3-36-3-828+++Р-107-3-36-3-828),Р-107-3-36-3-828,Р107,3-36,3,828,opys-explicit
6de60637-5a2f-42a0-9556-0ed48e809312,ЦДНТА-(Р-107-3-36-3-818+++Р-107-3-36-3-818+++Р-107-3-36-3-818),Р-107-3-36-3-818,Р107,3-36,3,818,opys-explicit
534f8e69-80b7-4a37-98d5-74bac7d303d1,ЦДНТА-(Р-107-3-36-3-821+++Р-107-3-36-3-821+++Р-107-3-36-3-821),Р-107-3-36-3-821,Р107,3-36,3,821,opys-explicit
b99bd178-6d7b-4124-b2dc-3ac6e43bd219,ЦДНТА-(Р-107-3-36-3-832+++Р-107-3-36-3-832+++Р-107-3-36-3-832),Р-107-3-36-3-832,Р107,3-36,3,832,opys-explicit
912ce807-cc14-4982-a918-cc4e73fcd144,ЦДНТА-(Р-107-3-36-3-814+++Р-107-3-36-3-814+++Р-107-3-36-3-814),Р-107-3-36-3-814,Р107,3-36,3,814,opys-explicit
8676b557-4ba1-4e14-b8eb-0f2578441815,ЦДНТА-(Р-107-3-36-3-834+++Р-107-3-36-3-834+++Р-107-3-36-3-834),Р-107-3-36-3-834,Р107,3-36,3,834,opys-explicit
26ef8d5c-cb62-42eb-9ecd-fa8767324d49,ЦДНТА-(Р-107-3-36-3-840+++Р-107-3-36-3-840+++Р-107-3-36-3-840),Р-107-3-36-3-840,Р107,3-36,3,840,opys-explicit
f46c0e44-b87f-468f-be2e-61fd78d357c2,ЦДНТА-(Р-107-3-36-3-854+++Р-107-3-36-3-854+++Р-107-3-36-3-854),Р-107-3-36-3-854,Р107,3-36,3,854,opys-explicit
31bc956e-7c13-4073-97bb-d9f61327bc1a,ЦДНТА-(Р-107-3-36-3-853+++Р-107-3-36-3-853+++Р-107-3-36-3-853),Р-107-3-36-3-853,Р107,3-36,3,853,opys-explicit
d32650bb-5bb1-48d8-9a89-94ba4a7b54dd,ЦДНТА-(Р-107-3-36-3-838+++Р-107-3-36-3-838+++Р-107-3-36-3-838),Р-107-3-36-3-838,Р107,3-36,3,838,opys-explicit
78b55afe-1023-4541-bccf-7f098a484e9b,ЦДНТА-(Р-107-3-36-3-852+++Р-107-3-36-3-852+++Р-107-3-36-3-852),Р-107-3-36-3-852,Р107,3-36,3,852,opys-explicit
a9cc4626-895b-4626-809c-e9c96c663036,ЦДНТА-(Р-107-3-36-3-837+++Р-107-3-36-3-837+++Р-107-3-36-3-837),Р-107-3-36-3-837,Р107,3-36,3,837,opys-explicit
7156d079-db86-44a5-8b3a-9d1b425d22f2,ЦДНТА-(Р-107-3-36-3-859+++Р-107-3-36-3-859+++Р-107-3-36-3-859),Р-107-3-36-3-859,Р107,3-36,3,859,opys-explicit
4379fea8-e545-4e42-a38f-f3ac35711bc6,ЦДНТА-(Р-107-3-36-3-860+++Р-107-3-36-3-860+++Р-107-3-36-3-860),Р-107-3-36-3-860,Р107,3-36,3,860,opys-explicit
30e4dad5-23e2-4858-b49d-22f6316ae254,ЦДНТА-(Р-107-3-36-4-875+++Р-107-3-36-4-875+++Р-107-3-36-4-875),Р-107-3-36-4-875,Р107,3-36,4,875,opys-explicit
0166be14-46da-47cd-a359-0950424d616e,ЦДНТА-(Р-107-3-36-4-892+++Р-107-3-36-4-892+++Р-107-3-36-4-892),Р-107-3-36-4-892,Р107,3-36,4,892,opys-explicit
0b358825-d509-41e4-9a73-a315190935ba,ЦДНТА-(Р-107-3-36-4-919+++Р-107-3-36-4-919+++Р-107-3-36-4-919),Р-107-3-36-4-919,Р107,3-36,4,919,opys-explicit
425beccf-ec4b-4169-bce0-a124cb191322,ЦДНТА-(Р-107-3-36-4-907+++Р-107-3-36-4-907+++Р-107-3-36-4-907),Р-107-3-36-4-907,Р107,3-36,4,907,opys-explicit
08f98350-a80d-4da3-bbee-b56fd64e8a73,ЦДНТА-(Р-107-3-36-4-886+++Р-107-3-36-4-886+++Р-107-3-36-4-886),Р-107-3-36-4-886,Р107,3-36,4,886,opys-explicit
ab020b92-d435-4175-8731-f90afa7576f3,ЦДНТА-(Р-107-3-36-4-887+++Р-107-3-36-4-887+++Р-107-3-36-4-887),Р-107-3-36-4-887,Р107,3-36,4,887,opys-explicit
de317134-c5c1-4847-8a26-c6e9fb90d225,ЦДНТА-(Р-107-3-36-4-921+++Р-107-3-36-4-921+++Р-107-3-36-4-921),Р-107-3-36-4-921,Р107,3-36,4,921,opys-explicit
62a50c86-3459-4342-953a-afbc1d53b8e3,ЦДНТА-(Р-107-3-36-4-911+++Р-107-3-36-4-911+++Р-107-3-36-4-911),Р-107-3-36-4-911,Р107,3-36,4,911,opys-explicit
af7fdbcb-93cc-40a4-af36-1912215cd546,ЦДНТА-(Р-107-3-36-4-893+++Р-107-3-36-4-893+++Р-107-3-36-4-893),Р-107-3-36-4-893,Р107,3-36,4,893,opys-explicit
084aa079-7da4-4cd9-9653-6ec868c14239,ЦДНТА-(Р-107-3-36-4-913+++Р-107-3-36-4-913+++Р-107-3-36-4-913),Р-107-3-36-4-913,Р107,3-36,4,913,opys-explicit
519f5116-46a0-43fc-b7a5-5ff04dac7d88,ЦДНТА-(Р-107-3-36-4-918+++Р-107-3-36-4-918+++Р-107-3-36-4-918),Р-107-3-36-4-918,Р107,3-36,4,918,opys-explicit
e0a89a59-ce4a-4931-bee9-33cf9b461202,ЦДНТА-(Р-107-3-36-4-930+++Р-107-3-36-4-930+++Р-107-3-36-4-930),Р-107-3-36-4-930,Р107,3-36,4,930,opys-explicit
5ac27bd5-de54-40f7-831a-968cf2f652b2,ЦДНТА-(Р-107-3-36-4-960+++Р-107-3-36-4-960+++Р-107-3-36-4-960),Р-107-3-36-4-960,Р107,3-36,4,960,opys-explicit
3a928024-9297-47bd-bb03-9861227b3252,ЦДНТА-(Р-107-3-36-4-954+++Р-107-3-36-4-954+++Р-107-3-36-4-954),Р-107-3-36-4-954,Р107,3-36,4,954,opys-explicit
98d96f4a-c9b2-48a9-9dd7-3b918f2fc455,ЦДНТА-(Р-107-3-36-4-965+++Р-107-3-36-4-965+++Р-107-3-36-4-965),Р-107-3-36-4-965,Р107,3-36,4,965,opys-explicit
e5879407-7b37-4e1c-b969-967b09924b27,ЦДНТА-(Р-107-3-36-4-975+++Р-107-3-36-4-975+++Р-107-3-36-4-975),Р-107-3-36-4-975,Р107,3-36,4,975,opys-explicit
e24b030d-6d35-41f8-8d1c-1333855541e0,ЦДНТА-(Р-107-3-36-4-974+++Р-107-3-36-4-974+++Р-107-3-36-4-974),Р-107-3-36-4-974,Р107,3-36,4,974,opys-explicit
7419e68b-2e5c-46bb-a094-6ce69a44b368,ЦДНТА-(Р-107-3-36-4-958+++Р-107-3-36-4-958+++Р-107-3-36-4-958),Р-107-3-36-4-958,Р107,3-36,4,958,opys-explicit
e29af39d-4ab3-4f0c-addb-56c4b903fcbb,ЦДНТА-(Р-107-3-36-4-985+++Р-107-3-36-4-985+++Р-107-3-36-4-985),Р-107-3-36-4-985,Р107,3-36,4,985,opys-explicit
9b99d780-f275-46c8-9c32-ebfef9fe1ffb,ЦДНТА-(Р-107-3-36-4-967+++Р-107-3-36-4-967+++Р-107-3-36-4-967),Р-107-3-36-4-967,Р107,3-36,4,967,opys-explicit
6b27b8b7-82c5-461a-8cb0-a3461227b538,ЦДНТА-(Р-107-3-36-4-993+++Р-107-3-36-4-993+++Р-107-3-36-4-993),Р-107-3-36-4-993,Р107,3-36,4,993,opys-explicit
28a0471c-a267-4797-9eb4-33b72e4ab9fd,ЦДНТА-(Р-107-3-36-4-991+++Р-107-3-36-4-991+++Р-107-3-36-4-991),Р-107-3-36-4-991,Р107,3-36,4,991,opys-explicit
c009517b-0c0d-4969-a8d3-f6f5ced66055,ЦДНТА-(Р-107-3-36-4-1012+++Р-107-3-36-4-1012+++Р-107-3-36-4-1012),Р-107-3-36-4-1012,Р107,3-36,4,1012,opys-explicit
6e006f21-9ebc-4366-b0f6-01ebf6cecb15,ЦДНТА-(Р-107-3-36-4-1022+++Р-107-3-36-4-1022+++Р-107-3-36-4-1022),Р-107-3-36-4-1022,Р107,3-36,4,1022,opys-explicit
48c34079-baca-41c6-943a-c22f15290fad,ЦДНТА-(Р-107-3-36-4-1028+++Р-107-3-36-4-1028+++Р-107-3-36-4-1028),Р-107-3-36-4-1028,Р107,3-36,4,1028,opys-explicit
b83e3a60-d3bc-43ef-b470-2876503fa0d1,ЦДНТА-(Р-107-3-36-4-1015+++Р-107-3-36-4-1015+++Р-107-3-36-4-1015),Р-107-3-36-4-1015,Р107,3-36,4,1015,opys-explicit
3dac6b15-965a-4a1e-989b-625e81d9e835,ЦДНТА-(Р-107-3-36-4-874+++Р-107-3-36-4-874+++Р-107-3-36-4-874),Р-107-3-36-4-874,Р107,3-36,4,874,opys-explicit
b2c7d440-8eaf-46bf-80c8-db9e89df228a,ЦДНТА-(Р-107-3-36-4-1052+++Р-107-3-36-4-1052+++Р-107-3-36-4-1052),Р-107-3-36-4-1052,Р107,3-36,4,1052,opys-explicit
e36cb9d1-5447-4d06-a72e-f673ccb87ff0,ЦДНТА-(Р-107-3-36-3-862+++Р-107-3-36-3-862+++Р-107-3-36-3-862),Р-107-3-36-3-862,Р107,3-36,3,862,opys-explicit
93688c97-1c0f-4c97-b0c6-4c4004907f19,ЦДНТА-(Р-107-3-36-4-1049+++Р-107-3-36-4-1049+++Р-107-3-36-4-1049),Р-107-3-36-4-1049,Р107,3-36,4,1049,opys-explicit
6508fa56-bf19-4b5a-8dc5-59d54107a8a7,ЦДНТА-(Р-107-3-36-4-1040+++Р-107-3-36-4-1040+++Р-107-3-36-4-1040),Р-107-3-36-4-1040,Р107,3-36,4,1040,opys-explicit
88bc37c2-841d-44d5-8fb3-3ddd22199d20,ЦДНТА-(Р-107-3-36-3-861+++Р-107-3-36-3-861+++Р-107-3-36-3-861),Р-107-3-36-3-861,Р107,3-36,3,861,opys-explicit
2a39196e-5b10-4b21-98db-702492204efa,ЦДНТА-(Р-107-3-36-4-1046+++Р-107-3-36-4-1046+++Р-107-3-36-4-1046),Р-107-3-36-4-1046,Р107,3-36,4,1046,opys-explicit
cbd6df95-d627-48c8-bfbc-c5e7d18f9951,ЦДНТА-(Р-107-3-36-4-870+++Р-107-3-36-4-870+++Р-107-3-36-4-870),Р-107-3-36-4-870,Р107,3-36,4,870,opys-explicit
a14abac4-4ef2-49d4-9c44-91c0d6064c31,ЦДНТА-(Р-107-3-36-4-871+++Р-107-3-36-4-871+++Р-107-3-36-4-871),Р-107-3-36-4-871,Р107,3-36,4,871,opys-explicit
02b30a00-3edf-4aae-a21a-cc7b53a8fe58,ЦДНТА-(Р-107-3-36-4-1073+++Р-107-3-36-4-1073+++Р-107-3-36-4-1073),Р-107-3-36-4-1073,Р107,3-36,4,1073,opys-explicit
29ae675e-7693-4a9d-8440-54566f69ef96,ЦДНТА-(Р-107-3-36-4-898+++Р-107-3-36-4-898+++Р-107-3-36-4-898),Р-107-3-36-4-898,Р107,3-36,4,898,opys-explicit
47bb8936-0111-4089-a833-850355eac013,ЦДНТА-(Р-107-3-36-4-1063+++Р-107-3-36-4-1063+++Р-107-3-36-4-1063),Р-107-3-36-4-1063,Р107,3-36,4,1063,opys-explicit
a52404c1-f3da-4ebd-a1e0-afd6492c6f60,ЦДНТА-(Р-107-3-36-4-1062+++Р-107-3-36-4-1062+++Р-107-3-36-4-1062),Р-107-3-36-4-1062,Р107,3-36,4,1062,opys-explicit
7c34356a-56e8-418a-9506-66a6379d8909,ЦДНТА-(Р-107-3-36-4-881+++Р-107-3-36-4-881+++Р-107-3-36-4-881),Р-107-3-36-4-881,Р107,3-36,4,881,opys-explicit
516f581e-3803-409d-b73b-1f1be1a7b1fa,ЦДНТА-(Р-107-3-36-4-1059+++Р-107-3-36-4-1059+++Р-107-3-36-4-1059),Р-107-3-36-4-1059,Р107,3-36,4,1059,opys-explicit
e0375e47-4790-4cdf-8625-9ad19c2ea956,ЦДНТА-(Р-107-3-36-4-885+++Р-107-3-36-4-885+++Р-107-3-36-4-885),Р-107-3-36-4-885,Р107,3-36,4,885,opys-explicit
63f39865-d40a-4917-ae9a-9432a5cc4319,ЦДНТА-(Р-107-3-36-4-1093+++Р-107-3-36-4-1093+++Р-107-3-36-4-1093),Р-107-3-36-4-1093,Р107,3-36,4,1093,opys-explicit
bee2ec51-bec5-4cf4-8729-b97a3bd4321b,ЦДНТА-(Р-107-3-36-4-890+++Р-107-3-36-4-890+++Р-107-3-36-4-890),Р-107-3-36-4-890,Р107,3-36,4,890,opys-explicit
23a5a40f-3cdc-49c6-a1a1-f02a1971de19,ЦДНТА-(Р-107-3-36-4-1085+++Р-107-3-36-4-1085+++Р-107-3-36-4-1085),Р-107-3-36-4-1085,Р107,3-36,4,1085,opys-explicit
4fc93540-1897-417e-aaa6-da976a5561bf,ЦДНТА-(Р-107-3-36-4-1092+++Р-107-3-36-4-1092+++Р-107-3-36-4-1092),Р-107-3-36-4-1092,Р107,3-36,4,1092,opys-explicit
5cee87cb-6bbb-4035-96f6-974d232b981a,ЦДНТА-(Р-107-3-36-4-1078+++Р-107-3-36-4-1078+++Р-107-3-36-4-1078),Р-107-3-36-4-1078,Р107,3-36,4,1078,opys-explicit
b81185bf-6a2c-437a-977c-1cfea5573015,ЦДНТА-(Р-107-3-36-4-894+++Р-107-3-36-4-894+++Р-107-3-36-4-894),Р-107-3-36-4-894,Р107,3-36,4,894,opys-explicit
796cb498-24a2-42ed-85ae-71379be15104,ЦДНТА-(Р-107-3-36-4-884+++Р-107-3-36-4-884+++Р-107-3-36-4-884),Р-107-3-36-4-884,Р107,3-36,4,884,opys-explicit
4f4668f7-853d-4e6c-9713-56991fb3c108,ЦДНТА-(Р-107-3-36-4-922+++Р-107-3-36-4-922+++Р-107-3-36-4-922),Р-107-3-36-4-922,Р107,3-36,4,922,opys-explicit
f4bd534e-ba58-4993-a505-4ca663b0602f,ЦДНТА-(Р-107-3-36-4-1108+++Р-107-3-36-4-1108+++Р-107-3-36-4-1108),Р-107-3-36-4-1108,Р107,3-36,4,1108,opys-explicit
5506514f-9c4f-4ba2-88d2-16dd97d9422e,ЦДНТА-(Р-107-3-36-4-1105+++Р-107-3-36-4-1105+++Р-107-3-36-4-1105),Р-107-3-36-4-1105,Р107,3-36,4,1105,opys-explicit
cfd9f985-62b2-485e-ab69-4261c7b1b2c6,ЦДНТА-(Р-107-3-36-4-915+++Р-107-3-36-4-915+++Р-107-3-36-4-915),Р-107-3-36-4-915,Р107,3-36,4,915,opys-explicit
2c5d6dec-0df6-4f40-9470-3115ad70fae6,ЦДНТА-(Р-107-3-36-4-938+++Р-107-3-36-4-938+++Р-107-3-36-4-938),Р-107-3-36-4-938,Р107,3-36,4,938,opys-explicit
6eb9c71a-24ea-4bf8-b95d-7b1024f8b9a7,ЦДНТА-(Р-107-3-36-4-926+++Р-107-3-36-4-926+++Р-107-3-36-4-926),Р-107-3-36-4-926,Р107,3-36,4,926,opys-explicit
593c0a11-395d-471a-bf0a-1b4ff36ee238,ЦДНТА-(Р-107-3-36-4-1128+++Р-107-3-36-4-1128+++Р-107-3-36-4-1128),Р-107-3-36-4-1128,Р107,3-36,4,1128,opys-explicit
c509cded-d624-4255-8252-3fcb43e979b1,ЦДНТА-(Р-107-3-36-4-934+++Р-107-3-36-4-934+++Р-107-3-36-4-934),Р-107-3-36-4-934,Р107,3-36,4,934,opys-explicit
8a5b4483-52e7-46ae-8a1a-3b558bf83d5a,ЦДНТА-(Р-107-3-36-4-1125+++Р-107-3-36-4-1125+++Р-107-3-36-4-1125),Р-107-3-36-4-1125,Р107,3-36,4,1125,opys-explicit
3e9a44c1-5958-47a9-9a1e-b40a3caa9884,ЦДНТА-(Р-107-3-36-4-1122+++Р-107-3-36-4-1122+++Р-107-3-36-4-1122),Р-107-3-36-4-1122,Р107,3-36,4,1122,opys-explicit
324a0a4e-0446-40da-9941-4a0109e37ef7,ЦДНТА-(Р-107-3-36-4-959+++Р-107-3-36-4-959+++Р-107-3-36-4-959),Р-107-3-36-4-959,Р107,3-36,4,959,opys-explicit
aca428a1-d229-4383-a668-77e082873d1d,ЦДНТА-(Р-107-3-36-4-1131+++Р-107-3-36-4-1131+++Р-107-3-36-4-1131),Р-107-3-36-4-1131,Р107,3-36,4,1131,opys-explicit
8c488201-634a-4b13-9e6f-bbf69a9c694e,ЦДНТА-(Р-107-3-36-4-945+++Р-107-3-36-4-945+++Р-107-3-36-4-945),Р-107-3-36-4-945,Р107,3-36,4,945,opys-explicit
c17c2208-c817-41be-8250-2bd1a30bc5d9,ЦДНТА-(Р-107-3-36-4-1124+++Р-107-3-36-4-1124+++Р-107-3-36-4-1124),Р-107-3-36-4-1124,Р107,3-36,4,1124,opys-explicit
caa5492a-1edd-4180-acaa-43d9e36ded46,ЦДНТА-(Р-107-3-36-4-953+++Р-107-3-36-4-953+++Р-107-3-36-4-953),Р-107-3-36-4-953,Р107,3-36,4,953,opys-explicit
c07c6481-90bf-4ecc-aa2f-b13ca639d04f,ЦДНТА-(Р-107-3-36-4-946+++Р-107-3-36-4-946+++Р-107-3-36-4-946),Р-107-3-36-4-946,Р107,3-36,4,946,opys-explicit
ee89ed1d-9906-4408-9056-8dfa4b9b1059,ЦДНТА-(Р-107-3-36-4-1135+++Р-107-3-36-4-1135+++Р-107-3-36-4-1135),Р-107-3-36-4-1135,Р107,3-36,4,1135,opys-explicit
274790b6-3534-454c-b246-7c897d85e5bb,ЦДНТА-(Р-107-3-36-4-951+++Р-107-3-36-4-951+++Р-107-3-36-4-951),Р-107-3-36-4-951,Р107,3-36,4,951,opys-explicit
3dd9bc6a-9ab1-4a1b-8f89-b915be171af1,ЦДНТА-(Р-107-3-36-4-961+++Р-107-3-36-4-961+++Р-107-3-36-4-961),Р-107-3-36-4-961,Р107,3-36,4,961,opys-explicit
a6f5b5fe-317f-4fe7-b657-21ad1ae3e7fd,ЦДНТА-(Р-107-3-36-4-973+++Р-107-3-36-4-973+++Р-107-3-36-4-973),Р-107-3-36-4-973,Р107,3-36,4,973,opys-explicit
20586f92-e545-4a2d-80d1-09f4cc0328d2,ЦДНТА-(Р-107-3-36-4-1150+++Р-107-3-36-4-1150+++Р-107-3-36-4-1150),Р-107-3-36-4-1150,Р107,3-36,4,1150,opys-explicit
fe4d59fb-8c94-46a9-8a24-e2c07ef001e0,ЦДНТА-(Р-107-3-36-4-1156+++Р-107-3-36-4-1156+++Р-107-3-36-4-1156),Р-107-3-36-4-1156,Р107,3-36,4,1156,opys-explicit
0dd704b6-7cd3-47f6-87a4-65fe9b14ff8c,ЦДНТА-(Р-107-3-36-4-1157+++Р-107-3-36-4-1157+++Р-107-3-36-4-1157),Р-107-3-36-4-1157,Р107,3-36,4,1157,opys-explicit
da743c5b-0be4-49fe-817b-51011c448b84,ЦДНТА-(Р-107-3-36-4-976+++Р-107-3-36-4-976+++Р-107-3-36-4-976),Р-107-3-36-4-976,Р107,3-36,4,976,opys-explicit
3c5d6a65-e09b-4dc3-a38e-daf254647e59,ЦДНТА-(Р-107-3-36-4-977+++Р-107-3-36-4-977+++Р-107-3-36-4-977),Р-107-3-36-4-977,Р107,3-36,4,977,opys-explicit
75badb65-98c3-4270-bd66-ba7d816eec90,ЦДНТА-(Р-107-3-36-4-1004+++Р-107-3-36-4-1004+++Р-107-3-36-4-1004),Р-107-3-36-4-1004,Р107,3-36,4,1004,opys-explicit
8b6d5cf2-ce09-4b54-bd6c-82363106b83b,ЦДНТА-(Р-107-3-36-4-1003+++Р-107-3-36-4-1003+++Р-107-3-36-4-1003),Р-107-3-36-4-1003,Р107,3-36,4,1003,opys-explicit
513cd11d-d3f2-43c0-995c-66fd932e65a5,ЦДНТА-(Р-107-3-36-4-1010+++Р-107-3-36-4-1010+++Р-107-3-36-4-1010),Р-107-3-36-4-1010,Р107,3-36,4,1010,opys-explicit
021b2886-f08a-4d17-b287-5473beba25cb,ЦДНТА-(Р-107-3-36-4-996+++Р-107-3-36-4-996+++Р-107-3-36-4-996),Р-107-3-36-4-996,Р107,3-36,4,996,opys-explicit
f150128c-d497-4544-bace-057a4d86a0fc,ЦДНТА-(Р-107-3-36-4-1001+++Р-107-3-36-4-1001+++Р-107-3-36-4-1001),Р-107-3-36-4-1001,Р107,3-36,4,1001,opys-explicit
83e04517-e2c9-4046-9393-08f2044abcfa,ЦДНТА-(Р-107-3-36-4-992+++Р-107-3-36-4-992+++Р-107-3-36-4-992),Р-107-3-36-4-992,Р107,3-36,4,992,opys-explicit
f71ffccf-0d02-4daf-bb18-b0666027c520,ЦДНТА-(Р-107-3-36-4-998+++Р-107-3-36-4-998+++Р-107-3-36-4-998),Р-107-3-36-4-998,Р107,3-36,4,998,opys-explicit
e60d1980-d636-48f8-be2d-d1199ee5fdd4,ЦДНТА-(Р-107-3-36-4-1030+++Р-107-3-36-4-1030+++Р-107-3-36-4-1030),Р-107-3-36-4-1030,Р107,3-36,4,1030,opys-explicit
e4aa4e0f-08c1-4b6b-80ac-216f320d7735,ЦДНТА-(Р-107-3-36-4-1019+++Р-107-3-36-4-1019+++Р-107-3-36-4-1019),Р-107-3-36-4-1019,Р107,3-36,4,1019,opys-explicit
05243259-5a22-4572-9413-dca3b6db382a,ЦДНТА-(Р-107-3-36-4-1024+++Р-107-3-36-4-1024+++Р-107-3-36-4-1024),Р-107-3-36-4-1024,Р107,3-36,4,1024,opys-explicit
d203f40e-955e-49ef-88e0-881bde5bdf6e,ЦДНТА-(Р-107-3-36-4-1029+++Р-107-3-36-4-1029+++Р-107-3-36-4-1029),Р-107-3-36-4-1029,Р107,3-36,4,1029,opys-explicit
0f76e563-0074-4ced-be7d-2ea77f93eaf7,ЦДНТА-(Р-107-3-36-4-1038+++Р-107-3-36-4-1038+++Р-107-3-36-4-1038),Р-107-3-36-4-1038,Р107,3-36,4,1038,opys-explicit
b6a94078-1093-419f-8f5c-ba61699ded87,ЦДНТА-(Р-107-3-36-4-1037+++Р-107-3-36-4-1037+++Р-107-3-36-4-1037),Р-107-3-36-4-1037,Р107,3-36,4,1037,opys-explicit
0f6fb505-ba66-424e-b5ad-d9a607be6099,ЦДНТА-(Р-107-3-36-4-1076+++Р-107-3-36-4-1076+++Р-107-3-36-4-1076),Р-107-3-36-4-1076,Р107,3-36,4,1076,opys-explicit
e67d1713-2368-446f-97ec-cba28209ad44,ЦДНТА-(Р-107-3-36-4-1045+++Р-107-3-36-4-1045+++Р-107-3-36-4-1045),Р-107-3-36-4-1045,Р107,3-36,4,1045,opys-explicit
27dc2b85-7f21-4c76-b3ab-b85b1eac3d6c,ЦДНТА-(Р-107-3-36-4-1067+++Р-107-3-36-4-1067+++Р-107-3-36-4-1067),Р-107-3-36-4-1067,Р107,3-36,4,1067,opys-explicit
8a48d0c1-5431-403e-a53e-1655ce98556a,ЦДНТА-(Р-107-3-36-4-1081+++Р-107-3-36-4-1081+++Р-107-3-36-4-1081),Р-107-3-36-4-1081,Р107,3-36,4,1081,opys-explicit
a395b30a-3423-49bc-b8ba-d754888a38ec,ЦДНТА-(Р-107-3-36-4-1089+++Р-107-3-36-4-1089+++Р-107-3-36-4-1089),Р-107-3-36-4-1089,Р107,3-36,4,1089,opys-explicit
1d44667f-9017-4bac-991e-f6ecd4a95ddf,ЦДНТА-(Р-107-3-36-4-1111+++Р-107-3-36-4-1111+++Р-107-3-36-4-1111),Р-107-3-36-4-1111,Р107,3-36,4,1111,opys-explicit
7c6fc4c1-2328-420e-b21a-c61b4a8ccf77,ЦДНТА-(Р-107-3-36-4-1068+++Р-107-3-36-4-1068+++Р-107-3-36-4-1068),Р-107-3-36-4-1068,Р107,3-36,4,1068,opys-explicit
650ffc8e-e70b-4d8d-8260-2362a8bd8e52,ЦДНТА-(Р-107-3-36-4-1083+++Р-107-3-36-4-1083+++Р-107-3-36-4-1083),Р-107-3-36-4-1083,Р107,3-36,4,1083,opys-explicit
bea501f8-135a-458f-9923-a19c594c011a,ЦДНТА-(Р-107-3-36-4-1077+++Р-107-3-36-4-1077+++Р-107-3-36-4-1077),Р-107-3-36-4-1077,Р107,3-36,4,1077,opys-explicit
aedd174f-87d7-4924-8921-acd80cc1b978,ЦДНТА-(Р-107-3-36-4-1071+++Р-107-3-36-4-1071+++Р-107-3-36-4-1071),Р-107-3-36-4-1071,Р107,3-36,4,1071,opys-explicit
665b402c-b0d7-4993-97ad-3891055d2d92,ЦДНТА-(Р-107-3-36-4-1114+++Р-107-3-36-4-1114+++Р-107-3-36-4-1114),Р-107-3-36-4-1114,Р107,3-36,4,1114,opys-explicit
8e85d86a-8c0c-40f1-aac2-69b1c1e8bb96,ЦДНТА-(Р-107-3-36-4-1094+++Р-107-3-36-4-1094+++Р-107-3-36-4-1094),Р-107-3-36-4-1094,Р107,3-36,4,1094,opys-explicit
750ca38c-bf8d-4b66-ab90-26fa43640c32,ЦДНТА-(Р-107-3-36-4-1134+++Р-107-3-36-4-1134+++Р-107-3-36-4-1134),Р-107-3-36-4-1134,Р107,3-36,4,1134,opys-explicit
54726f1c-03a3-46cb-9c8b-b505dc14891b,ЦДНТА-(Р-107-3-36-4-1102+++Р-107-3-36-4-1102+++Р-107-3-36-4-1102),Р-107-3-36-4-1102,Р107,3-36,4,1102,opys-explicit
f3ba76dc-8a64-4964-9f0e-68f7facf7655,ЦДНТА-(Р-107-3-36-4-1119+++Р-107-3-36-4-1119+++Р-107-3-36-4-1119),Р-107-3-36-4-1119,Р107,3-36,4,1119,opys-explicit
0714a8cc-931a-41e0-80e8-cb4d738a8179,ЦДНТА-(Р-107-3-36-4-1121+++Р-107-3-36-4-1121+++Р-107-3-36-4-1121),Р-107-3-36-4-1121,Р107,3-36,4,1121,opys-explicit
d33c4a7e-1193-48b1-b584-ed5b231442d2,ЦДНТА-(Р-107-3-36-4-1136+++Р-107-3-36-4-1136+++Р-107-3-36-4-1136),Р-107-3-36-4-1136,Р107,3-36,4,1136,opys-explicit
e4121689-4c81-411c-9cb3-3ada0945897d,ЦДНТА-(Р-107-3-36-4-1144+++Р-107-3-36-4-1144+++Р-107-3-36-4-1144),Р-107-3-36-4-1144,Р107,3-36,4,1144,opys-explicit
18b7aa6f-dd05-4dd5-b346-72e63e49c961,ЦДНТА-(Р-107-3-36-4-1147+++Р-107-3-36-4-1147+++Р-107-3-36-4-1147),Р-107-3-36-4-1147,Р107,3-36,4,1147,opys-explicit
704431cc-baa5-47c5-b9bd-0d9830d5e380,ЦДНТА-(Р-107-3-36-4-1145+++Р-107-3-36-4-1145+++Р-107-3-36-4-1145),Р-107-3-36-4-1145,Р107,3-36,4,1145,opys-explicit
15f85178-098e-4002-9214-cfee70a584e5,ЦДНТА-(Р-107-3-36-4-1153+++Р-107-3-36-4-1153+++Р-107-3-36-4-1153),Р-107-3-36-4-1153,Р107,3-36,4,1153,opys-explicit
b96ca806-8a6a-4cc6-a05d-1404e5fcdaef,ЦДНТА-(Р-107-3-36-4-1166+++Р-107-3-36-4-1166+++Р-107-3-36-4-1166),Р-107-3-36-4-1166,Р107,3-36,4,1166,opys-explicit
12c6c56e-c6a2-4e9a-99e9-a563aa76d698,ЦДНТА-(Р-107-3-36-4-1173+++Р-107-3-36-4-1173+++Р-107-3-36-4-1173),Р-107-3-36-4-1173,Р107,3-36,4,1173,opys-explicit
49d35813-b583-49b9-8504-66be652a2548,ЦДНТА-(Р-107-3-36-4-1171+++Р-107-3-36-4-1171+++Р-107-3-36-4-1171),Р-107-3-36-4-1171,Р107,3-36,4,1171,opys-explicit
e07d49db-172c-4cfd-91c3-f762220ef66a,ЦДНТА-(Р-107-3-36-4-1192+++Р-107-3-36-4-1192+++Р-107-3-36-4-1192),Р-107-3-36-4-1192,Р107,3-36,4,1192,opys-explicit
e6332281-b0ff-45ee-962f-4511f4078a9e,ЦДНТА-(Р-107-3-36-4-1197+++Р-107-3-36-4-1197+++Р-107-3-36-4-1197),Р-107-3-36-4-1197,Р107,3-36,4,1197,opys-explicit
33cf01d7-2a03-4183-9cf5-d63534480e19,ЦДНТА-(Р-107-3-36-4-1194+++Р-107-3-36-4-1194+++Р-107-3-36-4-1194),Р-107-3-36-4-1194,Р107,3-36,4,1194,opys-explicit
424d8fcd-b301-44ce-bc75-2a0122f1d30b,ЦДНТА-(Р-107-3-36-4-1183+++Р-107-3-36-4-1183+++Р-107-3-36-4-1183),Р-107-3-36-4-1183,Р107,3-36,4,1183,opys-explicit
a27c3e18-50fc-401e-9962-570d29dec1e6,ЦДНТА-(Р-107-3-36-4-1214+++Р-107-3-36-4-1214+++Р-107-3-36-4-1214),Р-107-3-36-4-1214,Р107,3-36,4,1214,opys-explicit
c063d361-c717-4c44-ada3-64d07d3553c8,ЦДНТА-(Р-107-3-36-4-1211+++Р-107-3-36-4-1211+++Р-107-3-36-4-1211),Р-107-3-36-4-1211,Р107,3-36,4,1211,opys-explicit
032b0654-55ac-4117-a649-992a8b510cc4,ЦДНТА-(Р-107-3-36-4-1213+++Р-107-3-36-4-1213+++Р-107-3-36-4-1213),Р-107-3-36-4-1213,Р107,3-36,4,1213,opys-explicit
2e86fec4-cbb2-4c32-9b7f-e510b5932f3f,ЦДНТА-(Р-107-3-36-4-1228+++Р-107-3-36-4-1228+++Р-107-3-36-4-1228),Р-107-3-36-4-1228,Р107,3-36,4,1228,opys-explicit
40bb2f51-6653-4b31-bcda-d302195544cf,ЦДНТА-(Р-107-3-36-4-1232+++Р-107-3-36-4-1232+++Р-107-3-36-4-1232),Р-107-3-36-4-1232,Р107,3-36,4,1232,opys-explicit
5d5ba99e-8c63-4ae8-b096-d789a0116398,ЦДНТА-(Р-107-3-36-4-1237+++Р-107-3-36-4-1237+++Р-107-3-36-4-1237),Р-107-3-36-4-1237,Р107,3-36,4,1237,opys-explicit
a3def831-1fbd-459e-b2de-f83291ba4120,ЦДНТА-(Р-107-3-36-4-1244+++Р-107-3-36-4-1244+++Р-107-3-36-4-1244),Р-107-3-36-4-1244,Р107,3-36,4,1244,opys-explicit
94f0e8a3-8b45-4b6d-90e3-99015c9265d3,ЦДНТА-(Р-107-3-36-4-1245+++Р-107-3-36-4-1245+++Р-107-3-36-4-1245),Р-107-3-36-4-1245,Р107,3-36,4,1245,opys-explicit
4593c77b-474a-480d-9feb-20e445d431bb,ЦДНТА-(Р-107-3-36-4-1265+++Р-107-3-36-4-1265+++Р-107-3-36-4-1265),Р-107-3-36-4-1265,Р107,3-36,4,1265,opys-explicit
0f1d2610-a4c2-4d4d-81d6-7d15f67a8c13,ЦДНТА-(Р-107-3-36-4-1267+++Р-107-3-36-4-1267+++Р-107-3-36-4-1267),Р-107-3-36-4-1267,Р107,3-36,4,1267,opys-explicit
61c9d4b6-e8da-4a14-b587-98933a731ba4,ЦДНТА-(Р-107-3-36-4-1268+++Р-107-3-36-4-1268+++Р-107-3-36-4-1268),Р-107-3-36-4-1268,Р107,3-36,4,1268,opys-explicit
17c51d08-0203-4a11-81d1-6040ef9f9436,ЦДНТА-(Р-107-3-36-4-1269+++Р-107-3-36-4-1269+++Р-107-3-36-4-1269),Р-107-3-36-4-1269,Р107,3-36,4,1269,opys-explicit
d6f436e8-c9bc-4d9d-bf66-832b3be93a70,ЦДНТА-(Р-107-3-36-4-1283+++Р-107-3-36-4-1283+++Р-107-3-36-4-1283),Р-107-3-36-4-1283,Р107,3-36,4,1283,opys-explicit
6c6dc93c-7c06-4991-920f-7baed8401e16,ЦДНТА-(Р-107-3-36-4-1299+++Р-107-3-36-4-1299+++Р-107-3-36-4-1299),Р-107-3-36-4-1299,Р107,3-36,4,1299,opys-explicit
0b216575-5fb0-41c8-ab7f-f6bd8a5ad652,ЦДНТА-(Р-107-3-36-4-1296+++Р-107-3-36-4-1296+++Р-107-3-36-4-1296),Р-107-3-36-4-1296,Р107,3-36,4,1296,opys-explicit
82c8327a-d0ca-45ef-bdbb-14fdc005bb81,ЦДНТА-(Р-107-3-36-4-1289+++Р-107-3-36-4-1289+++Р-107-3-36-4-1289),Р-107-3-36-4-1289,Р107,3-36,4,1289,opys-explicit
1e973ff1-5fbe-4bbf-a18b-7a012f173f8a,ЦДНТА-(Р-107-3-36-4-1306+++Р-107-3-36-4-1306+++Р-107-3-36-4-1306),Р-107-3-36-4-1306,Р107,3-36,4,1306,opys-explicit
e3bcf147-da8f-4e7d-9012-2c31f3a85b67,ЦДНТА-(Р-107-3-36-4-1316+++Р-107-3-36-4-1316+++Р-107-3-36-4-1316),Р-107-3-36-4-1316,Р107,3-36,4,1316,opys-explicit
51866d05-42e8-4fcb-9fd8-bbe116c91631,ЦДНТА-(Р-107-3-36-4-1317+++Р-107-3-36-4-1317+++Р-107-3-36-4-1317),Р-107-3-36-4-1317,Р107,3-36,4,1317,opys-explicit
bcf7e016-15fb-4457-83c0-2af704d78aee,ЦДНТА-(Р-107-3-36-4-1322+++Р-107-3-36-4-1322+++Р-107-3-36-4-1322),Р-107-3-36-4-1322,Р107,3-36,4,1322,opys-explicit
b048e75d-6228-4d06-aa4e-9c3fe41d044c,ЦДНТА-(Р-107-3-36-4-1310+++Р-107-3-36-4-1310+++Р-107-3-36-4-1310),Р-107-3-36-4-1310,Р107,3-36,4,1310,opys-explicit
aea6768c-f777-48a7-bd82-d8c714c117c7,ЦДНТА-(Р-107-3-36-4-1309+++Р-107-3-36-4-1309+++Р-107-3-36-4-1309),Р-107-3-36-4-1309,Р107,3-36,4,1309,opys-explicit
d9b0cbc3-efe7-42ea-b7db-2ebf458405e4,ЦДНТА-(Р-107-3-36-4-1349+++Р-107-3-36-4-1349+++Р-107-3-36-4-1349),Р-107-3-36-4-1349,Р107,3-36,4,1349,opys-explicit
6cc192ba-c56a-450a-8f64-2dda466092be,ЦДНТА-(Р-107-3-36-4-1348+++Р-107-3-36-4-1348+++Р-107-3-36-4-1348),Р-107-3-36-4-1348,Р107,3-36,4,1348,opys-explicit
f04f3ef1-fb85-4219-8e21-b1f15efbfe5e,ЦДНТА-(Р-107-3-36-4-1331+++Р-107-3-36-4-1331+++Р-107-3-36-4-1331),Р-107-3-36-4-1331,Р107,3-36,4,1331,opys-explicit
4fa406dc-ed9e-4623-84d6-cc853444e98e,ЦДНТА-(Р-107-3-36-4-1342+++Р-107-3-36-4-1342+++Р-107-3-36-4-1342),Р-107-3-36-4-1342,Р107,3-36,4,1342,opys-explicit
967816c0-b644-41b6-8c5f-b777204918ce,ЦДНТА-(Р-107-3-36-4-1355+++Р-107-3-36-4-1355+++Р-107-3-36-4-1355),Р-107-3-36-4-1355,Р107,3-36,4,1355,opys-explicit
05d4b6fd-3edb-42d2-a304-7cdb8d755d25,ЦДНТА-(Р-107-3-36-4-1366+++Р-107-3-36-4-1366+++Р-107-3-36-4-1366),Р-107-3-36-4-1366,Р107,3-36,4,1366,opys-explicit
9f5fa603-047c-43b6-af9c-f5aac0626446,ЦДНТА-(Р-107-3-36-4-1398+++Р-107-3-36-4-1398+++Р-107-3-36-4-1398),Р-107-3-36-4-1398,Р107,3-36,4,1398,opys-explicit
29bdf169-7447-437c-98ad-aa3589c56097,ЦДНТА-(Р-107-3-36-4-1359+++Р-107-3-36-4-1359+++Р-107-3-36-4-1359),Р-107-3-36-4-1359,Р107,3-36,4,1359,opys-explicit
9ea93903-e7b6-4eea-a530-b882bf2f0712,ЦДНТА-(Р-107-3-36-4-1399+++Р-107-3-36-4-1399+++Р-107-3-36-4-1399),Р-107-3-36-4-1399,Р107,3-36,4,1399,opys-explicit
95dc0665-39af-425a-af91-a15b1285fcb0,ЦДНТА-(Р-107-3-36-4-1352+++Р-107-3-36-4-1352+++Р-107-3-36-4-1352),Р-107-3-36-4-1352,Р107,3-36,4,1352,opys-explicit
2043a364-e387-47ed-a18b-32ebbf8fd4bb,ЦДНТА-(Р-107-3-36-4-1357+++Р-107-3-36-4-1357+++Р-107-3-36-4-1357),Р-107-3-36-4-1357,Р107,3-36,4,1357,opys-explicit
9b2aa5db-e0bb-442a-9b25-b133ed17a9d8,ЦДНТА-(Р-107-3-36-4-1380+++Р-107-3-36-4-1380+++Р-107-3-36-4-1380),Р-107-3-36-4-1380,Р107,3-36,4,1380,opys-explicit
6a33b6da-83ca-4c8c-b854-7fc5516f8df4,ЦДНТА-(Р-107-3-36-4-1413+++Р-107-3-36-4-1413+++Р-107-3-36-4-1413),Р-107-3-36-4-1413,Р107,3-36,4,1413,opys-explicit
85c0f011-60f1-41a7-b836-e1b49c6380f5,ЦДНТА-(Р-107-3-36-4-1416+++Р-107-3-36-4-1416+++Р-107-3-36-4-1416),Р-107-3-36-4-1416,Р107,3-36,4,1416,opys-explicit
a81e2af5-fd49-45ef-b59d-8387d408d64d,ЦДНТА-(Р-107-3-36-4-1364+++Р-107-3-36-4-1364+++Р-107-3-36-4-1364),Р-107-3-36-4-1364,Р107,3-36,4,1364,opys-explicit
c80bab50-e622-4b8f-9786-3c2a99d74f4f,ЦДНТА-(Р-107-3-36-4-1396+++Р-107-3-36-4-1396+++Р-107-3-36-4-1396),Р-107-3-36-4-1396,Р107,3-36,4,1396,opys-explicit
0449a39e-2517-499c-a8d5-97aecaafdf12,ЦДНТА-(Р-107-3-36-4-1425+++Р-107-3-36-4-1425+++Р-107-3-36-4-1425),Р-107-3-36-4-1425,Р107,3-36,4,1425,opys-explicit
d5942915-c544-4321-865c-2aa47b5b5571,ЦДНТА-(Р-107-3-36-4-1427+++Р-107-3-36-4-1427+++Р-107-3-36-4-1427),Р-107-3-36-4-1427,Р107,3-36,4,1427,opys-explicit
409b7295-9966-4bd5-9eba-7f816d8a804c,ЦДНТА-(Р-107-3-36-4-1362+++Р-107-3-36-4-1362+++Р-107-3-36-4-1362),Р-107-3-36-4-1362,Р107,3-36,4,1362,opys-explicit
c3fee86c-62db-4578-9105-2076cce61247,ЦДНТА-(Р-107-3-36-4-1430+++Р-107-3-36-4-1430+++Р-107-3-36-4-1430),Р-107-3-36-4-1430,Р107,3-36,4,1430,opys-explicit
850c056e-1afc-43e2-bd18-821d750e02af,ЦДНТА-(Р-107-3-36-4-1429+++Р-107-3-36-4-1429+++Р-107-3-36-4-1429),Р-107-3-36-4-1429,Р107,3-36,4,1429,opys-explicit
0f5af821-c6a7-43f9-ab99-8192eb259756,ЦДНТА-(Р-107-3-36-4-1423+++Р-107-3-36-4-1423+++Р-107-3-36-4-1423),Р-107-3-36-4-1423,Р107,3-36,4,1423,opys-explicit
89ee5c59-2f36-49f5-aab4-a03d882c2f0c,ЦДНТА-(Р-107-3-36-4-1421+++Р-107-3-36-4-1421+++Р-107-3-36-4-1421),Р-107-3-36-4-1421,Р107,3-36,4,1421,opys-explicit
f7985c50-8c3f-422e-a349-4e52d48635a3,ЦДНТА-(Р-107-3-36-4-1419+++Р-107-3-36-4-1419+++Р-107-3-36-4-1419),Р-107-3-36-4-1419,Р107,3-36,4,1419,opys-explicit
1f254ca2-d49a-4528-afcd-5d06ed565916,ЦДНТА-(Р-107-3-36-4-1451+++Р-107-3-36-4-1451+++Р-107-3-36-4-1451),Р-107-3-36-4-1451,Р107,3-36,4,1451,opys-explicit
d8830289-8240-4d51-b212-0e3b606f1f5d,ЦДНТА-(Р-107-3-36-4-1440+++Р-107-3-36-4-1440+++Р-107-3-36-4-1440),Р-107-3-36-4-1440,Р107,3-36,4,1440,opys-explicit
3d9bb421-79c7-4ca8-8edd-040fcf4eb54c,ЦДНТА-(Р-107-3-36-4-1441+++Р-107-3-36-4-1441+++Р-107-3-36-4-1441),Р-107-3-36-4-1441,Р107,3-36,4,1441,opys-explicit
d560f413-0e3a-4548-b768-a381aef7a483,ЦДНТА-(Р-107-3-36-4-1445+++Р-107-3-36-4-1445+++Р-107-3-36-4-1445),Р-107-3-36-4-1445,Р107,3-36,4,1445,opys-explicit
e4ab7684-a9dc-4e84-9bf7-7859d2cf26f2,ЦДНТА-(Р-107-3-36-4-1447+++Р-107-3-36-4-1447+++Р-107-3-36-4-1447),Р-107-3-36-4-1447,Р107,3-36,4,1447,opys-explicit
8e0582cb-6bf2-4a9b-bf80-299fc243951b,ЦДНТА-(Р-107-3-36-4-1450+++Р-107-3-36-4-1450+++Р-107-3-36-4-1450),Р-107-3-36-4-1450,Р107,3-36,4,1450,opys-explicit
2a1b293f-4bb7-4492-867a-44f67f1579ea,ЦДНТА-(Р-107-3-36-4-1448+++Р-107-3-36-4-1448+++Р-107-3-36-4-1448),Р-107-3-36-4-1448,Р107,3-36,4,1448,opys-explicit
21facb80-d6df-4009-b316-98011c0a858c,ЦДНТА-(Р-107-3-36-5-1477+++Р-107-3-36-5-1477+++Р-107-3-36-5-1477),Р-107-3-36-5-1477,Р107,3-36,5,1477,opys-explicit
9973a6e3-9cfe-4606-9251-55471d5c8d4a,ЦДНТА-(Р-107-3-36-5-1467+++Р-107-3-36-5-1467+++Р-107-3-36-5-1467),Р-107-3-36-5-1467,Р107,3-36,5,1467,opys-explicit
5407d741-f7ca-4664-873c-7c53b01da9cd,ЦДНТА-(Р-107-3-36-5-1469+++Р-107-3-36-5-1469+++Р-107-3-36-5-1469),Р-107-3-36-5-1469,Р107,3-36,5,1469,opys-explicit
184d07a2-bf3c-45bc-9522-bba981d25891,ЦДНТА-(Р-107-3-36-5-1461+++Р-107-3-36-5-1461+++Р-107-3-36-5-1461),Р-107-3-36-5-1461,Р107,3-36,5,1461,opys-explicit
dd32b53e-b280-422d-9b97-29b2294ac9bd,ЦДНТА-(Р-107-3-36-5-1474+++Р-107-3-36-5-1474+++Р-107-3-36-5-1474),Р-107-3-36-5-1474,Р107,3-36,5,1474,opys-explicit
ca7d8b2c-6288-48ed-83f0-416f6bd485d8,ЦДНТА-(Р-107-3-36-5-1471+++Р-107-3-36-5-1471+++Р-107-3-36-5-1471),Р-107-3-36-5-1471,Р107,3-36,5,1471,opys-explicit
a644883c-7ef8-4d71-9a88-fa246eaae923,ЦДНТА-(Р-107-3-36-5-1483+++Р-107-3-36-5-1483+++Р-107-3-36-5-1483),Р-107-3-36-5-1483,Р107,3-36,5,1483,opys-explicit
a3554d53-bdd6-4d8b-9f7c-1bda1f985aba,ЦДНТА-(Р-107-3-36-4-1176+++Р-107-3-36-4-1176+++Р-107-3-36-4-1176),Р-107-3-36-4-1176,Р107,3-36,4,1176,opys-explicit
fa2f89ad-986e-4246-8106-f09b5d9c8c23,ЦДНТА-(Р-107-3-36-5-1490+++Р-107-3-36-5-1490+++Р-107-3-36-5-1490),Р-107-3-36-5-1490,Р107,3-36,5,1490,opys-explicit
d8fadfdf-7ea6-4193-90be-3f4f78acf57f,ЦДНТА-(Р-107-3-36-4-1184+++Р-107-3-36-4-1184+++Р-107-3-36-4-1184),Р-107-3-36-4-1184,Р107,3-36,4,1184,opys-explicit
eefd76ef-5a66-4519-a0f9-99b2c4b5e7e6,ЦДНТА-(Р-107-3-36-4-1195+++Р-107-3-36-4-1195+++Р-107-3-36-4-1195),Р-107-3-36-4-1195,Р107,3-36,4,1195,opys-explicit
302a0942-9b67-4378-8d74-e9f983a1de21,ЦДНТА-(Р-107-3-36-4-1185+++Р-107-3-36-4-1185+++Р-107-3-36-4-1185),Р-107-3-36-4-1185,Р107,3-36,4,1185,opys-explicit
9e740a70-d91b-4d9a-ac5e-c1360b75180a,ЦДНТА-(Р-107-3-36-5-1493+++Р-107-3-36-5-1493+++Р-107-3-36-5-1493),Р-107-3-36-5-1493,Р107,3-36,5,1493,opys-explicit
e8e8ecf9-0121-4d6a-9b74-ccbfcb192219,ЦДНТА-(Р-107-3-36-5-1515+++Р-107-3-36-5-1515+++Р-107-3-36-5-1515),Р-107-3-36-5-1515,Р107,3-36,5,1515,opys-explicit
4c426b1b-26ef-4d0b-8a00-6100d520922d,ЦДНТА-(Р-107-3-36-4-1188+++Р-107-3-36-4-1188+++Р-107-3-36-4-1188),Р-107-3-36-4-1188,Р107,3-36,4,1188,opys-explicit
c53f9f36-1a56-4d02-b3d0-d2c25908c892,ЦДНТА-(Р-107-3-36-5-1517+++Р-107-3-36-5-1517+++Р-107-3-36-5-1517),Р-107-3-36-5-1517,Р107,3-36,5,1517,opys-explicit
075f6270-adb1-4e60-ac67-b2f7577830d1,ЦДНТА-(Р-107-3-36-4-1212+++Р-107-3-36-4-1212+++Р-107-3-36-4-1212),Р-107-3-36-4-1212,Р107,3-36,4,1212,opys-explicit
25fc0a82-e918-4c9d-8974-45f0ba8d738b,ЦДНТА-(Р-107-3-36-5-1497+++Р-107-3-36-5-1497+++Р-107-3-36-5-1497),Р-107-3-36-5-1497,Р107,3-36,5,1497,opys-explicit
7d76f892-6720-4b05-94d6-c31cd3008764,ЦДНТА-(Р-107-3-36-4-1216+++Р-107-3-36-4-1216+++Р-107-3-36-4-1216),Р-107-3-36-4-1216,Р107,3-36,4,1216,opys-explicit
8b82357e-bd5d-453e-84a1-a525a0c25954,ЦДНТА-(Р-107-3-36-5-1543+++Р-107-3-36-5-1543+++Р-107-3-36-5-1543),Р-107-3-36-5-1543,Р107,3-36,5,1543,opys-explicit
37335ebc-d8ba-47c2-b1ba-5f5b95916964,ЦДНТА-(Р-107-3-36-5-1548+++Р-107-3-36-5-1548+++Р-107-3-36-5-1548),Р-107-3-36-5-1548,Р107,3-36,5,1548,opys-explicit
36e93059-6066-4e19-aa94-d03d743c3a8b,ЦДНТА-(Р-107-3-36-5-1538+++Р-107-3-36-5-1538+++Р-107-3-36-5-1538),Р-107-3-36-5-1538,Р107,3-36,5,1538,opys-explicit
bb2855cd-595a-4004-8b77-9946197daf67,ЦДНТА-(Р-107-3-36-4-1254+++Р-107-3-36-4-1254+++Р-107-3-36-4-1254),Р-107-3-36-4-1254,Р107,3-36,4,1254,opys-explicit
a16d428d-496d-4a25-b058-96ce0d790928,ЦДНТА-(Р-107-3-36-4-1256+++Р-107-3-36-4-1256+++Р-107-3-36-4-1256),Р-107-3-36-4-1256,Р107,3-36,4,1256,opys-explicit
650f9b45-fc70-4060-9195-9bf6f3825ba7,ЦДНТА-(Р-107-3-36-5-1541+++Р-107-3-36-5-1541+++Р-107-3-36-5-1541),Р-107-3-36-5-1541,Р107,3-36,5,1541,opys-explicit
b327cbe7-6342-4f15-83e4-8d9f052b92ff,ЦДНТА-(Р-107-3-36-4-1258+++Р-107-3-36-4-1258+++Р-107-3-36-4-1258),Р-107-3-36-4-1258,Р107,3-36,4,1258,opys-explicit
c0663e96-99c9-4a35-ac7f-1ee5410b0543,ЦДНТА-(Р-107-3-36-4-1247+++Р-107-3-36-4-1247+++Р-107-3-36-4-1247),Р-107-3-36-4-1247,Р107,3-36,4,1247,opys-explicit
6f3a778a-5263-4ce4-929f-85688d3ab9e0,ЦДНТА-(Р-107-3-36-4-1246+++Р-107-3-36-4-1246+++Р-107-3-36-4-1246),Р-107-3-36-4-1246,Р107,3-36,4,1246,opys-explicit
ee5c3ea1-a3eb-4938-affa-16c85a6b405b,ЦДНТА-(Р-107-3-36-5-1539+++Р-107-3-36-5-1539+++Р-107-3-36-5-1539),Р-107-3-36-5-1539,Р107,3-36,5,1539,opys-explicit
4d70906d-4b9a-4104-be6d-09609bbd336a,ЦДНТА-(Р-107-3-36-4-1263+++Р-107-3-36-4-1263+++Р-107-3-36-4-1263),Р-107-3-36-4-1263,Р107,3-36,4,1263,opys-explicit
1a4b835a-15ea-438e-8ec8-34a193f62896,ЦДНТА-(Р-107-3-36-4-1271+++Р-107-3-36-4-1271+++Р-107-3-36-4-1271),Р-107-3-36-4-1271,Р107,3-36,4,1271,opys-explicit
64d9df07-6d93-4e61-938f-129ace9f4f4a,ЦДНТА-(Р-107-3-36-5-1552+++Р-107-3-36-5-1552+++Р-107-3-36-5-1552),Р-107-3-36-5-1552,Р107,3-36,5,1552,opys-explicit
c6cea60a-5511-4d21-9856-7cb5bf3acac1,ЦДНТА-(Р-107-3-36-5-1550+++Р-107-3-36-5-1550+++Р-107-3-36-5-1550),Р-107-3-36-5-1550,Р107,3-36,5,1550,opys-explicit
0d76ed70-557b-4fe7-8f62-74629bbab083,ЦДНТА-(Р-107-3-36-5-1569+++Р-107-3-36-5-1569+++Р-107-3-36-5-1569),Р-107-3-36-5-1569,Р107,3-36,5,1569,opys-explicit
d9a21fb6-ae9e-41b8-8846-8c64f431db38,ЦДНТА-(Р-107-3-36-4-1326+++Р-107-3-36-4-1326+++Р-107-3-36-4-1326),Р-107-3-36-4-1326,Р107,3-36,4,1326,opys-explicit
d7ee7bb6-d684-42f1-8a7e-a332d154eacf,ЦДНТА-(Р-107-3-36-4-1315+++Р-107-3-36-4-1315+++Р-107-3-36-4-1315),Р-107-3-36-4-1315,Р107,3-36,4,1315,opys-explicit
91ddcda5-fba3-4fed-a938-ea5c958e26a9,ЦДНТА-(Р-107-3-36-5-1581+++Р-107-3-36-5-1581+++Р-107-3-36-5-1581),Р-107-3-36-5-1581,Р107,3-36,5,1581,opys-explicit
da64c273-bb02-4689-9909-9618973dba60,ЦДНТА-(Р-107-3-36-5-1580+++Р-107-3-36-5-1580+++Р-107-3-36-5-1580),Р-107-3-36-5-1580,Р107,3-36,5,1580,opys-explicit
47b7b257-16a2-46c3-a0e2-56ca9a58a45c,ЦДНТА-(Р-107-3-36-4-1318+++Р-107-3-36-4-1318+++Р-107-3-36-4-1318),Р-107-3-36-4-1318,Р107,3-36,4,1318,opys-explicit
88f17bdb-e1a4-4333-a978-089e19f4781b,ЦДНТА-(Р-107-3-36-5-1579+++Р-107-3-36-5-1579+++Р-107-3-36-5-1579),Р-107-3-36-5-1579,Р107,3-36,5,1579,opys-explicit
62b2c3d0-8841-487b-b235-4255644a97b4,ЦДНТА-(Р-107-3-36-4-1325+++Р-107-3-36-4-1325+++Р-107-3-36-4-1325),Р-107-3-36-4-1325,Р107,3-36,4,1325,opys-explicit
76b9498c-e11b-43ec-a494-f2031537e970,ЦДНТА-(Р-107-3-36-5-1612+++Р-107-3-36-5-1612+++Р-107-3-36-5-1612),Р-107-3-36-5-1612,Р107,3-36,5,1612,opys-explicit
06dcc597-88b1-499d-aec9-4d9d436e9dbe,ЦДНТА-(Р-107-3-36-4-1345+++Р-107-3-36-4-1345+++Р-107-3-36-4-1345),Р-107-3-36-4-1345,Р107,3-36,4,1345,opys-explicit
c51f3cfa-c6e2-48dd-8c29-dfc284a56a0f,ЦДНТА-(Р-107-3-36-4-1332+++Р-107-3-36-4-1332+++Р-107-3-36-4-1332),Р-107-3-36-4-1332,Р107,3-36,4,1332,opys-explicit
bbcfc8f4-4932-443d-a3b0-ecfb2a471110,ЦДНТА-(Р-107-3-36-4-1335+++Р-107-3-36-4-1335+++Р-107-3-36-4-1335),Р-107-3-36-4-1335,Р107,3-36,4,1335,opys-explicit
928195af-5444-4ac9-8b35-3e07ca22635e,ЦДНТА-(Р-107-3-36-5-1611+++Р-107-3-36-5-1611+++Р-107-3-36-5-1611),Р-107-3-36-5-1611,Р107,3-36,5,1611,opys-explicit
58945570-4c3c-4093-a6f3-0deb7db6b9b5,ЦДНТА-(Р-107-3-36-5-1600+++Р-107-3-36-5-1600+++Р-107-3-36-5-1600),Р-107-3-36-5-1600,Р107,3-36,5,1600,opys-explicit
ca14fe1d-5418-4bbb-bed4-0c50275769dc,ЦДНТА-(Р-107-3-36-5-1628+++Р-107-3-36-5-1628+++Р-107-3-36-5-1628),Р-107-3-36-5-1628,Р107,3-36,5,1628,opys-explicit
01454b5a-d444-4382-99e6-19b3bfaf8390,ЦДНТА-(Р-107-3-36-4-1356+++Р-107-3-36-4-1356+++Р-107-3-36-4-1356),Р-107-3-36-4-1356,Р107,3-36,4,1356,opys-explicit
13259974-f1d2-4225-9583-6c3f72abb607,ЦДНТА-(Р-107-3-36-5-1629+++Р-107-3-36-5-1629+++Р-107-3-36-5-1629),Р-107-3-36-5-1629,Р107,3-36,5,1629,opys-explicit
68c0f18b-2107-4f17-bc0b-b2e6fc14ec53,ЦДНТА-(Р-107-3-36-5-1634+++Р-107-3-36-5-1634+++Р-107-3-36-5-1634),Р-107-3-36-5-1634,Р107,3-36,5,1634,opys-explicit
8568aa97-d7b0-43f8-8d2f-4b99f9895fb8,ЦДНТА-(Р-107-3-36-4-1381+++Р-107-3-36-4-1381+++Р-107-3-36-4-1381),Р-107-3-36-4-1381,Р107,3-36,4,1381,opys-explicit
7ce21b34-d436-40a3-9392-4f5ea2c7710f,ЦДНТА-(Р-107-3-36-5-1635+++Р-107-3-36-5-1635+++Р-107-3-36-5-1635),Р-107-3-36-5-1635,Р107,3-36,5,1635,opys-explicit
50951faa-abbf-4b1a-bb55-1880bde51b38,ЦДНТА-(Р-107-3-36-5-1633+++Р-107-3-36-5-1633+++Р-107-3-36-5-1633),Р-107-3-36-5-1633,Р107,3-36,5,1633,opys-explicit
5ff9eeaa-c037-489f-871b-749c39941793,ЦДНТА-(Р-107-3-36-5-1631+++Р-107-3-36-5-1631+++Р-107-3-36-5-1631),Р-107-3-36-5-1631,Р107,3-36,5,1631,opys-explicit
d7055e97-95e2-4ded-976c-0ef47015d797,ЦДНТА-(Р-107-3-36-4-1365+++Р-107-3-36-4-1365+++Р-107-3-36-4-1365),Р-107-3-36-4-1365,Р107,3-36,4,1365,opys-explicit
24003720-1025-4e16-845c-3250982692b0,ЦДНТА-(Р-107-3-36-4-1394+++Р-107-3-36-4-1394+++Р-107-3-36-4-1394),Р-107-3-36-4-1394,Р107,3-36,4,1394,opys-explicit
7ea44368-8e5f-4a58-b43e-0262f406d5f2,ЦДНТА-(Р-107-3-36-5-1647+++Р-107-3-36-5-1647+++Р-107-3-36-5-1647),Р-107-3-36-5-1647,Р107,3-36,5,1647,opys-explicit
61ec1048-129c-4554-aef8-3038e41cc7a5,ЦДНТА-(Р-107-3-36-5-1625+++Р-107-3-36-5-1625+++Р-107-3-36-5-1625),Р-107-3-36-5-1625,Р107,3-36,5,1625,opys-explicit
fdebaab8-de5a-49aa-a153-6fa47d8d1d31,ЦДНТА-(Р-107-3-36-4-1374+++Р-107-3-36-4-1374+++Р-107-3-36-4-1374),Р-107-3-36-4-1374,Р107,3-36,4,1374,opys-explicit
e63b3718-4a62-4c51-af9d-6e4740a05aca,ЦДНТА-(Р-107-3-36-5-1620+++Р-107-3-36-5-1620+++Р-107-3-36-5-1620),Р-107-3-36-5-1620,Р107,3-36,5,1620,opys-explicit
71811d4d-f3c7-4e46-bc1f-461b43095245,ЦДНТА-(Р-107-3-36-5-1622+++Р-107-3-36-5-1622+++Р-107-3-36-5-1622),Р-107-3-36-5-1622,Р107,3-36,5,1622,opys-explicit
92df4c14-9548-480f-88d3-4c3a147d2a00,ЦДНТА-(Р-107-3-36-5-1649+++Р-107-3-36-5-1649+++Р-107-3-36-5-1649),Р-107-3-36-5-1649,Р107,3-36,5,1649,opys-explicit
3201dc31-5174-4c03-b7e2-45c55ff89312,ЦДНТА-(Р-107-3-36-4-1382+++Р-107-3-36-4-1382+++Р-107-3-36-4-1382),Р-107-3-36-4-1382,Р107,3-36,4,1382,opys-explicit
de08fa15-f759-461c-8f8b-04e16ad3de1f,ЦДНТА-(Р-107-3-36-4-1385+++Р-107-3-36-4-1385+++Р-107-3-36-4-1385),Р-107-3-36-4-1385,Р107,3-36,4,1385,opys-explicit
8d10a26e-2255-43a5-a257-35ecfb547bc0,ЦДНТА-(Р-107-3-36-4-1384+++Р-107-3-36-4-1384+++Р-107-3-36-4-1384),Р-107-3-36-4-1384,Р107,3-36,4,1384,opys-explicit
28502e68-164d-4f3a-addc-f69562389d0c,ЦДНТА-(Р-107-3-36-4-1388+++Р-107-3-36-4-1388+++Р-107-3-36-4-1388),Р-107-3-36-4-1388,Р107,3-36,4,1388,opys-explicit
685909c7-be29-4c33-87f8-a23cd188c00d,ЦДНТА-(Р-107-3-36-5-1652+++Р-107-3-36-5-1652+++Р-107-3-36-5-1652),Р-107-3-36-5-1652,Р107,3-36,5,1652,opys-explicit
05f4db4a-5480-4f27-a06f-5f02115ea174,ЦДНТА-(Р-107-3-36-5-1640+++Р-107-3-36-5-1640+++Р-107-3-36-5-1640),Р-107-3-36-5-1640,Р107,3-36,5,1640,opys-explicit
a86fe111-16c8-43d8-97ec-7898ab7dbc5b,ЦДНТА-(Р-107-3-36-5-1659+++Р-107-3-36-5-1659+++Р-107-3-36-5-1659),Р-107-3-36-5-1659,Р107,3-36,5,1659,opys-explicit
12f68264-c687-4f2a-b29b-674b258ae8a2,ЦДНТА-(Р-107-3-36-4-1393+++Р-107-3-36-4-1393+++Р-107-3-36-4-1393),Р-107-3-36-4-1393,Р107,3-36,4,1393,opys-explicit
7f402735-b0b3-4b48-b176-89aaa3002c35,ЦДНТА-(Р-107-3-36-4-1386+++Р-107-3-36-4-1386+++Р-107-3-36-4-1386),Р-107-3-36-4-1386,Р107,3-36,4,1386,opys-explicit
53ebc989-14d3-4b96-8fad-5035ccad97c1,ЦДНТА-(Р-107-3-36-4-1392+++Р-107-3-36-4-1392+++Р-107-3-36-4-1392),Р-107-3-36-4-1392,Р107,3-36,4,1392,opys-explicit
56a370c7-4fb0-4ae7-a8b0-f9fef9587852,ЦДНТА-(Р-107-3-36-4-1390+++Р-107-3-36-4-1390+++Р-107-3-36-4-1390),Р-107-3-36-4-1390,Р107,3-36,4,1390,opys-explicit
b748534a-1019-49a2-8ac8-775516a729fd,ЦДНТА-(Р-107-3-36-4-1432+++Р-107-3-36-4-1432+++Р-107-3-36-4-1432),Р-107-3-36-4-1432,Р107,3-36,4,1432,opys-explicit
ba053db2-789e-4149-b81a-829ef147384e,ЦДНТА-(Р-107-3-36-4-1418+++Р-107-3-36-4-1418+++Р-107-3-36-4-1418),Р-107-3-36-4-1418,Р107,3-36,4,1418,opys-explicit
36aa0cb7-5f47-4e83-b68c-4b0450682e33,ЦДНТА-(Р-107-3-36-4-1426+++Р-107-3-36-4-1426+++Р-107-3-36-4-1426),Р-107-3-36-4-1426,Р107,3-36,4,1426,opys-explicit
75cd3ed8-0ce7-4159-9a83-1682bca4e04c,ЦДНТА-(Р-107-3-36-4-1442+++Р-107-3-36-4-1442+++Р-107-3-36-4-1442),Р-107-3-36-4-1442,Р107,3-36,4,1442,opys-explicit
8ea4c2a3-b0b1-4dd0-bfbd-4744dfcfda54,ЦДНТА-(Р-107-3-36-4-1444+++Р-107-3-36-4-1444+++Р-107-3-36-4-1444),Р-107-3-36-4-1444,Р107,3-36,4,1444,opys-explicit
dac86b47-4bc9-470e-adff-d92de2d4a346,ЦДНТА-(Р-107-3-36-4-1456+++Р-107-3-36-4-1456+++Р-107-3-36-4-1456),Р-107-3-36-4-1456,Р107,3-36,4,1456,opys-explicit
48d65c5b-c521-4673-8f26-10ff449822f4,ЦДНТА-(Р-107-3-36-5-1464+++Р-107-3-36-5-1464+++Р-107-3-36-5-1464),Р-107-3-36-5-1464,Р107,3-36,5,1464,opys-explicit
35dada20-6599-443e-931c-756e9dcd50b6,ЦДНТА-(Р-107-3-36-5-1476+++Р-107-3-36-5-1476+++Р-107-3-36-5-1476),Р-107-3-36-5-1476,Р107,3-36,5,1476,opys-explicit
35a86442-558e-463f-a401-1b5bc29e461b,ЦДНТА-(Р-107-3-36-5-1478+++Р-107-3-36-5-1478+++Р-107-3-36-5-1478),Р-107-3-36-5-1478,Р107,3-36,5,1478,opys-explicit
d6f929c3-5e20-42c6-a921-a2b52089e7bc,ЦДНТА-(Р-107-3-36-5-1470+++Р-107-3-36-5-1470+++Р-107-3-36-5-1470),Р-107-3-36-5-1470,Р107,3-36,5,1470,opys-explicit
8aae73a2-444c-4435-815f-dcb13ff91eca,ЦДНТА-(Р-107-3-36-5-1488+++Р-107-3-36-5-1488+++Р-107-3-36-5-1488),Р-107-3-36-5-1488,Р107,3-36,5,1488,opys-explicit
fcc0f52f-f763-4c9b-b833-9b077777ea7c,ЦДНТА-(Р-107-3-36-5-1495+++Р-107-3-36-5-1495+++Р-107-3-36-5-1495),Р-107-3-36-5-1495,Р107,3-36,5,1495,opys-explicit
925cfceb-c4cd-46c3-8a97-9b6a6bf6c050,ЦДНТА-(Р-107-3-36-5-1487+++Р-107-3-36-5-1487+++Р-107-3-36-5-1487),Р-107-3-36-5-1487,Р107,3-36,5,1487,opys-explicit
425dc1c1-e1f4-43c8-a95c-96cbf57c9730,ЦДНТА-(Р-107-3-36-5-1462+++Р-107-3-36-5-1462+++Р-107-3-36-5-1462),Р-107-3-36-5-1462,Р107,3-36,5,1462,opys-explicit
6175fc55-ee93-4b0d-96a3-3f5f3baf9e0c,ЦДНТА-(Р-107-3-36-5-1468+++Р-107-3-36-5-1468+++Р-107-3-36-5-1468),Р-107-3-36-5-1468,Р107,3-36,5,1468,opys-explicit
0c27ac8e-7338-4098-ac89-e4187f88e49b,ЦДНТА-(Р-107-3-36-5-1512+++Р-107-3-36-5-1512+++Р-107-3-36-5-1512),Р-107-3-36-5-1512,Р107,3-36,5,1512,opys-explicit
8d516721-f999-414d-95b6-8b04f7a32772,ЦДНТА-(Р-107-3-36-5-1465+++Р-107-3-36-5-1465+++Р-107-3-36-5-1465),Р-107-3-36-5-1465,Р107,3-36,5,1465,opys-explicit
1cfd9061-4417-4c34-b61f-42b3e1411a0f,ЦДНТА-(Р-107-3-36-5-1499+++Р-107-3-36-5-1499+++Р-107-3-36-5-1499),Р-107-3-36-5-1499,Р107,3-36,5,1499,opys-explicit
b4d63cb8-bb3f-43b3-8e02-5a1588eb64a1,ЦДНТА-(Р-107-3-36-5-1485+++Р-107-3-36-5-1485+++Р-107-3-36-5-1485),Р-107-3-36-5-1485,Р107,3-36,5,1485,opys-explicit
503e94aa-70f1-4e17-bc49-17d5a532dd3d,ЦДНТА-(Р-107-3-36-5-1531+++Р-107-3-36-5-1531+++Р-107-3-36-5-1531),Р-107-3-36-5-1531,Р107,3-36,5,1531,opys-explicit
b3f73012-0a0b-4735-b47d-f2e88d89c336,ЦДНТА-(Р-107-3-36-5-1547+++Р-107-3-36-5-1547+++Р-107-3-36-5-1547),Р-107-3-36-5-1547,Р107,3-36,5,1547,opys-explicit
eb331ec6-2555-440f-8c6f-90cdbb60eb8d,ЦДНТА-(Р-107-3-36-5-1529+++Р-107-3-36-5-1529+++Р-107-3-36-5-1529),Р-107-3-36-5-1529,Р107,3-36,5,1529,opys-explicit
cd78c3f5-2102-4e6e-b1ab-767cf8723385,ЦДНТА-(Р-107-3-36-5-1530+++Р-107-3-36-5-1530+++Р-107-3-36-5-1530),Р-107-3-36-5-1530,Р107,3-36,5,1530,opys-explicit
65c4343e-8de9-4466-a91e-7f7b61b299cb,ЦДНТА-(Р-107-3-36-5-1540+++Р-107-3-36-5-1540+++Р-107-3-36-5-1540),Р-107-3-36-5-1540,Р107,3-36,5,1540,opys-explicit
b8ca3884-a69f-4844-9557-a7a8069c7f5f,ЦДНТА-(Р-107-3-36-5-1562+++Р-107-3-36-5-1562+++Р-107-3-36-5-1562),Р-107-3-36-5-1562,Р107,3-36,5,1562,opys-explicit
a505e930-c0e3-416a-8e95-6fe9306f6fd5,ЦДНТА-(Р-107-3-36-5-1563+++Р-107-3-36-5-1563+++Р-107-3-36-5-1563),Р-107-3-36-5-1563,Р107,3-36,5,1563,opys-explicit
f762db35-16ae-4e29-9978-34bbb4d3fa12,ЦДНТА-(Р-107-3-36-5-1565+++Р-107-3-36-5-1565+++Р-107-3-36-5-1565),Р-107-3-36-5-1565,Р107,3-36,5,1565,opys-explicit
7813a49b-08bf-43e3-9cda-c1c85c26d0c3,ЦДНТА-(Р-107-3-36-5-1574+++Р-107-3-36-5-1574+++Р-107-3-36-5-1574),Р-107-3-36-5-1574,Р107,3-36,5,1574,opys-explicit
7292aaf6-5be1-43d9-ba25-a8e60e975b44,ЦДНТА-(Р-107-3-36-5-1575+++Р-107-3-36-5-1575+++Р-107-3-36-5-1575),Р-107-3-36-5-1575,Р107,3-36,5,1575,opys-explicit
a5cd7a35-db80-406f-8102-b1be1afdbaa1,ЦДНТА-(Р-107-3-36-5-1591+++Р-107-3-36-5-1591+++Р-107-3-36-5-1591),Р-107-3-36-5-1591,Р107,3-36,5,1591,opys-explicit
08b579d3-46c0-47a8-905e-6527188abc89,ЦДНТА-(Р-107-3-36-5-1573+++Р-107-3-36-5-1573+++Р-107-3-36-5-1573),Р-107-3-36-5-1573,Р107,3-36,5,1573,opys-explicit
ec92261a-a7d5-43b0-9086-2f9d5d26138e,ЦДНТА-(Р-107-3-36-5-1609+++Р-107-3-36-5-1609+++Р-107-3-36-5-1609),Р-107-3-36-5-1609,Р107,3-36,5,1609,opys-explicit
c4bb034b-e9fa-49ba-95e6-dec13a4d7087,ЦДНТА-(Р-107-3-36-5-1608+++Р-107-3-36-5-1608+++Р-107-3-36-5-1608),Р-107-3-36-5-1608,Р107,3-36,5,1608,opys-explicit
af960ae5-3431-4fcd-84f2-99c5fa51360b,ЦДНТА-(Р-107-3-36-5-1610+++Р-107-3-36-5-1610+++Р-107-3-36-5-1610),Р-107-3-36-5-1610,Р107,3-36,5,1610,opys-explicit
e24aa09d-0046-49f2-b278-28947a0edd46,ЦДНТА-(Р-107-3-36-5-1597+++Р-107-3-36-5-1597+++Р-107-3-36-5-1597),Р-107-3-36-5-1597,Р107,3-36,5,1597,opys-explicit
06eff072-6409-44b1-9e84-7f841625c2b5,ЦДНТА-(Р-107-3-36-5-1613+++Р-107-3-36-5-1613+++Р-107-3-36-5-1613),Р-107-3-36-5-1613,Р107,3-36,5,1613,opys-explicit
b933ed6d-d9ca-44e4-a4f1-7ebce8e70377,ЦДНТА-(Р-107-3-36-5-1604+++Р-107-3-36-5-1604+++Р-107-3-36-5-1604),Р-107-3-36-5-1604,Р107,3-36,5,1604,opys-explicit
fb56bf69-b3d1-4a3b-95fe-cacd12ce03ad,ЦДНТА-(Р-107-3-36-5-1595+++Р-107-3-36-5-1595+++Р-107-3-36-5-1595),Р-107-3-36-5-1595,Р107,3-36,5,1595,opys-explicit
ca18d184-c510-4dec-ba84-b007052fcb9e,ЦДНТА-(Р-107-3-36-5-1636+++Р-107-3-36-5-1636+++Р-107-3-36-5-1636),Р-107-3-36-5-1636,Р107,3-36,5,1636,opys-explicit
5e8d2f60-36d6-4ff0-8bcc-8bcefe9fbf1c,ЦДНТА-(Р-107-3-36-5-1630+++Р-107-3-36-5-1630+++Р-107-3-36-5-1630),Р-107-3-36-5-1630,Р107,3-36,5,1630,opys-explicit
cc9a59c0-eef0-49a5-86a1-c4c321a724ef,ЦДНТА-(Р-107-3-36-5-1616+++Р-107-3-36-5-1616+++Р-107-3-36-5-1616),Р-107-3-36-5-1616,Р107,3-36,5,1616,opys-explicit
11120960-4ffd-496d-ad3c-3f4c17533a35,ЦДНТА-(Р-107-3-36-5-1621+++Р-107-3-36-5-1621+++Р-107-3-36-5-1621),Р-107-3-36-5-1621,Р107,3-36,5,1621,opys-explicit
42de7a30-24bc-4134-a171-37ad52467e0f,ЦДНТА-(Р-107-3-36-5-1644+++Р-107-3-36-5-1644+++Р-107-3-36-5-1644),Р-107-3-36-5-1644,Р107,3-36,5,1644,opys-explicit
fdc370f0-5b35-437e-9603-caf5fc730bdb,ЦДНТА-(Р-107-3-36-5-1617+++Р-107-3-36-5-1617+++Р-107-3-36-5-1617),Р-107-3-36-5-1617,Р107,3-36,5,1617,opys-explicit
67a45d8a-0b5d-4aef-80da-d9737c81d2fc,ЦДНТА-(Р-107-3-36-5-1650+++Р-107-3-36-5-1650+++Р-107-3-36-5-1650),Р-107-3-36-5-1650,Р107,3-36,5,1650,opys-explicit
58a7aab3-9630-4753-b48c-0ed6fb70d64d,ЦДНТА-(Р-107-3-36-5-1642+++Р-107-3-36-5-1642+++Р-107-3-36-5-1642),Р-107-3-36-5-1642,Р107,3-36,5,1642,opys-explicit
b1bc4932-21a5-462b-943d-656bd8828a33,ЦДНТА-(Р-107-3-36-5-1638+++Р-107-3-36-5-1638+++Р-107-3-36-5-1638),Р-107-3-36-5-1638,Р107,3-36,5,1638,opys-explicit
402edcb9-22d6-482a-bd41-97f2be179069,ЦДНТА-(Р-107-3-36-5-1658+++Р-107-3-36-5-1658+++Р-107-3-36-5-1658),Р-107-3-36-5-1658,Р107,3-36,5,1658,opys-explicit
c939be34-d321-49b5-bb12-24565cfdaf9a,ЦДНТА-(Р-107-3-36-5-1665+++Р-107-3-36-5-1665+++Р-107-3-36-5-1665),Р-107-3-36-5-1665,Р107,3-36,5,1665,opys-explicit
ffbcaca5-4d40-4eb0-924d-15e3cfb205c9,ЦДНТА-(Р-107-3-36-5-1676+++Р-107-3-36-5-1676+++Р-107-3-36-5-1676),Р-107-3-36-5-1676,Р107,3-36,5,1676,opys-explicit
d26ad4bc-02bd-443a-839a-16f763294db5,ЦДНТА-(Р-107-3-36-5-1698+++Р-107-3-36-5-1698+++Р-107-3-36-5-1698),Р-107-3-36-5-1698,Р107,3-36,5,1698,opys-explicit
94ef0aae-62fc-417e-b80b-ff6bb4dec5e3,ЦДНТА-(Р-107-3-36-5-1671+++Р-107-3-36-5-1671+++Р-107-3-36-5-1671),Р-107-3-36-5-1671,Р107,3-36,5,1671,opys-explicit
204894fa-e790-4d4e-a8e9-2705546c07a4,ЦДНТА-(Р-107-3-36-5-1688+++Р-107-3-36-5-1688+++Р-107-3-36-5-1688),Р-107-3-36-5-1688,Р107,3-36,5,1688,opys-explicit
bfe7fcec-0aaf-4345-9df6-de49c6cf4918,ЦДНТА-(Р-107-3-36-5-1678+++Р-107-3-36-5-1678+++Р-107-3-36-5-1678),Р-107-3-36-5-1678,Р107,3-36,5,1678,opys-explicit
5f38d86e-3da5-4f26-b45a-10dcf3976764,ЦДНТА-(Р-107-3-36-5-1686+++Р-107-3-36-5-1686+++Р-107-3-36-5-1686),Р-107-3-36-5-1686,Р107,3-36,5,1686,opys-explicit
be1fd8c0-7136-4293-879f-7189998ca88f,ЦДНТА-(Р-107-3-36-5-1689+++Р-107-3-36-5-1689+++Р-107-3-36-5-1689),Р-107-3-36-5-1689,Р107,3-36,5,1689,opys-explicit
70f7212c-f6cb-4f91-8a7b-2d1ae8833fa6,ЦДНТА-(Р-107-3-36-5-1664+++Р-107-3-36-5-1664+++Р-107-3-36-5-1664),Р-107-3-36-5-1664,Р107,3-36,5,1664,opys-explicit
0c1abae8-b571-4de6-a0bb-dbb1b01ba3bd,ЦДНТА-(Р-107-3-36-5-1694+++Р-107-3-36-5-1694+++Р-107-3-36-5-1694),Р-107-3-36-5-1694,Р107,3-36,5,1694,opys-explicit
90340339-7c8b-455d-b731-38f0b8272a4a,ЦДНТА-(Р-107-3-36-5-1666+++Р-107-3-36-5-1666+++Р-107-3-36-5-1666),Р-107-3-36-5-1666,Р107,3-36,5,1666,opys-explicit
eb3a7e5c-fd03-4690-b106-afec04099ce8,ЦДНТА-(Р-107-3-36-5-1699+++Р-107-3-36-5-1699+++Р-107-3-36-5-1699),Р-107-3-36-5-1699,Р107,3-36,5,1699,opys-explicit
676513c5-ee31-4350-9d8e-88b5c7801b3e,ЦДНТА-(Р-107-3-36-5-1690+++Р-107-3-36-5-1690+++Р-107-3-36-5-1690),Р-107-3-36-5-1690,Р107,3-36,5,1690,opys-explicit
0c32bd37-8ef3-477c-b4e2-ff020c7f4d1d,ЦДНТА-(Р-107-3-36-5-1700+++Р-107-3-36-5-1700+++Р-107-3-36-5-1700),Р-107-3-36-5-1700,Р107,3-36,5,1700,opys-explicit
060d4275-bc5f-48a4-a8f4-4184f0ec3a82,ЦДНТА-(Р-107-3-36-5-1692+++Р-107-3-36-5-1692+++Р-107-3-36-5-1692),Р-107-3-36-5-1692,Р107,3-36,5,1692,opys-explicit
88b9972e-ba48-4124-81b3-4d02dcf75770,ЦДНТА-(Р-107-3-36-5-1706+++Р-107-3-36-5-1706+++Р-107-3-36-5-1706),Р-107-3-36-5-1706,Р107,3-36,5,1706,opys-explicit
1fee1e31-a263-4562-a598-4371e16b0ac7,ЦДНТА-(Р-107-3-36-5-1697+++Р-107-3-36-5-1697+++Р-107-3-36-5-1697),Р-107-3-36-5-1697,Р107,3-36,5,1697,opys-explicit
5754d7f8-4b98-440f-8bc0-e97bc05f0720,ЦДНТА-(Р-107-3-36-5-1717+++Р-107-3-36-5-1717+++Р-107-3-36-5-1717),Р-107-3-36-5-1717,Р107,3-36,5,1717,opys-explicit
e96a7ca5-3194-4ba1-87e4-849c9394d68a,ЦДНТА-(Р-107-3-36-5-1731+++Р-107-3-36-5-1731+++Р-107-3-36-5-1731),Р-107-3-36-5-1731,Р107,3-36,5,1731,opys-explicit
89d25619-7399-4286-ae8a-b4d4e7c5e8d9,ЦДНТА-(Р-107-3-36-5-1705+++Р-107-3-36-5-1705+++Р-107-3-36-5-1705),Р-107-3-36-5-1705,Р107,3-36,5,1705,opys-explicit
c8d49ab0-b181-4cb9-a070-26d1c92b935a,ЦДНТА-(Р-107-3-36-5-1727+++Р-107-3-36-5-1727+++Р-107-3-36-5-1727),Р-107-3-36-5-1727,Р107,3-36,5,1727,opys-explicit
4efaed6c-da6d-4920-afb4-a44ed05c7355,ЦДНТА-(Р-107-3-36-5-1724+++Р-107-3-36-5-1724+++Р-107-3-36-5-1724),Р-107-3-36-5-1724,Р107,3-36,5,1724,opys-explicit
e7d9ea04-2edb-416f-b2e2-04765bd6229d,ЦДНТА-(Р-107-3-36-5-1735+++Р-107-3-36-5-1735+++Р-107-3-36-5-1735),Р-107-3-36-5-1735,Р107,3-36,5,1735,opys-explicit
db415e99-ea27-4765-89ce-f38e984a0b68,ЦДНТА-(Р-107-3-36-5-1704+++Р-107-3-36-5-1704+++Р-107-3-36-5-1704),Р-107-3-36-5-1704,Р107,3-36,5,1704,opys-explicit
82e08dc9-e1fd-4f06-9388-73ea08c73036,ЦДНТА-(Р-107-3-36-5-1703+++Р-107-3-36-5-1703+++Р-107-3-36-5-1703),Р-107-3-36-5-1703,Р107,3-36,5,1703,opys-explicit
02fb19ac-9625-4f95-831b-978072e84a12,ЦДНТА-(Р-107-3-36-5-1720+++Р-107-3-36-5-1720+++Р-107-3-36-5-1720),Р-107-3-36-5-1720,Р107,3-36,5,1720,opys-explicit
4d10ec7a-a74d-4a52-b888-e86863a771e8,ЦДНТА-(Р-107-3-36-5-1767+++Р-107-3-36-5-1767+++Р-107-3-36-5-1767),Р-107-3-36-5-1767,Р107,3-36,5,1767,opys-explicit
faad0c65-c76e-4c2d-a1fc-1bb3bb5db6a6,ЦДНТА-(Р-107-3-36-5-1716+++Р-107-3-36-5-1716+++Р-107-3-36-5-1716),Р-107-3-36-5-1716,Р107,3-36,5,1716,opys-explicit
b0230280-6fe9-463f-8f6a-d294b8ef807b,ЦДНТА-(Р-107-3-36-5-1710+++Р-107-3-36-5-1710+++Р-107-3-36-5-1710),Р-107-3-36-5-1710,Р107,3-36,5,1710,opys-explicit
8910dfb8-8f47-4e09-a357-99e3a04b41e1,ЦДНТА-(Р-107-3-36-5-1737+++Р-107-3-36-5-1737+++Р-107-3-36-5-1737),Р-107-3-36-5-1737,Р107,3-36,5,1737,opys-explicit
a19f906d-f49f-47e3-8039-267aaffc6162,ЦДНТА-(Р-107-3-36-5-1762+++Р-107-3-36-5-1762+++Р-107-3-36-5-1762),Р-107-3-36-5-1762,Р107,3-36,5,1762,opys-explicit
6501ee8f-cd59-4472-b11d-0768ca2a16fe,ЦДНТА-(Р-107-3-36-5-1765+++Р-107-3-36-5-1765+++Р-107-3-36-5-1765),Р-107-3-36-5-1765,Р107,3-36,5,1765,opys-explicit
7984da5b-5ecc-4750-ac77-ffd48c3cd6a0,ЦДНТА-(Р-107-3-36-5-1743+++Р-107-3-36-5-1743+++Р-107-3-36-5-1743),Р-107-3-36-5-1743,Р107,3-36,5,1743,opys-explicit
b22bda85-f8e7-46b6-84a0-87dc875e5610,ЦДНТА-(Р-107-3-36-5-1752+++Р-107-3-36-5-1752+++Р-107-3-36-5-1752),Р-107-3-36-5-1752,Р107,3-36,5,1752,opys-explicit
c2849740-9769-4731-a9b5-e4cc6a7a1475,ЦДНТА-(Р-107-3-36-5-1725+++Р-107-3-36-5-1725+++Р-107-3-36-5-1725),Р-107-3-36-5-1725,Р107,3-36,5,1725,opys-explicit
17e9efbc-b5cf-4f96-b26d-950874f84195,ЦДНТА-(Р-107-3-36-5-1763+++Р-107-3-36-5-1763+++Р-107-3-36-5-1763),Р-107-3-36-5-1763,Р107,3-36,5,1763,opys-explicit
5025476d-6562-4a6c-a27d-798c29f005a1,ЦДНТА-(Р-107-3-36-5-1761+++Р-107-3-36-5-1761+++Р-107-3-36-5-1761),Р-107-3-36-5-1761,Р107,3-36,5,1761,opys-explicit
b7f352b2-d279-4638-86fe-7cf8af56f88d,ЦДНТА-(Р-107-3-36-5-1750+++Р-107-3-36-5-1750+++Р-107-3-36-5-1750),Р-107-3-36-5-1750,Р107,3-36,5,1750,opys-explicit
b9111163-26cf-4722-bf41-6b0207749e29,ЦДНТА-(Р-107-3-36-5-1741+++Р-107-3-36-5-1741+++Р-107-3-36-5-1741),Р-107-3-36-5-1741,Р107,3-36,5,1741,opys-explicit
7615d731-291a-4ef5-8844-bd528457e8b5,ЦДНТА-(Р-107-3-36-5-1766+++Р-107-3-36-5-1766+++Р-107-3-36-5-1766),Р-107-3-36-5-1766,Р107,3-36,5,1766,opys-explicit
4b106d97-b7b7-4670-9736-b1fb04c66826,ЦДНТА-(Р-107-3-36-5-1769+++Р-107-3-36-5-1769+++Р-107-3-36-5-1769),Р-107-3-36-5-1769,Р107,3-36,5,1769,opys-explicit
d57f8a11-db4a-42a7-bae9-b3c7a8a0e772,ЦДНТА-(Р-107-3-36-5-1810+++Р-107-3-36-5-1810+++Р-107-3-36-5-1810),Р-107-3-36-5-1810,Р107,3-36,5,1810,opys-explicit
f3697b1f-7384-4dae-97c1-8f2b183f106b,ЦДНТА-(Р-107-3-36-5-1771+++Р-107-3-36-5-1771+++Р-107-3-36-5-1771),Р-107-3-36-5-1771,Р107,3-36,5,1771,opys-explicit
93da3aff-265b-4aab-8448-044941e51348,ЦДНТА-(Р-107-3-36-5-1785+++Р-107-3-36-5-1785+++Р-107-3-36-5-1785),Р-107-3-36-5-1785,Р107,3-36,5,1785,opys-explicit
710443d4-eb04-4150-b7a8-b5a6c64a9e08,ЦДНТА-(Р-107-3-36-5-1809+++Р-107-3-36-5-1809+++Р-107-3-36-5-1809),Р-107-3-36-5-1809,Р107,3-36,5,1809,opys-explicit
84c8e62b-8252-484b-9f45-916f2ad0d525,ЦДНТА-(Р-107-3-36-5-1754+++Р-107-3-36-5-1754+++Р-107-3-36-5-1754),Р-107-3-36-5-1754,Р107,3-36,5,1754,opys-explicit
383f64f4-edc9-4270-b8e6-204cf10bc00a,ЦДНТА-(Р-107-3-36-5-1790+++Р-107-3-36-5-1790+++Р-107-3-36-5-1790),Р-107-3-36-5-1790,Р107,3-36,5,1790,opys-explicit
1fb753a2-2297-42c1-902b-a8aa34aa18cb,ЦДНТА-(Р-107-3-36-5-1828+++Р-107-3-36-5-1828+++Р-107-3-36-5-1828),Р-107-3-36-5-1828,Р107,3-36,5,1828,opys-explicit
5c7852c8-4947-4ba0-985b-f2a90ab21ae9,ЦДНТА-(Р-107-3-36-5-1794+++Р-107-3-36-5-1794+++Р-107-3-36-5-1794),Р-107-3-36-5-1794,Р107,3-36,5,1794,opys-explicit
8f6c2f91-c9c9-4396-ac56-496a6f98e5e0,ЦДНТА-(Р-107-3-36-5-1792+++Р-107-3-36-5-1792+++Р-107-3-36-5-1792),Р-107-3-36-5-1792,Р107,3-36,5,1792,opys-explicit
104ccf6e-2704-4093-91bb-04298db173f2,ЦДНТА-(Р-107-3-36-5-1833+++Р-107-3-36-5-1833+++Р-107-3-36-5-1833),Р-107-3-36-5-1833,Р107,3-36,5,1833,opys-explicit
3fdf6f22-5bf1-4e09-a081-c9635b33ca26,ЦДНТА-(Р-107-3-36-5-1825+++Р-107-3-36-5-1825+++Р-107-3-36-5-1825),Р-107-3-36-5-1825,Р107,3-36,5,1825,opys-explicit
9cfeffcb-3a50-4aa8-b12a-9c5cfdab5634,ЦДНТА-(Р-107-3-36-5-1789+++Р-107-3-36-5-1789+++Р-107-3-36-5-1789),Р-107-3-36-5-1789,Р107,3-36,5,1789,opys-explicit
d854941c-1772-4f1d-aa98-4533413c12a4,ЦДНТА-(Р-107-3-36-5-1813+++Р-107-3-36-5-1813+++Р-107-3-36-5-1813),Р-107-3-36-5-1813,Р107,3-36,5,1813,opys-explicit
c4090b64-7e2c-4294-a5d8-e81f568d7cb2,ЦДНТА-(Р-107-3-36-5-1811+++Р-107-3-36-5-1811+++Р-107-3-36-5-1811),Р-107-3-36-5-1811,Р107,3-36,5,1811,opys-explicit
4258825d-dafb-47a3-83f2-172dc22f4273,ЦДНТА-(Р-107-3-36-5-1805+++Р-107-3-36-5-1805+++Р-107-3-36-5-1805),Р-107-3-36-5-1805,Р107,3-36,5,1805,opys-explicit
238d96f2-c53d-49dd-8377-05014f90d283,ЦДНТА-(Р-107-3-36-5-1804+++Р-107-3-36-5-1804+++Р-107-3-36-5-1804),Р-107-3-36-5-1804,Р107,3-36,5,1804,opys-explicit
907d7156-4e03-4641-bc0c-b0a6d869ce94,ЦДНТА-(Р-107-3-36-5-1844+++Р-107-3-36-5-1844+++Р-107-3-36-5-1844),Р-107-3-36-5-1844,Р107,3-36,5,1844,opys-explicit
1aaa54a9-d917-4760-a1e4-46cace353e6b,ЦДНТА-(Р-107-3-36-5-1791+++Р-107-3-36-5-1791+++Р-107-3-36-5-1791),Р-107-3-36-5-1791,Р107,3-36,5,1791,opys-explicit
ce887e71-7c16-4eb8-9714-a767289819db,ЦДНТА-(Р-107-3-36-5-1847+++Р-107-3-36-5-1847+++Р-107-3-36-5-1847),Р-107-3-36-5-1847,Р107,3-36,5,1847,opys-explicit
e38c9f7e-affc-4e1e-bf69-5d39a487dffd,ЦДНТА-(Р-107-3-36-5-1851+++Р-107-3-36-5-1851+++Р-107-3-36-5-1851),Р-107-3-36-5-1851,Р107,3-36,5,1851,opys-explicit
4b69b0c0-9899-4795-97a8-bfbd369552cb,ЦДНТА-(Р-107-3-36-5-1798+++Р-107-3-36-5-1798+++Р-107-3-36-5-1798),Р-107-3-36-5-1798,Р107,3-36,5,1798,opys-explicit
b0d13f96-2159-44ed-8651-e7134e4f7600,ЦДНТА-(Р-107-3-36-5-1838+++Р-107-3-36-5-1838+++Р-107-3-36-5-1838),Р-107-3-36-5-1838,Р107,3-36,5,1838,opys-explicit
35d3ef58-0661-4765-a0e8-31734d9b8813,ЦДНТА-(Р-107-3-36-5-1836+++Р-107-3-36-5-1836+++Р-107-3-36-5-1836),Р-107-3-36-5-1836,Р107,3-36,5,1836,opys-explicit
3d006b22-c88c-416f-9fa9-5901804c7228,ЦДНТА-(Р-107-3-36-5-1795+++Р-107-3-36-5-1795+++Р-107-3-36-5-1795),Р-107-3-36-5-1795,Р107,3-36,5,1795,opys-explicit
9ee245bf-4a49-4ec4-926d-a027ecf14623,ЦДНТА-(Р-107-3-36-5-1793+++Р-107-3-36-5-1793+++Р-107-3-36-5-1793),Р-107-3-36-5-1793,Р107,3-36,5,1793,opys-explicit
bb8b1c8f-e9b0-4030-8134-7d057acaad3c,ЦДНТА-(Р-107-3-36-5-1806+++Р-107-3-36-5-1806+++Р-107-3-36-5-1806),Р-107-3-36-5-1806,Р107,3-36,5,1806,opys-explicit
b098dd20-89cb-41ee-a229-c281dd623542,ЦДНТА-(Р-107-3-36-5-1830+++Р-107-3-36-5-1830+++Р-107-3-36-5-1830),Р-107-3-36-5-1830,Р107,3-36,5,1830,opys-explicit
0d99ff42-abaa-4142-8c1e-ae00c373a475,ЦДНТА-(Р-107-3-36-5-1863+++Р-107-3-36-5-1863+++Р-107-3-36-5-1863),Р-107-3-36-5-1863,Р107,3-36,5,1863,opys-explicit
6e7b4793-71b8-42c6-9f3a-9e4962a5ad32,ЦДНТА-(Р-107-3-36-6-1877+++Р-107-3-36-6-1877+++Р-107-3-36-6-1877),Р-107-3-36-6-1877,Р107,3-36,6,1877,opys-explicit
fc201a3f-49d4-41dd-aa40-7b344501200a,ЦДНТА-(Р-107-3-36-5-1822+++Р-107-3-36-5-1822+++Р-107-3-36-5-1822),Р-107-3-36-5-1822,Р107,3-36,5,1822,opys-explicit
020cf700-481e-4c6d-9fc1-f2e63e8204a0,ЦДНТА-(Р-107-3-36-5-1858+++Р-107-3-36-5-1858+++Р-107-3-36-5-1858),Р-107-3-36-5-1858,Р107,3-36,5,1858,opys-explicit
f4ec71c1-806d-4a46-a069-8e9cd88246bb,ЦДНТА-(Р-107-3-36-5-1860+++Р-107-3-36-5-1860+++Р-107-3-36-5-1860),Р-107-3-36-5-1860,Р107,3-36,5,1860,opys-explicit
bf09f580-58f0-4614-b770-e76f036cbc38,ЦДНТА-(Р-107-3-36-5-1834+++Р-107-3-36-5-1834+++Р-107-3-36-5-1834),Р-107-3-36-5-1834,Р107,3-36,5,1834,opys-explicit
8ec8c873-d933-40fe-8782-1ade3782ed5a,ЦДНТА-(Р-107-3-36-6-1890+++Р-107-3-36-6-1890+++Р-107-3-36-6-1890),Р-107-3-36-6-1890,Р107,3-36,6,1890,opys-explicit
5cb1c399-36d2-420e-a1b8-ee203da954ea,ЦДНТА-(Р-107-3-36-6-1900+++Р-107-3-36-6-1900+++Р-107-3-36-6-1900),Р-107-3-36-6-1900,Р107,3-36,6,1900,opys-explicit
c55092af-82dd-4d28-8b58-e10fa9ee8c89,ЦДНТА-(Р-107-3-36-5-1832+++Р-107-3-36-5-1832+++Р-107-3-36-5-1832),Р-107-3-36-5-1832,Р107,3-36,5,1832,opys-explicit
68d3fa57-5031-4414-af91-36b12436adec,ЦДНТА-(Р-107-3-36-5-1820+++Р-107-3-36-5-1820+++Р-107-3-36-5-1820),Р-107-3-36-5-1820,Р107,3-36,5,1820,opys-explicit
ded590a4-a805-4a7b-9476-e9f27203a965,ЦДНТА-(Р-107-3-36-5-1823+++Р-107-3-36-5-1823+++Р-107-3-36-5-1823),Р-107-3-36-5-1823,Р107,3-36,5,1823,opys-explicit
1c2420f6-4581-4c51-a63c-d58471d053aa,ЦДНТА-(Р-107-3-36-5-1853+++Р-107-3-36-5-1853+++Р-107-3-36-5-1853),Р-107-3-36-5-1853,Р107,3-36,5,1853,opys-explicit
4c5be82d-a22a-44f0-993d-7008c85d7c62,ЦДНТА-(Р-107-3-36-5-1849+++Р-107-3-36-5-1849+++Р-107-3-36-5-1849),Р-107-3-36-5-1849,Р107,3-36,5,1849,opys-explicit
611e890b-7432-4bc7-94bb-062f18b7150c,ЦДНТА-(Р-107-3-36-6-1902+++Р-107-3-36-6-1902+++Р-107-3-36-6-1902),Р-107-3-36-6-1902,Р107,3-36,6,1902,opys-explicit
471defcf-71a1-4781-9acb-555ceaca48cd,ЦДНТА-(Р-107-3-36-6-1921+++Р-107-3-36-6-1921+++Р-107-3-36-6-1921),Р-107-3-36-6-1921,Р107,3-36,6,1921,opys-explicit
508fe6ea-9fb5-415b-be49-adec474afabb,ЦДНТА-(Р-107-3-36-6-1931+++Р-107-3-36-6-1931+++Р-107-3-36-6-1931),Р-107-3-36-6-1931,Р107,3-36,6,1931,opys-explicit
5075a16d-a86d-4561-9154-2fa2dd738acd,ЦДНТА-(Р-107-3-36-5-1846+++Р-107-3-36-5-1846+++Р-107-3-36-5-1846),Р-107-3-36-5-1846,Р107,3-36,5,1846,opys-explicit
0da865d8-04c9-450a-a90a-434b21f47fc5,ЦДНТА-(Р-107-3-36-6-1911+++Р-107-3-36-6-1911+++Р-107-3-36-6-1911),Р-107-3-36-6-1911,Р107,3-36,6,1911,opys-explicit
f002ccfc-26bd-420f-bd48-100e5fad8588,ЦДНТА-(Р-107-3-36-5-1854+++Р-107-3-36-5-1854+++Р-107-3-36-5-1854),Р-107-3-36-5-1854,Р107,3-36,5,1854,opys-explicit
246e94cd-418e-4d02-a4df-d275364e04c2,ЦДНТА-(Р-107-3-36-6-1927+++Р-107-3-36-6-1927+++Р-107-3-36-6-1927),Р-107-3-36-6-1927,Р107,3-36,6,1927,opys-explicit
7580b391-97d9-4f08-aeca-a8a0e878cd94,ЦДНТА-(Р-107-3-36-6-1929+++Р-107-3-36-6-1929+++Р-107-3-36-6-1929),Р-107-3-36-6-1929,Р107,3-36,6,1929,opys-explicit
ccf0f35f-26e7-49ff-a379-fec716615c2d,ЦДНТА-(Р-107-3-36-5-1875+++Р-107-3-36-5-1875+++Р-107-3-36-5-1875),Р-107-3-36-5-1875,Р107,3-36,5,1875,opys-explicit
ec96403c-e597-4a81-b2ff-e70f0be3a2e8,ЦДНТА-(Р-107-3-36-5-1868+++Р-107-3-36-5-1868+++Р-107-3-36-5-1868),Р-107-3-36-5-1868,Р107,3-36,5,1868,opys-explicit
a1491e2e-3ef4-4e92-8ed2-5ca49e2561ca,ЦДНТА-(Р-107-3-36-6-1942+++Р-107-3-36-6-1942+++Р-107-3-36-6-1942),Р-107-3-36-6-1942,Р107,3-36,6,1942,opys-explicit
d03ebd77-bdd4-4d56-9dcb-9e6b247a4066,ЦДНТА-(Р-107-3-36-5-1876+++Р-107-3-36-5-1876+++Р-107-3-36-5-1876),Р-107-3-36-5-1876,Р107,3-36,5,1876,opys-explicit+outofrange
55a14e2c-37dc-4ace-94ae-c65981dd6e07,ЦДНТА-(Р-107-3-36-6-1933+++Р-107-3-36-6-1933+++Р-107-3-36-6-1933),Р-107-3-36-6-1933,Р107,3-36,6,1933,opys-explicit
f428d353-8334-4689-92b0-e90f55390495,ЦДНТА-(Р-107-3-36-5-1873+++Р-107-3-36-5-1873+++Р-107-3-36-5-1873),Р-107-3-36-5-1873,Р107,3-36,5,1873,opys-explicit
34c1d37b-56d0-4253-a7c6-671d668c56cd,ЦДНТА-(Р-107-3-36-6-1935+++Р-107-3-36-6-1935+++Р-107-3-36-6-1935),Р-107-3-36-6-1935,Р107,3-36,6,1935,opys-explicit
ac178b2b-b0d7-42d3-a154-53e7eb5c5660,ЦДНТА-(Р-107-3-36-5-1859+++Р-107-3-36-5-1859+++Р-107-3-36-5-1859),Р-107-3-36-5-1859,Р107,3-36,5,1859,opys-explicit
8a3603d6-a049-41cf-b4c5-942c9fe99af3,ЦДНТА-(Р-107-3-36-5-1861+++Р-107-3-36-5-1861+++Р-107-3-36-5-1861),Р-107-3-36-5-1861,Р107,3-36,5,1861,opys-explicit
3a82ed77-cd2f-42ee-b2a5-55548bb1c79d,ЦДНТА-(Р-107-3-36-5-1867+++Р-107-3-36-5-1867+++Р-107-3-36-5-1867),Р-107-3-36-5-1867,Р107,3-36,5,1867,opys-explicit
c93cffc8-4806-449c-be9b-818ebc555c8f,ЦДНТА-(Р-107-3-36-6-1930+++Р-107-3-36-6-1930+++Р-107-3-36-6-1930),Р-107-3-36-6-1930,Р107,3-36,6,1930,opys-explicit
d6a0a933-9092-489a-8cd8-d32bd761638c,ЦДНТА-(Р-107-3-36-5-1869+++Р-107-3-36-5-1869+++Р-107-3-36-5-1869),Р-107-3-36-5-1869,Р107,3-36,5,1869,opys-explicit
3eee4987-d4fc-4b73-9263-2566a469011e,ЦДНТА-(Р-107-3-36-6-1957+++Р-107-3-36-6-1957+++Р-107-3-36-6-1957),Р-107-3-36-6-1957,Р107,3-36,6,1957,opys-explicit
21ed8a2e-9ce4-4d2b-a83b-36c6cff0e057,ЦДНТА-(Р-107-3-36-5-1874+++Р-107-3-36-5-1874+++Р-107-3-36-5-1874),Р-107-3-36-5-1874,Р107,3-36,5,1874,opys-explicit
f9c3bd5d-27f5-4bb3-b461-0b9e4f1bfbc5,ЦДНТА-(Р-107-3-36-6-1883+++Р-107-3-36-6-1883+++Р-107-3-36-6-1883),Р-107-3-36-6-1883,Р107,3-36,6,1883,opys-explicit
c7901710-68bc-4f0e-b607-cd4b061d25de,ЦДНТА-(Р-107-3-36-6-1886+++Р-107-3-36-6-1886+++Р-107-3-36-6-1886),Р-107-3-36-6-1886,Р107,3-36,6,1886,opys-explicit
011934fa-968b-4698-8d77-26e20b9358cc,ЦДНТА-(Р-107-3-36-6-1879+++Р-107-3-36-6-1879+++Р-107-3-36-6-1879),Р-107-3-36-6-1879,Р107,3-36,6,1879,opys-explicit
12bd40e8-e72b-493f-80a2-30472b5713c8,ЦДНТА-(Р-107-3-36-6-1899+++Р-107-3-36-6-1899+++Р-107-3-36-6-1899),Р-107-3-36-6-1899,Р107,3-36,6,1899,opys-explicit
e85fabbc-9417-4dda-9ad0-6def0e4362b9,ЦДНТА-(Р-107-3-36-6-1950+++Р-107-3-36-6-1950+++Р-107-3-36-6-1950),Р-107-3-36-6-1950,Р107,3-36,6,1950,opys-explicit
be8f3200-fd36-472a-92ea-9e48d921cd7b,ЦДНТА-(Р-107-3-36-6-1892+++Р-107-3-36-6-1892+++Р-107-3-36-6-1892),Р-107-3-36-6-1892,Р107,3-36,6,1892,opys-explicit
7fee38e4-8647-41b4-9d5b-d12c8407c51e,ЦДНТА-(Р-107-3-36-6-1882+++Р-107-3-36-6-1882+++Р-107-3-36-6-1882),Р-107-3-36-6-1882,Р107,3-36,6,1882,opys-explicit
2740fc1b-33f3-4439-8890-aa00aef9dbaf,ЦДНТА-(Р-107-3-36-6-1891+++Р-107-3-36-6-1891+++Р-107-3-36-6-1891),Р-107-3-36-6-1891,Р107,3-36,6,1891,opys-explicit
46d5e057-5811-40db-ba56-7ea84ca71054,ЦДНТА-(Р-107-3-36-6-1946+++Р-107-3-36-6-1946+++Р-107-3-36-6-1946),Р-107-3-36-6-1946,Р107,3-36,6,1946,opys-explicit
70dd6327-80d9-4319-9502-30b3457d34af,ЦДНТА-(Р-107-3-36-6-1893+++Р-107-3-36-6-1893+++Р-107-3-36-6-1893),Р-107-3-36-6-1893,Р107,3-36,6,1893,opys-explicit
fc42f90f-1537-4010-a505-aa06b40a47ac,ЦДНТА-(Р-107-3-36-6-1969+++Р-107-3-36-6-1969+++Р-107-3-36-6-1969),Р-107-3-36-6-1969,Р107,3-36,6,1969,opys-explicit
144c3df4-9afe-488f-82c1-7e04c155b136,ЦДНТА-(Р-107-3-36-6-1909+++Р-107-3-36-6-1909+++Р-107-3-36-6-1909),Р-107-3-36-6-1909,Р107,3-36,6,1909,opys-explicit
c5a3b8b0-33d6-4aac-8c35-34aa6a60161e,ЦДНТА-(Р-107-3-36-6-1984+++Р-107-3-36-6-1984+++Р-107-3-36-6-1984),Р-107-3-36-6-1984,Р107,3-36,6,1984,opys-explicit
67462ba0-09ac-4d61-9914-cd39e1f87223,ЦДНТА-(Р-107-3-36-6-1905+++Р-107-3-36-6-1905+++Р-107-3-36-6-1905),Р-107-3-36-6-1905,Р107,3-36,6,1905,opys-explicit
b374dede-61c9-4a75-8a6a-c7b5f612dc23,ЦДНТА-(Р-107-3-36-6-2002+++Р-107-3-36-6-2002+++Р-107-3-36-6-2002),Р-107-3-36-6-2002,Р107,3-36,6,2002,opys-explicit
bebe2f18-163d-42d8-9e0b-b510bd5ae458,ЦДНТА-(Р-107-3-36-6-1952+++Р-107-3-36-6-1952+++Р-107-3-36-6-1952),Р-107-3-36-6-1952,Р107,3-36,6,1952,opys-explicit
d1bdf3db-cd4f-4d04-92a3-f011b4692eb8,ЦДНТА-(Р-107-3-36-6-1906+++Р-107-3-36-6-1906+++Р-107-3-36-6-1906),Р-107-3-36-6-1906,Р107,3-36,6,1906,opys-explicit
b27bcda3-1472-41ad-87c9-2f13f1d2f22d,ЦДНТА-(Р-107-3-36-6-1971+++Р-107-3-36-6-1971+++Р-107-3-36-6-1971),Р-107-3-36-6-1971,Р107,3-36,6,1971,opys-explicit
c5f6c035-7ce2-4751-b5d9-869b20d95846,ЦДНТА-(Р-107-3-36-6-1907+++Р-107-3-36-6-1907+++Р-107-3-36-6-1907),Р-107-3-36-6-1907,Р107,3-36,6,1907,opys-explicit
afb629f7-67f2-4a73-890f-030f3c54315e,ЦДНТА-(Р-107-3-36-6-1987+++Р-107-3-36-6-1987+++Р-107-3-36-6-1987),Р-107-3-36-6-1987,Р107,3-36,6,1987,opys-explicit
88d628dc-6b45-41e3-96c4-b67b3e3bf3f1,ЦДНТА-(Р-107-3-36-6-1910+++Р-107-3-36-6-1910+++Р-107-3-36-6-1910),Р-107-3-36-6-1910,Р107,3-36,6,1910,opys-explicit
ee1383a8-7561-45b9-9207-9debda83e4cc,ЦДНТА-(Р-107-3-36-6-1995+++Р-107-3-36-6-1995+++Р-107-3-36-6-1995),Р-107-3-36-6-1995,Р107,3-36,6,1995,opys-explicit
45530814-b35a-481d-b1c7-cf395295c939,ЦДНТА-(Р-107-3-36-6-1938+++Р-107-3-36-6-1938+++Р-107-3-36-6-1938),Р-107-3-36-6-1938,Р107,3-36,6,1938,opys-explicit
aba43e8c-507b-4168-b058-8eec1a15acab,ЦДНТА-(Р-107-3-36-6-1944+++Р-107-3-36-6-1944+++Р-107-3-36-6-1944),Р-107-3-36-6-1944,Р107,3-36,6,1944,opys-explicit
d35b2084-11e8-4a6d-a965-ed40f4341c78,ЦДНТА-(Р-107-3-36-6-1923+++Р-107-3-36-6-1923+++Р-107-3-36-6-1923),Р-107-3-36-6-1923,Р107,3-36,6,1923,opys-explicit
15851e5d-17f7-44a5-a6a2-d1435dac3f28,ЦДНТА-(Р-107-3-36-6-1926+++Р-107-3-36-6-1926+++Р-107-3-36-6-1926),Р-107-3-36-6-1926,Р107,3-36,6,1926,opys-explicit
6a66c23a-086c-4e08-81bb-f23d0414409e,ЦДНТА-(Р-107-3-36-6-2013+++Р-107-3-36-6-2013+++Р-107-3-36-6-2013),Р-107-3-36-6-2013,Р107,3-36,6,2013,opys-explicit
3c4ce2ec-8b5d-4111-8e3c-306ef928b59b,ЦДНТА-(Р-107-3-36-6-1943+++Р-107-3-36-6-1943+++Р-107-3-36-6-1943),Р-107-3-36-6-1943,Р107,3-36,6,1943,opys-explicit
d5864ac1-3f68-4404-9d96-30219476966c,ЦДНТА-(Р-107-3-36-6-1939+++Р-107-3-36-6-1939+++Р-107-3-36-6-1939),Р-107-3-36-6-1939,Р107,3-36,6,1939,opys-explicit
e2ba07fd-3c75-4ad0-8e35-2841df0779a6,ЦДНТА-(Р-107-3-36-6-2021+++Р-107-3-36-6-2021+++Р-107-3-36-6-2021),Р-107-3-36-6-2021,Р107,3-36,6,2021,opys-explicit
9a7c20e9-b470-4273-a653-de0a2f23aafd,ЦДНТА-(Р-107-3-36-6-1932+++Р-107-3-36-6-1932+++Р-107-3-36-6-1932),Р-107-3-36-6-1932,Р107,3-36,6,1932,opys-explicit
1b2ce305-545a-4214-9450-0257297d5225,ЦДНТА-(Р-107-3-36-6-2015+++Р-107-3-36-6-2015+++Р-107-3-36-6-2015),Р-107-3-36-6-2015,Р107,3-36,6,2015,opys-explicit
da27ccc5-a93b-48e6-b155-96cea99e91d5,ЦДНТА-(Р-107-3-36-6-1955+++Р-107-3-36-6-1955+++Р-107-3-36-6-1955),Р-107-3-36-6-1955,Р107,3-36,6,1955,opys-explicit
52e4ab83-882e-4072-9412-898eb4a83214,ЦДНТА-(Р-107-3-36-6-2025+++Р-107-3-36-6-2025+++Р-107-3-36-6-2025),Р-107-3-36-6-2025,Р107,3-36,6,2025,opys-explicit
8f79484a-3a9d-42e7-84e4-f03d266c682a,ЦДНТА-(Р-107-3-36-6-2023+++Р-107-3-36-6-2023+++Р-107-3-36-6-2023),Р-107-3-36-6-2023,Р107,3-36,6,2023,opys-explicit
cb84f797-4f4b-458f-a470-f318fa1d320f,ЦДНТА-(Р-107-3-36-6-1965+++Р-107-3-36-6-1965+++Р-107-3-36-6-1965),Р-107-3-36-6-1965,Р107,3-36,6,1965,opys-explicit
d95f2ced-faf9-4e50-8e2a-012e07412583,ЦДНТА-(Р-107-3-36-6-1963+++Р-107-3-36-6-1963+++Р-107-3-36-6-1963),Р-107-3-36-6-1963,Р107,3-36,6,1963,opys-explicit
577d6c34-7aba-49c4-849a-57284ab28cf3,ЦДНТА-(Р-107-3-36-6-1954+++Р-107-3-36-6-1954+++Р-107-3-36-6-1954),Р-107-3-36-6-1954,Р107,3-36,6,1954,opys-explicit
0caa8de2-f842-4ecb-864c-8ce5228f77ed,ЦДНТА-(Р-107-3-36-6-2048+++Р-107-3-36-6-2048+++Р-107-3-36-6-2048),Р-107-3-36-6-2048,Р107,3-36,6,2048,opys-explicit
88c7e7ac-87cb-447a-8b1b-581b98852bfc,ЦДНТА-(Р-107-3-36-6-1961+++Р-107-3-36-6-1961+++Р-107-3-36-6-1961),Р-107-3-36-6-1961,Р107,3-36,6,1961,opys-explicit
526ad939-cb89-463d-928d-551350c31781,ЦДНТА-(Р-107-3-36-6-2041+++Р-107-3-36-6-2041+++Р-107-3-36-6-2041),Р-107-3-36-6-2041,Р107,3-36,6,2041,opys-explicit
35c1dd4e-f0f2-4f24-a803-5770866eac8b,ЦДНТА-(Р-107-3-36-6-2044+++Р-107-3-36-6-2044+++Р-107-3-36-6-2044),Р-107-3-36-6-2044,Р107,3-36,6,2044,opys-explicit
28df2a2c-d6f1-4bdc-8810-9578182d8246,ЦДНТА-(Р-107-3-36-6-2033+++Р-107-3-36-6-2033+++Р-107-3-36-6-2033),Р-107-3-36-6-2033,Р107,3-36,6,2033,opys-explicit
ad9c9189-963d-4c49-befa-fb49df08146a,ЦДНТА-(Р-107-3-36-6-1982+++Р-107-3-36-6-1982+++Р-107-3-36-6-1982),Р-107-3-36-6-1982,Р107,3-36,6,1982,opys-explicit
2a4c8731-8af9-4f15-8e47-e714ca3f3edb,ЦДНТА-(Р-107-3-36-6-2050+++Р-107-3-36-6-2050+++Р-107-3-36-6-2050),Р-107-3-36-6-2050,Р107,3-36,6,2050,opys-explicit
b262b6b4-6622-41b2-ac62-31c1852ea17b,ЦДНТА-(Р-107-3-36-6-1983+++Р-107-3-36-6-1983+++Р-107-3-36-6-1983),Р-107-3-36-6-1983,Р107,3-36,6,1983,opys-explicit
70c81e7f-0e92-4ac5-a2b6-1e73caa53c33,ЦДНТА-(Р-107-3-36-6-1967+++Р-107-3-36-6-1967+++Р-107-3-36-6-1967),Р-107-3-36-6-1967,Р107,3-36,6,1967,opys-explicit
1aa27469-3c36-4bdf-b83f-7a4638634ff5,ЦДНТА-(Р-107-3-36-6-2047+++Р-107-3-36-6-2047+++Р-107-3-36-6-2047),Р-107-3-36-6-2047,Р107,3-36,6,2047,opys-explicit
00bcd8f4-5373-4670-968a-7df2ff5430e8,ЦДНТА-(Р-107-3-36-6-2066+++Р-107-3-36-6-2066+++Р-107-3-36-6-2066),Р-107-3-36-6-2066,Р107,3-36,6,2066,opys-explicit
3f8bbb82-66a1-4b4f-b32d-b8da48021864,ЦДНТА-(Р-107-3-36-6-2063+++Р-107-3-36-6-2063+++Р-107-3-36-6-2063),Р-107-3-36-6-2063,Р107,3-36,6,2063,opys-explicit
45165090-d893-4ef0-81eb-a00fa9e2f4d2,ЦДНТА-(Р-107-3-36-6-2010+++Р-107-3-36-6-2010+++Р-107-3-36-6-2010),Р-107-3-36-6-2010,Р107,3-36,6,2010,opys-explicit
a68e2738-ff27-4c95-b18e-049a1dd945fe,ЦДНТА-(Р-107-3-36-6-2055+++Р-107-3-36-6-2055+++Р-107-3-36-6-2055),Р-107-3-36-6-2055,Р107,3-36,6,2055,opys-explicit
c0776d6f-828b-4090-ae05-a68bd79b4b7c,ЦДНТА-(Р-107-3-36-6-1999+++Р-107-3-36-6-1999+++Р-107-3-36-6-1999),Р-107-3-36-6-1999,Р107,3-36,6,1999,opys-explicit
c0e173d5-4dbc-4f04-b13e-992f952aaf9b,ЦДНТА-(Р-107-3-36-6-2074+++Р-107-3-36-6-2074+++Р-107-3-36-6-2074),Р-107-3-36-6-2074,Р107,3-36,6,2074,opys-explicit
a6084a4c-3dfc-4bfd-92cd-99503dc7bb03,ЦДНТА-(Р-107-3-36-6-2004+++Р-107-3-36-6-2004+++Р-107-3-36-6-2004),Р-107-3-36-6-2004,Р107,3-36,6,2004,opys-explicit
61786e3f-ade7-4b06-a9af-fcd377a6ee3b,ЦДНТА-(Р-107-3-36-6-1990+++Р-107-3-36-6-1990+++Р-107-3-36-6-1990),Р-107-3-36-6-1990,Р107,3-36,6,1990,opys-explicit
3859ffe2-0baf-451b-ac15-8b29e619ba0a,ЦДНТА-(Р-107-3-36-6-2031+++Р-107-3-36-6-2031+++Р-107-3-36-6-2031),Р-107-3-36-6-2031,Р107,3-36,6,2031,opys-explicit
5dfc1bd0-1b66-4dfe-9464-2d107d20957f,ЦДНТА-(Р-107-3-36-6-2027+++Р-107-3-36-6-2027+++Р-107-3-36-6-2027),Р-107-3-36-6-2027,Р107,3-36,6,2027,opys-explicit
b6e74eb9-6adc-4a8a-8364-d13bc57d1552,ЦДНТА-(Р-107-3-36-6-2026+++Р-107-3-36-6-2026+++Р-107-3-36-6-2026),Р-107-3-36-6-2026,Р107,3-36,6,2026,opys-explicit
c40409d8-a4d6-4b1f-ad5d-b60d1bbc33c3,ЦДНТА-(Р-107-3-36-6-2049+++Р-107-3-36-6-2049+++Р-107-3-36-6-2049),Р-107-3-36-6-2049,Р107,3-36,6,2049,opys-explicit
c01027fa-7761-4f28-915d-6c555e6cdf65,ЦДНТА-(Р-107-3-36-6-2071+++Р-107-3-36-6-2071+++Р-107-3-36-6-2071),Р-107-3-36-6-2071,Р107,3-36,6,2071,opys-explicit
0e046d4e-8a1a-4b06-9b0c-12d030b7d4d3,ЦДНТА-(Р-107-3-36-6-2068+++Р-107-3-36-6-2068+++Р-107-3-36-6-2068),Р-107-3-36-6-2068,Р107,3-36,6,2068,opys-explicit
53ad3395-7cf2-47f2-b2a1-46a301cae51c,ЦДНТА-(Р-107-3-36-6-2057+++Р-107-3-36-6-2057+++Р-107-3-36-6-2057),Р-107-3-36-6-2057,Р107,3-36,6,2057,opys-explicit
be8b35b0-a304-4a87-94b5-5c69ca3d248b,ЦДНТА-(Р-107-3-36-6-2038+++Р-107-3-36-6-2038+++Р-107-3-36-6-2038),Р-107-3-36-6-2038,Р107,3-36,6,2038,opys-explicit
ed558e4c-0dd8-4c71-b8b5-fd8b9db93f17,ЦДНТА-(Р-107-3-36-6-2079+++Р-107-3-36-6-2079+++Р-107-3-36-6-2079),Р-107-3-36-6-2079,Р107,3-36,6,2079,opys-explicit
3b5c50fa-1157-4be4-a373-8fc98548234f,ЦДНТА-(Р-107-3-36-6-2067+++Р-107-3-36-6-2067+++Р-107-3-36-6-2067),Р-107-3-36-6-2067,Р107,3-36,6,2067,opys-explicit
38ac70b1-41f5-468f-9f9f-f8c0b6c5287d,ЦДНТА-(Р-107-3-36-6-2090+++Р-107-3-36-6-2090+++Р-107-3-36-6-2090),Р-107-3-36-6-2090,Р107,3-36,6,2090,opys-explicit
999282a2-352d-4680-bed3-bf11f6a80030,ЦДНТА-(Р-107-3-36-6-2056+++Р-107-3-36-6-2056+++Р-107-3-36-6-2056),Р-107-3-36-6-2056,Р107,3-36,6,2056,opys-explicit
b468f266-d4a5-4831-98f9-2c951f400965,ЦДНТА-(Р-107-3-36-6-2073+++Р-107-3-36-6-2073+++Р-107-3-36-6-2073),Р-107-3-36-6-2073,Р107,3-36,6,2073,opys-explicit
e36c816c-61c8-4de2-b61e-11850593a9d6,ЦДНТА-(Р-107-3-36-6-2078+++Р-107-3-36-6-2078+++Р-107-3-36-6-2078),Р-107-3-36-6-2078,Р107,3-36,6,2078,opys-explicit
da75f69f-1f31-48cb-afe6-9920deed3b53,ЦДНТА-(Р-107-3-36-6-2062+++Р-107-3-36-6-2062+++Р-107-3-36-6-2062),Р-107-3-36-6-2062,Р107,3-36,6,2062,opys-explicit
edb7e793-b479-42b8-973b-c21e13de339d,ЦДНТА-(Р-107-3-36-6-2096+++Р-107-3-36-6-2096+++Р-107-3-36-6-2096),Р-107-3-36-6-2096,Р107,3-36,6,2096,opys-explicit
53df0584-f62a-4b96-8645-283bb3afc8ff,ЦДНТА-(Р-107-3-36-6-2077+++Р-107-3-36-6-2077+++Р-107-3-36-6-2077),Р-107-3-36-6-2077,Р107,3-36,6,2077,opys-explicit
702a7ab0-d326-4021-8f2e-0c42a457c572,ЦДНТА-(Р-107-3-36-6-2093+++Р-107-3-36-6-2093+++Р-107-3-36-6-2093),Р-107-3-36-6-2093,Р107,3-36,6,2093,opys-explicit
2eec0987-1d1b-463b-89f1-f8ab360e3208,ЦДНТА-(Р-107-3-36-6-2116+++Р-107-3-36-6-2116+++Р-107-3-36-6-2116),Р-107-3-36-6-2116,Р107,3-36,6,2116,opys-explicit
82e440f1-7b8e-42c2-8082-b285f237f0fb,ЦДНТА-(Р-107-3-36-6-2130+++Р-107-3-36-6-2130+++Р-107-3-36-6-2130),Р-107-3-36-6-2130,Р107,3-36,6,2130,opys-explicit
7648fa30-c90b-421f-8f25-8c907653e189,ЦДНТА-(Р-107-3-36-6-2132+++Р-107-3-36-6-2132+++Р-107-3-36-6-2132),Р-107-3-36-6-2132,Р107,3-36,6,2132,opys-explicit
638041a6-2dea-4863-a275-422acdcc9d91,ЦДНТА-(Р-107-3-36-6-2131+++Р-107-3-36-6-2131+++Р-107-3-36-6-2131),Р-107-3-36-6-2131,Р107,3-36,6,2131,opys-explicit
99279bd8-b7e0-46b6-b2f6-bd91f4e8a209,ЦДНТА-(Р-107-3-36-6-2122+++Р-107-3-36-6-2122+++Р-107-3-36-6-2122),Р-107-3-36-6-2122,Р107,3-36,6,2122,opys-explicit
b2e7cdb8-5647-4692-85c3-72b698a74351,ЦДНТА-(Р-107-3-36-6-2121+++Р-107-3-36-6-2121+++Р-107-3-36-6-2121),Р-107-3-36-6-2121,Р107,3-36,6,2121,opys-explicit
2df929db-3df2-4fa1-b882-f0bae9ed43e0,ЦДНТА-(Р-107-3-36-6-2154+++Р-107-3-36-6-2154+++Р-107-3-36-6-2154),Р-107-3-36-6-2154,Р107,3-36,6,2154,opys-explicit
3405b3d4-696c-4173-9c83-d1cb67202d05,ЦДНТА-(Р-107-3-36-6-2164+++Р-107-3-36-6-2164+++Р-107-3-36-6-2164),Р-107-3-36-6-2164,Р107,3-36,6,2164,opys-explicit
504bb715-50f2-427a-b1c2-b457e60f385c,ЦДНТА-(Р-107-3-36-6-2148+++Р-107-3-36-6-2148+++Р-107-3-36-6-2148),Р-107-3-36-6-2148,Р107,3-36,6,2148,opys-explicit
94083886-9f93-4892-9115-54088b97f355,ЦДНТА-(Р-107-3-36-6-2143+++Р-107-3-36-6-2143+++Р-107-3-36-6-2143),Р-107-3-36-6-2143,Р107,3-36,6,2143,opys-explicit
26f8f56b-a127-4ed8-a3df-37a74ef6392f,ЦДНТА-(Р-107-3-36-6-2177+++Р-107-3-36-6-2177+++Р-107-3-36-6-2177),Р-107-3-36-6-2177,Р107,3-36,6,2177,opys-explicit
9e96a0b3-ed15-4385-afdc-d652d9308718,ЦДНТА-(Р-107-3-36-6-2171+++Р-107-3-36-6-2171+++Р-107-3-36-6-2171),Р-107-3-36-6-2171,Р107,3-36,6,2171,opys-explicit
f702d746-a8ce-4e3a-ba72-be815d67c7b2,ЦДНТА-(Р-107-3-36-6-2170+++Р-107-3-36-6-2170+++Р-107-3-36-6-2170),Р-107-3-36-6-2170,Р107,3-36,6,2170,opys-explicit
77e529b9-928c-4edc-baf4-e2e0679e24ef,ЦДНТА-(Р-107-3-36-6-2175+++Р-107-3-36-6-2175+++Р-107-3-36-6-2175),Р-107-3-36-6-2175,Р107,3-36,6,2175,opys-explicit
b585df55-3972-411f-9afa-77d064765eaf,ЦДНТА-(Р-107-3-36-6-2202+++Р-107-3-36-6-2202+++Р-107-3-36-6-2202),Р-107-3-36-6-2202,Р107,3-36,6,2202,opys-explicit
b426c745-375d-42fa-9cf1-cd6ee9b7b085,ЦДНТА-(Р-107-3-36-6-2200+++Р-107-3-36-6-2200+++Р-107-3-36-6-2200),Р-107-3-36-6-2200,Р107,3-36,6,2200,opys-explicit
faf422fb-b892-4355-9e64-d488b6580937,ЦДНТА-(Р-107-3-36-6-2192+++Р-107-3-36-6-2192+++Р-107-3-36-6-2192),Р-107-3-36-6-2192,Р107,3-36,6,2192,opys-explicit
43467d04-5099-4dff-a5a4-22c3f15dad85,ЦДНТА-(Р-107-3-36-6-2201+++Р-107-3-36-6-2201+++Р-107-3-36-6-2201),Р-107-3-36-6-2201,Р107,3-36,6,2201,opys-explicit
d2882c65-e1f5-482b-9fae-45c4dc469e9f,ЦДНТА-(Р-107-3-36-6-2198+++Р-107-3-36-6-2198+++Р-107-3-36-6-2198),Р-107-3-36-6-2198,Р107,3-36,6,2198,opys-explicit
2da43c8f-8ade-4acd-bfe4-71b2b663a2e1,ЦДНТА-(Р-107-3-36-6-2229+++Р-107-3-36-6-2229+++Р-107-3-36-6-2229),Р-107-3-36-6-2229,Р107,3-36,6,2229,opys-explicit
a9069e26-859a-4277-affb-ac6091ecffec,ЦДНТА-(Р-107-3-36-6-2222+++Р-107-3-36-6-2222+++Р-107-3-36-6-2222),Р-107-3-36-6-2222,Р107,3-36,6,2222,opys-explicit
1bcbb251-231f-4f85-b920-8d5bf299285d,ЦДНТА-(Р-107-3-36-6-2246+++Р-107-3-36-6-2246+++Р-107-3-36-6-2246),Р-107-3-36-6-2246,Р107,3-36,6,2246,opys-explicit
a0c585e9-fa56-464d-8f44-0113cd3ce97b,ЦДНТА-(Р-107-3-36-6-2233+++Р-107-3-36-6-2233+++Р-107-3-36-6-2233),Р-107-3-36-6-2233,Р107,3-36,6,2233,opys-explicit
a845aa87-156b-469a-8c34-e3581c999bd6,ЦДНТА-(Р-107-3-36-6-2271+++Р-107-3-36-6-2271+++Р-107-3-36-6-2271),Р-107-3-36-6-2271,Р107,3-36,6,2271,opys-explicit
ad9f61e8-6bcd-4ea1-a9a5-accc486e3922,ЦДНТА-(Р-107-3-36-6-2337+++Р-107-3-36-6-2337+++Р-107-3-36-6-2337),Р-107-3-36-6-2337,Р107,3-36,6,2337,opys-explicit
b28d85b3-a409-4d62-b90d-8ee0928de604,ЦДНТА-(Р-107-3-36-6-2334+++Р-107-3-36-6-2334+++Р-107-3-36-6-2334),Р-107-3-36-6-2334,Р107,3-36,6,2334,opys-explicit
d1a6eded-2b7b-43b2-bb32-19beea2343d8,ЦДНТА-(Р-107-3-36-6-2328+++Р-107-3-36-6-2328+++Р-107-3-36-6-2328),Р-107-3-36-6-2328,Р107,3-36,6,2328,opys-explicit
1ca10312-d7bc-480a-afde-508c529395fe,ЦДНТА-(Р-107-3-36-6-2320+++Р-107-3-36-6-2320+++Р-107-3-36-6-2320),Р-107-3-36-6-2320,Р107,3-36,6,2320,opys-explicit
21c44b0b-caae-406d-b5c3-69b76cba718b,ЦДНТА-(Р-107-3-36-6-2323+++Р-107-3-36-6-2323+++Р-107-3-36-6-2323),Р-107-3-36-6-2323,Р107,3-36,6,2323,opys-explicit
26cd8f26-69e0-4507-b77a-4381ec62367f,ЦДНТА-(Р-107-3-36-6-2361+++Р-107-3-36-6-2361+++Р-107-3-36-6-2361),Р-107-3-36-6-2361,Р107,3-36,6,2361,opys-explicit
57377d62-5c94-46a4-a5af-9c12fb25bd96,ЦДНТА-(Р-107-3-36-6-2348+++Р-107-3-36-6-2348+++Р-107-3-36-6-2348),Р-107-3-36-6-2348,Р107,3-36,6,2348,opys-explicit
faeb0e98-3da6-4f7b-973c-c06332210b3d,ЦДНТА-(Р-107-3-36-6-2345+++Р-107-3-36-6-2345+++Р-107-3-36-6-2345),Р-107-3-36-6-2345,Р107,3-36,6,2345,opys-explicit
3dc222ed-4793-4db3-bcdd-0e8c43c033e9,ЦДНТА-(Р-107-3-36-6-2350+++Р-107-3-36-6-2350+++Р-107-3-36-6-2350),Р-107-3-36-6-2350,Р107,3-36,6,2350,opys-explicit
448cf6a1-2602-4967-a081-968a4f2167d5,ЦДНТА-(Р-107-3-36-6-2390+++Р-107-3-36-6-2390+++Р-107-3-36-6-2390),Р-107-3-36-6-2390,Р107,3-36,6,2390,opys-explicit
e9144a97-e77f-44c9-951f-3773b9d8dd95,ЦДНТА-(Р-107-3-36-6-2385+++Р-107-3-36-6-2385+++Р-107-3-36-6-2385),Р-107-3-36-6-2385,Р107,3-36,6,2385,opys-explicit
4cbc444c-302b-4dd6-9b71-eed4fd0511fe,ЦДНТА-(Р-107-3-36-6-2402+++Р-107-3-36-6-2402+++Р-107-3-36-6-2402),Р-107-3-36-6-2402,Р107,3-36,6,2402,opys-explicit
7a9e6f96-c729-47d2-b19b-ebf7ce2f4002,ЦДНТА-(Р-107-3-36-6-2397+++Р-107-3-36-6-2397+++Р-107-3-36-6-2397),Р-107-3-36-6-2397,Р107,3-36,6,2397,opys-explicit
98aa60fb-275a-438d-b98d-0d66908ec22d,ЦДНТА-(Р-107-3-36-6-2388+++Р-107-3-36-6-2388+++Р-107-3-36-6-2388),Р-107-3-36-6-2388,Р107,3-36,6,2388,opys-explicit
bfd1b17f-5146-46c4-b9bf-15d9b9f7b1e0,ЦДНТА-(Р-107-3-36-6-2421+++Р-107-3-36-6-2421+++Р-107-3-36-6-2421),Р-107-3-36-6-2421,Р107,3-36,6,2421,opys-explicit
99d71eb2-1442-4c0c-a038-ddf372d942c9,ЦДНТА-(Р-107-3-36-6-2408+++Р-107-3-36-6-2408+++Р-107-3-36-6-2408),Р-107-3-36-6-2408,Р107,3-36,6,2408,opys-explicit
506e43f1-6d49-4002-b66d-4978247cf1ce,ЦДНТА-(Р-107-3-36-6-2432+++Р-107-3-36-6-2432+++Р-107-3-36-6-2432),Р-107-3-36-6-2432,Р107,3-36,6,2432,opys-explicit
888e907e-c3df-4790-a88c-723a2cbb3c0f,ЦДНТА-(Р-107-3-36-6-2448+++Р-107-3-36-6-2448+++Р-107-3-36-6-2448),Р-107-3-36-6-2448,Р107,3-36,6,2448,opys-explicit
6d03ca14-2572-4173-be5e-0e05bd658aee,ЦДНТА-(Р-107-3-36-6-2435+++Р-107-3-36-6-2435+++Р-107-3-36-6-2435),Р-107-3-36-6-2435,Р107,3-36,6,2435,opys-explicit
fa7e7907-5813-460f-a8a6-5d1918fa2448,ЦДНТА-(Р-107-3-36-7-2472+++Р-107-3-36-7-2472+++Р-107-3-36-7-2472),Р-107-3-36-7-2472,Р107,3-36,7,2472,opys-explicit
4be6bc19-8ac5-42e3-9370-106800f867c9,ЦДНТА-(Р-107-3-36-7-2460+++Р-107-3-36-7-2460+++Р-107-3-36-7-2460),Р-107-3-36-7-2460,Р107,3-36,7,2460,opys-explicit
e618f7fa-a420-4b6f-9628-8ebf40bf4d44,ЦДНТА-(Р-107-3-36-7-2455+++Р-107-3-36-7-2455+++Р-107-3-36-7-2455),Р-107-3-36-7-2455,Р107,3-36,7,2455,opys-explicit
9f6f9664-1706-4d42-b74f-e7801595c422,ЦДНТА-(Р-107-3-36-7-2478+++Р-107-3-36-7-2478+++Р-107-3-36-7-2478),Р-107-3-36-7-2478,Р107,3-36,7,2478,opys-explicit
1ad55ce2-4d50-4cd5-af1d-de5c092e6285,ЦДНТА-(Р-107-3-36-7-2511+++Р-107-3-36-7-2511+++Р-107-3-36-7-2511),Р-107-3-36-7-2511,Р107,3-36,7,2511,opys-explicit
2aba783a-463b-4f58-88e1-d2899200a929,ЦДНТА-(Р-107-3-36-7-2499+++Р-107-3-36-7-2499+++Р-107-3-36-7-2499),Р-107-3-36-7-2499,Р107,3-36,7,2499,opys-explicit
fb57eea3-b5a9-43d4-ba85-2595b9465006,ЦДНТА-(Р-107-3-36-7-2496+++Р-107-3-36-7-2496+++Р-107-3-36-7-2496),Р-107-3-36-7-2496,Р107,3-36,7,2496,opys-explicit
1dbe5030-9f8b-46c6-862b-4dee8deff712,ЦДНТА-(Р-107-3-36-7-2495+++Р-107-3-36-7-2495+++Р-107-3-36-7-2495),Р-107-3-36-7-2495,Р107,3-36,7,2495,opys-explicit
fe426182-e2c3-4453-9929-246d3059faff,ЦДНТА-(Р-107-3-36-7-2525+++Р-107-3-36-7-2525+++Р-107-3-36-7-2525),Р-107-3-36-7-2525,Р107,3-36,7,2525,opys-explicit
85e2bcca-07f6-44ec-8715-58650bd7f4bb,ЦДНТА-(Р-107-3-36-7-2558+++Р-107-3-36-7-2558+++Р-107-3-36-7-2558),Р-107-3-36-7-2558,Р107,3-36,7,2558,opys-explicit
5ac8b097-3261-43c2-9b59-2e8384cabdcf,ЦДНТА-(Р-107-3-36-7-2549+++Р-107-3-36-7-2549+++Р-107-3-36-7-2549),Р-107-3-36-7-2549,Р107,3-36,7,2549,opys-explicit
0884a98b-c1d5-4a76-b780-1fb92404a45a,ЦДНТА-(Р-107-3-36-7-2552+++Р-107-3-36-7-2552+++Р-107-3-36-7-2552),Р-107-3-36-7-2552,Р107,3-36,7,2552,opys-explicit
eb8b5ad0-a8b5-48dd-a700-223c71093287,ЦДНТА-(Р-107-3-36-7-2588+++Р-107-3-36-7-2588+++Р-107-3-36-7-2588),Р-107-3-36-7-2588,Р107,3-36,7,2588,opys-explicit
d29884b9-e5f1-4c27-a7ac-5fb04c8ab3bb,ЦДНТА-(Р-107-3-36-7-2669+++Р-107-3-36-7-2669+++Р-107-3-36-7-2669),Р-107-3-36-7-2669,Р107,3-36,7,2669,opys-explicit
24282548-9bc3-49d2-bb74-580e3b6044ba,ЦДНТА-(Р-107-3-36-7-2665+++Р-107-3-36-7-2665+++Р-107-3-36-7-2665),Р-107-3-36-7-2665,Р107,3-36,7,2665,opys-explicit
04789903-5b41-4d00-b37c-b2b0a2cb7580,ЦДНТА-(Р-107-3-36-7-2681+++Р-107-3-36-7-2681+++Р-107-3-36-7-2681),Р-107-3-36-7-2681,Р107,3-36,7,2681,opys-explicit
c23ea113-eb7f-413d-a15b-d0091e1c6154,ЦДНТА-(Р-107-3-36-7-2682+++Р-107-3-36-7-2682+++Р-107-3-36-7-2682),Р-107-3-36-7-2682,Р107,3-36,7,2682,opys-explicit
25fb6c0f-f15a-4ed1-9bb7-bfd04195ff02,ЦДНТА-(Р-107-3-36-7-2684+++Р-107-3-36-7-2684+++Р-107-3-36-7-2684),Р-107-3-36-7-2684,Р107,3-36,7,2684,opys-explicit
29b6c6b2-9b94-44ec-90ad-7b98bf479290,ЦДНТА-(Р-107-3-36-7-2688+++Р-107-3-36-7-2688+++Р-107-3-36-7-2688),Р-107-3-36-7-2688,Р107,3-36,7,2688,opys-explicit
2f3f2fc8-ab6f-4702-acda-de1ad8583c1b,ЦДНТА-(Р-107-3-36-6-2355+++Р-107-3-36-6-2355+++Р-107-3-36-6-2355),Р-107-3-36-6-2355,Р107,3-36,6,2355,opys-explicit
d2f703cc-872f-4b93-acb6-0dee685a067b,ЦДНТА-(Р-107-3-36-6-2358+++Р-107-3-36-6-2358+++Р-107-3-36-6-2358),Р-107-3-36-6-2358,Р107,3-36,6,2358,opys-explicit
6dfc2380-b2cc-469b-9dce-e1547b6ef462,ЦДНТА-(Р-107-3-36-6-2343+++Р-107-3-36-6-2343+++Р-107-3-36-6-2343),Р-107-3-36-6-2343,Р107,3-36,6,2343,opys-explicit
e371a465-af8a-489b-8ac9-634497b779a1,ЦДНТА-(Р-107-3-36-6-2342+++Р-107-3-36-6-2342+++Р-107-3-36-6-2342),Р-107-3-36-6-2342,Р107,3-36,6,2342,opys-explicit
e4897a2f-2388-4149-826b-f236bb137833,ЦДНТА-(Р-107-3-36-6-2354+++Р-107-3-36-6-2354+++Р-107-3-36-6-2354),Р-107-3-36-6-2354,Р107,3-36,6,2354,opys-explicit
56ab593e-bd72-458f-b0fa-d2d70c82e934,ЦДНТА-(Р-107-3-36-6-2341+++Р-107-3-36-6-2341+++Р-107-3-36-6-2341),Р-107-3-36-6-2341,Р107,3-36,6,2341,opys-explicit
92f5b820-2792-4513-854c-0376f382abd5,ЦДНТА-(Р-107-3-36-6-2349+++Р-107-3-36-6-2349+++Р-107-3-36-6-2349),Р-107-3-36-6-2349,Р107,3-36,6,2349,opys-explicit
4cc58cb6-c9cd-47a9-b38b-ccd155d4b7a5,ЦДНТА-(Р-107-3-36-6-2364+++Р-107-3-36-6-2364+++Р-107-3-36-6-2364),Р-107-3-36-6-2364,Р107,3-36,6,2364,opys-explicit
9ebee1b2-04e7-40f0-aeb8-d5049f0de45f,ЦДНТА-(Р-107-3-36-6-2373+++Р-107-3-36-6-2373+++Р-107-3-36-6-2373),Р-107-3-36-6-2373,Р107,3-36,6,2373,opys-explicit
8257b96c-c924-40f5-903f-1d8f3d1e4436,ЦДНТА-(Р-107-3-36-6-2395+++Р-107-3-36-6-2395+++Р-107-3-36-6-2395),Р-107-3-36-6-2395,Р107,3-36,6,2395,opys-explicit
690bbfe5-d768-4996-b9d6-c88dbdfd3e83,ЦДНТА-(Р-107-3-36-6-2367+++Р-107-3-36-6-2367+++Р-107-3-36-6-2367),Р-107-3-36-6-2367,Р107,3-36,6,2367,opys-explicit
968b9734-4092-4484-9efa-1e55f3304150,ЦДНТА-(Р-107-3-36-6-2386+++Р-107-3-36-6-2386+++Р-107-3-36-6-2386),Р-107-3-36-6-2386,Р107,3-36,6,2386,opys-explicit
daaa4c90-26f7-400d-b2c9-3e97b27f27fd,ЦДНТА-(Р-107-3-36-6-2391+++Р-107-3-36-6-2391+++Р-107-3-36-6-2391),Р-107-3-36-6-2391,Р107,3-36,6,2391,opys-explicit
55b6f97f-1a9a-4ae1-b13f-efb44a5533a7,ЦДНТА-(Р-107-3-36-6-2403+++Р-107-3-36-6-2403+++Р-107-3-36-6-2403),Р-107-3-36-6-2403,Р107,3-36,6,2403,opys-explicit
183f05a3-7c8b-4f88-a69e-83dfe4506f0c,ЦДНТА-(Р-107-3-36-6-2417+++Р-107-3-36-6-2417+++Р-107-3-36-6-2417),Р-107-3-36-6-2417,Р107,3-36,6,2417,opys-explicit
3fb8ed45-7d0e-4d53-a55c-b2cc1855310f,ЦДНТА-(Р-107-3-36-6-2426+++Р-107-3-36-6-2426+++Р-107-3-36-6-2426),Р-107-3-36-6-2426,Р107,3-36,6,2426,opys-explicit
33740f14-3728-4b3d-97f2-c9443decc178,ЦДНТА-(Р-107-3-36-6-2418+++Р-107-3-36-6-2418+++Р-107-3-36-6-2418),Р-107-3-36-6-2418,Р107,3-36,6,2418,opys-explicit
5fadc445-36ba-4516-b7f4-a394a700e193,ЦДНТА-(Р-107-3-36-6-2409+++Р-107-3-36-6-2409+++Р-107-3-36-6-2409),Р-107-3-36-6-2409,Р107,3-36,6,2409,opys-explicit
32b5c854-5f52-4889-a75c-78f95881ea24,ЦДНТА-(Р-107-3-36-6-2394+++Р-107-3-36-6-2394+++Р-107-3-36-6-2394),Р-107-3-36-6-2394,Р107,3-36,6,2394,opys-explicit
c7eb3d6a-f4e9-4a34-8c9e-f7ef1da6e6fe,ЦДНТА-(Р-107-3-36-6-2410+++Р-107-3-36-6-2410+++Р-107-3-36-6-2410),Р-107-3-36-6-2410,Р107,3-36,6,2410,opys-explicit
d7cecf0d-1704-44b4-aa79-565a15bb0cc8,ЦДНТА-(Р-107-3-36-6-2442+++Р-107-3-36-6-2442+++Р-107-3-36-6-2442),Р-107-3-36-6-2442,Р107,3-36,6,2442,opys-explicit
f6d4733c-77a4-408a-b21e-13f365d0a5f1,ЦДНТА-(Р-107-3-36-6-2427+++Р-107-3-36-6-2427+++Р-107-3-36-6-2427),Р-107-3-36-6-2427,Р107,3-36,6,2427,opys-explicit
d96c221c-bf6d-4280-ac9e-93040c4a995b,ЦДНТА-(Р-107-3-36-6-2433+++Р-107-3-36-6-2433+++Р-107-3-36-6-2433),Р-107-3-36-6-2433,Р107,3-36,6,2433,opys-explicit
3a747e91-c319-4a69-95c9-a447cc075216,ЦДНТА-(Р-107-3-36-7-2457+++Р-107-3-36-7-2457+++Р-107-3-36-7-2457),Р-107-3-36-7-2457,Р107,3-36,7,2457,opys-explicit
a02c6fe4-19be-4b8e-bde6-c5b81da4fe31,ЦДНТА-(Р-107-3-36-7-2462+++Р-107-3-36-7-2462+++Р-107-3-36-7-2462),Р-107-3-36-7-2462,Р107,3-36,7,2462,opys-explicit
091cdfcc-cd06-46a1-a062-a56cc2fd4450,ЦДНТА-(Р-107-3-36-6-2451+++Р-107-3-36-6-2451+++Р-107-3-36-6-2451),Р-107-3-36-6-2451,Р107,3-36,6,2451,opys-explicit
aea1a368-3a5c-4b39-be04-05f8ee51c6b1,ЦДНТА-(Р-107-3-36-7-2467+++Р-107-3-36-7-2467+++Р-107-3-36-7-2467),Р-107-3-36-7-2467,Р107,3-36,7,2467,opys-explicit
6958a1f7-a477-4666-9f19-ae64f347302a,ЦДНТА-(Р-107-3-36-7-2469+++Р-107-3-36-7-2469+++Р-107-3-36-7-2469),Р-107-3-36-7-2469,Р107,3-36,7,2469,opys-explicit
3b95b55b-3f85-4654-aaad-df63f93b00c6,ЦДНТА-(Р-107-3-36-7-2485+++Р-107-3-36-7-2485+++Р-107-3-36-7-2485),Р-107-3-36-7-2485,Р107,3-36,7,2485,opys-explicit
14736b08-8abd-47fa-b381-9fc5f7bd2345,ЦДНТА-(Р-107-3-36-7-2479+++Р-107-3-36-7-2479+++Р-107-3-36-7-2479),Р-107-3-36-7-2479,Р107,3-36,7,2479,opys-explicit
15455f05-8a4a-4f2e-8287-7193ff549a71,ЦДНТА-(Р-107-3-36-7-2473+++Р-107-3-36-7-2473+++Р-107-3-36-7-2473),Р-107-3-36-7-2473,Р107,3-36,7,2473,opys-explicit
44aaf288-0b7b-45b0-8650-0a39d4aa0df5,ЦДНТА-(Р-107-3-36-7-2493+++Р-107-3-36-7-2493+++Р-107-3-36-7-2493),Р-107-3-36-7-2493,Р107,3-36,7,2493,opys-explicit
17a3d629-71c5-4777-be44-fe24925b35e5,ЦДНТА-(Р-107-3-36-7-2506+++Р-107-3-36-7-2506+++Р-107-3-36-7-2506),Р-107-3-36-7-2506,Р107,3-36,7,2506,opys-explicit
9120d306-5123-418c-b8d5-8c97b73331fd,ЦДНТА-(Р-107-3-36-7-2502+++Р-107-3-36-7-2502+++Р-107-3-36-7-2502),Р-107-3-36-7-2502,Р107,3-36,7,2502,opys-explicit
4a93f0fa-b634-43db-b0de-eb1418f5012c,ЦДНТА-(Р-107-3-36-7-2512+++Р-107-3-36-7-2512+++Р-107-3-36-7-2512),Р-107-3-36-7-2512,Р107,3-36,7,2512,opys-explicit
07bfcbfc-08a9-4782-8cc7-a72eb2e087e7,ЦДНТА-(Р-107-3-36-7-2516+++Р-107-3-36-7-2516+++Р-107-3-36-7-2516),Р-107-3-36-7-2516,Р107,3-36,7,2516,opys-explicit
50227f60-df65-4493-b43b-6572a907da3b,ЦДНТА-(Р-107-3-36-7-2533+++Р-107-3-36-7-2533+++Р-107-3-36-7-2533),Р-107-3-36-7-2533,Р107,3-36,7,2533,opys-explicit
eea086d3-dc79-49fc-a87b-8d399415c986,ЦДНТА-(Р-107-3-36-7-2534+++Р-107-3-36-7-2534+++Р-107-3-36-7-2534),Р-107-3-36-7-2534,Р107,3-36,7,2534,opys-explicit
4bc0959f-fac1-42a6-adde-327ade26aa62,ЦДНТА-(Р-107-3-36-7-2531+++Р-107-3-36-7-2531+++Р-107-3-36-7-2531),Р-107-3-36-7-2531,Р107,3-36,7,2531,opys-explicit
f1a0539f-6a27-44f9-a997-e124e5a993ba,ЦДНТА-(Р-107-3-36-7-2529+++Р-107-3-36-7-2529+++Р-107-3-36-7-2529),Р-107-3-36-7-2529,Р107,3-36,7,2529,opys-explicit
495e8c43-86ab-46d5-bf84-7afd42f4494c,ЦДНТА-(Р-107-3-36-7-2517+++Р-107-3-36-7-2517+++Р-107-3-36-7-2517),Р-107-3-36-7-2517,Р107,3-36,7,2517,opys-explicit
03e53058-683d-4c29-8032-9851a67229d5,ЦДНТА-(Р-107-3-36-7-2519+++Р-107-3-36-7-2519+++Р-107-3-36-7-2519),Р-107-3-36-7-2519,Р107,3-36,7,2519,opys-explicit
754d23b4-fdfb-427a-81fd-6593e9a39ba0,ЦДНТА-(Р-107-3-36-7-2545+++Р-107-3-36-7-2545+++Р-107-3-36-7-2545),Р-107-3-36-7-2545,Р107,3-36,7,2545,opys-explicit
a0b98e11-6a2f-4786-a6d9-1b4dc4be5daf,ЦДНТА-(Р-107-3-36-7-2548+++Р-107-3-36-7-2548+++Р-107-3-36-7-2548),Р-107-3-36-7-2548,Р107,3-36,7,2548,opys-explicit
56c7fce8-1248-42df-9ec5-b3a4fc6f91f6,ЦДНТА-(Р-107-3-36-7-2551+++Р-107-3-36-7-2551+++Р-107-3-36-7-2551),Р-107-3-36-7-2551,Р107,3-36,7,2551,opys-explicit
42013950-8f70-435e-8039-fe2089592696,ЦДНТА-(Р-107-3-36-7-2554+++Р-107-3-36-7-2554+++Р-107-3-36-7-2554),Р-107-3-36-7-2554,Р107,3-36,7,2554,opys-explicit
f309a195-7a9f-4cb3-8136-36902169fabb,ЦДНТА-(Р-107-3-36-7-2565+++Р-107-3-36-7-2565+++Р-107-3-36-7-2565),Р-107-3-36-7-2565,Р107,3-36,7,2565,opys-explicit
253915bf-c051-41a6-80a2-fd9d23837c67,ЦДНТА-(Р-107-3-36-7-2574+++Р-107-3-36-7-2574+++Р-107-3-36-7-2574),Р-107-3-36-7-2574,Р107,3-36,7,2574,opys-explicit
988b2edd-982e-4af2-b730-9e75934d6439,ЦДНТА-(Р-107-3-36-7-2582+++Р-107-3-36-7-2582+++Р-107-3-36-7-2582),Р-107-3-36-7-2582,Р107,3-36,7,2582,opys-explicit
882b9cb2-5701-4a0b-b370-da8b1d75f4fc,ЦДНТА-(Р-107-3-36-7-2598+++Р-107-3-36-7-2598+++Р-107-3-36-7-2598),Р-107-3-36-7-2598,Р107,3-36,7,2598,opys-explicit
d20556a8-f3b3-4149-bc78-5332a20fcf9e,ЦДНТА-(Р-107-3-36-7-2603+++Р-107-3-36-7-2603+++Р-107-3-36-7-2603),Р-107-3-36-7-2603,Р107,3-36,7,2603,opys-explicit
e314e658-d875-4b0f-84ed-76c4422a47a1,ЦДНТА-(Р-107-3-36-7-2596+++Р-107-3-36-7-2596+++Р-107-3-36-7-2596),Р-107-3-36-7-2596,Р107,3-36,7,2596,opys-explicit
56da1dc0-ef28-4acb-8785-7d303c9a0171,ЦДНТА-(Р-107-3-36-7-2601+++Р-107-3-36-7-2601+++Р-107-3-36-7-2601),Р-107-3-36-7-2601,Р107,3-36,7,2601,opys-explicit
2384673a-86ca-4a28-97fa-06f340032edf,ЦДНТА-(Р-107-3-36-7-2625+++Р-107-3-36-7-2625+++Р-107-3-36-7-2625),Р-107-3-36-7-2625,Р107,3-36,7,2625,opys-explicit
6a388c0a-5177-4ddd-84ef-97849cb8271f,ЦДНТА-(Р-107-3-36-7-2619+++Р-107-3-36-7-2619+++Р-107-3-36-7-2619),Р-107-3-36-7-2619,Р107,3-36,7,2619,opys-explicit
c5d87afd-07d5-410e-8522-a046ea259e97,ЦДНТА-(Р-107-3-36-7-2610+++Р-107-3-36-7-2610+++Р-107-3-36-7-2610),Р-107-3-36-7-2610,Р107,3-36,7,2610,opys-explicit
15d5b260-302b-42ec-b2af-ab6faa9e0638,ЦДНТА-(Р-107-3-36-7-2617+++Р-107-3-36-7-2617+++Р-107-3-36-7-2617),Р-107-3-36-7-2617,Р107,3-36,7,2617,opys-explicit
6fc2f058-0d4e-46a7-a08d-8c6b02bf0093,ЦДНТА-(Р-107-3-36-7-2646+++Р-107-3-36-7-2646+++Р-107-3-36-7-2646),Р-107-3-36-7-2646,Р107,3-36,7,2646,opys-explicit
4e553b2e-863d-4ce8-8a68-458a269e207d,ЦДНТА-(Р-107-3-36-7-2628+++Р-107-3-36-7-2628+++Р-107-3-36-7-2628),Р-107-3-36-7-2628,Р107,3-36,7,2628,opys-explicit
3f57b4da-436b-4433-887a-606565ef69e5,ЦДНТА-(Р-107-3-36-7-2644+++Р-107-3-36-7-2644+++Р-107-3-36-7-2644),Р-107-3-36-7-2644,Р107,3-36,7,2644,opys-explicit
1135094c-f9ee-42fc-bc92-0a2f56bdf45c,ЦДНТА-(Р-107-3-36-7-2632+++Р-107-3-36-7-2632+++Р-107-3-36-7-2632),Р-107-3-36-7-2632,Р107,3-36,7,2632,opys-explicit
71113e32-f8e7-46a4-8c95-686edd4b9ce4,ЦДНТА-(Р-107-3-36-7-2639+++Р-107-3-36-7-2639+++Р-107-3-36-7-2639),Р-107-3-36-7-2639,Р107,3-36,7,2639,opys-explicit
2ee7509e-4e01-4b9b-9849-2e0c4eac58be,ЦДНТА-(Р-107-3-36-7-2652+++Р-107-3-36-7-2652+++Р-107-3-36-7-2652),Р-107-3-36-7-2652,Р107,3-36,7,2652,opys-explicit
5ac418c8-6b2a-4f30-895c-aa8ca2a24582,ЦДНТА-(Р-107-3-36-7-2664+++Р-107-3-36-7-2664+++Р-107-3-36-7-2664),Р-107-3-36-7-2664,Р107,3-36,7,2664,opys-explicit
e0fe5ccb-3393-47e2-a419-ccdc0dad7e40,ЦДНТА-(Р-107-3-36-7-2653+++Р-107-3-36-7-2653+++Р-107-3-36-7-2653),Р-107-3-36-7-2653,Р107,3-36,7,2653,opys-explicit
07d98b8c-5d0c-4174-9208-cef1607e78da,ЦДНТА-(Р-107-3-36-7-2656+++Р-107-3-36-7-2656+++Р-107-3-36-7-2656),Р-107-3-36-7-2656,Р107,3-36,7,2656,opys-explicit
62ab5184-a668-4e6e-a34d-ca4287990353,ЦДНТА-(Р-107-3-36-7-2662+++Р-107-3-36-7-2662+++Р-107-3-36-7-2662),Р-107-3-36-7-2662,Р107,3-36,7,2662,opys-explicit
3d5a90ab-d87a-456d-b6e3-afa40c2234fc,ЦДНТА-(Р-107-3-36-7-2666+++Р-107-3-36-7-2666+++Р-107-3-36-7-2666),Р-107-3-36-7-2666,Р107,3-36,7,2666,opys-explicit
2ea6ab2e-6f43-4d1a-9d57-18de9fa67694,ЦДНТА-(Р-107-3-36-7-2654+++Р-107-3-36-7-2654+++Р-107-3-36-7-2654),Р-107-3-36-7-2654,Р107,3-36,7,2654,opys-explicit
e926b586-4b66-44cf-8d2e-aa9e893bdc31,ЦДНТА-(Р-107-3-36-7-2672+++Р-107-3-36-7-2672+++Р-107-3-36-7-2672),Р-107-3-36-7-2672,Р107,3-36,7,2672,opys-explicit
9d294005-5189-4917-8422-b22a9ab5e4f8,ЦДНТА-(Р-107-3-36-7-2707+++Р-107-3-36-7-2707+++Р-107-3-36-7-2707),Р-107-3-36-7-2707,Р107,3-36,7,2707,opys-explicit
20d3e5d5-2dc7-40dc-9eb5-ff6e27986739,ЦДНТА-(Р-107-3-36-7-2701+++Р-107-3-36-7-2701+++Р-107-3-36-7-2701),Р-107-3-36-7-2701,Р107,3-36,7,2701,opys-explicit
2dde0838-4898-4f9a-b34e-a0c46e402bfa,ЦДНТА-(Р-18-3-10-1-126+++Р-18-3-10-1-126+++Р-18-3-10-1-126),Р-18-3-10-1-126,Р18,3-10,1,126,opys-explicit
4b83fd1b-f24a-4e3c-b0c4-622ca874f960,ЦДНТА-(Р-18-3-10-1-130+++Р-18-3-10-1-130+++Р-18-3-10-1-130),Р-18-3-10-1-130,Р18,3-10,1,130,opys-explicit
f3fbb522-bd80-4ff8-ae52-ba9ad3db55d9,ЦДНТА-(Р-18-3-10-1-142+++Р-18-3-10-1-142+++Р-18-3-10-1-142),Р-18-3-10-1-142,Р18,3-10,1,142,opys-explicit
292b9609-f356-451f-90bb-9b1a72b480a6,ЦДНТА-(Р-18-3-10-1-152+++Р-18-3-10-1-152+++Р-18-3-10-1-152),Р-18-3-10-1-152,Р18,3-10,1,152,opys-explicit
469cb867-f75d-4fb3-b46b-4c718155c8d0,ЦДНТА-(Р-18-3-10-1-155+++Р-18-3-10-1-155+++Р-18-3-10-1-155),Р-18-3-10-1-155,Р18,3-10,1,155,opys-explicit
3d53a72e-4907-4453-a14d-21f659258b7c,ЦДНТА-(Р-18-3-10-1-165+++Р-18-3-10-1-165+++Р-18-3-10-1-165),Р-18-3-10-1-165,Р18,3-10,1,165,opys-explicit
b95fcd4e-67a0-4854-bafd-e05195101ba0,ЦДНТА-(Р-18-3-10-1-163+++Р-18-3-10-1-163+++Р-18-3-10-1-163),Р-18-3-10-1-163,Р18,3-10,1,163,opys-explicit
3697c5c4-560a-4bcb-87f4-790d11ba4529,ЦДНТА-(Р-18-3-10-1-184+++Р-18-3-10-1-184+++Р-18-3-10-1-184),Р-18-3-10-1-184,Р18,3-10,1,184,opys-explicit
0edb9e1b-89f8-423d-a430-696ff5256766,ЦДНТА-(Р-18-3-10-1-180+++Р-18-3-10-1-180+++Р-18-3-10-1-180),Р-18-3-10-1-180,Р18,3-10,1,180,opys-explicit
c7bed666-fd2d-450f-a6ac-3af1aacc560e,ЦДНТА-(Р-18-3-10-1-177+++Р-18-3-10-1-177+++Р-18-3-10-1-177),Р-18-3-10-1-177,Р18,3-10,1,177,opys-explicit
6e578f2c-c9d8-47c6-adcb-d983a3a4c30f,ЦДНТА-(Р-18-3-10-1-189+++Р-18-3-10-1-189+++Р-18-3-10-1-189),Р-18-3-10-1-189,Р18,3-10,1,189,opys-explicit
c390f761-f756-4323-bdcc-01978683da66,ЦДНТА-(Р-18-3-10-1-187+++Р-18-3-10-1-187+++Р-18-3-10-1-187),Р-18-3-10-1-187,Р18,3-10,1,187,opys-explicit
23912d84-8638-4e70-8ac6-c8edeb490517,ЦДНТА-(Р-18-3-10-1-186+++Р-18-3-10-1-186+++Р-18-3-10-1-186),Р-18-3-10-1-186,Р18,3-10,1,186,opys-explicit
0d568272-555c-4ba0-8f8c-3fc7db3d3c5a,ЦДНТА-(Р-107-3-36-7-2697+++Р-107-3-36-7-2697+++Р-107-3-36-7-2697),Р-107-3-36-7-2697,Р107,3-36,7,2697,opys-explicit
33cd2627-5f76-4529-9658-c4eacdafe497,ЦДНТА-(Р-107-3-36-7-2710+++Р-107-3-36-7-2710+++Р-107-3-36-7-2710),Р-107-3-36-7-2710,Р107,3-36,7,2710,opys-explicit
04300d23-9a4e-4c1d-8887-73f48f89d01f,ЦДНТА-(Р-107-3-36-7-2703+++Р-107-3-36-7-2703+++Р-107-3-36-7-2703),Р-107-3-36-7-2703,Р107,3-36,7,2703,opys-explicit
b3fb6d7c-1d04-4e08-b284-47df6d6dfcb0,ЦДНТА-(Р-107-3-36-7-2712+++Р-107-3-36-7-2712+++Р-107-3-36-7-2712),Р-107-3-36-7-2712,Р107,3-36,7,2712,opys-explicit
006c5bff-adc3-4819-9b6f-b68a06f28a8d,ЦДНТА-(Р-107-3-36-7-2735+++Р-107-3-36-7-2735+++Р-107-3-36-7-2735),Р-107-3-36-7-2735,Р107,3-36,7,2735,opys-explicit
d9a4f496-3abb-4e63-9e42-5a44c285f962,ЦДНТА-(Р-107-3-36-7-2726+++Р-107-3-36-7-2726+++Р-107-3-36-7-2726),Р-107-3-36-7-2726,Р107,3-36,7,2726,opys-explicit
b8461cc6-90ad-4aa0-ae8f-479bfd0bf05f,ЦДНТА-(Р-107-3-36-7-2733+++Р-107-3-36-7-2733+++Р-107-3-36-7-2733),Р-107-3-36-7-2733,Р107,3-36,7,2733,opys-explicit
4476f450-1088-475f-9c8f-b630b67dfd08,ЦДНТА-(Р-107-3-36-7-2717+++Р-107-3-36-7-2717+++Р-107-3-36-7-2717),Р-107-3-36-7-2717,Р107,3-36,7,2717,opys-explicit
86a63c7d-a5ea-4bb9-a6f1-208850680b01,ЦДНТА-(Р-107-3-36-7-2731+++Р-107-3-36-7-2731+++Р-107-3-36-7-2731),Р-107-3-36-7-2731,Р107,3-36,7,2731,opys-explicit
e3e50c57-49e7-419e-ad3a-f6cc2da0c9d5,ЦДНТА-(Р-107-3-36-7-2732+++Р-107-3-36-7-2732+++Р-107-3-36-7-2732),Р-107-3-36-7-2732,Р107,3-36,7,2732,opys-explicit
6c80548e-1c45-4062-ad53-038a1bca82f0,ЦДНТА-(Р-107-3-36-7-2720+++Р-107-3-36-7-2720+++Р-107-3-36-7-2720),Р-107-3-36-7-2720,Р107,3-36,7,2720,opys-explicit
044a08e6-03ee-4492-a938-1316ed4a9295,ЦДНТА-(Р-107-3-36-7-2730+++Р-107-3-36-7-2730+++Р-107-3-36-7-2730),Р-107-3-36-7-2730,Р107,3-36,7,2730,opys-explicit
98cf2633-d4ae-4910-a998-eb0ae2155e30,ЦДНТА-(Р-107-3-36-7-2740+++Р-107-3-36-7-2740+++Р-107-3-36-7-2740),Р-107-3-36-7-2740,Р107,3-36,7,2740,opys-explicit
e143e1b8-d2a1-43cd-85e1-f16fe23e9695,ЦДНТА-(Р-107-3-36-7-2739+++Р-107-3-36-7-2739+++Р-107-3-36-7-2739),Р-107-3-36-7-2739,Р107,3-36,7,2739,opys-explicit
7eb62271-279e-4eca-9e33-c61b032e027e,ЦДНТА-(Р-107-3-36-7-2741+++Р-107-3-36-7-2741+++Р-107-3-36-7-2741),Р-107-3-36-7-2741,Р107,3-36,7,2741,opys-explicit
cbd190b5-0f6d-456d-afce-b4c78188b4e5,ЦДНТА-(Р-107-3-36-7-2758+++Р-107-3-36-7-2758+++Р-107-3-36-7-2758),Р-107-3-36-7-2758,Р107,3-36,7,2758,opys-explicit
8b73233c-6f95-4b3a-b84d-a11f5d62e2ab,ЦДНТА-(Р-107-3-36-7-2752+++Р-107-3-36-7-2752+++Р-107-3-36-7-2752),Р-107-3-36-7-2752,Р107,3-36,7,2752,opys-explicit
0f937514-8488-408d-9be3-fd60268ef859,ЦДНТА-(Р-107-3-36-7-2750+++Р-107-3-36-7-2750+++Р-107-3-36-7-2750),Р-107-3-36-7-2750,Р107,3-36,7,2750,opys-explicit
ca427c14-62da-4a60-a5a7-99098536fa59,ЦДНТА-(Р-107-3-36-7-2756+++Р-107-3-36-7-2756+++Р-107-3-36-7-2756),Р-107-3-36-7-2756,Р107,3-36,7,2756,opys-explicit
7e150421-b4d4-4593-9b8c-49a897a38ece,ЦДНТА-(Р-107-3-36-7-2773+++Р-107-3-36-7-2773+++Р-107-3-36-7-2773),Р-107-3-36-7-2773,Р107,3-36,7,2773,opys-explicit
9af2519a-9412-4117-ad5e-7fb23490ce51,ЦДНТА-(Р-107-3-36-7-2771+++Р-107-3-36-7-2771+++Р-107-3-36-7-2771),Р-107-3-36-7-2771,Р107,3-36,7,2771,opys-explicit
19893233-a4ce-4809-8864-0443d3ab97b2,ЦДНТА-(Р-107-3-36-7-2765+++Р-107-3-36-7-2765+++Р-107-3-36-7-2765),Р-107-3-36-7-2765,Р107,3-36,7,2765,opys-explicit
d6f79634-f915-4f1c-ac07-d0d947a34132,ЦДНТА-(Р-107-3-36-7-2763+++Р-107-3-36-7-2763+++Р-107-3-36-7-2763),Р-107-3-36-7-2763,Р107,3-36,7,2763,opys-explicit
b298f216-b158-4b68-9bac-d86065ffdb8f,ЦДНТА-(Р-107-3-36-7-2760+++Р-107-3-36-7-2760+++Р-107-3-36-7-2760),Р-107-3-36-7-2760,Р107,3-36,7,2760,opys-explicit
4cc42254-d92b-45dc-a817-4262f6223500,ЦДНТА-(Р-107-3-36-7-2761+++Р-107-3-36-7-2761+++Р-107-3-36-7-2761),Р-107-3-36-7-2761,Р107,3-36,7,2761,opys-explicit
be86a906-acd1-44ea-aa73-fb5ad1cf434b,ЦДНТА-(Р-107-3-36-7-2774+++Р-107-3-36-7-2774+++Р-107-3-36-7-2774),Р-107-3-36-7-2774,Р107,3-36,7,2774,opys-explicit
a7d3f760-d628-4915-ae23-73b75fcffb25,ЦДНТА-(Р-107-3-36-7-2775+++Р-107-3-36-7-2775+++Р-107-3-36-7-2775),Р-107-3-36-7-2775,Р107,3-36,7,2775,opys-explicit
58bcae83-4d1c-402b-ab1a-9689dbd7f464,ЦДНТА-(Р-107-3-36-7-2797+++Р-107-3-36-7-2797+++Р-107-3-36-7-2797),Р-107-3-36-7-2797,Р107,3-36,7,2797,opys-explicit
34831e1d-a6a4-405b-82f6-694b04fb36cb,ЦДНТА-(Р-107-3-36-7-2787+++Р-107-3-36-7-2787+++Р-107-3-36-7-2787),Р-107-3-36-7-2787,Р107,3-36,7,2787,opys-explicit
35cc888f-c5a4-4ad6-b4b8-5884da603c23,ЦДНТА-(Р-107-3-36-7-2790+++Р-107-3-36-7-2790+++Р-107-3-36-7-2790),Р-107-3-36-7-2790,Р107,3-36,7,2790,opys-explicit
81bf721a-993e-41cb-b571-3fa8de5907f1,ЦДНТА-(Р-107-3-36-7-2788+++Р-107-3-36-7-2788+++Р-107-3-36-7-2788),Р-107-3-36-7-2788,Р107,3-36,7,2788,opys-explicit
21cf58b2-2c59-4140-bd1f-d25f6d004c72,ЦДНТА-(Р-107-3-36-7-2794+++Р-107-3-36-7-2794+++Р-107-3-36-7-2794),Р-107-3-36-7-2794,Р107,3-36,7,2794,opys-explicit
b122c111-889f-4df3-9484-e43004375194,ЦДНТА-(Р-107-3-36-7-2800+++Р-107-3-36-7-2800+++Р-107-3-36-7-2800),Р-107-3-36-7-2800,Р107,3-36,7,2800,opys-explicit
9dfbecd2-a9ca-4476-9b35-5736924df9a7,ЦДНТА-(Р-107-3-36-7-2814+++Р-107-3-36-7-2814+++Р-107-3-36-7-2814),Р-107-3-36-7-2814,Р107,3-36,7,2814,opys-explicit
d2c5b36d-9607-4666-9ee1-d706966a58ca,ЦДНТА-(Р-107-3-36-7-2818+++Р-107-3-36-7-2818+++Р-107-3-36-7-2818),Р-107-3-36-7-2818,Р107,3-36,7,2818,opys-explicit
3de3c56c-ae98-4492-9874-620f4a556e00,ЦДНТА-(Р-107-3-36-7-2804+++Р-107-3-36-7-2804+++Р-107-3-36-7-2804),Р-107-3-36-7-2804,Р107,3-36,7,2804,opys-explicit
715dd822-6796-412a-8e5e-bfe5c50fc84d,ЦДНТА-(Р-107-3-36-7-2807+++Р-107-3-36-7-2807+++Р-107-3-36-7-2807),Р-107-3-36-7-2807,Р107,3-36,7,2807,opys-explicit
67e66e7a-d92d-4acb-9ae6-c69aeaf7b7d3,ЦДНТА-(Р-107-3-36-7-2819+++Р-107-3-36-7-2819+++Р-107-3-36-7-2819),Р-107-3-36-7-2819,Р107,3-36,7,2819,opys-explicit
aa8e0260-8023-4f43-9bd8-40fdbab23525,ЦДНТА-(Р-107-3-36-7-2806+++Р-107-3-36-7-2806+++Р-107-3-36-7-2806),Р-107-3-36-7-2806,Р107,3-36,7,2806,opys-explicit
030e1ef2-3491-4286-a253-8432f08c238b,ЦДНТА-(Р-107-3-36-7-2805+++Р-107-3-36-7-2805+++Р-107-3-36-7-2805),Р-107-3-36-7-2805,Р107,3-36,7,2805,opys-explicit
56d69853-a091-4e46-bb89-1c4c0a14cc6a,ЦДНТА-(Р-107-3-36-7-2823+++Р-107-3-36-7-2823+++Р-107-3-36-7-2823),Р-107-3-36-7-2823,Р107,3-36,7,2823,opys-explicit
a6457eff-5a7a-4561-b062-180c85a83a40,ЦДНТА-(Р-107-3-36-7-2831+++Р-107-3-36-7-2831+++Р-107-3-36-7-2831),Р-107-3-36-7-2831,Р107,3-36,7,2831,opys-explicit+outofrange
9046c5a6-551e-4e05-8ece-965b79390778,ЦДНТА-(Р-107-3-36-7-2827+++Р-107-3-36-7-2827+++Р-107-3-36-7-2827),Р-107-3-36-7-2827,Р107,3-36,7,2827,opys-explicit
c2f56c62-3738-4ce0-b328-e11c974bc2ad,ЦДНТА-(Р-107-3-36-7-2825+++Р-107-3-36-7-2825+++Р-107-3-36-7-2825),Р-107-3-36-7-2825,Р107,3-36,7,2825,opys-explicit
1f750394-cb23-4539-9021-90664a0d2e73,ЦДНТА-(Р-18-3-10-1-16+++Р-18-3-10-1-16+++Р-18-3-10-1-16),Р-18-3-10-1-16,Р18,3-10,1,16,opys-explicit
c30a2ff4-b9f3-4010-89cf-f221d381e2c9,ЦДНТА-(Р-18-3-10-1-20+++Р-18-3-10-1-20+++Р-18-3-10-1-20),Р-18-3-10-1-20,Р18,3-10,1,20,opys-explicit
bc601444-f9f4-44e1-a58d-443c9a2ad1c6,ЦДНТА-(Р-18-3-10-1-14+++Р-18-3-10-1-14+++Р-18-3-10-1-14),Р-18-3-10-1-14,Р18,3-10,1,14,opys-explicit
0c16781d-d381-4709-a6a6-9f88b31897c5,ЦДНТА-(Р-18-3-10-1-18+++Р-18-3-10-1-18+++Р-18-3-10-1-18),Р-18-3-10-1-18,Р18,3-10,1,18,opys-explicit
ddfa2835-5cf9-4336-b675-af038297f011,ЦДНТА-(Р-18-3-10-1-13+++Р-18-3-10-1-13+++Р-18-3-10-1-13),Р-18-3-10-1-13,Р18,3-10,1,13,opys-explicit
3248142d-d0e9-4a4d-9604-a7ef6661d565,ЦДНТА-(Р-18-3-10-1-33+++Р-18-3-10-1-33+++Р-18-3-10-1-33),Р-18-3-10-1-33,Р18,3-10,1,33,opys-explicit
a453a808-658c-44de-862e-a89dcff6fdfb,ЦДНТА-(Р-18-3-10-1-34+++Р-18-3-10-1-34+++Р-18-3-10-1-34),Р-18-3-10-1-34,Р18,3-10,1,34,opys-explicit
1dab62dd-cc71-4c47-be99-2ed8e9490ffa,ЦДНТА-(Р-18-3-10-1-35+++Р-18-3-10-1-35+++Р-18-3-10-1-35),Р-18-3-10-1-35,Р18,3-10,1,35,opys-explicit
56302055-eac8-466d-9ead-b169cb7cb170,ЦДНТА-(Р-18-3-10-1-23+++Р-18-3-10-1-23+++Р-18-3-10-1-23),Р-18-3-10-1-23,Р18,3-10,1,23,opys-explicit
035f8d4f-fb57-4043-9461-370548ba2429,ЦДНТА-(Р-18-3-10-1-25+++Р-18-3-10-1-25+++Р-18-3-10-1-25),Р-18-3-10-1-25,Р18,3-10,1,25,opys-explicit
b539a144-74c6-40ca-a51f-17fbe8d9fe09,ЦДНТА-(Р-18-3-10-1-29+++Р-18-3-10-1-29+++Р-18-3-10-1-29),Р-18-3-10-1-29,Р18,3-10,1,29,opys-explicit
bb6aaba6-4c02-451f-bf70-371abb969d6e,ЦДНТА-(Р-18-3-10-1-55+++Р-18-3-10-1-55+++Р-18-3-10-1-55),Р-18-3-10-1-55,Р18,3-10,1,55,opys-explicit
0ee89a68-db9e-4c07-bb58-036c527fb3c8,ЦДНТА-(Р-18-3-10-1-48+++Р-18-3-10-1-48+++Р-18-3-10-1-48),Р-18-3-10-1-48,Р18,3-10,1,48,opys-explicit
48fabc7d-06ae-45d0-8ea0-2a7abb17b6e7,ЦДНТА-(Р-18-3-10-1-51+++Р-18-3-10-1-51+++Р-18-3-10-1-51),Р-18-3-10-1-51,Р18,3-10,1,51,opys-explicit
a74e73ef-7344-4062-9586-2228fa88ea22,ЦДНТА-(Р-18-3-10-1-45+++Р-18-3-10-1-45+++Р-18-3-10-1-45),Р-18-3-10-1-45,Р18,3-10,1,45,opys-explicit
2a643bb6-f0c9-4b1f-b5aa-966119295f08,ЦДНТА-(Р-18-3-10-1-47+++Р-18-3-10-1-47+++Р-18-3-10-1-47),Р-18-3-10-1-47,Р18,3-10,1,47,opys-explicit
2ad22c05-afa3-48d8-8600-21b61e18cc83,ЦДНТА-(Р-18-3-10-1-83+++Р-18-3-10-1-83+++Р-18-3-10-1-83),Р-18-3-10-1-83,Р18,3-10,1,83,opys-explicit
ec208ed6-9dbb-4e2f-9514-22334e67303c,ЦДНТА-(Р-18-3-10-1-68+++Р-18-3-10-1-68+++Р-18-3-10-1-68),Р-18-3-10-1-68,Р18,3-10,1,68,opys-explicit
279aa5f0-a80a-4b3e-b1e0-eac5f122d7f8,ЦДНТА-(Р-18-3-10-1-109+++Р-18-3-10-1-109+++Р-18-3-10-1-109),Р-18-3-10-1-109,Р18,3-10,1,109,opys-explicit
aebed81f-bcad-4e37-9ad0-70a34d77eb34,ЦДНТА-(Р-18-3-10-1-100+++Р-18-3-10-1-100+++Р-18-3-10-1-100),Р-18-3-10-1-100,Р18,3-10,1,100,opys-explicit
d9c98278-e31d-4970-8856-7c32fee15166,ЦДНТА-(Р-18-3-10-1-98+++Р-18-3-10-1-98+++Р-18-3-10-1-98),Р-18-3-10-1-98,Р18,3-10,1,98,opys-explicit
80026904-7ba1-4718-abc7-b8ff3538b7b0,ЦДНТА-(Р-18-3-10-1-90+++Р-18-3-10-1-90+++Р-18-3-10-1-90),Р-18-3-10-1-90,Р18,3-10,1,90,opys-explicit
ed0f102b-780d-4f80-b998-c3a56c6201d8,ЦДНТА-(Р-18-3-10-1-92+++Р-18-3-10-1-92+++Р-18-3-10-1-92),Р-18-3-10-1-92,Р18,3-10,1,92,opys-explicit
958d899f-2d6e-4fc0-b0e0-811f7d2c523b,ЦДНТА-(Р-18-3-10-1-89+++Р-18-3-10-1-89+++Р-18-3-10-1-89),Р-18-3-10-1-89,Р18,3-10,1,89,opys-explicit
1bc7c4c0-eee5-4deb-95e4-2146e6365ec9,ЦДНТА-(Р-18-3-10-1-114+++Р-18-3-10-1-114+++Р-18-3-10-1-114),Р-18-3-10-1-114,Р18,3-10,1,114,opys-explicit
40bc7b86-2415-41d2-92ef-c356bb8ab522,ЦДНТА-(Р-18-3-10-1-132+++Р-18-3-10-1-132+++Р-18-3-10-1-132),Р-18-3-10-1-132,Р18,3-10,1,132,opys-explicit
5ce68949-e5f0-43c8-8f49-fde5b56dcc3d,ЦДНТА-(Р-18-3-10-1-128+++Р-18-3-10-1-128+++Р-18-3-10-1-128),Р-18-3-10-1-128,Р18,3-10,1,128,opys-explicit
24389b4e-5651-4a0b-9d7e-57952ceba2c2,ЦДНТА-(Р-18-3-10-1-148+++Р-18-3-10-1-148+++Р-18-3-10-1-148),Р-18-3-10-1-148,Р18,3-10,1,148,opys-explicit
5d78cd32-33cf-4b25-8c72-96930af725fe,ЦДНТА-(Р-18-3-10-1-173+++Р-18-3-10-1-173+++Р-18-3-10-1-173),Р-18-3-10-1-173,Р18,3-10,1,173,opys-explicit
87c3a690-ff8d-472e-8c8d-081696effee1,ЦДНТА-(Р-18-3-10-1-168+++Р-18-3-10-1-168+++Р-18-3-10-1-168),Р-18-3-10-1-168,Р18,3-10,1,168,opys-explicit
061d321f-6d95-4359-8190-e75f0620962b,ЦДНТА-(Р-18-3-10-1-170+++Р-18-3-10-1-170+++Р-18-3-10-1-170),Р-18-3-10-1-170,Р18,3-10,1,170,opys-explicit
95d370be-a502-463c-b7b5-d56bea72a8c2,ЦДНТА-(Р-18-3-10-1-160+++Р-18-3-10-1-160+++Р-18-3-10-1-160),Р-18-3-10-1-160,Р18,3-10,1,160,opys-explicit
db312fb9-225b-4501-b285-a3164a47fdf7,ЦДНТА-(Р-18-3-10-1-161+++Р-18-3-10-1-161+++Р-18-3-10-1-161),Р-18-3-10-1-161,Р18,3-10,1,161,opys-explicit
4a1b0c7d-dda2-46b1-97a3-f23271521be1,ЦДНТА-(Р-18-3-10-1-197+++Р-18-3-10-1-197+++Р-18-3-10-1-197),Р-18-3-10-1-197,Р18,3-10,1,197,opys-explicit
b5e482b0-61e8-473c-acc8-16194c9d8374,ЦДНТА-(Р-18-3-10-2-262+++Р-18-3-10-2-262+++Р-18-3-10-2-262),Р-18-3-10-2-262,Р18,3-10,2,262,opys-explicit
96cbe985-1ff0-4ccf-91bd-b03e2bc5f1de,ЦДНТА-(Р-18-3-10-2-261+++Р-18-3-10-2-261+++Р-18-3-10-2-261),Р-18-3-10-2-261,Р18,3-10,2,261,opys-explicit
17b6ec2d-a97e-413b-afe7-1818d80ea147,ЦДНТА-(Р-18-3-10-2-245+++Р-18-3-10-2-245+++Р-18-3-10-2-245),Р-18-3-10-2-245,Р18,3-10,2,245,opys-explicit
63a851a0-945f-4a12-8d54-24318bcc213a,ЦДНТА-(Р-18-3-10-2-250+++Р-18-3-10-2-250+++Р-18-3-10-2-250),Р-18-3-10-2-250,Р18,3-10,2,250,opys-explicit
9a5a83d5-ac6c-45ce-a0f4-de71dc89e562,ЦДНТА-(Р-18-3-10-2-264+++Р-18-3-10-2-264+++Р-18-3-10-2-264),Р-18-3-10-2-264,Р18,3-10,2,264,opys-explicit
98e94264-376a-4c3a-8e79-cdc2a59c15da,ЦДНТА-(Р-18-3-10-2-248+++Р-18-3-10-2-248+++Р-18-3-10-2-248),Р-18-3-10-2-248,Р18,3-10,2,248,opys-explicit
1c44c561-26f4-4698-9a0d-1eb33069b6af,ЦДНТА-(Р-18-3-10-2-263+++Р-18-3-10-2-263+++Р-18-3-10-2-263),Р-18-3-10-2-263,Р18,3-10,2,263,opys-explicit
f78ee7a0-7b46-486f-8708-58ccb4764423,ЦДНТА-(Р-18-3-10-2-251+++Р-18-3-10-2-251+++Р-18-3-10-2-251),Р-18-3-10-2-251,Р18,3-10,2,251,opys-explicit
cffc776c-206c-4b9e-9052-7456ae42b413,ЦДНТА-(Р-18-3-10-2-252+++Р-18-3-10-2-252+++Р-18-3-10-2-252),Р-18-3-10-2-252,Р18,3-10,2,252,opys-explicit
fe0bdd25-bdeb-4cab-b0c8-122891008871,ЦДНТА-(Р-18-3-10-2-285+++Р-18-3-10-2-285+++Р-18-3-10-2-285),Р-18-3-10-2-285,Р18,3-10,2,285,opys-explicit
3dae38fb-fa25-4f3d-be8e-f9b221eb5696,ЦДНТА-(Р-18-3-10-2-281+++Р-18-3-10-2-281+++Р-18-3-10-2-281),Р-18-3-10-2-281,Р18,3-10,2,281,opys-explicit
0898d8b2-8a79-4a7e-bed4-a0f6c39bcf86,ЦДНТА-(Р-18-3-10-2-277+++Р-18-3-10-2-277+++Р-18-3-10-2-277),Р-18-3-10-2-277,Р18,3-10,2,277,opys-explicit
3fb1043f-a81b-4c6a-a698-b127bd3b37ec,ЦДНТА-(Р-18-3-10-2-282+++Р-18-3-10-2-282+++Р-18-3-10-2-282),Р-18-3-10-2-282,Р18,3-10,2,282,opys-explicit
80304cad-12d6-416b-b4f2-1d7b4d5bb1d4,ЦДНТА-(Р-18-3-10-2-284+++Р-18-3-10-2-284+++Р-18-3-10-2-284),Р-18-3-10-2-284,Р18,3-10,2,284,opys-explicit
6242ee40-60c1-4a50-bb53-4db88483c64e,ЦДНТА-(Р-18-3-10-2-280+++Р-18-3-10-2-280+++Р-18-3-10-2-280),Р-18-3-10-2-280,Р18,3-10,2,280,opys-explicit
cad4b3d2-c5d6-4321-b9f2-6f831ac67c3c,ЦДНТА-(Р-18-3-10-2-274+++Р-18-3-10-2-274+++Р-18-3-10-2-274),Р-18-3-10-2-274,Р18,3-10,2,274,opys-explicit
74d8d3bd-e720-492a-90b4-dc69924572a9,ЦДНТА-(Р-18-3-10-2-278+++Р-18-3-10-2-278+++Р-18-3-10-2-278),Р-18-3-10-2-278,Р18,3-10,2,278,opys-explicit
01281dc3-94ad-46be-bdee-3a3902289bd9,ЦДНТА-(Р-18-3-10-3-304+++Р-18-3-10-3-304+++Р-18-3-10-3-304),Р-18-3-10-3-304,Р18,3-10,3,304,opys-explicit
7d9d2067-47aa-4350-a946-2f6f55e5e855,ЦДНТА-(Р-17-3-9-1-21+++Р-17-3-9-1-21+++Р-17-3-9-1-21),Р-17-3-9-1-21,Р17,3-9,1,21,opys-explicit
514da9f6-a3a4-4022-a4ef-d677aa26a21f,ЦДНТА-(Р-17-3-9-1-4+++Р-17-3-9-1-4+++Р-17-3-9-1-4),Р-17-3-9-1-4,Р17,3-9,1,4,opys-explicit
8cc5f8d0-4874-4499-a702-32eb436cac9f,ЦДНТА-(Р-18-3-10-2-244+++Р-18-3-10-2-244+++Р-18-3-10-2-244),Р-18-3-10-2-244,Р18,3-10,2,244,opys-explicit
df9a0e42-981b-4474-8757-140faae3f562,ЦДНТА-(Р-18-3-10-2-254+++Р-18-3-10-2-254+++Р-18-3-10-2-254),Р-18-3-10-2-254,Р18,3-10,2,254,opys-explicit
96ed4a41-bbf0-468b-a827-9ca56dce87f8,ЦДНТА-(Р-18-3-10-2-266+++Р-18-3-10-2-266+++Р-18-3-10-2-266),Р-18-3-10-2-266,Р18,3-10,2,266,opys-explicit
f55e0328-afb8-4405-9e01-6fe95fb86bde,ЦДНТА-(Р-18-3-10-2-249+++Р-18-3-10-2-249+++Р-18-3-10-2-249),Р-18-3-10-2-249,Р18,3-10,2,249,opys-explicit
b0076685-0ef3-45e0-9c98-0a259fc763bf,ЦДНТА-(Р-18-3-10-2-275+++Р-18-3-10-2-275+++Р-18-3-10-2-275),Р-18-3-10-2-275,Р18,3-10,2,275,opys-explicit
964ce637-ad2c-4fe1-a144-4e666e81afdb,ЦДНТА-(Р-18-3-10-2-272+++Р-18-3-10-2-272+++Р-18-3-10-2-272),Р-18-3-10-2-272,Р18,3-10,2,272,opys-explicit
1fd09590-187f-40df-9d93-580e7b8e5dfb,ЦДНТА-(Р-18-3-10-2-295+++Р-18-3-10-2-295+++Р-18-3-10-2-295),Р-18-3-10-2-295,Р18,3-10,2,295,opys-explicit
be2386e2-fcf7-45c5-8e3c-2d305755604e,ЦДНТА-(Р-18-3-10-3-305+++Р-18-3-10-3-305+++Р-18-3-10-3-305),Р-18-3-10-3-305,Р18,3-10,3,305,opys-explicit
7f677143-74c0-4b42-8d97-21ef1902d444,ЦДНТА-(Р-17-3-9-1-3+++Р-17-3-9-1-3+++Р-17-3-9-1-3),Р-17-3-9-1-3,Р17,3-9,1,3,opys-explicit
317ee2ca-fc4f-4c3d-9add-2e93a78cf958,ЦДНТА-(Р-17-3-9-1-13+++Р-17-3-9-1-13+++Р-17-3-9-1-13),Р-17-3-9-1-13,Р17,3-9,1,13,opys-explicit
00a0023e-cf17-4406-a1a8-6c73f25d7aea,ЦДНТА-(Р-17-3-9-1-30+++Р-17-3-9-1-30+++Р-17-3-9-1-30),Р-17-3-9-1-30,Р17,3-9,1,30,opys-explicit
7c9192ff-b4c3-476b-90a3-ad33765d8f70,ЦДНТА-(Р-17-3-9-1-35+++Р-17-3-9-1-35+++Р-17-3-9-1-35),Р-17-3-9-1-35,Р17,3-9,1,35,opys-explicit
0d58a3b3-98da-4227-ba82-98b3ccadbdeb,ЦДНТА-(Р-17-3-9-1-42+++Р-17-3-9-1-42+++Р-17-3-9-1-42),Р-17-3-9-1-42,Р17,3-9,1,42,opys-explicit
c733377d-a821-406b-b5e5-204caa863262,ЦДНТА-(Р-17-3-9-1-49+++Р-17-3-9-1-49+++Р-17-3-9-1-49),Р-17-3-9-1-49,Р17,3-9,1,49,opys-explicit
b6481e6a-addb-4697-b94e-f3aaa5b456b5,ЦДНТА-(Р-17-3-9-1-50+++Р-17-3-9-1-50+++Р-17-3-9-1-50),Р-17-3-9-1-50,Р17,3-9,1,50,opys-explicit
6742d9df-83a2-42e6-9de0-f02da16c03d2,ЦДНТА-(Р-17-3-9-1-53+++Р-17-3-9-1-53+++Р-17-3-9-1-53),Р-17-3-9-1-53,Р17,3-9,1,53,opys-explicit
0628d01b-876f-47eb-b433-690de6753867,ЦДНТА-(Р-17-3-9-1-58+++Р-17-3-9-1-58+++Р-17-3-9-1-58),Р-17-3-9-1-58,Р17,3-9,1,58,opys-explicit
54df9810-c431-484b-ab8d-42ea04fd62b8,ЦДНТА-(Р-17-3-9-1-67+++Р-17-3-9-1-67+++Р-17-3-9-1-67),Р-17-3-9-1-67,Р17,3-9,1,67,opys-explicit
153fe2e6-37da-4a33-b871-d997244857e6,ЦДНТА-(Р-17-3-9-1-66+++Р-17-3-9-1-66+++Р-17-3-9-1-66),Р-17-3-9-1-66,Р17,3-9,1,66,opys-explicit
4dabab85-320d-4973-ba19-3566c11fcc11,ЦДНТА-(Р-17-3-9-1-89+++Р-17-3-9-1-89+++Р-17-3-9-1-89),Р-17-3-9-1-89,Р17,3-9,1,89,opys-explicit
7af8acf3-91a7-492c-aef6-d269aa396c03,ЦДНТА-(Р-17-3-9-1-83+++Р-17-3-9-1-83+++Р-17-3-9-1-83),Р-17-3-9-1-83,Р17,3-9,1,83,opys-explicit
f522dc42-a2bd-4b66-9937-c46b429156a0,ЦДНТА-(Р-17-3-9-1-112+++Р-17-3-9-1-112+++Р-17-3-9-1-112),Р-17-3-9-1-112,Р17,3-9,1,112,opys-explicit
6b7be7a2-7994-42d3-a485-8da96175ad53,ЦДНТА-(Р-17-3-9-1-111+++Р-17-3-9-1-111+++Р-17-3-9-1-111),Р-17-3-9-1-111,Р17,3-9,1,111,opys-explicit
e8db97d9-4609-46a6-af62-b846b868577c,ЦДНТА-(Р-17-3-9-1-113+++Р-17-3-9-1-113+++Р-17-3-9-1-113),Р-17-3-9-1-113,Р17,3-9,1,113,opys-explicit
e1bd3368-af0a-4da9-b3f8-5b51eed72772,ЦДНТА-(Р-17-3-9-1-116+++Р-17-3-9-1-116+++Р-17-3-9-1-116),Р-17-3-9-1-116,Р17,3-9,1,116,opys-explicit
3e14ef69-9bd4-44c5-a0f2-ed6fb6aacae7,ЦДНТА-(Р-17-3-9-1-126+++Р-17-3-9-1-126+++Р-17-3-9-1-126),Р-17-3-9-1-126,Р17,3-9,1,126,opys-explicit
fb6107ca-efc0-4be0-bc43-21b1e32b4f28,ЦДНТА-(Р-17-3-9-1-137+++Р-17-3-9-1-137+++Р-17-3-9-1-137),Р-17-3-9-1-137,Р17,3-9,1,137,opys-explicit
d0b63e9b-93de-4b07-8927-995179c0383c,ЦДНТА-(Р-17-3-9-1-150+++Р-17-3-9-1-150+++Р-17-3-9-1-150),Р-17-3-9-1-150,Р17,3-9,1,150,opys-explicit
21e6b728-601e-4d3a-a0fd-5fd3ebd79b3b,ЦДНТА-(Р-17-3-9-1-152+++Р-17-3-9-1-152+++Р-17-3-9-1-152),Р-17-3-9-1-152,Р17,3-9,1,152,opys-explicit
d1897813-3e9e-44c4-9106-7c8b24d18f22,ЦДНТА-(Р-17-3-9-1-156+++Р-17-3-9-1-156+++Р-17-3-9-1-156),Р-17-3-9-1-156,Р17,3-9,1,156,opys-explicit
bbde27c8-abeb-4ec2-a23c-0ee201d1f00c,ЦДНТА-(Р-17-3-9-1-158+++Р-17-3-9-1-158+++Р-17-3-9-1-158),Р-17-3-9-1-158,Р17,3-9,1,158,opys-explicit
440c4a57-33ef-469b-96e7-3781948382fc,ЦДНТА-(Р-17-3-9-1-160+++Р-17-3-9-1-160+++Р-17-3-9-1-160),Р-17-3-9-1-160,Р17,3-9,1,160,opys-explicit
d1afd2a3-1112-4c93-a6f0-f8943b73bf05,ЦДНТА-(Р-17-3-9-1-168+++Р-17-3-9-1-168+++Р-17-3-9-1-168),Р-17-3-9-1-168,Р17,3-9,1,168,opys-explicit
32168eae-a4cf-41f6-bd98-0e0d71c5f318,ЦДНТА-(Р-17-3-9-1-169+++Р-17-3-9-1-169+++Р-17-3-9-1-169),Р-17-3-9-1-169,Р17,3-9,1,169,opys-explicit
b4fba364-eda2-4fc4-bca9-c2616cb40875,ЦДНТА-(Р-17-3-9-1-173+++Р-17-3-9-1-173+++Р-17-3-9-1-173),Р-17-3-9-1-173,Р17,3-9,1,173,opys-explicit
1df7cc97-0c44-40b2-a325-a0f1b4730f24,ЦДНТА-(Р-17-3-9-1-177+++Р-17-3-9-1-177+++Р-17-3-9-1-177),Р-17-3-9-1-177,Р17,3-9,1,177,opys-explicit
d04bd072-8696-485e-a9a2-0089b634cb40,ЦДНТА-(Р-17-3-9-1-188+++Р-17-3-9-1-188+++Р-17-3-9-1-188),Р-17-3-9-1-188,Р17,3-9,1,188,opys-explicit
24b6d710-2b5e-4e44-b249-fa11b4a7776d,ЦДНТА-(Р-17-3-9-1-187+++Р-17-3-9-1-187+++Р-17-3-9-1-187),Р-17-3-9-1-187,Р17,3-9,1,187,opys-explicit
9bd2e97e-97dd-497a-81e4-fc0dde94ad8d,ЦДНТА-(Р-17-3-9-1-193+++Р-17-3-9-1-193+++Р-17-3-9-1-193),Р-17-3-9-1-193,Р17,3-9,1,193,opys-explicit
585d53d2-64e6-408d-a835-4c33737a14a5,ЦДНТА-(Р-17-3-9-1-202+++Р-17-3-9-1-202+++Р-17-3-9-1-202),Р-17-3-9-1-202,Р17,3-9,1,202,opys-explicit
a3358070-9e94-4860-b438-e0ee6738f44a,ЦДНТА-(Р-17-3-9-1-220+++Р-17-3-9-1-220+++Р-17-3-9-1-220),Р-17-3-9-1-220,Р17,3-9,1,220,opys-explicit
f1526c11-3fa1-4df4-95ab-cd2c99611e51,ЦДНТА-(Р-17-3-9-1-210+++Р-17-3-9-1-210+++Р-17-3-9-1-210),Р-17-3-9-1-210,Р17,3-9,1,210,opys-explicit
02f77ef5-7eb7-497a-a3db-ff54aafb8735,ЦДНТА-(Р-17-3-9-1-213+++Р-17-3-9-1-213+++Р-17-3-9-1-213),Р-17-3-9-1-213,Р17,3-9,1,213,opys-explicit
c4ac5923-bb98-45fd-a750-08523285ccfe,ЦДНТА-(Р-17-3-9-1-217+++Р-17-3-9-1-217+++Р-17-3-9-1-217),Р-17-3-9-1-217,Р17,3-9,1,217,opys-explicit
0974e00b-8403-4aa5-bfec-630adcf702a3,ЦДНТА-(Р-17-3-9-1-219+++Р-17-3-9-1-219+++Р-17-3-9-1-219),Р-17-3-9-1-219,Р17,3-9,1,219,opys-explicit
3d399af4-00fd-479d-94f1-2b753dc87df7,ЦДНТА-(Р-17-3-9-1-222+++Р-17-3-9-1-222+++Р-17-3-9-1-222),Р-17-3-9-1-222,Р17,3-9,1,222,opys-explicit
54088b41-c107-45b3-8630-028b3d0ff96a,ЦДНТА-(Р-17-3-9-1-232+++Р-17-3-9-1-232+++Р-17-3-9-1-232),Р-17-3-9-1-232,Р17,3-9,1,232,opys-explicit
7b00c961-ddf3-4c25-929f-f8a2d481340b,ЦДНТА-(Р-17-3-9-1-233+++Р-17-3-9-1-233+++Р-17-3-9-1-233),Р-17-3-9-1-233,Р17,3-9,1,233,opys-explicit
849deeb7-3240-4b05-95fb-9bc973e6f322,ЦДНТА-(Р-17-3-9-1-234+++Р-17-3-9-1-234+++Р-17-3-9-1-234),Р-17-3-9-1-234,Р17,3-9,1,234,opys-explicit
5f251687-e05a-4c52-9880-268fc8c6c5ac,ЦДНТА-(Р-17-3-9-1-244+++Р-17-3-9-1-244+++Р-17-3-9-1-244),Р-17-3-9-1-244,Р17,3-9,1,244,opys-explicit
4a457b7b-54b1-46bb-a38c-440c169da1bd,ЦДНТА-(Р-17-3-9-1-247+++Р-17-3-9-1-247+++Р-17-3-9-1-247),Р-17-3-9-1-247,Р17,3-9,1,247,opys-explicit
9cceaa87-b979-4a59-93b2-37fa098839a7,ЦДНТА-(Р-17-3-9-1-252+++Р-17-3-9-1-252+++Р-17-3-9-1-252),Р-17-3-9-1-252,Р17,3-9,1,252,opys-explicit
97c16487-83fe-4824-b130-287e63c072dc,ЦДНТА-(Р-17-3-9-1-256+++Р-17-3-9-1-256+++Р-17-3-9-1-256),Р-17-3-9-1-256,Р17,3-9,1,256,opys-explicit
cb2d1dd0-12b6-49f9-aad9-74c481e33563,ЦДНТА-(Р-17-3-9-1-262+++Р-17-3-9-1-262+++Р-17-3-9-1-262),Р-17-3-9-1-262,Р17,3-9,1,262,opys-explicit
5c6a0475-3dd2-4245-b26f-b09f8a6940e4,ЦДНТА-(Р-17-3-9-1-246+++Р-17-3-9-1-246+++Р-17-3-9-1-246),Р-17-3-9-1-246,Р17,3-9,1,246,opys-explicit
924e42d4-8373-4401-bc90-fd70a1741eb2,ЦДНТА-(Р-17-3-9-1-269+++Р-17-3-9-1-269+++Р-17-3-9-1-269),Р-17-3-9-1-269,Р17,3-9,1,269,opys-explicit
521b72e0-2a48-4c33-b06d-921aca30e882,ЦДНТА-(Р-17-3-9-1-288+++Р-17-3-9-1-288+++Р-17-3-9-1-288),Р-17-3-9-1-288,Р17,3-9,1,288,opys-explicit
1ab43454-f7e6-4cfe-9d4d-2c17120ec8d4,ЦДНТА-(Р-17-3-9-1-289+++Р-17-3-9-1-289+++Р-17-3-9-1-289),Р-17-3-9-1-289,Р17,3-9,1,289,opys-explicit
3af0ab02-56e1-4ec7-aa0c-3e463a11203f,ЦДНТА-(Р-17-3-9-1-270+++Р-17-3-9-1-270+++Р-17-3-9-1-270),Р-17-3-9-1-270,Р17,3-9,1,270,opys-explicit
fae94bee-952e-4a91-bb47-611425ae6695,ЦДНТА-(Р-17-3-9-1-296+++Р-17-3-9-1-296+++Р-17-3-9-1-296),Р-17-3-9-1-296,Р17,3-9,1,296,opys-explicit
8f8587e5-389a-4e8c-b2e8-e791037b970a,ЦДНТА-(Р-17-3-9-1-298+++Р-17-3-9-1-298+++Р-17-3-9-1-298),Р-17-3-9-1-298,Р17,3-9,1,298,opys-explicit
4a28155a-2089-41ba-b2cc-e0594ce1d63e,ЦДНТА-(Р-17-3-9-1-308+++Р-17-3-9-1-308+++Р-17-3-9-1-308),Р-17-3-9-1-308,Р17,3-9,1,308,opys-explicit
c89688ab-5bab-4f73-93f5-f50fe6f47b8b,ЦДНТА-(Р-17-3-9-1-328+++Р-17-3-9-1-328+++Р-17-3-9-1-328),Р-17-3-9-1-328,Р17,3-9,1,328,opys-explicit
48e2a544-320f-40a2-a06d-95a98c4280d3,ЦДНТА-(Р-17-3-9-1-318+++Р-17-3-9-1-318+++Р-17-3-9-1-318),Р-17-3-9-1-318,Р17,3-9,1,318,opys-explicit
bdcbfa74-4e5c-43fc-810b-143f025e5b2e,ЦДНТА-(Р-17-3-9-1-320+++Р-17-3-9-1-320+++Р-17-3-9-1-320),Р-17-3-9-1-320,Р17,3-9,1,320,opys-explicit
0064c871-cb67-4891-9848-e1af4ebfbe0d,ЦДНТА-(Р-17-3-9-1-335+++Р-17-3-9-1-335+++Р-17-3-9-1-335),Р-17-3-9-1-335,Р17,3-9,1,335,opys-explicit
92610b01-04ed-4b93-9b8a-6875222a8b5f,ЦДНТА-(Р-17-3-9-1-304+++Р-17-3-9-1-304+++Р-17-3-9-1-304),Р-17-3-9-1-304,Р17,3-9,1,304,opys-explicit
e2e93a0b-7c49-41ba-ae0d-86e592480a8b,ЦДНТА-(Р-17-3-9-1-347+++Р-17-3-9-1-347+++Р-17-3-9-1-347),Р-17-3-9-1-347,Р17,3-9,1,347,opys-explicit
9efd4cb3-0a1f-44a7-a6d5-2eaf49c2c4ce,ЦДНТА-(Р-17-3-9-1-346+++Р-17-3-9-1-346+++Р-17-3-9-1-346),Р-17-3-9-1-346,Р17,3-9,1,346,opys-explicit
3ecbd96a-acb8-49e1-9b12-f4f56e4c3456,ЦДНТА-(Р-17-3-9-1-338+++Р-17-3-9-1-338+++Р-17-3-9-1-338),Р-17-3-9-1-338,Р17,3-9,1,338,opys-explicit
361d8f32-36f6-4b37-bdf3-9cca448eaf80,ЦДНТА-(Р-17-3-9-1-349+++Р-17-3-9-1-349+++Р-17-3-9-1-349),Р-17-3-9-1-349,Р17,3-9,1,349,opys-explicit
89614b93-cddd-4930-8b3c-171699d510cf,ЦДНТА-(Р-17-3-9-2-664+++Р-17-3-9-2-664+++Р-17-3-9-2-664),Р-17-3-9-2-664,Р17,3-9,2,664,opys-explicit
c7675912-ed5d-4f31-96f6-b12bf121d299,ЦДНТА-(Р-17-3-9-2-666+++Р-17-3-9-2-666+++Р-17-3-9-2-666),Р-17-3-9-2-666,Р17,3-9,2,666,opys-explicit
cbf44652-b721-422f-85ea-d4667e16aea8,ЦДНТА-(Р-17-3-9-2-683+++Р-17-3-9-2-683+++Р-17-3-9-2-683),Р-17-3-9-2-683,Р17,3-9,2,683,opys-explicit
69ffaf0d-bfe2-4e46-ae97-b7e367a1b5c1,ЦДНТА-(Р-17-3-9-2-687+++Р-17-3-9-2-687+++Р-17-3-9-2-687),Р-17-3-9-2-687,Р17,3-9,2,687,opys-explicit
43d27ead-246e-40d1-9227-cd6196892e67,ЦДНТА-(Р-17-3-9-2-672+++Р-17-3-9-2-672+++Р-17-3-9-2-672),Р-17-3-9-2-672,Р17,3-9,2,672,opys-explicit
dd4492f2-d210-4e01-9f77-2abbd0cfedfc,ЦДНТА-(Р-17-3-9-2-688+++Р-17-3-9-2-688+++Р-17-3-9-2-688),Р-17-3-9-2-688,Р17,3-9,2,688,opys-explicit
a94b531e-11de-419e-94b0-ea3b222f9aae,ЦДНТА-(Р-17-3-9-2-689+++Р-17-3-9-2-689+++Р-17-3-9-2-689),Р-17-3-9-2-689,Р17,3-9,2,689,opys-explicit
c1b676fb-8c8d-4e83-be0a-f21cca636c2a,ЦДНТА-(Р-17-3-9-2-691+++Р-17-3-9-2-691+++Р-17-3-9-2-691),Р-17-3-9-2-691,Р17,3-9,2,691,opys-explicit
b5d38b20-932b-4b1f-a376-fe01cca5eab9,ЦДНТА-(Р-17-3-9-2-702+++Р-17-3-9-2-702+++Р-17-3-9-2-702),Р-17-3-9-2-702,Р17,3-9,2,702,opys-explicit
0825b736-001d-4dd0-b735-ad73efd3d996,ЦДНТА-(Р-17-3-9-2-706+++Р-17-3-9-2-706+++Р-17-3-9-2-706),Р-17-3-9-2-706,Р17,3-9,2,706,opys-explicit
0833359f-5999-412d-9af4-595544e8c513,ЦДНТА-(Р-17-3-9-2-707+++Р-17-3-9-2-707+++Р-17-3-9-2-707),Р-17-3-9-2-707,Р17,3-9,2,707,opys-explicit
62e0dcab-d25a-4ab7-b9e7-7e6779543ff0,ЦДНТА-(Р-17-3-9-2-718+++Р-17-3-9-2-718+++Р-17-3-9-2-718),Р-17-3-9-2-718,Р17,3-9,2,718,opys-explicit
d36d821a-1fff-4271-8e98-6f615b1b9812,ЦДНТА-(Р-17-3-9-2-719+++Р-17-3-9-2-719+++Р-17-3-9-2-719),Р-17-3-9-2-719,Р17,3-9,2,719,opys-explicit
443fc827-5239-4fdf-914b-6c72f3ae0627,ЦДНТА-(Р-17-3-9-2-730+++Р-17-3-9-2-730+++Р-17-3-9-2-730),Р-17-3-9-2-730,Р17,3-9,2,730,opys-explicit
a4311fdd-accc-4ce6-88c3-dfbdf41eac24,ЦДНТА-(Р-17-3-9-2-731+++Р-17-3-9-2-731+++Р-17-3-9-2-731),Р-17-3-9-2-731,Р17,3-9,2,731,opys-explicit
4354370b-c178-479d-bd35-fb99187788d3,ЦДНТА-(Р-17-3-9-2-710+++Р-17-3-9-2-710+++Р-17-3-9-2-710),Р-17-3-9-2-710,Р17,3-9,2,710,opys-explicit
a937a84d-da50-4637-a526-1b16890c8c2b,ЦДНТА-(Р-17-3-9-2-734+++Р-17-3-9-2-734+++Р-17-3-9-2-734),Р-17-3-9-2-734,Р17,3-9,2,734,opys-explicit
b304ed7e-7e8a-4ac8-bcad-1cfa8d87e1c7,ЦДНТА-(Р-17-3-9-2-735+++Р-17-3-9-2-735+++Р-17-3-9-2-735),Р-17-3-9-2-735,Р17,3-9,2,735,opys-explicit
b4b2aede-ecf4-406a-ae95-d73e459e23df,ЦДНТА-(Р-17-3-9-2-741+++Р-17-3-9-2-741+++Р-17-3-9-2-741),Р-17-3-9-2-741,Р17,3-9,2,741,opys-explicit
aa55befd-4454-42f9-8c20-227020e51715,ЦДНТА-(Р-17-3-9-2-750+++Р-17-3-9-2-750+++Р-17-3-9-2-750),Р-17-3-9-2-750,Р17,3-9,2,750,opys-explicit
cc9712b2-f7a9-4271-846b-4da93aacbbd2,ЦДНТА-(Р-17-3-9-2-738+++Р-17-3-9-2-738+++Р-17-3-9-2-738),Р-17-3-9-2-738,Р17,3-9,2,738,opys-explicit
344e6fd3-89d1-402d-827b-d8f2349cc18e,ЦДНТА-(Р-17-3-9-2-746+++Р-17-3-9-2-746+++Р-17-3-9-2-746),Р-17-3-9-2-746,Р17,3-9,2,746,opys-explicit
99094891-d990-4ac9-b0db-08d779519061,ЦДНТА-(Р-17-3-9-2-755+++Р-17-3-9-2-755+++Р-17-3-9-2-755),Р-17-3-9-2-755,Р17,3-9,2,755,opys-explicit
bc058792-f274-492e-951b-e04bf800ee07,ЦДНТА-(Р-17-3-9-2-756+++Р-17-3-9-2-756+++Р-17-3-9-2-756),Р-17-3-9-2-756,Р17,3-9,2,756,opys-explicit
d9b87a00-a4b2-49af-a17a-0e4156979d67,ЦДНТА-(Р-17-3-9-1-362+++Р-17-3-9-1-362+++Р-17-3-9-1-362),Р-17-3-9-1-362,Р17,3-9,1,362,opys-explicit
fa67a5a5-9c36-4810-8ed0-475f58b65f03,ЦДНТА-(Р-17-3-9-1-366+++Р-17-3-9-1-366+++Р-17-3-9-1-366),Р-17-3-9-1-366,Р17,3-9,1,366,opys-explicit
866c4232-a717-46c7-a08e-3dd7cc6696ba,ЦДНТА-(Р-17-3-9-1-369+++Р-17-3-9-1-369+++Р-17-3-9-1-369),Р-17-3-9-1-369,Р17,3-9,1,369,opys-explicit
86dfd882-8415-4751-abde-fc86e278e429,ЦДНТА-(Р-17-3-9-1-371+++Р-17-3-9-1-371+++Р-17-3-9-1-371),Р-17-3-9-1-371,Р17,3-9,1,371,opys-explicit
4984b147-f06e-4862-8e87-f9a0f95a7639,ЦДНТА-(Р-17-3-9-1-374+++Р-17-3-9-1-374+++Р-17-3-9-1-374),Р-17-3-9-1-374,Р17,3-9,1,374,opys-explicit
48c16c15-182a-4f3c-8504-437543666ff6,ЦДНТА-(Р-17-3-9-1-377+++Р-17-3-9-1-377+++Р-17-3-9-1-377),Р-17-3-9-1-377,Р17,3-9,1,377,opys-explicit
d88c3d40-579f-4452-87b4-e2dde503fe25,ЦДНТА-(Р-17-3-9-1-384+++Р-17-3-9-1-384+++Р-17-3-9-1-384),Р-17-3-9-1-384,Р17,3-9,1,384,opys-explicit
7a216b2d-2001-4b1d-91e7-b2c8c0104d3a,ЦДНТА-(Р-17-3-9-1-385+++Р-17-3-9-1-385+++Р-17-3-9-1-385),Р-17-3-9-1-385,Р17,3-9,1,385,opys-explicit
f38a8ffb-4f5f-465d-8d8f-63d11e0ba613,ЦДНТА-(Р-17-3-9-1-390+++Р-17-3-9-1-390+++Р-17-3-9-1-390),Р-17-3-9-1-390,Р17,3-9,1,390,opys-explicit
479cc864-cadc-4ec6-9c4c-23f72c57674f,ЦДНТА-(Р-17-3-9-1-393+++Р-17-3-9-1-393+++Р-17-3-9-1-393),Р-17-3-9-1-393,Р17,3-9,1,393,opys-explicit
3271c6ad-e21f-4ea1-969a-a8101b750e03,ЦДНТА-(Р-17-3-9-1-396+++Р-17-3-9-1-396+++Р-17-3-9-1-396),Р-17-3-9-1-396,Р17,3-9,1,396,opys-explicit
447d4121-4c43-4fed-93d4-ce828a282e83,ЦДНТА-(Р-17-3-9-1-401+++Р-17-3-9-1-401+++Р-17-3-9-1-401),Р-17-3-9-1-401,Р17,3-9,1,401,opys-explicit
6b273f6d-c454-4c5a-b3a2-d41c980bbb6e,ЦДНТА-(Р-17-3-9-1-414+++Р-17-3-9-1-414+++Р-17-3-9-1-414),Р-17-3-9-1-414,Р17,3-9,1,414,opys-explicit
1637aa81-c386-4e55-9cef-b006545ad2c9,ЦДНТА-(Р-17-3-9-1-420+++Р-17-3-9-1-420+++Р-17-3-9-1-420),Р-17-3-9-1-420,Р17,3-9,1,420,opys-explicit
9b8df1b7-74eb-4183-bf0c-a3adc4af9d3f,ЦДНТА-(Р-17-3-9-1-432+++Р-17-3-9-1-432+++Р-17-3-9-1-432),Р-17-3-9-1-432,Р17,3-9,1,432,opys-explicit
f56266eb-2ddd-4107-a229-062ffac6a242,ЦДНТА-(Р-17-3-9-1-425+++Р-17-3-9-1-425+++Р-17-3-9-1-425),Р-17-3-9-1-425,Р17,3-9,1,425,opys-explicit
8036df5e-dbe6-4617-9971-f24d19cf91de,ЦДНТА-(Р-17-3-9-1-434+++Р-17-3-9-1-434+++Р-17-3-9-1-434),Р-17-3-9-1-434,Р17,3-9,1,434,opys-explicit
d4a9233e-62f2-40fb-9907-ee5d4fd2db9b,ЦДНТА-(Р-17-3-9-1-439+++Р-17-3-9-1-439+++Р-17-3-9-1-439),Р-17-3-9-1-439,Р17,3-9,1,439,opys-explicit
4f13949c-28ee-4abf-86a3-92e020aff18c,ЦДНТА-(Р-17-3-9-1-442+++Р-17-3-9-1-442+++Р-17-3-9-1-442),Р-17-3-9-1-442,Р17,3-9,1,442,opys-explicit
c3d5507f-1459-4094-bf24-e05f4d9cc805,ЦДНТА-(Р-17-3-9-1-447+++Р-17-3-9-1-447+++Р-17-3-9-1-447),Р-17-3-9-1-447,Р17,3-9,1,447,opys-explicit
11809adc-cf52-4f5c-a477-312406318d20,ЦДНТА-(Р-17-3-9-1-450+++Р-17-3-9-1-450+++Р-17-3-9-1-450),Р-17-3-9-1-450,Р17,3-9,1,450,opys-explicit
b29c903d-ee21-4f8d-aca6-18e1ef6d0b13,ЦДНТА-(Р-17-3-9-1-457+++Р-17-3-9-1-457+++Р-17-3-9-1-457),Р-17-3-9-1-457,Р17,3-9,1,457,opys-explicit
c6bd0895-23c7-4e9f-99a3-9c871ab549a4,ЦДНТА-(Р-17-3-9-1-459+++Р-17-3-9-1-459+++Р-17-3-9-1-459),Р-17-3-9-1-459,Р17,3-9,1,459,opys-explicit
35b88b38-8d67-4dac-a916-1ad7d55b943c,ЦДНТА-(Р-17-3-9-1-472+++Р-17-3-9-1-472+++Р-17-3-9-1-472),Р-17-3-9-1-472,Р17,3-9,1,472,opys-explicit
3d6d8545-f929-4e51-bc89-7f393a22b245,ЦДНТА-(Р-17-3-9-1-476+++Р-17-3-9-1-476+++Р-17-3-9-1-476),Р-17-3-9-1-476,Р17,3-9,1,476,opys-explicit
0cd2cce3-eada-48cf-9f8d-1d852e4d88cd,ЦДНТА-(Р-17-3-9-1-483+++Р-17-3-9-1-483+++Р-17-3-9-1-483),Р-17-3-9-1-483,Р17,3-9,1,483,opys-explicit
59aa4cc5-8428-43ae-b6d6-39aa71a2fc1f,ЦДНТА-(Р-17-3-9-1-486+++Р-17-3-9-1-486+++Р-17-3-9-1-486),Р-17-3-9-1-486,Р17,3-9,1,486,opys-explicit
04ab46e6-9ee9-4115-a80d-e2337f5144c3,ЦДНТА-(Р-17-3-9-1-490+++Р-17-3-9-1-490+++Р-17-3-9-1-490),Р-17-3-9-1-490,Р17,3-9,1,490,opys-explicit
0c964bc4-48b5-4bbd-a6c2-e40fda5f54a7,ЦДНТА-(Р-17-3-9-1-494+++Р-17-3-9-1-494+++Р-17-3-9-1-494),Р-17-3-9-1-494,Р17,3-9,1,494,opys-explicit
c0c7e941-267d-4459-a7fe-da1d140de3ff,ЦДНТА-(Р-17-3-9-1-514+++Р-17-3-9-1-514+++Р-17-3-9-1-514),Р-17-3-9-1-514,Р17,3-9,1,514,opys-explicit
b200749e-8413-4199-896f-c442f3bd2bbe,ЦДНТА-(Р-17-3-9-1-538+++Р-17-3-9-1-538+++Р-17-3-9-1-538),Р-17-3-9-1-538,Р17,3-9,1,538,opys-explicit
a6265526-c3c7-446b-9731-ed8e93d0416a,ЦДНТА-(Р-17-3-9-1-525+++Р-17-3-9-1-525+++Р-17-3-9-1-525),Р-17-3-9-1-525,Р17,3-9,1,525,opys-explicit
b1520175-115a-44b3-8166-7394c0070bf2,ЦДНТА-(Р-17-3-9-1-512+++Р-17-3-9-1-512+++Р-17-3-9-1-512),Р-17-3-9-1-512,Р17,3-9,1,512,opys-explicit
fb3d328b-0484-452e-9a21-b1edaea90272,ЦДНТА-(Р-17-3-9-1-510+++Р-17-3-9-1-510+++Р-17-3-9-1-510),Р-17-3-9-1-510,Р17,3-9,1,510,opys-explicit
6c4df221-9ad1-440e-bd61-56cfdeafedee,ЦДНТА-(Р-17-3-9-1-513+++Р-17-3-9-1-513+++Р-17-3-9-1-513),Р-17-3-9-1-513,Р17,3-9,1,513,opys-explicit
9001ce55-2549-43be-b92a-c6066de7e7ce,ЦДНТА-(Р-17-3-9-1-527+++Р-17-3-9-1-527+++Р-17-3-9-1-527),Р-17-3-9-1-527,Р17,3-9,1,527,opys-explicit
2c096a9b-d31c-400c-959c-bd79de41bcf0,ЦДНТА-(Р-17-3-9-1-518+++Р-17-3-9-1-518+++Р-17-3-9-1-518),Р-17-3-9-1-518,Р17,3-9,1,518,opys-explicit
2e2f1eaa-7d45-44db-8e6f-f980693090e2,ЦДНТА-(Р-17-3-9-1-534+++Р-17-3-9-1-534+++Р-17-3-9-1-534),Р-17-3-9-1-534,Р17,3-9,1,534,opys-explicit
d05f5fb1-e6b2-437f-a595-4e9c5d250d1e,ЦДНТА-(Р-17-3-9-1-562+++Р-17-3-9-1-562+++Р-17-3-9-1-562),Р-17-3-9-1-562,Р17,3-9,1,562,opys-explicit
36bfc051-e1bb-425b-ac51-e909fd4b455f,ЦДНТА-(Р-17-3-9-1-535+++Р-17-3-9-1-535+++Р-17-3-9-1-535),Р-17-3-9-1-535,Р17,3-9,1,535,opys-explicit
84916451-1b1c-4485-ab35-d80200fedc62,ЦДНТА-(Р-17-3-9-1-569+++Р-17-3-9-1-569+++Р-17-3-9-1-569),Р-17-3-9-1-569,Р17,3-9,1,569,opys-explicit
9e38c9fe-cf6e-4ee1-ae43-0cae0ba0faff,ЦДНТА-(Р-17-3-9-1-576+++Р-17-3-9-1-576+++Р-17-3-9-1-576),Р-17-3-9-1-576,Р17,3-9,1,576,opys-explicit
3826a1f9-bfdc-470b-9456-00791ab035e6,ЦДНТА-(Р-17-3-9-1-542+++Р-17-3-9-1-542+++Р-17-3-9-1-542),Р-17-3-9-1-542,Р17,3-9,1,542,opys-explicit
002670b9-ee6e-4e87-b742-8c77bc5f5b89,ЦДНТА-(Р-17-3-9-1-580+++Р-17-3-9-1-580+++Р-17-3-9-1-580),Р-17-3-9-1-580,Р17,3-9,1,580,opys-explicit
79ae1727-6572-4e4f-8166-19c4a4639dfc,ЦДНТА-(Р-17-3-9-1-567+++Р-17-3-9-1-567+++Р-17-3-9-1-567),Р-17-3-9-1-567,Р17,3-9,1,567,opys-explicit
e23f8a29-24a0-4431-b2f5-b39c0e184d30,ЦДНТА-(Р-17-3-9-1-551+++Р-17-3-9-1-551+++Р-17-3-9-1-551),Р-17-3-9-1-551,Р17,3-9,1,551,opys-explicit
6618f70a-08b9-4e99-9f2c-b9d8d81a8418,ЦДНТА-(Р-17-3-9-1-556+++Р-17-3-9-1-556+++Р-17-3-9-1-556),Р-17-3-9-1-556,Р17,3-9,1,556,opys-explicit
c903867e-dfcc-44b5-80e9-f58671c132a3,ЦДНТА-(Р-17-3-9-1-609+++Р-17-3-9-1-609+++Р-17-3-9-1-609),Р-17-3-9-1-609,Р17,3-9,1,609,opys-explicit
6e427650-b19d-4d3a-aaf6-a1305afdea85,ЦДНТА-(Р-17-3-9-1-618+++Р-17-3-9-1-618+++Р-17-3-9-1-618),Р-17-3-9-1-618,Р17,3-9,1,618,opys-explicit
9d208e39-e08b-4adb-9425-b60abf156020,ЦДНТА-(Р-17-3-9-1-585+++Р-17-3-9-1-585+++Р-17-3-9-1-585),Р-17-3-9-1-585,Р17,3-9,1,585,opys-explicit
cc6b4196-c744-4be7-b4ae-45bec73ed33c,ЦДНТА-(Р-17-3-9-1-574+++Р-17-3-9-1-574+++Р-17-3-9-1-574),Р-17-3-9-1-574,Р17,3-9,1,574,opys-explicit
f84efcba-e9b5-459e-af00-e19b34b6d5fa,ЦДНТА-(Р-17-3-9-1-612+++Р-17-3-9-1-612+++Р-17-3-9-1-612),Р-17-3-9-1-612,Р17,3-9,1,612,opys-explicit
2cee1324-cb5b-4cb6-9bb8-5ec5980e36c2,ЦДНТА-(Р-17-3-9-1-628+++Р-17-3-9-1-628+++Р-17-3-9-1-628),Р-17-3-9-1-628,Р17,3-9,1,628,opys-explicit
f757088d-bf37-4f38-bfe0-bbbdb6481e10,ЦДНТА-(Р-17-3-9-1-599+++Р-17-3-9-1-599+++Р-17-3-9-1-599),Р-17-3-9-1-599,Р17,3-9,1,599,opys-explicit
68e159d9-5697-4b0b-9698-52d2fbd62e20,ЦДНТА-(Р-17-3-9-1-616+++Р-17-3-9-1-616+++Р-17-3-9-1-616),Р-17-3-9-1-616,Р17,3-9,1,616,opys-explicit
aa174882-8101-4645-876c-c90abd721791,ЦДНТА-(Р-17-3-9-1-651+++Р-17-3-9-1-651+++Р-17-3-9-1-651),Р-17-3-9-1-651,Р17,3-9,1,651,opys-explicit
0b189686-8110-402a-b43d-586672ad8f79,ЦДНТА-(Р-17-3-9-1-653+++Р-17-3-9-1-653+++Р-17-3-9-1-653),Р-17-3-9-1-653,Р17,3-9,1,653,opys-explicit
2a705865-031c-4739-82f9-a52ddc64fd91,ЦДНТА-(Р-17-3-9-2-679+++Р-17-3-9-2-679+++Р-17-3-9-2-679),Р-17-3-9-2-679,Р17,3-9,2,679,opys-explicit
c15e2aed-3d91-4c7c-90ce-ba88ab7973e8,ЦДНТА-(Р-17-3-9-2-673+++Р-17-3-9-2-673+++Р-17-3-9-2-673),Р-17-3-9-2-673,Р17,3-9,2,673,opys-explicit
78c3c350-8f0a-4e05-b675-59b5adf28622,ЦДНТА-(Р-17-3-9-1-644+++Р-17-3-9-1-644+++Р-17-3-9-1-644),Р-17-3-9-1-644,Р17,3-9,1,644,opys-explicit
6e535dbe-ee35-4938-9055-c4151904c210,ЦДНТА-(Р-17-3-9-2-692+++Р-17-3-9-2-692+++Р-17-3-9-2-692),Р-17-3-9-2-692,Р17,3-9,2,692,opys-explicit
68b96f83-f621-45f0-ab1e-cc4340e86abd,ЦДНТА-(Р-17-3-9-1-661+++Р-17-3-9-1-661+++Р-17-3-9-1-661),Р-17-3-9-1-661,Р17,3-9,1,661,opys-explicit
c581d2bd-d92d-4457-94da-d625d9073da4,ЦДНТА-(Р-17-3-9-1-645+++Р-17-3-9-1-645+++Р-17-3-9-1-645),Р-17-3-9-1-645,Р17,3-9,1,645,opys-explicit
42e244a6-f9e5-409c-b23c-a8753d6a3cdc,ЦДНТА-(Р-17-3-9-1-633+++Р-17-3-9-1-633+++Р-17-3-9-1-633),Р-17-3-9-1-633,Р17,3-9,1,633,opys-explicit
4765868f-ff8a-4ef8-a21f-5448f10747ee,ЦДНТА-(Р-17-3-9-2-685+++Р-17-3-9-2-685+++Р-17-3-9-2-685),Р-17-3-9-2-685,Р17,3-9,2,685,opys-explicit
89259fd3-5411-41a5-b352-ee9f1bb5bb4e,ЦДНТА-(Р-17-3-9-2-680+++Р-17-3-9-2-680+++Р-17-3-9-2-680),Р-17-3-9-2-680,Р17,3-9,2,680,opys-explicit
9e4a7661-c664-444f-89c4-c793ce26283c,ЦДНТА-(Р-17-3-9-2-695+++Р-17-3-9-2-695+++Р-17-3-9-2-695),Р-17-3-9-2-695,Р17,3-9,2,695,opys-explicit
31f9e47b-144f-4816-91c2-463a5800d157,ЦДНТА-(Р-17-3-9-1-648+++Р-17-3-9-1-648+++Р-17-3-9-1-648),Р-17-3-9-1-648,Р17,3-9,1,648,opys-explicit
1378b33e-e3fb-44e5-9c91-51f8c93f7009,ЦДНТА-(Р-17-3-9-2-693+++Р-17-3-9-2-693+++Р-17-3-9-2-693),Р-17-3-9-2-693,Р17,3-9,2,693,opys-explicit
027936af-7584-4d25-a9e1-0afb88ee16e9,ЦДНТА-(Р-17-3-9-2-663+++Р-17-3-9-2-663+++Р-17-3-9-2-663),Р-17-3-9-2-663,Р17,3-9,2,663,opys-explicit
ecdf1500-7fdd-4fb6-8e79-fa88c82cc756,ЦДНТА-(Р-17-3-9-2-727+++Р-17-3-9-2-727+++Р-17-3-9-2-727),Р-17-3-9-2-727,Р17,3-9,2,727,opys-explicit
36fca380-ecc4-447e-8895-6f40609a7712,ЦДНТА-(Р-17-3-9-1-655+++Р-17-3-9-1-655+++Р-17-3-9-1-655),Р-17-3-9-1-655,Р17,3-9,1,655,opys-explicit
2a7c2560-3961-4fdc-8763-885c60c180d9,ЦДНТА-(Р-17-3-9-2-717+++Р-17-3-9-2-717+++Р-17-3-9-2-717),Р-17-3-9-2-717,Р17,3-9,2,717,opys-explicit
e67063c4-4a10-4331-a67a-7b6764910ce6,ЦДНТА-(Р-17-3-9-2-749+++Р-17-3-9-2-749+++Р-17-3-9-2-749),Р-17-3-9-2-749,Р17,3-9,2,749,opys-explicit
14f6889b-dbc8-4831-8c43-331978c63bfc,ЦДНТА-(Р-17-3-9-2-744+++Р-17-3-9-2-744+++Р-17-3-9-2-744),Р-17-3-9-2-744,Р17,3-9,2,744,opys-explicit
f0b2697b-9db8-4a2c-a90e-9b2bf556894e,ЦДНТА-(Р-17-3-9-2-765+++Р-17-3-9-2-765+++Р-17-3-9-2-765),Р-17-3-9-2-765,Р17,3-9,2,765,opys-explicit
3b4254da-c2db-48a1-bc2b-0e3c414745ec,ЦДНТА-(Р-17-3-9-2-743+++Р-17-3-9-2-743+++Р-17-3-9-2-743),Р-17-3-9-2-743,Р17,3-9,2,743,opys-explicit
28275117-f9b5-4960-b28f-e81e4dd143a9,ЦДНТА-(Р-17-3-9-2-748+++Р-17-3-9-2-748+++Р-17-3-9-2-748),Р-17-3-9-2-748,Р17,3-9,2,748,opys-explicit
75707dbc-9526-4b23-8b83-9595b8c629a0,ЦДНТА-(Р-17-3-9-2-681+++Р-17-3-9-2-681+++Р-17-3-9-2-681),Р-17-3-9-2-681,Р17,3-9,2,681,opys-explicit
d634a9e6-b900-4d98-b813-954e61d4ec61,ЦДНТА-(Р-17-3-9-2-720+++Р-17-3-9-2-720+++Р-17-3-9-2-720),Р-17-3-9-2-720,Р17,3-9,2,720,opys-explicit
e6fa9e64-8aff-41b7-9949-f111768f3027,ЦДНТА-(Р-17-3-9-2-722+++Р-17-3-9-2-722+++Р-17-3-9-2-722),Р-17-3-9-2-722,Р17,3-9,2,722,opys-explicit
115d0fb0-53e1-4ab9-a9a7-53338ba5f9a1,ЦДНТА-(Р-17-3-9-2-716+++Р-17-3-9-2-716+++Р-17-3-9-2-716),Р-17-3-9-2-716,Р17,3-9,2,716,opys-explicit
78794aa6-e3cc-4be0-bb43-3bc245bf41f6,ЦДНТА-(Р-17-3-9-2-697+++Р-17-3-9-2-697+++Р-17-3-9-2-697),Р-17-3-9-2-697,Р17,3-9,2,697,opys-explicit
a9212c06-c798-424e-9881-71fdb91a9b91,ЦДНТА-(Р-17-3-9-2-757+++Р-17-3-9-2-757+++Р-17-3-9-2-757),Р-17-3-9-2-757,Р17,3-9,2,757,opys-explicit
d4cf8bcb-0e36-4bae-9ffb-3829429323a6,ЦДНТА-(Р-17-3-9-2-758+++Р-17-3-9-2-758+++Р-17-3-9-2-758),Р-17-3-9-2-758,Р17,3-9,2,758,opys-explicit
bf8997e7-6928-46b6-937d-503ac735aea1,ЦДНТА-(Р-17-3-9-2-762+++Р-17-3-9-2-762+++Р-17-3-9-2-762),Р-17-3-9-2-762,Р17,3-9,2,762,opys-explicit
e50d8e37-6821-466f-b184-cce284429d68,ЦДНТА-(Р-17-3-9-2-764+++Р-17-3-9-2-764+++Р-17-3-9-2-764),Р-17-3-9-2-764,Р17,3-9,2,764,opys-explicit
87ec39c8-a7be-4558-89c3-b9c580d56b42,ЦДНТА-(Р-17-3-9-2-760+++Р-17-3-9-2-760+++Р-17-3-9-2-760),Р-17-3-9-2-760,Р17,3-9,2,760,opys-explicit
08dfe84f-d273-41c7-9b55-f3f7d391f9e9,ЦДНТА-(Р-17-3-9-2-775+++Р-17-3-9-2-775+++Р-17-3-9-2-775),Р-17-3-9-2-775,Р17,3-9,2,775,opys-explicit
76f85a72-9c2d-425f-9b33-af2f0ab9025a,ЦДНТА-(Р-17-3-9-2-777+++Р-17-3-9-2-777+++Р-17-3-9-2-777),Р-17-3-9-2-777,Р17,3-9,2,777,opys-explicit
1839a1a1-3ab3-4ffa-8f0d-e2c116f63857,ЦДНТА-(Р-17-3-9-2-778+++Р-17-3-9-2-778+++Р-17-3-9-2-778),Р-17-3-9-2-778,Р17,3-9,2,778,opys-explicit
d5b33356-a874-40df-bd3f-79b30aad1edc,ЦДНТА-(Р-17-3-9-2-783+++Р-17-3-9-2-783+++Р-17-3-9-2-783),Р-17-3-9-2-783,Р17,3-9,2,783,opys-explicit
9904497a-908c-4857-84af-116dbf338871,ЦДНТА-(Р-17-3-9-2-779+++Р-17-3-9-2-779+++Р-17-3-9-2-779),Р-17-3-9-2-779,Р17,3-9,2,779,opys-explicit
2bd5e4cf-e620-4c3e-9fdf-4ac248122e6c,ЦДНТА-(Р-17-3-9-2-763+++Р-17-3-9-2-763+++Р-17-3-9-2-763),Р-17-3-9-2-763,Р17,3-9,2,763,opys-explicit
82925eb9-61d2-4bee-9043-c79d05014bea,ЦДНТА-(Р-17-3-9-2-809+++Р-17-3-9-2-809+++Р-17-3-9-2-809),Р-17-3-9-2-809,Р17,3-9,2,809,opys-explicit
48aab9b9-9069-481c-bf22-118ce6312aac,ЦДНТА-(Р-17-3-9-2-810+++Р-17-3-9-2-810+++Р-17-3-9-2-810),Р-17-3-9-2-810,Р17,3-9,2,810,opys-explicit
56c530a0-a9f4-488c-b90b-a5076ed67e12,ЦДНТА-(Р-17-3-9-2-782+++Р-17-3-9-2-782+++Р-17-3-9-2-782),Р-17-3-9-2-782,Р17,3-9,2,782,opys-explicit
b635ef6d-76f3-4a39-a3f3-16e60218e2fe,ЦДНТА-(Р-17-3-9-2-805+++Р-17-3-9-2-805+++Р-17-3-9-2-805),Р-17-3-9-2-805,Р17,3-9,2,805,opys-explicit
7a5c4c44-35ba-49f9-a023-ab58bffffbd7,ЦДНТА-(Р-17-3-9-2-790+++Р-17-3-9-2-790+++Р-17-3-9-2-790),Р-17-3-9-2-790,Р17,3-9,2,790,opys-explicit
6abffede-4a5c-4471-bb81-9078447aad18,ЦДНТА-(Р-17-3-9-2-806+++Р-17-3-9-2-806+++Р-17-3-9-2-806),Р-17-3-9-2-806,Р17,3-9,2,806,opys-explicit
89974192-95eb-45df-ac0a-3680ffdd9a9e,ЦДНТА-(Р-17-3-9-2-808+++Р-17-3-9-2-808+++Р-17-3-9-2-808),Р-17-3-9-2-808,Р17,3-9,2,808,opys-explicit
b35eceb0-15e3-4696-8841-0cae713f67b4,ЦДНТА-(Р-17-3-9-2-819+++Р-17-3-9-2-819+++Р-17-3-9-2-819),Р-17-3-9-2-819,Р17,3-9,2,819,opys-explicit
cef087c9-1cf3-44d8-9f75-e0fb2c4eb2a8,ЦДНТА-(Р-17-3-9-2-827+++Р-17-3-9-2-827+++Р-17-3-9-2-827),Р-17-3-9-2-827,Р17,3-9,2,827,opys-explicit
aba4f92a-506d-439d-967c-36190e7b1e2e,ЦДНТА-(Р-17-3-9-2-822+++Р-17-3-9-2-822+++Р-17-3-9-2-822),Р-17-3-9-2-822,Р17,3-9,2,822,opys-explicit
9efed0e8-1826-4276-99ce-fb52bbc5c2a5,ЦДНТА-(Р-17-3-9-2-832+++Р-17-3-9-2-832+++Р-17-3-9-2-832),Р-17-3-9-2-832,Р17,3-9,2,832,opys-explicit
ae013bd3-e229-4281-9be5-3d0057d5ba59,ЦДНТА-(Р-17-3-9-2-837+++Р-17-3-9-2-837+++Р-17-3-9-2-837),Р-17-3-9-2-837,Р17,3-9,2,837,opys-explicit
7b4b5a5b-9711-4244-87c9-2a4202aad913,ЦДНТА-(Р-17-3-9-2-850+++Р-17-3-9-2-850+++Р-17-3-9-2-850),Р-17-3-9-2-850,Р17,3-9,2,850,opys-explicit
0d382bc5-3729-470c-9a3f-05526daba149,ЦДНТА-(Р-17-3-9-2-859+++Р-17-3-9-2-859+++Р-17-3-9-2-859),Р-17-3-9-2-859,Р17,3-9,2,859,opys-explicit
3d1c64cf-263f-42ef-835f-3df09de5fd10,ЦДНТА-(Р-17-3-9-2-844+++Р-17-3-9-2-844+++Р-17-3-9-2-844),Р-17-3-9-2-844,Р17,3-9,2,844,opys-explicit
4e71e4b8-257e-4da6-ad2a-f91fae0df554,ЦДНТА-(Р-17-3-9-2-849+++Р-17-3-9-2-849+++Р-17-3-9-2-849),Р-17-3-9-2-849,Р17,3-9,2,849,opys-explicit
1eabcf63-b43e-4969-923e-8360d0e408cc,ЦДНТА-(Р-17-3-9-2-856+++Р-17-3-9-2-856+++Р-17-3-9-2-856),Р-17-3-9-2-856,Р17,3-9,2,856,opys-explicit
509da0ff-61f2-407e-9346-8ca2e6b31c5a,ЦДНТА-(Р-17-3-9-2-876+++Р-17-3-9-2-876+++Р-17-3-9-2-876),Р-17-3-9-2-876,Р17,3-9,2,876,opys-explicit
40083050-a2b5-4fba-9437-e8e99a6132fd,ЦДНТА-(Р-17-3-9-2-881+++Р-17-3-9-2-881+++Р-17-3-9-2-881),Р-17-3-9-2-881,Р17,3-9,2,881,opys-explicit
4c3865cc-b38c-4cd1-b810-86a1ebf5fc20,ЦДНТА-(Р-17-3-9-2-883+++Р-17-3-9-2-883+++Р-17-3-9-2-883),Р-17-3-9-2-883,Р17,3-9,2,883,opys-explicit
eb1c7afd-c94b-4824-906a-0b6b7dcbe7c1,ЦДНТА-(Р-17-3-9-2-872+++Р-17-3-9-2-872+++Р-17-3-9-2-872),Р-17-3-9-2-872,Р17,3-9,2,872,opys-explicit
e54defd5-96de-495e-9409-19b2f3f9eaef,ЦДНТА-(Р-17-3-9-2-887+++Р-17-3-9-2-887+++Р-17-3-9-2-887),Р-17-3-9-2-887,Р17,3-9,2,887,opys-explicit
07cab2be-b05c-424f-90a6-ed25878fe67f,ЦДНТА-(Р-17-3-9-2-870+++Р-17-3-9-2-870+++Р-17-3-9-2-870),Р-17-3-9-2-870,Р17,3-9,2,870,opys-explicit
6f677690-f430-4432-89ba-3a47c800b3ef,ЦДНТА-(Р-17-3-9-2-873+++Р-17-3-9-2-873+++Р-17-3-9-2-873),Р-17-3-9-2-873,Р17,3-9,2,873,opys-explicit
ac917cce-9a48-436c-bbc9-1e09afbeaab0,ЦДНТА-(Р-17-3-9-2-890+++Р-17-3-9-2-890+++Р-17-3-9-2-890),Р-17-3-9-2-890,Р17,3-9,2,890,opys-explicit
e69ccb92-90fd-46ac-92e5-dde5f9829ff6,ЦДНТА-(Р-17-3-9-2-895+++Р-17-3-9-2-895+++Р-17-3-9-2-895),Р-17-3-9-2-895,Р17,3-9,2,895,opys-explicit
fd0e8c09-65b5-411a-acec-084c329d6302,ЦДНТА-(Р-17-3-9-3-900+++Р-17-3-9-3-900+++Р-17-3-9-3-900),Р-17-3-9-3-900,Р17,3-9,3,900,opys-explicit
98e83d7e-7e0c-41f0-8c64-163bf2c4f5ea,ЦДНТА-(Р-17-3-9-2-892+++Р-17-3-9-2-892+++Р-17-3-9-2-892),Р-17-3-9-2-892,Р17,3-9,2,892,opys-explicit
2fdbcbff-6c30-4817-9c55-48d1c9c81b4b,ЦДНТА-(Р-17-3-9-3-910+++Р-17-3-9-3-910+++Р-17-3-9-3-910),Р-17-3-9-3-910,Р17,3-9,3,910,opys-explicit
15888d0a-8fb6-4120-af40-0ed47898ce5a,ЦДНТА-(Р-17-3-9-3-912+++Р-17-3-9-3-912+++Р-17-3-9-3-912),Р-17-3-9-3-912,Р17,3-9,3,912,opys-explicit
db8b56b9-eb38-4227-8907-a01a90eb2ccb,ЦДНТА-(Р-17-3-9-3-925+++Р-17-3-9-3-925+++Р-17-3-9-3-925),Р-17-3-9-3-925,Р17,3-9,3,925,opys-explicit
28fca31d-fe7b-4139-b4b3-c359aae3e671,ЦДНТА-(Р-17-3-9-3-932+++Р-17-3-9-3-932+++Р-17-3-9-3-932),Р-17-3-9-3-932,Р17,3-9,3,932,opys-explicit
debbabe8-8100-470e-8b12-8327b26c5852,ЦДНТА-(Р-17-3-9-3-938+++Р-17-3-9-3-938+++Р-17-3-9-3-938),Р-17-3-9-3-938,Р17,3-9,3,938,opys-explicit
b6a65856-ee7e-42f7-81ee-c4744e8b5199,ЦДНТА-(Р-17-3-9-3-941+++Р-17-3-9-3-941+++Р-17-3-9-3-941),Р-17-3-9-3-941,Р17,3-9,3,941,opys-explicit
49bb005d-8a83-4ae3-b042-b923ad12b3e6,ЦДНТА-(Р-17-3-9-3-949+++Р-17-3-9-3-949+++Р-17-3-9-3-949),Р-17-3-9-3-949,Р17,3-9,3,949,opys-explicit
31c42155-9c1e-4aaf-b48a-6f2c64229587,ЦДНТА-(Р-17-3-9-3-956+++Р-17-3-9-3-956+++Р-17-3-9-3-956),Р-17-3-9-3-956,Р17,3-9,3,956,opys-explicit
243f4873-fb41-4321-956a-bea202e37c3b,ЦДНТА-(Р-17-3-9-3-964+++Р-17-3-9-3-964+++Р-17-3-9-3-964),Р-17-3-9-3-964,Р17,3-9,3,964,opys-explicit
c6e8c6da-1eb5-4e90-961b-4b2695549e7d,ЦДНТА-(Р-17-3-9-3-976+++Р-17-3-9-3-976+++Р-17-3-9-3-976),Р-17-3-9-3-976,Р17,3-9,3,976,opys-explicit
42c8430d-4c0f-4f5e-a3cf-8a74bea954c5,ЦДНТА-(Р-17-3-9-3-981+++Р-17-3-9-3-981+++Р-17-3-9-3-981),Р-17-3-9-3-981,Р17,3-9,3,981,opys-explicit
e97be88b-aa2f-4eda-a941-0c4030d3e645,ЦДНТА-(Р-17-3-9-3-986+++Р-17-3-9-3-986+++Р-17-3-9-3-986),Р-17-3-9-3-986,Р17,3-9,3,986,opys-explicit
ae94584b-0053-4b6c-b467-11854baaf2f4,ЦДНТА-(Р-17-3-9-3-1006+++Р-17-3-9-3-1006+++Р-17-3-9-3-1006),Р-17-3-9-3-1006,Р17,3-9,3,1006,opys-explicit
0951aa71-4c5b-4822-991b-4f040b57982d,ЦДНТА-(Р-17-3-9-3-1023+++Р-17-3-9-3-1023+++Р-17-3-9-3-1023),Р-17-3-9-3-1023,Р17,3-9,3,1023,opys-explicit
b60378e9-0057-4da1-af80-4b396cf68d4a,ЦДНТА-(Р-17-3-9-3-1021+++Р-17-3-9-3-1021+++Р-17-3-9-3-1021),Р-17-3-9-3-1021,Р17,3-9,3,1021,opys-explicit
afee5a02-7993-4162-911a-479127cf8de9,ЦДНТА-(Р-17-3-9-3-1022+++Р-17-3-9-3-1022+++Р-17-3-9-3-1022),Р-17-3-9-3-1022,Р17,3-9,3,1022,opys-explicit
712525f6-4457-4285-80b8-458b8a24351f,ЦДНТА-(Р-17-3-9-3-1000+++Р-17-3-9-3-1000+++Р-17-3-9-3-1000),Р-17-3-9-3-1000,Р17,3-9,3,1000,opys-explicit
a1c8bd8f-4e16-4577-a640-c34bace1b6b9,ЦДНТА-(Р-17-3-9-3-1027+++Р-17-3-9-3-1027+++Р-17-3-9-3-1027),Р-17-3-9-3-1027,Р17,3-9,3,1027,opys-explicit
f99c346b-1778-4bdc-904a-7dde142dc3c0,ЦДНТА-(Р-17-3-9-3-1019+++Р-17-3-9-3-1019+++Р-17-3-9-3-1019),Р-17-3-9-3-1019,Р17,3-9,3,1019,opys-explicit
5ca63ca6-d15c-4c08-b258-8f10b78f0574,ЦДНТА-(Р-17-3-9-3-1032+++Р-17-3-9-3-1032+++Р-17-3-9-3-1032),Р-17-3-9-3-1032,Р17,3-9,3,1032,opys-explicit
c0bb8299-5aad-482d-99dc-1be88c0c34d7,ЦДНТА-(Р-17-3-9-3-1036+++Р-17-3-9-3-1036+++Р-17-3-9-3-1036),Р-17-3-9-3-1036,Р17,3-9,3,1036,opys-explicit
6cdba6d6-5319-4320-8548-394a837b53b9,ЦДНТА-(Р-17-3-9-3-1047+++Р-17-3-9-3-1047+++Р-17-3-9-3-1047),Р-17-3-9-3-1047,Р17,3-9,3,1047,opys-explicit
32de23c0-0054-44d7-94ad-1276184133e6,ЦДНТА-(Р-17-3-9-3-1048+++Р-17-3-9-3-1048+++Р-17-3-9-3-1048),Р-17-3-9-3-1048,Р17,3-9,3,1048,opys-explicit
fafcac4b-ec30-4d40-8884-f75f42d7d0a7,ЦДНТА-(Р-17-3-9-3-1051+++Р-17-3-9-3-1051+++Р-17-3-9-3-1051),Р-17-3-9-3-1051,Р17,3-9,3,1051,opys-explicit
23532096-8e0c-495e-be85-8f2fc505efeb,ЦДНТА-(Р-17-3-9-3-1058+++Р-17-3-9-3-1058+++Р-17-3-9-3-1058),Р-17-3-9-3-1058,Р17,3-9,3,1058,opys-explicit
b1868aa0-94b0-439d-8a0e-3e4b1e69e0fe,ЦДНТА-(Р-17-3-9-3-1059+++Р-17-3-9-3-1059+++Р-17-3-9-3-1059),Р-17-3-9-3-1059,Р17,3-9,3,1059,opys-explicit
4809d29e-38d0-49b0-a642-6d1d6dedaf56,ЦДНТА-(Р-17-3-9-3-1071+++Р-17-3-9-3-1071+++Р-17-3-9-3-1071),Р-17-3-9-3-1071,Р17,3-9,3,1071,opys-explicit
58951331-c810-4228-be87-2bf4e39f85b3,ЦДНТА-(Р-17-3-9-2-846+++Р-17-3-9-2-846+++Р-17-3-9-2-846),Р-17-3-9-2-846,Р17,3-9,2,846,opys-explicit
32cd95de-7cde-4416-915e-e892b5148dc2,ЦДНТА-(Р-17-3-9-3-1069+++Р-17-3-9-3-1069+++Р-17-3-9-3-1069),Р-17-3-9-3-1069,Р17,3-9,3,1069,opys-explicit
b2c99b7d-009c-4323-92a2-e39817a10cc0,ЦДНТА-(Р-17-3-9-2-838+++Р-17-3-9-2-838+++Р-17-3-9-2-838),Р-17-3-9-2-838,Р17,3-9,2,838,opys-explicit
79d45fdb-3731-4021-baac-9dae11c07373,ЦДНТА-(Р-17-3-9-2-830+++Р-17-3-9-2-830+++Р-17-3-9-2-830),Р-17-3-9-2-830,Р17,3-9,2,830,opys-explicit
40241f34-5f2e-46df-89c3-507fcf8cacce,ЦДНТА-(Р-17-3-9-2-833+++Р-17-3-9-2-833+++Р-17-3-9-2-833),Р-17-3-9-2-833,Р17,3-9,2,833,opys-explicit
e4a9a734-bcdd-4e49-a67f-be70a2a82428,ЦДНТА-(Р-17-3-9-3-1099+++Р-17-3-9-3-1099+++Р-17-3-9-3-1099),Р-17-3-9-3-1099,Р17,3-9,3,1099,opys-explicit
3d50a35a-dd9e-4e4c-be7b-95cd00c5a333,ЦДНТА-(Р-17-3-9-2-821+++Р-17-3-9-2-821+++Р-17-3-9-2-821),Р-17-3-9-2-821,Р17,3-9,2,821,opys-explicit
f260de1e-33ac-428c-bb8e-5709a95a23e0,ЦДНТА-(Р-17-3-9-3-1113-a+++Р-17-3-9-3-1113-a+++Р-17-3-9-3-1113-a),Р-17-3-9-3-1113-А,Р17,3-9,3,1113А,opys-explicit
27e744cc-aeb2-4802-a20a-38591625ff87,ЦДНТА-(Р-17-3-9-3-1111+++Р-17-3-9-3-1111+++Р-17-3-9-3-1111),Р-17-3-9-3-1111,Р17,3-9,3,1111,opys-explicit
a087a0cf-ce3b-498b-9322-59ff4e67fdf9,ЦДНТА-(Р-17-3-9-2-845+++Р-17-3-9-2-845+++Р-17-3-9-2-845),Р-17-3-9-2-845,Р17,3-9,2,845,opys-explicit
6fc59792-c9d6-4d1a-9083-6823ec6f7216,ЦДНТА-(Р-17-3-9-2-879+++Р-17-3-9-2-879+++Р-17-3-9-2-879),Р-17-3-9-2-879,Р17,3-9,2,879,opys-explicit
df4b2f01-f71f-49c9-a362-1c98260da4ae,ЦДНТА-(Р-17-3-9-3-1106+++Р-17-3-9-3-1106+++Р-17-3-9-3-1106),Р-17-3-9-3-1106,Р17,3-9,3,1106,opys-explicit
3c39154a-7d6c-4e0a-910e-719bc1c284ca,ЦДНТА-(Р-17-3-9-2-868+++Р-17-3-9-2-868+++Р-17-3-9-2-868),Р-17-3-9-2-868,Р17,3-9,2,868,opys-explicit
ebd3485f-3d52-4cfa-ac5f-70e66d4651d4,ЦДНТА-(Р-17-3-9-2-863+++Р-17-3-9-2-863+++Р-17-3-9-2-863),Р-17-3-9-2-863,Р17,3-9,2,863,opys-explicit
2864171d-689e-4df6-b1e1-cda160094794,ЦДНТА-(Р-17-3-9-3-1107+++Р-17-3-9-3-1107+++Р-17-3-9-3-1107),Р-17-3-9-3-1107,Р17,3-9,3,1107,opys-explicit
e8582d96-a98d-4b76-b108-9ef31a7e785f,ЦДНТА-(Р-17-3-9-2-871+++Р-17-3-9-2-871+++Р-17-3-9-2-871),Р-17-3-9-2-871,Р17,3-9,2,871,opys-explicit
ac3cbbd9-dbc4-4dc8-be32-2f8fddbf6a06,ЦДНТА-(Р-17-3-9-3-1135+++Р-17-3-9-3-1135+++Р-17-3-9-3-1135),Р-17-3-9-3-1135,Р17,3-9,3,1135,opys-explicit
953567e3-1f82-4cbe-9fa5-3a8d6419d8d5,ЦДНТА-(Р-17-3-9-3-1136+++Р-17-3-9-3-1136+++Р-17-3-9-3-1136),Р-17-3-9-3-1136,Р17,3-9,3,1136,opys-explicit
b43df57d-11ab-4a02-904d-ea2eeaef534d,ЦДНТА-(Р-17-3-9-3-1138+++Р-17-3-9-3-1138+++Р-17-3-9-3-1138),Р-17-3-9-3-1138,Р17,3-9,3,1138,opys-explicit
c1e32f0d-bf7a-4a99-bb9d-38fc7b81932a,ЦДНТА-(Р-17-3-9-2-896+++Р-17-3-9-2-896+++Р-17-3-9-2-896),Р-17-3-9-2-896,Р17,3-9,2,896,opys-explicit
649184fe-7b53-454c-8a91-e9320914ce1f,ЦДНТА-(Р-17-3-9-3-1140+++Р-17-3-9-3-1140+++Р-17-3-9-3-1140),Р-17-3-9-3-1140,Р17,3-9,3,1140,opys-explicit
c83f0caf-028d-4619-a352-3a80f51a67f5,ЦДНТА-(Р-17-3-9-3-1141+++Р-17-3-9-3-1141+++Р-17-3-9-3-1141),Р-17-3-9-3-1141,Р17,3-9,3,1141,opys-explicit
16bad8dc-3d00-4606-8743-f1ef4134bbcf,ЦДНТА-(Р-17-3-9-3-907+++Р-17-3-9-3-907+++Р-17-3-9-3-907),Р-17-3-9-3-907,Р17,3-9,3,907,opys-explicit
f14cf3ef-9301-4b31-a8b4-3eca28057635,ЦДНТА-(Р-17-3-9-3-1145+++Р-17-3-9-3-1145+++Р-17-3-9-3-1145),Р-17-3-9-3-1145,Р17,3-9,3,1145,opys-explicit
435b8862-df46-4079-8d74-e24cb057d3a0,ЦДНТА-(Р-17-3-9-3-1149+++Р-17-3-9-3-1149+++Р-17-3-9-3-1149),Р-17-3-9-3-1149,Р17,3-9,3,1149,opys-explicit
44ea968b-2557-42c2-9605-b7a207bf3e96,ЦДНТА-(Р-17-3-9-3-915+++Р-17-3-9-3-915+++Р-17-3-9-3-915),Р-17-3-9-3-915,Р17,3-9,3,915,opys-explicit
78851a75-c754-49c1-b688-af61faf7878a,ЦДНТА-(Р-17-3-9-3-919+++Р-17-3-9-3-919+++Р-17-3-9-3-919),Р-17-3-9-3-919,Р17,3-9,3,919,opys-explicit
c8bf40e2-46ff-4066-bf19-00c933ea659e,ЦДНТА-(Р-17-3-9-3-922+++Р-17-3-9-3-922+++Р-17-3-9-3-922),Р-17-3-9-3-922,Р17,3-9,3,922,opys-explicit
c6b6a87b-596a-4813-82a7-365e9914d3b1,ЦДНТА-(Р-17-3-9-3-923+++Р-17-3-9-3-923+++Р-17-3-9-3-923),Р-17-3-9-3-923,Р17,3-9,3,923,opys-explicit
8beb0d71-06d3-45b1-a046-900506a61b43,ЦДНТА-(Р-17-3-9-3-1170+++Р-17-3-9-3-1170+++Р-17-3-9-3-1170),Р-17-3-9-3-1170,Р17,3-9,3,1170,opys-explicit
cfd99eff-be7b-4841-aa15-52dec93dfc78,ЦДНТА-(Р-17-3-9-3-936+++Р-17-3-9-3-936+++Р-17-3-9-3-936),Р-17-3-9-3-936,Р17,3-9,3,936,opys-explicit
9ee36a80-6e87-4386-98b9-a85cd68b7bb5,ЦДНТА-(Р-17-3-9-3-1192+++Р-17-3-9-3-1192+++Р-17-3-9-3-1192),Р-17-3-9-3-1192,Р17,3-9,3,1192,opys-explicit
3db1ba04-0025-458a-8efc-68fe41379a68,ЦДНТА-(Р-17-3-9-3-934+++Р-17-3-9-3-934+++Р-17-3-9-3-934),Р-17-3-9-3-934,Р17,3-9,3,934,opys-explicit
63f36e0a-2845-4e9d-8289-df64a08fd658,ЦДНТА-(Р-17-3-9-3-1180+++Р-17-3-9-3-1180+++Р-17-3-9-3-1180),Р-17-3-9-3-1180,Р17,3-9,3,1180,opys-explicit
cf16be0e-ef3c-45e4-94be-b41d3ff6dce0,ЦДНТА-(Р-17-3-9-3-939+++Р-17-3-9-3-939+++Р-17-3-9-3-939),Р-17-3-9-3-939,Р17,3-9,3,939,opys-explicit
3308da6e-84aa-4638-9c2d-dcf07beeb9a2,ЦДНТА-(Р-17-3-9-3-1178+++Р-17-3-9-3-1178+++Р-17-3-9-3-1178),Р-17-3-9-3-1178,Р17,3-9,3,1178,opys-explicit
f7bcce12-437b-4e4f-92c8-7d698e421e44,ЦДНТА-(Р-17-3-9-3-943+++Р-17-3-9-3-943+++Р-17-3-9-3-943),Р-17-3-9-3-943,Р17,3-9,3,943,opys-explicit
8b46ac7d-f4f6-49b1-af59-e88b41d4b40a,ЦДНТА-(Р-17-3-9-3-944+++Р-17-3-9-3-944+++Р-17-3-9-3-944),Р-17-3-9-3-944,Р17,3-9,3,944,opys-explicit
db34ef4a-1e88-447a-92d3-ee7808efe215,ЦДНТА-(Р-17-3-9-3-951+++Р-17-3-9-3-951+++Р-17-3-9-3-951),Р-17-3-9-3-951,Р17,3-9,3,951,opys-explicit
c9686a12-b38f-4cdf-8307-63650c79c900,ЦДНТА-(Р-17-3-9-3-968+++Р-17-3-9-3-968+++Р-17-3-9-3-968),Р-17-3-9-3-968,Р17,3-9,3,968,opys-explicit
b7094b94-6ae4-45df-8df7-3026f906bdeb,ЦДНТА-(Р-17-3-9-3-960+++Р-17-3-9-3-960+++Р-17-3-9-3-960),Р-17-3-9-3-960,Р17,3-9,3,960,opys-explicit
717d62f9-98d6-49a8-9224-79e4c9f7d2b7,ЦДНТА-(Р-17-3-9-3-957+++Р-17-3-9-3-957+++Р-17-3-9-3-957),Р-17-3-9-3-957,Р17,3-9,3,957,opys-explicit
86cb08cc-5f01-4b2f-ab72-ebe167b670f6,ЦДНТА-(Р-17-3-9-3-971+++Р-17-3-9-3-971+++Р-17-3-9-3-971),Р-17-3-9-3-971,Р17,3-9,3,971,opys-explicit
6158084b-2730-4d50-876a-29a98e324670,ЦДНТА-(Р-17-3-9-3-989+++Р-17-3-9-3-989+++Р-17-3-9-3-989),Р-17-3-9-3-989,Р17,3-9,3,989,opys-explicit
1cf71558-388e-493a-aff1-24bb7c17d9ad,ЦДНТА-(Р-17-3-9-3-990+++Р-17-3-9-3-990+++Р-17-3-9-3-990),Р-17-3-9-3-990,Р17,3-9,3,990,opys-explicit
01729e06-5f88-40f0-9b0e-a802f89d5aa3,ЦДНТА-(Р-17-3-9-3-993+++Р-17-3-9-3-993+++Р-17-3-9-3-993),Р-17-3-9-3-993,Р17,3-9,3,993,opys-explicit
2c4e772b-4ead-4dea-ad24-03254edba293,ЦДНТА-(Р-17-3-9-3-1004+++Р-17-3-9-3-1004+++Р-17-3-9-3-1004),Р-17-3-9-3-1004,Р17,3-9,3,1004,opys-explicit
29358b30-2e81-4bc6-94e9-1acfb66637e1,ЦДНТА-(Р-17-3-9-3-1003+++Р-17-3-9-3-1003+++Р-17-3-9-3-1003),Р-17-3-9-3-1003,Р17,3-9,3,1003,opys-explicit
48bfa71c-83db-487a-8194-b31a29477d5a,ЦДНТА-(Р-17-3-9-3-1002+++Р-17-3-9-3-1002+++Р-17-3-9-3-1002),Р-17-3-9-3-1002,Р17,3-9,3,1002,opys-explicit
dd5f5eac-b744-4ea7-9dc1-1cc1059482b0,ЦДНТА-(Р-17-3-9-3-1030+++Р-17-3-9-3-1030+++Р-17-3-9-3-1030),Р-17-3-9-3-1030,Р17,3-9,3,1030,opys-explicit
852d91fa-cc51-439f-9efb-59858f1d7572,ЦДНТА-(Р-17-3-9-3-1038+++Р-17-3-9-3-1038+++Р-17-3-9-3-1038),Р-17-3-9-3-1038,Р17,3-9,3,1038,opys-explicit
e914c477-76c0-4574-b6a8-3b7eab269708,ЦДНТА-(Р-17-3-9-3-1044+++Р-17-3-9-3-1044+++Р-17-3-9-3-1044),Р-17-3-9-3-1044,Р17,3-9,3,1044,opys-explicit
dd9947a1-004c-4226-bca0-259e101b4478,ЦДНТА-(Р-17-3-9-3-1063+++Р-17-3-9-3-1063+++Р-17-3-9-3-1063),Р-17-3-9-3-1063,Р17,3-9,3,1063,opys-explicit
917c0c19-31e1-49f6-b0fa-403d8f21bfe0,ЦДНТА-(Р-17-3-9-3-1067+++Р-17-3-9-3-1067+++Р-17-3-9-3-1067),Р-17-3-9-3-1067,Р17,3-9,3,1067,opys-explicit
a7a77a78-bc67-4c5d-8971-7e9e8b3886d0,ЦДНТА-(Р-17-3-9-3-1078+++Р-17-3-9-3-1078+++Р-17-3-9-3-1078),Р-17-3-9-3-1078,Р17,3-9,3,1078,opys-explicit
29c2719e-2c6e-4609-9b39-05ecfec95218,ЦДНТА-(Р-17-3-9-3-1075+++Р-17-3-9-3-1075+++Р-17-3-9-3-1075),Р-17-3-9-3-1075,Р17,3-9,3,1075,opys-explicit
92416ea0-4d6e-420d-b91e-3b92414da51f,ЦДНТА-(Р-17-3-9-3-1087+++Р-17-3-9-3-1087+++Р-17-3-9-3-1087),Р-17-3-9-3-1087,Р17,3-9,3,1087,opys-explicit
947aecc5-7180-44f9-a99b-a7fe15ef3dd8,ЦДНТА-(Р-17-3-9-3-1091+++Р-17-3-9-3-1091+++Р-17-3-9-3-1091),Р-17-3-9-3-1091,Р17,3-9,3,1091,opys-explicit
8862d671-3b29-4de5-a184-5507e7d09ad1,ЦДНТА-(Р-17-3-9-3-1103+++Р-17-3-9-3-1103+++Р-17-3-9-3-1103),Р-17-3-9-3-1103,Р17,3-9,3,1103,opys-explicit
fc6d0636-116c-4ffa-84df-cbbc5c345272,ЦДНТА-(Р-17-3-9-3-1089+++Р-17-3-9-3-1089+++Р-17-3-9-3-1089),Р-17-3-9-3-1089,Р17,3-9,3,1089,opys-explicit
2610d1b2-9bd3-42e8-acbb-10e18e36f69b,ЦДНТА-(Р-17-3-9-3-1095+++Р-17-3-9-3-1095+++Р-17-3-9-3-1095),Р-17-3-9-3-1095,Р17,3-9,3,1095,opys-explicit
5e275e0a-2646-48be-99fe-2dd3de811ec2,ЦДНТА-(Р-17-3-9-3-1139+++Р-17-3-9-3-1139+++Р-17-3-9-3-1139),Р-17-3-9-3-1139,Р17,3-9,3,1139,opys-explicit
37cc4f12-99dd-4566-b2b2-aa66dd7558d4,ЦДНТА-(Р-17-3-9-3-1144+++Р-17-3-9-3-1144+++Р-17-3-9-3-1144),Р-17-3-9-3-1144,Р17,3-9,3,1144,opys-explicit
196dc7a6-150e-4be1-bbde-148677cecca8,ЦДНТА-(Р-17-3-9-3-1160+++Р-17-3-9-3-1160+++Р-17-3-9-3-1160),Р-17-3-9-3-1160,Р17,3-9,3,1160,opys-explicit
f7503e1a-6d6e-46f4-a785-220207cbf036,ЦДНТА-(Р-17-3-9-3-1157+++Р-17-3-9-3-1157+++Р-17-3-9-3-1157),Р-17-3-9-3-1157,Р17,3-9,3,1157,opys-explicit
5ac51e2e-97df-4c92-91f4-e9f07c519904,ЦДНТА-(Р-17-3-9-3-1162+++Р-17-3-9-3-1162+++Р-17-3-9-3-1162),Р-17-3-9-3-1162,Р17,3-9,3,1162,opys-explicit
9d808738-90d1-478b-97df-d0731b6bc89e,ЦДНТА-(Р-17-3-9-3-1169+++Р-17-3-9-3-1169+++Р-17-3-9-3-1169),Р-17-3-9-3-1169,Р17,3-9,3,1169,opys-explicit
c6c99b02-15fa-4fc1-bff5-3f0a4210bf6c,ЦДНТА-(Р-17-3-9-3-1184+++Р-17-3-9-3-1184+++Р-17-3-9-3-1184),Р-17-3-9-3-1184,Р17,3-9,3,1184,opys-explicit
69b6bb84-c441-4ed2-b794-6891b99f480b,ЦДНТА-(Р-17-3-9-3-1193+++Р-17-3-9-3-1193+++Р-17-3-9-3-1193),Р-17-3-9-3-1193,Р17,3-9,3,1193,opys-explicit
a924f316-2b33-4f3b-a1c9-9da9e2a50b90,ЦДНТА-(Р-17-3-9-3-1171+++Р-17-3-9-3-1171+++Р-17-3-9-3-1171),Р-17-3-9-3-1171,Р17,3-9,3,1171,opys-explicit
32fb2161-07e5-41af-b37c-fff460be712f,ЦДНТА-(Р-17-3-9-3-1172+++Р-17-3-9-3-1172+++Р-17-3-9-3-1172),Р-17-3-9-3-1172,Р17,3-9,3,1172,opys-explicit
69f542ef-1d67-478c-9e63-b7221ee05eaa,ЦДНТА-(Р-17-3-9-3-1198+++Р-17-3-9-3-1198+++Р-17-3-9-3-1198),Р-17-3-9-3-1198,Р17,3-9,3,1198,opys-explicit
0e0e48f5-0949-48bf-af54-cbe631befed4,ЦДНТА-(Р-17-3-9-3-1206+++Р-17-3-9-3-1206+++Р-17-3-9-3-1206),Р-17-3-9-3-1206,Р17,3-9,3,1206,opys-explicit
6ab7ca19-6de0-4d36-8a3b-3b73857dfeec,ЦДНТА-(Р-17-3-9-3-1202+++Р-17-3-9-3-1202+++Р-17-3-9-3-1202),Р-17-3-9-3-1202,Р17,3-9,3,1202,opys-explicit
d9b4b505-a88a-46af-adbc-490833990239,ЦДНТА-(Р-17-3-9-3-1231+++Р-17-3-9-3-1231+++Р-17-3-9-3-1231),Р-17-3-9-3-1231,Р17,3-9,3,1231,opys-explicit
41aa54d4-8924-43a0-9f7a-94042e0d5748,ЦДНТА-(Р-17-3-9-3-1220+++Р-17-3-9-3-1220+++Р-17-3-9-3-1220),Р-17-3-9-3-1220,Р17,3-9,3,1220,opys-explicit
28e0746b-c8fa-4d56-8dc5-b771142e9939,ЦДНТА-(Р-17-3-9-3-1227+++Р-17-3-9-3-1227+++Р-17-3-9-3-1227),Р-17-3-9-3-1227,Р17,3-9,3,1227,opys-explicit
1b410c87-4fe4-4be6-808c-4ecf1a61ea22,ЦДНТА-(Р-17-3-9-3-1221+++Р-17-3-9-3-1221+++Р-17-3-9-3-1221),Р-17-3-9-3-1221,Р17,3-9,3,1221,opys-explicit
9995a3a1-2c9a-47e4-824e-cbe277231a4f,ЦДНТА-(Р-17-3-9-3-1251+++Р-17-3-9-3-1251+++Р-17-3-9-3-1251),Р-17-3-9-3-1251,Р17,3-9,3,1251,opys-explicit
51650195-f25c-4806-a039-3513809693df,ЦДНТА-(Р-17-3-9-3-1246+++Р-17-3-9-3-1246+++Р-17-3-9-3-1246),Р-17-3-9-3-1246,Р17,3-9,3,1246,opys-explicit
94ece2f8-2f61-4df0-8268-c4ab76c83073,ЦДНТА-(Р-17-3-9-3-1250+++Р-17-3-9-3-1250+++Р-17-3-9-3-1250),Р-17-3-9-3-1250,Р17,3-9,3,1250,opys-explicit
2a5015c2-717f-4cf5-8a76-4c6c14894457,ЦДНТА-(Р-17-3-9-3-1245+++Р-17-3-9-3-1245+++Р-17-3-9-3-1245),Р-17-3-9-3-1245,Р17,3-9,3,1245,opys-explicit
577dbb7e-8567-4c09-a31a-56a883ec44a0,ЦДНТА-(Р-17-3-9-3-1254+++Р-17-3-9-3-1254+++Р-17-3-9-3-1254),Р-17-3-9-3-1254,Р17,3-9,3,1254,opys-explicit
df5805d3-0432-40a1-8b3c-340f20c47bb8,ЦДНТА-(Р-17-3-9-3-1260+++Р-17-3-9-3-1260+++Р-17-3-9-3-1260),Р-17-3-9-3-1260,Р17,3-9,3,1260,opys-explicit
b5e6a797-f9c7-4184-bfa7-2329c7bdfa7c,ЦДНТА-(Р-17-3-9-3-1261+++Р-17-3-9-3-1261+++Р-17-3-9-3-1261),Р-17-3-9-3-1261,Р17,3-9,3,1261,opys-explicit
84407c35-f493-4c99-b037-446445a08cc4,ЦДНТА-(Р-17-3-9-3-1272+++Р-17-3-9-3-1272+++Р-17-3-9-3-1272),Р-17-3-9-3-1272,Р17,3-9,3,1272,opys-explicit
da697a67-7ff4-429f-a657-2f461c4529d5,ЦДНТА-(Р-17-3-9-3-1280+++Р-17-3-9-3-1280+++Р-17-3-9-3-1280),Р-17-3-9-3-1280,Р17,3-9,3,1280,opys-explicit
b01c0940-b0d0-437b-a3d8-3cb0da37f85d,ЦДНТА-(Р-17-3-9-3-1270+++Р-17-3-9-3-1270+++Р-17-3-9-3-1270),Р-17-3-9-3-1270,Р17,3-9,3,1270,opys-explicit
a8c649f7-cc27-4e44-8d82-d66c06d884d8,ЦДНТА-(Р-17-3-9-3-1269+++Р-17-3-9-3-1269+++Р-17-3-9-3-1269),Р-17-3-9-3-1269,Р17,3-9,3,1269,opys-explicit
c1ee188b-a904-49d5-9245-2abec5d82c85,ЦДНТА-(Р-17-3-9-3-1281+++Р-17-3-9-3-1281+++Р-17-3-9-3-1281),Р-17-3-9-3-1281,Р17,3-9,3,1281,opys-explicit
d2a0c46e-8316-402d-9b6d-f2ce70d5582a,ЦДНТА-(Р-17-3-9-3-1286+++Р-17-3-9-3-1286+++Р-17-3-9-3-1286),Р-17-3-9-3-1286,Р17,3-9,3,1286,opys-explicit
2521d3b2-480e-461b-be88-0ffddcf86897,ЦДНТА-(Р-17-3-9-4-1292+++Р-17-3-9-4-1292+++Р-17-3-9-4-1292),Р-17-3-9-4-1292,Р17,3-9,4,1292,opys-explicit
265a61ac-3c4e-4683-a32c-e3aa7f697386,ЦДНТА-(Р-17-3-9-4-1301+++Р-17-3-9-4-1301+++Р-17-3-9-4-1301),Р-17-3-9-4-1301,Р17,3-9,4,1301,opys-explicit
740cf7c7-63cf-488a-98a6-02914eeb1ace,ЦДНТА-(Р-17-3-9-4-1297+++Р-17-3-9-4-1297+++Р-17-3-9-4-1297),Р-17-3-9-4-1297,Р17,3-9,4,1297,opys-explicit
05bb09b0-ff67-4490-ae0c-7356ae76a797,ЦДНТА-(Р-17-3-9-4-1304+++Р-17-3-9-4-1304+++Р-17-3-9-4-1304),Р-17-3-9-4-1304,Р17,3-9,4,1304,opys-explicit
3f34225a-27ae-4b1c-8977-3ef241726f57,ЦДНТА-(Р-17-3-9-4-1305+++Р-17-3-9-4-1305+++Р-17-3-9-4-1305),Р-17-3-9-4-1305,Р17,3-9,4,1305,opys-explicit
b4089560-5764-45e7-b8af-8a37b432191b,ЦДНТА-(Р-17-3-9-4-1307+++Р-17-3-9-4-1307+++Р-17-3-9-4-1307),Р-17-3-9-4-1307,Р17,3-9,4,1307,opys-explicit
8d336f1f-2433-4a49-8c40-ebe94c7f4c14,ЦДНТА-(Р-17-3-9-4-1320+++Р-17-3-9-4-1320+++Р-17-3-9-4-1320),Р-17-3-9-4-1320,Р17,3-9,4,1320,opys-explicit
3ab883e7-4020-4fde-a9df-da21ae752021,ЦДНТА-(Р-17-3-9-4-1321+++Р-17-3-9-4-1321+++Р-17-3-9-4-1321),Р-17-3-9-4-1321,Р17,3-9,4,1321,opys-explicit
9efa8d3e-3b6d-4d6e-960c-7c685e4eb3f4,ЦДНТА-(Р-17-3-9-4-1323+++Р-17-3-9-4-1323+++Р-17-3-9-4-1323),Р-17-3-9-4-1323,Р17,3-9,4,1323,opys-explicit
7f2102b6-f4f6-4b9e-a9b3-703034be31e3,ЦДНТА-(Р-17-3-9-4-1310+++Р-17-3-9-4-1310+++Р-17-3-9-4-1310),Р-17-3-9-4-1310,Р17,3-9,4,1310,opys-explicit
d8e165c5-e977-4d0f-b57b-69e9a8bdd859,ЦДНТА-(Р-17-3-9-4-1345+++Р-17-3-9-4-1345+++Р-17-3-9-4-1345),Р-17-3-9-4-1345,Р17,3-9,4,1345,opys-explicit
2b1c4fda-8ac1-4f77-a19d-e7407800af8d,ЦДНТА-(Р-17-3-9-4-1370+++Р-17-3-9-4-1370+++Р-17-3-9-4-1370),Р-17-3-9-4-1370,Р17,3-9,4,1370,opys-explicit
433b7fbe-5abe-4be8-9ada-c2a113d7bec8,ЦДНТА-(Р-17-3-9-4-1338+++Р-17-3-9-4-1338+++Р-17-3-9-4-1338),Р-17-3-9-4-1338,Р17,3-9,4,1338,opys-explicit
c9873259-a016-42d5-a60b-daf11d3a61cd,ЦДНТА-(Р-17-3-9-4-1350+++Р-17-3-9-4-1350+++Р-17-3-9-4-1350),Р-17-3-9-4-1350,Р17,3-9,4,1350,opys-explicit
c2b8f04a-3eef-4139-b341-ef2f1ba95551,ЦДНТА-(Р-17-3-9-4-1355+++Р-17-3-9-4-1355+++Р-17-3-9-4-1355),Р-17-3-9-4-1355,Р17,3-9,4,1355,opys-explicit
bf8e9989-660e-4aab-a6dc-8e4fbb34c76e,ЦДНТА-(Р-17-3-9-4-1328+++Р-17-3-9-4-1328+++Р-17-3-9-4-1328),Р-17-3-9-4-1328,Р17,3-9,4,1328,opys-explicit
dc535b39-3548-4418-b1e9-dc76317fb84a,ЦДНТА-(Р-17-3-9-4-1376+++Р-17-3-9-4-1376+++Р-17-3-9-4-1376),Р-17-3-9-4-1376,Р17,3-9,4,1376,opys-explicit
6eb0811c-8fb4-428d-8b67-3319328905e4,ЦДНТА-(Р-17-3-9-4-1381+++Р-17-3-9-4-1381+++Р-17-3-9-4-1381),Р-17-3-9-4-1381,Р17,3-9,4,1381,opys-explicit
e0fbc1f0-4e42-497e-ad63-ae5e896c0da8,ЦДНТА-(Р-17-3-9-4-1380+++Р-17-3-9-4-1380+++Р-17-3-9-4-1380),Р-17-3-9-4-1380,Р17,3-9,4,1380,opys-explicit
fa71c698-c239-4699-8176-1b9c738cd7f8,ЦДНТА-(Р-17-3-9-4-1356+++Р-17-3-9-4-1356+++Р-17-3-9-4-1356),Р-17-3-9-4-1356,Р17,3-9,4,1356,opys-explicit
e2232eec-37d4-44da-8601-68035cfe1a40,ЦДНТА-(Р-17-3-9-4-1385+++Р-17-3-9-4-1385+++Р-17-3-9-4-1385),Р-17-3-9-4-1385,Р17,3-9,4,1385,opys-explicit
4a0fce6d-00c8-498a-83d5-c38a1bdc00c3,ЦДНТА-(Р-17-3-9-4-1359+++Р-17-3-9-4-1359+++Р-17-3-9-4-1359),Р-17-3-9-4-1359,Р17,3-9,4,1359,opys-explicit
3276bc80-1e26-4437-8f80-631bc6c20cf2,ЦДНТА-(Р-17-3-9-4-1379+++Р-17-3-9-4-1379+++Р-17-3-9-4-1379),Р-17-3-9-4-1379,Р17,3-9,4,1379,opys-explicit
827acc30-742e-4346-9061-75fc89c594ca,ЦДНТА-(Р-17-3-9-4-1390+++Р-17-3-9-4-1390+++Р-17-3-9-4-1390),Р-17-3-9-4-1390,Р17,3-9,4,1390,opys-explicit
a0bd1a76-8022-473b-9407-414e9ad09ba6,ЦДНТА-(Р-17-3-9-4-1413+++Р-17-3-9-4-1413+++Р-17-3-9-4-1413),Р-17-3-9-4-1413,Р17,3-9,4,1413,opys-explicit
b6876021-8d5c-4853-8234-4d93d9e4c5ad,ЦДНТА-(Р-17-3-9-4-1407+++Р-17-3-9-4-1407+++Р-17-3-9-4-1407),Р-17-3-9-4-1407,Р17,3-9,4,1407,opys-explicit
63b6a355-f236-4452-9dbc-c14e5ded2d8c,ЦДНТА-(Р-17-3-9-4-1409+++Р-17-3-9-4-1409+++Р-17-3-9-4-1409),Р-17-3-9-4-1409,Р17,3-9,4,1409,opys-explicit
597546e6-73e7-4aad-88a3-a97c54e862f7,ЦДНТА-(Р-17-3-9-4-1402+++Р-17-3-9-4-1402+++Р-17-3-9-4-1402),Р-17-3-9-4-1402,Р17,3-9,4,1402,opys-explicit
e6a82492-4838-49b0-a1c8-2a0536db6620,ЦДНТА-(Р-17-3-9-4-1403+++Р-17-3-9-4-1403+++Р-17-3-9-4-1403),Р-17-3-9-4-1403,Р17,3-9,4,1403,opys-explicit
02378dce-6e54-4741-a246-db58e1e00226,ЦДНТА-(Р-17-3-9-4-1418+++Р-17-3-9-4-1418+++Р-17-3-9-4-1418),Р-17-3-9-4-1418,Р17,3-9,4,1418,opys-explicit
e56b5993-2f76-43a8-87ad-0f5c67874065,ЦДНТА-(Р-17-3-9-4-1434+++Р-17-3-9-4-1434+++Р-17-3-9-4-1434),Р-17-3-9-4-1434,Р17,3-9,4,1434,opys-explicit
e3e0da77-1e12-44c4-9b08-579f7fc246c9,ЦДНТА-(Р-17-3-9-4-1423+++Р-17-3-9-4-1423+++Р-17-3-9-4-1423),Р-17-3-9-4-1423,Р17,3-9,4,1423,opys-explicit
4c580f3a-b856-4a9d-a140-bc8bb9ebeaac,ЦДНТА-(Р-17-3-9-3-1201+++Р-17-3-9-3-1201+++Р-17-3-9-3-1201),Р-17-3-9-3-1201,Р17,3-9,3,1201,opys-explicit
307b3921-5606-4496-8f93-05cac4db7452,ЦДНТА-(Р-17-3-9-3-1203+++Р-17-3-9-3-1203+++Р-17-3-9-3-1203),Р-17-3-9-3-1203,Р17,3-9,3,1203,opys-explicit
aad477f2-195f-4cf0-95f9-3e74e49a888f,ЦДНТА-(Р-17-3-9-3-1207+++Р-17-3-9-3-1207+++Р-17-3-9-3-1207),Р-17-3-9-3-1207,Р17,3-9,3,1207,opys-explicit
c8cfa411-48a8-4e48-8418-b317cdfd3746,ЦДНТА-(Р-17-3-9-3-1216+++Р-17-3-9-3-1216+++Р-17-3-9-3-1216),Р-17-3-9-3-1216,Р17,3-9,3,1216,opys-explicit
16d7100a-dbca-4c24-89a5-314e5e4f6f13,ЦДНТА-(Р-17-3-9-3-1217+++Р-17-3-9-3-1217+++Р-17-3-9-3-1217),Р-17-3-9-3-1217,Р17,3-9,3,1217,opys-explicit
64e17ecb-1150-468f-8edf-c354e06eb15a,ЦДНТА-(Р-17-3-9-3-1236+++Р-17-3-9-3-1236+++Р-17-3-9-3-1236),Р-17-3-9-3-1236,Р17,3-9,3,1236,opys-explicit
7e10b8db-d5aa-4c56-a66c-c33a6f0c1020,ЦДНТА-(Р-17-3-9-3-1233+++Р-17-3-9-3-1233+++Р-17-3-9-3-1233),Р-17-3-9-3-1233,Р17,3-9,3,1233,opys-explicit
2e8b15ce-2c60-46f9-81fd-b6cf0bc21d12,ЦДНТА-(Р-17-3-9-3-1241+++Р-17-3-9-3-1241+++Р-17-3-9-3-1241),Р-17-3-9-3-1241,Р17,3-9,3,1241,opys-explicit
94e95f20-fee4-417b-ace8-a0f31540cf84,ЦДНТА-(Р-17-3-9-3-1240+++Р-17-3-9-3-1240+++Р-17-3-9-3-1240),Р-17-3-9-3-1240,Р17,3-9,3,1240,opys-explicit
4490bcb4-0dee-4bf1-b37c-4c3d9b2f7c57,ЦДНТА-(Р-17-3-9-3-1249+++Р-17-3-9-3-1249+++Р-17-3-9-3-1249),Р-17-3-9-3-1249,Р17,3-9,3,1249,opys-explicit
ec6012e3-d836-4ebe-a2b7-b70cad56f1d5,ЦДНТА-(Р-17-3-9-3-1238+++Р-17-3-9-3-1238+++Р-17-3-9-3-1238),Р-17-3-9-3-1238,Р17,3-9,3,1238,opys-explicit
7db1f2ca-ed18-4688-a467-1ae606c67748,ЦДНТА-(Р-17-3-9-3-1259+++Р-17-3-9-3-1259+++Р-17-3-9-3-1259),Р-17-3-9-3-1259,Р17,3-9,3,1259,opys-explicit
efe53ecc-c155-4488-8930-6dad5d046bf3,ЦДНТА-(Р-17-3-9-3-1267+++Р-17-3-9-3-1267+++Р-17-3-9-3-1267),Р-17-3-9-3-1267,Р17,3-9,3,1267,opys-explicit
aefef59e-e6b8-4a5d-ada5-d34604fa6c39,ЦДНТА-(Р-17-3-9-3-1271+++Р-17-3-9-3-1271+++Р-17-3-9-3-1271),Р-17-3-9-3-1271,Р17,3-9,3,1271,opys-explicit
42cf9341-ea6a-40e7-8e6f-20feeb46b426,ЦДНТА-(Р-17-3-9-3-1276+++Р-17-3-9-3-1276+++Р-17-3-9-3-1276),Р-17-3-9-3-1276,Р17,3-9,3,1276,opys-explicit
ed2201d2-9f71-468e-8754-41140a207bf8,ЦДНТА-(Р-17-3-9-4-1299+++Р-17-3-9-4-1299+++Р-17-3-9-4-1299),Р-17-3-9-4-1299,Р17,3-9,4,1299,opys-explicit
4cae922e-200d-4c24-acc8-29cca7ea470d,ЦДНТА-(Р-17-3-9-4-1315+++Р-17-3-9-4-1315+++Р-17-3-9-4-1315),Р-17-3-9-4-1315,Р17,3-9,4,1315,opys-explicit
283ed2a3-1018-4fd8-be4e-1cc5c5d07373,ЦДНТА-(Р-17-3-9-4-1295+++Р-17-3-9-4-1295+++Р-17-3-9-4-1295),Р-17-3-9-4-1295,Р17,3-9,4,1295,opys-explicit
921c695d-e13f-4a83-84d6-fa18135039d8,ЦДНТА-(Р-17-3-9-4-1313+++Р-17-3-9-4-1313+++Р-17-3-9-4-1313),Р-17-3-9-4-1313,Р17,3-9,4,1313,opys-explicit
bfb4a63c-c96e-40cf-86b2-c3ed63a5f968,ЦДНТА-(Р-17-3-9-4-1317+++Р-17-3-9-4-1317+++Р-17-3-9-4-1317),Р-17-3-9-4-1317,Р17,3-9,4,1317,opys-explicit
fdc3d2c3-51c5-405b-9b09-ce115e44193a,ЦДНТА-(Р-17-3-9-4-1308+++Р-17-3-9-4-1308+++Р-17-3-9-4-1308),Р-17-3-9-4-1308,Р17,3-9,4,1308,opys-explicit
1ffe21ed-c029-4c0c-89ac-e0863a7548cd,ЦДНТА-(Р-17-3-9-4-1322+++Р-17-3-9-4-1322+++Р-17-3-9-4-1322),Р-17-3-9-4-1322,Р17,3-9,4,1322,opys-explicit
9b4086e5-51c0-4b64-ae1d-7b5d5c7ca4d0,ЦДНТА-(Р-17-3-9-4-1316+++Р-17-3-9-4-1316+++Р-17-3-9-4-1316),Р-17-3-9-4-1316,Р17,3-9,4,1316,opys-explicit
0c0b0a3c-bf05-445e-b128-a0f295139af1,ЦДНТА-(Р-17-3-9-4-1331+++Р-17-3-9-4-1331+++Р-17-3-9-4-1331),Р-17-3-9-4-1331,Р17,3-9,4,1331,opys-explicit
d9232801-477c-4240-a91a-5013ad73417f,ЦДНТА-(Р-17-3-9-4-1336+++Р-17-3-9-4-1336+++Р-17-3-9-4-1336),Р-17-3-9-4-1336,Р17,3-9,4,1336,opys-explicit
3004f9a3-dd37-4ddb-928e-6fd27faae201,ЦДНТА-(Р-17-3-9-4-1335+++Р-17-3-9-4-1335+++Р-17-3-9-4-1335),Р-17-3-9-4-1335,Р17,3-9,4,1335,opys-explicit
6773b05e-190a-4f35-a9a0-bc2b3ad2d8f9,ЦДНТА-(Р-17-3-9-4-1353+++Р-17-3-9-4-1353+++Р-17-3-9-4-1353),Р-17-3-9-4-1353,Р17,3-9,4,1353,opys-explicit
e736a9e9-5fa7-44c9-aec0-233d5b307d0d,ЦДНТА-(Р-17-3-9-4-1347+++Р-17-3-9-4-1347+++Р-17-3-9-4-1347),Р-17-3-9-4-1347,Р17,3-9,4,1347,opys-explicit
7e091556-e459-4af3-a55d-1bfd4dff973b,ЦДНТА-(Р-17-3-9-4-1357+++Р-17-3-9-4-1357+++Р-17-3-9-4-1357),Р-17-3-9-4-1357,Р17,3-9,4,1357,opys-explicit
4608cafe-55e6-4d6a-90c1-945c45d0f16a,ЦДНТА-(Р-17-3-9-4-1358+++Р-17-3-9-4-1358+++Р-17-3-9-4-1358),Р-17-3-9-4-1358,Р17,3-9,4,1358,opys-explicit
3b66783d-9d8c-478d-a9c1-d3f6e1f65c19,ЦДНТА-(Р-17-3-9-4-1363+++Р-17-3-9-4-1363+++Р-17-3-9-4-1363),Р-17-3-9-4-1363,Р17,3-9,4,1363,opys-explicit
0dc03b39-5774-4782-80c6-b78ebbfd5c29,ЦДНТА-(Р-17-3-9-4-1365+++Р-17-3-9-4-1365+++Р-17-3-9-4-1365),Р-17-3-9-4-1365,Р17,3-9,4,1365,opys-explicit
34614dc1-1613-4486-8b10-765034089c1e,ЦДНТА-(Р-17-3-9-4-1394+++Р-17-3-9-4-1394+++Р-17-3-9-4-1394),Р-17-3-9-4-1394,Р17,3-9,4,1394,opys-explicit
2ff05121-d587-4916-bc50-ba4464dfb6aa,ЦДНТА-(Р-17-3-9-4-1378+++Р-17-3-9-4-1378+++Р-17-3-9-4-1378),Р-17-3-9-4-1378,Р17,3-9,4,1378,opys-explicit
49572bab-413f-4a50-adc1-e7c36025f183,ЦДНТА-(Р-17-3-9-4-1410+++Р-17-3-9-4-1410+++Р-17-3-9-4-1410),Р-17-3-9-4-1410,Р17,3-9,4,1410,opys-explicit
e8880f56-faa6-49d4-afb8-1cd1481edc84,ЦДНТА-(Р-17-3-9-4-1398+++Р-17-3-9-4-1398+++Р-17-3-9-4-1398),Р-17-3-9-4-1398,Р17,3-9,4,1398,opys-explicit
3e94212c-2ec9-43df-bf7f-b480b9360563,ЦДНТА-(Р-17-3-9-4-1419+++Р-17-3-9-4-1419+++Р-17-3-9-4-1419),Р-17-3-9-4-1419,Р17,3-9,4,1419,opys-explicit
181c77b5-84b6-47db-b701-165153f69905,ЦДНТА-(Р-17-3-9-4-1411+++Р-17-3-9-4-1411+++Р-17-3-9-4-1411),Р-17-3-9-4-1411,Р17,3-9,4,1411,opys-explicit
084a905f-ee2e-48be-b7aa-aa7382b8b09f,ЦДНТА-(Р-17-3-9-4-1414+++Р-17-3-9-4-1414+++Р-17-3-9-4-1414),Р-17-3-9-4-1414,Р17,3-9,4,1414,opys-explicit
abcc08ec-ca5a-4103-bfa4-1f046740dd46,ЦДНТА-(Р-17-3-9-4-1428+++Р-17-3-9-4-1428+++Р-17-3-9-4-1428),Р-17-3-9-4-1428,Р17,3-9,4,1428,opys-explicit
63aa49c0-4113-4a18-8ab8-cc5634dfefd4,ЦДНТА-(Р-17-3-9-4-1417+++Р-17-3-9-4-1417+++Р-17-3-9-4-1417),Р-17-3-9-4-1417,Р17,3-9,4,1417,opys-explicit
d17d4632-4874-47c8-a2a7-6b96765d092b,ЦДНТА-(Р-17-3-9-4-1422+++Р-17-3-9-4-1422+++Р-17-3-9-4-1422),Р-17-3-9-4-1422,Р17,3-9,4,1422,opys-explicit
8c2b4c2e-12cc-4c65-acad-73f8ffba0089,ЦДНТА-(Р-17-3-9-4-1437+++Р-17-3-9-4-1437+++Р-17-3-9-4-1437),Р-17-3-9-4-1437,Р17,3-9,4,1437,opys-explicit
df13bdb9-c5fa-491d-9a78-00c0d8500263,ЦДНТА-(Р-17-3-9-4-1458+++Р-17-3-9-4-1458+++Р-17-3-9-4-1458),Р-17-3-9-4-1458,Р17,3-9,4,1458,opys-explicit
bc741943-fc94-48bc-ae10-472a39ad8d28,ЦДНТА-(Р-17-3-9-4-1451+++Р-17-3-9-4-1451+++Р-17-3-9-4-1451),Р-17-3-9-4-1451,Р17,3-9,4,1451,opys-explicit
7da5c9b7-a399-4318-9875-0bff03372d81,ЦДНТА-(Р-17-3-9-4-1440+++Р-17-3-9-4-1440+++Р-17-3-9-4-1440),Р-17-3-9-4-1440,Р17,3-9,4,1440,opys-explicit
eb584690-957a-41ee-b0ea-fda16902f039,ЦДНТА-(Р-17-3-9-4-1463+++Р-17-3-9-4-1463+++Р-17-3-9-4-1463),Р-17-3-9-4-1463,Р17,3-9,4,1463,opys-explicit
a1461435-8491-4f2e-a7de-3bb4843fba2c,ЦДНТА-(Р-17-3-9-4-1464+++Р-17-3-9-4-1464+++Р-17-3-9-4-1464),Р-17-3-9-4-1464,Р17,3-9,4,1464,opys-explicit
4f6365c6-d7a8-42ab-aecd-b12319ae963d,ЦДНТА-(Р-17-3-9-4-1479+++Р-17-3-9-4-1479+++Р-17-3-9-4-1479),Р-17-3-9-4-1479,Р17,3-9,4,1479,opys-explicit
4ca79e6a-b816-4e93-b9cd-f709d7d0b7b3,ЦДНТА-(Р-17-3-9-4-1472+++Р-17-3-9-4-1472+++Р-17-3-9-4-1472),Р-17-3-9-4-1472,Р17,3-9,4,1472,opys-explicit
a231b5ff-447f-473d-aa04-4c3b4c51c958,ЦДНТА-(Р-17-3-9-4-1490+++Р-17-3-9-4-1490+++Р-17-3-9-4-1490),Р-17-3-9-4-1490,Р17,3-9,4,1490,opys-explicit
dfc0113f-fc26-4f31-8a23-e876c2cdce18,ЦДНТА-(Р-17-3-9-4-1478+++Р-17-3-9-4-1478+++Р-17-3-9-4-1478),Р-17-3-9-4-1478,Р17,3-9,4,1478,opys-explicit
e0c954a6-a1e6-4146-9ae5-690c3fa32631,ЦДНТА-(Р-17-3-9-4-1488+++Р-17-3-9-4-1488+++Р-17-3-9-4-1488),Р-17-3-9-4-1488,Р17,3-9,4,1488,opys-explicit
6e62f26c-3d3d-4742-bbe4-70dba048eb55,ЦДНТА-(Р-17-3-9-4-1511+++Р-17-3-9-4-1511+++Р-17-3-9-4-1511),Р-17-3-9-4-1511,Р17,3-9,4,1511,opys-explicit
a848963f-fee8-4c16-acd5-ea4e13cdd480,ЦДНТА-(Р-17-3-9-4-1504+++Р-17-3-9-4-1504+++Р-17-3-9-4-1504),Р-17-3-9-4-1504,Р17,3-9,4,1504,opys-explicit
6d035eef-9552-4d3e-bad1-4e8010f3df62,ЦДНТА-(Р-17-3-9-4-1515+++Р-17-3-9-4-1515+++Р-17-3-9-4-1515),Р-17-3-9-4-1515,Р17,3-9,4,1515,opys-explicit
c13a4abb-69c7-4817-9b91-c41671af39db,ЦДНТА-(Р-17-3-9-4-1509+++Р-17-3-9-4-1509+++Р-17-3-9-4-1509),Р-17-3-9-4-1509,Р17,3-9,4,1509,opys-explicit
7da65b09-7196-407d-ab2e-73628741d179,ЦДНТА-(Р-17-3-9-4-1513+++Р-17-3-9-4-1513+++Р-17-3-9-4-1513),Р-17-3-9-4-1513,Р17,3-9,4,1513,opys-explicit
0de261bc-9aca-4f94-8107-94992736c60a,ЦДНТА-(Р-17-3-9-4-1523+++Р-17-3-9-4-1523+++Р-17-3-9-4-1523),Р-17-3-9-4-1523,Р17,3-9,4,1523,opys-explicit
86757148-40a7-436e-9d4a-69b35a0166c8,ЦДНТА-(Р-17-3-9-4-1520+++Р-17-3-9-4-1520+++Р-17-3-9-4-1520),Р-17-3-9-4-1520,Р17,3-9,4,1520,opys-explicit
375eeda9-6d76-4ff1-b165-ae3053389d0f,ЦДНТА-(Р-17-3-9-4-1510+++Р-17-3-9-4-1510+++Р-17-3-9-4-1510),Р-17-3-9-4-1510,Р17,3-9,4,1510,opys-explicit
96c1510f-7eee-4318-ae1d-8f18d3d56d13,ЦДНТА-(Р-17-3-9-4-1516+++Р-17-3-9-4-1516+++Р-17-3-9-4-1516),Р-17-3-9-4-1516,Р17,3-9,4,1516,opys-explicit
f6645bdf-3a12-49de-85d9-53641033d3aa,ЦДНТА-(Р-17-3-9-4-1528+++Р-17-3-9-4-1528+++Р-17-3-9-4-1528),Р-17-3-9-4-1528,Р17,3-9,4,1528,opys-explicit
2cd2303c-be35-4c59-afd2-8ba2d0b656c4,ЦДНТА-(Р-17-3-9-4-1529+++Р-17-3-9-4-1529+++Р-17-3-9-4-1529),Р-17-3-9-4-1529,Р17,3-9,4,1529,opys-explicit
0e72213e-d3c2-4389-badf-b0de72998f41,ЦДНТА-(Р-17-3-9-4-1542+++Р-17-3-9-4-1542+++Р-17-3-9-4-1542),Р-17-3-9-4-1542,Р17,3-9,4,1542,opys-explicit
d791c3c0-9aee-44f2-a8ca-f27ef15da95e,ЦДНТА-(Р-17-3-9-4-1552+++Р-17-3-9-4-1552+++Р-17-3-9-4-1552),Р-17-3-9-4-1552,Р17,3-9,4,1552,opys-explicit
b0ba7e46-bfd1-419b-9d26-035e24241822,ЦДНТА-(Р-17-3-9-4-1568+++Р-17-3-9-4-1568+++Р-17-3-9-4-1568),Р-17-3-9-4-1568,Р17,3-9,4,1568,opys-explicit
e047183d-5d79-46c0-9dbb-b9708a442ecf,ЦДНТА-(Р-17-3-9-4-1530+++Р-17-3-9-4-1530+++Р-17-3-9-4-1530),Р-17-3-9-4-1530,Р17,3-9,4,1530,opys-explicit
2da9ee8c-7cf4-432e-a887-d529e567eb70,ЦДНТА-(Р-17-3-9-4-1527+++Р-17-3-9-4-1527+++Р-17-3-9-4-1527),Р-17-3-9-4-1527,Р17,3-9,4,1527,opys-explicit
c9ae42d3-836e-40aa-9eca-0351713e7a91,ЦДНТА-(Р-17-3-9-4-1537+++Р-17-3-9-4-1537+++Р-17-3-9-4-1537),Р-17-3-9-4-1537,Р17,3-9,4,1537,opys-explicit
7ffa9abe-e023-4b1d-9fbb-7768598eb414,ЦДНТА-(Р-17-3-9-4-1550+++Р-17-3-9-4-1550+++Р-17-3-9-4-1550),Р-17-3-9-4-1550,Р17,3-9,4,1550,opys-explicit
66c3ad7a-61e0-479a-96de-f81fd8475c99,ЦДНТА-(Р-17-3-9-4-1559+++Р-17-3-9-4-1559+++Р-17-3-9-4-1559),Р-17-3-9-4-1559,Р17,3-9,4,1559,opys-explicit
4e21ab37-d5eb-408a-97ce-c915c6b6344d,ЦДНТА-(Р-17-3-9-4-1585+++Р-17-3-9-4-1585+++Р-17-3-9-4-1585),Р-17-3-9-4-1585,Р17,3-9,4,1585,opys-explicit
c1f3d530-d046-4615-974d-0c4670e813b5,ЦДНТА-(Р-17-3-9-4-1584+++Р-17-3-9-4-1584+++Р-17-3-9-4-1584),Р-17-3-9-4-1584,Р17,3-9,4,1584,opys-explicit
3efbe2a3-fb77-4326-ab04-0015ce5b9305,ЦДНТА-(Р-17-3-9-4-1576+++Р-17-3-9-4-1576+++Р-17-3-9-4-1576),Р-17-3-9-4-1576,Р17,3-9,4,1576,opys-explicit
b9f001c3-eb49-42ee-b618-6e7f4a34a218,ЦДНТА-(Р-17-3-9-4-1581+++Р-17-3-9-4-1581+++Р-17-3-9-4-1581),Р-17-3-9-4-1581,Р17,3-9,4,1581,opys-explicit
9447e62d-fe97-4c7b-a852-a77d237021a2,ЦДНТА-(Р-17-3-9-4-1579+++Р-17-3-9-4-1579+++Р-17-3-9-4-1579),Р-17-3-9-4-1579,Р17,3-9,4,1579,opys-explicit
10cc08e1-0ce6-4b73-9cf7-a3816dad0736,ЦДНТА-(Р-17-3-9-4-1612+++Р-17-3-9-4-1612+++Р-17-3-9-4-1612),Р-17-3-9-4-1612,Р17,3-9,4,1612,opys-explicit
1d285080-8995-4c03-a61d-4d39374fbdcb,ЦДНТА-(Р-17-3-9-4-1604+++Р-17-3-9-4-1604+++Р-17-3-9-4-1604),Р-17-3-9-4-1604,Р17,3-9,4,1604,opys-explicit
561ab9b7-5099-4af2-b7d3-7fb56689f3e5,ЦДНТА-(Р-17-3-9-4-1615+++Р-17-3-9-4-1615+++Р-17-3-9-4-1615),Р-17-3-9-4-1615,Р17,3-9,4,1615,opys-explicit
b8d670ba-56f1-4822-aa33-2581b6a9d4a6,ЦДНТА-(Р-17-3-9-4-1620+++Р-17-3-9-4-1620+++Р-17-3-9-4-1620),Р-17-3-9-4-1620,Р17,3-9,4,1620,opys-explicit
1fe00625-9715-4433-a5af-67d21eabc037,ЦДНТА-(Р-17-3-9-4-1630+++Р-17-3-9-4-1630+++Р-17-3-9-4-1630),Р-17-3-9-4-1630,Р17,3-9,4,1630,opys-explicit
a0bb8a48-341d-4e5a-ab1f-e69304e9cda0,ЦДНТА-(Р-17-3-9-4-1624+++Р-17-3-9-4-1624+++Р-17-3-9-4-1624),Р-17-3-9-4-1624,Р17,3-9,4,1624,opys-explicit
f6b5c222-8793-4a2a-aad8-165c12dfab25,ЦДНТА-(Р-17-3-9-4-1631+++Р-17-3-9-4-1631+++Р-17-3-9-4-1631),Р-17-3-9-4-1631,Р17,3-9,4,1631,opys-explicit
2de72128-6da2-4311-8f51-3788104b14d1,ЦДНТА-(Р-17-3-9-4-1645+++Р-17-3-9-4-1645+++Р-17-3-9-4-1645),Р-17-3-9-4-1645,Р17,3-9,4,1645,opys-explicit
553802c9-731a-4a53-80c6-767f50896807,ЦДНТА-(Р-17-3-9-4-1637+++Р-17-3-9-4-1637+++Р-17-3-9-4-1637),Р-17-3-9-4-1637,Р17,3-9,4,1637,opys-explicit
9482c3c9-7c9c-4a6f-9b8d-b3b014ff40a5,ЦДНТА-(Р-17-3-9-4-1658+++Р-17-3-9-4-1658+++Р-17-3-9-4-1658),Р-17-3-9-4-1658,Р17,3-9,4,1658,opys-explicit
baf5c019-8389-4761-8c0e-c602162b2396,ЦДНТА-(Р-17-3-9-4-1647+++Р-17-3-9-4-1647+++Р-17-3-9-4-1647),Р-17-3-9-4-1647,Р17,3-9,4,1647,opys-explicit
7a250a01-65ea-440a-923a-0fba27a6e66f,ЦДНТА-(Р-17-3-9-4-1668+++Р-17-3-9-4-1668+++Р-17-3-9-4-1668),Р-17-3-9-4-1668,Р17,3-9,4,1668,opys-explicit
dd015415-b8d8-49b3-865c-3ecdd19d1257,ЦДНТА-(Р-17-3-9-4-1652+++Р-17-3-9-4-1652+++Р-17-3-9-4-1652),Р-17-3-9-4-1652,Р17,3-9,4,1652,opys-explicit
db07ec74-59b3-4fac-b37a-9b26b9b9a34a,ЦДНТА-(Р-17-3-9-4-1650+++Р-17-3-9-4-1650+++Р-17-3-9-4-1650),Р-17-3-9-4-1650,Р17,3-9,4,1650,opys-explicit
c09d3b35-c489-4167-9dc9-54e913e66ced,ЦДНТА-(Р-17-3-9-4-1676+++Р-17-3-9-4-1676+++Р-17-3-9-4-1676),Р-17-3-9-4-1676,Р17,3-9,4,1676,opys-explicit
956031f4-f617-4a85-82b2-6f1e761bbb72,ЦДНТА-(Р-17-3-9-4-1682+++Р-17-3-9-4-1682+++Р-17-3-9-4-1682),Р-17-3-9-4-1682,Р17,3-9,4,1682,opys-explicit
15679fee-f8eb-4bcd-bce8-fa8ae00206a4,ЦДНТА-(Р-17-3-9-4-1697+++Р-17-3-9-4-1697+++Р-17-3-9-4-1697),Р-17-3-9-4-1697,Р17,3-9,4,1697,opys-explicit
a1ac0ea0-9f1b-4510-be23-90c741567f91,ЦДНТА-(Р-17-3-9-4-1696+++Р-17-3-9-4-1696+++Р-17-3-9-4-1696),Р-17-3-9-4-1696,Р17,3-9,4,1696,opys-explicit
cef3d081-b71c-4db4-bc3a-d73478f87050,ЦДНТА-(Р-17-3-9-4-1664+++Р-17-3-9-4-1664+++Р-17-3-9-4-1664),Р-17-3-9-4-1664,Р17,3-9,4,1664,opys-explicit
b04b4358-9396-48fb-95d4-93aa76064da2,ЦДНТА-(Р-17-3-9-4-1705+++Р-17-3-9-4-1705+++Р-17-3-9-4-1705),Р-17-3-9-4-1705,Р17,3-9,4,1705,opys-explicit
5358369a-e8fb-48f1-b735-8054fe40c098,ЦДНТА-(Р-17-3-9-4-1701+++Р-17-3-9-4-1701+++Р-17-3-9-4-1701),Р-17-3-9-4-1701,Р17,3-9,4,1701,opys-explicit
8d1994fb-8e97-49ce-a273-dc07a6fdcb74,ЦДНТА-(Р-17-3-9-4-1736+++Р-17-3-9-4-1736+++Р-17-3-9-4-1736),Р-17-3-9-4-1736,Р17,3-9,4,1736,opys-explicit
01c5d404-38ab-4fd9-9a6e-b44258ea97dd,ЦДНТА-(Р-17-3-9-4-1742+++Р-17-3-9-4-1742+++Р-17-3-9-4-1742),Р-17-3-9-4-1742,Р17,3-9,4,1742,opys-explicit
86a63dd1-9cb2-42ad-be26-1381aada1d44,ЦДНТА-(Р-17-3-9-4-1744+++Р-17-3-9-4-1744+++Р-17-3-9-4-1744),Р-17-3-9-4-1744,Р17,3-9,4,1744,opys-explicit
38b90a97-9906-48ca-8509-102f26302dd6,ЦДНТА-(Р-17-3-9-4-1733+++Р-17-3-9-4-1733+++Р-17-3-9-4-1733),Р-17-3-9-4-1733,Р17,3-9,4,1733,opys-explicit
3504b03d-37cd-4514-b42f-7a69989eac8b,ЦДНТА-(Р-17-3-9-4-1732+++Р-17-3-9-4-1732+++Р-17-3-9-4-1732),Р-17-3-9-4-1732,Р17,3-9,4,1732,opys-explicit
8e940d55-cf11-4bdd-916f-347780063d1a,ЦДНТА-(Р-17-3-9-4-1745+++Р-17-3-9-4-1745+++Р-17-3-9-4-1745),Р-17-3-9-4-1745,Р17,3-9,4,1745,opys-explicit
be24699c-924b-44f8-9f8b-49c98cbbc3ee,ЦДНТА-(Р-17-3-9-4-1748+++Р-17-3-9-4-1748+++Р-17-3-9-4-1748),Р-17-3-9-4-1748,Р17,3-9,4,1748,opys-explicit
0c76dba5-3312-46fa-a7b2-fd0d67099be2,ЦДНТА-(Р-17-3-9-4-1760+++Р-17-3-9-4-1760+++Р-17-3-9-4-1760),Р-17-3-9-4-1760,Р17,3-9,4,1760,opys-explicit
dd9fdb87-1d20-43f1-880e-45e860eac376,ЦДНТА-(Р-17-3-9-4-1758+++Р-17-3-9-4-1758+++Р-17-3-9-4-1758),Р-17-3-9-4-1758,Р17,3-9,4,1758,opys-explicit
1c7e6d39-a83c-4b64-bf41-30ecd62e00aa,ЦДНТА-(Р-17-3-9-4-1761+++Р-17-3-9-4-1761+++Р-17-3-9-4-1761),Р-17-3-9-4-1761,Р17,3-9,4,1761,opys-explicit
1ee24b0a-e937-47df-a69e-c612f713bfda,ЦДНТА-(Р-17-3-9-4-1757+++Р-17-3-9-4-1757+++Р-17-3-9-4-1757),Р-17-3-9-4-1757,Р17,3-9,4,1757,opys-explicit
ea5b19a7-3f0c-4642-8a8a-c967943f12c2,ЦДНТА-(Р-17-3-9-4-1447+++Р-17-3-9-4-1447+++Р-17-3-9-4-1447),Р-17-3-9-4-1447,Р17,3-9,4,1447,opys-explicit
f4f0195c-4257-4831-8712-1f0e950dbb0c,ЦДНТА-(Р-17-3-9-4-1449+++Р-17-3-9-4-1449+++Р-17-3-9-4-1449),Р-17-3-9-4-1449,Р17,3-9,4,1449,opys-explicit
c99c101b-f714-4932-9302-1c8b28ab0638,ЦДНТА-(Р-17-3-9-4-1450+++Р-17-3-9-4-1450+++Р-17-3-9-4-1450),Р-17-3-9-4-1450,Р17,3-9,4,1450,opys-explicit
2a444aa5-7f11-4cfe-a6c2-e7887e72f332,ЦДНТА-(Р-17-3-9-4-1454+++Р-17-3-9-4-1454+++Р-17-3-9-4-1454),Р-17-3-9-4-1454,Р17,3-9,4,1454,opys-explicit
f986e287-f9e6-40d6-aa69-f2820bcb0a9f,ЦДНТА-(Р-17-3-9-4-1456+++Р-17-3-9-4-1456+++Р-17-3-9-4-1456),Р-17-3-9-4-1456,Р17,3-9,4,1456,opys-explicit
7029d1f1-9507-4f88-9754-7611e9b2890f,ЦДНТА-(Р-17-3-9-4-1457+++Р-17-3-9-4-1457+++Р-17-3-9-4-1457),Р-17-3-9-4-1457,Р17,3-9,4,1457,opys-explicit
240a2689-0826-4187-aee3-3b26723fd445,ЦДНТА-(Р-17-3-9-4-1470+++Р-17-3-9-4-1470+++Р-17-3-9-4-1470),Р-17-3-9-4-1470,Р17,3-9,4,1470,opys-explicit
49e4265a-87bd-416d-92cf-e4c8c5e3a65b,ЦДНТА-(Р-17-3-9-4-1480+++Р-17-3-9-4-1480+++Р-17-3-9-4-1480),Р-17-3-9-4-1480,Р17,3-9,4,1480,opys-explicit
45a798c9-60ca-4724-a616-8849d37916c7,ЦДНТА-(Р-17-3-9-4-1471+++Р-17-3-9-4-1471+++Р-17-3-9-4-1471),Р-17-3-9-4-1471,Р17,3-9,4,1471,opys-explicit
3032a7f8-7ddb-43e5-a7e0-0aee0f6f2cd5,ЦДНТА-(Р-17-3-9-4-1465+++Р-17-3-9-4-1465+++Р-17-3-9-4-1465),Р-17-3-9-4-1465,Р17,3-9,4,1465,opys-explicit
348246dc-2bbc-4735-b93f-b801bf6266f7,ЦДНТА-(Р-17-3-9-4-1481+++Р-17-3-9-4-1481+++Р-17-3-9-4-1481),Р-17-3-9-4-1481,Р17,3-9,4,1481,opys-explicit
118d087f-77ab-4928-864f-2f27b3c70cd2,ЦДНТА-(Р-17-3-9-4-1491+++Р-17-3-9-4-1491+++Р-17-3-9-4-1491),Р-17-3-9-4-1491,Р17,3-9,4,1491,opys-explicit
7257a295-bbc5-44d1-b7bc-28ed8144eb40,ЦДНТА-(Р-17-3-9-4-1492+++Р-17-3-9-4-1492+++Р-17-3-9-4-1492),Р-17-3-9-4-1492,Р17,3-9,4,1492,opys-explicit
139081e1-5f22-40db-832e-04981a752261,ЦДНТА-(Р-17-3-9-4-1521+++Р-17-3-9-4-1521+++Р-17-3-9-4-1521),Р-17-3-9-4-1521,Р17,3-9,4,1521,opys-explicit
20308b53-4b7b-496b-8b94-e49e75f44747,ЦДНТА-(Р-17-3-9-4-1500+++Р-17-3-9-4-1500+++Р-17-3-9-4-1500),Р-17-3-9-4-1500,Р17,3-9,4,1500,opys-explicit
dd4aa586-5e1a-4e75-a892-06c855716476,ЦДНТА-(Р-17-3-9-4-1505+++Р-17-3-9-4-1505+++Р-17-3-9-4-1505),Р-17-3-9-4-1505,Р17,3-9,4,1505,opys-explicit
43b71720-b33b-46b9-b1e7-683fbd1a48a3,ЦДНТА-(Р-17-3-9-4-1506+++Р-17-3-9-4-1506+++Р-17-3-9-4-1506),Р-17-3-9-4-1506,Р17,3-9,4,1506,opys-explicit
c77db0b5-8569-4725-8905-23640fb42435,ЦДНТА-(Р-17-3-9-4-1507+++Р-17-3-9-4-1507+++Р-17-3-9-4-1507),Р-17-3-9-4-1507,Р17,3-9,4,1507,opys-explicit
febee94c-febc-4830-87bd-ebe1f6632be0,ЦДНТА-(Р-17-3-9-4-1533+++Р-17-3-9-4-1533+++Р-17-3-9-4-1533),Р-17-3-9-4-1533,Р17,3-9,4,1533,opys-explicit
48c306ff-e42c-4a4a-8d4c-50243e7496d4,ЦДНТА-(Р-17-3-9-4-1536+++Р-17-3-9-4-1536+++Р-17-3-9-4-1536),Р-17-3-9-4-1536,Р17,3-9,4,1536,opys-explicit
9e24e477-71c7-4a9f-9ee5-7dae6dc9019e,ЦДНТА-(Р-17-3-9-4-1543+++Р-17-3-9-4-1543+++Р-17-3-9-4-1543),Р-17-3-9-4-1543,Р17,3-9,4,1543,opys-explicit
5d485787-3243-4c8e-bac4-1197477e36e7,ЦДНТА-(Р-17-3-9-4-1531+++Р-17-3-9-4-1531+++Р-17-3-9-4-1531),Р-17-3-9-4-1531,Р17,3-9,4,1531,opys-explicit
9f052792-4dc2-41e3-a60b-9e1deb43db04,ЦДНТА-(Р-17-3-9-4-1532+++Р-17-3-9-4-1532+++Р-17-3-9-4-1532),Р-17-3-9-4-1532,Р17,3-9,4,1532,opys-explicit
7ffee144-5892-498e-a55a-59217adc7dfd,ЦДНТА-(Р-17-3-9-4-1526+++Р-17-3-9-4-1526+++Р-17-3-9-4-1526),Р-17-3-9-4-1526,Р17,3-9,4,1526,opys-explicit
cc1adc2f-6b92-4fb1-be9b-e30ae6d2543a,ЦДНТА-(Р-17-3-9-4-1560+++Р-17-3-9-4-1560+++Р-17-3-9-4-1560),Р-17-3-9-4-1560,Р17,3-9,4,1560,opys-explicit
e1f4f51a-eef6-48ed-bb49-dc291e702937,ЦДНТА-(Р-17-3-9-4-1548+++Р-17-3-9-4-1548+++Р-17-3-9-4-1548),Р-17-3-9-4-1548,Р17,3-9,4,1548,opys-explicit
9a24bbbd-d7f1-40ee-81b9-afcc555898a9,ЦДНТА-(Р-17-3-9-4-1547+++Р-17-3-9-4-1547+++Р-17-3-9-4-1547),Р-17-3-9-4-1547,Р17,3-9,4,1547,opys-explicit
7bf9ca85-cae3-4da3-841c-09cd477f1905,ЦДНТА-(Р-17-3-9-4-1556+++Р-17-3-9-4-1556+++Р-17-3-9-4-1556),Р-17-3-9-4-1556,Р17,3-9,4,1556,opys-explicit
b2dff159-b636-4003-8061-8d21f68f593b,ЦДНТА-(Р-17-3-9-4-1572+++Р-17-3-9-4-1572+++Р-17-3-9-4-1572),Р-17-3-9-4-1572,Р17,3-9,4,1572,opys-explicit
010b12be-7d6e-45f2-b3b6-030262bf790b,ЦДНТА-(Р-17-3-9-4-1586+++Р-17-3-9-4-1586+++Р-17-3-9-4-1586),Р-17-3-9-4-1586,Р17,3-9,4,1586,opys-explicit
9a7a8b48-926f-484c-947a-aadf8bfc7486,ЦДНТА-(Р-17-3-9-4-1575+++Р-17-3-9-4-1575+++Р-17-3-9-4-1575),Р-17-3-9-4-1575,Р17,3-9,4,1575,opys-explicit
0d2f28a5-b7de-439a-8f52-4abb9e676e43,ЦДНТА-(Р-17-3-9-4-1577+++Р-17-3-9-4-1577+++Р-17-3-9-4-1577),Р-17-3-9-4-1577,Р17,3-9,4,1577,opys-explicit
99ae82ea-159c-4cf9-aae1-dced0a4e65b4,ЦДНТА-(Р-17-3-9-4-1580+++Р-17-3-9-4-1580+++Р-17-3-9-4-1580),Р-17-3-9-4-1580,Р17,3-9,4,1580,opys-explicit
90b0c316-7684-4cb6-bbd9-7c0d2b36f7f3,ЦДНТА-(Р-17-3-9-4-1610+++Р-17-3-9-4-1610+++Р-17-3-9-4-1610),Р-17-3-9-4-1610,Р17,3-9,4,1610,opys-explicit
16d0467b-684d-4bb2-b1ba-eb884394ad6a,ЦДНТА-(Р-17-3-9-4-1605+++Р-17-3-9-4-1605+++Р-17-3-9-4-1605),Р-17-3-9-4-1605,Р17,3-9,4,1605,opys-explicit
a7f7f9cd-7229-4ecf-a41a-b5ad8beb8d39,ЦДНТА-(Р-17-3-9-4-1609+++Р-17-3-9-4-1609+++Р-17-3-9-4-1609),Р-17-3-9-4-1609,Р17,3-9,4,1609,opys-explicit
db572cc8-0b6d-4501-bca9-91dbe9c4677f,ЦДНТА-(Р-17-3-9-4-1597+++Р-17-3-9-4-1597+++Р-17-3-9-4-1597),Р-17-3-9-4-1597,Р17,3-9,4,1597,opys-explicit
52d299e8-96f4-459e-8587-77d6a164d97c,ЦДНТА-(Р-17-3-9-4-1614+++Р-17-3-9-4-1614+++Р-17-3-9-4-1614),Р-17-3-9-4-1614,Р17,3-9,4,1614,opys-explicit
5cc4c57c-9038-41cd-bbb5-b6b2e97673b8,ЦДНТА-(Р-17-3-9-4-1629+++Р-17-3-9-4-1629+++Р-17-3-9-4-1629),Р-17-3-9-4-1629,Р17,3-9,4,1629,opys-explicit
804988d9-ec0f-45cf-8297-cffb4882543c,ЦДНТА-(Р-17-3-9-4-1628+++Р-17-3-9-4-1628+++Р-17-3-9-4-1628),Р-17-3-9-4-1628,Р17,3-9,4,1628,opys-explicit
e5da8cee-6077-4ddc-b892-5c5ae6271caf,ЦДНТА-(Р-17-3-9-4-1618+++Р-17-3-9-4-1618+++Р-17-3-9-4-1618),Р-17-3-9-4-1618,Р17,3-9,4,1618,opys-explicit
e48fc212-6f99-4d57-9f5f-779b8f8b3cbf,ЦДНТА-(Р-17-3-9-4-1648+++Р-17-3-9-4-1648+++Р-17-3-9-4-1648),Р-17-3-9-4-1648,Р17,3-9,4,1648,opys-explicit
ad00b19f-67bb-4044-b463-d89f8f93f929,ЦДНТА-(Р-17-3-9-4-1640+++Р-17-3-9-4-1640+++Р-17-3-9-4-1640),Р-17-3-9-4-1640,Р17,3-9,4,1640,opys-explicit
f67f49af-fabe-4fc7-8b5d-228596c1703c,ЦДНТА-(Р-17-3-9-4-1642+++Р-17-3-9-4-1642+++Р-17-3-9-4-1642),Р-17-3-9-4-1642,Р17,3-9,4,1642,opys-explicit
a2660b81-7439-43b7-8ea5-88a4467b5c5b,ЦДНТА-(Р-17-3-9-4-1656+++Р-17-3-9-4-1656+++Р-17-3-9-4-1656),Р-17-3-9-4-1656,Р17,3-9,4,1656,opys-explicit
f270adad-e56b-4666-a04f-3e4d38f4b904,ЦДНТА-(Р-17-3-9-4-1669+++Р-17-3-9-4-1669+++Р-17-3-9-4-1669),Р-17-3-9-4-1669,Р17,3-9,4,1669,opys-explicit
9db57e02-a0c5-4550-832f-9d2b925b0b5a,ЦДНТА-(Р-17-3-9-4-1665+++Р-17-3-9-4-1665+++Р-17-3-9-4-1665),Р-17-3-9-4-1665,Р17,3-9,4,1665,opys-explicit
f5f6e45e-53be-4f26-9a1b-6c7e2d002534,ЦДНТА-(Р-17-3-9-4-1662+++Р-17-3-9-4-1662+++Р-17-3-9-4-1662),Р-17-3-9-4-1662,Р17,3-9,4,1662,opys-explicit
bfa80158-bfe4-4be9-86b0-dcf5622e5d11,ЦДНТА-(Р-17-3-9-4-1657+++Р-17-3-9-4-1657+++Р-17-3-9-4-1657),Р-17-3-9-4-1657,Р17,3-9,4,1657,opys-explicit
a6c24c36-b9d1-4e05-a1f3-931f5d20c375,ЦДНТА-(Р-17-3-9-4-1661+++Р-17-3-9-4-1661+++Р-17-3-9-4-1661),Р-17-3-9-4-1661,Р17,3-9,4,1661,opys-explicit
7f88d9f6-57c2-479b-a70c-bd31c1613034,ЦДНТА-(Р-17-3-9-4-1691+++Р-17-3-9-4-1691+++Р-17-3-9-4-1691),Р-17-3-9-4-1691,Р17,3-9,4,1691,opys-explicit
da77e8df-7651-418d-a7d4-626c93122b98,ЦДНТА-(Р-17-3-9-4-1700+++Р-17-3-9-4-1700+++Р-17-3-9-4-1700),Р-17-3-9-4-1700,Р17,3-9,4,1700,opys-explicit
0a11a441-e94c-4099-be70-4dae2731fba7,ЦДНТА-(Р-17-3-9-4-1699+++Р-17-3-9-4-1699+++Р-17-3-9-4-1699),Р-17-3-9-4-1699,Р17,3-9,4,1699,opys-explicit
a203c584-a0ef-4678-b00d-0b11d6834441,ЦДНТА-(Р-17-3-9-4-1681+++Р-17-3-9-4-1681+++Р-17-3-9-4-1681),Р-17-3-9-4-1681,Р17,3-9,4,1681,opys-explicit
8b7aa903-62d4-44c4-b0c9-6c32b004dde6,ЦДНТА-(Р-17-3-9-4-1686+++Р-17-3-9-4-1686+++Р-17-3-9-4-1686),Р-17-3-9-4-1686,Р17,3-9,4,1686,opys-explicit
cbee63b3-5205-4729-aaeb-3fc76305b207,ЦДНТА-(Р-17-3-9-4-1685+++Р-17-3-9-4-1685+++Р-17-3-9-4-1685),Р-17-3-9-4-1685,Р17,3-9,4,1685,opys-explicit
f7b9517b-97a9-4ea9-9299-3047f55aa8da,ЦДНТА-(Р-17-3-9-4-1683+++Р-17-3-9-4-1683+++Р-17-3-9-4-1683),Р-17-3-9-4-1683,Р17,3-9,4,1683,opys-explicit
a7615a5c-982e-4546-9e44-1ae154b984e8,ЦДНТА-(Р-17-3-9-4-1695+++Р-17-3-9-4-1695+++Р-17-3-9-4-1695),Р-17-3-9-4-1695,Р17,3-9,4,1695,opys-explicit
5bd73ce7-24d7-4a67-b736-a2f082ba25cb,ЦДНТА-(Р-17-3-9-4-1698+++Р-17-3-9-4-1698+++Р-17-3-9-4-1698),Р-17-3-9-4-1698,Р17,3-9,4,1698,opys-explicit
35bcb67e-b74f-4009-9815-a83a4f42b835,ЦДНТА-(Р-17-3-9-4-1720+++Р-17-3-9-4-1720+++Р-17-3-9-4-1720),Р-17-3-9-4-1720,Р17,3-9,4,1720,opys-explicit
ec98ef29-bbee-4828-8185-d5f5ad83c1d7,ЦДНТА-(Р-17-3-9-4-1713+++Р-17-3-9-4-1713+++Р-17-3-9-4-1713),Р-17-3-9-4-1713,Р17,3-9,4,1713,opys-explicit
0f2b95b7-8efe-4bd0-899b-e7d752fce1ba,ЦДНТА-(Р-17-3-9-4-1711+++Р-17-3-9-4-1711+++Р-17-3-9-4-1711),Р-17-3-9-4-1711,Р17,3-9,4,1711,opys-explicit
49facc5f-1c1f-409d-9465-c75f6453ba5d,ЦДНТА-(Р-17-3-9-4-1710+++Р-17-3-9-4-1710+++Р-17-3-9-4-1710),Р-17-3-9-4-1710,Р17,3-9,4,1710,opys-explicit
7e32ac1c-636e-4fa3-be4f-63a1c6997972,ЦДНТА-(Р-17-3-9-4-1706+++Р-17-3-9-4-1706+++Р-17-3-9-4-1706),Р-17-3-9-4-1706,Р17,3-9,4,1706,opys-explicit
21a2ed95-b9d1-477f-9738-adf1e609e2e5,ЦДНТА-(Р-17-3-9-4-1724+++Р-17-3-9-4-1724+++Р-17-3-9-4-1724),Р-17-3-9-4-1724,Р17,3-9,4,1724,opys-explicit
62c66335-c5d3-48f6-9fc5-0269788e6074,ЦДНТА-(Р-17-3-9-4-1728+++Р-17-3-9-4-1728+++Р-17-3-9-4-1728),Р-17-3-9-4-1728,Р17,3-9,4,1728,opys-explicit
93498fa0-6581-4492-8ee0-a3f709170896,ЦДНТА-(Р-17-3-9-4-1731+++Р-17-3-9-4-1731+++Р-17-3-9-4-1731),Р-17-3-9-4-1731,Р17,3-9,4,1731,opys-explicit
1f05c163-ed63-4628-a9fb-06e96263b033,ЦДНТА-(Р-17-3-9-4-1766+++Р-17-3-9-4-1766+++Р-17-3-9-4-1766),Р-17-3-9-4-1766,Р17,3-9,4,1766,opys-explicit
afb87775-f70b-4561-aaed-83e865242f80,ЦДНТА-(Р-17-3-9-4-1753+++Р-17-3-9-4-1753+++Р-17-3-9-4-1753),Р-17-3-9-4-1753,Р17,3-9,4,1753,opys-explicit
a67bb6d6-4b60-412f-a018-337de12b778f,ЦДНТА-(Р-17-3-9-4-1747+++Р-17-3-9-4-1747+++Р-17-3-9-4-1747),Р-17-3-9-4-1747,Р17,3-9,4,1747,opys-explicit
2df25e55-0de4-4622-b5aa-40ce2b24e37b,ЦДНТА-(Р-17-3-9-4-1759+++Р-17-3-9-4-1759+++Р-17-3-9-4-1759),Р-17-3-9-4-1759,Р17,3-9,4,1759,opys-explicit
131aef98-701c-4b88-99ce-a8ceefa1cf4e,ЦДНТА-(Р-17-3-9-4-1770+++Р-17-3-9-4-1770+++Р-17-3-9-4-1770),Р-17-3-9-4-1770,Р17,3-9,4,1770,opys-explicit
c8ee82ed-0fd3-4b65-8bb3-3de040a42dce,ЦДНТА-(Р-17-3-9-4-1774+++Р-17-3-9-4-1774+++Р-17-3-9-4-1774),Р-17-3-9-4-1774,Р17,3-9,4,1774,opys-explicit
3b67ebf0-a6ad-4cf2-9433-c7b71274032e,ЦДНТА-(Р-17-3-9-4-1777+++Р-17-3-9-4-1777+++Р-17-3-9-4-1777),Р-17-3-9-4-1777,Р17,3-9,4,1777,opys-explicit
aa8851b5-71c8-4a99-a11d-8af4689a635a,ЦДНТА-(Р-17-3-9-4-1779+++Р-17-3-9-4-1779+++Р-17-3-9-4-1779),Р-17-3-9-4-1779,Р17,3-9,4,1779,opys-explicit
7b4fbf8b-fb48-4c57-b630-f3ef4f69e2c4,ЦДНТА-(Р-17-3-9-4-1800+++Р-17-3-9-4-1800+++Р-17-3-9-4-1800),Р-17-3-9-4-1800,Р17,3-9,4,1800,opys-explicit
e8cbd69c-4827-4b67-a373-3b0fce642533,ЦДНТА-(Р-17-3-9-4-1797+++Р-17-3-9-4-1797+++Р-17-3-9-4-1797),Р-17-3-9-4-1797,Р17,3-9,4,1797,opys-explicit
7d9eaab1-de46-464d-9095-1498acfdf755,ЦДНТА-(Р-17-3-9-4-1791+++Р-17-3-9-4-1791+++Р-17-3-9-4-1791),Р-17-3-9-4-1791,Р17,3-9,4,1791,opys-explicit
a64a64be-07bb-4299-8fe7-74d0e5b7bcf6,ЦДНТА-(Р-17-3-9-4-1809+++Р-17-3-9-4-1809+++Р-17-3-9-4-1809),Р-17-3-9-4-1809,Р17,3-9,4,1809,opys-explicit
24307dc3-bf70-409a-ac0d-0c02e2cf6374,ЦДНТА-(Р-17-3-9-4-1826+++Р-17-3-9-4-1826+++Р-17-3-9-4-1826),Р-17-3-9-4-1826,Р17,3-9,4,1826,opys-explicit
fa7c1f6f-3e3e-4bbc-8abc-116acc64ec5f,ЦДНТА-(Р-17-3-9-4-1831+++Р-17-3-9-4-1831+++Р-17-3-9-4-1831),Р-17-3-9-4-1831,Р17,3-9,4,1831,opys-explicit
6c9ad845-d8b7-4993-beb5-016e0c4f9d7c,ЦДНТА-(Р-17-3-9-4-1827+++Р-17-3-9-4-1827+++Р-17-3-9-4-1827),Р-17-3-9-4-1827,Р17,3-9,4,1827,opys-explicit
d1334e70-7e5a-45aa-a3ee-8aae89f3752a,ЦДНТА-(Р-17-3-9-4-1836+++Р-17-3-9-4-1836+++Р-17-3-9-4-1836),Р-17-3-9-4-1836,Р17,3-9,4,1836,opys-explicit
e321e6bf-65e9-4b52-bf6b-dd650c014198,ЦДНТА-(Р-17-3-9-4-1835+++Р-17-3-9-4-1835+++Р-17-3-9-4-1835),Р-17-3-9-4-1835,Р17,3-9,4,1835,opys-explicit
bddbb654-34fe-49eb-ba04-6f89c2cfac67,ЦДНТА-(Р-17-3-9-4-1863+++Р-17-3-9-4-1863+++Р-17-3-9-4-1863),Р-17-3-9-4-1863,Р17,3-9,4,1863,opys-explicit
fdf6e289-fc5a-494c-a9d2-6552da9adf41,ЦДНТА-(Р-17-3-9-4-1841+++Р-17-3-9-4-1841+++Р-17-3-9-4-1841),Р-17-3-9-4-1841,Р17,3-9,4,1841,opys-explicit
f9b0d002-0254-4ed2-b859-96b96f61e1cf,ЦДНТА-(Р-17-3-9-4-1862+++Р-17-3-9-4-1862+++Р-17-3-9-4-1862),Р-17-3-9-4-1862,Р17,3-9,4,1862,opys-explicit
24b708b3-55a3-43be-9949-d8e040b5bab9,ЦДНТА-(Р-17-3-9-4-1834+++Р-17-3-9-4-1834+++Р-17-3-9-4-1834),Р-17-3-9-4-1834,Р17,3-9,4,1834,opys-explicit
37fb9fda-ec13-4611-a594-0008ae5d4390,ЦДНТА-(Р-17-3-9-4-1855+++Р-17-3-9-4-1855+++Р-17-3-9-4-1855),Р-17-3-9-4-1855,Р17,3-9,4,1855,opys-explicit
aa96c875-b853-48e8-a0ea-541a224265ff,ЦДНТА-(Р-17-3-9-4-1870+++Р-17-3-9-4-1870+++Р-17-3-9-4-1870),Р-17-3-9-4-1870,Р17,3-9,4,1870,opys-explicit
b98d483a-ccf2-4952-956a-8851df44eadc,ЦДНТА-(Р-17-3-9-4-1860+++Р-17-3-9-4-1860+++Р-17-3-9-4-1860),Р-17-3-9-4-1860,Р17,3-9,4,1860,opys-explicit
fd081860-4671-47be-995c-f7da46364d6f,ЦДНТА-(Р-17-3-9-4-1861+++Р-17-3-9-4-1861+++Р-17-3-9-4-1861),Р-17-3-9-4-1861,Р17,3-9,4,1861,opys-explicit
b6402b7a-f39b-454f-a40e-4a240bcd9416,ЦДНТА-(Р-17-3-9-4-1865+++Р-17-3-9-4-1865+++Р-17-3-9-4-1865),Р-17-3-9-4-1865,Р17,3-9,4,1865,opys-explicit
8320b070-82c0-41e7-a93f-741647dccaa4,ЦДНТА-(Р-17-3-9-4-1886+++Р-17-3-9-4-1886+++Р-17-3-9-4-1886),Р-17-3-9-4-1886,Р17,3-9,4,1886,opys-explicit
11163ce3-63f8-452f-8c45-2dcdd9604de5,ЦДНТА-(Р-17-3-9-4-1889+++Р-17-3-9-4-1889+++Р-17-3-9-4-1889),Р-17-3-9-4-1889,Р17,3-9,4,1889,opys-explicit
96ad7875-e7e0-44d2-91fe-469123d871d8,ЦДНТА-(Р-17-3-9-4-1880+++Р-17-3-9-4-1880+++Р-17-3-9-4-1880),Р-17-3-9-4-1880,Р17,3-9,4,1880,opys-explicit
d8035cae-88dd-4b8a-a3fd-f1e92ec8b20a,ЦДНТА-(Р-17-3-9-4-1882+++Р-17-3-9-4-1882+++Р-17-3-9-4-1882),Р-17-3-9-4-1882,Р17,3-9,4,1882,opys-explicit
3ecd0073-ebb8-4b54-a4f4-a68b8e254711,ЦДНТА-(Р-17-3-9-4-1891+++Р-17-3-9-4-1891+++Р-17-3-9-4-1891),Р-17-3-9-4-1891,Р17,3-9,4,1891,opys-explicit
710be60f-81cf-43e0-9ac3-56ca19c2ed05,ЦДНТА-(Р-17-3-9-4-1899+++Р-17-3-9-4-1899+++Р-17-3-9-4-1899),Р-17-3-9-4-1899,Р17,3-9,4,1899,opys-explicit
abb3dd95-3e13-436b-ad8e-d185c92fd133,ЦДНТА-(Р-17-3-9-4-1904+++Р-17-3-9-4-1904+++Р-17-3-9-4-1904),Р-17-3-9-4-1904,Р17,3-9,4,1904,opys-explicit
b6df2553-7a92-4f76-baf4-bc1899d056cb,ЦДНТА-(Р-17-3-9-4-1921+++Р-17-3-9-4-1921+++Р-17-3-9-4-1921),Р-17-3-9-4-1921,Р17,3-9,4,1921,opys-explicit
c58a96d8-a68a-4fb9-a05c-526a349810c5,ЦДНТА-(Р-17-3-9-4-1938+++Р-17-3-9-4-1938+++Р-17-3-9-4-1938),Р-17-3-9-4-1938,Р17,3-9,4,1938,opys-explicit
2ad78383-4913-44fd-81bb-cfdc08b98a2e,ЦДНТА-(Р-17-3-9-4-1929+++Р-17-3-9-4-1929+++Р-17-3-9-4-1929),Р-17-3-9-4-1929,Р17,3-9,4,1929,opys-explicit
b2b6110f-e8f2-436c-a14a-6a6d007271da,ЦДНТА-(Р-17-3-9-4-1936+++Р-17-3-9-4-1936+++Р-17-3-9-4-1936),Р-17-3-9-4-1936,Р17,3-9,4,1936,opys-explicit
be18dae7-e800-4c72-8a1f-3a8b769cddfa,ЦДНТА-(Р-17-3-9-4-1923+++Р-17-3-9-4-1923+++Р-17-3-9-4-1923),Р-17-3-9-4-1923,Р17,3-9,4,1923,opys-explicit
f72d0dfe-2ce1-4624-a1bb-765e35cbbbc6,ЦДНТА-(Р-17-3-9-4-1937+++Р-17-3-9-4-1937+++Р-17-3-9-4-1937),Р-17-3-9-4-1937,Р17,3-9,4,1937,opys-explicit
685d13d9-f074-4848-9d44-fa4a00c4eab8,ЦДНТА-(Р-17-3-9-4-1944+++Р-17-3-9-4-1944+++Р-17-3-9-4-1944),Р-17-3-9-4-1944,Р17,3-9,4,1944,opys-explicit
eea961b7-2bf9-48a6-b0e0-8e64f07698bc,ЦДНТА-(Р-17-3-9-4-1955+++Р-17-3-9-4-1955+++Р-17-3-9-4-1955),Р-17-3-9-4-1955,Р17,3-9,4,1955,opys-explicit
49f348a0-f432-4fbb-8349-6f655bb7555a,ЦДНТА-(Р-17-3-9-4-1952+++Р-17-3-9-4-1952+++Р-17-3-9-4-1952),Р-17-3-9-4-1952,Р17,3-9,4,1952,opys-explicit
b74fc944-4d9a-47c0-b0d8-d09d52a6869d,ЦДНТА-(Р-17-3-9-4-1950+++Р-17-3-9-4-1950+++Р-17-3-9-4-1950),Р-17-3-9-4-1950,Р17,3-9,4,1950,opys-explicit
5a3ea1d1-8538-4ff2-8413-b69166408b9c,ЦДНТА-(Р-17-3-9-4-1956+++Р-17-3-9-4-1956+++Р-17-3-9-4-1956),Р-17-3-9-4-1956,Р17,3-9,4,1956,opys-explicit
da38a381-51e9-4535-a821-d4758b4bd00c,ЦДНТА-(Р-17-3-9-4-1964+++Р-17-3-9-4-1964+++Р-17-3-9-4-1964),Р-17-3-9-4-1964,Р17,3-9,4,1964,opys-explicit
227ca46d-b858-4557-93db-5848ab21e98f,ЦДНТА-(Р-17-3-9-4-1957+++Р-17-3-9-4-1957+++Р-17-3-9-4-1957),Р-17-3-9-4-1957,Р17,3-9,4,1957,opys-explicit
a88a5f25-d345-4fe6-be1d-ff6a982cf0d0,ЦДНТА-(Р-17-3-9-4-1970+++Р-17-3-9-4-1970+++Р-17-3-9-4-1970),Р-17-3-9-4-1970,Р17,3-9,4,1970,opys-explicit
6e27533c-166a-402c-b61c-e68e2cf019ef,ЦДНТА-(Р-17-3-9-4-1982+++Р-17-3-9-4-1982+++Р-17-3-9-4-1982),Р-17-3-9-4-1982,Р17,3-9,4,1982,opys-explicit
0d4fd410-1f5e-4671-aa4d-4a6e3b30ca86,ЦДНТА-(Р-17-3-9-4-1986+++Р-17-3-9-4-1986+++Р-17-3-9-4-1986),Р-17-3-9-4-1986,Р17,3-9,4,1986,opys-explicit
7e954277-47df-4abd-a7f6-9f04817ccd7b,ЦДНТА-(Р-17-3-9-4-1782+++Р-17-3-9-4-1782+++Р-17-3-9-4-1782),Р-17-3-9-4-1782,Р17,3-9,4,1782,opys-explicit
3d841bfd-4064-4141-a0e8-78d4a755849e,ЦДНТА-(Р-17-3-9-4-1783+++Р-17-3-9-4-1783+++Р-17-3-9-4-1783),Р-17-3-9-4-1783,Р17,3-9,4,1783,opys-explicit
3941cdba-a860-4081-8b89-51136ea6628b,ЦДНТА-(Р-17-3-9-4-1793+++Р-17-3-9-4-1793+++Р-17-3-9-4-1793),Р-17-3-9-4-1793,Р17,3-9,4,1793,opys-explicit
f745c0e9-65fb-40d6-af08-41529806984b,ЦДНТА-(Р-17-3-9-4-1810+++Р-17-3-9-4-1810+++Р-17-3-9-4-1810),Р-17-3-9-4-1810,Р17,3-9,4,1810,opys-explicit
86f37e6b-b254-40ce-9d57-8e5328299b82,ЦДНТА-(Р-17-3-9-4-1795+++Р-17-3-9-4-1795+++Р-17-3-9-4-1795),Р-17-3-9-4-1795,Р17,3-9,4,1795,opys-explicit
297ee6cc-0bb8-4c4c-b83d-14287ef0591d,ЦДНТА-(Р-17-3-9-4-1807+++Р-17-3-9-4-1807+++Р-17-3-9-4-1807),Р-17-3-9-4-1807,Р17,3-9,4,1807,opys-explicit
286e61b0-8ae4-48cf-9acf-985b78d52434,ЦДНТА-(Р-17-3-9-4-1812+++Р-17-3-9-4-1812+++Р-17-3-9-4-1812),Р-17-3-9-4-1812,Р17,3-9,4,1812,opys-explicit
8b1217e3-4cec-4a29-9f40-36e0211cb6ed,ЦДНТА-(Р-17-3-9-4-1816+++Р-17-3-9-4-1816+++Р-17-3-9-4-1816),Р-17-3-9-4-1816,Р17,3-9,4,1816,opys-explicit
5aba9351-c0b2-4cb6-83f8-49f24ed51d92,ЦДНТА-(Р-17-3-9-4-1828+++Р-17-3-9-4-1828+++Р-17-3-9-4-1828),Р-17-3-9-4-1828,Р17,3-9,4,1828,opys-explicit
82c6f886-843b-4179-8ca9-2a4347b0522c,ЦДНТА-(Р-17-3-9-4-1854+++Р-17-3-9-4-1854+++Р-17-3-9-4-1854),Р-17-3-9-4-1854,Р17,3-9,4,1854,opys-explicit
359ab76f-c4da-4cb0-926b-21ab2e3886e2,ЦДНТА-(Р-17-3-9-4-1881+++Р-17-3-9-4-1881+++Р-17-3-9-4-1881),Р-17-3-9-4-1881,Р17,3-9,4,1881,opys-explicit
01c68a61-943b-496d-a9a5-d1ebddbb10c2,ЦДНТА-(Р-17-3-9-4-1890+++Р-17-3-9-4-1890+++Р-17-3-9-4-1890),Р-17-3-9-4-1890,Р17,3-9,4,1890,opys-explicit
42350295-daf1-4e50-954d-08d0d47c7169,ЦДНТА-(Р-17-3-9-4-1898+++Р-17-3-9-4-1898+++Р-17-3-9-4-1898),Р-17-3-9-4-1898,Р17,3-9,4,1898,opys-explicit
35c03512-fb0a-4f21-acab-c15677ba3144,ЦДНТА-(Р-17-3-9-4-1877+++Р-17-3-9-4-1877+++Р-17-3-9-4-1877),Р-17-3-9-4-1877,Р17,3-9,4,1877,opys-explicit
b10dd7cb-9f2a-468d-9ae9-fb8c8870ee70,ЦДНТА-(Р-17-3-9-4-1897+++Р-17-3-9-4-1897+++Р-17-3-9-4-1897),Р-17-3-9-4-1897,Р17,3-9,4,1897,opys-explicit
821fa0c5-9633-4074-be5c-053621eb8b58,ЦДНТА-(Р-17-3-9-4-1912+++Р-17-3-9-4-1912+++Р-17-3-9-4-1912),Р-17-3-9-4-1912,Р17,3-9,4,1912,opys-explicit
98ec0ea2-0430-41a9-9ed4-597b29571d8c,ЦДНТА-(Р-17-3-9-4-1903+++Р-17-3-9-4-1903+++Р-17-3-9-4-1903),Р-17-3-9-4-1903,Р17,3-9,4,1903,opys-explicit
48293aa3-8224-48ca-ae25-4c4a8db76da8,ЦДНТА-(Р-17-3-9-4-1918+++Р-17-3-9-4-1918+++Р-17-3-9-4-1918),Р-17-3-9-4-1918,Р17,3-9,4,1918,opys-explicit
bf371bf6-62b8-42fb-beb6-01025eb04985,ЦДНТА-(Р-17-3-9-4-1909+++Р-17-3-9-4-1909+++Р-17-3-9-4-1909),Р-17-3-9-4-1909,Р17,3-9,4,1909,opys-explicit
f3a6e5e3-6539-40c1-86e3-1aa7cf959985,ЦДНТА-(Р-17-3-9-4-1902+++Р-17-3-9-4-1902+++Р-17-3-9-4-1902),Р-17-3-9-4-1902,Р17,3-9,4,1902,opys-explicit
161127e8-fb61-47c6-a77e-9895cce6b96a,ЦДНТА-(Р-17-3-9-4-1916+++Р-17-3-9-4-1916+++Р-17-3-9-4-1916),Р-17-3-9-4-1916,Р17,3-9,4,1916,opys-explicit
c44dd904-64c2-4e78-b610-253d18b4b93c,ЦДНТА-(Р-17-3-9-4-1962+++Р-17-3-9-4-1962+++Р-17-3-9-4-1962),Р-17-3-9-4-1962,Р17,3-9,4,1962,opys-explicit
911ed305-8f28-4308-a380-e0b149242d92,ЦДНТА-(Р-17-3-9-4-1946+++Р-17-3-9-4-1946+++Р-17-3-9-4-1946),Р-17-3-9-4-1946,Р17,3-9,4,1946,opys-explicit
ec91a88e-99fd-4bf7-b6b2-2df441a201ac,ЦДНТА-(Р-17-3-9-4-1971+++Р-17-3-9-4-1971+++Р-17-3-9-4-1971),Р-17-3-9-4-1971,Р17,3-9,4,1971,opys-explicit
cce8c1b6-ae14-4191-b024-31b1af0e721a,ЦДНТА-(Р-17-3-9-4-1972+++Р-17-3-9-4-1972+++Р-17-3-9-4-1972),Р-17-3-9-4-1972,Р17,3-9,4,1972,opys-explicit
38797ee5-dcfc-4eec-8519-cca46aac63d3,ЦДНТА-(Р-17-3-9-4-2020+++Р-17-3-9-4-2020+++Р-17-3-9-4-2020),Р-17-3-9-4-2020,Р17,3-9,4,2020,opys-explicit
4a738153-1917-4341-b0d0-0e147b0c6f91,ЦДНТА-(Р-17-3-9-4-1998+++Р-17-3-9-4-1998+++Р-17-3-9-4-1998),Р-17-3-9-4-1998,Р17,3-9,4,1998,opys-explicit
8a8441bb-573d-44d4-82e8-dba93dff5236,ЦДНТА-(Р-17-3-9-4-2032+++Р-17-3-9-4-2032+++Р-17-3-9-4-2032),Р-17-3-9-4-2032,Р17,3-9,4,2032,opys-explicit
d9adc4d2-cf2c-495d-b5eb-50c78704da4c,ЦДНТА-(Р-17-3-9-4-2004+++Р-17-3-9-4-2004+++Р-17-3-9-4-2004),Р-17-3-9-4-2004,Р17,3-9,4,2004,opys-explicit
419a9965-e5d5-45ab-bb4c-da8edb283b88,ЦДНТА-(Р-17-3-9-4-2028+++Р-17-3-9-4-2028+++Р-17-3-9-4-2028),Р-17-3-9-4-2028,Р17,3-9,4,2028,opys-explicit
790c2127-5b2c-4169-85d7-3ae66a1b3234,ЦДНТА-(Р-17-3-9-4-1997+++Р-17-3-9-4-1997+++Р-17-3-9-4-1997),Р-17-3-9-4-1997,Р17,3-9,4,1997,opys-explicit
dcaf7f61-5376-41fb-9c26-8d6fee5e1b4c,ЦДНТА-(Р-17-3-9-4-2014+++Р-17-3-9-4-2014+++Р-17-3-9-4-2014),Р-17-3-9-4-2014,Р17,3-9,4,2014,opys-explicit
abe7271f-e0b8-4105-b8b9-0bdecbd2c04d,ЦДНТА-(Р-17-3-9-4-2003+++Р-17-3-9-4-2003+++Р-17-3-9-4-2003),Р-17-3-9-4-2003,Р17,3-9,4,2003,opys-explicit
e99f8108-1de4-4067-af60-b0df4e3a29f2,ЦДНТА-(Р-17-3-9-4-2002+++Р-17-3-9-4-2002+++Р-17-3-9-4-2002),Р-17-3-9-4-2002,Р17,3-9,4,2002,opys-explicit
29a710e2-a53c-444d-b43a-d324a6e77398,ЦДНТА-(Р-17-3-9-4-2042+++Р-17-3-9-4-2042+++Р-17-3-9-4-2042),Р-17-3-9-4-2042,Р17,3-9,4,2042,opys-explicit
ad4ce2fe-c586-4fba-bd58-15bcdbb19d70,ЦДНТА-(Р-17-3-9-4-2013+++Р-17-3-9-4-2013+++Р-17-3-9-4-2013),Р-17-3-9-4-2013,Р17,3-9,4,2013,opys-explicit
007f4b08-a09f-47a8-892a-d554da4f37b8,ЦДНТА-(Р-17-3-9-4-1990+++Р-17-3-9-4-1990+++Р-17-3-9-4-1990),Р-17-3-9-4-1990,Р17,3-9,4,1990,opys-explicit
2f9950d6-5c3d-4b91-9f59-1788c36e46d7,ЦДНТА-(Р-17-3-9-4-2044+++Р-17-3-9-4-2044+++Р-17-3-9-4-2044),Р-17-3-9-4-2044,Р17,3-9,4,2044,opys-explicit
3ad64bf7-ec97-4c47-9bc1-3555f8347d31,ЦДНТА-(Р-17-3-9-4-2081+++Р-17-3-9-4-2081+++Р-17-3-9-4-2081),Р-17-3-9-4-2081,Р17,3-9,4,2081,opys-explicit
76bc1b76-33a3-494e-88ca-05eb3ecc53c3,ЦДНТА-(Р-17-3-9-4-2007+++Р-17-3-9-4-2007+++Р-17-3-9-4-2007),Р-17-3-9-4-2007,Р17,3-9,4,2007,opys-explicit
1ab3f3da-b16d-4266-b89c-cadfaeb3ac4c,ЦДНТА-(Р-17-3-9-4-2096+++Р-17-3-9-4-2096+++Р-17-3-9-4-2096),Р-17-3-9-4-2096,Р17,3-9,4,2096,opys-explicit
e6ac4bb7-6006-4b2a-a874-572e981b9648,ЦДНТА-(Р-17-3-9-4-2085+++Р-17-3-9-4-2085+++Р-17-3-9-4-2085),Р-17-3-9-4-2085,Р17,3-9,4,2085,opys-explicit
64266747-ef09-46b8-9a5d-51f9ecea6681,ЦДНТА-(Р-17-3-9-4-2107+++Р-17-3-9-4-2107+++Р-17-3-9-4-2107),Р-17-3-9-4-2107,Р17,3-9,4,2107,opys-explicit
05056ab2-9a70-4e04-908a-3c143e470f85,ЦДНТА-(Р-17-3-9-4-1992+++Р-17-3-9-4-1992+++Р-17-3-9-4-1992),Р-17-3-9-4-1992,Р17,3-9,4,1992,opys-explicit
dc55e684-b1fc-464d-b6ff-8ffe1d3baaee,ЦДНТА-(Р-17-3-9-4-2114+++Р-17-3-9-4-2114+++Р-17-3-9-4-2114),Р-17-3-9-4-2114,Р17,3-9,4,2114,opys-explicit
65311a4e-8906-4fb6-9624-ddab8c1fe07f,ЦДНТА-(Р-17-3-9-4-2016+++Р-17-3-9-4-2016+++Р-17-3-9-4-2016),Р-17-3-9-4-2016,Р17,3-9,4,2016,opys-explicit
6f090407-87ae-4d5b-bc14-42c6bc8e0050,ЦДНТА-(Р-17-3-9-4-2115+++Р-17-3-9-4-2115+++Р-17-3-9-4-2115),Р-17-3-9-4-2115,Р17,3-9,4,2115,opys-explicit
824ba1aa-76aa-411d-9a88-749b1a1f076c,ЦДНТА-(Р-17-3-9-4-2029+++Р-17-3-9-4-2029+++Р-17-3-9-4-2029),Р-17-3-9-4-2029,Р17,3-9,4,2029,opys-explicit
0d0dcbe2-8361-4a0b-a1e0-fac7d7fd20a3,ЦДНТА-(Р-17-3-9-4-2051+++Р-17-3-9-4-2051+++Р-17-3-9-4-2051),Р-17-3-9-4-2051,Р17,3-9,4,2051,opys-explicit
010f0d60-d703-430a-8feb-d868f035b89f,ЦДНТА-(Р-17-3-9-4-2079+++Р-17-3-9-4-2079+++Р-17-3-9-4-2079),Р-17-3-9-4-2079,Р17,3-9,4,2079,opys-explicit
c669462b-9b3d-4815-86b6-a40d54b9d3f4,ЦДНТА-(Р-17-3-9-4-2076+++Р-17-3-9-4-2076+++Р-17-3-9-4-2076),Р-17-3-9-4-2076,Р17,3-9,4,2076,opys-explicit
f41b5cf1-6a96-4954-97ab-133f481ddb90,ЦДНТА-(Р-17-3-9-4-2130+++Р-17-3-9-4-2130+++Р-17-3-9-4-2130),Р-17-3-9-4-2130,Р17,3-9,4,2130,opys-explicit
9083a71e-b303-4866-9b47-c9c5ca393230,ЦДНТА-(Р-17-3-9-4-2001+++Р-17-3-9-4-2001+++Р-17-3-9-4-2001),Р-17-3-9-4-2001,Р17,3-9,4,2001,opys-explicit
2bcc6e96-9df4-4dfc-a0b7-80f5b4acc96f,ЦДНТА-(Р-17-3-9-4-2048+++Р-17-3-9-4-2048+++Р-17-3-9-4-2048),Р-17-3-9-4-2048,Р17,3-9,4,2048,opys-explicit
99a6b565-fe33-41ea-b34b-903acd4aeb4f,ЦДНТА-(Р-17-3-9-4-2083+++Р-17-3-9-4-2083+++Р-17-3-9-4-2083),Р-17-3-9-4-2083,Р17,3-9,4,2083,opys-explicit
85620976-a0d2-47da-bd48-b1946deed256,ЦДНТА-(Р-17-3-9-4-2033+++Р-17-3-9-4-2033+++Р-17-3-9-4-2033),Р-17-3-9-4-2033,Р17,3-9,4,2033,opys-explicit
4a8c16b6-5cbb-46cf-9c4c-bc602f0d9206,ЦДНТА-(Р-17-3-9-4-2141+++Р-17-3-9-4-2141+++Р-17-3-9-4-2141),Р-17-3-9-4-2141,Р17,3-9,4,2141,opys-explicit
a6b1a816-94bc-434b-8fb3-cd8bab80ab50,ЦДНТА-(Р-17-3-9-4-2005+++Р-17-3-9-4-2005+++Р-17-3-9-4-2005),Р-17-3-9-4-2005,Р17,3-9,4,2005,opys-explicit
e3296442-71e6-42f3-b1b4-a06b2706efe5,ЦДНТА-(Р-17-3-9-4-2110+++Р-17-3-9-4-2110+++Р-17-3-9-4-2110),Р-17-3-9-4-2110,Р17,3-9,4,2110,opys-explicit
a1189200-1e51-4db0-a7d0-d5b7450b79b0,ЦДНТА-(Р-17-3-9-4-2098+++Р-17-3-9-4-2098+++Р-17-3-9-4-2098),Р-17-3-9-4-2098,Р17,3-9,4,2098,opys-explicit
49b1d39f-0443-4bc4-aec2-b567847d9b83,ЦДНТА-(Р-17-3-9-4-2071+++Р-17-3-9-4-2071+++Р-17-3-9-4-2071),Р-17-3-9-4-2071,Р17,3-9,4,2071,opys-explicit
b8ee3cbf-0c88-4537-8c48-170b6605f183,ЦДНТА-(Р-17-3-9-4-2021+++Р-17-3-9-4-2021+++Р-17-3-9-4-2021),Р-17-3-9-4-2021,Р17,3-9,4,2021,opys-explicit
18ece1ea-f2df-496c-b70d-230ed74ec5e7,ЦДНТА-(Р-17-3-9-4-2058+++Р-17-3-9-4-2058+++Р-17-3-9-4-2058),Р-17-3-9-4-2058,Р17,3-9,4,2058,opys-explicit
09f13d97-39b4-4b33-a0bc-484ea978bdf1,ЦДНТА-(Р-17-3-9-4-2108+++Р-17-3-9-4-2108+++Р-17-3-9-4-2108),Р-17-3-9-4-2108,Р17,3-9,4,2108,opys-explicit
960b3474-16b6-4cf6-8e73-fcf369ad19fb,ЦДНТА-(Р-17-3-9-4-2116+++Р-17-3-9-4-2116+++Р-17-3-9-4-2116),Р-17-3-9-4-2116,Р17,3-9,4,2116,opys-explicit
cd3333c6-5190-4368-ad59-336f990f91f8,ЦДНТА-(Р-17-3-9-4-2011+++Р-17-3-9-4-2011+++Р-17-3-9-4-2011),Р-17-3-9-4-2011,Р17,3-9,4,2011,opys-explicit
31e0ed39-dedb-418e-b8ed-bbf3e890e524,ЦДНТА-(Р-17-3-9-4-2047+++Р-17-3-9-4-2047+++Р-17-3-9-4-2047),Р-17-3-9-4-2047,Р17,3-9,4,2047,opys-explicit
e783161f-c86d-4394-9b85-d3f017c06c64,ЦДНТА-(Р-17-3-9-4-2035+++Р-17-3-9-4-2035+++Р-17-3-9-4-2035),Р-17-3-9-4-2035,Р17,3-9,4,2035,opys-explicit
484682ac-09e6-4940-9c09-299034a8fea2,ЦДНТА-(Р-17-3-9-4-2045+++Р-17-3-9-4-2045+++Р-17-3-9-4-2045),Р-17-3-9-4-2045,Р17,3-9,4,2045,opys-explicit
046479a5-ec3f-4521-bdfa-f60531649ab5,ЦДНТА-(Р-17-3-9-4-2124+++Р-17-3-9-4-2124+++Р-17-3-9-4-2124),Р-17-3-9-4-2124,Р17,3-9,4,2124,opys-explicit
f840b288-d8ab-4a78-bf82-b9c81a5de4ee,ЦДНТА-(Р-17-3-9-4-2018+++Р-17-3-9-4-2018+++Р-17-3-9-4-2018),Р-17-3-9-4-2018,Р17,3-9,4,2018,opys-explicit
b9742419-03db-4c48-b690-210184dc560e,ЦДНТА-(Р-17-3-9-4-2088+++Р-17-3-9-4-2088+++Р-17-3-9-4-2088),Р-17-3-9-4-2088,Р17,3-9,4,2088,opys-explicit
3c4c4aa0-58b0-4a0e-87d4-82b781949a75,ЦДНТА-(Р-17-3-9-4-2190+++Р-17-3-9-4-2190+++Р-17-3-9-4-2190),Р-17-3-9-4-2190,Р17,3-9,4,2190,opys-explicit
031080fe-92a1-4712-ada0-400762385cbc,ЦДНТА-(Р-17-3-9-4-2225+++Р-17-3-9-4-2225+++Р-17-3-9-4-2225),Р-17-3-9-4-2225,Р17,3-9,4,2225,opys-explicit
3d797ab9-dd30-4d93-89f2-77d42f931e43,ЦДНТА-(Р-17-3-9-4-2118+++Р-17-3-9-4-2118+++Р-17-3-9-4-2118),Р-17-3-9-4-2118,Р17,3-9,4,2118,opys-explicit
005c69a8-b012-4c9d-bb37-8ffc2965eff3,ЦДНТА-(Р-17-3-9-4-2055+++Р-17-3-9-4-2055+++Р-17-3-9-4-2055),Р-17-3-9-4-2055,Р17,3-9,4,2055,opys-explicit
ae566d30-b12f-45ca-b659-a6367adc5307,ЦДНТА-(Р-17-3-9-4-2136+++Р-17-3-9-4-2136+++Р-17-3-9-4-2136),Р-17-3-9-4-2136,Р17,3-9,4,2136,opys-explicit
83d1a3b6-6d55-4c05-bf93-dd3af27696e7,ЦДНТА-(Р-17-3-9-4-2228+++Р-17-3-9-4-2228+++Р-17-3-9-4-2228),Р-17-3-9-4-2228,Р17,3-9,4,2228,opys-explicit
72f568d1-68d4-4a8e-b4e9-0d535f23271e,ЦДНТА-(Р-17-3-9-4-2144+++Р-17-3-9-4-2144+++Р-17-3-9-4-2144),Р-17-3-9-4-2144,Р17,3-9,4,2144,opys-explicit
42917046-4b3d-488c-a1f3-ab87f1c88273,ЦДНТА-(Р-17-3-9-4-2104+++Р-17-3-9-4-2104+++Р-17-3-9-4-2104),Р-17-3-9-4-2104,Р17,3-9,4,2104,opys-explicit
f3db93cb-c161-408e-a6c6-4d6fb297e238,ЦДНТА-(Р-17-3-9-4-2091+++Р-17-3-9-4-2091+++Р-17-3-9-4-2091),Р-17-3-9-4-2091,Р17,3-9,4,2091,opys-explicit
f64fabe9-e260-40c4-b0c3-5dfcba1512c7,ЦДНТА-(Р-17-3-9-4-2159+++Р-17-3-9-4-2159+++Р-17-3-9-4-2159),Р-17-3-9-4-2159,Р17,3-9,4,2159,opys-explicit
47eec73c-5ac9-4eb4-b958-6f0c3e09ee5c,ЦДНТА-(Р-17-3-9-4-2090+++Р-17-3-9-4-2090+++Р-17-3-9-4-2090),Р-17-3-9-4-2090,Р17,3-9,4,2090,opys-explicit
f364b0db-cf98-4592-9742-e46193d04ed2,ЦДНТА-(Р-17-3-9-4-2122+++Р-17-3-9-4-2122+++Р-17-3-9-4-2122),Р-17-3-9-4-2122,Р17,3-9,4,2122,opys-explicit
4dcc540a-2fed-4b60-9e49-25e968741947,ЦДНТА-(Р-17-3-9-4-2203+++Р-17-3-9-4-2203+++Р-17-3-9-4-2203),Р-17-3-9-4-2203,Р17,3-9,4,2203,opys-explicit
0620c35f-a952-47d6-b92b-60373b77fe9a,ЦДНТА-(Р-17-3-9-4-2211+++Р-17-3-9-4-2211+++Р-17-3-9-4-2211),Р-17-3-9-4-2211,Р17,3-9,4,2211,opys-explicit
08213244-64cd-45d5-bfc7-4d29f9c82586,ЦДНТА-(Р-17-3-9-4-2103+++Р-17-3-9-4-2103+++Р-17-3-9-4-2103),Р-17-3-9-4-2103,Р17,3-9,4,2103,opys-explicit
7a7a3deb-50e6-4570-bbf4-99567dc0fa3c,ЦДНТА-(Р-17-3-9-4-2133+++Р-17-3-9-4-2133+++Р-17-3-9-4-2133),Р-17-3-9-4-2133,Р17,3-9,4,2133,opys-explicit
7cdd50ef-a401-4c61-b7f0-7fee08712e30,ЦДНТА-(Р-17-3-9-4-2105+++Р-17-3-9-4-2105+++Р-17-3-9-4-2105),Р-17-3-9-4-2105,Р17,3-9,4,2105,opys-explicit
e2645af8-ac5a-4639-a4fa-6ebc7c7bfc76,ЦДНТА-(Р-17-3-9-4-2131+++Р-17-3-9-4-2131+++Р-17-3-9-4-2131),Р-17-3-9-4-2131,Р17,3-9,4,2131,opys-explicit
8a192b66-485c-4179-8f87-2073b8bacf2e,ЦДНТА-(Р-17-3-9-4-2285+++Р-17-3-9-4-2285+++Р-17-3-9-4-2285),Р-17-3-9-4-2285,Р17,3-9,4,2285,opys-explicit
3c677fc3-3f68-48c0-9e8c-fc84a8162d46,ЦДНТА-(Р-17-3-9-4-2149+++Р-17-3-9-4-2149+++Р-17-3-9-4-2149),Р-17-3-9-4-2149,Р17,3-9,4,2149,opys-explicit
cf164139-8457-49b6-94d5-d2e78f575732,ЦДНТА-(Р-17-3-9-4-2082+++Р-17-3-9-4-2082+++Р-17-3-9-4-2082),Р-17-3-9-4-2082,Р17,3-9,4,2082,opys-explicit
132cb9fc-e17e-4885-9fdc-66d009f3d46c,ЦДНТА-(Р-17-3-9-4-2120+++Р-17-3-9-4-2120+++Р-17-3-9-4-2120),Р-17-3-9-4-2120,Р17,3-9,4,2120,opys-explicit
a0638f26-59fe-4fcd-8d22-80bd518d7711,ЦДНТА-(Р-17-3-9-4-2151+++Р-17-3-9-4-2151+++Р-17-3-9-4-2151),Р-17-3-9-4-2151,Р17,3-9,4,2151,opys-explicit
a435a99e-0aa4-4e2c-9942-2027c8e39af0,ЦДНТА-(Р-17-3-9-4-2259+++Р-17-3-9-4-2259+++Р-17-3-9-4-2259),Р-17-3-9-4-2259,Р17,3-9,4,2259,opys-explicit
9de331f7-4725-42d4-ab20-06ac012af6ec,ЦДНТА-(Р-17-3-9-4-2258+++Р-17-3-9-4-2258+++Р-17-3-9-4-2258),Р-17-3-9-4-2258,Р17,3-9,4,2258,opys-explicit
bebf1d20-45b0-48b4-be2c-8e115c016b6a,ЦДНТА-(Р-17-3-9-4-2142+++Р-17-3-9-4-2142+++Р-17-3-9-4-2142),Р-17-3-9-4-2142,Р17,3-9,4,2142,opys-explicit
4209af03-0e4a-4d9c-82ec-82518d404eeb,ЦДНТА-(Р-17-3-9-4-2292+++Р-17-3-9-4-2292+++Р-17-3-9-4-2292),Р-17-3-9-4-2292,Р17,3-9,4,2292,opys-explicit
3a84573e-ee8b-4875-8bc0-a1be9eec1861,ЦДНТА-(Р-17-3-9-4-2146+++Р-17-3-9-4-2146+++Р-17-3-9-4-2146),Р-17-3-9-4-2146,Р17,3-9,4,2146,opys-explicit
1584d080-8209-471b-a8ad-02b17e15b884,ЦДНТА-(Р-17-3-9-4-2129+++Р-17-3-9-4-2129+++Р-17-3-9-4-2129),Р-17-3-9-4-2129,Р17,3-9,4,2129,opys-explicit
e6105682-f602-4d30-b880-b7ce75eca170,ЦДНТА-(Р-17-3-9-4-2138+++Р-17-3-9-4-2138+++Р-17-3-9-4-2138),Р-17-3-9-4-2138,Р17,3-9,4,2138,opys-explicit
941611db-8d50-49f5-bf59-5cbd1fd06e4c,ЦДНТА-(Р-17-3-9-4-2263+++Р-17-3-9-4-2263+++Р-17-3-9-4-2263),Р-17-3-9-4-2263,Р17,3-9,4,2263,opys-explicit
349f20f8-ce94-40bc-aa8f-061cad662228,ЦДНТА-(Р-17-3-9-4-2183+++Р-17-3-9-4-2183+++Р-17-3-9-4-2183),Р-17-3-9-4-2183,Р17,3-9,4,2183,opys-explicit
8927fc10-133b-4195-8c6d-fbc1153d0598,ЦДНТА-(Р-17-3-9-4-2230+++Р-17-3-9-4-2230+++Р-17-3-9-4-2230),Р-17-3-9-4-2230,Р17,3-9,4,2230,opys-explicit
068df460-6d5f-4fcf-acdc-f39fa55b7b66,ЦДНТА-(Р-17-3-9-4-2054+++Р-17-3-9-4-2054+++Р-17-3-9-4-2054),Р-17-3-9-4-2054,Р17,3-9,4,2054,opys-explicit
01962441-850d-4d76-ba32-579b89cb4af6,ЦДНТА-(Р-17-3-9-4-2269+++Р-17-3-9-4-2269+++Р-17-3-9-4-2269),Р-17-3-9-4-2269,Р17,3-9,4,2269,opys-explicit
011d13af-3a26-481d-ae47-d479eb290e2f,ЦДНТА-(Р-17-3-9-4-2273+++Р-17-3-9-4-2273+++Р-17-3-9-4-2273),Р-17-3-9-4-2273,Р17,3-9,4,2273,opys-explicit
e4dcd37a-9012-4acf-9e14-b82686baa6e8,ЦДНТА-(Р-17-3-9-4-2148+++Р-17-3-9-4-2148+++Р-17-3-9-4-2148),Р-17-3-9-4-2148,Р17,3-9,4,2148,opys-explicit
11c3e371-052e-4825-aff4-e2b3bcb04929,ЦДНТА-(Р-17-3-9-4-2171+++Р-17-3-9-4-2171+++Р-17-3-9-4-2171),Р-17-3-9-4-2171,Р17,3-9,4,2171,opys-explicit
89739236-9489-4503-880e-591b8a4382c3,ЦДНТА-(Р-17-3-9-4-2168+++Р-17-3-9-4-2168+++Р-17-3-9-4-2168),Р-17-3-9-4-2168,Р17,3-9,4,2168,opys-explicit
3c3fe103-e15b-4606-bed3-ed6ad3711e3e,ЦДНТА-(Р-17-3-9-4-2157+++Р-17-3-9-4-2157+++Р-17-3-9-4-2157),Р-17-3-9-4-2157,Р17,3-9,4,2157,opys-explicit
8ee0931a-c80a-4467-b798-64cbd5226201,ЦДНТА-(Р-17-3-9-4-2100+++Р-17-3-9-4-2100+++Р-17-3-9-4-2100),Р-17-3-9-4-2100,Р17,3-9,4,2100,opys-explicit
fc18d49b-f786-4aa9-b984-6a274809824b,ЦДНТА-(Р-17-3-9-4-2208+++Р-17-3-9-4-2208+++Р-17-3-9-4-2208),Р-17-3-9-4-2208,Р17,3-9,4,2208,opys-explicit
d39c619a-3bd7-4301-a585-4eb5be469b6a,ЦДНТА-(Р-17-3-9-4-2243+++Р-17-3-9-4-2243+++Р-17-3-9-4-2243),Р-17-3-9-4-2243,Р17,3-9,4,2243,opys-explicit
f7591047-624d-4184-83e4-a423f0c6e923,ЦДНТА-(Р-17-3-9-4-2112+++Р-17-3-9-4-2112+++Р-17-3-9-4-2112),Р-17-3-9-4-2112,Р17,3-9,4,2112,opys-explicit
c99fac5b-35fe-481f-ab9b-6cdcee595cb0,ЦДНТА-(Р-17-3-9-4-2175+++Р-17-3-9-4-2175+++Р-17-3-9-4-2175),Р-17-3-9-4-2175,Р17,3-9,4,2175,opys-explicit
e6ba5dbb-7bb3-42d8-8d11-8fc3ed00c9e6,ЦДНТА-(Р-17-3-9-4-2236+++Р-17-3-9-4-2236+++Р-17-3-9-4-2236),Р-17-3-9-4-2236,Р17,3-9,4,2236,opys-explicit
14eef2af-3946-4e29-aa5e-77ea101b394c,ЦДНТА-(Р-17-3-9-4-2109+++Р-17-3-9-4-2109+++Р-17-3-9-4-2109),Р-17-3-9-4-2109,Р17,3-9,4,2109,opys-explicit
bdb70bdc-fffa-4929-802b-a18330c97576,ЦДНТА-(Р-17-3-9-4-2139+++Р-17-3-9-4-2139+++Р-17-3-9-4-2139),Р-17-3-9-4-2139,Р17,3-9,4,2139,opys-explicit
f2fb1a76-5901-482d-850a-7046299de703,ЦДНТА-(Р-17-3-9-4-2204+++Р-17-3-9-4-2204+++Р-17-3-9-4-2204),Р-17-3-9-4-2204,Р17,3-9,4,2204,opys-explicit
aeb277e2-f4b3-4d64-bf3e-5ac85060cfdd,ЦДНТА-(Р-17-3-9-4-2119+++Р-17-3-9-4-2119+++Р-17-3-9-4-2119),Р-17-3-9-4-2119,Р17,3-9,4,2119,opys-explicit
b2bdabc4-3f18-4754-a8f3-6c68c2afca27,ЦДНТА-(Р-17-3-9-4-2271+++Р-17-3-9-4-2271+++Р-17-3-9-4-2271),Р-17-3-9-4-2271,Р17,3-9,4,2271,opys-explicit
dfdc5a3a-c324-46c9-bf1a-ce10ef6fcedd,ЦДНТА-(Р-17-3-9-4-2280+++Р-17-3-9-4-2280+++Р-17-3-9-4-2280),Р-17-3-9-4-2280,Р17,3-9,4,2280,opys-explicit
cc29808a-abd8-40cf-94f1-f9d765b93886,ЦДНТА-(Р-17-3-9-4-2150+++Р-17-3-9-4-2150+++Р-17-3-9-4-2150),Р-17-3-9-4-2150,Р17,3-9,4,2150,opys-explicit
eb1a69db-98b2-45fe-b5a6-7133168d30c8,ЦДНТА-(Р-17-3-9-4-2182+++Р-17-3-9-4-2182+++Р-17-3-9-4-2182),Р-17-3-9-4-2182,Р17,3-9,4,2182,opys-explicit
6c570f92-c95e-43af-94c0-147647416533,ЦДНТА-(Р-17-3-9-4-2257+++Р-17-3-9-4-2257+++Р-17-3-9-4-2257),Р-17-3-9-4-2257,Р17,3-9,4,2257,opys-explicit
1d4139aa-1eda-4443-97c4-ac7b12e9c757,ЦДНТА-(Р-17-3-9-4-2294+++Р-17-3-9-4-2294+++Р-17-3-9-4-2294),Р-17-3-9-4-2294,Р17,3-9,4,2294,opys-explicit
c53bca75-91ac-4a47-93fd-40ec32791a20,ЦДНТА-(Р-17-3-9-4-2176+++Р-17-3-9-4-2176+++Р-17-3-9-4-2176),Р-17-3-9-4-2176,Р17,3-9,4,2176,opys-explicit
39b49715-c881-40e5-a98f-25abc0ea2f36,ЦДНТА-(Р-17-3-9-4-2217+++Р-17-3-9-4-2217+++Р-17-3-9-4-2217),Р-17-3-9-4-2217,Р17,3-9,4,2217,opys-explicit
fede8698-9a6a-4d62-a527-8fe6a98aafb6,ЦДНТА-(Р-17-3-9-4-2165+++Р-17-3-9-4-2165+++Р-17-3-9-4-2165),Р-17-3-9-4-2165,Р17,3-9,4,2165,opys-explicit
ff22a4a9-6f3e-4335-a1c0-f5d863c83c16,ЦДНТА-(Р-17-3-9-4-2184+++Р-17-3-9-4-2184+++Р-17-3-9-4-2184),Р-17-3-9-4-2184,Р17,3-9,4,2184,opys-explicit
7abf257c-b383-4ca6-9d3b-f75b0aae19eb,ЦДНТА-(Р-17-3-9-4-2218+++Р-17-3-9-4-2218+++Р-17-3-9-4-2218),Р-17-3-9-4-2218,Р17,3-9,4,2218,opys-explicit
27514758-a1ad-468e-8f18-4b8de6ac7216,ЦДНТА-(Р-17-3-9-4-2214+++Р-17-3-9-4-2214+++Р-17-3-9-4-2214),Р-17-3-9-4-2214,Р17,3-9,4,2214,opys-explicit
9742338a-301c-46f4-98a6-e185345beb09,ЦДНТА-(Р-17-3-9-4-2247+++Р-17-3-9-4-2247+++Р-17-3-9-4-2247),Р-17-3-9-4-2247,Р17,3-9,4,2247,opys-explicit
2f30d879-a956-4664-9d12-8c22fb26c671,ЦДНТА-(Р-17-3-9-4-2272+++Р-17-3-9-4-2272+++Р-17-3-9-4-2272),Р-17-3-9-4-2272,Р17,3-9,4,2272,opys-explicit
fbabc303-6a7b-4f4b-9b7b-792b1305511e,ЦДНТА-(Р-17-3-9-4-2550+++Р-17-3-9-4-2550+++Р-17-3-9-4-2550),Р-17-3-9-4-2550,Р17,3-9,4,2550,opys-explicit
a7196029-c142-446e-a07d-5104ecb68507,ЦДНТА-(Р-17-3-9-4-2546+++Р-17-3-9-4-2546+++Р-17-3-9-4-2546),Р-17-3-9-4-2546,Р17,3-9,4,2546,opys-explicit
2ae35073-c1e9-4245-877f-ae65186f2629,ЦДНТА-(Р-17-3-9-4-2522+++Р-17-3-9-4-2522+++Р-17-3-9-4-2522),Р-17-3-9-4-2522,Р17,3-9,4,2522,opys-explicit
adb7d1cf-4cd6-46cf-bbcd-6ff852d313a0,ЦДНТА-(Р-17-3-9-4-2527+++Р-17-3-9-4-2527+++Р-17-3-9-4-2527),Р-17-3-9-4-2527,Р17,3-9,4,2527,opys-explicit
790971af-40fc-4b7a-a5a4-857638dc6a8b,ЦДНТА-(Р-17-3-9-4-2526+++Р-17-3-9-4-2526+++Р-17-3-9-4-2526),Р-17-3-9-4-2526,Р17,3-9,4,2526,opys-explicit
a8f1253e-af35-43db-ae23-df2535a819dd,ЦДНТА-(Р-17-3-9-4-2528+++Р-17-3-9-4-2528+++Р-17-3-9-4-2528),Р-17-3-9-4-2528,Р17,3-9,4,2528,opys-explicit
af5b97c9-3d1e-420b-a49d-2317185474bf,ЦДНТА-(Р-17-3-9-4-2554+++Р-17-3-9-4-2554+++Р-17-3-9-4-2554),Р-17-3-9-4-2554,Р17,3-9,4,2554,opys-explicit
d31286da-c7b5-4709-a527-e494dc5be12c,ЦДНТА-(Р-17-3-9-4-2553+++Р-17-3-9-4-2553+++Р-17-3-9-4-2553),Р-17-3-9-4-2553,Р17,3-9,4,2553,opys-explicit
46e953ae-da2c-40ea-85c0-a17767b820b3,ЦДНТА-(Р-17-3-9-4-2573+++Р-17-3-9-4-2573+++Р-17-3-9-4-2573),Р-17-3-9-4-2573,Р17,3-9,4,2573,opys-explicit
6a8e25cf-7108-41e7-b3d1-543028d046f2,ЦДНТА-(Р-17-3-9-4-2574+++Р-17-3-9-4-2574+++Р-17-3-9-4-2574),Р-17-3-9-4-2574,Р17,3-9,4,2574,opys-explicit
9e77a9d2-8887-4bca-beb4-555b54fe1c5f,ЦДНТА-(Р-17-3-9-4-2560+++Р-17-3-9-4-2560+++Р-17-3-9-4-2560),Р-17-3-9-4-2560,Р17,3-9,4,2560,opys-explicit
989d22f6-f926-4865-ac75-6df03ecab341,ЦДНТА-(Р-17-3-9-4-2559+++Р-17-3-9-4-2559+++Р-17-3-9-4-2559),Р-17-3-9-4-2559,Р17,3-9,4,2559,opys-explicit
ec268b82-ab2b-4b91-a231-b1e47b0fa911,ЦДНТА-(Р-17-3-9-4-2579+++Р-17-3-9-4-2579+++Р-17-3-9-4-2579),Р-17-3-9-4-2579,Р17,3-9,4,2579,opys-explicit
9f0db026-2e5a-44b3-8607-42cb2d137adb,ЦДНТА-(Р-17-3-9-4-2572+++Р-17-3-9-4-2572+++Р-17-3-9-4-2572),Р-17-3-9-4-2572,Р17,3-9,4,2572,opys-explicit
6f9993e3-f10b-4a6b-b3e7-3223c5af3deb,ЦДНТА-(Р-17-3-9-4-2566+++Р-17-3-9-4-2566+++Р-17-3-9-4-2566),Р-17-3-9-4-2566,Р17,3-9,4,2566,opys-explicit
c6115bb6-2d29-475f-80b6-de8c9d0d75f5,ЦДНТА-(Р-17-3-9-4-2600+++Р-17-3-9-4-2600+++Р-17-3-9-4-2600),Р-17-3-9-4-2600,Р17,3-9,4,2600,opys-explicit
130c841d-2bc9-47f5-96b0-9ef1be78e889,ЦДНТА-(Р-17-3-9-4-2593+++Р-17-3-9-4-2593+++Р-17-3-9-4-2593),Р-17-3-9-4-2593,Р17,3-9,4,2593,opys-explicit
0641950c-3a53-4cd7-9ccb-1074f127e148,ЦДНТА-(Р-17-3-9-4-2587+++Р-17-3-9-4-2587+++Р-17-3-9-4-2587),Р-17-3-9-4-2587,Р17,3-9,4,2587,opys-explicit
6789349a-3c5b-4917-b1e5-974f304990ea,ЦДНТА-(Р-17-3-9-4-2598+++Р-17-3-9-4-2598+++Р-17-3-9-4-2598),Р-17-3-9-4-2598,Р17,3-9,4,2598,opys-explicit
55add747-8517-4394-a8a2-68b1bdf22285,ЦДНТА-(Р-17-3-9-4-2591+++Р-17-3-9-4-2591+++Р-17-3-9-4-2591),Р-17-3-9-4-2591,Р17,3-9,4,2591,opys-explicit
6f1911a4-ca89-4b11-a2ed-e5c56129b7a0,ЦДНТА-(Р-17-3-9-4-2580+++Р-17-3-9-4-2580+++Р-17-3-9-4-2580),Р-17-3-9-4-2580,Р17,3-9,4,2580,opys-explicit
f1c5a53d-58ff-41e0-82f8-55fe492b95a9,ЦДНТА-(Р-17-3-9-4-2601+++Р-17-3-9-4-2601+++Р-17-3-9-4-2601),Р-17-3-9-4-2601,Р17,3-9,4,2601,opys-explicit
926bd9b8-fe4f-446d-a39a-4af595e3b88a,ЦДНТА-(Р-17-3-9-4-2596+++Р-17-3-9-4-2596+++Р-17-3-9-4-2596),Р-17-3-9-4-2596,Р17,3-9,4,2596,opys-explicit
960708fd-500b-4783-b5ef-9734b4a2ba52,ЦДНТА-(Р-17-3-9-4-2594+++Р-17-3-9-4-2594+++Р-17-3-9-4-2594),Р-17-3-9-4-2594,Р17,3-9,4,2594,opys-explicit
29f33639-5ae8-415f-ae1e-6f7ac51d4022,ЦДНТА-(Р-17-3-9-4-2586+++Р-17-3-9-4-2586+++Р-17-3-9-4-2586),Р-17-3-9-4-2586,Р17,3-9,4,2586,opys-explicit
42303379-f061-43e7-8c14-b36b8875ddc0,ЦДНТА-(Р-17-3-9-4-2583+++Р-17-3-9-4-2583+++Р-17-3-9-4-2583),Р-17-3-9-4-2583,Р17,3-9,4,2583,opys-explicit
9c3b6653-be50-4a63-86e6-0da9c69cceb3,ЦДНТА-(Р-17-3-9-4-2608+++Р-17-3-9-4-2608+++Р-17-3-9-4-2608),Р-17-3-9-4-2608,Р17,3-9,4,2608,opys-explicit
5109bdbf-4eab-45ca-8111-881767537aba,ЦДНТА-(Р-17-3-9-4-2614+++Р-17-3-9-4-2614+++Р-17-3-9-4-2614),Р-17-3-9-4-2614,Р17,3-9,4,2614,opys-explicit
0111fad8-4d72-4b6d-992a-e3da5c231d56,ЦДНТА-(Р-17-3-9-4-2609+++Р-17-3-9-4-2609+++Р-17-3-9-4-2609),Р-17-3-9-4-2609,Р17,3-9,4,2609,opys-explicit
2e146323-5a9c-4664-8dd2-3b6370ff3b73,ЦДНТА-(Р-17-3-9-4-2623+++Р-17-3-9-4-2623+++Р-17-3-9-4-2623),Р-17-3-9-4-2623,Р17,3-9,4,2623,opys-explicit
e8b2286b-d1b9-4c98-8b3c-20522f876e50,ЦДНТА-(Р-17-3-9-4-2620+++Р-17-3-9-4-2620+++Р-17-3-9-4-2620),Р-17-3-9-4-2620,Р17,3-9,4,2620,opys-explicit
2ba593ea-6865-4bbc-a987-d2243b041459,ЦДНТА-(Р-17-3-9-4-2611+++Р-17-3-9-4-2611+++Р-17-3-9-4-2611),Р-17-3-9-4-2611,Р17,3-9,4,2611,opys-explicit
2876a0cb-006a-457a-80d0-131bd87afda1,ЦДНТА-(Р-17-3-9-4-2605+++Р-17-3-9-4-2605+++Р-17-3-9-4-2605),Р-17-3-9-4-2605,Р17,3-9,4,2605,opys-explicit
fea727e0-c780-4f14-aba4-d319ffe5a116,ЦДНТА-(Р-17-3-9-4-2584+++Р-17-3-9-4-2584+++Р-17-3-9-4-2584),Р-17-3-9-4-2584,Р17,3-9,4,2584,opys-explicit
74187a69-bd37-444c-a721-db3029e9f297,ЦДНТА-(Р-17-3-9-4-2603+++Р-17-3-9-4-2603+++Р-17-3-9-4-2603),Р-17-3-9-4-2603,Р17,3-9,4,2603,opys-explicit
3a74ba4b-b203-4f83-a59f-d971ba992510,ЦДНТА-(Р-17-3-9-4-2628+++Р-17-3-9-4-2628+++Р-17-3-9-4-2628),Р-17-3-9-4-2628,Р17,3-9,4,2628,opys-explicit
5f7f1931-3014-40f4-b222-edfe3a637b60,ЦДНТА-(Р-17-3-9-4-2641+++Р-17-3-9-4-2641+++Р-17-3-9-4-2641),Р-17-3-9-4-2641,Р17,3-9,4,2641,opys-explicit
4dccd34f-26fd-4cf1-9a88-349659b559a2,ЦДНТА-(Р-17-3-9-4-2639+++Р-17-3-9-4-2639+++Р-17-3-9-4-2639),Р-17-3-9-4-2639,Р17,3-9,4,2639,opys-explicit
e4937280-eec0-437e-9445-57d71cb7bbef,ЦДНТА-(Р-17-3-9-4-2637+++Р-17-3-9-4-2637+++Р-17-3-9-4-2637),Р-17-3-9-4-2637,Р17,3-9,4,2637,opys-explicit
ad0e80b9-c0a2-4be0-b918-11c8f509a546,ЦДНТА-(Р-17-3-9-4-2633+++Р-17-3-9-4-2633+++Р-17-3-9-4-2633),Р-17-3-9-4-2633,Р17,3-9,4,2633,opys-explicit
849a91f3-673e-4414-b71f-dc3f67fb0f11,ЦДНТА-(Р-17-3-9-4-2625+++Р-17-3-9-4-2625+++Р-17-3-9-4-2625),Р-17-3-9-4-2625,Р17,3-9,4,2625,opys-explicit
207eebea-e8b1-454b-900d-bf4cbd104381,ЦДНТА-(Р-17-3-9-4-2631+++Р-17-3-9-4-2631+++Р-17-3-9-4-2631),Р-17-3-9-4-2631,Р17,3-9,4,2631,opys-explicit
068f4ac6-87f9-4be1-bc87-22b97eba6924,ЦДНТА-(Р-17-3-9-4-2629+++Р-17-3-9-4-2629+++Р-17-3-9-4-2629),Р-17-3-9-4-2629,Р17,3-9,4,2629,opys-explicit
60ac2ac5-f2f8-44c9-a291-c4d83fb9ad8f,ЦДНТА-(Р-17-3-9-4-2638+++Р-17-3-9-4-2638+++Р-17-3-9-4-2638),Р-17-3-9-4-2638,Р17,3-9,4,2638,opys-explicit
2f702f51-ea81-484e-a913-50379bd19f86,ЦДНТА-(Р-17-3-9-4-2645+++Р-17-3-9-4-2645+++Р-17-3-9-4-2645),Р-17-3-9-4-2645,Р17,3-9,4,2645,opys-explicit
eb2216ee-e9a7-4330-8ed4-517397974a53,ЦДНТА-(Р-17-3-9-4-2624+++Р-17-3-9-4-2624+++Р-17-3-9-4-2624),Р-17-3-9-4-2624,Р17,3-9,4,2624,opys-explicit
02f9437a-242c-445a-9dbd-b79c73428c7a,ЦДНТА-(Р-17-3-9-4-2632+++Р-17-3-9-4-2632+++Р-17-3-9-4-2632),Р-17-3-9-4-2632,Р17,3-9,4,2632,opys-explicit
48d25031-04f2-42fa-bc21-383e53a8c99c,ЦДНТА-(Р-17-3-9-4-2648+++Р-17-3-9-4-2648+++Р-17-3-9-4-2648),Р-17-3-9-4-2648,Р17,3-9,4,2648,opys-explicit
4850d5db-cd50-42bb-8097-524eac152f24,ЦДНТА-(Р-17-3-9-4-2649+++Р-17-3-9-4-2649+++Р-17-3-9-4-2649),Р-17-3-9-4-2649,Р17,3-9,4,2649,opys-explicit
b6497892-2f40-4680-8d00-20f2efc37a6b,ЦДНТА-(Р-17-3-9-4-2646+++Р-17-3-9-4-2646+++Р-17-3-9-4-2646),Р-17-3-9-4-2646,Р17,3-9,4,2646,opys-explicit
12403198-1eaa-4dbd-885b-aa944b8fd518,ЦДНТА-(Р-17-3-9-4-2651+++Р-17-3-9-4-2651+++Р-17-3-9-4-2651),Р-17-3-9-4-2651,Р17,3-9,4,2651,opys-explicit
81c12aa3-c733-4b12-b1d5-f90fac6a5730,ЦДНТА-(Р-17-3-9-4-2663+++Р-17-3-9-4-2663+++Р-17-3-9-4-2663),Р-17-3-9-4-2663,Р17,3-9,4,2663,opys-explicit
83d9468c-889c-4d74-9ded-6c8ca53794fa,ЦДНТА-(Р-17-3-9-4-2682+++Р-17-3-9-4-2682+++Р-17-3-9-4-2682),Р-17-3-9-4-2682,Р17,3-9,4,2682,opys-explicit
36f5d178-9ba8-43a0-b270-71cc1767e16b,ЦДНТА-(Р-17-3-9-4-2666+++Р-17-3-9-4-2666+++Р-17-3-9-4-2666),Р-17-3-9-4-2666,Р17,3-9,4,2666,opys-explicit
afde295c-2d7c-4776-b591-02639dcbf5a7,ЦДНТА-(Р-17-3-9-4-2660+++Р-17-3-9-4-2660+++Р-17-3-9-4-2660),Р-17-3-9-4-2660,Р17,3-9,4,2660,opys-explicit
e45b98fb-f8b3-4948-8091-2f50200772c0,ЦДНТА-(Р-17-3-9-4-2667+++Р-17-3-9-4-2667+++Р-17-3-9-4-2667),Р-17-3-9-4-2667,Р17,3-9,4,2667,opys-explicit
ba994230-2fec-4555-b726-675d57f3bba0,ЦДНТА-(Р-17-3-9-4-2688+++Р-17-3-9-4-2688+++Р-17-3-9-4-2688),Р-17-3-9-4-2688,Р17,3-9,4,2688,opys-explicit
685515d3-5f2c-4ed7-ab1f-2ba961ecdc63,ЦДНТА-(Р-17-3-9-4-2650+++Р-17-3-9-4-2650+++Р-17-3-9-4-2650),Р-17-3-9-4-2650,Р17,3-9,4,2650,opys-explicit
34f023d6-721e-4ee8-95a5-514bc0ac6700,ЦДНТА-(Р-17-3-9-4-2676+++Р-17-3-9-4-2676+++Р-17-3-9-4-2676),Р-17-3-9-4-2676,Р17,3-9,4,2676,opys-explicit
5cbea491-7e04-432a-b877-8e88352c9ee1,ЦДНТА-(Р-17-3-9-4-2681+++Р-17-3-9-4-2681+++Р-17-3-9-4-2681),Р-17-3-9-4-2681,Р17,3-9,4,2681,opys-explicit
ade2ac32-f0ff-435a-ae6a-c7b2b17b6c14,ЦДНТА-(Р-17-3-9-4-2668+++Р-17-3-9-4-2668+++Р-17-3-9-4-2668),Р-17-3-9-4-2668,Р17,3-9,4,2668,opys-explicit
3d608b4f-d61a-4968-87bf-31e7a6494036,ЦДНТА-(Р-17-3-9-4-2677+++Р-17-3-9-4-2677+++Р-17-3-9-4-2677),Р-17-3-9-4-2677,Р17,3-9,4,2677,opys-explicit
d5ef0a51-2313-4fdf-b20c-0b5ed3f7a1e2,ЦДНТА-(Р-17-3-9-4-2696+++Р-17-3-9-4-2696+++Р-17-3-9-4-2696),Р-17-3-9-4-2696,Р17,3-9,4,2696,opys-explicit
ab52a63d-2745-49f8-8ee4-6d2e3a21fd11,ЦДНТА-(Р-17-3-9-4-2671+++Р-17-3-9-4-2671+++Р-17-3-9-4-2671),Р-17-3-9-4-2671,Р17,3-9,4,2671,opys-explicit
df53d44c-2ec8-4e39-bbf2-4b3f2997fd02,ЦДНТА-(Р-17-3-9-4-2685+++Р-17-3-9-4-2685+++Р-17-3-9-4-2685),Р-17-3-9-4-2685,Р17,3-9,4,2685,opys-explicit
794dc705-fd1e-41c8-9a10-cd5cf9567486,ЦДНТА-(Р-17-3-9-4-2679+++Р-17-3-9-4-2679+++Р-17-3-9-4-2679),Р-17-3-9-4-2679,Р17,3-9,4,2679,opys-explicit
ea88ea49-a539-430e-b7a9-4bfdc22b1549,ЦДНТА-(Р-17-3-9-4-2704+++Р-17-3-9-4-2704+++Р-17-3-9-4-2704),Р-17-3-9-4-2704,Р17,3-9,4,2704,opys-explicit
b0cfde26-eff2-4598-a785-9b884d6170ac,ЦДНТА-(Р-17-3-9-4-2674+++Р-17-3-9-4-2674+++Р-17-3-9-4-2674),Р-17-3-9-4-2674,Р17,3-9,4,2674,opys-explicit
97a3c110-f8a1-4b0d-807d-58e54d8889e7,ЦДНТА-(Р-17-3-9-4-2678+++Р-17-3-9-4-2678+++Р-17-3-9-4-2678),Р-17-3-9-4-2678,Р17,3-9,4,2678,opys-explicit
e5933af1-0c6a-4172-91f9-e6ab8b4441ee,ЦДНТА-(Р-17-3-9-4-2710+++Р-17-3-9-4-2710+++Р-17-3-9-4-2710),Р-17-3-9-4-2710,Р17,3-9,4,2710,opys-explicit
03ffdac0-5dbd-4043-83ab-d2e7e5756f1a,ЦДНТА-(Р-17-3-9-4-2706+++Р-17-3-9-4-2706+++Р-17-3-9-4-2706),Р-17-3-9-4-2706,Р17,3-9,4,2706,opys-explicit
0a8661f3-9d69-4015-95e2-3c1f80fa7d24,ЦДНТА-(Р-17-3-9-4-2705+++Р-17-3-9-4-2705+++Р-17-3-9-4-2705),Р-17-3-9-4-2705,Р17,3-9,4,2705,opys-explicit
6560dc5d-41f0-47b3-8946-189cf21f3662,ЦДНТА-(Р-17-3-9-4-2707+++Р-17-3-9-4-2707+++Р-17-3-9-4-2707),Р-17-3-9-4-2707,Р17,3-9,4,2707,opys-explicit
91a5cdd5-e1e9-42d7-986e-09f16cea6b78,ЦДНТА-(Р-17-3-9-4-2701+++Р-17-3-9-4-2701+++Р-17-3-9-4-2701),Р-17-3-9-4-2701,Р17,3-9,4,2701,opys-explicit
f981551c-1f4b-4a7f-9afe-b16dd18e105a,ЦДНТА-(Р-17-3-9-4-2708+++Р-17-3-9-4-2708+++Р-17-3-9-4-2708),Р-17-3-9-4-2708,Р17,3-9,4,2708,opys-explicit
a7c929e3-5a30-49f0-969a-3138e28d71e5,ЦДНТА-(Р-17-3-9-4-2699+++Р-17-3-9-4-2699+++Р-17-3-9-4-2699),Р-17-3-9-4-2699,Р17,3-9,4,2699,opys-explicit
1bc7cc60-fa1f-44a3-bd76-53dcaa113d66,ЦДНТА-(Р-17-3-9-4-2722+++Р-17-3-9-4-2722+++Р-17-3-9-4-2722),Р-17-3-9-4-2722,Р17,3-9,4,2722,opys-explicit
8eb5f1e5-ab6e-4a81-a5e5-92b9fd405dd7,ЦДНТА-(Р-17-3-9-4-2709+++Р-17-3-9-4-2709+++Р-17-3-9-4-2709),Р-17-3-9-4-2709,Р17,3-9,4,2709,opys-explicit
482a9921-7f98-4332-9e37-e3603835b6a8,ЦДНТА-(Р-17-3-9-4-2725+++Р-17-3-9-4-2725+++Р-17-3-9-4-2725),Р-17-3-9-4-2725,Р17,3-9,4,2725,opys-explicit
19c87d54-2b51-489e-bd5a-d3839088e153,ЦДНТА-(Р-17-3-9-4-2716+++Р-17-3-9-4-2716+++Р-17-3-9-4-2716),Р-17-3-9-4-2716,Р17,3-9,4,2716,opys-explicit
36583ea7-5fe5-4758-927b-330dd4dd822d,ЦДНТА-(Р-17-3-9-4-2726+++Р-17-3-9-4-2726+++Р-17-3-9-4-2726),Р-17-3-9-4-2726,Р17,3-9,4,2726,opys-explicit
0b8b5265-074e-4626-8bd1-77069fcfbc2f,ЦДНТА-(Р-17-3-9-4-2714+++Р-17-3-9-4-2714+++Р-17-3-9-4-2714),Р-17-3-9-4-2714,Р17,3-9,4,2714,opys-explicit
94fadd08-8224-45bd-abb9-683863fa0bbb,ЦДНТА-(Р-17-3-9-4-2717+++Р-17-3-9-4-2717+++Р-17-3-9-4-2717),Р-17-3-9-4-2717,Р17,3-9,4,2717,opys-explicit
75ae5d89-1794-461b-b872-096c0ef62afd,ЦДНТА-(Р-17-3-9-4-2731+++Р-17-3-9-4-2731+++Р-17-3-9-4-2731),Р-17-3-9-4-2731,Р17,3-9,4,2731,opys-explicit
892e9734-83a2-43a5-ac7e-2e3e33b2fddc,ЦДНТА-(Р-17-3-9-4-2738+++Р-17-3-9-4-2738+++Р-17-3-9-4-2738),Р-17-3-9-4-2738,Р17,3-9,4,2738,opys-explicit
87832e1e-b9c9-41fd-a1ba-f9d8217d99d9,ЦДНТА-(Р-17-3-9-4-2744+++Р-17-3-9-4-2744+++Р-17-3-9-4-2744),Р-17-3-9-4-2744,Р17,3-9,4,2744,opys-explicit
d1dc0357-182a-41dd-9f1e-a0bf9243629d,ЦДНТА-(Р-17-3-9-4-2740+++Р-17-3-9-4-2740+++Р-17-3-9-4-2740),Р-17-3-9-4-2740,Р17,3-9,4,2740,opys-explicit
b7686ca3-c01c-4073-accf-2b5178951898,ЦДНТА-(Р-17-3-9-4-2754+++Р-17-3-9-4-2754+++Р-17-3-9-4-2754),Р-17-3-9-4-2754,Р17,3-9,4,2754,opys-explicit
abd996db-ead8-4485-b0e5-ec0737ece42f,ЦДНТА-(Р-17-3-9-4-2727+++Р-17-3-9-4-2727+++Р-17-3-9-4-2727),Р-17-3-9-4-2727,Р17,3-9,4,2727,opys-explicit
4192a0b8-747d-4e68-887b-355d58079ca8,ЦДНТА-(Р-17-3-9-4-2734+++Р-17-3-9-4-2734+++Р-17-3-9-4-2734),Р-17-3-9-4-2734,Р17,3-9,4,2734,opys-explicit
39a24a8a-2f20-4a33-ba4c-83530d8fcd6e,ЦДНТА-(Р-17-3-9-4-2739+++Р-17-3-9-4-2739+++Р-17-3-9-4-2739),Р-17-3-9-4-2739,Р17,3-9,4,2739,opys-explicit
b006e9bb-f708-4d50-8fa7-595f79ba0e4c,ЦДНТА-(Р-17-3-9-4-2755+++Р-17-3-9-4-2755+++Р-17-3-9-4-2755),Р-17-3-9-4-2755,Р17,3-9,4,2755,opys-explicit
f754bca6-a5c0-42ef-a530-f5d96828292b,ЦДНТА-(Р-17-3-9-4-2747+++Р-17-3-9-4-2747+++Р-17-3-9-4-2747),Р-17-3-9-4-2747,Р17,3-9,4,2747,opys-explicit
ab436308-e58c-4f6b-90db-0e0f0a980e3d,ЦДНТА-(Р-17-3-9-4-2746+++Р-17-3-9-4-2746+++Р-17-3-9-4-2746),Р-17-3-9-4-2746,Р17,3-9,4,2746,opys-explicit
bb11f286-26e0-47d8-ad31-b80ba189b012,ЦДНТА-(Р-17-3-9-4-2742+++Р-17-3-9-4-2742+++Р-17-3-9-4-2742),Р-17-3-9-4-2742,Р17,3-9,4,2742,opys-explicit
73a9d664-c98d-452e-a714-f66c0d690d45,ЦДНТА-(Р-17-3-9-4-2749+++Р-17-3-9-4-2749+++Р-17-3-9-4-2749),Р-17-3-9-4-2749,Р17,3-9,4,2749,opys-explicit
f65029a7-7e37-4cfb-b789-f72380dd3afc,ЦДНТА-(Р-17-3-9-4-2751+++Р-17-3-9-4-2751+++Р-17-3-9-4-2751),Р-17-3-9-4-2751,Р17,3-9,4,2751,opys-explicit
353c173f-ab63-41aa-9d53-d85e3f4aaab1,ЦДНТА-(Р-17-3-9-4-2764+++Р-17-3-9-4-2764+++Р-17-3-9-4-2764),Р-17-3-9-4-2764,Р17,3-9,4,2764,opys-explicit
4b9348ee-d39a-4f51-91a9-35e589c649a5,ЦДНТА-(Р-17-3-9-4-2774+++Р-17-3-9-4-2774+++Р-17-3-9-4-2774),Р-17-3-9-4-2774,Р17,3-9,4,2774,opys-explicit
7ae17bd4-4b0a-40a9-9858-b81baa334f66,ЦДНТА-(Р-17-3-9-4-2757+++Р-17-3-9-4-2757+++Р-17-3-9-4-2757),Р-17-3-9-4-2757,Р17,3-9,4,2757,opys-explicit
9987ba2e-ee72-4c23-a35b-ae3300eba93f,ЦДНТА-(Р-17-3-9-4-2762+++Р-17-3-9-4-2762+++Р-17-3-9-4-2762),Р-17-3-9-4-2762,Р17,3-9,4,2762,opys-explicit
8fe3bb4b-658f-4690-a881-02415c5cb7bb,ЦДНТА-(Р-17-3-9-4-2771+++Р-17-3-9-4-2771+++Р-17-3-9-4-2771),Р-17-3-9-4-2771,Р17,3-9,4,2771,opys-explicit
14028da4-4f30-4583-875d-b93c95e5339d,ЦДНТА-(Р-17-3-9-4-2773+++Р-17-3-9-4-2773+++Р-17-3-9-4-2773),Р-17-3-9-4-2773,Р17,3-9,4,2773,opys-explicit
f2c94c68-77fa-41c9-8b0d-2da07852fab0,ЦДНТА-(Р-17-3-9-4-2756+++Р-17-3-9-4-2756+++Р-17-3-9-4-2756),Р-17-3-9-4-2756,Р17,3-9,4,2756,opys-explicit
dbd7ff98-3931-498f-8eee-1f892c86e2a6,ЦДНТА-(Р-17-3-9-4-2766+++Р-17-3-9-4-2766+++Р-17-3-9-4-2766),Р-17-3-9-4-2766,Р17,3-9,4,2766,opys-explicit
f9ada500-b479-47de-aa63-8587c6f74cfe,ЦДНТА-(Р-17-3-9-4-2769+++Р-17-3-9-4-2769+++Р-17-3-9-4-2769),Р-17-3-9-4-2769,Р17,3-9,4,2769,opys-explicit
4b2e8c0c-23f1-4187-870d-fe63405ff282,ЦДНТА-(Р-17-3-9-4-2772+++Р-17-3-9-4-2772+++Р-17-3-9-4-2772),Р-17-3-9-4-2772,Р17,3-9,4,2772,opys-explicit
eba8168d-51f6-45b9-8305-4d3b7b783643,ЦДНТА-(Р-17-3-9-4-2782+++Р-17-3-9-4-2782+++Р-17-3-9-4-2782),Р-17-3-9-4-2782,Р17,3-9,4,2782,opys-explicit
a0f95d5e-1c3b-4ccb-85cf-9451ad6216f4,ЦДНТА-(Р-17-3-9-4-2758+++Р-17-3-9-4-2758+++Р-17-3-9-4-2758),Р-17-3-9-4-2758,Р17,3-9,4,2758,opys-explicit
7137db56-0765-401b-849d-51a3c4a806c2,ЦДНТА-(Р-17-3-9-4-2767+++Р-17-3-9-4-2767+++Р-17-3-9-4-2767),Р-17-3-9-4-2767,Р17,3-9,4,2767,opys-explicit
159ff142-a580-4b4d-84f5-ecefa24af42c,ЦДНТА-(Р-17-3-9-4-2761+++Р-17-3-9-4-2761+++Р-17-3-9-4-2761),Р-17-3-9-4-2761,Р17,3-9,4,2761,opys-explicit
b9cf5aa4-238d-4e6f-aee9-5a01c48af534,ЦДНТА-(Р-17-3-9-4-2798+++Р-17-3-9-4-2798+++Р-17-3-9-4-2798),Р-17-3-9-4-2798,Р17,3-9,4,2798,opys-explicit
2d748a4a-cb19-464f-b990-5ffea2e58095,ЦДНТА-(Р-17-3-9-4-2779+++Р-17-3-9-4-2779+++Р-17-3-9-4-2779),Р-17-3-9-4-2779,Р17,3-9,4,2779,opys-explicit
302289db-a91b-4ee9-b54d-ebbb696ffbe0,ЦДНТА-(Р-17-3-9-4-2760+++Р-17-3-9-4-2760+++Р-17-3-9-4-2760),Р-17-3-9-4-2760,Р17,3-9,4,2760,opys-explicit
28195842-d976-495f-a761-7ab3b377dce0,ЦДНТА-(Р-17-3-9-4-2789+++Р-17-3-9-4-2789+++Р-17-3-9-4-2789),Р-17-3-9-4-2789,Р17,3-9,4,2789,opys-explicit
724a91da-714c-4978-a6db-d921f92715d2,ЦДНТА-(Р-17-3-9-4-2777+++Р-17-3-9-4-2777+++Р-17-3-9-4-2777),Р-17-3-9-4-2777,Р17,3-9,4,2777,opys-explicit
fc0fef38-670c-4c9d-9ede-dc31fef07ec2,ЦДНТА-(Р-17-3-9-4-2783+++Р-17-3-9-4-2783+++Р-17-3-9-4-2783),Р-17-3-9-4-2783,Р17,3-9,4,2783,opys-explicit
d4746a02-c06f-44fb-9a21-183c03756591,ЦДНТА-(Р-17-3-9-4-2788+++Р-17-3-9-4-2788+++Р-17-3-9-4-2788),Р-17-3-9-4-2788,Р17,3-9,4,2788,opys-explicit
c30c426e-31e6-4cdf-80d5-350ed6a132b6,ЦДНТА-(Р-17-3-9-4-2794+++Р-17-3-9-4-2794+++Р-17-3-9-4-2794),Р-17-3-9-4-2794,Р17,3-9,4,2794,opys-explicit
c591bf88-1ec9-455f-bb58-7ac699608759,ЦДНТА-(Р-17-3-9-4-2792+++Р-17-3-9-4-2792+++Р-17-3-9-4-2792),Р-17-3-9-4-2792,Р17,3-9,4,2792,opys-explicit
ecf0a0aa-d794-40ab-8feb-5c9609ebaeb1,ЦДНТА-(Р-17-3-9-4-2778+++Р-17-3-9-4-2778+++Р-17-3-9-4-2778),Р-17-3-9-4-2778,Р17,3-9,4,2778,opys-explicit
ba291349-f9a2-4324-8f56-6c23c30bad9b,ЦДНТА-(Р-17-3-9-4-2787+++Р-17-3-9-4-2787+++Р-17-3-9-4-2787),Р-17-3-9-4-2787,Р17,3-9,4,2787,opys-explicit
594661a3-113b-464b-802e-1b0b8917f56a,ЦДНТА-(Р-17-3-9-4-2793+++Р-17-3-9-4-2793+++Р-17-3-9-4-2793),Р-17-3-9-4-2793,Р17,3-9,4,2793,opys-explicit
9dcabf93-0159-4747-a4d0-d3702141fb12,ЦДНТА-(Р-17-3-9-4-2776+++Р-17-3-9-4-2776+++Р-17-3-9-4-2776),Р-17-3-9-4-2776,Р17,3-9,4,2776,opys-explicit
7a5a153e-ccff-495b-943a-56c6ed5d8bad,ЦДНТА-(Р-17-3-9-4-2786+++Р-17-3-9-4-2786+++Р-17-3-9-4-2786),Р-17-3-9-4-2786,Р17,3-9,4,2786,opys-explicit
36d07faa-b7dc-4a11-9f9a-f3f9f060a6a1,ЦДНТА-(Р-17-3-9-4-2784+++Р-17-3-9-4-2784+++Р-17-3-9-4-2784),Р-17-3-9-4-2784,Р17,3-9,4,2784,opys-explicit
1792f9fa-c29e-476e-9d03-0259c056f7ec,ЦДНТА-(Р-17-3-9-4-2800+++Р-17-3-9-4-2800+++Р-17-3-9-4-2800),Р-17-3-9-4-2800,Р17,3-9,4,2800,opys-explicit
64c1e35b-fdab-4a9f-949d-e9e376c8b969,ЦДНТА-(Р-17-3-9-4-2804+++Р-17-3-9-4-2804+++Р-17-3-9-4-2804),Р-17-3-9-4-2804,Р17,3-9,4,2804,opys-explicit
93eaca35-0ea4-48f9-b024-bae17c582c36,ЦДНТА-(Р-17-3-9-4-2781+++Р-17-3-9-4-2781+++Р-17-3-9-4-2781),Р-17-3-9-4-2781,Р17,3-9,4,2781,opys-explicit
cf316652-153a-435a-991c-79ca3e61daf7,ЦДНТА-(Р-17-3-9-4-2797+++Р-17-3-9-4-2797+++Р-17-3-9-4-2797),Р-17-3-9-4-2797,Р17,3-9,4,2797,opys-explicit
7a0ae104-eb3a-4849-8aeb-898c972e0641,ЦДНТА-(Р-17-3-9-4-2815+++Р-17-3-9-4-2815+++Р-17-3-9-4-2815),Р-17-3-9-4-2815,Р17,3-9,4,2815,opys-explicit
52a7872b-9628-4ebb-9e56-ccad12a2db9e,ЦДНТА-(Р-17-3-9-4-2808+++Р-17-3-9-4-2808+++Р-17-3-9-4-2808),Р-17-3-9-4-2808,Р17,3-9,4,2808,opys-explicit
4b2452a3-8cda-422c-bdf1-7a7408d89a89,ЦДНТА-(Р-17-3-9-4-2806+++Р-17-3-9-4-2806+++Р-17-3-9-4-2806),Р-17-3-9-4-2806,Р17,3-9,4,2806,opys-explicit
8910ce42-dc81-4f2e-85db-95ecafd05a87,ЦДНТА-(Р-17-3-9-4-2814+++Р-17-3-9-4-2814+++Р-17-3-9-4-2814),Р-17-3-9-4-2814,Р17,3-9,4,2814,opys-explicit
69dffc8c-2c0e-4d6e-9281-8487e0813636,ЦДНТА-(Р-17-3-9-4-2799+++Р-17-3-9-4-2799+++Р-17-3-9-4-2799),Р-17-3-9-4-2799,Р17,3-9,4,2799,opys-explicit
8bf37f6e-d7fd-4cd8-a386-6eb2ea695faa,ЦДНТА-(Р-17-3-9-4-2818+++Р-17-3-9-4-2818+++Р-17-3-9-4-2818),Р-17-3-9-4-2818,Р17,3-9,4,2818,opys-explicit
f0a69ff5-4014-4e49-9a18-7511d17b1a7f,ЦДНТА-(Р-17-3-9-4-2810+++Р-17-3-9-4-2810+++Р-17-3-9-4-2810),Р-17-3-9-4-2810,Р17,3-9,4,2810,opys-explicit
e645bfff-02ba-4a2e-9204-17e5fadbe587,ЦДНТА-(Р-17-3-9-4-2811+++Р-17-3-9-4-2811+++Р-17-3-9-4-2811),Р-17-3-9-4-2811,Р17,3-9,4,2811,opys-explicit
923467d0-116e-4faf-8bdc-26eafd8eade7,ЦДНТА-(Р-17-3-9-5-2831+++Р-17-3-9-5-2831+++Р-17-3-9-5-2831),Р-17-3-9-5-2831,Р17,3-9,5,2831,opys-explicit+outofrange
81e9dbef-5d84-433b-b33b-aa6838329d96,ЦДНТА-(Р-17-3-9-5-2830+++Р-17-3-9-5-2830+++Р-17-3-9-5-2830),Р-17-3-9-5-2830,Р17,3-9,5,2830,opys-explicit+outofrange
9a0a673a-7a3c-4da3-aaa0-ec7d1a5466ad,ЦДНТА-(Р-17-3-9-4-2809+++Р-17-3-9-4-2809+++Р-17-3-9-4-2809),Р-17-3-9-4-2809,Р17,3-9,4,2809,opys-explicit
b7bc7ca7-d95a-466f-89bf-230777d045ef,ЦДНТА-(Р-17-3-9-4-2803+++Р-17-3-9-4-2803+++Р-17-3-9-4-2803),Р-17-3-9-4-2803,Р17,3-9,4,2803,opys-explicit
4dd50696-dfe9-49ec-9861-f01385120df7,ЦДНТА-(Р-17-3-9-5-2835+++Р-17-3-9-5-2835+++Р-17-3-9-5-2835),Р-17-3-9-5-2835,Р17,3-9,5,2835,opys-explicit+outofrange
0de610de-fa2f-42f7-9cb3-cb9a7075f556,ЦДНТА-(Р-17-3-9-5-2825+++Р-17-3-9-5-2825+++Р-17-3-9-5-2825),Р-17-3-9-5-2825,Р17,3-9,5,2825,opys-explicit+outofrange
ac6a3a23-185b-44e4-860a-06dbb99f4648,ЦДНТА-(Р-17-3-9-4-2802+++Р-17-3-9-4-2802+++Р-17-3-9-4-2802),Р-17-3-9-4-2802,Р17,3-9,4,2802,opys-explicit
00188017-aebe-4dd8-ad31-ceb303ccdfb0,ЦДНТА-(Р-17-3-9-5-2839+++Р-17-3-9-5-2839+++Р-17-3-9-5-2839),Р-17-3-9-5-2839,Р17,3-9,5,2839,opys-explicit+outofrange
3da7ac02-4d50-4dfa-acea-c120ee262ac3,ЦДНТА-(Р-17-3-9-5-2822+++Р-17-3-9-5-2822+++Р-17-3-9-5-2822),Р-17-3-9-5-2822,Р17,3-9,5,2822,opys-explicit+outofrange
44f9c5bd-dbdd-486b-89af-c0aa264b17e8,ЦДНТА-(Р-17-3-9-5-2843+++Р-17-3-9-5-2843+++Р-17-3-9-5-2843),Р-17-3-9-5-2843,Р17,3-9,5,2843,opys-explicit+outofrange
526b06a3-d243-42d1-aca0-1d82b33512ab,ЦДНТА-(Р-17-3-9-5-2824+++Р-17-3-9-5-2824+++Р-17-3-9-5-2824),Р-17-3-9-5-2824,Р17,3-9,5,2824,opys-explicit+outofrange
ec1ae51c-d059-4079-9091-eac5765117b5,ЦДНТА-(Р-17-3-9-5-2834+++Р-17-3-9-5-2834+++Р-17-3-9-5-2834),Р-17-3-9-5-2834,Р17,3-9,5,2834,opys-explicit+outofrange
26d950c1-1941-47a1-93b2-70e336877624,ЦДНТА-(Р-17-3-9-5-2833+++Р-17-3-9-5-2833+++Р-17-3-9-5-2833),Р-17-3-9-5-2833,Р17,3-9,5,2833,opys-explicit+outofrange
8f510ac6-2678-402c-8340-fe4d898cde48,ЦДНТА-(Р-17-3-9-5-2823+++Р-17-3-9-5-2823+++Р-17-3-9-5-2823),Р-17-3-9-5-2823,Р17,3-9,5,2823,opys-explicit+outofrange
cff528bb-c30b-4e24-933a-0539ca8dfe56,ЦДНТА-(Р-17-3-9-5-2832+++Р-17-3-9-5-2832+++Р-17-3-9-5-2832),Р-17-3-9-5-2832,Р17,3-9,5,2832,opys-explicit+outofrange
b8c5f631-af58-4126-818f-ce5e549f2edb,ЦДНТА-(Р-17-3-9-5-2826+++Р-17-3-9-5-2826+++Р-17-3-9-5-2826),Р-17-3-9-5-2826,Р17,3-9,5,2826,opys-explicit+outofrange
1d1d503d-fe89-4720-824e-478a2e1c2990,ЦДНТА-(Р-17-3-9-5-2864+++Р-17-3-9-5-2864+++Р-17-3-9-5-2864),Р-17-3-9-5-2864,Р17,3-9,5,2864,opys-explicit+outofrange
07f1b0dc-9e22-47e3-848a-fe94ca911535,ЦДНТА-(Р-17-3-9-5-2844+++Р-17-3-9-5-2844+++Р-17-3-9-5-2844),Р-17-3-9-5-2844,Р17,3-9,5,2844,opys-explicit+outofrange
3d3ca004-0eec-41bb-a8be-db8336291097,ЦДНТА-(Р-17-3-9-5-2863+++Р-17-3-9-5-2863+++Р-17-3-9-5-2863),Р-17-3-9-5-2863,Р17,3-9,5,2863,opys-explicit+outofrange
c3718db1-3291-45a3-8c35-e7f09f194309,ЦДНТА-(Р-17-3-9-5-2861+++Р-17-3-9-5-2861+++Р-17-3-9-5-2861),Р-17-3-9-5-2861,Р17,3-9,5,2861,opys-explicit+outofrange
aa6fa0d1-57a8-4565-b278-ed07ed29bfcf,ЦДНТА-(Р-17-3-9-5-2845+++Р-17-3-9-5-2845+++Р-17-3-9-5-2845),Р-17-3-9-5-2845,Р17,3-9,5,2845,opys-explicit+outofrange
26d95091-5ac8-4551-9b31-dec5fa31e743,ЦДНТА-(Р-17-3-9-5-2853+++Р-17-3-9-5-2853+++Р-17-3-9-5-2853),Р-17-3-9-5-2853,Р17,3-9,5,2853,opys-explicit+outofrange
11cafc8f-6bf0-44d2-8576-c5aed829c979,ЦДНТА-(Р-17-3-9-5-2866+++Р-17-3-9-5-2866+++Р-17-3-9-5-2866),Р-17-3-9-5-2866,Р17,3-9,5,2866,opys-explicit+outofrange
ef96ddfd-d077-4d05-9968-43b25fdfaade,ЦДНТА-(Р-17-3-9-5-2870+++Р-17-3-9-5-2870+++Р-17-3-9-5-2870),Р-17-3-9-5-2870,Р17,3-9,5,2870,opys-explicit+outofrange
41c28d16-9055-42c2-b878-723f4d93a908,ЦДНТА-(Р-17-3-9-5-2850+++Р-17-3-9-5-2850+++Р-17-3-9-5-2850),Р-17-3-9-5-2850,Р17,3-9,5,2850,opys-explicit+outofrange
f98b8eae-0217-49da-bd8d-1e5aecd8ff04,ЦДНТА-(Р-17-3-9-5-2907+++Р-17-3-9-5-2907+++Р-17-3-9-5-2907),Р-17-3-9-5-2907,Р17,3-9,5,2907,opys-explicit+outofrange
279234ce-493b-400b-bbd8-2548b06bcaab,ЦДНТА-(Р-17-3-9-5-2899+++Р-17-3-9-5-2899+++Р-17-3-9-5-2899),Р-17-3-9-5-2899,Р17,3-9,5,2899,opys-explicit+outofrange
7757dd7f-e222-4ba2-bf44-b7d22a450378,ЦДНТА-(Р-17-3-9-5-2892+++Р-17-3-9-5-2892+++Р-17-3-9-5-2892),Р-17-3-9-5-2892,Р17,3-9,5,2892,opys-explicit+outofrange
c37ffa8e-1077-4fd0-b614-22628b3ff0c7,ЦДНТА-(Р-17-3-9-5-2896+++Р-17-3-9-5-2896+++Р-17-3-9-5-2896),Р-17-3-9-5-2896,Р17,3-9,5,2896,opys-explicit+outofrange
7e8a4c06-c4d7-454d-ac92-189b988bcf41,ЦДНТА-(Р-17-3-9-5-2880+++Р-17-3-9-5-2880+++Р-17-3-9-5-2880),Р-17-3-9-5-2880,Р17,3-9,5,2880,opys-explicit+outofrange
d77ad034-6ebb-4a19-ac97-90ad14bbe687,ЦДНТА-(Р-17-3-9-5-2897+++Р-17-3-9-5-2897+++Р-17-3-9-5-2897),Р-17-3-9-5-2897,Р17,3-9,5,2897,opys-explicit+outofrange
da94b05e-d94f-450a-a09d-e0987f81cb5f,ЦДНТА-(Р-17-3-9-5-2900+++Р-17-3-9-5-2900+++Р-17-3-9-5-2900),Р-17-3-9-5-2900,Р17,3-9,5,2900,opys-explicit+outofrange
9cca172e-db2f-42a4-821a-2a6bbf3d24ec,ЦДНТА-(Р-17-3-9-5-2903+++Р-17-3-9-5-2903+++Р-17-3-9-5-2903),Р-17-3-9-5-2903,Р17,3-9,5,2903,opys-explicit+outofrange
cc9eac4d-2d6f-400a-9f2e-21985184a82a,ЦДНТА-(Р-17-3-9-5-2924+++Р-17-3-9-5-2924+++Р-17-3-9-5-2924),Р-17-3-9-5-2924,Р17,3-9,5,2924,opys-explicit+outofrange
60049dc0-d7a4-4060-95a1-a7ae0aff4f01,ЦДНТА-(Р-17-3-9-5-2932+++Р-17-3-9-5-2932+++Р-17-3-9-5-2932),Р-17-3-9-5-2932,Р17,3-9,5,2932,opys-explicit+outofrange
ebb51b9d-9e06-443f-b960-2123e99f87e8,ЦДНТА-(Р-17-3-9-5-2949+++Р-17-3-9-5-2949+++Р-17-3-9-5-2949),Р-17-3-9-5-2949,Р17,3-9,5,2949,opys-explicit+outofrange
c4556bce-252a-4747-bc3e-c305ace3d805,ЦДНТА-(Р-17-3-9-5-2964+++Р-17-3-9-5-2964+++Р-17-3-9-5-2964),Р-17-3-9-5-2964,Р17,3-9,5,2964,opys-explicit+outofrange
b42d4080-cdf7-4b1a-8087-a219e074174e,ЦДНТА-(Р-17-3-9-5-2972+++Р-17-3-9-5-2972+++Р-17-3-9-5-2972),Р-17-3-9-5-2972,Р17,3-9,5,2972,opys-explicit+outofrange
d63389ad-4606-4183-8c75-cf3ee69aa65c,ЦДНТА-(Р-17-3-9-5-2945+++Р-17-3-9-5-2945+++Р-17-3-9-5-2945),Р-17-3-9-5-2945,Р17,3-9,5,2945,opys-explicit+outofrange
32977e27-9b77-4f49-91c3-ba08903487b9,ЦДНТА-(Р-17-3-9-5-2947+++Р-17-3-9-5-2947+++Р-17-3-9-5-2947),Р-17-3-9-5-2947,Р17,3-9,5,2947,opys-explicit+outofrange
9670fde0-74c4-49f9-9da0-799e65d9a52f,ЦДНТА-(Р-17-3-9-5-2975+++Р-17-3-9-5-2975+++Р-17-3-9-5-2975),Р-17-3-9-5-2975,Р17,3-9,5,2975,opys-explicit+outofrange
aca9ba5c-d641-46b0-a0c9-c7ce061ef365,ЦДНТА-(Р-17-3-9-5-2946+++Р-17-3-9-5-2946+++Р-17-3-9-5-2946),Р-17-3-9-5-2946,Р17,3-9,5,2946,opys-explicit+outofrange
a4d1aaa2-70ca-421d-881d-22b6c6c138ea,ЦДНТА-(Р-17-3-9-5-2954+++Р-17-3-9-5-2954+++Р-17-3-9-5-2954),Р-17-3-9-5-2954,Р17,3-9,5,2954,opys-explicit+outofrange
44d2dc21-4551-4bb6-bdd0-9f0e14908239,ЦДНТА-(Р-17-3-9-5-2959+++Р-17-3-9-5-2959+++Р-17-3-9-5-2959),Р-17-3-9-5-2959,Р17,3-9,5,2959,opys-explicit+outofrange
b7612f2c-87a0-4748-9e9f-8c1ea962dfb2,ЦДНТА-(Р-17-3-9-5-2957+++Р-17-3-9-5-2957+++Р-17-3-9-5-2957),Р-17-3-9-5-2957,Р17,3-9,5,2957,opys-explicit+outofrange
0695876b-9026-4fe4-adc3-2b79167b7071,ЦДНТА-(Р-17-3-9-5-2973+++Р-17-3-9-5-2973+++Р-17-3-9-5-2973),Р-17-3-9-5-2973,Р17,3-9,5,2973,opys-explicit+outofrange
d09f9a99-5b9a-4581-8b98-0070f181ae66,ЦДНТА-(Р-17-3-9-5-2971+++Р-17-3-9-5-2971+++Р-17-3-9-5-2971),Р-17-3-9-5-2971,Р17,3-9,5,2971,opys-explicit+outofrange
7ff899c7-d345-446b-8ff3-4ea08a8d6411,ЦДНТА-(Р-17-3-9-5-2987+++Р-17-3-9-5-2987+++Р-17-3-9-5-2987),Р-17-3-9-5-2987,Р17,3-9,5,2987,opys-explicit+outofrange
91ca6428-a666-4c9d-a2a9-cde091b46fc4,ЦДНТА-(Р-17-3-9-5-2978+++Р-17-3-9-5-2978+++Р-17-3-9-5-2978),Р-17-3-9-5-2978,Р17,3-9,5,2978,opys-explicit+outofrange
3dd64998-45ba-492f-86a9-888c6cd185c0,ЦДНТА-(Р-17-3-9-5-2986+++Р-17-3-9-5-2986+++Р-17-3-9-5-2986),Р-17-3-9-5-2986,Р17,3-9,5,2986,opys-explicit+outofrange
7a3e9157-b4c3-4e8d-9f30-3a81adfbb5d8,ЦДНТА-(Р-17-3-9-5-3013+++Р-17-3-9-5-3013+++Р-17-3-9-5-3013),Р-17-3-9-5-3013,Р17,3-9,5,3013,opys-explicit+outofrange
98f0135c-c273-481b-be37-150435e3a9cb,ЦДНТА-(Р-17-3-9-6-3030+++Р-17-3-9-6-3030+++Р-17-3-9-6-3030),Р-17-3-9-6-3030,Р17,3-9,6,3030,opys-explicit
797dbc25-659e-4fe0-a32c-ba74a60797a4,ЦДНТА-(Р-17-3-9-6-3033+++Р-17-3-9-6-3033+++Р-17-3-9-6-3033),Р-17-3-9-6-3033,Р17,3-9,6,3033,opys-explicit
17450e38-48d4-49c1-a22c-fc14460c0e1d,ЦДНТА-(Р-17-3-9-5-3001+++Р-17-3-9-5-3001+++Р-17-3-9-5-3001),Р-17-3-9-5-3001,Р17,3-9,5,3001,opys-explicit+outofrange
9ce97e81-a599-430a-a003-2e733c8946a7,ЦДНТА-(Р-17-3-9-5-3018+++Р-17-3-9-5-3018+++Р-17-3-9-5-3018),Р-17-3-9-5-3018,Р17,3-9,5,3018,opys-explicit+outofrange
2a458e21-3686-4265-8370-f32064834e8d,ЦДНТА-(Р-17-3-9-5-3009+++Р-17-3-9-5-3009+++Р-17-3-9-5-3009),Р-17-3-9-5-3009,Р17,3-9,5,3009,opys-explicit+outofrange
f503c559-60b2-48f0-af34-b687be7af4f0,ЦДНТА-(Р-17-3-9-6-3057+++Р-17-3-9-6-3057+++Р-17-3-9-6-3057),Р-17-3-9-6-3057,Р17,3-9,6,3057,opys-explicit
ad695b2c-0a6c-4997-8e4c-33f8709b3cf5,ЦДНТА-(Р-17-3-9-6-3031+++Р-17-3-9-6-3031+++Р-17-3-9-6-3031),Р-17-3-9-6-3031,Р17,3-9,6,3031,opys-explicit
cffd600b-d096-48f7-8f38-dd32ab7270f7,ЦДНТА-(Р-17-3-9-5-3000+++Р-17-3-9-5-3000+++Р-17-3-9-5-3000),Р-17-3-9-5-3000,Р17,3-9,5,3000,opys-explicit+outofrange
49519ac5-a20c-4600-9aa4-0f49b24abb17,ЦДНТА-(Р-17-3-9-6-3059+++Р-17-3-9-6-3059+++Р-17-3-9-6-3059),Р-17-3-9-6-3059,Р17,3-9,6,3059,opys-explicit
fc54eeb3-c3c4-4ebd-bcd3-ef72342061ae,ЦДНТА-(Р-17-3-9-6-3026+++Р-17-3-9-6-3026+++Р-17-3-9-6-3026),Р-17-3-9-6-3026,Р17,3-9,6,3026,opys-explicit
4e13f66c-b78e-4d2b-8d6e-42f7613a9026,ЦДНТА-(Р-17-3-9-6-3039+++Р-17-3-9-6-3039+++Р-17-3-9-6-3039),Р-17-3-9-6-3039,Р17,3-9,6,3039,opys-explicit
61bfe96a-40c3-4b53-87fe-7dfbac8bf979,ЦДНТА-(Р-17-3-9-6-3058+++Р-17-3-9-6-3058+++Р-17-3-9-6-3058),Р-17-3-9-6-3058,Р17,3-9,6,3058,opys-explicit
2f03e06f-5a3e-4082-a814-931a3a91f4cf,ЦДНТА-(Р-17-3-9-6-3054+++Р-17-3-9-6-3054+++Р-17-3-9-6-3054),Р-17-3-9-6-3054,Р17,3-9,6,3054,opys-explicit
f5e28bf3-56da-4e7b-9bd3-7e49f55cc823,ЦДНТА-(Р-17-3-9-6-3052+++Р-17-3-9-6-3052+++Р-17-3-9-6-3052),Р-17-3-9-6-3052,Р17,3-9,6,3052,opys-explicit
19234f0c-7856-4051-99f7-a3ef86a4c033,ЦДНТА-(Р-17-3-9-6-3047+++Р-17-3-9-6-3047+++Р-17-3-9-6-3047),Р-17-3-9-6-3047,Р17,3-9,6,3047,opys-explicit
f90a1af1-2343-41a2-a799-4662f371a2fb,ЦДНТА-(Р-17-3-9-6-3044+++Р-17-3-9-6-3044+++Р-17-3-9-6-3044),Р-17-3-9-6-3044,Р17,3-9,6,3044,opys-explicit
c317d70b-2766-4a6e-b761-a4b6c1cd5784,ЦДНТА-(Р-17-3-9-6-3060+++Р-17-3-9-6-3060+++Р-17-3-9-6-3060),Р-17-3-9-6-3060,Р17,3-9,6,3060,opys-explicit
7fd1d79d-3837-4dc7-a659-3a866d02c48d,ЦДНТА-(Р-17-3-9-6-3066+++Р-17-3-9-6-3066+++Р-17-3-9-6-3066),Р-17-3-9-6-3066,Р17,3-9,6,3066,opys-explicit
742aff04-1d97-4d1e-b372-4770220b5022,ЦДНТА-(Р-17-3-9-6-3071+++Р-17-3-9-6-3071+++Р-17-3-9-6-3071),Р-17-3-9-6-3071,Р17,3-9,6,3071,opys-explicit
b3937334-2763-4d14-9289-cb2cd99a8dfd,ЦДНТА-(Р-17-3-9-7-3079+++Р-17-3-9-7-3079+++Р-17-3-9-7-3079),Р-17-3-9-7-3079,Р17,3-9,7,3079,opys-explicit+outofrange
2007149f-ee7a-4e4e-bb2b-3afc974dfe04,ЦДНТА-(Р-17-3-9-7-3090+++Р-17-3-9-7-3090+++Р-17-3-9-7-3090),Р-17-3-9-7-3090,Р17,3-9,7,3090,opys-explicit+outofrange
10f8a5e3-c13c-4880-a29c-269ce31e9caf,ЦДНТА-(Р-17-3-9-7-3103+++Р-17-3-9-7-3103+++Р-17-3-9-7-3103),Р-17-3-9-7-3103,Р17,3-9,7,3103,opys-explicit+outofrange
517b4cad-d075-4fb6-b7d8-177893dfd862,ЦДНТА-(Р-17-3-9-7-3096+++Р-17-3-9-7-3096+++Р-17-3-9-7-3096),Р-17-3-9-7-3096,Р17,3-9,7,3096,opys-explicit+outofrange
32786e1b-a11a-49d3-b3d3-aa59f71ab92f,ЦДНТА-(Р-17-3-9-7-3093+++Р-17-3-9-7-3093+++Р-17-3-9-7-3093),Р-17-3-9-7-3093,Р17,3-9,7,3093,opys-explicit+outofrange
55b5cf8f-a304-4f08-8e14-4faac695f872,ЦДНТА-(Р-17-3-9-7-3085+++Р-17-3-9-7-3085+++Р-17-3-9-7-3085),Р-17-3-9-7-3085,Р17,3-9,7,3085,opys-explicit+outofrange
94607391-b9c2-464d-913a-478772a86c1c,ЦДНТА-(Р-17-3-9-7-3124+++Р-17-3-9-7-3124+++Р-17-3-9-7-3124),Р-17-3-9-7-3124,Р17,3-9,7,3124,opys-explicit+outofrange
d984d742-f69e-453d-b114-91f0f8252e31,ЦДНТА-(Р-17-3-9-7-3105+++Р-17-3-9-7-3105+++Р-17-3-9-7-3105),Р-17-3-9-7-3105,Р17,3-9,7,3105,opys-explicit+outofrange
b8a7ce27-43f7-4952-8022-b23ef2b200ee,ЦДНТА-(Р-17-3-9-7-3120+++Р-17-3-9-7-3120+++Р-17-3-9-7-3120),Р-17-3-9-7-3120,Р17,3-9,7,3120,opys-explicit+outofrange
267eef7c-d769-4a64-b1ca-8ae368f93598,ЦДНТА-(Р-17-3-9-7-3083+++Р-17-3-9-7-3083+++Р-17-3-9-7-3083),Р-17-3-9-7-3083,Р17,3-9,7,3083,opys-explicit+outofrange
5631488e-fe7d-440a-8029-1af8ac39cc66,ЦДНТА-(Р-17-3-9-7-3122+++Р-17-3-9-7-3122+++Р-17-3-9-7-3122),Р-17-3-9-7-3122,Р17,3-9,7,3122,opys-explicit+outofrange
97d01ba2-6224-4968-a983-6705273bf481,ЦДНТА-(Р-17-3-9-8-3125+++Р-17-3-9-8-3125+++Р-17-3-9-8-3125),Р-17-3-9-8-3125,Р17,3-9,8,3125,opys-explicit
93badd60-e6d9-42ad-b22e-2dabafa39fd3,ЦДНТА-(Р-17-3-9-7-3123+++Р-17-3-9-7-3123+++Р-17-3-9-7-3123),Р-17-3-9-7-3123,Р17,3-9,7,3123,opys-explicit+outofrange
86e71001-ef8f-4160-848c-e4fa8567352e,ЦДНТА-(Р-17-3-9-7-3111+++Р-17-3-9-7-3111+++Р-17-3-9-7-3111),Р-17-3-9-7-3111,Р17,3-9,7,3111,opys-explicit+outofrange
270d89bf-3848-4789-9959-085ab8c9a257,ЦДНТА-(Р-17-3-9-8-3129+++Р-17-3-9-8-3129+++Р-17-3-9-8-3129),Р-17-3-9-8-3129,Р17,3-9,8,3129,opys-explicit
e39afa86-eada-40d0-98aa-69735e3fa655,ЦДНТА-(Р-17-3-9-8-3139+++Р-17-3-9-8-3139+++Р-17-3-9-8-3139),Р-17-3-9-8-3139,Р17,3-9,8,3139,opys-explicit
0986edd5-0e23-4904-895b-2b75eb935fce,ЦДНТА-(Р-17-3-9-8-3143+++Р-17-3-9-8-3143+++Р-17-3-9-8-3143),Р-17-3-9-8-3143,Р17,3-9,8,3143,opys-explicit
e35e5502-692e-4b17-ba57-25c49d41bb7d,ЦДНТА-(Р-17-3-9-8-3140+++Р-17-3-9-8-3140+++Р-17-3-9-8-3140),Р-17-3-9-8-3140,Р17,3-9,8,3140,opys-explicit
e3409296-627f-4346-a6ce-ffc247e6543f,ЦДНТА-(Р-17-3-9-8-3133+++Р-17-3-9-8-3133+++Р-17-3-9-8-3133),Р-17-3-9-8-3133,Р17,3-9,8,3133,opys-explicit
0df8c84b-2b52-4c19-aef8-5eb06e58d021,ЦДНТА-(Р-17-3-9-8-3148+++Р-17-3-9-8-3148+++Р-17-3-9-8-3148),Р-17-3-9-8-3148,Р17,3-9,8,3148,opys-explicit
f0c48442-159a-4904-96d1-935b921b79e9,ЦДНТА-(Р-17-3-9-8-3153+++Р-17-3-9-8-3153+++Р-17-3-9-8-3153),Р-17-3-9-8-3153,Р17,3-9,8,3153,opys-explicit
ef9329fd-789e-45fc-b6e3-adc87bb1d0f6,ЦДНТА-(Р-78-3-22-1-3+++Р-78-3-22-1-3+++Р-78-3-22-1-3),Р-78-3-22-1-3,Р78,3-22,1Н,3,opys-explicit
787d4edf-6473-4fa8-a3e8-85afbb67e5d0,ЦДНТА-(Р-78-3-22-1-20+++Р-78-3-22-1-20+++Р-78-3-22-1-20),Р-78-3-22-1-20,Р78,3-22,1Н,20,opys-explicit
c57f3590-52e5-46a8-b3a0-91687d939b38,ЦДНТА-(Р-78-3-22-1-28+++Р-78-3-22-1-28+++Р-78-3-22-1-28),Р-78-3-22-1-28,Р78,3-22,1Н,28,opys-explicit
37089169-d0d8-4bca-8d6b-c4e0bc017fe4,ЦДНТА-(Р-78-3-22-1-16+++Р-78-3-22-1-16+++Р-78-3-22-1-16),Р-78-3-22-1-16,Р78,3-22,1Н,16,opys-explicit
a6d90c13-f29c-4736-9052-055332062415,ЦДНТА-(Р-17-3-9-5-2859+++Р-17-3-9-5-2859+++Р-17-3-9-5-2859),Р-17-3-9-5-2859,Р17,3-9,5,2859,opys-explicit+outofrange
11177a64-e109-4c9f-89ee-47d927c11146,ЦДНТА-(Р-78-3-22-1-37+++Р-78-3-22-1-37+++Р-78-3-22-1-37),Р-78-3-22-1-37,Р78,3-22,1Н,37,opys-explicit
b80a91be-ed55-4112-af85-afbea74995dc,ЦДНТА-(Р-17-3-9-5-2860+++Р-17-3-9-5-2860+++Р-17-3-9-5-2860),Р-17-3-9-5-2860,Р17,3-9,5,2860,opys-explicit+outofrange
e008b246-f9d3-4126-9138-c205761f3d35,ЦДНТА-(Р-17-3-9-5-2849+++Р-17-3-9-5-2849+++Р-17-3-9-5-2849),Р-17-3-9-5-2849,Р17,3-9,5,2849,opys-explicit+outofrange
276bc948-aa6b-4354-9e13-24e5fc6d565f,ЦДНТА-(Р-78-3-22-1-22+++Р-78-3-22-1-22+++Р-78-3-22-1-22),Р-78-3-22-1-22,Р78,3-22,1Н,22,opys-explicit
c0aebfb0-fe26-433a-9165-43a9e0baf941,ЦДНТА-(Р-17-3-9-5-2862+++Р-17-3-9-5-2862+++Р-17-3-9-5-2862),Р-17-3-9-5-2862,Р17,3-9,5,2862,opys-explicit+outofrange
6b25cbcb-6c21-4ebb-a2e6-31764efab2ed,ЦДНТА-(Р-78-3-22-1-41+++Р-78-3-22-1-41+++Р-78-3-22-1-41),Р-78-3-22-1-41,Р78,3-22,1Н,41,opys-explicit
664dca2f-e7e1-4fde-a19b-12dcf71beaf5,ЦДНТА-(Р-78-3-22-1-39+++Р-78-3-22-1-39+++Р-78-3-22-1-39),Р-78-3-22-1-39,Р78,3-22,1Н,39,opys-explicit
733b9350-221a-497d-bf9e-51f5783b2ee0,ЦДНТА-(Р-17-3-9-5-2851+++Р-17-3-9-5-2851+++Р-17-3-9-5-2851),Р-17-3-9-5-2851,Р17,3-9,5,2851,opys-explicit+outofrange
1d74a670-96ec-463d-b549-939ce6786d48,ЦДНТА-(Р-17-3-9-5-2854+++Р-17-3-9-5-2854+++Р-17-3-9-5-2854),Р-17-3-9-5-2854,Р17,3-9,5,2854,opys-explicit+outofrange
65fa1e01-ec86-498d-a9b0-d756372810b4,ЦДНТА-(Р-78-3-22-1-49+++Р-78-3-22-1-49+++Р-78-3-22-1-49),Р-78-3-22-1-49,Р78,3-22,1Н,49,opys-explicit
e7d56046-ac76-4a45-82b3-04fbbd27d52d,ЦДНТА-(Р-17-3-9-5-2869+++Р-17-3-9-5-2869+++Р-17-3-9-5-2869),Р-17-3-9-5-2869,Р17,3-9,5,2869,opys-explicit+outofrange
df4afeae-de61-4c05-a172-065f48fcfd2e,ЦДНТА-(Р-17-3-9-5-2879+++Р-17-3-9-5-2879+++Р-17-3-9-5-2879),Р-17-3-9-5-2879,Р17,3-9,5,2879,opys-explicit+outofrange
70b65b4f-0c24-4394-90c8-f2eab7a76bba,ЦДНТА-(Р-78-3-22-1-44+++Р-78-3-22-1-44+++Р-78-3-22-1-44),Р-78-3-22-1-44,Р78,3-22,1Н,44,opys-explicit
a35f18c0-80fe-489d-927c-82b3605af3b3,ЦДНТА-(Р-17-3-9-5-2878+++Р-17-3-9-5-2878+++Р-17-3-9-5-2878),Р-17-3-9-5-2878,Р17,3-9,5,2878,opys-explicit+outofrange
3ba8a77b-0f9d-4b63-ad0d-540f4ffe63d9,ЦДНТА-(Р-78-3-22-1-65+++Р-78-3-22-1-65+++Р-78-3-22-1-65),Р-78-3-22-1-65,Р78,3-22,1Н,65,opys-explicit
3cc222e0-4163-4131-ae73-89e4cb243a92,ЦДНТА-(Р-78-3-22-1-64+++Р-78-3-22-1-64+++Р-78-3-22-1-64),Р-78-3-22-1-64,Р78,3-22,1Н,64,opys-explicit
849dc6c8-ec4f-42d7-90ab-ca90117e4ef5,ЦДНТА-(Р-17-3-9-5-2894+++Р-17-3-9-5-2894+++Р-17-3-9-5-2894),Р-17-3-9-5-2894,Р17,3-9,5,2894,opys-explicit+outofrange
8c5e15f3-80b4-44cb-a6a4-aee73a656f62,ЦДНТА-(Р-17-3-9-5-2867+++Р-17-3-9-5-2867+++Р-17-3-9-5-2867),Р-17-3-9-5-2867,Р17,3-9,5,2867,opys-explicit+outofrange
698d688a-22ec-46d9-a64a-e1cdb368f359,ЦДНТА-(Р-78-3-22-1-84+++Р-78-3-22-1-84+++Р-78-3-22-1-84),Р-78-3-22-1-84,Р78,3-22,1Н,84,opys-explicit
b4b4185b-9339-4094-8c98-3f78d5d04055,ЦДНТА-(Р-78-3-22-1-67+++Р-78-3-22-1-67+++Р-78-3-22-1-67),Р-78-3-22-1-67,Р78,3-22,1Н,67,opys-explicit
8a3169c8-9d12-432c-835e-d393356b78b3,ЦДНТА-(Р-78-3-22-1-45+++Р-78-3-22-1-45+++Р-78-3-22-1-45),Р-78-3-22-1-45,Р78,3-22,1Н,45,opys-explicit
174dd63c-22fd-4bc8-857a-b83d7cffa9e0,ЦДНТА-(Р-17-3-9-5-2887+++Р-17-3-9-5-2887+++Р-17-3-9-5-2887),Р-17-3-9-5-2887,Р17,3-9,5,2887,opys-explicit+outofrange
0db2fdc5-5d2a-4fa0-9000-b6377b0edd8a,ЦДНТА-(Р-17-3-9-5-2902+++Р-17-3-9-5-2902+++Р-17-3-9-5-2902),Р-17-3-9-5-2902,Р17,3-9,5,2902,opys-explicit+outofrange
5ee8ae65-a994-4ef8-84b3-582db24415fb,ЦДНТА-(Р-78-3-22-1-61+++Р-78-3-22-1-61+++Р-78-3-22-1-61),Р-78-3-22-1-61,Р78,3-22,1Н,61,opys-explicit
10f98745-d554-45cd-8157-40980267c960,ЦДНТА-(Р-17-3-9-5-2888+++Р-17-3-9-5-2888+++Р-17-3-9-5-2888),Р-17-3-9-5-2888,Р17,3-9,5,2888,opys-explicit+outofrange
d04cb04c-4e2f-49ad-8284-9bcb4bad46f1,ЦДНТА-(Р-17-3-9-5-2901+++Р-17-3-9-5-2901+++Р-17-3-9-5-2901),Р-17-3-9-5-2901,Р17,3-9,5,2901,opys-explicit+outofrange
fb899085-6fd3-4652-9f4e-499c0af4c3a6,ЦДНТА-(Р-78-3-22-1-74+++Р-78-3-22-1-74+++Р-78-3-22-1-74),Р-78-3-22-1-74,Р78,3-22,1Н,74,opys-explicit
6d8482ce-a525-4a05-bff1-5a6652475c2a,ЦДНТА-(Р-78-3-22-1-109+++Р-78-3-22-1-109+++Р-78-3-22-1-109),Р-78-3-22-1-109,Р78,3-22,1Н,109,opys-explicit
a9ad37bd-382b-4928-b24c-ae515ca9325e,ЦДНТА-(Р-17-3-9-5-2906+++Р-17-3-9-5-2906+++Р-17-3-9-5-2906),Р-17-3-9-5-2906,Р17,3-9,5,2906,opys-explicit+outofrange
1dd89d10-4408-40bf-9954-baf6b1803df8,ЦДНТА-(Р-78-3-22-1-104+++Р-78-3-22-1-104+++Р-78-3-22-1-104),Р-78-3-22-1-104,Р78,3-22,1Н,104,opys-explicit
7c3dff68-b54a-4a30-8ec9-aa418ef659ff,ЦДНТА-(Р-78-3-22-1-107+++Р-78-3-22-1-107+++Р-78-3-22-1-107),Р-78-3-22-1-107,Р78,3-22,1Н,107,opys-explicit
c0ee62c4-3d1c-4d84-bc92-8ffbf530271b,ЦДНТА-(Р-17-3-9-5-2914+++Р-17-3-9-5-2914+++Р-17-3-9-5-2914),Р-17-3-9-5-2914,Р17,3-9,5,2914,opys-explicit+outofrange
8a8f011e-b84b-4fb3-afd9-38906ae6d90f,ЦДНТА-(Р-17-3-9-5-2917+++Р-17-3-9-5-2917+++Р-17-3-9-5-2917),Р-17-3-9-5-2917,Р17,3-9,5,2917,opys-explicit+outofrange
dc8988a2-5ecb-4483-b0e2-a197c13ddff8,ЦДНТА-(Р-78-3-22-1-98+++Р-78-3-22-1-98+++Р-78-3-22-1-98),Р-78-3-22-1-98,Р78,3-22,1Н,98,opys-explicit
fc9191e1-b2d2-4368-a1b3-4105b51b2aad,ЦДНТА-(Р-17-3-9-5-2930+++Р-17-3-9-5-2930+++Р-17-3-9-5-2930),Р-17-3-9-5-2930,Р17,3-9,5,2930,opys-explicit+outofrange
561d253d-9e33-46fc-8892-d953590441a0,ЦДНТА-(Р-78-3-22-1-88+++Р-78-3-22-1-88+++Р-78-3-22-1-88),Р-78-3-22-1-88,Р78,3-22,1Н,88,opys-explicit
63d1a3b1-8f8e-43e2-a332-9e841e8bdf69,ЦДНТА-(Р-78-3-22-1-102+++Р-78-3-22-1-102+++Р-78-3-22-1-102),Р-78-3-22-1-102,Р78,3-22,1Н,102,opys-explicit
4f1aeef9-7116-44ef-8c84-2d145eab9b8b,ЦДНТА-(Р-17-3-9-5-2915+++Р-17-3-9-5-2915+++Р-17-3-9-5-2915),Р-17-3-9-5-2915,Р17,3-9,5,2915,opys-explicit+outofrange
f3a94771-03ed-4419-87e4-2d65571169de,ЦДНТА-(Р-78-3-22-1-106+++Р-78-3-22-1-106+++Р-78-3-22-1-106),Р-78-3-22-1-106,Р78,3-22,1Н,106,opys-explicit
447d4cd3-21f1-4e46-b745-2a1b7c9c298c,ЦДНТА-(Р-78-3-22-1-93+++Р-78-3-22-1-93+++Р-78-3-22-1-93),Р-78-3-22-1-93,Р78,3-22,1Н,93,opys-explicit
3a522817-bc82-4da7-95a4-56bc934be0cb,ЦДНТА-(Р-78-3-22-1-91+++Р-78-3-22-1-91+++Р-78-3-22-1-91),Р-78-3-22-1-91,Р78,3-22,1Н,91,opys-explicit
545c9470-fd46-458c-99c0-57fb9a2080fd,ЦДНТА-(Р-17-3-9-5-2926+++Р-17-3-9-5-2926+++Р-17-3-9-5-2926),Р-17-3-9-5-2926,Р17,3-9,5,2926,opys-explicit+outofrange
3cca90aa-b160-4ba7-a937-af5438555752,ЦДНТА-(Р-78-3-22-1-124+++Р-78-3-22-1-124+++Р-78-3-22-1-124),Р-78-3-22-1-124,Р78,3-22,1Н,124,opys-explicit
2a28e828-eaa2-41dd-948a-bd15ca8fefc6,ЦДНТА-(Р-17-3-9-5-2925+++Р-17-3-9-5-2925+++Р-17-3-9-5-2925),Р-17-3-9-5-2925,Р17,3-9,5,2925,opys-explicit+outofrange
5521db06-568b-4424-a9c8-e98792ec2c7e,ЦДНТА-(Р-78-3-22-1-129+++Р-78-3-22-1-129+++Р-78-3-22-1-129),Р-78-3-22-1-129,Р78,3-22,1Н,129,opys-explicit
99d7dffe-a049-4061-bca4-e93e5d4ba7ab,ЦДНТА-(Р-78-3-22-1-115+++Р-78-3-22-1-115+++Р-78-3-22-1-115),Р-78-3-22-1-115,Р78,3-22,1Н,115,opys-explicit
00031388-7c96-40b5-82db-70ee3fa8009c,ЦДНТА-(Р-17-3-9-5-2935+++Р-17-3-9-5-2935+++Р-17-3-9-5-2935),Р-17-3-9-5-2935,Р17,3-9,5,2935,opys-explicit+outofrange
85ce883e-7b95-4274-9926-94f5d52b9789,ЦДНТА-(Р-78-3-22-1-122+++Р-78-3-22-1-122+++Р-78-3-22-1-122),Р-78-3-22-1-122,Р78,3-22,1Н,122,opys-explicit
e5286a95-516f-45f6-9b16-121864dbdeb5,ЦДНТА-(Р-78-3-22-1-112+++Р-78-3-22-1-112+++Р-78-3-22-1-112),Р-78-3-22-1-112,Р78,3-22,1Н,112,opys-explicit
ebb0c40c-ffc0-4bb3-9557-df5bba8d406b,ЦДНТА-(Р-78-3-22-1-111+++Р-78-3-22-1-111+++Р-78-3-22-1-111),Р-78-3-22-1-111,Р78,3-22,1Н,111,opys-explicit
9b15c98d-d68c-4047-999a-6415df18e467,ЦДНТА-(Р-17-3-9-5-2968+++Р-17-3-9-5-2968+++Р-17-3-9-5-2968),Р-17-3-9-5-2968,Р17,3-9,5,2968,opys-explicit+outofrange
f7322bf7-9d9e-41cc-b46b-125c05589843,ЦДНТА-(Р-17-3-9-5-2963+++Р-17-3-9-5-2963+++Р-17-3-9-5-2963),Р-17-3-9-5-2963,Р17,3-9,5,2963,opys-explicit+outofrange
1cabde07-27f8-4c71-86e9-0205799a6d93,ЦДНТА-(Р-17-3-9-5-2966+++Р-17-3-9-5-2966+++Р-17-3-9-5-2966),Р-17-3-9-5-2966,Р17,3-9,5,2966,opys-explicit+outofrange
59b7b966-f1af-4d24-8239-47171b0b1568,ЦДНТА-(Р-17-3-9-5-2970+++Р-17-3-9-5-2970+++Р-17-3-9-5-2970),Р-17-3-9-5-2970,Р17,3-9,5,2970,opys-explicit+outofrange
0bb05e1b-405c-4ceb-9519-af1ecf64fa9a,ЦДНТА-(Р-17-3-9-5-2960+++Р-17-3-9-5-2960+++Р-17-3-9-5-2960),Р-17-3-9-5-2960,Р17,3-9,5,2960,opys-explicit+outofrange
45026f29-495e-4cab-a575-032b904e5819,ЦДНТА-(Р-17-3-9-5-2951+++Р-17-3-9-5-2951+++Р-17-3-9-5-2951),Р-17-3-9-5-2951,Р17,3-9,5,2951,opys-explicit+outofrange
5009236a-c737-468f-ba54-2a26741256f5,ЦДНТА-(Р-17-3-9-5-2980+++Р-17-3-9-5-2980+++Р-17-3-9-5-2980),Р-17-3-9-5-2980,Р17,3-9,5,2980,opys-explicit+outofrange
c74eb977-200c-48e5-9936-f2e21d32b94a,ЦДНТА-(Р-17-3-9-5-2956+++Р-17-3-9-5-2956+++Р-17-3-9-5-2956),Р-17-3-9-5-2956,Р17,3-9,5,2956,opys-explicit+outofrange
6266dd32-bfd8-4633-a55a-2f337f2ef58a,ЦДНТА-(Р-17-3-9-5-2953+++Р-17-3-9-5-2953+++Р-17-3-9-5-2953),Р-17-3-9-5-2953,Р17,3-9,5,2953,opys-explicit+outofrange
d5369e51-27bf-46fb-a0e1-22e11faa93ea,ЦДНТА-(Р-17-3-9-5-2958+++Р-17-3-9-5-2958+++Р-17-3-9-5-2958),Р-17-3-9-5-2958,Р17,3-9,5,2958,opys-explicit+outofrange
3f39bbf4-2512-4a59-9ce7-7f011fc15734,ЦДНТА-(Р-17-3-9-5-2977+++Р-17-3-9-5-2977+++Р-17-3-9-5-2977),Р-17-3-9-5-2977,Р17,3-9,5,2977,opys-explicit+outofrange
6463327d-76bf-469c-bccb-73161b5126c7,ЦДНТА-(Р-17-3-9-5-2988+++Р-17-3-9-5-2988+++Р-17-3-9-5-2988),Р-17-3-9-5-2988,Р17,3-9,5,2988,opys-explicit+outofrange
81d05505-561f-4102-b9d9-50608487f454,ЦДНТА-(Р-17-3-9-5-2961+++Р-17-3-9-5-2961+++Р-17-3-9-5-2961),Р-17-3-9-5-2961,Р17,3-9,5,2961,opys-explicit+outofrange
dc32429b-8444-4951-a46f-7737c8e890cc,ЦДНТА-(Р-17-3-9-5-2982+++Р-17-3-9-5-2982+++Р-17-3-9-5-2982),Р-17-3-9-5-2982,Р17,3-9,5,2982,opys-explicit+outofrange
3ef4d16b-f960-4727-8e85-b2a7cb5fe4d4,ЦДНТА-(Р-17-3-9-5-2983+++Р-17-3-9-5-2983+++Р-17-3-9-5-2983),Р-17-3-9-5-2983,Р17,3-9,5,2983,opys-explicit+outofrange
d0ab622c-3055-4e64-8846-257a6a840bc4,ЦДНТА-(Р-17-3-9-5-2998+++Р-17-3-9-5-2998+++Р-17-3-9-5-2998),Р-17-3-9-5-2998,Р17,3-9,5,2998,opys-explicit+outofrange
ede51f95-bb17-4721-95f4-8e8ab0360d7d,ЦДНТА-(Р-17-3-9-5-3016+++Р-17-3-9-5-3016+++Р-17-3-9-5-3016),Р-17-3-9-5-3016,Р17,3-9,5,3016,opys-explicit+outofrange
dc6e7e64-f8f9-47cc-b9ef-735be2d2068f,ЦДНТА-(Р-17-3-9-5-3008+++Р-17-3-9-5-3008+++Р-17-3-9-5-3008),Р-17-3-9-5-3008,Р17,3-9,5,3008,opys-explicit+outofrange
5e618548-63b7-455d-8713-65a88be97668,ЦДНТА-(Р-17-3-9-5-3006+++Р-17-3-9-5-3006+++Р-17-3-9-5-3006),Р-17-3-9-5-3006,Р17,3-9,5,3006,opys-explicit+outofrange
7ded52c8-2609-41f0-9433-0000a70286e1,ЦДНТА-(Р-17-3-9-6-3025+++Р-17-3-9-6-3025+++Р-17-3-9-6-3025),Р-17-3-9-6-3025,Р17,3-9,6,3025,opys-explicit
698a4091-5d42-433e-9b71-4093ed3dc4e8,ЦДНТА-(Р-17-3-9-5-3012+++Р-17-3-9-5-3012+++Р-17-3-9-5-3012),Р-17-3-9-5-3012,Р17,3-9,5,3012,opys-explicit+outofrange
2c0dc132-bb8d-41c6-93cf-b7bc5c251f2a,ЦДНТА-(Р-17-3-9-5-3015+++Р-17-3-9-5-3015+++Р-17-3-9-5-3015),Р-17-3-9-5-3015,Р17,3-9,5,3015,opys-explicit+outofrange
d50e9fc2-7acc-4cec-97a7-6529d15fdc88,ЦДНТА-(Р-17-3-9-5-2995+++Р-17-3-9-5-2995+++Р-17-3-9-5-2995),Р-17-3-9-5-2995,Р17,3-9,5,2995,opys-explicit+outofrange
6aa2caf2-14bc-44b4-87e8-b3616717df5b,ЦДНТА-(Р-17-3-9-6-3038+++Р-17-3-9-6-3038+++Р-17-3-9-6-3038),Р-17-3-9-6-3038,Р17,3-9,6,3038,opys-explicit
0c8a7c63-3571-4d22-b260-5b5651a7c187,ЦДНТА-(Р-17-3-9-5-3023+++Р-17-3-9-5-3023+++Р-17-3-9-5-3023),Р-17-3-9-5-3023,Р17,3-9,5,3023,opys-explicit+outofrange
2c6707ef-5946-44b9-9d34-66d9bf030a09,ЦДНТА-(Р-17-3-9-6-3045+++Р-17-3-9-6-3045+++Р-17-3-9-6-3045),Р-17-3-9-6-3045,Р17,3-9,6,3045,opys-explicit
8000b498-4386-4d8a-a481-86337f2096d5,ЦДНТА-(Р-17-3-9-6-3037+++Р-17-3-9-6-3037+++Р-17-3-9-6-3037),Р-17-3-9-6-3037,Р17,3-9,6,3037,opys-explicit
af1e7340-3749-48fd-9868-576175634f36,ЦДНТА-(Р-17-3-9-5-3022+++Р-17-3-9-5-3022+++Р-17-3-9-5-3022),Р-17-3-9-5-3022,Р17,3-9,5,3022,opys-explicit+outofrange
84ab0380-7a4a-4d90-b6ab-f8935008888b,ЦДНТА-(Р-17-3-9-6-3024+++Р-17-3-9-6-3024+++Р-17-3-9-6-3024),Р-17-3-9-6-3024,Р17,3-9,6,3024,opys-explicit
05a60f83-ece7-42a3-a607-212b0a44ea9e,ЦДНТА-(Р-17-3-9-6-3029+++Р-17-3-9-6-3029+++Р-17-3-9-6-3029),Р-17-3-9-6-3029,Р17,3-9,6,3029,opys-explicit
9fa97606-541a-44c9-8762-483a140309fa,ЦДНТА-(Р-17-3-9-6-3041+++Р-17-3-9-6-3041+++Р-17-3-9-6-3041),Р-17-3-9-6-3041,Р17,3-9,6,3041,opys-explicit
3c016995-9550-404e-82a5-3405b49de377,ЦДНТА-(Р-17-3-9-6-3046+++Р-17-3-9-6-3046+++Р-17-3-9-6-3046),Р-17-3-9-6-3046,Р17,3-9,6,3046,opys-explicit
dc9cb679-697b-4e3c-9d2d-731dc742ccb0,ЦДНТА-(Р-17-3-9-7-3092+++Р-17-3-9-7-3092+++Р-17-3-9-7-3092),Р-17-3-9-7-3092,Р17,3-9,7,3092,opys-explicit+outofrange
ad7b1b49-2c9c-4413-b6c3-5c26ce4845ab,ЦДНТА-(Р-17-3-9-7-3099+++Р-17-3-9-7-3099+++Р-17-3-9-7-3099),Р-17-3-9-7-3099,Р17,3-9,7,3099,opys-explicit+outofrange
7abdd930-f220-4a6b-86ce-863a32a05bce,ЦДНТА-(Р-17-3-9-6-3042+++Р-17-3-9-6-3042+++Р-17-3-9-6-3042),Р-17-3-9-6-3042,Р17,3-9,6,3042,opys-explicit
2b19dc49-60bf-4c30-9e53-52ce29f7898a,ЦДНТА-(Р-17-3-9-7-3084+++Р-17-3-9-7-3084+++Р-17-3-9-7-3084),Р-17-3-9-7-3084,Р17,3-9,7,3084,opys-explicit+outofrange
0314618f-a424-437d-87e1-0c29b5a83727,ЦДНТА-(Р-17-3-9-6-3068+++Р-17-3-9-6-3068+++Р-17-3-9-6-3068),Р-17-3-9-6-3068,Р17,3-9,6,3068,opys-explicit
e07c4dca-11fd-499b-9af0-69523f2b3eaa,ЦДНТА-(Р-17-3-9-7-3075+++Р-17-3-9-7-3075+++Р-17-3-9-7-3075),Р-17-3-9-7-3075,Р17,3-9,7,3075,opys-explicit+outofrange
8a6602cf-7f93-4754-9f64-5bb7a9094032,ЦДНТА-(Р-17-3-9-7-3101+++Р-17-3-9-7-3101+++Р-17-3-9-7-3101),Р-17-3-9-7-3101,Р17,3-9,7,3101,opys-explicit+outofrange
e80adc2f-4b67-45dc-9f68-4a117844ff92,ЦДНТА-(Р-17-3-9-7-3106+++Р-17-3-9-7-3106+++Р-17-3-9-7-3106),Р-17-3-9-7-3106,Р17,3-9,7,3106,opys-explicit+outofrange
5fb4c9e4-f14c-4e7d-b60a-47c5e482512b,ЦДНТА-(Р-17-3-9-7-3117+++Р-17-3-9-7-3117+++Р-17-3-9-7-3117),Р-17-3-9-7-3117,Р17,3-9,7,3117,opys-explicit+outofrange
bbe8f263-4e3e-4ce6-b454-a59fd62d9e58,ЦДНТА-(Р-17-3-9-8-3147+++Р-17-3-9-8-3147+++Р-17-3-9-8-3147),Р-17-3-9-8-3147,Р17,3-9,8,3147,opys-explicit
8bea166c-deba-4726-819d-64092d3e0ef8,ЦДНТА-(Р-17-3-9-7-3114+++Р-17-3-9-7-3114+++Р-17-3-9-7-3114),Р-17-3-9-7-3114,Р17,3-9,7,3114,opys-explicit+outofrange
ca64e7bb-02d6-49be-90e3-0a181ccdcf4a,ЦДНТА-(Р-17-3-9-8-3135+++Р-17-3-9-8-3135+++Р-17-3-9-8-3135),Р-17-3-9-8-3135,Р17,3-9,8,3135,opys-explicit
95dea1d7-64cd-4dd7-917a-20ae72e11c68,ЦДНТА-(Р-17-3-9-8-3151+++Р-17-3-9-8-3151+++Р-17-3-9-8-3151),Р-17-3-9-8-3151,Р17,3-9,8,3151,opys-explicit
20c1afa7-791f-4831-8660-b206e60a6af3,ЦДНТА-(Р-17-3-9-8-3146+++Р-17-3-9-8-3146+++Р-17-3-9-8-3146),Р-17-3-9-8-3146,Р17,3-9,8,3146,opys-explicit
bcc5b31f-a826-4c9b-b01b-00b1d2f3a7eb,ЦДНТА-(Р-17-3-9-8-3152+++Р-17-3-9-8-3152+++Р-17-3-9-8-3152),Р-17-3-9-8-3152,Р17,3-9,8,3152,opys-explicit
4393e450-7080-4cb7-a87a-16f5656512e4,ЦДНТА-(Р-78-3-22-1-15+++Р-78-3-22-1-15+++Р-78-3-22-1-15),Р-78-3-22-1-15,Р78,3-22,1Н,15,opys-explicit
ccfe13b5-078a-4de1-bf83-8758f6eec489,ЦДНТА-(Р-78-3-22-1-4+++Р-78-3-22-1-4+++Р-78-3-22-1-4),Р-78-3-22-1-4,Р78,3-22,1Н,4,opys-explicit
fb760370-330d-4e3e-b1a3-ba855370489f,ЦДНТА-(Р-78-3-22-1-18+++Р-78-3-22-1-18+++Р-78-3-22-1-18),Р-78-3-22-1-18,Р78,3-22,1Н,18,opys-explicit
9262fddc-f30f-47f4-ac2c-b25465b1caf5,ЦДНТА-(Р-78-3-22-1-35+++Р-78-3-22-1-35+++Р-78-3-22-1-35),Р-78-3-22-1-35,Р78,3-22,1Н,35,opys-explicit
90d07017-5b59-4d7a-93e7-b1531663d878,ЦДНТА-(Р-78-3-22-1-34+++Р-78-3-22-1-34+++Р-78-3-22-1-34),Р-78-3-22-1-34,Р78,3-22,1Н,34,opys-explicit
da5429e9-e86f-4c91-a66c-f969659534a6,ЦДНТА-(Р-78-3-22-1-30+++Р-78-3-22-1-30+++Р-78-3-22-1-30),Р-78-3-22-1-30,Р78,3-22,1Н,30,opys-explicit
24e60248-b81a-42a6-a779-4d0e01573eab,ЦДНТА-(Р-78-3-22-1-23+++Р-78-3-22-1-23+++Р-78-3-22-1-23),Р-78-3-22-1-23,Р78,3-22,1Н,23,opys-explicit
a05c7e76-1c6f-4750-9b8d-fb648ef4e1d9,ЦДНТА-(Р-78-3-22-1-33+++Р-78-3-22-1-33+++Р-78-3-22-1-33),Р-78-3-22-1-33,Р78,3-22,1Н,33,opys-explicit
105e5e34-d0b3-4d5a-9ee4-60e28431517c,ЦДНТА-(Р-78-3-22-1-55+++Р-78-3-22-1-55+++Р-78-3-22-1-55),Р-78-3-22-1-55,Р78,3-22,1Н,55,opys-explicit
218a6261-9457-4fb2-a1bf-3d4a83be0a22,ЦДНТА-(Р-78-3-22-1-59+++Р-78-3-22-1-59+++Р-78-3-22-1-59),Р-78-3-22-1-59,Р78,3-22,1Н,59,opys-explicit
6201dd7a-bef7-4433-acd9-b1dda4fdbc7a,ЦДНТА-(Р-78-3-22-1-63+++Р-78-3-22-1-63+++Р-78-3-22-1-63),Р-78-3-22-1-63,Р78,3-22,1Н,63,opys-explicit
276096d3-9913-4e0a-97bc-99a4581dc017,ЦДНТА-(Р-78-3-22-1-52+++Р-78-3-22-1-52+++Р-78-3-22-1-52),Р-78-3-22-1-52,Р78,3-22,1Н,52,opys-explicit
7bd37aee-f4a9-4659-935a-3b89cd3960f6,ЦДНТА-(Р-78-3-22-1-50+++Р-78-3-22-1-50+++Р-78-3-22-1-50),Р-78-3-22-1-50,Р78,3-22,1Н,50,opys-explicit
5e3f8b3c-9616-4a9a-b670-e014c241a3cf,ЦДНТА-(Р-78-3-22-1-79+++Р-78-3-22-1-79+++Р-78-3-22-1-79),Р-78-3-22-1-79,Р78,3-22,1Н,79,opys-explicit
30e2ac73-d9f0-49ef-9426-b503d34ab953,ЦДНТА-(Р-78-3-22-1-81+++Р-78-3-22-1-81+++Р-78-3-22-1-81),Р-78-3-22-1-81,Р78,3-22,1Н,81,opys-explicit
f62ef0a4-a2bf-4d84-b103-b6b3776f9fd8,ЦДНТА-(Р-78-3-22-1-75+++Р-78-3-22-1-75+++Р-78-3-22-1-75),Р-78-3-22-1-75,Р78,3-22,1Н,75,opys-explicit
41438a2f-4ce9-4fa7-a5c9-9250697c138d,ЦДНТА-(Р-78-3-22-1-68+++Р-78-3-22-1-68+++Р-78-3-22-1-68),Р-78-3-22-1-68,Р78,3-22,1Н,68,opys-explicit
018cf86f-f3a3-4158-9a72-d80c684c2930,ЦДНТА-(Р-78-3-22-1-85+++Р-78-3-22-1-85+++Р-78-3-22-1-85),Р-78-3-22-1-85,Р78,3-22,1Н,85,opys-explicit
dcb05a3e-7fed-4036-98d5-240259c603bc,ЦДНТА-(Р-78-3-22-1-99+++Р-78-3-22-1-99+++Р-78-3-22-1-99),Р-78-3-22-1-99,Р78,3-22,1Н,99,opys-explicit
811e79ac-d8d6-4db7-a949-3988e60fdfbe,ЦДНТА-(Р-78-3-22-1-100+++Р-78-3-22-1-100+++Р-78-3-22-1-100),Р-78-3-22-1-100,Р78,3-22,1Н,100,opys-explicit
d8b79cb5-c2a6-4a31-a826-2d240a392cfc,ЦДНТА-(Р-78-3-22-1-89+++Р-78-3-22-1-89+++Р-78-3-22-1-89),Р-78-3-22-1-89,Р78,3-22,1Н,89,opys-explicit
13ba1f51-bef1-4fab-bb51-448112c924ed,ЦДНТА-(Р-78-3-22-1-94+++Р-78-3-22-1-94+++Р-78-3-22-1-94),Р-78-3-22-1-94,Р78,3-22,1Н,94,opys-explicit
21218501-ed92-4e13-a8fe-9ff32cb63da6,ЦДНТА-(Р-78-3-22-1-153+++Р-78-3-22-1-153+++Р-78-3-22-1-153),Р-78-3-22-1-153,Р78,3-22,1Н,153,opys-explicit
d6769617-f6b4-4e19-ba88-28664cef4d8a,ЦДНТА-(Р-78-3-22-1-147+++Р-78-3-22-1-147+++Р-78-3-22-1-147),Р-78-3-22-1-147,Р78,3-22,1Н,147,opys-explicit
d68571fc-b13f-4376-bf20-a1c361e89346,ЦДНТА-(Р-78-3-22-1-136+++Р-78-3-22-1-136+++Р-78-3-22-1-136),Р-78-3-22-1-136,Р78,3-22,1Н,136,opys-explicit
ecc68d82-c11f-4a4e-ac62-d688020e133a,ЦДНТА-(Р-78-3-22-1-138+++Р-78-3-22-1-138+++Р-78-3-22-1-138),Р-78-3-22-1-138,Р78,3-22,1Н,138,opys-explicit
f0521173-05c8-45c6-944e-37d163622b8f,ЦДНТА-(Р-78-3-22-1-149+++Р-78-3-22-1-149+++Р-78-3-22-1-149),Р-78-3-22-1-149,Р78,3-22,1Н,149,opys-explicit
bd67e697-9feb-40d8-a7b8-87c0c3c1795b,ЦДНТА-(Р-78-3-22-1-152+++Р-78-3-22-1-152+++Р-78-3-22-1-152),Р-78-3-22-1-152,Р78,3-22,1Н,152,opys-explicit
f5c32b4f-9df7-417b-83c7-06fc59154d9e,ЦДНТА-(Р-78-3-22-1-166+++Р-78-3-22-1-166+++Р-78-3-22-1-166),Р-78-3-22-1-166,Р78,3-22,1Н,166,opys-explicit
3dddb619-4191-42db-ae7b-1b945c2a1230,ЦДНТА-(Р-78-3-22-1-171+++Р-78-3-22-1-171+++Р-78-3-22-1-171),Р-78-3-22-1-171,Р78,3-22,1Н,171,opys-explicit
bbf872f2-4e17-4c79-adf5-84f58c38d601,ЦДНТА-(Р-78-3-22-1-165+++Р-78-3-22-1-165+++Р-78-3-22-1-165),Р-78-3-22-1-165,Р78,3-22,1Н,165,opys-explicit
a359aef3-9582-4ab3-8356-fd9e0fb1e0fe,ЦДНТА-(Р-78-3-22-1-170+++Р-78-3-22-1-170+++Р-78-3-22-1-170),Р-78-3-22-1-170,Р78,3-22,1Н,170,opys-explicit
3e4df195-f437-45a1-8955-c05c776a49ef,ЦДНТА-(Р-78-3-22-1-174+++Р-78-3-22-1-174+++Р-78-3-22-1-174),Р-78-3-22-1-174,Р78,3-22,1Н,174,opys-explicit
849b9c6f-4455-49d0-a7a5-50e10b8bc01b,ЦДНТА-(Р-78-3-22-1-163+++Р-78-3-22-1-163+++Р-78-3-22-1-163),Р-78-3-22-1-163,Р78,3-22,1Н,163,opys-explicit
11249e99-21dc-4ea2-947a-665ca1f6a999,ЦДНТА-(Р-78-3-22-1-156+++Р-78-3-22-1-156+++Р-78-3-22-1-156),Р-78-3-22-1-156,Р78,3-22,1Н,156,opys-explicit
342f37d0-9b36-4dcd-8ac5-32b99487b78c,ЦДНТА-(Р-78-3-22-1-154+++Р-78-3-22-1-154+++Р-78-3-22-1-154),Р-78-3-22-1-154,Р78,3-22,1Н,154,opys-explicit
e3395f82-4a02-485b-b5fe-f44fd0a9bd4e,ЦДНТА-(Р-78-3-22-1-183+++Р-78-3-22-1-183+++Р-78-3-22-1-183),Р-78-3-22-1-183,Р78,3-22,1Н,183,opys-explicit
c3801baf-b848-4fa0-b9b9-71ab878cb3c3,ЦДНТА-(Р-78-3-22-1-185+++Р-78-3-22-1-185+++Р-78-3-22-1-185),Р-78-3-22-1-185,Р78,3-22,1Н,185,opys-explicit
bf0c764a-8021-4e45-8649-a183ca5a6a2f,ЦДНТА-(Р-78-3-22-1-175+++Р-78-3-22-1-175+++Р-78-3-22-1-175),Р-78-3-22-1-175,Р78,3-22,1Н,175,opys-explicit
83d31c00-a71f-4aa0-bbb2-d257a01ca068,ЦДНТА-(Р-78-3-22-1-191+++Р-78-3-22-1-191+++Р-78-3-22-1-191),Р-78-3-22-1-191,Р78,3-22,1Н,191,opys-explicit
9f134c4f-f3a3-4106-a0f8-3461a5f86951,ЦДНТА-(Р-78-3-22-1-194+++Р-78-3-22-1-194+++Р-78-3-22-1-194),Р-78-3-22-1-194,Р78,3-22,1Н,194,opys-explicit
883586c0-b08b-41ea-b138-56230243aa73,ЦДНТА-(Р-78-3-22-1-193+++Р-78-3-22-1-193+++Р-78-3-22-1-193),Р-78-3-22-1-193,Р78,3-22,1Н,193,opys-explicit
b513ecd0-e191-40fc-afe6-4e2cf54702c1,ЦДНТА-(Р-78-3-22-1-218+++Р-78-3-22-1-218+++Р-78-3-22-1-218),Р-78-3-22-1-218,Р78,3-22,1Н,218,opys-explicit
4d30bd4f-27ee-48d8-9de9-fd5f086e8663,ЦДНТА-(Р-78-3-22-1-199+++Р-78-3-22-1-199+++Р-78-3-22-1-199),Р-78-3-22-1-199,Р78,3-22,1Н,199,opys-explicit
e73ac179-7cb7-445b-852b-dcb66561aa4f,ЦДНТА-(Р-78-3-22-1-211+++Р-78-3-22-1-211+++Р-78-3-22-1-211),Р-78-3-22-1-211,Р78,3-22,1Н,211,opys-explicit
84f6ee44-325a-4183-94d3-2b5578a20b65,ЦДНТА-(Р-78-3-22-2-233+++Р-78-3-22-2-233+++Р-78-3-22-2-233),Р-78-3-22-2-233,Р78,3-22,2Д,233,opys-explicit
f8a71ea8-5c17-4d4a-942e-8f993a00f568,ЦДНТА-(Р-78-3-22-2-238+++Р-78-3-22-2-238+++Р-78-3-22-2-238),Р-78-3-22-2-238,Р78,3-22,2Д,238,opys-explicit
9cb79b4e-249a-4461-8c02-fb12dd87c746,ЦДНТА-(Р-78-3-22-2-264+++Р-78-3-22-2-264+++Р-78-3-22-2-264),Р-78-3-22-2-264,Р78,3-22,2Д,264,opys-explicit
bd82505f-a1ad-4250-9330-66258ed79bca,ЦДНТА-(Р-78-3-22-2-247+++Р-78-3-22-2-247+++Р-78-3-22-2-247),Р-78-3-22-2-247,Р78,3-22,2Д,247,opys-explicit
bc8dd09d-91e9-4bb3-9c06-f55c3107d62d,ЦДНТА-(Р-78-3-22-2-253+++Р-78-3-22-2-253+++Р-78-3-22-2-253),Р-78-3-22-2-253,Р78,3-22,2Д,253,opys-explicit
74f90da3-8ba2-4e57-8b9d-8b17525b23e7,ЦДНТА-(Р-78-3-22-2-260+++Р-78-3-22-2-260+++Р-78-3-22-2-260),Р-78-3-22-2-260,Р78,3-22,2Д,260,opys-explicit
2c6b8723-fed8-4e34-a0ab-8d4ce1856ecf,ЦДНТА-(Р-78-3-22-2-254+++Р-78-3-22-2-254+++Р-78-3-22-2-254),Р-78-3-22-2-254,Р78,3-22,2Д,254,opys-explicit
7f3edef2-620b-489b-8740-9b2c407020b6,ЦДНТА-(Р-78-3-22-2-273+++Р-78-3-22-2-273+++Р-78-3-22-2-273),Р-78-3-22-2-273,Р78,3-22,2Д,273,opys-explicit
7408d832-d58a-439d-83b6-a8778b7b110a,ЦДНТА-(Р-78-3-22-2-275+++Р-78-3-22-2-275+++Р-78-3-22-2-275),Р-78-3-22-2-275,Р78,3-22,2Д,275,opys-explicit
2ac2953b-f6f2-41c4-8e98-c35d9801d54a,ЦДНТА-(Р-78-3-22-2-286+++Р-78-3-22-2-286+++Р-78-3-22-2-286),Р-78-3-22-2-286,Р78,3-22,2Д,286,opys-explicit
0b2a2a16-64af-4645-b950-e2380762ded7,ЦДНТА-(Р-78-3-22-2-279+++Р-78-3-22-2-279+++Р-78-3-22-2-279),Р-78-3-22-2-279,Р78,3-22,2Д,279,opys-explicit
d6fe4cd5-8f2a-472f-942c-5e1586a9fd34,ЦДНТА-(Р-78-3-22-2-278+++Р-78-3-22-2-278+++Р-78-3-22-2-278),Р-78-3-22-2-278,Р78,3-22,2Д,278,opys-explicit
d8774b54-270f-43d9-bb49-35f3170ec3c0,ЦДНТА-(Р-78-3-22-2-294+++Р-78-3-22-2-294+++Р-78-3-22-2-294),Р-78-3-22-2-294,Р78,3-22,2Д,294,opys-explicit
7b398254-5ee3-4185-a10c-657e14eb0f66,ЦДНТА-(Р-78-3-22-2-292+++Р-78-3-22-2-292+++Р-78-3-22-2-292),Р-78-3-22-2-292,Р78,3-22,2Д,292,opys-explicit
139bbc36-476a-4702-b8f2-659260916c12,ЦДНТА-(Р-78-3-22-2-296+++Р-78-3-22-2-296+++Р-78-3-22-2-296),Р-78-3-22-2-296,Р78,3-22,2Д,296,opys-explicit
0f8bf2db-91e0-4ef5-94ba-ab3f9a87b5bc,ЦДНТА-(Р-78-3-22-2-333+++Р-78-3-22-2-333+++Р-78-3-22-2-333),Р-78-3-22-2-333,Р78,3-22,2Д,333,opys-explicit
25afd799-e22d-4436-be7d-4d452f963a07,ЦДНТА-(Р-78-3-22-2-313+++Р-78-3-22-2-313+++Р-78-3-22-2-313),Р-78-3-22-2-313,Р78,3-22,2Д,313,opys-explicit
9f57adec-79c7-45af-9fed-3e039c6ce9bc,ЦДНТА-(Р-78-3-22-2-315+++Р-78-3-22-2-315+++Р-78-3-22-2-315),Р-78-3-22-2-315,Р78,3-22,2Д,315,opys-explicit
f0ef8cd0-6019-4240-90b8-9653cd3ec1cc,ЦДНТА-(Р-78-3-22-2-324+++Р-78-3-22-2-324+++Р-78-3-22-2-324),Р-78-3-22-2-324,Р78,3-22,2Д,324,opys-explicit
bcdeb26b-e817-4411-a614-3cb28efa812f,ЦДНТА-(Р-78-3-22-2-328+++Р-78-3-22-2-328+++Р-78-3-22-2-328),Р-78-3-22-2-328,Р78,3-22,2Д,328,opys-explicit
091cbdd1-e088-43f3-8eaa-e30fa3e74831,ЦДНТА-(Р-78-3-22-2-343+++Р-78-3-22-2-343+++Р-78-3-22-2-343),Р-78-3-22-2-343,Р78,3-22,2Д,343,opys-explicit
6dfd0ee0-5bef-4296-ab46-dc6f6d3cdcf4,ЦДНТА-(Р-78-3-22-2-344+++Р-78-3-22-2-344+++Р-78-3-22-2-344),Р-78-3-22-2-344,Р78,3-22,2Д,344,opys-explicit
bdd802ef-8b2d-4a61-91f3-6ac8903115a6,ЦДНТА-(Р-78-3-22-2-338+++Р-78-3-22-2-338+++Р-78-3-22-2-338),Р-78-3-22-2-338,Р78,3-22,2Д,338,opys-explicit
25c5ab76-756a-4230-bc03-f4dd9547fd41,ЦДНТА-(Р-78-3-22-2-353+++Р-78-3-22-2-353+++Р-78-3-22-2-353),Р-78-3-22-2-353,Р78,3-22,2Д,353,opys-explicit
97dfe077-5f28-482d-8054-e93d1e8dbc67,ЦДНТА-(Р-78-3-22-2-335+++Р-78-3-22-2-335+++Р-78-3-22-2-335),Р-78-3-22-2-335,Р78,3-22,2Д,335,opys-explicit
f865db01-73b6-4092-903d-0b7df60d4f0c,ЦДНТА-(Р-78-3-22-2-347+++Р-78-3-22-2-347+++Р-78-3-22-2-347),Р-78-3-22-2-347,Р78,3-22,2Д,347,opys-explicit
27a4a03c-a2d4-4947-90c2-94ec499f0175,ЦДНТА-(Р-78-3-22-2-346+++Р-78-3-22-2-346+++Р-78-3-22-2-346),Р-78-3-22-2-346,Р78,3-22,2Д,346,opys-explicit
3b87b0b4-30b4-4863-aa99-7c543e8532d2,ЦДНТА-(Р-78-3-22-1-144+++Р-78-3-22-1-144+++Р-78-3-22-1-144),Р-78-3-22-1-144,Р78,3-22,1Н,144,opys-explicit
201b8c46-3df5-4a4b-aadb-61f55156e333,ЦДНТА-(Р-78-3-22-1-140+++Р-78-3-22-1-140+++Р-78-3-22-1-140),Р-78-3-22-1-140,Р78,3-22,1Н,140,opys-explicit
b970e501-8f2d-491f-a6e5-089ca79f0f86,ЦДНТА-(Р-78-3-22-1-148+++Р-78-3-22-1-148+++Р-78-3-22-1-148),Р-78-3-22-1-148,Р78,3-22,1Н,148,opys-explicit
e2e40ef4-f911-433c-9323-ef7befefe15c,ЦДНТА-(Р-78-3-22-1-133+++Р-78-3-22-1-133+++Р-78-3-22-1-133),Р-78-3-22-1-133,Р78,3-22,1Н,133,opys-explicit
79fc67ae-3575-4f95-8161-ede82428283b,ЦДНТА-(Р-78-3-22-1-139+++Р-78-3-22-1-139+++Р-78-3-22-1-139),Р-78-3-22-1-139,Р78,3-22,1Н,139,opys-explicit
a4cfda42-cb24-4aa6-b548-5d8808c47bba,ЦДНТА-(Р-78-3-22-1-159+++Р-78-3-22-1-159+++Р-78-3-22-1-159),Р-78-3-22-1-159,Р78,3-22,1Н,159,opys-explicit
9b559cd1-3c9d-4e2f-8339-626b3f2d9105,ЦДНТА-(Р-78-3-22-1-168+++Р-78-3-22-1-168+++Р-78-3-22-1-168),Р-78-3-22-1-168,Р78,3-22,1Н,168,opys-explicit
becaa3b1-d4e1-48f8-820b-32fcd8fe3ad4,ЦДНТА-(Р-78-3-22-1-172+++Р-78-3-22-1-172+++Р-78-3-22-1-172),Р-78-3-22-1-172,Р78,3-22,1Н,172,opys-explicit
a798b87b-a49a-42b7-9c55-78383c433e8d,ЦДНТА-(Р-78-3-22-1-155+++Р-78-3-22-1-155+++Р-78-3-22-1-155),Р-78-3-22-1-155,Р78,3-22,1Н,155,opys-explicit
b7c56820-75ec-4cfd-8462-c5d30d1ddeb9,ЦДНТА-(Р-78-3-22-1-167+++Р-78-3-22-1-167+++Р-78-3-22-1-167),Р-78-3-22-1-167,Р78,3-22,1Н,167,opys-explicit
ef276448-3380-4cfb-b9d4-a55b773c4148,ЦДНТА-(Р-78-3-22-1-157+++Р-78-3-22-1-157+++Р-78-3-22-1-157),Р-78-3-22-1-157,Р78,3-22,1Н,157,opys-explicit
91627a76-cfda-4d1f-823c-4f00b4c30445,ЦДНТА-(Р-78-3-22-1-179+++Р-78-3-22-1-179+++Р-78-3-22-1-179),Р-78-3-22-1-179,Р78,3-22,1Н,179,opys-explicit
dcb37177-1df6-41b6-a468-53c0ddcd7dc2,ЦДНТА-(Р-78-3-22-1-197+++Р-78-3-22-1-197+++Р-78-3-22-1-197),Р-78-3-22-1-197,Р78,3-22,1Н,197,opys-explicit
fe744985-743d-414b-a567-76ff2c8ef328,ЦДНТА-(Р-78-3-22-1-190+++Р-78-3-22-1-190+++Р-78-3-22-1-190),Р-78-3-22-1-190,Р78,3-22,1Н,190,opys-explicit
88ce27ee-5169-4432-ade5-a8edabd804e8,ЦДНТА-(Р-78-3-22-1-186+++Р-78-3-22-1-186+++Р-78-3-22-1-186),Р-78-3-22-1-186,Р78,3-22,1Н,186,opys-explicit
7a8504a2-1e20-45e1-841c-f927d6ea2056,ЦДНТА-(Р-78-3-22-1-220+++Р-78-3-22-1-220+++Р-78-3-22-1-220),Р-78-3-22-1-220,Р78,3-22,1Н,220,opys-explicit
2084fb6c-1236-481e-87ec-0812bce03978,ЦДНТА-(Р-78-3-22-1-210+++Р-78-3-22-1-210+++Р-78-3-22-1-210),Р-78-3-22-1-210,Р78,3-22,1Н,210,opys-explicit
aa1c842b-c04a-4763-8936-933777c0c457,ЦДНТА-(Р-78-3-22-1-176+++Р-78-3-22-1-176+++Р-78-3-22-1-176),Р-78-3-22-1-176,Р78,3-22,1Н,176,opys-explicit
899c14a9-4130-4d57-992a-140c079b6ff6,ЦДНТА-(Р-78-3-22-1-212+++Р-78-3-22-1-212+++Р-78-3-22-1-212),Р-78-3-22-1-212,Р78,3-22,1Н,212,opys-explicit
d7c24915-cd4a-49e4-ad77-9eb4b9b0626e,ЦДНТА-(Р-78-3-22-1-213+++Р-78-3-22-1-213+++Р-78-3-22-1-213),Р-78-3-22-1-213,Р78,3-22,1Н,213,opys-explicit
e0f00cdc-9c8c-41ad-bcb8-5452be92ff68,ЦДНТА-(Р-78-3-22-2-226+++Р-78-3-22-2-226+++Р-78-3-22-2-226),Р-78-3-22-2-226,Р78,3-22,2Д,226,opys-explicit
265691df-169e-4659-8ade-d970d088b790,ЦДНТА-(Р-78-3-22-2-245+++Р-78-3-22-2-245+++Р-78-3-22-2-245),Р-78-3-22-2-245,Р78,3-22,2Д,245,opys-explicit
8fd0361f-8d92-49ec-ad18-07f5fb4ca4a4,ЦДНТА-(Р-78-3-22-2-251+++Р-78-3-22-2-251+++Р-78-3-22-2-251),Р-78-3-22-2-251,Р78,3-22,2Д,251,opys-explicit
959211b4-5e49-4fbe-b682-a9c53c2454c6,ЦДНТА-(Р-78-3-22-2-250+++Р-78-3-22-2-250+++Р-78-3-22-2-250),Р-78-3-22-2-250,Р78,3-22,2Д,250,opys-explicit
7af23ea5-fb9e-4b94-a812-a66d6c007205,ЦДНТА-(Р-78-3-22-2-285+++Р-78-3-22-2-285+++Р-78-3-22-2-285),Р-78-3-22-2-285,Р78,3-22,2Д,285,opys-explicit
a75616bf-93b4-48f4-904b-ee817fe442db,ЦДНТА-(Р-78-3-22-2-282+++Р-78-3-22-2-282+++Р-78-3-22-2-282),Р-78-3-22-2-282,Р78,3-22,2Д,282,opys-explicit
6d6d19dc-1366-405c-8f88-05958aace85c,ЦДНТА-(Р-78-3-22-2-287+++Р-78-3-22-2-287+++Р-78-3-22-2-287),Р-78-3-22-2-287,Р78,3-22,2Д,287,opys-explicit
60b7f62e-e3ec-495c-bc6c-6f831774e4e1,ЦДНТА-(Р-78-3-22-2-306+++Р-78-3-22-2-306+++Р-78-3-22-2-306),Р-78-3-22-2-306,Р78,3-22,2Д,306,opys-explicit
4495bdbd-597e-45c0-9c68-f7778c951de0,ЦДНТА-(Р-78-3-22-2-271+++Р-78-3-22-2-271+++Р-78-3-22-2-271),Р-78-3-22-2-271,Р78,3-22,2Д,271,opys-explicit
c4c7fec3-cad6-4799-a6b8-8c7335ce9c1e,ЦДНТА-(Р-78-3-22-2-281+++Р-78-3-22-2-281+++Р-78-3-22-2-281),Р-78-3-22-2-281,Р78,3-22,2Д,281,opys-explicit
3d8a1d92-1217-4fce-af69-b16737450214,ЦДНТА-(Р-78-3-22-2-300+++Р-78-3-22-2-300+++Р-78-3-22-2-300),Р-78-3-22-2-300,Р78,3-22,2Д,300,opys-explicit
71985c5c-8f0e-4779-ba32-4d8cb2d1a35d,ЦДНТА-(Р-78-3-22-2-305+++Р-78-3-22-2-305+++Р-78-3-22-2-305),Р-78-3-22-2-305,Р78,3-22,2Д,305,opys-explicit
91ab6be0-fb50-48d6-a3d3-e59b1358b2af,ЦДНТА-(Р-78-3-22-2-323+++Р-78-3-22-2-323+++Р-78-3-22-2-323),Р-78-3-22-2-323,Р78,3-22,2Д,323,opys-explicit
e38c6982-1df6-42c7-a5c0-0e8735f7583d,ЦДНТА-(Р-78-3-22-2-326+++Р-78-3-22-2-326+++Р-78-3-22-2-326),Р-78-3-22-2-326,Р78,3-22,2Д,326,opys-explicit
0879b800-f666-494e-977a-ac844c0818ee,ЦДНТА-(Р-78-3-22-2-374+++Р-78-3-22-2-374+++Р-78-3-22-2-374),Р-78-3-22-2-374,Р78,3-22,2Д,374,opys-explicit
8813a6d3-3064-4cf5-8f8d-27e4a9d8e6e1,ЦДНТА-(Р-78-3-22-2-352+++Р-78-3-22-2-352+++Р-78-3-22-2-352),Р-78-3-22-2-352,Р78,3-22,2Д,352,opys-explicit
a0f89f89-c9b1-43d9-accd-148956c9e198,ЦДНТА-(Р-78-3-22-2-373+++Р-78-3-22-2-373+++Р-78-3-22-2-373),Р-78-3-22-2-373,Р78,3-22,2Д,373,opys-explicit
97999d22-b13c-4fc9-9d9a-ffb70bce6e16,ЦДНТА-(Р-78-3-22-2-351+++Р-78-3-22-2-351+++Р-78-3-22-2-351),Р-78-3-22-2-351,Р78,3-22,2Д,351,opys-explicit
fa129a96-4e02-4bf4-be21-71eabfe223a7,ЦДНТА-(Р-78-3-22-2-349+++Р-78-3-22-2-349+++Р-78-3-22-2-349),Р-78-3-22-2-349,Р78,3-22,2Д,349,opys-explicit
69b1f6a0-9bba-46ab-8a08-3444ef33bad6,ЦДНТА-(Р-78-3-22-2-361+++Р-78-3-22-2-361+++Р-78-3-22-2-361),Р-78-3-22-2-361,Р78,3-22,2Д,361,opys-explicit
8e4c7b8f-bdc9-4194-b3a6-c468c8c861a4,ЦДНТА-(Р-78-3-22-2-359+++Р-78-3-22-2-359+++Р-78-3-22-2-359),Р-78-3-22-2-359,Р78,3-22,2Д,359,opys-explicit
6879e473-ded6-42c2-be6a-c9b33362bdb8,ЦДНТА-(Р-78-3-22-2-371+++Р-78-3-22-2-371+++Р-78-3-22-2-371),Р-78-3-22-2-371,Р78,3-22,2Д,371,opys-explicit
75ae8935-1470-4766-a326-4fc842f31397,ЦДНТА-(Р-78-3-22-2-355+++Р-78-3-22-2-355+++Р-78-3-22-2-355),Р-78-3-22-2-355,Р78,3-22,2Д,355,opys-explicit
cba72c7e-f538-4a0a-9aa8-6799c4083b29,ЦДНТА-(Р-78-3-22-2-362+++Р-78-3-22-2-362+++Р-78-3-22-2-362),Р-78-3-22-2-362,Р78,3-22,2Д,362,opys-explicit
899e2f66-bf53-4656-a455-67825729df86,ЦДНТА-(Р-78-3-22-2-365+++Р-78-3-22-2-365+++Р-78-3-22-2-365),Р-78-3-22-2-365,Р78,3-22,2Д,365,opys-explicit
0d5bef1b-ad09-4fab-b5ad-360ce542c6cb,ЦДНТА-(Р-78-3-22-2-379+++Р-78-3-22-2-379+++Р-78-3-22-2-379),Р-78-3-22-2-379,Р78,3-22,2Д,379,opys-explicit
22a35aa2-a901-41ff-a099-867f86770fd5,ЦДНТА-(Р-78-3-22-2-418+++Р-78-3-22-2-418+++Р-78-3-22-2-418),Р-78-3-22-2-418,Р78,3-22,2Д,418,opys-explicit
522aeadb-61ae-4f95-aa79-9a5cc0f21573,ЦДНТА-(Р-78-3-22-2-400+++Р-78-3-22-2-400+++Р-78-3-22-2-400),Р-78-3-22-2-400,Р78,3-22,2Д,400,opys-explicit
e3930357-0655-436d-8a0f-73da7a101747,ЦДНТА-(Р-78-3-22-2-407+++Р-78-3-22-2-407+++Р-78-3-22-2-407),Р-78-3-22-2-407,Р78,3-22,2Д,407,opys-explicit
f593e5d0-060c-4e0a-8273-82c87be4f54a,ЦДНТА-(Р-78-3-22-2-398+++Р-78-3-22-2-398+++Р-78-3-22-2-398),Р-78-3-22-2-398,Р78,3-22,2Д,398,opys-explicit
d656d346-48b8-4a3a-8ec0-be91de40e02a,ЦДНТА-(Р-78-3-22-2-412+++Р-78-3-22-2-412+++Р-78-3-22-2-412),Р-78-3-22-2-412,Р78,3-22,2Д,412,opys-explicit
642ce84d-a2ec-4958-bb79-8f3d3dc94879,ЦДНТА-(Р-78-3-22-2-413+++Р-78-3-22-2-413+++Р-78-3-22-2-413),Р-78-3-22-2-413,Р78,3-22,2Д,413,opys-explicit
1b02eb43-283b-4ea7-b71e-9c69d554772e,ЦДНТА-(Р-78-3-22-2-411+++Р-78-3-22-2-411+++Р-78-3-22-2-411),Р-78-3-22-2-411,Р78,3-22,2Д,411,opys-explicit
8fece250-23cb-4473-8d66-f60926bb31ac,ЦДНТА-(Р-78-3-22-2-437+++Р-78-3-22-2-437+++Р-78-3-22-2-437),Р-78-3-22-2-437,Р78,3-22,2Д,437,opys-explicit
315415d3-6537-4ff4-ad15-a57797d2c749,ЦДНТА-(Р-78-3-22-2-428+++Р-78-3-22-2-428+++Р-78-3-22-2-428),Р-78-3-22-2-428,Р78,3-22,2Д,428,opys-explicit
22c81f0d-86c8-4520-ad9b-0d0b2c42d4d1,ЦДНТА-(Р-78-3-22-2-432+++Р-78-3-22-2-432+++Р-78-3-22-2-432),Р-78-3-22-2-432,Р78,3-22,2Д,432,opys-explicit
cdd17bc1-b54e-457c-9dd2-1f16f60c1f88,ЦДНТА-(Р-78-3-22-2-440+++Р-78-3-22-2-440+++Р-78-3-22-2-440),Р-78-3-22-2-440,Р78,3-22,2Д,440,opys-explicit
18df6131-4f12-4b98-afc3-020c2555e423,ЦДНТА-(Р-78-3-22-2-441+++Р-78-3-22-2-441+++Р-78-3-22-2-441),Р-78-3-22-2-441,Р78,3-22,2Д,441,opys-explicit
35b510b3-d488-4ee5-94e8-b5cc09cac7b1,ЦДНТА-(Р-78-3-22-2-427+++Р-78-3-22-2-427+++Р-78-3-22-2-427),Р-78-3-22-2-427,Р78,3-22,2Д,427,opys-explicit
13b05f9c-db90-45ca-ba70-36d768947259,ЦДНТА-(Р-78-3-22-2-443+++Р-78-3-22-2-443+++Р-78-3-22-2-443),Р-78-3-22-2-443,Р78,3-22,2Д,443,opys-explicit
49788f2f-5fda-4a3d-baf4-3c69c29f4b0e,ЦДНТА-(Р-78-3-22-2-451+++Р-78-3-22-2-451+++Р-78-3-22-2-451),Р-78-3-22-2-451,Р78,3-22,2Д,451,opys-explicit
eaa0ac8c-f519-44d8-b33e-14f29c443850,ЦДНТА-(Р-78-3-22-2-452+++Р-78-3-22-2-452+++Р-78-3-22-2-452),Р-78-3-22-2-452,Р78,3-22,2Д,452,opys-explicit
b86413f3-9368-4b3d-9492-bb359f44130b,ЦДНТА-(Р-78-3-22-2-454+++Р-78-3-22-2-454+++Р-78-3-22-2-454),Р-78-3-22-2-454,Р78,3-22,2Д,454,opys-explicit
b43285db-4426-4c90-a5f5-56228356a0bf,ЦДНТА-(Р-78-3-22-2-461+++Р-78-3-22-2-461+++Р-78-3-22-2-461),Р-78-3-22-2-461,Р78,3-22,2Д,461,opys-explicit
7d5ba5dd-cfaf-4932-8299-a06c65c94244,ЦДНТА-(Р-78-3-22-2-460+++Р-78-3-22-2-460+++Р-78-3-22-2-460),Р-78-3-22-2-460,Р78,3-22,2Д,460,opys-explicit
139709f0-9d7e-4ec3-b3d3-09ac36cb5236,ЦДНТА-(Р-78-3-22-2-442+++Р-78-3-22-2-442+++Р-78-3-22-2-442),Р-78-3-22-2-442,Р78,3-22,2Д,442,opys-explicit
d28f6477-23fe-4e7f-b018-32e2f102b953,ЦДНТА-(Р-78-3-22-2-446+++Р-78-3-22-2-446+++Р-78-3-22-2-446),Р-78-3-22-2-446,Р78,3-22,2Д,446,opys-explicit
da9c2aff-d506-4088-8bd6-2c8f43582b76,ЦДНТА-(Р-78-3-22-2-450+++Р-78-3-22-2-450+++Р-78-3-22-2-450),Р-78-3-22-2-450,Р78,3-22,2Д,450,opys-explicit
50439c77-d887-4b07-a852-9f4f866fed8d,ЦДНТА-(Р-78-3-22-2-447+++Р-78-3-22-2-447+++Р-78-3-22-2-447),Р-78-3-22-2-447,Р78,3-22,2Д,447,opys-explicit
64266278-6f5b-4939-9025-84b24e9f4582,ЦДНТА-(Р-78-3-22-2-455+++Р-78-3-22-2-455+++Р-78-3-22-2-455),Р-78-3-22-2-455,Р78,3-22,2Д,455,opys-explicit
c4dd3c66-723f-4f4b-ba5b-58beff7607eb,ЦДНТА-(Р-78-3-22-2-453+++Р-78-3-22-2-453+++Р-78-3-22-2-453),Р-78-3-22-2-453,Р78,3-22,2Д,453,opys-explicit
6e261034-9436-47d7-8bc6-3e3b3a4d8257,ЦДНТА-(Р-78-3-22-2-467+++Р-78-3-22-2-467+++Р-78-3-22-2-467),Р-78-3-22-2-467,Р78,3-22,2Д,467,opys-explicit
b4561d94-420f-453a-a3c0-b24b0f5cc951,ЦДНТА-(Р-78-3-22-2-466+++Р-78-3-22-2-466+++Р-78-3-22-2-466),Р-78-3-22-2-466,Р78,3-22,2Д,466,opys-explicit
aa9b158a-c364-443a-9d68-2c15817a457a,ЦДНТА-(Р-78-3-22-2-482+++Р-78-3-22-2-482+++Р-78-3-22-2-482),Р-78-3-22-2-482,Р78,3-22,2Д,482,opys-explicit
464f7f0c-5e68-45c6-852e-7bce0fd3629c,ЦДНТА-(Р-78-3-22-2-484+++Р-78-3-22-2-484+++Р-78-3-22-2-484),Р-78-3-22-2-484,Р78,3-22,2Д,484,opys-explicit
78d83a60-3ee7-4b04-94d2-7027e31ac03a,ЦДНТА-(Р-78-3-22-2-473+++Р-78-3-22-2-473+++Р-78-3-22-2-473),Р-78-3-22-2-473,Р78,3-22,2Д,473,opys-explicit
4ce71784-60df-4c28-bf15-13e640897561,ЦДНТА-(Р-78-3-22-2-494+++Р-78-3-22-2-494+++Р-78-3-22-2-494),Р-78-3-22-2-494,Р78,3-22,2Д,494,opys-explicit
c672a8a5-d41b-4fcf-8a1d-92b57ff4884e,ЦДНТА-(Р-78-3-22-2-483+++Р-78-3-22-2-483+++Р-78-3-22-2-483),Р-78-3-22-2-483,Р78,3-22,2Д,483,opys-explicit
16fdfaa6-6c0d-48c8-84a3-01ea2e19fe4f,ЦДНТА-(Р-78-3-22-2-507+++Р-78-3-22-2-507+++Р-78-3-22-2-507),Р-78-3-22-2-507,Р78,3-22,2Д,507,opys-explicit
aae10719-d6d4-4461-bbfb-1dbf923b8325,ЦДНТА-(Р-78-3-22-2-501+++Р-78-3-22-2-501+++Р-78-3-22-2-501),Р-78-3-22-2-501,Р78,3-22,2Д,501,opys-explicit
17aca44b-7950-436e-ae14-2baa36620c2f,ЦДНТА-(Р-78-3-22-2-490+++Р-78-3-22-2-490+++Р-78-3-22-2-490),Р-78-3-22-2-490,Р78,3-22,2Д,490,opys-explicit
2383c4b3-fd2c-4c85-bde6-1f196300dff6,ЦДНТА-(Р-78-3-22-2-487+++Р-78-3-22-2-487+++Р-78-3-22-2-487),Р-78-3-22-2-487,Р78,3-22,2Д,487,opys-explicit
7d6455a3-7243-440c-b94c-b30269ca3834,ЦДНТА-(Р-78-3-22-2-492+++Р-78-3-22-2-492+++Р-78-3-22-2-492),Р-78-3-22-2-492,Р78,3-22,2Д,492,opys-explicit
a55460da-25f2-42cb-918d-3ea7ffbc0790,ЦДНТА-(Р-78-3-22-2-493+++Р-78-3-22-2-493+++Р-78-3-22-2-493),Р-78-3-22-2-493,Р78,3-22,2Д,493,opys-explicit
3dd5c154-a90b-4d21-beba-dd4dcdca2006,ЦДНТА-(Р-78-3-22-2-502+++Р-78-3-22-2-502+++Р-78-3-22-2-502),Р-78-3-22-2-502,Р78,3-22,2Д,502,opys-explicit
e3d6f70f-bd0d-4f91-bb79-7fbbc9628846,ЦДНТА-(Р-78-3-22-2-527+++Р-78-3-22-2-527+++Р-78-3-22-2-527),Р-78-3-22-2-527,Р78,3-22,2Д,527,opys-explicit
6e7b88ea-88b0-4ed3-ad46-4d45611ff0df,ЦДНТА-(Р-78-3-22-2-510+++Р-78-3-22-2-510+++Р-78-3-22-2-510),Р-78-3-22-2-510,Р78,3-22,2Д,510,opys-explicit
1691acf2-0f9b-4c9e-8ed3-7d9fb8e2d4b2,ЦДНТА-(Р-78-3-22-2-512+++Р-78-3-22-2-512+++Р-78-3-22-2-512),Р-78-3-22-2-512,Р78,3-22,2Д,512,opys-explicit
93986349-8087-4070-b7d8-3765fe12a722,ЦДНТА-(Р-78-3-22-2-528+++Р-78-3-22-2-528+++Р-78-3-22-2-528),Р-78-3-22-2-528,Р78,3-22,2Д,528,opys-explicit
95304920-fb01-47b6-a5db-27ef3a127190,ЦДНТА-(Р-78-3-22-2-550+++Р-78-3-22-2-550+++Р-78-3-22-2-550),Р-78-3-22-2-550,Р78,3-22,2Д,550,opys-explicit
b5e5c9a1-f2b4-4727-8e13-a67ca37b6bf8,ЦДНТА-(Р-78-3-22-2-529+++Р-78-3-22-2-529+++Р-78-3-22-2-529),Р-78-3-22-2-529,Р78,3-22,2Д,529,opys-explicit
b279d4e1-d81e-4662-883b-282bd61acf84,ЦДНТА-(Р-78-3-22-2-546+++Р-78-3-22-2-546+++Р-78-3-22-2-546),Р-78-3-22-2-546,Р78,3-22,2Д,546,opys-explicit
78ee9a14-ef55-4848-b389-e5919ebabbcd,ЦДНТА-(Р-78-3-22-2-544+++Р-78-3-22-2-544+++Р-78-3-22-2-544),Р-78-3-22-2-544,Р78,3-22,2Д,544,opys-explicit
4bd6d592-8152-4677-bccf-241794194d20,ЦДНТА-(Р-78-3-22-2-543+++Р-78-3-22-2-543+++Р-78-3-22-2-543),Р-78-3-22-2-543,Р78,3-22,2Д,543,opys-explicit
d33d39ea-822d-4604-848d-7f0beae895a1,ЦДНТА-(Р-78-3-22-2-540+++Р-78-3-22-2-540+++Р-78-3-22-2-540),Р-78-3-22-2-540,Р78,3-22,2Д,540,opys-explicit
a4351753-5541-4a33-9759-faa8b174adf7,ЦДНТА-(Р-78-3-22-2-569+++Р-78-3-22-2-569+++Р-78-3-22-2-569),Р-78-3-22-2-569,Р78,3-22,2Д,569,opys-explicit
4f4fb749-cccf-4ace-b92d-d58862447935,ЦДНТА-(Р-78-3-22-2-520+++Р-78-3-22-2-520+++Р-78-3-22-2-520),Р-78-3-22-2-520,Р78,3-22,2Д,520,opys-explicit
1d05d95d-a858-4be8-8050-4ae4b69a7a90,ЦДНТА-(Р-78-3-22-2-536+++Р-78-3-22-2-536+++Р-78-3-22-2-536),Р-78-3-22-2-536,Р78,3-22,2Д,536,opys-explicit
cf4d15f1-db25-44c7-a71f-b172203fbc9f,ЦДНТА-(Р-78-3-22-2-541+++Р-78-3-22-2-541+++Р-78-3-22-2-541),Р-78-3-22-2-541,Р78,3-22,2Д,541,opys-explicit
6f8d0b95-bb48-44fa-bfa5-9a632c7283da,ЦДНТА-(Р-78-3-22-2-537+++Р-78-3-22-2-537+++Р-78-3-22-2-537),Р-78-3-22-2-537,Р78,3-22,2Д,537,opys-explicit
60b42cbb-0599-4b31-a41e-966b0cf9e09e,ЦДНТА-(Р-78-3-22-2-547+++Р-78-3-22-2-547+++Р-78-3-22-2-547),Р-78-3-22-2-547,Р78,3-22,2Д,547,opys-explicit
1f636279-3309-4628-afdd-879d13d721ec,ЦДНТА-(Р-78-3-22-2-542+++Р-78-3-22-2-542+++Р-78-3-22-2-542),Р-78-3-22-2-542,Р78,3-22,2Д,542,opys-explicit
1823a1ff-6975-4d45-9bc7-c30f68814e5f,ЦДНТА-(Р-78-3-22-2-572+++Р-78-3-22-2-572+++Р-78-3-22-2-572),Р-78-3-22-2-572,Р78,3-22,2Д,572,opys-explicit
029ea85e-ec0b-43d2-a32c-3a488bec2b59,ЦДНТА-(Р-78-3-22-2-562+++Р-78-3-22-2-562+++Р-78-3-22-2-562),Р-78-3-22-2-562,Р78,3-22,2Д,562,opys-explicit
21e3da16-b253-4892-bede-3efd9ad40495,ЦДНТА-(Р-78-3-22-2-553+++Р-78-3-22-2-553+++Р-78-3-22-2-553),Р-78-3-22-2-553,Р78,3-22,2Д,553,opys-explicit
b5b4ae07-2885-434b-8bfe-7eff9d2eb3ff,ЦДНТА-(Р-78-3-22-2-573+++Р-78-3-22-2-573+++Р-78-3-22-2-573),Р-78-3-22-2-573,Р78,3-22,2Д,573,opys-explicit
77c7d77c-2a69-4a7d-bcc1-0708eaef646c,ЦДНТА-(Р-78-3-22-2-595+++Р-78-3-22-2-595+++Р-78-3-22-2-595),Р-78-3-22-2-595,Р78,3-22,2Д,595,opys-explicit
25c788a4-c2dc-405d-8c65-b5a80adced9c,ЦДНТА-(Р-78-3-22-2-594+++Р-78-3-22-2-594+++Р-78-3-22-2-594),Р-78-3-22-2-594,Р78,3-22,2Д,594,opys-explicit
f54ab2c2-a707-43d1-b33a-40e8114eb73c,ЦДНТА-(Р-78-3-22-2-577+++Р-78-3-22-2-577+++Р-78-3-22-2-577),Р-78-3-22-2-577,Р78,3-22,2Д,577,opys-explicit
03c50544-1cd4-4006-8f94-9554c11f9667,ЦДНТА-(Р-78-3-22-2-603+++Р-78-3-22-2-603+++Р-78-3-22-2-603),Р-78-3-22-2-603,Р78,3-22,2Д,603,opys-explicit
6cc979dc-c6f6-4ca1-9835-3949cc998c54,ЦДНТА-(Р-78-3-22-2-593+++Р-78-3-22-2-593+++Р-78-3-22-2-593),Р-78-3-22-2-593,Р78,3-22,2Д,593,opys-explicit
0b625b1c-842e-42d1-9d07-53bc991fac7a,ЦДНТА-(Р-78-3-22-2-576+++Р-78-3-22-2-576+++Р-78-3-22-2-576),Р-78-3-22-2-576,Р78,3-22,2Д,576,opys-explicit
20e9b12f-ff72-4bfc-b3c8-5b7ae94df8ea,ЦДНТА-(Р-78-3-22-2-575+++Р-78-3-22-2-575+++Р-78-3-22-2-575),Р-78-3-22-2-575,Р78,3-22,2Д,575,opys-explicit
e2794f52-72a7-4abf-af65-0fec761768bb,ЦДНТА-(Р-78-3-22-2-613+++Р-78-3-22-2-613+++Р-78-3-22-2-613),Р-78-3-22-2-613,Р78,3-22,2Д,613,opys-explicit
0eaa70ec-d72e-4fa4-8b5f-be69b1da3c2e,ЦДНТА-(Р-78-3-22-2-610+++Р-78-3-22-2-610+++Р-78-3-22-2-610),Р-78-3-22-2-610,Р78,3-22,2Д,610,opys-explicit
b0acdca1-59a2-41e3-8656-e32b6ff90b7b,ЦДНТА-(Р-78-3-22-2-600+++Р-78-3-22-2-600+++Р-78-3-22-2-600),Р-78-3-22-2-600,Р78,3-22,2Д,600,opys-explicit
61beb47f-84f3-4062-b279-c4e735f9f59e,ЦДНТА-(Р-78-3-22-2-607+++Р-78-3-22-2-607+++Р-78-3-22-2-607),Р-78-3-22-2-607,Р78,3-22,2Д,607,opys-explicit
058ae94b-1bb9-4021-bc86-2bda645e23ee,ЦДНТА-(Р-78-3-22-2-599+++Р-78-3-22-2-599+++Р-78-3-22-2-599),Р-78-3-22-2-599,Р78,3-22,2Д,599,opys-explicit
98f802c0-fbdd-4d2e-a82f-1f6a28353472,ЦДНТА-(Р-78-3-22-2-597+++Р-78-3-22-2-597+++Р-78-3-22-2-597),Р-78-3-22-2-597,Р78,3-22,2Д,597,opys-explicit
43607a0a-27f9-4728-8915-ae7bb6c0b029,ЦДНТА-(Р-78-3-22-2-612+++Р-78-3-22-2-612+++Р-78-3-22-2-612),Р-78-3-22-2-612,Р78,3-22,2Д,612,opys-explicit
621cbb44-80a8-4f50-9ec8-4e3f48fd432d,ЦДНТА-(Р-78-3-22-2-616+++Р-78-3-22-2-616+++Р-78-3-22-2-616),Р-78-3-22-2-616,Р78,3-22,2Д,616,opys-explicit
5bcbde83-9747-4f48-ace4-2b61ef22404d,ЦДНТА-(Р-78-3-22-2-608+++Р-78-3-22-2-608+++Р-78-3-22-2-608),Р-78-3-22-2-608,Р78,3-22,2Д,608,opys-explicit
5303542c-9ff0-402e-8bca-fe85ef222449,ЦДНТА-(Р-78-3-22-2-609+++Р-78-3-22-2-609+++Р-78-3-22-2-609),Р-78-3-22-2-609,Р78,3-22,2Д,609,opys-explicit
d6fc865b-bd55-4abd-9ef8-fb55cb095d72,ЦДНТА-(Р-78-3-22-2-614+++Р-78-3-22-2-614+++Р-78-3-22-2-614),Р-78-3-22-2-614,Р78,3-22,2Д,614,opys-explicit
8b3b8b3b-88b1-4207-8668-371950e8607d,ЦДНТА-(Р-78-3-22-2-505+++Р-78-3-22-2-505+++Р-78-3-22-2-505),Р-78-3-22-2-505,Р78,3-22,2Д,505,opys-explicit
d95a1a06-ae65-428b-9417-c2a1bafa3466,ЦДНТА-(Р-78-3-22-2-619+++Р-78-3-22-2-619+++Р-78-3-22-2-619),Р-78-3-22-2-619,Р78,3-22,2Д,619,opys-explicit
74ca20ce-e744-4464-9056-e9a1c6ce672c,ЦДНТА-(Р-78-3-22-2-637+++Р-78-3-22-2-637+++Р-78-3-22-2-637),Р-78-3-22-2-637,Р78,3-22,2Д,637,opys-explicit
265885e4-a17b-43d2-b05b-c437e270a7a5,ЦДНТА-(Р-78-3-22-2-618+++Р-78-3-22-2-618+++Р-78-3-22-2-618),Р-78-3-22-2-618,Р78,3-22,2Д,618,opys-explicit
126ce2b7-8772-4e50-b33b-7445e3eea5fd,ЦДНТА-(Р-78-3-22-2-620+++Р-78-3-22-2-620+++Р-78-3-22-2-620),Р-78-3-22-2-620,Р78,3-22,2Д,620,opys-explicit
b44f5f53-acbb-4b35-98c7-a85a3ff324b4,ЦДНТА-(Р-78-3-22-2-634+++Р-78-3-22-2-634+++Р-78-3-22-2-634),Р-78-3-22-2-634,Р78,3-22,2Д,634,opys-explicit
0878d460-7bf1-4a79-8cea-80c96425dfcc,ЦДНТА-(Р-78-3-22-2-623+++Р-78-3-22-2-623+++Р-78-3-22-2-623),Р-78-3-22-2-623,Р78,3-22,2Д,623,opys-explicit
b410982a-caab-4857-bf51-89abd388d416,ЦДНТА-(Р-78-3-22-2-639+++Р-78-3-22-2-639+++Р-78-3-22-2-639),Р-78-3-22-2-639,Р78,3-22,2Д,639,opys-explicit
d3e44298-6912-4f60-b61c-6f1503f892ad,ЦДНТА-(Р-78-3-22-2-636+++Р-78-3-22-2-636+++Р-78-3-22-2-636),Р-78-3-22-2-636,Р78,3-22,2Д,636,opys-explicit
af7137ff-4d90-4c39-a2b7-995218902543,ЦДНТА-(Р-78-3-22-2-635+++Р-78-3-22-2-635+++Р-78-3-22-2-635),Р-78-3-22-2-635,Р78,3-22,2Д,635,opys-explicit
d53f4877-daeb-4c59-85a8-883c6afa1033,ЦДНТА-(Р-78-3-22-2-624+++Р-78-3-22-2-624+++Р-78-3-22-2-624),Р-78-3-22-2-624,Р78,3-22,2Д,624,opys-explicit
7ee59e78-d508-4611-b57b-44c234932f92,ЦДНТА-(Р-78-3-22-2-632+++Р-78-3-22-2-632+++Р-78-3-22-2-632),Р-78-3-22-2-632,Р78,3-22,2Д,632,opys-explicit
dd1d4fde-a00c-4178-b79a-6eaf9a479ff8,ЦДНТА-(Р-78-3-22-2-655+++Р-78-3-22-2-655+++Р-78-3-22-2-655),Р-78-3-22-2-655,Р78,3-22,2Д,655,opys-explicit
e94996c7-2c67-413b-849f-58e230a89a27,ЦДНТА-(Р-78-3-22-2-657+++Р-78-3-22-2-657+++Р-78-3-22-2-657),Р-78-3-22-2-657,Р78,3-22,2Д,657,opys-explicit
76118204-6814-49a3-9adc-632ef96ad4e2,ЦДНТА-(Р-78-3-22-2-643+++Р-78-3-22-2-643+++Р-78-3-22-2-643),Р-78-3-22-2-643,Р78,3-22,2Д,643,opys-explicit
df95095b-b64e-4f42-ad9a-6dc3a1765857,ЦДНТА-(Р-78-3-22-2-649+++Р-78-3-22-2-649+++Р-78-3-22-2-649),Р-78-3-22-2-649,Р78,3-22,2Д,649,opys-explicit
255681e8-5911-44fc-9daa-882ea1f01912,ЦДНТА-(Р-78-3-22-2-652+++Р-78-3-22-2-652+++Р-78-3-22-2-652),Р-78-3-22-2-652,Р78,3-22,2Д,652,opys-explicit
48831f08-cc1f-4de3-b3cc-7c8d0857ba3c,ЦДНТА-(Р-78-3-22-2-645+++Р-78-3-22-2-645+++Р-78-3-22-2-645),Р-78-3-22-2-645,Р78,3-22,2Д,645,opys-explicit
