WKT,Назва,Реєстр,Населені пункти,Повіт,Координати
POINT (28.1557208 49.1896182),Махнівка,https://www.familysearch.org/ark:/61903/3:1:3QHK-778R-Z9XZ-C?view=explore&groupId=TH-7738-145172-55122-72&lang=uk,,Вінницький,
POINT (28.5958358 49.6145403),Мончинці,https://www.familysearch.org/ark:/61903/3:1:3QHK-N78R-LV6N?view=explore&groupId=TH-7738-145172-55122-72&lang=uk,,Вінницький,
POINT (28.2996817 49.0936782),Могилівка,https://www.familysearch.org/ark:/61903/3:1:3QHK-V78R-P7PV?view=explore&groupId=TH-7738-145172-55122-72&lang=uk,,Вінницький,
POINT (28.1599302 49.1136234),Москалівка (передмістя Браїлова),https://www.familysearch.org/ark:/61903/3:1:3QHK-778R-Z9XC-9?view=explore&groupId=TH-7738-145172-55122-72&lang=uk,,Вінницький,
POINT (28.5786737 49.6420652),Немиринці,https://www.familysearch.org/ark:/61903/3:1:3QHK-K78R-5SZN?view=explore&groupId=TH-7738-145172-55122-72&lang=uk,,Вінницький,
POINT (28.1307535 49.437134),Миколаївка,https://www.familysearch.org/ark:/61903/3:1:3QHK-K78R-5SZG?view=explore&groupId=TH-7738-145172-55122-72&lang=uk,,Вінницький,
POINT (28.0428629 49.1702898),Новоселиця,https://www.familysearch.org/ark:/61903/3:1:3QHK-H78R-69D8-N?view=explore&groupId=TH-7738-145172-55122-72&lang=uk,,Вінницький,
POINT (27.9971367 48.977525),Слобода-Носковецька,https://www.familysearch.org/ark:/61903/3:1:3QHK-H78R-69D8-Y?view=explore&groupId=TH-7738-145172-55122-72&lang=uk,,Вінницький,
POINT (27.9760609 48.9536637),Носківці,https://www.familysearch.org/ark:/61903/3:1:3QHK-N78R-LV8Y?view=explore&groupId=TH-7738-145172-55122-72&lang=uk,,Вінницький,
POINT (28.2714037 49.7079592),Великий Острожок і Малий Острожок,https://www.familysearch.org/ark:/61903/3:1:3QHK-H78R-69D8-4?view=explore&groupId=TH-7738-145172-55122-72&lang=uk,,Вінницький,
POINT (28.4616821 49.4445664),Павлівка,https://www.familysearch.org/ark:/61903/3:1:3QHK-N78R-LV64?view=explore&groupId=TH-7738-145172-55122-72&lang=uk,,Вінницький,
POINT (28.5293087 49.1685009),Парпурівці,https://www.familysearch.org/ark:/61903/3:1:3QHK-N78R-LVDK?view=explore&groupId=TH-7738-145172-55122-72&lang=uk,,Вінницький,
POINT (28.6078106 49.1953481),Писарівка,https://www.familysearch.org/ark:/61903/3:1:3QHK-H78R-69D8-X?view=explore&groupId=TH-7738-145172-55122-72&lang=uk,,Вінницький,
POINT (28.2953348 49.5599938),"Пиків (містечко), Свято-Покровська",https://www.familysearch.org/ark:/61903/3:1:3QHK-V78R-P7PQ?view=explore&groupId=TH-7738-145172-55122-72&lang=uk,,Вінницький,
POINT (28.2656114 49.562436),"Пиків (містечко), Свято-Троїцька",https://www.familysearch.org/ark:/61903/3:1:3QHK-N78R-LV4G?view=explore&groupId=TH-7738-145172-55122-72&lang=uk,,Вінницький,
POINT (28.525489 49.0730372),Пилява,https://www.familysearch.org/ark:/61903/3:1:3QHK-V78R-P7V2?view=explore&groupId=TH-7738-145172-55122-72&lang=uk,,Вінницький,
POINT (28.2413118 49.0309223),Слобода Потоцька,https://www.familysearch.org/ark:/61903/3:1:3QHK-778R-Z9XW-3?view=explore&groupId=TH-7738-145172-55122-72&lang=uk,,Вінницький,
POINT (28.2365053 49.0352754),Старий Потік,https://www.familysearch.org/ark:/61903/3:1:3QHK-V78R-P7KF?view=explore&groupId=TH-7738-145172-55122-72&lang=uk,,Вінницький,
POINT (28.4603872 49.2486554),П'ятничани,https://www.familysearch.org/ark:/61903/3:1:3QHK-N78R-LVW2?view=explore&groupId=TH-7738-145172-55122-72&lang=uk,,Вінницький,
POINT (28.1888058 49.1837468),Пултівці,https://www.familysearch.org/ark:/61903/3:1:3QHK-N78R-LV4M?view=explore&groupId=TH-7738-145172-55122-72&lang=uk,,Вінницький,
POINT (28.5493003 49.5903731),Радівка,https://www.familysearch.org/ark:/61903/3:1:3QHK-V78R-P7J2?view=explore&groupId=TH-7738-145172-55122-72&lang=uk,,Вінницький,
POINT (28.2922952 49.0296674),Рижавка,https://www.familysearch.org/ark:/61903/3:1:3QHK-N78R-LV48?view=explore&groupId=TH-7738-145172-55122-72&lang=uk,,Вінницький,
POINT (28.3139536 49.6225298),Рогинці,https://www.familysearch.org/ark:/61903/3:1:3QHK-N78R-LV48?view=explore&groupId=TH-7738-145172-55122-72&lang=uk,,Вінницький,
POINT (28.1038677 48.9664809),"Станіславчик (містечко), Вознесенська",https://www.familysearch.org/ark:/61903/3:1:3QHK-N78R-LV8S?view=explore&groupId=TH-7738-145172-55122-72&lang=uk,,Вінницький,
POINT (28.1108762 48.9681909),"Станіславчик (містечко), Покровська",https://www.familysearch.org/ark:/61903/3:1:3QHK-N78R-LV8N?view=explore&groupId=TH-7738-145172-55122-72&lang=uk,,Вінницький,
POINT (28.4745866 49.3094211),"Стрижавка (містечко), Свято-Успенська",https://www.familysearch.org/ark:/61903/3:1:3QHK-778R-Z9XC-M?view=explore&groupId=TH-7738-145172-55122-72&lang=uk,,Вінницький,
POINT (28.6666286 49.3268782),Сиваківці,https://www.familysearch.org/ark:/61903/3:1:3QHK-H78R-69DH-W?view=explore&groupId=TH-7738-145172-55122-72&lang=uk,,Вінницький,
POINT (28.5762721 49.3293543),Сосонка,https://www.familysearch.org/ark:/61903/3:1:3QHK-H78R-69DH-5?view=explore&groupId=TH-7738-145172-55122-72&lang=uk,,Вінницький,
POINT (28.100416 49.1138209),Сьомаки,https://www.familysearch.org/ark:/61903/3:1:3QHK-N78R-LVZ4?view=explore&groupId=TH-7738-145172-55122-72&lang=uk,,Вінницький,
POINT (28.4664786 49.3020104),Слобода Стрижавська,https://www.familysearch.org/ark:/61903/3:1:3QHK-K78R-5SCM?view=explore&groupId=TH-7738-145172-55122-72&lang=uk,,Вінницький,
POINT (28.5522481 49.4085104),Сальник,https://www.familysearch.org/ark:/61903/3:1:3QHK-N78R-LV83?view=explore&groupId=TH-7738-145172-55122-72&lang=uk,,Вінницький,
POINT (28.310985 49.3921605),Супрунів,https://www.familysearch.org/ark:/61903/3:1:3QHK-K78R-5SZM?view=explore&groupId=TH-7738-145172-55122-72&lang=uk,,Вінницький,
POINT (28.3578232 49.1270756),Селище,https://www.familysearch.org/ark:/61903/3:1:3QHK-N78R-LVDW?view=explore&groupId=TH-7738-145172-55122-72&lang=uk,,Вінницький,
POINT (28.6065922 49.1724901),Сокиринці,https://www.familysearch.org/ark:/61903/3:1:3QHK-H78R-69DH-V?view=explore&groupId=TH-7738-145172-55122-72&lang=uk,,Вінницький,
POINT (28.2834022 49.7431987),Ступник,https://www.familysearch.org/ark:/61903/3:1:3QHK-H78R-69DC-Q?view=explore&groupId=TH-7738-145172-55122-72&lang=uk,,Вінницький,
POINT (28.1678329 49.03355),Сідава,https://www.familysearch.org/ark:/61903/3:1:3QHK-V78R-P72K?view=explore&groupId=TH-7738-145172-55122-72&lang=uk,,Вінницький,
POINT (28.6045291 49.2876582),Стадниця,https://www.familysearch.org/ark:/61903/3:1:3QHK-778R-Z9XQ-Z?view=explore&groupId=TH-7738-145172-55122-72&lang=uk,,Вінницький,
POINT (28.3187316 49.3530542),Майдан Супрунівський (Підлісне),https://www.familysearch.org/ark:/61903/3:1:3QHK-H78R-69D7-H?view=explore&groupId=TH-7738-145172-55122-72&lang=uk,,Вінницький,
POINT (28.417183 49.0417874),Стара Сутиска (Сутиски),https://www.familysearch.org/ark:/61903/3:1:3QHK-H78R-69D7-N?view=explore&groupId=TH-7738-145172-55122-72&lang=uk,,Вінницький,
POINT (28.4259425 49.0376149),Слобода Сутиська,https://www.familysearch.org/ark:/61903/3:1:3QHK-H78R-69DW-3?view=explore&groupId=TH-7738-145172-55122-72&lang=uk,,Вінницький,
POINT (28.3113925 49.1798243),Медвеже Вушко,https://www.familysearch.org/ark:/61903/3:1:3QHK-K78R-5SWP?view=explore&groupId=TH-7738-145172-55122-72&lang=uk,,Вінницький,
POINT (28.227375 49.4995752),Уладівка,https://www.familysearch.org/ark:/61903/3:1:3QHK-778R-Z9X7-P?view=explore&groupId=TH-7738-145172-55122-72&lang=uk,,Вінницький,
POINT (28.5026951 49.0211625),"Тиврів (містечко), Миколаївська",https://www.familysearch.org/ark:/61903/3:1:3QHK-K78R-5S4P?view=explore&groupId=TH-7738-145172-55122-72&lang=uk,,Вінницький,
POINT (28.5093063 49.0128654),"Тиврів (містечко), Вознесенська",https://www.familysearch.org/ark:/61903/3:1:3QHK-N78R-LVCQ?view=explore&groupId=TH-7738-145172-55122-72&lang=uk,,Вінницький,
POINT (28.5661602 49.1773483),Хижинці,https://www.familysearch.org/ark:/61903/3:1:3QHK-N78R-LVZL?view=explore&groupId=TH-7738-145172-55122-72&lang=uk,,Вінницький,
POINT (28.4332501 49.5446227),Хомутинці,https://www.familysearch.org/ark:/61903/3:1:3QHK-K78R-5SCN?view=explore&groupId=TH-7738-145172-55122-72&lang=uk,,Вінницький,
POINT (28.5446224 49.1230569),Цвіжин,https://www.familysearch.org/ark:/61903/3:1:3QHK-V78R-P7LG?view=explore&groupId=TH-7738-145172-55122-72&lang=uk,,Вінницький,
POINT (28.3871281 49.1614199),Черлинків,https://www.familysearch.org/ark:/61903/3:1:3QHK-V78R-P7L5?view=explore&groupId=TH-7738-145172-55122-72&lang=uk,,Вінницький,
POINT (28.5988648 49.5347376),Черепашинці,https://www.familysearch.org/ark:/61903/3:1:3QHK-V78R-P7K2?view=explore&groupId=TH-7738-145172-55122-72&lang=uk,,Вінницький,
POINT (28.3926521 49.2156872),Шереметка,https://www.familysearch.org/ark:/61903/3:1:3QHK-H78R-69DC-3?view=explore&groupId=TH-7738-145172-55122-72&lang=uk,,Вінницький,
POINT (28.4263376 49.1767782),Шкуринці (Прибузьке),https://www.familysearch.org/ark:/61903/3:1:3QHK-K78R-5SH5?view=explore&groupId=TH-7738-145172-55122-72&lang=uk,,Вінницький,
POINT (28.2600014 49.5905131),Шепіївка,https://www.familysearch.org/ark:/61903/3:1:3QHK-H78R-69DQ-R?view=explore&groupId=TH-7738-145172-55122-72&lang=uk,,Вінницький,
POINT (28.430752 49.0231453),Шершні,https://www.familysearch.org/ark:/61903/3:1:3QHK-H78R-69D7-3?view=explore&groupId=TH-7738-145172-55122-72&lang=uk,,Вінницький,
POINT (28.2491895 49.1621962),Широка Гребля,https://www.familysearch.org/ark:/61903/3:1:3QHK-K78R-5S71?view=explore&groupId=TH-7738-145172-55122-72&lang=uk,,Вінницький,
POINT (28.2211548 49.2021403),Юзвин (містечко),https://www.familysearch.org/ark:/61903/3:1:3QHK-778R-Z9X7-Q?view=explore&groupId=TH-7738-145172-55122-72&lang=uk,,Вінницький,
POINT (28.2637398 49.235469),Майдан Юзвинський (Майдан),https://www.familysearch.org/ark:/61903/3:1:3QHK-H78R-69DW-7?view=explore&groupId=TH-7738-145172-55122-72&lang=uk,,Вінницький,
POINT (28.3673254 49.2580779),Якушинці,https://www.familysearch.org/ark:/61903/3:1:3QHK-778R-Z9X7-G?view=explore&groupId=TH-7738-145172-55122-72&lang=uk,,Вінницький,
POINT (28.4662022 49.1151775),Яришівка і Янків (Іванівка),https://www.familysearch.org/ark:/61903/3:1:3QHK-778R-Z9XW-9?view=explore&groupId=TH-7738-145172-55122-72&lang=uk,,Вінницький,
POINT (23.8809815 51.1627127),Бережці,https://www.familysearch.org/ark:/61903/3:1:3QHV-D7QL-32QW?view=explore&groupId=TH-7719-139101-67543-84&lang=uk,,Володимирський,
POINT (24.5095446 50.7438094),Нехвороща (Бискупичі Руські),https://www.familysearch.org/ark:/61903/3:1:3QHV-X7QL-7HQ5?view=explore&groupId=TH-7719-139101-67543-84&lang=uk,,Володимирський,
POINT (24.9199312 50.6014739),Мирне (Блудів),https://www.familysearch.org/ark:/61903/3:1:3QHV-X7QL-7H4Q?view=explore&groupId=TH-7719-139101-67543-84&lang=uk,,Володимирський,
POINT (24.586367 50.7666347),Бобичі,https://www.familysearch.org/ark:/61903/3:1:3QHV-X7QL-7HWZ?view=explore&groupId=TH-7719-139101-67543-84&lang=uk,,Володимирський,
POINT (24.1089741 50.7717215),Бортнів,https://www.familysearch.org/ark:/61903/3:1:3QHV-H7Q2-19FY-B?view=explore&groupId=TH-7719-139101-67543-84&lang=uk,,Володимирський,
POINT (24.7548356 50.4075354),Брани,https://www.familysearch.org/ark:/61903/3:1:3QHV-H7Q2-19FY-B?view=explore&groupId=TH-7719-139101-67543-84&lang=uk,,Володимирський,
POINT (24.7626518 50.3521696),Ржищів,https://www.familysearch.org/ark:/61903/3:1:3QHV-F7QL-WQCJ?view=explore&groupId=TH-7719-139101-67543-84&lang=uk,,Володимирський,
POINT (24.5818791 50.7952811),Березовичі,https://www.familysearch.org/ark:/61903/3:1:3QHV-D7QL-32HW?view=explore&groupId=TH-7719-139101-67543-84&lang=uk,,Володимирський,
POINT (24.5689085 50.4810756),Бодячів,https://www.familysearch.org/ark:/61903/3:1:3QHV-N7QL-4H1?view=explore&groupId=TH-7719-139101-67543-84&lang=uk,,Володимирський,
POINT (24.3561644 50.7296177),Бубнів,https://www.familysearch.org/ark:/61903/3:1:3QHV-X7QL-7412?view=explore&groupId=TH-7719-139101-67543-84&lang=uk,,Володимирський,
POINT (24.3488592 50.7505502),Черчичі,https://www.familysearch.org/ark:/61903/3:1:3QHV-F7QL-WQ4R?view=explore&groupId=TH-7719-139101-67543-84&lang=uk,,Володимирський,
POINT (24.849522 50.6782546),Линів,https://www.familysearch.org/ark:/61903/3:1:3QHV-H7Q2-19N9-B?view=explore&groupId=TH-7719-139101-67543-84&lang=uk,,Володимирський,
POINT (24.8307634 50.6595395),Бубнів,https://www.familysearch.org/ark:/61903/3:1:3QHV-N7QL-47N?view=explore&groupId=TH-7719-139101-67543-84&lang=uk,,Володимирський,
POINT (24.8169502 50.3604581),Бужани,https://www.familysearch.org/ark:/61903/3:1:3QHV-D7QL-32H3?view=explore&groupId=TH-7719-139101-67543-84&lang=uk,,Володимирський,
POINT (24.884474 50.368066),Пильгани,https://www.familysearch.org/ark:/61903/3:1:3QHV-H7Q2-19FT-7?view=explore&groupId=TH-7719-139101-67543-84&lang=uk,,Володимирський,
POINT (24.9236332 50.3574102),Скригове,https://www.familysearch.org/ark:/61903/3:1:3QHV-H7Q2-19FY-8?view=explore&groupId=TH-7719-139101-67543-84&lang=uk,,Володимирський,
POINT (24.4427836 50.72001909999999),Бужковичі,https://www.familysearch.org/ark:/61903/3:1:3QHV-X7QL-7HQD?view=explore&groupId=TH-7719-139101-67543-84&lang=uk,,Володимирський,
POINT (24.3483535 50.9330462),Верба,https://www.familysearch.org/ark:/61903/3:1:3QHV-D7QL-32HS?view=explore&groupId=TH-7719-139101-67543-84&lang=uk,,Володимирський,
POINT (24.3205492 50.9361249),Охнівка,https://www.familysearch.org/ark:/61903/3:1:3QHV-D7QL-32HS?view=explore&groupId=TH-7719-139101-67543-84&lang=uk,,Володимирський,
POINT (24.3202866 50.8410693),"Володимир, Василівська церква","https://docs.google.com/spreadsheets/d/1A-D7-bJqbc7CSWpqI9pB-1saI_B1K4ARfiIQGA9dntQ/edit?gid=1643873055#gid=1643873055

Сповідні відомості 1913 р
https://www.familysearch.org/ark:/61903/3:1:3QHV-X7QL-7H4D?view=explore&groupId=TH-7719-139101-67543-84&lang=uk",,Володимирський,
POINT (24.0350632 51.1972063),Вишнів,https://www.familysearch.org/ark:/61903/3:1:3QHV-D7QL-32MF?view=explore&groupId=TH-7719-139101-67543-84&lang=uk,,Володимирський,
POINT (24.3153602 50.8428859),"Володимир, Успенський Собор","https://docs.google.com/spreadsheets/d/1A-D7-bJqbc7CSWpqI9pB-1saI_B1K4ARfiIQGA9dntQ/edit?gid=1709151936#gid=1709151936

Сповідні відомості 1913 р
https://www.familysearch.org/ark:/61903/3:1:3QHV-D7QL-3291?view=explore&groupId=TH-7719-139101-67543-84&lang=uk",,Володимирський,
POINT (24.871199 50.9003481),Ворончин,https://www.familysearch.org/ark:/61903/3:1:3QHV-F7QL-WQ4V?view=explore&groupId=TH-7719-139101-67543-84&lang=uk,,Володимирський,
POINT (24.5560362 50.7419478),Вуйковичі/Залужне,https://www.familysearch.org/ark:/61903/3:1:3QHK-178P-W8P4?view=explore&groupId=TH-7799-145596-10595-47&grid=on&lang=uk,"Вуйковичі, Бермешів, Дорогиничі, Замличі",Володимирський,
POINT (24.9038399 50.875977),Береськ,https://www.familysearch.org/ark:/61903/3:1:3QHV-F7QL-WQ4V?view=explore&groupId=TH-7719-139101-67543-84&lang=uk,,Володимирський,
POINT (24.5394821 50.7163709),Замличі,https://www.familysearch.org/ark:/61903/3:1:3QHV-F7QL-WQDN?view=explore&groupId=TH-7719-139101-67543-84&lang=uk,,Володимирський,
POINT (24.4768391 50.8934363),Красностав (Гнойно),https://www.familysearch.org/ark:/61903/3:1:3QHV-H7Q2-19FT-R?view=explore&groupId=TH-7719-139101-67543-84&lang=uk,,Володимирський,
POINT (24.7629614 50.4965033),Горохів,https://www.familysearch.org/ark:/61903/3:1:3QHV-F7QL-WQ8T?view=explore&groupId=TH-7719-139101-67543-84&lang=uk,,Володимирський,
POINT (24.2437308 50.6869582),Грибовиця,https://www.familysearch.org/ark:/61903/3:1:3QHV-D7QL-3239?view=explore&groupId=TH-7719-139101-67543-84&lang=uk,,Володимирський,
POINT (24.557991 50.6336008),Риковичі,https://www.familysearch.org/ark:/61903/3:1:3QHV-X7QL-7H4Z?view=explore&groupId=TH-7719-139101-67543-84&lang=uk,,Володимирський,
POINT (24.4743175 50.5531509),Грушів,https://www.familysearch.org/ark:/61903/3:1:3QHV-D7QL-3233?view=explore&groupId=TH-7719-139101-67543-84&lang=uk,,Володимирський,
POINT (24.4944036 51.5747834),Глухи,https://www.familysearch.org/ark:/61903/3:1:3QHV-H7Q2-19F1-F?view=explore&groupId=TH-7719-139101-67543-84&lang=uk,,Володимирський,
POINT (24.0763701 51.3354375),Головне,https://www.familysearch.org/ark:/61903/3:1:3QHV-X7QL-7H7Q?view=explore&groupId=TH-7719-139101-67543-84&lang=uk,,Володимирський,
POINT (24.1262776 51.277278),Городнє,https://www.familysearch.org/ark:/61903/3:1:3QHV-H7Q2-19N3-9?view=explore&groupId=TH-7719-139101-67543-84&lang=uk,,Володимирський,
POINT (24.1263502 51.6256356),Гута,https://www.familysearch.org/ark:/61903/3:1:3QHV-F7QL-WQH9?view=explore&groupId=TH-7719-139101-67543-84&lang=uk,,Володимирський,
POINT (23.75757 51.2849727),Гуща,https://www.familysearch.org/ark:/61903/3:1:3QHV-X7QL-7H4Y?view=explore&groupId=TH-7719-139101-67543-84&lang=uk,,Володимирський,
POINT (24.5876311 50.711264),Дорогиничі,https://www.familysearch.org/ark:/61903/3:1:3QHV-67QL-QXJ?view=explore&groupId=TH-7719-139101-67532-31&lang=uk,,Володимирський,
POINT (24.6824845 50.42251719999999),Журавники (Дружкопіль),https://www.familysearch.org/ark:/61903/3:1:3QHV-67QL-QV4?view=explore&groupId=TH-7719-139101-67532-31&lang=uk,,Володимирський,
POINT (24.3821412 51.5443754),Дубечне,https://www.familysearch.org/ark:/61903/3:1:3QHJ-L7Q2-D7D9-W?view=explore&groupId=TH-7719-139101-67532-31&lang=uk,,Володимирський,
POINT (24.7786421 50.5439203),Озерці (Єзерце),https://www.familysearch.org/ark:/61903/3:1:3QHJ-L7Q2-D78B-6?view=explore&groupId=TH-7719-139101-67532-31&lang=uk,,Володимирський,
POINT (24.4971868 50.6637485),Жашковичі,https://www.familysearch.org/ark:/61903/3:1:3QHV-H7Q2-19S3-T?view=explore&groupId=TH-7719-139101-67532-31&lang=uk,,Володимирський,
POINT (24.268839 50.5988153),Заставне (Жджари),https://www.familysearch.org/ark:/61903/3:1:3QHJ-L7Q2-D7D9-Z?view=explore&groupId=TH-7719-139101-67532-31&lang=uk,,Володимирський,
POINT (24.2751781 50.6249335),Заболотці,https://www.familysearch.org/ark:/61903/3:1:3QHJ-L7Q2-D7DS-Z?view=explore&groupId=TH-7719-139101-67532-31&lang=uk,,Володимирський,
POINT (24.2880912 50.6509868),Біличі,https://www.familysearch.org/ark:/61903/3:1:3QHV-D7QL-3QWB?view=explore&groupId=TH-7719-139101-67532-31&lang=uk,,Володимирський,
POINT (23.6957043 51.3648591),Забужжя,https://www.familysearch.org/ark:/61903/3:1:3QHV-D7QL-3QZJ?view=explore&groupId=TH-7719-139101-67532-31&lang=uk,,Володимирський,
POINT (24.5651852 50.5865132),Завидів,https://www.familysearch.org/ark:/61903/3:1:3QHV-H7Q2-19SS-3?view=explore&groupId=TH-7719-139101-67532-31&lang=uk,,Володимирський,
POINT (23.9952418 51.26138359999999),Запілля,https://www.familysearch.org/ark:/61903/3:1:3QHV-D7QL-3QD9?view=explore&groupId=TH-7719-139101-67532-31&lang=uk,,Володимирський,
POINT (24.8558502 50.7817888),Затурці,https://www.familysearch.org/ark:/61903/3:1:3QHV-67QL-QNV?view=explore&groupId=TH-7719-139101-67532-31&lang=uk,,Володимирський,
POINT (24.8912776 50.7863267),Сірнички,https://www.familysearch.org/ark:/61903/3:1:3QHV-67QL-QK9?view=explore&groupId=TH-7719-139101-67532-31&lang=uk,,Володимирський,
POINT (24.9293173 50.41601),Новий Зборишів,https://www.familysearch.org/ark:/61903/3:1:3QHJ-L7Q2-D7D7-7?view=explore&groupId=TH-7719-139101-67532-31&lang=uk,,Володимирський,
POINT (24.9054546 50.4448546),Галичани,https://www.familysearch.org/ark:/61903/3:1:3QHV-H7Q2-199B-Z?view=explore&groupId=TH-7719-139101-67532-31&lang=uk,,Володимирський,
POINT (24.9014689 50.4994811),Звиняче,https://www.familysearch.org/ark:/61903/3:1:3QHV-H7Q2-19S9-K?view=explore&groupId=TH-7719-139101-67532-31&lang=uk,,Володимирський,
POINT (24.3261123 50.800467),Зимне,https://www.familysearch.org/ark:/61903/3:1:3QHV-H7Q2-19S3-5?view=explore&groupId=TH-7719-139101-67532-31&lang=uk,,Володимирський,
POINT (24.7039075 50.70153),Заячиці,https://www.familysearch.org/ark:/61903/3:1:3QHV-D7QL-3QCK?view=explore&groupId=TH-7719-139101-67532-31&lang=uk,,Володимирський,
POINT (23.9774172 51.3597356),Згорани,https://www.familysearch.org/ark:/61903/3:1:3QHV-H7Q2-19S7-X?view=explore&groupId=TH-7719-139101-67532-31&lang=uk,,Володимирський,
POINT (24.350338 50.6440796),Іваничі,https://www.familysearch.org/ark:/61903/3:1:3QHV-H7Q2-19SQ-Q?view=explore&groupId=TH-7719-139101-67532-31&lang=uk,,Володимирський,
POINT (24.0943107 50.825957),Ізов,https://www.familysearch.org/ark:/61903/3:1:3QHJ-L7Q2-D78B-R?view=explore&groupId=TH-7719-139101-67532-31&lang=uk,,Володимирський,
POINT (24.6328265 50.430962),Квасів,https://www.familysearch.org/ark:/61903/3:1:3QHJ-L7Q2-D7DQ-8?view=explore&groupId=TH-7719-139101-67532-31&lang=uk,,Володимирський,
POINT (24.8035872 50.8500078),Кисилин,https://www.familysearch.org/ark:/61903/3:1:3QHV-67QL-QX4?view=explore&groupId=TH-7719-139101-67532-31&lang=uk,,Володимирський,
POINT (24.7060158 50.8490123),Озютичі,https://www.familysearch.org/ark:/61903/3:1:3QHJ-L7Q2-D7DM-V?view=explore&groupId=TH-7719-139101-67532-31&lang=uk,,Володимирський,
POINT (24.7583127 50.8759969),Твердині,https://www.familysearch.org/ark:/61903/3:1:3QHV-D7QL-3QC6?view=explore&groupId=TH-7719-139101-67532-31&lang=uk,,Володимирський,
POINT (24.5679595 50.4372992),Княже,https://www.familysearch.org/ark:/61903/3:1:3QHJ-L7Q2-D78B-1?view=explore&groupId=TH-7719-139101-67532-31&lang=uk,,Володимирський,
POINT (24.5461025 50.4307015),Фусів,https://www.familysearch.org/ark:/61903/3:1:3QHJ-L7Q2-D78B-1?view=explore&groupId=TH-7719-139101-67532-31&lang=uk,,Володимирський,
POINT (24.6798664 50.6310419),Конюхи,https://www.familysearch.org/ark:/61903/3:1:3QHJ-L7Q2-D781-D?view=explore&groupId=TH-7719-139101-67532-31&lang=uk,,Володимирський,
POINT (24.0155114 50.9459779),Коритниця,https://www.familysearch.org/ark:/61903/3:1:3QHV-D7QL-3QHD?view=explore&groupId=TH-7719-139101-67532-31&lang=uk,,Володимирський,
POINT (24.7921929 50.6222143),Коритниця,https://www.familysearch.org/ark:/61903/3:1:3QHV-67QL-Q2X?view=explore&groupId=TH-7719-139101-67532-31&lang=uk,,Володимирський,
POINT (24.0462861 51.2780567),Куснища,https://www.familysearch.org/ark:/61903/3:1:3QHJ-L7Q2-D7D3-3?view=explore&groupId=TH-7719-139101-67532-31&lang=uk,,Володимирський,
POINT (24.2745691 51.5066161),Кримне,https://www.familysearch.org/ark:/61903/3:1:3QHV-67QL-Q2Q?view=explore&groupId=TH-7719-139101-67532-31&lang=uk,,Володимирський,
POINT (24.7215577 50.9896624),Купичів,https://www.familysearch.org/ark:/61903/3:1:3QHV-D7QL-3QQP?view=explore&groupId=TH-7719-139101-67532-31&lang=uk,,Володимирський,
POINT (24.1867423 50.6358),Литовеж,https://www.familysearch.org/ark:/61903/3:1:3QHV-D7QL-3RTD?view=explore&groupId=TH-7720-139102-77069-40&lang=uk,,Володимирський,
POINT (24.1656906 50.6862503),Стара Лішня,https://www.familysearch.org/ark:/61903/3:1:3QHV-D7QL-3TWY?view=explore&groupId=TH-7720-139102-77069-40&lang=uk,,Володимирський,
POINT (24.6451992 50.7355131),Локачі,https://www.familysearch.org/ark:/61903/3:1:3QHV-H7Q2-19LM-F?view=explore&groupId=TH-7720-139102-77069-40&lang=uk,,Володимирський,
POINT (24.0477958 50.8016555),Лудин,https://www.familysearch.org/ark:/61903/3:1:3QHV-D7QL-3TZD?view=explore&groupId=TH-7720-139102-77069-40&lang=uk,,Володимирський,
POINT (24.0846847 50.7935861),Рогожани,https://www.familysearch.org/ark:/61903/3:1:3QHV-H7Q2-19LS-C?view=explore&groupId=TH-7720-139102-77069-40&lang=uk,,Володимирський,
POINT (24.3057754 50.8097777),Шистів,https://www.familysearch.org/ark:/61903/3:1:3QHV-D7QL-32SC?view=explore&groupId=TH-7719-139101-67543-84&lang=uk,,Володимирський,
POINT (24.3023272 50.836835),Заріччя,https://www.familysearch.org/ark:/61903/3:1:3QHV-H7Q2-19FB-B?view=explore&groupId=TH-7719-139101-67543-84&lang=uk,,Володимирський,
POINT (24.3047023 50.8465544),Білі Береги,https://www.familysearch.org/ark:/61903/3:1:3QHV-F7QL-WQC5?view=explore&groupId=TH-7719-139101-67543-84&lang=uk,,Володимирський,
POINT (24.297366 50.8481522),Лобачин,https://www.familysearch.org/ark:/61903/3:1:3QHV-F7QL-WQZF?view=explore&groupId=TH-7719-139101-67543-84&lang=uk,,Володимирський,
POINT (24.2753505 50.8528937),Федорівка,https://www.familysearch.org/ark:/61903/3:1:3QHV-N7QL-4WY?view=explore&groupId=TH-7719-139101-67543-84&lang=uk,,Володимирський,
POINT (24.0429626 51.2256776),"Любомль, Богородиці",https://www.familysearch.org/ark:/61903/3:1:3QHV-H7Q2-19L4-8?view=explore&groupId=TH-7720-139102-77069-40&lang=uk,,Володимирський,
POINT (24.0361324 51.2136893),"Любомль, Георгія",https://www.familysearch.org/ark:/61903/3:1:3QHV-N7QL-4QBN?view=explore&groupId=TH-7720-139102-77069-40&lang=uk,,Володимирський,
POINT (24.204288 51.47459809999999),Любохини,https://www.familysearch.org/ark:/61903/3:1:3QHV-D7QL-3T4Z?view=explore&groupId=TH-7720-139102-77069-40&lang=uk,,Володимирський,
POINT (24.4340866 50.62683500000001),Старосілля (Ляхів),https://www.familysearch.org/ark:/61903/3:1:3QHV-H7Q2-19LW-K?view=explore&groupId=TH-7720-139102-77069-40&lang=uk,,Володимирський,
POINT (24.7337481 50.5292788),Марковичі,https://www.familysearch.org/ark:/61903/3:1:3QHV-H7Q2-19LZ-H?view=explore&groupId=TH-7720-139102-77069-40&lang=uk,,Володимирський,
POINT (24.2210946 50.8512433),П'ятидні (Микуличі),"https://docs.google.com/spreadsheets/d/1A-D7-bJqbc7CSWpqI9pB-1saI_B1K4ARfiIQGA9dntQ/edit?gid=1637711507#gid=1637711507

Список парафіян у 1913 році: https://www.familysearch.org/ark:/61903/3:1:3QHV-D7QL-3TM1?view=explore&groupId=TH-7720-139102-77069-40&lang=uk",,Володимирський,
POINT (24.2490886 50.8568227),Хрипаличі,https://www.familysearch.org/ark:/61903/3:1:3QHV-H7Q2-19LQ-V?view=explore&groupId=TH-7720-139102-77069-40&lang=en,,Володимирський,
POINT (24.5298228 50.7944918),Микуличі,https://www.familysearch.org/ark:/61903/3:1:3QHV-D7QL-3T48?view=explore&groupId=TH-7720-139102-77069-40&lang=uk,,Володимирський,
POINT (24.698017 50.5290854),Мирків,https://www.familysearch.org/ark:/61903/3:1:3QHV-D7QL-3R1K?view=explore&groupId=TH-7720-139102-77069-40&lang=uk,,Володимирський,
POINT (24.0757273 50.7280259),Михалє,https://www.familysearch.org/ark:/61903/3:1:3QHV-N7QL-473D?view=explore&groupId=TH-7720-139102-77069-40&lang=uk,,Володимирський,
POINT (24.4199527 51.0127259),Мокрець,https://www.familysearch.org/ark:/61903/3:1:3QHV-H7Q2-19LM-C?view=explore&groupId=TH-7720-139102-77069-40&lang=uk,,Володимирський,
POINT (24.0860578 51.0405738),Мосир,https://www.familysearch.org/ark:/61903/3:1:3QHV-N7QL-47SY?view=explore&groupId=TH-7720-139102-77069-40&lang=uk,,Володимирський,
POINT (24.9564373 50.4869406),Мислині,https://www.familysearch.org/ark:/61903/3:1:3QHV-D7QL-3TH1?view=explore&groupId=TH-7720-139102-77069-40&lang=uk,,Володимирський,
POINT (24.3183851 50.6814711),Мишів,https://www.familysearch.org/ark:/61903/3:1:3QHV-D7QL-3T77?view=explore&groupId=TH-7720-139102-77069-40&lang=uk,,Володимирський,
POINT (24.3445053 50.7073824),Менчичі,https://www.familysearch.org/ark:/61903/3:1:3QHV-N7QL-47WD?view=explore&groupId=TH-7720-139102-77069-40&lang=uk,,Володимирський,
POINT (24.1835078 50.7346766),Низкиничі,https://www.familysearch.org/ark:/61903/3:1:3QHV-N7QL-4Q19?view=explore&groupId=TH-7720-139102-77069-40&lang=uk,,Володимирський,
POINT (24.7789524 50.9670061),Новий Двір,https://www.familysearch.org/ark:/61903/3:1:3QHV-D7QL-3T4V?view=explore&groupId=TH-7720-139102-77069-40&lang=uk,,Володимирський,
POINT (24.2374668 50.8151992),Новосілки,https://www.familysearch.org/ark:/61903/3:1:3QHV-D7QL-3TST?view=explore&groupId=TH-7720-139102-77069-40&lang=uk,,Володимирський,
POINT (24.1105923 51.3850163),Нудиже,https://www.familysearch.org/ark:/61903/3:1:3QHV-D7QL-3TCM?view=explore&groupId=TH-7720-139102-77069-40&lang=uk,,Володимирський,
POINT (24.8124263 51.0191396),Озеряни,https://www.familysearch.org/ark:/61903/3:1:3QHV-H7Q2-19L7-Y?view=explore&groupId=TH-7720-139102-77069-40&lang=uk,,Володимирський,
POINT (24.3920118 50.9247525),Овадне,https://www.familysearch.org/ark:/61903/3:1:3QHV-D7QL-3TZ8?view=explore&groupId=TH-7720-139102-77069-40&lang=uk,,Володимирський,
POINT (24.251234 51.0722101),Овлочин,https://www.familysearch.org/ark:/61903/3:1:3QHV-H7Q2-19LQ-B?view=explore&groupId=TH-7720-139102-77069-40&lang=uk,,Володимирський,
POINT (24.1747134 51.1056627),Олеськ,"https://docs.google.com/spreadsheets/d/1A-D7-bJqbc7CSWpqI9pB-1saI_B1K4ARfiIQGA9dntQ/edit?gid=1152011961#gid=1152011961

Список парафіян у 1913 році: https://www.familysearch.org/ark:/61903/3:1:3QHV-N7QL-4QRC?view=explore&groupId=TH-7720-139102-77069-40&lang=uk",,Володимирський,
POINT (24.6905675 50.919209),Осекрів,https://www.familysearch.org/ark:/61903/3:1:3QHV-D7QL-3RT4?view=explore&groupId=TH-7720-139102-77069-40&lang=uk,,Володимирський,
POINT (24.4640169 50.6878566),Орищі,https://www.familysearch.org/ark:/61903/3:1:3QHV-N7QL-47SZ?view=explore&groupId=TH-7720-139102-77069-40&lang=uk,,Володимирський,
POINT (24.889919 50.5296775),Ощів,https://www.familysearch.org/ark:/61903/3:1:3QHV-H7Q2-19LC-4?view=explore&groupId=TH-7720-139102-77069-40&lang=uk,,Володимирський,
POINT (24.2119732 50.7735608),Орані,https://www.familysearch.org/ark:/61903/3:1:3QHV-H7Q2-19LS-R?view=explore&groupId=TH-7720-139102-77069-40&lang=uk,,Володимирський,
POINT (24.6378765 50.4600714),Охлопів,https://www.familysearch.org/ark:/61903/3:1:3QHV-H7Q2-19L4-Z?view=explore&groupId=TH-7720-139102-77069-40&lang=uk,,Володимирський,
POINT (24.6873763 50.7743488),Павловичі,https://www.familysearch.org/ark:/61903/3:1:3QHV-F7QL-WS97?view=explore&groupId=TH-7719-139101-67541-30&lang=uk,,Володимирський,
POINT (24.3414616 51.1321127),Перевали,https://www.familysearch.org/ark:/61903/3:1:3QHV-D7QL-3JZG?view=explore&groupId=TH-7719-139101-67541-30&lang=uk,,Володимирський,
POINT (24.6228934 50.5033365),Печихвости,https://www.familysearch.org/ark:/61903/3:1:3QHV-D7QL-3J6T?view=explore&groupId=TH-7719-139101-67541-30&lang=uk,,Володимирський,
POINT (23.807935 51.6058804),Піща,https://www.familysearch.org/ark:/61903/3:1:3QHV-F7QL-WSMB?view=explore&groupId=TH-7719-139101-67541-30&lang=uk,,Володимирський,
POINT (24.6263985 50.5355826),Підбереззя,https://www.familysearch.org/ark:/61903/3:1:3QHV-X7QL-776Y?view=explore&groupId=TH-7719-139101-67541-30&lang=uk,,Володимирський,
POINT (24.1871941 51.236152),Підгороднє,"https://docs.google.com/spreadsheets/d/1A-D7-bJqbc7CSWpqI9pB-1saI_B1K4ARfiIQGA9dntQ/edit?gid=1714290995#gid=1714290995

https://www.familysearch.org/ark:/61903/3:1:3QHV-D7QL-3JNG?view=explore&groupId=TH-7719-139101-67541-30&lang=uk",,Володимирський,
POINT (23.9413113 51.307803),Полапи,https://www.familysearch.org/ark:/61903/3:1:3QHV-D7QL-3J86?view=explore&groupId=TH-7719-139101-67541-30&lang=uk,,Володимирський,
POINT (24.7016053 50.5021145),Пірванче,https://www.familysearch.org/ark:/61903/3:1:3QHV-67QL-Q8YP?view=explore&groupId=TH-7719-139101-67541-30&lang=uk,,Володимирський,
POINT (24.4942216 50.6300096),Старий Порицьк,https://www.familysearch.org/ark:/61903/3:1:3QHV-X7QL-7789?view=explore&groupId=TH-7719-139101-67541-30&lang=uk,,Володимирський,
POINT (24.4598077 50.6211008),Павлівка (Порицьк),https://www.familysearch.org/ark:/61903/3:1:3QHV-D7QL-3JXZ?view=explore&groupId=TH-7719-139101-67541-30&lang=uk,,Володимирський,
POINT (24.2065233 50.9340255),Зоря (Пузів),https://www.familysearch.org/ark:/61903/3:1:3QHV-D7QL-3JDG?view=explore&groupId=TH-7719-139101-67541-30&lang=uk,,Володимирський,
POINT (23.713008 51.5405361),Пулемець,https://www.familysearch.org/ark:/61903/3:1:3QHV-D7QL-3JZN?view=explore&groupId=TH-7719-139101-67541-30&lang=uk,,Володимирський,
POINT (23.7835293 51.5142835),Пульмо,https://www.familysearch.org/ark:/61903/3:1:3QHV-F7QL-WSMD?view=explore&groupId=TH-7719-139101-67541-30&lang=uk,,Володимирський,
POINT (24.0848278 50.7549618),Поромів,https://www.familysearch.org/ark:/61903/3:1:3QHV-X7QL-77NY?view=explore&groupId=TH-7719-139101-67541-30&lang=uk,,Володимирський,
POINT (24.1258697 50.7514765),Бужанка,https://www.familysearch.org/ark:/61903/3:1:3QHV-X7QL-77VX?view=explore&groupId=TH-7719-139101-67541-30&lang=uk,,Володимирський,
POINT (24.0796122 51.1603127),Радехів,https://www.familysearch.org/ark:/61903/3:1:3QHV-X7QL-77FZ?view=explore&groupId=TH-7719-139101-67541-30&lang=uk,,Володимирський,
POINT (24.7277056 50.5678466),Рачин,https://www.familysearch.org/ark:/61903/3:1:3QHV-67QL-QD9J?view=explore&groupId=TH-7719-139101-67541-30&lang=uk,,Володимирський,
POINT (23.8057846 51.23715499999999),Рівне,https://www.familysearch.org/ark:/61903/3:1:3QHV-D7QL-3JDW?view=explore&groupId=TH-7719-139101-67541-30&lang=uk,,Володимирський,
POINT (24.314579 50.99311970000001),Руда,https://www.familysearch.org/ark:/61903/3:1:3QHV-D7QL-3JZR?view=explore&groupId=TH-7719-139101-67541-30&lang=uk,,Володимирський,
POINT (24.7479057 50.6391354),Привітне (Свинюхи),https://www.familysearch.org/ark:/61903/3:1:3QHV-X7QL-77XH?view=explore&groupId=TH-7719-139101-67541-30&lang=uk,,Володимирський,
POINT (24.7789433 50.68872510000001),Войнин,https://www.familysearch.org/ark:/61903/3:1:3QHV-X7QL-77Z1?view=explore&groupId=TH-7719-139101-67541-30&lang=uk,,Володимирський,
POINT (23.8660788 51.48399329999999),Світязь,https://www.familysearch.org/ark:/61903/3:1:3QHV-X7QL-77DD?view=explore&groupId=TH-7719-139101-67541-30&lang=uk,,Володимирський,
POINT (24.3910537 50.7642708),Селець,https://docs.google.com/spreadsheets/d/1A-D7-bJqbc7CSWpqI9pB-1saI_B1K4ARfiIQGA9dntQ/edit?gid=1845039514#gid=1845039514,"Чесний Хрест, Житані, Наврятин, Мар’я Воля",Володимирський,
POINT (24.3388731 51.1986018),Сомин,"https://docs.google.com/spreadsheets/d/1A-D7-bJqbc7CSWpqI9pB-1saI_B1K4ARfiIQGA9dntQ/edit?gid=2128425764#gid=2128425764

https://www.familysearch.org/ark:/61903/3:1:3QHV-X7QL-77K7?view=explore&groupId=TH-7719-139101-67541-30&lang=uk",,Володимирський,
POINT (24.2919559 51.1867272),Новосілки,"https://docs.google.com/spreadsheets/d/1A-D7-bJqbc7CSWpqI9pB-1saI_B1K4ARfiIQGA9dntQ/edit?gid=1918741395#gid=1918741395

https://www.familysearch.org/ark:/61903/3:1:3QHV-F7QL-W9T6?view=explore&groupId=TH-7719-139101-67541-30&lang=uk",,Володимирський,
POINT (24.1094869 50.9372425),Стенжаричі,https://www.familysearch.org/ark:/61903/3:1:3QHV-H7Q2-196J-1?view=explore&groupId=TH-7719-139101-67541-30&lang=uk,,Володимирський,
POINT (24.2132388 50.7212389),Тишковичі,https://www.familysearch.org/ark:/61903/3:1:3QHV-67QL-QD99?view=explore&groupId=TH-7719-139101-67541-30&lang=uk,,Володимирський,
POINT (24.3234767 51.0729116),Туричани,https://www.familysearch.org/ark:/61903/3:1:3QHV-67QL-Q8R5?view=explore&groupId=TH-7719-139101-67541-30&lang=uk,,Володимирський,
POINT (24.1551215 50.8609275),Устилуг,https://www.familysearch.org/ark:/61903/3:1:3QHV-H7Q2-196J-P?view=explore&groupId=TH-7719-139101-67541-30&lang=uk,,Володимирський,
POINT (24.2301543 51.1975524),Хворостів,"https://docs.google.com/spreadsheets/d/1A-D7-bJqbc7CSWpqI9pB-1saI_B1K4ARfiIQGA9dntQ/edit?gid=1477123254#gid=1477123254

Список парафіян у 1912 році: https://www.familysearch.org/ark:/61903/3:1:3QHV-X7QL-7788?view=explore&groupId=TH-7719-139101-67541-30&lang=uk",,Володимирський,
POINT (24.5511492 50.8173683),Хворостів,https://www.familysearch.org/ark:/61903/3:1:3QHV-H7Q2-1962-D?view=explore&groupId=TH-7719-139101-67541-30&lang=uk,,Володимирський,
POINT (24.8412683 50.4828725),Холонів,https://www.familysearch.org/ark:/61903/3:1:3QHV-X7QL-77DT?view=explore&groupId=TH-7719-139101-67541-30&lang=uk,,Володимирський,
POINT (24.4819158 50.7789386),Хмелів,https://www.familysearch.org/ark:/61903/3:1:3QHV-H7Q2-196J-Q?view=explore&groupId=TH-7719-139101-67541-30&lang=uk,,Володимирський,
POINT (24.4559774 50.810969),Хобултова,https://www.familysearch.org/ark:/61903/3:1:3QHV-D7QL-3JFN?view=explore&groupId=TH-7719-139101-67541-30&lang=uk,,Володимирський,
POINT (24.6383443 50.6886765),Хорів,https://www.familysearch.org/ark:/61903/3:1:3QHV-F7QL-WSMX?view=explore&groupId=TH-7719-139101-67541-30&lang=uk,,Володимирський,
POINT (24.1636194 50.8314522),Хотячів,https://www.familysearch.org/ark:/61903/3:1:3QHV-H7Q2-196L-T?view=explore&groupId=TH-7719-139101-67541-30&lang=uk,,Володимирський,
POINT (24.7747454 50.4594208),Цегів,https://www.familysearch.org/ark:/61903/3:1:3QHV-D7QL-3J66?view=explore&groupId=TH-7719-139101-67541-30&lang=uk,,Володимирський,
POINT (24.6734546 50.9671894),Чорніїв,https://www.familysearch.org/ark:/61903/3:1:3QHV-D7QL-3JJ2?view=explore&groupId=TH-7719-139101-67541-30&lang=uk,,Володимирський,
POINT (24.6601542 50.9410613),Свинарин,https://www.familysearch.org/ark:/61903/3:1:3QHV-X7QL-77VV?view=explore&groupId=TH-7719-139101-67541-30&lang=uk,,Володимирський,
POINT (23.9323386 51.4975426),Шацьк,https://www.familysearch.org/ark:/61903/3:1:3QHV-67QL-Q8TL?view=explore&groupId=TH-7719-139101-67541-30&lang=uk,,Володимирський,
POINT (24.7856637 50.7148382),Шельвів,https://www.familysearch.org/ark:/61903/3:1:3QHV-X7QL-77V7?view=explore&groupId=TH-7719-139101-67541-30&lang=uk,,Володимирський,
POINT (24.7052488 50.7400683),Марковичі,https://www.familysearch.org/ark:/61903/3:1:3QHV-X7QL-77V7?view=explore&groupId=TH-7719-139101-67541-30&lang=uk,,Володимирський,
POINT (24.5119618 50.4388611),Шпиколоси,https://www.familysearch.org/ark:/61903/3:1:3QHV-67QL-Q8T5?view=explore&groupId=TH-7719-139101-67541-30&lang=uk,,Володимирський,
POINT (24.0191036 51.1485311),Штунь,https://www.familysearch.org/ark:/61903/3:1:3QHV-X7QL-77X6?view=explore&groupId=TH-7719-139101-67541-30&lang=uk,,Володимирський,
POINT (24.1981816 51.551285),Яревище,https://www.familysearch.org/ark:/61903/3:1:3QHV-67QL-Q8YY?view=explore&groupId=TH-7719-139101-67541-30&lang=uk,,Володимирський,
POINT (25.103292 51.1533609),Мельниця,https://www.familysearch.org/ark:/61903/3:1:3QHJ-V73Y-64TG-T?view=explore&groupId=TH-7701-138496-65071-66&lang=uk,,Володимирський,
POINT (24.5349058 51.3485969),Мизове,https://www.familysearch.org/ark:/61903/3:1:3QHK-C731-QSSL-D?view=explore&groupId=TH-7701-138496-65071-66&lang=uk,,Володимирський,
POINT (24.4452166 51.1847801),Миляновичі,https://www.familysearch.org/ark:/61903/3:1:3QHK-C731-QSSY-H?view=explore&groupId=TH-7701-138496-65071-66&lang=uk,,Володимирський,
POINT (24.5879753 51.4148972),Буцинь,https://www.familysearch.org/ark:/61903/3:1:3QHK-C731-QSSJ-G?view=explore&groupId=TH-7701-138496-65071-66&lang=uk,,Володимирський,
POINT (24.7762915 51.6652345),Дубровиця/Михнівка,https://www.familysearch.org/ark:/61903/3:1:3QHJ-V73Y-64T2-2?view=explore&groupId=TH-7701-138496-65071-66&lang=uk,,Володимирський,
POINT (24.6059955 51.26027449999999),Мощена,https://www.familysearch.org/ark:/61903/3:1:3QHK-C731-QSSK-D?view=explore&groupId=TH-7701-138496-65071-66&lang=uk,,Володимирський,
POINT (24.7488843 51.452918),Мильці,https://www.familysearch.org/ark:/61903/3:1:3QHK-4731-S9Y5-T?view=explore&groupId=TH-7701-138496-65071-66&lang=uk,,Володимирський,
POINT (24.9901615 51.8700677),Невір,https://www.familysearch.org/ark:/61903/3:1:3QHK-4731-S9Y1-T?view=explore&groupId=TH-7701-138496-65071-66&lang=uk,,Володимирський,
POINT (24.8274161 51.3891152),Тойкут/Несухоїжі,https://www.familysearch.org/ark:/61903/3:1:3QHK-4731-S9YB-J?view=explore&groupId=TH-7701-138496-65071-66&lang=uk,,Володимирський,
POINT (25.0415105 51.1173166),Нужель,https://www.familysearch.org/ark:/61903/3:1:3QHJ-V73Y-64TL-R?view=explore&groupId=TH-7701-138496-65071-66&lang=uk,,Володимирський,
POINT (24.8942909 51.5363109),Нуйно,https://www.familysearch.org/ark:/61903/3:1:3QHK-C731-QSS2-1?view=explore&groupId=TH-7701-138496-65071-66&lang=uk,,Володимирський,
POINT (24.4944404 51.03498219999999),Обенижі,https://www.familysearch.org/ark:/61903/3:1:3QHJ-V73Y-64TN-V?view=explore&groupId=TH-7701-138496-65071-66&lang=uk,,Володимирський,
POINT (25.2136288 51.4579787),Великий Обзир,https://www.familysearch.org/ark:/61903/3:1:3QHJ-V73Y-64TL-W?view=explore&groupId=TH-7701-138496-65071-66&lang=uk,,Володимирський,
POINT (24.6953882 51.3336505),Облапи,https://www.familysearch.org/ark:/61903/3:1:3QHK-C731-QSSB-W?view=explore&groupId=TH-7701-138496-65071-66&lang=uk,,Володимирський,
POINT (24.9444753 51.6778534),"Грудки, Ольбле Руське",https://www.familysearch.org/ark:/61903/3:1:3QHK-4731-S9YP-Y?view=explore&groupId=TH-7701-138496-65071-66&lang=uk,,Володимирський,
POINT (24.4209244 51.24579139999999),Паридуби,https://www.familysearch.org/ark:/61903/3:1:3QHK-C731-QSSN-R?view=explore&groupId=TH-7701-138496-65071-66&lang=uk,,Володимирський,
POINT (25.0843507 51.2190637),Пісочне,https://www.familysearch.org/ark:/61903/3:1:3QHK-4731-S9YY-1?view=explore&groupId=TH-7701-138496-65071-66&lang=uk,,Володимирський,
POINT (24.758563 51.9860795),Павiцце,https://www.familysearch.org/ark:/61903/3:1:3QHK-4731-S9B3-4?view=explore&groupId=TH-7701-138496-65071-66&lang=uk,,Володимирський,
POINT (25.1283022 51.2648545),Поворськ,https://www.familysearch.org/ark:/61903/3:1:3QHK-C731-QSS5-G?view=explore&groupId=TH-7701-138496-65071-66&lang=uk,,Володимирський,
POINT (25.2829854 51.1790351),Підріжжя,https://www.familysearch.org/ark:/61903/3:1:3QHJ-V73Y-64TL-S?view=explore&groupId=TH-7701-138496-65071-66&lang=uk,,Володимирський,
POINT (25.1255785 51.56929909999999),Полиці,https://www.familysearch.org/ark:/61903/3:1:3QHK-4731-S9Y1-N?view=explore&groupId=TH-7701-138496-65071-66&lang=uk,,Володимирський,
POINT (25.1446067 51.0756155),Великий Порськ,https://www.familysearch.org/ark:/61903/3:1:3QHK-4731-S9BS-V?view=explore&groupId=TH-7701-138496-65071-66&lang=uk,,Володимирський,
POINT (24.9368161 51.9671967),Радастава,https://www.familysearch.org/ark:/61903/3:1:3QHK-4731-S9YB-4?view=explore&groupId=TH-7701-138496-65071-66&lang=uk,,Володимирський,
POINT (24.9695102 51.1560128),Радошин,https://www.familysearch.org/ark:/61903/3:1:3QHK-4731-S9YY-5?view=explore&groupId=TH-7701-138496-65071-66&lang=uk,,Володимирський,
POINT (24.9194196 51.6203554),Раків Ліс,https://www.familysearch.org/ark:/61903/3:1:3QHK-C731-QSSJ-D?view=explore&groupId=TH-7701-138496-65071-66&lang=uk,,Володимирський,
POINT (24.4318618 51.1196731),Растів,https://www.familysearch.org/ark:/61903/3:1:3QHK-C731-QSSR-T?view=explore&groupId=TH-7701-138496-65071-66&lang=uk,,Володимирський,
POINT (24.5233506 51.6614265),Старе Ратне,https://www.familysearch.org/ark:/61903/3:1:3QHK-C731-QSSY-Z?view=explore&groupId=TH-7701-138496-65071-66&lang=uk,,Володимирський,
POINT (24.5374268 51.6720201),Нове Ратне,https://www.familysearch.org/ark:/61903/3:1:3QHK-C731-QSSK-S?view=explore&groupId=TH-7701-138496-65071-66&lang=uk,,Володимирський,
POINT (25.123805555555556 50.35230555555556),Берестечко Георгіївська,https://docs.google.com/spreadsheets/d/1kKX7d1XfOoRPk2TwsjPVoQDr8r2wH4VMRR6_NtX07Gs/edit?gid=0#gid=0,,Дубенський,
POINT (25.0586213 50.3443141),"Мерво-Кутрівська, Різдва Богородиці",https://docs.google.com/spreadsheets/d/1Y2Bu5gqOZQ8dF8ILg9SFGZgHlioKwzewvbR2S2hAW20/edit?gid=0#gid=0,,Дубенський,
POINT (24.984077 50.422752),"Лобачівка, Св-Троїцька",https://docs.google.com/spreadsheets/d/187yWsNljLBbjj0P87SMyDXPefTkBiOkPlTGZiwXbWag/edit?gid=0#gid=0,,Дубенський,
POINT (25.122212 50.358131),"Берестечко, Свято-Троїцька",https://docs.google.com/spreadsheets/d/1VzvtYQ9DnI4GwZdyXunoZxrcCL_Lf9R9sjkMCrhCCrw/edit?gid=0#gid=0,,Дубенський,
POINT (25.6714524 50.7023486),"Параскевська церква, с. Бакорин Дубенського повіту Малинської волості",https://daro-metric-map.pages.dev/parafia/aed239fc/,"сс. Бакорин, Заболотинці, Зорівка, Новосілки, Певжа, Рейтанів, Оликської вол. Дідичі, Жорнище, Калинівка, Хорлупи",Дубенський,
POINT (26.1001779 50.3787918),"Церква Різдва Пресвятої Богородиці, с. Білашів Дубенського повіту Мізоцької волості",https://daro-metric-map.pages.dev/parafia/0df5bc76/,с. Білашів,Дубенський,
POINT (25.666529 50.207439),"Церква Святого Миколая, с. Берег Дубенського повіту Вербської волості",https://daro-metric-map.pages.dev/parafia/981826ed/,"сс. Берег, Комарівка, Миньківці, Турія",Дубенський,
POINT (25.4700008 50.4818509),"Церква Покрови Пресвятої Богородиці, с. Бокійма Дубенського повіту Княгининської волості",https://daro-metric-map.pages.dev/parafia/cc727b52/,"сс. Березини, Бокійма, Війниця, Діброви, Калинівка, Клин, Козирщина",Дубенський,
POINT (25.1861003 50.4631047),"Церква Георгія Побєдоносця, с. Боремель Дубенського повіту Боремельської волості",https://daro-metric-map.pages.dev/parafia/4a5378e8/,"сс. Боремель, Вичавки, Новосілки",Дубенський,
POINT (25.4157845 50.599352),"Церква Покрови Пресвятої Богородиці, с. Боремець Дубенського повіту Ярославицької волості",https://daro-metric-map.pages.dev/parafia/b412d4d8/,"сс. Боремець, Завалля, Підлісці, Чекно",Дубенський,
POINT (26.1467752 50.3290972),"Церква Покрови Пресвятої Богородиці, с. Будераж Дубенського повіту Будеразької волості",https://daro-metric-map.pages.dev/parafia/29f875ff/,"сс. Будераж, Мости, Півче, Святе",Дубенський,
POINT (26.2438553 50.3056172),"Михайлівська церква, с. Буща Дубенського повіту Будеразької волості",https://daro-metric-map.pages.dev/parafia/0d84b02a/,"сс. Борщівка, Буща, Мости",Дубенський,
POINT (26.0631111 50.3301559),"Церква Казанської ікони Божої Матері, с. Велика (Нова) Мощаниця Дубенського повіту Будеразької волості",https://daro-metric-map.pages.dev/parafia/40913c93/,"сс. Стара Мощаниця, Мала Мощаниця, Білашів, Листвин, Спасів, Ступно",Дубенський,
POINT (25.9708915 50.4709226),"Церква Різдва Пресвятої Богородиці, с. Варковичі Дубенського повіту Варковицької волості",https://daro-metric-map.pages.dev/parafia/2a41c59f/,"с. Білобережжя, Варковичі, Заруддя, Крилів, Хомут",Дубенський,
POINT (25.4821127 50.6513057),"Церква Пресвятої Богородиці, с. Велика Городниця Дубенського повіту Ярославицької волості",https://daro-metric-map.pages.dev/parafia/16f45902/,"сс. Велика Городниця, Ворсин, Залав’я, Мала Городниця, Малинської вол. Заболотинці, Острожець",Дубенський,
POINT (25.6195379 50.5617532),"Церква Святого Миколая, с. Великі Дорогостаї Дубенського повіту Млинівської волості",https://daro-metric-map.pages.dev/parafia/e9430620/,"сс. Великі Дорогостаї, Любанівка, Каролінка, Московщина, Новини, Ужинець, Малинської вол. Корито",Дубенський,
POINT (25.3863291 50.2820628),"Церква Хрестителя Господнього Іоанна, с. Великі Жабокрики (Довгалівка) Дубенського повіту Теслугівської волості",https://daro-metric-map.pages.dev/parafia/b59f5e23/,"сс. Боратин, Великі Жабокрики, Малі Жабокрики, Казимирівка, Курсики",Дубенський,
POINT (25.6181203 50.2781708),"Церква Святої Трійці, с. Верба Дубенського повіту Вербської волості",https://daro-metric-map.pages.dev/parafia/3acc850e/,"сс. Верба, Стовпець",Дубенський,
POINT (25.3783651 50.3760906),"Церква Воздвиження Чесного Хреста, с. Вовковиї Дубенського повіту Теслугівської волості",https://daro-metric-map.pages.dev/parafia/b79936ef/,"сс. Вовковиї, Едвардівка, Ільпибоки, Копань, Підвисоке, Рогізне, Яблунівка, Княгининської вол. Калинівка, Пащиха",Дубенський,
POINT (25.4015741 50.5416061),"Церква Воздвиження Чесного Хреста, с. Вовничі Дубенського повіту Княгининської волості",https://daro-metric-map.pages.dev/parafia/1a1bd1d9/,"сс. Баболоки, Вовничі, Рудливе",Дубенський,
POINT (26.21578 50.38673),"Церква Святої Трійці, с. Дермань Дубенського повіту Мізоцької волості",https://daro-metric-map.pages.dev/parafia/6940f54c/,с. Дермань,Дубенський,
POINT (25.365368 50.2975908),"Церква Різдва Пресвятої Богородиці, с. Добривода Дубенського повіту Теслугівської волості",https://daro-metric-map.pages.dev/parafia/121cc6a1/,"сс. Боратин, Великі Жабокрики, Добривода, Малі Жабокрики, Підвисоке, Чорна Лоза",Дубенський,
POINT (25.5064985 50.5102283),"Церква Покрови Пресвятої Богородиці, с. Добрятин Дубенського повіту Млинівської волості",https://daro-metric-map.pages.dev/parafia/19850723/,"сс. Адамівка, Добрятин, Зади, Марушин, Новина-Добрятинська, Остріїв, Панська Долина, Перевередів",Дубенський,
POINT (25.7691917 50.6158189),"Церква Георгія Побєдоносця, с. Довгошиї Дубенського повіту Малинської волості",https://daro-metric-map.pages.dev/parafia/58110254/,"сс. Богушівка, Борбин, Городище, Довгошиї, Пітушків, Посники, Пулавянки, Річиці",Дубенський,
POINT (25.341513 50.444164),"Церква Святого Миколая, с. Дубляни Дубенського повіту Княгининської волості",https://daro-metric-map.pages.dev/parafia/9110a38f/,"сс. Демидівка, Дубляни, Ільпибоки, Коцюбник, Лішня, Мар’янка, Свищів, Боремельської вол. Лопавше, Медушів, Теслугівської вол. Рогізне",Дубенський,
POINT (25.7572099 50.4154577),"Церква Георгія Побєдоносця, м. Дубно Дубенського повіту Дубенської волості",https://daro-metric-map.pages.dev/parafia/ead280da/,"сс. Гірники, Дубно, Здовбиця, Злинці, Сурмичі",Дубенський,
POINT (25.7378733 50.4180875),"Церква Св. пророка Іллі, м-ко Дубно Дубенського повіту Дубенської волості",https://daro-metric-map.pages.dev/parafia/bcd1c5c3/,"сс. Вигнанка, Дубно, Забрам’я, Замчисько, Клещиха, Кривуха, Людгардівка, Малі Сади, Миньківці, Тараканів, Цегельня",Дубенський,
POINT (25.7339279 50.4190073),"Церква Святого Миколая, м-ко Дубно Дубенського повіту Дубенської волості",https://daro-metric-map.pages.dev/parafia/935b7912/,м-ко Дубно,Дубенський,
POINT (25.7348006 50.4146407),"Церква Преображення Господнього, м-ко Дубно Дубенського повіту Дубенської волості",https://daro-metric-map.pages.dev/parafia/08d814f6/,"сс. Забрам’я, Знесення, Дубно, Цегельня",Дубенський,
POINT (25.7354586 50.4147248),"Спасівська церква, м-ко Дубно Дубенського повіту Дубенської волості",https://daro-metric-map.pages.dev/parafia/b3c8fb6c/,м-ко Дубно,Дубенський,
POINT (25.7455972 50.4187918),"Дубенський чеський приход, м-ко Дубно Дубенського повіту Дубенської волості",https://daro-metric-map.pages.dev/parafia/4eac1cf4/,м-ко Дубно,Дубенський,
POINT (25.9478317 50.5199879),"Церква Святого Іоанна Богослова, с. Жорнів Дубенського повіту Варковицької волості",https://daro-metric-map.pages.dev/parafia/dd953c21/,"сс. Жорнів, Маяки, Олибів",Дубенський,
POINT (25.8844322 50.3796258),"Церква Покрови Пресвятої Богородиці, с. Збитин Дубенського повіту Дубенської волості",https://daro-metric-map.pages.dev/parafia/65114359/,"сс. Волиця, Гірники, Збитин, Клинці, Мирогоща",Дубенський,
POINT (25.218462 50.511168),"Церква Покрови Пресвятої Богородиці, с. Золочівка Дубенського повіту Боремельської волості",https://daro-metric-map.pages.dev/parafia/24034fd5/,"сс. Золочівка, Ниви-Золочівські, Пашева",Дубенський,
POINT (25.7235611 50.4570719),"Церква Різдва Пресвятої Богородиці, с. Іванне Дубенського повіту Дубенської волості",https://daro-metric-map.pages.dev/parafia/d0eacca6/,"сс. Бортниця, Зелене, Іванне, Іванський, Коблинський, Лебедянка, Млинівської вол. М’ятин",Дубенський,
POINT (25.69492 50.327053),"Церква Святого Миколая, с. Кам’яниця Дубенського повіту Вербської волості",https://daro-metric-map.pages.dev/parafia/c839f9cd/,"сс. Кам’яниця, Микитичі, Турковичі",Дубенський,
POINT (26.0246669 50.42689),"Церква Воздвиження Чесного Хреста, с. Княгинин Дубенського повіту Варковицької волості",https://daro-metric-map.pages.dev/parafia/950c6ff7/,"сс. Будяки, Княгинин, Нараїв, Озеряни, Острів",Дубенський,
POINT (25.355703 50.478111),"Михайлівська церква, с. Княгинине Дубенського повіту Княгининської волості",https://daro-metric-map.pages.dev/parafia/10dca605/,"сс. Княгинине, Перекалі, Охматків",Дубенський,
POINT (25.465281 50.266911),"Церква Покрови Пресвятої Богородиці, с. Козин Дубенського повіту Крупецької волості",https://daro-metric-map.pages.dev/parafia/c24533ee/,"сс. Глинянка, Гранівка, Дубини, Іващуки, Козин, Курсики, Пасіка, Савчуки, Середні, Старики, Тарнавка",Дубенський,
POINT (25.851973 50.5201415),"Церква Різдва Пресвятої Богородиці, с. Кораблище Дубенського повіту Млинівської волості",https://daro-metric-map.pages.dev/parafia/e39bba24/,"сс. Аршичин, Божкевичі, Варковицької вол. Зінівка, Коблин, Кораблище, Радів, Красна Гора, Малинської вол. Перемилівка",Дубенський,
POINT (25.7793835 50.5551011),"Церква Покрови Пресвятої Богородиці, с. Косарево Дубенського повіту Млинівської волості",https://daro-metric-map.pages.dev/parafia/6ff23df6/,"сс. Божкевичі, Владиславівка, Іванівка, Кораблище, Косарево, Малинської вол. Лукарівка, Мошків, Перемилівка",Дубенський,
POINT (25.342687 50.5346681),"Церква Преображення Господнього, с. Красне Дубенського повіту Княгининської волості",https://daro-metric-map.pages.dev/parafia/e73c719f/,с. Красне,Дубенський,
POINT (25.3059132 50.1604855),"Церква Святої Трійці, с. Крупець Дубенського повіту Крупецької волості",https://daro-metric-map.pages.dev/parafia/d92dabc1/,"сс. Баранне, Біла Криниця, Гнильче, Крупець, Срібне, Кременецького пов. Радзивилівської вол. Старики",Дубенський,
POINT (26.1689777 50.4393255),"Церква Георгія Побєдоносця, с. Кунин Дубенського повіту Мізоцької волості",https://daro-metric-map.pages.dev/parafia/2c2842f2/,"сс. Коршів, Кунин, Мізоч, Стара Мощаниця, Уїздці",Дубенський,
POINT (25.2782159 50.4700401),"Церква Святого Івана Богослова, с. Лисин Дубенського повіту Боремельської волості",https://daro-metric-map.pages.dev/parafia/a1c8c350/,"сс. Лисин, Лопавше",Дубенський,
POINT (25.2820732 50.4553934),"Церква Казанської ікони Божої Матері, с. Лопавше Дубенського повіту Боремельської волості",https://daro-metric-map.pages.dev/parafia/c95e3ef4/,"сс. Лисин, Лопавше, Медушів; Княгининської вол. Демидівка, Перекалі",Дубенський,
POINT (25.2810324 50.4503234),"Михайлівська церква, с. Лопавше Дубенського повіту Боремельської волості",https://daro-metric-map.pages.dev/parafia/9e8575b7/,"сс. Лисин, Лопавше, Медушів",Дубенський,
POINT (25.55592 50.355492),"Церква Різдва Пресвятої Богородиці, с. Мильча Дубенського повіту Вербської волості",https://daro-metric-map.pages.dev/parafia/6137db70/,"сс. Велика Мильча, Мала Мильча, Пирятин, Онишківці, Сапановчик, Тур’я",Дубенський,
POINT (25.3065212 50.5082619),"Церква Воздвиження Чесного Хреста, с. Малево Дубенського повіту Боремельської волості",https://daro-metric-map.pages.dev/parafia/653980a1/,"сс. Бальче, Берестечко, Золочівка, Кальнятичі, Малево, Пашева, Русино-Берестечко",Дубенський,
POINT (25.6365925 50.657311),"Церква Святого Миколая, с. Малин Дубенського повіту Малинської волості",https://daro-metric-map.pages.dev/parafia/939ff46c/,"сс. Кнерути, Корито, Малин, Ставище, Уїздці",Дубенський,
POINT (25.589911 50.551182),"Церква Покрови Пресвятої Богородиці, с. Малі Дорогостаї Дубенського повіту Млинівської волості",https://daro-metric-map.pages.dev/parafia/8cf31dae/,"сс. Брищі, Великі Дрогостаї, Долина, Каролінка, Куце, Любанівка, Малі Дорогостаї, Мантин, Маслянка, Муравиця, Новини, Олеянувка, Підгайці, Ужинець",Дубенський,
POINT (25.689829 50.192268),"Церква Різдва Пресвятої Богородиці, с. Миньківці Дубенського повіту Вербської волості",https://daro-metric-map.pages.dev/parafia/16847082/,"сс. Берег, Миньківці, Онишківці, Сапановчик, Тур’я",Дубенський,
POINT (25.8631894 50.4284091),"Михайлівська церква, с. Мирогоща Дубенського повіту",https://daro-metric-map.pages.dev/parafia/540429dc/,"сс. Липи, Мирогоща, Рачин",Дубенський,
POINT (26.141333 50.3983189),"Церква Різдва Пресвятої Богородиці, м-ко Мізоч Дубенського повіту Мізоцької волості",https://daro-metric-map.pages.dev/parafia/0ebcbd2d/,"сс. Клопіт, Мізоч, Мізочок, Стубло, Спасів",Дубенський,
POINT (25.6081232 50.5070231),"Церква Покрови Пресвятої Богородиці, м-ко Млинів Дубенського повіту Млинівської волості",https://daro-metric-map.pages.dev/parafia/59a04970/,"сс. Береги, Вацлавин, Клиня, Кружки, Куце, Млинів, Муравиця, Озліїв, Пекалів, Перевередів, Слобода, Хорупань, Малинської вол. Мошків",Дубенський,
POINT (25.9143748 50.462015),"Церква Різдва Пресвятої Богородиці, с. Молодава Дубенського повіту Варковицької волості",https://daro-metric-map.pages.dev/parafia/c4e2f660/,"сс. Зінівка, Костянець, Ксаверівка, Мирогоща, Мокре, Молодава",Дубенський,
POINT (25.4828986 50.6123093),"Церква Покрови Пресвятої Богородиці, с. Надчиці Дубенського повіту Ярославицької волості",https://daro-metric-map.pages.dev/parafia/7557c5b8/,"с. Лядохівка (Новоукраїнка), Надчиці, Мальоване",Дубенський,
POINT (25.9317081 50.3226561),"Церква Воздвиження Чесного Хреста, с. Обгов (Соснівка) Дубенського повіту Судобицької волості",https://daro-metric-map.pages.dev/parafia/d66fc1f3/,"сс. Обгов, Бондарі, Нагоряни, Майдан",Дубенський,
POINT (25.194032 50.3492594),"Михайлівська церква, с. Острів Дубенського повіту Теслугівської волості",https://daro-metric-map.pages.dev/parafia/9ffffd36/,"сс. Острів, Пляшева, Пляшівка, Рідків",Дубенський,
POINT (25.53978 50.667568),"Церква Святого Миколая, с. Острожець Дубенського повіту Малинської волості",https://daro-metric-map.pages.dev/parafia/b0fe056d/,"сс. Заболоття, Залав’я, Замчисько, Мала Городниця, Острожець,",Дубенський,
POINT (26.1230571 50.3510785),"Церква Святого Миколая, с. Півче Дубенського повіту Будеразької волості",https://daro-metric-map.pages.dev/parafia/4b8c77b1/,"сс. Півче, Суйми",Дубенський,
POINT (25.7412901 50.3903427),"Вознесенська церква, с. Підборці Дубенського повіту Дубенської волості",https://daro-metric-map.pages.dev/parafia/7ade95f4/,"м. Дубно, с. Підборці",Дубенський,
POINT (25.7892423 50.3315137),"Церква Покрови Пресвятої Богородиці, с. Плоска Дубенського повіту Судобицької волості",https://daro-metric-map.pages.dev/parafia/25d74c2f/,"сс. Дитиничі, Переросля, Плоска, Семидуби",Дубенський,
POINT (25.197483 50.354794),"Церква Георгія Побєдоносця, с. Пляшева Дубенського повіту Теслугівської волості",https://daro-metric-map.pages.dev/parafia/d074ef71/,"сс. Гай, Глибока Долина, Копань, Курашевщина, Митниця, Острів, Пляшева, Рідків, Рогізне, Солонів, Берестецької вол. Перемиль, Боремельської вол. Вербень, Товпижин",Дубенський,
POINT (25.5087696 50.3769099),"Церква Святої Трійці, с. Повча Дубенського повіту Вербської волості",https://daro-metric-map.pages.dev/parafia/f064b031/,"сс. Брусин, Будераж, Буди, Града, Каменярня, Козин, Лисиця, Осталець, Повча, Церквисько, Дубенської вол. Вітосівка, Свинюха",Дубенський,
POINT (25.811081 50.4619656),"Церква Святої Трійці, с. Погорільці Дубенського повіту Дубенської волості",https://daro-metric-map.pages.dev/parafia/f9740f6d/,"сс. Дубрівка, Погорільці, Привільне, Черешнивка",Дубенський,
POINT (25.6206363 50.3022743),"Церква Успіння Пресвятої Богородиці, с. Птича Дубенського повіту Вербської волості",https://daro-metric-map.pages.dev/parafia/f5b0f093/,"сс. Білогородка, Птича",Дубенський,
POINT (25.5001813 50.2218089),"Церква Святого Миколая, с. Пустоіванне Дубенського повіту Крупецької волості",https://daro-metric-map.pages.dev/parafia/6dd9e5d2/,"сс. Гранівка, Гусари, Іванівка, Михайлівка, Пляшова, Пустоіванне, Рудня, Рудня - Почаївська, Чорнолозка, Вербської вол. Забірки, Кам’яна Верба, Рідкодуби",Дубенський,
POINT (25.56072 50.62878),"Параскевська церква, с. П’яне Дубенського повіту Малинської волості",https://daro-metric-map.pages.dev/parafia/cce59838/,"сс. Зборів, Корито, Острожець, П’яне, Ставище, Млинівської вол. Любанівка, Ярославицької вол. Залав’я, Княгинине, Свищів",Дубенський,
POINT (25.798651 50.41283),"Церква Казанської ікони Божої Матері, с. Рачин Дубенського повіту Дубенської волості",https://daro-metric-map.pages.dev/parafia/fb210925/,"сс. Завалля, Панталія, Рачин",Дубенський,
POINT (25.3459106 50.3948184),"Церква Різдва Пресвятої Богородиці, с. Рогізне Дубенського повіту Теслугівської волості",https://daro-metric-map.pages.dev/parafia/3cf0d3b3/,"сс. Вороничі, Копань, Рогізне",Дубенський,
POINT (25.3784541 50.421884),"Параскевська церква, с. Рудка Дубенського повіту Княгининської волості",https://daro-metric-map.pages.dev/parafia/3fc55530/,"сс. Адамівка, Ільпибоки, Калинівка, Калиновець, Мар’янка, Пащиха, Рудка, Чорна Лоза",Дубенський,
POINT (25.4980532 50.222358),"Свято-Іовленська церква, с. Рудня-Почаївська Дубенського повіту Крупецької волості",https://daro-metric-map.pages.dev/parafia/f8bae71e/,"сс. Гай, Гранівка, Гусари, Іващуки, Пляшева, Пустоіванне, Рудня-Почаївська, Янівка, Вербської вол. Забірки, Кам’яна Верба, Рідкодуби",Дубенський,
POINT (25.897892 50.554848),"Церква Преображення Господнього, с. Сатиїв Дубенського повіту Малинської волості",https://daro-metric-map.pages.dev/parafia/a4e37c61/,"сс. Дядьковичі, Михайлівка, Сатиїв",Дубенський,
POINT (25.5249228 50.6343985),"Михайлівська церква, с. Свищів Дубенського повіту Ярославицької волості",https://daro-metric-map.pages.dev/parafia/d1fe4e3d/,"сс. Залав’я, Княгинине, Свищів",Дубенський,
POINT (25.215279 50.192089),"Церква Святого Миколая, с. Сестрятин Дубенського повіту Крупецької волості",https://daro-metric-map.pages.dev/parafia/88f580a1/,"сс. Безодня, Сестрятин, Сітенка",Дубенський,
POINT (25.4081076 50.1838148),"Церква Дмитра Солунського, с. Ситне Дубенського повіту Крупецької волості",https://daro-metric-map.pages.dev/parafia/e7450309/,"сс. Адамівка, Засув, Мале Ситне, Михайлівка, Ситне",Дубенський,
POINT (25.53701 50.473408),"Церква Різдва Пресвятої Богородиці, с. Смордва Дубенського повіту Млинівської волості",https://daro-metric-map.pages.dev/parafia/8da80e16/,"сс. Береги, Клин, Перевередів, Смордва",Дубенський,
POINT (25.1577451 50.3702319),"Параскевська церква, с. Солонів Дубенського повіту Теслугівської волості",https://daro-metric-map.pages.dev/parafia/c1f3ff64/,"сс. Пляшева, Солонів",Дубенський,
POINT (25.3359449 50.1959849),"Михайлівська церква, с. Срібне Дубенського повіту Крупецької волості",https://daro-metric-map.pages.dev/parafia/fbc5851f/,"сс. Баранне, Карпилівка, Крупець, Михайлівка, Ситне, Срібне",Дубенський,
POINT (25.6116493 50.2368172),"Свято-Преображенська церква, с. Стовпець Дубенського повіту Вербської волості",https://daro-metric-map.pages.dev/parafia/ecbc6547/,"сс. Стовпець, Миньківці",Дубенський,
POINT (25.7354193 50.3804622),"Церква Пресвятої Богородиці, с. Страклів Дубенського повіту Дубенської волості",https://daro-metric-map.pages.dev/parafia/0dfcf9f6/,"сс. Волиця, ст.Дубно, Підборці, Страклів",Дубенський,
POINT (25.7048089 50.2200806),"Церква Святого Миколая, с. Студянка Дубенського повіту Судобицької волості",https://daro-metric-map.pages.dev/parafia/940f6522/,"сс. Буща, Голуби, Дворище, Крюки, Мартинівка, Марцеліна, Нова Миколаївка, Ситарі, Смига, Стара Миколаївка, Студянка, Шепетин, Кременецького пов. Білокриницької вол. Мала Андруга",Дубенський,
POINT (26.0185918 50.3386457),"Церква Святого Іоанна Богослова, с. Ступно Дубенського повіту Будеразької волості",https://daro-metric-map.pages.dev/parafia/3392f467/,"сс. Гурби, Ступно",Дубенський,
POINT (25.708364 50.381725),"Церква Святої Трійці, с. Тараканів Дубенського повіту Дубенської волості",https://daro-metric-map.pages.dev/parafia/16259984/,"сс. Великі Загірці, Малі Загірці, Олександрівка, Тараканів",Дубенський,
POINT (25.30975 50.30571),"Дмитрівська церква, с. Теслугів Дубенського повіту Теслугівської волості",https://daro-metric-map.pages.dev/parafia/d2d1714a/,"сс. Коритне, Рідків, Теслугів",Дубенський,
POINT (25.3142831 50.3052958),"Церква Святої Трійці, с. Теслугів Дубенського повіту Теслугівської волості",https://daro-metric-map.pages.dev/parafia/5d3513a7/,"сс. Боратин, Коритне, Рідків, Теслугів, Хотин",Дубенський,
POINT (25.395447 50.557494),"Вознесенська церква, с. Торговиця Дубенського повіту Ярославицької волості",https://daro-metric-map.pages.dev/parafia/443d0b17/,"сс. Боремець, Завалля, Лихачівка, Нове, Перекладовичі, Підгайці, Підлісці, Підлозці, Ставрів, Торговиця",Дубенський,
POINT (25.8812019 50.3422415),"Церква Святого Миколая, с.Тростянець Дубенського повіту Судобицької волості",https://daro-metric-map.pages.dev/parafia/99b249b2/,"сс. Грядки, Залужжя, Іваниничі, Тростянець",Дубенський,
POINT (26.0827983 50.5046619),"Церква Святого апостола і євангеліста Луки, с. Ульбарів Дубенського повіту Варковицької волості",https://daro-metric-map.pages.dev/parafia/ba2c6abd/,"сс. Конюшки, Ульбарів Перший, Ульбарів",Дубенський,
POINT (25.6263815 50.4591049),"Церква Святої Трійці, с. Хорупань Дубенського повіту Млинівської волості",https://daro-metric-map.pages.dev/parafia/82dbae81/,"сс. Великі Гайки, Вирла, Гнатівка, Головчиці, Клин Смордівський, Коблин, Мечиславівка, М’ятин, Хорупань",Дубенський,
POINT (25.267563 50.2661347),"Церква Покрови Пресвятої Богородиці, с. Хотин Дубенського повіту Теслугівської волості",https://daro-metric-map.pages.dev/parafia/3fb6c915/,"сс. Буди, Гонорадка, Полуничне, Рідків, Теребіжі, Хотин",Дубенський,
POINT (25.2465815 50.4406102),"Михайлівська церква, с. Хрінники Дубенського повіту Боремельської волості",https://daro-metric-map.pages.dev/parafia/5125cc08/,"сс. Вербень, Товпижин, Хрінники",Дубенський,
POINT (25.4330372 50.6401428),"Церква Пресвятої Богородиці, с. Ярославичі Дубенського повіту Ярославицької волості",https://daro-metric-map.pages.dev/parafia/7da1cb69/,"сс. Ворсин (Велика Городниця), Підлісці, Чекно, Яловичі, Ярославичі",Дубенський,
POINT (25.6723529 50.4930855),"Дмитрівська церква, с. Аршичин Дубенського повіту Млинівської гміни",https://daro-metric-map.pages.dev/parafia/e5dcc8fd/,"сс. Аршичин, Коблин",Дубенський,
POINT (25.681564 50.702564),"Свято-Вознесенська церква, с. Бакорин Дубенського повіту Малинської волості",https://daro-metric-map.pages.dev/parafia/dcb3e8c1/,"сс. Бакорин, Заболотинці, Новосілки, Певжа, Рейтанів",Дубенський,
POINT (25.6623674 50.2123855),"Церква Святих Кирила і Мефодія, с. Берег Дубенського повіту Вербської гміни",https://daro-metric-map.pages.dev/parafia/a144604e/,"сс. Берег, Миньківці, Турія, хут. Дубовиця",Дубенський,
POINT (25.5567471 50.3075169),"Церква Святого апостола Луки, с. Білогородка Дубенського повіту Вербської гміни",https://daro-metric-map.pages.dev/parafia/99f8ce9f/,"сс. Білогородка, Софіївка, хут. Діброва",Дубенський,
POINT (25.410969 50.29388),"Церква Святої Трійці, с. Березини Дубенського повіту Радзивилівської гміни",https://daro-metric-map.pages.dev/parafia/64c85956/,"сс. Березини, Гаї-Лев’ятинські, Дранча, Прокази",Дубенський,
POINT (25.9989651 50.4390578),"Церква Святого Архангела Михаїла, с. Білобережжя Дубенського повіту Варковицької гміни",https://daro-metric-map.pages.dev/parafia/f8923078/,"сс. Білобережжя, Заруддя, Княгинин, Кораблище, Озеряни",Дубенський,
POINT (25.6554286 50.36759),"Церква Святого Дмитра, с. Великі Загірці Дубенського повіту Дубенської гміни",https://daro-metric-map.pages.dev/parafia/f42ee48f/,"сс. Великі Загірці, Збитин",Дубенський,
POINT (25.2138269 50.3901625),"Церква Успіння Пресвятої Богородиці, с. Вербень Дубенського повіту Боремельської гміни",https://daro-metric-map.pages.dev/parafia/4613bb07/,"сс. Вербень, Котюх, Лопавше",Дубенський,
POINT (25.7420296 50.4352161),"Хрестовоздвиженська церква, м-ко Дубно Дубенського повіту Дубенської волості",https://daro-metric-map.pages.dev/parafia/a47aedec/,"м-ко Дубно, сс. Панталія, Погорільці, Знесення",Дубенський,
POINT (26.0670792 50.4850624),"Церква Свято-Дмитрівська, с. Конюшки (Квітневе) Дубенського повіту Варковицької гміни",https://daro-metric-map.pages.dev/parafia/a4799de0/,с. Конюшки,Дубенський,
POINT (25.4499494 50.1098341),"Церква Свято-Казанської Божої Матері, с. Копані Дубенського повіту Радзивилівської гміни",https://daro-metric-map.pages.dev/parafia/1abab955/,"сс. Адамівка, Копані, Крижі, Ситне",Дубенський,
POINT (25.6721321 50.6190106),"Церква Різдва Пресвятої Богородиці, с. Корито (Привітно) Дубенського повіту Малинської гміни",https://daro-metric-map.pages.dev/parafia/820f16cb/,"сс. Богушівка, Вовківня, Корито, Костянтинівка, Красельне, Ставище, Терешів",Дубенський,
POINT (25.47249 50.13473),"Церква Святого Гавриїла, с. Крижі Дубенського повіту Радзивилівської гміни",https://daro-metric-map.pages.dev/parafia/8aca7bad/,"сс. Адамівка, Гаї, Копані, Крижі, Михайлівка, Турія",Дубенський,
POINT (25.9846663 50.4026323),"Церква Георгія Побєдоносця, с. Листвин Дубенського повіту Варковицької гміни",https://daro-metric-map.pages.dev/parafia/8783fd1d/,"сс. Залісся, Заруддя, Листвин",Дубенський,
POINT (25.130541 50.29335),"Церква Покрови Пресвятої Богородиці, с. Митниця Дубенського повіту Теслугівської гміни",https://daro-metric-map.pages.dev/parafia/ba8bb516/,с. Митниця,Дубенський,
POINT (25.6950761 50.2812591),"Церква Пресвятої Богородиці, с. Носовиця Дубенського повіту Судобицької волості",https://daro-metric-map.pages.dev/parafia/d4f3ac3d/,"сс. Бірок, Замчисько, Носовиця, Судобичі",Дубенський,
POINT (25.7643985 50.4382382),"Церква Воздвиження Чесного Хреста, с. Панталія Дубенського повіту Дубенської гміни",https://daro-metric-map.pages.dev/parafia/531fb382/,"м. Дубно, с. Панталія",Дубенський,
POINT (25.5995582 50.3428613),"Свято-Михайлівська церква, с. Пирятин Дубенського повіту",https://daro-metric-map.pages.dev/parafia/0510d14b/,"сс. Мала Мильча, Микитичі, Птича, Турковичі",Дубенський,
POINT (25.5242539 50.1891861),"Свято-Михайлівська церква, с. Пляшева Дубенського повіту Теслугівської гміни",https://daro-metric-map.pages.dev/parafia/12cbef72/,"сс. Гаї Бережницькі, Забари, Мокре, Пляшова, Срулія, Хмелі, Янівка",Дубенський,
POINT (25.3561943 50.5693632),"Свято-Михайлівська церква, с. Ставрів Дубенського повіту Ярославицької гміни",https://daro-metric-map.pages.dev/parafia/61d4176f/,"сс. Більче, Кальнятичі, Підлозці, Перекладовичі, Топілля",Дубенський,
POINT (25.2025982 50.4374672),"Церква Преображення Господнього, с. Товпижин Дубенського повіту",https://daro-metric-map.pages.dev/parafia/603f4106/,"сс. Грабовець, Хрінники",Дубенський,
POINT (25.7583073 50.1875554),"Вознесенська церква, с. Шепетин Дубенського повіту Судобицької гміни",https://daro-metric-map.pages.dev/parafia/01fd6edd/,"сс. Буща, Голуби, Крюки, Марцеліна, Нова Миколаївка, Стара Миколаївка",Дубенський,
POINT (25.8664364 50.3093639),"Церква Святого Духа, с. Грядки Дубенського повіту",https://daro-metric-map.pages.dev/parafia/a83674a9/,"сс. Грядки, Залужжя, Іваниничі, Тростянець, х. Липники",Дубенський,
POINT (25.5150107 50.4900221),"Свято-Успенська церква, с. Перевередів Дубенського повіту Млинівської волості",https://daro-metric-map.pages.dev/parafia/f395a86a/,"сс. Береги, Добрятин, Перевередів",Дубенський,
POINT (26.2421045 50.4397002),"Кирило – Мефодіївська церква, с. Гульча (Гільча Друга) Здолбунівського повіту Здовбицької волості",https://daro-metric-map.pages.dev/parafia/3316a162/,"сс. Глупанин, Грінівщина, Гульча, Залісся, Маївка, Миротин, Урвенна, Хорівської вол. Завидів, Лебеді",Здолбунівський,
POINT (26.6427354 50.4065575),"Церква Святої Трійці, с. Мощаниця Здолбунівського повіту Сіянецької волості",https://daro-metric-map.pages.dev/parafia/481848c7/,"сс. Мощаниця-руська, Мощаниця-чеська",Здолбунівський,
POINT (26.5750647 50.3459031),"Свято-Успенська Церква, с. Вільбівне Здолбунівського повіту Хорівської гміни",https://daro-metric-map.pages.dev/parafia/8d5530f1/,с. Вільбівне,Здолбунівський,
POINT (26.2431096 50.518994),"Церква Почаївської ікони Божої Матері, м-ко Здолбунів Здолбунівського повіту Здолбунівської гміни",https://daro-metric-map.pages.dev/parafia/d546a26c/,"сс. Богдашів, Загоріщина, Здолбунів, Новомильськ, Старомильськ",Здолбунівський,
POINT (25.9868498 50.3714025),"Михайлівська церква, с. Мала Мощаниця Здолбунівського повіту",https://daro-metric-map.pages.dev/parafia/47a7fda3/,"сс. Залібівка, Мала Мощаниця, Стара Мощаниця, Варковицької вол. Листвин",Здолбунівський,
POINT (26.3879178 50.4208378),"Церква Різдва Пресвятої Богородиці, с. Плоске Здолбунівського повіту Хорівської гміни",https://daro-metric-map.pages.dev/parafia/b4dac645/,"сс. Верхів, Лебеді, Михайлівка, Плоске",Здолбунівський,
POINT (26.0996065 50.4497895),"Хрестовоздвиженська церква, с. Спасів Здолбунівського повіту",https://daro-metric-map.pages.dev/parafia/189b52f3/,"сс. Волиця, Спасів, Цурків",Здолбунівський,
POINT (26.1831467 50.462202),"Свято Дмитрівська церква, с. Уїздці Здолбунівського повіту Мізоцької гміни",https://daro-metric-map.pages.dev/parafia/2197968e/,"сс. Кунин , Уїздці-чеські,",Здолбунівський,
POINT (24.8145767 51.2412886),Білин,"ДАЖО 1-74-32
Сторінка 3
https://commons.wikimedia.org/wiki/File:%D0%94%D0%90%D0%96%D0%9E_1-74-0032._1913._%D0%A1%D0%BF%D0%BE%D0%B2%D1%96%D0%B4%D0%B0%D0%BB%D1%8C%D0%BD%D1%96_%D1%80%D0%BE%D0%B7%D0%BF%D0%B8%D1%81%D0%B8_%D0%BF%D1%80%D0%B0%D0%B2%D0%BE%D1%81%D0%BB%D0%B0%D0%B2%D0%BD%D0%B8%D1%85_%D1%86%D0%B5%D1%80%D0%BA%D0%BE%D0%B2_%D0%9A%D0%BE%D0%B2%D0%B5%D0%BB%D1%8C%D1%81%D1%8C%D0%BA%D0%BE%D0%B3%D0%BE_%D0%BF%D0%BE%D0%B2%D1%96%D1%82%D1%83._%D0%A1%D0%B5%D0%BB%D0%B0_%D0%91-%D0%96.pdf",,Ковельський,
POINT (24.4953244 51.00705060000001),Бобли,"ДАЖО 1-74-32
Сторінка 30
https://commons.wikimedia.org/wiki/File:%D0%94%D0%90%D0%96%D0%9E_1-74-0032._1913._%D0%A1%D0%BF%D0%BE%D0%B2%D1%96%D0%B4%D0%B0%D0%BB%D1%8C%D0%BD%D1%96_%D1%80%D0%BE%D0%B7%D0%BF%D0%B8%D1%81%D0%B8_%D0%BF%D1%80%D0%B0%D0%B2%D0%BE%D1%81%D0%BB%D0%B0%D0%B2%D0%BD%D0%B8%D1%85_%D1%86%D0%B5%D1%80%D0%BA%D0%BE%D0%B2_%D0%9A%D0%BE%D0%B2%D0%B5%D0%BB%D1%8C%D1%81%D1%8C%D0%BA%D0%BE%D0%B3%D0%BE_%D0%BF%D0%BE%D0%B2%D1%96%D1%82%D1%83._%D0%A1%D0%B5%D0%BB%D0%B0_%D0%91-%D0%96.pdf",,Ковельський,
POINT (25.2864362 51.5141801),Боровне,"ДАЖО 1-74-32
Сторінка 58
https://commons.wikimedia.org/wiki/File:%D0%94%D0%90%D0%96%D0%9E_1-74-0032._1913._%D0%A1%D0%BF%D0%BE%D0%B2%D1%96%D0%B4%D0%B0%D0%BB%D1%8C%D0%BD%D1%96_%D1%80%D0%BE%D0%B7%D0%BF%D0%B8%D1%81%D0%B8_%D0%BF%D1%80%D0%B0%D0%B2%D0%BE%D1%81%D0%BB%D0%B0%D0%B2%D0%BD%D0%B8%D1%85_%D1%86%D0%B5%D1%80%D0%BA%D0%BE%D0%B2_%D0%9A%D0%BE%D0%B2%D0%B5%D0%BB%D1%8C%D1%81%D1%8C%D0%BA%D0%BE%D0%B3%D0%BE_%D0%BF%D0%BE%D0%B2%D1%96%D1%82%D1%83._%D0%A1%D0%B5%D0%BB%D0%B0_%D0%91-%D0%96.pdf",,Ковельський,
POINT (25.2024096 51.8090926),Бірки,"ДАЖО 1-74-32
Сторінка 96
https://commons.wikimedia.org/wiki/File:%D0%94%D0%90%D0%96%D0%9E_1-74-0032._1913._%D0%A1%D0%BF%D0%BE%D0%B2%D1%96%D0%B4%D0%B0%D0%BB%D1%8C%D0%BD%D1%96_%D1%80%D0%BE%D0%B7%D0%BF%D0%B8%D1%81%D0%B8_%D0%BF%D1%80%D0%B0%D0%B2%D0%BE%D1%81%D0%BB%D0%B0%D0%B2%D0%BD%D0%B8%D1%85_%D1%86%D0%B5%D1%80%D0%BA%D0%BE%D0%B2_%D0%9A%D0%BE%D0%B2%D0%B5%D0%BB%D1%8C%D1%81%D1%8C%D0%BA%D0%BE%D0%B3%D0%BE_%D0%BF%D0%BE%D0%B2%D1%96%D1%82%D1%83._%D0%A1%D0%B5%D0%BB%D0%B0_%D0%91-%D0%96.pdf",,Ковельський,
POINT (24.8235826 51.6377691),Бузаки,"ДАЖО 1-74-32
Сторінка 126
https://commons.wikimedia.org/wiki/File:%D0%94%D0%90%D0%96%D0%9E_1-74-0032._1913._%D0%A1%D0%BF%D0%BE%D0%B2%D1%96%D0%B4%D0%B0%D0%BB%D1%8C%D0%BD%D1%96_%D1%80%D0%BE%D0%B7%D0%BF%D0%B8%D1%81%D0%B8_%D0%BF%D1%80%D0%B0%D0%B2%D0%BE%D1%81%D0%BB%D0%B0%D0%B2%D0%BD%D0%B8%D1%85_%D1%86%D0%B5%D1%80%D0%BA%D0%BE%D0%B2_%D0%9A%D0%BE%D0%B2%D0%B5%D0%BB%D1%8C%D1%81%D1%8C%D0%BA%D0%BE%D0%B3%D0%BE_%D0%BF%D0%BE%D0%B2%D1%96%D1%82%D1%83._%D0%A1%D0%B5%D0%BB%D0%B0_%D0%91-%D0%96.pdf",,Ковельський,
POINT (25.2237619 51.3758068),Бережниця,"ДАЖО 1-74-32
Сторінка 165
https://commons.wikimedia.org/wiki/File:%D0%94%D0%90%D0%96%D0%9E_1-74-0032._1913._%D0%A1%D0%BF%D0%BE%D0%B2%D1%96%D0%B4%D0%B0%D0%BB%D1%8C%D0%BD%D1%96_%D1%80%D0%BE%D0%B7%D0%BF%D0%B8%D1%81%D0%B8_%D0%BF%D1%80%D0%B0%D0%B2%D0%BE%D1%81%D0%BB%D0%B0%D0%B2%D0%BD%D0%B8%D1%85_%D1%86%D0%B5%D1%80%D0%BA%D0%BE%D0%B2_%D0%9A%D0%BE%D0%B2%D0%B5%D0%BB%D1%8C%D1%81%D1%8C%D0%BA%D0%BE%D0%B3%D0%BE_%D0%BF%D0%BE%D0%B2%D1%96%D1%82%D1%83._%D0%A1%D0%B5%D0%BB%D0%B0_%D0%91-%D0%96.pdf",,Ковельський,
POINT (24.9744239 51.1326076),Битень,"ДАЖО 1-74-32
Сторінка 185
https://commons.wikimedia.org/wiki/File:%D0%94%D0%90%D0%96%D0%9E_1-74-0032._1913._%D0%A1%D0%BF%D0%BE%D0%B2%D1%96%D0%B4%D0%B0%D0%BB%D1%8C%D0%BD%D1%96_%D1%80%D0%BE%D0%B7%D0%BF%D0%B8%D1%81%D0%B8_%D0%BF%D1%80%D0%B0%D0%B2%D0%BE%D1%81%D0%BB%D0%B0%D0%B2%D0%BD%D0%B8%D1%85_%D1%86%D0%B5%D1%80%D0%BA%D0%BE%D0%B2_%D0%9A%D0%BE%D0%B2%D0%B5%D0%BB%D1%8C%D1%81%D1%8C%D0%BA%D0%BE%D0%B3%D0%BE_%D0%BF%D0%BE%D0%B2%D1%96%D1%82%D1%83._%D0%A1%D0%B5%D0%BB%D0%B0_%D0%91-%D0%96.pdf",,Ковельський,
POINT (24.7387755 51.5797343),Велимче,"ДАЖО 1-74-32
Сторінка 204
https://commons.wikimedia.org/wiki/File:%D0%94%D0%90%D0%96%D0%9E_1-74-0032._1913._%D0%A1%D0%BF%D0%BE%D0%B2%D1%96%D0%B4%D0%B0%D0%BB%D1%8C%D0%BD%D1%96_%D1%80%D0%BE%D0%B7%D0%BF%D0%B8%D1%81%D0%B8_%D0%BF%D1%80%D0%B0%D0%B2%D0%BE%D1%81%D0%BB%D0%B0%D0%B2%D0%BD%D0%B8%D1%85_%D1%86%D0%B5%D1%80%D0%BA%D0%BE%D0%B2_%D0%9A%D0%BE%D0%B2%D0%B5%D0%BB%D1%8C%D1%81%D1%8C%D0%BA%D0%BE%D0%B3%D0%BE_%D0%BF%D0%BE%D0%B2%D1%96%D1%82%D1%83._%D0%A1%D0%B5%D0%BB%D0%B0_%D0%91-%D0%96.pdf",,Ковельський,
POINT (25.1989188 51.1202715),Велицьк,"ДАЖО 1-74-32
Сторінка 249
https://commons.wikimedia.org/wiki/File:%D0%94%D0%90%D0%96%D0%9E_1-74-0032._1913._%D0%A1%D0%BF%D0%BE%D0%B2%D1%96%D0%B4%D0%B0%D0%BB%D1%8C%D0%BD%D1%96_%D1%80%D0%BE%D0%B7%D0%BF%D0%B8%D1%81%D0%B8_%D0%BF%D1%80%D0%B0%D0%B2%D0%BE%D1%81%D0%BB%D0%B0%D0%B2%D0%BD%D0%B8%D1%85_%D1%86%D0%B5%D1%80%D0%BA%D0%BE%D0%B2_%D0%9A%D0%BE%D0%B2%D0%B5%D0%BB%D1%8C%D1%81%D1%8C%D0%BA%D0%BE%D0%B3%D0%BE_%D0%BF%D0%BE%D0%B2%D1%96%D1%82%D1%83._%D0%A1%D0%B5%D0%BB%D0%B0_%D0%91-%D0%96.pdf",,Ковельський,
POINT (25.0166296 51.7219237),Видерта,"ДАЖО 1-74-32
Сторінка 279
https://commons.wikimedia.org/wiki/File:%D0%94%D0%90%D0%96%D0%9E_1-74-0032._1913._%D0%A1%D0%BF%D0%BE%D0%B2%D1%96%D0%B4%D0%B0%D0%BB%D1%8C%D0%BD%D1%96_%D1%80%D0%BE%D0%B7%D0%BF%D0%B8%D1%81%D0%B8_%D0%BF%D1%80%D0%B0%D0%B2%D0%BE%D1%81%D0%BB%D0%B0%D0%B2%D0%BD%D0%B8%D1%85_%D1%86%D0%B5%D1%80%D0%BA%D0%BE%D0%B2_%D0%9A%D0%BE%D0%B2%D0%B5%D0%BB%D1%8C%D1%81%D1%8C%D0%BA%D0%BE%D0%B3%D0%BE_%D0%BF%D0%BE%D0%B2%D1%96%D1%82%D1%83._%D0%A1%D0%B5%D0%BB%D0%B0_%D0%91-%D0%96.pdf",,Ковельський,
POINT (25.1057845 51.8818798),Ветли,"ДАЖО 1-74-32
Сторінка 301
https://commons.wikimedia.org/wiki/File:%D0%94%D0%90%D0%96%D0%9E_1-74-0032._1913._%D0%A1%D0%BF%D0%BE%D0%B2%D1%96%D0%B4%D0%B0%D0%BB%D1%8C%D0%BD%D1%96_%D1%80%D0%BE%D0%B7%D0%BF%D0%B8%D1%81%D0%B8_%D0%BF%D1%80%D0%B0%D0%B2%D0%BE%D1%81%D0%BB%D0%B0%D0%B2%D0%BD%D0%B8%D1%85_%D1%86%D0%B5%D1%80%D0%BA%D0%BE%D0%B2_%D0%9A%D0%BE%D0%B2%D0%B5%D0%BB%D1%8C%D1%81%D1%8C%D0%BA%D0%BE%D0%B3%D0%BE_%D0%BF%D0%BE%D0%B2%D1%96%D1%82%D1%83._%D0%A1%D0%B5%D0%BB%D0%B0_%D0%91-%D0%96.pdf",,Ковельський,
POINT (24.6152602 50.9913438),Вербичне,"ДАЖО 1-74-32
Сторінка 329 https://commons.wikimedia.org/wiki/File:%D0%94%D0%90%D0%96%D0%9E_1-74-0032._1913._%D0%A1%D0%BF%D0%BE%D0%B2%D1%96%D0%B4%D0%B0%D0%BB%D1%8C%D0%BD%D1%96_%D1%80%D0%BE%D0%B7%D0%BF%D0%B8%D1%81%D0%B8_%D0%BF%D1%80%D0%B0%D0%B2%D0%BE%D1%81%D0%BB%D0%B0%D0%B2%D0%BD%D0%B8%D1%85_%D1%86%D0%B5%D1%80%D0%BA%D0%BE%D0%B2_%D0%9A%D0%BE%D0%B2%D0%B5%D0%BB%D1%8C%D1%81%D1%8C%D0%BA%D0%BE%D0%B3%D0%BE_%D0%BF%D0%BE%D0%B2%D1%96%D1%82%D1%83._%D0%A1%D0%B5%D0%BB%D0%B0_%D0%91-%D0%96.pdf",,Ковельський,
POINT (24.7149812 51.2414213),Вербка,"ДАЖО 1-74-32
Сторінка 359
https://commons.wikimedia.org/wiki/File:%D0%94%D0%90%D0%96%D0%9E_1-74-0032._1913._%D0%A1%D0%BF%D0%BE%D0%B2%D1%96%D0%B4%D0%B0%D0%BB%D1%8C%D0%BD%D1%96_%D1%80%D0%BE%D0%B7%D0%BF%D0%B8%D1%81%D0%B8_%D0%BF%D1%80%D0%B0%D0%B2%D0%BE%D1%81%D0%BB%D0%B0%D0%B2%D0%BD%D0%B8%D1%85_%D1%86%D0%B5%D1%80%D0%BA%D0%BE%D0%B2_%D0%9A%D0%BE%D0%B2%D0%B5%D0%BB%D1%8C%D1%81%D1%8C%D0%BA%D0%BE%D0%B3%D0%BE_%D0%BF%D0%BE%D0%B2%D1%96%D1%82%D1%83._%D0%A1%D0%B5%D0%BB%D0%B0_%D0%91-%D0%96.pdf",,Ковельський,
POINT (25.1056571 51.460274),Верхи,"ДАЖО 1-74-32
Сторінка 402
https://commons.wikimedia.org/wiki/File:%D0%94%D0%90%D0%96%D0%9E_1-74-0032._1913._%D0%A1%D0%BF%D0%BE%D0%B2%D1%96%D0%B4%D0%B0%D0%BB%D1%8C%D0%BD%D1%96_%D1%80%D0%BE%D0%B7%D0%BF%D0%B8%D1%81%D0%B8_%D0%BF%D1%80%D0%B0%D0%B2%D0%BE%D1%81%D0%BB%D0%B0%D0%B2%D0%BD%D0%B8%D1%85_%D1%86%D0%B5%D1%80%D0%BA%D0%BE%D0%B2_%D0%9A%D0%BE%D0%B2%D0%B5%D0%BB%D1%8C%D1%81%D1%8C%D0%BA%D0%BE%D0%B3%D0%BE_%D0%BF%D0%BE%D0%B2%D1%96%D1%82%D1%83._%D0%A1%D0%B5%D0%BB%D0%B0_%D0%91-%D0%96.pdf",,Ковельський,
POINT (24.8588215 51.1922702),Волошки,"ДАЖО 1-74-32
Сторінка 426
https://commons.wikimedia.org/wiki/File:%D0%94%D0%90%D0%96%D0%9E_1-74-0032._1913._%D0%A1%D0%BF%D0%BE%D0%B2%D1%96%D0%B4%D0%B0%D0%BB%D1%8C%D0%BD%D1%96_%D1%80%D0%BE%D0%B7%D0%BF%D0%B8%D1%81%D0%B8_%D0%BF%D1%80%D0%B0%D0%B2%D0%BE%D1%81%D0%BB%D0%B0%D0%B2%D0%BD%D0%B8%D1%85_%D1%86%D0%B5%D1%80%D0%BA%D0%BE%D0%B2_%D0%9A%D0%BE%D0%B2%D0%B5%D0%BB%D1%8C%D1%81%D1%8C%D0%BA%D0%BE%D0%B3%D0%BE_%D0%BF%D0%BE%D0%B2%D1%96%D1%82%D1%83._%D0%A1%D0%B5%D0%BB%D0%B0_%D0%91-%D0%96.pdf",,Ковельський,
POINT (25.0772155 51.7081548),Ворокомле,"ДАЖО 1-74-32
Сторінка 454
https://commons.wikimedia.org/wiki/File:%D0%94%D0%90%D0%96%D0%9E_1-74-0032._1913._%D0%A1%D0%BF%D0%BE%D0%B2%D1%96%D0%B4%D0%B0%D0%BB%D1%8C%D0%BD%D1%96_%D1%80%D0%BE%D0%B7%D0%BF%D0%B8%D1%81%D0%B8_%D0%BF%D1%80%D0%B0%D0%B2%D0%BE%D1%81%D0%BB%D0%B0%D0%B2%D0%BD%D0%B8%D1%85_%D1%86%D0%B5%D1%80%D0%BA%D0%BE%D0%B2_%D0%9A%D0%BE%D0%B2%D0%B5%D0%BB%D1%8C%D1%81%D1%8C%D0%BA%D0%BE%D0%B3%D0%BE_%D0%BF%D0%BE%D0%B2%D1%96%D1%82%D1%83._%D0%A1%D0%B5%D0%BB%D0%B0_%D0%91-%D0%96.pdf",,Ковельський,
POINT (24.4366562 51.4373666),Стара Вижівка,"ДАЖО 1-74-32
Сторінка 477
https://commons.wikimedia.org/wiki/File:%D0%94%D0%90%D0%96%D0%9E_1-74-0032._1913._%D0%A1%D0%BF%D0%BE%D0%B2%D1%96%D0%B4%D0%B0%D0%BB%D1%8C%D0%BD%D1%96_%D1%80%D0%BE%D0%B7%D0%BF%D0%B8%D1%81%D0%B8_%D0%BF%D1%80%D0%B0%D0%B2%D0%BE%D1%81%D0%BB%D0%B0%D0%B2%D0%BD%D0%B8%D1%85_%D1%86%D0%B5%D1%80%D0%BA%D0%BE%D0%B2_%D0%9A%D0%BE%D0%B2%D0%B5%D0%BB%D1%8C%D1%81%D1%8C%D0%BA%D0%BE%D0%B3%D0%BE_%D0%BF%D0%BE%D0%B2%D1%96%D1%82%D1%83._%D0%A1%D0%B5%D0%BB%D0%B0_%D0%91-%D0%96.pdf",,Ковельський,
POINT (24.4246956 51.3953774),Нова Вижва,"ДАЖО 1-74-32
Сторінка 527
https://commons.wikimedia.org/wiki/File:%D0%94%D0%90%D0%96%D0%9E_1-74-0032._1913._%D0%A1%D0%BF%D0%BE%D0%B2%D1%96%D0%B4%D0%B0%D0%BB%D1%8C%D0%BD%D1%96_%D1%80%D0%BE%D0%B7%D0%BF%D0%B8%D1%81%D0%B8_%D0%BF%D1%80%D0%B0%D0%B2%D0%BE%D1%81%D0%BB%D0%B0%D0%B2%D0%BD%D0%B8%D1%85_%D1%86%D0%B5%D1%80%D0%BA%D0%BE%D0%B2_%D0%9A%D0%BE%D0%B2%D0%B5%D0%BB%D1%8C%D1%81%D1%8C%D0%BA%D0%BE%D0%B3%D0%BE_%D0%BF%D0%BE%D0%B2%D1%96%D1%82%D1%83._%D0%A1%D0%B5%D0%BB%D0%B0_%D0%91-%D0%96.pdf",,Ковельський,
POINT (24.5581231 51.606085),Видраниця,"ДАЖО 1-74-32
Сторінка 561
https://commons.wikimedia.org/wiki/File:%D0%94%D0%90%D0%96%D0%9E_1-74-0032._1913._%D0%A1%D0%BF%D0%BE%D0%B2%D1%96%D0%B4%D0%B0%D0%BB%D1%8C%D0%BD%D1%96_%D1%80%D0%BE%D0%B7%D0%BF%D0%B8%D1%81%D0%B8_%D0%BF%D1%80%D0%B0%D0%B2%D0%BE%D1%81%D0%BB%D0%B0%D0%B2%D0%BD%D0%B8%D1%85_%D1%86%D0%B5%D1%80%D0%BA%D0%BE%D0%B2_%D0%9A%D0%BE%D0%B2%D0%B5%D0%BB%D1%8C%D1%81%D1%8C%D0%BA%D0%BE%D0%B3%D0%BE_%D0%BF%D0%BE%D0%B2%D1%96%D1%82%D1%83._%D0%A1%D0%B5%D0%BB%D0%B0_%D0%91-%D0%96.pdf",,Ковельський,
POINT (25.0510263 51.8154201),Велика Глуша,"ДАЖО 1-74-32
Сторінка 589
https://commons.wikimedia.org/wiki/File:%D0%94%D0%90%D0%96%D0%9E_1-74-0032._1913._%D0%A1%D0%BF%D0%BE%D0%B2%D1%96%D0%B4%D0%B0%D0%BB%D1%8C%D0%BD%D1%96_%D1%80%D0%BE%D0%B7%D0%BF%D0%B8%D1%81%D0%B8_%D0%BF%D1%80%D0%B0%D0%B2%D0%BE%D1%81%D0%BB%D0%B0%D0%B2%D0%BD%D0%B8%D1%85_%D1%86%D0%B5%D1%80%D0%BA%D0%BE%D0%B2_%D0%9A%D0%BE%D0%B2%D0%B5%D0%BB%D1%8C%D1%81%D1%8C%D0%BA%D0%BE%D0%B3%D0%BE_%D0%BF%D0%BE%D0%B2%D1%96%D1%82%D1%83._%D0%A1%D0%B5%D0%BB%D0%B0_%D0%91-%D0%96.pdf",,Ковельський,
POINT (24.9895796 51.7899434),Мала Глуша,"ДАЖО 1-74-32
Сторінка 615
https://commons.wikimedia.org/wiki/File:%D0%94%D0%90%D0%96%D0%9E_1-74-0032._1913._%D0%A1%D0%BF%D0%BE%D0%B2%D1%96%D0%B4%D0%B0%D0%BB%D1%8C%D0%BD%D1%96_%D1%80%D0%BE%D0%B7%D0%BF%D0%B8%D1%81%D0%B8_%D0%BF%D1%80%D0%B0%D0%B2%D0%BE%D1%81%D0%BB%D0%B0%D0%B2%D0%BD%D0%B8%D1%85_%D1%86%D0%B5%D1%80%D0%BA%D0%BE%D0%B2_%D0%9A%D0%BE%D0%B2%D0%B5%D0%BB%D1%8C%D1%81%D1%8C%D0%BA%D0%BE%D0%B3%D0%BE_%D0%BF%D0%BE%D0%B2%D1%96%D1%82%D1%83._%D0%A1%D0%B5%D0%BB%D0%B0_%D0%91-%D0%96.pdf",,Ковельський,
POINT (25.0109305 51.0853063),Голоби,"ДАЖО 1-74-32
Сторінка 655
https://commons.wikimedia.org/wiki/File:%D0%94%D0%90%D0%96%D0%9E_1-74-0032._1913._%D0%A1%D0%BF%D0%BE%D0%B2%D1%96%D0%B4%D0%B0%D0%BB%D1%8C%D0%BD%D1%96_%D1%80%D0%BE%D0%B7%D0%BF%D0%B8%D1%81%D0%B8_%D0%BF%D1%80%D0%B0%D0%B2%D0%BE%D1%81%D0%BB%D0%B0%D0%B2%D0%BD%D0%B8%D1%85_%D1%86%D0%B5%D1%80%D0%BA%D0%BE%D0%B2_%D0%9A%D0%BE%D0%B2%D0%B5%D0%BB%D1%8C%D1%81%D1%8C%D0%BA%D0%BE%D0%B3%D0%BE_%D0%BF%D0%BE%D0%B2%D1%96%D1%82%D1%83._%D0%A1%D0%B5%D0%BB%D0%B0_%D0%91-%D0%96.pdf",,Ковельський,
POINT (25.4153378 51.5209474),Грива,"ДАЖО 1-74-32
Сторінка 706
https://commons.wikimedia.org/wiki/File:%D0%94%D0%90%D0%96%D0%9E_1-74-0032._1913._%D0%A1%D0%BF%D0%BE%D0%B2%D1%96%D0%B4%D0%B0%D0%BB%D1%8C%D0%BD%D1%96_%D1%80%D0%BE%D0%B7%D0%BF%D0%B8%D1%81%D0%B8_%D0%BF%D1%80%D0%B0%D0%B2%D0%BE%D1%81%D0%BB%D0%B0%D0%B2%D0%BD%D0%B8%D1%85_%D1%86%D0%B5%D1%80%D0%BA%D0%BE%D0%B2_%D0%9A%D0%BE%D0%B2%D0%B5%D0%BB%D1%8C%D1%81%D1%8C%D0%BA%D0%BE%D0%B3%D0%BE_%D0%BF%D0%BE%D0%B2%D1%96%D1%82%D1%83._%D0%A1%D0%B5%D0%BB%D0%B0_%D0%91-%D0%96.pdf",,Ковельський,
POINT (25.0365897 51.5867708),Гута-Камінська,"ДАЖО 1-74-32
Сторінка 726
https://commons.wikimedia.org/wiki/File:%D0%94%D0%90%D0%96%D0%9E_1-74-0032._1913._%D0%A1%D0%BF%D0%BE%D0%B2%D1%96%D0%B4%D0%B0%D0%BB%D1%8C%D0%BD%D1%96_%D1%80%D0%BE%D0%B7%D0%BF%D0%B8%D1%81%D0%B8_%D0%BF%D1%80%D0%B0%D0%B2%D0%BE%D1%81%D0%BB%D0%B0%D0%B2%D0%BD%D0%B8%D1%85_%D1%86%D0%B5%D1%80%D0%BA%D0%BE%D0%B2_%D0%9A%D0%BE%D0%B2%D0%B5%D0%BB%D1%8C%D1%81%D1%8C%D0%BA%D0%BE%D0%B3%D0%BE_%D0%BF%D0%BE%D0%B2%D1%96%D1%82%D1%83._%D0%A1%D0%B5%D0%BB%D0%B0_%D0%91-%D0%96.pdf",,Ковельський,
POINT (24.7612988 51.5214704),Датинь,"ДАЖО 1-74-32
Сторінка 752
https://commons.wikimedia.org/wiki/File:%D0%94%D0%90%D0%96%D0%9E_1-74-0032._1913._%D0%A1%D0%BF%D0%BE%D0%B2%D1%96%D0%B4%D0%B0%D0%BB%D1%8C%D0%BD%D1%96_%D1%80%D0%BE%D0%B7%D0%BF%D0%B8%D1%81%D0%B8_%D0%BF%D1%80%D0%B0%D0%B2%D0%BE%D1%81%D0%BB%D0%B0%D0%B2%D0%BD%D0%B8%D1%85_%D1%86%D0%B5%D1%80%D0%BA%D0%BE%D0%B2_%D0%9A%D0%BE%D0%B2%D0%B5%D0%BB%D1%8C%D1%81%D1%8C%D0%BA%D0%BE%D0%B3%D0%BE_%D0%BF%D0%BE%D0%B2%D1%96%D1%82%D1%83._%D0%A1%D0%B5%D0%BB%D0%B0_%D0%91-%D0%96.pdf",,Ковельський,
POINT (24.3764639 51.1047082),Дольськ,"ДАЖО 1-74-32
Сторінка 787
https://commons.wikimedia.org/wiki/File:%D0%94%D0%90%D0%96%D0%9E_1-74-0032._1913._%D0%A1%D0%BF%D0%BE%D0%B2%D1%96%D0%B4%D0%B0%D0%BB%D1%8C%D0%BD%D1%96_%D1%80%D0%BE%D0%B7%D0%BF%D0%B8%D1%81%D0%B8_%D0%BF%D1%80%D0%B0%D0%B2%D0%BE%D1%81%D0%BB%D0%B0%D0%B2%D0%BD%D0%B8%D1%85_%D1%86%D0%B5%D1%80%D0%BA%D0%BE%D0%B2_%D0%9A%D0%BE%D0%B2%D0%B5%D0%BB%D1%8C%D1%81%D1%8C%D0%BA%D0%BE%D0%B3%D0%BE_%D0%BF%D0%BE%D0%B2%D1%96%D1%82%D1%83._%D0%A1%D0%B5%D0%BB%D0%B0_%D0%91-%D0%96.pdf",,Ковельський,
POINT (24.7652341 51.3402836),Доротище,"ДАЖО 1-74-32
Сторінка 802
https://commons.wikimedia.org/wiki/File:%D0%94%D0%90%D0%96%D0%9E_1-74-0032._1913._%D0%A1%D0%BF%D0%BE%D0%B2%D1%96%D0%B4%D0%B0%D0%BB%D1%8C%D0%BD%D1%96_%D1%80%D0%BE%D0%B7%D0%BF%D0%B8%D1%81%D0%B8_%D0%BF%D1%80%D0%B0%D0%B2%D0%BE%D1%81%D0%BB%D0%B0%D0%B2%D0%BD%D0%B8%D1%85_%D1%86%D0%B5%D1%80%D0%BA%D0%BE%D0%B2_%D0%9A%D0%BE%D0%B2%D0%B5%D0%BB%D1%8C%D1%81%D1%8C%D0%BA%D0%BE%D0%B3%D0%BE_%D0%BF%D0%BE%D0%B2%D1%96%D1%82%D1%83._%D0%A1%D0%B5%D0%BB%D0%B0_%D0%91-%D0%96.pdf",,Ковельський,
POINT (24.8768562 51.1157821),Дроздні,"ДАЖО 1-74-32
Сторінка 822
https://commons.wikimedia.org/wiki/File:%D0%94%D0%90%D0%96%D0%9E_1-74-0032._1913._%D0%A1%D0%BF%D0%BE%D0%B2%D1%96%D0%B4%D0%B0%D0%BB%D1%8C%D0%BD%D1%96_%D1%80%D0%BE%D0%B7%D0%BF%D0%B8%D1%81%D0%B8_%D0%BF%D1%80%D0%B0%D0%B2%D0%BE%D1%81%D0%BB%D0%B0%D0%B2%D0%BD%D0%B8%D1%85_%D1%86%D0%B5%D1%80%D0%BA%D0%BE%D0%B2_%D0%9A%D0%BE%D0%B2%D0%B5%D0%BB%D1%8C%D1%81%D1%8C%D0%BA%D0%BE%D0%B3%D0%BE_%D0%BF%D0%BE%D0%B2%D1%96%D1%82%D1%83._%D0%A1%D0%B5%D0%BB%D0%B0_%D0%91-%D0%96.pdf",,Ковельський,
POINT (24.4115813 51.6833682),Жиричі,https://www.familysearch.org/ark:/61903/3:1:3QHK-4731-S95R-7?view=explore&groupId=TH-7701-138496-65067-78&lang=uk,,Ковельський,
POINT (24.3483736 51.28410419999999),Зачернеччя,https://www.familysearch.org/ark:/61903/3:1:3QHJ-V73Y-64PK-7?view=explore&groupId=TH-7701-138496-65067-78&lang=uk,,Ковельський,
POINT (24.2426659 51.6337599),Заболоття,https://www.familysearch.org/ark:/61903/3:1:3QHK-J731-D95K?view=explore&groupId=TH-7701-138496-65067-78&lang=uk,,Ковельський,
POINT (24.5996368 51.669687),Заброди/Забріддя,https://www.familysearch.org/ark:/61903/3:1:3QHK-4731-S95B-7?view=explore&groupId=TH-7701-138496-65067-78&lang=uk,,Ковельський,
POINT (24.6422277 51.135273),Задиби,https://www.familysearch.org/ark:/61903/3:1:3QHK-C731-Q91C-5?view=explore&groupId=TH-7701-138496-65067-78&lang=uk,,Ковельський,
POINT (24.3014234 51.62366189999999),Заліси,https://www.familysearch.org/ark:/61903/3:1:3QHK-C731-Q91H-Q?view=explore&groupId=TH-7701-138496-65067-78&lang=uk,,Ковельський,
POINT (24.5729393 51.5635998),Замшани,https://www.familysearch.org/ark:/61903/3:1:3QHJ-V73Y-64PL-4?view=explore&groupId=TH-7701-138496-65067-78&lang=uk,,Ковельський,
POINT (24.4211419 51.6252574),Здомишель,https://www.familysearch.org/ark:/61903/3:1:3QHK-C731-Q916-T?view=explore&groupId=TH-7701-138496-65067-78&lang=uk,,Ковельський,
POINT (25.1689413 51.72662159999999),Залаззя,https://www.familysearch.org/ark:/61903/3:1:3QHJ-V73Y-64PG-6?view=explore&groupId=TH-7701-138496-65067-78&lang=uk,,Ковельський,
POINT (24.9829238 51.6222047),"Камінь-Каширський, Різдва Пресвятої Богородиці",https://www.familysearch.org/ark:/61903/3:1:3QHK-4731-S95Y-H?view=explore&groupId=TH-7701-138496-65067-78&lang=uk,,Ковельський,
POINT (24.9597495 51.6213522),"Камінь-Каширський, Св. Іллі Пророка",https://www.familysearch.org/ark:/61903/3:1:3QHJ-V73Y-64P5-Q?view=explore&groupId=TH-7701-138496-65067-78&lang=uk,,Ковельський,
POINT (25.0019795 51.3999078),Карасин,https://www.familysearch.org/ark:/61903/3:1:3QHK-J731-D9PM?view=explore&groupId=TH-7701-138496-65067-78&lang=uk,,Ковельський,
POINT (24.7933541 51.4974684),Качин,https://www.familysearch.org/ark:/61903/3:1:3QHK-C731-Q91D-F?view=explore&groupId=TH-7701-138496-65067-78&lang=uk,,Ковельський,
POINT (25.3188702 51.1665614),Кашівка,https://www.familysearch.org/ark:/61903/3:1:3QHK-J731-D9LH?view=explore&groupId=TH-7701-138496-65067-78&lang=uk,,Ковельський,
POINT (24.6097266 51.08141029999999),Клюськ,https://www.familysearch.org/ark:/61903/3:1:3QHK-4731-S9RM-M?view=explore&groupId=TH-7701-138496-65067-78&lang=uk,,Ковельський,
POINT (24.69579929999999 51.21843819999999),"Ковель, Собор Воскресіння Христового",https://www.familysearch.org/ark:/61903/3:1:3QHK-4731-S95R-C?view=explore&groupId=TH-7701-138496-65067-78&lang=uk,,Ковельський,
POINT (24.68647 51.22024249999999),"Ковель, Христовоздвищенська",https://www.familysearch.org/ark:/61903/3:1:3QHK-C731-Q91C-D?view=explore&groupId=TH-7701-138496-65067-78&lang=uk,,Ковельський,
POINT (24.6960582 51.21916340000001),"Ковель, Собор Благовіщення Пресвятої Богородиці",https://www.familysearch.org/ark:/61903/3:1:3QHK-4731-S95R-K?view=explore&groupId=TH-7701-138496-65067-78&lang=uk,,Ковельський,
POINT (25.043116 51.2354561),Козлиничі,https://www.familysearch.org/ark:/61903/3:1:3QHK-4731-S955-6?view=explore&groupId=TH-7701-138496-65067-78&lang=uk,,Ковельський,
POINT (24.432596 51.8526335),Кортеліси,https://www.familysearch.org/ark:/61903/3:1:3QHK-C731-Q91D-X?view=explore&groupId=TH-7701-138496-65067-78&lang=uk,,Ковельський,
POINT (24.5223402 51.228823),Старі Кошари,https://www.familysearch.org/ark:/61903/3:1:3QHK-4731-S95R-W?view=explore&groupId=TH-7701-138496-65067-78&lang=uk,,Ковельський,
POINT (24.5419417 51.2425479),Нові Кошари,https://www.familysearch.org/ark:/61903/3:1:3QHK-J731-D924?view=explore&groupId=TH-7701-138496-65067-78&lang=uk,,Ковельський,
POINT (24.9640336 51.2813733),Кричевичі,https://www.familysearch.org/ark:/61903/3:1:3QHK-J731-D95H?view=explore&groupId=TH-7701-138496-65067-78&lang=uk,,Ковельський,
POINT (25.1782424 51.6633129),Кримне,https://www.familysearch.org/ark:/61903/3:1:3QHJ-V73Y-64PG-8?view=explore&groupId=TH-7701-138496-65067-78&lang=uk,,Ковельський,
POINT (24.4724191 51.1010851),Кульчин,https://www.familysearch.org/ark:/61903/3:1:3QHK-4731-S95T-V?view=explore&groupId=TH-7701-138496-65067-78&lang=uk,,Ковельський,
POINT (24.7034388 51.9210842),Леліково,https://www.familysearch.org/ark:/61903/3:1:3QHK-J731-D9VV?view=explore&groupId=TH-7701-138496-65067-78&lang=uk,,Ковельський,
POINT (24.784105 51.44919290000001),Личини,https://www.familysearch.org/ark:/61903/3:1:3QHK-J731-D9G1?view=explore&groupId=TH-7701-138496-65067-78&lang=uk,,Ковельський,
POINT (24.8420654 51.1459271),Любитів,https://www.familysearch.org/ark:/61903/3:1:3QHK-4731-S95B-J?view=explore&groupId=TH-7701-138496-65067-78&lang=uk,,Ковельський,
POINT (24.3429314 51.2296724),Луків (Маціїв),https://www.familysearch.org/ark:/61903/3:1:3QHJ-V73Y-64TF-8?view=explore&groupId=TH-7701-138496-65071-66&lang=uk,,Ковельський,
POINT (24.7771064 51.1035553),Рокитниця,"ДАЖО 1-74-36
Сторінка 4
https://commons.wikimedia.org/wiki/File:%D0%94%D0%90%D0%96%D0%9E_1-74-36._1913._%D0%A1%D0%BF%D0%BE%D0%B2%D1%96%D0%B4%D0%B0%D0%BB%D1%8C%D0%BD%D1%96_%D1%80%D0%BE%D0%B7%D0%BF%D0%B8%D1%81%D0%B8_%D0%BF%D1%80%D0%B0%D0%B2%D0%BE%D1%81%D0%BB%D0%B0%D0%B2%D0%BD%D0%B8%D1%85_%D1%86%D0%B5%D1%80%D0%BA%D0%BE%D0%B2._%D0%A1%D0%B5%D0%BB%D0%B0_%D0%A0-%D0%AF.pdf",,Ковельський,
POINT (24.5527832 51.1552768),Ружин,"ДАЖО 1-74-36
Сторінка 37
https://commons.wikimedia.org/wiki/File:%D0%94%D0%90%D0%96%D0%9E_1-74-36._1913._%D0%A1%D0%BF%D0%BE%D0%B2%D1%96%D0%B4%D0%B0%D0%BB%D1%8C%D0%BD%D1%96_%D1%80%D0%BE%D0%B7%D0%BF%D0%B8%D1%81%D0%B8_%D0%BF%D1%80%D0%B0%D0%B2%D0%BE%D1%81%D0%BB%D0%B0%D0%B2%D0%BD%D0%B8%D1%85_%D1%86%D0%B5%D1%80%D0%BA%D0%BE%D0%B2._%D0%A1%D0%B5%D0%BB%D0%B0_%D0%A0-%D0%AF.pdf",,Ковельський,
POINT (24.66398 51.7549381),Річиця,"ДАЖО 1-74-36
Сторінка 56
https://commons.wikimedia.org/wiki/File:%D0%94%D0%90%D0%96%D0%9E_1-74-36._1913._%D0%A1%D0%BF%D0%BE%D0%B2%D1%96%D0%B4%D0%B0%D0%BB%D1%8C%D0%BD%D1%96_%D1%80%D0%BE%D0%B7%D0%BF%D0%B8%D1%81%D0%B8_%D0%BF%D1%80%D0%B0%D0%B2%D0%BE%D1%81%D0%BB%D0%B0%D0%B2%D0%BD%D0%B8%D1%85_%D1%86%D0%B5%D1%80%D0%BA%D0%BE%D0%B2._%D0%A1%D0%B5%D0%BB%D0%B0_%D0%A0-%D0%AF.pdf",,Ковельський,
POINT (24.6148781 51.85860479999999),Самари,"ДАЖО 1-74-36
Сторінка 96
https://commons.wikimedia.org/wiki/File:%D0%94%D0%90%D0%96%D0%9E_1-74-36._1913._%D0%A1%D0%BF%D0%BE%D0%B2%D1%96%D0%B4%D0%B0%D0%BB%D1%8C%D0%BD%D1%96_%D1%80%D0%BE%D0%B7%D0%BF%D0%B8%D1%81%D0%B8_%D0%BF%D1%80%D0%B0%D0%B2%D0%BE%D1%81%D0%BB%D0%B0%D0%B2%D0%BD%D0%B8%D1%85_%D1%86%D0%B5%D1%80%D0%BA%D0%BE%D0%B2._%D0%A1%D0%B5%D0%BB%D0%B0_%D0%A0-%D0%AF.pdf",,Ковельський,
POINT (24.6685674 51.41364129999999),Сереховичі,"ДАЖО 1-74-36
Сторінка 151
https://commons.wikimedia.org/wiki/File:%D0%94%D0%90%D0%96%D0%9E_1-74-36._1913._%D0%A1%D0%BF%D0%BE%D0%B2%D1%96%D0%B4%D0%B0%D0%BB%D1%8C%D0%BD%D1%96_%D1%80%D0%BE%D0%B7%D0%BF%D0%B8%D1%81%D0%B8_%D0%BF%D1%80%D0%B0%D0%B2%D0%BE%D1%81%D0%BB%D0%B0%D0%B2%D0%BD%D0%B8%D1%85_%D1%86%D0%B5%D1%80%D0%BA%D0%BE%D0%B2._%D0%A1%D0%B5%D0%BB%D0%B0_%D0%A0-%D0%AF.pdf",,Ковельський,
POINT (24.5748283 51.11144179999999),Селець,"ДАЖО 1-74-36
Сторінка 195 https://commons.wikimedia.org/wiki/File:%D0%94%D0%90%D0%96%D0%9E_1-74-36._1913._%D0%A1%D0%BF%D0%BE%D0%B2%D1%96%D0%B4%D0%B0%D0%BB%D1%8C%D0%BD%D1%96_%D1%80%D0%BE%D0%B7%D0%BF%D0%B8%D1%81%D0%B8_%D0%BF%D1%80%D0%B0%D0%B2%D0%BE%D1%81%D0%BB%D0%B0%D0%B2%D0%BD%D0%B8%D1%85_%D1%86%D0%B5%D1%80%D0%BA%D0%BE%D0%B2._%D0%A1%D0%B5%D0%BB%D0%B0_%D0%A0-%D0%AF.pdf",,Ковельський,
POINT (24.888079 51.2804572),Скулин,"ДАЖО 1-74-36
Сторінка 219
https://commons.wikimedia.org/wiki/File:%D0%94%D0%90%D0%96%D0%9E_1-74-36._1913._%D0%A1%D0%BF%D0%BE%D0%B2%D1%96%D0%B4%D0%B0%D0%BB%D1%8C%D0%BD%D1%96_%D1%80%D0%BE%D0%B7%D0%BF%D0%B8%D1%81%D0%B8_%D0%BF%D1%80%D0%B0%D0%B2%D0%BE%D1%81%D0%BB%D0%B0%D0%B2%D0%BD%D0%B8%D1%85_%D1%86%D0%B5%D1%80%D0%BA%D0%BE%D0%B2._%D0%A1%D0%B5%D0%BB%D0%B0_%D0%A0-%D0%AF.pdf",,Ковельський,
POINT (24.4296662 51.2939551),Смідин,"ДАЖО 1-74-36
Сторінка 250
https://commons.wikimedia.org/wiki/File:%D0%94%D0%90%D0%96%D0%9E_1-74-36._1913._%D0%A1%D0%BF%D0%BE%D0%B2%D1%96%D0%B4%D0%B0%D0%BB%D1%8C%D0%BD%D1%96_%D1%80%D0%BE%D0%B7%D0%BF%D0%B8%D1%81%D0%B8_%D0%BF%D1%80%D0%B0%D0%B2%D0%BE%D1%81%D0%BB%D0%B0%D0%B2%D0%BD%D0%B8%D1%85_%D1%86%D0%B5%D1%80%D0%BA%D0%BE%D0%B2._%D0%A1%D0%B5%D0%BB%D0%B0_%D0%A0-%D0%AF.pdf",,Ковельський,
POINT (24.8748855 51.4678888),Сошичне,"ДАЖО 1-74-36
Сторінка 310
https://commons.wikimedia.org/wiki/File:%D0%94%D0%90%D0%96%D0%9E_1-74-36._1913._%D0%A1%D0%BF%D0%BE%D0%B2%D1%96%D0%B4%D0%B0%D0%BB%D1%8C%D0%BD%D1%96_%D1%80%D0%BE%D0%B7%D0%BF%D0%B8%D1%81%D0%B8_%D0%BF%D1%80%D0%B0%D0%B2%D0%BE%D1%81%D0%BB%D0%B0%D0%B2%D0%BD%D0%B8%D1%85_%D1%86%D0%B5%D1%80%D0%BA%D0%BE%D0%B2._%D0%A1%D0%B5%D0%BB%D0%B0_%D0%A0-%D0%AF.pdf",,Ковельський,
POINT (25.1830374 51.39775299999999),Стобихва,"ДАЖО 1-74-36
Сторінка 342
https://commons.wikimedia.org/wiki/File:%D0%94%D0%90%D0%96%D0%9E_1-74-36._1913._%D0%A1%D0%BF%D0%BE%D0%B2%D1%96%D0%B4%D0%B0%D0%BB%D1%8C%D0%BD%D1%96_%D1%80%D0%BE%D0%B7%D0%BF%D0%B8%D1%81%D0%B8_%D0%BF%D1%80%D0%B0%D0%B2%D0%BE%D1%81%D0%BB%D0%B0%D0%B2%D0%BD%D0%B8%D1%85_%D1%86%D0%B5%D1%80%D0%BA%D0%BE%D0%B2._%D0%A1%D0%B5%D0%BB%D0%B0_%D0%A0-%D0%AF.pdf",,Ковельський,
POINT (25.384059 51.6715855),Седлище,"ДАЖО 1-74-36
Сторінка 359
https://commons.wikimedia.org/wiki/File:%D0%94%D0%90%D0%96%D0%9E_1-74-36._1913._%D0%A1%D0%BF%D0%BE%D0%B2%D1%96%D0%B4%D0%B0%D0%BB%D1%8C%D0%BD%D1%96_%D1%80%D0%BE%D0%B7%D0%BF%D0%B8%D1%81%D0%B8_%D0%BF%D1%80%D0%B0%D0%B2%D0%BE%D1%81%D0%BB%D0%B0%D0%B2%D0%BD%D0%B8%D1%85_%D1%86%D0%B5%D1%80%D0%BA%D0%BE%D0%B2._%D0%A1%D0%B5%D0%BB%D0%B0_%D0%A0-%D0%AF.pdf",,Ковельський,
POINT (24.6350331 51.3611211),Секунь,"ДАЖО 1-74-36
Сторінка 416
https://commons.wikimedia.org/wiki/File:%D0%94%D0%90%D0%96%D0%9E_1-74-36._1913._%D0%A1%D0%BF%D0%BE%D0%B2%D1%96%D0%B4%D0%B0%D0%BB%D1%8C%D0%BD%D1%96_%D1%80%D0%BE%D0%B7%D0%BF%D0%B8%D1%81%D0%B8_%D0%BF%D1%80%D0%B0%D0%B2%D0%BE%D1%81%D0%BB%D0%B0%D0%B2%D0%BD%D0%B8%D1%85_%D1%86%D0%B5%D1%80%D0%BA%D0%BE%D0%B2._%D0%A1%D0%B5%D0%BB%D0%B0_%D0%A0-%D0%AF.pdf",,Ковельський,
POINT (24.6606339 51.48248900000001),Синове,"ДАЖО 1-74-36
Сторінка 454
https://commons.wikimedia.org/wiki/File:%D0%94%D0%90%D0%96%D0%9E_1-74-36._1913._%D0%A1%D0%BF%D0%BE%D0%B2%D1%96%D0%B4%D0%B0%D0%BB%D1%8C%D0%BD%D1%96_%D1%80%D0%BE%D0%B7%D0%BF%D0%B8%D1%81%D0%B8_%D0%BF%D1%80%D0%B0%D0%B2%D0%BE%D1%81%D0%BB%D0%B0%D0%B2%D0%BD%D0%B8%D1%85_%D1%86%D0%B5%D1%80%D0%BA%D0%BE%D0%B2._%D0%A1%D0%B5%D0%BB%D0%B0_%D0%A0-%D0%AF.pdf",,Ковельський,
POINT (24.6535862 51.0729698),Тагачин,"ДАЖО 1-74-36
Сторінка 480
https://commons.wikimedia.org/wiki/File:%D0%94%D0%90%D0%96%D0%9E_1-74-36._1913._%D0%A1%D0%BF%D0%BE%D0%B2%D1%96%D0%B4%D0%B0%D0%BB%D1%8C%D0%BD%D1%96_%D1%80%D0%BE%D0%B7%D0%BF%D0%B8%D1%81%D0%B8_%D0%BF%D1%80%D0%B0%D0%B2%D0%BE%D1%81%D0%BB%D0%B0%D0%B2%D0%BD%D0%B8%D1%85_%D1%86%D0%B5%D1%80%D0%BA%D0%BE%D0%B2._%D0%A1%D0%B5%D0%BB%D0%B0_%D0%A0-%D0%AF.pdf",,Ковельський,
POINT (24.3939657 51.1683532),Торговище,"ДАЖО 1-74-36
Сторінка 498
https://commons.wikimedia.org/wiki/File:%D0%94%D0%90%D0%96%D0%9E_1-74-36._1913._%D0%A1%D0%BF%D0%BE%D0%B2%D1%96%D0%B4%D0%B0%D0%BB%D1%8C%D0%BD%D1%96_%D1%80%D0%BE%D0%B7%D0%BF%D0%B8%D1%81%D0%B8_%D0%BF%D1%80%D0%B0%D0%B2%D0%BE%D1%81%D0%BB%D0%B0%D0%B2%D0%BD%D0%B8%D1%85_%D1%86%D0%B5%D1%80%D0%BA%D0%BE%D0%B2._%D0%A1%D0%B5%D0%BB%D0%B0_%D0%A0-%D0%AF.pdf",,Ковельський,
POINT (24.456365 51.2281913),Тупали,"ДАЖО 1-74-36
Сторінка 514
https://commons.wikimedia.org/wiki/File:%D0%94%D0%90%D0%96%D0%9E_1-74-36._1913._%D0%A1%D0%BF%D0%BE%D0%B2%D1%96%D0%B4%D0%B0%D0%BB%D1%8C%D0%BD%D1%96_%D1%80%D0%BE%D0%B7%D0%BF%D0%B8%D1%81%D0%B8_%D0%BF%D1%80%D0%B0%D0%B2%D0%BE%D1%81%D0%BB%D0%B0%D0%B2%D0%BD%D0%B8%D1%85_%D1%86%D0%B5%D1%80%D0%BA%D0%BE%D0%B2._%D0%A1%D0%B5%D0%BB%D0%B0_%D0%A0-%D0%AF.pdf",,Ковельський,
POINT (24.2902873 51.6756841),Тур,"ДАЖО 1-74-36
Сторінка 534
https://commons.wikimedia.org/wiki/File:%D0%94%D0%90%D0%96%D0%9E_1-74-36._1913._%D0%A1%D0%BF%D0%BE%D0%B2%D1%96%D0%B4%D0%B0%D0%BB%D1%8C%D0%BD%D1%96_%D1%80%D0%BE%D0%B7%D0%BF%D0%B8%D1%81%D0%B8_%D0%BF%D1%80%D0%B0%D0%B2%D0%BE%D1%81%D0%BB%D0%B0%D0%B2%D0%BD%D0%B8%D1%85_%D1%86%D0%B5%D1%80%D0%BA%D0%BE%D0%B2._%D0%A1%D0%B5%D0%BB%D0%B0_%D0%A0-%D0%AF.pdf",,Ковельський,
POINT (24.5263528 51.08757180000001),"Турійськ, Преображення господнє","ДАЖО 1-74-36
Сторінка 566
https://commons.wikimedia.org/wiki/File:%D0%94%D0%90%D0%96%D0%9E_1-74-36._1913._%D0%A1%D0%BF%D0%BE%D0%B2%D1%96%D0%B4%D0%B0%D0%BB%D1%8C%D0%BD%D1%96_%D1%80%D0%BE%D0%B7%D0%BF%D0%B8%D1%81%D0%B8_%D0%BF%D1%80%D0%B0%D0%B2%D0%BE%D1%81%D0%BB%D0%B0%D0%B2%D0%BD%D0%B8%D1%85_%D1%86%D0%B5%D1%80%D0%BA%D0%BE%D0%B2._%D0%A1%D0%B5%D0%BB%D0%B0_%D0%A0-%D0%AF.pdf",,Ковельський,
POINT (24.5335845 51.0886331),"Турійськ, Євстафія","ДАЖО 1-74-36
Сторінка 600
https://commons.wikimedia.org/wiki/File:%D0%94%D0%90%D0%96%D0%9E_1-74-36._1913._%D0%A1%D0%BF%D0%BE%D0%B2%D1%96%D0%B4%D0%B0%D0%BB%D1%8C%D0%BD%D1%96_%D1%80%D0%BE%D0%B7%D0%BF%D0%B8%D1%81%D0%B8_%D0%BF%D1%80%D0%B0%D0%B2%D0%BE%D1%81%D0%BB%D0%B0%D0%B2%D0%BD%D0%B8%D1%85_%D1%86%D0%B5%D1%80%D0%BA%D0%BE%D0%B2._%D0%A1%D0%B5%D0%BB%D0%B0_%D0%A0-%D0%AF.pdf",,Ковельський,
POINT (25.374979 51.1396177),Угли,"ДАЖО 1-74-36
Сторінка 616
https://commons.wikimedia.org/wiki/File:%D0%94%D0%90%D0%96%D0%9E_1-74-36._1913._%D0%A1%D0%BF%D0%BE%D0%B2%D1%96%D0%B4%D0%B0%D0%BB%D1%8C%D0%BD%D1%96_%D1%80%D0%BE%D0%B7%D0%BF%D0%B8%D1%81%D0%B8_%D0%BF%D1%80%D0%B0%D0%B2%D0%BE%D1%81%D0%BB%D0%B0%D0%B2%D0%BD%D0%B8%D1%85_%D1%86%D0%B5%D1%80%D0%BA%D0%BE%D0%B2._%D0%A1%D0%B5%D0%BB%D0%B0_%D0%A0-%D0%AF.pdf",,Ковельський,
POINT (24.9366716 51.2359605),Уховецьк,"ДАЖО 1-74-36
Сторінка 636
https://commons.wikimedia.org/wiki/File:%D0%94%D0%90%D0%96%D0%9E_1-74-36._1913._%D0%A1%D0%BF%D0%BE%D0%B2%D1%96%D0%B4%D0%B0%D0%BB%D1%8C%D0%BD%D1%96_%D1%80%D0%BE%D0%B7%D0%BF%D0%B8%D1%81%D0%B8_%D0%BF%D1%80%D0%B0%D0%B2%D0%BE%D1%81%D0%BB%D0%B0%D0%B2%D0%BD%D0%B8%D1%85_%D1%86%D0%B5%D1%80%D0%BA%D0%BE%D0%B2._%D0%A1%D0%B5%D0%BB%D0%B0_%D0%A0-%D0%AF.pdf",,Ковельський,
POINT (24.7907453 51.7167237),Хотешів,"ДАЖО 1-74-36
Сторінка 666
https://commons.wikimedia.org/wiki/File:%D0%94%D0%90%D0%96%D0%9E_1-74-36._1913._%D0%A1%D0%BF%D0%BE%D0%B2%D1%96%D0%B4%D0%B0%D0%BB%D1%8C%D0%BD%D1%96_%D1%80%D0%BE%D0%B7%D0%BF%D0%B8%D1%81%D0%B8_%D0%BF%D1%80%D0%B0%D0%B2%D0%BE%D1%81%D0%BB%D0%B0%D0%B2%D0%BD%D0%B8%D1%85_%D1%86%D0%B5%D1%80%D0%BA%D0%BE%D0%B2._%D0%A1%D0%B5%D0%BB%D0%B0_%D0%A0-%D0%AF.pdf",,Ковельський,
POINT (24.8730036 51.7403533),Черче,"ДАЖО 1-74-36
Сторінка 733
https://commons.wikimedia.org/wiki/File:%D0%94%D0%90%D0%96%D0%9E_1-74-36._1913._%D0%A1%D0%BF%D0%BE%D0%B2%D1%96%D0%B4%D0%B0%D0%BB%D1%8C%D0%BD%D1%96_%D1%80%D0%BE%D0%B7%D0%BF%D0%B8%D1%81%D0%B8_%D0%BF%D1%80%D0%B0%D0%B2%D0%BE%D1%81%D0%BB%D0%B0%D0%B2%D0%BD%D0%B8%D1%85_%D1%86%D0%B5%D1%80%D0%BA%D0%BE%D0%B2._%D0%A1%D0%B5%D0%BB%D0%B0_%D0%A0-%D0%AF.pdf",,Ковельський,
POINT (25.0281532 51.3198562),Черемошне,"ДАЖО 1-74-36
Сторінка 763
https://commons.wikimedia.org/wiki/File:%D0%94%D0%90%D0%96%D0%9E_1-74-36._1913._%D0%A1%D0%BF%D0%BE%D0%B2%D1%96%D0%B4%D0%B0%D0%BB%D1%8C%D0%BD%D1%96_%D1%80%D0%BE%D0%B7%D0%BF%D0%B8%D1%81%D0%B8_%D0%BF%D1%80%D0%B0%D0%B2%D0%BE%D1%81%D0%BB%D0%B0%D0%B2%D0%BD%D0%B8%D1%85_%D1%86%D0%B5%D1%80%D0%BA%D0%BE%D0%B2._%D0%A1%D0%B5%D0%BB%D0%B0_%D0%A0-%D0%AF.pdf",,Ковельський,
POINT (24.5316958 51.30889209999999),Журавлине (Шайно),"ДАЖО 1-74-36
Сторінка 794
https://commons.wikimedia.org/wiki/File:%D0%94%D0%90%D0%96%D0%9E_1-74-36._1913._%D0%A1%D0%BF%D0%BE%D0%B2%D1%96%D0%B4%D0%B0%D0%BB%D1%8C%D0%BD%D1%96_%D1%80%D0%BE%D0%B7%D0%BF%D0%B8%D1%81%D0%B8_%D0%BF%D1%80%D0%B0%D0%B2%D0%BE%D1%81%D0%BB%D0%B0%D0%B2%D0%BD%D0%B8%D1%85_%D1%86%D0%B5%D1%80%D0%BA%D0%BE%D0%B2._%D0%A1%D0%B5%D0%BB%D0%B0_%D0%A0-%D0%AF.pdf",,Ковельський,
POINT (24.7817407 51.80163750000001),Щедрогір,"ДАЖО 1-74-36
Сторінка 816
https://commons.wikimedia.org/wiki/File:%D0%94%D0%90%D0%96%D0%9E_1-74-36._1913._%D0%A1%D0%BF%D0%BE%D0%B2%D1%96%D0%B4%D0%B0%D0%BB%D1%8C%D0%BD%D1%96_%D1%80%D0%BE%D0%B7%D0%BF%D0%B8%D1%81%D0%B8_%D0%BF%D1%80%D0%B0%D0%B2%D0%BE%D1%81%D0%BB%D0%B0%D0%B2%D0%BD%D0%B8%D1%85_%D1%86%D0%B5%D1%80%D0%BA%D0%BE%D0%B2._%D0%A1%D0%B5%D0%BB%D0%B0_%D0%A0-%D0%AF.pdf",,Ковельський,
POINT (25.2772612 51.0952545),Іванівка (Янівка),"ДАЖО 1-74-36
Сторінка 838
https://commons.wikimedia.org/wiki/File:%D0%94%D0%90%D0%96%D0%9E_1-74-36._1913._%D0%A1%D0%BF%D0%BE%D0%B2%D1%96%D0%B4%D0%B0%D0%BB%D1%8C%D0%BD%D1%96_%D1%80%D0%BE%D0%B7%D0%BF%D0%B8%D1%81%D0%B8_%D0%BF%D1%80%D0%B0%D0%B2%D0%BE%D1%81%D0%BB%D0%B0%D0%B2%D0%BD%D0%B8%D1%85_%D1%86%D0%B5%D1%80%D0%BA%D0%BE%D0%B2._%D0%A1%D0%B5%D0%BB%D0%B0_%D0%A0-%D0%AF.pdf",,Ковельський,
POINT (25.1618539 51.5090996),Піщане (Яйне),"ДАЖО 1-74-36
Сторінка 887
https://commons.wikimedia.org/wiki/File:%D0%94%D0%90%D0%96%D0%9E_1-74-36._1913._%D0%A1%D0%BF%D0%BE%D0%B2%D1%96%D0%B4%D0%B0%D0%BB%D1%8C%D0%BD%D1%96_%D1%80%D0%BE%D0%B7%D0%BF%D0%B8%D1%81%D0%B8_%D0%BF%D1%80%D0%B0%D0%B2%D0%BE%D1%81%D0%BB%D0%B0%D0%B2%D0%BD%D0%B8%D1%85_%D1%86%D0%B5%D1%80%D0%BA%D0%BE%D0%B2._%D0%A1%D0%B5%D0%BB%D0%B0_%D0%A0-%D0%AF.pdf",,Ковельський,
POINT (26.756395 50.994578),"Церква Святого Миколая, м-ко Березне Костопільського повіту",https://daro-metric-map.pages.dev/parafia/cbb0ffed/,"сс. Березне, Білашівка, Білка, Зірне, Кургани, Моквин, Сільце, Теклівка",Костопільський,
POINT (26.9159186 50.8881298),"Церква Святого Миколая, с. Бистричі Костопільського повіту Селищної волості",https://daro-metric-map.pages.dev/parafia/54e969bd/,с. Бистричі,Костопільський,
POINT (26.2132087 50.9331687),"Церква Святого Миколая, с. Злазне Костопільського повіту Деражненської волості",https://daro-metric-map.pages.dev/parafia/42c45c7f/,с. Злазне,Костопільський,
POINT (26.116911 50.879398),"Церква Покрови Пресвятої Богородиці, с. Бичаль Костопільського повіту Деражненської гміни",https://daro-metric-map.pages.dev/parafia/eb04f3f5/,"сс. Звіздівка, Бичаль, Постійне",Костопільський,
POINT (26.98723 50.82584),"Св. Троїцька церква, с. Великі Селища Костопільського повіту Людвипільської гміни",https://daro-metric-map.pages.dev/parafia/4860ae05/,с. Великі Селища,Костопільський,
POINT (27.0485031 50.8284707),"Св. Параскевська церква, с. Губків Костопільського повіту Людвипільської гміни",https://daro-metric-map.pages.dev/parafia/2abd18b6/,с. Губків,Костопільський,
POINT (26.047685 50.862688),"Хрестовоздвиженська церква, м-ко Деражне Костопільського повіту",https://daro-metric-map.pages.dev/parafia/361c4abb/,"сс. Скрегетівка, Углище, кол. Олександрівка, хут. Яминець",Костопільський,
POINT (26.09425 50.82996),"Михайлівська церква, с. Дюксин Костопільського повіту Деражненської гміни",https://daro-metric-map.pages.dev/parafia/fad846a7/,"сс. Дюксин, Жобрин, Круги, Чудви",Костопільський,
POINT (26.456934 51.111646),"Церква Успіння Пресвятої Богородиці, с. Казимирка (Кузьмівка) Костопільського повіту Степанської гміни",https://daro-metric-map.pages.dev/parafia/134bb12f/,"сс. Казимирка, Яблунька",Костопільський,
POINT (26.4703554 50.8661917),"Михайлівська церква, м-ко Костопіль Костопільського повіту Костопільської гміни",https://daro-metric-map.pages.dev/parafia/a2f6b3bf/,"сс. Костопіль, Перемінка",Костопільський,
POINT (26.4594553 50.8734129),"Церква Св. Олександра Невського, м-ко Костопіль Костопільського повіту Костопільської гміни",https://daro-metric-map.pages.dev/parafia/c1842ae5/,"сс. Дерманка, Костопіль, Перемінка, Хмизопіль",Костопільський,
POINT (26.2102483 50.9063716),"Церква Святого Миколая, с. Ставок Костопільського повіту Деражненської гміни",https://daro-metric-map.pages.dev/parafia/ae8bcb60/,"сс. Корчин, Ставок",Костопільський,
POINT (26.3040432 51.1287628),"Церква Святої Трійці, м-ко Степань Костопільського повіту Степанської гміни",https://daro-metric-map.pages.dev/parafia/1c0bc502/,"сс. Двірець, Кам’янка, Погулянка, Степань, Стиртка",Костопільський,
POINT (27.1093695 50.8147877),"Церква Св. Преображенська, с. Маринин Костопільського повіту Людвипільської гміни",https://daro-metric-map.pages.dev/parafia/3a154ab4/,"сс. Більчаки, Дерманка, Маринин, Устя",Костопільський,
POINT (26.8612959 50.9307722),"Церква Різдва Пресвятої Богородиці, с. Прислуч Костопільського повіту",https://daro-metric-map.pages.dev/parafia/0a9371a7/,"сс. Вулька Холопська, хутір Мінятин, Прислуч",Костопільський,
POINT (26.856047 50.950035),"Церква Покрови Пресвятої Богородиці, с. Хотин Костопільського повіту",https://daro-metric-map.pages.dev/parafia/e489cdb7/,"сс. Холопи, Хотин",Костопільський,
POINT (26.240689 50.925869),"Церква Св. Михайлівська, с. Янова (Іванова) Долина Костопільського повіту Деражненської гміни",https://daro-metric-map.pages.dev/parafia/e135861d/,с. Іванова Долина (Базальтове),Костопільський,
POINT (25.3115341 50.1042601),"Церква Преображення Господнього, с. Батьків Кременецького повіту Радзивилівської волості",https://daro-metric-map.pages.dev/parafia/8bdb7b6c/,"сс. Батьків, Башарівка, Немирівка, Прокази",Кременецький,
POINT (25.3455553 50.1036322),"Введенська церква, с. Башарівка Кременецького повіту Радзивилівської волості",https://daro-metric-map.pages.dev/parafia/09269bac/,"сс. Башарівка, Старики",Кременецький,
POINT (25.272329 50.07259),"Церква Свято-Миколаївська, с. Гаї-Лев’ятинські Кременецького повіту Радзивилівської волості",https://daro-metric-map.pages.dev/parafia/04e4e4ba/,"сс. Гаї-Лев’ятинські, Немирівка, Лев’ятин, х. Стеблюки, м-ко Радзивилів",Кременецький,
POINT (25.3315044 50.03884),"Церква Успіння Пресвятої Богородиці, с. Дранча (Дружба) Кременецького повіту Радзивилівської волості",https://daro-metric-map.pages.dev/parafia/e8f589bd/,"сс. Березини, Дранча, Прокази",Кременецький,
POINT (25.2329679 50.1273061),"Церква Пресвятої Богородиці, с. Опарипси Кременецького повіту Радзивилівської волості",https://daro-metric-map.pages.dev/parafia/d3adcd68/,"сс. Бугаївка, Лев’ятин, Опарипси, Підлипки",Кременецький,
POINT (25.3602627 50.0939425),"Церква Святої Трійці, с. Перенятин Кременецького повіту Радзивилівської волості",https://daro-metric-map.pages.dev/parafia/ff51025a/,"сс. Башарівка, Копані, Круки, Перенятин, Підзамче, Підлипки, Старики, Стоянівка",Кременецький,
POINT (25.3950286 50.0713958),"Церква Воскресіння Господнього, с. Підзамче Кременецького повіту Радзивилівської волості",https://daro-metric-map.pages.dev/parafia/34951df8/,"сс. Каплиця, Круки, Підзамче, Підлипки, Попівці, Бережецької вол. Комарівка, Почаївської вол. Будки",Кременецький,
POINT (25.257845 50.11729),"Введенська церква, м-ко Радзивилів Кременецького повіту Радзивилівської волості",https://daro-metric-map.pages.dev/parafia/b0335777/,м-ко Радзивилів,Кременецький,
POINT (25.2519216 50.1317145),"Церква Св. Олександра Невського, м-ко Радзивилів (Радивилів) Кременецького повіту Радзивилівської волості",https://daro-metric-map.pages.dev/parafia/e43b24ab/,"сс. Балки, Біла Криниця, Бугаївка, Волегури, Лев’ятин, Опарипси, Підлужжя, Радзивилів (Радивилів), Сирнява, Суходоли",Кременецький,
POINT (25.2487069 50.1279775),"Церква Різдва Пресвятої Богородиці, м-ко Радзивилів Кременецького повіту Радзивилівської волості",https://daro-metric-map.pages.dev/parafia/afdaa7bc/,м-ко Радзивилів,Кременецький,
POINT (26.00018 51.30718),"Церква Святого Миколая, м-ко Рафалівка (Стара Рафалівка) Луцького повіту Рафалівської волості",https://daro-metric-map.pages.dev/parafia/5d378827/,"сс. Бабка, Рафалівка, Сопачів, Стара Рафалівка, Чудля, Більсько - Вільської вол. Мульчиці, Собіщиці, Ведвезької вол. Костюхнівка",Луцький,
POINT (26.4816996 51.4216752),"Церква Різдва Пресвятої Богородиці, с. Ремчиці Луцького повіту Бережницької волості",https://daro-metric-map.pages.dev/parafia/eb536626/,"сс. Копище, Ремчиці, Теклівка, Тріскині, Яринівка",Луцький,
POINT (26.3645145 51.3552581),"Михайлівська церква, с. Тутовичі Луцького повіту Городецької волості",https://daro-metric-map.pages.dev/parafia/f7e3781a/,"сс. Довге, Кідри, Нетреба, Тутовичі, Цепцевичі",Луцький,
POINT (25.266131 50.562188),м-ко Радомишль (церква Успіння Пресвятої Богородиці),"ДАЖО 1-74-351
Скан 4
https://uk.wikisource.org/wiki/%D0%90%D1%80%D1%85%D1%96%D0%B2:%D0%94%D0%90%D0%96%D0%9E/1/74/351",,Луцький,"50.56218798054852, 25.266131074026095"
POINT (25.185063 50.666735),с. Ратнів (церква Св. Параскеви),"ДАЖО 1-74-351
Скан 41
https://uk.wikisource.org/wiki/%D0%90%D1%80%D1%85%D1%96%D0%B2:%D0%94%D0%90%D0%96%D0%9E/1/74/351",,Луцький,"50.666735352681044, 25.185062881419622"
POINT (25.998441 51.311240),м. Рафалівка (церква Св. Миколая),"ДАЖО 1-74-351
Скан 55
https://uk.wikisource.org/wiki/%D0%90%D1%80%D1%85%D1%96%D0%B2:%D0%94%D0%90%D0%96%D0%9E/1/74/351",,Луцький,"51.31124016380659, 25.99844065795318"
POINT (26.481206 51.422295),с. Ремчиці (церква Різдва Пресвятої Богородиці),"ДАЖО 1-74-351
Скан 106
https://uk.wikisource.org/wiki/%D0%90%D1%80%D1%85%D1%96%D0%B2:%D0%94%D0%90%D0%96%D0%9E/1/74/351",,Луцький,"51.42229533316733, 26.48120601985262"
POINT (25.264091 50.911027),м. Рожище (церква Св. Архистратига Михаїла),"ДАЖО 1-74-351
Скан 150
https://uk.wikisource.org/wiki/%D0%90%D1%80%D1%85%D1%96%D0%B2:%D0%94%D0%90%D0%96%D0%9E/1/74/351",,Луцький,"50.911026795878975, 25.264090649759357"
POINT (25.596997 50.746033),с. Романів (церква Св. Бориса і Гліба) і с. Звірів (церква Воскресіння Христового),"ДАЖО 1-74-351
Скан 189
https://uk.wikisource.org/wiki/%D0%90%D1%80%D1%85%D1%96%D0%B2:%D0%94%D0%90%D0%96%D0%9E/1/74/351",,Луцький,"50.74603303485387, 25.596996779157738"
POINT (25.713795 51.212235),с. Рудка (церква Св. Трійці),"ДАЖО 1-74-351
Скан 241
https://uk.wikisource.org/wiki/%D0%90%D1%80%D1%85%D1%96%D0%B2:%D0%94%D0%90%D0%96%D0%9E/1/74/351",,Луцький,"51.212235409620384, 25.71379501701806"
POINT (25.763673 51.034628),с. Рудники (церква Покрова Пресвятої Богородиці),"ДАЖО 1-74-351
Скан 271
https://uk.wikisource.org/wiki/%D0%90%D1%80%D1%85%D1%96%D0%B2:%D0%94%D0%90%D0%96%D0%9E/1/74/351",,Луцький,"51.03462801715905, 25.76367267306698"
POINT (24.912954 50.692090),с. Садова (церква Казанської Ікони Богоматері),"ДАЖО 1-74-351
Скан 283
https://uk.wikisource.org/wiki/%D0%90%D1%80%D1%85%D1%96%D0%B2:%D0%94%D0%90%D0%96%D0%9E/1/74/351",,Луцький,"50.692089590913135, 24.912953685539247"
POINT (25.062706 50.687344),с. Седмярки (церква Іоанна Богослова),"ДАЖО 1-74-351
Скан 309
https://uk.wikisource.org/wiki/%D0%90%D1%80%D1%85%D1%96%D0%B2:%D0%94%D0%90%D0%96%D0%9E/1/74/351",,Луцький,"50.687344417146726, 25.06270630019955"
POINT (25.791851 50.907437),с. Сильно (церква Іоанна Богослова),"ДАЖО 1-74-351
Скан 329
https://uk.wikisource.org/wiki/%D0%90%D1%80%D1%85%D1%96%D0%B2:%D0%94%D0%90%D0%96%D0%9E/1/74/351",,Луцький,"50.907436541296036, 25.791851392898906"
POINT (24.959076 50.643482),с. Скурче (церква Св. Миколая) і с. Біскупичі (церква Св. Георгія Побідоносця),"ДАЖО 1-74-351
Скан 355
https://uk.wikisource.org/wiki/%D0%90%D1%80%D1%85%D1%96%D0%B2:%D0%94%D0%90%D0%96%D0%9E/1/74/351",,Луцький,"50.64348240477798, 24.959075556038872"
POINT (25.338614 51.044501),м-ко Сокуль (церква Св. Трійці),"ДАЖО 1-74-351
Скан 376
https://uk.wikisource.org/wiki/%D0%90%D1%80%D1%85%D1%96%D0%B2:%D0%94%D0%90%D0%96%D0%9E/1/74/351",,Луцький,"51.04450108315565, 25.338613730093616"
POINT (25.347025 51.053323),м-ко Сокуль (церква Успіння Пресвятої Богородиці),"ДАЖО 1-74-351
Скан 397
https://uk.wikisource.org/wiki/%D0%90%D1%80%D1%85%D1%96%D0%B2:%D0%94%D0%90%D0%96%D0%9E/1/74/351",,Луцький,"51.05332322247126, 25.347025137152922"
POINT (25.651286 51.095744),с. Старосілля (церква Климентівська),"ДАЖО 1-74-351
Скан 441
https://uk.wikisource.org/wiki/%D0%90%D1%80%D1%85%D1%96%D0%B2:%D0%94%D0%90%D0%96%D0%9E/1/74/351",,Луцький,"51.095743595555724, 25.651286272133344"
POINT (25.437673 50.952942),с. Суськ (церква Різдва Пресвятої Богородиці),"ДАЖО 1-74-351
Скан 474
https://uk.wikisource.org/wiki/%D0%90%D1%80%D1%85%D1%96%D0%B2:%D0%94%D0%90%D0%96%D0%9E/1/74/351",,Луцький,"50.952942451380515, 25.43767285493239"
POINT (25.247827 50.818271),с. Сирники (церква Покрова Пресвятої Богородиці) і с. Милуш (церква святої Великомучениці Параскеви),"ДАЖО 1-74-351
Скан 507
https://uk.wikisource.org/wiki/%D0%90%D1%80%D1%85%D1%96%D0%B2:%D0%94%D0%90%D0%96%D0%9E/1/74/351",,Луцький,"50.81827132960457, 25.24782650878901"
POINT (24.962464 50.759081),с. Смоличів (церква Св. Миколая) і с. Велике (церква Св. Архистратига Михаїла),"ДАЖО 1-74-351
Скан 533
https://uk.wikisource.org/wiki/%D0%90%D1%80%D1%85%D1%96%D0%B2:%D0%94%D0%90%D0%96%D0%9E/1/74/351",,Луцький,"50.759080826396726, 24.96246426681343"
POINT (25.381969 50.749372),с. Теремне (церква Хрестовоздвиженська),"ДАЖО 1-74-351
Скан 556
https://uk.wikisource.org/wiki/%D0%90%D1%80%D1%85%D1%96%D0%B2:%D0%94%D0%90%D0%96%D0%9E/1/74/351",,Луцький,"50.74937233870013, 25.381969015604664"
POINT (24.999974 50.764705),м. Торчин (церква Св. Апостола Стефана),"ДАЖО 1-74-351
Скан 580
https://uk.wikisource.org/wiki/%D0%90%D1%80%D1%85%D1%96%D0%B2:%D0%94%D0%90%D0%96%D0%9E/1/74/351",,Луцький,"50.76470525780884, 24.999973800654075"
POINT (25.557803 50.958800),с. Тростянець (церква Св. Трійці),"ДАЖО 1-74-351
Скан 607
https://uk.wikisource.org/wiki/%D0%90%D1%80%D1%85%D1%96%D0%B2:%D0%94%D0%90%D0%96%D0%9E/1/74/351",,Луцький,"50.9587999519419, 25.557803040234997"
POINT (25.289518 51.334831),м. Троянівка (церква Різдва Пресвятої Богородиці) ,"ДАЖО 1-74-351
Скан 639
https://uk.wikisource.org/wiki/%D0%90%D1%80%D1%85%D1%96%D0%B2:%D0%94%D0%90%D0%96%D0%9E/1/74/351",,Луцький,"51.334830731274224, 25.28951832554226"
POINT (26.364543 51.353257),с. Тотовичі (церква Св. Архистратига Михаїла),"ДАЖО 1-74-351
Скан 673
https://uk.wikisource.org/wiki/%D0%90%D1%80%D1%85%D1%96%D0%B2:%D0%94%D0%90%D0%96%D0%9E/1/74/351",,Луцький,"51.353256565318006, 26.36454336137896"
POINT (24.951332 50.830569),с. Хорохорин (церква Покрова Пресвятої Богородиці) і с. Семеринок (церква Різдва Пресвятої Богородиці),"ДАЖО 1-74-351
Скан 691
https://uk.wikisource.org/wiki/%D0%90%D1%80%D1%85%D1%96%D0%B2:%D0%94%D0%90%D0%96%D0%9E/1/74/351",,Луцький,"50.83056901201978, 24.951332490680883"
POINT (26.398781 51.391145),с. Цепцевичі Великі (церква Покрова Пресвятої Богородиці),"ДАЖО 1-74-351
Скан 715
https://uk.wikisource.org/wiki/%D0%90%D1%80%D1%85%D1%96%D0%B2:%D0%94%D0%90%D0%96%D0%9E/1/74/351",,Луцький,"51.39114539539321, 26.398781084348357"
POINT (25.885827 50.834229),с. Цумань (церква Покрова Пресвятої Богородиці),"ДАЖО 1-74-351
Скан 747
https://uk.wikisource.org/wiki/%D0%90%D1%80%D1%85%D1%96%D0%B2:%D0%94%D0%90%D0%96%D0%9E/1/74/351",,Луцький,"50.834228659499075, 25.8858265952672"
POINT (25.845523 51.216646),"м. Чорторійськ (церква Успіння Пресвятої Богородиці), с. Новосілки і с. Будки","ДАЖО 1-74-351
Скан 785
https://uk.wikisource.org/wiki/%D0%90%D1%80%D1%85%D1%96%D0%B2:%D0%94%D0%90%D0%96%D0%9E/1/74/351",,Луцький,"51.21664581788392, 25.845523492941183"
POINT (25.920025 51.233202),м-ко  Чорторійськ (церква Преображення Господнього) і с. Козлиничі,"ДАЖО 1-74-351
Скан 825
https://uk.wikisource.org/wiki/%D0%90%D1%80%D1%85%D1%96%D0%B2:%D0%94%D0%90%D0%96%D0%9E/1/74/351",,Луцький,"51.23320165931243, 25.92002452689501"
POINT (25.110905 50.611075),с. Чаруків (церква Св. Параскеви),"ДАЖО 1-74-351
Скан 847
https://uk.wikisource.org/wiki/%D0%90%D1%80%D1%85%D1%96%D0%B2:%D0%94%D0%90%D0%96%D0%9E/1/74/351",,Луцький,"50.611075209982594, 25.110905152794"
POINT (25.483294 51.046825),с. Четвертня (церква Преображення Господнього),"ДАЖО 1-74-351
Скан 872
https://uk.wikisource.org/wiki/%D0%90%D1%80%D1%85%D1%96%D0%B2:%D0%94%D0%90%D0%96%D0%9E/1/74/351",,Луцький,"51.046824566556324, 25.48329396137631"
POINT (25.845501 51.046383),с. Черниж (церква Св. Архистратига Михаїла),"ДАЖО 1-74-351
Скан 889
https://uk.wikisource.org/wiki/%D0%90%D1%80%D1%85%D1%96%D0%B2:%D0%94%D0%90%D0%96%D0%9E/1/74/351",,Луцький,"51.04638329458542, 25.845500950479035"
POINT (25.129115 50.785991),с. Шепель (церква Успіння Пресвятої Богородиці) і с. Усичі (церква Св. Апостола Стефана),"ДАЖО 1-74-351
Скан 904
https://uk.wikisource.org/wiki/%D0%90%D1%80%D1%85%D1%96%D0%B2:%D0%94%D0%90%D0%96%D0%9E/1/74/351",,Луцький,"50.78599101277308, 25.129115072457555"
POINT (24.951438 50.953827),"с. Щурин (церква Св. Архистратига Михаїла), с. Тристині, с. Вичина, с. Баб'є, с. Ясинівка ","ДАЖО 1-74-351
Скан 932
https://uk.wikisource.org/wiki/%D0%90%D1%80%D1%85%D1%96%D0%B2:%D0%94%D0%90%D0%96%D0%9E/1/74/351",,Луцький,"50.95382747842309, 24.95143829520084"
POINT (25.544637 51.219003),с. Яблонка (церква Хрестовоздвиженська),"ДАЖО 1-74-351
Скан 983
https://uk.wikisource.org/wiki/%D0%90%D1%80%D1%85%D1%96%D0%B2:%D0%94%D0%90%D0%96%D0%9E/1/74/351",,Луцький,"51.21900280771015, 25.544637035677816"
POINT (27.350121 51.58424),"Церква Різдва Пресвятої Богородиці, с. Березове Мозирського повіту Березівської волості",https://daro-metric-map.pages.dev/parafia/c63e63b7/,"сс. Березове, Більськ, Блажове, Віл’є, Войткевичі, Глинне, Дідине, Дренівський, Дубно, Дуброва, Заболоття, Колки, Лодище, Нагірський, Настахівське, Підмосток, Підхиничі, Підхорче, Під’ясене, Познань, Поліща, Роги, Рахнівський, Святуха, Селище, Синя Гірка, Хміль, Храпин, Юзефин",Мозирський,
POINT (27.130051 51.612049),"Церква Святого Миколая, с. Старе Село Мозирського повіту Березівської волості",https://daro-metric-map.pages.dev/parafia/f130b058/,"сс. Будимля, Вежиця, Віл’є, Грабунь, Дроздинь, Переходичі, Озера, Старе Село",Мозирський,
POINT (27.0843827 50.6256523),"Церква Святого Іоанна Богослова, с. Головниця Новоград-Волинського повіту Корецької волості",https://daro-metric-map.pages.dev/parafia/d76376d3/,"сс. Аннівка, Головниця",Новоград-Волинський,
POINT (27.2335647 50.682124),"Параскевська церква, с. Кобилля Новоград-Волинського повіту Корецької волості",https://daro-metric-map.pages.dev/parafia/dfd2a08c/,"сс. Голичівка, Завудня, Кобилля, Круглик, Миколаївка, Річечина, Городницької вол. Сторожів, Рівненського пов. Селищної вол. Франкопіль",Новоград-Волинський,
POINT (27.1390869 50.6744961),"Церква Святої Трійці, с. Козак Новоград-Волинського повіту Корецької волості",https://daro-metric-map.pages.dev/parafia/7683ba18/,"сс. Голичівка, Козак, Морозівка, Річки",Новоград-Волинський,
POINT (27.159712 50.6194566),"Вознесенська церква, м-ко Корець Новоград-Волинського повіту Корецької волості",https://daro-metric-map.pages.dev/parafia/29cdc024/,"сс. Гвоздів, Жадківка, Корець, Корець-Гребовщики, Корецькі Хутори, Татарівка, Рівненського пов. Межиріцької вол. Копитів",Новоград-Волинський,
POINT (27.157519 50.618367),"Церква Святого Миколая, м-ко Корець Новоград-Волинського повіту Корецької волості",https://daro-metric-map.pages.dev/parafia/802b4f0e/,"сс. Забара, Зарів’я, Корець, Корецькі Хутори, Старий Корець, Шитні, Юзефин",Новоград-Волинський,
POINT (27.1557308 50.6140677),"Свято-Параскевська церква, м-ко Корець Новоград-Волинського повіту Корецької волості",https://daro-metric-map.pages.dev/parafia/9106fce9/,"м-ко Корець, с. Новий Корець",Новоград-Волинський,
POINT (27.1539853 50.6164369),"Церква святих Кузьми і Дем’яна, с. Новий Корець Новоград-Волинського повіту Корецької волості",https://daro-metric-map.pages.dev/parafia/71595e74/,"сс. Бабин, Гвоздів, Корецькі Хутори, Новий Корець, Шитні",Новоград-Волинський,
POINT (27.2687959 50.7271124),"Свято-Михайлівська церква, с. Сторожів Новоград-Волинського повіту Городницької волості",https://daro-metric-map.pages.dev/parafia/6e7a99e6/,"сс. Сторожів, Суховоля",Новоград-Волинський,
POINT (27.6447329 50.067803),"Богоявленська церква, с. Тиранівка Новоград-Волинського повіту Миропільської волості",https://daro-metric-map.pages.dev/parafia/ee566a57/,"сс. Дертка, Тиранівка",Новоград-Волинський,
POINT (27.2393988 51.1022972),"Михайлівська церква, с. Борове Овруцького повіту Кисорицької волості",https://daro-metric-map.pages.dev/parafia/23987d0a/,"сс. Борове, Будки Боровські, Дерманка, Кабардинь, Карпилівка, Млинок, Нетреба",Овруцький,
POINT (27.2486139 51.2057827),"Церква Успіння Пресвятої Богородиці, с. Кисоричі Овруцького повіту Кисорицької волості",https://daro-metric-map.pages.dev/parafia/41950b3a/,с. Кисоричі,Овруцький,
POINT (27.2059077 51.2836218),"Церква Успіння Пресвятої Богородиці, с. Рокитне Овруцького повіту Кисорицької волості",https://daro-metric-map.pages.dev/parafia/afab801b/,"сс. Буда, Дерть, Кисоричі, Масевичі, Олександрівка, Осницьк, Рокитне, Остки, Вовча Гірка",Овруцький,
POINT (27.3941213 51.2911861),"Церква Воздвиження Чесного Хреста, с. Сновидовичі Овруцького повіту Олевської волості",https://daro-metric-map.pages.dev/parafia/64a96092/,"сс. Голич, Залав’я, Лісове, Сновидовичі, Кисорицької вол. Дерть, Остки",Овруцький,
POINT (26.3968574 50.3408963),"Церква Святої Трійці, с. Білашів Острозького повіту Хорівської волості",https://daro-metric-map.pages.dev/parafia/b7d3ce1d/,"сс. Білашів, Голіївка, Грем’яче, Грозів, Дерев’янче, Попівці, Точевики",Острозький,
POINT (26.8292699 50.6302875),"Церква Покрови Пресвятої Богородиці, с. Блудів Острозького повіту Гощанської волості /с. Світанок Корецького р-ну/",https://daro-metric-map.pages.dev/parafia/8357c19b/,"сс. Блудів, Бранів",Острозький,
POINT (26.6994689 50.5315279),"Церква Святого пророка Іллі, с. Бочаниця Острозького повіту Сіянецької волості",https://daro-metric-map.pages.dev/parafia/c73ae090/,"сс. Бочаниця, Глибочок, Дуліби, Жаврів",Острозький,
POINT (26.5323688 50.4211877),"Церква Святого Миколая, с. Бродів Острозького повіту Хорівської волості",https://daro-metric-map.pages.dev/parafia/4dd270dd/,"сс. Бродів, Зозулинці, Оженин, Плоске, Хорів",Острозький,
POINT (26.5344967 50.5446797),"Вознесенська церква, с. Бугрин Острозького повіту Бугринської волості",https://daro-metric-map.pages.dev/parafia/b6350276/,"сс. Башине, Бугрин, Зарічне, Угільці",Острозький,
POINT (26.314792 50.3874466),"Вознесенська церква, с. Верхів Острозького повіту Хорівської волості",https://daro-metric-map.pages.dev/parafia/2384a2a5/,"сс. Верхів, Лебеді",Острозький,
POINT (26.2980353 50.1966962),"Параскевська церква, с. Вілія Острозького повіту Куневської волості",https://daro-metric-map.pages.dev/parafia/aaadc81f/,"сс. Вілія, Данилівка, Долоччя, Карпилівка, Теремне",Острозький,
POINT (26.5757709 50.3493394),"Церква Преображення Господнього, с. Вільбівне Острозького повіту Кривинської волості",https://daro-metric-map.pages.dev/parafia/c1fb485c/,"сс. Вільбівне, Нетішин, Солов’є",Острозький,
POINT (26.5247105 50.5038795),"Церква Покрови Пресвятої Богородиці, с. Вільгір Острозького повіту Бугринської волості",https://daro-metric-map.pages.dev/parafia/ea2e8102/,"сс. Вільгір, Колесники",Острозький,
POINT (26.5945831 50.396825),"Церква Покрови Пресвятої Богородиці, с. Волосківці Острозького повіту Сіянецької волості",https://daro-metric-map.pages.dev/parafia/639bf350/,"сс. Бадівка, Волосківці, Кургани",Острозький,
POINT (26.6476579 50.6068436),"Церква Святої Трійці, с. Горбаків Острозького повіту Бугринської волості",https://daro-metric-map.pages.dev/parafia/973ea456/,"сс. Горбаків, Шкарів",Острозький,
POINT (26.6827977 50.60466),"Михайлівська церква, м-ко Гоща Острозького повіту Гощанської волості",https://daro-metric-map.pages.dev/parafia/9a851c7f/,"сс. Гоща, Чудниця",Острозький,
POINT (26.2750545 50.4274068),"Церква Святого Миколая, с. Гільча Острозького повіту Здовбицької волості",https://daro-metric-map.pages.dev/parafia/d9b1c58e/,"сс. Глупанин, Гульча (Гільча), Йосипівка, Миротин, Урвенна",Острозький,
POINT (26.27483 50.427929),"Гульчанський чеський приход, с. Гульча Острозького повіту Здовбицької волості",https://daro-metric-map.pages.dev/parafia/e05e5e15/,"сс. Гульча, Залісся, Здолбунів, Урвенна, Бугринської вол. Країв, Стадники, Дубенського пов Будеразької вол. Борщівка, Будераж, Дубенського пов. Мізоцької вол. Мізоч, Рівненського пов. Рівненської вол. Квасилів",Острозький,
POINT (26.458272 49.926313),"Церква Покрови Пресвятої Богородиці, с. Денисівка Острозького повіту Семенівської волості",https://daro-metric-map.pages.dev/parafia/f372671b/,"сс. Данилівка, Денисівка",Острозький,
POINT (26.5668506 50.6154844),"Церква Успіння Пресвятої Богородиці, с. Дорогобуж Острозького повіту Бугринської волості",https://daro-metric-map.pages.dev/parafia/381ea62c/,"сс. Дмитрівка, Дорогобуж, Подоляни, Рясники",Острозький,
POINT (26.7116247 50.5144933),"Св. Яківська церква, с. Жаврів Острозького повіту Аннопільської волості",https://daro-metric-map.pages.dev/parafia/1d379a7b/,"сс. Глибочок, Жаврів",Острозький,
POINT (26.4117229 49.9778341),"Церква Різдва Пресвятої Богородиці, с. Жемелинці Острозького повіту Ляховецької волості",https://daro-metric-map.pages.dev/parafia/322d89d7/,"сс. Жемелинці, Мокра Воля",Острозький,
POINT (26.5783208 50.5170374),"Церква Покрови Пресвятої Богородиці, с. Завозів Острозького повіту Сіянецької волості",https://daro-metric-map.pages.dev/parafia/822c62da/,"сс. Бухарів, Завозів, Михалківці, Бугринської вол. Угільці",Острозький,
POINT (26.2484113 50.4993307),"Михайлівська церква, с. Здовбиця Острозького повіту Здовбицької волості",https://daro-metric-map.pages.dev/parafia/b6c85d4c/,"сс. Грінівщина, Здовбиця, Здолбунів, Лідава",Острозький,
POINT (26.258311 50.53005),"Свято-Катеринівська церква, м-ко Здолбунів Острозького повіту Здовбицької волості",https://daro-metric-map.pages.dev/parafia/601f581e/,м-ко Здолбунів,Острозький,
POINT (26.3234279 50.4749451),"Церква Пресвятої Богородиці, с. Івачкове (Івачків) Острозького повіту Здовбицької волості",https://daro-metric-map.pages.dev/parafia/fdf33b23/,"сс. Івачкове, Копиткове, Мар’янівка",Острозький,
POINT (26.3802316 50.4489727),"Церква Святої Трійці, с. Коростова (Українка) Острозького повіту Хорівської волості",https://daro-metric-map.pages.dev/parafia/e618b587/,"сс. Вишеньки, Гай, Дубини, Коростова, Михайлівка, Плоске",Острозький,
POINT (26.4796687 50.4700863),"Церква Покрови Пресвятої Богородиці, с. Країв Острозького повіту Бугринської волості",https://daro-metric-map.pages.dev/parafia/b37b82b3/,"сс. Країв, Новий Країв, Стадники",Острозький,
POINT (26.9661119 50.5556139),"Церква Іоанна Златоуса, с. Крилів Острозького повіту Довжанської волості",https://daro-metric-map.pages.dev/parafia/715fc535/,с. Крилів,Острозький,
POINT (26.3261293 50.2371795),"Церква Різдва Пресвятої Богородиці, с. Ляхів Острозького повіту Куневської волості",https://daro-metric-map.pages.dev/parafia/d1391125/,"сс. Болотківці, Ілляшівка, Ляхів, Новородчиці",Острозький,
POINT (26.4166916 50.0019489),"Богоявленська церква, с. Ляхівці Острозького повіту Ляховецької волості",https://daro-metric-map.pages.dev/parafia/f1a43cb6/,с. Ляхівці,Острозький,
POINT (26.7867209 50.5236299),"Параскевська церква, с. Майків Острозького повіту Довжанської волості",https://daro-metric-map.pages.dev/parafia/2ee8f931/,"сс. Дуліби, Майків",Острозький,
POINT (26.480486 50.306084),"Церква Святої Трійці, с. Межиріч Острозького повіту Куневської волості",https://daro-metric-map.pages.dev/parafia/c90bdfb4/,"сс. Завидів, Лючин, Межиріч",Острозький,
POINT (26.6064776 50.4539281),"Свято-Михайлівська церква, с. Милятин Острозького повіту Сіянецької волості",https://daro-metric-map.pages.dev/parafia/804deeb5/,"сс. Милятин (Милятин-Бурини), Почапки",Острозький,
POINT (26.6322005 50.6376544),"Церква Покрови Пресвятої Богородиці, с. Мнишин Острозького повіту Бугринської волості",https://daro-metric-map.pages.dev/parafia/89896dce/,с. Мнишин,Острозький,
POINT (26.5554939 50.4212214),"Вознесенська церква, с. Могиляни Острозького повіту Сіянецької волості",https://daro-metric-map.pages.dev/parafia/0404c85a/,"сс. Могиляни, Черняхів",Острозький,
POINT (26.3712695 50.2971315),"Церква Іоанна Богослова, с. Новомалин Острозького повіту Куневської волості",https://daro-metric-map.pages.dev/parafia/55bf6a92/,"сс. Кам’янка, Новомалин, Подобанка",Острозький,
POINT (26.289914 50.5077212),"Церква Преображення Господнього, с. Новомильськ Острозького повіту Здовбицької волості",https://daro-metric-map.pages.dev/parafia/39ed69ef/,"сс. Загоріщина, Новомильськ, Старомильськ, Степанівка",Острозький,
POINT (26.2959493 50.5071565),"Свято Спаська церква, с. Новомильськ Острозького повіту Здовбицької волості",https://daro-metric-map.pages.dev/parafia/f506c77e/,"сс. Загоріщина, Новомильськ, Старомильськ, Степанівка",Острозький,
POINT (26.4379692 50.499875),"Михайлівська церква, с. Новосілки Острозького повіту Здовбицької волості",https://daro-metric-map.pages.dev/parafia/9b94890e/,"сс. Здовбиця, Новосілки,",Острозький,
POINT (26.5004006 50.5350555),"Церква Святого Іоанна Милостивого, с. Новоставці Острозького повіту Бугринської волості",https://daro-metric-map.pages.dev/parafia/22ce6340/,с. Новоставці,Острозький,
POINT (26.521342 50.326566),"Свято-Богоявленська церква, м. Острог Острозького повіту",https://daro-metric-map.pages.dev/parafia/379b3340/,"м. Острог, сс. Лючин, Більмаж, Ядвинин",Острозький,
POINT (26.5247155 50.3214984),"Церква Воскресіння Господнього, м. Острог Острозького повіту",https://daro-metric-map.pages.dev/parafia/3e3c7b6f/,"сс.Хорівської вол. Дорогоща, Нове Містечко, Півнева Гора, Слобідка, Хутори, Чернивода",Острозький,
POINT (26.5203627 50.329021),"Кирило-Мефодіївська Братська церква, м. Острог Острозького повіту",https://daro-metric-map.pages.dev/parafia/997025d9/,м. Острог,Острозький,
POINT (26.520543 50.329205),"Собор Успіння Пресвятої Богородиці, м. Острог Острозького повіту",https://daro-metric-map.pages.dev/parafia/17ebca40/,м. Острог,Острозький,
POINT (26.46435 50.576931),"Церква Святого пророка Іллі, с. Підліски Острозького повіту Бугринської волості",https://daro-metric-map.pages.dev/parafia/bc715f43/,"сс. Підліски, Глинки",Острозький,
POINT (26.4509985 50.5472943),"Церква Святої Трійці, с. Посягва Острозького повіту Бугринської волості",https://daro-metric-map.pages.dev/parafia/4c868ec3/,"сс. Михайлівка, М’ятин, Олексіївка, Посягва, Сергіївка",Острозький,
POINT (26.5129767 50.3623243),"Церква Святих безсрібників Косьми і Даміана, с. Розваж Острозького повіту Хорівської волості",https://daro-metric-map.pages.dev/parafia/b084cad6/,"сс. Монастирок, Розваж",Острозький,
POINT (26.818661 50.548439),"Церква Георгія Побєдоносця, с. Русивель Острозького повіту Гощанської волості",https://daro-metric-map.pages.dev/parafia/924ec6dc/,"сс. Курозвани, Пашуки, Русивель",Острозький,
POINT (26.6233386 50.5727707),"Дмитрівська церква, с. Симонів Острозького повіту Гощанської волості",https://daro-metric-map.pages.dev/parafia/5ae1f03d/,с. Симонів,Острозький,
POINT (26.634524 50.4811071),"Церква Георгія Побєдоносця, с. Сіянці Острозького повіту Сіянецької волості",https://daro-metric-map.pages.dev/parafia/96dca81e/,"сс. Садки, Сіянці",Острозький,
POINT (26.3324832 49.9772017),"Церква Святого Миколая, с. Сушівці Острозького повіту Семенівської волості",https://daro-metric-map.pages.dev/parafia/db21c7d8/,"сс. Вариводки, Сушівці",Острозький,
POINT (26.368219 50.53265),"Церква Покрови Пресвятої Богородиці, с. Тайкури Острозького повіту Здовбицької волості",https://daro-metric-map.pages.dev/parafia/8f854b77/,"сс. Порозове, Тайкури",Острозький,
POINT (26.6396502 50.5077089),"Церква Святого Миколая, с. Тесів Острозького повіту Сіянецької волості",https://daro-metric-map.pages.dev/parafia/cb7cd44b/,"сс. Тесів, Хрінів",Острозький,
POINT (26.2577161 49.9650755),"Церква Воскресіння Господнього, с. Тихомель Острозького повіту Семенівської волості",https://daro-metric-map.pages.dev/parafia/4ab5704e/,"сс. Водички, Тихомель",Острозький,
POINT (26.5882869 50.5725525),"Церква Святого Миколая, с. Томахів Острозького повіту Бугринської волості",https://daro-metric-map.pages.dev/parafia/3d1fbcf8/,"сс. Іллін, Томахів",Острозький,
POINT (26.469839 49.88308),"Введенська церква, с. Турівка Острозького повіту Семенівської волості",https://daro-metric-map.pages.dev/parafia/34ac8374/,с. Турівка,Острозький,
POINT (26.7883711 50.593954),"Церква Різдва Пресвятої Богородиці, с. Федорівка Острозького повіту Гощанської волості",https://daro-metric-map.pages.dev/parafia/dc75bd16/,"сс. Сапожин, Федорівка",Острозький,
POINT (26.4997637 50.39189),"Церква Св. апостолів Петра і Павла, с. Хорів Острозького повіту Хорівської волості",https://daro-metric-map.pages.dev/parafia/00eeeeb1/,"сс. Хорів, Шляхів",Острозький,
POINT (26.9993385 50.5645117),"Михайлівська церква, с. Черниця Острозького повіту Довжанської волості",https://daro-metric-map.pages.dev/parafia/7fde802c/,"сс. Черниця, Новоград-Волинського пов. Корецької вол. Бриків, Богданівка",Острозький,
POINT (26.4241556 50.3518926),"Церква Різдва Пресвятої Богородиці, с. Грозів Острозького повіту Хорівської гміни",https://daro-metric-map.pages.dev/parafia/df5f4a25/,"сс. Грозів, Грем’яче",Острозький,
POINT (26.4811084 50.4406544),"Свято-Михайлівська церква, с. Оженин Острозького повіту Хорівської гміни",https://daro-metric-map.pages.dev/parafia/60899a5d/,с. Оженин,Острозький,
POINT (26.015789 51.645455),"Михайлівська церква, с. Біле Пінського повіту Кухітсько-Вільської волості",https://daro-metric-map.pages.dev/parafia/df40f0a4/,"сс. Біле, Великі Телковичі, Малі Телковичі, Новосілки, Вичівської вол. Дібрівськ, Морочненської вол. Річиця; Луцького пов. Бережницької вол. Степангород, Хіночі, Володимирецької вол. Луко, Радижеве",Пінський,
POINT (26.015631 51.641232),"Церква Покрови Пресвятої Богородиці, с. Біле Пінського повіту Кухітсько-Вільської волості",https://daro-metric-map.pages.dev/parafia/89756bd1/,с. Біле,Пінський,
POINT (25.865417 51.6245659),"Церква Святого Миколая, с. Борове Пінського повіту Кухітсько-Вільської волості",https://daro-metric-map.pages.dev/parafia/9e892ea2/,"сс. Борове, Млинок, Новосілки, Перекалля",Пінський,
POINT (26.2971134 51.8219565),"Михайлівська церква, с. Вичівка Пінського повіту Вичівської волості",https://daro-metric-map.pages.dev/parafia/adcee779/,"сс. Бабки, Березник, Бродниця, Бутове, Веровне, Вичівка, Гірки, Грибовище, Дида, Дичин, Дібрівськ, Загири, Запетронив’я, Козки, Копильне, Кречків, Крижове, Майдан, Міст, Мокша, Озерськ, Олександрове, Осина, Осовець, Папирна, Петрове, Пруд, Райдуга, Риця, Рубле, Серники, Соловина, Соломир, Соль, Чертень, Ямне",Пінський,
POINT (25.5665847 51.6961426),"Церква Покрови Пресвятої Богородиці, с. Желізниця (Залізниця) Пінського повіту",https://daro-metric-map.pages.dev/parafia/35734d1c/,"сс. Залізниця, Судче",Пінський,
POINT (25.7516958 51.8136558),"Михайлівська церква, с. Кутин Пінського повіту Морочненської волості",https://daro-metric-map.pages.dev/parafia/557c710f/,"сс. Бережна Воля, Задовже, Заозер’я, Кутин, Кутинок, Любинь",Пінський,
POINT (25.6897421 51.6696518),"Свято-Параскевська церква, с. Кухітська Воля Пінського повіту Кухітсько – Вільської волості",https://daro-metric-map.pages.dev/parafia/342b9d3f/,"сс. Кухітська Воля, Малі Телковичі, Острівськ, Перекалля, Хомичі,",Пінський,
POINT (25.829954 51.821087),"Церква Воздвиження Чесного Хреста, с. Локниця Пінського повіту Морочненської волості",https://daro-metric-map.pages.dev/parafia/0e6c9120/,"сс. Вулька Річицька, Застінок Любина, Локниця, Новорічиця, Новосілля, Храпин, Заозер’я",Пінський,
POINT (25.9237273 51.8458834),"Параскевська церква, с. Морочне Пінського повіту Морочненської волості",https://daro-metric-map.pages.dev/parafia/c1cef8e3/,"сс. Дубчиці, Морочне, Осова, Сенчиці",Пінський,
POINT (26.1064305 51.8039099),"Церква Різдва Пресвятої Богородиці, с. Муравин Пінського повіту Морочненської волості",https://daro-metric-map.pages.dev/parafia/275a2704/,"сс. Вовчиці, Волиця, Дібрівськ, Калець, Коник, Муравин, Парська, Привітівка, Чернин",Пінський,
POINT (26.078449 51.876068),"Церква Покрови Пресвятої Богородиці, с. Неньковичі Пінського повіту Морочненської волості",https://daro-metric-map.pages.dev/parafia/5b6d8086/,"сс. Комори, Ладорож, Муравин, Мутвиця, Неньковичі, Паре, Парська, Вичівської вол. Серники",Пінський,
POINT (25.770251 51.859522),"Церква Преображення Господнього, с. Нобель Пінського повіту Морочненської волості",https://daro-metric-map.pages.dev/parafia/31020368/,"сс. Дідівка, Дубрижин, Котира, Кутин, Млин, Морочне, Муравин Нивки, Нобель, Піски, Погост-Зарічний, Поддятель, Сваловичі",Пінський,
POINT (26.1283792 51.811589),"Церква Успіння Пресвятої Богородиці, с. Погост-Зарічний Пінського повіту Морочненської волості",https://daro-metric-map.pages.dev/parafia/a36fae7a/,"сс. Іванчиці, Калець, Ладорож, Локниця, Муравин, Неньковичі, Погост-Зарічний, Старі Коні",Пінський,
POINT (27.548775 51.670555),"Воскресенська церква, с. Радиловичі Пінського повіту",https://daro-metric-map.pages.dev/parafia/7324a92a/,"сс. Колки, Храпин",Пінський,
POINT (25.9330798 51.7701666),"Церква Покрови Пресвятої Богородиці, с. Річиця Пінського повіту Морочненської волості",https://daro-metric-map.pages.dev/parafia/7a46d483/,"сс. Привітівка, Річиця",Пінський,
POINT (26.2628352 51.7117266),"Церква Георгія Побєдоносця, с. Сварицевичі Пінського повіту Вичівської волості",https://daro-metric-map.pages.dev/parafia/13614375/,"сс. Бродниця, Озерськ, Сварицевичі",Пінський,
POINT (26.2314719 51.8151092),"Дмитрівська церква, с. Серники Пінського повіту Вичівської волості",https://daro-metric-map.pages.dev/parafia/016b68d9/,"сс. Дібрівськ, Канава, Миколаївка, Нове Село, Олександрове, Серники, Соломир",Пінський,
POINT (26.1424932 51.8317734),"Церква Святого Миколая, с. Старі Коні Пінського повіту Морочненської волості",https://daro-metric-map.pages.dev/parafia/33823816/,"сс. Іванчиці, Погост- Зарічний, Старі Коні",Пінський,
POINT (25.584761 51.733929),"Церква Свято-Троїцька, с. Судче Пінського повіту",https://daro-metric-map.pages.dev/parafia/d4094601/,с. Судче,Пінський,
POINT (25.7750397 51.7980389),"Церква Пресвятої Богородиці, с. Храпин Пінського повіту Морочненської волості",https://daro-metric-map.pages.dev/parafia/9c78fdb8/,"сс. Бережна Воля, Кутинок, Любинь, Новосілля, Храпин, Кухітсько- Вільської вол. Кухче",Пінський,
POINT (26.7769477 50.6527316),"Церква Успіння Пресвятої Богородиці, с. Андрусіїв Рівненського повіту Межиріцької волості",https://daro-metric-map.pages.dev/parafia/d9edf03a/,"сс. Андрусіїв, Дружне, Підліски; Тучинської вол. Синів, Терентіїв",Рівненський,
POINT (26.5228893 50.6036507),"Церква Святого Іоанна Богослова, с. Бабин Рівненського повіту Рівненської волості",https://daro-metric-map.pages.dev/parafia/f1ba317f/,"сс. Антопіль, Бабин",Рівненський,
POINT (26.9523369 50.9963971),"Церква Святого Іоанна Богослова, с. Балашівка Рівненського повіту Березнівської волості",https://daro-metric-map.pages.dev/parafia/b3189dad/,"сс. Антолін, Балашівка, Лінчин, Михалин",Рівненський,
POINT (26.245254 50.603725),"Церква Святої Трійці, с. Басів Кут Рівненського повіту Рівненської волості",https://daro-metric-map.pages.dev/parafia/6a1b6c4c/,"сс. Басів Кут, Дворець, Новий Двір, м. Рівне",Рівненський,
POINT (26.6142368 51.5249684),"Церква Різдва Пресвятої Богородиці, с. Бережки Рівненського повіту Любиковицької волості",https://daro-metric-map.pages.dev/parafia/0604c7e5/,с. Бережки,Рівненський,
POINT (26.1235212 50.8799936),"Церква Покрови Пресвятої Богородиці, с. Бечаль Рівненського повіту Деражненської волості",https://daro-metric-map.pages.dev/parafia/2cbc9273/,"сс. Бечаль, Постійне",Рівненський,
POINT (26.0266274 50.6837258),"Церква Благовіщення Пресвятої Богородиці, с. Білів Рівненського повіту Клеванської волості",https://daro-metric-map.pages.dev/parafia/4cf81d01/,"сс. Білів, Бронники, Рогачів, Старожуків, кол. Ядвипіль",Рівненський,
POINT (26.099191 50.708048),"Церква Покрови Пресвятої Богородиці, с. Бронники Рівненського повіту Клеванської волості",https://daro-metric-map.pages.dev/parafia/97d6a4d3/,"сс. Бронники, Грабів, Оржів, Покоси,",Рівненський,
POINT (26.3604929 50.9583271),"Церква Святого Миколая, с. Велика Любаша Рівненського повіту Костопільської волості",https://daro-metric-map.pages.dev/parafia/8c978466/,"сс. Велика Любаша, Волиця, Космачів, Мар’янівка, Олександрівка, Пеньків, Підлужне; Стидинської вол. Золотолин",Рівненський,
POINT (26.262819 51.210018),"Свято-Михайлівська церква, с. Велике Вербче Рівненського повіту Степанської волості",https://daro-metric-map.pages.dev/parafia/1c846794/,"сс. Бутейки, Велике Вербче, Кричильськ, Мале Вербче, Ромейки",Рівненський,
POINT (26.1500133 51.0887649),"Церква Різдва Пресвятої Богородиці, с. Великий Мидськ Рівненського повіту Стидинської волості",https://daro-metric-map.pages.dev/parafia/db8a97f8/,"сс. Великий Мидськ, Великий Стидин, Липно, Майдан, Рудня, Чарнишовка",Рівненський,
POINT (26.161145 51.045429),"Церква Покрови Пресвятої Богородиці, с. Великий Стидин Рівненського повіту Стидинської волості",https://daro-metric-map.pages.dev/parafia/2e0622b8/,с. Великий Стидин,Рівненський,
POINT (26.6559488 51.6489311),"Церква Покрови Пресвятої Богородиці, с. Велюнь Рівненського повіту Висоцької волості",https://daro-metric-map.pages.dev/parafia/4fd67031/,"сс. Біле, Велюнь, Лютинськ",Рівненський,
POINT (26.6602392 51.7236599),"Церква Успіння Пресвятої Богородиці, с. Висоцьк Рівненського повіту Висоцької волості",https://daro-metric-map.pages.dev/parafia/affaee24/,"сс. Бродець, Вербівка, Велюнь, Висоцьк, Гончариха, Лютинськ, Річиця, Удрицьк",Рівненський,
POINT (26.1450977 50.511566),"Церква Успіння Пресвятої Богородиці, с. Глинськ Рівненського повіту Дядьковицької волості",https://daro-metric-map.pages.dev/parafia/d3218e54/,"сс. Глинськ, Підцурків (Цурків), П’ятигори",Рівненський,
POINT (26.144941 50.511433),"Глинський чеський приход, с. Глинськ Рівненського повіту Дядьковицької волості",https://daro-metric-map.pages.dev/parafia/c62ea02e/,с. Глинськ,Рівненський,
POINT (26.29097 50.893478),"Свято-Михайлівська церква, с. Головин Рівненського повіту Костопільської волості",https://daro-metric-map.pages.dev/parafia/deb09f86/,"сс. Берестовець, Вулька Головинська, Головин, Янкевичі",Рівненський,
POINT (26.692589 50.892761),"Церква Святої Трійці, с. Голубне Рівненського повіту Березнівської волості",https://daro-metric-map.pages.dev/parafia/13b90ecc/,"сс. Голубне, Залісся",Рівненський,
POINT (26.5056526 50.6611269),"Церква Святої Трійці, м-ко Гориньград Рівненського повіту Тучинської волості",https://daro-metric-map.pages.dev/parafia/b01ee7c9/,"сс. Гориньград, Микулин",Рівненський,
POINT (26.3597876 50.6399293),"Дмитрівська церква, с. Городище Рівненського повіту Кустинської волості",https://daro-metric-map.pages.dev/parafia/c7877a52/,с. Городище,Рівненський,
POINT (26.703502 51.79961),"Церква Успіння Пресвятої Богородиці, с. Городище Рівненського повіту Висоцької волості",https://daro-metric-map.pages.dev/parafia/800e75c1/,"сс. Городище, Тумень, Річиця",Рівненський,
POINT (26.0310073 50.5515415),"Церква Покрови Пресвятої Богородиці, с. Грушвиця Рівненського повіту Дядьковицької волості",https://daro-metric-map.pages.dev/parafia/6aec1b43/,"сс. Грушвиця, Мартинівка",Рівненський,
POINT (26.5660889 51.5709462),"Церква Різдва Пресвятої Богородиці, м-ко Дубровиця Рівненського повіту",https://daro-metric-map.pages.dev/parafia/8dde3193/,"сс. Дубровиця, Крупове, Мочулище, Селець, Ясинець, Висоцької вол. Золоте, Пузня",Рівненський,
POINT (26.5666461 51.5680977),"Церква Святого Миколая, м-ко Дубровиця Рівненського повіту",https://daro-metric-map.pages.dev/parafia/f3ac61f7/,"сс. Берестя, Дубровиця, Орв’яниця",Рівненський,
POINT (26.5532661 50.6491095),"Церква Георгія Побєдоносця, с. Дроздів Рівненського повіту Тучинської волості",https://daro-metric-map.pages.dev/parafia/d63e5491/,"сс. Горбів, Дроздів",Рівненський,
POINT (26.34178 50.695042),"Церква Хрестителя Господнього Іоанна, с. Забороль Рівненського повіту Кустинської волості",https://daro-metric-map.pages.dev/parafia/5dc0d1ef/,"сс. Бичаль, Великий Житин, Городище, Забороль, Малий Житин, Ремель, Рівненської вол. Бегень",Рівненський,
POINT (26.29612 51.05003),"Церква Великого Дмитра Мироточивого, с. Золотолин Рівненського повіту Стидинської волості",https://daro-metric-map.pages.dev/parafia/c12cd201/,"сс. Золотолин, Степанської вол. Комарівка, Тростянець",Рівненський,
POINT (26.77368 51.220661),"Церква Святого Василя, с. Кам’яне Рівненського повіту Вирівської волості",https://daro-metric-map.pages.dev/parafia/e6e2409e/,"сс. Вири, Кам’яне, Олексіївка, Федорівка, Чабель",Рівненський,
POINT (26.702267 51.4046536),"Церква Святого Миколая, с. Карпилівка Рівненського повіту Немовицької волості",https://daro-metric-map.pages.dev/parafia/e5f95d60/,"сс. Карпилівка, Рудня, Любиковицької вол. Карасин",Рівненський,
POINT (26.2623998 50.5582459),"Церква Св. апостолів Петра і Павла, с. Квасилів Рівненського повіту Рівненської волості",https://daro-metric-map.pages.dev/parafia/af6ed7d9/,"м-ко. Здолбунів, сс. Квасилів-чеський, Семиграні, Угліч",Рівненський,
POINT (26.778971 51.112904),"Церква Святого Миколая, с. Князьсело (Князівка) Рівненського повіту Березнівської волості",https://daro-metric-map.pages.dev/parafia/1cfca1d6/,"сс. Богуші, Вітковичі, Князьсело, Тишиця",Рівненський,
POINT (26.3614443 51.2291118),"Церква Покрови Пресвятої Богородиці, с. Кричильськ Рівненського повіту Степанської волості",https://daro-metric-map.pages.dev/parafia/58c03a08/,"сс. Корост, Кричильськ, Убереж, Угли",Рівненський,
POINT (26.5223624 51.445877),"Церква Преображення Господнього, с. Кураш Рівненського повіту Любиковицької волості",https://daro-metric-map.pages.dev/parafia/1b1adf1c/,"сс. Білятичі, Кураш, Соломіївка",Рівненський,
POINT (26.7624935 50.6745963),"Свято-Параскевська церква, с. Липки Рівненського повіту Межиріцької волості",https://daro-metric-map.pages.dev/parafia/06d14776/,"сс. Вовкошів, Липки",Рівненський,
POINT (26.604771 51.475071),"Церква Святої Трійці, с. Любиковичі Рівненського повіту Любиковицької волості",https://daro-metric-map.pages.dev/parafia/2b716c5e/,"сс. Білятичі, Любиковичі, Мар’янівка, Орв’яниця",Рівненський,
POINT (26.626051 51.376881),"Михайлівська церква, с. Люхча Рівненського повіту Немовицької волості",https://daro-metric-map.pages.dev/parafia/d556830c/,"сс. Глушиця, Люхча, Любиковицької вол. Стрільськ",Рівненський,
POINT (26.516492 50.8363042),"Церква Покрови Пресвятої Богородиці, с. Мала Любаша Рівненського повіту Костопільської волості",https://daro-metric-map.pages.dev/parafia/00c48691/,"сс. Антонівка, Борщівка, Дерманка, Костопіль, Лісопіль, Мала Любаша, Маща, Юзефівка, Тучинської вол. Малі Селища, Руденка",Рівненський,
POINT (26.3373579 50.6770786),"Параскевська церква, с. Малий Житин Рівненського повіту Кустинської волості",https://daro-metric-map.pages.dev/parafia/d5b7a560/,"сс. Малий Житин, Нарада, Рівненської вол. Бармаки",Рівненський,
POINT (26.8643366 50.6530316),"Церква Св. апостолів Петра і Павла, м-ко Межирічі Рівненського повіту Межиріцької волості",https://daro-metric-map.pages.dev/parafia/ebae374f/,"сс. Велика Харуча, Дивинь, Застав’я, Межирічі",Рівненський,
POINT (26.016661 50.621571),"Церква Святої Трійці, с. Милостів Рівненського повіту Дядьковицької волості",https://daro-metric-map.pages.dev/parafia/ce800c74/,"сс. Гуменники, Доброволька, Макотерки, Милостів, Новостав, Підгірці, Плоска",Рівненський,
POINT (26.800152 50.9562407),"Свято-Михайлівська церква, с. Моквин Рівненського повіту Березнівської волості",https://daro-metric-map.pages.dev/parafia/f6e83f74/,с. Моквин,Рівненський,
POINT (26.639406 51.2575271),"Параскевська церква, с. Немовичі Рівненського повіту Немовицької волості",https://daro-metric-map.pages.dev/parafia/5ca332ba/,"сс. Довга Нива, Катеринівка, Немовичі, Пожога, Степанської вол. Убереж, Угли",Рівненський,
POINT (25.968463 50.5695904),"Церква Святого Миколая, с. Новосілки Рівненського повіту Дядьковицької волості",https://daro-metric-map.pages.dev/parafia/3d006e76/,"сс. Новосілки , Переділи, Шпаків, Яневичі",Рівненський,
POINT (26.90518 51.565022),"Церква Покрови Пресвятої Богородиці, с. Озера ( Великі Озера) Рівненського повіту Висоцької волості",https://daro-metric-map.pages.dev/parafia/9056b27c/,"сс. Озера, Чертежик, Шахи, Любиковицької вол. Карасин",Рівненський,
POINT (26.353736 50.734277),"Церква Преображення Господнього, м-ко Олександрія Рівненського повіту Кустинської волості",https://daro-metric-map.pages.dev/parafia/60a36e6e/,"сс. Волошки, Глажова, Кам’яна Гора, Майдан, Наталія, Нова Любомирка, Олександрія, Пухова, Свяття, Сергіївка, Сернява, Станіславівка, Три Копці, Черепашник",Рівненський,
POINT (26.180463 50.5377362),"Церква Покрови Пресвятої Богородиці, с. Орестів Рівненського повіту Дядьковицької волості",https://daro-metric-map.pages.dev/parafia/87b09f01/,"сс. Богдашів, Ільпінь, Орестів",Рівненський,
POINT (26.4705971 50.948376),"Церква Покрови Пресвятої Богородиці, с. Пісків Рівненського повіту Костопільської волості",https://daro-metric-map.pages.dev/parafia/fa93eb6f/,"сс. Моквин, Печалівка, Пісків, Рокитне, Хмизопіль, Яснобір",Рівненський,
POINT (26.8051039 50.8453531),"Михайлівська церква, с. Погорілівка (Поліське) Рівненського повіту Селищної волості",https://daro-metric-map.pages.dev/parafia/ad8d7d19/,"сс. Грушівка, Друхів, Погорілівка",Рівненський,
POINT (26.653612 51.0549296),"Свято-Михайлівська церква, с. Поляни Рівненського повіту Березнівської волості",https://daro-metric-map.pages.dev/parafia/aea53ebe/,"сс. Бронне, Орлівка, Поляни",Рівненський,
POINT (26.1497831 50.6825832),"Параскевська церква, с. Понебель Рівненського повіту Рівненської волості",https://daro-metric-map.pages.dev/parafia/dfdfb13f/,"сс. Карпилівка, Королево, Михайлівка, Обарів, Понебель, Ставки, Студянка, Ядвиполь, Клеванської вол. Рогачів",Рівненський,
POINT (26.5112933 50.73012),"Церква Святої Трійці, с. Річиця Рівненського повіту Тучинської волості",https://daro-metric-map.pages.dev/parafia/22a33988/,"сс. Котів, Кринички, Річиця",Рівненський,
POINT (26.249412 50.619308),"Собор Воскресіння Господнього, м. Рівне Рівненського повіту",https://daro-metric-map.pages.dev/parafia/898db4fb/,"м. Рівне, сс. Дворець, Тютьковичі",Рівненський,
POINT (26.6351763 51.3253201),"Церква Святої Трійці, с. Сарни (Доротичі) Рівненського повіту Немовицької волості",https://daro-metric-map.pages.dev/parafia/924ec271/,"сс. Доротичі, Люхча, Сарни, Страшеве",Рівненський,
POINT (26.900969 51.2007083),"Церква Святого Василя, с. Селище (Селища Малі) Рівненського повіту Вирівської волості",https://daro-metric-map.pages.dev/parafia/b9629bc0/,"сс. Вири, Олексіївка, Рудня, Селище, Федорівка, Чабель, Ясногірка",Рівненський,
POINT (26.7538038 51.0051412),"Церква Різдва Пресвятої Богородиці, с. Сільце Рівненського повіту Березнівської волості",https://daro-metric-map.pages.dev/parafia/06922fce/,"сс. Вітковичі, Городище, Лизяне, Сільце, м. Березне",Рівненський,
POINT (26.308297 51.131619),"Церква Святого Миколая, м-ко Степань Рівненського повіту Степанської волості",https://daro-metric-map.pages.dev/parafia/cbf19f95/,"сс. Волоша, Зульня, Казимирка, Степань, Тростянець",Рівненський,
POINT (26.8942712 50.6382265),"Церква Воздвиження Чесного Хреста, с. Стовпин Рівненського повіту Межиріцької волості",https://daro-metric-map.pages.dev/parafia/8c05e1d1/,с. Стовпин,Рівненський,
POINT (26.646311 51.428719),"Церква Покрови Пресвятої Богородиці, с. Стрільськ Рівненського повіту Любиковицької волості",https://daro-metric-map.pages.dev/parafia/09702f32/,"сс. Стрільськ, Немовицької вол. Глушиця, Карпилівка",Рівненський,
POINT (26.2021 50.605634),"Церква Різдва Пресвятої Богородиці, с. Тинне Рівненського повіту Рівненської волості",https://daro-metric-map.pages.dev/parafia/0b66f994/,"сс. Басів Кут, Золотіїв, Тинне",Рівненський,
POINT (26.779529 51.165008),"Параскевська церква, с. Тинне Рівненського повіту Немовицької волості",https://daro-metric-map.pages.dev/parafia/2199dd3f/,"сс. Забара, Зносичі, Пожога, Тинне, Березнівської вол. Богуші, Тишиця",Рівненський,
POINT (26.5684977 50.7006611),"Церква Преображення Господнього, м-ко Тучин Рівненського повіту Тучинської волості",https://daro-metric-map.pages.dev/parafia/258816e6/,"сс. Горбів, Рисв’янка, Річиця, Тучин",Рівненський,
POINT (26.722179 51.740108),"Церква Різдва Пресвятої Богородиці, с. Удрицьк Рівненського повіту Висоцької волості",https://daro-metric-map.pages.dev/parafia/6329d032/,"сс. Жадень, Любоницьк, Миляч, Нори, Удрицьк, Хочин, Желіза",Рівненський,
POINT (26.7257 51.246658),"Церква Успіння Пресвятої Богородиці, с. Чудель Рівненського повіту Вирівської волості",https://daro-metric-map.pages.dev/parafia/4b2fc50b/,"сс. Федорівка, Чудель",Рівненський,
POINT (26.257673 50.666308),"Церква Святої Варвари, с. Шпанів Рівненського повіту Рівненської волості",https://daro-metric-map.pages.dev/parafia/b2289c1c/,"сс. Зозів, Олексин, Шпанів",Рівненський,
POINT (26.51516 50.688862),"Церква Покрови Пресвятої Богородиці, с. Шубків Рівненського повіту Тучинської волості",https://daro-metric-map.pages.dev/parafia/a759c110/,с. Шубків,Рівненський,
POINT (26.63155 50.953899),"Параскевська церква, с. Яблунне Рівненського повіту Березнівської волості",https://daro-metric-map.pages.dev/parafia/25abe220/,"сс. Антонівка, Голубне, Замостище, Кам’янка, Яблунне, Яринівка, Костопільської вол. Данчиміст, Печалівка",Рівненський,
POINT (26.9242655 50.6655337),"Церква Георгія Побєдоносця, с. Янівка (Іванівка) Рівненського повіту Межиріцької гміни",https://daro-metric-map.pages.dev/parafia/9db712c4/,"сс. Жужелиця, Коловерти, Мала Харуча, Янівка",Рівненський,
POINT (26.267281 50.986858),"Церква Георгія Побєдоносця, с. Яполоть Рівненського повіту Стидинської волості",https://daro-metric-map.pages.dev/parafia/214691b9/,"сс. Вулька, Жалин, Журавичі, Яполоть",Рівненський,
POINT (26.08807 50.61813),"Церква Святого пророка Іллі, с. Ясининичі Рівненського повіту Дядьковицької волості",https://daro-metric-map.pages.dev/parafia/e66798c9/,"сс. Верхівськ, Дядьковичі, Кривичі, Омеляна, Ясининичі",Рівненський,
POINT (26.3585408 50.6616937),"Свято-Михайлівська церква, с.Великий Житин Рівненського повіту",https://daro-metric-map.pages.dev/parafia/ac8c5c1e/,"сс. Великий Житин, Городище, Радиславка",Рівненський,
POINT (27.084073 50.745363),"Дмитрівська церква, с. Велика Клецька Рівненського повіту Межиріцької гміни",https://daro-metric-map.pages.dev/parafia/6eb4d331/,"сс. Велика Клецька, Топча, Харалуг, Селищної гміни Устя",Рівненський,
POINT (25.9503776 50.7115593),"Церква Воскресіння Господнього, с. Голишів Рівненського повіту Клеванської гміни",https://daro-metric-map.pages.dev/parafia/7019a6c8/,"сс. Голишів, Дерев’яне",Рівненський,
POINT (26.174353 50.685879),"Свято-Миколаївська церква, с. Городок Рівненського повіту Рівненської гміни",https://daro-metric-map.pages.dev/parafia/b59980d8/,"сс. Городок, Караєвичі, Обарів, Понебель",Рівненський,
POINT (26.1125793 50.7241232),"Церква Георгія Побєдоносця, с. Грабів Рівненського повіту Клеванської гміни",https://daro-metric-map.pages.dev/parafia/7f54b61c/,"сс. Адамків, Грабів, Суськ",Рівненський,
POINT (27.000343 50.665565),"Параскевська церква, с. Даничів Рівненського повіту Межиріцької гміни",https://daro-metric-map.pages.dev/parafia/258aed62/,с. Даничів,Рівненський,
POINT (25.9396108 50.7449802),"Церква Святої Трійці, с. Дерев’яне Рівненського повіту Клеванської гміни",https://daro-metric-map.pages.dev/parafia/bcda5e6d/,"сс. Дерев’яне, Клевань, Олешва",Рівненський,
POINT (25.9121627 50.5960494),"Церква Різдва Пресвятої Богородиці, с. Заріцьк Рівненського повіту Дядьковицької гміни",https://daro-metric-map.pages.dev/parafia/98f8c686/,"сс. Заріцьк, Яневичі, Дубенського пов. Малинської гміни Перемилівка, Тушебин",Рівненський,
POINT (26.8452912 50.6573816),"Свято-Миколаївська церква, с. Застав’я Рівненського повіту Межиріцької гміни",https://daro-metric-map.pages.dev/parafia/4ce1cdbc/,с. Застав’я,Рівненський,
POINT (26.1457655 50.6988176),"Церква Успіння Пресвятої Богородиці, с. Караєвичі Рівненського повіту Рівненської гміни",https://daro-metric-map.pages.dev/parafia/58fe694f/,"сс. Караєвичі, Метків, Клеванської гміни Рогачів, Костопільського пов. Жильжа",Рівненський,
POINT (26.0262647 50.7508299),"Церква Святого Миколая, м-ко Клевань Рівненського повіту Клеванської гміни",https://daro-metric-map.pages.dev/parafia/f0d2895d/,"сс. Застав’я, Диків, Клевань, Новостав, Оржів, Руда-Красна",Рівненський,
POINT (26.4299516 50.7253932),"Церква Воскресіння Господнього, с. Козлин Рівненського повіту Кустинської гміни",https://daro-metric-map.pages.dev/parafia/fe08fdbd/,"сс. Козлин, Ремель",Рівненський,
POINT (26.9525135 50.691056),"Церква Покрови Пресвятої Богородиці, с. Коловерти Рівненського повіту Межиріцької гміни",https://daro-metric-map.pages.dev/parafia/c9243115/,"сс. Даничів, Желізниця, Коловерти, Копитів, Харалуг",Рівненський,
POINT (26.3203691 50.5822325),"Церква Георгія Побєдоносця, с. Колоденка Рівненського повіту Рівненської гміни",https://daro-metric-map.pages.dev/parafia/529d841d/,"сс. Антопіль, Біла Криниця, Вандопіль, Гелесин, Колоденка, Кругле, Новий Двір, Тучинської гміни Дубрівка",Рівненський,
POINT (27.0009604 50.5987291),"Дмитрівська церква, с. Користь Рівненського повіту Межиріцької гміни",https://daro-metric-map.pages.dev/parafia/d8e1e792/,с. Користь,Рівненський,
POINT (26.2828547 50.559608),"Церква Святого Миколая, с. Корнин Рівненського повіту Рівненської гміни",https://daro-metric-map.pages.dev/parafia/34306c6f/,"сс. Квасилів, Корнин",Рівненський,
POINT (26.680906 50.6665922),"Параскевська церква, с. Коростятин Рівненського повіту Тучинської гміни",https://daro-metric-map.pages.dev/parafia/c08aef8c/,"сс. Воронів, Воскодави, Коростятин (Малинівка)",Рівненський,
POINT (26.31397 50.70431),"Церква Святого Миколая, с. Кустин Рівненського повіту Кустинської гміни",https://daro-metric-map.pages.dev/parafia/6d1ddb30/,"сс. Волошки, Забороль, Коптовичі, Кустин, Решуцьк",Рівненський,
POINT (26.8328776 50.6943928),"Свято-Параскевська церква, с. Невірків Рівненського повіту Межиріцької гміни",https://daro-metric-map.pages.dev/parafia/a9a3b488/,"сс. Буди, Мала Совпа, Невірків, Щекичин",Рівненський,
POINT (26.2595212 50.5843228),"Церква Воскресіння Господнього, с. Новий Двір Рівненського повіту Рівненської гміни",https://daro-metric-map.pages.dev/parafia/6cdfc677/,"сс. Басів Кут, Колоденка, Новий Двір",Рівненський,
POINT (25.9451672 50.6713761),"Михайлівська церква, с. Новожуків Рівненського повіту Клеванської гміни",https://daro-metric-map.pages.dev/parafia/1dbfbf58/,"сс. Новожуків, Новосілки, Старожуків; Дядьковицької гміни Новостав (Дальній)",Рівненський,
POINT (26.1774246 50.6525389),"Церква Покрови Пресвятої Богородиці, с. Обарів Рівненського повіту Рівненської гміни",https://daro-metric-map.pages.dev/parafia/9d4be5da/,с. Обарів,Рівненський,
POINT (26.1036529 50.5995425),"Церква Покрови Пресвятої Богородиці, с. Омеляна Рівненського повіту Дядьковицької гміни",https://daro-metric-map.pages.dev/parafia/b568be34/,"сс. Дядьковичі, Омеляна",Рівненський,
POINT (26.1151572 50.7407758),"Церква Преображення Господнього, с. Оржів Рівненського повіту Клеванської гміни",https://daro-metric-map.pages.dev/parafia/d21d9003/,"сс. Адамків, Грабів, Оржів, Суськ",Рівненський,
POINT (25.9641938 50.6633004),"Церква Святого Миколая, с. Пересопниця Рівненського повіту Дядьковицької гміни",https://daro-metric-map.pages.dev/parafia/ae167f75/,"сс. Макотерти, Пересопниця, Шостаків",Рівненський,
POINT (26.7224443 50.7162963),"Параскевська церква, с. Пустомити Рівненського повіту Тучинської гміни",https://daro-metric-map.pages.dev/parafia/3fd82c49/,с. Пустомити,Рівненський,
POINT (26.2513165 50.6196175),"Церква Св. Олександра Невського, м. Рівне Рівненського повіту",https://daro-metric-map.pages.dev/parafia/990fb714/,"м. Рівне, сс. Золотіїв, Тютьковичі",Рівненський,
POINT (26.248245 50.626553),"Церква Успіння Пресвятої Богородиці, м. Рівне Рівненського повіту",https://daro-metric-map.pages.dev/parafia/20f2f9c3/,"м. Рівне, с. Тютьковичі",Рівненський,
POINT (26.9109275 50.6186719),"Церква Покрови Пресвятої Богородиці, с. Самостріли Рівненського повіту Межиріцької гміни",https://daro-metric-map.pages.dev/parafia/1b04c54b/,"сс. Городище, Самостріли",Рівненський,
POINT (26.7436065 50.6201855),"Церква Святого Іоанна Богослова, с. Синів Рівненського повіту Тучинської гміни",https://daro-metric-map.pages.dev/parafia/252067d8/,"сс. Витків, Красносілля, Синів, Терентіїв",Рівненський,
POINT (26.6489178 50.7094812),"Церква Різдва Пресвятої Богородиці, с. Сінне Рівненського повіту Тучинської гміни",https://daro-metric-map.pages.dev/parafia/ce45b619/,"сс. Антонів, Воронів, Жалянка, Корост, Люцинів, Мар’янівка, Несподзянка, Нехаїхи, Полянка, Пустомитський Майдан, Сінне (Садове)",Рівненський,
POINT (25.97958 50.73246),"Михайлівська церква, с. Сморжів Рівненського повіту Клеванської гміни",https://daro-metric-map.pages.dev/parafia/4845a013/,"сс. Диків, Клевань, Руда-Красна, Сморжів",Рівненський,
POINT (25.86594 50.656929),"Церква Покрови Пресвятої Богородиці, с. Сухівці Рівненського повіту Дядьковицької гміни",https://daro-metric-map.pages.dev/parafia/cd49e00c/,"сс. Жуківщина, Радухівка, Сухівці",Рівненський,
POINT (26.2286123 50.7056547),"Церква Зачаття Святої Анни, с. Хотин Рівненського повіту Кустинської гміни",https://daro-metric-map.pages.dev/parafia/dfb5e032/,"сс. Мар’янівка, Нова Павлівка, Рубче, Савичі, Ходоси, Хотин, Янівка, Казимирівка, Рівненської гміни Бегень",Рівненський,
POINT (26.8818369 50.7107034),"Михайлівська церква, с. Щекичин Рівненського повіту Межиріцької гміни",https://daro-metric-map.pages.dev/parafia/7b6f61a1/,"сс. Вороб’ївка, Коловерти, Марцелин, Ольшанка, Принада, Толкачі, Щекичин",Рівненський,
POINT (26.6171275 51.3350028),"Церква Почаївської ікони Божої Матері, м-ко Сарни Сарненського повіту",https://daro-metric-map.pages.dev/parafia/100bd24e/,"сс. Костянтинівка, Орлівка, Остюхове, Сарни, Тожевичі, Янівка, Вирівської вол. Клесів",Сарненський,
POINT (26.4702783 51.4365602),"Свято-Різдво-Богородицька церква, с. Бережниця Сарненський повіт",https://daro-metric-map.pages.dev/parafia/a70806c6/,"сс. Зульня, Рудня, Теклівка",Сарненський,
POINT (27.4711193 51.3819615),"Церква Воскресіння Господнього, с. Біловіж Сарненського повіту Рокитнівської гміни",https://daro-metric-map.pages.dev/parafia/71d99997/,"сс. Біловіж, Глинне, Залав’я, Купель, Мушні, Рудня-Залав’я, Сновидовичі, Столинського пов. Березівської гміни Блажове, Слобідка",Сарненський,
POINT (25.8116933 51.4577823),"Параскевська церква, с. Більська Воля Сарненського повіту Більсько - Вільської гміни",https://daro-metric-map.pages.dev/parafia/1f290193/,"сс. Більська Воля, Рудка, Собіщиці",Сарненський,
POINT (26.40255 51.39198),"Церква Покрови Пресвятої Богородиці, с. Великі Цепцевичі Сарненського повіту Городецької гміни",https://daro-metric-map.pages.dev/parafia/9a113dd1/,"сс. Великі Цепцевичі, Довге, Дубова Гора, Кідри, Ковбаня, Нетреба, Струги, Теклівка, Тріскині, Цепцевичі",Сарненський,
POINT (26.1406499 51.4220535),"Церква Успіння Пресвятої Богородиці, м-ко Володимирець Сарненського повіту Володимирецької гміни",https://daro-metric-map.pages.dev/parafia/5d119451/,"сс. Володимирець, Дубівка, Каноничі, Красносілля, Липне, Печінки",Сарненський,
POINT (26.2977239 51.2797501),"Церква Святого Миколая, с. Городець Сарненського повіту Городецької гміни",https://daro-metric-map.pages.dev/parafia/c1154758/,"сс. Антонівка, Велихів, Городець, Ромейки, Сварині, Церквище, Чаква",Сарненський,
POINT (26.88835 51.31233),"Церква Святого Іоанна Богослова, с. Клесів Сарненського повіту Клесівської гміни",https://daro-metric-map.pages.dev/parafia/f62ec9e1/,"сс. Вулька Клесівська, Клесів",Сарненський,
POINT (25.8896565 51.540012),"Церква Покрови Пресвятої Богородиці, с. Мульчиці Сарненського повіту Більсько - Вільської гміни",https://daro-metric-map.pages.dev/parafia/c09e682c/,"сс. Бишляк, Мульчиці, Кухітсько-Вільської гміни Млинок",Сарненський,
POINT (26.2107343 51.5033159),"Михайлівська церква, с. Озеро Сарненського повіту Володимирецької гміни",https://daro-metric-map.pages.dev/parafia/0c655c5f/,"сс. Андруга, Воронки, Зелене, Новаки, Озеро, Радижеве",Сарненський,
POINT (25.66029 51.535488),"Церква Різдва Пресвятої Богородиці, с. Озерці Сарненського повіту Більсько - Вільської гміни",https://daro-metric-map.pages.dev/parafia/a84b7b4f/,"сс. Мульчиці, Озерці, Серхів",Сарненський,
POINT (26.0536734 51.3746336),"Церква Святого Іоанна Богослова, с. Острівці Сарненського повіту Володимирецької гміни",https://daro-metric-map.pages.dev/parafia/74c2e394/,"сс. Довговоля, Жовкині, Зелениця, Лозки, Луписуки, Любахи, Половлі, Острівці",Сарненський,
POINT (26.0587351 51.2658791),"Церква Воздвиження Чесного Хреста, с. Полиці Сарненського повіту Рафалівської гміни",https://daro-metric-map.pages.dev/parafia/fe37f0d4/,"сс. Балаховичі, Великий Жолудськ, Гали, Веретено, Кошмаки, Малий Жолудськ, Маюничі, Рафалівка (Нова), Полиці, Сошники, Шимонисько",Сарненський,
POINT (25.939604 51.30785),"Церква Святого Іоанна Богослова, с. Полонне Сарненського повіту Рафалівської гміни",https://daro-metric-map.pages.dev/parafia/e72d4c4c/,"сс. Вараш, Заболоття, Острів, Полонне, Суховоля",Сарненський,
POINT (26.7276771 51.7877176),"Церква Різдва Пресвятої Богородиці, с. Смородськ Сарненського повіту",https://daro-metric-map.pages.dev/parafia/8dbce096/,"сс. Бухліч, Городище, Тумень, Теребежов",Сарненський,
POINT (27.0756669 51.3667124),"Церква Святого Іоанна Богослова, с. Томашгород Сарненського повіту Клесівської гміни",https://daro-metric-map.pages.dev/parafia/655f8a8e/,"сс. Вулька Клесівська, Камінь, Клесів, Крута Слобода, Осницьк, Перестаниця, Тухове, Саклів, Томашгород, Столинського пов. Березівської гміни Блажове, Єльне, Загілля, Хорозбит, Шлапаків",Сарненський,
POINT (27.619631 51.527401),"Михайлівська церква, с. Войткевичі Столинського повіту Березівської гміни",https://daro-metric-map.pages.dev/parafia/6fb3f1d4/,"сс. Блажове, Войткевичі, Журжевичі, Котець, Купель, Мочичі, Подерти, Слобідка, Смолин, Сумити",Столинський,
POINT (26.7013106 51.7994292),"Успенська церква, с. Городище Столинського повіту",https://daro-metric-map.pages.dev/parafia/b8ebc86a/,"сс. Городище, Тумень, Річиця",Столинський,
POINT (28.2728626 48.2382),"Ямпіль, Різдво-Богородична",https://www.familysearch.org/ark:/61903/3:1:3QHJ-RQ1J-2YTQ?view=explore&groupId=TH-7771-134223-7084-34&lang=uk,,Ямпільський,
POINT (28.2804991 48.2354583),"Ямпіль, Миколаївська",https://www.familysearch.org/ark:/61903/3:1:3QHJ-RQ1J-2YTQ?view=explore&groupId=TH-7771-134223-7084-34&lang=uk,,Ямпільський,
POINT (28.6788734 48.4701441),Антопіль,https://www.familysearch.org/ark:/61903/3:1:3QHJ-RQ1J-2YTQ?view=explore&groupId=TH-7771-134223-7084-34&lang=uk,,Ямпільський,
POINT (28.517874 48.6343834),Олександрівка,https://www.familysearch.org/ark:/61903/3:1:3QHJ-RQ1J-2YTQ?view=explore&groupId=TH-7771-134223-7084-34&lang=uk,,Ямпільський,
POINT (28.7188055 48.407916),Андріяшівка,https://www.familysearch.org/ark:/61903/3:1:3QHJ-RQ1J-2YTQ?view=explore&groupId=TH-7771-134223-7084-34&lang=uk,,Ямпільський,
POINT (28.4307958 48.5307372),Антонівка,https://www.familysearch.org/ark:/61903/3:1:3QHJ-RQ1J-2YTQ?view=explore&groupId=TH-7771-134223-7084-34&lang=uk,,Ямпільський,
POINT (28.1578295 48.4162554),Бабчинці (Миколаївська),https://www.familysearch.org/ark:/61903/3:1:3QHJ-RQ1J-2YTQ?view=explore&groupId=TH-7771-134223-7084-34&lang=uk,,Ямпільський,
POINT (28.1477015 48.4180783),Бабчинці (Покровська),https://www.familysearch.org/ark:/61903/3:1:3QHN-GQ1J-29Z9?view=explore&groupId=TH-7771-134223-7084-34&lang=uk,,Ямпільський,
POINT (28.1138337 48.5996553),Березівка (Введенська),https://www.familysearch.org/ark:/61903/3:1:3QHN-GQ1J-29Z9?view=explore&groupId=TH-7771-134223-7084-34&lang=uk,,Ямпільський,
POINT (28.1175244 48.5957954),Березівка (Успенська),https://www.familysearch.org/ark:/61903/3:1:3QHN-GQ1J-29PQ?view=explore&groupId=TH-7771-134223-7084-34&lang=uk,,Ямпільський,
POINT (28.2677245 48.5020606),Борівка (Богословська),https://www.familysearch.org/ark:/61903/3:1:3QHN-GQ1J-298G?view=explore&groupId=TH-7771-134223-7084-34&lang=uk,,Ямпільський,
POINT (28.2531333 48.4938705),Борівка (Михайлівська),https://www.familysearch.org/ark:/61903/3:1:3QHN-GQ1J-298G?view=explore&groupId=TH-7771-134223-7084-34&lang=uk,,Ямпільський,
POINT (28.0287035 48.4228436),Букатинка,https://www.familysearch.org/ark:/61903/3:1:3QHN-GQ1J-29ZW?view=explore&groupId=TH-7771-134223-7084-34&lang=uk,,Ямпільський,
POINT (28.1200069 48.3409982),Буша,https://www.familysearch.org/ark:/61903/3:1:3QHJ-TQ1J-LXNY?view=explore&groupId=TH-7771-134223-7084-34&lang=uk,,Ямпільський,
POINT (28.2152157 48.2535609),Біла,https://www.familysearch.org/ark:/61903/3:1:3QHJ-TQ1J-LXL8?view=explore&groupId=TH-7771-134223-7084-34&lang=uk,,Ямпільський,
POINT (28.0368393 48.4401669),Вила-Ярузькі,https://www.familysearch.org/ark:/61903/3:1:3QHN-GQ1J-29GF?view=explore&groupId=TH-7771-134223-7084-34&lang=uk,,Ямпільський,
POINT (28.2200489 48.5750942),Володіївці,https://www.familysearch.org/ark:/61903/3:1:3QHJ-TQ1J-LXYC?view=explore&groupId=TH-7771-134223-7084-34&lang=uk,,Ямпільський,
POINT (28.7416424 48.5066262),Вербова,https://www.familysearch.org/ark:/61903/3:1:3QHJ-TQ1J-LXVG?view=explore&groupId=TH-7771-134223-7084-34&lang=uk,,Ямпільський,
POINT (28.3925426 48.6706117),Голинчинці,https://www.familysearch.org/ark:/61903/3:1:3QHJ-RQ1J-2BQG?view=explore&groupId=TH-7771-134223-7084-34&lang=uk,,Ямпільський,
POINT (28.3456292 48.944874),Гришівці,https://www.familysearch.org/ark:/61903/3:1:3QHJ-RQ1J-2BHK?view=explore&groupId=TH-7771-134223-7084-34&lang=uk,,Ямпільський,
POINT (28.6131702 48.6393249),Горишківка,https://www.familysearch.org/ark:/61903/3:1:3QHJ-TQ1J-LX8F?view=explore&groupId=TH-7771-134223-7084-34&lang=uk,,Ямпільський,
POINT (28.2232837 48.2615413),Гальжбіївка,https://www.familysearch.org/ark:/61903/3:1:3QHJ-TQ1J-LXFQ?view=explore&groupId=TH-7771-134223-7084-34&lang=uk,,Ямпільський,
POINT (27.9894556 48.44522),Грушка,https://www.familysearch.org/ark:/61903/3:1:3QHN-GQ1J-29VP?view=explore&groupId=TH-7771-134223-7084-34&lang=uk,,Ямпільський,
POINT (28.2917209 48.672448),Джурин (Покровська),https://www.familysearch.org/ark:/61903/3:1:3QHJ-RQ1J-2B7B?view=explore&groupId=TH-7771-134223-7084-34&lang=uk,,Ямпільський,
POINT (28.2843786 48.6795432),Джурин (Михайлівська),https://www.familysearch.org/ark:/61903/3:1:3QHJ-RQ1J-2BHC?view=explore&groupId=TH-7771-134223-7084-34&lang=uk,,Ямпільський,
POINT (28.2949358 48.6823201),"Джурин (передмістя, Різдво-Богородична)",https://www.familysearch.org/ark:/61903/3:1:3QHN-GQ1J-29JP?view=explore&groupId=TH-7771-134223-7084-34&lang=uk,,Ямпільський,
POINT (28.3026914 48.6418717),Сапіжанка,https://www.familysearch.org/ark:/61903/3:1:3QHJ-TQ1J-LXZJ?view=explore&groupId=TH-7771-134223-7084-34&lang=uk,,Ямпільський,
POINT (28.3346584 48.7575028),Новий Деребчин,https://www.familysearch.org/ark:/61903/3:1:3QHJ-TQ1J-LXX4?view=explore&groupId=TH-7771-134223-7084-34&lang=uk,,Ямпільський,
POINT (28.2309762 48.7366801),Довжок,https://www.familysearch.org/ark:/61903/3:1:3QHJ-TQ1J-LXZ3?view=explore&groupId=TH-7771-134223-7084-34&lang=uk,,Ямпільський,
POINT (28.110951 48.3317154),Дорошівка,https://www.familysearch.org/ark:/61903/3:1:3QHN-GQ1J-2981?view=explore&groupId=TH-7771-134223-7084-34&lang=uk,,Ямпільський,
POINT (28.8589141 48.5825646),Дранка,https://www.familysearch.org/ark:/61903/3:1:3QHJ-TQ1J-LXJ8?view=explore&groupId=TH-7771-134223-7084-34&lang=uk,,Ямпільський,
POINT (28.2598817 48.8444909),Юхимівка,https://www.familysearch.org/ark:/61903/3:1:3QHJ-TQ1J-LXGL?view=explore&groupId=TH-7771-134223-7084-34&lang=uk,,Ямпільський,
POINT (28.3842432 48.9588869),Іванківці,https://www.familysearch.org/ark:/61903/3:1:3QHN-GQ1J-2945?view=explore&groupId=TH-7771-134223-7084-34&lang=uk,,Ямпільський,
POINT (28.9533934 48.5414501),Ілляшівка,https://www.familysearch.org/ark:/61903/3:1:3QHN-GQ1J-2945?view=explore&groupId=TH-7771-134223-7084-34&lang=uk,,Ямпільський,
POINT (28.4956875 48.4476335),Гнатків (Ігнатків),https://www.familysearch.org/ark:/61903/3:1:3QHN-GQ1J-29KP?view=explore&groupId=TH-7771-134223-7084-34&lang=uk,,Ямпільський,
POINT (28.0372646 48.3651131),Івонівка,https://www.familysearch.org/ark:/61903/3:1:3QHJ-TQ1J-LXPL?view=explore&groupId=TH-7771-134223-7084-34&lang=uk,,Ямпільський,
POINT (28.449686 48.1352715),Велика Кісниця,https://www.familysearch.org/ark:/61903/3:1:3QHN-GQ1J-2956?view=explore&groupId=TH-7771-134223-7084-34&lang=uk,,Ямпільський,
POINT (28.2555736 48.6261593),Калитинка,https://www.familysearch.org/ark:/61903/3:1:3QHJ-RQ1J-2B9N?view=explore&groupId=TH-7771-134223-7084-34&lang=uk,,Ямпільський,
POINT (28.4590775 48.2842873),Качківка,https://www.familysearch.org/ark:/61903/3:1:3QHN-GQ1J-29VV?view=explore&groupId=TH-7771-134223-7084-34&lang=uk,,Ямпільський,
POINT (28.5260205 48.2388981),Кетроси (Довжок),https://www.familysearch.org/ark:/61903/3:1:3QHJ-TQ1J-LXPN?view=explore&groupId=TH-7771-134223-7084-34&lang=uk,,Ямпільський,
POINT (28.4030517 48.3936593),Клембівка,https://www.familysearch.org/ark:/61903/3:1:3QHJ-RQ1J-2YTD?view=explore&groupId=TH-7771-134223-7084-34&lang=uk,,Ямпільський,
POINT (28.019766 48.4681557),Коси,https://www.familysearch.org/ark:/61903/3:1:3QHJ-TQ1J-LXZ7?view=explore&groupId=TH-7771-134223-7084-34&lang=uk,,Ямпільський,
POINT (28.3967206 48.9148237),Швачівка (передмістя м. Красного),https://www.familysearch.org/ark:/61903/3:1:3QHJ-TQ1J-LXZ8?view=explore&groupId=TH-7771-134223-7084-34&lang=uk,,Ямпільський,
POINT (28.6090703 48.5323903),"Комаргород (містечко), Михайлівська",https://www.familysearch.org/ark:/61903/3:1:3QHJ-TQ1J-LX6D?view=explore&groupId=TH-7771-134223-7084-34&lang=uk,,Ямпільський,
POINT (28.1348506 48.8488778),"Копистирин, Покровська",https://www.familysearch.org/ark:/61903/3:1:3QHJ-TQ1J-LXJH?view=explore&groupId=TH-7771-134223-7084-34&lang=uk,,Ямпільський,
POINT (28.1236567 48.8518985),"Копистирин, Парасківська",https://www.familysearch.org/ark:/61903/3:1:3QHJ-RQ1J-2B3T?view=explore&groupId=TH-7771-134223-7084-34&lang=uk,,Ямпільський,
POINT (28.7302271 48.4330827),Кісниця (Мала Кісниця),https://www.familysearch.org/ark:/61903/3:1:3QHJ-TQ1J-LXP6?view=explore&groupId=TH-7771-134223-7084-34&lang=uk,,Ямпільський,
POINT (28.6818341 48.5443409),Кислицьке,https://www.familysearch.org/ark:/61903/3:1:3QHN-GQ1J-294R?view=explore&groupId=TH-7771-134223-7084-34&lang=uk,,Ямпільський,
POINT (28.7250524 48.5186085),Цапівка Колоденка,https://www.familysearch.org/ark:/61903/3:1:3QHN-GQ1J-2982?view=explore&groupId=TH-7771-134223-7084-34&lang=uk,,Ямпільський,
POINT (28.8072797 48.428241),Княжа Криниця (Княже),https://www.familysearch.org/ark:/61903/3:1:3QHJ-RQ1J-2B35?view=explore&groupId=TH-7771-134223-7084-34&lang=uk,,Ямпільський,
POINT (28.3009816 48.935429),Кобелецьке,https://www.familysearch.org/ark:/61903/3:1:3QHJ-TQ1J-LXF9?view=explore&groupId=TH-7771-134223-7084-34&lang=uk,,Ямпільський,
POINT (28.8663211 48.3852076),Крижопіль,https://www.familysearch.org/ark:/61903/3:1:3QHJ-TQ1J-LXNL?view=explore&groupId=TH-7771-134223-7084-34&lang=uk,,Ямпільський,
POINT (28.9089638 48.5423828),Красногірка,https://www.familysearch.org/ark:/61903/3:1:3QHN-GQ1J-294G?view=explore&groupId=TH-7771-134223-7084-34&lang=uk,,Ямпільський,
POINT (28.3339341 48.7640398),Ксьондзівка,https://www.familysearch.org/ark:/61903/3:1:3QHJ-TQ1J-LXDK?view=explore&groupId=TH-7771-134223-7084-34&lang=uk,,Ямпільський,
POINT (28.8262996 48.5700945),Липівка Тиманівська,https://www.familysearch.org/ark:/61903/3:1:3QHJ-RQ1J-2B9V?view=explore&groupId=TH-7771-134223-7084-34&lang=uk,,Ямпільський,
POINT (28.5606062 48.5333022),Липівка (Липівка Комаргородська),https://www.familysearch.org/ark:/61903/3:1:3QHN-GQ1J-29K3?view=explore&groupId=TH-7771-134223-7084-34&lang=uk,,Ямпільський,
POINT (27.9661792 48.8605309),Лука-Мовчанська,https://www.familysearch.org/ark:/61903/3:1:3QHJ-RQ1J-2B75?view=explore&groupId=TH-7771-134223-7084-34&lang=uk,,Ямпільський,
POINT (28.3680155 48.8123711),Лопатинці,https://www.familysearch.org/ark:/61903/3:1:3QHN-GQ1J-2959?view=explore&groupId=TH-7771-134223-7084-34&lang=uk,,Ямпільський,
POINT (28.7137389 48.4651352),Марківка,https://www.familysearch.org/ark:/61903/3:1:3QHJ-TQ1J-LXYL?view=explore&groupId=TH-7771-134223-7084-34&lang=uk,,Ямпільський,
POINT (28.0207526 48.8744598),Мовчани,https://www.familysearch.org/ark:/61903/3:1:3QHN-GQ1J-29D5?view=explore&groupId=TH-7771-134223-7084-34&lang=uk,,Ямпільський,
POINT (28.2911192 48.8074662),Михайлівка (Михайлівка Мурафська),https://www.familysearch.org/ark:/61903/3:1:3QHN-GQ1J-29KV?view=explore&groupId=TH-7771-134223-7084-34&lang=uk,,Ямпільський,
POINT (28.2074342 48.7682209),"Мурафа (містечко), Хрестовоздвиженська",https://www.familysearch.org/ark:/61903/3:1:3QHN-GQ1J-29ZZ?view=explore&groupId=TH-7771-134223-7084-34&lang=uk,,Ямпільський,
POINT (28.2185064 48.772011),"Нова Мурафа (містечко), Успенська",https://www.familysearch.org/ark:/61903/3:1:3QHN-GQ1J-296G?view=explore&groupId=TH-7771-134223-7084-34&lang=uk,,Ямпільський,
POINT (23.20261 51.07382),"Свято-Покровська церква, с.Жулін Холмського повіту",https://daro-metric-map.pages.dev/parafia/09d332bf/,"сс. Жулін, Боровиця, м. Красностав",Холмський,
POINT (22.8848624 50.350685),Babice,"https://regestry.lubgens.eu/viewpage.php?page_id=1052&par=54
https://regestry.lubgens.eu/viewpage.php?page_id=1052&par=682",,Люблінське,"50.350685,22.8848624"
POINT (23.60657 50.8012959),Bereść,"https://regestry.lubgens.eu/viewpage.php?page_id=1052&par=16b
https://regestry.lubgens.eu/viewpage.php?page_id=1052&par=452",,Люблінське,
POINT (23.7921638 51.1790331),Berdyszcze,"https://regestry.lubgens.eu/viewpage.php?page_id=1052&par=561
https://regestry.lubgens.eu/viewpage.php?page_id=1052&par=566",,Люблінське,"51.1790331,23.7921638"
POINT (23.2584092 51.2018015),Bezek,"https://regestry.lubgens.eu/viewpage.php?page_id=1052&par=654
https://regestry.lubgens.eu/viewpage.php?page_id=1052&par=412a",,Люблінське,"51.2018015,23.2584092"
POINT (22.7886071 51.7670047),Bezwola,"https://regestry.lubgens.eu/viewpage.php?page_id=1052&par=371b
https://regestry.lubgens.eu/viewpage.php?page_id=1052&par=723",,Люблінське,"51.7670047,22.7886071"
POINT (23.0971059 52.02908),Biała Podlaska,"https://regestry.lubgens.eu/viewpage.php?page_id=1052&par=71b
https://regestry.lubgens.eu/viewpage.php?page_id=1052&par=786
https://regestry.lubgens.eu/viewpage.php?page_id=1052&par=785
https://regestry.lubgens.eu/viewpage.php?page_id=1052&par=71a",,Люблінське,"52.02908,23.0971059"
POINT (22.5904866 50.5544268),Biłgoraj,"https://regestry.lubgens.eu/viewpage.php?page_id=1052&par=6b
https://regestry.lubgens.eu/viewpage.php?page_id=1052&par=6a",,Люблінське,"50.5544268,22.5904866"
POINT (22.5975765 50.4129487),Biszcza,"https://regestry.lubgens.eu/viewpage.php?page_id=1052&par=536
https://regestry.lubgens.eu/viewpage.php?page_id=1052&par=716",,Люблінське,"50.4129487,22.5975765"
POINT (23.4034034 50.9237821),Bończa,"https://regestry.lubgens.eu/viewpage.php?page_id=1052&par=78b
https://regestry.lubgens.eu/viewpage.php?page_id=1052&par=78a",,Люблінське,"50.9237821,23.4034034"
POINT (23.1721494 50.7661966),Bortatycze,https://regestry.lubgens.eu/viewpage.php?page_id=1052&par=509,,Люблінське,"50.7661966,23.1721494"
POINT (22.5460245 50.738928),Branew,https://regestry.lubgens.eu/viewpage.php?page_id=1052&par=129a,,Люблінське,"50.738928,22.5460245"
POINT (23.835676 50.7919318),Brodzica,https://regestry.lubgens.eu/viewpage.php?page_id=1052&par=415b,,Люблінське,"50.7919318,23.835676"
POINT (23.1468412 52.2668463),"Bubel, św. Mikołaja","https://regestry.lubgens.eu/viewpage.php?page_id=1052&par=335b
https://regestry.lubgens.eu/viewpage.php?page_id=1052&par=726",,Люблінське,"52.2668463,23.1468412"
POINT (23.2545703 51.2623044),"Busówno, pw. Opieki Matki Bożej","https://regestry.lubgens.eu/viewpage.php?page_id=1052&par=607
https://regestry.lubgens.eu/viewpage.php?page_id=1052&par=357a",,Люблінське,"51.2623044,23.2545703"
POINT (23.7338161 50.9611964),"Buśno, Zaśnięcia NMP","https://regestry.lubgens.eu/viewpage.php?page_id=1052&par=341b
https://regestry.lubgens.eu/viewpage.php?page_id=1052&par=341a",,Люблінське,"50.9611964,23.7338161"
POINT (23.4550016 51.1215597),Chełm,"https://regestry.lubgens.eu/viewpage.php?page_id=1052&par=100b
https://regestry.lubgens.eu/viewpage.php?page_id=1052&par=348
https://regestry.lubgens.eu/viewpage.php?page_id=1052&par=653
https://regestry.lubgens.eu/viewpage.php?page_id=1052&par=100a",,Люблінське,"51.1215597,23.4550016"
POINT (22.8665949 50.3921672),"Chmielek, pw. Narodzenia NMP","https://regestry.lubgens.eu/viewpage.php?page_id=1052&par=531
https://regestry.lubgens.eu/viewpage.php?page_id=1052&par=688",,Люблінське,"50.3921672,22.8665949"
POINT (23.6199564 50.4061412),"Chodywańce, św. Bazylego Wielkiego","https://regestry.lubgens.eu/viewpage.php?page_id=1052&par=352b
https://regestry.lubgens.eu/viewpage.php?page_id=1052&par=507",,Люблінське,"50.4061412,23.6199564"
POINT (23.4387137 51.9089447),"Choroszczynka, pw. Ścięcia Głowy św. Jana Chrzciciela","https://regestry.lubgens.eu/viewpage.php?page_id=1052&par=614
https://regestry.lubgens.eu/viewpage.php?page_id=1052&par=714",,Люблінське,"51.9089447,23.4387137"
POINT (23.3579708 51.3162601),"Chutcze, pw. śś. Apostołów Piotra i Pawła","https://regestry.lubgens.eu/viewpage.php?page_id=1052&par=597
https://regestry.lubgens.eu/viewpage.php?page_id=1052&par=367a",,Люблінське,"51.3162601,23.3579708"
POINT (23.7183022 50.8633763),"Chyżowice, pw. Przemienienia Pańskiego","https://regestry.lubgens.eu/viewpage.php?page_id=1052&par=474
https://regestry.lubgens.eu/viewpage.php?page_id=1052&par=705",,Люблінське,"50.8633763,23.7183022"
POINT (23.0938194 52.0698184),"Cicibór, św. Paraskiewy","https://regestry.lubgens.eu/viewpage.php?page_id=1052&par=381b
https://regestry.lubgens.eu/viewpage.php?page_id=1052&par=667",,Люблінське,"52.0698184,23.0938194"
POINT (23.1187714 51.297961),"Cyców, pw. św. Michała Archanioła","https://regestry.lubgens.eu/viewpage.php?page_id=1052&par=476
https://regestry.lubgens.eu/viewpage.php?page_id=1052&par=690",,Люблінське,"51.297961,23.1187714"
POINT (23.6472729 50.5719924),"Czartowiec, pw. Przemienienia Pańskiego","http://regestry.lubgens.eu/viewpage.php?page_id=1052&par=491
https://regestry.lubgens.eu/viewpage.php?page_id=1052&par=694",,Люблінське,"50.5719924,23.6472729"
POINT (22.5901993 51.1229185),"Czerniejów, p.w. św. Dymitra","https://regestry.lubgens.eu/viewpage.php?page_id=1052&par=404b
https://regestry.lubgens.eu/viewpage.php?page_id=1052&par=404a",,Люблінське,"51.1229185,22.5901993"
POINT (23.8888952 50.7552596),"Czerniczyn, Wszystkich Świętych","https://regestry.lubgens.eu/viewpage.php?page_id=1052&par=375b
https://regestry.lubgens.eu/viewpage.php?page_id=1052&par=373a",,Люблінське,"50.7552596,23.8888952"
POINT (23.4338537 50.7026414),"Cześniki, pw. św. Michała Archanioła","https://regestry.lubgens.eu/viewpage.php?page_id=1052&par=504
https://regestry.lubgens.eu/viewpage.php?page_id=1052&par=455",,Люблінське,"50.7026414,23.4338537"
POINT (23.4424748 51.2236288),"Czułczyce, pw. św. Kosmy i Damiana","https://regestry.lubgens.eu/viewpage.php?page_id=1052&par=573
https://regestry.lubgens.eu/viewpage.php?page_id=1052&par=515",,Люблінське,"51.2236288,23.4424748"
POINT (23.3852672 51.0691979),"Depułtycze, pw. Podwyższenia Krzyża Pańskieg","https://regestry.lubgens.eu/viewpage.php?page_id=1052&par=551
https://regestry.lubgens.eu/viewpage.php?page_id=1052&par=334a",,Люблінське,"51.0691979,23.3852672"
POINT (23.6023178 52.0086187),"Dobratycze, pw. Podwyższenia Krzyża Pańskiego","https://regestry.lubgens.eu/viewpage.php?page_id=1052&par=634
https://regestry.lubgens.eu/viewpage.php?page_id=1052&par=8a",,Люблінське,"52.0086187,23.6023178"
POINT (23.4591473 52.0638903),"Dobryń, pw. Zaśnięcia Bogurodzicy","https://regestry.lubgens.eu/viewpage.php?page_id=1052&par=618
https://regestry.lubgens.eu/viewpage.php?page_id=1052&par=617",,Люблінське,"52.0638903,23.4591473"
POINT (23.1924845 51.9601536),"Dokudów, pw. św.Paraskiewy","https://regestry.lubgens.eu/viewpage.php?page_id=1052&par=495
https://regestry.lubgens.eu/viewpage.php?page_id=1052&par=374a",,Люблінське,"51.9601536,23.1924845"
POINT (22.9166743 52.0043212),"Dołha, św. Barbary","https://regestry.lubgens.eu/viewpage.php?page_id=1052&par=392b
https://regestry.lubgens.eu/viewpage.php?page_id=1052&par=704",,Люблінське,"52.0043212,22.9166743"
POINT (23.5048173 51.6727819),"Dołhobrody, pw. Podwyższenia Krzyża Pańskiego",https://regestry.lubgens.eu/viewpage.php?page_id=1052&par=708,,Люблінське,"51.6727819,23.5048173"
POINT (24.0287083 50.5852021),"Dołhobyczów, pw. Podwyższenia Krzyża Świętego","https://regestry.lubgens.eu/viewpage.php?page_id=1052&par=480
https://regestry.lubgens.eu/viewpage.php?page_id=1052&par=441a",,Люблінське,"50.5852021,24.0287083"
POINT (22.931839 51.3478586),"Dratów, pw. św. Mikołaja Cudotwórcy","https://regestry.lubgens.eu/viewpage.php?page_id=1052&par=563
https://regestry.lubgens.eu/viewpage.php?page_id=1052&par=370a",,Люблінське,"51.3478586,22.931839"
POINT (22.8608067 51.9158081),"Drelów, pw. św. Anny","https://regestry.lubgens.eu/viewpage.php?page_id=1052&par=746
https://regestry.lubgens.eu/viewpage.php?page_id=1052&par=745",,Люблінське,"51.9158081,22.8608067"
POINT (23.5578908 50.6689277),"Dub, pw. św. Mikołaja potem św. Michała Archanioła","https://regestry.lubgens.eu/viewpage.php?page_id=1052&par=660
https://regestry.lubgens.eu/viewpage.php?page_id=1052&par=695",,Люблінське,"50.6689277,23.5578908"
POINT (23.869238 51.0526424),"Dubienka, p.w. Trójcy Świętej","https://regestry.lubgens.eu/viewpage.php?page_id=1052&par=396b
https://regestry.lubgens.eu/viewpage.php?page_id=1052&par=392a",,Люблінське,"51.0526424,23.869238"
POINT (23.901879 50.8433656),"Dziekanów, pw. Opieki NMP","https://regestry.lubgens.eu/viewpage.php?page_id=1052&par=462
https://regestry.lubgens.eu/viewpage.php?page_id=1052&par=372a",,Люблінське,"50.8433656,23.901879"
POINT (22.9931023 51.7055891),"Gęś, pw. św. św. Apostołów Piotra i Pawła","https://regestry.lubgens.eu/viewpage.php?page_id=1052&par=671
https://regestry.lubgens.eu/viewpage.php?page_id=1052&par=874",,Люблінське,"51.7055891,22.9931023"
POINT (23.1320331 52.2745893),"Gnojno, p.w. św. Paraskiewy","https://regestry.lubgens.eu/viewpage.php?page_id=1052&par=13b
https://regestry.lubgens.eu/viewpage.php?page_id=1052&par=13a",,Люблінське,"52.2745893,23.1320331"
POINT (24.0717761 50.6320165),"Gołębie, pw. św. Michała Archanioła","https://regestry.lubgens.eu/viewpage.php?page_id=1052&par=478
https://regestry.lubgens.eu/viewpage.php?page_id=1052&par=319a",,Люблінське,"50.6320165,24.0717761"
POINT (23.795513 50.7717868),"Gozdów, Opieki Matki Boskiej","https://regestry.lubgens.eu/viewpage.php?page_id=1052&par=15b
https://regestry.lubgens.eu/viewpage.php?page_id=1052&par=15a",,Люблінське,"50.7717868,23.795513"
POINT (23.5470274 50.8212509),"Grabowiec, pw. Zaśnięcia Bogurodzicy","https://regestry.lubgens.eu/viewpage.php?page_id=1052&par=585
https://regestry.lubgens.eu/viewpage.php?page_id=1052&par=583",,Люблінське,"50.8212509,23.5470274"
POINT (23.5742025 50.5211614),"Grodysławice, pw. Podwyższenia Krzyża Świętego","https://regestry.lubgens.eu/viewpage.php?page_id=1052&par=497
https://regestry.lubgens.eu/viewpage.php?page_id=1052&par=451",,Люблінське,"50.5211614,23.5742025"
POINT (23.929047 50.7987387),"Gródek nad Bugiem, pw. Ducha Świętego","https://regestry.lubgens.eu/viewpage.php?page_id=1052&par=4b
https://regestry.lubgens.eu/viewpage.php?page_id=1052&par=4a",,Люблінське,"50.7987387,23.929047"
POINT (23.4851267 51.7185593),"Hanna, pw. śś. Apostołów Piotra i Pawła","https://regestry.lubgens.eu/viewpage.php?page_id=1052&par=711
https://regestry.lubgens.eu/viewpage.php?page_id=1052&par=710",,Люблінське,"51.7185593,23.4851267"
POINT (23.3410081 51.423481),Hańsk,"https://regestry.lubgens.eu/viewpage.php?page_id=1052&par=904
https://regestry.lubgens.eu/viewpage.php?page_id=1052&par=901",,Люблінське,"51.423481,23.3410081"
POINT (23.3455399 51.6852048),"Holeszów, p.w. św. Michała Archanioła, św. św. Borysa i Gleba książąt ruskich","https://regestry.lubgens.eu/viewpage.php?page_id=1052&par=437b
https://regestry.lubgens.eu/viewpage.php?page_id=1052&par=437a",,Люблінське,"51.6852048,23.3455399"
POINT (23.1947832 51.6472605),Hołowno,https://regestry.lubgens.eu/viewpage.php?page_id=1052&par=950,,Люблінське,"51.6472605,23.1947832"
POINT (22.4266668 52.2792937),Hołubla,https://regestry.lubgens.eu/viewpage.php?page_id=1052&par=679,,Люблінське,"52.2792937,22.4266668"
POINT (23.6940743 50.7472436),Hostynne,"https://regestry.lubgens.eu/viewpage.php?page_id=1052&par=467
https://regestry.lubgens.eu/viewpage.php?page_id=1052&par=417a",,Люблінське,"50.7472436,23.6940743"
POINT (23.3383874 52.0437711),"Horbów, pw. Przemienienia Pańskiego","https://regestry.lubgens.eu/viewpage.php?page_id=1052&par=622
https://regestry.lubgens.eu/viewpage.php?page_id=1052&par=192a",,Люблінське,"52.0437711,23.3383874"
POINT (24.017 50.8943948),"Horodło, pw. św. Mikołaja","https://regestry.lubgens.eu/viewpage.php?page_id=1052&par=527
https://regestry.lubgens.eu/viewpage.php?page_id=1052&par=368a",,Люблінське,"50.8943948,24.017"
POINT (23.1716501 51.7561304),"Horodyszcze gm. Wisznice, pw. Narodzenia Matki Bożej",https://regestry.lubgens.eu/viewpage.php?page_id=1052&par=677,,Люблінське,"51.7561304,23.1716501"
POINT (23.2396366 51.5916964),Horostyta,https://regestry.lubgens.eu/viewpage.php?page_id=1052&par=715,,Люблінське,"51.5916964,23.2396366"
POINT (23.4079403 50.7469027),"Horyszów Polski, pw. Podwyższenia Krzyża Świętego","https://regestry.lubgens.eu/viewpage.php?page_id=1052&par=528
https://regestry.lubgens.eu/viewpage.php?page_id=1052&par=327a",,Люблінське,"50.7469027,23.4079403"
POINT (23.5961836 50.747489),"Horyszów Ruski, Przemienienia Pańskiego","https://regestry.lubgens.eu/viewpage.php?page_id=1052&par=342b
https://regestry.lubgens.eu/viewpage.php?page_id=1052&par=342a",,Люблінське,"50.747489,23.5961836"
POINT (23.8492638 50.8068417),Hrubieszów,"https://regestry.lubgens.eu/viewpage.php?page_id=1052&par=152a
https://regestry.lubgens.eu/viewpage.php?page_id=1052&par=529
https://regestry.lubgens.eu/viewpage.php?page_id=1052&par=152b",,Люблінське,"50.8068417,23.8492638"
POINT (23.1222572 52.096129),"Hrud, Zwiastowania Bogurodzicy","https://regestry.lubgens.eu/viewpage.php?page_id=1052&par=159b
https://regestry.lubgens.eu/viewpage.php?page_id=1052&par=159a",,Люблінське,"52.096129,23.1222572"
POINT (23.9679453 50.8342181),"Husynne, pw. św. Onufrego","https://regestry.lubgens.eu/viewpage.php?page_id=1052&par=555
https://regestry.lubgens.eu/viewpage.php?page_id=1052&par=567",,Люблінське,"50.8342181,23.9679453"
POINT (23.5952427 51.805108),Jabłeczna,"https://regestry.lubgens.eu/viewpage.php?page_id=1052&par=733
https://regestry.lubgens.eu/viewpage.php?page_id=1052&par=734",,Люблінське,"51.805108,23.5952427"
POINT (23.066571 51.7261251),"Jabłoń, pw. Świętej Trójcy","https://regestry.lubgens.eu/viewpage.php?page_id=1052&par=747
https://regestry.lubgens.eu/viewpage.php?page_id=1052&par=351a",,Люблінське,"51.7261251,23.066571"
POINT (22.3930397 50.7007535),Janów Lubelski,https://regestry.lubgens.eu/viewpage.php?page_id=1052&par=822,,Люблінське,"50.7007535,22.3930397"
POINT (23.1774096 52.1765455),"Janów Podlaski, św. Kosmy i Damiana","https://regestry.lubgens.eu/viewpage.php?page_id=1052&par=76b
https://regestry.lubgens.eu/viewpage.php?page_id=1052&par=76a",,Люблінське,"52.1765455,23.1774096"
POINT ( 23.5911 51.116308),"Kamień, św. Michała Archanioła","https://regestry.lubgens.eu/viewpage.php?page_id=1052&par=3a
https://regestry.lubgens.eu/viewpage.php?page_id=1052&par=574",,Люблінське,"51.116308, 23.5911"
POINT (23.1065542 51.141193),"Kanie, św. Apostołów Piotra i Pawła","https://regestry.lubgens.eu/viewpage.php?page_id=1052&par=11b
https://regestry.lubgens.eu/viewpage.php?page_id=1052&par=11a",,Люблінське,"51.141193,23.1065542"
POINT (23.3591964 52.0696329),"Kijowiec, pw. św. Dymitra","https://regestry.lubgens.eu/viewpage.php?page_id=1052&par=621
https://regestry.lubgens.eu/viewpage.php?page_id=1052&par=620",,Люблінське,"52.0696329,23.3591964"
POINT (23.6829154 50.6022575),"Klątwy, pw. śś. Kosmy i Damiana","https://regestry.lubgens.eu/viewpage.php?page_id=1052&par=488
https://regestry.lubgens.eu/viewpage.php?page_id=1052&par=444",,Люблінське,"50.6022575,23.6829154"
POINT (23.6989805 51.0340638),"Klesztów, pw. Zaśnięcia Bogurodzicy","https://regestry.lubgens.eu/viewpage.php?page_id=1052&par=578
https://regestry.lubgens.eu/viewpage.php?page_id=1052&par=577",,Люблінське,"51.0340638,23.6989805"
POINT (23.1988074 52.1413193),"Klonownica, pw. św. Jana Ewangelisty (Teologa)","https://regestry.lubgens.eu/viewpage.php?page_id=1052&par=635
https://regestry.lubgens.eu/viewpage.php?page_id=1052&par=151",,Люблінське,"52.1413193,23.1988074"
POINT (23.5517181 52.0452774),"Kobylany, pw. Opieki Matki Bożej","https://regestry.lubgens.eu/viewpage.php?page_id=1052&par=628
https://regestry.lubgens.eu/viewpage.php?page_id=1052&par=627",,Люблінське,"52.0452774,23.5517181"
POINT (23.5519033 51.8972128),"Kodeń, pw. Świętej Trójcy","https://regestry.lubgens.eu/viewpage.php?page_id=1052&par=633
https://regestry.lubgens.eu/viewpage.php?page_id=1052&par=632",,Люблінське,"51.8972128,23.5519033"
POINT (22.8333097 51.4489533),Kolechowice,https://regestry.lubgens.eu/viewpage.php?page_id=1052&par=971,,Люблінське,"51.4489533,22.8333097"
POINT (23.0140591 51.8641722),"Kolembrody, p.w. Podwyższenia Krzyża Pańskiego","https://regestry.lubgens.eu/viewpage.php?page_id=1052&par=154b
https://regestry.lubgens.eu/viewpage.php?page_id=1052&par=154a",,Люблінське,"51.8641722,23.0140591"
POINT (23.8450249 51.1022723),"Kolemczyce, pw. Wniebowstąpienia Pańskiego","https://regestry.lubgens.eu/viewpage.php?page_id=1052&par=552
https://regestry.lubgens.eu/viewpage.php?page_id=1052&par=568",,Люблінське,"51.1022723,23.8450249"
POINT (22.9347715 51.8064209),"Komarów, pw. Wniebowzięcia NMP","https://regestry.lubgens.eu/viewpage.php?page_id=1052&par=501
https://regestry.lubgens.eu/viewpage.php?page_id=1052&par=457",,Люблінське,"51.8064209,22.9347715"
POINT (23.0789144 52.2085845),"Konstantynów, pw. Opieki Matki Bożej","https://regestry.lubgens.eu/viewpage.php?page_id=1052&par=742
https://regestry.lubgens.eu/viewpage.php?page_id=1052&par=741",,Люблінське,"52.2085845,23.0789144"
POINT (23.9545545 50.8945731),"Kopyłów, pw. św. Marka Ewangelisty","https://regestry.lubgens.eu/viewpage.php?page_id=1052&par=514
https://regestry.lubgens.eu/viewpage.php?page_id=1052&par=458",,Люблінське,"50.8945731,23.9545545"
POINT (23.5398945 51.9676643),"Kopytów, pw. św. Jana Ewangelisty (Teologa)","https://regestry.lubgens.eu/viewpage.php?page_id=1052&par=631
https://regestry.lubgens.eu/viewpage.php?page_id=1052&par=630",,Люблінське,"51.9676643,23.5398945"
POINT (22.742230 50.3806574),"Korchów, pw. Podwyższenia Krzyża Świętego","https://regestry.lubgens.eu/viewpage.php?page_id=1052&par=532
https://regestry.lubgens.eu/viewpage.php?page_id=1052&par=539",,Люблінське,"50.3806574,22.742230"
POINT (23.0401543 51.907407),"Korczówka, p.w. Opieki Matki Bożej","https://regestry.lubgens.eu/viewpage.php?page_id=1052&par=379b
https://regestry.lubgens.eu/viewpage.php?page_id=1052&par=379a",,Люблінське,"51.907407,23.0401543"
POINT (23.5095834 52.0761801),"Koroszczyn, pw. Narodzenia Matki Bożej","https://regestry.lubgens.eu/viewpage.php?page_id=1052&par=626
https://regestry.lubgens.eu/viewpage.php?page_id=1052&par=625",,Люблінське,"52.0761801,23.5095834"
POINT (23.0742837 50.6306256),"Kosobudy, pw. Podwyższenia Krzyża Świętego","https://regestry.lubgens.eu/viewpage.php?page_id=1052&par=516
https://regestry.lubgens.eu/viewpage.php?page_id=1052&par=353a",,Люблінське,"50.6306256,23.0742837"
POINT (23.6139845 51.9730849),"Kostomłoty, pw. św. Nikity","https://regestry.lubgens.eu/viewpage.php?page_id=1052&par=719
https://regestry.lubgens.eu/viewpage.php?page_id=1052&par=718",,Люблінське,"51.9730849,23.6139845"
POINT (23.5628164 51.3864671),"Kosyń, pw. św. Jana Chrzciciela (Przysłańca)",https://regestry.lubgens.eu/viewpage.php?page_id=1052&par=650,,Люблінське,"51.3864671,23.5628164"
POINT (23.2664065 51.9122962),"Koszoły, Narodzenia MB","https://regestry.lubgens.eu/viewpage.php?page_id=1052&par=365b
https://regestry.lubgens.eu/viewpage.php?page_id=1052&par=713",,Люблінське,"51.9122962,23.2664065"
POINT (23.3084975 51.9573354),"Kościeniewicze, pw. św. Eliasza","https://regestry.lubgens.eu/viewpage.php?page_id=1052&par=743
https://regestry.lubgens.eu/viewpage.php?page_id=1052&par=448a",,Люблінське,"51.9573354,23.3084975"
POINT (23.1730487 50.5403614),Krasnobród,https://regestry.lubgens.eu/viewpage.php?page_id=1052&par=903,,Люблінське,"50.5403614,23.1730487"
POINT (23.1285911 50.9919359),"Krasnystaw, pw. Świętej Trójcy","https://regestry.lubgens.eu/viewpage.php?page_id=1052&par=655
https://regestry.lubgens.eu/viewpage.php?page_id=1052&par=544",,Люблінське,"50.9919359,23.1285911"
POINT (23.3336744 50.9307607),"Kraśniczyn, pw. Zaśnięcia Bogurodzicy","https://regestry.lubgens.eu/viewpage.php?page_id=1052&par=616
https://regestry.lubgens.eu/viewpage.php?page_id=1052&par=12a",,Люблінське,"50.9307607,23.3336744"
POINT (23.2330963 51.034391),"Krupe , pw. św. Jana Ewangelisty","https://regestry.lubgens.eu/viewpage.php?page_id=1052&par=658
https://regestry.lubgens.eu/viewpage.php?page_id=1052&par=9a",,Люблінське,"51.034391,23.2330963"
POINT (24.0437154 50.6824725),"Kryłów, pw. Przemienienia Pańskiego","https://regestry.lubgens.eu/viewpage.php?page_id=1052&par=730
https://regestry.lubgens.eu/viewpage.php?page_id=1052&par=731",,Люблінське,"50.6824725,24.0437154"
POINT (23.4828425 52.1477451),"Krzyczew, pw. św. Jerzego","https://regestry.lubgens.eu/viewpage.php?page_id=1052&par=739
https://regestry.lubgens.eu/viewpage.php?page_id=1052&par=414a",,Люблінське,"52.1477451,23.4828425"
POINT (22.6991509 50.4220675),"Księżpol, pw. Podwyższenia Krzyża Świętego","https://regestry.lubgens.eu/viewpage.php?page_id=1052&par=537
https://regestry.lubgens.eu/viewpage.php?page_id=1052&par=966",,Люблінське,"50.4220675,22.6991509"
POINT (23.1663632 51.2457115),"Kulik, pw. św. Wasyla","https://regestry.lubgens.eu/viewpage.php?page_id=1052&par=530
https://regestry.lubgens.eu/viewpage.php?page_id=1052&par=598",,Люблінське,"51.2457115,23.1663632"
POINT (23.8340819 50.8835912),Kułakowice,"https://regestry.lubgens.eu/viewpage.php?page_id=1052&par=772
https://regestry.lubgens.eu/viewpage.php?page_id=1052&par=461",,Люблінське,"50.8835912,23.8340819"
POINT (23.5482764 51.0140084),"Leszczany, pw. św. Michała Archanioła","https://regestry.lubgens.eu/viewpage.php?page_id=1052&par=546
https://regestry.lubgens.eu/viewpage.php?page_id=1052&par=575",,Люблінське,"51.0140084,23.5482764"
POINT (23.011719 52.1338044),"Leśna Podlaska, Podwyższenia Krzyża Pańskiego",https://regestry.lubgens.eu/viewpage.php?page_id=1052&par=94b,,Люблінське,"52.1338044,23.011719"
POINT (22.1541706 51.7054422),"Lipiny, pw. św. Demetriusza Męczennika","https://regestry.lubgens.eu/viewpage.php?page_id=1052&par=540
https://regestry.lubgens.eu/viewpage.php?page_id=1052&par=956",,Люблінське,"51.7054422,22.1541706"
POINT (23.2070592 50.6572717),"Lipsko, pw. śś. Kosmy i Damiana potem św. Joana Bogosłowa","https://regestry.lubgens.eu/viewpage.php?page_id=1052&par=517
https://regestry.lubgens.eu/viewpage.php?page_id=1052&par=359a",,Люблінське,"50.6572717,23.2070592"
POINT (22.5852217 51.458419),"Lubartów, Cerkiew p.w. św. Aleksandra Newskiego",https://regestry.lubgens.eu/viewpage.php?page_id=1052&par=508,,Люблінське,"51.458419,22.5852217"
POINT (23.2985552 51.5587651),"Lubień, pw. św. Mikołaja Cudotwórcy",https://regestry.lubgens.eu/viewpage.php?page_id=1052&par=582,,Люблінське,"51.5587651,23.2985552"
POINT (22.4812644 51.2182631),Lublin,"https://regestry.lubgens.eu/viewpage.php?page_id=1052&par=403b
https://regestry.lubgens.eu/viewpage.php?page_id=1052&par=407b
https://regestry.lubgens.eu/viewpage.php?page_id=1052&par=678",,Люблінське,"51.2182631,22.4812644"
POINT (22.6865927 50.3321138),"Luchów, pw. Opieki Matki Bożej",https://regestry.lubgens.eu/viewpage.php?page_id=1052&par=902,,Люблінське,"50.3321138,22.6865927"
POINT (23.3322218 50.6832361),"Łabuńki, pw. św. Olgi",https://regestry.lubgens.eu/viewpage.php?page_id=1052&par=789,,Люблінське,"50.6832361,23.3322218"
POINT (23.7085694 50.5324773),"Łaszczów, pw. Świętej Trójcy","https://regestry.lubgens.eu/viewpage.php?page_id=1052&par=492
https://regestry.lubgens.eu/viewpage.php?page_id=1052&par=355a",,Люблінське,"50.5324773,23.7085694"
POINT (23.1103525 51.9062118),"Łomazy, pw. św. św. Kosmy i Damiana","https://regestry.lubgens.eu/viewpage.php?page_id=1052&par=358b
https://regestry.lubgens.eu/viewpage.php?page_id=1052&par=691",,Люблінське,"51.9062118,23.1103525"
POINT (23.0750621 51.0589067),"Łopiennik Dolny, pw. Zaśnięcia Bogurodzicy",https://regestry.lubgens.eu/viewpage.php?page_id=1052&par=592,,Люблінське,"51.0589067,23.0750621"
POINT (23.3004979 50.4183968),"Łosiniec, św. Michała Archanioła","https://regestry.lubgens.eu/viewpage.php?page_id=1052&par=70a
https://regestry.lubgens.eu/viewpage.php?page_id=1052&par=500",,Люблінське,"50.4183968,23.3004979"
POINT (22.9950068 52.0764301),"Łukowce, Podwyższenia Krzyża Pańskiego","https://regestry.lubgens.eu/viewpage.php?page_id=1052&par=320b
https://regestry.lubgens.eu/viewpage.php?page_id=1052&par=320a",,Люблінське,"52.0764301,22.9950068"
POINT (22.3442245 51.9252954),Łuków,https://regestry.lubgens.eu/viewpage.php?page_id=1052&par=878,,Люблінське,"51.9252954,22.3442245"
POINT (23.5457886 51.2926489),"Łukówek, p.w. Opieki Matki Bożej","https://regestry.lubgens.eu/viewpage.php?page_id=1052&par=333b
https://regestry.lubgens.eu/viewpage.php?page_id=1052&par=333a",,Люблінське,"51.2926489,23.5457886"
POINT (24.0965677 50.8737673),"Łuszków, pw. Wniebowstąpienia Pańskiego","https://regestry.lubgens.eu/viewpage.php?page_id=1052&par=513
https://regestry.lubgens.eu/viewpage.php?page_id=1052&par=580",,Люблінське,"50.8737673,24.0965677"
POINT (23.165405 50.4557793),"Majdan Sopocki, pw. św. Tomasza","https://regestry.lubgens.eu/viewpage.php?page_id=1052&par=541
https://regestry.lubgens.eu/viewpage.php?page_id=1052&par=683",,Люблінське,"50.4557793,23.165405"
POINT (22.7057967 50.4722164),"Majdan Stary, pw. św. Mikołaja Biskupa","https://regestry.lubgens.eu/viewpage.php?page_id=1052&par=538
https://regestry.lubgens.eu/viewpage.php?page_id=1052&par=681",,Люблінське,"50.4722164,22.7057967"
POINT (23.9997039 50.6430383),Małków,https://regestry.lubgens.eu/viewpage.php?page_id=1052&par=758,,Люблінське,"50.6430383,23.9997039"
POINT (23.8824294 50.7224039),Masłomęcz,https://regestry.lubgens.eu/viewpage.php?page_id=1052&par=775,,Люблінське,"50.7224039,23.8824294"
POINT (23.9639072 50.9497095),"Matcze, pw. Opieki NMP","https://regestry.lubgens.eu/viewpage.php?page_id=1052&par=547
https://regestry.lubgens.eu/viewpage.php?page_id=1052&par=581",,Люблінське,"50.9497095,23.9639072"
POINT (23.4965997 50.7397267),"Miączyn, pw. św. Michała Archanioła","https://regestry.lubgens.eu/viewpage.php?page_id=1052&par=661
https://regestry.lubgens.eu/viewpage.php?page_id=1052&par=380a",,Люблінське,"50.7397267,23.4965997"
POINT (23.9235214 50.732581),Mieniany,https://regestry.lubgens.eu/viewpage.php?page_id=1052&par=756,,Люблінське,"50.732581,23.9235214"
POINT (23.4575357 51.8362593),"Międzyleś, św. Anny",https://regestry.lubgens.eu/viewpage.php?page_id=1052&par=372b,,Люблінське,"51.8362593,23.4575357"
POINT (22.7562897 51.9810362),Międzyrzec Podlaski,"https://regestry.lubgens.eu/viewpage.php?page_id=1052&par=182b
https://regestry.lubgens.eu/viewpage.php?page_id=1052&par=182a
https://regestry.lubgens.eu/viewpage.php?page_id=1052&par=393a
https://regestry.lubgens.eu/viewpage.php?page_id=1052&par=393b",,Люблінське,"51.9810362,22.7562897"
POINT (23.7988487 50.6436557),Miętkie,https://regestry.lubgens.eu/viewpage.php?page_id=1052&par=757,,Люблінське,"50.6436557,23.7988487"
POINT (23.8845785 50.6501694),"Mircze, pw. św. Kosmy i Damiana","https://regestry.lubgens.eu/viewpage.php?page_id=1052&par=469
https://regestry.lubgens.eu/viewpage.php?page_id=1052&par=438a",,Люблінське,"50.6501694,23.8845785"
POINT (23.8818653 50.6767907),"Modryń, pw. Opieki NMP","https://regestry.lubgens.eu/viewpage.php?page_id=1052&par=470
https://regestry.lubgens.eu/viewpage.php?page_id=1052&par=419a",,Люблінське,"50.6767907,23.8818653"
POINT (23.2180334 51.2048849),"Mogilnica, pw. św. Mikołaja Cudotwórcy","https://regestry.lubgens.eu/viewpage.php?page_id=1052&par=601
https://regestry.lubgens.eu/viewpage.php?page_id=1052&par=600",,Люблінське,"51.2048849,23.2180334"
POINT (23.6824585 50.8121576),"Mołodiatycze, pw. św. Jerzego Męczennika","https://regestry.lubgens.eu/viewpage.php?page_id=1052&par=471
https://regestry.lubgens.eu/viewpage.php?page_id=1052&par=343a",,Люблінське,"50.8121576,23.6824585"
POINT (23.8509513 50.8647445),"Moniatycze, św. Mikołaja Cudotwórcy","https://regestry.lubgens.eu/viewpage.php?page_id=1052&par=33b
https://regestry.lubgens.eu/viewpage.php?page_id=1052&par=33a",,Люблінське,"50.8647445,23.8509513"
POINT (23.772087 50.5846196),"Nabróż, pw. Przemienienia Pańskiego","https://regestry.lubgens.eu/viewpage.php?page_id=1052&par=483
https://regestry.lubgens.eu/viewpage.php?page_id=1052&par=194a",,Люблінське,"50.5846196,23.772087"
POINT (23.515414 52.1232042),"Neple, pw. Podwyższenia Krzyża Pańskiego","https://regestry.lubgens.eu/viewpage.php?page_id=1052&par=737
https://regestry.lubgens.eu/viewpage.php?page_id=1052&par=738",,Люблінське,"52.1232042,23.515414"
POINT (23.7731478 50.8286022),"Nieledew, św. Michała Archanioła","https://regestry.lubgens.eu/viewpage.php?page_id=1052&par=391b
https://regestry.lubgens.eu/viewpage.php?page_id=1052&par=391a",,Люблінське,"50.8286022,23.7731478"
POINT (23.0032377 52.1599345),"Nosów, św. Michała Archanioła","https://regestry.lubgens.eu/viewpage.php?page_id=1052&par=386b
https://regestry.lubgens.eu/viewpage.php?page_id=1052&par=386a",,Люблінське,"52.1599345,23.0032377"
POINT (23.3351256 51.1801841),"Nowosiółki, pw. Zaśnięcia NMP","https://regestry.lubgens.eu/viewpage.php?page_id=1052&par=489
https://regestry.lubgens.eu/viewpage.php?page_id=1052&par=445",,Люблінське,"51.1801841,23.3351256"
POINT (22.9521143 50.3144539),"Obsza, Narodzenia NMP","https://regestry.lubgens.eu/viewpage.php?page_id=1052&par=61
https://regestry.lubgens.eu/viewpage.php?page_id=1052&par=664",,Люблінське,"50.3144539,22.9521143"
POINT (21.9490883 51.1486161),"Opole Lubelskie (cerkiew garnizonowa), pw. św. Jana",https://regestry.lubgens.eu/viewpage.php?page_id=1052&par=754,,Люблінське,"51.1486161,21.9490883"
POINT (23.5626625 51.523599),"Orchówek, p.w. św. Antoniego",https://regestry.lubgens.eu/viewpage.php?page_id=1052&par=443,,Люблінське,"51.523599,23.5626625"
POINT (23.2173944 50.9039604),"Orłów Murowany, pw. śś. Kosmy i Damiana","https://regestry.lubgens.eu/viewpage.php?page_id=1052&par=593
https://regestry.lubgens.eu/viewpage.php?page_id=1052&par=421a",,Люблінське,"50.9039604,23.2173944"
POINT (23.2240721 51.975817),Ortel Książęcy,"https://regestry.lubgens.eu/viewpage.php?page_id=1052&par=440b
https://regestry.lubgens.eu/viewpage.php?page_id=1052&par=440a
https://regestry.lubgens.eu/viewpage.php?page_id=1052&par=439b
https://regestry.lubgens.eu/viewpage.php?page_id=1052&par=751",,Люблінське,"51.975817,23.2240721"
POINT (22.8049408 51.4912486),Ostrów Lubelski,https://regestry.lubgens.eu/viewpage.php?page_id=1052&par=803,,Люблінське,"51.4912486,22.8049408"
POINT (24.0370087 50.55424),"Oszczów, pw. Jana Jałmużnika",https://regestry.lubgens.eu/viewpage.php?page_id=1052&par=484,,Люблінське,"50.55424,24.0370087"
POINT (22.5648974 50.8185098),"Otrocz, Narodzenia NMP",https://regestry.lubgens.eu/viewpage.php?page_id=1052&par=84a,,Люблінське,"50.8185098,22.5648974"
POINT (23.6306874 50.657514),"Perespa, pw. św. Michała Archanioła","https://regestry.lubgens.eu/viewpage.php?page_id=1052&par=481
https://regestry.lubgens.eu/viewpage.php?page_id=1052&par=449",,Люблінське,"50.657514,23.6306874"
POINT (23.6782107 50.4900342),"Pieniany, Opieki Matki Bożej","https://regestry.lubgens.eu/viewpage.php?page_id=1052&par=317b
https://regestry.lubgens.eu/viewpage.php?page_id=1052&par=317",,Люблінське,"50.4900342,23.6782107"
POINT (22.8724387 51.6347372),"Parczew, pw. Zaśnięcia Bogurodzicy","https://regestry.lubgens.eu/viewpage.php?page_id=1052&par=657
https://regestry.lubgens.eu/viewpage.php?page_id=1052&par=830",,Люблінське,"51.6347372,22.8724387"
POINT (23.3705335 51.979001),"Piszczac, pw. św. Paraskiewy",https://regestry.lubgens.eu/viewpage.php?page_id=1052&par=744,,Люблінське,"51.979001,23.3705335"
POINT (23.643326 51.1216891),"Pławanice, pw. św. Jana Ewangelisty (Teologa)","https://regestry.lubgens.eu/viewpage.php?page_id=1052&par=553
https://regestry.lubgens.eu/viewpage.php?page_id=1052&par=570",,Люблінське,"51.1216891,23.643326"
POINT (23.4305095 51.943422),"Połoski, pw. św. Dymitra","https://regestry.lubgens.eu/viewpage.php?page_id=1052&par=613
https://regestry.lubgens.eu/viewpage.php?page_id=1052&par=937",,Люблінське,"51.943422,23.4305095"
POINT (23.811788 50.496541),"Posadów, pw. Narodzenia NMP","https://regestry.lubgens.eu/viewpage.php?page_id=1052&par=493
https://regestry.lubgens.eu/viewpage.php?page_id=1052&par=338a",,Люблінське,"50.496541,23.811788"
POINT (23.0700082 51.7842255),"Polubicze, św. Jana Apostoła i Ewangelist",https://regestry.lubgens.eu/viewpage.php?page_id=1052&par=806,,Люблінське,"51.7842255,23.0700082"
POINT (23.3367727 51.2433248),"Pniówno, pw. św. Paraskiewy","https://regestry.lubgens.eu/viewpage.php?page_id=1052&par=556
https://regestry.lubgens.eu/viewpage.php?page_id=1052&par=7a",,Люблінське,"51.2433248,23.3367727"
POINT (23.7726516 50.7877664),"Podhorce nad Huczwą, Narodzenia NMP","https://regestry.lubgens.eu/viewpage.php?page_id=1052&par=10b
https://regestry.lubgens.eu/viewpage.php?page_id=1052&par=10a",,Люблінське,"50.7877664,23.7726516"
POINT (22.7064385 51.4168696),"Ruska Wola, pw. św. Paraskiewy","https://regestry.lubgens.eu/viewpage.php?page_id=1052&par=782
https://regestry.lubgens.eu/viewpage.php?page_id=1052&par=783",,Люблінське,"51.4168696,22.7064385"
POINT (21.1098093 50.9623775),"Pawłów, św. Barbary","https://regestry.lubgens.eu/viewpage.php?page_id=1052&par=57b
https://regestry.lubgens.eu/viewpage.php?page_id=1052&par=57a",,Люблінське,"50.9623775,21.1098093"
POINT (23.6144733 51.025662),"Pobołowice, pw. Przemienienia Pańskiego","https://regestry.lubgens.eu/viewpage.php?page_id=1052&par=548
https://regestry.lubgens.eu/viewpage.php?page_id=1052&par=14a",,Люблінське,"51.025662,23.6144733"
POINT (23.6949973 50.7680208),"Peresołowice, pw. św. Mikołaja Biskupa","https://regestry.lubgens.eu/viewpage.php?page_id=1052&par=468
https://regestry.lubgens.eu/viewpage.php?page_id=1052&par=424a",,Люблінське,"50.7680208,23.6949973"
POINT (22.2240202 50.7498371),"Potoczek, pw. Opieki NMP","https://regestry.lubgens.eu/viewpage.php?page_id=1052&par=519
https://regestry.lubgens.eu/viewpage.php?page_id=1052&par=360a",,Люблінське,"50.7498371,22.2240202"
POINT (22.5287887 50.3809595),"Potok Górny, pw. Narodzenia Bogurodzicy",https://regestry.lubgens.eu/viewpage.php?page_id=1052&par=809,,Люблінське,"50.3809595,22.5287887"
POINT (23.9287479 50.5580509),Poturzyn,"https://regestry.lubgens.eu/viewpage.php?page_id=1052&par=479
https://regestry.lubgens.eu/viewpage.php?page_id=1052&par=446",,Люблінське,"50.5580509,23.9287479"
POINT (23.428933 52.1684754),"Pratulin, parafia pw. Narodzenia Matki Bożej","https://regestry.lubgens.eu/viewpage.php?page_id=1052&par=740
https://regestry.lubgens.eu/viewpage.php?page_id=1052&par=672",,Люблінське,"52.1684754,23.428933"
POINT (24.0679913 50.663861),Prehoryłe,https://regestry.lubgens.eu/viewpage.php?page_id=1052&par=975,,Люблінське,"50.663861,24.0679913"
POINT (22.864647 51.8316544),"Przegaliny, pw. Opieki Matki Bożej","https://regestry.lubgens.eu/viewpage.php?page_id=1052&par=576
https://regestry.lubgens.eu/viewpage.php?page_id=1052&par=369a",,Люблінське,"51.8316544,22.864647"
POINT (23.4882769 50.41998),"Przeorsk, pw. śś. Kosmy i Damiana","https://regestry.lubgens.eu/viewpage.php?page_id=1052&par=502
https://regestry.lubgens.eu/viewpage.php?page_id=1052&par=454",,Люблінське,"50.41998,23.4882769"
POINT (21.8144933 51.4593661),"Puławy, pw. św. Aleksandry Męczennicy, a póżniej Opieki Matki Bożej",https://regestry.lubgens.eu/viewpage.php?page_id=1052&par=427b,,Люблінське,"51.4593661,21.8144933"
POINT (22.9801318 51.7595882),"Radcze, pw. św. Mikołaja",https://regestry.lubgens.eu/viewpage.php?page_id=1052&par=579,,Люблінське,"51.7595882,22.9801318"
POINT (22.8213174 50.7463108),Radecznica,https://regestry.lubgens.eu/viewpage.php?page_id=1052&par=442b,,Люблінське,"50.7463108,22.8213174"
POINT (23.4425412 50.9773831),"Rakołupy, pw. św. Jana Chrzciciela","https://regestry.lubgens.eu/viewpage.php?page_id=1052&par=542
https://regestry.lubgens.eu/viewpage.php?page_id=1052&par=17a",,Люблінське,"50.9773831,23.4425412"
POINT (23.2771346 51.0896725),"Rejowiec, św. Michała Archanioła","https://regestry.lubgens.eu/viewpage.php?page_id=1052&par=135b
https://regestry.lubgens.eu/viewpage.php?page_id=1052&par=135a",,Люблінське,"51.0896725,23.2771346"
POINT (23.2715929 52.1217791),"Rokitno, Świętej Trójcy","https://regestry.lubgens.eu/viewpage.php?page_id=1052&par=388b
https://regestry.lubgens.eu/viewpage.php?page_id=1052&par=411a",,Люблінське,"52.1217791,23.2715929"
POINT (23.1225551 51.8573213),"Rossosz, pw. Wprowadzenia do Świątyni Przenajświętszej Bogurodzicy",https://regestry.lubgens.eu/viewpage.php?page_id=1052&par=752,,Люблінське,"51.8573213,23.1225551"
POINT (23.7329546 51.0441265),"Roztoka, pw. Opieki Matki Bożej","https://regestry.lubgens.eu/viewpage.php?page_id=1052&par=554
https://regestry.lubgens.eu/viewpage.php?page_id=1052&par=571",,Люблінське,"51.0441265,23.7329546"
POINT (23.5192649 51.6118342),"Różanka, pw. św. Eliasza",https://regestry.lubgens.eu/viewpage.php?page_id=1052&par=466,,Люблінське,"51.6118342,23.5192649"
POINT (22.8096976 50.3284902),"Różaniec, pw. Narodzenia NMP",https://regestry.lubgens.eu/viewpage.php?page_id=1052&par=533,,Люблінське,"50.3284902,22.8096976"
POINT (23.5817454 51.2359906),"Ruda, pw. św. Michała Archanioła","https://regestry.lubgens.eu/viewpage.php?page_id=1052&par=596
https://regestry.lubgens.eu/viewpage.php?page_id=1052&par=50a",,Люблінське,"51.2359906,23.5817454"
POINT (22.9380078 51.750568),"Rudno gm. Milanów, pw. Przemienienia Pańskiego","https://regestry.lubgens.eu/viewpage.php?page_id=1052&par=670
https://regestry.lubgens.eu/viewpage.php?page_id=1052&par=725",,Люблінське,"51.750568,22.9380078"
POINT (23.8418406 50.4690826),Rzeplin,https://regestry.lubgens.eu/viewpage.php?page_id=1052&par=889,,Люблінське,"50.4690826,23.8418406"
POINT (23.7889865 50.679601),"Sahryń, pw. Zesłania Ducha Świętego","https://regestry.lubgens.eu/viewpage.php?page_id=1052&par=472
https://regestry.lubgens.eu/viewpage.php?page_id=1052&par=344a",,Люблінське,"50.679601,23.7889865"
POINT (23.4158046 51.2722215),"Sawin, pw. Zaśnięcia Bogurodzicy","https://regestry.lubgens.eu/viewpage.php?page_id=1052&par=605
https://regestry.lubgens.eu/viewpage.php?page_id=1052&par=120a",,Люблінське,"51.2722215,23.4158046"
POINT (23.1569912 50.7317725),"Siedliska, pw. Narodzenia NMP","https://regestry.lubgens.eu/viewpage.php?page_id=1052&par=510
https://regestry.lubgens.eu/viewpage.php?page_id=1052&par=423a",,Люблінське,"50.7317725,23.1569912"
POINT (23.8017454 51.0208779),"Siedliszcze, pw. śś. Cyryla i Metodego","https://regestry.lubgens.eu/viewpage.php?page_id=1052&par=652
https://regestry.lubgens.eu/viewpage.php?page_id=1052&par=41",,Люблінське,"51.0208779,23.8017454"
POINT (23.5074231 51.0335989),"Sielec, pw. Wprowadzenia do Świątyni Przenajświętszej Bogurodzicy","https://regestry.lubgens.eu/viewpage.php?page_id=1052&par=543
https://regestry.lubgens.eu/viewpage.php?page_id=1052&par=699",,Люблінське,"51.0335989,23.5074231"
POINT (23.3438885 50.7505028),"Sitno, śś. Apostołów Piotra i Pawła","https://regestry.lubgens.eu/viewpage.php?page_id=1052&par=394b
https://regestry.lubgens.eu/viewpage.php?page_id=1052&par=696",,Люблінське,"50.7505028,23.3438885"
POINT (23.3453064 50.8482146),"Skierbieszów, Narodzenia NMP","https://regestry.lubgens.eu/viewpage.php?page_id=1052&par=384b
https://regestry.lubgens.eu/viewpage.php?page_id=1052&par=384a",,Люблінське,"50.8482146,23.3453064"
POINT (23.5313148 51.7615494),Sławatycze pw. Opieki Matki Bożej,"https://regestry.lubgens.eu/viewpage.php?page_id=1052&par=729
https://regestry.lubgens.eu/viewpage.php?page_id=1052&par=875",,Люблінське,"51.7615494,23.5313148"
POINT (23.0810812 51.5209731),"Sosnowica, pw. św. Apostołów Piotra i Pawła","https://regestry.lubgens.eu/viewpage.php?page_id=1052&par=669
https://regestry.lubgens.eu/viewpage.php?page_id=1052&par=915",,Люблінське,"51.5209731,23.0810812"
POINT (22.6082017 50.5035181),"Sól, św. Michała Archanioła","https://regestry.lubgens.eu/viewpage.php?page_id=1052&par=44a
https://regestry.lubgens.eu/viewpage.php?page_id=1052&par=44",,Люблінське,"50.5035181,22.6082017"
POINT (23.5229151 51.1511503),"Srebrzyszcze, pw. św. Onufrego","https://regestry.lubgens.eu/viewpage.php?page_id=1052&par=557
https://regestry.lubgens.eu/viewpage.php?page_id=1052&par=569",,Люблінське,"51.1511503,23.5229151"
POINT (23.207318 50.7214448),"Stara Wieś, pw. śś. Męczenników Romana i Dawida potem Narodzenia NMP","https://regestry.lubgens.eu/viewpage.php?page_id=1052&par=485
https://regestry.lubgens.eu/viewpage.php?page_id=1052&par=687",,Люблінське,"50.7214448,23.207318"
POINT (23.7703894 50.5170572),Steniatyn,https://regestry.lubgens.eu/viewpage.php?page_id=1052&par=944,,Люблінське,"50.5170572,23.7703894"
POINT (21.7613766 51.5822378),"Stężyca, pw. Podwyższenia Krzyża Pańskiego","https://regestry.lubgens.eu/viewpage.php?page_id=1052&par=594
https://regestry.lubgens.eu/viewpage.php?page_id=1052&par=45a",,Люблінське,"51.5822378,21.7613766"
POINT (23.7765899 50.9730408),"Strzelce, św. Jerzego","https://regestry.lubgens.eu/viewpage.php?page_id=1052&par=382b
https://regestry.lubgens.eu/viewpage.php?page_id=1052&par=700",,Люблінське,"50.9730408,23.7765899"
POINT (24.0136026 50.848465),"Strzyżów, pw. Narodzenia NMP","https://regestry.lubgens.eu/viewpage.php?page_id=1052&par=475
https://regestry.lubgens.eu/viewpage.php?page_id=1052&par=728",,Люблінське,"50.848465,24.0136026"
POINT (23.2306969 51.2868978),"Syczyn, pw. św. Jana Ewangelisty (Teologa)","https://regestry.lubgens.eu/viewpage.php?page_id=1052&par=606
https://regestry.lubgens.eu/viewpage.php?page_id=1052&par=702",,Люблінське,"51.2868978,23.2306969"
POINT (23.399676 51.4985037),Suchawa,https://regestry.lubgens.eu/viewpage.php?page_id=1052&par=894,,Люблінське,"51.4985037,23.399676"
POINT (23.2141102 50.5935063),"Suchowola, pw. św. Jerzego Męczennika","https://regestry.lubgens.eu/viewpage.php?page_id=1052&par=520
https://regestry.lubgens.eu/viewpage.php?page_id=1052&par=328a",,Люблінське,"50.5935063,23.2141102"
POINT (23.2970344 50.8735609),Sulmice,"https://regestry.lubgens.eu/viewpage.php?page_id=1052&par=460a
https://regestry.lubgens.eu/viewpage.php?page_id=1052&par=460",,Люблінське,"50.8735609,23.2970344"
POINT (22.9220639 52.0754023),"Swory, św. Eliasza","https://regestry.lubgens.eu/viewpage.php?page_id=1052&par=321b
https://regestry.lubgens.eu/viewpage.php?page_id=1052&par=321a",,Люблінське,"52.0754023,22.9220639"
POINT (22.9099423 50.7017841),"Szczebrzeszyn, pw. Zaśnięcia NMP","https://regestry.lubgens.eu/viewpage.php?page_id=1052&par=560
https://regestry.lubgens.eu/viewpage.php?page_id=1052&par=666",,Люблінське,"50.7017841,22.9099423"
POINT (23.6535604 50.4439183),"Szlatyn, pw. św. Praksedy","https://regestry.lubgens.eu/viewpage.php?page_id=1052&par=498
https://regestry.lubgens.eu/viewpage.php?page_id=1052&par=697",,Люблінське,"50.4439183,23.6535604"
POINT (22.7793053 51.8795478),"Szóstka, pw. Narodzenia Matki Bożej","https://regestry.lubgens.eu/viewpage.php?page_id=1052&par=778
https://regestry.lubgens.eu/viewpage.php?page_id=1052&par=779",,Люблінське,"51.8795478,22.7793053"
POINT (23.9338642 50.6801676),"Szychowice, pw. św. Mikołaja Biskupa","https://regestry.lubgens.eu/viewpage.php?page_id=1052&par=473
https://regestry.lubgens.eu/viewpage.php?page_id=1052&par=416a",,Люблінське,"50.6801676,23.9338642"
POINT (23.977594 50.737321),"Ślipcze, pw. św. Michała Archanioła","https://regestry.lubgens.eu/viewpage.php?page_id=1052&par=463
https://regestry.lubgens.eu/viewpage.php?page_id=1052&par=692",,Люблінське,"50.737321,23.977594"
POINT (23.5093665 50.6555218),"Śniatycze, pw. św. Jana Ewangelisty","https://regestry.lubgens.eu/viewpage.php?page_id=1052&par=503
https://regestry.lubgens.eu/viewpage.php?page_id=1052&par=693",,Люблінське,"50.6555218,23.5093665"
POINT (23.5072472 50.780443),"Świdniki, pw. św. Mikołaja Biskupa","https://regestry.lubgens.eu/viewpage.php?page_id=1052&par=505
https://regestry.lubgens.eu/viewpage.php?page_id=1052&par=425a",,Люблінське,"50.780443,23.5072472"
POINT (23.9089501 50.8222203),"Świerszczów, p.w. Podwyższenia Krzyża Pańskiego","https://regestry.lubgens.eu/viewpage.php?page_id=1052&par=584
https://regestry.lubgens.eu/viewpage.php?page_id=1052&par=706",,Люблінське,"50.8222203,23.9089501"
POINT (23.7253515 51.2168409),"Świerże, pw. śś. Apostołów Piotra i Pawła",https://regestry.lubgens.eu/viewpage.php?page_id=1052&par=649,,Люблінське,"51.2168409,23.7253515"
POINT (23.354604 50.533205),"Tarnawatka, pw. Świętej Trójcy","https://regestry.lubgens.eu/viewpage.php?page_id=1052&par=524
https://regestry.lubgens.eu/viewpage.php?page_id=1052&par=851",,Люблінське,"50.533205,23.354604"
POINT (22.7223312 50.3642279),"Tarnogród, pw. Świętej Trójcy","https://regestry.lubgens.eu/viewpage.php?page_id=1052&par=870
https://regestry.lubgens.eu/viewpage.php?page_id=1052&par=951",,Люблінське,"50.3642279,22.7223312"
POINT (23.3108692 51.3207783),"Tarnów, p.w. Świętej Trójcy","https://regestry.lubgens.eu/viewpage.php?page_id=1052&par=325b
https://regestry.lubgens.eu/viewpage.php?page_id=1052&par=325a",,Люблінське,"51.3207783,23.3108692"
POINT (23.8291024 50.5272356),"Telatyn, pw. św. Michała Archanioła","https://regestry.lubgens.eu/viewpage.php?page_id=1052&par=490
https://regestry.lubgens.eu/viewpage.php?page_id=1052&par=899",,Люблінське,"50.5272356,23.8291024"
POINT (23.7477438 50.8993418),"Teratyn, pw. św. Mikołaja Biskupa","https://regestry.lubgens.eu/viewpage.php?page_id=1052&par=518
https://regestry.lubgens.eu/viewpage.php?page_id=1052&par=926",,Люблінське,"50.8993418,23.7477438"
POINT (23.8308425 50.7307284),"Terebiń, św. Eliasza","https://regestry.lubgens.eu/viewpage.php?page_id=1052&par=350b
https://regestry.lubgens.eu/viewpage.php?page_id=1052&par=350a",,Люблінське,"50.7307284,23.8308425"
POINT (23.5983778 52.0768753),"Terespol, pw. św. Jana Ewangelisty (Teologa)","https://regestry.lubgens.eu/viewpage.php?page_id=1052&par=736
https://regestry.lubgens.eu/viewpage.php?page_id=1052&par=564",,Люблінське,"52.0768753,23.5983778"
POINT (22.8599762 50.5812255),"Tereszpol, pw. św. Praksedy","https://regestry.lubgens.eu/viewpage.php?page_id=1052&par=525
https://regestry.lubgens.eu/viewpage.php?page_id=1052&par=912",,Люблінське,"50.5812255,22.8599762"
POINT (23.4058986 50.4479001),"Tomaszów Lub., św. Mikołaja Cudotwórcy","https://regestry.lubgens.eu/viewpage.php?page_id=1052&par=47a
https://regestry.lubgens.eu/viewpage.php?page_id=1052&par=559",,Люблінське,"50.4479001,23.4058986"
POINT (22.9324578 50.6544811),"Topólcza, Narodzenia NMP","https://regestry.lubgens.eu/viewpage.php?page_id=1052&par=366b
https://regestry.lubgens.eu/viewpage.php?page_id=1052&par=366a",,Люблінське,"50.6544811,22.9324578"
POINT (23.5193888 50.8750343),"Tuczępy, św. Trójcy","https://regestry.lubgens.eu/viewpage.php?page_id=1052&par=86b
https://regestry.lubgens.eu/viewpage.php?page_id=1052&par=86a",,Люблінське,"50.8750343,23.5193888"
POINT (23.7332898 50.6680371),Turkowice,https://regestry.lubgens.eu/viewpage.php?page_id=1052&par=880,,Люблінське,"50.6680371,23.7332898"
POINT (22.7344783 50.8271713),Turobin,https://regestry.lubgens.eu/viewpage.php?page_id=1052&par=526,,Люблінське,"50.8271713,22.7344783"
POINT (23.6209048 50.9526309),"Turowiec, św. Barbary","https://regestry.lubgens.eu/viewpage.php?page_id=1052&par=188b
https://regestry.lubgens.eu/viewpage.php?page_id=1052&par=188a",,Люблінське,"50.9526309,23.6209048"
POINT (23.5694997 50.487329),"Typin, śś. Apostołów Piotra i Pawła","https://regestry.lubgens.eu/viewpage.php?page_id=1052&par=318b
https://regestry.lubgens.eu/viewpage.php?page_id=1052&par=318",,Люблінське,"50.487329,23.5694997"
POINT (23.6821868 50.6247164),Tyszowce,"https://regestry.lubgens.eu/viewpage.php?page_id=1052&par=521
https://regestry.lubgens.eu/viewpage.php?page_id=1052&par=447",,Люблінське,"50.6247164,23.6821868"
POINT (23.86319 50.9081518),"Ubrodowice, Eliasza Proroka","https://regestry.lubgens.eu/viewpage.php?page_id=1052&par=398b
https://regestry.lubgens.eu/viewpage.php?page_id=1052&par=398a",,Люблінське,"50.9081518,23.86319"
POINT (23.6408024 50.9092805),"Uchanie, śś. Apostołów Piotra i Pawła","https://regestry.lubgens.eu/viewpage.php?page_id=1052&par=322b
https://regestry.lubgens.eu/viewpage.php?page_id=1052&par=322a",,Люблінське,"50.9092805,23.6408024"
POINT (23.026613 51.5755592),"Uhnin, pw. Podwyższenia Krzyża Pańskiego",https://regestry.lubgens.eu/viewpage.php?page_id=1052&par=802,,Люблінське,"51.5755592,23.026613"
POINT (23.609107 51.2954201),"Uhrusk, pw. Zaśnięcia Bogurodzicy",https://regestry.lubgens.eu/viewpage.php?page_id=1052&par=565,,Люблінське,"51.2954201,23.609107"
POINT (22.9446936 51.4695378),"Uścimów, pw. Św. Jerzego",https://regestry.lubgens.eu/viewpage.php?page_id=1052&par=796,,Люблінське,"51.4695378,22.9446936"
POINT (23.6738405 50.6855909),"Wakijów, pw. Wniebowzięcia NMP","https://regestry.lubgens.eu/viewpage.php?page_id=1052&par=482
https://regestry.lubgens.eu/viewpage.php?page_id=1052&par=686",,Люблінське,"50.6855909,23.6738405"
POINT (23.7543362 50.7565789),"Werbkowice, pw. św. Michała Archanioła","https://regestry.lubgens.eu/viewpage.php?page_id=1052&par=465
https://regestry.lubgens.eu/viewpage.php?page_id=1052&par=685",,Люблінське,"50.7565789,23.7543362"
POINT (23.2021967 51.3600226),"Wereszczyn, pw. Soboru Najświętszej Marii Panny",https://regestry.lubgens.eu/viewpage.php?page_id=1052&par=764,,Люблінське,"51.3600226,23.2021967"
POINT (23.9102664 50.6014107),"Wereszyn, pw. Podwyższenia Krzyża Świętego",https://regestry.lubgens.eu/viewpage.php?page_id=1052&par=768,,Люблінське,"50.6014107,23.9102664"
POINT (23.8773865 50.586169),"Wiszniów, pw. Ścięcia Głowy Jana Chrzciciela","https://regestry.lubgens.eu/viewpage.php?page_id=1052&par=477
https://regestry.lubgens.eu/viewpage.php?page_id=1052&par=418a",,Люблінське,"50.586169,23.8773865"
POINT (23.9594821 50.5847628),"Witków, pw. św. Jerzego Męczennika",https://regestry.lubgens.eu/viewpage.php?page_id=1052&par=770,,Люблінське,"50.5847628,23.9594821"
POINT (22.9795973 51.9212898),"Witoroż, pw. św. Michała Archanioła","https://regestry.lubgens.eu/viewpage.php?page_id=1052&par=781
https://regestry.lubgens.eu/viewpage.php?page_id=1052&par=780",,Люблінське,"51.9212898,22.9795973"
POINT (23.0583515 52.1079485),"Witulin, św. Michała Archanioła","https://regestry.lubgens.eu/viewpage.php?page_id=1052&par=383b
https://regestry.lubgens.eu/viewpage.php?page_id=1052&par=459",,Люблінське,"52.1079485,23.0583515"
POINT (23.4924967 51.5413319),"Włodawa, pw. Narodzenia NMP",https://regestry.lubgens.eu/viewpage.php?page_id=1052&par=487,,Люблінське,"51.5413319,23.4924967"
POINT (22.7550957 51.7539156),"Wohyń, pw. św. Dymitra Męczennika","https://regestry.lubgens.eu/viewpage.php?page_id=1052&par=750
https://regestry.lubgens.eu/viewpage.php?page_id=1052&par=749",,Люблінське,"51.7539156,22.7550957"
POINT (23.5146306 50.9262376),"Wojsławice, pw. św. Eliasza","https://regestry.lubgens.eu/viewpage.php?page_id=1052&par=659
https://regestry.lubgens.eu/viewpage.php?page_id=1052&par=701",,Люблінське,"50.9262376,23.5146306"
POINT (23.2031875 51.4964915),"Wołoskowola, pw. św. Michała Archanioła",https://regestry.lubgens.eu/viewpage.php?page_id=1052&par=676,,Люблінське,"51.4964915,23.2031875"
POINT (23.252729 52.0423965),"Woskrzenice, pw. św. Michała Archanioła","https://regestry.lubgens.eu/viewpage.php?page_id=1052&par=624
https://regestry.lubgens.eu/viewpage.php?page_id=1052&par=623",,Люблінське,"52.0423965,23.252729"
POINT (23.2442057 51.4293619),"Wytyczno, pw. Podwyższenia Krzyża Pańskiego","https://regestry.lubgens.eu/viewpage.php?page_id=1052&par=720
https://regestry.lubgens.eu/viewpage.php?page_id=1052&par=755",,Люблінське,"51.4293619,23.2442057"
POINT (22.6513563 50.870985),"Zabłocie, pw. św. Mikołaja Cudotwórcy","https://regestry.lubgens.eu/viewpage.php?page_id=1052&par=612
https://regestry.lubgens.eu/viewpage.php?page_id=1052&par=712",,Люблінське,"50.870985,22.6513563"
POINT (23.0038195 50.3143715),"Zamch, pw. św. Praksedy",https://regestry.lubgens.eu/viewpage.php?page_id=1052&par=534,,Люблінське,"50.3143715,23.0038195"
POINT (23.207318 50.7214448),Zamość,"https://regestry.lubgens.eu/viewpage.php?page_id=1052&par=689
https://regestry.lubgens.eu/viewpage.php?page_id=1052&par=662
https://regestry.lubgens.eu/viewpage.php?page_id=1052&par=790
https://regestry.lubgens.eu/viewpage.php?page_id=1052&par=819",,Люблінське,"50.7214448,23.207318"
POINT (23.5362253 50.7392896),"Zawalów, pw. Opieki NMP potem św. Mikołaja",https://regestry.lubgens.eu/viewpage.php?page_id=1052&par=506,,Люблінське,"50.7392896,23.5362253"
POINT (23.6684338 51.3939036),Zbereże,"https://regestry.lubgens.eu/viewpage.php?page_id=1052&par=703
https://regestry.lubgens.eu/viewpage.php?page_id=1052&par=900",,Люблінське,"51.3939036,23.6684338"
POINT (23.0943309 50.7724404),"Złojec, pw. św. Demetriusza","https://regestry.lubgens.eu/viewpage.php?page_id=1052&par=511
https://regestry.lubgens.eu/viewpage.php?page_id=1052&par=456",,Люблінське,"50.7724404,23.0943309"
POINT (23.5555678 50.621536),Zubowice,https://regestry.lubgens.eu/viewpage.php?page_id=1052&par=946,,Люблінське,"50.621536,23.5555678"
POINT (23.3760824 51.0231805),"Żdżanne, pw. św. Dymitra Męczennika","https://regestry.lubgens.eu/viewpage.php?page_id=1052&par=656
https://regestry.lubgens.eu/viewpage.php?page_id=1052&par=1a",,Люблінське,"51.0231805,23.3760824"
POINT (23.7412391 50.4769382),Żerniki,"https://regestry.lubgens.eu/viewpage.php?page_id=1052&par=499
https://regestry.lubgens.eu/viewpage.php?page_id=1052&par=453",,Люблінське,"50.4769382,23.7412391"
POINT (23.6677144 51.0260888),"Żmudź, pw. Podwyższenia Krzyża Pańskiego","https://regestry.lubgens.eu/viewpage.php?page_id=1052&par=549
https://regestry.lubgens.eu/viewpage.php?page_id=1052&par=572",,Люблінське,"51.0260888,23.6677144"
POINT (23.8074493 50.5322797),"Żulice, Podwyższenia św. Krzyża","https://regestry.lubgens.eu/viewpage.php?page_id=1052&par=340b
https://regestry.lubgens.eu/viewpage.php?page_id=1052&par=340a",,Люблінське,"50.5322797,23.8074493"
POINT (23.1799505 51.0727879),"Żulin, Opieki Matki Bożej","https://regestry.lubgens.eu/viewpage.php?page_id=1052&par=2b
https://regestry.lubgens.eu/viewpage.php?page_id=1052&par=2a",,Люблінське,"51.0727879,23.1799505"
POINT (23.626525 51.4822790),"Собібор, Церква ім. Івана Богослова",https://regestry.lubgens.eu/viewpage.php?page_id=1052&par=522,"Собібор, Жолобок",Володавський,"51.4822790,23.626525"
POINT ( 22.485863 50.418550),"Липини, св. Дмитра","https://regestry.lubgens.eu/viewpage.php?page_id=1052&par=540
https://regestry.lubgens.eu/viewpage.php?page_id=1052&par=956","Липини Горішні, Липини Долішні, Гарасюки, Єдлінки, Гозд Липинський, Поток",Білгорайський,"50.418550, 22.485863"
POINT ( 22.347626 50.406693),"Крешів, Різдва Богородиці","https://regestry.lubgens.eu/viewpage.php?page_id=1052&par=773
https://regestry.lubgens.eu/viewpage.php?page_id=1052&par=200a","Крешів, Крешів Горішній, Кустрава, Камінка, Підвільшанка Плебанська, Підвільшанка Ординська, Бистре, Гутисько, Річки, Куше",Білгорайський,"50.406693, 22.347626"
POINT ( 30.205244 50.414166),"Гореничі, Різдва Богородиці",https://cdiak.archives.gov.ua/baza_geog_pok/church/hore_001.xml,"Гореничі, Петрушки, Гнатівка, х. Ясногородський",Київський,"50.414166, 30.205244"
POINT ( 30.12418 50.414638),"Шпитьки, Покрова Пресвятої Богородиці",https://cdiak.archives.gov.ua/baza_geog_pok/church/shpy_003.xml,"Шпитьки, Личанка",Київський,"50.414638, 30.12418"
POINT ( 30.039202 50.423670),"Бузова, Преображення Господнього",https://cdiak.archives.gov.ua/baza_geog_pok/church/buzo_001.xml,"Бузова, Гурівщина, хут. Буча, Смолянка, Кут, Халаїм",Київський,"50.423670, 30.039202"
POINT ( 36.808730 47.130273),"Берестове, Свято Троїцька",https://docs.google.com/spreadsheets/d/1y9pQDmKSkKWiiWZgLfq6eASW_rJy6YNRhe9-ZHqmDPY/edit?usp=sharing,,Бердянський,"47.130273, 36.808730"