full_code,tags
ДАЖО-1-78-531,метрична книга|народження|шлюб|розлучення|смерть
ДАЖО-1-78-539,метрична книга|народження|шлюб|розлучення|смерть
ДАЖО-1-78-541,метрична книга|народження|шлюб|розлучення|смерть
ДАЖО-1-78-544,метрична книга|народження|шлюб|розлучення|смерть
ДАЖО-1-78-545,метрична книга|народження|шлюб|розлучення|смерть
ДАЖО-1-78-548,метрична книга|народження|шлюб|розлучення|смерть
ДАЖО-1-78-552,метрична книга|народження|шлюб|розлучення|смерть
ДАЖО-1-78-554,метрична книга|народження|шлюб|розлучення|смерть
ДАЖО-1-78-555,метрична книга|народження|шлюб|розлучення|смерть
ДАЖО-1-78-558,метрична книга|народження|шлюб|розлучення|смерть
ДАЖО-1-78-559,метрична книга|народження|шлюб|розлучення|смерть
ДАЖО-1-78-561,метрична книга|народження|шлюб|розлучення|смерть
ДАЖО-1-78-562,метрична книга|народження|шлюб|розлучення|смерть
ДАЖО-1-78-566,метрична книга|народження|шлюб|розлучення|смерть
ДАЖО-1-78-568,метрична книга|народження|шлюб|розлучення|смерть
ДАЖО-1-78-571,метрична книга|народження|шлюб|розлучення|смерть
ДАЖО-1-78-573,метрична книга|народження|шлюб|розлучення|смерть
ДАЖО-1-78-575,метрична книга|народження|шлюб|розлучення|смерть
ДАЖО-1-78-577,метрична книга|народження|шлюб|розлучення|смерть
ДАЖО-1-78-579,метрична книга|народження|шлюб|розлучення|смерть
ДАЖО-1-78-581,метрична книга|народження|шлюб|розлучення|смерть
ДАЖО-1-78-583,метрична книга|народження|шлюб|розлучення|смерть
ДАЖО-1-78-586,метрична книга|народження|шлюб|смерть
ДАЖО-1-78-588,метрична книга|народження|шлюб|смерть
ДАЖО-1-78-589,метрична книга|народження|шлюб|розлучення|смерть
ДАЖО-1-78-591,метрична книга|народження|шлюб|смерть
ДАЖО-1-78-593,метрична книга|народження|шлюб|смерть
ДАЖО-1-78-595,метрична книга|народження|шлюб|розлучення|смерть
ДАЖО-1-78-598,метрична книга|народження|шлюб|смерть
ДАЖО-1-78-601,метрична книга|народження|шлюб|смерть
ДАЖО-1-78-603,метрична книга|народження|шлюб|смерть
ДАЖО-1-78-606,метрична книга|народження|шлюб|смерть
ДАЖО-1-78-607,метрична книга|народження|шлюб|смерть
ДАЖО-1-78-613,метрична книга|народження|шлюб|смерть
ДАЖО-1-78-614,метрична книга|народження|шлюб|смерть
ДАЖО-1-78-620,метрична книга|народження|шлюб|смерть
ДАЖО-1-78-628,метрична книга|народження|шлюб|смерть
ДАЖО-1-78-629,метрична книга|народження|шлюб|смерть
ДАЖО-1-78-631,метрична книга|народження|шлюб|смерть
ДАЖО-1-78-634,метрична книга|народження|шлюб|смерть
ДАЖО-1-78-636,метрична книга|народження|шлюб|смерть
ДАЖО-1-78-625,метрична книга|народження|шлюб|смерть
ДАЖО-1-78-639,метрична книга|народження|шлюб|смерть
ДАЖО-1-78-641,метрична книга|народження|шлюб|смерть
ДАЖО-1-78-644,метрична книга|народження|шлюб|смерть
ДАЖО-1-78-646,метрична книга|народження|шлюб|смерть
ДАЖО-1-78-526,метрична книга|народження|шлюб|розлучення|смерть
ДАЖО-1-78-537,метрична книга|народження|шлюб|смерть
ДАЖО-1-78-549,метрична книга|народження|шлюб|розлучення|смерть
ДАЖО-1-78-565,метрична книга|народження|шлюб|розлучення|смерть
ДАЖО-1-78-529,метрична книга|народження|шлюб|смерть
ДАЖО-1-78-533,метрична книга|народження|шлюб|смерть
ДАЖО-1-78-536,метрична книга|народження|шлюб|смерть
ДАЖО-1-78-538,метрична книга|народження|шлюб|смерть
ДАЖО-1-78-540,метрична книга|народження|шлюб|смерть
ДАЖО-1-78-542,метрична книга|народження|шлюб|смерть
ДАЖО-1-78-543,метрична книга|народження|шлюб|смерть
ДАЖО-1-78-546,метрична книга|народження|шлюб|смерть
ДАЖО-1-78-547,метрична книга|народження|шлюб|смерть
ДАЖО-1-78-550,метрична книга|народження|шлюб|смерть
ДАЖО-1-78-551,метрична книга|народження|шлюб|смерть
ДАЖО-1-78-556,метрична книга|народження|шлюб|смерть
ДАЖО-1-78-557,метрична книга|народження|шлюб|смерть
ДАЖО-1-78-560,метрична книга|народження|шлюб|смерть
ДАЖО-1-78-563,метрична книга|народження|шлюб|смерть
ДАЖО-1-78-564,метрична книга|народження|шлюб|смерть
ДАЖО-1-78-567,метрична книга|народження|шлюб|смерть
ДАЖО-1-78-569,метрична книга|народження|шлюб|смерть
ДАЖО-1-78-570,метрична книга|народження|шлюб|смерть
ДАЖО-1-78-574,метрична книга|народження|шлюб|смерть
ДАЖО-1-78-576,метрична книга|народження|шлюб|смерть
ДАЖО-1-78-578,метрична книга|народження|шлюб|смерть
ДАЖО-1-78-580,метрична книга|народження|шлюб|смерть
ДАЖО-1-78-584,метрична книга|народження|шлюб|смерть
ДАЖО-1-78-587,метрична книга|народження|шлюб|розлучення|смерть
ДАЖО-1-78-572,метрична книга|народження|шлюб|смерть
ДАЖО-1-78-582,метрична книга|народження|шлюб|смерть
ДАЖО-1-78-585,метрична книга|народження|шлюб|розлучення|смерть
ДАЖО-1-78-688,метрична книга|народження|шлюб|смерть
ДАЖО-1-78-596,метрична книга|народження|шлюб|смерть
ДАЖО-1-78-602,метрична книга|народження|шлюб|смерть
ДАЖО-1-78-604,метрична книга|народження|шлюб|смерть
ДАЖО-1-78-611,метрична книга|народження|шлюб|смерть
ДАЖО-1-78-528,метрична книга|народження|шлюб|смерть
ДАЖО-1-78-532,метрична книга|народження|шлюб|смерть
ДАЖО-1-78-553,метрична книга|народження|шлюб|смерть
ДАЖО-1-78-590,метрична книга|народження|шлюб|смерть
ДАЖО-1-78-592,метрична книга|народження|шлюб|розлучення|смерть
ДАЖО-1-78-597,метрична книга|народження|шлюб|смерть
ДАЖО-1-78-600,метрична книга|народження|шлюб|смерть
ДАЖО-1-78-605,метрична книга|народження|шлюб|смерть
ДАЖО-1-78-609,метрична книга|народження|шлюб|смерть
ДАЖО-1-78-638,метрична книга|народження|шлюб|смерть
ДАЖО-1-78-594,метрична книга|народження|шлюб|розлучення|смерть
ДАЖО-1-78-527,метрична книга|народження|шлюб|смерть
ДАЖО-1-78-622,метрична книга|народження|шлюб|смерть
ДАЖО-1-78-599,метрична книга|народження|шлюб|смерть
ДАЖО-1-78-535,метрична книга|народження|шлюб|смерть
ДАЖО-1-78-619,метрична книга|народження|шлюб|смерть
ДАЖО-1-78-621,метрична книга|народження|шлюб|смерть
ДАЖО-1-78-9,метрична книга|розлучення
ДАЖО-1-78-494,метрична книга|народження|шлюб|смерть
ДАЖО-1-78-497,метрична книга|народження|шлюб|смерть
ДАЖО-1-74-9,метрична книга|народження|шлюб|смерть
ДАЖО-1-74-13,метрична книга|народження|шлюб|смерть
ДАЖО-1-74-28,метрична книга|народження|шлюб|смерть
ДАЖО-1-80-61,метрична книга|народження|шлюб|смерть
ДАЖО-1-80-70,метрична книга|народження|шлюб|смерть
ДАЖО-1-80-78,метрична книга|народження|шлюб|смерть
ДАЖО-1-80-79,метрична книга|народження|шлюб|смерть
ДАЖО-1-80-83,метрична книга|народження|шлюб|смерть
ДАЖО-1-80-85,метрична книга|народження|шлюб|смерть
ДАЖО-1-80-89,метрична книга|народження|шлюб|смерть
ДАЖО-1-80-92,метрична книга|народження|шлюб|смерть
ДАЖО-1-80-94,метрична книга|народження|шлюб|смерть
ДАЖО-1-80-95,метрична книга|народження|шлюб|смерть
ДАЖО-1-80-98,метрична книга|народження|шлюб|смерть
ДАЖО-1-80-103,метрична книга|народження|шлюб|смерть
ДАЖО-1-80-105,метрична книга|народження|шлюб|смерть
ДАЖО-1-80-106,метрична книга|народження|шлюб|смерть
ДАЖО-1-80-110,метрична книга|народження|шлюб|смерть
ДАЖО-1-78-119,метрична книга|народження|шлюб|смерть
ДАЖО-1-78-122,метрична книга|народження|шлюб|смерть
ДАЖО-1-78-125,метрична книга|народження|шлюб|смерть
ДАЖО-1-78-617,метрична книга|народження|шлюб|смерть
ДАЖО-1-78-624,метрична книга|народження|шлюб|смерть
ДАЖО-1-78-626,метрична книга|народження|шлюб|смерть
ДАЖО-1-78-643,метрична книга|народження|шлюб|смерть
ДАЖО-1-78-648,метрична книга|народження|шлюб|смерть
ДАЖО-1-80-71,метрична книга|народження|шлюб|смерть
ДАЖО-1-80-116,метрична книга|народження|шлюб|смерть
ДАЖО-1-80-119,метрична книга|народження|шлюб|смерть
ДАЖО-1-80-122,метрична книга|народження|шлюб|смерть
ДАЖО-1-80-125,метрична книга|народження|шлюб|смерть
ДАЖО-1-80-1,метрична книга|народження|шлюб|смерть
ДАЖО-1-80-7,метрична книга|народження|шлюб|смерть
ДАЖО-1-78-616,метрична книга|народження|шлюб|смерть
ДАЖО-1-78-678,метрична книга|народження|шлюб|смерть
ДАЖО-1-78-680,метрична книга|народження|шлюб|смерть
ДАЖО-1-78-484,метрична книга|народження|шлюб|смерть
ДАЖО-1-78-341,метрична книга|народження|шлюб|смерть
ДАЖО-1-80-6,метрична книга|народження|шлюб|смерть
ДАЖО-1-78-530,метрична книга|народження|шлюб|смерть
ДАЖО-1-78-649,метрична книга|народження|шлюб|смерть
ДАЖО-1-78-534,метрична книга|народження|шлюб|смерть
ДАЖО-1-78-610,метрична книга|народження|шлюб|смерть
ДАЖО-1-78-612,метрична книга|народження|шлюб|смерть
ДАЖО-1-78-618,метрична книга|народження|шлюб|смерть
ДАЖО-1-78-623,метрична книга|народження|шлюб|смерть
ДАЖО-1-78-627,метрична книга|народження|шлюб|смерть
ДАЖО-1-78-630,метрична книга|народження|шлюб|смерть
ДАЖО-1-78-632,метрична книга|народження|шлюб|смерть
ДАЖО-1-78-633,метрична книга|народження|шлюб|смерть
ДАЖО-1-78-635,метрична книга|народження|шлюб|смерть
ДАЖО-1-78-637,метрична книга|народження|шлюб|смерть
ДАЖО-1-78-640,метрична книга|народження|шлюб|смерть
ДАЖО-1-78-642,метрична книга|народження|шлюб|смерть
ДАЖО-1-78-645,метрична книга|народження|шлюб|смерть
ДАЖО-1-78-54,метрична книга|народження|шлюб|смерть
ДАЖО-1-78-476,метрична книга|народження|шлюб|смерть
ДАЖО-1-78-505,метрична книга|народження|шлюб|смерть
ДАЖО-1-78-58,метрична книга|народження|шлюб|смерть
ДАЖО-1-78-53,метрична книга|народження|шлюб|смерть
ДАЖО-1-78-615,метрична книга|народження|шлюб|смерть
ДАЖО-1-80-2,метрична книга|народження|шлюб|смерть
ДАЖО-1-80-8,метрична книга|народження|шлюб|смерть
ДАЖО-1-80-9,метрична книга|народження|шлюб|смерть
ДАЖО-1-80-12,метрична книга|народження|шлюб|смерть
ДАЖО-1-80-13,метрична книга|народження|шлюб|смерть
ДАЖО-1-80-14,метрична книга|народження|шлюб|смерть
ДАЖО-1-78-467,метрична книга|народження|шлюб|смерть
ДАЖО-1-78-128,метрична книга|народження
ДАЖО-1-78-28,метрична книга|народження|шлюб|смерть
ДАЖО-1-78-652,метрична книга|народження|шлюб|смерть
ДАЖО-1-78-653,метрична книга|народження|шлюб|смерть
ДАЖО-1-78-671,метрична книга|народження|шлюб|смерть
ДАЖО-1-74-184,метрична книга|народження|шлюб|смерть
ДАЖО-1-78-655,метрична книга|народження|шлюб|смерть
ДАЖО-1-78-659,метрична книга|народження|шлюб|смерть
ДАЖО-1-78-660,метрична книга|народження|шлюб|смерть
ДАЖО-1-78-663,метрична книга|народження|шлюб|смерть
ДАЖО-1-78-675,метрична книга|народження|шлюб|смерть
ДАЖО-1-78-658,метрична книга|народження|шлюб|смерть
ДАЖО-1-78-661,метрична книга|народження|шлюб|смерть
ДАЖО-1-78-664,метрична книга|народження|шлюб|смерть
ДАЖО-1-78-668,метрична книга|народження|шлюб|смерть
ДАЖО-1-78-670,метрична книга|народження|шлюб|смерть
ДАЖО-1-78-676,метрична книга|народження|шлюб|смерть
ДАЖО-1-78-677,метрична книга|народження|шлюб|смерть
ДАЖО-1-78-679,метрична книга|народження|шлюб|смерть
ДАЖО-1-78-683,метрична книга|народження|шлюб|смерть
ДАЖО-1-78-654,метрична книга|народження|шлюб|смерть
ДАЖО-1-78-666,метрична книга|народження|шлюб|смерть
ДАЖО-1-78-673,метрична книга|народження|шлюб|смерть
ДАЖО-1-78-651,метрична книга|народження|шлюб|смерть
ДАЖО-1-78-685,метрична книга|народження|шлюб|смерть
ДАЖО-1-78-686,метрична книга|народження|шлюб|смерть
ДАЖО-1-78-672,метрична книга|народження|шлюб|смерть
ДАЖО-1-78-674,метрична книга|народження|шлюб|смерть
ДАЖО-1-78-667,метрична книга|народження|шлюб|смерть
ДАЖО-1-78-656,метрична книга|народження|шлюб|смерть
ДАЖО-1-78-657,метрична книга|народження|шлюб|смерть
ДАЖО-1-78-662,метрична книга|народження|шлюб|смерть
ДАЖО-1-78-665,метрична книга|народження|шлюб|смерть
ДАЖО-1-78-682,метрична книга|народження|шлюб|смерть
ДАЖО-1-78-684,метрична книга|народження|шлюб|смерть
ДАЖО-1-78-185,метрична книга|народження|шлюб|смерть
ДАЖО-1-78-681,метрична книга|народження|шлюб|смерть
ДАЖО-1-78-669,метрична книга|народження|шлюб|смерть
ДАЖО-1-82-17,метрична книга|народження|шлюб|смерть
ДАЖО-1-78-687,метрична книга|народження|шлюб|смерть
ДАЖО-1-74-186,метрична книга|народження|шлюб|смерть
ДАЖО-1-78-886,метрична книга|народження|шлюб|смерть
ДАЖО-1-78-892,метрична книга|народження|шлюб|смерть
ДАЖО-1-78-894,метрична книга|народження|шлюб|смерть
ДАЖО-1-78-895,метрична книга|народження|шлюб|смерть
ДАЖО-1-78-898,метрична книга|народження|шлюб|смерть
ДАЖО-1-78-902,метрична книга|народження|шлюб|смерть
ДАЖО-1-78-905,метрична книга|народження|шлюб|смерть
ДАЖО-1-78-910,метрична книга|народження|шлюб|смерть
ДАЖО-1-78-913,метрична книга|народження|шлюб|смерть
ДАЖО-1-76-7,метрична книга|народження|шлюб|смерть
ДАЖО-1-76-9,метрична книга|народження|шлюб|смерть
ДАЖО-1-76-11,метрична книга|народження|шлюб|смерть
ДАЖО-1-76-13,метрична книга|народження|шлюб|смерть
ДАЖО-1-76-17,метрична книга|народження|шлюб|смерть
ДАЖО-1-76-19,метрична книга|народження|шлюб|смерть
ДАЖО-1-76-22,метрична книга|народження|шлюб|смерть
ДАЖО-1-76-27,метрична книга|народження|шлюб|смерть
ДАЖО-1-76-30,метрична книга|народження|шлюб|смерть
ДАЖО-1-76-31,метрична книга|народження|шлюб|смерть
ДАЖО-1-76-33,метрична книга|народження|шлюб|смерть
ДАЖО-1-76-150,метрична книга|народження|шлюб|смерть
ДАЖО-1-76-47,метрична книга|народження|шлюб|смерть
ДАЖО-1-76-118,метрична книга|народження|шлюб|смерть
ДАЖО-1-76-54,метрична книга|народження|шлюб|смерть
ДАЖО-1-76-60,метрична книга|народження|шлюб|смерть
ДАЖО-1-76-62,метрична книга|народження|шлюб|смерть
ДАЖО-1-76-64,метрична книга|народження|шлюб|смерть
ДАЖО-1-76-65,метрична книга|народження|шлюб|смерть
ДАЖО-1-76-74,метрична книга|народження|шлюб|смерть
ДАЖО-1-76-82,метрична книга|народження|шлюб|смерть
ДАЖО-1-76-93,метрична книга|народження|шлюб|смерть
ДАЖО-1-76-95,метрична книга|народження|шлюб|смерть
ДАЖО-1-76-104,метрична книга|народження|шлюб|смерть
ДАЖО-1-76-106,метрична книга|народження|шлюб|смерть
ДАЖО-1-76-109,метрична книга|народження|шлюб|смерть
ДАЖО-1-76-113,метрична книга|народження|шлюб|смерть
ДАЖО-1-76-116,метрична книга|народження|шлюб|смерть
ДАЖО-1-76-126,метрична книга|народження|шлюб|смерть
ДАЖО-1-76-130,метрична книга|народження|шлюб|смерть
ДАЖО-1-76-131,метрична книга|народження|шлюб|смерть
ДАЖО-1-76-136,метрична книга|народження|шлюб|смерть
ДАЖО-1-76-562,метрична книга|народження|шлюб|смерть
ДАЖО-1-77-2003А,метрична книга|народження|шлюб|смерть
ДАЖО-1-76-143,метрична книга|народження|шлюб|смерть
ДАЖО-1-76-146,метрична книга|народження|шлюб|смерть
ДАЖО-1-76-152,метрична книга|народження|шлюб|смерть
ДАЖО-1-76-158,метрична книга|народження|шлюб|смерть
ДАЖО-1-77-89,метрична книга|народження|шлюб|смерть
ДАЖО-1-77-61,метрична книга|народження|шлюб|смерть
ДАЖО-1-77-64,метрична книга|народження|шлюб|смерть
ДАЖО-1-75-159,метрична книга|народження|шлюб|смерть
ДАЖО-1-76-21,метрична книга|народження|шлюб|смерть
ДАЖО-1-76-26,метрична книга|народження|шлюб|смерть
ДАЖО-1-76-28,метрична книга|народження|шлюб|смерть
ДАЖО-1-76-32,метрична книга|народження|шлюб|смерть
ДАЖО-1-76-552,метрична книга|народження|шлюб|смерть
ДАЖО-1-76-570,метрична книга|народження|шлюб|смерть
ДАЖО-1-76-37,метрична книга|народження|шлюб|смерть
ДАЖО-1-76-39,метрична книга|народження|шлюб|смерть
ДАЖО-1-76-44,метрична книга|народження|шлюб|смерть
ДАЖО-1-76-49,метрична книга|народження|шлюб|смерть
ДАЖО-1-76-55,метрична книга|народження|шлюб|смерть
ДАЖО-1-77-2001,метрична книга|народження|шлюб|смерть
ДАЖО-1-77-2011,метрична книга|народження
ДАЖО-1-77-66,метрична книга|народження|шлюб|смерть
ДАЖО-1-77-2013,метрична книга|народження
ДАЖО-1-77-68,метрична книга|народження|шлюб|смерть
ДАЖО-1-77-2014,метрична книга|народження
ДАЖО-1-77-76,метрична книга|народження|шлюб|смерть
ДАЖО-1-77-82,метрична книга|народження|шлюб|смерть
ДАЖО-1-77-2018,метрична книга|народження|шлюб|смерть
ДАЖО-1-77-84,метрична книга|народження|шлюб|смерть
ДАЖО-1-77-2020,метрична книга|народження|шлюб|смерть
ДАЖО-1-77-98,метрична книга|народження|шлюб|смерть
ДАЖО-1-77-2022,метрична книга|народження|шлюб|смерть
ДАЖО-1-77-102,метрична книга|народження|шлюб|смерть
ДАЖО-1-77-2024,метрична книга|народження|шлюб|смерть
ДАЖО-1-77-106,метрична книга|народження|шлюб|смерть
ДАЖО-1-77-111,метрична книга|народження|шлюб|смерть
ДАЖО-1-77-116,метрична книга|народження|шлюб|смерть
ДАЖО-1-77-122,метрична книга|народження|шлюб|смерть
ДАЖО-1-77-2033,метрична книга|народження
ДАЖО-1-77-130,метрична книга|народження|шлюб|смерть
ДАЖО-1-77-139,метрична книга|народження|шлюб|смерть
ДАЖО-1-77-2038,метрична книга|народження|шлюб|смерть
ДАЖО-1-77-147,метрична книга|народження|шлюб|смерть
ДАЖО-1-77-328,метрична книга|народження|шлюб|смерть
ДАЖО-1-77-337,метрична книга|народження|шлюб|смерть
ДАЖО-1-77-346,метрична книга|народження|шлюб|смерть
ДАЖО-1-77-355,метрична книга|народження|шлюб|смерть
ДАЖО-1-77-364,метрична книга|народження|шлюб|смерть
ДАЖО-1-77-375,метрична книга|народження|шлюб|смерть
ДАЖО-1-77-384,метрична книга|народження|шлюб|смерть
ДАЖО-1-77-391,метрична книга|народження|шлюб|смерть
ДАЖО-1-77-399,метрична книга|народження|шлюб|смерть
ДАЖО-1-77-409,метрична книга|народження|шлюб|смерть
ДАЖО-1-77-721,метрична книга|народження|шлюб|смерть
ДАЖО-1-77-739,метрична книга|народження|шлюб|смерть
ДАЖО-1-77-757,метрична книга|народження|шлюб|смерть
ДАЖО-1-77-776,метрична книга|народження|шлюб|смерть
ДАЖО-1-77-794,метрична книга|народження|шлюб|смерть
ДАЖО-1-77-812,метрична книга|народження|шлюб|смерть
ДАЖО-1-77-829,метрична книга|народження|шлюб|смерть
ДАЖО-1-77-844,метрична книга|народження|шлюб|смерть
ДАЖО-1-77-860,метрична книга|народження|шлюб|смерть
ДАЖО-1-77-878,метрична книга|народження|шлюб|смерть
ДАЖО-1-77-892,метрична книга|народження|шлюб|смерть
ДАЖО-1-77-910,метрична книга|народження|шлюб|смерть
ДАЖО-1-77-925,метрична книга|народження|шлюб|смерть
ДАЖО-1-77-936,метрична книга|народження|шлюб|смерть
ДАЖО-1-77-953,метрична книга|народження|шлюб|смерть
ДАЖО-1-77-972,метрична книга|народження|шлюб|смерть
ДАЖО-1-77-992,метрична книга|народження|шлюб|смерть
ДАЖО-1-77-1012,метрична книга|народження|шлюб|смерть
ДАЖО-1-77-1032,метрична книга|народження|шлюб|смерть
ДАЖО-1-77-1052,метрична книга|народження|шлюб|смерть
ДАЖО-1-77-2136,метрична книга|народження|шлюб|смерть
ДАЖО-1-77-2145,метрична книга|народження|шлюб|смерть
ДАЖО-1-76-68,метрична книга|народження|шлюб|смерть
ДАЖО-1-76-139,метрична книга|народження|шлюб|смерть
ДАЖО-1-77-2016,метрична книга|народження
ДАЖО-1-77-2019,метрична книга|народження
ДАЖО-1-77-2021,метрична книга|народження
ДАЖО-1-77-2023,метрична книга|народження|шлюб|смерть
ДАЖО-1-77-2025,метрична книга|народження|шлюб|смерть
ДАЖО-1-77-2027,метрична книга|народження|шлюб|смерть
ДАЖО-1-77-2029,метрична книга|народження|шлюб|смерть
ДАЖО-1-77-2031,метрична книга|народження|шлюб|смерть
ДАЖО-1-77-2035,метрична книга|народження|шлюб|смерть
ДАЖО-1-77-2040,метрична книга|народження|шлюб|смерть
ДАЖО-1-77-2043,метрична книга|народження|шлюб|смерть
ДАЖО-1-76-551,метрична книга|народження|шлюб|смерть
ДАЖО-1-76-61,метрична книга|народження|шлюб|смерть
ДАЖО-1-76-67,метрична книга|народження|шлюб|смерть
ДАЖО-1-77-1069,метрична книга|народження|шлюб|смерть
ДАЖО-1-77-1075,метрична книга|народження|шлюб|смерть
ДАЖО-1-76-103,метрична книга|народження|шлюб|смерть
ДАЖО-1-77-77,метрична книга|народження|шлюб|смерть
ДАЖО-1-77-410,метрична книга|народження|шлюб|смерть
ДАЖО-1-77-722,метрична книга|народження|шлюб|смерть
ДАЖО-1-77-746,метрична книга|народження|шлюб|смерть
ДАЖО-1-77-758,метрична книга|народження|шлюб|смерть
ДАЖО-1-77-777,метрична книга|народження|шлюб|смерть
ДАЖО-1-77-795,метрична книга|народження|шлюб|смерть
ДАЖО-1-77-813,метрична книга|народження|шлюб|смерть
ДАЖО-1-77-740,метрична книга|народження|шлюб|смерть
ДАЖО-1-77-845,метрична книга|народження|шлюб|смерть
ДАЖО-1-77-131,метрична книга|народження|шлюб|смерть
ДАЖО-1-77-400,метрична книга|народження|шлюб|смерть
ДАЖО-1-77-75,метрична книга|народження|шлюб|смерть
ДАЖО-1-77-861,метрична книга|народження|шлюб|смерть
ДАЖО-1-77-926,метрична книга|народження|шлюб|смерть
ДАЖО-1-77-954,метрична книга|народження|шлюб|смерть
ДАЖО-1-77-973,метрична книга|народження|шлюб|смерть
ДАЖО-1-76-40,метрична книга|народження|шлюб|смерть
ДАЖО-1-76-56,метрична книга|народження|шлюб|смерть
ДАЖО-1-76-57,метрична книга|народження|шлюб|смерть
ДАЖО-1-76-59,метрична книга|народження|шлюб|смерть
ДАЖО-1-76-83,метрична книга|народження|шлюб|смерть
ДАЖО-1-77-329,метрична книга|народження|шлюб|смерть
ДАЖО-1-77-830,метрична книга|народження|шлюб|смерть
ДАЖО-1-77-846,метрична книга|народження|шлюб|смерть
ДАЖО-1-77-862,метрична книга|народження|шлюб|смерть
ДАЖО-1-77-879,метрична книга|народження|шлюб|смерть
ДАЖО-1-77-893,метрична книга|народження|шлюб|смерть
ДАЖО-1-77-911,метрична книга|народження|шлюб|смерть
ДАЖО-1-77-937,метрична книга|народження|шлюб|смерть
ДАЖО-1-77-2032,метрична книга|народження|шлюб|смерть
ДАЖО-1-77-1015,метрична книга|народження|шлюб|смерть
ДАЖО-1-77-2007,метрична книга|народження
ДАЖО-1-77-2037,метрична книга|народження|шлюб|смерть
ДАЖО-1-77-955,метрична книга|народження|шлюб|смерть
ДАЖО-1-77-993,метрична книга|народження|шлюб|смерть
ДАЖО-1-77-1033,метрична книга|народження|шлюб|смерть
ДАЖО-1-77-1053,метрична книга|народження|шлюб|смерть
ДАЖО-1-77-2002,метрична книга|шлюб|смерть
ДАЖО-1-77-2004,метрична книга|народження
ДАЖО-1-77-2005,метрична книга|народження
ДАЖО-1-77-2010,метрична книга|народження
ДАЖО-1-76-448,метрична книга|народження|шлюб|смерть
ДАЖО-1-76-10,метрична книга|народження|шлюб|смерть
ДАЖО-1-76-14,метрична книга|народження|шлюб|смерть
ДАЖО-1-76-15,метрична книга|народження|шлюб|смерть
ДАЖО-1-77-2133,метрична книга|народження|шлюб|смерть
ДАЖО-1-76-127,метрична книга|народження|шлюб|смерть
ДАЖО-1-76-153,метрична книга|народження|шлюб|смерть
ДАЖО-1-77-59,метрична книга|народження|шлюб|смерть
ДАЖО-1-77-65,метрична книга|народження|шлюб|смерть
ДАЖО-1-77-67,метрична книга|народження|шлюб|смерть
ДАЖО-1-77-2026,метрична книга|народження|шлюб|смерть
ДАЖО-1-77-2030,метрична книга|народження
ДАЖО-1-77-123,метрична книга|народження|шлюб|смерть
ДАЖО-1-77-132,метрична книга|народження|шлюб|смерть
ДАЖО-1-77-140,метрична книга|народження|шлюб|смерть
ДАЖО-1-77-338,метрична книга|народження|шлюб|смерть
ДАЖО-1-77-356,метрична книга|народження|шлюб|смерть
ДАЖО-1-77-365,метрична книга|народження|шлюб|смерть
ДАЖО-1-77-376,метрична книга|народження|шлюб|смерть
ДАЖО-1-77-402,метрична книга|народження|шлюб|смерть
ДАЖО-1-77-412,метрична книга|народження|шлюб|смерть
ДАЖО-1-77-724,метрична книга|народження|шлюб|смерть
ДАЖО-1-77-742,метрична книга|народження|шлюб|смерть
ДАЖО-1-77-760,метрична книга|народження|шлюб|смерть
ДАЖО-1-77-779,метрична книга|народження|шлюб|смерть
ДАЖО-1-77-797,метрична книга|народження|шлюб|смерть
ДАЖО-1-77-815,метрична книга|народження|шлюб|смерть
ДАЖО-1-77-831,метрична книга|народження|шлюб|смерть
ДАЖО-1-77-847,метрична книга|народження|шлюб|смерть
ДАЖО-1-77-863,метрична книга|народження|шлюб|смерть
ДАЖО-1-77-880,метрична книга|народження|шлюб|смерть
ДАЖО-1-77-894,метрична книга|народження|шлюб|смерть
ДАЖО-1-77-912,метрична книга|народження|шлюб|смерть
ДАЖО-1-77-926Б,метрична книга|народження|шлюб|смерть
ДАЖО-1-77-938,метрична книга|народження|шлюб|смерть
ДАЖО-1-77-957,метрична книга|народження|шлюб|смерть
ДАЖО-1-77-995,метрична книга|народження|шлюб|смерть
ДАЖО-1-77-1014,метрична книга|народження|шлюб|смерть
ДАЖО-1-77-1036,метрична книга|народження|шлюб|смерть
ДАЖО-1-77-1070,метрична книга|народження|шлюб|смерть
ДАЖО-1-76-110,метрична книга|народження|шлюб|смерть
ДАЖО-1-76-4,метрична книга|народження|шлюб|смерть
ДАЖО-1-76-5,метрична книга|народження|шлюб|смерть
ДАЖО-1-87-3,метрична книга|народження|шлюб|смерть
ДАЖО-1-76-66,метрична книга|народження|шлюб|смерть
ДАЖО-1-76-71,метрична книга|народження|шлюб|смерть
ДАЖО-1-76-79,метрична книга|народження|шлюб|смерть
ДАЖО-1-76-80,метрична книга|народження|шлюб|смерть
ДАЖО-1-76-92,метрична книга|народження|шлюб|смерть
ДАЖО-1-76-557,метрична книга|народження|шлюб|смерть
ДАЖО-1-76-102,метрична книга|народження|шлюб|смерть
ДАЖО-1-76-105,метрична книга|народження|шлюб|смерть
ДАЖО-1-74-309,метрична книга|народження|шлюб|смерть
ДАЖО-1-76-112,метрична книга|народження|шлюб|смерть
ДАЖО-1-76-115,метрична книга|народження|шлюб|смерть
ДАЖО-1-76-121,метрична книга|народження|шлюб|смерть
ДАЖО-1-76-124,метрична книга|народження|шлюб|смерть
ДАЖО-1-76-125,метрична книга|народження|шлюб|смерть
ДАЖО-1-76-128,метрична книга|народження|шлюб|смерть
ДАЖО-1-76-132,метрична книга|народження|шлюб|смерть
ДАЖО-1-76-560,метрична книга|народження|шлюб|смерть
ДАЖО-1-76-141,метрична книга|народження|шлюб|смерть
ДАЖО-1-76-142,метрична книга|народження|шлюб|смерть
ДАЖО-1-76-144,метрична книга|народження|шлюб|смерть
ДАЖО-1-76-145,метрична книга|народження|шлюб|смерть
ДАЖО-1-76-149,метрична книга|народження|шлюб|смерть
ДАЖО-1-76-155,метрична книга|народження|шлюб|смерть
ДАЖО-1-76-156,метрична книга|народження|шлюб|смерть
ДАЖО-1-77-91,метрична книга|народження|шлюб|смерть
ДАЖО-1-77-60,метрична книга|народження|шлюб|смерть
ДАЖО-1-77-63,метрична книга|народження|шлюб|смерть
ДАЖО-1-77-95,метрична книга|народження|шлюб|смерть
ДАЖО-1-77-72,метрична книга|народження|шлюб|смерть
ДАЖО-1-77-78,метрична книга|народження|шлюб|смерть
ДАЖО-1-77-87,метрична книга|народження|шлюб|смерть
ДАЖО-1-77-99,метрична книга|народження|шлюб|смерть
ДАЖО-1-77-103,метрична книга|народження|шлюб|смерть
ДАЖО-1-77-107,метрична книга|народження|шлюб|смерть
ДАЖО-1-77-112,метрична книга|народження|шлюб|смерть
ДАЖО-1-77-118,метрична книга|народження|шлюб|смерть
ДАЖО-1-77-124,метрична книга|народження|шлюб|смерть
ДАЖО-1-77-133,метрична книга|народження|шлюб|смерть
ДАЖО-1-77-141,метрична книга|народження|шлюб|смерть
ДАЖО-1-77-150,метрична книга|народження|шлюб|смерть
ДАЖО-1-77-340,метрична книга|народження|шлюб|смерть
ДАЖО-1-77-349,метрична книга|народження|шлюб|смерть
ДАЖО-1-77-358,метрична книга|народження|шлюб|смерть
ДАЖО-1-77-367,метрична книга|народження|шлюб|смерть
ДАЖО-1-77-393,метрична книга|народження|шлюб|смерть
ДАЖО-1-77-403,метрична книга|народження|шлюб|смерть
ДАЖО-1-77-415,метрична книга|народження|шлюб|смерть
ДАЖО-1-77-728,метрична книга|народження|шлюб|смерть
ДАЖО-1-77-763,метрична книга|народження|шлюб|смерть
ДАЖО-1-77-782,метрична книга|народження|шлюб|смерть
ДАЖО-1-77-801,метрична книга|народження|шлюб|смерть
ДАЖО-1-77-819,метрична книга|народження|шлюб|смерть
ДАЖО-1-77-834,метрична книга|народження|шлюб|смерть
ДАЖО-1-77-850,метрична книга|народження|шлюб|смерть
ДАЖО-1-77-867,метрична книга|народження|шлюб|смерть
ДАЖО-1-77-882,метрична книга|шлюб|смерть
ДАЖО-1-77-916,метрична книга|народження|шлюб|смерть
ДАЖО-1-77-926Е,метрична книга|народження|шлюб|смерть
ДАЖО-1-77-943,метрична книга|народження|шлюб|смерть
ДАЖО-1-77-960,метрична книга|народження|шлюб|смерть
ДАЖО-1-77-980,метрична книга|народження|шлюб|смерть
ДАЖО-1-77-999,метрична книга|народження|шлюб|смерть
ДАЖО-1-77-1018,метрична книга|народження|шлюб|смерть
ДАЖО-1-77-1038,метрична книга|народження|шлюб|смерть
ДАЖО-1-77-1071,метрична книга|народження|шлюб|смерть
ДАЖО-1-77-1077,метрична книга|народження|шлюб|смерть
ДАЖО-1-77-2139,метрична книга|народження|шлюб|смерть
ДАЖО-1-77-2148,метрична книга|народження|шлюб|смерть
ДАЖО-1-76-151,метрична книга|народження|шлюб|смерть
ДАЖО-1-76-8,метрична книга|народження|шлюб|смерть
ДАЖО-1-76-559,метрична книга|народження|шлюб|смерть
ДАЖО-1-76-553,метрична книга|народження|шлюб|смерть
ДАЖО-1-76-45,метрична книга|народження|шлюб|смерть
ДАЖО-1-76-46,метрична книга|народження|шлюб|смерть
ДАЖО-1-76-48,метрична книга|народження|шлюб|смерть
ДАЖО-1-76-50,метрична книга|народження|шлюб|смерть
ДАЖО-1-76-69,метрична книга|народження|шлюб|смерть
ДАЖО-1-76-77,метрична книга|народження|шлюб|смерть
ДАЖО-1-76-86,метрична книга|народження|шлюб|смерть
ДАЖО-1-76-98,метрична книга|народження|шлюб|смерть
ДАЖО-1-76-101,метрична книга|народження|шлюб|смерть
ДАЖО-1-76-558,метрична книга|народження|шлюб|смерть
ДАЖО-1-76-107,метрична книга|народження|шлюб|смерть
ДАЖО-1-76-111,метрична книга|народження|шлюб|смерть
ДАЖО-1-76-114,метрична книга|народження|шлюб|смерть
ДАЖО-1-76-117,метрична книга|народження|шлюб|смерть
ДАЖО-1-76-120,метрична книга|народження|шлюб|смерть
ДАЖО-1-76-123,метрична книга|народження|шлюб|смерть
ДАЖО-1-76-129,метрична книга|народження|шлюб|смерть
ДАЖО-1-76-134,метрична книга|народження|шлюб|смерть
ДАЖО-1-76-135,метрична книга|народження|шлюб|смерть
ДАЖО-1-76-137,метрична книга|народження|шлюб|смерть
ДАЖО-1-76-561,метрична книга|народження|шлюб|смерть
ДАЖО-1-76-571,метрична книга|народження|шлюб|смерть
ДАЖО-1-76-563,метрична книга|народження|шлюб|смерть
ДАЖО-1-76-147,метрична книга|народження|шлюб|смерть
ДАЖО-1-76-154,метрична книга|народження|шлюб|смерть
ДАЖО-1-76-159,метрична книга|народження|шлюб|смерть
ДАЖО-1-77-56,метрична книга|народження|шлюб|смерть
ДАЖО-1-77-57,метрична книга|народження|шлюб|смерть
ДАЖО-1-77-93,метрична книга|народження|шлюб|смерть
ДАЖО-1-77-97,метрична книга|народження|шлюб|смерть
ДАЖО-1-77-70,метрична книга|народження|шлюб|смерть
ДАЖО-1-77-79,метрична книга|народження|шлюб|смерть
ДАЖО-1-77-83,метрична книга|народження|шлюб|смерть
ДАЖО-1-77-101,метрична книга|народження|шлюб|смерть
ДАЖО-1-77-105,метрична книга|народження|шлюб|смерть
ДАЖО-1-77-110,метрична книга|народження|шлюб|смерть
ДАЖО-1-77-121,метрична книга|народження|шлюб|смерть
ДАЖО-1-77-128,метрична книга|народження|шлюб|смерть
ДАЖО-1-77-137,метрична книга|народження|шлюб|смерть
ДАЖО-1-77-145,метрична книга|народження|шлюб|смерть
ДАЖО-1-77-153,метрична книга|народження|шлюб|смерть
ДАЖО-1-77-335,метрична книга|народження|шлюб|смерть
ДАЖО-1-77-344,метрична книга|народження|шлюб|смерть
ДАЖО-1-77-353,метрична книга|народження|шлюб|смерть
ДАЖО-1-77-362,метрична книга|народження|шлюб|смерть
ДАЖО-1-77-382,метрична книга|народження|шлюб|смерть
ДАЖО-1-77-397,метрична книга|народження|шлюб|смерть
ДАЖО-1-77-407,метрична книга|народження|шлюб|смерть
ДАЖО-1-77-423,метрична книга|народження|шлюб|смерть
ДАЖО-1-77-735,метрична книга|народження|шлюб|смерть
ДАЖО-1-77-754,метрична книга|народження|шлюб|смерть
ДАЖО-1-77-772,метрична книга|народження|шлюб|смерть
ДАЖО-1-77-790,метрична книга|народження|шлюб|смерть
ДАЖО-1-77-808,метрична книга|народження|шлюб|смерть
ДАЖО-1-77-826,метрична книга|народження|шлюб|смерть
ДАЖО-1-77-840,метрична книга|народження|шлюб|смерть
ДАЖО-1-77-856,метрична книга|народження|шлюб|смерть
ДАЖО-1-77-874,метрична книга|народження|шлюб|смерть
ДАЖО-1-77-888,метрична книга|народження|шлюб|смерть
ДАЖО-1-77-904,метрична книга|народження|шлюб|смерть
ДАЖО-1-77-921,метрична книга|народження|шлюб|смерть
ДАЖО-1-77-933,метрична книга|народження|шлюб|смерть
ДАЖО-1-77-949,метрична книга|народження|шлюб|смерть
ДАЖО-1-77-968,метрична книга|народження|шлюб|смерть
ДАЖО-1-77-988,метрична книга|народження|шлюб|смерть
ДАЖО-1-77-1008,метрична книга|народження|шлюб|смерть
ДАЖО-1-77-1026,метрична книга|народження|шлюб|смерть
ДАЖО-1-77-1047,метрична книга|народження|шлюб|смерть
ДАЖО-1-77-1067,метрична книга|народження|шлюб|смерть
ДАЖО-1-76-89,метрична книга|народження|шлюб|смерть
ДАЖО-1-76-84,метрична книга|народження|шлюб|смерть
ДАЖО-1-76-122,метрична книга|шлюб|смерть
ДАЖО-1-76-148,метрична книга|шлюб|смерть
ДАЖО-1-76-329,метрична книга|шлюб|смерть
ДАЖО-1-76-338,метрична книга|народження|шлюб|смерть
ДАЖО-1-76-347,метрична книга|народження|шлюб|смерть
ДАЖО-1-76-356,метрична книга|народження|шлюб|смерть
ДАЖО-1-76-365,метрична книга|народження|шлюб|смерть
ДАЖО-1-76-376,метрична книга|народження|шлюб|смерть
ДАЖО-1-76-384,метрична книга|шлюб|смерть
ДАЖО-1-76-391,метрична книга|шлюб|смерть
ДАЖО-1-76-401,метрична книга|шлюб|смерть
ДАЖО-1-76-63,метрична книга|народження|шлюб|смерть
ДАЖО-1-76-81,метрична книга|народження|шлюб|смерть
ДАЖО-1-76-88,метрична книга|народження|шлюб|смерть
ДАЖО-1-77-347,метрична книга|народження|шлюб|смерть
ДАЖО-1-77-401,метрична книга|народження|шлюб|смерть
ДАЖО-1-77-411,метрична книга|народження|шлюб|смерть
ДАЖО-1-77-723,метрична книга|народження|шлюб|смерть
ДАЖО-1-77-741,метрична книга|народження|шлюб|смерть
ДАЖО-1-77-759,метрична книга|народження|шлюб|смерть
ДАЖО-1-77-778,метрична книга|народження|шлюб|смерть
ДАЖО-1-77-796,метрична книга|народження|шлюб|смерть
ДАЖО-1-77-814,метрична книга|народження|шлюб|смерть
ДАЖО-1-77-926А,метрична книга|народження|шлюб|смерть
ДАЖО-1-77-975,метрична книга|народження|шлюб|смерть
ДАЖО-1-77-994,метрична книга|народження|шлюб|смерть
ДАЖО-1-77-1013,метрична книга|народження|шлюб|смерть
ДАЖО-1-77-1035,метрична книга|народження|шлюб|смерть
ДАЖО-1-77-1054,метрична книга|народження|шлюб|смерть
ДАЖО-1-77-2137,метрична книга|народження|шлюб|смерть
ДАЖО-1-77-956,метрична книга|народження|шлюб|смерть
ДАЖО-1-77-1034,метрична книга|народження|шлюб|смерть
ДАЖО-1-77-974,метрична книга|народження|шлюб|смерть
ДАЖО-1-77-330,метрична книга|народження|шлюб|смерть
ДАЖО-1-77-385,метрична книга|народження|шлюб|смерть
ДАЖО-1-77-392,метрична книга|народження|шлюб|смерть
ДАЖО-1-76-330,метрична книга|народження|шлюб|смерть
ДАЖО-1-76-375,метрична книга|народження|шлюб|смерть
ДАЖО-1-76-385,метрична книга|народження|шлюб|смерть
ДАЖО-1-76-392,метрична книга|народження|шлюб|смерть
ДАЖО-1-76-402,метрична книга|народження|шлюб|смерть
ДАЖО-1-76-412,метрична книга|народження|шлюб|смерть
ДАЖО-1-77-780,метрична книга|народження|шлюб|смерть
ДАЖО-1-77-798,метрична книга|народження|шлюб|смерть
ДАЖО-1-77-1037,метрична книга|народження|шлюб|смерть
ДАЖО-1-77-90,метрична книга|народження|шлюб|смерть
ДАЖО-1-77-895,метрична книга|народження|шлюб|смерть
ДАЖО-1-77-939,метрична книга|народження|шлюб|смерть
ДАЖО-1-77-1055,метрична книга|народження|шлюб|смерть
ДАЖО-1-77-905,метрична книга|народження|шлюб|смерть
ДАЖО-1-77-913,метрична книга|народження|шлюб|смерть
ДАЖО-1-77-2045,метрична книга|народження|шлюб|смерть
ДАЖО-1-77-864,метрична книга|народження|шлюб|смерть
ДАЖО-1-77-958,метрична книга|народження|шлюб|смерть
ДАЖО-1-77-977,метрична книга|народження|шлюб|смерть
ДАЖО-1-77-996,метрична книга|народження|шлюб|смерть
ДАЖО-1-77-2146,метрична книга|народження|шлюб|смерть
ДАЖО-1-77-117,метрична книга|народження|шлюб|смерть
ДАЖО-1-77-339,метрична книга|народження|шлюб|смерть
ДАЖО-1-77-413,метрична книга|народження|шлюб|смерть
ДАЖО-1-77-725,метрична книга|народження|шлюб|смерть
ДАЖО-1-77-743,метрична книга|народження|шлюб|смерть
ДАЖО-1-77-761,метрична книга|народження|шлюб|смерть
ДАЖО-1-77-816,метрична книга|народження|шлюб|смерть
ДАЖО-1-77-832,метрична книга|народження|шлюб|смерть
ДАЖО-1-77-848,метрична книга|народження|шлюб|смерть
ДАЖО-1-77-926В,метрична книга|народження|шлюб|смерть
ДАЖО-1-77-997,метрична книга|народження|шлюб|смерть
ДАЖО-1-77-1016,метрична книга|народження|шлюб|смерть
ДАЖО-1-77-1076,метрична книга|народження|шлюб|смерть
ДАЖО-1-77-2138,метрична книга|народження|шлюб|смерть
ДАЖО-1-76-413,метрична книга|народження|шлюб|смерть
ДАЖО-1-77-926Г,метрична книга|народження|шлюб|смерть
ДАЖО-1-77-1017,метрична книга|народження|шлюб|смерть
ДАЖО-1-77-1056,метрична книга|народження|шлюб|смерть
ДАЖО-1-77-94,метрична книга|народження|шлюб|смерть
ДАЖО-1-77-74,метрична книга|народження|шлюб|смерть
ДАЖО-1-76-140,метрична книга|народження|шлюб|смерть
ДАЖО-1-76-428,метрична книга|шлюб|смерть
ДАЖО-1-76-339,метрична книга|шлюб|смерть
ДАЖО-1-76-348,метрична книга|шлюб|смерть
ДАЖО-1-76-357,метрична книга|шлюб|смерть
ДАЖО-1-76-377,метрична книга|шлюб|смерть
ДАЖО-1-77-1747,метрична книга|народження
ДАЖО-1-77-1801,метрична книга|шлюб
ДАЖО-1-77-1779,метрична книга|смерть
ДАЖО-1-77-1746,метрична книга|народження
ДАЖО-1-77-717,метрична книга|народження|шлюб|смерть
ДАЖО-1-77-706,метрична книга|народження|шлюб
ДАЖО-1-77-707,метрична книга|народження|шлюб
ДАЖО-1-77-1748,метрична книга|народження|шлюб
ДАЖО-1-77-1749,метрична книга|народження|шлюб
ДАЖО-1-77-1750,метрична книга|народження|шлюб
ДАЖО-1-77-1751,метрична книга|народження|шлюб
ДАЖО-1-77-715,метрична книга|шлюб|смерть
ДАЖО-1-77-716,метрична книга|смерть
ДАЖО-1-77-1780,метрична книга|смерть
ДАЖО-1-77-1768,метрична книга|народження
ДАЖО-1-77-1754,метрична книга|народження
ДАЖО-1-77-1792,метрична книга|шлюб
ДАЖО-1-77-1781,метрична книга|народження|шлюб|смерть
ДАЖО-1-77-708,метрична книга|народження|шлюб
ДАЖО-1-77-1752,метрична книга|народження|шлюб
ДАЖО-1-77-1753,метрична книга|народження|шлюб
ДАЖО-1-77-1753А,метрична книга|народження
ДАЖО-1-77-1799,метрична книга|шлюб|смерть
ДАЖО-1-77-1782,метрична книга|смерть
ДАЖО-1-77-1785,метрична книга|шлюб
ДАЖО-1-77-1795,метрична книга|смерть
ДАЖО-1-77-1784,метрична книга|смерть
ДАЖО-1-77-720А,метрична книга|народження|шлюб|смерть
ДАЖО-1-77-705,метрична книга|народження
ДАЖО-1-77-1761,метрична книга|народження
ДАЖО-1-77-1762,метрична книга|народження
ДАЖО-1-77-1763,метрична книга|народження
ДАЖО-1-77-714,метрична книга|шлюб
ДАЖО-1-77-1794,метрична книга|шлюб
ДАЖО-1-77-720,метрична книга|смерть
ДАЖО-1-77-1786,метрична книга|смерть
ДАЖО-1-77-1764,метрична книга|народження
ДАЖО-1-77-1765,метрична книга|народження
ДАЖО-1-77-1766,метрична книга|народження
ДАЖО-1-77-1797,метрична книга|шлюб|смерть
ДАЖО-1-77-1787,метрична книга|смерть
ДАЖО-1-77-1767,метрична книга|народження
ДАЖО-1-77-1788,метрична книга|шлюб
ДАЖО-1-77-1798,метрична книга|смерть
ДАЖО-1-77-711,метрична книга|народження
ДАЖО-1-77-1745,метрична книга|народження
ДАЖО-1-77-1744,метрична книга|народження
ДАЖО-1-77-1790,метрична книга|шлюб
ДАЖО-1-77-719,метрична книга|смерть
ДАЖО-1-77-1776,метрична книга|смерть
ДАЖО-1-77-1777,метрична книга|смерть
ДАЖО-1-77-1778,метрична книга|смерть
ДАЖО-1-77-1769,метрична книга|народження
ДАЖО-1-77-712,метрична книга|народження|шлюб|смерть
ДАЖО-1-77-1770,метрична книга|народження
ДАЖО-1-77-1789,метрична книга|шлюб
ДАЖО-1-77-1800,метрична книга|смерть
ДАЖО-1-77-771,метрична книга|народження|шлюб|смерть
ДАЖО-1-77-1772,метрична книга|народження
ДАЖО-1-77-709,метрична книга|народження|шлюб|смерть
ДАЖО-1-77-710,метрична книга|народження|шлюб|смерть
ДАЖО-1-77-1773,метрична книга|народження|шлюб|смерть
ДАЖО-1-77-1774,метрична книга|народження|шлюб
ДАЖО-1-77-1775,метрична книга|народження|шлюб
ДАЖО-1-77-718,метрична книга|смерть
ДАЖО-1-77-1755,метрична книга|народження
ДАЖО-1-77-1783,метрична книга|смерть
ДАЖО-1-76-100,метрична книга|народження|шлюб|смерть
ДАЖО-1-76-160,метрична книга|народження|шлюб|смерть
ДАЖО-1-77-149,метрична книга|народження|шлюб|смерть
ДАЖО-1-77-331,метрична книга|народження|шлюб|смерть
ДАЖО-1-77-348,метрична книга|народження|шлюб|смерть
ДАЖО-1-77-357,метрична книга|народження|шлюб|смерть
ДАЖО-1-77-366,метрична книга|народження|шлюб|смерть
ДАЖО-1-77-377,метрична книга|народження|шлюб|смерть
ДАЖО-1-77-386,метрична книга|народження|шлюб|смерть
ДАЖО-1-77-414,метрична книга|народження|шлюб|смерть
ДАЖО-1-77-726,метрична книга|народження|шлюб|смерть
ДАЖО-1-77-762,метрична книга|народження|шлюб|смерть
ДАЖО-1-77-781,метрична книга|народження|шлюб|смерть
ДАЖО-1-77-799,метрична книга|народження|шлюб|смерть
ДАЖО-1-77-817,метрична книга|народження|шлюб|смерть
ДАЖО-1-77-833,метрична книга|народження|шлюб|смерть
ДАЖО-1-77-849,метрична книга|народження|шлюб|смерть
ДАЖО-1-77-865,метрична книга|народження|шлюб|смерть
ДАЖО-1-77-881,метрична книга|народження|шлюб|смерть
ДАЖО-1-77-896,метрична книга|народження|шлюб|смерть
ДАЖО-1-77-914,метрична книга|народження|шлюб|смерть
ДАЖО-1-77-959,метрична книга|народження|шлюб|смерть
ДАЖО-1-77-978,метрична книга|народження|шлюб|смерть
ДАЖО-1-77-2147,метрична книга|народження|шлюб|смерть
ДАЖО-1-77-745,метрична книга|народження|шлюб|смерть
ДАЖО-1-77-941,метрична книга|народження|шлюб|смерть
ДАЖО-1-76-555,метрична книга|народження|шлюб|смерть
ДАЖО-1-77-2042,метрична книга|народження
ДАЖО-1-77-744,метрична книга|народження|шлюб|смерть
ДАЖО-1-76-36,метрична книга|народження|шлюб|смерть
ДАЖО-1-76-38,метрична книга|народження|шлюб|смерть
ДАЖО-1-77-369,метрична книга|народження|шлюб|смерть
ДАЖО-1-77-378,метрична книга|народження|шлюб|смерть
ДАЖО-1-77-866,метрична книга|народження|шлюб|смерть
ДАЖО-1-77-915,метрична книга|народження|шлюб|смерть
ДАЖО-1-77-942,метрична книга|народження|шлюб|смерть
ДАЖО-1-77-961,метрична книга|народження|шлюб|смерть
ДАЖО-1-77-1000,метрична книга|народження|шлюб|смерть
ДАЖО-1-77-1020,метрична книга|народження|шлюб|смерть
ДАЖО-1-77-1040,метрична книга|народження|шлюб|смерть
ДАЖО-1-77-1059,метрична книга|народження|шлюб|смерть
ДАЖО-1-77-2036,метрична книга|народження
ДАЖО-1-77-2039,метрична книга|народження
ДАЖО-1-77-2046,метрична книга|народження|шлюб|смерть
ДАЖО-1-77-727,метрична книга|народження|шлюб|смерть
ДАЖО-1-77-764,метрична книга|народження|шлюб|смерть
ДАЖО-1-77-783,метрична книга|народження|шлюб|смерть
ДАЖО-1-77-800,метрична книга|народження|шлюб|смерть
ДАЖО-1-77-818,метрична книга|народження|шлюб|смерть
ДАЖО-1-77-926Д,метрична книга|народження|шлюб|смерть
ДАЖО-1-77-1001,метрична книга|народження|шлюб|смерть
ДАЖО-1-77-1058,метрична книга|народження|шлюб|смерть
ДАЖО-1-76-378,метрична книга|народження|шлюб|смерть
ДАЖО-1-76-386,метрична книга|народження|шлюб|смерть
ДАЖО-1-76-393,метрична книга|народження|шлюб|смерть
ДАЖО-1-76-403,метрична книга|народження|шлюб|смерть
ДАЖО-1-76-416,метрична книга|народження|шлюб
ДАЖО-1-77-1019,метрична книга|народження|шлюб|смерть
ДАЖО-1-77-981,метрична книга|народження|шлюб|смерть
ДАЖО-1-77-1039,метрична книга|народження|шлюб|смерть
ДАЖО-1-77-416,метрична книга|народження|шлюб|смерть
ДАЖО-1-77-835,метрична книга|народження|шлюб|смерть
ДАЖО-1-77-1021,метрична книга|народження|шлюб|смерть
ДАЖО-1-76-52,метрична книга|народження|шлюб|смерть
ДАЖО-1-77-2140,метрична книга|народження|шлюб|смерть
ДАЖО-1-77-883,метрична книга|народження|шлюб|смерть
ДАЖО-1-77-898,метрична книга|народження|шлюб|смерть
ДАЖО-1-77-368,метрична книга|народження|шлюб|смерть
ДАЖО-1-77-851,метрична книга|народження|шлюб|смерть
ДАЖО-1-77-868,метрична книга|народження|шлюб|смерть
ДАЖО-1-77-1072,метрична книга|народження|шлюб|смерть
ДАЖО-1-76-53,метрична книга|народження|шлюб|смерть
ДАЖО-1-76-96,метрична книга|народження|шлюб|смерть
ДАЖО-1-76-108,метрична книга|народження|шлюб|смерть
ДАЖО-1-77-62,метрична книга|народження|шлюб|смерть
ДАЖО-1-77-69,метрична книга|народження|шлюб|смерть
ДАЖО-1-77-81,метрична книга|народження|шлюб|смерть
ДАЖО-1-77-85,метрична книга|народження|шлюб|смерть
ДАЖО-1-77-100,метрична книга|народження|шлюб|смерть
ДАЖО-1-77-108,метрична книга|народження|шлюб|смерть
ДАЖО-1-77-113,метрична книга|народження|шлюб|смерть
ДАЖО-1-77-125,метрична книга|народження|шлюб|смерть
ДАЖО-1-77-134,метрична книга|народження|шлюб|смерть
ДАЖО-1-77-142,метрична книга|народження|шлюб|смерть
ДАЖО-1-77-332,метрична книга|народження|шлюб|смерть
ДАЖО-1-77-341,метрична книга|народження|шлюб|смерть
ДАЖО-1-77-350,метрична книга|народження|шлюб|смерть
ДАЖО-1-77-359,метрична книга|народження|шлюб|смерть
ДАЖО-1-77-379,метрична книга|народження|шлюб|смерть
ДАЖО-1-77-387,метрична книга|народження|шлюб|смерть
ДАЖО-1-77-394,метрична книга|народження|шлюб|смерть
ДАЖО-1-77-404,метрична книга|народження|шлюб|смерть
ДАЖО-1-77-417,метрична книга|народження|шлюб|смерть
ДАЖО-1-77-747,метрична книга|народження|шлюб|смерть
ДАЖО-1-77-765,метрична книга|народження|шлюб|смерть
ДАЖО-1-77-784,метрична книга|народження|шлюб|смерть
ДАЖО-1-77-802,метрична книга|народження|шлюб|смерть
ДАЖО-1-77-917,метрична книга|народження|шлюб|смерть
ДАЖО-1-77-927,метрична книга|народження|шлюб|смерть
ДАЖО-1-77-1002,метрична книга|народження|шлюб|смерть
ДАЖО-1-77-1022,метрична книга|народження|шлюб|смерть
ДАЖО-1-77-2149,метрична книга|народження|шлюб|смерть
ДАЖО-1-76-78,метрична книга|народження|шлюб|смерть
ДАЖО-1-77-370,метрична книга|народження|шлюб|смерть
ДАЖО-1-77-835А,метрична книга|народження|шлюб|смерть
ДАЖО-1-77-944,метрична книга|народження|шлюб|смерть
ДАЖО-1-76-43,метрична книга|народження|шлюб|смерть
ДАЖО-1-76-72,метрична книга|народження|шлюб|смерть
ДАЖО-1-77-851А,метрична книга|народження|шлюб|смерть
ДАЖО-1-77-869,метрична книга|народження|шлюб|смерть
ДАЖО-1-77-884,метрична книга|народження|шлюб|смерть
ДАЖО-1-77-1042,метрична книга|народження|шлюб|смерть
ДАЖО-1-77-1061,метрична книга|народження|шлюб|смерть
ДАЖО-1-77-1060,метрична книга|народження|шлюб|смерть
ДАЖО-1-77-963,метрична книга|народження|шлюб|смерть
ДАЖО-1-77-2141,метрична книга|народження|шлюб|смерть
ДАЖО-1-76-87,метрична книга|народження|шлюб|смерть
ДАЖО-1-76-97,метрична книга|народження|шлюб|смерть
ДАЖО-1-76-70,метрична книга|народження|шлюб|смерть
ДАЖО-1-76-75,метрична книга|народження|шлюб|смерть
ДАЖО-1-76-335,метрична книга|народження|шлюб|смерть
ДАЖО-1-76-344,метрична книга|народження|шлюб|смерть
ДАЖО-1-76-353,метрична книга|народження|шлюб|смерть
ДАЖО-1-76-359,метрична книга|народження|шлюб|смерть
ДАЖО-1-76-373,метрична книга|народження|шлюб|смерть
ДАЖО-1-76-382,метрична книга|народження|шлюб|смерть
ДАЖО-1-76-387,метрична книга|народження|шлюб|смерть
ДАЖО-1-76-397,метрична книга|народження|шлюб|смерть
ДАЖО-1-76-404,метрична книга|народження|шлюб|смерть
ДАЖО-1-76-423,метрична книга|народження|шлюб|смерть
ДАЖО-1-76-237,метрична книга|народження|шлюб|смерть
ДАЖО-1-76-556,метрична книга|народження|шлюб|смерть
ДАЖО-1-76-157,метрична книга|народження|шлюб|смерть
ДАЖО-1-77-96,метрична книга|народження|шлюб|смерть
ДАЖО-1-77-104,метрична книга|народження|шлюб|смерть
ДАЖО-1-77-119,метрична книга|народження|шлюб|смерть
ДАЖО-1-77-151,метрична книга|народження|шлюб|смерть
ДАЖО-1-77-418,метрична книга|народження|шлюб|смерть
ДАЖО-1-77-730,метрична книга|народження|шлюб|смерть
ДАЖО-1-77-748,метрична книга|народження|шлюб|смерть
ДАЖО-1-77-766,метрична книга|народження|шлюб|смерть
ДАЖО-1-77-785,метрична книга|народження|шлюб|смерть
ДАЖО-1-77-803,метрична книга|народження|шлюб|смерть
ДАЖО-1-77-821,метрична книга|народження|шлюб|смерть
ДАЖО-1-77-900,метрична книга|народження|шлюб|смерть
ДАЖО-1-77-1023,метрична книга|народження|шлюб|смерть
ДАЖО-1-77-859,метрична книга|народження|шлюб|смерть
ДАЖО-1-77-945,метрична книга|народження|шлюб|смерть
ДАЖО-1-77-964,метрична книга|народження|шлюб|смерть
ДАЖО-1-77-983,метрична книга|народження|шлюб|смерть
ДАЖО-1-77-1003,метрична книга|народження|шлюб|смерть
ДАЖО-1-77-3,метрична книга|народження|шлюб|смерть
ДАЖО-1-77-836,метрична книга|народження|шлюб|смерть
ДАЖО-1-77-852,метрична книга|народження|шлюб|смерть
ДАЖО-1-77-1043,метрична книга|народження|шлюб|смерть
ДАЖО-1-77-870,метрична книга|народження|шлюб|смерть
ДАЖО-1-77-1004,метрична книга|народження|шлюб|смерть
ДАЖО-1-77-1024,метрична книга|народження|шлюб|смерть
ДАЖО-1-77-1062,метрична книга|народження|шлюб|смерть
ДАЖО-1-77-58,метрична книга|народження|шлюб|смерть
ДАЖО-1-77-143,метрична книга|народження|шлюб|смерть
ДАЖО-1-77-342,метрична книга|народження|шлюб|смерть
ДАЖО-1-77-395,метрична книга|народження|шлюб|смерть
ДАЖО-1-77-405,метрична книга|народження|шлюб|смерть
ДАЖО-1-77-767,метрична книга|народження|шлюб|смерть
ДАЖО-1-77-901,метрична книга|народження|шлюб|смерть
ДАЖО-1-77-918,метрична книга|народження|шлюб|смерть
ДАЖО-1-77-928,метрична книга|народження|шлюб|смерть
ДАЖО-1-77-1078,метрична книга|народження|шлюб|смерть
ДАЖО-1-77-55,метрична книга|народження|шлюб|смерть
ДАЖО-1-77-126,метрична книга|народження|шлюб|смерть
ДАЖО-1-77-135,метрична книга|народження|шлюб|смерть
ДАЖО-1-77-351,метрична книга|народження|шлюб|смерть
ДАЖО-1-77-380,метрична книга|народження|шлюб|смерть
ДАЖО-1-77-419,метрична книга|народження|шлюб|смерть
ДАЖО-1-77-731,метрична книга|народження|шлюб|смерть
ДАЖО-1-77-749,метрична книга|народження|шлюб|смерть
ДАЖО-1-77-768,метрична книга|народження|шлюб|смерть
ДАЖО-1-77-786,метрична книга|народження|шлюб|смерть
ДАЖО-1-77-804,метрична книга|народження|шлюб|смерть
ДАЖО-1-77-822,метрична книга|народження|шлюб|смерть
ДАЖО-1-77-984,метрична книга|народження|шлюб|смерть
ДАЖО-1-77-837,метрична книга|народження|шлюб|смерть
ДАЖО-1-77-853,метрична книга|народження|шлюб|смерть
ДАЖО-1-77-885,метрична книга|народження|шлюб|смерть
ДАЖО-1-77-371,метрична книга|народження|шлюб|смерть
ДАЖО-1-77-902,метрична книга|народження|шлюб|смерть
ДАЖО-1-77-929,метрична книга|народження|шлюб|смерть
ДАЖО-1-77-1044,метрична книга|народження|шлюб|смерть
ДАЖО-1-77-1063,метрична книга|народження|шлюб|смерть
ДАЖО-1-77-360,метрична книга|народження|шлюб|смерть
ДАЖО-1-77-871,метрична книга|народження|шлюб|смерть
ДАЖО-1-76-73,метрична книга|народження|шлюб|смерть
ДАЖО-1-77-109,метрична книга|народження|шлюб|смерть
ДАЖО-1-77-946,метрична книга|народження|шлюб|смерть
ДАЖО-1-77-965,метрична книга|народження|шлюб|смерть
ДАЖО-1-77-1005,метрична книга|народження|шлюб|смерть
ДАЖО-1-77-1025,метрична книга|народження|шлюб|смерть
ДАЖО-1-77-985,метрична книга|народження|шлюб|смерть
ДАЖО-1-76-90,метрична книга|народження|шлюб|смерть
ДАЖО-1-76-138,метрична книга|народження|шлюб|смерть
ДАЖО-1-77-73,метрична книга|народження|шлюб|смерть
ДАЖО-1-77-80,метрична книга|народження|шлюб|смерть
ДАЖО-1-77-86,метрична книга|народження|шлюб|смерть
ДАЖО-1-77-127,метрична книга|народження|шлюб|смерть
ДАЖО-1-77-136,метрична книга|народження|шлюб|смерть
ДАЖО-1-77-406,метрична книга|народження|шлюб|смерть
ДАЖО-1-77-420,метрична книга|народження|шлюб|смерть
ДАЖО-1-77-732,метрична книга|народження|шлюб|смерть
ДАЖО-1-77-750,метрична книга|народження|шлюб|смерть
ДАЖО-1-77-769,метрична книга|народження|шлюб|смерть
ДАЖО-1-77-787,метрична книга|народження|шлюб|смерть
ДАЖО-1-77-805,метрична книга|народження|шлюб|смерть
ДАЖО-1-77-823,метрична книга|народження|шлюб|смерть
ДАЖО-1-77-838,метрична книга|народження|шлюб|смерть
ДАЖО-1-77-886,метрична книга|народження|шлюб|смерть
ДАЖО-1-77-903,метрична книга|народження|шлюб|смерть
ДАЖО-1-77-919,метрична книга|народження|шлюб|смерть
ДАЖО-1-77-930,метрична книга|народження|шлюб|смерть
ДАЖО-1-77-1073,метрична книга|народження|шлюб|смерть
ДАЖО-1-77-2142,метрична книга|народження|шлюб|смерть
ДАЖО-1-77-2150,метрична книга|народження|шлюб|смерть
ДАЖО-1-77-333,метрична книга|народження|шлюб|смерть
ДАЖО-1-77-388,метрична книга|народження|шлюб|смерть
ДАЖО-1-77-396,метрична книга|народження|шлюб|смерть
ДАЖО-1-77-92,метрична книга|народження|шлюб|смерть
ДАЖО-1-77-114,метрична книга|народження|шлюб|смерть
ДАЖО-1-77-120,метрична книга|народження|шлюб|смерть
ДАЖО-1-77-152,метрична книга|народження|шлюб|смерть
ДАЖО-1-77-343,метрична книга|народження|шлюб|смерть
ДАЖО-1-77-352,метрична книга|народження|шлюб|смерть
ДАЖО-1-77-361,метрична книга|народження|шлюб|смерть
ДАЖО-1-77-381,метрична книга|народження|шлюб|смерть
ДАЖО-1-77-421,метрична книга|народження|шлюб|смерть
ДАЖО-1-77-734,метрична книга|народження|шлюб|смерть
ДАЖО-1-77-751,метрична книга|народження|шлюб|смерть
ДАЖО-1-77-770,метрична книга|народження|шлюб|смерть
ДАЖО-1-77-789,метрична книга|народження|шлюб|смерть
ДАЖО-1-77-806,метрична книга|народження|шлюб|смерть
ДАЖО-1-77-824,метрична книга|народження|шлюб|смерть
ДАЖО-1-77-854,метрична книга|народження|шлюб|смерть
ДАЖО-1-77-873,метрична книга|народження|шлюб|смерть
ДАЖО-1-77-947,метрична книга|народження|шлюб|смерть
ДАЖО-1-77-966,метрична книга|народження|шлюб|смерть
ДАЖО-1-77-1006,метрична книга|народження|шлюб|смерть
ДАЖО-1-77-1045,метрична книга|народження|шлюб|смерть
ДАЖО-1-77-422,метрична книга|народження|шлюб|смерть
ДАЖО-1-77-733,метрична книга|народження|шлюб|смерть
ДАЖО-1-77-752,метрична книга|народження|шлюб|смерть
ДАЖО-1-77-788,метрична книга|народження|шлюб|смерть
ДАЖО-1-77-807,метрична книга|народження|шлюб|смерть
ДАЖО-1-77-825,метрична книга|народження|шлюб|смерть
ДАЖО-1-77-872,метрична книга|народження|шлюб|смерть
ДАЖО-1-77-372,метрична книга|народження|шлюб|смерть
ДАЖО-1-77-931,метрична книга|народження|шлюб|смерть
ДАЖО-1-77-986,метрична книга|народження|шлюб|смерть
ДАЖО-1-77-1064,метрична книга|народження|шлюб|смерть
ДАЖО-1-77-839,метрична книга|народження|шлюб|смерть
ДАЖО-1-76-229,метрична книга|народження|шлюб|смерть
ДАЖО-1-76-230,метрична книга|народження|шлюб|смерть
ДАЖО-1-76-232,метрична книга|народження|шлюб|смерть
ДАЖО-1-76-235,метрична книга|народження|шлюб|смерть
ДАЖО-1-77-2008,метрична книга|народження|шлюб|смерть
ДАЖО-1-77-2034,метрична книга|народження|шлюб|смерть
ДАЖО-1-77-855,метрична книга|народження|шлюб|смерть
ДАЖО-1-77-887,метрична книга|народження|шлюб|смерть
ДАЖО-1-77-948,метрична книга|народження|шлюб|смерть
ДАЖО-1-77-967,метрична книга|народження|шлюб|смерть
ДАЖО-1-77-1027,метрична книга|народження|шлюб|смерть
ДАЖО-1-77-1046,метрична книга|народження|шлюб|смерть
ДАЖО-1-77-334,метрична книга|народження|шлюб|смерть
ДАЖО-1-77-906,метрична книга|народження|шлюб|смерть
ДАЖО-1-77-920,метрична книга|народження|шлюб|смерть
ДАЖО-1-77-932,метрична книга|народження|шлюб|смерть
ДАЖО-1-77-987,метрична книга|народження|шлюб|смерть
ДАЖО-1-77-1007,метрична книга|народження|шлюб|смерть
ДАЖО-1-77-1065,метрична книга|народження|шлюб|смерть
ДАЖО-1-77-907,метрична книга|народження|шлюб|смерть
ДАЖО-1-77-373,метрична книга|народження|шлюб|смерть
ДАЖО-1-77-389,метрична книга|народження|шлюб|смерть
ДАЖО-1-77-2143,метрична книга|народження|шлюб|смерть
ДАЖО-1-77-2151,метрична книга|народження|шлюб|смерть
ДАЖО-1-76-99,метрична книга|народження|шлюб|смерть
ДАЖО-1-77-841,метрична книга|народження|шлюб|смерть
ДАЖО-1-77-857,метрична книга|народження|шлюб|смерть
ДАЖО-1-77-875,метрична книга|народження|шлюб|смерть
ДАЖО-1-77-889,метрична книга|народження|шлюб|смерть
ДАЖО-1-77-570,метрична книга|народження|шлюб|смерть
ДАЖО-1-77-28,метрична книга|народження|шлюб|смерть
ДАЖО-1-77-32,метрична книга|народження|шлюб|смерть
ДАЖО-1-77-424,метрична книга|народження|шлюб|смерть
ДАЖО-1-77-736,метрична книга|народження|шлюб|смерть
ДАЖО-1-77-753,метрична книга|народження|шлюб|смерть
ДАЖО-1-77-773,метрична книга|народження|шлюб|смерть
ДАЖО-1-77-791,метрична книга|народження|шлюб|смерть
ДАЖО-1-77-809,метрична книга|народження|шлюб|смерть
ДАЖО-1-77-950,метрична книга|народження|шлюб|смерть
ДАЖО-1-77-969,метрична книга|народження|шлюб|смерть
ДАЖО-1-77-989,метрична книга|народження|шлюб|смерть
ДАЖО-1-77-1009,метрична книга|народження|шлюб|смерть
ДАЖО-1-77-1028,метрична книга|народження|шлюб|смерть
ДАЖО-1-77-1048,метрична книга|народження|шлюб|смерть
ДАЖО-1-77-970,метрична книга|народження|шлюб|смерть
ДАЖО-1-77-922,метрична книга|народження|смерть
ДАЖО-1-77-1029,метрична книга|народження|шлюб|смерть
ДАЖО-1-77-1049,метрична книга|народження|шлюб|смерть
ДАЖО-1-76-362,метрична книга|народження|шлюб|смерть
ДАЖО-1-76-389,метрична книга|народження|шлюб|смерть
ДАЖО-1-76-407,метрична книга|народження|шлюб|смерть
ДАЖО-1-76-424,метрична книга|народження|шлюб|смерть
ДАЖО-1-77-1066,метрична книга|народження|шлюб|смерть
ДАЖО-1-77-129,метрична книга|народження|шлюб|смерть
ДАЖО-1-77-138,метрична книга|народження|шлюб|смерть
ДАЖО-1-77-146,метрична книга|народження|шлюб|смерть
ДАЖО-1-77-374,метрична книга|народження|шлюб|смерть
ДАЖО-1-77-827,метрична книга|народження|шлюб|смерть
ДАЖО-1-77-858,метрична книга|народження|шлюб|смерть
ДАЖО-1-77-876,метрична книга|народження|шлюб|смерть
ДАЖО-1-77-890,метрична книга|народження|шлюб|смерть
ДАЖО-1-77-908,метрична книга|народження|шлюб|смерть
ДАЖО-1-77-923,метрична книга|народження|шлюб|смерть
ДАЖО-1-77-934,метрична книга|народження|шлюб|смерть
ДАЖО-1-77-951,метрична книга|народження|шлюб|смерть
ДАЖО-1-77-990,метрична книга|народження|шлюб|смерть
ДАЖО-1-77-1010,метрична книга|народження|шлюб|смерть
ДАЖО-1-77-1074,метрична книга|народження|шлюб|смерть
ДАЖО-1-77-1079,метрична книга|народження|шлюб|смерть
ДАЖО-1-77-71,метрична книга|народження|шлюб|смерть
ДАЖО-1-77-336,метрична книга|народження|шлюб|смерть
ДАЖО-1-77-345,метрична книга|народження|шлюб|смерть
ДАЖО-1-77-354,метрична книга|народження|шлюб|смерть
ДАЖО-1-77-425,метрична книга|народження|шлюб|смерть
ДАЖО-1-77-755,метрична книга|народження|шлюб|смерть
ДАЖО-1-77-774,метрична книга|народження|шлюб|смерть
ДАЖО-1-77-1050,метрична книга|народження|шлюб|смерть
ДАЖО-1-76-51,метрична книга|народження|шлюб|смерть
ДАЖО-1-77-792,метрична книга|народження|шлюб|смерть
ДАЖО-1-77-810,метрична книга|народження|шлюб|смерть
ДАЖО-1-77-842,метрична книга|народження|шлюб|смерть
ДАЖО-1-77-877,метрична книга|народження|шлюб|смерть
ДАЖО-1-77-971,метрична книга|народження|шлюб|смерть
ДАЖО-1-77-1030,метрична книга|народження|шлюб|смерть
ДАЖО-1-77-154,метрична книга|народження|шлюб|смерть
ДАЖО-1-77-383,метрична книга|народження|шлюб|смерть
ДАЖО-1-77-390,метрична книга|народження|шлюб|смерть
ДАЖО-1-77-408,метрична книга|народження|шлюб|смерть
ДАЖО-1-77-363,метрична книга|народження|шлюб|смерть
ДАЖО-1-77-398,метрична книга|народження|шлюб|смерть
ДАЖО-1-77-909,метрична книга|народження|шлюб|смерть
ДАЖО-1-77-1068,метрична книга|народження|шлюб|смерть
ДАЖО-1-77-891,метрична книга|народження|шлюб|смерть
ДАЖО-1-77-924,метрична книга|народження|шлюб|смерть
ДАЖО-1-77-935,метрична книга|народження|шлюб|смерть
ДАЖО-1-77-952,метрична книга|народження|шлюб|смерть
ДАЖО-1-77-991,метрична книга|народження|шлюб|смерть
ДАЖО-1-77-1011,метрична книга|народження|шлюб|смерть
ДАЖО-1-77-426,метрична книга|народження|шлюб|смерть
ДАЖО-1-77-738,метрична книга|народження|шлюб|смерть
ДАЖО-1-77-756,метрична книга|народження|шлюб|смерть
ДАЖО-1-77-775,метрична книга|народження|шлюб|смерть
ДАЖО-1-77-793,метрична книга|народження|шлюб|смерть
ДАЖО-1-77-811,метрична книга|народження|шлюб|смерть
ДАЖО-1-77-828,метрична книга|народження|шлюб|смерть
ДАЖО-1-77-843,метрична книга|народження|шлюб|смерть
ДАЖО-1-77-971А,метрична книга|народження|шлюб|смерть
ДАЖО-1-77-1031,метрична книга|народження|шлюб|смерть
ДАЖО-1-77-1051,метрична книга|народження|шлюб|смерть
ДАЖО-1-76-336,метрична книга|народження|шлюб|смерть
ДАЖО-1-76-345,метрична книга|народження|шлюб|смерть
ДАЖО-1-76-354,метрична книга|народження|шлюб|смерть
ДАЖО-1-76-363,метрична книга|народження|шлюб|смерть
ДАЖО-1-76-374,метрична книга|народження|шлюб|смерть
ДАЖО-1-76-383,метрична книга|народження|шлюб|смерть
ДАЖО-1-76-390,метрична книга|народження|шлюб|смерть
ДАЖО-1-76-398,метрична книга|народження|шлюб|смерть
ДАЖО-1-76-408,метрична книга|народження|шлюб|смерть
ДАЖО-1-76-426,метрична книга|народження|шлюб|смерть
ДАЖО-1-77-2144,метрична книга|народження|шлюб|смерть
ДАЖО-1-74-51,метрична книга|народження|шлюб|смерть
ДАЖО-1-74-53,метрична книга|народження|шлюб|смерть
ДАЖО-1-74-56,метрична книга|народження|шлюб|смерть
ДАЖО-1-74-58,метрична книга|народження|шлюб|смерть
ДАЖО-1-74-60,метрична книга|народження|шлюб|смерть
ДАЖО-1-74-61,метрична книга|народження|шлюб|смерть
ДАЖО-1-74-63,метрична книга|народження|шлюб|смерть
ДАЖО-1-74-66,метрична книга|народження|шлюб|смерть
ДАЖО-1-74-68,метрична книга|народження|шлюб|смерть
ДАЖО-1-74-71,метрична книга|народження|шлюб|смерть
ДАЖО-1-74-73,метрична книга|народження|шлюб|смерть
ДАЖО-1-74-75,метрична книга|народження|шлюб|смерть
ДАЖО-1-74-78,метрична книга|народження|шлюб|смерть
ДАЖО-1-74-79,метрична книга|народження|шлюб|смерть
ДАЖО-1-74-80,метрична книга|народження|шлюб|смерть
ДАЖО-1-74-94,метрична книга|народження|шлюб|смерть
ДАЖО-1-74-96,метрична книга|народження|шлюб|смерть
ДАЖО-1-74-97,метрична книга|народження|шлюб|смерть
ДАЖО-1-74-100,метрична книга|народження|шлюб|смерть
ДАЖО-1-74-102,метрична книга|народження|шлюб|смерть
ДАЖО-1-74-104,метрична книга|народження|шлюб|смерть
ДАЖО-1-74-105,метрична книга|народження|шлюб|смерть
ДАЖО-1-74-111,метрична книга|народження|шлюб|смерть
ДАЖО-1-74-113,метрична книга|народження|шлюб|смерть
ДАЖО-1-74-115,метрична книга|народження|шлюб|смерть
ДАЖО-1-74-118,метрична книга|народження|шлюб|смерть
ДАЖО-1-74-123,метрична книга|народження|шлюб|смерть
ДАЖО-1-74-126,метрична книга|народження|шлюб|смерть
ДАЖО-1-74-128,метрична книга|народження|шлюб|смерть
ДАЖО-1-74-131,метрична книга|народження|шлюб|смерть
ДАЖО-1-74-136,метрична книга|народження|шлюб|смерть
ДАЖО-1-74-141,метрична книга|народження|шлюб|смерть
ДАЖО-1-74-145,метрична книга|народження|шлюб|смерть
ДАЖО-1-74-146,метрична книга|народження|шлюб|смерть
ДАЖО-1-74-149,метрична книга|народження|шлюб|смерть
ДАЖО-1-74-150,метрична книга|народження|шлюб|смерть
ДАЖО-1-74-152,метрична книга|народження|шлюб|смерть
ДАЖО-1-74-160,метрична книга|народження|шлюб|смерть
ДАЖО-1-74-165,метрична книга|народження|шлюб|смерть
ДАЖО-1-86-26,метрична книга|народження|шлюб|смерть
ДАЖО-1-86-32,метрична книга|народження|шлюб|смерть
ДАЖО-1-86-33,метрична книга|народження|шлюб|смерть
ДАЖО-1-85-15,метрична книга|народження|шлюб|смерть
ДАЖО-1-85-20,метрична книга|народження|шлюб|смерть
ДАЖО-1-85-26,метрична книга|народження|шлюб|смерть
ДАЖО-1-85-34,метрична книга|народження|шлюб|смерть
ДАЖО-1-85-42,метрична книга|народження|шлюб|смерть
ДАЖО-1-85-48,метрична книга|народження|шлюб|смерть
ДАЖО-1-74-85,метрична книга|народження|шлюб|смерть
ДАЖО-1-74-86,метрична книга|народження|шлюб|смерть
ДАЖО-1-74-88,метрична книга|народження|шлюб|смерть
ДАЖО-1-74-89,метрична книга|народження|шлюб|смерть
ДАЖО-1-74-91,метрична книга|народження|шлюб|смерть
ДАЖО-1-74-43,метрична книга|народження|шлюб|смерть
ДАЖО-1-74-48,метрична книга|народження|шлюб|смерть
ДАЖО-1-74-49,метрична книга|народження|шлюб|смерть
ДАЖО-1-74-52,метрична книга|народження|шлюб|смерть
ДАЖО-1-74-57,метрична книга|народження|шлюб|смерть
ДАЖО-1-74-59,метрична книга|народження|шлюб|смерть
ДАЖО-1-74-64,метрична книга|народження|шлюб|смерть
ДАЖО-1-74-107,метрична книга|народження|шлюб|смерть
ДАЖО-1-74-76,метрична книга|народження|шлюб|смерть
ДАЖО-1-74-77,метрична книга|народження|шлюб|смерть
ДАЖО-1-74-54,метрична книга|народження|шлюб|смерть
ДАЖО-1-74-45,метрична книга|народження|шлюб|смерть
ДАЖО-1-85-12,метрична книга|народження|шлюб|смерть
ДАЖО-1-74-44,метрична книга|народження|шлюб|смерть
ДАЖО-1-85-16,метрична книга|народження|шлюб|смерть
ДАЖО-1-85-1,метрична книга|народження|шлюб|смерть
ДАЖО-1-74-95,метрична книга|народження|шлюб|смерть
ДАЖО-1-74-98,метрична книга|народження|шлюб|смерть
ДАЖО-1-74-99,метрична книга|народження|шлюб|смерть
ДАЖО-1-74-103,метрична книга|народження|шлюб|смерть
ДАЖО-1-74-104А,метрична книга|народження|шлюб|смерть
ДАЖО-1-74-106,метрична книга|народження|шлюб|смерть
ДАЖО-1-74-108,метрична книга|народження|шлюб|смерть
ДАЖО-1-74-109,метрична книга|народження|шлюб|смерть
ДАЖО-1-74-112,метрична книга|народження|шлюб|смерть
ДАЖО-1-74-114,метрична книга|народження|шлюб|смерть
ДАЖО-1-74-116,метрична книга|народження|шлюб|смерть
ДАЖО-1-74-124,метрична книга|народження|шлюб|смерть
ДАЖО-1-74-125,метрична книга|народження|шлюб|смерть
ДАЖО-1-74-129,метрична книга|народження|шлюб|смерть
ДАЖО-1-74-132,метрична книга|народження|шлюб|смерть
ДАЖО-1-74-137,метрична книга|народження|шлюб|смерть
ДАЖО-1-74-144,метрична книга|народження|шлюб|смерть
ДАЖО-1-74-148,метрична книга|народження|шлюб|смерть
ДАЖО-1-74-153,метрична книга|народження|шлюб|смерть
ДАЖО-1-74-154,метрична книга|народження|шлюб|смерть
ДАЖО-1-74-155,метрична книга|народження|шлюб|смерть
ДАЖО-1-74-158,метрична книга|народження|шлюб|смерть
ДАЖО-1-74-161,метрична книга|народження|шлюб|смерть
ДАЖО-1-74-166,метрична книга|народження|шлюб|смерть
ДАЖО-1-85-9,метрична книга|народження|шлюб|смерть
ДАЖО-1-85-17,метрична книга|народження|шлюб|смерть
ДАЖО-1-85-21,метрична книга|народження|шлюб|смерть
ДАЖО-1-85-28,метрична книга|народження|шлюб|смерть
ДАЖО-1-85-35,метрична книга|народження|шлюб|смерть
ДАЖО-1-85-40,метрична книга|народження|шлюб|смерть
ДАЖО-1-85-46,метрична книга|народження|шлюб|смерть
ДАЖО-1-85-52,метрична книга|народження|шлюб|смерть
ДАЖО-1-85-60,метрична книга|народження|шлюб|смерть
ДАЖО-1-74-93,метрична книга|народження|шлюб|смерть
ДАЖО-1-74-117,метрична книга|народження|шлюб|смерть
ДАЖО-1-74-121,метрична книга|народження|шлюб|смерть
ДАЖО-1-74-130,метрична книга|народження|шлюб|смерть
ДАЖО-1-74-134,метрична книга|народження|шлюб|смерть
ДАЖО-1-74-135,метрична книга|народження|шлюб|смерть
ДАЖО-1-74-140,метрична книга|народження|шлюб|смерть
ДАЖО-1-74-143,метрична книга|народження|шлюб|смерть
ДАЖО-1-74-147,метрична книга|народження|шлюб|смерть
ДАЖО-1-74-156,метрична книга|народження|шлюб|смерть
ДАЖО-1-74-159,метрична книга|народження|шлюб|смерть
ДАЖО-1-74-163,метрична книга|народження|шлюб|смерть
ДАЖО-1-74-164,метрична книга|народження|шлюб|смерть
ДАЖО-1-86-27,метрична книга|народження|шлюб|смерть
ДАЖО-1-86-31,метрична книга|народження|шлюб|смерть
ДАЖО-1-85-32,метрична книга|народження|шлюб|смерть
ДАЖО-1-85-41,метрична книга|народження|шлюб|смерть
ДАЖО-1-74-67,метрична книга|народження|шлюб|смерть
ДАЖО-1-74-101,метрична книга|народження|шлюб|смерть
ДАЖО-1-74-119,метрична книга|народження|шлюб|смерть
ДАЖО-1-85-6,метрична книга|народження|шлюб|смерть
ДАЖО-1-85-49,метрична книга|народження|шлюб|смерть
ДАЖО-1-85-55,метрична книга|народження|шлюб|смерть
ДАЖО-1-86-37,метрична книга|народження|шлюб|смерть
ДАЖО-1-74-5,метрична книга|народження|шлюб|смерть
ДАЖО-1-74-110,метрична книга|народження|шлюб|смерть
ДАЖО-1-74-151,метрична книга|народження|шлюб|смерть
ДАЖО-1-86-42,метрична книга|народження|шлюб|смерть
ДАЖО-1-86-34,метрична книга|народження|шлюб|смерть
ДАЖО-1-75-143,метрична книга|народження|шлюб|смерть
ДАЖО-1-74-90,метрична книга|народження|шлюб|смерть
ДАЖО-1-85-54,метрична книга|народження|шлюб|смерть
ДАЖО-1-74-81,метрична книга|народження|шлюб|смерть
ДАЖО-1-75-151,метрична книга|народження|шлюб|смерть
ДАЖО-1-74-162,метрична книга|народження|шлюб|смерть
ДАЖО-1-85-61,метрична книга|народження|шлюб|смерть
ДАЖО-1-85-62,метрична книга|народження|шлюб|смерть
ДАЖО-1-74-83,метрична книга|народження|шлюб|смерть
ДАЖО-1-74-84,метрична книга|народження|шлюб|смерть
ДАЖО-1-85-14,метрична книга|народження|шлюб|смерть
ДАЖО-1-85-22,метрична книга|народження|шлюб|смерть
ДАЖО-1-85-27,метрична книга|народження|шлюб|смерть
ДАЖО-1-85-13,метрична книга|народження|шлюб|смерть
ДАЖО-1-85-33,метрична книга|народження|шлюб|смерть
ДАЖО-1-85-47,метрична книга|народження|шлюб|смерть
ДАЖО-1-85-53,метрична книга|народження|шлюб|смерть
ДАЖО-1-74-82,метрична книга|народження|смерть
ДАЖО-1-74-3,метрична книга|народження|шлюб|смерть
ДАЖО-1-74-4,метрична книга|народження|шлюб|смерть
ДАЖО-1-74-17,метрична книга|народження|шлюб|смерть
ДАЖО-1-74-18,метрична книга|народження|шлюб|смерть
ДАЖО-1-74-20,метрична книга|народження|шлюб|смерть
ДАЖО-1-74-25,метрична книга|народження|шлюб|смерть
ДАЖО-1-74-19,метрична книга|народження|шлюб|смерть
ДАЖО-1-74-23,метрична книга|народження|шлюб|смерть
ДАЖО-1-80-4,метрична книга|народження|шлюб|смерть
ДАЖО-1-80-19,метрична книга|народження|шлюб|розлучення|смерть
ДАЖО-1-80-24,метрична книга|народження|шлюб|розлучення|смерть
ДАЖО-1-80-29,метрична книга|народження|шлюб|розлучення|смерть
ДАЖО-1-80-33,метрична книга|народження|шлюб|розлучення|смерть
ДАЖО-1-80-34,метрична книга|народження|шлюб|розлучення|смерть
ДАЖО-1-80-37,метрична книга|народження|шлюб|смерть
ДАЖО-1-80-45,метрична книга|народження|шлюб|смерть
ДАЖО-1-80-115,метрична книга|народження|шлюб|смерть
ДАЖО-1-80-3,метрична книга|народження|шлюб|смерть
ДАЖО-1-78-848,метрична книга|народження|шлюб|смерть
ДАЖО-1-78-854,метрична книга|народження|шлюб|смерть
ДАЖО-1-78-861,метрична книга|народження|шлюб|смерть
ДАЖО-1-78-872,метрична книга|народження|шлюб|смерть
ДАЖО-1-78-875,метрична книга|народження|шлюб|смерть
ДАЖО-1-78-879,метрична книга|народження|шлюб|смерть
ДАЖО-1-78-883,метрична книга|народження|шлюб|смерть
ДАЖО-1-78-885,метрична книга|народження|шлюб|смерть
ДАЖО-1-78-889,метрична книга|народження|шлюб|смерть
ДАЖО-1-78-891,метрична книга|народження|шлюб|смерть
ДАЖО-1-80-41,метрична книга|народження|шлюб|смерть
ДАЖО-1-80-134,метрична книга|народження|шлюб|смерть
ДАЖО-1-74-8,метрична книга|народження|шлюб|смерть
ДАЖО-1-74-14,метрична книга|народження|шлюб|смерть
ДАЖО-1-80-62,метрична книга|народження|шлюб|смерть
ДАЖО-1-80-181,метрична книга|народження|шлюб|смерть
ДАЖО-1-80-51,метрична книга|народження|шлюб|смерть
ДАЖО-1-80-183,метрична книга|народження|шлюб|смерть
ДАЖО-1-80-82,метрична книга|народження|шлюб|смерть
ДАЖО-1-80-112,метрична книга|народження|шлюб|смерть
ДАЖО-1-80-118,метрична книга|народження|шлюб|смерть
ДАЖО-1-74-15,метрична книга|народження|шлюб|смерть
ДАЖО-1-74-21,метрична книга|народження|шлюб|смерть
ДАЖО-1-74-22,метрична книга|народження|шлюб|смерть
ДАЖО-1-74-24,метрична книга|народження|шлюб|смерть
ДАЖО-1-74-27,метрична книга|народження|шлюб|смерть
ДАЖО-1-80-56,метрична книга|народження|шлюб|смерть
ДАЖО-1-80-132,метрична книга|народження|шлюб|смерть
ДАЖО-1-80-35,метрична книга|народження|шлюб|розлучення|смерть
ДАЖО-1-80-50,метрична книга|народження|шлюб|смерть
ДАЖО-1-80-185,метрична книга|народження|шлюб|смерть
ДАЖО-1-80-68,метрична книга|народження|шлюб|смерть
ДАЖО-1-80-178,метрична книга|народження|шлюб|смерть
ДАЖО-1-80-114,метрична книга|народження|шлюб|смерть
ДАЖО-1-80-127,метрична книга|народження|шлюб|смерть
ДАЖО-1-80-129,метрична книга|народження|шлюб|смерть
ДАЖО-1-80-131,метрична книга|народження|шлюб|смерть
ДАЖО-1-80-138,метрична книга|народження|шлюб|смерть
ДАЖО-1-80-140,метрична книга|народження|шлюб|смерть
ДАЖО-1-80-145,метрична книга|народження|шлюб|смерть
ДАЖО-1-80-153,метрична книга|народження|шлюб|смерть
ДАЖО-1-80-158,метрична книга|народження|шлюб|смерть
ДАЖО-1-80-166,метрична книга|народження|шлюб|смерть
ДАЖО-1-80-169,метрична книга|народження|шлюб|смерть
ДАЖО-1-80-174,метрична книга|народження|шлюб|смерть
ДАЖО-1-80-186,метрична книга|народження|шлюб|смерть
ДАЖО-1-74-11,метрична книга|народження|шлюб|смерть
ДАЖО-1-74-16,метрична книга|народження|шлюб|смерть
ДАЖО-1-74-26,метрична книга|народження|шлюб|смерть
ДАЖО-1-80-57,метрична книга|народження|шлюб|смерть
ДАЖО-1-80-148,метрична книга|народження|шлюб|смерть
ДАЖО-1-80-15,метрична книга|народження|шлюб|розлучення|смерть
ДАЖО-1-80-20,метрична книга|народження|шлюб|смерть
ДАЖО-1-80-21,метрична книга|народження|шлюб|смерть
ДАЖО-1-80-22,метрична книга|народження|шлюб|смерть
ДАЖО-1-80-36,метрична книга|народження|шлюб|розлучення|смерть
ДАЖО-1-80-46,метрична книга|народження|шлюб|смерть
ДАЖО-1-80-48,метрична книга|народження|шлюб|смерть
ДАЖО-1-80-81,метрична книга|народження|шлюб|смерть
ДАЖО-1-80-87,метрична книга|народження|шлюб|смерть
ДАЖО-1-80-88,метрична книга|народження|шлюб|смерть
ДАЖО-1-80-60,метрична книга|народження|шлюб|смерть
ДАЖО-1-80-58,метрична книга|народження|шлюб|смерть
ДАЖО-1-80-126,метрична книга|народження|шлюб|смерть
ДАЖО-1-80-63,метрична книга|народження|шлюб|смерть
ДАЖО-1-80-5,метрична книга|народження|шлюб|смерть
ДАЖО-1-80-66,метрична книга|народження|шлюб|смерть
ДАЖО-1-80-165,метрична книга|народження|шлюб|смерть
ДАЖО-1-80-77,метрична книга|народження|шлюб|смерть
ДАЖО-1-80-10,метрична книга|народження|шлюб|смерть
ДАЖО-1-80-47,метрична книга|народження|шлюб|смерть
ДАЖО-1-80-156,метрична книга|народження|шлюб|смерть
ДАЖО-1-80-30,метрична книга|народження|шлюб|смерть
ДАЖО-1-80-31,метрична книга|народження|шлюб|смерть
ДАЖО-1-78-852,метрична книга|народження|шлюб|смерть
ДАЖО-1-78-857,метрична книга|народження|шлюб|розлучення|смерть
ДАЖО-1-78-859,метрична книга|народження|шлюб|смерть
ДАЖО-1-80-42,метрична книга|народження|шлюб|розлучення
ДАЖО-1-80-26,метрична книга|народження|шлюб|смерть
ДАЖО-1-80-76,метрична книга|народження|шлюб|смерть
ДАЖО-1-80-155,метрична книга|народження|шлюб|смерть
ДАЖО-1-80-43,метрична книга|народження|шлюб|смерть
ДАЖО-1-80-152,метрична книга|народження|шлюб|смерть
ДАЖО-1-80-123,метрична книга|народження|шлюб|смерть
ДАЖО-1-80-162,метрична книга|народження|шлюб|смерть
ДАЖО-1-74-10,метрична книга|народження|шлюб|смерть
ДАЖО-1-74-12,метрична книга|народження|шлюб|смерть
ДАЖО-1-80-84,метрична книга|народження|шлюб|смерть
ДАЖО-1-80-113,метрична книга|народження|шлюб|смерть
ДАЖО-1-80-124,метрична книга|народження|шлюб|смерть
ДАЖО-1-80-117,метрична книга|народження|шлюб|смерть
ДАЖО-1-80-120,метрична книга|народження|шлюб|смерть
ДАЖО-1-80-142,метрична книга|народження|шлюб|смерть
ДАЖО-1-80-55,метрична книга|народження|шлюб|смерть
ДАЖО-1-80-176,метрична книга|народження|шлюб|смерть
ДАЖО-1-80-59,метрична книга|народження|шлюб|смерть
ДАЖО-1-80-177,метрична книга|народження|шлюб|смерть
ДАЖО-1-1-25,метрична книга|народження|шлюб|смерть
ДАЖО-1-80-65,метрична книга|народження|шлюб|смерть
ДАЖО-1-80-151,метрична книга|народження|шлюб|смерть
ДАЖО-1-80-64,метрична книга|народження|шлюб|смерть
ДАЖО-1-80-157,метрична книга|народження|шлюб|смерть
ДАЖО-1-80-133,метрична книга|народження|шлюб|смерть
ДАЖО-1-80-136,метрична книга|народження|шлюб|смерть
ДАЖО-1-80-147,метрична книга|народження|шлюб|смерть
ДАЖО-1-80-154,метрична книга|народження|шлюб|смерть
ДАЖО-1-80-161,метрична книга|народження|шлюб|смерть
ДАЖО-1-80-164,метрична книга|народження|шлюб|смерть
ДАЖО-1-80-171,метрична книга|народження|шлюб|смерть
ДАЖО-1-80-187,метрична книга|народження|шлюб|смерть
ДАЖО-1-80-11,метрична книга|народження|шлюб|смерть
ДАЖО-1-80-175,метрична книга|народження|шлюб|смерть
ДАЖО-1-80-54,метрична книга|народження|шлюб|смерть
ДАЖО-1-80-179,метрична книга|народження|шлюб|смерть
ДАЖО-1-80-53,метрична книга|народження|шлюб|смерть
ДАЖО-1-80-184,метрична книга|народження|шлюб|смерть
ДАЖО-1-80-49,метрична книга|народження|шлюб|смерть
ДАЖО-1-80-143,метрична книга|народження|шлюб|смерть
ДАЖО-1-80-160,метрична книга|народження|шлюб|смерть
ДАЖО-1-80-67,метрична книга|народження|шлюб|смерть
ДАЖО-1-80-73,метрична книга|народження|шлюб|смерть
ДАЖО-1-80-91,метрична книга|народження|шлюб|смерть
ДАЖО-1-80-93,метрична книга|народження|шлюб|смерть
ДАЖО-1-80-96,метрична книга|народження|шлюб|смерть
ДАЖО-1-80-97,метрична книга|народження|шлюб|смерть
ДАЖО-1-80-99,метрична книга|народження|шлюб|смерть
ДАЖО-1-80-102,метрична книга|народження|шлюб|смерть
ДАЖО-1-80-104,метрична книга|народження|шлюб|смерть
ДАЖО-1-80-107,метрична книга|народження|шлюб|смерть
ДАЖО-1-80-109,метрична книга|народження|шлюб|смерть
ДАЖО-1-80-163,метрична книга|народження|шлюб|смерть
ДАЖО-1-80-172,метрична книга|народження|шлюб|смерть
ДАЖО-1-80-80,метрична книга|народження|шлюб|смерть
ДАЖО-1-80-75,метрична книга|народження|шлюб|смерть
ДАЖО-1-80-111,метрична книга|народження|шлюб|смерть
ДАЖО-1-80-38,метрична книга|народження|шлюб|смерть
ДАЖО-1-80-39,метрична книга|народження|шлюб|смерть
ДАЖО-1-80-40,метрична книга|народження|шлюб|смерть
ДАЖО-1-80-146,метрична книга|народження|шлюб|смерть
ДАЖО-1-80-52,метрична книга|народження|шлюб|смерть
ДАЖО-1-80-189,метрична книга|народження|шлюб|смерть
ДАЖО-1-86-11,метрична книга|народження|шлюб|смерть
ДАЖО-1-80-86,метрична книга|народження|шлюб|смерть
ДАЖО-1-80-90,метрична книга|народження|шлюб|смерть
ДАЖО-1-80-137,метрична книга|народження|шлюб|смерть
ДАЖО-1-80-139,метрична книга|народження|шлюб|смерть
ДАЖО-1-80-173,метрична книга|народження|шлюб|смерть
ДАЖО-1-80-180,метрична книга|народження|шлюб|смерть
ДАЖО-1-80-128,метрична книга|народження|шлюб|смерть
ДАЖО-1-80-130,метрична книга|народження|шлюб|смерть
ДАЖО-1-80-18,метрична книга|народження
ДАЖО-1-78-102,метрична книга|народження|шлюб|смерть
ДАЖО-1-78-104,метрична книга|народження|шлюб|смерть
ДАЖО-1-78-107,метрична книга|народження|шлюб|смерть
ДАЖО-1-78-110,метрична книга|народження|шлюб|смерть
ДАЖО-1-80-72,метрична книга|народження|шлюб|смерть
ДАЖО-1-80-121,метрична книга|народження|шлюб|смерть
ДАЖО-1-80-144,метрична книга|народження|шлюб|смерть
ДАЖО-1-80-150,метрична книга|народження|шлюб|смерть
ДАЖО-1-80-170,метрична книга|народження|шлюб|смерть
ДАЖО-1-80-182,метрична книга|народження|шлюб|смерть
ДАЖО-1-74-2,метрична книга|народження|шлюб|смерть
ДАЖО-1-80-27,метрична книга|народження|шлюб|смерть
ДАЖО-1-80-28,метрична книга|народження|шлюб|смерть
ДАЖО-1-80-69,метрична книга|народження|шлюб|смерть
ДАЖО-1-80-100,метрична книга|народження|шлюб|смерть
ДАЖО-1-80-108,метрична книга|народження|шлюб|смерть
ДАЖО-1-80-135,метрична книга|народження|шлюб|смерть
ДАЖО-1-80-141,метрична книга|народження|шлюб|смерть
ДАЖО-1-80-167,метрична книга|народження|шлюб|смерть
ДАЖО-1-80-188,метрична книга|народження|шлюб|смерть
ДАЖО-1-80-159,метрична книга|народження|шлюб|смерть
ДАЖО-1-80-25,метрична книга|народження|шлюб|смерть
ДАЖО-1-80-32,метрична книга|народження|шлюб|смерть
ДАЖО-1-80-149,метрична книга|народження|шлюб|смерть
ДАЖО-1-80-168,метрична книга|народження|шлюб|смерть
ДАЖО-1-78-692,метрична книга|народження
ДАЖО-1-78-693,метрична книга|народження|шлюб|смерть
ДАЖО-1-78-710,метрична книга|народження|шлюб|смерть
ДАЖО-1-78-712,метрична книга|народження|шлюб|смерть
ДАЖО-1-78-714,метрична книга|народження|шлюб|смерть
ДАЖО-1-78-716,метрична книга|народження|шлюб|смерть
ДАЖО-1-78-720,метрична книга|народження|шлюб|смерть
ДАЖО-1-78-722,метрична книга|народження|шлюб|смерть
ДАЖО-1-78-724,метрична книга|народження|шлюб|смерть
ДАЖО-1-78-726,метрична книга|народження|шлюб|смерть
ДАЖО-1-78-728,метрична книга|народження|шлюб|смерть
ДАЖО-1-78-729,метрична книга|народження|шлюб|смерть
ДАЖО-1-78-730,метрична книга|народження|шлюб|смерть
ДАЖО-1-78-732,метрична книга|народження|шлюб|смерть
ДАЖО-1-78-734,метрична книга|народження|шлюб|смерть
ДАЖО-1-78-736,метрична книга|народження|шлюб|смерть
ДАЖО-1-78-738,метрична книга|народження|шлюб|смерть
ДАЖО-1-78-740,метрична книга|народження|шлюб|смерть
ДАЖО-1-78-746,метрична книга|народження|шлюб|смерть
ДАЖО-1-78-748,метрична книга|народження|шлюб|смерть
ДАЖО-1-78-752,метрична книга|народження|шлюб|смерть
ДАЖО-1-78-753,метрична книга|народження|шлюб|смерть
ДАЖО-1-78-755,метрична книга|народження|шлюб|смерть
ДАЖО-1-78-694,метрична книга|народження|шлюб|смерть
ДАЖО-1-78-698,метрична книга|народження|шлюб|смерть
ДАЖО-1-78-699,метрична книга|народження|шлюб|смерть
ДАЖО-1-78-703,метрична книга|народження|шлюб|смерть
ДАЖО-1-78-704,метрична книга|народження|шлюб|смерть
ДАЖО-1-78-979,метрична книга|народження|шлюб|смерть
ДАЖО-1-78-707,метрична книга|народження|шлюб|смерть
ДАЖО-1-78-708,метрична книга|народження|шлюб|смерть
ДАЖО-1-78-756,метрична книга|народження|шлюб|смерть
ДАЖО-1-78-758,метрична книга|народження|шлюб|смерть
ДАЖО-1-78-759,метрична книга|народження|шлюб|смерть
ДАЖО-1-78-761,метрична книга|народження|шлюб|смерть
ДАЖО-1-78-750,метрична книга|народження|шлюб|смерть
ДАЖО-1-78-764,метрична книга|народження|шлюб|смерть
ДАЖО-1-78-766,метрична книга|народження|шлюб|смерть
ДАЖО-1-78-769,метрична книга|народження|шлюб|смерть
ДАЖО-1-78-773,метрична книга|народження|шлюб|смерть
ДАЖО-1-80-74,метрична книга|народження|шлюб|смерть
ДАЖО-1-78-777,метрична книга|народження|шлюб|смерть
ДАЖО-1-78-779,метрична книга|народження|шлюб|смерть
ДАЖО-1-78-783,метрична книга|народження|шлюб|смерть
ДАЖО-1-78-787,метрична книга|народження|шлюб|смерть
ДАЖО-1-78-790,метрична книга|народження|шлюб|смерть
ДАЖО-1-78-792,метрична книга|народження|шлюб|смерть
ДАЖО-1-78-794,метрична книга|народження|шлюб|смерть
ДАЖО-1-78-796,метрична книга|народження|шлюб|смерть
ДАЖО-1-78-799,метрична книга|народження|шлюб|смерть
ДАЖО-1-78-800,метрична книга|народження|шлюб|смерть
ДАЖО-1-78-802,метрична книга|народження|шлюб|смерть
ДАЖО-1-78-806,метрична книга|народження|шлюб|смерть
ДАЖО-1-78-807,метрична книга|народження|шлюб|смерть
ДАЖО-1-78-811,метрична книга|народження|шлюб|смерть
ДАЖО-1-78-812,метрична книга|народження|шлюб|смерть
ДАЖО-1-78-816,метрична книга|народження|шлюб|смерть
ДАЖО-1-78-819,метрична книга|народження|шлюб|смерть
ДАЖО-1-78-828,метрична книга|народження|шлюб|смерть
ДАЖО-1-78-831,метрична книга|народження|шлюб|смерть
ДАЖО-1-78-836,метрична книга|народження|шлюб|смерть
ДАЖО-1-78-838,метрична книга|народження|шлюб|смерть
ДАЖО-1-78-841,метрична книга|народження|шлюб|смерть
ДАЖО-1-78-706,метрична книга|народження|шлюб|смерть
ДАЖО-1-78-754,метрична книга|народження|шлюб|смерть
ДАЖО-1-78-762,метрична книга|народження|шлюб|смерть
ДАЖО-1-78-776,метрична книга|народження|шлюб|смерть
ДАЖО-1-78-757,метрична книга|народження|шлюб|смерть
ДАЖО-1-78-778,метрична книга|народження|шлюб|смерть
ДАЖО-1-78-751,метрична книга|народження|шлюб|смерть
ДАЖО-1-78-830,метрична книга|народження|шлюб|смерть
ДАЖО-1-78-709,метрична книга|народження|шлюб|смерть
ДАЖО-1-78-741,метрична книга|народження|шлюб|смерть
ДАЖО-1-78-742,метрична книга|народження|шлюб|смерть
ДАЖО-1-78-744,метрична книга|народження|шлюб|смерть
ДАЖО-1-78-842,метрична книга|народження|шлюб|смерть
ДАЖО-1-78-695,метрична книга|народження|шлюб|смерть
ДАЖО-1-78-843,метрична книга|народження|шлюб|смерть
ДАЖО-1-85-59,метрична книга|народження|шлюб|смерть
ДАЖО-1-78-718,метрична книга|народження|шлюб|смерть
ДАЖО-1-78-774,метрична книга|народження|шлюб|смерть
ДАЖО-1-78-780,метрична книга|народження|шлюб|смерть
ДАЖО-1-78-786,метрична книга|народження|шлюб|смерть
ДАЖО-1-78-788,метрична книга|народження|шлюб|смерть
ДАЖО-1-78-701,метрична книга|народження|шлюб|смерть
ДАЖО-1-78-817,метрична книга|народження|шлюб|смерть
ДАЖО-1-78-826,метрична книга|народження|шлюб|смерть
ДАЖО-1-78-833,метрична книга|народження|шлюб|смерть
ДАЖО-1-78-822,метрична книга|народження|шлюб|смерть
ДАЖО-1-78-809,метрична книга|народження|шлюб|смерть
ДАЖО-1-78-813,метрична книга|народження|шлюб|смерть
ДАЖО-1-78-820,метрична книга|народження|шлюб|смерть
ДАЖО-1-78-829,метрична книга|народження|шлюб|смерть
ДАЖО-1-78-835,метрична книга|народження|шлюб|смерть
ДАЖО-1-78-840,метрична книга|народження|шлюб|смерть
ДАЖО-1-78-760,метрична книга|народження|шлюб|смерть
ДАЖО-1-78-821,метрична книга|народження|шлюб|смерть
ДАЖО-1-78-825,метрична книга|народження|шлюб|смерть
ДАЖО-1-78-827,метрична книга|народження|шлюб|смерть
ДАЖО-1-78-832,метрична книга|народження|шлюб|смерть
ДАЖО-1-78-749,метрична книга|народження|шлюб|смерть
ДАЖО-1-78-696,метрична книга|народження|шлюб|смерть
ДАЖО-1-78-705,метрична книга|народження|шлюб|смерть
ДАЖО-1-78-727,метрична книга|народження|шлюб|смерть
ДАЖО-1-78-731,метрична книга|народження|шлюб|смерть
ДАЖО-1-78-733,метрична книга|народження|шлюб|смерть
ДАЖО-1-78-747,метрична книга|народження|шлюб|смерть
ДАЖО-1-78-763,метрична книга|народження|шлюб|смерть
ДАЖО-1-78-767,метрична книга|народження|шлюб|смерть
ДАЖО-1-78-608,метрична книга|народження|шлюб|смерть
ДАЖО-1-78-772,метрична книга|народження|шлюб|смерть
ДАЖО-1-78-775,метрична книга|народження|шлюб|смерть
ДАЖО-1-78-781,метрична книга|народження|шлюб|смерть
ДАЖО-1-78-784,метрична книга|народження|шлюб|смерть
ДАЖО-1-78-789,метрична книга|народження|шлюб|смерть
ДАЖО-1-78-791,метрична книга|народження|шлюб|смерть
ДАЖО-1-78-793,метрична книга|народження|шлюб|смерть
ДАЖО-1-78-795,метрична книга|народження|шлюб|смерть
ДАЖО-1-78-797,метрична книга|народження|шлюб|смерть
ДАЖО-1-78-798,метрична книга|народження|шлюб|смерть
ДАЖО-1-78-801,метрична книга|народження|шлюб|смерть
ДАЖО-1-78-803,метрична книга|народження|шлюб|смерть
ДАЖО-1-78-805,метрична книга|народження|шлюб|смерть
ДАЖО-1-78-808,метрична книга|народження|шлюб|смерть
ДАЖО-1-78-697,метрична книга|народження|шлюб|смерть
ДАЖО-1-78-700,метрична книга|народження|шлюб|смерть
ДАЖО-1-78-743,метрична книга|народження|шлюб|смерть
ДАЖО-1-78-745,метрична книга|народження|шлюб|смерть
ДАЖО-1-78-702,метрична книга|народження|шлюб|смерть
ДАЖО-1-78-711,метрична книга|народження|шлюб|смерть
ДАЖО-1-78-713,метрична книга|народження|шлюб|смерть
ДАЖО-1-78-715,метрична книга|народження|шлюб|смерть
ДАЖО-1-78-717,метрична книга|народження|шлюб|смерть
ДАЖО-1-78-719,метрична книга|народження|шлюб|смерть
ДАЖО-1-78-721,метрична книга|народження|шлюб|смерть
ДАЖО-1-78-723,метрична книга|народження|шлюб|смерть
ДАЖО-1-78-725,метрична книга|народження|шлюб|смерть
ДАЖО-1-78-735,метрична книга|народження|шлюб|смерть
ДАЖО-1-78-737,метрична книга|народження|шлюб|смерть
ДАЖО-1-78-739,метрична книга|народження|шлюб|смерть
ДАЖО-1-78-765,метрична книга|народження|шлюб|смерть
ДАЖО-1-78-810,метрична книга|народження|шлюб|смерть
ДАЖО-1-78-814,метрична книга|народження|шлюб|смерть
ДАЖО-1-78-837,метрична книга|народження|шлюб|смерть
ДАЖО-1-78-839,метрична книга|народження|шлюб|смерть
ДАЖО-1-78-768,метрична книга|народження|шлюб|смерть
ДАЖО-1-78-785,метрична книга|народження|шлюб|смерть
ДАЖО-1-78-834,метрична книга|народження|шлюб|смерть
ДАЖО-1-78-770,метрична книга|народження|шлюб|смерть
ДАЖО-1-78-771,метрична книга|народження|шлюб|смерть
ДАЖО-1-78-782,метрична книга|народження|шлюб|смерть
ДАЖО-1-78-804,метрична книга|народження|шлюб|смерть
ДАЖО-1-84-2,метрична книга|народження|шлюб|смерть
ДАЖО-1-78-818,метрична книга|народження|шлюб|смерть
ДАЖО-1-78-823,метрична книга|народження|шлюб|смерть
ДАЖО-1-78-824,метрична книга|народження|шлюб|смерть
ДАЖО-1-78-863,метрична книга|народження|шлюб|смерть
ДАЖО-1-78-890,метрична книга|народження|шлюб|смерть
ДАЖО-1-78-893,метрична книга|народження|шлюб|смерть
ДАЖО-1-78-897,метрична книга|народження|шлюб|смерть
ДАЖО-1-78-899,метрична книга|народження|шлюб|смерть
ДАЖО-1-78-868,метрична книга|народження|шлюб|смерть
ДАЖО-1-78-869,метрична книга|народження|шлюб|смерть
ДАЖО-1-78-871,метрична книга|народження|шлюб|смерть
ДАЖО-1-78-876,метрична книга|народження|шлюб|смерть
ДАЖО-1-78-878,метрична книга|народження|шлюб|смерть
ДАЖО-1-78-880,метрична книга|народження|шлюб|смерть
ДАЖО-1-78-882,метрична книга|народження|шлюб|смерть
ДАЖО-1-78-851,метрична книга|народження|шлюб|смерть
ДАЖО-1-78-856,метрична книга|народження|шлюб|смерть
ДАЖО-1-78-867,метрична книга|народження|шлюб|смерть
ДАЖО-1-78-900,метрична книга|народження|шлюб|смерть
ДАЖО-1-78-904,метрична книга|народження|шлюб|смерть
ДАЖО-1-78-906,метрична книга|народження|шлюб|смерть
ДАЖО-1-78-907,метрична книга|народження|шлюб|смерть
ДАЖО-1-78-909,метрична книга|народження|шлюб|смерть
ДАЖО-1-78-926,метрична книга|народження|шлюб|смерть
ДАЖО-1-78-928,метрична книга|народження|шлюб|смерть
ДАЖО-1-78-930,метрична книга|народження|шлюб|смерть
ДАЖО-1-78-932,метрична книга|народження|шлюб|смерть
ДАЖО-1-78-933,метрична книга|народження|шлюб|смерть
ДАЖО-1-78-939,метрична книга|народження|шлюб|смерть
ДАЖО-1-78-940,метрична книга|народження|шлюб|смерть
ДАЖО-1-78-942,метрична книга|народження|шлюб|смерть
ДАЖО-1-78-944,метрична книга|народження|шлюб|смерть
ДАЖО-1-78-946,метрична книга|народження|шлюб|смерть
ДАЖО-1-78-949,метрична книга|народження|шлюб|смерть
ДАЖО-1-78-952,метрична книга|народження|шлюб|смерть
ДАЖО-1-78-955,метрична книга|народження|шлюб|смерть
ДАЖО-1-78-956,метрична книга|народження|шлюб|смерть
ДАЖО-1-78-958,метрична книга|народження|шлюб|смерть
ДАЖО-1-78-960,метрична книга|народження|шлюб|смерть
ДАЖО-1-78-963,метрична книга|народження|шлюб|смерть
ДАЖО-1-78-874,метрична книга|народження|шлюб|смерть
ДАЖО-1-78-962,метрична книга|народження|шлюб|смерть
ДАЖО-1-78-650,метрична книга|народження|шлюб|смерть
ДАЖО-1-78-911,метрична книга|народження|шлюб|смерть
ДАЖО-1-78-916,метрична книга|народження|шлюб|смерть
ДАЖО-1-78-919,метрична книга|народження|шлюб|смерть
ДАЖО-1-78-922,метрична книга|народження|шлюб|смерть
ДАЖО-1-78-924,метрична книга|народження|шлюб|смерть
ДАЖО-1-78-935,метрична книга|народження|шлюб|смерть
ДАЖО-1-78-864,метрична книга|народження|шлюб|смерть
ДАЖО-1-78-877,метрична книга|народження|шлюб|смерть
ДАЖО-1-78-887,метрична книга|народження|шлюб|смерть
ДАЖО-1-78-47,метрична книга|народження|шлюб
ДАЖО-1-78-850,метрична книга|народження|шлюб|смерть
ДАЖО-1-78-870,метрична книга|народження|шлюб|смерть
ДАЖО-1-78-853,метрична книга|народження|шлюб|смерть
ДАЖО-1-78-865,метрична книга|народження|шлюб|смерть
ДАЖО-1-78-884,метрична книга|народження|шлюб|смерть
ДАЖО-1-78-83,метрична книга|шлюб|смерть
ДАЖО-1-78-89,метрична книга|народження|шлюб
ДАЖО-1-78-858,метрична книга|народження|шлюб|смерть
ДАЖО-1-78-88,метрична книга|народження|шлюб|смерть
ДАЖО-1-78-92,метрична книга|народження|шлюб|смерть
ДАЖО-1-78-903,метрична книга|народження|шлюб|смерть
ДАЖО-1-78-912,метрична книга|народження|шлюб|смерть
ДАЖО-1-78-69,метрична книга|народження|шлюб|смерть
ДАЖО-1-78-901,метрична книга|народження|шлюб|смерть
ДАЖО-1-78-917,метрична книга|народження|шлюб|смерть
ДАЖО-1-78-947,метрична книга|народження|шлюб|смерть
ДАЖО-1-78-957,метрична книга|народження|шлюб|смерть
ДАЖО-1-78-945,метрична книга|народження|шлюб|смерть
ДАЖО-1-78-948,метрична книга|народження|шлюб|смерть
ДАЖО-1-78-950,метрична книга|народження|шлюб|смерть
ДАЖО-1-78-953,метрична книга|народження|шлюб|смерть
ДАЖО-1-78-954,метрична книга|народження|шлюб|смерть
ДАЖО-1-78-959,метрична книга|народження|шлюб|смерть
ДАЖО-1-78-59,метрична книга|народження|шлюб|смерть
ДАЖО-1-78-915,метрична книга|народження|шлюб|смерть
ДАЖО-1-78-920,метрична книга|народження|шлюб|смерть
ДАЖО-1-78-925,метрична книга|народження|шлюб|смерть
ДАЖО-1-78-927,метрична книга|народження|шлюб|смерть
ДАЖО-1-78-929,метрична книга|народження|шлюб|смерть
ДАЖО-1-78-931,метрична книга|народження|шлюб|смерть
ДАЖО-1-78-934,метрична книга|народження|шлюб|смерть
ДАЖО-1-78-936,метрична книга|народження|шлюб|смерть
ДАЖО-1-78-938,метрична книга|народження|шлюб|смерть
ДАЖО-1-78-941,метрична книга|народження|шлюб|смерть
ДАЖО-1-78-943,метрична книга|народження|шлюб|смерть
ДАЖО-1-78-964,метрична книга|народження|шлюб|смерть
ДАЖО-1-78-961,метрична книга|народження|шлюб|смерть
ДАЖО-1-78-914,метрична книга|народження|шлюб|смерть
ДАЖО-1-78-937,метрична книга|народження|шлюб|смерть
ДАЖО-1-78-85,метрична книга|народження|шлюб|смерть
ДАЖО-1-78-921,метрична книга|народження|шлюб|смерть
ДАЖО-1-78-951,метрична книга|народження|шлюб|смерть
ДАЖО-1-74-36,метрична книга|народження|шлюб|смерть
ДАЖО-1-78-918,метрична книга|народження|шлюб|смерть
ДАЖО-1-74-69,метрична книга|народження|шлюб|смерть
ДАЖО-1-77-1505,метрична книга|народження|шлюб|смерть
ДАЖО-1-77-1516,метрична книга|народження|шлюб|смерть
ДАЖО-1-77-1529,метрична книга|народження|шлюб|смерть
ДАЖО-1-77-1541,метрична книга|народження|шлюб|смерть
ДАЖО-1-75-22,метрична книга|народження|шлюб|смерть
ДАЖО-1-75-23,метрична книга|народження|шлюб|смерть
ДАЖО-1-75-25,метрична книга|народження|шлюб|смерть
ДАЖО-1-75-27,метрична книга|народження|шлюб|смерть
ДАЖО-1-75-28,метрична книга|народження|шлюб|смерть
ДАЖО-1-75-30,метрична книга|народження|шлюб|смерть
ДАЖО-1-75-35,метрична книга|народження|шлюб|смерть
ДАЖО-1-75-50,метрична книга|народження|шлюб|смерть
ДАЖО-1-75-101,метрична книга|народження|шлюб|смерть
ДАЖО-1-75-105,метрична книга|народження|шлюб|смерть
ДАЖО-1-75-107,метрична книга|народження|шлюб|смерть
ДАЖО-1-75-111,метрична книга|народження|шлюб|смерть
ДАЖО-1-75-114,метрична книга|народження|шлюб|смерть
ДАЖО-1-75-116,метрична книга|народження|шлюб|смерть
ДАЖО-1-75-120,метрична книга|народження|шлюб|смерть
ДАЖО-1-75-124,метрична книга|народження|шлюб|смерть
ДАЖО-1-75-127,метрична книга|народження|шлюб|смерть
ДАЖО-1-75-129,метрична книга|народження|шлюб|смерть
ДАЖО-1-75-136,метрична книга|народження|шлюб|смерть
ДАЖО-1-77-2,метрична книга|народження|шлюб|смерть
ДАЖО-1-77-8,метрична книга|народження|шлюб|смерть
ДАЖО-1-77-11,метрична книга|народження|шлюб|смерть
ДАЖО-1-77-23,метрична книга|народження|шлюб|смерть
ДАЖО-1-77-25,метрична книга|народження|шлюб|смерть
ДАЖО-1-77-31,метрична книга|народження|шлюб|смерть
ДАЖО-1-77-36,метрична книга|народження|шлюб|смерть
ДАЖО-1-77-156,метрична книга|народження|шлюб|смерть
ДАЖО-1-77-160,метрична книга|народження|шлюб|смерть
ДАЖО-1-77-164,метрична книга|народження|шлюб|смерть
ДАЖО-1-77-168,метрична книга|народження|шлюб|смерть
ДАЖО-1-77-172,метрична книга|народження|шлюб|смерть
ДАЖО-1-77-180,метрична книга|народження|шлюб|смерть
ДАЖО-1-77-186,метрична книга|народження|шлюб|смерть
ДАЖО-1-77-198,метрична книга|народження|шлюб|смерть
ДАЖО-1-77-427,метрична книга|народження|шлюб|смерть
ДАЖО-1-77-435,метрична книга|народження|шлюб|смерть
ДАЖО-1-77-442,метрична книга|народження|шлюб|смерть
ДАЖО-1-77-450,метрична книга|народження|шлюб|смерть
ДАЖО-1-77-457,метрична книга|народження|шлюб|смерть
ДАЖО-1-77-465,метрична книга|народження|шлюб|смерть
ДАЖО-1-77-472,метрична книга|народження|шлюб|смерть
ДАЖО-1-77-480,метрична книга|народження|шлюб|смерть
ДАЖО-1-77-496,метрична книга|народження|шлюб|смерть
ДАЖО-1-77-1312,метрична книга|народження|шлюб|смерть
ДАЖО-1-77-1325,метрична книга|народження|шлюб|смерть
ДАЖО-1-77-1344,метрична книга|народження|шлюб|смерть
ДАЖО-1-77-1354,метрична книга|народження|шлюб|смерть
ДАЖО-1-77-1369,метрична книга|народження|шлюб|смерть
ДАЖО-1-77-1384,метрична книга|народження|шлюб|смерть
ДАЖО-1-77-1400,метрична книга|народження|шлюб|смерть
ДАЖО-1-77-1413,метрична книга|народження|шлюб|смерть
ДАЖО-1-77-1436,метрична книга|народження|шлюб|смерть
ДАЖО-1-77-1445,метрична книга|народження|шлюб|смерть
ДАЖО-1-77-1458,метрична книга|народження|шлюб|смерть
ДАЖО-1-77-1469,метрична книга|народження|шлюб|смерть
ДАЖО-1-77-1482,метрична книга|народження|шлюб|смерть
ДАЖО-1-77-1552,метрична книга|народження|шлюб|смерть
ДАЖО-1-75-4,метрична книга|народження|шлюб|смерть
ДАЖО-1-75-8,метрична книга|народження|шлюб|смерть
ДАЖО-1-75-12,метрична книга|народження|шлюб|смерть
ДАЖО-1-75-139,метрична книга|народження|шлюб|смерть
ДАЖО-1-75-16,метрична книга|народження|шлюб|смерть
ДАЖО-1-75-17,метрична книга|народження|шлюб|смерть
ДАЖО-1-75-19,метрична книга|народження|шлюб|смерть
ДАЖО-1-75-24,метрична книга|народження|шлюб|смерть
ДАЖО-1-75-29,метрична книга|народження|шлюб|смерть
ДАЖО-1-75-51,метрична книга|народження|шлюб|смерть
ДАЖО-1-75-55,метрична книга|народження|шлюб|смерть
ДАЖО-1-75-60,метрична книга|народження|шлюб|смерть
ДАЖО-1-75-63,метрична книга|народження|шлюб|смерть
ДАЖО-1-75-65,метрична книга|народження|шлюб|смерть
ДАЖО-1-75-67,метрична книга|народження|шлюб|смерть
ДАЖО-1-75-70,метрична книга|народження|шлюб|смерть
ДАЖО-1-75-74,метрична книга|народження|шлюб|смерть
ДАЖО-1-75-76,метрична книга|народження|шлюб|смерть
ДАЖО-1-75-78,метрична книга|народження|шлюб|смерть
ДАЖО-1-75-81,метрична книга|народження|шлюб|смерть
ДАЖО-1-75-83,метрична книга|народження|шлюб|смерть
ДАЖО-1-75-87,метрична книга|народження|шлюб|смерть
ДАЖО-1-75-88,метрична книга|народження|шлюб|смерть
ДАЖО-1-75-91,метрична книга|народження|шлюб|смерть
ДАЖО-1-75-92,метрична книга|народження|шлюб|смерть
ДАЖО-1-75-98,метрична книга|народження|шлюб|смерть
ДАЖО-1-75-99,метрична книга|народження|шлюб|смерть
ДАЖО-1-75-108,метрична книга|народження|шлюб|смерть
ДАЖО-1-75-134,метрична книга|народження|шлюб|смерть
ДАЖО-1-77-16,метрична книга|народження|шлюб|смерть
ДАЖО-1-77-1517,метрична книга|народження|шлюб|смерть
ДАЖО-1-75-14,метрична книга|народження|шлюб|смерть
ДАЖО-1-75-15,метрична книга|народження|шлюб|смерть
ДАЖО-1-75-18,метрична книга|народження|шлюб|смерть
ДАЖО-1-75-20,метрична книга|народження|шлюб|смерть
ДАЖО-1-75-33,метрична книга|народження|шлюб|смерть
ДАЖО-1-75-64,метрична книга|народження|шлюб|смерть
ДАЖО-1-75-79,метрична книга|народження|шлюб|смерть
ДАЖО-1-75-94,метрична книга|народження|шлюб|смерть
ДАЖО-1-75-109,метрична книга|народження|шлюб|смерть
ДАЖО-1-75-95,метрична книга|народження|шлюб|смерть
ДАЖО-1-75-96,метрична книга|народження|шлюб|смерть
ДАЖО-1-75-100,метрична книга|народження|шлюб|смерть
ДАЖО-1-75-103,метрична книга|народження|шлюб|смерть
ДАЖО-1-75-104,метрична книга|народження|шлюб|смерть
ДАЖО-1-84-65,метрична книга|народження|шлюб|смерть
ДАЖО-1-75-115,метрична книга|народження|шлюб|смерть
ДАЖО-1-75-32,метрична книга|народження|шлюб|смерть
ДАЖО-1-75-59,метрична книга|народження|шлюб|смерть
ДАЖО-1-75-62,метрична книга|народження|шлюб|смерть
ДАЖО-1-75-68,метрична книга|народження|шлюб|смерть
ДАЖО-1-75-75,метрична книга|народження|шлюб|смерть
ДАЖО-1-75-77,метрична книга|народження|шлюб|смерть
ДАЖО-1-75-80,метрична книга|народження|шлюб|смерть
ДАЖО-1-75-84,метрична книга|народження|шлюб|смерть
ДАЖО-1-75-86,метрична книга|народження|шлюб|смерть
ДАЖО-1-75-89,метрична книга|народження|шлюб|смерть
ДАЖО-1-75-90,метрична книга|народження|шлюб|смерть
ДАЖО-1-75-85,метрична книга|народження|шлюб|смерть
ДАЖО-1-77-173,метрична книга|народження|шлюб|смерть
ДАЖО-1-77-183,метрична книга|народження|шлюб|смерть
ДАЖО-1-77-192,метрична книга|народження|шлюб|смерть
ДАЖО-1-77-436,метрична книга|народження|шлюб|смерть
ДАЖО-1-77-443,метрична книга|народження|шлюб|смерть
ДАЖО-1-77-473,метрична книга|народження|шлюб|смерть
ДАЖО-1-77-481,метрична книга|народження|шлюб|смерть
ДАЖО-1-77-489,метрична книга|народження|шлюб|смерть
ДАЖО-1-77-497,метрична книга|народження|шлюб|смерть
ДАЖО-1-77-1313,метрична книга|народження|шлюб|смерть
ДАЖО-1-77-1327,метрична книга|народження|шлюб|смерть
ДАЖО-1-77-1345,метрична книга|народження|шлюб|смерть
ДАЖО-1-77-1355,метрична книга|народження|шлюб|смерть
ДАЖО-1-77-1370,метрична книга|народження|шлюб|смерть
ДАЖО-1-77-1385,метрична книга|народження|шлюб|смерть
ДАЖО-1-77-1401,метрична книга|народження|шлюб|смерть
ДАЖО-1-77-1414,метрична книга|народження|шлюб|смерть
ДАЖО-1-77-1446,метрична книга|народження|шлюб|смерть
ДАЖО-1-77-1459,метрична книга|народження|шлюб|смерть
ДАЖО-1-77-1470,метрична книга|народження|шлюб|смерть
ДАЖО-1-77-1483,метрична книга|народження|шлюб|смерть
ДАЖО-1-77-1494,метрична книга|народження|шлюб|смерть
ДАЖО-1-77-1506,метрична книга|народження|шлюб|смерть
ДАЖО-1-77-1530,метрична книга|народження|шлюб|смерть
ДАЖО-1-77-1542,метрична книга|народження|шлюб|смерть
ДАЖО-1-77-1563,метрична книга|народження|шлюб|смерть
ДАЖО-1-77-1564,метрична книга|народження|шлюб|смерть
ДАЖО-1-77-2152,метрична книга|народження|шлюб|смерть
ДАЖО-1-77-2154,метрична книга|народження|шлюб|смерть
ДАЖО-1-75-97,метрична книга|народження|шлюб|смерть
ДАЖО-1-75-102,метрична книга|народження|шлюб|смерть
ДАЖО-1-75-106,метрична книга|народження|шлюб|смерть
ДАЖО-1-75-110,метрична книга|народження|шлюб|смерть
ДАЖО-1-75-113,метрична книга|народження|шлюб|смерть
ДАЖО-1-75-117,метрична книга|народження|шлюб|смерть
ДАЖО-1-75-119,метрична книга|народження|шлюб|смерть
ДАЖО-1-75-122,метрична книга|народження|шлюб|смерть
ДАЖО-1-75-126,метрична книга|народження|шлюб|смерть
ДАЖО-1-75-130,метрична книга|народження|шлюб|смерть
ДАЖО-1-77-1,метрична книга|народження|шлюб|смерть
ДАЖО-1-77-5,метрична книга|народження|шлюб|смерть
ДАЖО-1-77-13,метрична книга|народження|шлюб|смерть
ДАЖО-1-77-17,метрична книга|народження|шлюб|смерть
ДАЖО-1-77-20,метрична книга|народження|шлюб|смерть
ДАЖО-1-77-1559,метрична книга|народження|шлюб|смерть
ДАЖО-1-75-118,метрична книга|народження|шлюб|смерть
ДАЖО-1-75-112,метрична книга|народження|шлюб|смерть
ДАЖО-1-77-1326,метрична книга|народження|шлюб|смерть
ДАЖО-1-77-157,метрична книга|народження|шлюб|смерть
ДАЖО-1-77-185,метрична книга|народження|шлюб|смерть
ДАЖО-1-77-428,метрична книга|народження|шлюб|смерть
ДАЖО-1-77-1356,метрична книга|народження|шлюб|смерть
ДАЖО-1-77-1371,метрична книга|народження|шлюб|смерть
ДАЖО-1-77-1426,метрична книга|народження|шлюб|смерть
ДАЖО-1-77-1437,метрична книга|народження|шлюб|смерть
ДАЖО-1-77-10,метрична книга|народження|шлюб|смерть
ДАЖО-1-77-466,метрична книга|народження|шлюб|смерть
ДАЖО-1-77-1920,метрична книга|народження|шлюб|смерть
ДАЖО-1-77-1314,метрична книга|народження|шлюб|смерть
ДАЖО-1-77-1328,метрична книга|народження|шлюб|смерть
ДАЖО-1-77-1346,метрична книга|народження|шлюб|смерть
ДАЖО-1-77-1357,метрична книга|народження|шлюб|смерть
ДАЖО-1-77-1372,метрична книга|народження|шлюб|смерть
ДАЖО-1-77-1386,метрична книга|народження|шлюб|смерть
ДАЖО-1-77-1402,метрична книга|народження|шлюб|смерть
ДАЖО-1-77-1415,метрична книга|народження|шлюб|смерть
ДАЖО-1-77-1447,метрична книга|народження|шлюб|смерть
ДАЖО-1-77-1471,метрична книга|народження|шлюб|смерть
ДАЖО-1-77-1490,метрична книга|народження|шлюб|смерть
ДАЖО-1-77-1495,метрична книга|народження|шлюб|смерть
ДАЖО-1-77-1507,метрична книга|народження|шлюб|смерть
ДАЖО-1-77-1518,метрична книга|народження|шлюб|смерть
ДАЖО-1-77-1531,метрична книга|народження|шлюб|смерть
ДАЖО-1-77-1543,метрична книга|народження|шлюб|смерть
ДАЖО-1-77-1561,метрична книга|народження|шлюб|смерть
ДАЖО-1-77-1488,метрична книга|народження|шлюб|смерть
ДАЖО-1-77-1554,метрична книга|народження|шлюб|смерть
ДАЖО-1-77-2092,метрична книга|народження|шлюб|смерть
ДАЖО-1-77-1484,метрична книга|народження|шлюб|смерть
ДАЖО-1-75-7,метрична книга|народження|шлюб|смерть
ДАЖО-1-75-11,метрична книга|народження|шлюб|смерть
ДАЖО-1-75-125,метрична книга|народження|шлюб|смерть
ДАЖО-1-75-135,метрична книга|народження|шлюб|смерть
ДАЖО-1-77-14,метрична книга|народження|шлюб|смерть
ДАЖО-1-77-15,метрична книга|народження|шлюб|смерть
ДАЖО-1-77-22,метрична книга|народження|шлюб|смерть
ДАЖО-1-77-26,метрична книга|народження|шлюб|смерть
ДАЖО-1-77-190,метрична книга|народження|шлюб|смерть
ДАЖО-1-77-197,метрична книга|народження|шлюб|смерть
ДАЖО-1-77-204,метрична книга|народження|шлюб|смерть
ДАЖО-1-77-434,метрична книга|народження|шлюб|смерть
ДАЖО-1-77-441,метрична книга|народження|шлюб|смерть
ДАЖО-1-77-456,метрична книга|народження|шлюб|смерть
ДАЖО-1-77-479,метрична книга|народження|шлюб|смерть
ДАЖО-1-77-487,метрична книга|народження|шлюб|смерть
ДАЖО-1-77-495,метрична книга|народження|шлюб|смерть
ДАЖО-1-77-1324,метрична книга|народження|шлюб|смерть
ДАЖО-1-77-1343,метрична книга|народження|шлюб|смерть
ДАЖО-1-77-1399,метрична книга|народження|шлюб|смерть
ДАЖО-1-77-1412,метрична книга|народження|шлюб|смерть
ДАЖО-1-77-1424,метрична книга|народження|шлюб|смерть
ДАЖО-1-77-1435,метрична книга|народження|шлюб|смерть
ДАЖО-1-77-1444,метрична книга|народження|шлюб|смерть
ДАЖО-1-77-1468,метрична книга|народження|шлюб|смерть
ДАЖО-1-77-1481,метрична книга|народження|шлюб|смерть
ДАЖО-1-77-1492,метрична книга|народження|шлюб|смерть
ДАЖО-1-77-1504,метрична книга|народження|шлюб|смерть
ДАЖО-1-77-1515,метрична книга|народження|шлюб|смерть
ДАЖО-1-77-1528,метрична книга|народження|шлюб|смерть
ДАЖО-1-77-1540,метрична книга|народження|шлюб|смерть
ДАЖО-1-77-1551,метрична книга|народження|шлюб|смерть
ДАЖО-1-77-19,метрична книга|народження|шлюб|смерть
ДАЖО-1-77-174,метрична книга|народження|шлюб|смерть
ДАЖО-1-77-181,метрична книга|народження|шлюб|смерть
ДАЖО-1-77-1315,метрична книга|народження|шлюб|смерть
ДАЖО-1-77-1329,метрична книга|народження|шлюб|смерть
ДАЖО-1-75-9,метрична книга|народження|шлюб|смерть
ДАЖО-1-77-1448,метрична книга|народження|шлюб|смерть
ДАЖО-1-77-1513А,метрична книга|народження|шлюб|смерть
ДАЖО-1-77-1526,метрична книга|народження|шлюб|смерть
ДАЖО-1-77-24,метрична книга|народження|шлюб|смерть
ДАЖО-1-75-69,метрична книга|народження|шлюб|смерть
ДАЖО-1-75-132,метрична книга|народження|шлюб|смерть
ДАЖО-1-77-6,метрична книга|народження|шлюб|смерть
ДАЖО-1-77-27,метрична книга|народження|шлюб|смерть
ДАЖО-1-77-30,метрична книга|народження|шлюб|смерть
ДАЖО-1-77-34,метрична книга|народження|шлюб|смерть
ДАЖО-1-77-161,метрична книга|народження|шлюб|смерть
ДАЖО-1-77-165,метрична книга|народження|шлюб|смерть
ДАЖО-1-77-169,метрична книга|народження|шлюб|смерть
ДАЖО-1-77-187,метрична книга|народження|шлюб|смерть
ДАЖО-1-77-193,метрична книга|народження|шлюб|смерть
ДАЖО-1-77-199,метрична книга|народження|шлюб|смерть
ДАЖО-1-77-429,метрична книга|народження|шлюб|смерть
ДАЖО-1-77-437,метрична книга|народження|шлюб|смерть
ДАЖО-1-77-444,метрична книга|народження|шлюб|смерть
ДАЖО-1-77-452,метрична книга|народження|шлюб|смерть
ДАЖО-1-77-459,метрична книга|народження|шлюб|смерть
ДАЖО-1-77-467,метрична книга|народження|шлюб|смерть
ДАЖО-1-77-474,метрична книга|народження|шлюб|смерть
ДАЖО-1-77-482,метрична книга|народження|шлюб|смерть
ДАЖО-1-77-500,метрична книга|народження|шлюб|смерть
ДАЖО-1-77-1317,метрична книга|народження|шлюб|смерть
ДАЖО-1-77-1332,метрична книга|народження|шлюб|смерть
ДАЖО-1-77-1360,метрична книга|народження|шлюб|смерть
ДАЖО-1-77-1375,метрична книга|народження|шлюб|смерть
ДАЖО-1-77-1389,метрична книга|народження|шлюб|смерть
ДАЖО-1-77-1416,метрична книга|народження|шлюб|смерть
ДАЖО-1-77-1427,метрична книга|народження|шлюб|смерть
ДАЖО-1-77-1438,метрична книга|народження|шлюб|смерть
ДАЖО-1-77-1472,метрична книга|народження|шлюб|смерть
ДАЖО-1-77-1555,метрична книга|народження|шлюб|смерть
ДАЖО-1-77-1439,метрична книга|народження|шлюб|смерть
ДАЖО-1-77-1450,метрична книга|народження|шлюб|смерть
ДАЖО-1-77-1462,метрична книга|народження|шлюб|смерть
ДАЖО-1-77-1486,метрична книга|народження|шлюб|смерть
ДАЖО-1-77-1496,метрична книга|народження|шлюб|смерть
ДАЖО-1-77-1509,метрична книга|народження|шлюб|смерть
ДАЖО-1-77-1521,метрична книга|народження|шлюб|смерть
ДАЖО-1-77-1532,метрична книга|народження|шлюб|смерть
ДАЖО-1-77-1544,метрична книга|народження|шлюб|смерть
ДАЖО-1-77-1556,метрична книга|народження|шлюб|смерть
ДАЖО-1-75-133,метрична книга|народження|шлюб|смерть
ДАЖО-1-77-12,метрична книга|народження|шлюб|смерть
ДАЖО-1-77-499,метрична книга|народження|шлюб|смерть
ДАЖО-1-77-1316,метрична книга|народження|шлюб|смерть
ДАЖО-1-77-1331,метрична книга|народження|шлюб|смерть
ДАЖО-1-77-1347,метрична книга|народження|шлюб|смерть
ДАЖО-1-77-1359,метрична книга|народження|шлюб|смерть
ДАЖО-1-77-1374,метрична книга|народження|шлюб|смерть
ДАЖО-1-77-1388,метрична книга|народження|шлюб|смерть
ДАЖО-1-77-1485,метрична книга|народження|шлюб|смерть
ДАЖО-1-77-1497,метрична книга|народження|шлюб|смерть
ДАЖО-1-77-1508,метрична книга|народження|шлюб|смерть
ДАЖО-1-77-1520,метрична книга|народження|шлюб|смерть
ДАЖО-1-77-1533,метрична книга|народження|шлюб|смерть
ДАЖО-1-77-1545,метрична книга|народження|шлюб|смерть
ДАЖО-1-77-1449,метрична книга|народження|шлюб|смерть
ДАЖО-1-77-2155,метрична книга|народження|шлюб|смерть
ДАЖО-1-77-175,метрична книга|народження|шлюб|смерть
ДАЖО-1-77-1358,метрична книга|народження|шлюб|смерть
ДАЖО-1-77-1373,метрична книга|народження|шлюб|смерть
ДАЖО-1-77-231,метрична книга|народження|шлюб|смерть
ДАЖО-1-77-1403,метрична книга|народження|шлюб|смерть
ДАЖО-1-77-1461,метрична книга|народження|шлюб|смерть
ДАЖО-1-77-1473,метрична книга|народження|шлюб|смерть
ДАЖО-1-75-34,метрична книга|народження|шлюб|смерть
ДАЖО-1-75-36,метрична книга|народження|шлюб|смерть
ДАЖО-1-75-38,метрична книга|народження|шлюб|смерть
ДАЖО-1-75-40,метрична книга|народження|шлюб|смерть
ДАЖО-1-75-39,метрична книга|народження|шлюб|смерть
ДАЖО-1-75-41,метрична книга|народження|шлюб|смерть
ДАЖО-1-75-43,метрична книга|народження|шлюб|смерть
ДАЖО-1-77-1333,метрична книга|народження|шлюб|смерть
ДАЖО-1-77-1387,метрична книга|народження|шлюб|смерть
ДАЖО-1-77-1428,метрична книга|народження|шлюб|смерть
ДАЖО-1-77-21,метрична книга|народження|шлюб|смерть
ДАЖО-1-75-6,метрична книга|народження|шлюб|смерть
ДАЖО-1-75-165,метрична книга|народження|шлюб|смерть
ДАЖО-1-75-169,метрична книга|народження|шлюб|смерть
ДАЖО-1-75-175,метрична книга|народження|шлюб|смерть
ДАЖО-1-75-186,метрична книга|народження|шлюб|смерть
ДАЖО-1-77-2153,метрична книга|народження|шлюб|смерть
ДАЖО-1-77-1404,метрична книга|народження|шлюб|смерть
ДАЖО-1-77-1330,метрична книга|народження|шлюб|смерть
ДАЖО-1-75-37,метрична книга|народження|шлюб|смерть
ДАЖО-1-75-26,метрична книга|народження|шлюб|смерть
ДАЖО-1-75-45,метрична книга|народження|шлюб|смерть
ДАЖО-1-75-176,метрична книга|народження|шлюб|смерть
ДАЖО-1-75-200,метрична книга|народження|шлюб|смерть
ДАЖО-1-77-33,метрична книга|народження|шлюб|смерть
ДАЖО-1-77-176,метрична книга|народження|шлюб|смерть
ДАЖО-1-77-182,метрична книга|народження|шлюб|смерть
ДАЖО-1-77-188,метрична книга|народження|шлюб|смерть
ДАЖО-1-77-200,метрична книга|народження|шлюб|смерть
ДАЖО-1-77-438,метрична книга|народження|шлюб|смерть
ДАЖО-1-77-445,метрична книга|народження|шлюб|смерть
ДАЖО-1-77-453,метрична книга|народження|шлюб|смерть
ДАЖО-1-77-460,метрична книга|народження|шлюб|смерть
ДАЖО-1-77-468,метрична книга|народження|шлюб|смерть
ДАЖО-1-77-475,метрична книга|народження|шлюб|смерть
ДАЖО-1-77-483,метрична книга|народження|шлюб|смерть
ДАЖО-1-77-491,метрична книга|народження|шлюб|смерть
ДАЖО-1-77-1318,метрична книга|народження|шлюб|смерть
ДАЖО-1-77-1334,метрична книга|народження|шлюб|смерть
ДАЖО-1-77-1348,метрична книга|народження|шлюб|смерть
ДАЖО-1-77-1361,метрична книга|народження|шлюб|смерть
ДАЖО-1-77-1376,метрична книга|народження|шлюб|смерть
ДАЖО-1-77-1390,метрична книга|народження|шлюб|смерть
ДАЖО-1-77-1405,метрична книга|народження|шлюб|смерть
ДАЖО-1-77-1418,метрична книга|народження|шлюб|смерть
ДАЖО-1-77-1429,метрична книга|народження|шлюб|смерть
ДАЖО-1-77-1451,метрична книга|народження|шлюб|смерть
ДАЖО-1-77-1474,метрична книга|народження|шлюб|смерть
ДАЖО-1-77-1487,метрична книга|народження|шлюб|смерть
ДАЖО-1-77-1498,метрична книга|народження|шлюб|смерть
ДАЖО-1-77-1510,метрична книга|народження|шлюб|смерть
ДАЖО-1-77-1522,метрична книга|народження|шлюб|смерть
ДАЖО-1-77-1534,метрична книга|народження|шлюб|смерть
ДАЖО-1-77-1546,метрична книга|народження|шлюб|смерть
ДАЖО-1-77-1557,метрична книга|народження|шлюб|смерть
ДАЖО-1-77-430,метрична книга|народження|шлюб|смерть
ДАЖО-1-75-47,метрична книга|народження|шлюб|смерть
ДАЖО-1-75-49,метрична книга|народження|шлюб|смерть
ДАЖО-1-77-1523,метрична книга|народження|шлюб|смерть
ДАЖО-1-75-121,метрична книга|народження|шлюб|смерть
ДАЖО-1-75-123,метрична книга|народження|шлюб|смерть
ДАЖО-1-77-35,метрична книга|народження|шлюб|смерть
ДАЖО-1-77-159,метрична книга|народження|шлюб|смерть
ДАЖО-1-77-163,метрична книга|народження|шлюб|смерть
ДАЖО-1-77-166,метрична книга|народження|шлюб|смерть
ДАЖО-1-77-171,метрична книга|народження|шлюб|смерть
ДАЖО-1-77-178,метрична книга|народження|шлюб|смерть
ДАЖО-1-77-184,метрична книга|народження|шлюб|смерть
ДАЖО-1-77-189,метрична книга|народження|шлюб|смерть
ДАЖО-1-77-196,метрична книга|народження|шлюб|смерть
ДАЖО-1-77-202,метрична книга|народження|шлюб|смерть
ДАЖО-1-77-433,метрична книга|народження|шлюб|смерть
ДАЖО-1-77-440,метрична книга|народження|шлюб|смерть
ДАЖО-1-77-448,метрична книга|народження|шлюб|смерть
ДАЖО-1-77-455,метрична книга|народження|шлюб|смерть
ДАЖО-1-77-463,метрична книга|народження|шлюб|смерть
ДАЖО-1-77-470,метрична книга|народження|шлюб|смерть
ДАЖО-1-77-478,метрична книга|народження|шлюб|смерть
ДАЖО-1-77-486,метрична книга|народження|шлюб|смерть
ДАЖО-1-77-494,метрична книга|народження|шлюб|смерть
ДАЖО-1-77-505,метрична книга|народження|шлюб|смерть
ДАЖО-1-77-1321,метрична книга|народження|шлюб|смерть
ДАЖО-1-77-1339,метрична книга|народження|шлюб|смерть
ДАЖО-1-77-1351,метрична книга|народження|шлюб|смерть
ДАЖО-1-77-1365,метрична книга|народження|шлюб|смерть
ДАЖО-1-77-1380,метрична книга|народження|шлюб|смерть
ДАЖО-1-77-1396,метрична книга|народження|шлюб|смерть
ДАЖО-1-77-1409,метрична книга|народження|шлюб|смерть
ДАЖО-1-77-1422,метрична книга|народження|шлюб|смерть
ДАЖО-1-77-1433,метрична книга|народження|шлюб|смерть
ДАЖО-1-77-1442,метрична книга|народження|шлюб|смерть
ДАЖО-1-77-1455,метрична книга|народження|шлюб|смерть
ДАЖО-1-77-1466,метрична книга|народження|шлюб|смерть
ДАЖО-1-77-1478,метрична книга|народження|шлюб|смерть
ДАЖО-1-77-1502,метрична книга|народження|шлюб|смерть
ДАЖО-1-77-1538,метрична книга|народження|шлюб|смерть
ДАЖО-1-77-1558,метрична книга|народження|шлюб|смерть
ДАЖО-1-75-48,метрична книга|народження|шлюб|смерть
ДАЖО-1-77-155,метрична книга|народження|шлюб|смерть
ДАЖО-1-77-158,метрична книга|народження|шлюб|смерть
ДАЖО-1-77-162,метрична книга|народження|шлюб|смерть
ДАЖО-1-77-170,метрична книга|народження|шлюб|смерть
ДАЖО-1-77-194,метрична книга|народження|шлюб|смерть
ДАЖО-1-77-1362,метрична книга|народження|шлюб|смерть
ДАЖО-1-77-1391,метрична книга|народження|шлюб|смерть
ДАЖО-1-77-1406,метрична книга|народження|шлюб|смерть
ДАЖО-1-77-1440,метрична книга|народження|шлюб|смерть
ДАЖО-1-77-1463,метрична книга|народження|шлюб|смерть
ДАЖО-1-77-1475,метрична книга|народження|шлюб|смерть
ДАЖО-1-77-502,метрична книга|народження|шлюб|смерть
ДАЖО-1-77-1335,метрична книга|народження|шлюб|смерть
ДАЖО-1-77-1349,метрична книга|народження|шлюб|смерть
ДАЖО-1-77-1377,метрична книга|народження|шлюб|смерть
ДАЖО-1-77-1452,метрична книга|народження|шлюб|смерть
ДАЖО-1-75-166,метрична книга|народження|шлюб|смерть
ДАЖО-1-75-170,метрична книга|народження|шлюб|смерть
ДАЖО-1-77-1535,метрична книга|народження|шлюб|смерть
ДАЖО-1-77-1547,метрична книга|народження|шлюб|смерть
ДАЖО-1-77-1565,метрична книга|народження|шлюб|смерть
ДАЖО-1-77-1419,метрична книга|народження|шлюб|смерть
ДАЖО-1-77-1430,метрична книга|народження|шлюб|смерть
ДАЖО-1-77-1499,метрична книга|народження|шлюб|смерть
ДАЖО-1-77-1511,метрична книга|народження|шлюб|смерть
ДАЖО-1-77-1453,метрична книга|народження|шлюб|смерть
ДАЖО-1-77-201,метрична книга|народження|шлюб|смерть
ДАЖО-1-77-431,метрична книга|народження|шлюб|смерть
ДАЖО-1-77-439,метрична книга|народження|шлюб|смерть
ДАЖО-1-77-446,метрична книга|народження|шлюб|смерть
ДАЖО-1-77-461,метрична книга|народження|шлюб|смерть
ДАЖО-1-77-484,метрична книга|народження|шлюб|смерть
ДАЖО-1-77-492,метрична книга|народження|шлюб|смерть
ДАЖО-1-77-503,метрична книга|народження|шлюб|смерть
ДАЖО-1-77-1319,метрична книга|народження|шлюб|смерть
ДАЖО-1-77-1336,метрична книга|народження|шлюб|смерть
ДАЖО-1-77-1363,метрична книга|народження|шлюб|смерть
ДАЖО-1-77-1378,метрична книга|народження|шлюб|смерть
ДАЖО-1-77-1392,метрична книга|народження|шлюб|смерть
ДАЖО-1-77-1407,метрична книга|народження|шлюб|смерть
ДАЖО-1-75-52,метрична книга|народження|шлюб|смерть
ДАЖО-1-75-128,метрична книга|народження|шлюб|смерть
ДАЖО-1-77-167,метрична книга|народження|шлюб|смерть
ДАЖО-1-77-179,метрична книга|народження|шлюб|смерть
ДАЖО-1-77-464,метрична книга|народження|шлюб|смерть
ДАЖО-1-77-471,метрична книга|народження|шлюб|смерть
ДАЖО-1-77-507,метрична книга|народження|шлюб|смерть
ДАЖО-1-77-1323,метрична книга|народження|шлюб|смерть
ДАЖО-1-77-1342,метрична книга|народження|шлюб|смерть
ДАЖО-1-77-1353,метрична книга|народження|шлюб|смерть
ДАЖО-1-77-1368,метрична книга|народження|шлюб|смерть
ДАЖО-1-77-1383,метрична книга|народження|шлюб|смерть
ДАЖО-1-77-1411,метрична книга|народження|шлюб|смерть
ДАЖО-1-77-9,метрична книга|народження|шлюб|смерть
ДАЖО-1-77-18,метрична книга|народження|шлюб|смерть
ДАЖО-1-77-177,метрична книга|народження|шлюб|смерть
ДАЖО-1-77-454,метрична книга|народження|шлюб|смерть
ДАЖО-1-77-462,метрична книга|народження|шлюб|смерть
ДАЖО-1-77-469,метрична книга|народження|шлюб|смерть
ДАЖО-1-77-1337,метрична книга|народження|шлюб|смерть
ДАЖО-1-77-1393,метрична книга|народження|шлюб|смерть
ДАЖО-1-77-1441,метрична книга|народження|шлюб|смерть
ДАЖО-1-77-1464,метрична книга|народження|шлюб|смерть
ДАЖО-1-77-1476,метрична книга|народження|шлюб|смерть
ДАЖО-1-77-1489,метрична книга|народження|шлюб|смерть
ДАЖО-1-77-1525,метрична книга|народження|шлюб|смерть
ДАЖО-1-77-1536,метрична книга|народження|шлюб|смерть
ДАЖО-1-77-1350,метрична книга|народження|шлюб|смерть
ДАЖО-1-77-1500,метрична книга|народження|шлюб|смерть
ДАЖО-1-77-1512,метрична книга|народження|шлюб|смерть
ДАЖО-1-77-1548,метрична книга|народження|шлюб|смерть
ДАЖО-1-77-1431,метрична книга|народження|шлюб|смерть
ДАЖО-1-76-178,метрична книга|народження|шлюб|смерть
ДАЖО-1-77-1420,метрична книга|народження|шлюб|смерть
ДАЖО-1-77-1477,метрична книга|народження|шлюб|смерть
ДАЖО-1-77-1338,метрична книга|народження|шлюб|смерть
ДАЖО-1-77-1394,метрична книга|народження|шлюб|смерть
ДАЖО-1-77-1408,метрична книга|народження|шлюб|смерть
ДАЖО-1-77-195,метрична книга|народження|шлюб|смерть
ДАЖО-1-77-432,метрична книга|народження|шлюб|смерть
ДАЖО-1-77-447,метрична книга|народження|шлюб|смерть
ДАЖО-1-77-477,метрична книга|народження|шлюб|смерть
ДАЖО-1-77-485,метрична книга|народження|шлюб|смерть
ДАЖО-1-77-493,метрична книга|народження|шлюб|смерть
ДАЖО-1-77-504,метрична книга|народження|шлюб|смерть
ДАЖО-1-77-1320,метрична книга|народження|шлюб|смерть
ДАЖО-1-77-1364,метрична книга|народження|шлюб|смерть
ДАЖО-1-77-1379,метрична книга|народження|шлюб|смерть
ДАЖО-1-77-1456,метрична книга|народження|шлюб|смерть
ДАЖО-1-77-1560,метрична книга|народження|шлюб|смерть
ДАЖО-1-77-1421,метрична книга|народження|шлюб|смерть
ДАЖО-1-77-1432,метрична книга|народження|шлюб|смерть
ДАЖО-1-77-1465,метрична книга|народження|шлюб|смерть
ДАЖО-1-77-1501,метрична книга|народження|шлюб|смерть
ДАЖО-1-77-1513,метрична книга|народження|шлюб|смерть
ДАЖО-1-77-1524,метрична книга|народження|шлюб|смерть
ДАЖО-1-77-1537,метрична книга|народження|шлюб|смерть
ДАЖО-1-77-1549,метрична книга|народження|шлюб|смерть
ДАЖО-1-77-1395,метрична книга|народження|шлюб|смерть
ДАЖО-1-77-1410,метрична книга|народження|шлюб|смерть
ДАЖО-1-77-1479,метрична книга|народження|шлюб|смерть
ДАЖО-1-77-1467,метрична книга|народження|шлюб|смерть
ДАЖО-1-77-1480,метрична книга|народження|шлюб|смерть
ДАЖО-1-77-1562,метрична книга|народження|шлюб|смерть
ДАЖО-1-77-1491,метрична книга|народження|шлюб|смерть
ДАЖО-1-77-1503,метрична книга|народження|шлюб|смерть
ДАЖО-1-77-1514,метрична книга|народження|шлюб|смерть
ДАЖО-1-77-1550,метрична книга|народження|шлюб|смерть
ДАЖО-1-77-1352,метрична книга|народження|шлюб|смерть
ДАЖО-1-77-203,метрична книга|народження|шлюб|смерть
ДАЖО-1-77-506,метрична книга|народження|шлюб|смерть
ДАЖО-1-77-1322,метрична книга|народження|шлюб|смерть
ДАЖО-1-77-1340,метрична книга|народження|шлюб|смерть
ДАЖО-1-77-1366,метрична книга|народження|шлюб|смерть
ДАЖО-1-77-1381,метрична книга|народження|шлюб|смерть
ДАЖО-1-77-1397,метрична книга|народження|шлюб|смерть
ДАЖО-1-77-1423,метрична книга|народження|шлюб|смерть
ДАЖО-1-77-1443,метрична книга|народження|шлюб|смерть
ДАЖО-1-77-1434,метрична книга|народження|шлюб|смерть
ДАЖО-1-75-71,метрична книга|народження|шлюб|смерть
ДАЖО-1-77-1341,метрична книга|народження|шлюб|смерть
ДАЖО-1-77-1367,метрична книга|народження|шлюб|смерть
ДАЖО-1-77-1382,метрична книга|народження|шлюб|смерть
ДАЖО-1-77-1398,метрична книга|народження|шлюб|смерть
ДАЖО-1-75-190,метрична книга|народження|шлюб|смерть
ДАЖО-1-77-508,метрична книга|народження|шлюб|смерть
ДАЖО-1-77-1917,метрична книга|народження|шлюб|смерть
ДАЖО-1-74-251,метрична книга|народження|шлюб|смерть
ДАЖО-1-74-291,метрична книга|народження|шлюб|смерть
ДАЖО-1-74-299,метрична книга|народження|шлюб|смерть
ДАЖО-1-74-307,метрична книга|народження|шлюб|смерть
ДАЖО-1-74-316,метрична книга|народження|шлюб|смерть
ДАЖО-1-74-317,метрична книга|народження|шлюб|смерть
ДАЖО-1-74-328,метрична книга|народження|шлюб|смерть
ДАЖО-1-74-331,метрична книга|народження|шлюб|смерть
ДАЖО-1-74-342,метрична книга|народження|шлюб|смерть
ДАЖО-1-74-343,метрична книга|народження|шлюб|смерть
ДАЖО-1-77-41,метрична книга|народження|шлюб|смерть
ДАЖО-1-77-45,метрична книга|народження|шлюб|смерть
ДАЖО-1-77-46,метрична книга|народження|шлюб|смерть
ДАЖО-1-77-208,метрична книга|народження|шлюб|смерть
ДАЖО-1-77-211,метрична книга|народження|шлюб|смерть
ДАЖО-1-77-214,метрична книга|народження|шлюб|смерть
ДАЖО-1-77-221,метрична книга|народження|шлюб|смерть
ДАЖО-1-77-225,метрична книга|народження|шлюб|смерть
ДАЖО-1-77-232,метрична книга|народження|шлюб|смерть
ДАЖО-1-77-236,метрична книга|народження|шлюб|смерть
ДАЖО-1-77-509,метрична книга|народження|шлюб|смерть
ДАЖО-1-77-515,метрична книга|народження|шлюб|смерть
ДАЖО-1-77-527,метрична книга|народження|шлюб|смерть
ДАЖО-1-77-538,метрична книга|народження|шлюб|смерть
ДАЖО-1-77-543,метрична книга|народження|шлюб|смерть
ДАЖО-1-77-549,метрична книга|народження|шлюб|смерть
ДАЖО-1-77-554,метрична книга|народження|шлюб|смерть
ДАЖО-1-77-1119,метрична книга|народження|шлюб|смерть
ДАЖО-1-77-1132,метрична книга|народження|шлюб|смерть
ДАЖО-1-77-1146,метрична книга|народження|шлюб|смерть
ДАЖО-1-77-1160,метрична книга|народження|шлюб|смерть
ДАЖО-1-77-1180,метрична книга|народження|шлюб|смерть
ДАЖО-1-77-1190,метрична книга|народження|шлюб|смерть
ДАЖО-1-77-1201,метрична книга|народження|шлюб|смерть
ДАЖО-1-77-1209,метрична книга|народження|шлюб|смерть
ДАЖО-1-77-1223,метрична книга|народження|шлюб|смерть
ДАЖО-1-77-1230,метрична книга|народження|шлюб|смерть
ДАЖО-1-77-1240,метрична книга|народження|шлюб|смерть
ДАЖО-1-77-1247,метрична книга|народження|шлюб|смерть
ДАЖО-1-74-256,метрична книга|народження|шлюб|смерть
ДАЖО-1-77-1311,метрична книга|народження|шлюб|смерть
ДАЖО-1-74-340,метрична книга|народження|шлюб|смерть
ДАЖО-1-77-1265,метрична книга|народження|шлюб|смерть
ДАЖО-1-77-1275,метрична книга|народження|шлюб|смерть
ДАЖО-1-77-1285,метрична книга|народження|шлюб|смерть
ДАЖО-1-77-1295,метрична книга|народження|шлюб|смерть
ДАЖО-1-77-1224,метрична книга|народження|шлюб|смерть
ДАЖО-1-77-1249,метрична книга|народження|шлюб|смерть
ДАЖО-1-77-1268,метрична книга|народження|шлюб|смерть
ДАЖО-1-77-1278,метрична книга|народження|шлюб|смерть
ДАЖО-1-77-1297,метрична книга|народження|шлюб|смерть
ДАЖО-1-77-1133,метрична книга|народження|шлюб|смерть
ДАЖО-1-77-1148,метрична книга|народження|шлюб|смерть
ДАЖО-1-77-1161,метрична книга|народження|шлюб|смерть
ДАЖО-1-77-1181,метрична книга|народження|шлюб|смерть
ДАЖО-1-77-1191,метрична книга|народження|шлюб|смерть
ДАЖО-1-77-530,метрична книга|народження|шлюб|смерть
ДАЖО-1-77-1134,метрична книга|народження|шлюб|смерть
ДАЖО-1-77-1147,метрична книга|народження|шлюб|смерть
ДАЖО-1-77-1266,метрична книга|народження|шлюб|смерть
ДАЖО-1-77-1276,метрична книга|народження|шлюб|смерть
ДАЖО-1-77-1286,метрична книга|народження|шлюб|смерть
ДАЖО-1-74-292,метрична книга|народження|шлюб|смерть
ДАЖО-1-74-300,метрична книга|народження|шлюб|смерть
ДАЖО-1-74-313,метрична книга|народження|шлюб|смерть
ДАЖО-1-74-330,метрична книга|народження|шлюб|смерть
ДАЖО-1-74-333,метрична книга|народження|шлюб|смерть
ДАЖО-1-74-338,метрична книга|народження|шлюб|смерть
ДАЖО-1-74-345,метрична книга|народження|шлюб|смерть
ДАЖО-1-74-346,метрична книга|народження|шлюб|смерть
ДАЖО-1-77-43,метрична книга|народження|шлюб|смерть
ДАЖО-1-77-44,метрична книга|народження|шлюб|смерть
ДАЖО-1-77-52,метрична книга|народження|шлюб|смерть
ДАЖО-1-77-210,метрична книга|народження|шлюб|смерть
ДАЖО-1-77-213,метрична книга|народження|шлюб|смерть
ДАЖО-1-77-216,метрична книга|народження|шлюб|смерть
ДАЖО-1-77-514,метрична книга|народження|шлюб|смерть
ДАЖО-1-77-520,метрична книга|народження|шлюб|смерть
ДАЖО-1-77-525,метрична книга|народження|шлюб|смерть
ДАЖО-1-77-548,метрична книга|народження|шлюб|смерть
ДАЖО-1-77-553,метрична книга|народження|шлюб|смерть
ДАЖО-1-77-562,метрична книга|народження|шлюб|смерть
ДАЖО-1-77-1144,метрична книга|народження|шлюб|смерть
ДАЖО-1-77-1169,метрична книга|народження|шлюб|смерть
ДАЖО-1-77-1189,метрична книга|народження|шлюб|смерть
ДАЖО-1-77-1199,метрична книга|народження|шлюб|смерть
ДАЖО-1-77-1208,метрична книга|народження|шлюб|смерть
ДАЖО-1-77-1215,метрична книга|народження|шлюб|смерть
ДАЖО-1-77-1229,метрична книга|народження|шлюб|смерть
ДАЖО-1-77-1238,метрична книга|народження|шлюб|смерть
ДАЖО-1-77-1246,метрична книга|народження|шлюб|смерть
ДАЖО-1-77-1254,метрична книга|народження|шлюб|смерть
ДАЖО-1-77-1273,метрична книга|народження|шлюб|смерть
ДАЖО-1-77-1283,метрична книга|народження|шлюб|смерть
ДАЖО-1-77-1250,метрична книга|народження|шлюб|смерть
ДАЖО-1-77-1269,метрична книга|народження|шлюб|смерть
ДАЖО-1-77-1279,метрична книга|народження|шлюб|смерть
ДАЖО-1-77-1298,метрична книга|народження|шлюб|смерть
ДАЖО-1-77-555,метрична книга|народження|шлюб|смерть
ДАЖО-1-77-1210,метрична книга|народження|шлюб|смерть
ДАЖО-1-77-1231,метрична книга|народження|шлюб|смерть
ДАЖО-1-77-1241,метрична книга|народження|шлюб|смерть
ДАЖО-1-77-1248,метрична книга|народження|шлюб|смерть
ДАЖО-1-77-2071,метрична книга|народження|шлюб|смерть
ДАЖО-1-77-226,метрична книга|народження|шлюб|смерть
ДАЖО-1-77-510,метрична книга|народження|шлюб|смерть
ДАЖО-1-77-516,метрична книга|народження|шлюб|смерть
ДАЖО-1-77-522,метрична книга|народження|шлюб|смерть
ДАЖО-1-77-528,метрична книга|народження|шлюб|смерть
ДАЖО-1-77-539,метрична книга|народження|шлюб|смерть
ДАЖО-1-77-544,метрична книга|народження|шлюб|смерть
ДАЖО-1-77-550,метрична книга|народження|шлюб|смерть
ДАЖО-1-77-556,метрична книга|народження|шлюб|смерть
ДАЖО-1-77-1135,метрична книга|народження|шлюб|смерть
ДАЖО-1-77-1149,метрична книга|народження|шлюб|смерть
ДАЖО-1-77-1162,метрична книга|народження|шлюб|смерть
ДАЖО-1-77-1182,метрична книга|народження|шлюб|смерть
ДАЖО-1-77-1192,метрична книга|народження|шлюб|смерть
ДАЖО-1-74-326,метрична книга|народження|шлюб|смерть
ДАЖО-1-77-42,метрична книга|народження|шлюб|смерть
ДАЖО-1-77-1267,метрична книга|народження|шлюб|смерть
ДАЖО-1-77-1277,метрична книга|народження|шлюб|смерть
ДАЖО-1-77-1296,метрична книга|народження|шлюб|смерть
ДАЖО-1-77-2185,метрична книга|народження|шлюб|смерть
ДАЖО-1-77-2186,метрична книга|народження|шлюб|смерть
ДАЖО-1-77-1136,метрична книга|народження|шлюб|смерть
ДАЖО-1-77-1150,метрична книга|народження|шлюб|смерть
ДАЖО-1-77-1225,метрична книга|народження|шлюб|смерть
ДАЖО-1-77-222,метрична книга|народження|шлюб|смерть
ДАЖО-1-77-237,метрична книга|народження|шлюб|смерть
ДАЖО-1-77-1193,метрична книга|народження|шлюб|смерть
ДАЖО-1-77-1203,метрична книга|народження|шлюб|смерть
ДАЖО-1-77-1211,метрична книга|народження|шлюб|смерть
ДАЖО-1-77-1183,метрична книга|народження|шлюб|смерть
ДАЖО-1-77-1163,метрична книга|народження|шлюб|смерть
ДАЖО-1-77-233,метрична книга|народження|шлюб|смерть
ДАЖО-1-77-1237,метрична книга|народження|шлюб|смерть
ДАЖО-1-74-341,метрична книга|народження|шлюб|смерть
ДАЖО-1-77-568,метрична книга|народження|шлюб|смерть
ДАЖО-1-77-209,метрична книга|народження|шлюб|смерть
ДАЖО-1-77-212,метрична книга|народження|шлюб|смерть
ДАЖО-1-77-215,метрична книга|народження|шлюб|смерть
ДАЖО-1-77-227,метрична книга|народження|шлюб|смерть
ДАЖО-1-77-511,метрична книга|народження|шлюб|смерть
ДАЖО-1-77-517,метрична книга|народження|шлюб|смерть
ДАЖО-1-77-523,метрична книга|народження|шлюб|смерть
ДАЖО-1-77-529,метрична книга|народження|шлюб|смерть
ДАЖО-1-77-540,метрична книга|народження|шлюб|смерть
ДАЖО-1-77-545,метрична книга|народження|шлюб|смерть
ДАЖО-1-77-551,метрична книга|народження|шлюб|смерть
ДАЖО-1-77-557,метрична книга|народження|шлюб|смерть
ДАЖО-1-77-569,метрична книга|народження|шлюб|смерть
ДАЖО-1-77-1137,метрична книга|народження|шлюб|смерть
ДАЖО-1-77-1151,метрична книга|народження|шлюб|смерть
ДАЖО-1-77-1164,метрична книга|народження|шлюб|смерть
ДАЖО-1-77-1184,метрична книга|народження|шлюб|смерть
ДАЖО-1-77-1204,метрична книга|народження|шлюб|смерть
ДАЖО-1-77-1138,метрична книга|народження|шлюб|смерть
ДАЖО-1-77-1152,метрична книга|народження|шлюб|смерть
ДАЖО-1-77-1194,метрична книга|народження|шлюб|смерть
ДАЖО-1-77-1226,метрична книга|народження|шлюб|смерть
ДАЖО-1-77-1233,метрична книга|народження|шлюб|смерть
ДАЖО-1-74-337,метрична книга|народження|шлюб|смерть
ДАЖО-1-77-1139,метрична книга|народження|шлюб|смерть
ДАЖО-1-77-1153,метрична книга|народження|шлюб|смерть
ДАЖО-1-77-1185,метрична книга|народження|шлюб|смерть
ДАЖО-1-77-1195,метрична книга|народження|шлюб|смерть
ДАЖО-1-77-1212,метрична книга|народження|шлюб|смерть
ДАЖО-1-74-310,метрична книга|народження|шлюб|смерть
ДАЖО-1-77-1270,метрична книга|народження|шлюб|смерть
ДАЖО-1-77-1290,метрична книга|народження|шлюб|смерть
ДАЖО-1-77-1234,метрична книга|народження|шлюб|смерть
ДАЖО-1-77-234,метрична книга|народження|шлюб|смерть
ДАЖО-1-77-238,метрична книга|народження|шлюб|смерть
ДАЖО-1-77-512,метрична книга|народження|шлюб|смерть
ДАЖО-1-77-518,метрична книга|народження|шлюб|смерть
ДАЖО-1-77-546,метрична книга|народження|шлюб|смерть
ДАЖО-1-77-559,метрична книга|народження|шлюб|смерть
ДАЖО-1-77-571,метрична книга|народження|шлюб|смерть
ДАЖО-1-77-1140,метрична книга|народження|шлюб|смерть
ДАЖО-1-77-1154,метрична книга|народження|шлюб|смерть
ДАЖО-1-77-1186,метрична книга|народження|шлюб|смерть
ДАЖО-1-77-1196,метрична книга|народження|шлюб|смерть
ДАЖО-1-84-51,метрична книга|народження|шлюб|смерть
ДАЖО-1-77-524,метрична книга|народження|шлюб|смерть
ДАЖО-1-77-1206,метрична книга|народження|шлюб|смерть
ДАЖО-1-77-230,метрична книга|народження|шлюб|смерть
ДАЖО-1-77-572,метрична книга|народження|шлюб|смерть
ДАЖО-1-77-1141,метрична книга|народження|шлюб|смерть
ДАЖО-1-77-1155,метрична книга|народження|шлюб|смерть
ДАЖО-1-77-1213,метрична книга|народження|шлюб|смерть
ДАЖО-1-77-1252,метрична книга|народження|шлюб|смерть
ДАЖО-1-77-1271,метрична книга|народження|шлюб|смерть
ДАЖО-1-77-1291,метрична книга|народження|шлюб|смерть
ДАЖО-1-77-1299,метрична книга|народження|шлюб|смерть
ДАЖО-1-77-229,метрична книга|народження|шлюб|смерть
ДАЖО-1-77-560,метрична книга|народження|шлюб|смерть
ДАЖО-1-77-573,метрична книга|народження|шлюб|смерть
ДАЖО-1-77-1142,метрична книга|народження|шлюб|смерть
ДАЖО-1-77-1156,метрична книга|народження|шлюб|смерть
ДАЖО-1-77-1167,метрична книга|народження|шлюб|смерть
ДАЖО-1-77-1187,метрична книга|народження|шлюб|смерть
ДАЖО-1-77-1197,метрична книга|народження|шлюб|смерть
ДАЖО-1-77-1228,метрична книга|народження|шлюб|смерть
ДАЖО-1-77-1236,метрична книга|народження|шлюб|смерть
ДАЖО-1-77-1245,метрична книга|народження|шлюб|смерть
ДАЖО-1-77-1272,метрична книга|народження|шлюб|смерть
ДАЖО-1-77-1282,метрична книга|народження|шлюб|смерть
ДАЖО-1-77-1292,метрична книга|народження|шлюб|смерть
ДАЖО-1-77-1253,метрична книга|народження|шлюб|смерть
ДАЖО-1-77-513,метрична книга|народження|шлюб|смерть
ДАЖО-1-77-519,метрична книга|народження|шлюб|смерть
ДАЖО-1-77-547,метрична книга|народження|шлюб|смерть
ДАЖО-1-77-1143,метрична книга|народження|шлюб|смерть
ДАЖО-1-77-1157,метрична книга|народження|шлюб|смерть
ДАЖО-1-77-1207,метрична книга|народження|шлюб|смерть
ДАЖО-1-74-257,метрична книга|народження|шлюб|смерть
ДАЖО-1-77-1198,метрична книга|народження|шлюб|смерть
ДАЖО-1-74-258,метрична книга|народження|шлюб|смерть
ДАЖО-1-77-1188,метрична книга|народження|шлюб|смерть
ДАЖО-1-77-1168,метрична книга|народження|шлюб|смерть
ДАЖО-1-77-1145,метрична книга|народження|шлюб|смерть
ДАЖО-1-77-1159,метрична книга|народження|шлюб|смерть
ДАЖО-1-77-1200,метрична книга|народження|шлюб|смерть
ДАЖО-1-77-1239,метрична книга|народження|шлюб|смерть
ДАЖО-1-77-1274,метрична книга|народження|шлюб|смерть
ДАЖО-1-77-1284,метрична книга|народження|шлюб|смерть
ДАЖО-1-77-1294,метрична книга|народження|шлюб|смерть
ДАЖО-1-87-47,метрична книга|народження|шлюб|смерть
ДАЖО-1-78-996,метрична книга|народження|шлюб|смерть
ДАЖО-1-78-1092,метрична книга|народження|шлюб|смерть
ДАЖО-1-78-1098,метрична книга|народження|шлюб|смерть
ДАЖО-1-78-175,метрична книга|народження|шлюб|смерть
ДАЖО-1-78-178,метрична книга|народження|шлюб|смерть
ДАЖО-1-78-181,метрична книга|народження|шлюб|смерть
ДАЖО-1-78-184,метрична книга|народження|шлюб|смерть
ДАЖО-1-78-192,метрична книга|народження|шлюб|смерть
ДАЖО-1-78-193,метрична книга|народження|шлюб|смерть
ДАЖО-1-78-196,метрична книга|народження|шлюб|смерть
ДАЖО-1-78-198,метрична книга|народження|шлюб|смерть
ДАЖО-1-78-203,метрична книга|народження|шлюб|смерть
ДАЖО-1-78-208,метрична книга|народження|шлюб|смерть
ДАЖО-1-78-209,метрична книга|народження|шлюб|смерть
ДАЖО-1-87-9,метрична книга|народження|шлюб|смерть
ДАЖО-1-78-985,метрична книга|народження|шлюб|смерть
ДАЖО-1-76-181,метрична книга|народження|шлюб|смерть
ДАЖО-1-76-184,метрична книга|народження|шлюб|смерть
ДАЖО-1-76-193,метрична книга|народження|шлюб|смерть
ДАЖО-1-78-974,метрична книга|народження|шлюб|смерть
ДАЖО-1-76-196,метрична книга|народження|шлюб|смерть
ДАЖО-1-76-198,метрична книга|народження|шлюб|смерть
ДАЖО-1-78-1089,метрична книга|народження|шлюб|смерть
ДАЖО-1-78-1041,метрична книга|народження|шлюб|смерть
ДАЖО-1-78-1052,метрична книга|народження|шлюб|смерть
ДАЖО-1-78-1054,метрична книга|народження|шлюб|смерть
ДАЖО-1-78-1056,метрична книга|народження|шлюб|смерть
ДАЖО-1-78-1065,метрична книга|народження|шлюб|смерть
ДАЖО-1-78-1067,метрична книга|народження|шлюб|смерть
ДАЖО-1-78-1069,метрична книга|народження|шлюб|смерть
ДАЖО-1-78-1079,метрична книга|народження|шлюб|смерть
ДАЖО-1-78-1091,метрична книга|народження|шлюб|смерть
ДАЖО-1-78-1099,метрична книга|народження|шлюб|смерть
ДАЖО-1-76-180,метрична книга|народження|шлюб|смерть
ДАЖО-1-76-185,метрична книга|народження|шлюб|смерть
ДАЖО-1-76-189,метрична книга|народження|шлюб|смерть
ДАЖО-1-76-191,метрична книга|народження|шлюб|смерть
ДАЖО-1-76-200,метрична книга|народження|шлюб|смерть
ДАЖО-1-76-204,метрична книга|народження|шлюб|смерть
ДАЖО-1-76-207,метрична книга|народження|шлюб|смерть
ДАЖО-1-87-8,метрична книга|народження|шлюб|смерть
ДАЖО-1-76-183,метрична книга|народження|шлюб|смерть
ДАЖО-1-76-190,метрична книга|народження|шлюб|смерть
ДАЖО-1-76-174,метрична книга|народження|шлюб|смерть
ДАЖО-1-76-182,метрична книга|народження|шлюб|смерть
ДАЖО-1-76-194,метрична книга|народження|шлюб|смерть
ДАЖО-1-76-197,метрична книга|народження|шлюб|смерть
ДАЖО-1-76-206,метрична книга|народження|шлюб|смерть
ДАЖО-1-78-206,метрична книга|народження|шлюб|смерть
ДАЖО-1-78-108,метрична книга|народження|шлюб|смерть
ДАЖО-1-78-99,метрична книга|шлюб|смерть
ДАЖО-1-78-189,метрична книга|народження|шлюб|смерть
ДАЖО-1-78-191,метрична книга|народження|шлюб|смерть
ДАЖО-1-78-199,метрична книга|народження|шлюб|смерть
ДАЖО-1-78-200,метрична книга|народження|шлюб|смерть
ДАЖО-1-78-204,метрична книга|народження|шлюб|смерть
ДАЖО-1-78-207,метрична книга|народження|шлюб|смерть
ДАЖО-1-78-210,метрична книга|народження|шлюб|смерть
ДАЖО-1-87-1019,метрична книга|народження|шлюб|смерть
ДАЖО-1-87-1021,метрична книга|народження|шлюб|смерть
ДАЖО-1-78-188,метрична книга|народження
ДАЖО-1-87-10,метрична книга|народження
ДАЖО-1-78-91,метрична книга|народження|шлюб|смерть
ДАЖО-1-78-1169,метрична книга|народження|шлюб|смерть
ДАЖО-1-74-196,метрична книга|народження
ДАЖО-1-74-201,метрична книга|народження
ДАЖО-1-74-202,метрична книга|народження
ДАЖО-1-74-195,метрична книга|шлюб
ДАЖО-1-74-199,метрична книга|шлюб
ДАЖО-1-74-204,метрична книга|шлюб
ДАЖО-1-74-197,метрична книга|народження|смерть
ДАЖО-1-74-200,метрична книга|смерть
ДАЖО-1-74-203,метрична книга|смерть
ДАЖО-1-81-96,метрична книга|народження|шлюб|смерть
ДАЖО-1-78-118,метрична книга|народження|шлюб|смерть
ДАЖО-1-75-174,метрична книга|народження|шлюб|смерть
ДАЖО-1-75-180,метрична книга|народження|шлюб|смерть
ДАЖО-1-75-187,метрична книга|народження|шлюб|смерть
ДАЖО-1-75-242,метрична книга|народження|шлюб|смерть
ДАЖО-1-75-263,метрична книга|народження|шлюб|смерть
ДАЖО-1-85-29,метрична книга|народження|шлюб|смерть
ДАЖО-1-85-38,метрична книга|народження|шлюб|смерть
ДАЖО-1-75-150,метрична книга|народження|шлюб|смерть
ДАЖО-1-75-234,метрична книга|народження|шлюб|смерть
ДАЖО-1-75-164,метрична книга|народження|шлюб|смерть
ДАЖО-1-75-262,метрична книга|народження|шлюб|смерть
ДАЖО-1-75-201,метрична книга|народження|шлюб|смерть
ДАЖО-1-75-243,метрична книга|народження|шлюб|смерть
ДАЖО-1-75-203,метрична книга|народження|шлюб|смерть
ДАЖО-1-86-30,метрична книга|народження|шлюб|смерть
ДАЖО-1-86-35,метрична книга|народження|шлюб|смерть
ДАЖО-1-86-40,метрична книга|народження|шлюб|смерть
ДАЖО-1-85-56,метрична книга|народження|шлюб|смерть
ДАЖО-1-75-259,метрична книга|народження|шлюб|смерть
ДАЖО-1-75-264,метрична книга|народження|шлюб|смерть
ДАЖО-1-85-36,метрична книга|народження|шлюб|смерть
ДАЖО-1-85-51,метрична книга|народження|шлюб|смерть
ДАЖО-1-75-227,метрична книга|народження|шлюб|смерть
ДАЖО-1-75-232,метрична книга|народження|шлюб|смерть
ДАЖО-1-75-251,метрична книга|народження|шлюб|смерть
ДАЖО-1-75-216,метрична книга|народження|шлюб|смерть
ДАЖО-1-85-31,метрична книга|народження|шлюб|смерть
ДАЖО-1-75-241,метрична книга|народження|шлюб|смерть
ДАЖО-1-74-179,метрична книга|народження|шлюб|смерть
ДАЖО-1-74-180,метрична книга|народження|шлюб|смерть
ДАЖО-1-74-188,метрична книга|народження|шлюб|смерть
ДАЖО-1-77-1090,метрична книга|народження|шлюб|смерть
ДАЖО-1-78-1102,метрична книга|народження|шлюб|смерть
ДАЖО-1-81-27,метрична книга|народження|шлюб|смерть
ДАЖО-1-77-2220,метрична книга|народження|шлюб|смерть
ДАЖО-1-77-2201,метрична книга|народження|шлюб|смерть
ДАЖО-1-77-271,метрична книга|народження|шлюб|смерть
ДАЖО-1-77-679,метрична книга|народження|шлюб|смерть
ДАЖО-1-77-697,метрична книга|народження|шлюб|смерть
ДАЖО-1-77-1636,метрична книга|народження|шлюб|смерть
ДАЖО-1-77-1669,метрична книга|народження|шлюб|смерть
ДАЖО-1-77-1679,метрична книга|народження|шлюб|смерть
ДАЖО-1-77-1714,метрична книга|народження|шлюб|смерть
ДАЖО-1-77-1723,метрична книга|народження|шлюб|смерть
ДАЖО-1-77-1598,метрична книга|народження|шлюб|смерть
ДАЖО-1-77-2123,метрична книга|народження|шлюб|смерть
ДАЖО-1-77-2129,метрична книга|народження|шлюб|смерть
ДАЖО-1-77-1695,метрична книга|народження|шлюб|смерть
ДАЖО-1-77-2195,метрична книга|народження|шлюб|смерть
ДАЖО-1-77-1608,метрична книга|народження|шлюб|смерть
ДАЖО-1-77-1629,метрична книга|народження|шлюб|смерть
ДАЖО-1-77-671,метрична книга|народження|шлюб|смерть
ДАЖО-1-77-1689,метрична книга|народження|шлюб|смерть
ДАЖО-1-77-1697,метрична книга|народження|шлюб|смерть
ДАЖО-1-77-1654,метрична книга|народження|шлюб|смерть
ДАЖО-1-77-2203,метрична книга|народження|шлюб|смерть
ДАЖО-1-77-1600,метрична книга|народження|шлюб|смерть
ДАЖО-1-77-1568,метрична книга|народження|шлюб|смерть
ДАЖО-1-77-270,метрична книга|народження|шлюб|смерть
ДАЖО-1-77-280,метрична книга|народження|шлюб|смерть
ДАЖО-1-77-677,метрична книга|народження|шлюб|смерть
ДАЖО-1-77-1664,метрична книга|народження|шлюб|смерть
ДАЖО-1-77-1690,метрична книга|народження|шлюб|смерть
ДАЖО-1-77-1724,метрична книга|народження|шлюб|смерть
ДАЖО-1-77-1707,метрична книга|народження|шлюб|смерть
ДАЖО-1-77-2127,метрична книга|народження|шлюб|смерть
ДАЖО-1-77-1685,метрична книга|народження|шлюб|смерть
ДАЖО-1-77-1732,метрична книга|народження|шлюб|смерть
ДАЖО-1-77-1593,метрична книга|народження|шлюб|смерть
ДАЖО-1-77-1618,метрична книга|народження|шлюб|смерть
ДАЖО-1-77-1648,метрична книга|народження|шлюб|смерть
ДАЖО-1-77-1656,метрична книга|народження|шлюб|смерть
ДАЖО-1-77-1719,метрична книга|народження|шлюб|смерть
ДАЖО-1-77-260,метрична книга|народження|шлюб|смерть
ДАЖО-1-77-1577,метрична книга|народження|шлюб|смерть
ДАЖО-1-77-1570,метрична книга|народження|шлюб|смерть
ДАЖО-1-77-269,метрична книга|народження|шлюб|смерть
ДАЖО-1-77-696,метрична книга|народження|шлюб|смерть
ДАЖО-1-77-1594,метрична книга|народження|шлюб|смерть
ДАЖО-1-77-1640,метрична книга|народження|шлюб|смерть
ДАЖО-1-77-1717,метрична книга|народження|шлюб|смерть
ДАЖО-1-77-276,метрична книга|народження|шлюб|смерть
ДАЖО-1-77-680,метрична книга|народження|шлюб|смерть
ДАЖО-1-77-1603,метрична книга|народження|шлюб|смерть
ДАЖО-1-77-1611,метрична книга|народження|шлюб|смерть
ДАЖО-1-77-1734,метрична книга|народження|шлюб|смерть
ДАЖО-1-77-1657,метрична книга|народження|шлюб|смерть
ДАЖО-1-77-1683,метрична книга|народження|шлюб|смерть
ДАЖО-1-77-257,метрична книга|народження|шлюб|смерть
ДАЖО-1-77-1641,метрична книга|народження|шлюб|смерть
ДАЖО-1-77-1692,метрична книга|народження|шлюб|смерть
ДАЖО-1-77-1701,метрична книга|народження|шлюб|смерть
ДАЖО-1-77-1727,метрична книга|народження|шлюб|смерть
ДАЖО-1-77-1571,метрична книга|народження|шлюб|смерть
ДАЖО-1-77-1612,метрична книга|народження|шлюб|смерть
ДАЖО-1-77-1649,метрична книга|народження|шлюб|смерть
ДАЖО-1-77-1735,метрична книга|народження|шлюб|смерть
ДАЖО-1-77-684,метрична книга|народження|шлюб|смерть
ДАЖО-1-77-694,метрична книга|народження|шлюб|смерть
ДАЖО-1-77-1619,метрична книга|народження|шлюб|смерть
ДАЖО-1-77-1633,метрична книга|народження|шлюб|смерть
ДАЖО-1-77-1658,метрична книга|народження|шлюб|смерть
ДАЖО-1-77-1684,метрична книга|народження|шлюб|смерть
ДАЖО-1-77-1579,метрична книга|народження|шлюб|смерть
ДАЖО-1-77-1702,метрична книга|народження|шлюб|смерть
ДАЖО-1-77-1659,метрична книга|народження|шлюб|смерть
ДАЖО-1-77-1621,метрична книга|народження|шлюб|смерть
ДАЖО-1-77-695,метрична книга|народження|шлюб|смерть
ДАЖО-1-77-1580,метрична книга|народження|шлюб|смерть
ДАЖО-1-77-1573,метрична книга|народження|шлюб|смерть
ДАЖО-1-77-1606,метрична книга|народження|шлюб|смерть
ДАЖО-1-77-1660,метрична книга|народження|шлюб|смерть
ДАЖО-1-77-1668,метрична книга|народження|шлюб|смерть
ДАЖО-1-77-1712,метрична книга|народження|шлюб|смерть
ДАЖО-1-77-1722,метрична книга|народження|шлюб|смерть
ДАЖО-1-77-1622,метрична книга|народження|шлюб|смерть
ДАЖО-1-77-1703,метрична книга|народження|шлюб|смерть
ДАЖО-1-77-1614,метрична книга|народження|шлюб|смерть
ДАЖО-1-77-301,метрична книга|народження|шлюб|смерть
ДАЖО-1-77-603,метрична книга|народження|шлюб|смерть
ДАЖО-1-77-1824,метрична книга|народження|шлюб|смерть
ДАЖО-1-77-1862,метрична книга|народження|шлюб|смерть
ДАЖО-1-77-1873,метрична книга|народження|шлюб|смерть
ДАЖО-1-77-1879,метрична книга|народження|шлюб|смерть
ДАЖО-1-77-1914,метрична книга|народження|шлюб|смерть
ДАЖО-1-77-1924,метрична книга|народження|шлюб|смерть
ДАЖО-1-77-1966,метрична книга|народження|шлюб|смерть
ДАЖО-1-77-579,метрична книга|народження|шлюб|смерть
ДАЖО-1-77-588,метрична книга|народження|шлюб|смерть
ДАЖО-1-77-594,метрична книга|народження|шлюб|смерть
ДАЖО-1-77-624,метрична книга|народження|шлюб|смерть
ДАЖО-1-77-1806,метрична книга|народження|шлюб|смерть
ДАЖО-1-77-1928,метрична книга|народження|шлюб|смерть
ДАЖО-1-77-1934,метрична книга|народження|шлюб|смерть
ДАЖО-1-77-282,метрична книга|народження|шлюб|смерть
ДАЖО-1-77-1802,метрична книга|народження|шлюб|смерть
ДАЖО-1-77-608,метрична книга|народження|шлюб|смерть
ДАЖО-1-77-623,метрична книга|народження|шлюб|смерть
ДАЖО-1-77-657,метрична книга|народження|шлюб|смерть
ДАЖО-1-77-1967,метрична книга|народження|шлюб|смерть
ДАЖО-1-77-629,метрична книга|народження|шлюб|смерть
ДАЖО-1-77-1826,метрична книга|народження|шлюб|смерть
ДАЖО-1-77-1863,метрична книга|народження|шлюб|смерть
ДАЖО-1-77-310,метрична книга|народження|шлюб|смерть
ДАЖО-1-77-619,метрична книга|народження|шлюб|смерть
ДАЖО-1-77-632,метрична книга|народження|шлюб|смерть
ДАЖО-1-77-1823,метрична книга|народження|шлюб|смерть
ДАЖО-1-77-587,метрична книга|народження|шлюб|смерть
ДАЖО-1-77-1865,метрична книга|народження|шлюб|смерть
ДАЖО-1-77-1935,метрична книга|народження|шлюб|смерть
ДАЖО-1-77-661,метрична книга|народження|шлюб|смерть
ДАЖО-1-77-643,метрична книга|народження|шлюб|смерть
ДАЖО-1-77-286,метрична книга|народження|шлюб|смерть
ДАЖО-1-77-1969,метрична книга|народження|шлюб|смерть
ДАЖО-1-77-1849,метрична книга|народження|шлюб|смерть
ДАЖО-1-77-610,метрична книга|народження|шлюб|смерть
ДАЖО-1-77-595,метрична книга|народження|шлюб|смерть
ДАЖО-1-77-641,метрична книга|народження|шлюб|смерть
ДАЖО-1-77-649,метрична книга|народження|шлюб|смерть
ДАЖО-1-77-1841,метрична книга|народження|шлюб|смерть
ДАЖО-1-77-1872,метрична книга|народження|шлюб|смерть
ДАЖО-1-77-1926,метрична книга|народження|шлюб|смерть
ДАЖО-1-77-1908,метрична книга|народження|шлюб|смерть
ДАЖО-1-77-1952,метрична книга|народження|шлюб|смерть
ДАЖО-1-77-1833,метрична книга|народження|шлюб|смерть
ДАЖО-1-77-1960,метрична книга|народження|шлюб|смерть
ДАЖО-1-77-1993Б,метрична книга|народження|шлюб|смерть
ДАЖО-1-77-1828,метрична книга|народження|шлюб|смерть
ДАЖО-1-77-1803,метрична книга|народження|шлюб|смерть
ДАЖО-1-77-288,метрична книга|народження|шлюб|смерть
ДАЖО-1-77-1890,метрична книга|народження|шлюб|смерть
ДАЖО-1-77-650,метрична книга|народження|шлюб|смерть
ДАЖО-1-77-1881,метрична книга|народження|шлюб|смерть
ДАЖО-1-77-1990,метрична книга|народження|шлюб|смерть
ДАЖО-1-77-1866,метрична книга|народження|шлюб|смерть
ДАЖО-1-77-1955А,метрична книга|народження|шлюб|смерть
ДАЖО-1-77-191,метрична книга|народження|шлюб|смерть
ДАЖО-1-77-1979,метрична книга|народження|шлюб|смерть
ДАЖО-1-77-320,метрична книга|народження|шлюб|смерть
ДАЖО-1-77-627,метрична книга|народження|шлюб|смерть
ДАЖО-1-77-639,метрична книга|народження|шлюб|смерть
ДАЖО-1-77-640,метрична книга|народження|шлюб|смерть
ДАЖО-1-77-655,метрична книга|народження|шлюб|смерть
ДАЖО-1-77-1938,метрична книга|народження|шлюб|смерть
ДАЖО-1-77-1930,метрична книга|народження|шлюб|смерть
ДАЖО-1-77-611,метрична книга|народження|шлюб|смерть
ДАЖО-1-77-2213,метрична книга|народження|шлюб|смерть
ДАЖО-1-77-1980,метрична книга|народження|шлюб|смерть
ДАЖО-1-77-1804,метрична книга|народження|шлюб|смерть
ДАЖО-1-77-1883,метрична книга|народження|шлюб|смерть
ДАЖО-1-77-616,метрична книга|народження|шлюб|смерть
ДАЖО-1-77-1911,метрична книга|народження|шлюб|смерть
ДАЖО-1-77-625,метрична книга|народження|шлюб|смерть
ДАЖО-1-77-1902,метрична книга|народження|шлюб|смерть
ДАЖО-1-77-325,метрична книга|народження|шлюб|смерть
ДАЖО-1-77-653,метрична книга|народження|шлюб|смерть
ДАЖО-1-77-1964,метрична книга|народження|шлюб|смерть
ДАЖО-1-77-1982,метрична книга|народження|шлюб|смерть
ДАЖО-1-77-318,метрична книга|народження|шлюб|смерть
ДАЖО-1-77-1886,метрична книга|народження|шлюб|смерть
ДАЖО-1-77-1923,метрична книга|народження|шлюб|смерть
ДАЖО-1-77-1940,метрична книга|народження|шлюб|смерть
ДАЖО-1-77-1965,метрична книга|народження|шлюб|смерть
ДАЖО-178-3-93,метрична книга|народження|шлюб|смерть
ДАЖО-178-51-510,метрична книга|народження|шлюб|смерть
ДАЖО-178-3-115,метрична книга|народження|шлюб|смерть
ДАЖО-178-3-74,метрична книга|народження|шлюб|смерть
ДАЖО-178-3-19,метрична книга|народження|шлюб|смерть
ДАЖО-178-3-23,метрична книга|народження|шлюб|смерть
ДАЖО-178-3-128,метрична книга|народження|шлюб|смерть
ДАЖО-178-51-389,метрична книга|народження|шлюб|смерть
ДАЖО-178-3-7,метрична книга|народження|шлюб
ДАЖО-178-3-32,метрична книга|народження
ДАЖО-178-3-35,метрична книга|народження
ДАЖО-178-3-39,метрична книга|народження
ДАЖО-178-3-63,метрична книга|народження
ДАЖО-178-51-484,метрична книга|шлюб
ДАЖО-178-3-250,метрична книга|шлюб|смерть
ДАЖО-178-3-5,метрична книга|смерть
ДАЖО-178-3-27,метрична книга|народження
ДАЖО-178-3-40,метрична книга|народження
ДАЖО-178-3-41,метрична книга|народження
ДАЖО-178-3-53,метрична книга|народження|шлюб|смерть
ДАЖО-178-51-486,метрична книга|народження|шлюб
ДАЖО-178-51-399,метрична книга|народження|шлюб|смерть
ДАЖО-178-51-516,метрична книга|народження|шлюб|смерть
ДАЖО-178-3-94,метрична книга|народження|шлюб|смерть
ДАЖО-178-3-99,метрична книга|народження|шлюб|смерть
ДАЖО-178-51-50,метрична книга|народження|шлюб|смерть
ДАЖО-178-51-390,метрична книга|народження|шлюб|смерть
ДАЖО-641-1-15,метрична книга|народження|шлюб|смерть
ДАЖО-178-51-403,метрична книга|народження|шлюб|смерть
ДАЖО-178-3-76,метрична книга|народження|шлюб|смерть
ДАЖО-178-52-28,метрична книга|шлюб
ДАЖО-178-3-263,метрична книга|шлюб
ДАЖО-178-51-483,метрична книга|народження|шлюб|смерть
ДАЖО-178-51-498,метрична книга|народження|шлюб|смерть
ДАЖО-178-51-538,метрична книга|народження|шлюб|смерть
ДАЖО-178-51-526,метрична книга|народження|шлюб|смерть
ДАЖО-178-51-376,метрична книга|народження
ДАЖО-178-51-448,метрична книга|народження|шлюб|смерть
ДАЖО-178-51-468,метрична книга|народження|шлюб|смерть
ДАЖО-178-51-449,метрична книга|народження|шлюб|смерть
ДАЖО-178-51-552,метрична книга|народження|шлюб|смерть
ДАЖО-178-51-560,метрична книга|народження|шлюб|смерть
ДАЖО-178-52-11,метрична книга|народження|шлюб|смерть
ДАЖО-178-51-489,метрична книга|народження|шлюб|смерть
ДАЖО-178-51-491,метрична книга|народження
ДАЖО-178-51-532,метрична книга|народження
ДАЖО-178-51-543,метрична книга|народження
ДАЖО-178-51-544,метрична книга|народження
ДАЖО-178-51-556,метрична книга|народження
ДАЖО-178-51-408,метрична книга|народження|шлюб|смерть
ДАЖО-178-51-432,метрична книга|народження|шлюб|смерть
ДАЖО-178-51-533,метрична книга|народження|шлюб|смерть
ДАЖО-178-51-413,метрична книга|народження|шлюб|смерть
ДАЖО-178-51-492,метрична книга|народження|шлюб|смерть
ДАЖО-178-51-508,метрична книга|народження|шлюб|смерть
ДАЖО-178-51-518,метрична книга|народження|шлюб|смерть
ДАЖО-178-51-414,метрична книга|народження|шлюб|смерть
ДАЖО-178-51-495,метрична книга|народження|шлюб|смерть
ДАЖО-178-51-405,метрична книга|народження|шлюб|смерть
ДАЖО-178-51-481,метрична книга|народження|шлюб|смерть
ДАЖО-178-53-132,метрична книга|народження|шлюб|смерть
ДАЖО-178-53-160,метрична книга|народження|шлюб|смерть
ДАЖО-178-53-158,метрична книга|народження|шлюб|смерть
ДАЖО-178-53-168,метрична книга|народження|шлюб|смерть
ДАЖО-178-53-175,метрична книга|народження|шлюб|смерть
ДАЖО-178-51-590,метрична книга|народження|шлюб|смерть
ДАЖО-178-51-591,метрична книга|народження|шлюб|смерть
ДАЖО-178-53-130,метрична книга|шлюб
ДАЖО-178-53-174А,метрична книга|шлюб
ДАЖО-178-53-161,метрична книга|смерть
ДАЖО-178-53-170,метрична книга|смерть
ДАЖО-178-53-176,метрична книга|смерть
ДАЖО-178-51-436,метрична книга|народження|шлюб|смерть
ДАЖО-178-51-569,метрична книга|смерть
ДАЖО-178-51-460,метрична книга|народження|шлюб|смерть
ДАЖО-178-53-163,метрична книга|народження|шлюб|смерть
ДАЖО-178-53-187,метрична книга|народження|шлюб|смерть
ДАЖО-178-53-189,метрична книга|народження|шлюб|смерть
ДАЖО-178-53-191,метрична книга|народження|шлюб|смерть
ДАЖО-178-53-197,метрична книга|народження|шлюб|смерть
ДАЖО-178-53-181,метрична книга|шлюб
ДАЖО-178-53-183,метрична книга|шлюб
ДАЖО-178-53-182,метрична книга|смерть
ДАЖО-178-3-375,метрична книга|народження|шлюб|смерть
ДАЖО-178-51-279,метрична книга|народження|шлюб|смерть
ДАЖО-178-53-164,метрична книга|народження
ДАЖО-178-53-173,метрична книга|народження|шлюб|смерть
ДАЖО-178-53-179,метрична книга|народження|шлюб|смерть
ДАЖО-178-53-180,метрична книга|народження|шлюб|смерть
ДАЖО-178-53-188,метрична книга|народження|шлюб|смерть
ДАЖО-178-53-192,метрична книга|народження|шлюб|смерть
ДАЖО-178-53-193,метрична книга|народження|шлюб|смерть
ДАЖО-178-53-194,метрична книга|народження|шлюб|смерть
ДАЖО-178-53-195,метрична книга|народження|шлюб|смерть
ДАЖО-178-53-196,метрична книга|народження|шлюб|смерть
ДАЖО-178-53-172,метрична книга|народження|шлюб|смерть
ДАЖО-178-53-185,метрична книга|народження|шлюб
ДАЖО-178-53-186,метрична книга|смерть
ДАЖО-178-53-165,метрична книга|народження
ДАЖО-178-53-171,метрична книга|народження|шлюб|смерть
ДАЖО-178-53-167,метрична книга|шлюб
ДАЖО-178-53-166,метрична книга|смерть
ДАЖО-178-51-494,метрична книга|народження|шлюб|смерть
ДАЖО-178-3-210,метрична книга|народження
ДАЖО-178-52-17,метрична книга|народження|шлюб|смерть
ДАЖО-640-1-3,метрична книга|народження
ДАЖО-178-52-21,метрична книга|народження|шлюб|смерть
ДАЖО-178-53-190,метрична книга|народження|шлюб|смерть
ДАЖО-178-3-102,метрична книга|народження|шлюб|смерть
ДАЖО-178-51-319,метрична книга|народження|шлюб|смерть
ДАЖО-67-8-2,метрична книга|народження|шлюб|смерть
ДАЖО-67-8-4,метрична книга|народження|шлюб|смерть
ДАЖО-67-8-19,метрична книга|народження
ДАЖО-67-8-24,метрична книга|смерть
ДАЖО-67-8-34,метрична книга|народження|шлюб|смерть
ДАЖО-67-8-43,метрична книга|народження|шлюб|смерть
ДАЖО-1-74-210,метрична книга|народження
ДАЖО-67-8-47,метрична книга|народження
ДАЖО-67-3-4,метрична книга|народження
ДАЖО-67-3-9,метрична книга|народження
ДАЖО-67-3-16А,метрична книга|народження
ДАЖО-67-3-36,метрична книга|шлюб
ДАЖО-67-3-38,метрична книга|шлюб
ДАЖО-67-3-52,метрична книга|розлучення
ДАЖО-67-3-76,метрична книга|смерть
ДАЖО-67-3-80,метрична книга|смерть
ДАЖО-67-3-81,метрична книга|смерть
ДАЖО-67-3-83,метрична книга|смерть
ДАЖО-67-3-86,метрична книга|смерть
ДАЖО-67-3-89,метрична книга|смерть
ДАЖО-67-3-90,метрична книга|смерть
ДАЖО-67-3-151,метрична книга|шлюб
ДАЖО-67-3-262,метрична книга|шлюб
ДАЖО-67-3-269,метрична книга|розлучення
ДАЖО-67-3-274,метрична книга|розлучення
ДАЖО-67-3-310,метрична книга|шлюб
ДАЖО-67-3-317,метрична книга|розлучення
ДАЖО-67-3-679,метрична книга|розлучення
ДАЖО-67-3-338,метрична книга|народження
ДАЖО-67-3-340,метрична книга|народження
ДАЖО-67-3-347,метрична книга|шлюб
ДАЖО-67-3-351,метрична книга|шлюб
ДАЖО-67-3-356,метрична книга|розлучення
ДАЖО-67-3-423,метрична книга|розлучення
ДАЖО-67-3-491,метрична книга|розлучення
ДАЖО-638-1-13,метрична книга|шлюб
ДАЖО-638-1-16,метрична книга|шлюб
ДАЖО-638-1-42,метрична книга|розлучення
ДАЖО-638-1-2,метрична книга|розлучення
