full_code,db_before,catalog
ДАЖО-1-78-531,1802-1802,1797-1807
ДАЖО-1-78-539,1807-1807,1803-1812
ДАЖО-1-78-541,1808-1808,1804-1812
ДАЖО-1-78-544,1809-1809,1806-1813
ДАЖО-1-78-545,1810-1810,1806-1814
ДАЖО-1-78-548,1811-1811,1807-1815
ДАЖО-1-78-552,1813-1813,1809-1817
ДАЖО-1-78-554,1814-1814,"1810-1818,1820-1821"
ДАЖО-1-78-555,1815-1815,1811-1821
ДАЖО-1-78-558,1816-1816,1812-1820
ДАЖО-1-78-559,1817-1817,1812-1822
ДАЖО-1-78-561,1818-1818,1814-1822
ДАЖО-1-78-562,1819-1819,1814-1822
ДАЖО-1-78-566,1821-1821,"1814-1815,1817-1822,1824-1828"
ДАЖО-1-78-568,1822-1822,1817-1828
ДАЖО-1-78-571,1824-1824,"1821-1822,1824-1830"
ДАЖО-1-78-573,1825-1825,"1821-1822,1824-1830"
ДАЖО-1-78-575,1826-1826,"1821-1822,1824-1830"
ДАЖО-1-78-577,1827-1827,"1822-1822,1824-1832"
ДАЖО-1-78-579,1828-1828,"1822-1822,1824-1832"
ДАЖО-1-78-581,1829-1829,1824-1834
ДАЖО-1-78-583,1830-1830,1824-1834
ДАЖО-1-78-586,1831-1831,1827-1835
ДАЖО-1-78-588,1832-1832,1827-1836
ДАЖО-1-78-591,1834-1834,"1797-1797,1829-1838"
ДАЖО-1-78-593,1835-1835,"1797-1797,1831-1840"
ДАЖО-1-78-595,1836-1836,"1832-1841,1843-1843"
ДАЖО-1-78-598,1837-1837,1833-1841
ДАЖО-1-78-601,1838-1838,1834-1843
ДАЖО-1-78-603,1839-1839,1834-1844
ДАЖО-1-78-606,1841-1841,1837-1847
ДАЖО-1-78-607,1842-1842,1838-1849
ДАЖО-1-78-613,1845-1845,1838-1850
ДАЖО-1-78-614,1846-1846,"1839-1851,1856-1856"
ДАЖО-1-78-620,1848-1848,"1842-1843,1845-1853"
ДАЖО-1-78-628,1851-1851,"1846-1846,1848-1855"
ДАЖО-1-78-629,1852-1852,1848-1856
ДАЖО-1-78-631,1853-1853,1849-1857
ДАЖО-1-78-634,1854-1854,1850-1860
ДАЖО-1-78-636,1855-1855,"1851-1860,1865-1865"
ДАЖО-1-78-625,1856-1856,"1846-1847,1849-1860"
ДАЖО-1-78-639,1857-1857,"1853-1860,1865-1865"
ДАЖО-1-78-641,1858-1858,"1854-1860,1865-1866"
ДАЖО-1-78-644,1859-1859,1854-1860
ДАЖО-1-78-526,1798-1798,1797-1803
ДАЖО-1-78-537,1806-1806,"1802-1810,1855-1860"
ДАЖО-1-78-549,1812-1812,1807-1817
ДАЖО-1-78-565,1820-1820,1814-1822
ДАЖО-1-78-529,1800-1800,1797-1804
ДАЖО-1-78-533,1804-1804,1803-1808
ДАЖО-1-78-536,1805-1805,1802-1810
ДАЖО-1-78-538,1806-1806,1802-1810
ДАЖО-1-78-540,1807-1807,1802-1811
ДАЖО-1-78-542,1808-1808,"1803-1814,1855-1859"
ДАЖО-1-78-543,1810-1810,1805-1814
ДАЖО-1-78-546,1810-1810,1805-1815
ДАЖО-1-78-547,1811-1811,1807-1814
ДАЖО-1-78-550,1812-1812,1807-1817
ДАЖО-1-78-551,1813-1813,1809-1817
ДАЖО-1-78-556,1815-1815,"1810-1810,1812-1820"
ДАЖО-1-78-557,1816-1816,1812-1821
ДАЖО-1-78-560,1817-1817,1812-1821
ДАЖО-1-78-563,1819-1819,"1812-1823,1825-1825"
ДАЖО-1-78-564,1820-1820,"1814-1823,1825-1825"
ДАЖО-1-78-567,1821-1821,"1816-1823,1825-1825"
ДАЖО-1-78-569,1822-1822,"1819-1823,1825-1827,1829-1829"
ДАЖО-1-78-570,1823-1823,"1819-1823,1825-1827,1829-1829"
ДАЖО-1-78-574,1825-1825,1819-1830
ДАЖО-1-78-576,1826-1826,"1822-1823,1825-1830"
ДАЖО-1-78-578,1827-1827,1822-1831
ДАЖО-1-78-580,1828-1828,1824-1831
ДАЖО-1-78-584,1830-1830,1825-1835
ДАЖО-1-78-587,1832-1832,1827-1837
ДАЖО-1-78-572,1824-1824,"1821-1822,1824-1828"
ДАЖО-1-78-582,1829-1829,"1822-1823,1825-1835"
ДАЖО-1-78-585,1831-1831,"1827-1835,1840-1840,1842-1842"
ДАЖО-1-78-688,1868-1868,"1829-1833,1848-1852,1868-1868"
ДАЖО-1-78-596,1836-1836,"1797-1797,1832-1840"
ДАЖО-1-78-602,1839-1839,1834-1847
ДАЖО-1-78-604,1840-1840,"1829-1832,1835-1847"
ДАЖО-1-78-611,1843-1843,1838-1850
ДАЖО-1-78-528,1799-1799,1797-1803
ДАЖО-1-78-532,1803-1803,1802-1808
ДАЖО-1-78-553,1814-1814,1809-1820
ДАЖО-1-78-590,1833-1833,1829-1837
ДАЖО-1-78-592,1834-1834,1829-1840
ДАЖО-1-78-597,1837-1837,1832-1841
ДАЖО-1-78-600,1838-1838,"1834-1843,1845-1845"
ДАЖО-1-78-605,1840-1840,1834-1846
ДАЖО-1-78-609,1842-1842,"1831-1831,1838-1850"
ДАЖО-1-78-638,1857-1857,1853-1860
ДАЖО-1-78-594,1835-1835,1829-1840
ДАЖО-1-78-527,1798-1798,"1797-1803,1833-1836"
ДАЖО-1-78-622,1850-1850,"1842-1842,1845-1854,1856-1856"
ДАЖО-1-78-599,1838-1838,1834-1842
ДАЖО-1-78-535,1805-1805,1802-1808
ДАЖО-1-78-619,1848-1848,"1842-1844,1846-1852"
ДАЖО-1-78-621,1849-1849,"1842-1843,1845-1853,1856-1856"
ДАЖО-1-78-846,1797-1798,"1797-1804,1811-1815,1838-1841"
ДАЖО-1-74-9,1835-1835,"1835-1836,1841-1841"
ДАЖО-1-74-13,1836-1836,"1835-1836,1841-1841"
ДАЖО-1-74-28,1841-1841,"1835-1836,1841-1842"
ДАЖО-1-80-61,1842-1842,1840-1860
ДАЖО-1-80-70,1843-1843,1840-1848
ДАЖО-1-80-78,1845-1845,1842-1848
ДАЖО-1-80-79,1846-1846,1842-1848
ДАЖО-1-80-83,1848-1848,"1842-1843,1845-1854"
ДАЖО-1-80-85,1849-1849,1847-1854
ДАЖО-1-80-89,1850-1850,1847-1854
ДАЖО-1-80-92,1851-1851,1848-1854
ДАЖО-1-80-94,1852-1852,1848-1854
ДАЖО-1-80-95,1853-1853,1848-1858
ДАЖО-1-80-98,1854-1854,"1848-1854,1856-1859"
ДАЖО-1-80-103,1856-1856,"1853-1854,1856-1860"
ДАЖО-1-80-105,1861-1861,"1853-1854,1856-1861"
ДАЖО-1-80-106,1858-1858,"1853-1854,1856-1861"
ДАЖО-1-80-110,1859-1859,"1854-1854,1856-1863"
ДАЖО-1-78-617,1847-1847,"1839-1847,1849-1850,1856-1856"
ДАЖО-1-78-624,1850-1850,1849-1854
ДАЖО-1-78-626,1851-1851,1849-1855
ДАЖО-1-80-71,1844-1844,1840-1846
ДАЖО-1-80-116,1861-1880,1859-1880
ДАЖО-1-80-119,1861-1861,1857-1865
ДАЖО-1-80-122,1862-1862,1859-1866
ДАЖО-1-80-125,1863-1863,1859-1868
ДАЖО-1-80-1,1797-1797,1797-1801
ДАЖО-1-80-7,1802-1802,1800-1805
ДАЖО-1-78-616,1846-1846,"1839-1847,1849-1849"
ДАЖО-1-78-678,1851-1851,"1825-1829,1848-1852"
ДАЖО-1-78-680,1851-1851,"1825-1829,1847-1852"
ДАЖО-1-80-6,1803-1803,1800-1807
ДАЖО-1-78-649,1866-1866,"1858-1860,1866-1866"
ДАЖО-1-78-534,1804-1804,1802-1808
ДАЖО-1-78-610,1843-1843,"1836-1844,1846-1846,1848-1848"
ДАЖО-1-78-612,1844-1844,"1839-1844,1846-1848"
ДАЖО-1-78-618,1847-1847,"1844-1844,1847-1852"
ДАЖО-1-78-623,1850-1850,1847-1854
ДАЖО-1-78-627,1851-1851,1847-1854
ДАЖО-1-78-630,1852-1852,1847-1854
ДАЖО-1-78-632,1853-1853,1850-1857
ДАЖО-1-78-633,1854-1854,1850-1858
ДАЖО-1-78-635,1855-1855,1853-1860
ДАЖО-1-78-637,1856-1856,1853-1860
ДАЖО-1-78-640,1858-1858,"1854-1860,1866-1866"
ДАЖО-1-78-642,1859-1859,"1855-1860,1866-1866"
ДАЖО-1-78-645,1860-1860,"1855-1860,1866-1866"
ДАЖО-1-78-615,1846-1846,"1842-1844,1846-1846,1848-1848"
ДАЖО-1-80-2,1799-1799,1797-1802
ДАЖО-1-80-8,1804-1804,"1803-1807,1834-1835,1850-1854"
ДАЖО-1-80-9,1805-1805,1803-1810
ДАЖО-1-80-12,1808-1808,1807-1810
ДАЖО-1-80-13,1809-1809,1807-1814
ДАЖО-1-80-14,1810-1810,1807-1814
ДАЖО-1-78-652,1817-1817,"1817-1818,1862-1862"
ДАЖО-1-78-653,1818-1818,1817-1818
ДАЖО-1-78-671,1848-1848,1843-1852
ДАЖО-1-74-184,1835-1835,1835-1840
ДАЖО-1-78-655,1843-1843,1843-1848
ДАЖО-1-78-659,1844-1844,1843-1849
ДАЖО-1-78-660,1845-1845,1843-1849
ДАЖО-1-78-663,1846-1846,1843-1848
ДАЖО-1-78-675,1849-1849,"1844-1849,1851-1852"
ДАЖО-1-78-658,1844-1844,1843-1848
ДАЖО-1-78-661,1845-1845,1843-1848
ДАЖО-1-78-664,1846-1846,1843-1848
ДАЖО-1-78-668,1847-1847,1843-1852
ДАЖО-1-78-670,1848-1848,1844-1852
ДАЖО-1-78-676,1849-1849,1847-1852
ДАЖО-1-78-677,1850-1850,1847-1852
ДАЖО-1-78-679,1851-1851,1847-1852
ДАЖО-1-78-683,1852-1852,1847-1852
ДАЖО-1-78-654,1843-1843,1843-1848
ДАЖО-1-78-666,1846-1846,1843-1849
ДАЖО-1-78-673,1848-1848,1843-1852
ДАЖО-1-78-651,1799-1799,"1799-1799,1817-1818"
ДАЖО-1-78-685,1867-1867,"1851-1852,1867-1868"
ДАЖО-1-78-686,1868-1868,1867-1868
ДАЖО-1-78-672,1848-1848,1844-1852
ДАЖО-1-78-674,1849-1849,1844-1852
ДАЖО-1-78-667,1847-1847,1843-1852
ДАЖО-1-78-969,1797-1797,1795-1797
ДАЖО-1-78-656,1843-1843,1843-1848
ДАЖО-1-78-657,1844-1844,1843-1849
ДАЖО-1-78-662,1845-1845,1843-1849
ДАЖО-1-78-665,1846-1846,1843-1849
ДАЖО-1-78-682,1852-1852,1847-1852
ДАЖО-1-78-684,1867-1867,"1848-1852,1867-1867"
ДАЖО-1-78-681,1851-1851,"1848-1849,1851-1852"
ДАЖО-1-78-669,1848-1848,"1844-1849,1851-1852"
ДАЖО-1-75-53,1837-1837,1837-1854
ДАЖО-1-74-41,1796-1797,1796-1801
ДАЖО-1-74-42,1796-1797,1796-1801
ДАЖО-1-78-687,1868-1868,1867-1868
ДАЖО-1-78-886,1829-1835,1829-1837
ДАЖО-1-78-892,1837-1837,1834-1847
ДАЖО-1-78-894,1838-1838,"1797-1797,1834-1842"
ДАЖО-1-78-895,1839-1839,"1797-1797,1835-1843"
ДАЖО-1-78-898,1840-1840,"1797-1797,1836-1846"
ДАЖО-1-78-902,1842-1842,1837-1847
ДАЖО-1-78-905,1843-1843,1839-1843
ДАЖО-1-78-908,1844-1848,1840-1849
ДАЖО-1-78-910,1845-1845,1844-1848
ДАЖО-1-78-913,1846-1846,1841-1852
ДАЖО-1-76-1,1795-1796,1795-1800
ДАЖО-1-76-2,1796-1796,1795-1796
ДАЖО-1-76-3,1798-1800,1797-1803
ДАЖО-1-76-6,1803-1807,1803-1810
ДАЖО-1-76-7,1805-1805,1803-1807
ДАЖО-1-76-9,1806-1806,1803-1810
ДАЖО-1-76-11,1807-1807,"1803-1810,1848-1856"
ДАЖО-1-76-17,1811-1811,"1803-1808,1811-1815,1817-1819"
ДАЖО-1-76-19,1812-1812,"1803-1808,1811-1815,1817-1819"
ДАЖО-1-76-22,1813-1813,"1803-1808,1811-1815,1817-1819"
ДАЖО-1-76-23,1815-1820,1811-1820
ДАЖО-1-76-27,1817-1817,"1811-1813,1817-1828"
ДАЖО-1-76-30,1818-1818,"1812-1813,1817-1828"
ДАЖО-1-76-31,1819-1819,"1812-1813,1817-1819"
ДАЖО-1-76-33,1821-1821,1821-1836
ДАЖО-1-76-150,1866-1866,"1829-1830,1848-1868"
ДАЖО-1-76-47,1830-1830,1829-1831
ДАЖО-1-76-488,1834-1835,1834-1848
ДАЖО-1-76-118,1835-1835,1834-1835
ДАЖО-1-76-54,1836-1836,"1829-1832,1834-1848"
ДАЖО-1-76-62,1840-1840,1838-1848
ДАЖО-1-76-104,1850-1850,1850-1854
ДАЖО-1-76-109,1852-1852,1850-1855
ДАЖО-1-76-113,1853-1853,"1808-1808,1850-1855"
ДАЖО-1-76-126,1857-1857,1848-1862
ДАЖО-1-76-130,1858-1858,1857-1862
ДАЖО-1-76-131,1859-1859,"1857-1862,1869-1916"
ДАЖО-1-76-136,1860-1860,1857-1862
ДАЖО-1-76-562,1860-1860,1857-1862
ДАЖО-1-77-2003А,1863-1863,1862-1863
ДАЖО-1-76-143,1864-1864,1862-1868
ДАЖО-1-76-152,1867-1867,1864-1868
ДАЖО-1-76-158,1868-1868,1864-1868
ДАЖО-1-77-89,1869-1869,1868-1919
ДАЖО-1-77-61,1870-1870,1869-1919
ДАЖО-1-77-64,1871-1871,1868-1919
ДАЖО-1-76-18,1812-1813,1811-1813
ДАЖО-1-76-21,1813-1813,1812-1813
ДАЖО-1-76-26,1816-1816,1815-1820
ДАЖО-1-76-28,1818-1818,1815-1820
ДАЖО-1-76-32,1820-1820,1815-1820
ДАЖО-1-76-552,1819-1819,1815-1820
ДАЖО-1-76-570,1817-1817,1815-1820
ДАЖО-1-76-34,1822-1825,1815-1831
ДАЖО-1-76-37,1824-1824,1822-1825
ДАЖО-1-76-39,1825-1825,1822-1825
ДАЖО-1-76-41,1827-1827,1822-1831
ДАЖО-1-76-44,1828-1828,1822-1831
ДАЖО-1-76-554,1829-1831,"1815-1820,1822-1832"
ДАЖО-1-76-49,1831-1831,1829-1831
ДАЖО-1-77-2001,1861-1861,1860-1883
ДАЖО-1-77-2011,1870-1916,1864-1919
ДАЖО-1-77-2012,1871-1874,1868-1874
ДАЖО-1-77-66,1872-1872,1869-1919
ДАЖО-1-77-2013,1872-1872,1868-1874
ДАЖО-1-77-68,1871-1871,1869-1919
ДАЖО-1-77-2014,1873-1873,1871-1874
ДАЖО-1-77-2015,1873-1876,1869-1919
ДАЖО-1-77-76,1875-1875,1868-1919
ДАЖО-1-77-2017,1919-1919,"1871-1874,1919-1919"
ДАЖО-1-77-2018,1875-1875,1869-1919
ДАЖО-1-77-84,1876-1876,1868-1919
ДАЖО-1-77-2020,1876-1876,1869-1919
ДАЖО-1-77-2022,1877-1877,1869-1919
ДАЖО-1-77-102,1878-1878,1868-1919
ДАЖО-1-77-2024,1878-1878,1869-1919
ДАЖО-1-77-106,1879-1879,1868-1919
ДАЖО-1-77-111,1880-1880,1868-1919
ДАЖО-1-77-116,1881-1881,1868-1919
ДАЖО-1-77-122,1882-1882,1869-1919
ДАЖО-1-77-2033,1882-1882,1880-1885
ДАЖО-1-77-130,1883-1883,1869-1919
ДАЖО-1-77-139,1884-1884,1869-1919
ДАЖО-1-77-2038,1884-1884,1869-1919
ДАЖО-1-77-147,1885-1885,1869-1919
ДАЖО-1-77-328,1916-1916,1869-1919
ДАЖО-1-77-337,1916-1916,1869-1919
ДАЖО-1-77-346,1916-1916,1868-1919
ДАЖО-1-77-355,1916-1916,1869-1919
ДАЖО-1-77-364,1890-1916,1869-1919
ДАЖО-1-77-375,1916-1916,1869-1919
ДАЖО-1-77-384,1892-1916,1868-1919
ДАЖО-1-77-391,1916-1916,1868-1919
ДАЖО-1-77-399,1916-1916,1869-1919
ДАЖО-1-77-409,1916-1916,1869-1919
ДАЖО-1-77-721,1916-1916,1869-1919
ДАЖО-1-77-739,1916-1916,1869-1919
ДАЖО-1-77-757,1916-1916,1869-1919
ДАЖО-1-77-776,1916-1916,1869-1919
ДАЖО-1-77-794,1916-1916,1869-1919
ДАЖО-1-77-812,1916-1916,1869-1919
ДАЖО-1-77-829,1902-1916,1869-1919
ДАЖО-1-77-844,1916-1916,1869-1919
ДАЖО-1-77-860,1916-1916,1869-1919
ДАЖО-1-77-878,1916-1916,1869-1919
ДАЖО-1-77-892,1906-1916,1869-1919
ДАЖО-1-77-910,1916-1916,1869-1919
ДАЖО-1-77-925,1916-1916,1869-1919
ДАЖО-1-77-936,1916-1916,1869-1919
ДАЖО-1-77-953,1916-1916,1869-1919
ДАЖО-1-77-972,1916-1916,1869-1919
ДАЖО-1-77-992,1912-1916,1869-1919
ДАЖО-1-77-1012,1916-1916,1869-1919
ДАЖО-1-77-1032,1916-1916,1869-1919
ДАЖО-1-77-1052,1916-1916,1869-1919
ДАЖО-1-77-2136,1918-1918,1869-1919
ДАЖО-1-77-2145,1919-1919,1869-1919
ДАЖО-1-76-24,1816-1842,1816-1843
ДАЖО-1-76-139,1861-1861,"1857-1862,1869-1916"
ДАЖО-1-77-2016,1874-1874,1873-1876
ДАЖО-1-77-2019,1875-1875,1873-1876
ДАЖО-1-77-2021,1876-1876,1873-1876
ДАЖО-1-77-2023,1877-1877,1869-1919
ДАЖО-1-77-2025,1878-1916,1869-1919
ДАЖО-1-77-2027,1879-1879,1869-1919
ДАЖО-1-77-2029,1880-1916,1869-1919
ДАЖО-1-77-2031,1881-1881,1869-1919
ДАЖО-1-77-2035,1883-1883,1869-1919
ДАЖО-1-77-2040,1884-1884,1869-1919
ДАЖО-1-77-2043,1885-1885,1869-1919
ДАЖО-1-77-2044,1886-1887,1869-1919
ДАЖО-1-76-551,1804-1804,1803-1807
ДАЖО-1-76-67,1842-1842,1834-1848
ДАЖО-1-77-1069,1916-1916,1869-1919
ДАЖО-1-77-1075,1916-1917,1869-1919
ДАЖО-1-76-103,1850-1850,1839-1854
ДАЖО-1-77-327,1882-1885,"1877-1877,1880-1885"
ДАЖО-1-77-410,1895-1916,1869-1919
ДАЖО-1-77-722,1916-1916,1869-1919
ДАЖО-1-77-746,1916-1916,1869-1919
ДАЖО-1-77-758,1916-1916,1869-1919
ДАЖО-1-77-777,1916-1916,1869-1919
ДАЖО-1-77-795,1916-1916,1869-1919
ДАЖО-1-77-813,1916-1916,1869-1919
ДАЖО-1-77-740,1916-1916,1869-1919
ДАЖО-1-77-845,1916-1916,1869-1919
ДАЖО-1-77-131,1883-1883,1869-1919
ДАЖО-1-77-75,1874-1874,1869-1919
ДАЖО-1-77-926,1916-1916,1869-1919
ДАЖО-1-77-954,1916-1916,1869-1919
ДАЖО-1-77-973,1916-1916,1869-1919
ДАЖО-1-76-40,1826-1826,1822-1831
ДАЖО-1-81-30А,1812-1824,1801-1833
ДАЖО-1-81-66,1830-1833,1801-1833
ДАЖО-1-81-75,1841-1842,1837-1842
ДАЖО-1-76-59,1839-1839,1834-1848
ДАЖО-1-77-329,1916-1916,1868-1919
ДАЖО-1-77-846,1916-1916,1869-1916
ДАЖО-1-77-862,1916-1916,1869-1916
ДАЖО-1-77-879,1916-1916,1869-1919
ДАЖО-1-77-911,1907-1916,1869-1919
ДАЖО-1-77-937,1916-1916,1869-1918
ДАЖО-1-77-2032,1882-1882,1868-1919
ДАЖО-1-77-1015,1916-1916,1869-1919
ДАЖО-1-77-2007,1869-1916,1864-1919
ДАЖО-1-77-2028,1880-1885,1868-1919
ДАЖО-1-77-2037,1883-1883,1868-1919
ДАЖО-1-77-1053,1916-1916,1868-1919
ДАЖО-1-77-2002,1862-1862,1862-1881
ДАЖО-1-77-2004,1864-1864,1863-1867
ДАЖО-1-77-2005,1865-1865,1863-1867
ДАЖО-1-77-2009,1866-1870,1863-1870
ДАЖО-1-77-2010,1867-1867,1863-1870
ДАЖО-1-77-2006,1868-1872,1866-1872
ДАЖО-1-76-10,1807-1807,1803-1807
ДАЖО-1-76-12,1808-1810,1803-1813
ДАЖО-1-76-14,1809-1809,1808-1810
ДАЖО-1-76-15,1810-1810,1808-1810
ДАЖО-1-76-127,1858-1858,1857-1862
ДАЖО-1-76-153,1867-1867,1864-1919
ДАЖО-1-77-59,1870-1870,1868-1919
ДАЖО-1-77-65,1872-1872,1868-1919
ДАЖО-1-77-67,1873-1873,1868-1919
ДАЖО-1-77-2026,1879-1879,1868-1919
ДАЖО-1-77-2030,1881-1881,1880-1885
ДАЖО-1-77-123,1882-1882,1868-1919
ДАЖО-1-77-132,1883-1883,1868-1919
ДАЖО-1-77-140,1884-1884,1868-1919
ДАЖО-1-77-148,1900-1904,1868-1919
ДАЖО-1-77-338,1897-1916,1868-1919
ДАЖО-1-77-356,1889-1916,1868-1919
ДАЖО-1-77-365,1916-1916,1868-1919
ДАЖО-1-77-376,1891-1891,1868-1919
ДАЖО-1-77-402,1916-1916,1868-1919
ДАЖО-1-77-412,1916-1916,1868-1919
ДАЖО-1-77-724,1916-1916,1868-1919
ДАЖО-1-77-742,1897-1916,1868-1919
ДАЖО-1-77-760,1898-1916,1868-1920
ДАЖО-1-77-779,1916-1916,1868-1919
ДАЖО-1-77-797,1916-1916,1868-1919
ДАЖО-1-77-815,1916-1916,1868-1919
ДАЖО-1-77-831,1916-1916,1868-1919
ДАЖО-1-77-847,1903-1916,1868-1919
ДАЖО-1-77-863,1916-1916,1868-1919
ДАЖО-1-77-880,1905-1916,1868-1919
ДАЖО-1-77-894,1916-1916,1868-1919
ДАЖО-1-77-912,1916-1916,1868-1919
ДАЖО-1-77-926Б,1908-1908,1868-1919
ДАЖО-1-77-938,1916-1916,1868-1919
ДАЖО-1-77-957,1916-1916,1868-1916
ДАЖО-1-77-976,1911-1913,1909-1913
ДАЖО-1-77-995,1916-1916,1868-1916
ДАЖО-1-77-1014,1916-1916,1868-1919
ДАЖО-1-77-1036,1916-1916,1868-1919
ДАЖО-1-77-1070,1916-1916,1868-1919
ДАЖО-1-76-4,1799-1799,1798-1800
ДАЖО-1-76-5,1800-1800,1798-1800
ДАЖО-1-76-66,1842-1842,1834-1848
ДАЖО-1-76-92,1847-1847,1839-1851
ДАЖО-1-76-557,1848-1848,1839-1851
ДАЖО-1-74-309,1852-1852,1847-1852
ДАЖО-1-76-112,1853-1853,1852-1868
ДАЖО-1-76-124,1856-1856,1848-1868
ДАЖО-1-76-125,1857-1857,1848-1868
ДАЖО-1-76-132,1859-1859,"1848-1868,1883-1884"
ДАЖО-1-76-560,1860-1860,1848-1868
ДАЖО-1-76-141,1862-1862,1853-1868
ДАЖО-1-76-142,1863-1863,1853-1868
ДАЖО-1-76-144,1864-1864,1853-1868
ДАЖО-1-76-149,1866-1866,1853-1868
ДАЖО-1-76-155,1867-1867,1853-1868
ДАЖО-1-76-156,1868-1868,"1827-1827,1843-1868"
ДАЖО-1-77-91,1869-1869,"1853-1870,1903-1905"
ДАЖО-1-77-60,1870-1870,1869-1919
ДАЖО-1-77-63,1871-1871,1869-1919
ДАЖО-1-77-95,1872-1872,1869-1919
ДАЖО-1-77-87,1876-1876,1869-1919
ДАЖО-1-77-99,1877-1877,1869-1919
ДАЖО-1-77-103,1878-1878,1869-1919
ДАЖО-1-77-107,1879-1879,1869-1919
ДАЖО-1-77-112,1880-1880,1869-1919
ДАЖО-1-77-118,1881-1881,1869-1919
ДАЖО-1-77-124,1882-1882,1869-1919
ДАЖО-1-77-133,1883-1883,1869-1919
ДАЖО-1-77-141,1884-1884,1869-1919
ДАЖО-1-77-150,1885-1885,1869-1919
ДАЖО-1-77-321,1885-1888,"1881-1886,1888-1888"
ДАЖО-1-77-340,1916-1916,1869-1919
ДАЖО-1-77-349,1916-1916,1869-1919
ДАЖО-1-77-358,1916-1916,1869-1919
ДАЖО-1-77-367,1916-1916,1875-1919
ДАЖО-1-77-393,1916-1916,1869-1919
ДАЖО-1-77-403,1894-1916,1869-1919
ДАЖО-1-77-415,1916-1916,1875-1919
ДАЖО-1-77-728,1896-1916,1875-1919
ДАЖО-1-77-763,1916-1916,1875-1919
ДАЖО-1-77-782,1916-1916,1875-1919
ДАЖО-1-77-801,1916-1916,1875-1919
ДАЖО-1-77-819,1916-1916,1875-1919
ДАЖО-1-77-834,1916-1916,1869-1919
ДАЖО-1-77-850,1916-1916,1869-1919
ДАЖО-1-77-867,1916-1916,1869-1919
ДАЖО-1-77-882,1916-1916,1869-1919
ДАЖО-1-77-897,1906-1910,1869-1919
ДАЖО-1-77-916,1916-1916,1869-1919
ДАЖО-1-77-926Е,1908-1908,"1906-1906,1908-1908"
ДАЖО-1-77-943,1916-1916,1869-1919
ДАЖО-1-77-960,1916-1916,1869-1919
ДАЖО-1-77-980,1916-1916,1869-1919
ДАЖО-1-77-999,1916-1916,1875-1919
ДАЖО-1-77-1018,1913-1916,1869-1919
ДАЖО-1-77-1038,1916-1916,1869-1919
ДАЖО-1-77-1057,1915-1919,1911-1919
ДАЖО-1-77-1071,1916-1916,1914-1919
ДАЖО-1-77-1077,1916-1917,1914-1919
ДАЖО-1-77-2139,1916-1918,1914-1919
ДАЖО-1-77-2148,1916-1919,1875-1919
ДАЖО-1-76-8,1806-1806,1803-1807
ДАЖО-1-76-559,1857-1857,"1816-1820,1843-1868"
ДАЖО-1-76-553,1827-1827,"1822-1831,1848-1868"
ДАЖО-1-76-45,1828-1828,1822-1828
ДАЖО-1-76-46,1830-1830,1827-1846
ДАЖО-1-76-48,1831-1831,1827-1845
ДАЖО-1-76-50,1832-1832,"1827-1828,1830-1846"
ДАЖО-1-76-69,1843-1843,1839-1868
ДАЖО-1-76-77,1844-1844,1843-1868
ДАЖО-1-76-86,1846-1846,1843-1868
ДАЖО-1-76-558,1850-1850,1843-1868
ДАЖО-1-76-107,1851-1851,1843-1868
ДАЖО-1-76-114,1853-1853,1843-1868
ДАЖО-1-76-117,1854-1854,1843-1868
ДАЖО-1-76-120,1855-1855,1843-1868
ДАЖО-1-76-123,1856-1856,1843-1868
ДАЖО-1-76-134,1859-1859,1843-1868
ДАЖО-1-76-135,1860-1860,1843-1868
ДАЖО-1-76-561,1862-1862,1848-1868
ДАЖО-1-76-571,1863-1863,1843-1868
ДАЖО-1-76-563,1864-1864,1843-1868
ДАЖО-1-76-147,1865-1865,1843-1868
ДАЖО-1-76-159,1868-1868,1848-1868
ДАЖО-1-77-56,1869-1869,1869-1919
ДАЖО-1-77-57,1870-1870,1869-1919
ДАЖО-1-77-93,1871-1871,1869-1919
ДАЖО-1-77-97,1872-1872,1869-1919
ДАЖО-1-77-70,1873-1873,1869-1919
ДАЖО-1-77-79,1875-1875,1869-1919
ДАЖО-1-77-83,1876-1876,1869-1919
ДАЖО-1-77-101,1877-1877,1869-1919
ДАЖО-1-77-105,1878-1878,1869-1919
ДАЖО-1-77-110,1879-1879,1869-1919
ДАЖО-1-77-115,1880-1884,1869-1919
ДАЖО-1-77-121,1881-1881,1869-1919
ДАЖО-1-77-128,1882-1882,1869-1919
ДАЖО-1-77-137,1883-1883,1869-1919
ДАЖО-1-77-145,1884-1884,1869-1919
ДАЖО-1-77-153,1885-1885,1869-1919
ДАЖО-1-77-335,1886-1916,1869-1919
ДАЖО-1-77-344,1887-1916,1869-1919
ДАЖО-1-77-353,1916-1916,1869-1919
ДАЖО-1-77-362,1916-1916,1869-1919
ДАЖО-1-77-382,1916-1916,1869-1919
ДАЖО-1-77-397,1916-1916,1869-1919
ДАЖО-1-77-407,1916-1916,1869-1919
ДАЖО-1-77-735,1896-1916,1869-1919
ДАЖО-1-77-754,1897-1916,1869-1919
ДАЖО-1-77-772,1898-1916,1869-1919
ДАЖО-1-77-790,1899-1916,1869-1919
ДАЖО-1-77-808,1900-1916,1869-1919
ДАЖО-1-77-826,1901-1916,1869-1919
ДАЖО-1-77-840,1902-1916,1869-1916
ДАЖО-1-77-856,1903-1916,1869-1916
ДАЖО-1-77-874,1904-1916,1869-1916
ДАЖО-1-77-888,1905-1916,1869-1916
ДАЖО-1-77-933,1908-1916,1869-1919
ДАЖО-1-77-949,1909-1916,1869-1916
ДАЖО-1-77-968,1916-1916,1869-1916
ДАЖО-1-77-988,1916-1916,1869-1916
ДАЖО-1-77-1026,1916-1916,1869-1916
ДАЖО-1-77-1047,1916-1916,1869-1916
ДАЖО-1-77-1067,1915-1916,1869-1919
ДАЖО-1-76-63,1840-1840,1834-1848
ДАЖО-1-76-81,1845-1845,1830-1868
ДАЖО-1-76-88,1846-1846,1834-1848
ДАЖО-1-77-347,1916-1916,1869-1919
ДАЖО-1-77-401,1916-1916,1869-1919
ДАЖО-1-77-411,1895-1916,1869-1919
ДАЖО-1-77-723,1916-1916,1869-1919
ДАЖО-1-77-741,1916-1916,1869-1919
ДАЖО-1-77-759,1916-1916,1869-1919
ДАЖО-1-77-778,1916-1916,1869-1919
ДАЖО-1-77-796,1916-1916,1869-1919
ДАЖО-1-77-814,1916-1916,1869-1919
ДАЖО-1-77-926А,1908-1908,1869-1919
ДАЖО-1-77-975,1916-1916,1869-1919
ДАЖО-1-77-994,1916-1916,1869-1919
ДАЖО-1-77-1013,1916-1916,1869-1919
ДАЖО-1-77-1035,1916-1916,1869-1919
ДАЖО-1-77-1054,1916-1916,1869-1919
ДАЖО-1-77-2137,1916-1918,1869-1919
ДАЖО-1-77-956,1916-1916,1869-1919
ДАЖО-1-77-1034,1916-1916,1869-1919
ДАЖО-1-77-974,1916-1916,1894-1919
ДАЖО-1-77-330,1916-1916,1869-1919
ДАЖО-1-77-385,1916-1916,1869-1919
ДАЖО-1-77-392,1893-1916,1869-1919
ДАЖО-1-77-780,1899-1916,1869-1919
ДАЖО-1-77-798,1900-1916,1869-1919
ДАЖО-1-77-1037,1914-1916,1869-1919
ДАЖО-1-77-90,1869-1869,1869-1919
ДАЖО-1-77-895,1916-1916,1869-1919
ДАЖО-1-77-939,1916-1916,1869-1919
ДАЖО-1-77-1055,1916-1916,1869-1919
ДАЖО-1-77-905,1916-1916,1869-1919
ДАЖО-1-77-913,1916-1916,1869-1919
ДАЖО-1-77-2045,1888-1890,1888-1895
ДАЖО-1-77-864,1916-1916,1869-1919
ДАЖО-1-77-958,1916-1916,1869-1919
ДАЖО-1-77-977,1916-1916,1869-1919
ДАЖО-1-77-996,1916-1916,1869-1919
ДАЖО-1-77-117,1881-1881,1869-1919
ДАЖО-1-77-339,1887-1916,1869-1919
ДАЖО-1-77-413,1916-1916,1869-1919
ДАЖО-1-77-725,1896-1916,1869-1919
ДАЖО-1-77-743,1916-1916,1869-1919
ДАЖО-1-77-761,1916-1916,1869-1919
ДАЖО-1-77-816,1901-1916,1869-1919
ДАЖО-1-77-832,1916-1916,1869-1919
ДАЖО-1-77-848,1916-1916,1869-1919
ДАЖО-1-77-926В,1908-1908,1869-1919
ДАЖО-1-77-940,1909-1913,1869-1919
ДАЖО-1-77-997,1916-1916,1869-1919
ДАЖО-1-77-1016,1916-1916,1869-1919
ДАЖО-1-77-1076,1916-1917,1913-1919
ДАЖО-1-77-2138,1918-1918,1869-1919
ДАЖО-1-77-926Г,1908-1908,1869-1919
ДАЖО-1-77-1017,1913-1916,"1909-1915,1917-1917"
ДАЖО-1-77-1056,1916-1916,1869-1919
ДАЖО-1-77-94,1872-1872,1869-1919
ДАЖО-1-77-74,1875-1875,1875-1878
ДАЖО-1-77-1801,1916-1916,1886-1920
ДАЖО-1-77-1779,1916-1916,1889-1920
ДАЖО-1-77-1751,1916-1916,1914-1920
ДАЖО-1-77-1768,1916-1916,1903-1920
ДАЖО-1-77-1754,1916-1916,1902-1920
ДАЖО-1-77-1792,1916-1916,1902-1920
ДАЖО-1-77-1781,1916-1916,1902-1920
ДАЖО-1-77-1799,1916-1916,1863-1920
ДАЖО-1-76-501,1873-1876,1872-1876
ДАЖО-1-77-1785,1916-1916,1906-1920
ДАЖО-1-77-1795,1916-1916,1906-1920
ДАЖО-1-77-1763,1916-1920,1911-1920
ДАЖО-1-77-1794,1916-1916,1898-1920
ДАЖО-1-77-1786,1916-1916,1903-1920
ДАЖО-1-77-1764,1916-1916,1903-1916
ДАЖО-1-77-1766,1916-1917,1915-1917
ДАЖО-1-77-1797,1916-1916,1903-1920
ДАЖО-1-77-1787,1916-1916,1889-1920
ДАЖО-1-77-1767,1916-1916,1900-1920
ДАЖО-1-77-1790,1916-1916,1863-1917
ДАЖО-1-77-1778,1916-1916,1912-1920
ДАЖО-1-77-1789,1916-1916,1897-1920
ДАЖО-1-77-1800,1916-1916,1897-1920
ДАЖО-1-77-771,1916-1916,1869-1919
ДАЖО-1-77-1775,1916-1916,1909-1920
ДАЖО-1-77-1755,1916-1916,1870-1920
ДАЖО-1-77-1783,1916-1916,1870-1920
ДАЖО-1-77-998,1912-1917,1869-1919
ДАЖО-1-76-100,1849-1849,1847-1860
ДАЖО-1-77-149,1885-1885,1869-1919
ДАЖО-1-77-331,1886-1916,1869-1919
ДАЖО-1-77-348,1888-1916,1869-1919
ДАЖО-1-77-357,1889-1916,1869-1919
ДАЖО-1-77-366,1916-1916,1869-1919
ДАЖО-1-77-377,1916-1916,1869-1919
ДАЖО-1-77-386,1916-1916,1869-1919
ДАЖО-1-77-414,1916-1916,1869-1919
ДАЖО-1-77-726,1896-1916,1869-1919
ДАЖО-1-77-762,1898-1916,1869-1919
ДАЖО-1-77-781,1899-1916,1869-1919
ДАЖО-1-77-799,1900-1916,1869-1919
ДАЖО-1-77-817,1901-1916,1869-1919
ДАЖО-1-77-833,1916-1916,1869-1919
ДАЖО-1-77-849,1916-1916,1869-1919
ДАЖО-1-77-865,1904-1916,1869-1919
ДАЖО-1-77-881,1916-1916,1869-1919
ДАЖО-1-77-896,1906-1916,1869-1919
ДАЖО-1-77-914,1916-1916,1869-1919
ДАЖО-1-77-959,1916-1916,1869-1919
ДАЖО-1-77-978,1916-1916,1869-1919
ДАЖО-1-77-2147,1916-1919,1914-1919
ДАЖО-1-77-745,1916-1916,1869-1919
ДАЖО-1-77-941,1916-1916,1869-1919
ДАЖО-1-76-555,1839-1839,1838-1841
ДАЖО-1-77-2042,1885-1885,1880-1885
ДАЖО-1-77-744,1916-1916,1869-1919
ДАЖО-1-76-36,1824-1824,1824-1827
ДАЖО-1-76-38,1825-1825,1824-1827
ДАЖО-1-77-369,1916-1916,1869-1919
ДАЖО-1-77-378,1916-1916,1869-1919
ДАЖО-1-77-866,1904-1916,1875-1916
ДАЖО-1-77-915,1916-1916,1875-1919
ДАЖО-1-77-942,1916-1916,1869-1919
ДАЖО-1-77-961,1916-1916,1869-1919
ДАЖО-1-77-979,1911-1915,1875-1919
ДАЖО-1-77-1000,1916-1916,1869-1919
ДАЖО-1-77-1020,1916-1916,1875-1919
ДАЖО-1-77-1040,1916-1916,1875-1919
ДАЖО-1-77-1059,1915-1916,1869-1919
ДАЖО-1-77-2036,1883-1883,1880-1885
ДАЖО-1-77-2039,1884-1884,1880-1885
ДАЖО-1-77-2046,1891-1895,1869-1919
ДАЖО-1-77-727,1916-1916,1869-1919
ДАЖО-1-77-764,1916-1916,1869-1919
ДАЖО-1-77-783,1916-1916,1869-1919
ДАЖО-1-77-800,1916-1916,1869-1919
ДАЖО-1-77-818,1901-1916,1869-1919
ДАЖО-1-77-926Д,1908-1908,1906-1910
ДАЖО-1-77-1001,1916-1916,1869-1919
ДАЖО-1-77-1058,1916-1916,1869-1919
ДАЖО-1-77-1019,1916-1916,1869-1919
ДАЖО-1-77-981,1916-1916,1869-1919
ДАЖО-1-77-1039,1916-1916,1869-1919
ДАЖО-1-77-416,1916-1916,1869-1919
ДАЖО-1-77-835,1916-1916,1869-1919
ДАЖО-1-77-1021,1916-1916,1869-1919
ДАЖО-1-76-52,1834-1834,1834-1846
ДАЖО-1-77-2140,1916-1918,1869-1919
ДАЖО-1-77-883,1916-1916,1869-1919
ДАЖО-1-77-898,1916-1916,1869-1919
ДАЖО-1-77-368,1916-1916,1869-1919
ДАЖО-1-77-851,1916-1916,1869-1919
ДАЖО-1-77-868,1916-1916,1869-1919
ДАЖО-1-77-820,1901-1905,1869-1919
ДАЖО-1-77-1072,1916-1916,1914-1919
ДАЖО-1-76-53,1835-1835,1834-1846
ДАЖО-1-76-96,1848-1848,1843-1860
ДАЖО-1-76-108,1852-1852,1843-1868
ДАЖО-1-77-69,1873-1873,1869-1919
ДАЖО-1-77-81,1875-1875,1869-1919
ДАЖО-1-77-85,1876-1876,1869-1919
ДАЖО-1-77-108,1879-1879,1869-1919
ДАЖО-1-77-113,1880-1880,1869-1919
ДАЖО-1-77-125,1882-1882,1869-1919
ДАЖО-1-77-134,1883-1883,1869-1919
ДАЖО-1-77-142,1884-1884,1869-1919
ДАЖО-1-77-332,1916-1916,1869-1919
ДАЖО-1-77-341,1916-1916,1869-1919
ДАЖО-1-77-350,1916-1916,1869-1919
ДАЖО-1-77-359,1889-1916,1869-1919
ДАЖО-1-77-379,1916-1916,1869-1919
ДАЖО-1-77-387,1916-1916,1869-1919
ДАЖО-1-77-394,1916-1916,1869-1919
ДАЖО-1-77-404,1916-1916,1869-1919
ДАЖО-1-77-417,1916-1916,1869-1919
ДАЖО-1-77-729,1896-1900,1869-1919
ДАЖО-1-77-747,1916-1916,1869-1919
ДАЖО-1-77-765,1916-1916,1869-1919
ДАЖО-1-77-784,1916-1916,1869-1919
ДАЖО-1-77-802,1916-1916,1869-1919
ДАЖО-1-77-899,1906-1908,1869-1919
ДАЖО-1-77-917,1916-1916,1869-1919
ДАЖО-1-77-927,1916-1916,1869-1919
ДАЖО-1-77-962,1910-1912,1906-1912
ДАЖО-1-77-1002,1916-1916,1869-1919
ДАЖО-1-77-1022,1916-1916,1869-1919
ДАЖО-1-77-1041,1914-1919,1869-1919
ДАЖО-1-77-2149,1916-1919,1914-1919
ДАЖО-1-76-78,1844-1844,1830-1868
ДАЖО-1-77-370,1916-1916,1869-1919
ДАЖО-1-77-835А,1902-1902,1869-1919
ДАЖО-1-77-944,1916-1916,1869-1919
ДАЖО-1-76-43,1828-1828,1827-1831
ДАЖО-1-76-72,1843-1843,1830-1846
ДАЖО-1-77-851А,1903-1903,1869-1919
ДАЖО-1-77-869,1916-1916,1869-1919
ДАЖО-1-77-884,1905-1916,1869-1919
ДАЖО-1-77-982,1911-1915,1869-1919
ДАЖО-1-77-1042,1916-1916,1869-1919
ДАЖО-1-77-1061,1916-1916,1869-1919
ДАЖО-1-77-1060,1916-1916,1914-1919
ДАЖО-1-77-963,1916-1916,1869-1919
ДАЖО-1-77-2141,1916-1918,1914-1919
ДАЖО-1-76-87,1846-1846,1843-1846
ДАЖО-1-76-404,1903-1903,1869-1915
ДАЖО-1-76-556,1841-1841,1838-1841
ДАЖО-1-76-157,1868-1868,1843-1868
ДАЖО-1-77-119,1881-1881,1869-1919
ДАЖО-1-77-151,1885-1885,1869-1919
ДАЖО-1-77-803,1916-1916,1869-1919
ДАЖО-1-77-821,1916-1916,1869-1919
ДАЖО-1-77-900,1916-1916,1869-1919
ДАЖО-1-77-1023,1916-1916,1869-1918
ДАЖО-1-77-859,1903-1916,1869-1919
ДАЖО-1-77-945,1916-1916,1869-1919
ДАЖО-1-77-964,1916-1916,1869-1919
ДАЖО-1-77-983,1916-1916,1869-1918
ДАЖО-1-77-1003,1916-1916,1869-1918
ДАЖО-1-77-852,1916-1916,1869-1919
ДАЖО-1-77-1004,1916-1916,1869-1919
ДАЖО-1-77-1024,1916-1916,1869-1919
ДАЖО-1-77-58,1870-1870,1869-1919
ДАЖО-1-77-143,1884-1884,1869-1919
ДАЖО-1-77-342,1916-1916,1869-1919
ДАЖО-1-77-395,1893-1916,1869-1919
ДАЖО-1-77-405,1916-1916,1869-1919
ДАЖО-1-77-1078,1916-1916,1869-1919
ДАЖО-1-84-5,1772-1795,1756-1795
ДАЖО-1-77-126,1882-1882,1869-1919
ДАЖО-1-77-135,1883-1883,1869-1919
ДАЖО-1-77-351,1916-1916,1869-1919
ДАЖО-1-77-380,1916-1916,1869-1919
ДАЖО-1-77-419,1916-1916,1869-1919
ДАЖО-1-77-731,1916-1916,1869-1919
ДАЖО-1-77-749,1916-1916,1869-1919
ДАЖО-1-77-768,1916-1916,1869-1919
ДАЖО-1-77-786,1916-1916,1869-1919
ДАЖО-1-77-804,1916-1916,1869-1919
ДАЖО-1-77-822,1916-1916,1869-1919
ДАЖО-1-77-984,1916-1916,1869-1919
ДАЖО-1-77-837,1916-1916,1869-1919
ДАЖО-1-77-853,1916-1916,1869-1919
ДАЖО-1-77-885,1916-1916,1869-1919
ДАЖО-1-77-902,1916-1916,1869-1919
ДАЖО-1-77-929,1916-1916,1869-1919
ДАЖО-1-77-1044,1916-1916,1869-1919
ДАЖО-1-77-1063,1916-1916,1869-1919
ДАЖО-1-77-360,1916-1916,1869-1919
ДАЖО-1-77-871,1916-1916,1869-1919
ДАЖО-1-76-73,1843-1843,"1830-1841,1843-1868"
ДАЖО-1-77-946,1909-1916,1869-1919
ДАЖО-1-77-965,1916-1916,1869-1919
ДАЖО-1-77-1005,1916-1916,1869-1919
ДАЖО-1-77-1025,1916-1916,1869-1919
ДАЖО-1-77-985,1916-1916,1869-1919
ДАЖО-1-76-90,1847-1847,1843-1868
ДАЖО-1-77-838,1916-1916,1869-1919
ДАЖО-1-77-886,1916-1916,1869-1919
ДАЖО-1-77-903,1916-1916,1869-1919
ДАЖО-1-77-919,1916-1916,1869-1919
ДАЖО-1-77-930,1916-1916,1869-1919
ДАЖО-1-77-1073,1916-1916,1869-1919
ДАЖО-1-77-2142,1916-1918,1869-1919
ДАЖО-1-77-2150,1916-1919,1869-1919
ДАЖО-1-77-421,1916-1916,1869-1919
ДАЖО-1-77-734,1896-1916,1869-1919
ДАЖО-1-77-751,1916-1916,1869-1919
ДАЖО-1-77-770,1898-1916,1869-1919
ДАЖО-1-77-789,1899-1916,1869-1919
ДАЖО-1-77-806,1916-1916,1869-1919
ДАЖО-1-77-824,1916-1916,1869-1919
ДАЖО-1-77-854,1916-1916,1869-1919
ДАЖО-1-77-873,1916-1916,1869-1916
ДАЖО-1-77-947,1916-1916,1869-1919
ДАЖО-1-77-966,1916-1916,1869-1919
ДАЖО-1-77-1006,1916-1916,1869-1919
ДАЖО-1-77-1045,1916-1916,1869-1919
ДАЖО-1-77-422,1916-1916,1869-1919
ДАЖО-1-77-733,1916-1916,1869-1919
ДАЖО-1-77-752,1916-1916,1869-1919
ДАЖО-1-77-788,1916-1916,1869-1919
ДАЖО-1-77-807,1916-1916,1869-1919
ДАЖО-1-77-825,1916-1916,1869-1919
ДАЖО-1-77-372,1890-1916,1869-1919
ДАЖО-1-77-931,1916-1916,1869-1919
ДАЖО-1-77-986,1916-1916,1869-1919
ДАЖО-1-77-2034,1882-1882,1869-1919
ДАЖО-1-77-334,1916-1916,1869-1919
ДАЖО-1-77-1065,1915-1916,1869-1916
ДАЖО-1-77-907,1916-1916,1869-1916
ДАЖО-1-77-373,1916-1916,1869-1919
ДАЖО-1-77-389,1916-1916,1869-1919
ДАЖО-1-77-2143,1916-1918,1869-1919
ДАЖО-1-77-2151,1919-1919,1869-1919
ДАЖО-1-76-99,1849-1849,1848-1865
ДАЖО-1-76-85,1846-1846,1845-1847
ДАЖО-1-77-841,1902-1916,1869-1919
ДАЖО-1-77-857,1916-1916,1869-1919
ДАЖО-1-77-875,1916-1916,1869-1919
ДАЖО-1-77-889,1916-1916,1869-1919
ДАЖО-1-77-424,1916-1916,1869-1919
ДАЖО-1-77-736,1916-1916,1869-1919
ДАЖО-1-77-753,1916-1916,1869-1919
ДАЖО-1-77-773,1916-1916,1869-1919
ДАЖО-1-77-791,1916-1916,1869-1919
ДАЖО-1-77-809,1916-1916,1869-1919
ДАЖО-1-77-950,1916-1916,1869-1919
ДАЖО-1-77-989,1916-1916,1869-1919
ДАЖО-1-77-1009,1916-1916,1869-1919
ДАЖО-1-77-970,1916-1916,1869-1919
ДАЖО-1-77-922,1907-1916,1869-1919
ДАЖО-1-77-1029,1916-1916,1869-1919
ДАЖО-1-77-1049,1916-1916,1869-1919
ДАЖО-1-77-1066,1916-1916,1869-1919
ДАЖО-1-77-129,1882-1882,1869-1919
ДАЖО-1-77-138,1883-1883,1869-1919
ДАЖО-1-77-146,1884-1884,1869-1919
ДАЖО-1-77-374,1890-1916,1869-1919
ДАЖО-1-77-827,1916-1916,1869-1919
ДАЖО-1-77-858,1916-1916,1869-1919
ДАЖО-1-77-876,1916-1916,1869-1919
ДАЖО-1-77-890,1916-1916,1869-1919
ДАЖО-1-77-908,1906-1916,1869-1919
ДАЖО-1-77-923,1916-1916,1869-1919
ДАЖО-1-77-934,1916-1916,1869-1919
ДАЖО-1-77-951,1916-1916,1869-1919
ДАЖО-1-77-990,1916-1916,1869-1919
ДАЖО-1-77-1010,1916-1916,1869-1919
ДАЖО-1-77-1074,1916-1916,1869-1919
ДАЖО-1-77-1079,1916-1916,1869-1919
ДАЖО-1-77-71,1873-1873,1869-1919
ДАЖО-1-77-336,1916-1916,1869-1919
ДАЖО-1-77-345,1916-1916,1869-1919
ДАЖО-1-77-354,1916-1916,1869-1919
ДАЖО-1-77-425,1916-1916,1869-1919
ДАЖО-1-77-737,1896-1896,1869-1919
ДАЖО-1-77-755,1916-1916,1869-1919
ДАЖО-1-77-774,1916-1916,1869-1919
ДАЖО-1-77-1050,1916-1916,1869-1919
ДАЖО-1-76-51,1833-1833,1830-1833
ДАЖО-1-77-792,1916-1916,1869-1919
ДАЖО-1-77-810,1916-1916,1869-1919
ДАЖО-1-77-842,1902-1916,1869-1919
ДАЖО-1-77-877,1916-1916,1869-1919
ДАЖО-1-77-971,1916-1916,1869-1919
ДАЖО-1-77-1030,1916-1916,1869-1919
ДАЖО-1-77-154,1885-1885,1869-1919
ДАЖО-1-77-383,1916-1916,1869-1919
ДАЖО-1-77-390,1892-1916,1869-1919
ДАЖО-1-77-408,1916-1916,1869-1919
ДАЖО-1-77-363,1916-1916,1869-1919
ДАЖО-1-77-398,1893-1916,1869-1919
ДАЖО-1-77-909,1906-1916,1869-1919
ДАЖО-1-77-1068,1916-1916,1869-1919
ДАЖО-1-77-891,1905-1916,1869-1919
ДАЖО-1-77-924,1916-1916,1869-1919
ДАЖО-1-77-935,1916-1916,1869-1919
ДАЖО-1-77-952,1916-1916,1869-1919
ДАЖО-1-77-991,1916-1916,1869-1919
ДАЖО-1-77-1011,1916-1916,1869-1919
ДАЖО-1-81-69,1834-1834,1834-1847
ДАЖО-583-1-1,1791-1803,1790-1804
ДАЖО-1-77-426,1895-1916,1869-1919
ДАЖО-1-77-738,1916-1916,1869-1919
ДАЖО-1-77-756,1916-1916,1869-1919
ДАЖО-1-77-775,1916-1916,1869-1919
ДАЖО-1-77-793,1916-1916,1869-1919
ДАЖО-1-77-811,1900-1916,1869-1919
ДАЖО-1-77-828,1916-1916,1869-1919
ДАЖО-1-77-843,1916-1916,1869-1919
ДАЖО-1-77-971А,1910-1910,1869-1919
ДАЖО-1-77-1031,1916-1916,1869-1919
ДАЖО-1-77-1051,1916-1916,1869-1919
ДАЖО-1-77-2144,1918-1918,1869-1919
ДАЖО-1-75-142,1796-1800,1796-1801
ДАЖО-1-74-51,1804-1804,"1798-1802,1804-1808"
ДАЖО-1-74-53,1805-1805,"1798-1802,1804-1808,1810-1810"
ДАЖО-1-74-56,1806-1806,"1801-1802,1804-1808,1810-1812"
ДАЖО-1-74-46,1806-1810,"1800-1802,1804-1808,1810-1812"
ДАЖО-1-74-58,1808-1808,"1804-1808,1810-1812"
ДАЖО-1-74-60,1810-1810,"1805-1808,1810-1812"
ДАЖО-1-74-61,1811-1811,"1806-1808,1810-1812"
ДАЖО-1-74-65,1816-1817,"1811-1812,1816-1821"
ДАЖО-1-74-66,1817-1817,1816-1821
ДАЖО-1-74-68,1818-1818,1816-1821
ДАЖО-1-74-71,1821-1821,"1821-1829,1831-1831"
ДАЖО-1-74-73,1822-1822,1821-1829
ДАЖО-1-74-75,1824-1824,"1821-1829,1831-1831"
ДАЖО-1-74-78,1828-1828,"1827-1829,1831-1831"
ДАЖО-1-74-79,1829-1829,"1828-1829,1831-1835"
ДАЖО-1-74-80,1831-1831,"1827-1829,1831-1835"
ДАЖО-1-74-94,1841-1841,1841-1845
ДАЖО-1-74-96,1842-1842,1841-1845
ДАЖО-1-74-97,1843-1843,1841-1845
ДАЖО-1-74-100,1844-1844,1841-1845
ДАЖО-1-74-102,1845-1845,1841-1845
ДАЖО-1-74-104,1846-1846,1846-1851
ДАЖО-1-74-105,1847-1847,1846-1851
ДАЖО-1-74-111,1849-1849,1846-1851
ДАЖО-1-74-113,1850-1850,1846-1854
ДАЖО-1-74-115,1851-1851,1846-1855
ДАЖО-1-74-118,1852-1852,1850-1856
ДАЖО-1-74-123,1854-1854,1850-1856
ДАЖО-1-74-126,1855-1855,"1851-1857,1859-1860"
ДАЖО-1-74-128,1856-1856,1852-1861
ДАЖО-1-74-131,1857-1857,1855-1861
ДАЖО-1-74-136,1859-1859,1855-1861
ДАЖО-1-74-141,1860-1860,1855-1865
ДАЖО-1-74-145,1861-1861,1856-1867
ДАЖО-1-74-146,1862-1862,1860-1869
ДАЖО-1-74-149,1863-1863,1860-1866
ДАЖО-1-74-150,1864-1864,1860-1866
ДАЖО-1-74-152,1865-1865,1860-1867
ДАЖО-1-74-160,1868-1868,"1866-1866,1868-1869,1871-1874"
ДАЖО-1-74-165,1869-1869,"1866-1866,1868-1869,1871-1874"
ДАЖО-1-86-26,1871-1871,1871-1874
ДАЖО-1-86-32,1872-1872,1871-1874
ДАЖО-1-86-33,1874-1874,"1871-1872,1874-1875,1877-1880"
ДАЖО-1-85-15,1875-1875,"1873-1873,1875-1881"
ДАЖО-1-85-20,1876-1876,"1873-1873,1875-1881"
ДАЖО-1-85-26,1877-1877,"1873-1873,1875-1881"
ДАЖО-1-85-34,1878-1878,"1873-1873,1875-1881"
ДАЖО-1-85-42,1879-1879,"1873-1873,1875-1881"
ДАЖО-1-85-48,1880-1880,1875-1881
ДАЖО-1-74-85,1836-1836,1834-1840
ДАЖО-1-74-86,1837-1837,1834-1840
ДАЖО-1-74-88,1838-1838,1836-1840
ДАЖО-1-74-89,1839-1839,1836-1840
ДАЖО-1-74-91,1840-1840,1836-1840
ДАЖО-1-74-43,1798-1800,"1796-1796,1798-1802,1804-1805"
ДАЖО-1-74-48,1802-1802,"1801-1802,1805-1805"
ДАЖО-1-74-49,1804-1804,"1799-1799,1801-1802,1804-1807"
ДАЖО-1-74-52,1805-1805,"1801-1802,1805-1805"
ДАЖО-1-74-57,1806-1806,"1806-1808,1810-1810"
ДАЖО-1-74-59,1810-1810,"1806-1808,1810-1812"
ДАЖО-1-74-62,1811-1812,"1806-1808,1810-1812,1816-1816"
ДАЖО-1-74-64,1812-1812,"1806-1808,1810-1812,1816-1816"
ДАЖО-1-74-107,1848-1848,1846-1851
ДАЖО-1-74-47,1801-1805,"1796-1796,1798-1802,1804-1807"
ДАЖО-1-74-76,1825-1825,"1821-1822,1824-1825"
ДАЖО-1-74-77,1827-1827,"1827-1833,1842-1842"
ДАЖО-1-74-54,1805-1805,"1801-1802,1804-1807"
ДАЖО-1-74-45,1800-1800,"1796-1796,1798-1802,1804-1805,1807-1807"
ДАЖО-1-85-12,1873-1873,1871-1880
ДАЖО-1-74-44,1799-1799,"1796-1796,1798-1802,1804-1805"
ДАЖО-1-85-16,1875-1875,1875-1880
ДАЖО-1-85-1,1822-1822,"1822-1822,1824-1825,1827-1828"
ДАЖО-1-74-95,1842-1842,1841-1845
ДАЖО-1-74-98,1843-1843,1841-1845
ДАЖО-1-74-99,1844-1844,1841-1845
ДАЖО-1-74-103,1845-1845,1841-1845
ДАЖО-1-74-104А,1846-1846,1846-1851
ДАЖО-1-74-106,1847-1847,1846-1851
ДАЖО-1-74-108,1848-1848,1846-1851
ДАЖО-1-74-109,1849-1849,1846-1851
ДАЖО-1-74-112,1850-1850,1846-1851
ДАЖО-1-74-114,1851-1851,1846-1857
ДАЖО-1-74-116,1852-1852,1851-1856
ДАЖО-1-74-124,1854-1854,1851-1856
ДАЖО-1-74-125,1855-1855,1851-1856
ДАЖО-1-74-129,1856-1856,1852-1861
ДАЖО-1-74-132,1857-1857,1856-1861
ДАЖО-1-74-137,1859-1859,1856-1861
ДАЖО-1-74-144,1861-1861,1856-1867
ДАЖО-1-74-148,1862-1862,1861-1867
ДАЖО-1-74-153,1863-1863,1861-1867
ДАЖО-1-74-154,1865-1865,1861-1869
ДАЖО-1-74-155,1866-1866,"1862-1863,1865-1869"
ДАЖО-1-74-158,1867-1867,"1862-1863,1865-1869,1871-1872"
ДАЖО-1-74-161,1868-1868,"1865-1869,1871-1875"
ДАЖО-1-74-166,1869-1869,"1865-1869,1871-1876"
ДАЖО-1-85-9,1872-1872,1871-1876
ДАЖО-1-85-17,1875-1875,1875-1881
ДАЖО-1-85-21,1876-1876,1875-1881
ДАЖО-1-85-28,1877-1877,1875-1881
ДАЖО-1-85-35,1878-1878,1875-1881
ДАЖО-1-85-40,1879-1879,1875-1881
ДАЖО-1-85-46,1880-1880,"1873-1873,1875-1881"
ДАЖО-1-85-52,1881-1881,1875-1881
ДАЖО-1-85-60,1901-1901,"1901-1901,1903-1903,1909-1909"
ДАЖО-1-74-93,1841-1841,1841-1845
ДАЖО-1-74-117,1852-1852,"1851-1852,1854-1857"
ДАЖО-1-74-121,1854-1854,"1851-1852,1854-1857"
ДАЖО-1-74-130,1856-1856,"1851-1852,1854-1861"
ДАЖО-1-74-134,1857-1858,"1851-1852,1854-1854,1856-1861"
ДАЖО-1-74-135,1858-1858,1856-1862
ДАЖО-1-74-140,1859-1859,1856-1862
ДАЖО-1-74-143,1860-1860,"1856-1863,1865-1867"
ДАЖО-1-74-147,1862-1862,"1858-1862,1865-1867"
ДАЖО-1-74-156,1866-1866,"1862-1862,1865-1869"
ДАЖО-1-74-159,1867-1867,"1862-1862,1865-1869"
ДАЖО-1-74-163,1868-1868,"1862-1862,1865-1869,1871-1874"
ДАЖО-1-74-164,1869-1869,"1862-1862,1865-1869,1871-1874"
ДАЖО-1-86-31,1872-1872,"1871-1873,1875-1875"
ДАЖО-1-85-32,1878-1878,"1873-1873,1875-1880"
ДАЖО-1-85-41,1879-1879,"1873-1873,1875-1880"
ДАЖО-1-74-67,1817-1817,1816-1817
ДАЖО-1-74-101,1844-1844,1841-1845
ДАЖО-1-74-119,1853-1853,1851-1856
ДАЖО-1-85-6,1871-1871,1871-1874
ДАЖО-1-85-49,1880-1880,1875-1881
ДАЖО-1-85-55,1881-1881,1875-1881
ДАЖО-1-86-37,1873-1873,1872-1873
ДАЖО-1-74-110,1849-1849,1846-1851
ДАЖО-1-74-151,1865-1865,"1861-1862,1865-1869"
ДАЖО-1-86-42,1874-1874,"1871-1871,1874-1874"
ДАЖО-1-86-34,1873-1873,1871-1874
ДАЖО-1-74-90,1839-1839,1836-1840
ДАЖО-1-85-54,1881-1881,1876-1881
ДАЖО-1-74-81,1832-1832,1831-1835
ДАЖО-1-91-59,1861-1883,1861-1884
ДАЖО-1-91-46,1852-1857,"1852-1857,1884-1884"
ДАЖО-1-75-149,1804-1809,"1796-1796,1799-1801,1804-1809"
ДАЖО-1-75-151,1806-1806,"1801-1801,1804-1809"
ДАЖО-1-75-156,1809-1812,"1801-1801,1804-1812"
ДАЖО-1-74-162,1868-1868,"1868-1869,1871-1873,1875-1876"
ДАЖО-1-76-171,1863-1867,"1863-1863,1865-1869"
ДАЖО-1-91-143,1890-1892,1889-1892
ДАЖО-1-91-190,1899-1901,1893-1901
ДАЖО-1-85-61,1903-1903,"1901-1901,1903-1903,1909-1909"
ДАЖО-1-85-62,1909-1909,"1901-1901,1903-1903,1909-1909"
ДАЖО-1-74-83,1834-1834,"1831-1832,1834-1839"
ДАЖО-1-74-84,1835-1835,"1831-1832,1834-1837"
ДАЖО-1-85-14,1875-1875,"1873-1873,1875-1881"
ДАЖО-1-85-22,1876-1876,"1873-1873,1875-1881"
ДАЖО-1-85-27,1877-1877,"1873-1873,1875-1881"
ДАЖО-1-85-13,1879-1879,1875-1881
ДАЖО-1-85-33,1878-1878,1875-1881
ДАЖО-1-85-47,1880-1880,1875-1881
ДАЖО-1-85-53,1881-1881,1875-1881
ДАЖО-1-74-55,1806-1806,1806-1821
ДАЖО-1-74-72,1821-1821,1821-1849
ДАЖО-1-74-82,1833-1833,"1831-1831,1833-1835"
ДАЖО-1-74-3,1804-1804,"1802-1804,1820-1821"
ДАЖО-1-74-4,1820-1820,"1804-1804,1820-1821"
ДАЖО-1-74-17,1836-1836,1835-1837
ДАЖО-1-74-18,1836-1836,"1835-1837,1839-1839,1841-1843"
ДАЖО-1-74-20,1839-1839,1838-1839
ДАЖО-1-74-25,1839-1839,"1835-1839,1841-1841"
ДАЖО-1-74-19,1837-1837,"1835-1837,1839-1839,1841-1841"
ДАЖО-1-80-4,1800-1801,1800-1805
ДАЖО-1-80-19,1815-1815,1815-1819
ДАЖО-1-80-24,1820-1820,1820-1824
ДАЖО-1-80-29,1825-1825,1825-1829
ДАЖО-1-80-33,1830-1830,"1830-1830,1833-1834"
ДАЖО-1-80-34,1833-1833,"1830-1830,1833-1838"
ДАЖО-1-80-37,1836-1836,1836-1840
ДАЖО-1-80-3,1798-1798,1797-1799
ДАЖО-1-78-848,1798-1799,"1797-1799,1801-1802,1804-1804"
ДАЖО-1-78-849,1800-1800,"1797-1805,1816-1816"
ДАЖО-1-78-861,1810-1810,"1805-1805,1807-1815"
ДАЖО-1-78-866,1811-1819,"1811-1811,1814-1820"
ДАЖО-1-78-872,1820-1824,1816-1825
ДАЖО-1-78-873,1820-1825,1817-1826
ДАЖО-1-78-875,1822-1822,"1812-1812,1817-1826"
ДАЖО-1-78-879,1825-1827,1821-1827
ДАЖО-1-78-883,1829-1835,1827-1835
ДАЖО-1-78-891,1836-1836,1833-1841
ДАЖО-1-80-134,1866-1886,"1862-1863,1866-1886"
ДАЖО-1-74-8,1834-1835,"1834-1837,1839-1839,1841-1843"
ДАЖО-1-74-14,1835-1835,1834-1837
ДАЖО-1-80-82,1848-1848,1847-1852
ДАЖО-1-80-112,1860-1860,1855-1861
ДАЖО-1-80-118,1861-1866,1861-1870
ДАЖО-1-74-22,1837-1837,1837-1838
ДАЖО-1-74-24,1838-1838,1838-1839
ДАЖО-1-74-27,1841-1841,1841-1842
ДАЖО-1-80-35,1834-1834,1833-1838
ДАЖО-1-80-114,1860-1860,1856-1866
ДАЖО-1-80-127,1864-1864,1860-1868
ДАЖО-1-80-129,1865-1865,1861-1868
ДАЖО-1-80-131,1866-1866,1862-1868
ДАЖО-1-80-140,1868-1868,"1865-1868,1870-1871"
ДАЖО-1-80-145,1870-1870,"1867-1868,1870-1874"
ДАЖО-1-80-153,1871-1871,"1867-1868,1870-1874"
ДАЖО-1-80-158,1872-1872,1870-1876
ДАЖО-1-80-166,1873-1873,1870-1876
ДАЖО-1-80-169,1874-1874,1870-1876
ДАЖО-1-80-174,1875-1875,1872-1876
ДАЖО-1-80-186,1876-1876,1872-1876
ДАЖО-1-74-11,1835-1835,1835-1836
ДАЖО-1-74-16,1836-1836,"1836-1836,1839-1839"
ДАЖО-1-80-15,1811-1811,1811-1814
ДАЖО-1-80-20,1816-1816,1815-1819
ДАЖО-1-80-22,1818-1818,1815-1819
ДАЖО-1-80-36,1835-1835,1835-1839
ДАЖО-1-80-46,1840-1840,1838-1860
ДАЖО-1-80-48,1841-1841,1838-1860
ДАЖО-1-80-81,1848-1848,1847-1854
ДАЖО-1-80-87,1849-1849,1848-1854
ДАЖО-1-80-88,1850-1850,1848-1854
ДАЖО-1-80-5,1801-1801,1800-1804
ДАЖО-1-80-77,1845-1845,1842-1846
ДАЖО-1-80-10,1806-1806,1806-1810
ДАЖО-1-80-47,1840-1859,"1840-1843,1866-1870"
ДАЖО-1-80-156,1871-1892,1870-1892
ДАЖО-1-80-30,1826-1826,1825-1827
ДАЖО-1-80-31,1827-1827,"1825-1828,1830-1830"
ДАЖО-1-78-847,1798-1804,"1797-1804,1813-1813"
ДАЖО-1-78-852,1801-1805,"1797-1797,1799-1809,1811-1811,1813-1813"
ДАЖО-1-78-857,1805-1809,"1800-1800,1802-1802,1804-1805,1807-1813"
ДАЖО-1-78-859,1809-1809,"1806-1807,1809-1809"
ДАЖО-1-80-76,1845-1845,1840-1847
ДАЖО-1-80-155,1871-1871,1870-1874
ДАЖО-1-80-123,1862-1862,1861-1866
ДАЖО-1-80-162,1873-1873,1870-1874
ДАЖО-1-74-12,1835-1835,1835-1836
ДАЖО-1-80-84,1848-1848,1847-1854
ДАЖО-1-80-113,1860-1860,1855-1860
ДАЖО-1-80-124,1863-1863,1861-1866
ДАЖО-1-80-117,1861-1861,1857-1865
ДАЖО-1-80-120,1862-1862,1861-1865
ДАЖО-1-80-142,1868-1868,1863-1871
ДАЖО-1-80-55,1842-1842,1840-1845
ДАЖО-1-80-176,1875-1875,1872-1876
ДАЖО-1-80-133,1866-1866,1862-1869
ДАЖО-1-80-136,1867-1867,1863-1871
ДАЖО-1-80-147,1870-1870,1866-1874
ДАЖО-1-80-154,1871-1871,1867-1874
ДАЖО-1-80-161,1872-1872,1870-1876
ДАЖО-1-80-164,1873-1873,1870-1876
ДАЖО-1-80-171,1874-1874,1870-1876
ДАЖО-1-80-187,1876-1876,1872-1876
ДАЖО-1-80-11,1807-1807,1807-1810
ДАЖО-1-80-175,1875-1875,1872-1876
ДАЖО-1-80-179,1876-1895,1874-1895
ДАЖО-1-80-143,1869-1869,1866-1871
ДАЖО-1-80-160,1872-1872,1870-1876
ДАЖО-1-80-67,1842-1842,"1838-1845,1847-1847"
ДАЖО-1-80-73,1844-1844,"1842-1842,1844-1847"
ДАЖО-1-80-91,1851-1851,1847-1855
ДАЖО-1-80-93,1852-1852,1847-1856
ДАЖО-1-80-96,1853-1853,1848-1857
ДАЖО-1-80-97,1854-1854,1849-1857
ДАЖО-1-80-99,1855-1855,1850-1860
ДАЖО-1-80-102,1856-1856,1852-1860
ДАЖО-1-80-104,1857-1857,1853-1860
ДАЖО-1-80-107,1858-1858,1855-1860
ДАЖО-1-80-109,1859-1859,1855-1860
ДАЖО-1-80-163,1873-1873,1870-1876
ДАЖО-1-80-172,1874-1874,1870-1876
ДАЖО-1-80-80,1847-1847,"1842-1842,1844-1845,1847-1852"
ДАЖО-1-80-38,1837-1837,1837-1839
ДАЖО-1-80-39,1838-1838,1837-1842
ДАЖО-1-80-40,1839-1839,1837-1842
ДАЖО-1-80-146,1870-1870,1866-1874
ДАЖО-1-80-52,1842-1875,1842-1882
ДАЖО-1-80-86,1848-1848,1847-1854
ДАЖО-1-80-90,1850-1850,1847-1855
ДАЖО-1-80-137,1867-1867,1864-1871
ДАЖО-1-80-139,1868-1868,1864-1871
ДАЖО-1-80-173,1875-1875,1872-1876
ДАЖО-1-80-180,1876-1876,1872-1876
ДАЖО-1-80-128,1864-1864,1862-1868
ДАЖО-1-80-130,1865-1865,1862-1868
ДАЖО-1-80-72,1844-1844,1840-1845
ДАЖО-1-80-121,1862-1862,1862-1866
ДАЖО-1-80-144,1869-1869,1867-1871
ДАЖО-1-80-150,1871-1871,1867-1874
ДАЖО-1-80-170,1874-1874,1870-1876
ДАЖО-1-80-182,1876-1876,1872-1876
ДАЖО-1-80-69,1843-1843,1840-1845
ДАЖО-1-80-100,1855-1855,1850-1859
ДАЖО-1-80-108,1858-1858,1855-1860
ДАЖО-1-80-135,1867-1867,1867-1871
ДАЖО-1-80-141,1868-1868,1867-1871
ДАЖО-1-80-167,1873-1873,1870-1876
ДАЖО-1-80-188,1876-1876,1872-1876
ДАЖО-1-80-159,1872-1872,1870-1876
ДАЖО-1-80-25,1821-1821,1820-1821
ДАЖО-1-80-32,1828-1828,1827-1828
ДАЖО-1-80-149,1871-1871,1867-1874
ДАЖО-1-80-168,1874-1874,1870-1876
ДАЖО-1-78-693,1799-1804,1799-1805
ДАЖО-1-78-710,1811-1811,1807-1814
ДАЖО-1-78-712,1812-1812,1809-1816
ДАЖО-1-78-714,1813-1813,1809-1816
ДАЖО-1-78-716,1814-1814,1809-1816
ДАЖО-1-78-720,1816-1816,1812-1820
ДАЖО-1-78-722,1817-1817,1816-1820
ДАЖО-1-78-724,1818-1818,1815-1820
ДАЖО-1-78-726,1819-1819,1816-1820
ДАЖО-1-78-728,1820-1820,1816-1824
ДАЖО-1-78-729,1821-1821,1820-1825
ДАЖО-1-78-730,1822-1822,1820-1825
ДАЖО-1-78-732,1823-1823,1820-1825
ДАЖО-1-78-734,1824-1824,1820-1828
ДАЖО-1-78-736,1825-1825,"1821-1828,1861-1861"
ДАЖО-1-78-738,1826-1826,1824-1831
ДАЖО-1-78-740,1827-1827,1824-1831
ДАЖО-1-78-746,1831-1831,1829-1853
ДАЖО-1-78-748,1832-1832,1830-1853
ДАЖО-1-78-752,1833-1833,1830-1853
ДАЖО-1-78-753,1834-1834,1830-1837
ДАЖО-1-78-755,1835-1835,1830-1853
ДАЖО-1-78-694,1799-1804,1799-1806
ДАЖО-1-78-698,1805-1805,1802-1809
ДАЖО-1-78-699,1806-1806,1802-1809
ДАЖО-1-78-703,1807-1807,1804-1811
ДАЖО-1-78-704,1808-1808,1804-1811
ДАЖО-1-78-979,1804-1804,"1800-1800,1802-1809"
ДАЖО-1-78-707,1809-1809,1804-1814
ДАЖО-1-78-708,1810-1810,1807-1814
ДАЖО-1-78-756,1835-1835,1830-1839
ДАЖО-1-78-758,1836-1836,1831-1840
ДАЖО-1-78-759,1837-1837,1833-1840
ДАЖО-1-78-761,1838-1838,1835-1840
ДАЖО-1-78-750,1839-1839,1835-1843
ДАЖО-1-78-764,1840-1840,1835-1844
ДАЖО-1-78-766,1841-1841,1839-1843
ДАЖО-1-78-769,1842-1842,1839-1843
ДАЖО-1-78-773,1843-1843,1839-1844
ДАЖО-1-78-777,1845-1845,1843-1851
ДАЖО-1-78-779,1846-1846,1845-1850
ДАЖО-1-78-783,1847-1847,1845-1850
ДАЖО-1-78-787,1848-1848,1845-1850
ДАЖО-1-78-790,1849-1849,1845-1853
ДАЖО-1-78-792,1850-1850,1845-1854
ДАЖО-1-78-794,1851-1851,1849-1855
ДАЖО-1-78-796,1852-1852,1849-1855
ДАЖО-1-78-799,1853-1853,1849-1855
ДАЖО-1-78-800,1854-1854,1850-1860
ДАЖО-1-78-802,1855-1855,1851-1860
ДАЖО-1-78-806,1856-1856,1854-1861
ДАЖО-1-78-807,1857-1857,1854-1861
ДАЖО-1-78-811,1858-1858,1854-1861
ДАЖО-1-78-812,1859-1859,1855-1862
ДАЖО-1-78-816,1860-1860,1856-1861
ДАЖО-1-78-819,1861-1861,1856-1862
ДАЖО-1-78-828,1863-1863,1863-1866
ДАЖО-1-78-831,1864-1864,1863-1866
ДАЖО-1-78-836,1865-1865,1863-1866
ДАЖО-1-78-838,1866-1866,1863-1866
ДАЖО-1-78-841,1868-1868,"1868-1868,1872-1872"
ДАЖО-1-78-706,1809-1809,1804-1814
ДАЖО-1-78-754,1834-1834,1830-1853
ДАЖО-1-78-762,1838-1838,1835-1842
ДАЖО-1-78-776,1845-1845,1843-1850
ДАЖО-1-78-757,1836-1836,1831-1839
ДАЖО-1-78-778,1845-1845,1844-1848
ДАЖО-1-78-751,1833-1833,1830-1837
ДАЖО-1-78-830,1863-1863,1860-1866
ДАЖО-1-78-709,1810-1810,1809-1815
ДАЖО-1-78-741,1828-1828,1824-1830
ДАЖО-1-78-742,1829-1829,1829-1831
ДАЖО-1-78-744,1830-1830,1829-1835
ДАЖО-1-78-843,1872-1872,"1865-1866,1868-1868,1872-1872"
ДАЖО-1-75-155,1809-1810,"1804-1804,1806-1810"
ДАЖО-1-78-774,1843-1843,1840-1843
ДАЖО-1-78-780,1846-1846,1845-1851
ДАЖО-1-78-786,1847-1847,1845-1851
ДАЖО-1-78-788,1848-1848,1845-1851
ДАЖО-1-78-701,1807-1807,1804-1809
ДАЖО-1-78-817,1860-1860,1854-1866
ДАЖО-1-78-826,1862-1862,1858-1866
ДАЖО-1-78-833,1864-1864,1860-1866
ДАЖО-1-78-822,1861-1861,1859-1862
ДАЖО-1-84-4,1754-1779,1754-1799
ДАЖО-1-78-809,1858-1858,1854-1863
ДАЖО-1-78-813,1859-1859,1854-1863
ДАЖО-1-78-820,1861-1861,"1825-1826,1858-1866"
ДАЖО-1-78-829,1863-1863,1858-1866
ДАЖО-1-78-835,1865-1865,"1856-1866,1872-1872"
ДАЖО-1-78-840,1866-1866,"1860-1866,1872-1872"
ДАЖО-1-78-760,1837-1837,1832-1839
ДАЖО-1-78-821,1861-1861,1861-1866
ДАЖО-1-78-825,1862-1862,1861-1866
ДАЖО-1-78-827,1863-1863,1861-1866
ДАЖО-1-78-832,1864-1864,1860-1866
ДАЖО-1-78-749,1832-1832,1830-1837
ДАЖО-1-78-705,1808-1808,1804-1809
ДАЖО-1-78-727,1819-1819,1815-1820
ДАЖО-1-78-731,1822-1822,1820-1825
ДАЖО-1-78-733,1823-1823,1820-1825
ДАЖО-1-78-747,1831-1831,"1830-1835,1843-1843"
ДАЖО-1-78-763,1839-1839,1835-1844
ДАЖО-1-78-767,1841-1841,1840-1844
ДАЖО-1-78-608,1842-1842,1838-1844
ДАЖО-1-78-772,1843-1843,"1830-1831,1840-1848"
ДАЖО-1-78-775,1844-1844,1839-1848
ДАЖО-1-78-781,1846-1846,1843-1848
ДАЖО-1-78-784,1847-1847,1843-1852
ДАЖО-1-78-789,1848-1848,1843-1852
ДАЖО-1-78-791,1849-1849,1847-1853
ДАЖО-1-78-793,1850-1850,1847-1853
ДАЖО-1-78-795,1851-1851,1847-1853
ДАЖО-1-78-797,1852-1852,1847-1853
ДАЖО-1-78-798,1853-1853,1849-1858
ДАЖО-1-78-801,1854-1854,1853-1860
ДАЖО-1-78-803,1855-1855,1853-1860
ДАЖО-1-78-805,1856-1856,1853-1860
ДАЖО-1-78-808,1857-1857,1853-1860
ДАЖО-1-78-697,1805-1805,1804-1809
ДАЖО-1-78-700,1806-1806,1804-1809
ДАЖО-1-78-743,1829-1829,1825-1830
ДАЖО-1-78-745,1830-1830,"1826-1835,1843-1843"
ДАЖО-1-78-844,1875-1875,1867-1875
ДАЖО-1-78-702,1807-1807,1804-1809
ДАЖО-1-78-711,1811-1811,1809-1815
ДАЖО-1-78-713,1812-1812,1810-1815
ДАЖО-1-78-715,1813-1813,1810-1814
ДАЖО-1-78-717,1814-1814,1810-1815
ДАЖО-1-78-719,1815-1815,1815-1819
ДАЖО-1-78-721,1816-1816,1815-1819
ДАЖО-1-78-723,1817-1817,1815-1819
ДАЖО-1-78-725,1818-1818,1815-1819
ДАЖО-1-78-735,1824-1824,1820-1824
ДАЖО-1-78-737,1825-1825,1825-1829
ДАЖО-1-78-739,1826-1826,1825-1829
ДАЖО-1-78-765,1840-1840,1835-1844
ДАЖО-1-78-810,1858-1858,1853-1859
ДАЖО-1-78-814,1859-1859,1854-1859
ДАЖО-1-78-837,1865-1865,"1863-1866,1872-1872"
ДАЖО-1-78-839,1866-1866,"1863-1866,1872-1872"
ДАЖО-1-78-768,1841-1841,1838-1844
ДАЖО-1-78-785,1847-1847,1843-1848
ДАЖО-1-78-834,1864-1864,1860-1866
ДАЖО-1-78-770,1842-1842,1838-1844
ДАЖО-1-78-771,1843-1843,"1830-1830,1839-1848"
ДАЖО-1-78-782,1846-1846,1843-1848
ДАЖО-1-78-804,1855-1855,1854-1859
ДАЖО-1-78-818,1860-1860,1860-1864
ДАЖО-1-78-823,1861-1861,1860-1864
ДАЖО-1-78-824,1862-1862,1860-1864
ДАЖО-1-78-860,1810-1814,"1805-1805,1807-1814"
ДАЖО-1-78-863,1811-1815,"1797-1797,1808-1817,1822-1822"
ДАЖО-1-78-890,1836-1836,1835-1840
ДАЖО-1-78-893,1838-1838,1835-1847
ДАЖО-1-78-896,1839-1843,1835-1847
ДАЖО-1-78-897,1840-1840,1839-1843
ДАЖО-1-78-899,1841-1841,1839-1843
ДАЖО-1-78-862,1811-1815,1810-1815
ДАЖО-1-78-868,1816-1820,"1811-1811,1814-1822"
ДАЖО-1-78-869,1816-1820,"1814-1815,1817-1823"
ДАЖО-1-78-871,1819-1819,"1814-1815,1817-1823"
ДАЖО-1-78-876,1823-1823,1821-1825
ДАЖО-1-78-878,1824-1824,1821-1825
ДАЖО-1-78-881,1825-1827,1821-1828
ДАЖО-1-78-880,1825-1827,1822-1831
ДАЖО-1-78-882,1828-1828,1825-1833
ДАЖО-1-78-851,1801-1805,1800-1809
ДАЖО-1-78-867,1816-1820,1815-1820
ДАЖО-1-78-900,1841-1841,"1797-1797,1836-1847"
ДАЖО-1-78-904,1842-1842,1838-1847
ДАЖО-1-78-906,1843-1843,1839-1843
ДАЖО-1-78-907,1844-1844,"1833-1833,1835-1848"
ДАЖО-1-78-909,1845-1845,1836-1850
ДАЖО-1-78-926,1851-1851,1847-1856
ДАЖО-1-78-928,1852-1852,1848-1856
ДАЖО-1-78-930,1853-1853,1849-1857
ДАЖО-1-78-932,1854-1854,1850-1858
ДАЖО-1-78-933,1855-1855,1851-1859
ДАЖО-1-78-939,1857-1857,1853-1861
ДАЖО-1-78-940,1858-1858,1854-1864
ДАЖО-1-78-942,1859-1859,1855-1864
ДАЖО-1-78-944,1860-1860,1856-1864
ДАЖО-1-78-946,1861-1861,1856-1865
ДАЖО-1-78-949,1862-1862,1858-1868
ДАЖО-1-78-952,1863-1863,1858-1868
ДАЖО-1-78-955,1864-1864,1858-1868
ДАЖО-1-78-956,1865-1865,1861-1868
ДАЖО-1-78-958,1866-1866,1862-1868
ДАЖО-1-78-960,1867-1867,1864-1868
ДАЖО-1-78-963,1868-1868,1864-1868
ДАЖО-1-78-855,1805-1809,1801-1811
ДАЖО-1-78-874,1820-1824,1820-1827
ДАЖО-1-78-962,1868-1868,1862-1868
ДАЖО-1-78-911,1846-1846,1842-1850
ДАЖО-1-78-916,1847-1847,1842-1851
ДАЖО-1-78-919,1848-1848,1843-1852
ДАЖО-1-78-922,1849-1849,1845-1853
ДАЖО-1-78-924,1850-1850,1845-1854
ДАЖО-1-78-935,1856-1856,1849-1856
ДАЖО-1-78-864,1811-1815,"1797-1797,1799-1799,1804-1804,1808-1818"
ДАЖО-1-78-877,1824-1824,1821-1828
ДАЖО-1-78-887,1829-1835,"1829-1837,1844-1844"
ДАЖО-1-78-850,1801-1805,"1798-1799,1801-1805"
ДАЖО-1-78-870,1816-1820,1816-1824
ДАЖО-1-78-853,1801-1805,1801-1808
ДАЖО-1-78-865,1811-1815,1808-1819
ДАЖО-1-78-858,1809-1809,1806-1814
ДАЖО-1-78-903,1842-1842,1839-1843
ДАЖО-1-78-912,1846-1846,1841-1850
ДАЖО-1-78-901,1842-1842,1839-1843
ДАЖО-1-78-917,1847-1847,1842-1851
ДАЖО-1-78-947,1856-1856,1851-1861
ДАЖО-1-78-957,1865-1865,1861-1868
ДАЖО-1-78-945,1860-1860,1854-1864
ДАЖО-1-78-948,1861-1861,1855-1865
ДАЖО-1-78-950,1862-1862,1858-1868
ДАЖО-1-78-953,1863-1863,1859-1868
ДАЖО-1-78-954,1864-1864,1859-1868
ДАЖО-1-78-959,1866-1866,1862-1868
ДАЖО-1-78-915,1847-1847,1844-1848
ДАЖО-1-78-920,1848-1848,1843-1852
ДАЖО-1-78-925,1850-1850,1849-1856
ДАЖО-1-78-927,1851-1851,1849-1856
ДАЖО-1-78-929,1852-1852,1849-1856
ДАЖО-1-78-931,1854-1854,1849-1856
ДАЖО-1-78-934,1855-1855,1849-1856
ДАЖО-1-78-936,1856-1856,1851-1861
ДАЖО-1-78-938,1857-1857,"1851-1852,1854-1861"
ДАЖО-1-78-941,1858-1858,1854-1862
ДАЖО-1-78-943,1859-1859,1854-1864
ДАЖО-1-78-964,1868-1868,1862-1868
ДАЖО-1-78-961,1867-1867,1862-1868
ДАЖО-1-78-914,1846-1846,1844-1848
ДАЖО-1-78-937,1856-1856,1854-1860
ДАЖО-1-78-921,1848-1848,1844-1848
ДАЖО-1-78-951,1862-1862,1859-1868
ДАЖО-1-78-918,1847-1847,1841-1852
ДАЖО-1-74-227,1796-1796,1795-1796
ДАЖО-1-74-235,1806-1810,1805-1810
ДАЖО-1-74-240,1810-1815,"1808-1810,1812-1812,1815-1815"
ДАЖО-1-75-23,1812-1812,1804-1814
ДАЖО-1-75-25,1813-1813,1804-1814
ДАЖО-1-75-31,1818-1832,"1809-1814,1816-1832"
ДАЖО-1-75-50,1834-1834,"1809-1814,1816-1832,1834-1839"
ДАЖО-1-75-101,1856-1857,1846-1857
ДАЖО-1-75-105,1859-1859,1846-1868
ДАЖО-1-75-107,1860-1860,1858-1868
ДАЖО-1-75-111,1861-1861,1846-1868
ДАЖО-1-75-114,1862-1862,1846-1868
ДАЖО-1-75-116,1863-1863,1846-1868
ДАЖО-1-75-120,1864-1864,1846-1868
ДАЖО-1-75-124,1865-1865,1846-1868
ДАЖО-1-75-127,1868-1868,1846-1868
ДАЖО-1-75-129,1867-1867,1846-1868
ДАЖО-1-75-136,1868-1868,1846-1868
ДАЖО-1-77-2,1869-1869,1869-1919
ДАЖО-1-77-11,1871-1871,1869-1919
ДАЖО-1-77-31,1875-1875,1869-1919
ДАЖО-1-77-36,1876-1876,1869-1919
ДАЖО-1-77-156,1877-1877,1869-1919
ДАЖО-1-77-160,1878-1878,1869-1919
ДАЖО-1-77-164,1879-1879,1869-1919
ДАЖО-1-77-168,1880-1880,1869-1919
ДАЖО-1-77-172,1881-1881,1869-1915
ДАЖО-1-77-180,1882-1882,1869-1919
ДАЖО-1-77-186,1883-1883,1869-1915
ДАЖО-1-77-198,1916-1916,1869-1919
ДАЖО-1-77-427,1916-1916,1869-1919
ДАЖО-1-77-465,1891-1916,1869-1919
ДАЖО-1-77-488,1884-1894,1873-1915
ДАЖО-1-77-1425,1904-1916,1869-1919
ДАЖО-1-77-1436,1916-1916,1869-1919
ДАЖО-1-75-4,1800-1800,"1798-1798,1800-1802,1820-1832"
ДАЖО-1-75-8,1804-1804,1804-1814
ДАЖО-1-75-139,1807-1807,1804-1814
ДАЖО-1-75-16,1808-1808,1804-1814
ДАЖО-1-75-21,1811-1814,1804-1814
ДАЖО-1-75-29,1816-1816,1816-1832
ДАЖО-1-75-51,1835-1835,"1809-1814,1816-1832,1834-1839"
ДАЖО-1-75-55,1837-1837,1834-1839
ДАЖО-1-75-57,1838-1839,1834-1839
ДАЖО-1-75-60,1839-1839,1834-1840
ДАЖО-1-75-63,1841-1841,1841-1844
ДАЖО-1-75-65,1842-1842,"1834-1835,1839-1839,1841-1844"
ДАЖО-1-75-67,1843-1843,"1834-1835,1839-1839,1841-1844"
ДАЖО-1-75-70,1844-1844,1841-1844
ДАЖО-1-75-74,1846-1846,1846-1868
ДАЖО-1-75-76,1847-1847,1846-1868
ДАЖО-1-75-78,1848-1848,1846-1868
ДАЖО-1-75-81,1849-1849,1846-1868
ДАЖО-1-75-83,1850-1850,1846-1868
ДАЖО-1-75-87,1850-1851,1846-1859
ДАЖО-1-75-88,1852-1852,1846-1868
ДАЖО-1-75-91,1853-1853,1846-1868
ДАЖО-1-75-92,1854-1854,1846-1868
ДАЖО-1-75-98,1855-1855,1846-1868
ДАЖО-1-75-99,1856-1856,1846-1857
ДАЖО-1-75-108,1860-1860,1846-1868
ДАЖО-1-75-134,1868-1868,1858-1868
ДАЖО-1-77-1517,1916-1916,1869-1919
ДАЖО-1-75-2,1795-1797,1795-1798
ДАЖО-1-75-64,1842-1842,1841-1844
ДАЖО-1-75-79,1848-1848,"1842-1844,1846-1859"
ДАЖО-1-75-94,1854-1854,"1842-1844,1846-1859"
ДАЖО-1-75-109,1860-1860,1858-1868
ДАЖО-1-75-95,1855-1855,1846-1868
ДАЖО-1-75-96,1856-1856,1846-1868
ДАЖО-1-75-100,1857-1857,1846-1868
ДАЖО-1-75-103,1858-1858,1846-1868
ДАЖО-1-75-104,1859-1859,1846-1859
ДАЖО-1-75-115,1862-1862,1861-1868
ДАЖО-1-75-59,1839-1839,1837-1840
ДАЖО-1-75-62,1840-1840,1839-1840
ДАЖО-1-75-68,1843-1843,1842-1844
ДАЖО-1-75-75,1846-1846,"1842-1844,1846-1859"
ДАЖО-1-75-77,1847-1847,"1842-1844,1846-1859"
ДАЖО-1-75-80,1849-1849,"1842-1844,1846-1859"
ДАЖО-1-75-84,1850-1850,"1842-1844,1846-1859"
ДАЖО-1-75-86,1851-1851,"1842-1844,1846-1859"
ДАЖО-1-75-89,1852-1852,"1842-1844,1846-1859"
ДАЖО-1-75-90,1853-1853,"1842-1844,1846-1859"
ДАЖО-1-75-85,1851-1851,1846-1868
ДАЖО-1-77-173,1881-1881,1869-1919
ДАЖО-1-77-183,1882-1882,1869-1919
ДАЖО-1-77-192,1884-1884,1869-1919
ДАЖО-1-77-436,1916-1916,1869-1919
ДАЖО-1-77-443,1916-1916,1869-1919
ДАЖО-1-77-451,1889-1889,1869-1919
ДАЖО-1-77-458,1890-1914,1869-1919
ДАЖО-1-77-473,1916-1916,1869-1919
ДАЖО-1-77-481,1916-1916,1869-1919
ДАЖО-1-77-489,1916-1916,1869-1919
ДАЖО-1-77-497,1916-1916,1869-1919
ДАЖО-1-77-1313,1916-1916,1869-1919
ДАЖО-1-77-1327,1916-1916,1869-1919
ДАЖО-1-77-1345,1916-1916,1869-1919
ДАЖО-1-77-1355,1916-1916,1869-1919
ДАЖО-1-77-1370,1916-1916,1869-1919
ДАЖО-1-77-1385,1916-1916,1869-1919
ДАЖО-1-77-1401,1916-1916,1869-1919
ДАЖО-1-77-1414,1916-1916,1869-1919
ДАЖО-1-77-1446,1916-1916,1869-1919
ДАЖО-1-77-1459,1916-1916,1869-1919
ДАЖО-1-77-1470,1916-1916,1869-1919
ДАЖО-1-77-1483,1916-1916,1869-1919
ДАЖО-1-77-1494,1916-1916,1869-1919
ДАЖО-1-77-1506,1916-1916,1869-1919
ДАЖО-1-77-1530,1916-1916,1869-1919
ДАЖО-1-77-1542,1916-1916,1869-1919
ДАЖО-1-77-1553,1915-1916,1869-1919
ДАЖО-1-77-1563,1916-1916,1869-1919
ДАЖО-1-77-1564,1916-1917,1869-1919
ДАЖО-1-77-2152,1918-1918,1869-1919
ДАЖО-1-77-2154,1919-1919,1869-1919
ДАЖО-1-91-10,1812-1832,1812-1838
ДАЖО-1-91-47,1852-1868,"1852-1868,1870-1870"
ДАЖО-1-75-97,1854-1855,"1842-1844,1846-1859"
ДАЖО-1-75-102,1858-1858,1858-1868
ДАЖО-1-75-106,1859-1859,1858-1868
ДАЖО-1-75-110,1861-1861,1858-1868
ДАЖО-1-75-113,1862-1862,1858-1868
ДАЖО-1-75-117,1863-1863,1858-1868
ДАЖО-1-75-119,1864-1864,1858-1868
ДАЖО-1-75-122,1865-1865,1858-1868
ДАЖО-1-75-126,1866-1866,1858-1868
ДАЖО-1-75-130,1867-1867,1858-1868
ДАЖО-1-77-1,1869-1869,1868-1919
ДАЖО-1-77-5,1870-1870,1869-1919
ДАЖО-1-77-28,1874-1874,1869-1919
ДАЖО-1-77-1559,1915-1916,1869-1919
ДАЖО-1-75-118,1863-1863,1858-1868
ДАЖО-1-75-112,1861-1861,1861-1868
ДАЖО-1-77-157,1887-1887,1868-1919
ДАЖО-1-77-185,1882-1882,1869-1887
ДАЖО-1-77-10,1871-1871,1868-1919
ДАЖО-1-77-498,1895-1903,1869-1915
ДАЖО-1-77-1346,1898-1916,1869-1919
ДАЖО-1-77-1402,1902-1916,1869-1919
ДАЖО-1-77-1460,1907-1916,1869-1919
ДАЖО-1-77-1495,1910-1916,1869-1919
ДАЖО-1-77-1507,1911-1916,1869-1919
ДАЖО-1-77-1518,1916-1916,1869-1919
ДАЖО-1-77-1531,1913-1916,1869-1919
ДАЖО-1-77-1543,1914-1916,1869-1919
ДАЖО-1-77-1488,1916-1916,1888-1916
ДАЖО-1-77-1554,1915-1916,1878-1919
ДАЖО-1-77-2092,1888-1895,1869-1919
ДАЖО-1-77-1484,1916-1916,1869-1919
ДАЖО-1-75-82,1850-1850,1850-1860
ДАЖО-1-75-11,1805-1805,1804-1814
ДАЖО-1-75-125,1866-1866,1853-1868
ДАЖО-1-75-135,1868-1868,1853-1868
ДАЖО-1-77-7,1870-1905,1869-1915
ДАЖО-1-77-14,1871-1871,1869-1915
ДАЖО-1-77-15,1872-1872,1869-1915
ДАЖО-1-77-26,1874-1874,1869-1915
ДАЖО-1-77-190,1883-1883,1869-1915
ДАЖО-1-77-197,1884-1884,1869-1915
ДАЖО-1-77-174,1881-1881,1868-1919
ДАЖО-1-77-181,1882-1882,1868-1919
ДАЖО-1-77-1448,1906-1916,1869-1919
ДАЖО-1-77-1513А,1911-1911,1869-1915
ДАЖО-1-75-69,1843-1843,"1834-1835,1839-1839,1841-1844"
ДАЖО-1-75-132,1867-1867,1859-1868
ДАЖО-1-77-6,1870-1870,1868-1919
ДАЖО-1-77-30,1875-1875,1868-1919
ДАЖО-1-77-34,1876-1876,1868-1919
ДАЖО-1-77-161,1878-1878,1868-1919
ДАЖО-1-77-169,1880-1880,1868-1919
ДАЖО-1-77-187,1883-1883,1868-1919
ДАЖО-1-77-193,1884-1884,1868-1919
ДАЖО-1-77-199,1916-1916,1868-1919
ДАЖО-1-77-429,1916-1916,1868-1919
ДАЖО-1-77-437,1916-1916,1868-1919
ДАЖО-1-77-444,1916-1916,1868-1919
ДАЖО-1-77-452,1916-1916,1868-1919
ДАЖО-1-77-459,1916-1916,1868-1919
ДАЖО-1-77-467,1916-1916,1868-1919
ДАЖО-1-77-474,1916-1916,1868-1919
ДАЖО-1-77-482,1916-1916,1868-1919
ДАЖО-1-77-490,1905-1906,1868-1919
ДАЖО-1-77-500,1916-1916,1868-1919
ДАЖО-1-77-1317,1916-1916,1868-1919
ДАЖО-1-77-1332,1916-1916,1868-1919
ДАЖО-1-77-1360,1916-1916,1869-1919
ДАЖО-1-77-1375,1900-1916,1869-1919
ДАЖО-1-77-1389,1916-1916,1869-1919
ДАЖО-1-77-1416,1916-1916,1869-1919
ДАЖО-1-77-1427,1916-1916,1869-1919
ДАЖО-1-77-1438,1905-1916,1869-1919
ДАЖО-1-77-1472,1916-1916,1869-1919
ДАЖО-1-77-1519,1912-1919,1869-1919
ДАЖО-1-77-1555,1916-1916,1869-1919
ДАЖО-1-77-1417,1903-1916,1869-1919
ДАЖО-1-77-1486,1916-1916,1869-1919
ДАЖО-1-77-1556,1916-1916,1869-1919
ДАЖО-1-75-133,1868-1868,1858-1868
ДАЖО-1-77-499,1916-1916,1869-1919
ДАЖО-1-77-1316,1916-1916,1869-1919
ДАЖО-1-77-1331,1916-1916,1869-1919
ДАЖО-1-77-1347,1916-1916,1869-1919
ДАЖО-1-77-1359,1916-1916,1869-1919
ДАЖО-1-77-1374,1916-1916,1869-1919
ДАЖО-1-77-1388,1916-1916,1869-1919
ДАЖО-1-77-1485,1909-1916,1869-1919
ДАЖО-1-77-1497,1916-1916,1869-1919
ДАЖО-1-77-1508,1911-1916,1869-1919
ДАЖО-1-77-1520,1911-1916,1869-1919
ДАЖО-1-77-1533,1916-1916,1869-1919
ДАЖО-1-77-1545,1916-1916,1869-1919
ДАЖО-1-77-1449,1916-1916,1869-1919
ДАЖО-1-77-2155,1919-1919,1869-1919
ДАЖО-1-77-175,1881-1881,1869-1919
ДАЖО-1-77-1358,1916-1916,1869-1919
ДАЖО-1-77-1373,1916-1916,1869-1919
ДАЖО-1-77-1403,1916-1916,1869-1919
ДАЖО-1-77-1461,1916-1916,1869-1919
ДАЖО-1-77-1473,1916-1916,1869-1919
ДАЖО-1-75-36,1822-1822,1816-1832
ДАЖО-1-75-38,1823-1823,1816-1832
ДАЖО-1-75-40,1824-1824,"1816-1819,1821-1832"
ДАЖО-1-75-39,1824-1824,1824-1832
ДАЖО-1-75-41,1825-1825,1824-1832
ДАЖО-1-75-43,1826-1826,1824-1832
ДАЖО-1-77-1333,1916-1916,1869-1919
ДАЖО-1-77-1387,1916-1916,1869-1919
ДАЖО-1-77-1428,1916-1916,1869-1919
ДАЖО-1-75-199,1845-1863,"1842-1849,1860-1863,1869-1897"
ДАЖО-1-77-2153,1916-1918,1869-1919
ДАЖО-1-74-233,1805-1810,"1799-1800,1805-1810"
ДАЖО-1-75-37,1822-1822,1820-1832
ДАЖО-1-75-45,1828-1828,1828-1832
ДАЖО-1-77-33,1875-1875,1869-1919
ДАЖО-1-77-176,1881-1881,1869-1917
ДАЖО-1-77-182,1882-1882,1869-1917
ДАЖО-1-77-188,1883-1883,1869-1919
ДАЖО-1-77-453,1916-1916,1869-1917
ДАЖО-1-77-468,1916-1916,1869-1917
ДАЖО-1-77-501,1895-1912,1869-1915
ДАЖО-1-75-49,1832-1832,1816-1832
ДАЖО-1-75-121,1864-1864,1853-1868
ДАЖО-1-75-123,1865-1865,1853-1868
ДАЖО-1-75-131,1867-1868,1853-1868
ДАЖО-1-77-32,1875-1875,1869-1915
ДАЖО-1-77-35,1876-1876,1869-1915
ДАЖО-1-77-159,1877-1877,1869-1915
ДАЖО-1-77-163,1878-1878,1869-1915
ДАЖО-1-77-166,1879-1879,1869-1919
ДАЖО-1-77-171,1880-1880,1869-1915
ДАЖО-1-77-178,1881-1881,1869-1915
ДАЖО-1-77-184,1882-1882,1869-1915
ДАЖО-1-77-189,1883-1883,1869-1915
ДАЖО-1-77-196,1884-1884,1869-1915
ДАЖО-1-77-1321,1896-1916,1869-1919
ДАЖО-1-77-1409,1916-1916,1869-1916
ДАЖО-1-77-1442,1916-1916,1869-1918
ДАЖО-1-77-1455,1916-1916,1869-1916
ДАЖО-1-77-1558,1916-1916,1869-1919
ДАЖО-1-75-48,1831-1831,"1831-1832,1843-1843"
ДАЖО-1-77-155,1876-1876,1869-1919
ДАЖО-1-77-158,1877-1877,1869-1919
ДАЖО-1-77-162,1878-1878,1869-1919
ДАЖО-1-77-170,1880-1880,1869-1919
ДАЖО-1-77-194,1884-1884,1869-1919
ДАЖО-1-77-1440,1916-1916,1869-1917
ДАЖО-1-77-1463,1916-1916,1869-1917
ДАЖО-1-77-1475,1916-1916,1869-1917
ДАЖО-1-77-1349,1916-1916,1869-1917
ДАЖО-1-77-1535,1913-1916,1869-1919
ДАЖО-1-77-1547,1914-1916,1869-1919
ДАЖО-1-77-1565,1916-1917,1869-1919
ДАЖО-1-77-1419,1916-1916,1869-1919
ДАЖО-1-77-1430,1916-1916,1869-1919
ДАЖО-1-77-1499,1916-1916,1869-1917
ДАЖО-1-77-1511,1916-1916,1869-1917
ДАЖО-1-77-1453,1916-1916,1869-1917
ДАЖО-1-91-34,1847-1862,1847-1871
ДАЖО-1-91-227,1905-1914,1904-1914
ДАЖО-1-77-201,1916-1916,1869-1919
ДАЖО-1-77-431,1916-1916,1869-1919
ДАЖО-1-77-439,1916-1916,1869-1919
ДАЖО-1-77-446,1916-1916,1869-1917
ДАЖО-1-77-461,1916-1916,1869-1917
ДАЖО-1-77-476,1891-1896,1869-1919
ДАЖО-1-77-484,1916-1916,1869-1919
ДАЖО-1-77-492,1894-1916,1869-1919
ДАЖО-1-77-503,1916-1916,1869-1919
ДАЖО-1-77-1319,1916-1916,1869-1919
ДАЖО-1-77-1336,1916-1916,1869-1917
ДАЖО-1-77-1363,1916-1916,1869-1919
ДАЖО-1-77-1378,1916-1916,1869-1919
ДАЖО-1-77-1392,1916-1916,1869-1917
ДАЖО-1-77-1407,1916-1916,1869-1919
ДАЖО-1-75-52,1837-1851,"1834-1835,1837-1851"
ДАЖО-1-75-128,1867-1867,1858-1868
ДАЖО-1-77-167,1879-1879,1869-1915
ДАЖО-1-77-179,1881-1881,1869-1887
ДАЖО-1-77-9,1871-1871,1869-1919
ДАЖО-1-77-177,1881-1881,1869-1919
ДАЖО-1-77-454,1916-1916,1869-1919
ДАЖО-1-77-462,1916-1916,1869-1919
ДАЖО-1-77-469,1916-1916,1869-1919
ДАЖО-1-77-1337,1916-1916,1869-1919
ДАЖО-1-77-1393,1916-1916,1869-1919
ДАЖО-1-77-1441,1905-1916,1869-1919
ДАЖО-1-77-1454,1906-1916,1869-1919
ДАЖО-1-77-1464,1907-1916,1869-1919
ДАЖО-1-77-1476,1916-1916,1869-1919
ДАЖО-1-77-1489,1909-1916,1869-1919
ДАЖО-1-77-1525,1912-1916,1869-1919
ДАЖО-1-77-1536,1916-1916,1869-1919
ДАЖО-1-77-1350,1916-1916,1869-1919
ДАЖО-1-77-1500,1910-1916,1869-1919
ДАЖО-1-77-1512,1916-1916,1869-1919
ДАЖО-1-77-1548,1916-1916,1869-1919
ДАЖО-1-77-1431,1904-1916,1888-1919
ДАЖО-1-76-178,1865-1865,1850-1868
ДАЖО-1-77-1420,1916-1916,1888-1919
ДАЖО-1-77-1477,1908-1916,1888-1919
ДАЖО-1-77-1338,1897-1916,1888-1919
ДАЖО-1-77-1394,1916-1916,1888-1919
ДАЖО-1-77-1408,1902-1916,1888-1919
ДАЖО-1-77-195,1884-1884,1869-1886
ДАЖО-1-77-447,1916-1916,1888-1919
ДАЖО-1-77-477,1916-1916,1888-1919
ДАЖО-1-77-485,1916-1916,1888-1919
ДАЖО-1-77-493,1894-1916,1888-1919
ДАЖО-1-77-504,1916-1916,1888-1919
ДАЖО-1-77-1320,1916-1916,1888-1918
ДАЖО-1-77-1364,1916-1916,1888-1919
ДАЖО-1-77-1379,1916-1916,1888-1919
ДАЖО-1-77-1560,1916-1916,1888-1918
ДАЖО-1-77-1421,1916-1916,1888-1918
ДАЖО-1-77-1432,1916-1916,1888-1918
ДАЖО-1-77-1465,1916-1916,1888-1916
ДАЖО-1-77-1501,1916-1916,1888-1916
ДАЖО-1-77-1513,1916-1916,1888-1916
ДАЖО-1-77-1524,1916-1916,1888-1916
ДАЖО-1-77-1537,1916-1916,1888-1916
ДАЖО-1-77-1549,1916-1916,1869-1916
ДАЖО-1-77-1395,1916-1916,1900-1916
ДАЖО-1-77-39,1870-1874,1869-1886
ДАЖО-1-91-158,1892-1894,1891-1894
ДАЖО-1-77-1921,1908-1912,"1904-1912,1920-1921"
ДАЖО-1-75-71,1844-1844,1842-1844
ДАЖО-1-75-185,1836-1843,"1832-1832,1834-1834,1836-1836,1838-1843,1869-1887"
ДАЖО-1-75-190,1841-1841,"1836-1836,1838-1843,1869-1887"
ДАЖО-1-75-197,1845-1853,"1841-1849,1853-1853,1869-1887"
ДАЖО-1-75-204,1847-1856,"1842-1853,1856-1856,1869-1887"
ДАЖО-1-91-221,1904-1913,1904-1914
ДАЖО-1-75-72,1845-1861,1845-1862
ДАЖО-1-74-241,1812-1812,"1810-1810,1812-1812"
ДАЖО-1-74-244,1817-1817,"1815-1815,1817-1817"
ДАЖО-1-74-251,1822-1822,1820-1822
ДАЖО-1-74-272,1836-1838,"1835-1836,1838-1838"
ДАЖО-1-74-276,1838-1838,"1836-1836,1838-1838"
ДАЖО-1-74-283,1840-1844,1840-1845
ДАЖО-1-74-290,1843-1848,1840-1848
ДАЖО-1-74-291,1844-1844,1840-1848
ДАЖО-1-74-293,1845-1848,1842-1848
ДАЖО-1-74-295,1846-1848,1842-1848
ДАЖО-1-74-298,1847-1848,1842-1848
ДАЖО-1-74-299,1848-1848,1842-1848
ДАЖО-1-74-307,1851-1851,1850-1852
ДАЖО-1-74-311,1853-1857,1852-1857
ДАЖО-1-74-314,1854-1858,1853-1858
ДАЖО-1-74-316,1855-1855,1853-1858
ДАЖО-1-74-317,1856-1856,1853-1858
ДАЖО-1-74-320,1857-1862,1853-1862
ДАЖО-1-74-322,1858-1862,1854-1862
ДАЖО-1-74-324,1859-1864,1857-1864
ДАЖО-1-74-328,1860-1860,1857-1864
ДАЖО-1-74-331,1861-1861,1857-1864
ДАЖО-1-74-332,1862-1863,1857-1864
ДАЖО-1-74-334,1863-1868,1859-1868
ДАЖО-1-74-335,1864-1869,1859-1869
ДАЖО-1-74-339,1865-1868,1863-1868
ДАЖО-1-74-342,1866-1866,1863-1868
ДАЖО-1-74-343,1867-1867,1863-1868
ДАЖО-1-74-344,1868-1868,1863-1868
ДАЖО-1-77-206,1870-1874,1869-1874
ДАЖО-1-77-41,1871-1871,1869-1874
ДАЖО-1-77-45,1872-1872,1869-1874
ДАЖО-1-77-46,1873-1873,1869-1874
ДАЖО-1-77-54,1874-1879,1869-1879
ДАЖО-1-77-51,1875-1879,1874-1879
ДАЖО-1-77-53,1876-1879,1874-1880
ДАЖО-1-77-521,1888-1894,1885-1894
ДАЖО-1-77-532,1890-1895,1888-1895
ДАЖО-1-77-2181,1913-1921,1913-1922
ДАЖО-1-77-1301,1915-1915,1910-1915
ДАЖО-1-77-1310,1915-1919,1913-1919
ДАЖО-1-77-1311,1916-1917,1913-1919
ДАЖО-1-77-2175,1918-1920,1915-1920
ДАЖО-1-74-340,1866-1866,1863-1868
ДАЖО-1-77-2177,1919-1919,1915-1920
ДАЖО-1-77-2205,1920-1922,1918-1922
ДАЖО-1-77-1232,1907-1914,1903-1914
ДАЖО-1-77-1242,1908-1912,1905-1914
ДАЖО-1-77-1289,1913-1915,1910-1915
ДАЖО-1-77-1303,1915-1916,1910-1917
ДАЖО-1-77-564,1895-1899,1890-1899
ДАЖО-1-77-1120,1896-1899,1895-1899
ДАЖО-1-77-1121,1896-1899,1895-1899
ДАЖО-1-74-289,1843-1848,1840-1848
ДАЖО-1-74-292,1844-1844,1840-1848
ДАЖО-1-74-294,1845-1849,1840-1849
ДАЖО-1-74-296,1846-1849,1842-1849
ДАЖО-1-74-297,1847-1852,1843-1852
ДАЖО-1-74-300,1848-1848,1843-1852
ДАЖО-1-74-301,1849-1852,1845-1852
ДАЖО-1-74-302,1850-1852,1847-1852
ДАЖО-1-74-305,1851-1855,1847-1855
ДАЖО-1-74-308,1852-1856,1847-1856
ДАЖО-1-74-312,1853-1857,1851-1857
ДАЖО-1-74-313,1854-1854,1851-1857
ДАЖО-1-74-315,1855-1859,1851-1859
ДАЖО-1-74-318,1856-1859,1852-1859
ДАЖО-1-74-319,1857-1862,1853-1862
ДАЖО-1-74-321,1858-1862,1855-1862
ДАЖО-1-74-325,1859-1862,1855-1862
ДАЖО-1-74-329,1860-1862,1857-1862
ДАЖО-1-74-330,1861-1861,1857-1862
ДАЖО-1-74-333,1862-1862,1857-1862
ДАЖО-1-74-338,1865-1865,1864-1868
ДАЖО-1-74-345,1867-1867,1863-1868
ДАЖО-1-74-346,1868-1868,1864-1868
ДАЖО-1-77-37,1870-1874,1869-1874
ДАЖО-1-77-43,1871-1871,1869-1874
ДАЖО-1-77-44,1872-1872,1869-1874
ДАЖО-1-77-47,1874-1879,1870-1879
ДАЖО-1-77-50,1875-1880,1874-1880
ДАЖО-1-77-52,1876-1876,1874-1880
ДАЖО-1-77-224,1881-1884,1880-1884
ДАЖО-1-77-235,1883-1884,1880-1884
ДАЖО-1-77-239,1884-1889,1880-1889
ДАЖО-1-77-244,1885-1889,1884-1889
ДАЖО-1-77-531,1889-1893,1884-1893
ДАЖО-1-77-542,1891-1895,1889-1895
ДАЖО-1-77-575,1895-1899,1890-1899
ДАЖО-1-77-1130,1896-1899,1895-1899
ДАЖО-1-77-1158,1898-1899,1895-1899
ДАЖО-1-77-1293,1912-1913,1910-1915
ДАЖО-1-77-1300,1914-1916,1910-1916
ДАЖО-1-77-1309,1915-1916,1910-1916
ДАЖО-1-77-1243,1908-1912,1905-1912
ДАЖО-1-77-1259,1910-1914,1908-1914
ДАЖО-1-77-1288,1913-1915,1910-1915
ДАЖО-1-77-1304,1915-1919,1910-1919
ДАЖО-1-77-1202,1903-1907,1900-1907
ДАЖО-1-77-2071,1887-1892,1886-1892
ДАЖО-1-77-1227,1905-1909,1903-1909
ДАЖО-1-77-1302,1915-1917,1910-1917
ДАЖО-1-77-566,1895-1899,1890-1899
ДАЖО-1-74-326,1859-1859,1857-1862
ДАЖО-1-77-42,1871-1871,1870-1874
ДАЖО-1-77-1257,1910-1916,1907-1916
ДАЖО-1-77-1267,1911-1916,1908-1916
ДАЖО-1-77-1277,1916-1916,1907-1916
ДАЖО-1-77-1287,1913-1917,1907-1917
ДАЖО-1-77-1296,1916-1916,1907-1917
ДАЖО-1-77-2185,1920-1920,1919-1920
ДАЖО-1-77-567,1895-1899,1890-1899
ДАЖО-1-77-1122,1896-1899,1895-1899
ДАЖО-1-74-243,1816-1827,1816-1842
ДАЖО-1-74-254,1828-1836,1817-1842
ДАЖО-1-74-268,1835-1842,1817-1842
ДАЖО-1-77-1214,1904-1905,1900-1905
ДАЖО-1-77-1221,1905-1909,1904-1909
ДАЖО-1-74-286,1842-1848,1840-1848
ДАЖО-1-77-1193,1902-1902,1900-1904
ДАЖО-1-77-1237,1907-1907,1905-1909
ДАЖО-1-77-207,1876-1879,1875-1879
ДАЖО-1-77-511,1886-1886,1885-1889
ДАЖО-1-77-517,1887-1887,1885-1889
ДАЖО-1-77-523,1888-1888,1885-1889
ДАЖО-1-77-529,1889-1889,1885-1889
ДАЖО-1-77-540,1891-1891,1890-1895
ДАЖО-1-77-545,1892-1892,1890-1895
ДАЖО-1-77-551,1893-1893,1890-1895
ДАЖО-1-77-557,1894-1894,1890-1895
ДАЖО-1-77-569,1895-1895,1890-1895
ДАЖО-1-77-29,1874-1874,1869-1874
ДАЖО-1-77-2187,1920-1920,1911-1920
ДАЖО-1-77-1205,1903-1907,1900-1907
ДАЖО-1-77-1219,1905-1909,1903-1909
ДАЖО-1-84-19,1773-1804,1772-1804
ДАЖО-1-74-303,1850-1852,1847-1852
ДАЖО-1-74-337,1865-1865,1863-1868
ДАЖО-1-77-228,1882-1884,1880-1884
ДАЖО-1-77-558,1894-1898,1890-1898
ДАЖО-1-77-1125,1896-1899,1894-1899
ДАЖО-1-77-1165,1899-1902,1896-1902
ДАЖО-1-77-1175,1900-1904,1899-1904
ДАЖО-1-74-262,1836-1840,1836-1841
ДАЖО-1-74-279,1840-1841,1836-1841
ДАЖО-1-74-310,1860-1860,1857-1862
ДАЖО-1-77-1260,1910-1914,1908-1914
ДАЖО-1-77-1280,1912-1914,1910-1914
ДАЖО-1-77-1305,1915-1919,1910-1919
ДАЖО-1-77-1244,1908-1911,1905-1911
ДАЖО-1-77-2191,1914-1920,1913-1920
ДАЖО-1-77-2193,1919-1919,1913-1919
ДАЖО-1-77-2189,1913-1918,1913-1920
ДАЖО-1-77-2192,1918-1920,1913-1920
ДАЖО-1-77-238,1884-1884,1880-1884
ДАЖО-1-77-2087,1890-1901,1885-1901
ДАЖО-1-77-541,1891-1894,1890-1895
ДАЖО-1-77-552,1893-1897,1890-1897
ДАЖО-1-77-1166,1899-1904,1896-1904
ДАЖО-1-77-1176,1900-1904,1899-1904
ДАЖО-1-77-1741,1916-1919,1915-1919
ДАЖО-1-77-223,1881-1922,"1880-1884,1922-1922"
ДАЖО-1-77-38,1870-1874,1869-1874
ДАЖО-1-77-1127,1896-1899,1893-1899
ДАЖО-1-77-1235,1907-1911,1905-1911
ДАЖО-1-77-1261,1910-1915,1907-1915
ДАЖО-1-77-1281,1912-1915,1910-1915
ДАЖО-1-77-584,1886-1890,1884-1890
ДАЖО-1-77-2176,1917-1918,1916-1919
ДАЖО-1-77-2178,1919-1921,1916-1921
ДАЖО-1-77-2079,1860-1894,1860-1898
ДАЖО-1-77-2082,1868-1877,"1868-1897,1910-1914"
ДАЖО-1-77-2080,1878-1890,1868-1897
ДАЖО-1-77-1307,1916-1916,1915-1921
ДАЖО-1-77-2179,1917-1919,1915-1921
ДАЖО-1-77-48,1874-1874,1869-1874
ДАЖО-1-77-536,1890-1895,1889-1895
ДАЖО-1-77-1228,1906-1906,1905-1909
ДАЖО-1-77-1245,1908-1908,1905-1909
ДАЖО-1-77-1308,1915-1916,1910-1916
ДАЖО-1-77-1253,1909-1909,1905-1909
ДАЖО-1-74-306,1851-1851,1851-1854
ДАЖО-1-77-2083,1895-1907,1895-1919
ДАЖО-1-77-2163,1908-1919,1895-1919
ДАЖО-1-77-2085,1895-1907,1895-1915
ДАЖО-1-77-2165,1908-1915,1895-1915
ДАЖО-1-77-2084,1895-1907,1895-1919
ДАЖО-1-77-2164,1908-1919,1895-1919
ДАЖО-1-77-40,1870-1874,1869-1874
ДАЖО-1-77-561,1894-1899,1890-1899
ДАЖО-1-77-574,1895-1899,1890-1899
ДАЖО-1-77-1129,1896-1899,1894-1899
ДАЖО-1-77-576,1895-1899,1890-1899
ДАЖО-1-77-1131,1896-1899,1895-1899
ДАЖО-1-74-224,1783-1815,"1783-1826,1835-1841"
ДАЖО-1-74-264,1835-1840,"1783-1826,1835-1840"
ДАЖО-1-74-265,1835-1841,"1783-1815,1817-1817,1835-1841"
ДАЖО-1-78-975,1798-1798,1796-1798
ДАЖО-1-78-973,1799-1804,1795-1804
ДАЖО-1-78-990,1802-1814,"1799-1806,1810-1814"
ДАЖО-1-78-980,1803-1808,1799-1808
ДАЖО-1-78-983,1804-1810,1800-1810
ДАЖО-1-78-984,1805-1811,1803-1811
ДАЖО-1-78-986,1806-1811,1803-1811
ДАЖО-1-78-987,1806-1813,1804-1813
ДАЖО-1-78-989,1809-1813,1805-1813
ДАЖО-1-78-991,1810-1815,1806-1815
ДАЖО-1-78-993,1811-1815,1807-1815
ДАЖО-1-78-995,1812-1816,1808-1816
ДАЖО-1-78-996,1813-1813,1808-1816
ДАЖО-1-78-998,1814-1818,1810-1818
ДАЖО-1-78-1000,1815-1819,1810-1819
ДАЖО-1-78-1002,1816-1821,1812-1821
ДАЖО-1-78-1005,1817-1821,1813-1821
ДАЖО-1-78-1007,1818-1822,1814-1822
ДАЖО-1-78-1009,1819-1823,1815-1823
ДАЖО-1-78-1012,1820-1825,1814-1825
ДАЖО-1-78-1013,1820-1825,1816-1825
ДАЖО-1-78-1015,1822-1827,1818-1827
ДАЖО-1-78-1017,1823-1828,1819-1828
ДАЖО-1-78-1018,1824-1829,1820-1829
ДАЖО-1-78-1022,1826-1831,1815-1831
ДАЖО-1-78-1026,1828-1832,1815-1832
ДАЖО-1-78-1030,1830-1835,1825-1835
ДАЖО-1-78-1033,1831-1837,1825-1837
ДАЖО-1-78-1035,1832-1836,1828-1837
ДАЖО-1-78-1040,1836-1840,1831-1840
ДАЖО-1-78-1043,1838-1842,1834-1842
ДАЖО-1-78-1046,1839-1843,1835-1843
ДАЖО-1-78-1047,1840-1844,1836-1844
ДАЖО-1-78-1050,1841-1845,1837-1845
ДАЖО-1-78-1055,1842-1848,1838-1848
ДАЖО-1-78-1057,1843-1847,1839-1847
ДАЖО-1-78-1058,1844-1850,1840-1850
ДАЖО-1-78-1060,1844-1848,1841-1850
ДАЖО-1-78-1066,1847-1852,1843-1852
ДАЖО-1-78-1068,1848-1848,1844-1852
ДАЖО-1-78-1072,1850-1855,1844-1855
ДАЖО-1-78-1074,1850-1855,1846-1855
ДАЖО-1-78-1076,1852-1857,1847-1857
ДАЖО-1-78-1078,1853-1857,1850-1857
ДАЖО-1-78-1080,1854-1858,1850-1858
ДАЖО-1-78-1083,1854-1859,1850-1859
ДАЖО-1-78-1085,1856-1860,1852-1860
ДАЖО-1-78-1087,1857-1862,1852-1862
ДАЖО-1-78-1090,1858-1862,1855-1862
ДАЖО-1-78-1092,1859-1859,1855-1862
ДАЖО-1-78-1094,1860-1863,1856-1863
ДАЖО-1-78-1096,1861-1862,1857-1863
ДАЖО-1-78-1098,1862-1862,1857-1863
ДАЖО-1-78-966,1796-1798,1795-1801
ДАЖО-1-78-967,1796-1797,1796-1798
ДАЖО-1-78-985,1806-1810,1802-1810
ДАЖО-1-78-1006,1817-1822,1813-1822
ДАЖО-1-78-1024,1827-1831,1815-1831
ДАЖО-1-78-1082,1854-1860,1850-1860
ДАЖО-1-78-992,1811-1815,1806-1815
ДАЖО-1-78-994,1812-1816,1808-1816
ДАЖО-1-78-997,1813-1817,1810-1817
ДАЖО-1-78-1071,1849-1854,1845-1854
ДАЖО-1-76-175,1864-1867,1863-1868
ДАЖО-1-76-181,1866-1866,1863-1868
ДАЖО-1-76-184,1867-1867,1863-1868
ДАЖО-1-76-187,1868-1876,1863-1876
ДАЖО-1-76-202,1874-1877,1869-1877
ДАЖО-1-76-192,1870-1874,1868-1876
ДАЖО-1-76-193,1871-1871,1868-1876
ДАЖО-1-76-195,1872-1877,1868-1877
ДАЖО-1-78-974,1799-1799,"1799-1799,1805-1809"
ДАЖО-1-78-1004,1816-1820,1812-1820
ДАЖО-1-78-1011,1820-1825,1815-1825
ДАЖО-1-76-196,1872-1872,1869-1874
ДАЖО-1-76-198,1873-1873,1869-1876
ДАЖО-1-76-203,1875-1877,1874-1877
ДАЖО-1-76-208,1876-1877,1869-1877
ДАЖО-1-76-209,1877-1877,1874-1877
ДАЖО-1-78-1064,1846-1851,1844-1851
ДАЖО-1-78-1075,1851-1855,1846-1859
ДАЖО-1-78-1089,1857-1857,1854-1861
ДАЖО-1-78-1032,1831-1835,1826-1835
ДАЖО-1-78-982,1805-1809,1801-1809
ДАЖО-1-78-999,1814-1820,1810-1820
ДАЖО-1-78-1001,1815-1820,1810-1820
ДАЖО-1-78-1008,1818-1824,1814-1824
ДАЖО-1-78-1010,1819-1824,1814-1824
ДАЖО-1-78-1014,1820-1826,1817-1826
ДАЖО-1-78-1016,1822-1822,1817-1826
ДАЖО-1-78-1019,1824-1829,1820-1829
ДАЖО-1-78-1021,1821-1828,1820-1829
ДАЖО-1-78-1023,1826-1831,1821-1833
ДАЖО-1-78-1025,1827-1832,1824-1832
ДАЖО-1-78-1027,1827-1831,1824-1832
ДАЖО-1-78-1029,1829-1834,1824-1834
ДАЖО-1-78-1031,1830-1835,1826-1835
ДАЖО-1-78-1036,1833-1837,1829-1837
ДАЖО-1-76-179,1865-1865,1863-1867
ДАЖО-1-78-1034,1832-1833,1827-1835
ДАЖО-1-78-1045,1839-1843,1834-1843
ДАЖО-1-78-1049,1840-1845,1839-1845
ДАЖО-1-78-1052,1841-1841,1839-1845
ДАЖО-1-78-1054,1842-1842,1839-1845
ДАЖО-1-78-1056,1843-1843,1839-1845
ДАЖО-1-78-1059,1844-1849,1839-1849
ДАЖО-1-78-1062,1844-1849,1840-1849
ДАЖО-1-78-1065,1846-1846,1844-1849
ДАЖО-1-78-1067,1847-1847,1844-1851
ДАЖО-1-78-1069,1848-1848,1844-1851
ДАЖО-1-78-1073,1850-1854,1846-1854
ДАЖО-1-78-1077,1852-1856,1849-1856
ДАЖО-1-78-1079,1853-1853,1849-1856
ДАЖО-1-78-1081,1854-1859,1851-1859
ДАЖО-1-78-1084,1854-1859,1851-1860
ДАЖО-1-78-1086,1856-1861,1852-1861
ДАЖО-1-78-1088,1857-1862,1854-1862
ДАЖО-1-78-1091,1858-1858,1854-1862
ДАЖО-1-78-1093,1859-1862,1854-1862
ДАЖО-1-78-1095,1859-1862,1854-1862
ДАЖО-1-78-1097,1861-1862,1857-1862
ДАЖО-1-78-1099,1862-1862,"1857-1862,1907-1911"
ДАЖО-1-76-176,1864-1864,1863-1867
ДАЖО-1-76-180,1866-1866,1863-1867
ДАЖО-1-76-185,1863-1867,1863-1868
ДАЖО-1-76-186,1868-1872,1863-1872
ДАЖО-1-76-189,1869-1869,1868-1872
ДАЖО-1-76-191,1870-1870,1868-1870
ДАЖО-1-76-199,1873-1876,1872-1877
ДАЖО-1-76-200,1874-1874,1872-1877
ДАЖО-1-76-204,1875-1875,1872-1877
ДАЖО-1-76-207,1876-1876,1872-1877
ДАЖО-1-76-210,1877-1877,1872-1877
ДАЖО-1-76-188,1869-1874,1868-1874
ДАЖО-1-78-1003,1846-1846,"1815-1819,1844-1848"
ДАЖО-1-76-183,1867-1867,1863-1867
ДАЖО-1-76-190,1870-1870,1868-1874
ДАЖО-1-78-1044,1839-1844,1834-1844
ДАЖО-1-78-1048,1839-1844,1836-1844
ДАЖО-1-78-1051,1841-1845,1836-1845
ДАЖО-1-78-1053,1842-1846,1838-1846
ДАЖО-1-78-1039,1833-1841,1831-1841
ДАЖО-1-76-174,1864-1864,1863-1868
ДАЖО-1-76-182,1866-1866,1863-1868
ДАЖО-1-76-194,1871-1871,1868-1874
ДАЖО-1-76-197,1872-1872,1868-1874
ДАЖО-1-76-201,1874-1877,1869-1877
ДАЖО-1-76-205,1875-1877,1874-1877
ДАЖО-1-76-206,1875-1875,1874-1877
ДАЖО-1-78-981,1803-1808,1800-1808
ДАЖО-1-76-169,1863-1863,1863-1891
ДАЖО-1-78-186,1868-1870,1866-1870
ДАЖО-1-76-166,1813-1838,1813-1858
ДАЖО-1-78-1103,1835-1840,"1817-1818,1835-1835,1840-1841,1847-1847"
ДАЖО-1-78-1104,1840-1845,"1817-1818,1835-1835,1840-1845"
ДАЖО-1-78-1109,1842-1848,"1817-1818,1840-1848"
ДАЖО-1-78-1110,1843-1849,1840-1849
ДАЖО-1-78-1112,1843-1849,1840-1849
ДАЖО-1-78-1114,1844-1850,1840-1850
ДАЖО-1-78-1117,1845-1852,1842-1852
ДАЖО-1-78-1119,1846-1853,1843-1853
ДАЖО-1-78-1121,1847-1853,1843-1853
ДАЖО-1-78-1124,1850-1855,1845-1855
ДАЖО-1-78-1125,1851-1855,1847-1855
ДАЖО-1-78-1127,1852-1857,1847-1857
ДАЖО-1-78-1129,1853-1857,1849-1857
ДАЖО-1-78-1131,1854-1858,1850-1858
ДАЖО-1-78-1133,1855-1859,1850-1859
ДАЖО-1-78-1135,1856-1861,1852-1861
ДАЖО-1-78-1138,1857-1861,1853-1861
ДАЖО-1-78-1142,1858-1863,"1818-1818,1854-1863"
ДАЖО-1-78-1145,1859-1863,1855-1863
ДАЖО-1-78-1146,1860-1864,1856-1864
ДАЖО-1-78-1150,1861-1866,1857-1866
ДАЖО-1-78-1155,1863-1868,1858-1868
ДАЖО-1-78-1158,1864-1868,1859-1868
ДАЖО-1-78-1160,1865-1868,1861-1868
ДАЖО-1-78-1162,1866-1868,1861-1868
ДАЖО-1-78-1164,1867-1868,1862-1868
ДАЖО-1-78-1169,1868-1868,1863-1868
ДАЖО-1-78-1153,1862-1868,1858-1868
ДАЖО-1-78-1148,1860-1865,1856-1865
ДАЖО-1-78-1156,1863-1868,1860-1868
ДАЖО-1-78-1108,1842-1846,"1817-1818,1840-1846"
ДАЖО-1-78-1168,1868-1868,1862-1868
ДАЖО-1-78-1152,1860-1866,1857-1866
ДАЖО-1-78-1107,1842-1846,1840-1846
ДАЖО-1-78-1116,1846-1850,1842-1850
ДАЖО-1-78-1141,1857-1861,"1818-1818,1852-1861"
ДАЖО-1-78-1143,1858-1863,1853-1863
ДАЖО-1-78-1151,1861-1865,1856-1865
ДАЖО-1-78-1161,1865-1868,1859-1868
ДАЖО-1-78-1165,1867-1868,1863-1868
ДАЖО-1-78-1167,1867-1868,1862-1868
ДАЖО-1-78-1111,1843-1848,1840-1848
ДАЖО-1-78-1115,1845-1850,1842-1850
ДАЖО-1-78-1118,1847-1851,"1818-1818,1835-1835,1841-1841,1843-1851,1859-1859"
ДАЖО-1-78-1122,1849-1853,1844-1853
ДАЖО-1-78-1123,1850-1854,1845-1854
ДАЖО-1-78-1126,1851-1855,1847-1855
ДАЖО-1-78-1128,1852-1857,1848-1857
ДАЖО-1-78-1130,1853-1858,1848-1858
ДАЖО-1-78-1132,1854-1858,1850-1858
ДАЖО-1-78-1134,1855-1860,1851-1860
ДАЖО-1-78-1136,1856-1860,1852-1860
ДАЖО-1-78-815,1859-1865,"1818-1818,1841-1841,1847-1847,1855-1865"
ДАЖО-1-78-1149,1860-1865,1855-1865
ДАЖО-1-78-1157,1863-1868,1858-1868
ДАЖО-1-78-1144,1859-1863,1855-1863
ДАЖО-1-78-1147,1860-1864,1856-1864
ДАЖО-1-74-196,1837-1837,1835-1841
ДАЖО-1-74-201,1838-1838,1835-1841
ДАЖО-1-74-202,1839-1839,1835-1841
ДАЖО-1-74-206,1841-1846,1836-1846
ДАЖО-1-74-195,1837-1837,1836-1842
ДАЖО-1-74-199,1838-1839,1836-1842
ДАЖО-1-74-204,1840-1840,1836-1842
ДАЖО-1-74-207,1841-1842,1836-1842
ДАЖО-1-74-197,1837-1837,1836-1841
ДАЖО-1-74-200,1838-1838,1836-1841
ДАЖО-1-74-203,1839-1839,1836-1841
ДАЖО-1-78-1166,1867-1868,1862-1868
ДАЖО-1-78-1113,1844-1849,1840-1849
ДАЖО-1-78-1061,1844-1849,1840-1849
ДАЖО-1-78-1140,1857-1861,1854-1861
ДАЖО-1-78-1137,1856-1860,1852-1860
ДАЖО-1-78-1139,1857-1861,1852-1861
ДАЖО-1-78-1154,1862-1868,1858-1868
ДАЖО-1-78-1159,1865-1868,1860-1868
ДАЖО-1-78-1163,1865-1868,1861-1868
ДАЖО-1-81-96,1883-1883,1882-1883
ДАЖО-1-84-6,1756-1813,1756-1816
ДАЖО-1-75-174,1825-1832,1825-1833
ДАЖО-1-75-180,1831-1838,"1831-1836,1838-1840"
ДАЖО-1-75-187,1840-1840,"1832-1832,1834-1834,1836-1836,1838-1843"
ДАЖО-1-75-191,1842-1847,1838-1847
ДАЖО-1-75-196,1844-1849,1841-1849
ДАЖО-1-75-207,1848-1857,1844-1857
ДАЖО-1-75-209,1849-1855,"1846-1853,1855-1855"
ДАЖО-1-75-211,1851-1865,"1848-1853,1855-1857,1863-1866"
ДАЖО-1-75-213,1852-1856,"1847-1853,1855-1857"
ДАЖО-1-75-215,1852-1858,1847-1859
ДАЖО-1-75-217,1855-1858,1850-1860
ДАЖО-1-75-222,1856-1862,"1853-1856,1858-1862"
ДАЖО-1-75-228,1858-1863,1853-1863
ДАЖО-1-75-236,1860-1864,"1845-1845,1856-1856,1858-1858,1860-1864"
ДАЖО-1-75-240,1861-1866,"1845-1845,1856-1856,1858-1866"
ДАЖО-1-75-242,1862-1862,"1845-1845,1856-1856,1858-1866"
ДАЖО-1-75-244,1863-1869,"1845-1845,1858-1869"
ДАЖО-1-75-245,1864-1869,1860-1869
ДАЖО-1-75-252,1865-1869,1861-1869
ДАЖО-1-75-254,1866-1869,1861-1869
ДАЖО-1-75-266,1867-1869,1863-1869
ДАЖО-1-75-261,1868-1869,1863-1869
ДАЖО-1-86-28,1872-1874,1871-1874
ДАЖО-1-86-39,1876-1890,"1871-1874,1876-1876,1878-1878,1890-1890"
ДАЖО-1-85-23,1876-1880,"1875-1878,1880-1880"
ДАЖО-1-85-29,1877-1877,"1875-1878,1880-1880"
ДАЖО-1-85-38,1878-1878,1875-1881
ДАЖО-1-75-147,1801-1810,"1796-1796,1798-1801,1804-1810"
ДАЖО-1-75-148,1804-1809,"1796-1796,1799-1801,1804-1809"
ДАЖО-1-75-150,1805-1805,"1801-1801,1804-1809"
ДАЖО-1-75-153,1807-1812,"1801-1801,1804-1812"
ДАЖО-1-75-154,1808-1812,"1796-1796,1799-1799,1801-1801,1804-1812"
ДАЖО-1-75-183,1832-1842,"1825-1825,1831-1831,1833-1842"
ДАЖО-1-75-218,1855-1860,"1849-1849,1851-1853,1855-1860"
ДАЖО-1-75-221,1855-1856,1847-1858
ДАЖО-1-75-233,1859-1863,1855-1864
ДАЖО-1-75-234,1859-1860,1858-1864
ДАЖО-1-75-239,1861-1867,1856-1867
ДАЖО-1-75-249,1861-1869,1858-1869
ДАЖО-1-75-247,1864-1870,"1859-1861,1863-1870"
ДАЖО-1-75-248,1865-1869,"1861-1861,1863-1870"
ДАЖО-1-75-257,1866-1869,"1849-1849,1851-1851,1861-1861,1863-1870"
ДАЖО-1-75-258,1867-1872,"1861-1861,1863-1870,1872-1874"
ДАЖО-1-75-260,1868-1870,"1863-1870,1872-1874"
ДАЖО-1-85-5,1870-1874,1869-1874
ДАЖО-1-75-145,1796-1806,"1796-1801,1804-1807"
ДАЖО-1-75-152,1806-1812,"1796-1796,1799-1801,1804-1812"
ДАЖО-1-75-146,1807-1812,"1799-1801,1804-1812"
ДАЖО-1-75-160,1812-1819,"1807-1814,1817-1819"
ДАЖО-1-75-164,1813-1819,"1810-1815,1817-1820"
ДАЖО-1-75-265,1870-1874,1864-1874
ДАЖО-1-75-202,1846-1850,1842-1850
ДАЖО-1-75-206,1848-1853,1844-1853
ДАЖО-1-75-224,1856-1861,1852-1861
ДАЖО-1-75-225,1857-1861,1852-1861
ДАЖО-1-75-229,1858-1863,1853-1863
ДАЖО-1-75-231,1859-1863,1854-1864
ДАЖО-1-75-235,1860-1864,1855-1864
ДАЖО-1-75-253,1866-1866,"1861-1861,1863-1870"
ДАЖО-1-75-262,1868-1868,1863-1870
ДАЖО-1-85-30,1877-1877,1875-1881
ДАЖО-1-75-210,1850-1853,"1847-1853,1856-1856"
ДАЖО-1-75-220,1855-1864,"1850-1860,1864-1864"
ДАЖО-1-86-44,1890-1890,"1876-1876,1880-1880,1890-1890"
ДАЖО-1-75-184,1832-1842,"1831-1831,1835-1836,1838-1843"
ДАЖО-1-75-195,1844-1847,1842-1847
ДАЖО-1-75-201,1846-1846,1842-1847
ДАЖО-1-75-205,1848-1856,"1843-1854,1856-1857"
ДАЖО-1-75-208,1849-1866,"1842-1842,1845-1853,1866-1866"
ДАЖО-1-75-212,1851-1859,1847-1859
ДАЖО-1-75-243,1862-1862,1858-1864
ДАЖО-1-75-192,1842-1849,"1838-1847,1849-1849"
ДАЖО-1-75-230,1858-1864,1855-1864
ДАЖО-1-75-143,1796-1800,1796-1801
ДАЖО-1-75-203,1846-1846,1842-1848
ДАЖО-1-91-42,1850-1850,1850-1875
ДАЖО-1-85-45,1879-1879,"1875-1879,1881-1881"
ДАЖО-1-85-57,1881-1896,"1875-1879,1881-1881,1896-1896"
ДАЖО-1-85-25,1876-1881,1875-1881
ДАЖО-1-86-24,1871-1879,"1870-1875,1879-1879"
ДАЖО-1-86-30,1872-1872,"1870-1875,1879-1879"
ДАЖО-1-86-35,1873-1873,"1870-1875,1879-1879"
ДАЖО-1-86-40,1874-1874,"1870-1875,1879-1879"
ДАЖО-1-91-12,1815-1841,1804-1842
ДАЖО-1-75-256,1866-1869,1864-1869
ДАЖО-1-91-1,1772-1825,1772-1832
ДАЖО-1-91-19,1832-1851,1832-1852
ДАЖО-1-91-66,1865-1865,1865-1878
ДАЖО-1-75-238,1861-1864,1858-1864
ДАЖО-1-75-198,1854-1859,"1848-1849,1854-1859"
ДАЖО-1-85-56,1881-1881,"1875-1881,1883-1883"
ДАЖО-1-75-259,1867-1867,1864-1869
ДАЖО-1-75-214,1852-1857,"1845-1845,1847-1853,1855-1857"
ДАЖО-1-75-264,1869-1869,1864-1869
ДАЖО-1-86-29,1872-1879,"1870-1874,1879-1879"
ДАЖО-1-86-36,1873-1877,"1870-1874,1877-1877,1879-1879"
ДАЖО-1-85-36,1878-1878,1875-1881
ДАЖО-1-85-43,1879-1879,1875-1881
ДАЖО-1-85-51,1880-1880,1875-1881
ДАЖО-1-75-219,1855-1859,1854-1859
ДАЖО-1-75-223,1856-1856,1854-1859
ДАЖО-1-75-226,1857-1859,1854-1859
ДАЖО-1-75-227,1858-1858,1854-1859
ДАЖО-1-75-232,1859-1859,1854-1859
ДАЖО-1-75-251,1863-1863,"1851-1851,1858-1858,1860-1865"
ДАЖО-1-75-246,1864-1867,"1851-1851,1855-1855,1860-1867"
ДАЖО-1-75-216,1853-1853,"1847-1853,1855-1857"
ДАЖО-1-86-41,1874-1874,1870-1878
ДАЖО-1-85-24,1876-1876,"1875-1880,1883-1883"
ДАЖО-1-85-31,1877-1877,"1875-1880,1883-1883"
ДАЖО-1-86-25,1871-1874,1870-1874
ДАЖО-1-75-250,1865-1869,1864-1869
ДАЖО-1-85-37,1878-1880,"1875-1878,1880-1880,1883-1883"
ДАЖО-1-91-69,1868-1870,1857-1870
ДАЖО-1-91-256,1910-1912,1909-1913
ДАЖО-1-85-50,1880-1883,"1875-1878,1880-1880,1883-1883"
ДАЖО-1-75-241,1861-1861,1860-1864
ДАЖО-1-81-72,1837-1842,1837-1843
ДАЖО-1-77-1092,1900-1905,1896-1905
ДАЖО-1-77-1094,1902-1906,1897-1906
ДАЖО-1-77-1095,1903-1907,1899-1907
ДАЖО-1-77-1096,1904-1908,1899-1908
ДАЖО-1-77-1097,1905-1910,1900-1910
ДАЖО-1-77-1099,1907-1910,"1899-1899,1901-1901,1903-1910"
ДАЖО-1-77-1101,1908-1912,"1899-1899,1901-1901,1904-1912"
ДАЖО-1-77-1102,1909-1916,"1899-1899,1901-1901,1907-1914,1916-1916"
ДАЖО-1-77-1104,1910-1919,"1907-1914,1916-1916,1918-1919"
ДАЖО-1-77-1107,1912-1916,1908-1916
ДАЖО-1-77-1109,1913-1917,1909-1919
ДАЖО-1-77-1111,1914-1918,"1909-1910,1912-1919"
ДАЖО-1-77-1113,1915-1917,1911-1918
ДАЖО-1-77-1115,1915-1919,1909-1919
ДАЖО-1-77-1117,1917-1919,1913-1919
ДАЖО-1-77-2133,1918-1918,"1910-1910,1913-1919"
ДАЖО-1-77-2135,1919-1919,"1910-1910,1913-1921"
ДАЖО-1-77-1086,1894-1898,1893-1898
ДАЖО-1-77-1087,1895-1897,1893-1898
ДАЖО-1-77-1088,1896-1900,1893-1900
ДАЖО-1-77-1089,1897-1902,1893-1902
ДАЖО-1-77-1090,1898-1898,1893-1902
ДАЖО-1-77-1091,1899-1909,"1896-1904,1907-1909"
ДАЖО-1-77-1093,1901-1907,"1897-1905,1907-1909"
ДАЖО-1-77-2048,1893-1893,1888-1896
ДАЖО-1-77-1098,1906-1911,1902-1911
ДАЖО-1-77-1106,1911-1915,1906-1916
ДАЖО-1-77-261,1876-1876,"1875-1877,1880-1880,1883-1885"
ДАЖО-1-77-287,1877-1882,"1875-1875,1877-1877,1880-1882"
ДАЖО-665-1-4,1859-1862,1858-1862
ДАЖО-1-77-1100,1907-1910,1904-1911
ДАЖО-1-77-1103,1909-1914,1905-1914
ДАЖО-1-77-1105,1910-1914,1905-1914
ДАЖО-1-77-1108,1912-1914,1909-1915
ДАЖО-1-77-1110,1913-1914,1909-1915
ДАЖО-1-77-1112,1914-1917,1909-1917
ДАЖО-1-77-1114,1915-1920,1911-1920
ДАЖО-1-77-1118,1918-1918,1912-1919
ДАЖО-1-77-1116,1916-1921,1914-1921
ДАЖО-1-77-2134,1918-1919,1915-1921
ДАЖО-1-77-2224,1920-1921,1920-1922
ДАЖО-1-77-2220,1920-1922,"1915-1916,1918-1922"
ДАЖО-1-77-2194,1918-1919,"1913-1915,1917-1919"
ДАЖО-1-77-2201,1919-1919,"1913-1915,1918-1919"
ДАЖО-1-77-265,1882-1886,"1875-1875,1878-1886"
ДАЖО-1-77-277,1883-1887,"1875-1875,1878-1878,1880-1887"
ДАЖО-1-77-279,1884-1888,"1875-1875,1880-1880,1882-1888"
ДАЖО-1-77-281,1885-1890,"1880-1880,1882-1888,1890-1890"
ДАЖО-1-77-669,1887-1892,"1880-1880,1882-1892"
ДАЖО-1-77-702,1888-1892,1884-1892
ДАЖО-1-77-678,1889-1893,1887-1893
ДАЖО-1-77-683,1891-1895,1887-1895
ДАЖО-1-77-685,1892-1897,1887-1897
ДАЖО-1-77-689,1893-1897,1889-1899
ДАЖО-1-77-693,1894-1898,1891-1899
ДАЖО-1-77-1696,1912-1916,1907-1916
ДАЖО-1-77-1704,1913-1919,1911-1919
ДАЖО-1-77-1714,1916-1916,1911-1919
ДАЖО-1-77-1723,1916-1916,1911-1919
ДАЖО-1-77-1730,1916-1917,1912-1919
ДАЖО-1-77-1738,1916-1918,1913-1919
ДАЖО-1-77-2112,1881-1893,"1879-1879,1884-1891,1893-1893"
ДАЖО-1-77-2114,1889-1893,"1879-1879,1887-1893"
ДАЖО-1-77-2116,1890-1895,"1879-1879,1887-1895"
ДАЖО-1-77-2121,1892-1896,1888-1896
ДАЖО-1-77-2123,1893-1893,1888-1896
ДАЖО-1-77-2126,1894-1898,1890-1898
ДАЖО-1-77-2129,1895-1895,1890-1898
ДАЖО-1-77-2200,1919-1919,1913-1919
ДАЖО-1-77-2118,1891-1895,1887-1895
ДАЖО-1-77-1705,1913-1917,1909-1917
ДАЖО-1-77-1715,1914-1918,1910-1918
ДАЖО-1-77-1728,1915-1919,1911-1919
ДАЖО-1-77-1731,1916-1919,1913-1919
ДАЖО-1-77-1739,1916-1918,1913-1919
ДАЖО-1-77-2195,1918-1919,1914-1919
ДАЖО-1-77-262,1878-1882,"1875-1875,1878-1884"
ДАЖО-1-77-665,1886-1891,"1879-1880,1882-1891"
ДАЖО-1-77-2105,1881-1886,1879-1886
ДАЖО-1-77-2106,1882-1887,1879-1887
ДАЖО-1-77-2107,1884-1888,1879-1888
ДАЖО-1-77-2108,1885-1889,"1881-1881,1883-1889"
ДАЖО-1-77-2109,1886-1890,"1881-1881,1883-1890"
ДАЖО-1-77-2110,1887-1891,1883-1891
ДАЖО-1-77-2196,1918-1919,1917-1919
ДАЖО-1-77-253,1876-1883,"1875-1876,1878-1883"
ДАЖО-1-77-2229,1912-1922,1911-1922
ДАЖО-1-77-259,1879-1887,"1875-1875,1878-1885,1887-1887"
ДАЖО-1-77-1706,1913-1919,"1909-1915,1918-1919"
ДАЖО-1-77-1716,1914-1916,"1910-1915,1918-1919"
ДАЖО-1-77-1729,1915-1919,1910-1919
ДАЖО-1-77-2197,1918-1919,1913-1919
ДАЖО-1-77-252,1876-1879,"1875-1876,1878-1882"
ДАЖО-1-77-258,1877-1877,"1875-1875,1877-1883"
ДАЖО-1-77-2203,1919-1919,"1911-1913,1915-1919"
ДАЖО-1-77-267,1883-1887,"1875-1875,1879-1880,1883-1887"
ДАЖО-1-77-666,1886-1892,"1884-1886,1892-1892"
ДАЖО-1-77-672,1887-1887,"1879-1879,1884-1884,1887-1887"
ДАЖО-1-77-674,1888-1892,1884-1892
ДАЖО-1-77-1698,1912-1917,1909-1917
ДАЖО-1-77-1718,1914-1919,1910-1919
ДАЖО-1-77-1724,1916-1916,1910-1919
ДАЖО-1-77-2202,1919-1920,"1891-1891,1914-1920"
ДАЖО-1-77-1707,1913-1916,1909-1917
ДАЖО-1-77-2119,1891-1919,"1887-1894,1919-1919"
ДАЖО-1-77-2127,1894-1894,1890-1897
ДАЖО-1-77-2131,1895-1899,1892-1899
ДАЖО-1-77-1685,1910-1916,"1906-1913,1916-1916"
ДАЖО-1-77-1691,1911-1919,"1907-1913,1916-1916,1919-1919"
ДАЖО-1-77-1699,1912-1916,"1907-1916,1919-1919"
ДАЖО-1-77-1708,1913-1917,"1908-1908,1910-1917,1919-1919"
ДАЖО-1-77-1732,1916-1916,"1908-1908,1910-1917"
ДАЖО-1-77-263,1880-1886,"1875-1875,1878-1880,1882-1886"
ДАЖО-1-77-1733,1916-1919,1912-1919
ДАЖО-1-77-278,1884-1886,"1880-1880,1882-1887"
ДАЖО-1-77-1742,1916-1919,1912-1919
ДАЖО-1-77-2198А,1918-1919,1914-1919
ДАЖО-1-77-2117,1890-1894,1886-1894
ДАЖО-1-77-1682,1910-1917,1906-1917
ДАЖО-1-77-1693,1911-1916,1907-1917
ДАЖО-1-77-1700,1912-1916,1908-1917
ДАЖО-1-77-1710,1913-1916,1910-1917
ДАЖО-1-77-1719,1916-1916,1910-1917
ДАЖО-1-77-1725,1915-1917,1911-1917
ДАЖО-1-77-2113,1888-1892,1885-1892
ДАЖО-1-77-688,1893-1899,"1888-1889,1891-1891,1893-1899"
ДАЖО-1-77-675,1888-1895,"1886-1891,1893-1895"
ДАЖО-1-77-692,1894-1902,"1888-1889,1891-1891,1893-1897,1899-1902"
ДАЖО-1-77-1743,1916-1918,1913-1919
ДАЖО-1-77-2115,1889-1893,1885-1893
ДАЖО-1-77-1717,1916-1916,1912-1917
ДАЖО-1-77-667,1887-1893,1886-1893
ДАЖО-1-77-682,1891-1896,1886-1896
ДАЖО-1-77-1734,1916-1916,1913-1919
ДАЖО-1-77-2122,1892-1896,1888-1896
ДАЖО-1-77-2125,1893-1898,1889-1898
ДАЖО-1-77-2132,1895-1901,1891-1901
ДАЖО-1-77-1709,1913-1917,1909-1917
ДАЖО-1-77-1720,1914-1919,1913-1919
ДАЖО-1-77-2111,1887-1891,1883-1891
ДАЖО-1-77-686,1893-1897,"1887-1887,1889-1897"
ДАЖО-1-77-1727,1915-1916,1913-1919
ДАЖО-1-77-1735,1916-1916,1913-1919
ДАЖО-1-77-2199,1918-1919,1911-1919
ДАЖО-1-77-275,1882-1887,"1879-1879,1882-1887"
ДАЖО-1-77-2128,1894-1899,1891-1899
ДАЖО-1-77-1711,1913-1917,1909-1918
ДАЖО-1-77-1721,1914-1916,1911-1918
ДАЖО-1-77-1740,1916-1917,1913-1919
ДАЖО-1-77-1667,1908-1916,"1903-1913,1916-1916"
ДАЖО-1-77-1694,1911-1918,"1909-1915,1918-1918"
ДАЖО-1-77-1702,1916-1916,"1909-1915,1918-1918"
ДАЖО-1-77-1726,1915-1919,1910-1919
ДАЖО-1-77-2120,1891-1895,1887-1895
ДАЖО-1-77-268,1875-1875,"1875-1875,1880-1880,1882-1886"
ДАЖО-1-77-1737,1916-1919,1915-1919
ДАЖО-1-77-670,1887-1891,1886-1891
ДАЖО-1-77-296,1880-1884,"1875-1875,1880-1884"
ДАЖО-1-77-303,1882-1886,1880-1886
ДАЖО-1-77-311,1884-1889,"1879-1889,1892-1892,1895-1895,1912-1912"
ДАЖО-1-77-314,1885-1889,1880-1889
ДАЖО-1-77-585,1886-1890,1882-1890
ДАЖО-1-77-592,1887-1891,"1879-1879,1883-1891"
ДАЖО-1-77-593,1888-1892,1885-1892
ДАЖО-1-77-609,1890-1894,1886-1894
ДАЖО-1-77-621,1891-1895,1887-1895
ДАЖО-1-77-631,1892-1895,1888-1895
ДАЖО-1-77-635,1893-1895,1889-1895
ДАЖО-1-77-644,1894-1898,1890-1898
ДАЖО-1-77-656,1895-1899,1891-1899
ДАЖО-1-77-1854,1901-1917,"1898-1904,1917-1917"
ДАЖО-1-77-1887,1905-1916,"1879-1879,1901-1909,1916-1916"
ДАЖО-1-77-1904,1907-1917,"1903-1910,1917-1917"
ДАЖО-1-77-1924,1908-1912,1905-1912
ДАЖО-1-77-1933,1910-1914,"1879-1879,1905-1914"
ДАЖО-1-77-1942,1910-1915,1907-1915
ДАЖО-1-77-1953,1912-1917,"1879-1879,1905-1905,1908-1915,1917-1917"
ДАЖО-1-77-1957,1913-1917,"1903-1903,1910-1917"
ДАЖО-1-77-1966,1914-1914,"1903-1903,1910-1918"
ДАЖО-1-77-1975,1915-1918,1911-1918
ДАЖО-1-77-1983,1916-1920,"1879-1879,1903-1903,1905-1905,1912-1920"
ДАЖО-1-77-1989,1917-1918,"1901-1901,1903-1903,1907-1907,1912-1919"
ДАЖО-1-77-2210,1918-1919,1913-1920
ДАЖО-1-77-291,1879-1883,"1876-1876,1879-1883"
ДАЖО-1-77-294,1880-1884,"1876-1876,1879-1884"
ДАЖО-1-77-326,1881-1885,1879-1885
ДАЖО-1-77-302,1882-1886,1879-1886
ДАЖО-1-77-312,1884-1889,1880-1889
ДАЖО-1-77-601,1889-1894,1884-1894
ДАЖО-1-77-613,1890-1893,1888-1893
ДАЖО-1-77-617,1891-1893,1888-1894
ДАЖО-1-77-636,1893-1897,1888-1897
ДАЖО-1-77-662,1895-1899,1893-1899
ДАЖО-1-77-1870,1903-1916,"1900-1904,1913-1914,1916-1917"
ДАЖО-1-77-285,1875-1880,1875-1885
ДАЖО-1-77-308,1883-1885,1880-1886
ДАЖО-1-77-315,1884-1889,1881-1889
ДАЖО-1-77-586,1887-1891,1885-1891
ДАЖО-1-77-596,1888-1892,1885-1892
ДАЖО-1-77-607,1890-1894,1886-1894
ДАЖО-1-77-1928,1909-1909,1905-1911
ДАЖО-1-77-1934,1910-1910,1906-1912
ДАЖО-1-77-1950,1912-1916,1911-1916
ДАЖО-1-77-1977,1915-1918,1911-1918
ДАЖО-1-77-2215,1919-1919,1916-1920
ДАЖО-1-77-2218,1919-1921,1918-1922
ДАЖО-1-77-589,1876-1887,"1876-1876,1879-1881,1884-1889"
ДАЖО-1-77-295,1880-1884,"1875-1876,1878-1884"
ДАЖО-1-77-299,1881-1885,1879-1885
ДАЖО-1-77-305,1882-1886,1879-1886
ДАЖО-1-77-307,1883-1887,1879-1887
ДАЖО-1-77-324,1885-1886,1881-1888
ДАЖО-1-77-581,1886-1891,1883-1891
ДАЖО-1-77-599,1888-1892,1884-1892
ДАЖО-1-77-602,1889-1893,1885-1893
ДАЖО-1-77-615,1891-1896,"1886-1896,1900-1900,1909-1909,1914-1914"
ДАЖО-1-77-648,1894-1898,1891-1898
ДАЖО-1-77-1967,1914-1914,1911-1917
ДАЖО-1-77-309,1883-1887,1879-1887
ДАЖО-1-77-316,1885-1889,1883-1889
ДАЖО-1-77-600,1888-1893,1884-1893
ДАЖО-1-77-2211,1918-1918,1913-1919
ДАЖО-1-77-663,1883-1887,"1879-1887,1889-1889"
ДАЖО-1-77-622,1891-1895,1888-1895
ДАЖО-1-77-645,1894-1898,1890-1898
ДАЖО-1-77-660,1895-1899,1891-1899
ДАЖО-1-77-317,1885-1889,1881-1889
ДАЖО-1-77-298,1881-1886,"1879-1879,1881-1886"
ДАЖО-1-77-304,1882-1886,1881-1886
ДАЖО-1-77-1943,1910-1915,1907-1915
ДАЖО-1-77-1951,1912-1916,1908-1916
ДАЖО-1-77-1989А,1917-1919,1913-1920
ДАЖО-1-77-313,1884-1888,1880-1888
ДАЖО-1-77-578,1886-1888,1883-1889
ДАЖО-1-77-612,1890-1894,1888-1894
ДАЖО-1-77-619,1891-1891,1888-1894
ДАЖО-1-77-632,1892-1892,1888-1894
ДАЖО-1-77-634,1893-1894,1890-1894
ДАЖО-1-77-1927,1908-1913,1905-1913
ДАЖО-1-77-1958,1913-1918,1910-1918
ДАЖО-1-77-591,1887-1914,"1883-1891,1900-1900,1909-1909,1914-1914"
ДАЖО-1-77-642,1893-1897,1889-1897
ДАЖО-1-77-2221,1920-1921,1916-1922
ДАЖО-1-77-658,1895-1899,"1879-1879,1884-1884,1888-1888,1891-1899,1904-1905,1912-1912"
ДАЖО-1-77-297,1880-1884,"1877-1877,1880-1884"
ДАЖО-1-77-300,1881-1885,"1877-1877,1880-1885"
ДАЖО-1-77-577,1886-1887,1885-1889
ДАЖО-1-77-606,1890-1894,"1880-1880,1889-1894"
ДАЖО-1-77-322,1885-1889,1881-1889
ДАЖО-1-77-1935,1910-1910,1905-1913
ДАЖО-1-77-628,1892-1895,1890-1895
ДАЖО-1-77-626,1892-1892,1889-1894
ДАЖО-1-77-1976,1915-1919,1911-1919
ДАЖО-1-77-1984,1916-1919,1912-1919
ДАЖО-1-77-1925,1908-1913,"1887-1887,1891-1891,1900-1900,1908-1914"
ДАЖО-1-77-1959,1913-1918,1909-1918
ДАЖО-1-77-1968,1914-1917,"1887-1887,1891-1891,1900-1900,1909-1909,1912-1918"
ДАЖО-1-77-1993А,1917-1919,1912-1919
ДАЖО-1-77-1969,1916-1916,1910-1918
ДАЖО-1-77-323,1885-1888,"1875-1875,1879-1879,1885-1888"
ДАЖО-1-77-582,1886-1890,1885-1890
ДАЖО-1-77-605,1889-1893,"1879-1879,1883-1893"
ДАЖО-1-77-1944,1910-1915,1907-1915
ДАЖО-1-77-583,1886-1890,1882-1890
ДАЖО-1-77-614,1890-1894,1886-1894
ДАЖО-1-77-630,1892-1896,1890-1896
ДАЖО-1-77-641,1893-1893,1890-1896
ДАЖО-1-77-649,1894-1894,1890-1896
ДАЖО-1-77-2216,1919-1919,1915-1919
ДАЖО-1-77-1952,1912-1912,1910-1915
ДАЖО-1-77-620,1891-1905,"1887-1895,1904-1905"
ДАЖО-1-77-647,1894-1899,1890-1899
ДАЖО-1-77-1936,1910-1914,1906-1914
ДАЖО-1-77-1960,1913-1913,1910-1915
ДАЖО-1-77-1993Б,1917-1917,1914-1919
ДАЖО-1-77-2212,1918-1919,1915-1919
ДАЖО-1-77-1937,1910-1914,1906-1914
ДАЖО-1-77-1970,1914-1917,1910-1917
ДАЖО-1-77-1985,1916-1919,1913-1919
ДАЖО-1-77-1945,1910-1915,1906-1915
ДАЖО-1-77-1978,1915-1917,1911-1917
ДАЖО-1-77-1954,1912-1917,1908-1917
ДАЖО-1-77-1961,1913-1917,1909-1917
ДАЖО-1-77-1990,1917-1917,"1909-1909,1913-1919"
ДАЖО-1-77-637,1893-1897,1890-1897
ДАЖО-1-77-1955А,1912-1912,1908-1915
ДАЖО-1-77-664,1888-1892,"1879-1892,1895-1895,1912-1912"
ДАЖО-1-77-1929,1909-1917,"1905-1911,1915-1915,1917-1917"
ДАЖО-1-77-1979,1915-1915,"1909-1909,1911-1917"
ДАЖО-1-77-659,1895-1899,1894-1899
ДАЖО-1-77-1971,1914-1918,1913-1918
ДАЖО-1-77-604,1889-1893,"1885-1886,1888-1893"
ДАЖО-1-77-633,1892-1896,1889-1896
ДАЖО-1-77-646,1894-1898,1891-1898
ДАЖО-1-77-1938,1910-1910,1906-1913
ДАЖО-1-77-1946,1910-1915,1907-1915
ДАЖО-1-77-1973,1914-1917,1910-1917
ДАЖО-1-77-1930,1909-1909,1906-1912
ДАЖО-1-77-1939,1910-1914,1906-1914
ДАЖО-1-77-1962,1912-1917,1910-1917
ДАЖО-1-77-1986,1916-1919,1911-1919
ДАЖО-1-77-1991,1917-1919,1912-1919
ДАЖО-1-77-1882А,1903-1905,1901-1906
ДАЖО-1-77-1955,1912-1916,1908-1917
ДАЖО-1-77-2213,1918-1918,1914-1919
ДАЖО-1-77-590,1875-1878,"1875-1876,1878-1879,1891-1891"
ДАЖО-1-77-2217,1919-1919,1915-1919
ДАЖО-1-77-1980,1915-1915,1912-1918
ДАЖО-1-77-1974,1914-1916,1910-1917
ДАЖО-1-77-1922,1908-1912,1904-1912
ДАЖО-1-77-1947,1910-1915,1907-1915
ДАЖО-1-77-1963,1913-1917,1909-1917
ДАЖО-1-77-1981,1915-1919,1911-1919
ДАЖО-1-77-1992,1917-1919,1911-1919
ДАЖО-1-77-1931,1909-1913,1905-1913
ДАЖО-1-77-580,1886-1888,"1881-1886,1888-1888"
ДАЖО-1-77-598,1888-1892,"1886-1886,1888-1892"
ДАЖО-1-77-638,1893-1897,1889-1897
ДАЖО-1-77-651,1894-1898,1893-1898
ДАЖО-1-77-1948,1911-1915,1909-1915
ДАЖО-1-77-1987,1916-1917,1912-1919
ДАЖО-1-77-618,1891-1893,1890-1893
ДАЖО-1-77-1956,1912-1917,1909-1917
ДАЖО-1-77-1964,1913-1916,1909-1917
ДАЖО-1-77-1982,1915-1915,1911-1917
ДАЖО-1-77-2214,1918-1919,1914-1919
ДАЖО-1-77-1993,1917-1919,"1909-1909,1912-1919"
ДАЖО-1-77-1932,1909-1913,1906-1913
ДАЖО-1-77-1972,1914-1918,1911-1918
ДАЖО-1-77-1988,1916-1919,1912-1919
ДАЖО-1-77-1949,1911-1915,1907-1915
ДАЖО-178-3-115,1846-1850,1842-1851
ДАЖО-178-3-74,1858-1858,1857-1858
ДАЖО-178-3-4,1831-1831,1830-1831
ДАЖО-178-3-8,1839-1840,1838-1840
ДАЖО-178-3-9,1840-1840,1838-1840
ДАЖО-178-3-15,1846-1848,1845-1848
ДАЖО-178-3-19,1847-1847,1845-1848
ДАЖО-178-3-23,1848-1848,1845-1848
ДАЖО-178-3-128,1858-1858,"1830-1831,1833-1842,1844-1848,1851-1851,1853-1854,1857-1859"
ДАЖО-178-3-50,1854-1859,"1830-1831,1833-1842,1844-1848,1851-1851,1853-1854,1857-1859"
ДАЖО-178-3-31,1851-1851,1849-1851
ДАЖО-178-49-3,1798-1801,1798-1805
ДАЖО-178-3-7,1839-1839,1839-1841
ДАЖО-178-3-35,1853-1853,1852-1853
ДАЖО-178-3-52,1860-1860,"1844-1854,1856-1860,1863-1863"
ДАЖО-178-3-63,1866-1866,1865-1866
ДАЖО-178-3-5,1834-1834,1827-1834
ДАЖО-178-3-27,1850-1850,1849-1851
ДАЖО-178-3-40,1855-1855,1854-1856
ДАЖО-178-3-41,1856-1856,1854-1856
ДАЖО-178-3-53,1861-1861,"1830-1831,1835-1836,1838-1842,1844-1846,1848-1851,1854-1861"
ДАЖО-587-1-5,1886-1886,1886-1893
ДАЖО-641-1-15,1855-1855,1855-1861
ДАЖО-178-3-76,1861-1861,1860-1861
ДАЖО-178-53-187,1858-1859,1858-1866
ДАЖО-178-53-189,1860-1860,1859-1866
ДАЖО-178-53-191,1861-1861,1859-1866
ДАЖО-178-51-107,1773-1822,1771-1822
ДАЖО-178-53-195,1865-1865,1865-1866
ДАЖО-178-53-196,1866-1866,1865-1866
ДАЖО-178-53-152,1822-1822,1821-1827
ДАЖО-178-51-100,1773-1814,1765-1814
ДАЖО-640-1-3,1859-1859,1849-1859
ДАЖО-178-51-128,1773-1813,"1768-1782,1790-1813"
ДАЖО-67-8-2,1902-1902,1902-1903
ДАЖО-67-8-4,1906-1907,1906-1914
ДАЖО-67-8-18,1900-1900,"1900-1900,1902-1904"
ДАЖО-67-8-34,1902-1902,1902-1910
ДАЖО-67-8-46,1914-1918,"1914-1916,1918-1919"
ДАЖО-67-8-47,1907-1907,1907-1915
