case_id,author_id
001bcc33-4cf7-49a4-b87b-659b6921e37c,44ff6e3b-62ef-4938-bd15-009a21682279
001bcc33-4cf7-49a4-b87b-659b6921e37c,62376c3d-0434-44f4-9e7a-59f47fcdf3e5
00265d06-2322-4f5d-8bcf-b8442cbc6914,03fa5be1-3ccf-4ad5-927e-58552025b591
00265d06-2322-4f5d-8bcf-b8442cbc6914,2479d03b-88a5-4196-8346-fcab230c56f8
00265d06-2322-4f5d-8bcf-b8442cbc6914,62abd51a-8cb6-4ddc-a7e6-36b8cd372fa6
0062b795-da99-4c04-8c47-9d60e6da9c91,a0511dc9-79e4-49d0-9c4e-e6fa7cf048ac
00a87bf8-eb1c-4d0a-8b23-5bdad4e4db4a,06a7feee-f09c-4998-96e4-3ce2ce425c44
00a87bf8-eb1c-4d0a-8b23-5bdad4e4db4a,29336b02-ce9d-4817-a421-cc6981ece0d4
00a87bf8-eb1c-4d0a-8b23-5bdad4e4db4a,43241fab-c0b1-4d50-82c3-71a449cede87
00a87bf8-eb1c-4d0a-8b23-5bdad4e4db4a,92462829-41ed-4ce2-991a-3aab74e7516b
00c7bb3c-d19b-4878-af8f-39171ed04d0d,bfd9db52-f555-4005-9ed7-51998f495a6e
00e1a4b6-8cb9-45de-a5c6-434689b445da,544e0f8c-c804-480f-8b4e-0a7c46d7e0e6
00e1a4b6-8cb9-45de-a5c6-434689b445da,55c9124d-c835-4603-a84d-d6133b9caa94
00e1a4b6-8cb9-45de-a5c6-434689b445da,829ceb34-77f2-4418-a875-a85c9b61d04e
00ea4d6a-ecc3-4cac-b7b1-c448e7c2a374,744d9599-5453-4dca-b19e-1ff5eebced9e
010c3139-bf26-4181-bda8-ba6aba7f2514,22f024bd-1b76-4d8b-9287-324ef29f5d48
012b039c-228b-47d1-8577-45dae0643fe2,171b2457-3f69-4812-a061-5644c12f1ec8
013c8668-6359-4fd3-aa2c-8fbc3c9c7b55,0c6ae99d-b423-4ed2-9ebe-cdecf7aaf1e0
013c8668-6359-4fd3-aa2c-8fbc3c9c7b55,51704133-414a-460b-9a4b-b86d00fff2bb
013c8668-6359-4fd3-aa2c-8fbc3c9c7b55,522185c9-71db-4d3a-8af2-f114f2c9ee07
013c8668-6359-4fd3-aa2c-8fbc3c9c7b55,72ed4ea5-1cd4-4b82-8f32-36dedd47b844
013c8668-6359-4fd3-aa2c-8fbc3c9c7b55,82f6531f-14c0-442a-ba64-1c427193123a
013c8668-6359-4fd3-aa2c-8fbc3c9c7b55,d2c771fc-3002-4080-b8a5-0262a6f0f8d6
013c8668-6359-4fd3-aa2c-8fbc3c9c7b55,e4aae1be-4688-4e12-a10c-689942ea2549
0181aab9-f3f9-492a-8d96-9a449a112489,0222ca08-476b-445b-99bb-2be261fed6dd
01839865-fdc1-40fb-85dc-ae434f0efb18,3aa81966-f32d-4c89-8921-ad54b9778237
023eb8d2-127a-44b5-b048-4f9208857f33,22f024bd-1b76-4d8b-9287-324ef29f5d48
0252cf0c-e8d1-4f17-9f3c-05f9eed9e177,43d37c45-173b-498b-a559-f6d366d5b683
025bbe04-0894-44e1-8d39-288908827c0e,08d26104-a8e3-45af-a3ac-ca6236d7ff1f
025bbe04-0894-44e1-8d39-288908827c0e,7a5b0f00-89c8-4feb-b6ab-025b9758ce65
025bbe04-0894-44e1-8d39-288908827c0e,a16c9fe6-19e8-40d6-9e83-a33a71902022
025bbe04-0894-44e1-8d39-288908827c0e,d8268b85-b2a4-437b-af6c-9168fcba7074
0286a4f2-e85e-4620-8935-0201ee3a3799,c072de75-a161-4297-b90a-6ffab2e6f7b7
03081955-863f-46df-b671-4fa4a46477af,e55015a5-7dab-40e0-bc58-89793e204e2b
034a2b51-9893-4cbc-85c6-21d0f95eae6c,a222f6fd-c6be-4885-b81d-3ab02020cd56
035f9768-0a18-47df-a763-244ffbe6e1a8,544e0f8c-c804-480f-8b4e-0a7c46d7e0e6
035f9768-0a18-47df-a763-244ffbe6e1a8,55c9124d-c835-4603-a84d-d6133b9caa94
035f9768-0a18-47df-a763-244ffbe6e1a8,647746ed-dbc5-45c3-80c9-308699cb7e0a
035f9768-0a18-47df-a763-244ffbe6e1a8,829ceb34-77f2-4418-a875-a85c9b61d04e
035f9768-0a18-47df-a763-244ffbe6e1a8,a0511dc9-79e4-49d0-9c4e-e6fa7cf048ac
035f9768-0a18-47df-a763-244ffbe6e1a8,d373a6c3-0949-4c8d-bff0-0bec129949cb
035f9768-0a18-47df-a763-244ffbe6e1a8,e31cfb1a-7bdb-41f8-aad1-4bf16105f7c9
038888e5-fbdc-4118-847d-0722b315326f,2479d03b-88a5-4196-8346-fcab230c56f8
038888e5-fbdc-4118-847d-0722b315326f,4cb8aeac-e4d2-41c8-8985-6e983aec9b46
038888e5-fbdc-4118-847d-0722b315326f,5a8aef51-eb39-4e21-80f2-eaee1d7159e1
042715c0-5acc-45b9-8166-a30af7dbda79,457f041a-58af-45db-8e50-724943c1f2f0
0430aa20-f8a5-4971-878d-e985e113850a,8cb560d6-6667-43f8-8d99-1f8d4c61e306
0456d7d0-2f7a-40ff-afb9-6dc00f447f41,a0511dc9-79e4-49d0-9c4e-e6fa7cf048ac
04662859-ddcb-43b8-af59-14d02fab5e79,1ff8953d-9c1d-4f7b-b0c6-a4a5d30445cd
046904fd-5022-49a5-a2bc-0aa3e9315b3c,2479d03b-88a5-4196-8346-fcab230c56f8
046b81e9-cbb0-4b25-b535-313773bca866,62c661ac-1b72-4c37-af41-c93f79f76136
046b81e9-cbb0-4b25-b535-313773bca866,7d715e2d-f1c9-4684-82a3-8b31d04a0d81
049bf2d9-903f-47af-81b7-6a72ba5a9dd7,0afb7dbf-9bf4-42df-8d9b-c5c5823163b4
04d187f2-410a-4724-b41c-4862dae48f67,9603fa20-90ec-4de8-98eb-e83ff72e0a3c
04d9485c-30d5-46f2-944a-4664833e4d48,7191ddc3-51fa-49f7-ad54-90ad8b762894
04e402f8-4943-423f-848f-4ddc8e056d54,43d37c45-173b-498b-a559-f6d366d5b683
04e7662d-3b86-4122-bc2e-6330550bc4d7,5a8aef51-eb39-4e21-80f2-eaee1d7159e1
04ea7b28-4d7c-463c-a392-719314ad41e1,43d37c45-173b-498b-a559-f6d366d5b683
058791af-cc00-4f8b-b86c-e510d602db49,d91b99fa-c786-42d4-b6a7-57a18f99c3eb
05b89ad2-ddd2-4d71-8b9a-1f448f3cfc06,a16e7761-bb77-4b64-95f0-34476c25730f
05d2797e-7db3-49c3-8352-9430c70e5d50,9155a6e0-6fab-4fd4-8352-a2922542a8bd
05f214c0-ac74-4f27-b7aa-464a806ce4ea,24a8570d-7050-4cfe-ae20-23782ddce3af
06956bec-fe23-46f8-8155-9e660e066829,4351f588-0b35-42bb-bbff-4e001ed57af2
06d5b7c5-c402-4764-981c-3acd8550b5a2,24a8570d-7050-4cfe-ae20-23782ddce3af
06e76c8b-1c82-4f5a-b1a2-f35474ddc58b,44ff6e3b-62ef-4938-bd15-009a21682279
071689a8-792f-41a9-a1a7-239156d71622,05ad3e6f-1119-454a-8a35-582dba10e297
072c35e0-cb23-4676-8f04-016246de502f,43d37c45-173b-498b-a559-f6d366d5b683
076a2af3-dbcd-429c-a0f9-def824fbf35a,43d37c45-173b-498b-a559-f6d366d5b683
07b76192-bae2-4922-be15-b0d41b86e93a,24a8570d-7050-4cfe-ae20-23782ddce3af
07e57184-5d47-48d1-8e29-9c232a49ae6a,44ff6e3b-62ef-4938-bd15-009a21682279
08436ec2-5f84-49d7-8093-b59f15ec8bc9,62376c3d-0434-44f4-9e7a-59f47fcdf3e5
0855c528-840f-4d4e-a82c-1ecfe6d822f1,bfd9db52-f555-4005-9ed7-51998f495a6e
0868f463-eb20-4139-acd0-e5e919bb00da,417acd7b-5a04-4c1e-bef8-c67bca94e5c0
08e3408a-bccb-4551-a26a-de6e42f55f92,7191ddc3-51fa-49f7-ad54-90ad8b762894
08eadf08-5034-48ec-8e34-67e295a05ac4,457f041a-58af-45db-8e50-724943c1f2f0
08f1fdee-2cea-4069-98fb-9dc79a64ac22,62abd51a-8cb6-4ddc-a7e6-36b8cd372fa6
08fc7a3d-66b2-4d30-8b81-d2b7420e1d79,f12ffb5a-c385-4e8e-bcfd-15d5d12cf176
091086bf-8235-44a9-bd3d-38743b336619,2244cf69-2b5c-4650-a05d-5e27fc0732d3
0931aa2c-5ef3-4f0e-abe8-3073ce01a0e7,7a543a7f-c721-4f16-a458-f4c2e7f33fe8
0936b159-146c-4a45-aa96-396583254b71,b8a65c48-e8d5-4b02-969a-c9c8484713e1
098fa513-eef2-4628-ad0a-28c4dfa875d0,417acd7b-5a04-4c1e-bef8-c67bca94e5c0
099c5e03-0889-4066-80ae-d920e6ad2d73,3aa81966-f32d-4c89-8921-ad54b9778237
09ae143b-695c-449b-94fe-321035a881cf,215e20fc-eb6e-4b2b-a156-358b09e8d6e5
09ae143b-695c-449b-94fe-321035a881cf,23d08ffd-c8b1-47cf-81ef-9aaefd7cb25c
09ae143b-695c-449b-94fe-321035a881cf,2433c1ce-a106-46d8-9e55-d39048f181be
09ae143b-695c-449b-94fe-321035a881cf,2b8f045a-991f-41ea-a9aa-7fe7fa2cb284
09ae143b-695c-449b-94fe-321035a881cf,35aba451-11e8-41a5-8d59-793fbe95ab16
09ae143b-695c-449b-94fe-321035a881cf,379836fb-418b-4a84-9855-df663fa70287
09ae143b-695c-449b-94fe-321035a881cf,3bed11f7-8078-4bc0-9f0b-fb63ad36eb52
09ae143b-695c-449b-94fe-321035a881cf,491a77ba-c137-4b09-8f77-5025b51f6f49
09ae143b-695c-449b-94fe-321035a881cf,5b91900e-7aa6-4d72-8ece-ca17974806c9
09ae143b-695c-449b-94fe-321035a881cf,9b905870-ca93-4abc-99d9-9c597c7995b4
09ae143b-695c-449b-94fe-321035a881cf,9e9b6c9e-eec7-4b2b-9cde-c422906d75de
09ae143b-695c-449b-94fe-321035a881cf,9f8b8b69-06d9-45e1-ba81-c82b0b9684ad
09ae143b-695c-449b-94fe-321035a881cf,b238f7cd-e61e-4185-9eac-16dd198925cc
09ae143b-695c-449b-94fe-321035a881cf,d22b34dc-3699-45f4-aec6-a2b6eae08b1e
09ae143b-695c-449b-94fe-321035a881cf,db892084-d011-451f-88c1-5739a91b4a4a
09ae143b-695c-449b-94fe-321035a881cf,df6d053b-bc97-4606-8416-9c76dd3380c4
09ecf1ca-d3b8-4a6c-a9cf-c08ac63e4b5f,215e20fc-eb6e-4b2b-a156-358b09e8d6e5
0a4aa548-1ef4-43b1-8eb5-9f61b362dc2a,43d37c45-173b-498b-a559-f6d366d5b683
0a4e3c20-0de1-4933-ba78-5cacb3aaa7a6,4a8d1c27-63c7-4495-b5ff-d8ddccc55b46
0af85d0f-4b89-43ae-87e1-5b5627a9859f,7a543a7f-c721-4f16-a458-f4c2e7f33fe8
0b3000e5-e092-488c-bfc3-067d674f6229,2244cf69-2b5c-4650-a05d-5e27fc0732d3
0b8c28d2-f2fe-431b-9c1d-12d0f6f34da2,db892084-d011-451f-88c1-5739a91b4a4a
0b9bb6bf-23f0-4534-b890-e063993a802e,3aa3c7d2-ce8e-41a7-b079-3d233a4ab913
0ba1bebe-3971-4ba8-a524-35069301b90e,e31cfb1a-7bdb-41f8-aad1-4bf16105f7c9
0ba1f712-d5ad-4a59-8cb2-b510d484bf53,22f024bd-1b76-4d8b-9287-324ef29f5d48
0bb0b1e2-c53d-444a-a667-675c9eabd41b,5c2fb3e1-571c-415a-bba4-2646565bd61b
0bc2d6c2-b7d8-49de-8441-2b007add5f70,9155a6e0-6fab-4fd4-8352-a2922542a8bd
0bd810e3-fb5f-4bc1-9963-055d3ca3d96b,05ad3e6f-1119-454a-8a35-582dba10e297
0bdcc926-e5af-4e8f-bb2f-cff0677bbf04,05ad3e6f-1119-454a-8a35-582dba10e297
0bdcc926-e5af-4e8f-bb2f-cff0677bbf04,66fb62bd-dc7e-487a-91c8-2aac5313f04c
0bef2a59-33eb-4899-906f-441429516b5c,9f8b8b69-06d9-45e1-ba81-c82b0b9684ad
0bfa5f7a-b38f-4711-9bfd-aa2f774e935b,b8a65c48-e8d5-4b02-969a-c9c8484713e1
0c0e4a96-ac02-4466-8b05-17e47be0c898,4a8d1c27-63c7-4495-b5ff-d8ddccc55b46
0c1d61ed-e826-4f8d-8f23-e31fb25f4aff,7191ddc3-51fa-49f7-ad54-90ad8b762894
0c4aee32-11e3-48fe-89ad-a73d10d7b7dd,1037fc7e-fe56-4871-8f45-1cab6ba06720
0c4aee32-11e3-48fe-89ad-a73d10d7b7dd,19b56755-d573-4984-b72e-bd303880f51c
0c4aee32-11e3-48fe-89ad-a73d10d7b7dd,228424dd-7eb4-4587-92a3-9d435b32ffba
0c4aee32-11e3-48fe-89ad-a73d10d7b7dd,22f024bd-1b76-4d8b-9287-324ef29f5d48
0c4aee32-11e3-48fe-89ad-a73d10d7b7dd,25fd8fbe-b824-41d7-b2f9-4e7212cee07e
0c4aee32-11e3-48fe-89ad-a73d10d7b7dd,2c7b0747-d654-4d09-958b-8d4d94ed20d2
0c4aee32-11e3-48fe-89ad-a73d10d7b7dd,532b3c08-2391-45ab-b55d-db0d484f7be9
0c4aee32-11e3-48fe-89ad-a73d10d7b7dd,53c635e2-6ad5-4a40-89d2-a84c720705ea
0c4aee32-11e3-48fe-89ad-a73d10d7b7dd,65f02524-c997-4c43-812f-0f8a9e721eed
0c4aee32-11e3-48fe-89ad-a73d10d7b7dd,744d9599-5453-4dca-b19e-1ff5eebced9e
0c4aee32-11e3-48fe-89ad-a73d10d7b7dd,785bb530-e7d9-4aaf-9fb2-228301957de9
0c4aee32-11e3-48fe-89ad-a73d10d7b7dd,cca6be03-c36f-4e5a-b460-d7f68ea789b5
0c790df2-53b5-4e69-870b-d9c5745ad397,9155a6e0-6fab-4fd4-8352-a2922542a8bd
0cd38e94-2499-4d31-aa79-3d86bf2ac373,a16e7761-bb77-4b64-95f0-34476c25730f
0cf0dffc-3c46-4b29-8a7f-4ffbccc8dd9b,43d37c45-173b-498b-a559-f6d366d5b683
0d10a7d6-55dc-4876-8f03-6508575a4b10,c71aff62-a156-4a9f-856f-ca7cc685d192
0d227e62-67de-45e2-9bf6-c61386f62643,62abd51a-8cb6-4ddc-a7e6-36b8cd372fa6
0d27c369-53db-4915-857b-07d145f1600a,2479d03b-88a5-4196-8346-fcab230c56f8
0d2ca560-5694-43aa-be1e-76018cce82d8,829ceb34-77f2-4418-a875-a85c9b61d04e
0d5f5087-b838-47c0-9fb0-4d772625d36f,829ceb34-77f2-4418-a875-a85c9b61d04e
0dafb646-f87f-4ba9-8209-660cdfc93ea7,d373a6c3-0949-4c8d-bff0-0bec129949cb
0dca3668-c6e2-4faa-b1c6-957b0b3374f6,4351f588-0b35-42bb-bbff-4e001ed57af2
0dfc6ac4-a91b-4a3a-80c9-3c357567b7df,7e38030b-645d-4eec-a8b6-5caf7ff0f4f7
0e144e7e-70ed-4777-9603-7d938ada31bb,c71aff62-a156-4a9f-856f-ca7cc685d192
0e15c25c-24b0-460c-9f7f-3e44bbe09712,d92c0843-882b-4d03-9cce-5d4066af012d
0e1c4005-7738-4025-ab4c-31cc66e2fc86,62376c3d-0434-44f4-9e7a-59f47fcdf3e5
0e2645c6-7bb1-4d68-81ad-f7abd4847717,72ed4ea5-1cd4-4b82-8f32-36dedd47b844
0e54c618-1b6e-4b95-983d-c639174025c1,a222f6fd-c6be-4885-b81d-3ab02020cd56
0ec59e85-e131-470f-8cab-bf2eece4cd13,829ceb34-77f2-4418-a875-a85c9b61d04e
0eef470f-2f04-414b-a381-a8b65bfde0b2,1991e91f-47dc-4258-b20f-83025cdf2ad7
0efbc0e4-6585-4fe6-a760-46c9d3a6b0ed,62abd51a-8cb6-4ddc-a7e6-36b8cd372fa6
0f033944-db74-478e-8875-25066384ec3d,2244cf69-2b5c-4650-a05d-5e27fc0732d3
0f18bc94-eeec-4e84-bfeb-6dde0f4e1201,c71aff62-a156-4a9f-856f-ca7cc685d192
0f1a2857-a9df-4e95-903c-88f7795512f2,9155a6e0-6fab-4fd4-8352-a2922542a8bd
0f3a82ce-697e-49fe-b4d4-fdc838261345,4cb8aeac-e4d2-41c8-8985-6e983aec9b46
0f5687b0-fe72-40e8-bc63-f2be49d961a5,44ff6e3b-62ef-4938-bd15-009a21682279
0f5ae629-b4d6-4e7f-b735-4aaba82ff316,03fa5be1-3ccf-4ad5-927e-58552025b591
0faf6199-6ac5-46bc-b5f8-113b613bc7d6,62abd51a-8cb6-4ddc-a7e6-36b8cd372fa6
0fee81d5-ad86-43d8-8e83-1ff74654b48f,e31cfb1a-7bdb-41f8-aad1-4bf16105f7c9
103c7159-d3f8-4ac1-8800-75c93be99959,457f041a-58af-45db-8e50-724943c1f2f0
1054b1b9-c342-47e8-8ea6-f683630ded1d,63ca510e-1d42-43ad-b903-511d02ddb5ca
1058a058-62b4-4889-b17b-6d17abeb4fa5,5a8aef51-eb39-4e21-80f2-eaee1d7159e1
105df8c7-6dcb-4a46-a713-c51d6d96dbe4,983f93b2-7c6f-403a-8160-b3f44f600058
105fc851-097a-4521-8227-f891f95e5059,171b2457-3f69-4812-a061-5644c12f1ec8
10c9d4f0-3c00-4a64-a31a-6d47e0c276d4,215e20fc-eb6e-4b2b-a156-358b09e8d6e5
10ee4dab-4d29-446c-aea1-25b78476be84,983f93b2-7c6f-403a-8160-b3f44f600058
10fcad98-e8cd-4868-ab47-4ae766d583e4,0222ca08-476b-445b-99bb-2be261fed6dd
11439d2a-3908-4c13-ab70-f08ab8f78e3f,171b2457-3f69-4812-a061-5644c12f1ec8
118c9ebc-1e28-414d-8452-b1a5c46018a0,215e20fc-eb6e-4b2b-a156-358b09e8d6e5
11b10dc5-c1a8-451d-a2ff-a9fd801eb086,036101a9-55ee-4907-bb38-dd852a22f700
11b10dc5-c1a8-451d-a2ff-a9fd801eb086,0e4564f4-fccb-4711-9751-41f02a57630d
11b10dc5-c1a8-451d-a2ff-a9fd801eb086,0ef548cb-4f13-48df-b69a-16ff6ba002eb
11b10dc5-c1a8-451d-a2ff-a9fd801eb086,12bcb9ab-22ed-48f2-8af1-1dde03c33add
11b10dc5-c1a8-451d-a2ff-a9fd801eb086,1c759347-c27f-4641-8a50-5a71784e1303
11b10dc5-c1a8-451d-a2ff-a9fd801eb086,2440ecb1-3934-42e2-b14a-68276e486c0f
11b10dc5-c1a8-451d-a2ff-a9fd801eb086,32a5d89f-53a2-4c0e-afcf-98963fe8d0b9
11b10dc5-c1a8-451d-a2ff-a9fd801eb086,5a03a82f-a1bc-4682-b5e7-d51f2a5a35d4
11b10dc5-c1a8-451d-a2ff-a9fd801eb086,62c661ac-1b72-4c37-af41-c93f79f76136
11b10dc5-c1a8-451d-a2ff-a9fd801eb086,75f27fa0-badc-4891-8688-96873d4fe08e
11b10dc5-c1a8-451d-a2ff-a9fd801eb086,7d715e2d-f1c9-4684-82a3-8b31d04a0d81
11b10dc5-c1a8-451d-a2ff-a9fd801eb086,aeb90458-ac5a-4d38-bceb-40d99e6bacad
11b10dc5-c1a8-451d-a2ff-a9fd801eb086,d74042dd-c843-4933-a963-d20e0bfa1f76
11b10dc5-c1a8-451d-a2ff-a9fd801eb086,de162e3d-1564-47d6-b961-b239c2c8cee8
11b10dc5-c1a8-451d-a2ff-a9fd801eb086,e2827b12-3ffa-4aac-b230-fb6ecc315689
11b10dc5-c1a8-451d-a2ff-a9fd801eb086,e77a14b3-2a37-484e-9276-971bf6f6d489
11ccf0d9-eda8-4795-97fb-1c2306e49c2c,457f041a-58af-45db-8e50-724943c1f2f0
11e68bbb-767f-4c5d-9014-f9e79484eee9,24a8570d-7050-4cfe-ae20-23782ddce3af
1231bcbc-04fd-4519-b905-707c2203f648,9603fa20-90ec-4de8-98eb-e83ff72e0a3c
123841d7-944f-4416-a82b-7fa018834f46,9603fa20-90ec-4de8-98eb-e83ff72e0a3c
1247223e-5f9e-400e-af5d-56d9c3e1c32e,22f024bd-1b76-4d8b-9287-324ef29f5d48
1292b391-5d1d-4611-9a7c-9b2591e36ea3,62abd51a-8cb6-4ddc-a7e6-36b8cd372fa6
12b13a6e-732c-4464-acbe-d490ec3f2635,1991e91f-47dc-4258-b20f-83025cdf2ad7
12bff915-21d0-493b-8c46-ffe0f2493ba8,081fc4f5-6b89-4c39-9727-de1e95ce6615
12cd7f0f-5df8-4885-b8ea-61ac6e2a386f,068ebe3d-0520-44f3-9ef3-ac2d78cc0fd0
12cd7f0f-5df8-4885-b8ea-61ac6e2a386f,081fc4f5-6b89-4c39-9727-de1e95ce6615
12cd7f0f-5df8-4885-b8ea-61ac6e2a386f,1037fc7e-fe56-4871-8f45-1cab6ba06720
12cd7f0f-5df8-4885-b8ea-61ac6e2a386f,19b56755-d573-4984-b72e-bd303880f51c
12cd7f0f-5df8-4885-b8ea-61ac6e2a386f,22f024bd-1b76-4d8b-9287-324ef29f5d48
12cd7f0f-5df8-4885-b8ea-61ac6e2a386f,25fd8fbe-b824-41d7-b2f9-4e7212cee07e
12cd7f0f-5df8-4885-b8ea-61ac6e2a386f,2c7b0747-d654-4d09-958b-8d4d94ed20d2
12cd7f0f-5df8-4885-b8ea-61ac6e2a386f,2d1bdda0-10ae-4138-a4b1-73a778b048ea
12cd7f0f-5df8-4885-b8ea-61ac6e2a386f,3e975766-7cef-464b-8bc9-8ea39f66136f
12cd7f0f-5df8-4885-b8ea-61ac6e2a386f,48597a8e-a852-4450-803f-8b202efafd41
12cd7f0f-5df8-4885-b8ea-61ac6e2a386f,532b3c08-2391-45ab-b55d-db0d484f7be9
12cd7f0f-5df8-4885-b8ea-61ac6e2a386f,53c635e2-6ad5-4a40-89d2-a84c720705ea
12cd7f0f-5df8-4885-b8ea-61ac6e2a386f,585c304e-540b-452e-be22-0957937c3fdf
12cd7f0f-5df8-4885-b8ea-61ac6e2a386f,65f02524-c997-4c43-812f-0f8a9e721eed
12cd7f0f-5df8-4885-b8ea-61ac6e2a386f,678a7e7b-eb3b-4edb-b936-7ff752539b4f
12cd7f0f-5df8-4885-b8ea-61ac6e2a386f,68f176eb-cf22-4ac0-98ef-b25b50908421
12cd7f0f-5df8-4885-b8ea-61ac6e2a386f,6d3e5784-ed29-488f-8a3b-4e1d0fa9ab59
12cd7f0f-5df8-4885-b8ea-61ac6e2a386f,713ae1ae-96fa-4283-a30b-38150eb6f6db
12cd7f0f-5df8-4885-b8ea-61ac6e2a386f,7191ddc3-51fa-49f7-ad54-90ad8b762894
12cd7f0f-5df8-4885-b8ea-61ac6e2a386f,744d9599-5453-4dca-b19e-1ff5eebced9e
12cd7f0f-5df8-4885-b8ea-61ac6e2a386f,785bb530-e7d9-4aaf-9fb2-228301957de9
12cd7f0f-5df8-4885-b8ea-61ac6e2a386f,79f53aad-0600-4516-a93f-46e5faef1494
12cd7f0f-5df8-4885-b8ea-61ac6e2a386f,7cd9cebb-505a-4133-b9f4-e7327c38b93d
12cd7f0f-5df8-4885-b8ea-61ac6e2a386f,7fc1ed83-fdd4-496c-a27f-04a6bfb8388c
12cd7f0f-5df8-4885-b8ea-61ac6e2a386f,87b7763f-5d89-4e6f-a573-931a839cacc4
12cd7f0f-5df8-4885-b8ea-61ac6e2a386f,87f5bed3-95dc-4e46-b9ce-48b7e3d4d49c
12cd7f0f-5df8-4885-b8ea-61ac6e2a386f,898b423e-544b-4aca-9cf9-11a911be4273
12cd7f0f-5df8-4885-b8ea-61ac6e2a386f,8de79a1c-2dca-494c-946a-90619a00df5f
12cd7f0f-5df8-4885-b8ea-61ac6e2a386f,bc6c26ff-3990-4580-98bb-43e51c618bfd
12cd7f0f-5df8-4885-b8ea-61ac6e2a386f,c037df06-e52d-4ec7-9c76-6b0366773195
12cd7f0f-5df8-4885-b8ea-61ac6e2a386f,c40e17e9-0f15-4d13-90cf-0800fe3a428b
12cd7f0f-5df8-4885-b8ea-61ac6e2a386f,cca6be03-c36f-4e5a-b460-d7f68ea789b5
12cd7f0f-5df8-4885-b8ea-61ac6e2a386f,d5271c89-198c-4f1f-82a6-72a51a743566
12cd7f0f-5df8-4885-b8ea-61ac6e2a386f,dd651749-1819-43e1-8c71-8f1681756dc7
12cd7f0f-5df8-4885-b8ea-61ac6e2a386f,e03cb5e2-df09-43b0-b2f3-f543ae71db8a
12cd7f0f-5df8-4885-b8ea-61ac6e2a386f,ee0517c3-72e0-42bb-9598-13994e77fa67
12cd7f0f-5df8-4885-b8ea-61ac6e2a386f,eef09911-e118-444b-8f72-b72aac7ddf5d
12cd7f0f-5df8-4885-b8ea-61ac6e2a386f,f375cd3d-de8f-42ba-8d7f-9fd9f8d016a2
12e02d01-fd3a-48da-9c27-93f9a1c240c8,a0511dc9-79e4-49d0-9c4e-e6fa7cf048ac
12ed072b-e0c7-4286-83f8-ff0f19d6d24d,d92c0843-882b-4d03-9cce-5d4066af012d
1301a841-3223-4de2-9b21-341449ecb946,068ebe3d-0520-44f3-9ef3-ac2d78cc0fd0
1301a841-3223-4de2-9b21-341449ecb946,081fc4f5-6b89-4c39-9727-de1e95ce6615
1301a841-3223-4de2-9b21-341449ecb946,08e99c61-7a78-4756-9372-b5acb90d68cb
1301a841-3223-4de2-9b21-341449ecb946,137f9927-45b8-422c-9443-69925aee9133
1301a841-3223-4de2-9b21-341449ecb946,1d854b40-c70f-4356-aab2-582dc0eeaaa1
1301a841-3223-4de2-9b21-341449ecb946,228424dd-7eb4-4587-92a3-9d435b32ffba
1301a841-3223-4de2-9b21-341449ecb946,2d1bdda0-10ae-4138-a4b1-73a778b048ea
1301a841-3223-4de2-9b21-341449ecb946,3bc597e6-6255-479a-950d-a517fabe18a4
1301a841-3223-4de2-9b21-341449ecb946,3e975766-7cef-464b-8bc9-8ea39f66136f
1301a841-3223-4de2-9b21-341449ecb946,45b822a3-6034-403d-89a1-61e13c9a0438
1301a841-3223-4de2-9b21-341449ecb946,482b3f73-f2e8-4120-910e-611629bedc66
1301a841-3223-4de2-9b21-341449ecb946,48597a8e-a852-4450-803f-8b202efafd41
1301a841-3223-4de2-9b21-341449ecb946,4b557e16-e4ad-4e51-8086-d3148de3058a
1301a841-3223-4de2-9b21-341449ecb946,5169fd73-6a48-495c-a26a-845ab9925ffc
1301a841-3223-4de2-9b21-341449ecb946,53c635e2-6ad5-4a40-89d2-a84c720705ea
1301a841-3223-4de2-9b21-341449ecb946,585c304e-540b-452e-be22-0957937c3fdf
1301a841-3223-4de2-9b21-341449ecb946,5c2fb3e1-571c-415a-bba4-2646565bd61b
1301a841-3223-4de2-9b21-341449ecb946,65f02524-c997-4c43-812f-0f8a9e721eed
1301a841-3223-4de2-9b21-341449ecb946,678a7e7b-eb3b-4edb-b936-7ff752539b4f
1301a841-3223-4de2-9b21-341449ecb946,68f176eb-cf22-4ac0-98ef-b25b50908421
1301a841-3223-4de2-9b21-341449ecb946,6d3e5784-ed29-488f-8a3b-4e1d0fa9ab59
1301a841-3223-4de2-9b21-341449ecb946,713ae1ae-96fa-4283-a30b-38150eb6f6db
1301a841-3223-4de2-9b21-341449ecb946,74346f09-730b-4628-b407-bb0606c9b3ed
1301a841-3223-4de2-9b21-341449ecb946,785bb530-e7d9-4aaf-9fb2-228301957de9
1301a841-3223-4de2-9b21-341449ecb946,7cd9cebb-505a-4133-b9f4-e7327c38b93d
1301a841-3223-4de2-9b21-341449ecb946,829f029a-6269-428e-b86e-d732af830b7a
1301a841-3223-4de2-9b21-341449ecb946,859a6d71-40d0-49e4-abd1-7d4276bc79ff
1301a841-3223-4de2-9b21-341449ecb946,89a12b8d-00fe-4e32-b1b9-d23975d69b93
1301a841-3223-4de2-9b21-341449ecb946,8de79a1c-2dca-494c-946a-90619a00df5f
1301a841-3223-4de2-9b21-341449ecb946,97208173-d9f7-4c75-ab1f-14dc98161990
1301a841-3223-4de2-9b21-341449ecb946,9e5e9111-06ee-46a0-be70-f276435cdfcd
1301a841-3223-4de2-9b21-341449ecb946,b5b59391-5603-4175-b835-984741c27c6d
1301a841-3223-4de2-9b21-341449ecb946,bc6c26ff-3990-4580-98bb-43e51c618bfd
1301a841-3223-4de2-9b21-341449ecb946,c072de75-a161-4297-b90a-6ffab2e6f7b7
1301a841-3223-4de2-9b21-341449ecb946,c40e17e9-0f15-4d13-90cf-0800fe3a428b
1301a841-3223-4de2-9b21-341449ecb946,cca6be03-c36f-4e5a-b460-d7f68ea789b5
1301a841-3223-4de2-9b21-341449ecb946,d22cb3fc-37c4-4abc-a71f-17b8c97180a9
1301a841-3223-4de2-9b21-341449ecb946,d5271c89-198c-4f1f-82a6-72a51a743566
1301a841-3223-4de2-9b21-341449ecb946,dd651749-1819-43e1-8c71-8f1681756dc7
1301a841-3223-4de2-9b21-341449ecb946,e6972467-8d2c-4957-b840-669fe6451292
1301a841-3223-4de2-9b21-341449ecb946,eef09911-e118-444b-8f72-b72aac7ddf5d
1301a841-3223-4de2-9b21-341449ecb946,f920120b-959a-47ab-940a-b415695d11c0
1301a841-3223-4de2-9b21-341449ecb946,f9663452-790b-45af-96fc-a9d248a0a7e1
1301a841-3223-4de2-9b21-341449ecb946,fa02d679-4b62-41cd-b820-af795d16efe8
133a5767-6fe9-4e27-8aec-259f64e7eb47,8de79a1c-2dca-494c-946a-90619a00df5f
138ed1e8-1f79-4e0c-a750-2f87a643825f,7a543a7f-c721-4f16-a458-f4c2e7f33fe8
13aa5aa4-7d23-4dfd-9429-9fd5482126b0,036101a9-55ee-4907-bb38-dd852a22f700
13aa5aa4-7d23-4dfd-9429-9fd5482126b0,0e4564f4-fccb-4711-9751-41f02a57630d
13aa5aa4-7d23-4dfd-9429-9fd5482126b0,0ef548cb-4f13-48df-b69a-16ff6ba002eb
13aa5aa4-7d23-4dfd-9429-9fd5482126b0,12bcb9ab-22ed-48f2-8af1-1dde03c33add
13aa5aa4-7d23-4dfd-9429-9fd5482126b0,1c759347-c27f-4641-8a50-5a71784e1303
13aa5aa4-7d23-4dfd-9429-9fd5482126b0,2440ecb1-3934-42e2-b14a-68276e486c0f
13aa5aa4-7d23-4dfd-9429-9fd5482126b0,32a5d89f-53a2-4c0e-afcf-98963fe8d0b9
13aa5aa4-7d23-4dfd-9429-9fd5482126b0,5a03a82f-a1bc-4682-b5e7-d51f2a5a35d4
13aa5aa4-7d23-4dfd-9429-9fd5482126b0,62c661ac-1b72-4c37-af41-c93f79f76136
13aa5aa4-7d23-4dfd-9429-9fd5482126b0,75f27fa0-badc-4891-8688-96873d4fe08e
13aa5aa4-7d23-4dfd-9429-9fd5482126b0,7d715e2d-f1c9-4684-82a3-8b31d04a0d81
13aa5aa4-7d23-4dfd-9429-9fd5482126b0,aeb90458-ac5a-4d38-bceb-40d99e6bacad
13aa5aa4-7d23-4dfd-9429-9fd5482126b0,d74042dd-c843-4933-a963-d20e0bfa1f76
13aa5aa4-7d23-4dfd-9429-9fd5482126b0,de162e3d-1564-47d6-b961-b239c2c8cee8
13aa5aa4-7d23-4dfd-9429-9fd5482126b0,e2827b12-3ffa-4aac-b230-fb6ecc315689
13aa5aa4-7d23-4dfd-9429-9fd5482126b0,e77a14b3-2a37-484e-9276-971bf6f6d489
13b380ca-30bb-4728-9325-e50ab58d6941,d92c0843-882b-4d03-9cce-5d4066af012d
13bda034-faf5-4a46-ba54-2ed7dbd26234,51704133-414a-460b-9a4b-b86d00fff2bb
13c06068-2ef0-4435-a345-daa9e0f8c9cb,785bb530-e7d9-4aaf-9fb2-228301957de9
13e1f97c-1a7f-4734-8b25-61ae66445209,43d37c45-173b-498b-a559-f6d366d5b683
1412fac2-e408-435b-8f89-af9c2914e2ee,c71aff62-a156-4a9f-856f-ca7cc685d192
1422aa31-fa80-4266-aa4b-664ff0750401,a222f6fd-c6be-4885-b81d-3ab02020cd56
1427f7ab-a20b-4619-9fb0-0330259f8265,a222f6fd-c6be-4885-b81d-3ab02020cd56
143c416b-2572-46f5-976e-3c290deb74c3,829ceb34-77f2-4418-a875-a85c9b61d04e
1462a8be-fb09-47c6-8b31-b61ee5684b46,b8a65c48-e8d5-4b02-969a-c9c8484713e1
14855863-9bc0-4fa0-8c36-c22f5f4d6785,e31cfb1a-7bdb-41f8-aad1-4bf16105f7c9
149cf87f-5d72-4b92-855e-c55c2d5ac95a,5a8aef51-eb39-4e21-80f2-eaee1d7159e1
14bbcdde-cea3-477c-86c0-f0bc87499d49,c71aff62-a156-4a9f-856f-ca7cc685d192
14d2cc0f-a1f4-429c-b15b-25461b56acee,829ceb34-77f2-4418-a875-a85c9b61d04e
14f5cc93-c7fb-424e-9f0f-70c9ce122844,647746ed-dbc5-45c3-80c9-308699cb7e0a
150a1405-0894-47a9-bf02-ffd98009566a,82f6531f-14c0-442a-ba64-1c427193123a
150eef9e-73c7-45e9-96e2-056dd8c73cdb,44ff6e3b-62ef-4938-bd15-009a21682279
154ce49c-2d5d-49a5-89da-aca64dd18f9b,0afb7dbf-9bf4-42df-8d9b-c5c5823163b4
15e59c85-c05c-40bc-83ca-42aac830b60b,0222ca08-476b-445b-99bb-2be261fed6dd
160e89aa-5be4-4eff-abef-8ca147fad242,1037fc7e-fe56-4871-8f45-1cab6ba06720
16451264-9dad-481b-9613-81851dcece2f,f348d2be-eb89-477d-9f6e-86af32e64804
16452ac1-a573-4313-9f54-78ca158b729f,f12ffb5a-c385-4e8e-bcfd-15d5d12cf176
165292f8-cec2-4303-bd84-ec385dfaef56,e4aae1be-4688-4e12-a10c-689942ea2549
16650b2d-3a4f-4810-acdf-ec04b8514c02,647746ed-dbc5-45c3-80c9-308699cb7e0a
166ade0f-825a-4524-b482-297fcb3c615b,24a8570d-7050-4cfe-ae20-23782ddce3af
1708d9f7-b208-4f8a-87ff-4b5b205b3dea,b8a65c48-e8d5-4b02-969a-c9c8484713e1
1718fbbb-3e7c-4ba7-876a-04bb34306a26,8de79a1c-2dca-494c-946a-90619a00df5f
1725cd39-5adf-421b-b681-479ddccc57de,522185c9-71db-4d3a-8af2-f114f2c9ee07
172f391d-b6cd-49d1-a6d9-75444ffabb03,4cb8aeac-e4d2-41c8-8985-6e983aec9b46
17408fd0-caf7-45de-b9de-f2875ec67d50,51704133-414a-460b-9a4b-b86d00fff2bb
17b71e8e-dd40-4bbd-8d28-d8a57f45b4ba,66fb62bd-dc7e-487a-91c8-2aac5313f04c
17cb6822-6b74-4275-9f58-d089f6c003a2,7fc1ed83-fdd4-496c-a27f-04a6bfb8388c
17dea403-3597-4520-8355-7ae05eb8c6d5,b8a65c48-e8d5-4b02-969a-c9c8484713e1
17ec03b5-decc-4686-84ec-44edd86adede,647746ed-dbc5-45c3-80c9-308699cb7e0a
17f8f6ad-2146-475d-a109-a96572fb41ff,522185c9-71db-4d3a-8af2-f114f2c9ee07
17f8f6ad-2146-475d-a109-a96572fb41ff,d2c771fc-3002-4080-b8a5-0262a6f0f8d6
18289775-da8a-4b89-8975-cbbf295f0239,e55015a5-7dab-40e0-bc58-89793e204e2b
183b2445-7bdc-459a-805c-6c19e49821b2,4351f588-0b35-42bb-bbff-4e001ed57af2
18519bef-a8a9-4278-a659-3cafdebdb7e7,7a543a7f-c721-4f16-a458-f4c2e7f33fe8
185299e0-8bf7-4c9a-9b86-a4da863b4a7e,4a8d1c27-63c7-4495-b5ff-d8ddccc55b46
186e2ba8-03d0-4592-8cc2-b7cda62c9a51,647746ed-dbc5-45c3-80c9-308699cb7e0a
18765a50-363d-4303-a394-48efe0c0db83,678a7e7b-eb3b-4edb-b936-7ff752539b4f
187f60ba-61ea-49ac-ae53-466ed42aea02,036101a9-55ee-4907-bb38-dd852a22f700
187f60ba-61ea-49ac-ae53-466ed42aea02,0e4564f4-fccb-4711-9751-41f02a57630d
187f60ba-61ea-49ac-ae53-466ed42aea02,0ef548cb-4f13-48df-b69a-16ff6ba002eb
187f60ba-61ea-49ac-ae53-466ed42aea02,12bcb9ab-22ed-48f2-8af1-1dde03c33add
187f60ba-61ea-49ac-ae53-466ed42aea02,1c759347-c27f-4641-8a50-5a71784e1303
187f60ba-61ea-49ac-ae53-466ed42aea02,2440ecb1-3934-42e2-b14a-68276e486c0f
187f60ba-61ea-49ac-ae53-466ed42aea02,32a5d89f-53a2-4c0e-afcf-98963fe8d0b9
187f60ba-61ea-49ac-ae53-466ed42aea02,5a03a82f-a1bc-4682-b5e7-d51f2a5a35d4
187f60ba-61ea-49ac-ae53-466ed42aea02,62c661ac-1b72-4c37-af41-c93f79f76136
187f60ba-61ea-49ac-ae53-466ed42aea02,75f27fa0-badc-4891-8688-96873d4fe08e
187f60ba-61ea-49ac-ae53-466ed42aea02,7d715e2d-f1c9-4684-82a3-8b31d04a0d81
187f60ba-61ea-49ac-ae53-466ed42aea02,aeb90458-ac5a-4d38-bceb-40d99e6bacad
187f60ba-61ea-49ac-ae53-466ed42aea02,d74042dd-c843-4933-a963-d20e0bfa1f76
187f60ba-61ea-49ac-ae53-466ed42aea02,e2827b12-3ffa-4aac-b230-fb6ecc315689
187f60ba-61ea-49ac-ae53-466ed42aea02,e77a14b3-2a37-484e-9276-971bf6f6d489
189d8ed6-6cea-4f3b-b4ed-6c9ee44bd7d0,8cb560d6-6667-43f8-8d99-1f8d4c61e306
18bbf769-8da2-4dfb-a4e6-7c1f9b83ec9f,03fa5be1-3ccf-4ad5-927e-58552025b591
18d18a3f-285a-41b8-9c34-e3653f36ebfa,43d37c45-173b-498b-a559-f6d366d5b683
18ed1c4a-c367-487c-91d7-712d1956aa4b,19b56755-d573-4984-b72e-bd303880f51c
18eea6fe-8c7b-4adc-a932-af67287a4fc3,03fa5be1-3ccf-4ad5-927e-58552025b591
190af0e8-e5d1-41e5-9d1c-30beeb8e2a18,e31cfb1a-7bdb-41f8-aad1-4bf16105f7c9
197110e0-2b17-4aa7-aaac-54e2c2889b6c,647746ed-dbc5-45c3-80c9-308699cb7e0a
19ac7997-67aa-4de9-96c9-086569ab2cea,c71aff62-a156-4a9f-856f-ca7cc685d192
19bf564e-c14e-4bd7-88fe-a9025b9677d3,62376c3d-0434-44f4-9e7a-59f47fcdf3e5
19f89590-5b8d-4d43-9d32-8786ac90ddbe,d91b99fa-c786-42d4-b6a7-57a18f99c3eb
1a24c0ef-dfd2-4397-a1fa-e00610eff6fc,a0511dc9-79e4-49d0-9c4e-e6fa7cf048ac
1a29d17c-07e8-4426-9ee5-b0cc2e08c555,d92c0843-882b-4d03-9cce-5d4066af012d
1a356c4d-2b4f-4694-a9be-217109d0c743,647746ed-dbc5-45c3-80c9-308699cb7e0a
1a9112ba-9fcc-407c-a70b-89d022d31df7,4cb8aeac-e4d2-41c8-8985-6e983aec9b46
1ac99b71-dcc2-48d8-8b2f-4beed887297b,4a8d1c27-63c7-4495-b5ff-d8ddccc55b46
1ad8a42b-932c-455f-b657-716567708151,767542c0-b6ad-4890-9c39-6758288ad28d
1b257ac3-65e4-4f0a-9ac5-f54a603cc3ef,51704133-414a-460b-9a4b-b86d00fff2bb
1b4db669-6730-416a-af0a-422b0370a81e,9a2db6df-67e4-4aa1-a5d7-3067313827a4
1bc1d872-b8db-43fb-9269-63b8f07b25fe,c71aff62-a156-4a9f-856f-ca7cc685d192
1bdadf40-0766-47a4-a8ff-6175c50a6132,215e20fc-eb6e-4b2b-a156-358b09e8d6e5
1bdadf40-0766-47a4-a8ff-6175c50a6132,231abd64-489c-4ad4-a479-25149749e46d
1bdadf40-0766-47a4-a8ff-6175c50a6132,23d08ffd-c8b1-47cf-81ef-9aaefd7cb25c
1bdadf40-0766-47a4-a8ff-6175c50a6132,2433c1ce-a106-46d8-9e55-d39048f181be
1bdadf40-0766-47a4-a8ff-6175c50a6132,2b8f045a-991f-41ea-a9aa-7fe7fa2cb284
1bdadf40-0766-47a4-a8ff-6175c50a6132,35aba451-11e8-41a5-8d59-793fbe95ab16
1bdadf40-0766-47a4-a8ff-6175c50a6132,379836fb-418b-4a84-9855-df663fa70287
1bdadf40-0766-47a4-a8ff-6175c50a6132,3bed11f7-8078-4bc0-9f0b-fb63ad36eb52
1bdadf40-0766-47a4-a8ff-6175c50a6132,491a77ba-c137-4b09-8f77-5025b51f6f49
1bdadf40-0766-47a4-a8ff-6175c50a6132,5b91900e-7aa6-4d72-8ece-ca17974806c9
1bdadf40-0766-47a4-a8ff-6175c50a6132,9b905870-ca93-4abc-99d9-9c597c7995b4
1bdadf40-0766-47a4-a8ff-6175c50a6132,9e9b6c9e-eec7-4b2b-9cde-c422906d75de
1bdadf40-0766-47a4-a8ff-6175c50a6132,9f8b8b69-06d9-45e1-ba81-c82b0b9684ad
1bdadf40-0766-47a4-a8ff-6175c50a6132,b238f7cd-e61e-4185-9eac-16dd198925cc
1bdadf40-0766-47a4-a8ff-6175c50a6132,d22b34dc-3699-45f4-aec6-a2b6eae08b1e
1bdadf40-0766-47a4-a8ff-6175c50a6132,db892084-d011-451f-88c1-5739a91b4a4a
1bdadf40-0766-47a4-a8ff-6175c50a6132,df6d053b-bc97-4606-8416-9c76dd3380c4
1c000e48-939b-4b1a-9de0-5a766075ca2b,44ff6e3b-62ef-4938-bd15-009a21682279
1c03aa45-643b-44b8-8edb-0c6611d22c32,7e38030b-645d-4eec-a8b6-5caf7ff0f4f7
1c055b6a-6706-4bde-a8ed-f6ae6fb69114,05ad3e6f-1119-454a-8a35-582dba10e297
1c1c8bfc-ef82-4814-a958-09dbc3d087f6,a0511dc9-79e4-49d0-9c4e-e6fa7cf048ac
1c6daee9-77e3-4c7a-bf8d-f7977b3b5fb3,c037df06-e52d-4ec7-9c76-6b0366773195
1c75a613-6361-4b79-b526-886ea002999c,05ad3e6f-1119-454a-8a35-582dba10e297
1c8702c1-e6c2-47bf-bac0-f19776877b7a,0ef548cb-4f13-48df-b69a-16ff6ba002eb
1d0e2f73-8e1b-4e9c-a8a7-5de3256065fe,7a543a7f-c721-4f16-a458-f4c2e7f33fe8
1d306df0-844d-41e3-b05f-5592f40dc791,bfd9db52-f555-4005-9ed7-51998f495a6e
1d342d86-e6f0-45de-99b4-d23dd1103987,4a8d1c27-63c7-4495-b5ff-d8ddccc55b46
1dd82a47-6c9d-4567-816b-022ae27af0af,66fb62bd-dc7e-487a-91c8-2aac5313f04c
1e410e7a-c609-47df-b16f-7872ca9382d3,4500cb64-611a-4511-ad3c-4bf51488c38b
1eace6b4-3e80-4734-90e8-c34738be8260,2479d03b-88a5-4196-8346-fcab230c56f8
1f102fca-62b7-48e2-b3dc-46549fa400e9,4351f588-0b35-42bb-bbff-4e001ed57af2
1f45398c-009a-468a-b111-59fe91ca7c92,a0511dc9-79e4-49d0-9c4e-e6fa7cf048ac
1f4e6248-d265-4d92-a044-4e0c2f71bf95,436dcd7c-93a2-4f05-a897-ec9f70284459
1f6e1ef7-30f5-4011-9273-b532b62c459e,647746ed-dbc5-45c3-80c9-308699cb7e0a
1f7c3cbe-936f-45a7-aa2f-8e6ff48c968e,d92c0843-882b-4d03-9cce-5d4066af012d
1f89b219-d7e3-41fe-9a30-4c8ef279b60d,7a543a7f-c721-4f16-a458-f4c2e7f33fe8
1facc44f-b3ea-41bb-aa5a-ae662452ac0c,d92c0843-882b-4d03-9cce-5d4066af012d
1ff20126-151f-4fd3-a567-5fe5203c5504,3bc597e6-6255-479a-950d-a517fabe18a4
20319cda-7ef4-4c28-aad7-c0ac0e398579,576e9334-2999-40f3-adab-654e479687e7
205fe75f-372e-4def-9fbd-e9b55b2c4f7a,4cb8aeac-e4d2-41c8-8985-6e983aec9b46
206a44e7-0825-4d11-90f7-ff8fd924bc63,c71aff62-a156-4a9f-856f-ca7cc685d192
2077d538-62ed-41fb-baf2-a92b2f8fd7fd,2244cf69-2b5c-4650-a05d-5e27fc0732d3
2088b3bf-4396-4df4-b376-2a54317f8791,44ff6e3b-62ef-4938-bd15-009a21682279
20b7a5a0-fd1d-4777-bab4-3205d6c44f3a,62abd51a-8cb6-4ddc-a7e6-36b8cd372fa6
20c497ed-c000-4e73-a994-0a122333309b,5c2fb3e1-571c-415a-bba4-2646565bd61b
20c59df9-77b8-4df8-8ce7-3a1699b28163,0c6ae99d-b423-4ed2-9ebe-cdecf7aaf1e0
20cffca6-0c9f-4d4f-81ce-dbaf41290c49,25fd8fbe-b824-41d7-b2f9-4e7212cee07e
20d3e9ef-56e9-41bf-9e9b-b5e03af0830a,7a543a7f-c721-4f16-a458-f4c2e7f33fe8
2117bf3b-8a41-489d-98aa-33bf01bb3573,7e38030b-645d-4eec-a8b6-5caf7ff0f4f7
21335f92-93c5-44db-8b5d-0edaabadc61e,829ceb34-77f2-4418-a875-a85c9b61d04e
2175e693-c08c-499c-be81-92686d42be33,5a8aef51-eb39-4e21-80f2-eaee1d7159e1
21d2e293-f8f0-4aa2-856c-ab17d62bcd00,2244cf69-2b5c-4650-a05d-5e27fc0732d3
22017a51-1703-4cba-97a0-11feb447c959,036101a9-55ee-4907-bb38-dd852a22f700
22017a51-1703-4cba-97a0-11feb447c959,0e4564f4-fccb-4711-9751-41f02a57630d
22017a51-1703-4cba-97a0-11feb447c959,1c759347-c27f-4641-8a50-5a71784e1303
22017a51-1703-4cba-97a0-11feb447c959,2440ecb1-3934-42e2-b14a-68276e486c0f
22017a51-1703-4cba-97a0-11feb447c959,32a5d89f-53a2-4c0e-afcf-98963fe8d0b9
22017a51-1703-4cba-97a0-11feb447c959,5a03a82f-a1bc-4682-b5e7-d51f2a5a35d4
22017a51-1703-4cba-97a0-11feb447c959,62c661ac-1b72-4c37-af41-c93f79f76136
22017a51-1703-4cba-97a0-11feb447c959,75f27fa0-badc-4891-8688-96873d4fe08e
22017a51-1703-4cba-97a0-11feb447c959,de162e3d-1564-47d6-b961-b239c2c8cee8
22017a51-1703-4cba-97a0-11feb447c959,e2827b12-3ffa-4aac-b230-fb6ecc315689
22053b1a-822d-4205-b389-305e731d4b04,647746ed-dbc5-45c3-80c9-308699cb7e0a
221f02a6-7321-4a5d-919a-16658ac85533,a0511dc9-79e4-49d0-9c4e-e6fa7cf048ac
228835b4-77f6-4647-af90-3c14e7c1f931,4a8d1c27-63c7-4495-b5ff-d8ddccc55b46
228a361b-3554-4128-8dc1-a528d703be72,171b2457-3f69-4812-a061-5644c12f1ec8
22ac962c-fb0e-4475-998f-944e7ebb0e6a,522185c9-71db-4d3a-8af2-f114f2c9ee07
22b78116-f128-49d7-b28f-5e56600aa548,44ff6e3b-62ef-4938-bd15-009a21682279
230c8bcf-66a1-497f-8a64-2b1b158e0367,82f6531f-14c0-442a-ba64-1c427193123a
2317fdc5-43fd-4072-8b7a-96fce5c8d187,544e0f8c-c804-480f-8b4e-0a7c46d7e0e6
2317fdc5-43fd-4072-8b7a-96fce5c8d187,55c9124d-c835-4603-a84d-d6133b9caa94
2317fdc5-43fd-4072-8b7a-96fce5c8d187,647746ed-dbc5-45c3-80c9-308699cb7e0a
2317fdc5-43fd-4072-8b7a-96fce5c8d187,829ceb34-77f2-4418-a875-a85c9b61d04e
2317fdc5-43fd-4072-8b7a-96fce5c8d187,a0511dc9-79e4-49d0-9c4e-e6fa7cf048ac
2317fdc5-43fd-4072-8b7a-96fce5c8d187,d373a6c3-0949-4c8d-bff0-0bec129949cb
2317fdc5-43fd-4072-8b7a-96fce5c8d187,e31cfb1a-7bdb-41f8-aad1-4bf16105f7c9
23552cb0-c874-4227-b5c7-5cac20bfa194,983f93b2-7c6f-403a-8160-b3f44f600058
2359bbef-291f-49a6-8c61-fdbde3fa1f63,43d37c45-173b-498b-a559-f6d366d5b683
23674ea2-2b51-4f32-8fa6-cd6b4abe9a0d,0c6ae99d-b423-4ed2-9ebe-cdecf7aaf1e0
2372cac2-c1ae-4f31-a2d6-8f5ba6860185,44ff6e3b-62ef-4938-bd15-009a21682279
237c781c-8308-4735-843e-69d53e23a10d,0afb7dbf-9bf4-42df-8d9b-c5c5823163b4
23a8b883-30e6-47a6-afb4-eaef891b0ddc,03fa5be1-3ccf-4ad5-927e-58552025b591
23acc529-b560-4bf9-92a7-adbf251bfe79,08d26104-a8e3-45af-a3ac-ca6236d7ff1f
23acc529-b560-4bf9-92a7-adbf251bfe79,485c69d7-47c0-4ad5-94b1-ab3880f53e4a
23c05c5c-27c6-4169-ab88-77ac00652a48,7e38030b-645d-4eec-a8b6-5caf7ff0f4f7
23ef93a6-63a6-432f-9ffb-f7a3a9629e9e,9155a6e0-6fab-4fd4-8352-a2922542a8bd
24285dd9-edf3-4b2c-8a10-0c49e9c2a3f3,576e9334-2999-40f3-adab-654e479687e7
24945ab3-62e0-4d46-b751-946b6bde913d,829ceb34-77f2-4418-a875-a85c9b61d04e
24dba0c3-35cc-4fb8-9772-d033e33f2ef7,03fa5be1-3ccf-4ad5-927e-58552025b591
24e9f3db-0002-4fad-8334-6b7573ea5b65,7a543a7f-c721-4f16-a458-f4c2e7f33fe8
24f054f9-6cfc-45e2-ad1a-69ac3be2588f,8de79a1c-2dca-494c-946a-90619a00df5f
255337bf-7b60-4c55-aac1-f0e4274694ca,c71aff62-a156-4a9f-856f-ca7cc685d192
2576612e-aee7-4925-8b6f-aa5cb90c6fac,0c6ae99d-b423-4ed2-9ebe-cdecf7aaf1e0
2586a90e-4b0a-4c41-99b1-66b276e11eaf,2244cf69-2b5c-4650-a05d-5e27fc0732d3
25a0c714-bdf6-478b-8a0c-b45007750c10,a0511dc9-79e4-49d0-9c4e-e6fa7cf048ac
25a5f59a-0bb0-4433-80ef-971bd19d552c,859a6d71-40d0-49e4-abd1-7d4276bc79ff
25b9db79-b6c5-4d0a-9b7d-fc74b09b2ad4,522185c9-71db-4d3a-8af2-f114f2c9ee07
26541bf3-5a75-4b40-a509-5ae9552a490a,4a8d1c27-63c7-4495-b5ff-d8ddccc55b46
2664dc86-4e76-41bd-b638-051f8321dac3,544e0f8c-c804-480f-8b4e-0a7c46d7e0e6
2664dc86-4e76-41bd-b638-051f8321dac3,55c9124d-c835-4603-a84d-d6133b9caa94
2664dc86-4e76-41bd-b638-051f8321dac3,647746ed-dbc5-45c3-80c9-308699cb7e0a
2664dc86-4e76-41bd-b638-051f8321dac3,829ceb34-77f2-4418-a875-a85c9b61d04e
2664dc86-4e76-41bd-b638-051f8321dac3,a0511dc9-79e4-49d0-9c4e-e6fa7cf048ac
2664dc86-4e76-41bd-b638-051f8321dac3,d373a6c3-0949-4c8d-bff0-0bec129949cb
2664dc86-4e76-41bd-b638-051f8321dac3,e31cfb1a-7bdb-41f8-aad1-4bf16105f7c9
266eda6b-c42a-4838-8472-8087797e2eef,05ad3e6f-1119-454a-8a35-582dba10e297
26829f8e-f5a2-4fe9-b1b9-530e01ed910e,a16e7761-bb77-4b64-95f0-34476c25730f
26d472c3-fea4-456e-ab47-862f6c81e6f5,9efa54a7-b463-4ba9-bfd2-e1985ad0a07e
26d472c3-fea4-456e-ab47-862f6c81e6f5,d373a6c3-0949-4c8d-bff0-0bec129949cb
26e33f08-e9f2-4e10-bfb4-ef869619b4f6,d91b99fa-c786-42d4-b6a7-57a18f99c3eb
27020117-550c-4909-a217-185cca5d8afb,7a543a7f-c721-4f16-a458-f4c2e7f33fe8
274aeb65-d93c-40b9-9904-7a635d6258df,a222f6fd-c6be-4885-b81d-3ab02020cd56
27cb3e53-c2d3-4886-a23e-f4f501929555,d2c771fc-3002-4080-b8a5-0262a6f0f8d6
27ebaa2b-a282-4c29-85e9-6fc94d60b0b2,8cb560d6-6667-43f8-8d99-1f8d4c61e306
27ef1ad0-a040-408d-9c9b-45b26e45f167,2b8f045a-991f-41ea-a9aa-7fe7fa2cb284
280a6fde-791f-49e3-ad84-24239faf0fd9,9efa54a7-b463-4ba9-bfd2-e1985ad0a07e
282b176e-24bd-4249-8b66-82ab80e2696f,678a7e7b-eb3b-4edb-b936-7ff752539b4f
283eb0da-76a6-453d-a6ba-8a74fff28a12,0222ca08-476b-445b-99bb-2be261fed6dd
287968a1-3b59-405b-9127-4aa5295aeb15,036101a9-55ee-4907-bb38-dd852a22f700
287968a1-3b59-405b-9127-4aa5295aeb15,1c302ee8-0f03-498c-ad14-649a0af36f1c
287968a1-3b59-405b-9127-4aa5295aeb15,32a5d89f-53a2-4c0e-afcf-98963fe8d0b9
287968a1-3b59-405b-9127-4aa5295aeb15,5a03a82f-a1bc-4682-b5e7-d51f2a5a35d4
287968a1-3b59-405b-9127-4aa5295aeb15,aeb90458-ac5a-4d38-bceb-40d99e6bacad
287968a1-3b59-405b-9127-4aa5295aeb15,d74042dd-c843-4933-a963-d20e0bfa1f76
287968a1-3b59-405b-9127-4aa5295aeb15,e2827b12-3ffa-4aac-b230-fb6ecc315689
288ffacc-6134-42d9-86e9-a6873687bb50,0729681f-b9a4-4f1e-853f-b1d2d1f98a54
28e5b3b6-d2a8-4032-8230-f0e6620a7073,55c9124d-c835-4603-a84d-d6133b9caa94
28eb35b2-8fae-40e1-8806-9f294fce3c8d,647746ed-dbc5-45c3-80c9-308699cb7e0a
2931c0e7-1c64-4df2-9099-b23ca9a04faf,4cb8aeac-e4d2-41c8-8985-6e983aec9b46
293df4fd-6c67-4772-9f4d-30e804fca119,457f041a-58af-45db-8e50-724943c1f2f0
29515b55-6d40-47b9-a07e-80e21ffae2ba,2479d03b-88a5-4196-8346-fcab230c56f8
29538434-3b75-4bf2-a5d2-b1e844eaf9ae,647746ed-dbc5-45c3-80c9-308699cb7e0a
29899ff7-78bc-4dc0-92f8-abe25817efb5,983f93b2-7c6f-403a-8160-b3f44f600058
2a20ae08-a025-42c3-a091-179de3329dd0,0729681f-b9a4-4f1e-853f-b1d2d1f98a54
2a56e703-4812-4cfb-b961-0448d6c92370,d92c0843-882b-4d03-9cce-5d4066af012d
2a574f27-5a6d-4b0d-866e-7664c385fd63,9155a6e0-6fab-4fd4-8352-a2922542a8bd
2a621ce4-e9cc-4734-9962-abbf28a464ee,785bb530-e7d9-4aaf-9fb2-228301957de9
2a76b392-d265-45ff-bb7a-a13b62949e50,03fa5be1-3ccf-4ad5-927e-58552025b591
2a8a91b0-2bd4-4bcd-9b3e-1e9fde01640f,457f041a-58af-45db-8e50-724943c1f2f0
2a956b79-644f-42b4-9cc9-015270efb132,62abd51a-8cb6-4ddc-a7e6-36b8cd372fa6
2aacfcb1-498d-4f0c-bb4b-d093b7f615a9,2244cf69-2b5c-4650-a05d-5e27fc0732d3
2ab803d0-9978-4ae5-bcf2-86ae3f16edf6,35aba451-11e8-41a5-8d59-793fbe95ab16
2ab803d0-9978-4ae5-bcf2-86ae3f16edf6,df6d053b-bc97-4606-8416-9c76dd3380c4
2acd5360-2f86-4a1d-a200-cbdf2b89ae52,0c6ae99d-b423-4ed2-9ebe-cdecf7aaf1e0
2adce8c8-3454-4e5a-bb50-1f81fce118c3,c71aff62-a156-4a9f-856f-ca7cc685d192
2aea8502-9983-4ee4-8e7b-db5006703629,d92c0843-882b-4d03-9cce-5d4066af012d
2af30199-bdd0-499b-aa5e-08d81b26f38a,2244cf69-2b5c-4650-a05d-5e27fc0732d3
2af52289-aa1b-4765-909d-f7c70a2e07e8,23d08ffd-c8b1-47cf-81ef-9aaefd7cb25c
2b0b0132-cd2c-45bb-b1c2-ba87fca3953b,a0511dc9-79e4-49d0-9c4e-e6fa7cf048ac
2b0bf9f5-a89b-4d6e-81ba-750af14e8e61,0729681f-b9a4-4f1e-853f-b1d2d1f98a54
2b18b4a4-5e70-4bb4-b3cb-87c43b361a94,62abd51a-8cb6-4ddc-a7e6-36b8cd372fa6
2b318115-e3da-474e-ba95-8f677635354a,215e20fc-eb6e-4b2b-a156-358b09e8d6e5
2b318115-e3da-474e-ba95-8f677635354a,231abd64-489c-4ad4-a479-25149749e46d
2b318115-e3da-474e-ba95-8f677635354a,23d08ffd-c8b1-47cf-81ef-9aaefd7cb25c
2b318115-e3da-474e-ba95-8f677635354a,2433c1ce-a106-46d8-9e55-d39048f181be
2b318115-e3da-474e-ba95-8f677635354a,2b8f045a-991f-41ea-a9aa-7fe7fa2cb284
2b318115-e3da-474e-ba95-8f677635354a,35aba451-11e8-41a5-8d59-793fbe95ab16
2b318115-e3da-474e-ba95-8f677635354a,379836fb-418b-4a84-9855-df663fa70287
2b318115-e3da-474e-ba95-8f677635354a,3bed11f7-8078-4bc0-9f0b-fb63ad36eb52
2b318115-e3da-474e-ba95-8f677635354a,491a77ba-c137-4b09-8f77-5025b51f6f49
2b318115-e3da-474e-ba95-8f677635354a,5b91900e-7aa6-4d72-8ece-ca17974806c9
2b318115-e3da-474e-ba95-8f677635354a,9b905870-ca93-4abc-99d9-9c597c7995b4
2b318115-e3da-474e-ba95-8f677635354a,9e9b6c9e-eec7-4b2b-9cde-c422906d75de
2b318115-e3da-474e-ba95-8f677635354a,9f8b8b69-06d9-45e1-ba81-c82b0b9684ad
2b318115-e3da-474e-ba95-8f677635354a,b238f7cd-e61e-4185-9eac-16dd198925cc
2b318115-e3da-474e-ba95-8f677635354a,d22b34dc-3699-45f4-aec6-a2b6eae08b1e
2b318115-e3da-474e-ba95-8f677635354a,db892084-d011-451f-88c1-5739a91b4a4a
2b318115-e3da-474e-ba95-8f677635354a,df6d053b-bc97-4606-8416-9c76dd3380c4
2b4f06b9-bd2d-4caf-8196-9d46eb07043f,24a8570d-7050-4cfe-ae20-23782ddce3af
2b68ae6a-ff84-4f64-8169-4c240dfb1aad,d92c0843-882b-4d03-9cce-5d4066af012d
2c19b34f-f941-4acd-bc42-1209123b92ab,62abd51a-8cb6-4ddc-a7e6-36b8cd372fa6
2c86d49b-40eb-4007-935e-4d083442f83e,3bc597e6-6255-479a-950d-a517fabe18a4
2cea1c20-7a87-478b-8dc1-d94a227c147d,576e9334-2999-40f3-adab-654e479687e7
2d125381-b8a8-43b0-8f48-1ed343e6fcb3,983f93b2-7c6f-403a-8160-b3f44f600058
2d40216f-7f0e-4c8a-b3dd-65fae6dfae41,0729681f-b9a4-4f1e-853f-b1d2d1f98a54
2d4f0a3b-a8ff-4843-80b4-19f64a9a1097,e4aae1be-4688-4e12-a10c-689942ea2549
2dcf720f-b7d9-427e-bbb8-16a69b6107e2,43d37c45-173b-498b-a559-f6d366d5b683
2dd954dd-7e9f-4f32-8690-0482206c260f,43d37c45-173b-498b-a559-f6d366d5b683
2de54d1f-74ff-49b4-be46-774e209edb8b,82f6531f-14c0-442a-ba64-1c427193123a
2df7ad51-4ea4-4a03-a0f0-0be3241d5d6e,e55015a5-7dab-40e0-bc58-89793e204e2b
2dfa0e1a-8fdf-4271-9059-4a87bbe11bd5,829ceb34-77f2-4418-a875-a85c9b61d04e
2e31a6f8-f6df-4e1f-b3d9-09a49f0e3972,8cb560d6-6667-43f8-8d99-1f8d4c61e306
2eadf387-3126-40d0-8792-6974f0064783,d92c0843-882b-4d03-9cce-5d4066af012d
2eb96c38-81ee-4a1e-9cde-b1021fa6adab,e31cfb1a-7bdb-41f8-aad1-4bf16105f7c9
2ec6899b-c105-4150-add3-13669f7597b4,1991e91f-47dc-4258-b20f-83025cdf2ad7
2ec6899b-c105-4150-add3-13669f7597b4,417acd7b-5a04-4c1e-bef8-c67bca94e5c0
2ed344e6-1ab3-4db0-a059-6cfabe79eeeb,983f93b2-7c6f-403a-8160-b3f44f600058
2ee6aca0-dd0d-4c10-b80d-d0cef59c4d15,9e5e9111-06ee-46a0-be70-f276435cdfcd
2ee7ea11-57bf-4a67-8feb-dd2e315cd9bd,e4aae1be-4688-4e12-a10c-689942ea2549
2ef950b0-e83d-4e05-b30f-b2b80a558556,b8a65c48-e8d5-4b02-969a-c9c8484713e1
2f2f9643-4573-418e-a6f0-acaed1a81965,0729681f-b9a4-4f1e-853f-b1d2d1f98a54
2f4ba431-9cb6-4a68-966f-38bdba015420,457f041a-58af-45db-8e50-724943c1f2f0
2fc203c3-7d98-4d0c-9c08-6d1b3b759342,a0511dc9-79e4-49d0-9c4e-e6fa7cf048ac
2fe26543-2644-47f6-89d5-a7d14dcdfca3,d373a6c3-0949-4c8d-bff0-0bec129949cb
2fe60080-69e9-491c-aaa0-a7fcaf8a9863,43e0d7d2-9e6c-414a-ae70-55cad3ae5c1c
3078c2bc-e632-44a6-8e7f-6091b756b448,e4aae1be-4688-4e12-a10c-689942ea2549
30942ef6-cb6a-48bd-b80b-86d1de58ceaf,caf77995-339c-45d7-a047-54939a30139f
30a6709e-75be-49a2-bc4a-1bd4da9ae4b8,647746ed-dbc5-45c3-80c9-308699cb7e0a
30de51e5-554d-4ed0-a728-fde3b47c6cdb,576e9334-2999-40f3-adab-654e479687e7
31035da4-568a-4ba2-9dc8-0654fc10f958,44ff6e3b-62ef-4938-bd15-009a21682279
31035da4-568a-4ba2-9dc8-0654fc10f958,8cb560d6-6667-43f8-8d99-1f8d4c61e306
31072952-903d-43c0-bb52-7f4b663eb731,647746ed-dbc5-45c3-80c9-308699cb7e0a
3196ba89-fb81-439c-9561-eb63f0082214,036101a9-55ee-4907-bb38-dd852a22f700
3196ba89-fb81-439c-9561-eb63f0082214,0e4564f4-fccb-4711-9751-41f02a57630d
3196ba89-fb81-439c-9561-eb63f0082214,0ef548cb-4f13-48df-b69a-16ff6ba002eb
3196ba89-fb81-439c-9561-eb63f0082214,12bcb9ab-22ed-48f2-8af1-1dde03c33add
3196ba89-fb81-439c-9561-eb63f0082214,1c302ee8-0f03-498c-ad14-649a0af36f1c
3196ba89-fb81-439c-9561-eb63f0082214,2440ecb1-3934-42e2-b14a-68276e486c0f
3196ba89-fb81-439c-9561-eb63f0082214,32a5d89f-53a2-4c0e-afcf-98963fe8d0b9
3196ba89-fb81-439c-9561-eb63f0082214,5a03a82f-a1bc-4682-b5e7-d51f2a5a35d4
3196ba89-fb81-439c-9561-eb63f0082214,62c661ac-1b72-4c37-af41-c93f79f76136
3196ba89-fb81-439c-9561-eb63f0082214,75f27fa0-badc-4891-8688-96873d4fe08e
3196ba89-fb81-439c-9561-eb63f0082214,7d715e2d-f1c9-4684-82a3-8b31d04a0d81
3196ba89-fb81-439c-9561-eb63f0082214,aeb90458-ac5a-4d38-bceb-40d99e6bacad
3196ba89-fb81-439c-9561-eb63f0082214,d74042dd-c843-4933-a963-d20e0bfa1f76
3196ba89-fb81-439c-9561-eb63f0082214,de162e3d-1564-47d6-b961-b239c2c8cee8
3196ba89-fb81-439c-9561-eb63f0082214,e2827b12-3ffa-4aac-b230-fb6ecc315689
3196ba89-fb81-439c-9561-eb63f0082214,e77a14b3-2a37-484e-9276-971bf6f6d489
31caea97-ecd0-48be-838e-a432c88ec468,24a8570d-7050-4cfe-ae20-23782ddce3af
31ea0435-b83a-4a76-b5ca-d4e29de6ced8,522185c9-71db-4d3a-8af2-f114f2c9ee07
32125ae3-8825-4847-b427-345cdf99468f,55c9124d-c835-4603-a84d-d6133b9caa94
323eaedc-5ace-4539-96fa-a3b1ab7ae350,03fa5be1-3ccf-4ad5-927e-58552025b591
32524e87-5a2b-4b5d-b303-0f3287f41c70,2479d03b-88a5-4196-8346-fcab230c56f8
326e10d4-b9a1-4fbc-b298-68380b79064b,2244cf69-2b5c-4650-a05d-5e27fc0732d3
32784cdf-54ab-490c-a072-1e3378410d3b,171b2457-3f69-4812-a061-5644c12f1ec8
32e19347-08f2-4ed2-9c56-95843ae91a17,859a6d71-40d0-49e4-abd1-7d4276bc79ff
32ec0f31-a0bd-4370-8dbc-79a320101968,3aa81966-f32d-4c89-8921-ad54b9778237
32f04a20-0534-4347-8260-f129349e44f4,51704133-414a-460b-9a4b-b86d00fff2bb
32f87723-9370-4345-9cd5-a562ffbe3017,9603fa20-90ec-4de8-98eb-e83ff72e0a3c
3317c987-d474-41d1-af8f-b888bbe25fb9,7a543a7f-c721-4f16-a458-f4c2e7f33fe8
33197b93-9c8c-4db8-817b-e71ac03ba3ca,767542c0-b6ad-4890-9c39-6758288ad28d
33468f98-f1f3-471e-8ce8-906d2f915ffd,2244cf69-2b5c-4650-a05d-5e27fc0732d3
3365976d-e537-4884-a8da-483b00d2535e,68f176eb-cf22-4ac0-98ef-b25b50908421
3366b638-3b3d-4847-ba16-2178c66535fd,23d08ffd-c8b1-47cf-81ef-9aaefd7cb25c
3366b638-3b3d-4847-ba16-2178c66535fd,2b8f045a-991f-41ea-a9aa-7fe7fa2cb284
3366b638-3b3d-4847-ba16-2178c66535fd,35aba451-11e8-41a5-8d59-793fbe95ab16
3366b638-3b3d-4847-ba16-2178c66535fd,3bed11f7-8078-4bc0-9f0b-fb63ad36eb52
3366b638-3b3d-4847-ba16-2178c66535fd,491a77ba-c137-4b09-8f77-5025b51f6f49
3366b638-3b3d-4847-ba16-2178c66535fd,5b91900e-7aa6-4d72-8ece-ca17974806c9
3366b638-3b3d-4847-ba16-2178c66535fd,9b905870-ca93-4abc-99d9-9c597c7995b4
3366b638-3b3d-4847-ba16-2178c66535fd,9e9b6c9e-eec7-4b2b-9cde-c422906d75de
3366b638-3b3d-4847-ba16-2178c66535fd,b238f7cd-e61e-4185-9eac-16dd198925cc
3366b638-3b3d-4847-ba16-2178c66535fd,df6d053b-bc97-4606-8416-9c76dd3380c4
3385b530-3781-4f12-b77d-920f0882e2ab,f12ffb5a-c385-4e8e-bcfd-15d5d12cf176
339219b0-3470-4430-934d-e2fada20194f,7e38030b-645d-4eec-a8b6-5caf7ff0f4f7
33b198b5-99b0-4791-8bdc-cd686b27dea5,7a543a7f-c721-4f16-a458-f4c2e7f33fe8
33c46d22-5399-4007-ab1e-c372097758cd,62376c3d-0434-44f4-9e7a-59f47fcdf3e5
33fd21f9-1b92-4ea0-badf-442e53c3d135,7191ddc3-51fa-49f7-ad54-90ad8b762894
34331167-e12b-4534-b984-4c285dd854cc,983f93b2-7c6f-403a-8160-b3f44f600058
34466bb4-56bb-4792-85cb-4aafb0a4e1a2,767542c0-b6ad-4890-9c39-6758288ad28d
34632c94-cf9a-41f7-b909-38e256715ce0,62abd51a-8cb6-4ddc-a7e6-36b8cd372fa6
349bf6d6-58aa-4456-b1fb-5586979c01b8,215e20fc-eb6e-4b2b-a156-358b09e8d6e5
349bf6d6-58aa-4456-b1fb-5586979c01b8,231abd64-489c-4ad4-a479-25149749e46d
349bf6d6-58aa-4456-b1fb-5586979c01b8,23d08ffd-c8b1-47cf-81ef-9aaefd7cb25c
349bf6d6-58aa-4456-b1fb-5586979c01b8,2433c1ce-a106-46d8-9e55-d39048f181be
349bf6d6-58aa-4456-b1fb-5586979c01b8,2b8f045a-991f-41ea-a9aa-7fe7fa2cb284
349bf6d6-58aa-4456-b1fb-5586979c01b8,35aba451-11e8-41a5-8d59-793fbe95ab16
349bf6d6-58aa-4456-b1fb-5586979c01b8,379836fb-418b-4a84-9855-df663fa70287
349bf6d6-58aa-4456-b1fb-5586979c01b8,3bed11f7-8078-4bc0-9f0b-fb63ad36eb52
349bf6d6-58aa-4456-b1fb-5586979c01b8,491a77ba-c137-4b09-8f77-5025b51f6f49
349bf6d6-58aa-4456-b1fb-5586979c01b8,5b91900e-7aa6-4d72-8ece-ca17974806c9
349bf6d6-58aa-4456-b1fb-5586979c01b8,9b905870-ca93-4abc-99d9-9c597c7995b4
349bf6d6-58aa-4456-b1fb-5586979c01b8,9e9b6c9e-eec7-4b2b-9cde-c422906d75de
349bf6d6-58aa-4456-b1fb-5586979c01b8,9f8b8b69-06d9-45e1-ba81-c82b0b9684ad
349bf6d6-58aa-4456-b1fb-5586979c01b8,b238f7cd-e61e-4185-9eac-16dd198925cc
349bf6d6-58aa-4456-b1fb-5586979c01b8,d22b34dc-3699-45f4-aec6-a2b6eae08b1e
349bf6d6-58aa-4456-b1fb-5586979c01b8,db892084-d011-451f-88c1-5739a91b4a4a
349bf6d6-58aa-4456-b1fb-5586979c01b8,df6d053b-bc97-4606-8416-9c76dd3380c4
34c17687-6ad9-4450-8e06-e1817e0cffac,983f93b2-7c6f-403a-8160-b3f44f600058
34ea0133-57f9-46a7-b573-d2a0fe910e4a,5a8aef51-eb39-4e21-80f2-eaee1d7159e1
351a7c73-58b8-4499-ae0e-69c9f3d1c3bc,d92c0843-882b-4d03-9cce-5d4066af012d
3550fe1a-6ef7-4f5a-b9ca-9fb270bf7f1f,24a8570d-7050-4cfe-ae20-23782ddce3af
355de9a9-d449-4217-b56a-94e3a361d0cb,b8a65c48-e8d5-4b02-969a-c9c8484713e1
359d7539-bd29-46a5-8d30-c450bc77e215,417acd7b-5a04-4c1e-bef8-c67bca94e5c0
35c52878-239f-4107-be6a-3a040a74408f,9155a6e0-6fab-4fd4-8352-a2922542a8bd
35ec4fb4-0e09-447c-9166-57802d871be0,544e0f8c-c804-480f-8b4e-0a7c46d7e0e6
35ec4fb4-0e09-447c-9166-57802d871be0,55c9124d-c835-4603-a84d-d6133b9caa94
35ec4fb4-0e09-447c-9166-57802d871be0,829ceb34-77f2-4418-a875-a85c9b61d04e
361507d7-5034-4c1a-80eb-b32904ecd7c5,0e4564f4-fccb-4711-9751-41f02a57630d
361507d7-5034-4c1a-80eb-b32904ecd7c5,0ef548cb-4f13-48df-b69a-16ff6ba002eb
361507d7-5034-4c1a-80eb-b32904ecd7c5,12bcb9ab-22ed-48f2-8af1-1dde03c33add
361507d7-5034-4c1a-80eb-b32904ecd7c5,1c759347-c27f-4641-8a50-5a71784e1303
361507d7-5034-4c1a-80eb-b32904ecd7c5,2440ecb1-3934-42e2-b14a-68276e486c0f
361507d7-5034-4c1a-80eb-b32904ecd7c5,62c661ac-1b72-4c37-af41-c93f79f76136
361507d7-5034-4c1a-80eb-b32904ecd7c5,75f27fa0-badc-4891-8688-96873d4fe08e
361507d7-5034-4c1a-80eb-b32904ecd7c5,7d715e2d-f1c9-4684-82a3-8b31d04a0d81
361507d7-5034-4c1a-80eb-b32904ecd7c5,e77a14b3-2a37-484e-9276-971bf6f6d489
363a7879-5ed3-4eba-8837-d49de50d33f2,1991e91f-47dc-4258-b20f-83025cdf2ad7
3640e268-39c1-4053-90a6-55f09111c144,457f041a-58af-45db-8e50-724943c1f2f0
36c2c537-403a-4ebb-bfef-87c29cc32c83,44ff6e3b-62ef-4938-bd15-009a21682279
36cd215b-54ad-4e5b-81ea-a81a44995c5a,0222ca08-476b-445b-99bb-2be261fed6dd
36cd215b-54ad-4e5b-81ea-a81a44995c5a,0729681f-b9a4-4f1e-853f-b1d2d1f98a54
36cd215b-54ad-4e5b-81ea-a81a44995c5a,08e99c61-7a78-4756-9372-b5acb90d68cb
36cd215b-54ad-4e5b-81ea-a81a44995c5a,0afb7dbf-9bf4-42df-8d9b-c5c5823163b4
36cd215b-54ad-4e5b-81ea-a81a44995c5a,137f9927-45b8-422c-9443-69925aee9133
36cd215b-54ad-4e5b-81ea-a81a44995c5a,15fb25ef-c321-42d5-b559-52387bc62c2d
36cd215b-54ad-4e5b-81ea-a81a44995c5a,16462278-ae0c-401c-95d6-13c8479ef79a
36cd215b-54ad-4e5b-81ea-a81a44995c5a,171b2457-3f69-4812-a061-5644c12f1ec8
36cd215b-54ad-4e5b-81ea-a81a44995c5a,1d854b40-c70f-4356-aab2-582dc0eeaaa1
36cd215b-54ad-4e5b-81ea-a81a44995c5a,242f8767-d308-491d-836b-cbde4710dba0
36cd215b-54ad-4e5b-81ea-a81a44995c5a,33c9d6c8-ca52-4800-adf6-752ae5cdbcf8
36cd215b-54ad-4e5b-81ea-a81a44995c5a,3aa3c7d2-ce8e-41a7-b079-3d233a4ab913
36cd215b-54ad-4e5b-81ea-a81a44995c5a,3aa81966-f32d-4c89-8921-ad54b9778237
36cd215b-54ad-4e5b-81ea-a81a44995c5a,3bc597e6-6255-479a-950d-a517fabe18a4
36cd215b-54ad-4e5b-81ea-a81a44995c5a,4351f588-0b35-42bb-bbff-4e001ed57af2
36cd215b-54ad-4e5b-81ea-a81a44995c5a,436dcd7c-93a2-4f05-a897-ec9f70284459
36cd215b-54ad-4e5b-81ea-a81a44995c5a,45b822a3-6034-403d-89a1-61e13c9a0438
36cd215b-54ad-4e5b-81ea-a81a44995c5a,482b3f73-f2e8-4120-910e-611629bedc66
36cd215b-54ad-4e5b-81ea-a81a44995c5a,4b557e16-e4ad-4e51-8086-d3148de3058a
36cd215b-54ad-4e5b-81ea-a81a44995c5a,5169fd73-6a48-495c-a26a-845ab9925ffc
36cd215b-54ad-4e5b-81ea-a81a44995c5a,576e9334-2999-40f3-adab-654e479687e7
36cd215b-54ad-4e5b-81ea-a81a44995c5a,5c2fb3e1-571c-415a-bba4-2646565bd61b
36cd215b-54ad-4e5b-81ea-a81a44995c5a,5e62fa46-4d65-4bb6-a97f-9dd567c9585f
36cd215b-54ad-4e5b-81ea-a81a44995c5a,678a7e7b-eb3b-4edb-b936-7ff752539b4f
36cd215b-54ad-4e5b-81ea-a81a44995c5a,74346f09-730b-4628-b407-bb0606c9b3ed
36cd215b-54ad-4e5b-81ea-a81a44995c5a,767542c0-b6ad-4890-9c39-6758288ad28d
36cd215b-54ad-4e5b-81ea-a81a44995c5a,7fc1ed83-fdd4-496c-a27f-04a6bfb8388c
36cd215b-54ad-4e5b-81ea-a81a44995c5a,829f029a-6269-428e-b86e-d732af830b7a
36cd215b-54ad-4e5b-81ea-a81a44995c5a,859a6d71-40d0-49e4-abd1-7d4276bc79ff
36cd215b-54ad-4e5b-81ea-a81a44995c5a,89a12b8d-00fe-4e32-b1b9-d23975d69b93
36cd215b-54ad-4e5b-81ea-a81a44995c5a,92f466d7-0b8f-4bd4-bf21-bd2719200ed6
36cd215b-54ad-4e5b-81ea-a81a44995c5a,97208173-d9f7-4c75-ab1f-14dc98161990
36cd215b-54ad-4e5b-81ea-a81a44995c5a,9e5e9111-06ee-46a0-be70-f276435cdfcd
36cd215b-54ad-4e5b-81ea-a81a44995c5a,b5b59391-5603-4175-b835-984741c27c6d
36cd215b-54ad-4e5b-81ea-a81a44995c5a,c072de75-a161-4297-b90a-6ffab2e6f7b7
36cd215b-54ad-4e5b-81ea-a81a44995c5a,caf77995-339c-45d7-a047-54939a30139f
36cd215b-54ad-4e5b-81ea-a81a44995c5a,d22cb3fc-37c4-4abc-a71f-17b8c97180a9
36cd215b-54ad-4e5b-81ea-a81a44995c5a,d4b6fd7f-f369-4109-878f-31521ce1add3
36cd215b-54ad-4e5b-81ea-a81a44995c5a,d8891972-86f2-4b09-a8e2-36e914bb2739
36cd215b-54ad-4e5b-81ea-a81a44995c5a,e6972467-8d2c-4957-b840-669fe6451292
36cd215b-54ad-4e5b-81ea-a81a44995c5a,eef09911-e118-444b-8f72-b72aac7ddf5d
36cd215b-54ad-4e5b-81ea-a81a44995c5a,f348d2be-eb89-477d-9f6e-86af32e64804
36cd215b-54ad-4e5b-81ea-a81a44995c5a,f52ba493-4181-45a2-baa2-111b61078623
36cd215b-54ad-4e5b-81ea-a81a44995c5a,f5995c6d-fcaa-4fef-be11-b11d4b42d7a0
36cd215b-54ad-4e5b-81ea-a81a44995c5a,f920120b-959a-47ab-940a-b415695d11c0
36cd215b-54ad-4e5b-81ea-a81a44995c5a,f9663452-790b-45af-96fc-a9d248a0a7e1
36cd215b-54ad-4e5b-81ea-a81a44995c5a,fa02d679-4b62-41cd-b820-af795d16efe8
36e388c1-1117-4a43-acf5-e1be780ff35d,417acd7b-5a04-4c1e-bef8-c67bca94e5c0
36ee1a03-fe44-45ab-8cb2-de474e4817d3,43d37c45-173b-498b-a559-f6d366d5b683
371084aa-3e72-4116-b545-62d5aadbb9a2,7a543a7f-c721-4f16-a458-f4c2e7f33fe8
373ce4e5-e717-46f0-a69f-abf88dbe2bd4,7a543a7f-c721-4f16-a458-f4c2e7f33fe8
379d4220-6357-4b74-89ce-dc26f6fa4da9,0c6ae99d-b423-4ed2-9ebe-cdecf7aaf1e0
379d4220-6357-4b74-89ce-dc26f6fa4da9,51704133-414a-460b-9a4b-b86d00fff2bb
379d4220-6357-4b74-89ce-dc26f6fa4da9,522185c9-71db-4d3a-8af2-f114f2c9ee07
379d4220-6357-4b74-89ce-dc26f6fa4da9,72ed4ea5-1cd4-4b82-8f32-36dedd47b844
379d4220-6357-4b74-89ce-dc26f6fa4da9,82f6531f-14c0-442a-ba64-1c427193123a
379d4220-6357-4b74-89ce-dc26f6fa4da9,d2c771fc-3002-4080-b8a5-0262a6f0f8d6
379d4220-6357-4b74-89ce-dc26f6fa4da9,e4aae1be-4688-4e12-a10c-689942ea2549
38335e57-87b1-432d-b92e-0188de0fabf7,24a8570d-7050-4cfe-ae20-23782ddce3af
38379ac6-8409-46ff-a4c9-9d8f0b6fa476,9603fa20-90ec-4de8-98eb-e83ff72e0a3c
3844b378-5f71-4552-9279-ebae9b933ddf,82f6531f-14c0-442a-ba64-1c427193123a
3856b4bf-7138-4295-a25b-3dda7493b244,3bc597e6-6255-479a-950d-a517fabe18a4
38614e13-bb78-4c41-a9a6-a0dc404b8584,62abd51a-8cb6-4ddc-a7e6-36b8cd372fa6
388da14f-4d68-49fc-8701-0630fc966743,43d37c45-173b-498b-a559-f6d366d5b683
38b783d6-80c9-40aa-afd3-1432689d63ac,55c9124d-c835-4603-a84d-d6133b9caa94
38bab8e0-c45b-4480-a47c-bbdd80d48d20,0afb7dbf-9bf4-42df-8d9b-c5c5823163b4
390de7af-5e50-4b05-bac5-a1a9204868a8,62376c3d-0434-44f4-9e7a-59f47fcdf3e5
3939a057-370c-471f-be9d-c05e9afe5743,544e0f8c-c804-480f-8b4e-0a7c46d7e0e6
3939a057-370c-471f-be9d-c05e9afe5743,55c9124d-c835-4603-a84d-d6133b9caa94
3939a057-370c-471f-be9d-c05e9afe5743,647746ed-dbc5-45c3-80c9-308699cb7e0a
3939a057-370c-471f-be9d-c05e9afe5743,829ceb34-77f2-4418-a875-a85c9b61d04e
3939a057-370c-471f-be9d-c05e9afe5743,a0511dc9-79e4-49d0-9c4e-e6fa7cf048ac
3939a057-370c-471f-be9d-c05e9afe5743,d373a6c3-0949-4c8d-bff0-0bec129949cb
39618663-7dfd-48aa-b71e-3c373e679bec,457f041a-58af-45db-8e50-724943c1f2f0
39a7298e-188b-4d48-90d9-be7565342882,43d37c45-173b-498b-a559-f6d366d5b683
39b4776e-3917-45de-b62f-17f810f312ec,457f041a-58af-45db-8e50-724943c1f2f0
39f3b3a4-c6e3-4955-81f3-a846c4e23db1,75f27fa0-badc-4891-8688-96873d4fe08e
39f80779-76b1-46df-9fcc-97f482e087b9,82f6531f-14c0-442a-ba64-1c427193123a
39fb0b42-9967-4251-bafa-efe36d89993d,b8a65c48-e8d5-4b02-969a-c9c8484713e1
3a0eb8b6-f56b-4015-8946-f69c23d91a3a,647746ed-dbc5-45c3-80c9-308699cb7e0a
3a156112-d3a0-4755-bfc2-b4e67ed71ed1,7a543a7f-c721-4f16-a458-f4c2e7f33fe8
3a53ad6c-3f98-4bf7-9a25-fe4c30367cad,8cb560d6-6667-43f8-8d99-1f8d4c61e306
3a586a60-7dde-4cf5-82c4-36d0f8a636e4,0c6ae99d-b423-4ed2-9ebe-cdecf7aaf1e0
3a758f1a-6986-4c56-8c34-cd6be34293ff,43d37c45-173b-498b-a559-f6d366d5b683
3a8e3ba9-adf1-437b-9d44-970694083cde,24a8570d-7050-4cfe-ae20-23782ddce3af
3a9b0ab9-0b0c-43a3-8690-1ea632cbf76c,66fb62bd-dc7e-487a-91c8-2aac5313f04c
3abdc586-8ad6-4f8a-b656-8cc3c56e9888,55c9124d-c835-4603-a84d-d6133b9caa94
3ac7a31f-a095-414c-897f-98e53348c349,0afb7dbf-9bf4-42df-8d9b-c5c5823163b4
3aeb90ca-0a62-427d-a836-b9632e6b7c48,2244cf69-2b5c-4650-a05d-5e27fc0732d3
3af108df-bda6-4944-9495-2cab2cadee5d,576e9334-2999-40f3-adab-654e479687e7
3afdec43-b8d6-417d-8a46-43c662b34e1f,0c6ae99d-b423-4ed2-9ebe-cdecf7aaf1e0
3afdec43-b8d6-417d-8a46-43c662b34e1f,51704133-414a-460b-9a4b-b86d00fff2bb
3afdec43-b8d6-417d-8a46-43c662b34e1f,522185c9-71db-4d3a-8af2-f114f2c9ee07
3afdec43-b8d6-417d-8a46-43c662b34e1f,72ed4ea5-1cd4-4b82-8f32-36dedd47b844
3afdec43-b8d6-417d-8a46-43c662b34e1f,82f6531f-14c0-442a-ba64-1c427193123a
3afdec43-b8d6-417d-8a46-43c662b34e1f,d2c771fc-3002-4080-b8a5-0262a6f0f8d6
3afdec43-b8d6-417d-8a46-43c662b34e1f,e4aae1be-4688-4e12-a10c-689942ea2549
3b243e57-546a-46b2-bfb7-5b49e5ae35e3,767542c0-b6ad-4890-9c39-6758288ad28d
3b456cf0-62d8-46cd-851f-4e77340a7dc2,b8a65c48-e8d5-4b02-969a-c9c8484713e1
3b6e8d99-eb58-4db4-a627-3574050f79c5,678a7e7b-eb3b-4edb-b936-7ff752539b4f
3b79e612-32c9-4496-bd40-e68ce3acca05,62abd51a-8cb6-4ddc-a7e6-36b8cd372fa6
3bd9461c-1cae-4ad9-bfa4-5191a9356911,647746ed-dbc5-45c3-80c9-308699cb7e0a
3bfeeed4-0082-496e-9520-63526bbc4417,45b822a3-6034-403d-89a1-61e13c9a0438
3c15cd4d-1a8e-466c-a00d-96cdb5a742d7,9155a6e0-6fab-4fd4-8352-a2922542a8bd
3c16a3ab-4aca-4ec5-9efb-f69e166dd137,55c9124d-c835-4603-a84d-d6133b9caa94
3c391a5d-1543-4e4f-a944-398adcff08c1,43d37c45-173b-498b-a559-f6d366d5b683
3c689eec-c81b-4b24-9ed0-3e2b26203ed0,8cb560d6-6667-43f8-8d99-1f8d4c61e306
3c9b5aa6-6031-44a9-a884-a4a9d50667a9,785bb530-e7d9-4aaf-9fb2-228301957de9
3ca8c4c5-2705-409f-8771-f521adb4c602,7a543a7f-c721-4f16-a458-f4c2e7f33fe8
3cb1006d-af89-40b4-9ee7-19df9be39255,43d37c45-173b-498b-a559-f6d366d5b683
3cb77090-7e65-47f7-b80f-652a9aacbcbf,72ed4ea5-1cd4-4b82-8f32-36dedd47b844
3cfa5566-12a4-4076-8c23-085199058e7b,4a8d1c27-63c7-4495-b5ff-d8ddccc55b46
3cfc4f67-5d5b-4e2e-a943-f9f360fba2d9,b8a65c48-e8d5-4b02-969a-c9c8484713e1
3d01d603-be8c-491b-974d-bcf5b57462ad,d91b99fa-c786-42d4-b6a7-57a18f99c3eb
3d03c4b8-5ecf-4497-99b3-38812904d173,215e20fc-eb6e-4b2b-a156-358b09e8d6e5
3d03c4b8-5ecf-4497-99b3-38812904d173,231abd64-489c-4ad4-a479-25149749e46d
3d03c4b8-5ecf-4497-99b3-38812904d173,379836fb-418b-4a84-9855-df663fa70287
3d03c4b8-5ecf-4497-99b3-38812904d173,9f8b8b69-06d9-45e1-ba81-c82b0b9684ad
3d03c4b8-5ecf-4497-99b3-38812904d173,d22b34dc-3699-45f4-aec6-a2b6eae08b1e
3d03c4b8-5ecf-4497-99b3-38812904d173,db892084-d011-451f-88c1-5739a91b4a4a
3d68e928-8593-41d7-b362-f12d1e3c55bd,a222f6fd-c6be-4885-b81d-3ab02020cd56
3dfc4420-fabd-4158-b7ba-dfc988cc6612,983f93b2-7c6f-403a-8160-b3f44f600058
3dff4b6f-744b-48d3-831b-f55146741db6,44ff6e3b-62ef-4938-bd15-009a21682279
3e2b57e4-b899-455d-81c7-b94d74b46ca4,3aa3c7d2-ce8e-41a7-b079-3d233a4ab913
3e445ca8-37ca-432c-a284-b62456e73884,82f6531f-14c0-442a-ba64-1c427193123a
3e8082e9-1167-47f0-b16e-68907cbb782c,a222f6fd-c6be-4885-b81d-3ab02020cd56
3ed901cc-93fb-4b3e-a1f9-f4723e490977,228424dd-7eb4-4587-92a3-9d435b32ffba
3edb0d19-8f6a-4e3e-bede-d2a92f72568d,43d37c45-173b-498b-a559-f6d366d5b683
3ee6cdaf-8802-4faf-aa9b-bffe023bc964,1037fc7e-fe56-4871-8f45-1cab6ba06720
3ee6cdaf-8802-4faf-aa9b-bffe023bc964,19b56755-d573-4984-b72e-bd303880f51c
3ee6cdaf-8802-4faf-aa9b-bffe023bc964,228424dd-7eb4-4587-92a3-9d435b32ffba
3ee6cdaf-8802-4faf-aa9b-bffe023bc964,25fd8fbe-b824-41d7-b2f9-4e7212cee07e
3ee6cdaf-8802-4faf-aa9b-bffe023bc964,2c7b0747-d654-4d09-958b-8d4d94ed20d2
3ee6cdaf-8802-4faf-aa9b-bffe023bc964,532b3c08-2391-45ab-b55d-db0d484f7be9
3ee6cdaf-8802-4faf-aa9b-bffe023bc964,53c635e2-6ad5-4a40-89d2-a84c720705ea
3ee6cdaf-8802-4faf-aa9b-bffe023bc964,65f02524-c997-4c43-812f-0f8a9e721eed
3ee6cdaf-8802-4faf-aa9b-bffe023bc964,744d9599-5453-4dca-b19e-1ff5eebced9e
3ee6cdaf-8802-4faf-aa9b-bffe023bc964,785bb530-e7d9-4aaf-9fb2-228301957de9
3ee6cdaf-8802-4faf-aa9b-bffe023bc964,87f5bed3-95dc-4e46-b9ce-48b7e3d4d49c
3ee6cdaf-8802-4faf-aa9b-bffe023bc964,cca6be03-c36f-4e5a-b460-d7f68ea789b5
3f0d91a3-73ce-4fbb-bb57-edf20dc2153d,55c9124d-c835-4603-a84d-d6133b9caa94
3f2bcce9-6d18-46aa-a0e9-b58ecbd22a97,24a8570d-7050-4cfe-ae20-23782ddce3af
3fa5a1c2-321a-4890-bf24-9ec4c3b43859,22b77ce5-a36d-4c5d-bcb3-165449fa4578
3fa5a1c2-321a-4890-bf24-9ec4c3b43859,534dd36b-003c-4743-b5ac-fb025088c1f0
3fa5a1c2-321a-4890-bf24-9ec4c3b43859,63ca510e-1d42-43ad-b903-511d02ddb5ca
3fa5a1c2-321a-4890-bf24-9ec4c3b43859,9601d7c2-8340-450e-b0c5-86d1793b1b15
3fc9d089-cf68-40ae-b238-d9d81c156eb9,2479d03b-88a5-4196-8346-fcab230c56f8
3ff455b2-538a-4422-9272-1471352812dc,983f93b2-7c6f-403a-8160-b3f44f600058
40301d5e-748c-4c7e-9579-7c29d6cf5fc0,a222f6fd-c6be-4885-b81d-3ab02020cd56
4056b1df-56f1-4f40-a368-a744833b12e1,081fc4f5-6b89-4c39-9727-de1e95ce6615
407174a6-875b-4cfd-8353-08c03e2fd55b,44ff6e3b-62ef-4938-bd15-009a21682279
407dee35-c147-416a-8244-90856753102f,d92c0843-882b-4d03-9cce-5d4066af012d
40cef8a7-fe50-40bc-9d63-b80877e1a599,0729681f-b9a4-4f1e-853f-b1d2d1f98a54
40f8ae40-c1c0-4ea9-8bc9-24a9ffdd4859,b8a65c48-e8d5-4b02-969a-c9c8484713e1
412fa87c-f81a-4761-bd5d-1d4b6c981a61,43d37c45-173b-498b-a559-f6d366d5b683
4164dd7e-dd70-41db-bcf1-8aef20152d65,43d37c45-173b-498b-a559-f6d366d5b683
416d755a-15cf-4fb4-a527-e2b6611516c1,5a8aef51-eb39-4e21-80f2-eaee1d7159e1
4178b0a8-59e5-4d01-96ac-4a825c4c3a8c,4a8d1c27-63c7-4495-b5ff-d8ddccc55b46
418191b2-a231-4860-a174-bb18d09d3872,544e0f8c-c804-480f-8b4e-0a7c46d7e0e6
418191b2-a231-4860-a174-bb18d09d3872,55c9124d-c835-4603-a84d-d6133b9caa94
418191b2-a231-4860-a174-bb18d09d3872,829ceb34-77f2-4418-a875-a85c9b61d04e
418cdc9b-4688-41b0-919d-adcc80bd3c42,4a8d1c27-63c7-4495-b5ff-d8ddccc55b46
41a867c1-33a4-4f4f-a3f9-e3c6e44f6f69,829ceb34-77f2-4418-a875-a85c9b61d04e
41b22632-cffd-4ef9-a8c8-c2128730f34e,544e0f8c-c804-480f-8b4e-0a7c46d7e0e6
41b22632-cffd-4ef9-a8c8-c2128730f34e,55c9124d-c835-4603-a84d-d6133b9caa94
41b22632-cffd-4ef9-a8c8-c2128730f34e,829ceb34-77f2-4418-a875-a85c9b61d04e
41c9896d-057c-480d-bb33-ea3ba046df94,db892084-d011-451f-88c1-5739a91b4a4a
41e7b14c-6858-445b-8823-41ad70a2dce4,171b2457-3f69-4812-a061-5644c12f1ec8
42002e5d-3b07-4c5c-97f0-e8625159aa32,7a543a7f-c721-4f16-a458-f4c2e7f33fe8
4221a4f6-016b-4331-8e7a-3dc4bc4f4a1c,0c6ae99d-b423-4ed2-9ebe-cdecf7aaf1e0
4239fd27-131b-49a4-a937-af7006705d6f,f52192a5-0a4f-40d7-a302-2ab84e0ec27d
425c7ce1-2025-4d40-9f94-a5b7228ac991,137f9927-45b8-422c-9443-69925aee9133
4261a7b4-5679-407b-886c-84673d7b8fcf,79f53aad-0600-4516-a93f-46e5faef1494
4289f4e1-865f-444b-a4de-0981cc44070a,a222f6fd-c6be-4885-b81d-3ab02020cd56
42a91b1f-3e4d-441b-ab57-04f3289af5b3,4cb8aeac-e4d2-41c8-8985-6e983aec9b46
42f34bc9-b04a-4695-9084-11179ce387c6,983f93b2-7c6f-403a-8160-b3f44f600058
43169ac5-9a00-4991-8caa-70261696428b,8cb560d6-6667-43f8-8d99-1f8d4c61e306
431afbab-d303-4db4-9e86-f5c5adbe12d7,5a8aef51-eb39-4e21-80f2-eaee1d7159e1
4350ea89-0cc5-42c1-ba48-768cc27247cc,859a6d71-40d0-49e4-abd1-7d4276bc79ff
438ed121-216d-4508-a886-d3d9477f0b74,a222f6fd-c6be-4885-b81d-3ab02020cd56
438f4398-6949-4f0a-9158-0eb4d6164faf,544e0f8c-c804-480f-8b4e-0a7c46d7e0e6
438f4398-6949-4f0a-9158-0eb4d6164faf,55c9124d-c835-4603-a84d-d6133b9caa94
438f4398-6949-4f0a-9158-0eb4d6164faf,829ceb34-77f2-4418-a875-a85c9b61d04e
43a75d4b-9ba7-4194-9900-ad1eef84a848,e55015a5-7dab-40e0-bc58-89793e204e2b
43bba6b3-5ad3-4801-8d65-44be2a59415b,7e38030b-645d-4eec-a8b6-5caf7ff0f4f7
43d6fd9e-6abd-4920-a812-6834353f2a27,417acd7b-5a04-4c1e-bef8-c67bca94e5c0
44302f0a-240d-4071-8cee-014c07a4705c,5a8aef51-eb39-4e21-80f2-eaee1d7159e1
444b3df8-ebda-44d1-8372-ee4f91850011,62abd51a-8cb6-4ddc-a7e6-36b8cd372fa6
4490b0a9-4c9f-47ae-8880-01c25a6159d6,859a6d71-40d0-49e4-abd1-7d4276bc79ff
4493e706-990a-4e21-b245-e67fd7feb344,0c6ae99d-b423-4ed2-9ebe-cdecf7aaf1e0
44a2e27d-ee47-414b-974e-e59ad35a739a,b8a65c48-e8d5-4b02-969a-c9c8484713e1
44a6e085-2053-4786-be51-bfc523831ed9,23d08ffd-c8b1-47cf-81ef-9aaefd7cb25c
44a6e085-2053-4786-be51-bfc523831ed9,379836fb-418b-4a84-9855-df663fa70287
44a6e085-2053-4786-be51-bfc523831ed9,b238f7cd-e61e-4185-9eac-16dd198925cc
44bdd0b1-8d01-4dcc-a628-d29e2d4cb2ef,32a5d89f-53a2-4c0e-afcf-98963fe8d0b9
44bdd0b1-8d01-4dcc-a628-d29e2d4cb2ef,5a03a82f-a1bc-4682-b5e7-d51f2a5a35d4
44bdd0b1-8d01-4dcc-a628-d29e2d4cb2ef,d74042dd-c843-4933-a963-d20e0bfa1f76
44bdd0b1-8d01-4dcc-a628-d29e2d4cb2ef,e2827b12-3ffa-4aac-b230-fb6ecc315689
4521863e-8ace-4cef-8a7d-9269493daa86,522185c9-71db-4d3a-8af2-f114f2c9ee07
457b441d-fb1b-49a4-bc24-1c1a0d643efc,62376c3d-0434-44f4-9e7a-59f47fcdf3e5
4584843a-99a7-4006-bcaf-624746658050,d373a6c3-0949-4c8d-bff0-0bec129949cb
45bcc426-2660-4013-9a24-4d61ae531ad2,3bc597e6-6255-479a-950d-a517fabe18a4
45f779d8-d29b-42ec-97b5-5f9ca0b6bc63,0afb7dbf-9bf4-42df-8d9b-c5c5823163b4
460b6d6b-09b0-4d76-826d-b69b1ecf0344,544e0f8c-c804-480f-8b4e-0a7c46d7e0e6
460b6d6b-09b0-4d76-826d-b69b1ecf0344,55c9124d-c835-4603-a84d-d6133b9caa94
460b6d6b-09b0-4d76-826d-b69b1ecf0344,829ceb34-77f2-4418-a875-a85c9b61d04e
462af531-43ff-4a14-a6ce-b8451564b709,4cb8aeac-e4d2-41c8-8985-6e983aec9b46
462af531-43ff-4a14-a6ce-b8451564b709,62376c3d-0434-44f4-9e7a-59f47fcdf3e5
462cfe55-f472-463e-aa38-4ea94bf8d144,d91b99fa-c786-42d4-b6a7-57a18f99c3eb
462d155c-c869-431f-9617-f288c68ac0cb,43d37c45-173b-498b-a559-f6d366d5b683
463ed04e-1ae1-46c3-9cbe-2fcea993fab3,22f024bd-1b76-4d8b-9287-324ef29f5d48
471b4187-1c30-479e-a669-0dbd2a44677d,5a8aef51-eb39-4e21-80f2-eaee1d7159e1
47406099-f5f6-4c7d-81f5-79b8ad7a6bb0,5c2fb3e1-571c-415a-bba4-2646565bd61b
475d8b4a-080f-4743-bf54-e98630474b59,4cb8aeac-e4d2-41c8-8985-6e983aec9b46
476fe888-6a96-4a70-bd72-72585622a2c1,03fa5be1-3ccf-4ad5-927e-58552025b591
478c4965-ee69-4b24-850a-67965336d700,72ed4ea5-1cd4-4b82-8f32-36dedd47b844
47ba098d-1301-4d3d-86a2-68f6ad164708,544e0f8c-c804-480f-8b4e-0a7c46d7e0e6
47ba098d-1301-4d3d-86a2-68f6ad164708,55c9124d-c835-4603-a84d-d6133b9caa94
47ba098d-1301-4d3d-86a2-68f6ad164708,647746ed-dbc5-45c3-80c9-308699cb7e0a
47ba098d-1301-4d3d-86a2-68f6ad164708,829ceb34-77f2-4418-a875-a85c9b61d04e
47ba098d-1301-4d3d-86a2-68f6ad164708,a0511dc9-79e4-49d0-9c4e-e6fa7cf048ac
47ba098d-1301-4d3d-86a2-68f6ad164708,d373a6c3-0949-4c8d-bff0-0bec129949cb
47ba098d-1301-4d3d-86a2-68f6ad164708,e31cfb1a-7bdb-41f8-aad1-4bf16105f7c9
47faa49f-6b9b-4794-908d-5b800f00b024,647746ed-dbc5-45c3-80c9-308699cb7e0a
48167f83-b12a-4729-a3ba-ac844f917f45,72ed4ea5-1cd4-4b82-8f32-36dedd47b844
48478ae0-23d4-49f0-8048-9740f9e15464,7a543a7f-c721-4f16-a458-f4c2e7f33fe8
486cb1ee-7fb7-4ee7-a06a-245e00d9502e,e31cfb1a-7bdb-41f8-aad1-4bf16105f7c9
489af532-46e5-43f7-98d7-8d6e0d6fa795,e31cfb1a-7bdb-41f8-aad1-4bf16105f7c9
48a89719-7f52-458a-89de-b41ee52f99ae,d2c771fc-3002-4080-b8a5-0262a6f0f8d6
48f84afe-f2f9-4724-9914-49a2f37fcdfc,55c9124d-c835-4603-a84d-d6133b9caa94
48f87968-4dee-4dda-8028-8bdfa6098c0a,0ef548cb-4f13-48df-b69a-16ff6ba002eb
48f87968-4dee-4dda-8028-8bdfa6098c0a,12bcb9ab-22ed-48f2-8af1-1dde03c33add
48f87968-4dee-4dda-8028-8bdfa6098c0a,1c759347-c27f-4641-8a50-5a71784e1303
48f87968-4dee-4dda-8028-8bdfa6098c0a,2440ecb1-3934-42e2-b14a-68276e486c0f
48f87968-4dee-4dda-8028-8bdfa6098c0a,62c661ac-1b72-4c37-af41-c93f79f76136
48f87968-4dee-4dda-8028-8bdfa6098c0a,75f27fa0-badc-4891-8688-96873d4fe08e
48f87968-4dee-4dda-8028-8bdfa6098c0a,e77a14b3-2a37-484e-9276-971bf6f6d489
490eb080-1c1b-4031-aa5e-b91ceea74cf6,171b2457-3f69-4812-a061-5644c12f1ec8
4949bca3-d145-4bb1-958b-64ef959c8d9e,c71aff62-a156-4a9f-856f-ca7cc685d192
494d8d8a-7847-4efb-8796-c39b685d66b8,0729681f-b9a4-4f1e-853f-b1d2d1f98a54
49a34333-ac98-4317-962b-7b0a360e2cfe,2479d03b-88a5-4196-8346-fcab230c56f8
49a75c44-b536-406d-a2f0-7008c3c654b9,4a8d1c27-63c7-4495-b5ff-d8ddccc55b46
49c9b49b-0ae1-45ee-870c-2df17b887f96,4a8d1c27-63c7-4495-b5ff-d8ddccc55b46
49d310cd-b0e1-449b-847c-04ab4f584064,66fb62bd-dc7e-487a-91c8-2aac5313f04c
49d310cd-b0e1-449b-847c-04ab4f584064,f12ffb5a-c385-4e8e-bcfd-15d5d12cf176
49d3b2b2-cf46-458a-8f68-86166f02c0a3,0c6ae99d-b423-4ed2-9ebe-cdecf7aaf1e0
49f8fdd3-caa5-4095-9ee6-0793a355efc6,7e38030b-645d-4eec-a8b6-5caf7ff0f4f7
4a1b6e69-c395-4d88-9161-2ea818bfb830,55c9124d-c835-4603-a84d-d6133b9caa94
4a6ebf74-ab74-4ccf-bbdb-60aebbb23d20,678a7e7b-eb3b-4edb-b936-7ff752539b4f
4a77f752-3101-49cf-9d09-cd2f4c353227,b8a65c48-e8d5-4b02-969a-c9c8484713e1
4a9095aa-58a8-4beb-9c75-94054e1a7ef9,d91b99fa-c786-42d4-b6a7-57a18f99c3eb
4aacb441-b78d-41a2-8aad-198acf27079e,62376c3d-0434-44f4-9e7a-59f47fcdf3e5
4ab09b5c-30ef-4ccf-aeef-e4155c4ac87f,f12ffb5a-c385-4e8e-bcfd-15d5d12cf176
4acef315-f23a-4b89-a0e3-e74f901e320c,9155a6e0-6fab-4fd4-8352-a2922542a8bd
4ad32e34-ba5f-4a32-b4bd-c11fe1bb39cd,43d37c45-173b-498b-a559-f6d366d5b683
4affe487-7b7f-4bc1-82a9-e0b9e7ce1c42,43d37c45-173b-498b-a559-f6d366d5b683
4b0c5966-fecf-45e3-b76e-cef2260d7bd6,417acd7b-5a04-4c1e-bef8-c67bca94e5c0
4b1b6eaf-3890-4168-ab07-aaa99dddf679,a0511dc9-79e4-49d0-9c4e-e6fa7cf048ac
4b552560-d164-450a-901c-f922574da23f,62abd51a-8cb6-4ddc-a7e6-36b8cd372fa6
4b714ff2-5c6a-4979-9f0e-89c5af1e487e,0c6ae99d-b423-4ed2-9ebe-cdecf7aaf1e0
4b714ff2-5c6a-4979-9f0e-89c5af1e487e,51704133-414a-460b-9a4b-b86d00fff2bb
4b714ff2-5c6a-4979-9f0e-89c5af1e487e,522185c9-71db-4d3a-8af2-f114f2c9ee07
4b714ff2-5c6a-4979-9f0e-89c5af1e487e,72ed4ea5-1cd4-4b82-8f32-36dedd47b844
4b714ff2-5c6a-4979-9f0e-89c5af1e487e,82f6531f-14c0-442a-ba64-1c427193123a
4b714ff2-5c6a-4979-9f0e-89c5af1e487e,d2c771fc-3002-4080-b8a5-0262a6f0f8d6
4b714ff2-5c6a-4979-9f0e-89c5af1e487e,e4aae1be-4688-4e12-a10c-689942ea2549
4b7c5dd4-99e1-4748-95b4-becde9d9f089,62376c3d-0434-44f4-9e7a-59f47fcdf3e5
4ba02649-8854-44b9-9687-67220e6ff79a,0c6ae99d-b423-4ed2-9ebe-cdecf7aaf1e0
4ba02649-8854-44b9-9687-67220e6ff79a,51704133-414a-460b-9a4b-b86d00fff2bb
4ba02649-8854-44b9-9687-67220e6ff79a,522185c9-71db-4d3a-8af2-f114f2c9ee07
4ba02649-8854-44b9-9687-67220e6ff79a,72ed4ea5-1cd4-4b82-8f32-36dedd47b844
4ba02649-8854-44b9-9687-67220e6ff79a,82f6531f-14c0-442a-ba64-1c427193123a
4ba02649-8854-44b9-9687-67220e6ff79a,d2c771fc-3002-4080-b8a5-0262a6f0f8d6
4ba02649-8854-44b9-9687-67220e6ff79a,e4aae1be-4688-4e12-a10c-689942ea2549
4ba53030-deaa-4929-b622-46b8c3296a4a,0222ca08-476b-445b-99bb-2be261fed6dd
4bb66da0-c643-4fb5-86af-9300c0073e97,0c6ae99d-b423-4ed2-9ebe-cdecf7aaf1e0
4bb66da0-c643-4fb5-86af-9300c0073e97,51704133-414a-460b-9a4b-b86d00fff2bb
4bb66da0-c643-4fb5-86af-9300c0073e97,522185c9-71db-4d3a-8af2-f114f2c9ee07
4bb66da0-c643-4fb5-86af-9300c0073e97,72ed4ea5-1cd4-4b82-8f32-36dedd47b844
4bb66da0-c643-4fb5-86af-9300c0073e97,82f6531f-14c0-442a-ba64-1c427193123a
4bb66da0-c643-4fb5-86af-9300c0073e97,d2c771fc-3002-4080-b8a5-0262a6f0f8d6
4bb66da0-c643-4fb5-86af-9300c0073e97,e4aae1be-4688-4e12-a10c-689942ea2549
4bc9b87f-1eed-4070-a494-b4290e11ba4e,d92c0843-882b-4d03-9cce-5d4066af012d
4bd7ad39-f120-4a26-90e2-e11f35674a50,62abd51a-8cb6-4ddc-a7e6-36b8cd372fa6
4be4e45a-68d9-4898-a58c-11465a02d9a0,bfd9db52-f555-4005-9ed7-51998f495a6e
4be83a6d-6946-46da-afc1-41d28519e28a,25fd8fbe-b824-41d7-b2f9-4e7212cee07e
4bf9e82c-af85-4aa6-ae2e-53a5a6bc31a2,82f6531f-14c0-442a-ba64-1c427193123a
4c10e7e1-90c0-4e2d-9a18-c85df928737a,4a8d1c27-63c7-4495-b5ff-d8ddccc55b46
4c39a798-bcd3-4d78-ae45-8939491e4cab,a0511dc9-79e4-49d0-9c4e-e6fa7cf048ac
4c7bffb1-36d7-47a1-9913-042f5b25d04c,d92c0843-882b-4d03-9cce-5d4066af012d
4c934fca-583d-41f8-9e57-adcccf0f1455,62376c3d-0434-44f4-9e7a-59f47fcdf3e5
4c96d627-9d6d-43c8-8c57-f0d1a1fa005f,b8a65c48-e8d5-4b02-969a-c9c8484713e1
4d31e2a1-fe92-41a7-b665-621e611e7871,51704133-414a-460b-9a4b-b86d00fff2bb
4d74546b-8cec-4414-9ca1-254144c03295,0222ca08-476b-445b-99bb-2be261fed6dd
4d74546b-8cec-4414-9ca1-254144c03295,0729681f-b9a4-4f1e-853f-b1d2d1f98a54
4d74546b-8cec-4414-9ca1-254144c03295,08e99c61-7a78-4756-9372-b5acb90d68cb
4d74546b-8cec-4414-9ca1-254144c03295,0afb7dbf-9bf4-42df-8d9b-c5c5823163b4
4d74546b-8cec-4414-9ca1-254144c03295,137f9927-45b8-422c-9443-69925aee9133
4d74546b-8cec-4414-9ca1-254144c03295,15fb25ef-c321-42d5-b559-52387bc62c2d
4d74546b-8cec-4414-9ca1-254144c03295,16462278-ae0c-401c-95d6-13c8479ef79a
4d74546b-8cec-4414-9ca1-254144c03295,171b2457-3f69-4812-a061-5644c12f1ec8
4d74546b-8cec-4414-9ca1-254144c03295,1d854b40-c70f-4356-aab2-582dc0eeaaa1
4d74546b-8cec-4414-9ca1-254144c03295,2f6627d7-1eab-4ed1-9b7f-2c0e93de3d3e
4d74546b-8cec-4414-9ca1-254144c03295,33c9d6c8-ca52-4800-adf6-752ae5cdbcf8
4d74546b-8cec-4414-9ca1-254144c03295,3aa3c7d2-ce8e-41a7-b079-3d233a4ab913
4d74546b-8cec-4414-9ca1-254144c03295,3aa81966-f32d-4c89-8921-ad54b9778237
4d74546b-8cec-4414-9ca1-254144c03295,3bc597e6-6255-479a-950d-a517fabe18a4
4d74546b-8cec-4414-9ca1-254144c03295,4351f588-0b35-42bb-bbff-4e001ed57af2
4d74546b-8cec-4414-9ca1-254144c03295,436dcd7c-93a2-4f05-a897-ec9f70284459
4d74546b-8cec-4414-9ca1-254144c03295,45b822a3-6034-403d-89a1-61e13c9a0438
4d74546b-8cec-4414-9ca1-254144c03295,482b3f73-f2e8-4120-910e-611629bedc66
4d74546b-8cec-4414-9ca1-254144c03295,4b557e16-e4ad-4e51-8086-d3148de3058a
4d74546b-8cec-4414-9ca1-254144c03295,5169fd73-6a48-495c-a26a-845ab9925ffc
4d74546b-8cec-4414-9ca1-254144c03295,576e9334-2999-40f3-adab-654e479687e7
4d74546b-8cec-4414-9ca1-254144c03295,5c2fb3e1-571c-415a-bba4-2646565bd61b
4d74546b-8cec-4414-9ca1-254144c03295,5e62fa46-4d65-4bb6-a97f-9dd567c9585f
4d74546b-8cec-4414-9ca1-254144c03295,767542c0-b6ad-4890-9c39-6758288ad28d
4d74546b-8cec-4414-9ca1-254144c03295,829f029a-6269-428e-b86e-d732af830b7a
4d74546b-8cec-4414-9ca1-254144c03295,859a6d71-40d0-49e4-abd1-7d4276bc79ff
4d74546b-8cec-4414-9ca1-254144c03295,89a12b8d-00fe-4e32-b1b9-d23975d69b93
4d74546b-8cec-4414-9ca1-254144c03295,92f466d7-0b8f-4bd4-bf21-bd2719200ed6
4d74546b-8cec-4414-9ca1-254144c03295,97208173-d9f7-4c75-ab1f-14dc98161990
4d74546b-8cec-4414-9ca1-254144c03295,9e5e9111-06ee-46a0-be70-f276435cdfcd
4d74546b-8cec-4414-9ca1-254144c03295,b5b59391-5603-4175-b835-984741c27c6d
4d74546b-8cec-4414-9ca1-254144c03295,c072de75-a161-4297-b90a-6ffab2e6f7b7
4d74546b-8cec-4414-9ca1-254144c03295,caf77995-339c-45d7-a047-54939a30139f
4d74546b-8cec-4414-9ca1-254144c03295,d22cb3fc-37c4-4abc-a71f-17b8c97180a9
4d74546b-8cec-4414-9ca1-254144c03295,d4b6fd7f-f369-4109-878f-31521ce1add3
4d74546b-8cec-4414-9ca1-254144c03295,d5271c89-198c-4f1f-82a6-72a51a743566
4d74546b-8cec-4414-9ca1-254144c03295,d8891972-86f2-4b09-a8e2-36e914bb2739
4d74546b-8cec-4414-9ca1-254144c03295,e6972467-8d2c-4957-b840-669fe6451292
4d74546b-8cec-4414-9ca1-254144c03295,f348d2be-eb89-477d-9f6e-86af32e64804
4d74546b-8cec-4414-9ca1-254144c03295,f5995c6d-fcaa-4fef-be11-b11d4b42d7a0
4d74546b-8cec-4414-9ca1-254144c03295,f920120b-959a-47ab-940a-b415695d11c0
4d74546b-8cec-4414-9ca1-254144c03295,f9663452-790b-45af-96fc-a9d248a0a7e1
4d74546b-8cec-4414-9ca1-254144c03295,fa02d679-4b62-41cd-b820-af795d16efe8
4d89a7fa-0fce-4929-86a9-fb4ffbb78359,3aa3c7d2-ce8e-41a7-b079-3d233a4ab913
4d91d086-295e-4b67-ba02-dc785d2c036b,05ad3e6f-1119-454a-8a35-582dba10e297
4dc7934c-ff31-4a6c-a560-626bebfa0e94,457f041a-58af-45db-8e50-724943c1f2f0
4dfc0ed5-9c4e-43a5-a280-e0840acbd6fe,fa02d679-4b62-41cd-b820-af795d16efe8
4e98967e-39b9-4e71-9da1-376d3d460b36,62abd51a-8cb6-4ddc-a7e6-36b8cd372fa6
4eac3d47-41b8-4cbc-aed9-27a1a2b238db,1991e91f-47dc-4258-b20f-83025cdf2ad7
4ecbdea1-ebf1-4ec0-8c4a-e4222ed0b3aa,3aa81966-f32d-4c89-8921-ad54b9778237
4ed8e0f4-f290-45d3-a610-133576e7175e,4a8d1c27-63c7-4495-b5ff-d8ddccc55b46
4edcaaba-a876-4387-b17b-ed4f68e26ef2,983f93b2-7c6f-403a-8160-b3f44f600058
4ee9f506-ff38-4830-aa6d-6dd52c15fac3,d92c0843-882b-4d03-9cce-5d4066af012d
4f01def4-285a-4c06-b717-78d38416265d,544e0f8c-c804-480f-8b4e-0a7c46d7e0e6
4f01def4-285a-4c06-b717-78d38416265d,55c9124d-c835-4603-a84d-d6133b9caa94
4f01def4-285a-4c06-b717-78d38416265d,647746ed-dbc5-45c3-80c9-308699cb7e0a
4f01def4-285a-4c06-b717-78d38416265d,829ceb34-77f2-4418-a875-a85c9b61d04e
4f01def4-285a-4c06-b717-78d38416265d,a0511dc9-79e4-49d0-9c4e-e6fa7cf048ac
4f01def4-285a-4c06-b717-78d38416265d,d373a6c3-0949-4c8d-bff0-0bec129949cb
4f01def4-285a-4c06-b717-78d38416265d,e31cfb1a-7bdb-41f8-aad1-4bf16105f7c9
4f6fc9fb-6970-44a1-a384-5f4a0e0f7ab0,036101a9-55ee-4907-bb38-dd852a22f700
4f6fc9fb-6970-44a1-a384-5f4a0e0f7ab0,1c302ee8-0f03-498c-ad14-649a0af36f1c
4f6fc9fb-6970-44a1-a384-5f4a0e0f7ab0,aeb90458-ac5a-4d38-bceb-40d99e6bacad
4f8c7e17-714e-4e2b-83e8-489fcf3d4073,05ad3e6f-1119-454a-8a35-582dba10e297
4fb8053f-a610-4a2b-b338-1cab6535239a,0c6ae99d-b423-4ed2-9ebe-cdecf7aaf1e0
4fb8053f-a610-4a2b-b338-1cab6535239a,51704133-414a-460b-9a4b-b86d00fff2bb
4fb8053f-a610-4a2b-b338-1cab6535239a,522185c9-71db-4d3a-8af2-f114f2c9ee07
4fb8053f-a610-4a2b-b338-1cab6535239a,72ed4ea5-1cd4-4b82-8f32-36dedd47b844
4fb8053f-a610-4a2b-b338-1cab6535239a,82f6531f-14c0-442a-ba64-1c427193123a
4fb8053f-a610-4a2b-b338-1cab6535239a,d2c771fc-3002-4080-b8a5-0262a6f0f8d6
4fb8053f-a610-4a2b-b338-1cab6535239a,e4aae1be-4688-4e12-a10c-689942ea2549
4fbc7f33-2008-47d6-9ebf-cb0246a0c476,43d37c45-173b-498b-a559-f6d366d5b683
4ffe9e61-09b4-4d4c-8b0b-3f1f1e7d55e5,859a6d71-40d0-49e4-abd1-7d4276bc79ff
50044296-f53c-4c83-a909-c93038c9b978,a222f6fd-c6be-4885-b81d-3ab02020cd56
503245ed-0bbe-4070-b2a8-621b9119f766,82f6531f-14c0-442a-ba64-1c427193123a
5041239f-31a6-4186-8c2c-5a69e8d55846,55c9124d-c835-4603-a84d-d6133b9caa94
5055c03f-7ee2-4f48-8879-a9a6b40db057,55c9124d-c835-4603-a84d-d6133b9caa94
505d2caf-8558-4945-8515-d92f725b17cd,a222f6fd-c6be-4885-b81d-3ab02020cd56
50732e2b-39cf-47aa-acd1-b42bdcbc8c14,647746ed-dbc5-45c3-80c9-308699cb7e0a
5093726d-f52d-429b-9e93-5da53dbac29e,05ad3e6f-1119-454a-8a35-582dba10e297
5094007a-6da6-4ce4-b242-2d2c295c88c6,05ad3e6f-1119-454a-8a35-582dba10e297
5094007a-6da6-4ce4-b242-2d2c295c88c6,62376c3d-0434-44f4-9e7a-59f47fcdf3e5
50b7348b-ed61-4920-9bc4-4bc496faa9e0,7e38030b-645d-4eec-a8b6-5caf7ff0f4f7
514023a4-2e4a-412e-be2f-c12f995e6398,d373a6c3-0949-4c8d-bff0-0bec129949cb
514b89f4-a735-4f3e-8906-a4921d41f3fc,647746ed-dbc5-45c3-80c9-308699cb7e0a
51a2f606-2042-49bf-87c8-1ef600368d08,b8a65c48-e8d5-4b02-969a-c9c8484713e1
51c19bc2-d8f4-489d-a5d8-aecfb97e0b2a,43e0d7d2-9e6c-414a-ae70-55cad3ae5c1c
51d58f90-ac5d-465e-a9e7-81f2026edb31,c71aff62-a156-4a9f-856f-ca7cc685d192
52003c86-2d94-4262-9736-2329d8c84b71,2244cf69-2b5c-4650-a05d-5e27fc0732d3
523bb3f2-b471-4ced-850b-b61173ef8c51,05ad3e6f-1119-454a-8a35-582dba10e297
52521ee5-6ab5-4927-89cc-7aac247754d9,9155a6e0-6fab-4fd4-8352-a2922542a8bd
526e055e-8e70-4d55-8805-3e290b15999c,e4aae1be-4688-4e12-a10c-689942ea2549
5284c4a9-47f4-4110-b68d-cc9232e4a40f,9155a6e0-6fab-4fd4-8352-a2922542a8bd
53296308-43fa-41f1-ad10-bce2f1b07a91,a222f6fd-c6be-4885-b81d-3ab02020cd56
532c1267-f8d4-4f9c-9c1c-11be83325f8b,7fc1ed83-fdd4-496c-a27f-04a6bfb8388c
532e219f-22e5-40a3-9464-54db7085895f,82f6531f-14c0-442a-ba64-1c427193123a
5339a54f-7cc6-456e-8552-ee83293d6610,7e38030b-645d-4eec-a8b6-5caf7ff0f4f7
534364c1-e611-455b-aded-4f47dd874a37,a222f6fd-c6be-4885-b81d-3ab02020cd56
53504a14-23c1-430c-868f-35f86f4a4867,62abd51a-8cb6-4ddc-a7e6-36b8cd372fa6
53550e13-5ef7-40e0-b7af-5f39f33aefc7,0c6ae99d-b423-4ed2-9ebe-cdecf7aaf1e0
53550e13-5ef7-40e0-b7af-5f39f33aefc7,51704133-414a-460b-9a4b-b86d00fff2bb
53550e13-5ef7-40e0-b7af-5f39f33aefc7,522185c9-71db-4d3a-8af2-f114f2c9ee07
53550e13-5ef7-40e0-b7af-5f39f33aefc7,72ed4ea5-1cd4-4b82-8f32-36dedd47b844
53550e13-5ef7-40e0-b7af-5f39f33aefc7,82f6531f-14c0-442a-ba64-1c427193123a
53550e13-5ef7-40e0-b7af-5f39f33aefc7,d2c771fc-3002-4080-b8a5-0262a6f0f8d6
53e98d59-2c23-4503-aa25-f268ef329a4e,829ceb34-77f2-4418-a875-a85c9b61d04e
5403aba9-1c27-4e27-89e1-af9a86c962c7,66fb62bd-dc7e-487a-91c8-2aac5313f04c
543dc613-6ed4-4316-8f29-52079bd86353,417acd7b-5a04-4c1e-bef8-c67bca94e5c0
54455ba9-de9d-46c8-9454-1f8fdc60dae8,9efa54a7-b463-4ba9-bfd2-e1985ad0a07e
545aa1fa-c7c9-4526-982a-4d1329f5258f,62376c3d-0434-44f4-9e7a-59f47fcdf3e5
545fe93d-cea9-44f8-af41-a2b7b6da3b07,55c9124d-c835-4603-a84d-d6133b9caa94
54bcf370-5111-4051-91b6-efa36370829b,457f041a-58af-45db-8e50-724943c1f2f0
54e04ee4-bcbc-4383-897f-7ef6054ca044,2479d03b-88a5-4196-8346-fcab230c56f8
54f3fe8c-0a78-4197-a951-a15b5478c0d0,457f041a-58af-45db-8e50-724943c1f2f0
550b2f96-d714-47cd-814c-000e2b41d92e,d2c771fc-3002-4080-b8a5-0262a6f0f8d6
5560d02d-5aa4-4d09-940a-f9bc6360f47b,4a8d1c27-63c7-4495-b5ff-d8ddccc55b46
556c9528-43a8-4e94-99f1-11387dbfeae7,5a8aef51-eb39-4e21-80f2-eaee1d7159e1
55962747-36a3-40dc-9eae-7e8c31edfacb,544e0f8c-c804-480f-8b4e-0a7c46d7e0e6
55962747-36a3-40dc-9eae-7e8c31edfacb,55c9124d-c835-4603-a84d-d6133b9caa94
55962747-36a3-40dc-9eae-7e8c31edfacb,829ceb34-77f2-4418-a875-a85c9b61d04e
55c39ca6-bca4-4b45-8c50-ee115c96286c,e31cfb1a-7bdb-41f8-aad1-4bf16105f7c9
55cc2225-d3ee-4407-b3b8-7cd634bdc2d3,657ec233-5feb-45c9-966f-8b3eb30fa205
55fb0938-228c-4569-a833-3ca4fa1ac947,2244cf69-2b5c-4650-a05d-5e27fc0732d3
56312a62-1e4e-482e-8a9e-ef2a603daeee,f52ba493-4181-45a2-baa2-111b61078623
5644c1ec-d4d2-4633-b761-c4eb61851366,c037df06-e52d-4ec7-9c76-6b0366773195
567b25e6-ddd1-4b36-aa6b-8b1aeeaa8d5b,43d37c45-173b-498b-a559-f6d366d5b683
56911d3c-1f3b-4bbd-bac1-e7389d0dbf1a,7a543a7f-c721-4f16-a458-f4c2e7f33fe8
56c73309-02e0-46f0-9306-643807b4130d,576e9334-2999-40f3-adab-654e479687e7
56d2e9f1-db37-4a66-b9a8-f1bf6708de45,62376c3d-0434-44f4-9e7a-59f47fcdf3e5
56d9786a-69c0-4ce0-8dc6-849843a0e0a6,3aa3c7d2-ce8e-41a7-b079-3d233a4ab913
56dd8b74-dcc4-4cfd-9650-3864326a073b,03fa5be1-3ccf-4ad5-927e-58552025b591
56f3a1bf-476a-4efd-8d91-63b06490fde3,d92c0843-882b-4d03-9cce-5d4066af012d
57676f65-a2d1-466f-9d81-8d81d47991c9,2c7b0747-d654-4d09-958b-8d4d94ed20d2
576d6bc9-4634-4ec8-bc04-0f516948354d,678a7e7b-eb3b-4edb-b936-7ff752539b4f
57e41584-b66d-4a60-adb6-62c7a5a5f8d7,7d715e2d-f1c9-4684-82a3-8b31d04a0d81
58016ecd-14f1-42d2-bac8-05633dd48829,c71aff62-a156-4a9f-856f-ca7cc685d192
58037ead-192a-43f9-9a89-c578ae3ef5fe,7fc1ed83-fdd4-496c-a27f-04a6bfb8388c
58118510-d80b-4f4c-9989-b7305a2d4c74,457f041a-58af-45db-8e50-724943c1f2f0
583ebead-3ef8-4b38-ae67-907f7b681d04,4cb8aeac-e4d2-41c8-8985-6e983aec9b46
585d3485-0ebb-4540-9cba-3938485d4902,75f27fa0-badc-4891-8688-96873d4fe08e
586bcacd-aecd-40cd-abe6-1fe40a5a9571,829ceb34-77f2-4418-a875-a85c9b61d04e
5882de5f-65ba-4317-8b4c-10b872d921ae,e31cfb1a-7bdb-41f8-aad1-4bf16105f7c9
589c3ad9-cdc2-4767-a8bf-9a8cdf5a5141,7fc1ed83-fdd4-496c-a27f-04a6bfb8388c
58b77a8a-50c4-45c5-aace-9b47729a1c3b,457f041a-58af-45db-8e50-724943c1f2f0
591a7849-ca53-4b35-a0ff-aba31478fdfb,4cb8aeac-e4d2-41c8-8985-6e983aec9b46
59985569-6dfc-4399-99c5-b661ec15166f,3bc597e6-6255-479a-950d-a517fabe18a4
59e0e241-3e8c-459b-89f6-c0ef8a2caf84,647746ed-dbc5-45c3-80c9-308699cb7e0a
59e53994-08c9-4124-bb39-91136780b1af,983f93b2-7c6f-403a-8160-b3f44f600058
59f57d68-de88-4cee-8445-4b11be639fd8,05ad3e6f-1119-454a-8a35-582dba10e297
5a3c9a1a-5257-48d0-a794-700f038b25e5,66fb62bd-dc7e-487a-91c8-2aac5313f04c
5ad9ec07-b4e7-46e0-a3fa-ff6933f40ed5,544e0f8c-c804-480f-8b4e-0a7c46d7e0e6
5ad9ec07-b4e7-46e0-a3fa-ff6933f40ed5,55c9124d-c835-4603-a84d-d6133b9caa94
5ad9ec07-b4e7-46e0-a3fa-ff6933f40ed5,829ceb34-77f2-4418-a875-a85c9b61d04e
5adfcfb6-e021-48d8-976a-7873ed82bb98,a222f6fd-c6be-4885-b81d-3ab02020cd56
5aea5ec1-cb3e-4821-b7ce-69c4eb17562b,2479d03b-88a5-4196-8346-fcab230c56f8
5af8686c-395b-41d1-811c-02cb6d7ebcad,417acd7b-5a04-4c1e-bef8-c67bca94e5c0
5afdb931-64b2-4832-9ff4-36ca175d4c71,3aa81966-f32d-4c89-8921-ad54b9778237
5b044780-d876-42a5-95da-59136c4ed8e1,215e20fc-eb6e-4b2b-a156-358b09e8d6e5
5b044780-d876-42a5-95da-59136c4ed8e1,231abd64-489c-4ad4-a479-25149749e46d
5b044780-d876-42a5-95da-59136c4ed8e1,23d08ffd-c8b1-47cf-81ef-9aaefd7cb25c
5b044780-d876-42a5-95da-59136c4ed8e1,2433c1ce-a106-46d8-9e55-d39048f181be
5b044780-d876-42a5-95da-59136c4ed8e1,2b8f045a-991f-41ea-a9aa-7fe7fa2cb284
5b044780-d876-42a5-95da-59136c4ed8e1,35aba451-11e8-41a5-8d59-793fbe95ab16
5b044780-d876-42a5-95da-59136c4ed8e1,379836fb-418b-4a84-9855-df663fa70287
5b044780-d876-42a5-95da-59136c4ed8e1,3bed11f7-8078-4bc0-9f0b-fb63ad36eb52
5b044780-d876-42a5-95da-59136c4ed8e1,491a77ba-c137-4b09-8f77-5025b51f6f49
5b044780-d876-42a5-95da-59136c4ed8e1,5b91900e-7aa6-4d72-8ece-ca17974806c9
5b044780-d876-42a5-95da-59136c4ed8e1,9b905870-ca93-4abc-99d9-9c597c7995b4
5b044780-d876-42a5-95da-59136c4ed8e1,9e9b6c9e-eec7-4b2b-9cde-c422906d75de
5b044780-d876-42a5-95da-59136c4ed8e1,9f8b8b69-06d9-45e1-ba81-c82b0b9684ad
5b044780-d876-42a5-95da-59136c4ed8e1,b238f7cd-e61e-4185-9eac-16dd198925cc
5b044780-d876-42a5-95da-59136c4ed8e1,d22b34dc-3699-45f4-aec6-a2b6eae08b1e
5b044780-d876-42a5-95da-59136c4ed8e1,db892084-d011-451f-88c1-5739a91b4a4a
5b044780-d876-42a5-95da-59136c4ed8e1,df6d053b-bc97-4606-8416-9c76dd3380c4
5b2d6426-b718-45d8-9078-863eda4e660a,03fa5be1-3ccf-4ad5-927e-58552025b591
5b534ff2-9d29-4f0f-8546-69d97810c685,72ed4ea5-1cd4-4b82-8f32-36dedd47b844
5b7ac03f-5ad3-4328-8913-e88a4fbf7478,f12ffb5a-c385-4e8e-bcfd-15d5d12cf176
5b7b0303-3e79-416d-895c-9e0f5b10cb03,5a8aef51-eb39-4e21-80f2-eaee1d7159e1
5ba2b993-e219-439d-8cab-3bfd1787ce79,2479d03b-88a5-4196-8346-fcab230c56f8
5ba98e81-3a5f-46ed-bcd4-4af11eec8240,647746ed-dbc5-45c3-80c9-308699cb7e0a
5c404607-a980-43da-bd25-23dea1b36609,983f93b2-7c6f-403a-8160-b3f44f600058
5c65d8ff-4cef-486f-b4cd-cc2f1ac1e71a,417acd7b-5a04-4c1e-bef8-c67bca94e5c0
5ca9edf3-1116-491f-92fe-d323e14ad588,d92c0843-882b-4d03-9cce-5d4066af012d
5cb7264b-b7ba-4e72-ab6e-1c87cad01a6c,1037fc7e-fe56-4871-8f45-1cab6ba06720
5cf77ade-2b04-43f1-9077-b9a1f008f1a1,43d37c45-173b-498b-a559-f6d366d5b683
5d108757-2299-4483-9d3a-fbc16200fc7a,228424dd-7eb4-4587-92a3-9d435b32ffba
5dac5f4d-bd5c-4265-9677-ed774519fb0f,0222ca08-476b-445b-99bb-2be261fed6dd
5db1fbcc-df98-400f-b7ba-5285dd17018c,4cb8aeac-e4d2-41c8-8985-6e983aec9b46
5dc88c35-e7aa-44ee-afde-9fe89c158d84,43d37c45-173b-498b-a559-f6d366d5b683
5dcf71b5-1044-4eae-b6a6-9354127f51e7,03fa5be1-3ccf-4ad5-927e-58552025b591
5dcf71b5-1044-4eae-b6a6-9354127f51e7,24a8570d-7050-4cfe-ae20-23782ddce3af
5e9ebfa1-2bc6-4edd-98c9-faa80394ad0a,678a7e7b-eb3b-4edb-b936-7ff752539b4f
5ee364c3-85bb-4fde-912e-bd8ffd17d180,d91b99fa-c786-42d4-b6a7-57a18f99c3eb
5ee91bb9-c231-4730-9b48-1d7072b47736,2479d03b-88a5-4196-8346-fcab230c56f8
5f856f88-a9d5-4073-80d1-be42d946fc97,43d37c45-173b-498b-a559-f6d366d5b683
5f8570d9-900f-4fe1-98cf-878068623aa9,03fa5be1-3ccf-4ad5-927e-58552025b591
5f8e307d-ca36-43cf-9a00-a2758c0013e6,e31cfb1a-7bdb-41f8-aad1-4bf16105f7c9
5f9d9746-e327-490c-af2a-93bcdc365da6,22f024bd-1b76-4d8b-9287-324ef29f5d48
5fa6e571-256b-4947-b0cb-0e0571d91b86,417acd7b-5a04-4c1e-bef8-c67bca94e5c0
5fbe9839-1cfa-430e-89e7-96b776b5f4bd,f12ffb5a-c385-4e8e-bcfd-15d5d12cf176
60002ecc-0714-47aa-96b3-7bf8b934591c,a222f6fd-c6be-4885-b81d-3ab02020cd56
603908c1-b03d-4590-9865-e6ffbd1d7122,9155a6e0-6fab-4fd4-8352-a2922542a8bd
6039ac1b-feaf-4247-ba73-c0aa8982b314,215e20fc-eb6e-4b2b-a156-358b09e8d6e5
6039ac1b-feaf-4247-ba73-c0aa8982b314,231abd64-489c-4ad4-a479-25149749e46d
6039ac1b-feaf-4247-ba73-c0aa8982b314,23d08ffd-c8b1-47cf-81ef-9aaefd7cb25c
6039ac1b-feaf-4247-ba73-c0aa8982b314,2433c1ce-a106-46d8-9e55-d39048f181be
6039ac1b-feaf-4247-ba73-c0aa8982b314,2b8f045a-991f-41ea-a9aa-7fe7fa2cb284
6039ac1b-feaf-4247-ba73-c0aa8982b314,35aba451-11e8-41a5-8d59-793fbe95ab16
6039ac1b-feaf-4247-ba73-c0aa8982b314,379836fb-418b-4a84-9855-df663fa70287
6039ac1b-feaf-4247-ba73-c0aa8982b314,3bed11f7-8078-4bc0-9f0b-fb63ad36eb52
6039ac1b-feaf-4247-ba73-c0aa8982b314,491a77ba-c137-4b09-8f77-5025b51f6f49
6039ac1b-feaf-4247-ba73-c0aa8982b314,5b91900e-7aa6-4d72-8ece-ca17974806c9
6039ac1b-feaf-4247-ba73-c0aa8982b314,9b905870-ca93-4abc-99d9-9c597c7995b4
6039ac1b-feaf-4247-ba73-c0aa8982b314,9e9b6c9e-eec7-4b2b-9cde-c422906d75de
6039ac1b-feaf-4247-ba73-c0aa8982b314,9f8b8b69-06d9-45e1-ba81-c82b0b9684ad
6039ac1b-feaf-4247-ba73-c0aa8982b314,b238f7cd-e61e-4185-9eac-16dd198925cc
6039ac1b-feaf-4247-ba73-c0aa8982b314,d22b34dc-3699-45f4-aec6-a2b6eae08b1e
6039ac1b-feaf-4247-ba73-c0aa8982b314,db892084-d011-451f-88c1-5739a91b4a4a
6039ac1b-feaf-4247-ba73-c0aa8982b314,df6d053b-bc97-4606-8416-9c76dd3380c4
6047483e-219f-4323-85c5-4d1532905028,66fb62bd-dc7e-487a-91c8-2aac5313f04c
60532758-a4cf-45e0-a1b2-701957fcca10,647746ed-dbc5-45c3-80c9-308699cb7e0a
606547fb-2cf8-47c0-99a1-3a3be5772435,f12ffb5a-c385-4e8e-bcfd-15d5d12cf176
607bc9d8-4bea-4671-aad3-513fb1c9f813,51704133-414a-460b-9a4b-b86d00fff2bb
60a53048-c554-4f06-b5c3-371c7302a157,62376c3d-0434-44f4-9e7a-59f47fcdf3e5
60bbcc4a-4c19-4b1d-80fe-79dd28225fa8,767542c0-b6ad-4890-9c39-6758288ad28d
60e44474-d663-4e20-9c76-7dc46105b73b,7a543a7f-c721-4f16-a458-f4c2e7f33fe8
60e81e15-873f-44fb-90ba-9665059b3e81,5a8aef51-eb39-4e21-80f2-eaee1d7159e1
60f6c6a1-a35a-45e0-980b-6cd5847b5480,c71aff62-a156-4a9f-856f-ca7cc685d192
613695ae-3a34-4016-9eb4-c27e2091becb,d373a6c3-0949-4c8d-bff0-0bec129949cb
613695ae-3a34-4016-9eb4-c27e2091becb,e31cfb1a-7bdb-41f8-aad1-4bf16105f7c9
61488fae-6867-4485-a647-5c6acb280951,b8a65c48-e8d5-4b02-969a-c9c8484713e1
617ba3db-114d-471f-956e-8dc7c50da4c6,03fa5be1-3ccf-4ad5-927e-58552025b591
6188ced9-845e-4fd2-91a8-88a287790146,06a7feee-f09c-4998-96e4-3ce2ce425c44
6188ced9-845e-4fd2-91a8-88a287790146,29336b02-ce9d-4817-a421-cc6981ece0d4
6188ced9-845e-4fd2-91a8-88a287790146,43241fab-c0b1-4d50-82c3-71a449cede87
6188ced9-845e-4fd2-91a8-88a287790146,92462829-41ed-4ce2-991a-3aab74e7516b
61a174d1-3079-46bf-b454-0d68cf9f1afe,c71aff62-a156-4a9f-856f-ca7cc685d192
61de3a4f-ec27-4bed-b0ed-57c0a0f5600e,0222ca08-476b-445b-99bb-2be261fed6dd
61f58cb4-1171-4a7f-8493-5b3aaee5e144,44ff6e3b-62ef-4938-bd15-009a21682279
620b40c2-71e4-4ef1-8b94-3c92f0240446,829ceb34-77f2-4418-a875-a85c9b61d04e
6214c661-377d-4c30-ac9c-19ff4e10bb4e,2433c1ce-a106-46d8-9e55-d39048f181be
6214c661-377d-4c30-ac9c-19ff4e10bb4e,5b91900e-7aa6-4d72-8ece-ca17974806c9
6214c661-377d-4c30-ac9c-19ff4e10bb4e,df6d053b-bc97-4606-8416-9c76dd3380c4
6234c6f9-6c9e-42ab-82fc-dd83727ef817,0c6ae99d-b423-4ed2-9ebe-cdecf7aaf1e0
6234c6f9-6c9e-42ab-82fc-dd83727ef817,51704133-414a-460b-9a4b-b86d00fff2bb
6234c6f9-6c9e-42ab-82fc-dd83727ef817,522185c9-71db-4d3a-8af2-f114f2c9ee07
6234c6f9-6c9e-42ab-82fc-dd83727ef817,72ed4ea5-1cd4-4b82-8f32-36dedd47b844
6234c6f9-6c9e-42ab-82fc-dd83727ef817,82f6531f-14c0-442a-ba64-1c427193123a
6234c6f9-6c9e-42ab-82fc-dd83727ef817,d2c771fc-3002-4080-b8a5-0262a6f0f8d6
6234c6f9-6c9e-42ab-82fc-dd83727ef817,e4aae1be-4688-4e12-a10c-689942ea2549
626bcc87-d548-4e1f-8193-cb21c9609a67,859a6d71-40d0-49e4-abd1-7d4276bc79ff
62c3f379-fbb3-4a4a-9f05-ce23e580261c,e55015a5-7dab-40e0-bc58-89793e204e2b
62d220ad-3ac2-46c5-aa42-f18f57a3fc9f,62376c3d-0434-44f4-9e7a-59f47fcdf3e5
62fdcced-c07b-4448-a646-d920400d2597,2b8f045a-991f-41ea-a9aa-7fe7fa2cb284
6355331a-1ff5-4047-ae23-2fea253c4706,8de79a1c-2dca-494c-946a-90619a00df5f
63d05925-2f55-4558-acd8-b9d394ca595b,036101a9-55ee-4907-bb38-dd852a22f700
63d05925-2f55-4558-acd8-b9d394ca595b,0e4564f4-fccb-4711-9751-41f02a57630d
63d05925-2f55-4558-acd8-b9d394ca595b,0ef548cb-4f13-48df-b69a-16ff6ba002eb
63d05925-2f55-4558-acd8-b9d394ca595b,12bcb9ab-22ed-48f2-8af1-1dde03c33add
63d05925-2f55-4558-acd8-b9d394ca595b,1c759347-c27f-4641-8a50-5a71784e1303
63d05925-2f55-4558-acd8-b9d394ca595b,2440ecb1-3934-42e2-b14a-68276e486c0f
63d05925-2f55-4558-acd8-b9d394ca595b,32a5d89f-53a2-4c0e-afcf-98963fe8d0b9
63d05925-2f55-4558-acd8-b9d394ca595b,5a03a82f-a1bc-4682-b5e7-d51f2a5a35d4
63d05925-2f55-4558-acd8-b9d394ca595b,62c661ac-1b72-4c37-af41-c93f79f76136
63d05925-2f55-4558-acd8-b9d394ca595b,75f27fa0-badc-4891-8688-96873d4fe08e
63d05925-2f55-4558-acd8-b9d394ca595b,7d715e2d-f1c9-4684-82a3-8b31d04a0d81
63d05925-2f55-4558-acd8-b9d394ca595b,aeb90458-ac5a-4d38-bceb-40d99e6bacad
63d05925-2f55-4558-acd8-b9d394ca595b,d74042dd-c843-4933-a963-d20e0bfa1f76
63d05925-2f55-4558-acd8-b9d394ca595b,de162e3d-1564-47d6-b961-b239c2c8cee8
63d05925-2f55-4558-acd8-b9d394ca595b,e2827b12-3ffa-4aac-b230-fb6ecc315689
63d05925-2f55-4558-acd8-b9d394ca595b,e77a14b3-2a37-484e-9276-971bf6f6d489
64372d91-4dd9-4eab-bcac-8ccd5b1d58e3,82f6531f-14c0-442a-ba64-1c427193123a
645b23a0-7a9e-44f0-9256-735293fefaee,0222ca08-476b-445b-99bb-2be261fed6dd
646b76d9-52a7-4bec-b4d8-1cf651586735,829ceb34-77f2-4418-a875-a85c9b61d04e
64aec827-ab54-41eb-8925-4ba078ebb037,62376c3d-0434-44f4-9e7a-59f47fcdf3e5
64b2822a-0790-418d-8602-85b61a749b84,859a6d71-40d0-49e4-abd1-7d4276bc79ff
64b8a66a-78f4-4a9c-a710-623a866c3276,32a5d89f-53a2-4c0e-afcf-98963fe8d0b9
64b8a66a-78f4-4a9c-a710-623a866c3276,5a03a82f-a1bc-4682-b5e7-d51f2a5a35d4
64b8a66a-78f4-4a9c-a710-623a866c3276,d74042dd-c843-4933-a963-d20e0bfa1f76
64b8a66a-78f4-4a9c-a710-623a866c3276,e2827b12-3ffa-4aac-b230-fb6ecc315689
64c3ec81-0d93-42a3-8e8a-e0a1acf14078,03fa5be1-3ccf-4ad5-927e-58552025b591
64e5f50f-e038-4595-95fe-4ec2503b1211,43d37c45-173b-498b-a559-f6d366d5b683
64f4d0e7-e2d2-4e1d-b9c8-717d26f8f586,24a8570d-7050-4cfe-ae20-23782ddce3af
6501ad2b-ba29-4c7c-ae4f-cc5933fad7ff,0ef548cb-4f13-48df-b69a-16ff6ba002eb
6501ad2b-ba29-4c7c-ae4f-cc5933fad7ff,12bcb9ab-22ed-48f2-8af1-1dde03c33add
6501ad2b-ba29-4c7c-ae4f-cc5933fad7ff,1c759347-c27f-4641-8a50-5a71784e1303
6501ad2b-ba29-4c7c-ae4f-cc5933fad7ff,2440ecb1-3934-42e2-b14a-68276e486c0f
6501ad2b-ba29-4c7c-ae4f-cc5933fad7ff,62c661ac-1b72-4c37-af41-c93f79f76136
6501ad2b-ba29-4c7c-ae4f-cc5933fad7ff,75f27fa0-badc-4891-8688-96873d4fe08e
6501ad2b-ba29-4c7c-ae4f-cc5933fad7ff,e77a14b3-2a37-484e-9276-971bf6f6d489
650ea244-3ea2-4cb5-bcee-2807dad08068,03fa5be1-3ccf-4ad5-927e-58552025b591
65364580-29ad-4d39-bab2-043838019651,72ed4ea5-1cd4-4b82-8f32-36dedd47b844
6560815e-dd3b-4404-8026-d584fa21422b,4a8d1c27-63c7-4495-b5ff-d8ddccc55b46
65729aa9-ec18-45c9-bb84-f1c8c9d42cce,62376c3d-0434-44f4-9e7a-59f47fcdf3e5
65a7100f-a5b8-476a-a272-7b0b7cd64abc,e31cfb1a-7bdb-41f8-aad1-4bf16105f7c9
65c0176f-ce6a-4a7e-ac8f-78e135c40c57,767542c0-b6ad-4890-9c39-6758288ad28d
65cf63ab-c4ff-4942-8558-ee4e1a53c750,647746ed-dbc5-45c3-80c9-308699cb7e0a
65ee2764-e421-451a-b84b-98aeec165025,647746ed-dbc5-45c3-80c9-308699cb7e0a
664ae16d-c02b-4a6d-bff9-7c4dc35a6143,1037fc7e-fe56-4871-8f45-1cab6ba06720
666ba90e-7c84-4159-8414-2066a93fc7bb,a0511dc9-79e4-49d0-9c4e-e6fa7cf048ac
667fcf06-fc8f-4bc3-9ee4-3f33ab49396c,2244cf69-2b5c-4650-a05d-5e27fc0732d3
66a0fa85-e454-4c22-b531-90b8f3660258,2479d03b-88a5-4196-8346-fcab230c56f8
66d763cb-2458-4bba-aca9-214a7ceaf6c0,03fa5be1-3ccf-4ad5-927e-58552025b591
66f69747-b8a5-404a-9b42-2918f0aff1e3,983f93b2-7c6f-403a-8160-b3f44f600058
67397173-af08-44e4-b006-e31d7045a4b8,c71aff62-a156-4a9f-856f-ca7cc685d192
6788f91a-0d16-4932-afcc-a7947233c39d,8cb560d6-6667-43f8-8d99-1f8d4c61e306
678d24ec-b6c0-4b11-b19c-5e093fff590d,215e20fc-eb6e-4b2b-a156-358b09e8d6e5
678d24ec-b6c0-4b11-b19c-5e093fff590d,231abd64-489c-4ad4-a479-25149749e46d
678d24ec-b6c0-4b11-b19c-5e093fff590d,23d08ffd-c8b1-47cf-81ef-9aaefd7cb25c
678d24ec-b6c0-4b11-b19c-5e093fff590d,2433c1ce-a106-46d8-9e55-d39048f181be
678d24ec-b6c0-4b11-b19c-5e093fff590d,2b8f045a-991f-41ea-a9aa-7fe7fa2cb284
678d24ec-b6c0-4b11-b19c-5e093fff590d,35aba451-11e8-41a5-8d59-793fbe95ab16
678d24ec-b6c0-4b11-b19c-5e093fff590d,379836fb-418b-4a84-9855-df663fa70287
678d24ec-b6c0-4b11-b19c-5e093fff590d,3bed11f7-8078-4bc0-9f0b-fb63ad36eb52
678d24ec-b6c0-4b11-b19c-5e093fff590d,491a77ba-c137-4b09-8f77-5025b51f6f49
678d24ec-b6c0-4b11-b19c-5e093fff590d,5b91900e-7aa6-4d72-8ece-ca17974806c9
678d24ec-b6c0-4b11-b19c-5e093fff590d,9e9b6c9e-eec7-4b2b-9cde-c422906d75de
678d24ec-b6c0-4b11-b19c-5e093fff590d,b238f7cd-e61e-4185-9eac-16dd198925cc
678d24ec-b6c0-4b11-b19c-5e093fff590d,d22b34dc-3699-45f4-aec6-a2b6eae08b1e
678d24ec-b6c0-4b11-b19c-5e093fff590d,db892084-d011-451f-88c1-5739a91b4a4a
678d24ec-b6c0-4b11-b19c-5e093fff590d,df6d053b-bc97-4606-8416-9c76dd3380c4
67d34c11-ea3e-4838-98dd-272f16e60dab,4cb8aeac-e4d2-41c8-8985-6e983aec9b46
67de66d3-30dc-4b49-8a66-4de4960b14e0,4a8d1c27-63c7-4495-b5ff-d8ddccc55b46
6809aaff-9bed-4b2d-9d4e-b829f30a6731,1037fc7e-fe56-4871-8f45-1cab6ba06720
68192622-0b6b-4ae3-b172-e6a74c39b52b,41639101-fa91-4543-9a62-0953ee074fd4
68196e6a-0120-49cf-a2df-54a09e4e9dfd,457f041a-58af-45db-8e50-724943c1f2f0
681c245d-6d48-48b5-90ee-f7812c30f692,03fa5be1-3ccf-4ad5-927e-58552025b591
6863e66a-21f7-41cc-b0fb-14b380a3ec96,678a7e7b-eb3b-4edb-b936-7ff752539b4f
688941d2-77b2-45f0-ac91-698787f86df2,75f27fa0-badc-4891-8688-96873d4fe08e
68a35fc0-81e8-4906-8ce2-946bc7f593fa,d91b99fa-c786-42d4-b6a7-57a18f99c3eb
68aee247-ed2d-47f6-be20-d7631537810b,2244cf69-2b5c-4650-a05d-5e27fc0732d3
68fd912f-d08d-47ce-9509-4fabc8ca83dd,0c6ae99d-b423-4ed2-9ebe-cdecf7aaf1e0
68fd912f-d08d-47ce-9509-4fabc8ca83dd,51704133-414a-460b-9a4b-b86d00fff2bb
68fd912f-d08d-47ce-9509-4fabc8ca83dd,522185c9-71db-4d3a-8af2-f114f2c9ee07
68fd912f-d08d-47ce-9509-4fabc8ca83dd,72ed4ea5-1cd4-4b82-8f32-36dedd47b844
68fd912f-d08d-47ce-9509-4fabc8ca83dd,82f6531f-14c0-442a-ba64-1c427193123a
68fd912f-d08d-47ce-9509-4fabc8ca83dd,d2c771fc-3002-4080-b8a5-0262a6f0f8d6
68fd912f-d08d-47ce-9509-4fabc8ca83dd,e4aae1be-4688-4e12-a10c-689942ea2549
69000ac1-9391-4e6c-aedb-6dfabd61c3a2,2479d03b-88a5-4196-8346-fcab230c56f8
6902c043-8b93-41b8-a78a-8d6f37026885,48597a8e-a852-4450-803f-8b202efafd41
6905baec-88b0-4527-9deb-9a2f19ce8e88,62abd51a-8cb6-4ddc-a7e6-36b8cd372fa6
691925a4-5394-49dc-91e0-98113b6c8bac,c71aff62-a156-4a9f-856f-ca7cc685d192
691da1d5-2974-4b50-bc0f-e7a5410a54cb,7a543a7f-c721-4f16-a458-f4c2e7f33fe8
691f3556-2c65-4473-a9c1-3158f89cf3c0,55c9124d-c835-4603-a84d-d6133b9caa94
692cd795-e78c-4bb8-90f2-e0ba5f4ce3e6,9efa54a7-b463-4ba9-bfd2-e1985ad0a07e
6939a84e-0fd8-4e9c-b49a-83ba833f52e7,62376c3d-0434-44f4-9e7a-59f47fcdf3e5
693e83a3-4a81-43f3-a7ef-79ce0e9d51b7,417acd7b-5a04-4c1e-bef8-c67bca94e5c0
696bdfd3-da12-4ab2-92e0-7f21429833a1,24a8570d-7050-4cfe-ae20-23782ddce3af
69747c54-535e-4045-89e2-239761321abe,544e0f8c-c804-480f-8b4e-0a7c46d7e0e6
69747c54-535e-4045-89e2-239761321abe,55c9124d-c835-4603-a84d-d6133b9caa94
69747c54-535e-4045-89e2-239761321abe,829ceb34-77f2-4418-a875-a85c9b61d04e
697965f3-6d93-49f7-8dd2-8d33d99a818f,2244cf69-2b5c-4650-a05d-5e27fc0732d3
6992c0d0-f540-44c6-981c-f8e13ffaff83,7fc1ed83-fdd4-496c-a27f-04a6bfb8388c
69bb1f2c-06a0-446d-87de-11aba8cbf579,7fc1ed83-fdd4-496c-a27f-04a6bfb8388c
69be0f41-8be2-4061-970c-351023c32b8f,55c9124d-c835-4603-a84d-d6133b9caa94
69ecf64d-9fc5-4fe8-9684-96fb530fea19,8cb560d6-6667-43f8-8d99-1f8d4c61e306
69f578c3-e3ad-4562-ac64-c945839d2da1,2244cf69-2b5c-4650-a05d-5e27fc0732d3
6a140c99-9b60-4e36-b393-3499abd4f671,5a8aef51-eb39-4e21-80f2-eaee1d7159e1
6a35ad68-b077-471c-88e4-a0323016d65d,0c6ae99d-b423-4ed2-9ebe-cdecf7aaf1e0
6a35ad68-b077-471c-88e4-a0323016d65d,51704133-414a-460b-9a4b-b86d00fff2bb
6a35ad68-b077-471c-88e4-a0323016d65d,522185c9-71db-4d3a-8af2-f114f2c9ee07
6a35ad68-b077-471c-88e4-a0323016d65d,72ed4ea5-1cd4-4b82-8f32-36dedd47b844
6a35ad68-b077-471c-88e4-a0323016d65d,82f6531f-14c0-442a-ba64-1c427193123a
6a35ad68-b077-471c-88e4-a0323016d65d,d2c771fc-3002-4080-b8a5-0262a6f0f8d6
6a35ad68-b077-471c-88e4-a0323016d65d,e4aae1be-4688-4e12-a10c-689942ea2549
6a4751ed-573d-4c35-aa6f-4615ffa26826,d92c0843-882b-4d03-9cce-5d4066af012d
6a4ede3d-951c-4d1e-ae6d-d349bf13f8b8,829ceb34-77f2-4418-a875-a85c9b61d04e
6a56f78c-e87a-4130-a48e-935af1d7f019,3aa3c7d2-ce8e-41a7-b079-3d233a4ab913
6aafdaa5-d36a-4d30-9026-d626d0960441,22f024bd-1b76-4d8b-9287-324ef29f5d48
6b4d557b-4202-4bef-a320-036d63ec5c36,43d37c45-173b-498b-a559-f6d366d5b683
6b544bf5-4a4c-4c8b-aede-ab46d148887e,03fa5be1-3ccf-4ad5-927e-58552025b591
6b579c49-afde-438c-915f-611dcc075417,0e4564f4-fccb-4711-9751-41f02a57630d
6b754979-a18b-4e2e-adda-4dff0bb23467,43d37c45-173b-498b-a559-f6d366d5b683
6be4a6f3-6ddf-4d54-90f3-0dfa1e21ffcd,05ad3e6f-1119-454a-8a35-582dba10e297
6be4a6f3-6ddf-4d54-90f3-0dfa1e21ffcd,62376c3d-0434-44f4-9e7a-59f47fcdf3e5
6be8da52-84df-445f-94f6-df5e30e6e9c2,171b2457-3f69-4812-a061-5644c12f1ec8
6c1da4c1-48a6-405c-b137-72244d12bdc4,a16e7761-bb77-4b64-95f0-34476c25730f
6c56fbb7-f26c-428e-9d87-c89ba9a38703,1037fc7e-fe56-4871-8f45-1cab6ba06720
6c637608-fdc0-4904-ae35-9b9cd58b8d35,0afb7dbf-9bf4-42df-8d9b-c5c5823163b4
6c991ecc-a8cf-4e53-bff3-b24cce47fab4,485c69d7-47c0-4ad5-94b1-ab3880f53e4a
6ca71757-53ca-4052-b2e0-593a3ea64395,32a5d89f-53a2-4c0e-afcf-98963fe8d0b9
6ca71757-53ca-4052-b2e0-593a3ea64395,5a03a82f-a1bc-4682-b5e7-d51f2a5a35d4
6ca71757-53ca-4052-b2e0-593a3ea64395,7d715e2d-f1c9-4684-82a3-8b31d04a0d81
6ca71757-53ca-4052-b2e0-593a3ea64395,d74042dd-c843-4933-a963-d20e0bfa1f76
6ca71757-53ca-4052-b2e0-593a3ea64395,e2827b12-3ffa-4aac-b230-fb6ecc315689
6ca92767-3207-4206-a5bd-babe84b669dc,8cb560d6-6667-43f8-8d99-1f8d4c61e306
6caa4835-aca0-46c6-9046-4bc18b69041d,05ad3e6f-1119-454a-8a35-582dba10e297
6ccfa5c8-4343-44a7-bf68-98fdc68f7876,43d37c45-173b-498b-a559-f6d366d5b683
6cd684d5-cdb4-44e7-927f-275cda3ace65,2479d03b-88a5-4196-8346-fcab230c56f8
6ce0305e-535b-4041-90c0-d95665519937,036101a9-55ee-4907-bb38-dd852a22f700
6ce0305e-535b-4041-90c0-d95665519937,1c302ee8-0f03-498c-ad14-649a0af36f1c
6ce0305e-535b-4041-90c0-d95665519937,aeb90458-ac5a-4d38-bceb-40d99e6bacad
6ce0305e-535b-4041-90c0-d95665519937,de162e3d-1564-47d6-b961-b239c2c8cee8
6d230ca8-27a0-4326-9334-c731c748d1e1,2479d03b-88a5-4196-8346-fcab230c56f8
6d29e554-d8d9-4334-b4a7-8d801858bfa9,41639101-fa91-4543-9a62-0953ee074fd4
6d29e554-d8d9-4334-b4a7-8d801858bfa9,624d3443-4059-4042-8697-666b49d90c63
6d2e0dc7-7ee1-438c-97e2-eb2050cc3866,5a03a82f-a1bc-4682-b5e7-d51f2a5a35d4
6d3133c5-792c-41f0-9090-0d4996269dda,544e0f8c-c804-480f-8b4e-0a7c46d7e0e6
6d3133c5-792c-41f0-9090-0d4996269dda,55c9124d-c835-4603-a84d-d6133b9caa94
6d3133c5-792c-41f0-9090-0d4996269dda,829ceb34-77f2-4418-a875-a85c9b61d04e
6d321137-7f4b-402b-aafb-758af7fb5eee,457f041a-58af-45db-8e50-724943c1f2f0
6d354101-edee-41c6-a537-eca438d7acee,5a8aef51-eb39-4e21-80f2-eaee1d7159e1
6d4875c4-0f14-4596-a15d-ae19a3fb5994,2244cf69-2b5c-4650-a05d-5e27fc0732d3
6d7d0019-ff2d-4472-aa27-33ff3b91709a,24a8570d-7050-4cfe-ae20-23782ddce3af
6d7d0019-ff2d-4472-aa27-33ff3b91709a,55c9124d-c835-4603-a84d-d6133b9caa94
6d95022d-8356-4f76-bf06-32a20f883978,068ebe3d-0520-44f3-9ef3-ac2d78cc0fd0
6d95022d-8356-4f76-bf06-32a20f883978,081fc4f5-6b89-4c39-9727-de1e95ce6615
6d95022d-8356-4f76-bf06-32a20f883978,1037fc7e-fe56-4871-8f45-1cab6ba06720
6d95022d-8356-4f76-bf06-32a20f883978,228424dd-7eb4-4587-92a3-9d435b32ffba
6d95022d-8356-4f76-bf06-32a20f883978,22f024bd-1b76-4d8b-9287-324ef29f5d48
6d95022d-8356-4f76-bf06-32a20f883978,25fd8fbe-b824-41d7-b2f9-4e7212cee07e
6d95022d-8356-4f76-bf06-32a20f883978,2c7b0747-d654-4d09-958b-8d4d94ed20d2
6d95022d-8356-4f76-bf06-32a20f883978,3e975766-7cef-464b-8bc9-8ea39f66136f
6d95022d-8356-4f76-bf06-32a20f883978,48597a8e-a852-4450-803f-8b202efafd41
6d95022d-8356-4f76-bf06-32a20f883978,53c635e2-6ad5-4a40-89d2-a84c720705ea
6d95022d-8356-4f76-bf06-32a20f883978,585c304e-540b-452e-be22-0957937c3fdf
6d95022d-8356-4f76-bf06-32a20f883978,65f02524-c997-4c43-812f-0f8a9e721eed
6d95022d-8356-4f76-bf06-32a20f883978,68f176eb-cf22-4ac0-98ef-b25b50908421
6d95022d-8356-4f76-bf06-32a20f883978,6d3e5784-ed29-488f-8a3b-4e1d0fa9ab59
6d95022d-8356-4f76-bf06-32a20f883978,713ae1ae-96fa-4283-a30b-38150eb6f6db
6d95022d-8356-4f76-bf06-32a20f883978,7191ddc3-51fa-49f7-ad54-90ad8b762894
6d95022d-8356-4f76-bf06-32a20f883978,785bb530-e7d9-4aaf-9fb2-228301957de9
6d95022d-8356-4f76-bf06-32a20f883978,79f53aad-0600-4516-a93f-46e5faef1494
6d95022d-8356-4f76-bf06-32a20f883978,7cd9cebb-505a-4133-b9f4-e7327c38b93d
6d95022d-8356-4f76-bf06-32a20f883978,898b423e-544b-4aca-9cf9-11a911be4273
6d95022d-8356-4f76-bf06-32a20f883978,8de79a1c-2dca-494c-946a-90619a00df5f
6d95022d-8356-4f76-bf06-32a20f883978,bc6c26ff-3990-4580-98bb-43e51c618bfd
6d95022d-8356-4f76-bf06-32a20f883978,c037df06-e52d-4ec7-9c76-6b0366773195
6d95022d-8356-4f76-bf06-32a20f883978,c40e17e9-0f15-4d13-90cf-0800fe3a428b
6d95022d-8356-4f76-bf06-32a20f883978,cca6be03-c36f-4e5a-b460-d7f68ea789b5
6d95022d-8356-4f76-bf06-32a20f883978,d5271c89-198c-4f1f-82a6-72a51a743566
6d95022d-8356-4f76-bf06-32a20f883978,dd651749-1819-43e1-8c71-8f1681756dc7
6d95022d-8356-4f76-bf06-32a20f883978,e03cb5e2-df09-43b0-b2f3-f543ae71db8a
6d95022d-8356-4f76-bf06-32a20f883978,ee0517c3-72e0-42bb-9598-13994e77fa67
6d9e4fae-a6ac-4ce5-8be6-546f0d6156d1,c037df06-e52d-4ec7-9c76-6b0366773195
6daa9397-c3a5-44b7-8546-8c30942257ba,7a543a7f-c721-4f16-a458-f4c2e7f33fe8
6dcbafc7-2430-4559-a184-10e07bddbf1d,72ed4ea5-1cd4-4b82-8f32-36dedd47b844
6dd075fd-538a-482f-abee-8c6d0246ea66,4cb8aeac-e4d2-41c8-8985-6e983aec9b46
6df44748-3052-4522-83b6-ba888bdbb08b,62abd51a-8cb6-4ddc-a7e6-36b8cd372fa6
6e195946-18ae-4d15-a8e0-ec47e90200d8,544e0f8c-c804-480f-8b4e-0a7c46d7e0e6
6e195946-18ae-4d15-a8e0-ec47e90200d8,829ceb34-77f2-4418-a875-a85c9b61d04e
6eaabd7a-3feb-4c1d-938e-c9c158361882,05ad3e6f-1119-454a-8a35-582dba10e297
6eaabd7a-3feb-4c1d-938e-c9c158361882,24a8570d-7050-4cfe-ae20-23782ddce3af
6eaabd7a-3feb-4c1d-938e-c9c158361882,62376c3d-0434-44f4-9e7a-59f47fcdf3e5
6ebc439d-f1cd-4eea-8dd1-dfec42e01843,d92c0843-882b-4d03-9cce-5d4066af012d
6efe5688-4e99-4484-88df-e3592b0976dc,e31cfb1a-7bdb-41f8-aad1-4bf16105f7c9
6f01a53b-3a2d-4f93-9b39-33e1ba8882c6,0222ca08-476b-445b-99bb-2be261fed6dd
6f163708-3536-4db4-90b3-2d4e936fabd4,22f024bd-1b76-4d8b-9287-324ef29f5d48
6f32e6de-6fb7-48fd-8581-a00bf6d1a1ad,55c9124d-c835-4603-a84d-d6133b9caa94
6f3a820d-444b-4dc6-9ab5-9e0fc7f45056,05ad3e6f-1119-454a-8a35-582dba10e297
6f7d249f-1acf-471a-87b0-ab9cb9ce7347,05ad3e6f-1119-454a-8a35-582dba10e297
6ff3b0a2-f865-4b86-b907-9194823d04d7,51704133-414a-460b-9a4b-b86d00fff2bb
702c3314-98fb-4962-9c4f-ce238f624195,1991e91f-47dc-4258-b20f-83025cdf2ad7
704977c6-8452-4ba4-95e7-55b4a1b9922b,457f041a-58af-45db-8e50-724943c1f2f0
709067dd-e0e8-464b-914d-be4ec76c9bc2,03fa5be1-3ccf-4ad5-927e-58552025b591
70960ab9-f62a-4714-81de-990e1f130797,1991e91f-47dc-4258-b20f-83025cdf2ad7
70987a0b-7fb6-4b17-b7fe-5efd8d993132,2244cf69-2b5c-4650-a05d-5e27fc0732d3
70a8d7f7-53fc-4977-843f-6445114573de,1ff8953d-9c1d-4f7b-b0c6-a4a5d30445cd
70aa26cf-263a-4ee0-b25e-fa9a2409ea32,7a543a7f-c721-4f16-a458-f4c2e7f33fe8
70b60354-6842-4366-a3ce-338193b009bb,62376c3d-0434-44f4-9e7a-59f47fcdf3e5
70c2f0e1-a43d-410a-b24e-a4b823ecba7a,0ef548cb-4f13-48df-b69a-16ff6ba002eb
7104068a-6831-414c-84a9-b64ea44711a2,647746ed-dbc5-45c3-80c9-308699cb7e0a
71079490-7c1d-4592-b263-6682dda673e4,036101a9-55ee-4907-bb38-dd852a22f700
71079490-7c1d-4592-b263-6682dda673e4,0e4564f4-fccb-4711-9751-41f02a57630d
71079490-7c1d-4592-b263-6682dda673e4,0ef548cb-4f13-48df-b69a-16ff6ba002eb
71079490-7c1d-4592-b263-6682dda673e4,12bcb9ab-22ed-48f2-8af1-1dde03c33add
71079490-7c1d-4592-b263-6682dda673e4,1c759347-c27f-4641-8a50-5a71784e1303
71079490-7c1d-4592-b263-6682dda673e4,2440ecb1-3934-42e2-b14a-68276e486c0f
71079490-7c1d-4592-b263-6682dda673e4,32a5d89f-53a2-4c0e-afcf-98963fe8d0b9
71079490-7c1d-4592-b263-6682dda673e4,5a03a82f-a1bc-4682-b5e7-d51f2a5a35d4
71079490-7c1d-4592-b263-6682dda673e4,75f27fa0-badc-4891-8688-96873d4fe08e
71079490-7c1d-4592-b263-6682dda673e4,7d715e2d-f1c9-4684-82a3-8b31d04a0d81
71079490-7c1d-4592-b263-6682dda673e4,aeb90458-ac5a-4d38-bceb-40d99e6bacad
71079490-7c1d-4592-b263-6682dda673e4,d74042dd-c843-4933-a963-d20e0bfa1f76
71079490-7c1d-4592-b263-6682dda673e4,e2827b12-3ffa-4aac-b230-fb6ecc315689
71079490-7c1d-4592-b263-6682dda673e4,e77a14b3-2a37-484e-9276-971bf6f6d489
71092292-3e01-40c9-b5dd-3b085ab02b4a,24a8570d-7050-4cfe-ae20-23782ddce3af
71592f9e-240c-4f1a-96e8-e43b643344b8,d92c0843-882b-4d03-9cce-5d4066af012d
715c6719-6934-4ffc-b6f1-a1a52554838d,55c9124d-c835-4603-a84d-d6133b9caa94
71664143-9df1-49ff-964a-0e9550653b2c,2479d03b-88a5-4196-8346-fcab230c56f8
719637dc-9add-433d-b55e-517c1a7cd5cd,767542c0-b6ad-4890-9c39-6758288ad28d
719b6d48-b1f3-4e3a-a543-2a6fb53f286c,43d37c45-173b-498b-a559-f6d366d5b683
71dcc3ba-d16f-4930-8de8-7eadb9a09fbb,a0511dc9-79e4-49d0-9c4e-e6fa7cf048ac
71fcd4d3-e499-4bc0-8a71-3ffbfa34a601,0c6ae99d-b423-4ed2-9ebe-cdecf7aaf1e0
71fe523f-a43e-41b5-981e-80337e7d7123,3aa81966-f32d-4c89-8921-ad54b9778237
7217ff6f-6689-4156-a72a-8f3254e849c1,66fb62bd-dc7e-487a-91c8-2aac5313f04c
72388b77-9ba5-41f2-8ae2-0f662d9335a1,43d37c45-173b-498b-a559-f6d366d5b683
7256968e-08aa-4389-ba86-fabde456b966,03fa5be1-3ccf-4ad5-927e-58552025b591
7256968e-08aa-4389-ba86-fabde456b966,7a543a7f-c721-4f16-a458-f4c2e7f33fe8
72652083-ae8c-4829-9149-3c5f51ecff37,9155a6e0-6fab-4fd4-8352-a2922542a8bd
72712cf5-1d3b-426e-bb21-63796f3d6ca0,1991e91f-47dc-4258-b20f-83025cdf2ad7
72bb66e7-7a7c-4934-a41c-196f45f7d01a,66fb62bd-dc7e-487a-91c8-2aac5313f04c
72cf6fc8-6016-48a9-ab04-cf5edc3b172e,7fc1ed83-fdd4-496c-a27f-04a6bfb8388c
72fcd4ca-a286-4fd1-a640-c091ef1cfe9a,c71aff62-a156-4a9f-856f-ca7cc685d192
7353f198-ea85-4a76-9035-ed9cabe01203,0afb7dbf-9bf4-42df-8d9b-c5c5823163b4
7355f2db-ac7e-4a4a-815a-19a2a475daac,d91b99fa-c786-42d4-b6a7-57a18f99c3eb
735ceda9-5e82-41b8-8fdc-0a3031b1416f,5c2fb3e1-571c-415a-bba4-2646565bd61b
738a6c5d-f412-497a-81aa-58596d312af3,2244cf69-2b5c-4650-a05d-5e27fc0732d3
73c5d974-8185-4025-927b-c10227965c7e,457f041a-58af-45db-8e50-724943c1f2f0
73f5ddb6-5bf0-4467-9912-fb7ef77d482a,7e38030b-645d-4eec-a8b6-5caf7ff0f4f7
7402a3d1-30be-4eb4-befd-ad13e8edb37a,2244cf69-2b5c-4650-a05d-5e27fc0732d3
74470a61-cbf2-434f-a5e9-2c8966dc0d38,03fa5be1-3ccf-4ad5-927e-58552025b591
74470a61-cbf2-434f-a5e9-2c8966dc0d38,24a8570d-7050-4cfe-ae20-23782ddce3af
7459848e-9bdf-471c-b307-76c1c65cdfc9,7d715e2d-f1c9-4684-82a3-8b31d04a0d81
74c8e0f2-5239-4add-b030-3b575bfc9db1,c71aff62-a156-4a9f-856f-ca7cc685d192
75163fbf-494f-401f-a151-ab68721b195c,544e0f8c-c804-480f-8b4e-0a7c46d7e0e6
75163fbf-494f-401f-a151-ab68721b195c,55c9124d-c835-4603-a84d-d6133b9caa94
75163fbf-494f-401f-a151-ab68721b195c,829ceb34-77f2-4418-a875-a85c9b61d04e
7530b024-780d-453c-9662-4e7524c07f10,f12ffb5a-c385-4e8e-bcfd-15d5d12cf176
753614aa-0aa0-4873-ac0d-b2ad768ad185,2b8f045a-991f-41ea-a9aa-7fe7fa2cb284
753654de-147a-4f5d-b33e-e7bb15b0ee16,2244cf69-2b5c-4650-a05d-5e27fc0732d3
75732797-0852-4ea1-b2cb-24f4ce87598a,544e0f8c-c804-480f-8b4e-0a7c46d7e0e6
75732797-0852-4ea1-b2cb-24f4ce87598a,55c9124d-c835-4603-a84d-d6133b9caa94
75732797-0852-4ea1-b2cb-24f4ce87598a,829ceb34-77f2-4418-a875-a85c9b61d04e
7575abb4-f9d1-4bce-8db7-bdb147a4b3f3,767542c0-b6ad-4890-9c39-6758288ad28d
757c9f7d-c1ba-41f9-aaeb-f69a9dc2d36e,f12ffb5a-c385-4e8e-bcfd-15d5d12cf176
7592d712-dd38-40fd-93aa-836c9ce86e20,0c6ae99d-b423-4ed2-9ebe-cdecf7aaf1e0
7592d712-dd38-40fd-93aa-836c9ce86e20,51704133-414a-460b-9a4b-b86d00fff2bb
7592d712-dd38-40fd-93aa-836c9ce86e20,522185c9-71db-4d3a-8af2-f114f2c9ee07
7592d712-dd38-40fd-93aa-836c9ce86e20,72ed4ea5-1cd4-4b82-8f32-36dedd47b844
7592d712-dd38-40fd-93aa-836c9ce86e20,82f6531f-14c0-442a-ba64-1c427193123a
7592d712-dd38-40fd-93aa-836c9ce86e20,d2c771fc-3002-4080-b8a5-0262a6f0f8d6
7592d712-dd38-40fd-93aa-836c9ce86e20,e4aae1be-4688-4e12-a10c-689942ea2549
75c9c39b-e674-4b66-ba9d-8ad0f7a50bd1,983f93b2-7c6f-403a-8160-b3f44f600058
75ebddbd-7d9b-4458-a979-d60c31b06fbc,171b2457-3f69-4812-a061-5644c12f1ec8
75fcfb22-6dc1-4208-9d46-7e9666cbd317,55c9124d-c835-4603-a84d-d6133b9caa94
762b2f7f-b2dc-4b12-a8dc-ed16c240e59e,036101a9-55ee-4907-bb38-dd852a22f700
762b2f7f-b2dc-4b12-a8dc-ed16c240e59e,0e4564f4-fccb-4711-9751-41f02a57630d
762b2f7f-b2dc-4b12-a8dc-ed16c240e59e,0ef548cb-4f13-48df-b69a-16ff6ba002eb
762b2f7f-b2dc-4b12-a8dc-ed16c240e59e,12bcb9ab-22ed-48f2-8af1-1dde03c33add
762b2f7f-b2dc-4b12-a8dc-ed16c240e59e,1c759347-c27f-4641-8a50-5a71784e1303
762b2f7f-b2dc-4b12-a8dc-ed16c240e59e,2440ecb1-3934-42e2-b14a-68276e486c0f
762b2f7f-b2dc-4b12-a8dc-ed16c240e59e,32a5d89f-53a2-4c0e-afcf-98963fe8d0b9
762b2f7f-b2dc-4b12-a8dc-ed16c240e59e,5a03a82f-a1bc-4682-b5e7-d51f2a5a35d4
762b2f7f-b2dc-4b12-a8dc-ed16c240e59e,62c661ac-1b72-4c37-af41-c93f79f76136
762b2f7f-b2dc-4b12-a8dc-ed16c240e59e,75f27fa0-badc-4891-8688-96873d4fe08e
762b2f7f-b2dc-4b12-a8dc-ed16c240e59e,7d715e2d-f1c9-4684-82a3-8b31d04a0d81
762b2f7f-b2dc-4b12-a8dc-ed16c240e59e,aeb90458-ac5a-4d38-bceb-40d99e6bacad
762b2f7f-b2dc-4b12-a8dc-ed16c240e59e,d74042dd-c843-4933-a963-d20e0bfa1f76
762b2f7f-b2dc-4b12-a8dc-ed16c240e59e,de162e3d-1564-47d6-b961-b239c2c8cee8
762b2f7f-b2dc-4b12-a8dc-ed16c240e59e,e2827b12-3ffa-4aac-b230-fb6ecc315689
762b2f7f-b2dc-4b12-a8dc-ed16c240e59e,e77a14b3-2a37-484e-9276-971bf6f6d489
76495958-5bf8-4759-8b22-3d92766306cd,24a8570d-7050-4cfe-ae20-23782ddce3af
76495958-5bf8-4759-8b22-3d92766306cd,9603fa20-90ec-4de8-98eb-e83ff72e0a3c
76513f40-20f6-4c6f-94b8-4cff4099e5f4,0c6ae99d-b423-4ed2-9ebe-cdecf7aaf1e0
76513f40-20f6-4c6f-94b8-4cff4099e5f4,51704133-414a-460b-9a4b-b86d00fff2bb
76513f40-20f6-4c6f-94b8-4cff4099e5f4,522185c9-71db-4d3a-8af2-f114f2c9ee07
76513f40-20f6-4c6f-94b8-4cff4099e5f4,72ed4ea5-1cd4-4b82-8f32-36dedd47b844
76513f40-20f6-4c6f-94b8-4cff4099e5f4,82f6531f-14c0-442a-ba64-1c427193123a
76513f40-20f6-4c6f-94b8-4cff4099e5f4,d2c771fc-3002-4080-b8a5-0262a6f0f8d6
76513f40-20f6-4c6f-94b8-4cff4099e5f4,e4aae1be-4688-4e12-a10c-689942ea2549
765c8c14-da0d-41d6-9f7d-e5879eda733f,a16e7761-bb77-4b64-95f0-34476c25730f
7682780a-ce74-4c3f-8d05-42ddf9d8fb8f,3aa3c7d2-ce8e-41a7-b079-3d233a4ab913
76852832-edee-41f1-a73d-339cdbdc5958,03fa5be1-3ccf-4ad5-927e-58552025b591
76c4a7cd-ad09-4c33-8c5d-0eff0e55382b,55c9124d-c835-4603-a84d-d6133b9caa94
7715b7fe-1931-4d38-9117-22cf38f3baa6,534dd36b-003c-4743-b5ac-fb025088c1f0
7715b7fe-1931-4d38-9117-22cf38f3baa6,7a5b0f00-89c8-4feb-b6ab-025b9758ce65
7715b7fe-1931-4d38-9117-22cf38f3baa6,9601d7c2-8340-450e-b0c5-86d1793b1b15
7715b7fe-1931-4d38-9117-22cf38f3baa6,f52192a5-0a4f-40d7-a302-2ab84e0ec27d
7732b094-c93c-45f5-9337-eacd5803a488,d373a6c3-0949-4c8d-bff0-0bec129949cb
774040c8-4242-4c3f-bf53-e47cde6895d9,7e38030b-645d-4eec-a8b6-5caf7ff0f4f7
77494508-8f82-41fd-9e8a-4f7854774095,e55015a5-7dab-40e0-bc58-89793e204e2b
778b05a1-59dd-4850-a57e-f09798376933,62abd51a-8cb6-4ddc-a7e6-36b8cd372fa6
77c27297-b3fd-47b7-9820-5779ef623a71,55c9124d-c835-4603-a84d-d6133b9caa94
77d2c0e6-d855-47aa-9030-ae30d396eb7a,457f041a-58af-45db-8e50-724943c1f2f0
77e54999-c06b-4af2-b5f9-711d59797cca,22b77ce5-a36d-4c5d-bcb3-165449fa4578
77e54999-c06b-4af2-b5f9-711d59797cca,63ca510e-1d42-43ad-b903-511d02ddb5ca
77e54999-c06b-4af2-b5f9-711d59797cca,a16c9fe6-19e8-40d6-9e83-a33a71902022
780cc72c-735a-43c7-943a-c201ccdb012d,8de79a1c-2dca-494c-946a-90619a00df5f
78c14649-afce-497d-93f7-e18357c7bd2e,457f041a-58af-45db-8e50-724943c1f2f0
79313539-e5ef-4dba-ac60-4f5d0b32f239,03fa5be1-3ccf-4ad5-927e-58552025b591
7953b155-31f8-4622-bb2a-98786e2bbe7f,544e0f8c-c804-480f-8b4e-0a7c46d7e0e6
7953b155-31f8-4622-bb2a-98786e2bbe7f,55c9124d-c835-4603-a84d-d6133b9caa94
7953b155-31f8-4622-bb2a-98786e2bbe7f,829ceb34-77f2-4418-a875-a85c9b61d04e
795f2a10-cf39-4837-9453-953c23dfe63d,e55015a5-7dab-40e0-bc58-89793e204e2b
797c8e2c-b3e8-4506-ac26-1eff1c3a4eeb,829ceb34-77f2-4418-a875-a85c9b61d04e
797f28d5-b60a-4db7-979f-61b24ea1379a,2479d03b-88a5-4196-8346-fcab230c56f8
799515a6-9662-414e-b69c-af1dcc0ee225,544e0f8c-c804-480f-8b4e-0a7c46d7e0e6
799515a6-9662-414e-b69c-af1dcc0ee225,55c9124d-c835-4603-a84d-d6133b9caa94
799515a6-9662-414e-b69c-af1dcc0ee225,829ceb34-77f2-4418-a875-a85c9b61d04e
79b5a575-cc26-4790-b38f-46429b1ba899,82f6531f-14c0-442a-ba64-1c427193123a
79bcb36a-9427-4ccd-b97f-c7d8557ab498,9155a6e0-6fab-4fd4-8352-a2922542a8bd
79c02373-3961-4ea4-8520-785f10d17ccc,d373a6c3-0949-4c8d-bff0-0bec129949cb
79f188c8-a727-4488-bc04-f4c96bd8427a,e55015a5-7dab-40e0-bc58-89793e204e2b
79f9796c-9b1f-4f9a-902f-a93b2bf2bcb0,4cb8aeac-e4d2-41c8-8985-6e983aec9b46
7a79718a-6b85-499c-a031-85f1101b9bc0,0afb7dbf-9bf4-42df-8d9b-c5c5823163b4
7a7f02e3-3907-4dc2-a009-20c905b7a482,e31cfb1a-7bdb-41f8-aad1-4bf16105f7c9
7acb80a0-af24-43fb-bf8c-8344f1779505,7191ddc3-51fa-49f7-ad54-90ad8b762894
7acc3253-ccca-4631-aaa2-82e7b565dd0c,457f041a-58af-45db-8e50-724943c1f2f0
7ace643e-7a70-4569-bc42-82902dcd2a72,43d37c45-173b-498b-a559-f6d366d5b683
7ae6df60-0abd-46da-ae4f-5dde9696e80c,4a8d1c27-63c7-4495-b5ff-d8ddccc55b46
7b029cc5-e96a-4589-b2f5-162011b8ff89,417acd7b-5a04-4c1e-bef8-c67bca94e5c0
7b043bbf-696d-49a9-a00d-f1bb47d57c00,43d37c45-173b-498b-a559-f6d366d5b683
7b9b64cd-4f34-414b-bb10-01d6f4480051,0729681f-b9a4-4f1e-853f-b1d2d1f98a54
7ba4893a-03db-41db-b853-0869cf393ff9,457f041a-58af-45db-8e50-724943c1f2f0
7bbcaa7a-37ce-4242-992b-8190128fb41b,2479d03b-88a5-4196-8346-fcab230c56f8
7bc86713-3532-480f-9d8c-e02ce3c57d98,bfd9db52-f555-4005-9ed7-51998f495a6e
7bd5a4ca-e6ed-4dd6-b3d8-08fbb339a342,9155a6e0-6fab-4fd4-8352-a2922542a8bd
7be42732-5240-482e-973c-74a6cbb67ffd,43d37c45-173b-498b-a559-f6d366d5b683
7be64709-daf9-46f4-84e5-23a2fecd6df4,44ff6e3b-62ef-4938-bd15-009a21682279
7c22c840-d96d-471e-b2e3-270ce6d4bfdc,22b77ce5-a36d-4c5d-bcb3-165449fa4578
7c22c840-d96d-471e-b2e3-270ce6d4bfdc,63ca510e-1d42-43ad-b903-511d02ddb5ca
7c22c840-d96d-471e-b2e3-270ce6d4bfdc,a16c9fe6-19e8-40d6-9e83-a33a71902022
7c235051-8dd2-44de-95ad-89e50b92b436,43d37c45-173b-498b-a559-f6d366d5b683
7c42f45c-aa05-4a46-bf37-8d93876e24ca,c71aff62-a156-4a9f-856f-ca7cc685d192
7c7cdde5-bb1f-456b-90cd-219730faf4c2,7fc1ed83-fdd4-496c-a27f-04a6bfb8388c
7c885a8e-fd4d-476a-9d75-28e9541e6555,d2c771fc-3002-4080-b8a5-0262a6f0f8d6
7c8c3306-9fa9-4535-b969-37b1ff94ac09,983f93b2-7c6f-403a-8160-b3f44f600058
7c9d3822-ad06-42d4-b6a2-66157155ebce,41639101-fa91-4543-9a62-0953ee074fd4
7c9d3822-ad06-42d4-b6a2-66157155ebce,624d3443-4059-4042-8697-666b49d90c63
7c9d3822-ad06-42d4-b6a2-66157155ebce,d8268b85-b2a4-437b-af6c-9168fcba7074
7cb7aa6f-74f9-40af-aeaa-21b7574e3fe9,081fc4f5-6b89-4c39-9727-de1e95ce6615
7cbfa124-ba01-48e9-8d78-49bf79f843a1,544e0f8c-c804-480f-8b4e-0a7c46d7e0e6
7cbfa124-ba01-48e9-8d78-49bf79f843a1,55c9124d-c835-4603-a84d-d6133b9caa94
7cbfa124-ba01-48e9-8d78-49bf79f843a1,829ceb34-77f2-4418-a875-a85c9b61d04e
7cca2e7a-25e2-4c63-b1fa-d8ec9991b419,7a543a7f-c721-4f16-a458-f4c2e7f33fe8
7cdf23fe-fc16-499e-b6c2-7ec3f867c313,0222ca08-476b-445b-99bb-2be261fed6dd
7ce0fedb-c475-42fe-8576-edcd88652d90,4a8d1c27-63c7-4495-b5ff-d8ddccc55b46
7cf777ae-e86b-425e-94f7-7ce3d788e385,45b822a3-6034-403d-89a1-61e13c9a0438
7cfa4874-848b-4350-a5b2-0d43cd84f874,b5b59391-5603-4175-b835-984741c27c6d
7d04e26e-2660-42fc-89b0-c59eb62b4f43,036101a9-55ee-4907-bb38-dd852a22f700
7d04e26e-2660-42fc-89b0-c59eb62b4f43,0e4564f4-fccb-4711-9751-41f02a57630d
7d04e26e-2660-42fc-89b0-c59eb62b4f43,0ef548cb-4f13-48df-b69a-16ff6ba002eb
7d04e26e-2660-42fc-89b0-c59eb62b4f43,12bcb9ab-22ed-48f2-8af1-1dde03c33add
7d04e26e-2660-42fc-89b0-c59eb62b4f43,1c759347-c27f-4641-8a50-5a71784e1303
7d04e26e-2660-42fc-89b0-c59eb62b4f43,2440ecb1-3934-42e2-b14a-68276e486c0f
7d04e26e-2660-42fc-89b0-c59eb62b4f43,32a5d89f-53a2-4c0e-afcf-98963fe8d0b9
7d04e26e-2660-42fc-89b0-c59eb62b4f43,5a03a82f-a1bc-4682-b5e7-d51f2a5a35d4
7d04e26e-2660-42fc-89b0-c59eb62b4f43,62c661ac-1b72-4c37-af41-c93f79f76136
7d04e26e-2660-42fc-89b0-c59eb62b4f43,75f27fa0-badc-4891-8688-96873d4fe08e
7d04e26e-2660-42fc-89b0-c59eb62b4f43,7d715e2d-f1c9-4684-82a3-8b31d04a0d81
7d04e26e-2660-42fc-89b0-c59eb62b4f43,d74042dd-c843-4933-a963-d20e0bfa1f76
7d04e26e-2660-42fc-89b0-c59eb62b4f43,de162e3d-1564-47d6-b961-b239c2c8cee8
7d04e26e-2660-42fc-89b0-c59eb62b4f43,e2827b12-3ffa-4aac-b230-fb6ecc315689
7d04e26e-2660-42fc-89b0-c59eb62b4f43,e77a14b3-2a37-484e-9276-971bf6f6d489
7dee8d0e-e522-44c6-93bf-a831da764839,7fc1ed83-fdd4-496c-a27f-04a6bfb8388c
7e397621-0815-48d5-b607-78662d22eb09,544e0f8c-c804-480f-8b4e-0a7c46d7e0e6
7e397621-0815-48d5-b607-78662d22eb09,55c9124d-c835-4603-a84d-d6133b9caa94
7e397621-0815-48d5-b607-78662d22eb09,647746ed-dbc5-45c3-80c9-308699cb7e0a
7e397621-0815-48d5-b607-78662d22eb09,829ceb34-77f2-4418-a875-a85c9b61d04e
7e397621-0815-48d5-b607-78662d22eb09,a0511dc9-79e4-49d0-9c4e-e6fa7cf048ac
7e397621-0815-48d5-b607-78662d22eb09,d373a6c3-0949-4c8d-bff0-0bec129949cb
7e473de1-d63a-4ad3-b7ca-387c0a5937d9,983f93b2-7c6f-403a-8160-b3f44f600058
7e68e2b6-5689-4301-b2c2-239341b834e1,82f6531f-14c0-442a-ba64-1c427193123a
7e7aa24d-f312-41c0-906e-896bb3bbf64b,9efa54a7-b463-4ba9-bfd2-e1985ad0a07e
7ecce6fa-7c32-42e7-b7fd-4ff7a11a597a,e55015a5-7dab-40e0-bc58-89793e204e2b
7f0edef1-4de7-49af-bcb9-c36db303866d,7fc1ed83-fdd4-496c-a27f-04a6bfb8388c
7f305f45-e8a2-4152-a530-ef6c87c0423e,2244cf69-2b5c-4650-a05d-5e27fc0732d3
7f67fbb4-4c25-4823-ba3b-52c523cb996c,a222f6fd-c6be-4885-b81d-3ab02020cd56
7f7bfc98-a91c-462f-8014-0f97cea1f9c6,5c2fb3e1-571c-415a-bba4-2646565bd61b
7f8d3e54-480d-4e14-8a3a-02570dcc4ae2,2b8f045a-991f-41ea-a9aa-7fe7fa2cb284
7fc760e5-6a57-4175-abab-1261fc4a1e48,647746ed-dbc5-45c3-80c9-308699cb7e0a
7fc760e5-6a57-4175-abab-1261fc4a1e48,829ceb34-77f2-4418-a875-a85c9b61d04e
7fda9e72-8321-46a5-aacc-2e5c4cc51908,1991e91f-47dc-4258-b20f-83025cdf2ad7
80194e6d-32b3-4638-afb1-4fce49814156,0c6ae99d-b423-4ed2-9ebe-cdecf7aaf1e0
80194e6d-32b3-4638-afb1-4fce49814156,51704133-414a-460b-9a4b-b86d00fff2bb
80194e6d-32b3-4638-afb1-4fce49814156,522185c9-71db-4d3a-8af2-f114f2c9ee07
80194e6d-32b3-4638-afb1-4fce49814156,72ed4ea5-1cd4-4b82-8f32-36dedd47b844
80194e6d-32b3-4638-afb1-4fce49814156,82f6531f-14c0-442a-ba64-1c427193123a
80194e6d-32b3-4638-afb1-4fce49814156,c71aff62-a156-4a9f-856f-ca7cc685d192
80194e6d-32b3-4638-afb1-4fce49814156,d2c771fc-3002-4080-b8a5-0262a6f0f8d6
80194e6d-32b3-4638-afb1-4fce49814156,e4aae1be-4688-4e12-a10c-689942ea2549
80555e61-05d3-4d83-9a4c-b353f290117a,43d37c45-173b-498b-a559-f6d366d5b683
8071e5bd-26bc-43ab-9f0b-16eb45ff38e9,036101a9-55ee-4907-bb38-dd852a22f700
8071e5bd-26bc-43ab-9f0b-16eb45ff38e9,0e4564f4-fccb-4711-9751-41f02a57630d
8071e5bd-26bc-43ab-9f0b-16eb45ff38e9,0ef548cb-4f13-48df-b69a-16ff6ba002eb
8071e5bd-26bc-43ab-9f0b-16eb45ff38e9,12bcb9ab-22ed-48f2-8af1-1dde03c33add
8071e5bd-26bc-43ab-9f0b-16eb45ff38e9,1c759347-c27f-4641-8a50-5a71784e1303
8071e5bd-26bc-43ab-9f0b-16eb45ff38e9,2440ecb1-3934-42e2-b14a-68276e486c0f
8071e5bd-26bc-43ab-9f0b-16eb45ff38e9,32a5d89f-53a2-4c0e-afcf-98963fe8d0b9
8071e5bd-26bc-43ab-9f0b-16eb45ff38e9,5a03a82f-a1bc-4682-b5e7-d51f2a5a35d4
8071e5bd-26bc-43ab-9f0b-16eb45ff38e9,62c661ac-1b72-4c37-af41-c93f79f76136
8071e5bd-26bc-43ab-9f0b-16eb45ff38e9,75f27fa0-badc-4891-8688-96873d4fe08e
8071e5bd-26bc-43ab-9f0b-16eb45ff38e9,7d715e2d-f1c9-4684-82a3-8b31d04a0d81
8071e5bd-26bc-43ab-9f0b-16eb45ff38e9,aeb90458-ac5a-4d38-bceb-40d99e6bacad
8071e5bd-26bc-43ab-9f0b-16eb45ff38e9,d74042dd-c843-4933-a963-d20e0bfa1f76
8071e5bd-26bc-43ab-9f0b-16eb45ff38e9,e2827b12-3ffa-4aac-b230-fb6ecc315689
8071e5bd-26bc-43ab-9f0b-16eb45ff38e9,e77a14b3-2a37-484e-9276-971bf6f6d489
807dcac1-2335-4fe7-a8fa-62fbb48025b4,7fc1ed83-fdd4-496c-a27f-04a6bfb8388c
809b40df-f2ff-4016-b049-8b8101bcfd48,2433c1ce-a106-46d8-9e55-d39048f181be
809b40df-f2ff-4016-b049-8b8101bcfd48,2b8f045a-991f-41ea-a9aa-7fe7fa2cb284
809b40df-f2ff-4016-b049-8b8101bcfd48,35aba451-11e8-41a5-8d59-793fbe95ab16
809b40df-f2ff-4016-b049-8b8101bcfd48,491a77ba-c137-4b09-8f77-5025b51f6f49
809b40df-f2ff-4016-b049-8b8101bcfd48,5b91900e-7aa6-4d72-8ece-ca17974806c9
809b40df-f2ff-4016-b049-8b8101bcfd48,9b905870-ca93-4abc-99d9-9c597c7995b4
809b40df-f2ff-4016-b049-8b8101bcfd48,9e9b6c9e-eec7-4b2b-9cde-c422906d75de
809b40df-f2ff-4016-b049-8b8101bcfd48,df6d053b-bc97-4606-8416-9c76dd3380c4
80af08d0-cf65-41b4-a239-f4258bd12192,0222ca08-476b-445b-99bb-2be261fed6dd
8100997f-6ea9-4376-884d-333a21dfe6e1,87b7763f-5d89-4e6f-a573-931a839cacc4
813bf5e8-8c4b-4d79-8dba-a8b45f00bb68,9155a6e0-6fab-4fd4-8352-a2922542a8bd
815f001b-c44b-42b5-8b1a-5163c25df59d,0222ca08-476b-445b-99bb-2be261fed6dd
8188c20c-60df-4031-a043-b86af9da90fb,62abd51a-8cb6-4ddc-a7e6-36b8cd372fa6
818de101-5766-4239-8a23-cce47168ec19,d92c0843-882b-4d03-9cce-5d4066af012d
81b6cf8b-b447-4a83-a825-064cf1175f75,744d9599-5453-4dca-b19e-1ff5eebced9e
81c7e5fa-cf90-4dc3-a6a0-c55f402064d1,62abd51a-8cb6-4ddc-a7e6-36b8cd372fa6
81e44c58-d195-430e-8aed-d15f163886d7,62abd51a-8cb6-4ddc-a7e6-36b8cd372fa6
81ed4c40-3e52-42ba-9dfa-eb4fb3cf4bae,1991e91f-47dc-4258-b20f-83025cdf2ad7
8201a9ed-95ed-4eff-9d1f-d6446c210a06,0222ca08-476b-445b-99bb-2be261fed6dd
8201a9ed-95ed-4eff-9d1f-d6446c210a06,0729681f-b9a4-4f1e-853f-b1d2d1f98a54
8201a9ed-95ed-4eff-9d1f-d6446c210a06,15fb25ef-c321-42d5-b559-52387bc62c2d
8201a9ed-95ed-4eff-9d1f-d6446c210a06,16462278-ae0c-401c-95d6-13c8479ef79a
8201a9ed-95ed-4eff-9d1f-d6446c210a06,171b2457-3f69-4812-a061-5644c12f1ec8
8201a9ed-95ed-4eff-9d1f-d6446c210a06,33c9d6c8-ca52-4800-adf6-752ae5cdbcf8
8201a9ed-95ed-4eff-9d1f-d6446c210a06,3aa3c7d2-ce8e-41a7-b079-3d233a4ab913
8201a9ed-95ed-4eff-9d1f-d6446c210a06,3bc597e6-6255-479a-950d-a517fabe18a4
8201a9ed-95ed-4eff-9d1f-d6446c210a06,4351f588-0b35-42bb-bbff-4e001ed57af2
8201a9ed-95ed-4eff-9d1f-d6446c210a06,4b557e16-e4ad-4e51-8086-d3148de3058a
8201a9ed-95ed-4eff-9d1f-d6446c210a06,5169fd73-6a48-495c-a26a-845ab9925ffc
8201a9ed-95ed-4eff-9d1f-d6446c210a06,678a7e7b-eb3b-4edb-b936-7ff752539b4f
8201a9ed-95ed-4eff-9d1f-d6446c210a06,89a12b8d-00fe-4e32-b1b9-d23975d69b93
8201a9ed-95ed-4eff-9d1f-d6446c210a06,92f466d7-0b8f-4bd4-bf21-bd2719200ed6
8201a9ed-95ed-4eff-9d1f-d6446c210a06,c072de75-a161-4297-b90a-6ffab2e6f7b7
8201a9ed-95ed-4eff-9d1f-d6446c210a06,d22cb3fc-37c4-4abc-a71f-17b8c97180a9
8201a9ed-95ed-4eff-9d1f-d6446c210a06,d8891972-86f2-4b09-a8e2-36e914bb2739
8201a9ed-95ed-4eff-9d1f-d6446c210a06,eef09911-e118-444b-8f72-b72aac7ddf5d
8201a9ed-95ed-4eff-9d1f-d6446c210a06,f920120b-959a-47ab-940a-b415695d11c0
8201a9ed-95ed-4eff-9d1f-d6446c210a06,f9663452-790b-45af-96fc-a9d248a0a7e1
82671809-ea77-4f16-9d21-00ec949cf871,767542c0-b6ad-4890-9c39-6758288ad28d
827795ef-dfa1-4c6c-8165-62dd2d58f252,0afb7dbf-9bf4-42df-8d9b-c5c5823163b4
828bfad1-3a4d-49b0-85be-3ed3db8e357d,c71aff62-a156-4a9f-856f-ca7cc685d192
82acc00d-0ff7-4814-9890-c07e66d0f3c1,2479d03b-88a5-4196-8346-fcab230c56f8
82cc0fa2-aab0-419e-8d66-b73664ae2b55,a0511dc9-79e4-49d0-9c4e-e6fa7cf048ac
8303baef-b533-47ab-8b61-0910512f0ca8,5a8aef51-eb39-4e21-80f2-eaee1d7159e1
832adec7-bfe6-455e-9b2e-f73daa38fd82,55c9124d-c835-4603-a84d-d6133b9caa94
83555b33-a061-4142-bc27-90db0669a32b,bfd9db52-f555-4005-9ed7-51998f495a6e
8375df64-ca33-478b-a235-8dc0b74afb8e,d92c0843-882b-4d03-9cce-5d4066af012d
83c0ec62-957f-48b4-b55b-45e4fd399c68,544e0f8c-c804-480f-8b4e-0a7c46d7e0e6
83c0ec62-957f-48b4-b55b-45e4fd399c68,55c9124d-c835-4603-a84d-d6133b9caa94
83c0ec62-957f-48b4-b55b-45e4fd399c68,829ceb34-77f2-4418-a875-a85c9b61d04e
8408e2f6-eaa8-4039-a24d-c15fa333acf0,44ff6e3b-62ef-4938-bd15-009a21682279
8408e2f6-eaa8-4039-a24d-c15fa333acf0,66fb62bd-dc7e-487a-91c8-2aac5313f04c
8410bb62-abb4-4c0f-b375-e2ae9c3ce7e3,05ad3e6f-1119-454a-8a35-582dba10e297
843143ff-0f60-407b-aa18-3d26dfdd7a8a,767542c0-b6ad-4890-9c39-6758288ad28d
845adf8d-7a0e-4b3f-8336-d5f969b469c9,23d08ffd-c8b1-47cf-81ef-9aaefd7cb25c
84635a08-c4d9-4e56-87da-dda4ca6cbd7c,e4aae1be-4688-4e12-a10c-689942ea2549
84f20f49-e1a5-4244-91a9-35a820de2175,43d37c45-173b-498b-a559-f6d366d5b683
84f6aa1f-824b-46b6-a9a1-90b2bc98b7fa,3aa3c7d2-ce8e-41a7-b079-3d233a4ab913
85156065-cebe-4a3c-b1a5-c2216447d766,4a8d1c27-63c7-4495-b5ff-d8ddccc55b46
852171cf-c371-48c3-bd85-e22f0a6784e7,62376c3d-0434-44f4-9e7a-59f47fcdf3e5
85526f16-62dd-44b9-8d27-f95047300205,785bb530-e7d9-4aaf-9fb2-228301957de9
85b3db0f-5136-4814-ba90-d30297cd4394,647746ed-dbc5-45c3-80c9-308699cb7e0a
86060a52-44d5-46c0-b980-dfafbcd7827e,3aa3c7d2-ce8e-41a7-b079-3d233a4ab913
861bc26b-8655-46ff-8cb0-e8f4e0c33b25,171b2457-3f69-4812-a061-5644c12f1ec8
8637cae6-fe43-47f0-8912-eea3171376e2,a222f6fd-c6be-4885-b81d-3ab02020cd56
864d5d44-f010-45cf-8c00-2045c351b30e,e31cfb1a-7bdb-41f8-aad1-4bf16105f7c9
864fa804-8dcf-4070-969f-ff6a0606e6dd,9efa54a7-b463-4ba9-bfd2-e1985ad0a07e
864fbf0a-2b34-4e0c-a977-d0a518b83f3c,7191ddc3-51fa-49f7-ad54-90ad8b762894
86538476-100d-45ec-9699-ce3e06b7028f,68f176eb-cf22-4ac0-98ef-b25b50908421
865a5033-8288-432d-b4b9-4fd8f127d67c,72ed4ea5-1cd4-4b82-8f32-36dedd47b844
865d818a-5961-4b15-86de-86c1f6815c5e,b5b59391-5603-4175-b835-984741c27c6d
868d6e70-73d8-4723-a1c9-b903a5b9885f,24a8570d-7050-4cfe-ae20-23782ddce3af
86f67d6c-2e3f-44cb-8e7a-cfa1d2652006,215e20fc-eb6e-4b2b-a156-358b09e8d6e5
86f67d6c-2e3f-44cb-8e7a-cfa1d2652006,231abd64-489c-4ad4-a479-25149749e46d
86f67d6c-2e3f-44cb-8e7a-cfa1d2652006,2433c1ce-a106-46d8-9e55-d39048f181be
86f67d6c-2e3f-44cb-8e7a-cfa1d2652006,379836fb-418b-4a84-9855-df663fa70287
86f67d6c-2e3f-44cb-8e7a-cfa1d2652006,3bed11f7-8078-4bc0-9f0b-fb63ad36eb52
86f67d6c-2e3f-44cb-8e7a-cfa1d2652006,5b91900e-7aa6-4d72-8ece-ca17974806c9
86f67d6c-2e3f-44cb-8e7a-cfa1d2652006,9f8b8b69-06d9-45e1-ba81-c82b0b9684ad
86f67d6c-2e3f-44cb-8e7a-cfa1d2652006,b238f7cd-e61e-4185-9eac-16dd198925cc
86f67d6c-2e3f-44cb-8e7a-cfa1d2652006,d22b34dc-3699-45f4-aec6-a2b6eae08b1e
86f67d6c-2e3f-44cb-8e7a-cfa1d2652006,db892084-d011-451f-88c1-5739a91b4a4a
873ca326-7c89-4729-ade1-fac1b2d3e570,51704133-414a-460b-9a4b-b86d00fff2bb
874ebbaa-cd6a-44cd-8ef4-f5467acb5702,bfd9db52-f555-4005-9ed7-51998f495a6e
881ce68f-8ade-41e9-a4b5-be9830f66030,9155a6e0-6fab-4fd4-8352-a2922542a8bd
8833de49-2fec-4ab3-9375-ee5372683228,b8a65c48-e8d5-4b02-969a-c9c8484713e1
886f4898-14e5-4c26-84fa-394ca4c0860d,43d37c45-173b-498b-a559-f6d366d5b683
88846c2e-cd67-43a1-a2ea-c674eb1ee6a1,2244cf69-2b5c-4650-a05d-5e27fc0732d3
888490f3-4fd2-4de4-80ae-cf12f8f09a90,0c6ae99d-b423-4ed2-9ebe-cdecf7aaf1e0
888490f3-4fd2-4de4-80ae-cf12f8f09a90,51704133-414a-460b-9a4b-b86d00fff2bb
888490f3-4fd2-4de4-80ae-cf12f8f09a90,522185c9-71db-4d3a-8af2-f114f2c9ee07
888490f3-4fd2-4de4-80ae-cf12f8f09a90,72ed4ea5-1cd4-4b82-8f32-36dedd47b844
888490f3-4fd2-4de4-80ae-cf12f8f09a90,82f6531f-14c0-442a-ba64-1c427193123a
888490f3-4fd2-4de4-80ae-cf12f8f09a90,d2c771fc-3002-4080-b8a5-0262a6f0f8d6
888490f3-4fd2-4de4-80ae-cf12f8f09a90,e4aae1be-4688-4e12-a10c-689942ea2549
88a19b67-3bec-47b9-bda6-88bd0735b8dc,caf77995-339c-45d7-a047-54939a30139f
88c75942-6af4-4e9b-b1f9-556d43a280fe,4a8d1c27-63c7-4495-b5ff-d8ddccc55b46
88dc37a4-dedb-4cd2-b6a6-b36f0e69e596,9a2db6df-67e4-4aa1-a5d7-3067313827a4
88ff20e0-fa42-4a4c-8d8c-34d7858fab4e,62376c3d-0434-44f4-9e7a-59f47fcdf3e5
8930054b-25e3-48b5-a245-cf992b245aa1,44ff6e3b-62ef-4938-bd15-009a21682279
8972b1b0-bca6-43f8-9c72-804c5e3906dd,5a8aef51-eb39-4e21-80f2-eaee1d7159e1
8977b5ad-8339-4085-8d85-c48818fb2c61,4cb8aeac-e4d2-41c8-8985-6e983aec9b46
898a7c2e-0711-4fca-8776-83afdc0f5b17,7e38030b-645d-4eec-a8b6-5caf7ff0f4f7
89969320-1023-44c1-8573-b4f62b7487c8,785bb530-e7d9-4aaf-9fb2-228301957de9
899a32f0-1f92-4d42-a23f-8fd4d4afa3ee,7fc1ed83-fdd4-496c-a27f-04a6bfb8388c
89c8f021-9843-4eca-b960-2be35cb92c81,0ef548cb-4f13-48df-b69a-16ff6ba002eb
89c8f021-9843-4eca-b960-2be35cb92c81,12bcb9ab-22ed-48f2-8af1-1dde03c33add
89c8f021-9843-4eca-b960-2be35cb92c81,7d715e2d-f1c9-4684-82a3-8b31d04a0d81
89c8f021-9843-4eca-b960-2be35cb92c81,aeb90458-ac5a-4d38-bceb-40d99e6bacad
89c8f021-9843-4eca-b960-2be35cb92c81,d74042dd-c843-4933-a963-d20e0bfa1f76
89c8f021-9843-4eca-b960-2be35cb92c81,e77a14b3-2a37-484e-9276-971bf6f6d489
89cf8cb3-a072-4aa4-a0c4-7ce591b45d19,43d37c45-173b-498b-a559-f6d366d5b683
89e5a5bd-b784-47c8-bdab-e411320075ed,62abd51a-8cb6-4ddc-a7e6-36b8cd372fa6
8a3a6390-9bcd-4d98-9a2d-7867e77496e5,d8891972-86f2-4b09-a8e2-36e914bb2739
8a408599-3d32-4499-a96a-cc8036f54fba,8cb560d6-6667-43f8-8d99-1f8d4c61e306
8a496dce-22b6-4dd4-8127-57938abe1809,522185c9-71db-4d3a-8af2-f114f2c9ee07
8a4afc9c-f1e5-4116-8bc5-63267376ba18,0e4564f4-fccb-4711-9751-41f02a57630d
8a4afc9c-f1e5-4116-8bc5-63267376ba18,0ef548cb-4f13-48df-b69a-16ff6ba002eb
8a4afc9c-f1e5-4116-8bc5-63267376ba18,12bcb9ab-22ed-48f2-8af1-1dde03c33add
8a4afc9c-f1e5-4116-8bc5-63267376ba18,1c759347-c27f-4641-8a50-5a71784e1303
8a4afc9c-f1e5-4116-8bc5-63267376ba18,2440ecb1-3934-42e2-b14a-68276e486c0f
8a4afc9c-f1e5-4116-8bc5-63267376ba18,62c661ac-1b72-4c37-af41-c93f79f76136
8a4afc9c-f1e5-4116-8bc5-63267376ba18,75f27fa0-badc-4891-8688-96873d4fe08e
8a4afc9c-f1e5-4116-8bc5-63267376ba18,7d715e2d-f1c9-4684-82a3-8b31d04a0d81
8a4afc9c-f1e5-4116-8bc5-63267376ba18,e77a14b3-2a37-484e-9276-971bf6f6d489
8aa1961b-aa72-47e3-81d9-fd2a96d9838e,44ff6e3b-62ef-4938-bd15-009a21682279
8aa4a656-3002-4c9d-9a4b-a347f27ff916,4a8d1c27-63c7-4495-b5ff-d8ddccc55b46
8abd2211-a3ed-476e-9862-e57694d1f415,d92c0843-882b-4d03-9cce-5d4066af012d
8ad73439-b0b3-4f04-993a-cba664c36269,03fa5be1-3ccf-4ad5-927e-58552025b591
8ad8a99a-7b2c-47e7-b171-151ab7540c1e,24a8570d-7050-4cfe-ae20-23782ddce3af
8aef950b-eec4-49a7-b27a-0bc69f584561,4cb8aeac-e4d2-41c8-8985-6e983aec9b46
8afb5651-911c-4999-b74a-1e815981f828,0729681f-b9a4-4f1e-853f-b1d2d1f98a54
8b187ac9-d1e4-4535-b165-eee742d82d17,e55015a5-7dab-40e0-bc58-89793e204e2b
8b193033-c1c6-4827-9e7a-0852d9441c9c,036101a9-55ee-4907-bb38-dd852a22f700
8b279187-e2a9-4022-8cc6-0c48127dd326,4cb8aeac-e4d2-41c8-8985-6e983aec9b46
8b926a13-e79e-469c-a568-4ea4dae76b07,983f93b2-7c6f-403a-8160-b3f44f600058
8bd196b5-cd67-43ef-81ca-c4d07ef963ba,c71aff62-a156-4a9f-856f-ca7cc685d192
8bdae906-09c1-4249-9683-2f9664b67325,068ebe3d-0520-44f3-9ef3-ac2d78cc0fd0
8bdae906-09c1-4249-9683-2f9664b67325,081fc4f5-6b89-4c39-9727-de1e95ce6615
8bdae906-09c1-4249-9683-2f9664b67325,2d1bdda0-10ae-4138-a4b1-73a778b048ea
8bdae906-09c1-4249-9683-2f9664b67325,3e975766-7cef-464b-8bc9-8ea39f66136f
8bdae906-09c1-4249-9683-2f9664b67325,48597a8e-a852-4450-803f-8b202efafd41
8bdae906-09c1-4249-9683-2f9664b67325,585c304e-540b-452e-be22-0957937c3fdf
8bdae906-09c1-4249-9683-2f9664b67325,68f176eb-cf22-4ac0-98ef-b25b50908421
8bdae906-09c1-4249-9683-2f9664b67325,6d3e5784-ed29-488f-8a3b-4e1d0fa9ab59
8bdae906-09c1-4249-9683-2f9664b67325,713ae1ae-96fa-4283-a30b-38150eb6f6db
8bdae906-09c1-4249-9683-2f9664b67325,7191ddc3-51fa-49f7-ad54-90ad8b762894
8bdae906-09c1-4249-9683-2f9664b67325,79f53aad-0600-4516-a93f-46e5faef1494
8bdae906-09c1-4249-9683-2f9664b67325,7cd9cebb-505a-4133-b9f4-e7327c38b93d
8bdae906-09c1-4249-9683-2f9664b67325,7fc1ed83-fdd4-496c-a27f-04a6bfb8388c
8bdae906-09c1-4249-9683-2f9664b67325,87b7763f-5d89-4e6f-a573-931a839cacc4
8bdae906-09c1-4249-9683-2f9664b67325,898b423e-544b-4aca-9cf9-11a911be4273
8bdae906-09c1-4249-9683-2f9664b67325,8de79a1c-2dca-494c-946a-90619a00df5f
8bdae906-09c1-4249-9683-2f9664b67325,bc6c26ff-3990-4580-98bb-43e51c618bfd
8bdae906-09c1-4249-9683-2f9664b67325,c037df06-e52d-4ec7-9c76-6b0366773195
8bdae906-09c1-4249-9683-2f9664b67325,c40e17e9-0f15-4d13-90cf-0800fe3a428b
8bdae906-09c1-4249-9683-2f9664b67325,d5271c89-198c-4f1f-82a6-72a51a743566
8bdae906-09c1-4249-9683-2f9664b67325,d5da9dc3-6b8c-41ee-add7-9ae5eee90e77
8bdae906-09c1-4249-9683-2f9664b67325,dd651749-1819-43e1-8c71-8f1681756dc7
8bdae906-09c1-4249-9683-2f9664b67325,e03cb5e2-df09-43b0-b2f3-f543ae71db8a
8bdae906-09c1-4249-9683-2f9664b67325,ee0517c3-72e0-42bb-9598-13994e77fa67
8bdae906-09c1-4249-9683-2f9664b67325,f375cd3d-de8f-42ba-8d7f-9fd9f8d016a2
8c44d8eb-c366-48a2-b208-7a523e6b6d44,62abd51a-8cb6-4ddc-a7e6-36b8cd372fa6
8c6fcda8-6008-4227-b5ad-a294c9082636,647746ed-dbc5-45c3-80c9-308699cb7e0a
8c798cc5-cfde-4158-8e9a-9352008b008e,2b8f045a-991f-41ea-a9aa-7fe7fa2cb284
8c81cb0c-7bb2-49b2-8368-e615aa40e894,41639101-fa91-4543-9a62-0953ee074fd4
8c81cb0c-7bb2-49b2-8368-e615aa40e894,624d3443-4059-4042-8697-666b49d90c63
8c81cb0c-7bb2-49b2-8368-e615aa40e894,d8268b85-b2a4-437b-af6c-9168fcba7074
8c913905-cf95-415d-9bc1-94d05bbe7cc2,e4aae1be-4688-4e12-a10c-689942ea2549
8c954bd4-f1b9-4817-9f15-558147c2f136,2479d03b-88a5-4196-8346-fcab230c56f8
8ca10d53-3d44-4285-beeb-2a72eeac34b4,9603fa20-90ec-4de8-98eb-e83ff72e0a3c
8ca481cf-efbe-4804-9a2b-b8c9a3cf7631,5a8aef51-eb39-4e21-80f2-eaee1d7159e1
8cadb14b-13eb-46e4-bf99-5baf353464cc,417acd7b-5a04-4c1e-bef8-c67bca94e5c0
8ce58456-bc01-430a-8c57-3be3108129af,44ff6e3b-62ef-4938-bd15-009a21682279
8cff603e-6b19-453e-be6d-4fed01584fc7,7e38030b-645d-4eec-a8b6-5caf7ff0f4f7
8d3e1f88-1c7c-41d2-8f0f-0e15e8b005e4,2244cf69-2b5c-4650-a05d-5e27fc0732d3
8d62dd61-c33c-4d27-9199-b255e495e706,2c7b0747-d654-4d09-958b-8d4d94ed20d2
8d793825-f275-46fb-a592-4afb767e773a,647746ed-dbc5-45c3-80c9-308699cb7e0a
8d8278e4-f9e5-4b97-b06b-1d30e954affb,9155a6e0-6fab-4fd4-8352-a2922542a8bd
8d84411d-807c-404a-bde0-ea71d7d911dd,9155a6e0-6fab-4fd4-8352-a2922542a8bd
8d889ade-b4b6-476a-a1cb-46cc26d5fdf1,e31cfb1a-7bdb-41f8-aad1-4bf16105f7c9
8d9700b9-6d5a-467f-ae24-b245da845378,b8a65c48-e8d5-4b02-969a-c9c8484713e1
8dbcc04c-31c7-437b-bf9b-694b393377aa,a222f6fd-c6be-4885-b81d-3ab02020cd56
8dd231db-b358-4688-bbdd-eb6e02dbc252,62376c3d-0434-44f4-9e7a-59f47fcdf3e5
8e00170a-6769-4781-8724-e44d4d5c6600,4351f588-0b35-42bb-bbff-4e001ed57af2
8e2825bc-b12d-4b11-a5e9-e265e14ec99e,72ed4ea5-1cd4-4b82-8f32-36dedd47b844
8e7bcbcb-2397-41d2-b37f-7401d4d7da30,44ff6e3b-62ef-4938-bd15-009a21682279
8e8c4aa4-1509-4077-ae6c-d7516aaea31e,22f024bd-1b76-4d8b-9287-324ef29f5d48
8ef5a943-6f24-432d-8d0a-9ab01d39e431,d373a6c3-0949-4c8d-bff0-0bec129949cb
8f736bd9-6a39-4ca1-9458-29a540b8dee5,a0511dc9-79e4-49d0-9c4e-e6fa7cf048ac
8f8cf4e9-5d69-49ad-878a-7b7a241d3fd2,05ad3e6f-1119-454a-8a35-582dba10e297
8f9368ad-2b66-4f9b-adcb-9c041875b74e,24a8570d-7050-4cfe-ae20-23782ddce3af
9004095f-2402-4059-be32-8dbd0d040aba,767542c0-b6ad-4890-9c39-6758288ad28d
9020c186-f8ce-4f7c-916b-f085b5d560ce,43d37c45-173b-498b-a559-f6d366d5b683
905ba576-aef8-4090-bc6d-b5587779714d,829ceb34-77f2-4418-a875-a85c9b61d04e
905f0a82-ce62-430c-8aaa-9ffab9fa692d,62abd51a-8cb6-4ddc-a7e6-36b8cd372fa6
906fe200-4100-47d0-9983-b0ed9155f240,e55015a5-7dab-40e0-bc58-89793e204e2b
907d04dd-9fd1-4e59-91fc-1ceccc06b672,62376c3d-0434-44f4-9e7a-59f47fcdf3e5
90814d0b-1299-457d-bc92-8d5513a67403,2244cf69-2b5c-4650-a05d-5e27fc0732d3
90cba27e-80be-4cac-af08-caf4d253db18,0c6ae99d-b423-4ed2-9ebe-cdecf7aaf1e0
90cba27e-80be-4cac-af08-caf4d253db18,51704133-414a-460b-9a4b-b86d00fff2bb
90cba27e-80be-4cac-af08-caf4d253db18,522185c9-71db-4d3a-8af2-f114f2c9ee07
90cba27e-80be-4cac-af08-caf4d253db18,72ed4ea5-1cd4-4b82-8f32-36dedd47b844
90cba27e-80be-4cac-af08-caf4d253db18,82f6531f-14c0-442a-ba64-1c427193123a
90cba27e-80be-4cac-af08-caf4d253db18,d2c771fc-3002-4080-b8a5-0262a6f0f8d6
90cba27e-80be-4cac-af08-caf4d253db18,e4aae1be-4688-4e12-a10c-689942ea2549
9106f22b-0ccf-4b79-8a96-aa2e39045121,82f6531f-14c0-442a-ba64-1c427193123a
912aeb76-90c3-4c0c-844d-5da5ab9c0b75,05ad3e6f-1119-454a-8a35-582dba10e297
916df32a-dd7b-4099-8699-4c285da44112,55c9124d-c835-4603-a84d-d6133b9caa94
91d2012e-d221-4d15-b3b2-0538567b9303,55c9124d-c835-4603-a84d-d6133b9caa94
91e0d984-da8a-4499-9604-2421da10c7f1,66fb62bd-dc7e-487a-91c8-2aac5313f04c
91eceab6-4d93-4460-a325-cd6cb3996144,43d37c45-173b-498b-a559-f6d366d5b683
9207ab99-cefa-48e1-8a57-15179525bb0f,db892084-d011-451f-88c1-5739a91b4a4a
922022b8-c681-457c-8e36-a64ef1ad7bd8,7e38030b-645d-4eec-a8b6-5caf7ff0f4f7
92314f3e-28e9-4a93-91d8-af038d932558,4351f588-0b35-42bb-bbff-4e001ed57af2
923571c4-dc02-4c5b-8315-58da78da2d43,55c9124d-c835-4603-a84d-d6133b9caa94
924307f4-d229-4a0f-9b7d-ae39c8b3d993,4351f588-0b35-42bb-bbff-4e001ed57af2
9251af3f-fbbe-46e0-be40-2dd13814266d,55c9124d-c835-4603-a84d-d6133b9caa94
92664f12-200f-401f-a1b4-4351682fac63,2479d03b-88a5-4196-8346-fcab230c56f8
929ddd2a-4116-45ec-8838-d33c40cf5a0b,51704133-414a-460b-9a4b-b86d00fff2bb
92a81c7f-c2a9-410a-b2b0-77f89221d8f2,c71aff62-a156-4a9f-856f-ca7cc685d192
93107bec-948c-4a13-840f-a100cc06ab7a,7a543a7f-c721-4f16-a458-f4c2e7f33fe8
93134bc1-9c02-4e2d-842f-0a5ee9e9e6aa,c71aff62-a156-4a9f-856f-ca7cc685d192
93137a76-e913-4745-8241-437639272531,4a8d1c27-63c7-4495-b5ff-d8ddccc55b46
935c6428-3b57-409b-84e5-b36eb26d55b1,43d37c45-173b-498b-a559-f6d366d5b683
9373b6c3-fbd6-40a2-84ba-e29f9660d041,f920120b-959a-47ab-940a-b415695d11c0
937ba569-e324-4bf5-a73e-e5a2cf8c6516,62abd51a-8cb6-4ddc-a7e6-36b8cd372fa6
93ce377e-a41a-436a-8cca-6eda8dd496bb,4cb8aeac-e4d2-41c8-8985-6e983aec9b46
94039689-a3d3-4473-84b3-65ca49677fe4,62abd51a-8cb6-4ddc-a7e6-36b8cd372fa6
944bf998-3496-43eb-9783-990ec8cba625,d91b99fa-c786-42d4-b6a7-57a18f99c3eb
9457c36f-f43d-493d-afff-8a2012737ffc,5a8aef51-eb39-4e21-80f2-eaee1d7159e1
94592189-de63-4d5c-858d-77483053e9d3,44ff6e3b-62ef-4938-bd15-009a21682279
94665cad-58d4-4223-a8d8-53843dc6654f,2479d03b-88a5-4196-8346-fcab230c56f8
949d2c37-8772-4c70-84d0-1580f0317a37,72ed4ea5-1cd4-4b82-8f32-36dedd47b844
94b38b07-2e48-41f3-9566-29e74beb3387,0c6ae99d-b423-4ed2-9ebe-cdecf7aaf1e0
94b38b07-2e48-41f3-9566-29e74beb3387,51704133-414a-460b-9a4b-b86d00fff2bb
94b38b07-2e48-41f3-9566-29e74beb3387,522185c9-71db-4d3a-8af2-f114f2c9ee07
94b38b07-2e48-41f3-9566-29e74beb3387,82f6531f-14c0-442a-ba64-1c427193123a
94b38b07-2e48-41f3-9566-29e74beb3387,d2c771fc-3002-4080-b8a5-0262a6f0f8d6
94b38b07-2e48-41f3-9566-29e74beb3387,e4aae1be-4688-4e12-a10c-689942ea2549
94d0d845-fd4e-41aa-8dec-5c26bb917abc,7191ddc3-51fa-49f7-ad54-90ad8b762894
94f55ba3-1adc-414f-a29f-0b39f9d1466e,417acd7b-5a04-4c1e-bef8-c67bca94e5c0
95056b61-c364-4fb8-9b07-37d0607e74fa,62376c3d-0434-44f4-9e7a-59f47fcdf3e5
95226f08-04a7-44e8-829a-9d00c33e8d60,0222ca08-476b-445b-99bb-2be261fed6dd
9528ce14-1c54-4454-bbd3-190c94c82235,1991e91f-47dc-4258-b20f-83025cdf2ad7
9535e2e2-3fb5-45c6-ae60-07270c58a428,f12ffb5a-c385-4e8e-bcfd-15d5d12cf176
957b88aa-79cd-4315-9677-cb73fb9be7f9,3aa81966-f32d-4c89-8921-ad54b9778237
95b55490-a79e-467c-82e6-28633d295c56,2479d03b-88a5-4196-8346-fcab230c56f8
9616ea0f-f185-4a89-8c95-91cbde9e6c43,d92c0843-882b-4d03-9cce-5d4066af012d
963784fa-08dd-466b-a96b-eb54833e2171,7a543a7f-c721-4f16-a458-f4c2e7f33fe8
966c12d7-feb5-41d1-92ed-c923a4e17203,647746ed-dbc5-45c3-80c9-308699cb7e0a
966e77ae-9244-4b6b-b66e-9cb6996b5ffc,215e20fc-eb6e-4b2b-a156-358b09e8d6e5
966e77ae-9244-4b6b-b66e-9cb6996b5ffc,231abd64-489c-4ad4-a479-25149749e46d
966e77ae-9244-4b6b-b66e-9cb6996b5ffc,23d08ffd-c8b1-47cf-81ef-9aaefd7cb25c
966e77ae-9244-4b6b-b66e-9cb6996b5ffc,2433c1ce-a106-46d8-9e55-d39048f181be
966e77ae-9244-4b6b-b66e-9cb6996b5ffc,2b8f045a-991f-41ea-a9aa-7fe7fa2cb284
966e77ae-9244-4b6b-b66e-9cb6996b5ffc,35aba451-11e8-41a5-8d59-793fbe95ab16
966e77ae-9244-4b6b-b66e-9cb6996b5ffc,379836fb-418b-4a84-9855-df663fa70287
966e77ae-9244-4b6b-b66e-9cb6996b5ffc,3bed11f7-8078-4bc0-9f0b-fb63ad36eb52
966e77ae-9244-4b6b-b66e-9cb6996b5ffc,491a77ba-c137-4b09-8f77-5025b51f6f49
966e77ae-9244-4b6b-b66e-9cb6996b5ffc,5b91900e-7aa6-4d72-8ece-ca17974806c9
966e77ae-9244-4b6b-b66e-9cb6996b5ffc,9b905870-ca93-4abc-99d9-9c597c7995b4
966e77ae-9244-4b6b-b66e-9cb6996b5ffc,9e9b6c9e-eec7-4b2b-9cde-c422906d75de
966e77ae-9244-4b6b-b66e-9cb6996b5ffc,9f8b8b69-06d9-45e1-ba81-c82b0b9684ad
966e77ae-9244-4b6b-b66e-9cb6996b5ffc,b238f7cd-e61e-4185-9eac-16dd198925cc
966e77ae-9244-4b6b-b66e-9cb6996b5ffc,d22b34dc-3699-45f4-aec6-a2b6eae08b1e
966e77ae-9244-4b6b-b66e-9cb6996b5ffc,db892084-d011-451f-88c1-5739a91b4a4a
966e77ae-9244-4b6b-b66e-9cb6996b5ffc,df6d053b-bc97-4606-8416-9c76dd3380c4
96a8fc5e-9d23-48c2-a860-fadaec8f67d6,c072de75-a161-4297-b90a-6ffab2e6f7b7
96ada6d2-ab70-4605-bf97-a6d31dc7f6e8,03fa5be1-3ccf-4ad5-927e-58552025b591
96cce066-690e-4512-bd0d-e08923758017,cdd6eb89-c1be-4cef-8920-2d0172753386
9704bd55-031e-4e01-858f-22a437476ac6,9603fa20-90ec-4de8-98eb-e83ff72e0a3c
9725c977-0b8f-43c5-af8a-64ad0c73411a,0c6ae99d-b423-4ed2-9ebe-cdecf7aaf1e0
9725c977-0b8f-43c5-af8a-64ad0c73411a,51704133-414a-460b-9a4b-b86d00fff2bb
9725c977-0b8f-43c5-af8a-64ad0c73411a,522185c9-71db-4d3a-8af2-f114f2c9ee07
9725c977-0b8f-43c5-af8a-64ad0c73411a,72ed4ea5-1cd4-4b82-8f32-36dedd47b844
9725c977-0b8f-43c5-af8a-64ad0c73411a,82f6531f-14c0-442a-ba64-1c427193123a
9725c977-0b8f-43c5-af8a-64ad0c73411a,d2c771fc-3002-4080-b8a5-0262a6f0f8d6
9725c977-0b8f-43c5-af8a-64ad0c73411a,e4aae1be-4688-4e12-a10c-689942ea2549
974486b4-780a-4714-a8d4-88d324795ddc,24a8570d-7050-4cfe-ae20-23782ddce3af
974b1953-1696-448e-9079-160faab5478b,7a543a7f-c721-4f16-a458-f4c2e7f33fe8
97760f33-5371-467b-b9ab-0164964eca19,036101a9-55ee-4907-bb38-dd852a22f700
97760f33-5371-467b-b9ab-0164964eca19,0e4564f4-fccb-4711-9751-41f02a57630d
97760f33-5371-467b-b9ab-0164964eca19,1c759347-c27f-4641-8a50-5a71784e1303
97760f33-5371-467b-b9ab-0164964eca19,2433c1ce-a106-46d8-9e55-d39048f181be
97760f33-5371-467b-b9ab-0164964eca19,2440ecb1-3934-42e2-b14a-68276e486c0f
97760f33-5371-467b-b9ab-0164964eca19,32a5d89f-53a2-4c0e-afcf-98963fe8d0b9
97760f33-5371-467b-b9ab-0164964eca19,5a03a82f-a1bc-4682-b5e7-d51f2a5a35d4
97760f33-5371-467b-b9ab-0164964eca19,62c661ac-1b72-4c37-af41-c93f79f76136
97760f33-5371-467b-b9ab-0164964eca19,75f27fa0-badc-4891-8688-96873d4fe08e
97760f33-5371-467b-b9ab-0164964eca19,de162e3d-1564-47d6-b961-b239c2c8cee8
97760f33-5371-467b-b9ab-0164964eca19,e2827b12-3ffa-4aac-b230-fb6ecc315689
97764c25-9c5a-484b-91e3-8bbca32e8fb6,036101a9-55ee-4907-bb38-dd852a22f700
97764c25-9c5a-484b-91e3-8bbca32e8fb6,0e4564f4-fccb-4711-9751-41f02a57630d
97764c25-9c5a-484b-91e3-8bbca32e8fb6,0ef548cb-4f13-48df-b69a-16ff6ba002eb
97764c25-9c5a-484b-91e3-8bbca32e8fb6,12bcb9ab-22ed-48f2-8af1-1dde03c33add
97764c25-9c5a-484b-91e3-8bbca32e8fb6,1c759347-c27f-4641-8a50-5a71784e1303
97764c25-9c5a-484b-91e3-8bbca32e8fb6,2440ecb1-3934-42e2-b14a-68276e486c0f
97764c25-9c5a-484b-91e3-8bbca32e8fb6,32a5d89f-53a2-4c0e-afcf-98963fe8d0b9
97764c25-9c5a-484b-91e3-8bbca32e8fb6,5a03a82f-a1bc-4682-b5e7-d51f2a5a35d4
97764c25-9c5a-484b-91e3-8bbca32e8fb6,62c661ac-1b72-4c37-af41-c93f79f76136
97764c25-9c5a-484b-91e3-8bbca32e8fb6,75f27fa0-badc-4891-8688-96873d4fe08e
97764c25-9c5a-484b-91e3-8bbca32e8fb6,7d715e2d-f1c9-4684-82a3-8b31d04a0d81
97764c25-9c5a-484b-91e3-8bbca32e8fb6,aeb90458-ac5a-4d38-bceb-40d99e6bacad
97764c25-9c5a-484b-91e3-8bbca32e8fb6,d74042dd-c843-4933-a963-d20e0bfa1f76
97764c25-9c5a-484b-91e3-8bbca32e8fb6,de162e3d-1564-47d6-b961-b239c2c8cee8
97764c25-9c5a-484b-91e3-8bbca32e8fb6,e2827b12-3ffa-4aac-b230-fb6ecc315689
97764c25-9c5a-484b-91e3-8bbca32e8fb6,e77a14b3-2a37-484e-9276-971bf6f6d489
97a26617-0bbd-4763-9a3f-cfa8fe44ef37,e31cfb1a-7bdb-41f8-aad1-4bf16105f7c9
97b19b04-f41a-4ed8-82b3-06f128781965,24a8570d-7050-4cfe-ae20-23782ddce3af
97c308d2-4198-409e-9b73-57819b970fa6,a16e7761-bb77-4b64-95f0-34476c25730f
97c32ab9-7556-4167-8e89-ee02f0f79be9,bfd9db52-f555-4005-9ed7-51998f495a6e
97d93cff-8b8c-45b1-819d-db516c40b423,417acd7b-5a04-4c1e-bef8-c67bca94e5c0
97ddce5b-6b83-43d4-a817-b02fb7405cc3,3aa3c7d2-ce8e-41a7-b079-3d233a4ab913
98771b03-1e86-4008-9979-381698869f0f,7e38030b-645d-4eec-a8b6-5caf7ff0f4f7
98771b03-1e86-4008-9979-381698869f0f,829ceb34-77f2-4418-a875-a85c9b61d04e
9890c619-aa3e-429a-a3bc-5bd373bdf87a,d2c771fc-3002-4080-b8a5-0262a6f0f8d6
989c587f-bded-4910-b8c5-28efd1c8ee92,a222f6fd-c6be-4885-b81d-3ab02020cd56
98dbe698-22d2-45e9-bd44-d5664e143388,62376c3d-0434-44f4-9e7a-59f47fcdf3e5
9913eff1-43e8-4d3c-ac27-d3448e8f17bf,66fb62bd-dc7e-487a-91c8-2aac5313f04c
992323af-f36a-479a-9007-4e7772579767,9155a6e0-6fab-4fd4-8352-a2922542a8bd
99289158-8fb4-432a-a21d-b747cee37e79,24a8570d-7050-4cfe-ae20-23782ddce3af
995a1404-5940-46fa-b5e9-b45b1dfb9a7c,0c6ae99d-b423-4ed2-9ebe-cdecf7aaf1e0
995a1404-5940-46fa-b5e9-b45b1dfb9a7c,51704133-414a-460b-9a4b-b86d00fff2bb
995a1404-5940-46fa-b5e9-b45b1dfb9a7c,522185c9-71db-4d3a-8af2-f114f2c9ee07
995a1404-5940-46fa-b5e9-b45b1dfb9a7c,72ed4ea5-1cd4-4b82-8f32-36dedd47b844
995a1404-5940-46fa-b5e9-b45b1dfb9a7c,82f6531f-14c0-442a-ba64-1c427193123a
995a1404-5940-46fa-b5e9-b45b1dfb9a7c,d2c771fc-3002-4080-b8a5-0262a6f0f8d6
995a1404-5940-46fa-b5e9-b45b1dfb9a7c,e4aae1be-4688-4e12-a10c-689942ea2549
997a8c40-ae8c-41cb-844b-778361ebd40d,24a8570d-7050-4cfe-ae20-23782ddce3af
997e602c-b949-443f-a3b2-617bbf7d3914,03fa5be1-3ccf-4ad5-927e-58552025b591
99a44761-18ab-4aff-8eb1-a063aab069ff,43d37c45-173b-498b-a559-f6d366d5b683
99b7be93-8a74-4951-b17b-54f7a246086e,d2c771fc-3002-4080-b8a5-0262a6f0f8d6
99c45c16-c9f0-4563-b903-652cd17132d4,767542c0-b6ad-4890-9c39-6758288ad28d
99d4e457-a8e8-46b6-9d56-cf96c51f739d,44ff6e3b-62ef-4938-bd15-009a21682279
99f898f5-0ed9-474b-ab2b-f5e5c00b2c4d,66fb62bd-dc7e-487a-91c8-2aac5313f04c
99f94bb1-73fd-474b-a08e-db531289ebf6,215e20fc-eb6e-4b2b-a156-358b09e8d6e5
99f94bb1-73fd-474b-a08e-db531289ebf6,231abd64-489c-4ad4-a479-25149749e46d
99f94bb1-73fd-474b-a08e-db531289ebf6,23d08ffd-c8b1-47cf-81ef-9aaefd7cb25c
99f94bb1-73fd-474b-a08e-db531289ebf6,2433c1ce-a106-46d8-9e55-d39048f181be
99f94bb1-73fd-474b-a08e-db531289ebf6,2b8f045a-991f-41ea-a9aa-7fe7fa2cb284
99f94bb1-73fd-474b-a08e-db531289ebf6,35aba451-11e8-41a5-8d59-793fbe95ab16
99f94bb1-73fd-474b-a08e-db531289ebf6,379836fb-418b-4a84-9855-df663fa70287
99f94bb1-73fd-474b-a08e-db531289ebf6,3bed11f7-8078-4bc0-9f0b-fb63ad36eb52
99f94bb1-73fd-474b-a08e-db531289ebf6,491a77ba-c137-4b09-8f77-5025b51f6f49
99f94bb1-73fd-474b-a08e-db531289ebf6,5b91900e-7aa6-4d72-8ece-ca17974806c9
99f94bb1-73fd-474b-a08e-db531289ebf6,9b905870-ca93-4abc-99d9-9c597c7995b4
99f94bb1-73fd-474b-a08e-db531289ebf6,9e9b6c9e-eec7-4b2b-9cde-c422906d75de
99f94bb1-73fd-474b-a08e-db531289ebf6,9f8b8b69-06d9-45e1-ba81-c82b0b9684ad
99f94bb1-73fd-474b-a08e-db531289ebf6,b238f7cd-e61e-4185-9eac-16dd198925cc
99f94bb1-73fd-474b-a08e-db531289ebf6,d22b34dc-3699-45f4-aec6-a2b6eae08b1e
99f94bb1-73fd-474b-a08e-db531289ebf6,db892084-d011-451f-88c1-5739a91b4a4a
99f94bb1-73fd-474b-a08e-db531289ebf6,df6d053b-bc97-4606-8416-9c76dd3380c4
9a02bf0c-978c-4283-a8e7-8ffddcb2d875,03fa5be1-3ccf-4ad5-927e-58552025b591
9a0a20f8-f020-485b-acb7-c14cb718ca64,171b2457-3f69-4812-a061-5644c12f1ec8
9a30664c-f1cb-4347-bff2-2336061258e5,482b3f73-f2e8-4120-910e-611629bedc66
9a50928d-d742-4cd5-9f8c-405ad91f9e20,9efa54a7-b463-4ba9-bfd2-e1985ad0a07e
9a605e83-f611-46f8-b1a2-663c0736d38a,9155a6e0-6fab-4fd4-8352-a2922542a8bd
9a6da18c-ba9c-4ed8-abad-0ed190ff352c,647746ed-dbc5-45c3-80c9-308699cb7e0a
9a7f2703-ad83-4359-a224-854c953cae93,417acd7b-5a04-4c1e-bef8-c67bca94e5c0
9aadca35-e317-466c-907f-2c2d4e6a45b6,5a8aef51-eb39-4e21-80f2-eaee1d7159e1
9abca143-a6a5-4c04-8e11-35e0ada0507b,55c9124d-c835-4603-a84d-d6133b9caa94
9ad41afe-bd40-465c-b4b2-cbf6f544cc6c,7191ddc3-51fa-49f7-ad54-90ad8b762894
9ae8fc37-d353-483f-a709-4f989fed841e,215e20fc-eb6e-4b2b-a156-358b09e8d6e5
9ae8fc37-d353-483f-a709-4f989fed841e,231abd64-489c-4ad4-a479-25149749e46d
9ae8fc37-d353-483f-a709-4f989fed841e,379836fb-418b-4a84-9855-df663fa70287
9ae8fc37-d353-483f-a709-4f989fed841e,9f8b8b69-06d9-45e1-ba81-c82b0b9684ad
9ae8fc37-d353-483f-a709-4f989fed841e,d22b34dc-3699-45f4-aec6-a2b6eae08b1e
9ae8fc37-d353-483f-a709-4f989fed841e,db892084-d011-451f-88c1-5739a91b4a4a
9b060ec9-d3dc-40cb-b01e-767bbe8b6dcc,05ad3e6f-1119-454a-8a35-582dba10e297
9b278f14-214f-4bff-8f5a-d2bd50d69ce6,0c6ae99d-b423-4ed2-9ebe-cdecf7aaf1e0
9b278f14-214f-4bff-8f5a-d2bd50d69ce6,51704133-414a-460b-9a4b-b86d00fff2bb
9b278f14-214f-4bff-8f5a-d2bd50d69ce6,522185c9-71db-4d3a-8af2-f114f2c9ee07
9b278f14-214f-4bff-8f5a-d2bd50d69ce6,72ed4ea5-1cd4-4b82-8f32-36dedd47b844
9b278f14-214f-4bff-8f5a-d2bd50d69ce6,82f6531f-14c0-442a-ba64-1c427193123a
9b278f14-214f-4bff-8f5a-d2bd50d69ce6,d2c771fc-3002-4080-b8a5-0262a6f0f8d6
9b278f14-214f-4bff-8f5a-d2bd50d69ce6,e4aae1be-4688-4e12-a10c-689942ea2549
9b580877-d9e7-4842-a9ee-730de524b9aa,d22b34dc-3699-45f4-aec6-a2b6eae08b1e
9b82f3a4-c69f-46d3-945a-804864016e52,036101a9-55ee-4907-bb38-dd852a22f700
9b82f3a4-c69f-46d3-945a-804864016e52,0e4564f4-fccb-4711-9751-41f02a57630d
9b82f3a4-c69f-46d3-945a-804864016e52,0ef548cb-4f13-48df-b69a-16ff6ba002eb
9b82f3a4-c69f-46d3-945a-804864016e52,12bcb9ab-22ed-48f2-8af1-1dde03c33add
9b82f3a4-c69f-46d3-945a-804864016e52,1c759347-c27f-4641-8a50-5a71784e1303
9b82f3a4-c69f-46d3-945a-804864016e52,2440ecb1-3934-42e2-b14a-68276e486c0f
9b82f3a4-c69f-46d3-945a-804864016e52,32a5d89f-53a2-4c0e-afcf-98963fe8d0b9
9b82f3a4-c69f-46d3-945a-804864016e52,5a03a82f-a1bc-4682-b5e7-d51f2a5a35d4
9b82f3a4-c69f-46d3-945a-804864016e52,62c661ac-1b72-4c37-af41-c93f79f76136
9b82f3a4-c69f-46d3-945a-804864016e52,75f27fa0-badc-4891-8688-96873d4fe08e
9b82f3a4-c69f-46d3-945a-804864016e52,7d715e2d-f1c9-4684-82a3-8b31d04a0d81
9b82f3a4-c69f-46d3-945a-804864016e52,aeb90458-ac5a-4d38-bceb-40d99e6bacad
9b82f3a4-c69f-46d3-945a-804864016e52,d74042dd-c843-4933-a963-d20e0bfa1f76
9b82f3a4-c69f-46d3-945a-804864016e52,e2827b12-3ffa-4aac-b230-fb6ecc315689
9b82f3a4-c69f-46d3-945a-804864016e52,e77a14b3-2a37-484e-9276-971bf6f6d489
9b9ed56c-5529-40ca-be04-d66c66a0473d,457f041a-58af-45db-8e50-724943c1f2f0
9baeecd2-7cad-44df-8ca0-2513a8178ba8,03fa5be1-3ccf-4ad5-927e-58552025b591
9bb3979a-ccaf-412e-b808-ab9f1a124dba,457f041a-58af-45db-8e50-724943c1f2f0
9bc0ae67-8674-4355-84f7-040ba5d300c5,9155a6e0-6fab-4fd4-8352-a2922542a8bd
9bdb4d7a-a86e-4c0f-9374-ec3733c5a7bf,a222f6fd-c6be-4885-b81d-3ab02020cd56
9bde6668-211f-4d2b-87c0-26d0d744013e,62abd51a-8cb6-4ddc-a7e6-36b8cd372fa6
9beefe62-dbae-4e48-8ea9-9b08adc716a2,e31cfb1a-7bdb-41f8-aad1-4bf16105f7c9
9c04333c-e547-4e6a-bcb2-6999f3e6b6cf,66fb62bd-dc7e-487a-91c8-2aac5313f04c
9c2150a3-7d13-4c1e-8935-c8426e75eab5,c037df06-e52d-4ec7-9c76-6b0366773195
9c3485a6-1b58-41f8-9560-b46967880546,a0511dc9-79e4-49d0-9c4e-e6fa7cf048ac
9ca6845f-3193-4df4-9cbe-2e87b80a3c75,4a8d1c27-63c7-4495-b5ff-d8ddccc55b46
9cca2c32-61b1-4678-ac21-9a7b52b7a6de,436dcd7c-93a2-4f05-a897-ec9f70284459
9ce78ffe-8c01-4806-8332-96f32890077c,43d37c45-173b-498b-a559-f6d366d5b683
9d108381-5a48-402d-ac28-55275f5e9cfe,0c6ae99d-b423-4ed2-9ebe-cdecf7aaf1e0
9d15d46b-a431-42d8-83de-01cc4fde7e04,0c6ae99d-b423-4ed2-9ebe-cdecf7aaf1e0
9d2aeed5-77d9-4db5-96c0-c007d172d367,2440ecb1-3934-42e2-b14a-68276e486c0f
9d658527-688d-4da7-a3ac-89ea01677c4a,43d37c45-173b-498b-a559-f6d366d5b683
9dc18847-a14e-4ffb-87aa-3882a3a3c6a6,e31cfb1a-7bdb-41f8-aad1-4bf16105f7c9
9ddc545a-30f2-4763-98a4-fba2853fd9ea,7e38030b-645d-4eec-a8b6-5caf7ff0f4f7
9e575e0e-a24c-476e-b0fd-088cb3649dc5,457f041a-58af-45db-8e50-724943c1f2f0
9e6dec8e-0102-4a6b-b055-51147349432f,4351f588-0b35-42bb-bbff-4e001ed57af2
9e8ade2e-912e-4a29-89d9-fef346d49f02,a222f6fd-c6be-4885-b81d-3ab02020cd56
9e8f3e6b-5bd0-45ad-845c-6028fc9b9f22,e4aae1be-4688-4e12-a10c-689942ea2549
9eef30ae-d6d9-4603-87ec-229ad0044f7c,036101a9-55ee-4907-bb38-dd852a22f700
9eef30ae-d6d9-4603-87ec-229ad0044f7c,0e4564f4-fccb-4711-9751-41f02a57630d
9eef30ae-d6d9-4603-87ec-229ad0044f7c,1c759347-c27f-4641-8a50-5a71784e1303
9eef30ae-d6d9-4603-87ec-229ad0044f7c,2440ecb1-3934-42e2-b14a-68276e486c0f
9eef30ae-d6d9-4603-87ec-229ad0044f7c,32a5d89f-53a2-4c0e-afcf-98963fe8d0b9
9eef30ae-d6d9-4603-87ec-229ad0044f7c,5a03a82f-a1bc-4682-b5e7-d51f2a5a35d4
9eef30ae-d6d9-4603-87ec-229ad0044f7c,62c661ac-1b72-4c37-af41-c93f79f76136
9eef30ae-d6d9-4603-87ec-229ad0044f7c,75f27fa0-badc-4891-8688-96873d4fe08e
9eef30ae-d6d9-4603-87ec-229ad0044f7c,e2827b12-3ffa-4aac-b230-fb6ecc315689
9f0f9d22-48c2-4cf5-9531-0fea6224e176,137f9927-45b8-422c-9443-69925aee9133
9f304dd5-a73a-4b26-8143-bf0c1474e229,171b2457-3f69-4812-a061-5644c12f1ec8
9f3dc3a6-9794-4a57-9581-3793862b6c0e,e4aae1be-4688-4e12-a10c-689942ea2549
9f42bdc3-4922-4efa-8dc5-8b1f1f8cd255,544e0f8c-c804-480f-8b4e-0a7c46d7e0e6
9f42bdc3-4922-4efa-8dc5-8b1f1f8cd255,55c9124d-c835-4603-a84d-d6133b9caa94
9f42bdc3-4922-4efa-8dc5-8b1f1f8cd255,647746ed-dbc5-45c3-80c9-308699cb7e0a
9f42bdc3-4922-4efa-8dc5-8b1f1f8cd255,829ceb34-77f2-4418-a875-a85c9b61d04e
9f42bdc3-4922-4efa-8dc5-8b1f1f8cd255,a0511dc9-79e4-49d0-9c4e-e6fa7cf048ac
9f42bdc3-4922-4efa-8dc5-8b1f1f8cd255,d373a6c3-0949-4c8d-bff0-0bec129949cb
9f42bdc3-4922-4efa-8dc5-8b1f1f8cd255,e31cfb1a-7bdb-41f8-aad1-4bf16105f7c9
9f7a83f9-5a03-4021-921b-85f1df9149cd,544e0f8c-c804-480f-8b4e-0a7c46d7e0e6
9f7a83f9-5a03-4021-921b-85f1df9149cd,647746ed-dbc5-45c3-80c9-308699cb7e0a
9f7a83f9-5a03-4021-921b-85f1df9149cd,829ceb34-77f2-4418-a875-a85c9b61d04e
9f7a83f9-5a03-4021-921b-85f1df9149cd,a0511dc9-79e4-49d0-9c4e-e6fa7cf048ac
9f7a83f9-5a03-4021-921b-85f1df9149cd,d373a6c3-0949-4c8d-bff0-0bec129949cb
9f7a83f9-5a03-4021-921b-85f1df9149cd,e31cfb1a-7bdb-41f8-aad1-4bf16105f7c9
9feb7fa6-848f-46ed-bc48-f2269a887471,522185c9-71db-4d3a-8af2-f114f2c9ee07
a092f334-83d5-4c05-86af-8d6d596829dc,43d37c45-173b-498b-a559-f6d366d5b683
a0a2d490-6352-406c-82c3-cbf72c832287,e55015a5-7dab-40e0-bc58-89793e204e2b
a0a346e9-1313-4cbe-849b-748a79fb3914,8cb560d6-6667-43f8-8d99-1f8d4c61e306
a0c8deca-6a7e-43cc-b4ab-5bd9519abe12,7191ddc3-51fa-49f7-ad54-90ad8b762894
a0ec1fdb-d9ef-425c-bff1-7b1dee8b5904,522185c9-71db-4d3a-8af2-f114f2c9ee07
a1038a2e-bcfd-42f2-90bb-1f5d5b1b5657,7e38030b-645d-4eec-a8b6-5caf7ff0f4f7
a11a6585-ce63-499c-94f1-5e38c1c2342a,dd651749-1819-43e1-8c71-8f1681756dc7
a11d4d5f-4c68-401c-805a-a93040d5fe74,0222ca08-476b-445b-99bb-2be261fed6dd
a11d4d5f-4c68-401c-805a-a93040d5fe74,0729681f-b9a4-4f1e-853f-b1d2d1f98a54
a11d4d5f-4c68-401c-805a-a93040d5fe74,08e99c61-7a78-4756-9372-b5acb90d68cb
a11d4d5f-4c68-401c-805a-a93040d5fe74,0afb7dbf-9bf4-42df-8d9b-c5c5823163b4
a11d4d5f-4c68-401c-805a-a93040d5fe74,137f9927-45b8-422c-9443-69925aee9133
a11d4d5f-4c68-401c-805a-a93040d5fe74,15fb25ef-c321-42d5-b559-52387bc62c2d
a11d4d5f-4c68-401c-805a-a93040d5fe74,16462278-ae0c-401c-95d6-13c8479ef79a
a11d4d5f-4c68-401c-805a-a93040d5fe74,171b2457-3f69-4812-a061-5644c12f1ec8
a11d4d5f-4c68-401c-805a-a93040d5fe74,1d854b40-c70f-4356-aab2-582dc0eeaaa1
a11d4d5f-4c68-401c-805a-a93040d5fe74,242f8767-d308-491d-836b-cbde4710dba0
a11d4d5f-4c68-401c-805a-a93040d5fe74,2f6627d7-1eab-4ed1-9b7f-2c0e93de3d3e
a11d4d5f-4c68-401c-805a-a93040d5fe74,33c9d6c8-ca52-4800-adf6-752ae5cdbcf8
a11d4d5f-4c68-401c-805a-a93040d5fe74,3aa3c7d2-ce8e-41a7-b079-3d233a4ab913
a11d4d5f-4c68-401c-805a-a93040d5fe74,3aa81966-f32d-4c89-8921-ad54b9778237
a11d4d5f-4c68-401c-805a-a93040d5fe74,3bc597e6-6255-479a-950d-a517fabe18a4
a11d4d5f-4c68-401c-805a-a93040d5fe74,4351f588-0b35-42bb-bbff-4e001ed57af2
a11d4d5f-4c68-401c-805a-a93040d5fe74,436dcd7c-93a2-4f05-a897-ec9f70284459
a11d4d5f-4c68-401c-805a-a93040d5fe74,45b822a3-6034-403d-89a1-61e13c9a0438
a11d4d5f-4c68-401c-805a-a93040d5fe74,482b3f73-f2e8-4120-910e-611629bedc66
a11d4d5f-4c68-401c-805a-a93040d5fe74,4b557e16-e4ad-4e51-8086-d3148de3058a
a11d4d5f-4c68-401c-805a-a93040d5fe74,5169fd73-6a48-495c-a26a-845ab9925ffc
a11d4d5f-4c68-401c-805a-a93040d5fe74,576e9334-2999-40f3-adab-654e479687e7
a11d4d5f-4c68-401c-805a-a93040d5fe74,5c2fb3e1-571c-415a-bba4-2646565bd61b
a11d4d5f-4c68-401c-805a-a93040d5fe74,678a7e7b-eb3b-4edb-b936-7ff752539b4f
a11d4d5f-4c68-401c-805a-a93040d5fe74,74346f09-730b-4628-b407-bb0606c9b3ed
a11d4d5f-4c68-401c-805a-a93040d5fe74,767542c0-b6ad-4890-9c39-6758288ad28d
a11d4d5f-4c68-401c-805a-a93040d5fe74,829f029a-6269-428e-b86e-d732af830b7a
a11d4d5f-4c68-401c-805a-a93040d5fe74,859a6d71-40d0-49e4-abd1-7d4276bc79ff
a11d4d5f-4c68-401c-805a-a93040d5fe74,89a12b8d-00fe-4e32-b1b9-d23975d69b93
a11d4d5f-4c68-401c-805a-a93040d5fe74,92f466d7-0b8f-4bd4-bf21-bd2719200ed6
a11d4d5f-4c68-401c-805a-a93040d5fe74,97208173-d9f7-4c75-ab1f-14dc98161990
a11d4d5f-4c68-401c-805a-a93040d5fe74,9e5e9111-06ee-46a0-be70-f276435cdfcd
a11d4d5f-4c68-401c-805a-a93040d5fe74,b5b59391-5603-4175-b835-984741c27c6d
a11d4d5f-4c68-401c-805a-a93040d5fe74,c072de75-a161-4297-b90a-6ffab2e6f7b7
a11d4d5f-4c68-401c-805a-a93040d5fe74,caf77995-339c-45d7-a047-54939a30139f
a11d4d5f-4c68-401c-805a-a93040d5fe74,d22cb3fc-37c4-4abc-a71f-17b8c97180a9
a11d4d5f-4c68-401c-805a-a93040d5fe74,d4b6fd7f-f369-4109-878f-31521ce1add3
a11d4d5f-4c68-401c-805a-a93040d5fe74,d8891972-86f2-4b09-a8e2-36e914bb2739
a11d4d5f-4c68-401c-805a-a93040d5fe74,e6972467-8d2c-4957-b840-669fe6451292
a11d4d5f-4c68-401c-805a-a93040d5fe74,eef09911-e118-444b-8f72-b72aac7ddf5d
a11d4d5f-4c68-401c-805a-a93040d5fe74,f348d2be-eb89-477d-9f6e-86af32e64804
a11d4d5f-4c68-401c-805a-a93040d5fe74,f52ba493-4181-45a2-baa2-111b61078623
a11d4d5f-4c68-401c-805a-a93040d5fe74,f5995c6d-fcaa-4fef-be11-b11d4b42d7a0
a11d4d5f-4c68-401c-805a-a93040d5fe74,f920120b-959a-47ab-940a-b415695d11c0
a11d4d5f-4c68-401c-805a-a93040d5fe74,f9663452-790b-45af-96fc-a9d248a0a7e1
a11d4d5f-4c68-401c-805a-a93040d5fe74,fa02d679-4b62-41cd-b820-af795d16efe8
a13094ba-5062-40d6-91be-134e23792ad5,1991e91f-47dc-4258-b20f-83025cdf2ad7
a1384031-9ba5-47e2-9b87-4903fbba281d,647746ed-dbc5-45c3-80c9-308699cb7e0a
a1a2e845-6869-4180-ae16-92fb4f16e5f8,1037fc7e-fe56-4871-8f45-1cab6ba06720
a1a74f47-95d8-4bbe-96a4-54334b2bf4c6,7e38030b-645d-4eec-a8b6-5caf7ff0f4f7
a1aab228-bf9f-4eeb-b65b-1ba66f07a437,e31cfb1a-7bdb-41f8-aad1-4bf16105f7c9
a1b1881f-6f71-48ca-a188-67415b3eba46,0afb7dbf-9bf4-42df-8d9b-c5c5823163b4
a1cdb548-10a4-4257-9b31-f8aa162f2125,b8a65c48-e8d5-4b02-969a-c9c8484713e1
a1e5c0d6-caaf-4a12-b5cf-9b697554aa7a,4a8d1c27-63c7-4495-b5ff-d8ddccc55b46
a1f10751-7d40-4875-8ff2-31d382fd07eb,5a8aef51-eb39-4e21-80f2-eaee1d7159e1
a219e8a3-1576-4329-84bc-09fe452ea648,a222f6fd-c6be-4885-b81d-3ab02020cd56
a22ca3f3-d644-44c1-b8dd-58c5ceceb332,a0511dc9-79e4-49d0-9c4e-e6fa7cf048ac
a248e430-bd45-4369-83e4-a570e772d26c,65f02524-c997-4c43-812f-0f8a9e721eed
a24c2a0b-807e-49b0-9c0c-bb9da2de76a3,859a6d71-40d0-49e4-abd1-7d4276bc79ff
a309385b-05f4-4960-aa16-8d7184cce766,2479d03b-88a5-4196-8346-fcab230c56f8
a30b4896-56b3-4762-be04-e95794f4a450,b238f7cd-e61e-4185-9eac-16dd198925cc
a30b4896-56b3-4762-be04-e95794f4a450,d22b34dc-3699-45f4-aec6-a2b6eae08b1e
a34bf2d8-fc98-4049-b8d9-24c5f5aa4504,983f93b2-7c6f-403a-8160-b3f44f600058
a3d51230-9d11-47a3-b15c-27142c9f1dce,4cb8aeac-e4d2-41c8-8985-6e983aec9b46
a3ecaaf1-29cf-4cd0-b828-affe4b42400c,f12ffb5a-c385-4e8e-bcfd-15d5d12cf176
a3f7c433-d532-40d0-8808-bc871ce1d722,a0511dc9-79e4-49d0-9c4e-e6fa7cf048ac
a3f91145-0faf-43df-821c-651c9b349212,785bb530-e7d9-4aaf-9fb2-228301957de9
a4381d94-3886-48c3-8c57-714a8fa52a65,7a543a7f-c721-4f16-a458-f4c2e7f33fe8
a49a2461-2a05-435e-9e92-8f5e42f4c978,9155a6e0-6fab-4fd4-8352-a2922542a8bd
a4aef26d-185e-4210-8b69-924a891a388f,b8a65c48-e8d5-4b02-969a-c9c8484713e1
a4c46e0b-5e8b-45b0-9f18-0f7fc5bf173f,8de79a1c-2dca-494c-946a-90619a00df5f
a4c80828-b9d8-4c8c-af7e-1d6df54f0224,03fa5be1-3ccf-4ad5-927e-58552025b591
a4f6664d-2434-43f1-b6a1-f297404d7854,744d9599-5453-4dca-b19e-1ff5eebced9e
a51b35e8-ee50-4df4-82f3-8f664b79358a,647746ed-dbc5-45c3-80c9-308699cb7e0a
a53c208c-4e0e-4391-8a4a-c08a20324dd6,66fb62bd-dc7e-487a-91c8-2aac5313f04c
a5552355-065f-4bbb-b138-51cd21de8f32,0c6ae99d-b423-4ed2-9ebe-cdecf7aaf1e0
a5552355-065f-4bbb-b138-51cd21de8f32,51704133-414a-460b-9a4b-b86d00fff2bb
a5552355-065f-4bbb-b138-51cd21de8f32,522185c9-71db-4d3a-8af2-f114f2c9ee07
a5552355-065f-4bbb-b138-51cd21de8f32,72ed4ea5-1cd4-4b82-8f32-36dedd47b844
a5552355-065f-4bbb-b138-51cd21de8f32,82f6531f-14c0-442a-ba64-1c427193123a
a5552355-065f-4bbb-b138-51cd21de8f32,d2c771fc-3002-4080-b8a5-0262a6f0f8d6
a5552355-065f-4bbb-b138-51cd21de8f32,e4aae1be-4688-4e12-a10c-689942ea2549
a5616981-da97-4ca2-a3d4-c49254cd1b59,22b77ce5-a36d-4c5d-bcb3-165449fa4578
a5616981-da97-4ca2-a3d4-c49254cd1b59,63ca510e-1d42-43ad-b903-511d02ddb5ca
a5616981-da97-4ca2-a3d4-c49254cd1b59,a16c9fe6-19e8-40d6-9e83-a33a71902022
a571cf95-31a8-40ad-a4e0-dafb03fd52bf,82f6531f-14c0-442a-ba64-1c427193123a
a5b45b0d-35df-4cfb-a9a6-8d0c12a85576,d91b99fa-c786-42d4-b6a7-57a18f99c3eb
a60f39f2-3713-42cf-9410-e19105fa2880,2244cf69-2b5c-4650-a05d-5e27fc0732d3
a6422d7d-cfae-4d8c-8826-1358c494930a,0729681f-b9a4-4f1e-853f-b1d2d1f98a54
a679c005-0a65-497f-98dc-a08a853474ec,44ff6e3b-62ef-4938-bd15-009a21682279
a6999c6a-fcbd-431e-b4fc-c514300dd0f2,05ad3e6f-1119-454a-8a35-582dba10e297
a6a2b5c2-7dba-4cbe-947d-7d48046f689a,0ef548cb-4f13-48df-b69a-16ff6ba002eb
a6a2b5c2-7dba-4cbe-947d-7d48046f689a,12bcb9ab-22ed-48f2-8af1-1dde03c33add
a6a2b5c2-7dba-4cbe-947d-7d48046f689a,1c759347-c27f-4641-8a50-5a71784e1303
a6a2b5c2-7dba-4cbe-947d-7d48046f689a,2440ecb1-3934-42e2-b14a-68276e486c0f
a6a2b5c2-7dba-4cbe-947d-7d48046f689a,75f27fa0-badc-4891-8688-96873d4fe08e
a6a2b5c2-7dba-4cbe-947d-7d48046f689a,e77a14b3-2a37-484e-9276-971bf6f6d489
a6ab457b-fd0e-4171-ac60-8d2d9b9342ef,1037fc7e-fe56-4871-8f45-1cab6ba06720
a6bc504e-8503-4fe3-a8ba-c0e82f56315a,97208173-d9f7-4c75-ab1f-14dc98161990
a6de69cb-3609-4211-a6cd-6a67ccaa0ee7,8cb560d6-6667-43f8-8d99-1f8d4c61e306
a6f345b1-d8bf-4ff3-8e5f-afce801bd703,457f041a-58af-45db-8e50-724943c1f2f0
a6f6d170-08fe-4a7d-97b5-bd4ca3e0d7f8,24a8570d-7050-4cfe-ae20-23782ddce3af
a6f961cc-8c15-4eef-9121-f3ba593407fe,c71aff62-a156-4a9f-856f-ca7cc685d192
a747940d-ca2e-4868-bda9-b31070c3b61f,db892084-d011-451f-88c1-5739a91b4a4a
a75d5fe5-49d7-45a0-9fc2-abdbfb69c793,caf77995-339c-45d7-a047-54939a30139f
a80f7f2a-0c28-4b32-8bda-92499f3bc164,c71aff62-a156-4a9f-856f-ca7cc685d192
a820a5a2-a455-4394-84c0-aedb0b46dec3,43d37c45-173b-498b-a559-f6d366d5b683
a84d08cb-a61d-4213-853b-621b99662b67,767542c0-b6ad-4890-9c39-6758288ad28d
a86e9d3d-176f-4e77-b192-49907f75960b,0c6ae99d-b423-4ed2-9ebe-cdecf7aaf1e0
a888b368-d93a-407a-926b-81ee9eecd493,43d37c45-173b-498b-a559-f6d366d5b683
a8941c3b-88e0-414a-bcd1-97cd1cb31d89,7a543a7f-c721-4f16-a458-f4c2e7f33fe8
a8cbdc03-5b45-477f-a732-0969a1506f1a,5a8aef51-eb39-4e21-80f2-eaee1d7159e1
a917ca0e-1ea8-4b62-bd53-1c4025bedf36,544e0f8c-c804-480f-8b4e-0a7c46d7e0e6
a917ca0e-1ea8-4b62-bd53-1c4025bedf36,55c9124d-c835-4603-a84d-d6133b9caa94
a917ca0e-1ea8-4b62-bd53-1c4025bedf36,829ceb34-77f2-4418-a875-a85c9b61d04e
a959380c-53d4-4f04-89e8-a7d77d249430,2244cf69-2b5c-4650-a05d-5e27fc0732d3
a98c774f-1e2e-4fe0-917a-d240174441c1,4351f588-0b35-42bb-bbff-4e001ed57af2
a999fcd0-2889-4b41-9fdd-f1a9651ee96a,32a5d89f-53a2-4c0e-afcf-98963fe8d0b9
a999fcd0-2889-4b41-9fdd-f1a9651ee96a,62c661ac-1b72-4c37-af41-c93f79f76136
a9afd12f-613f-4d6c-b093-6ffab9501456,05ad3e6f-1119-454a-8a35-582dba10e297
a9afd12f-613f-4d6c-b093-6ffab9501456,62376c3d-0434-44f4-9e7a-59f47fcdf3e5
a9b0178c-53ee-4c8c-8b0a-17827c2cd8e9,1037fc7e-fe56-4871-8f45-1cab6ba06720
a9eeaffe-c484-45f7-bce1-f54c2c755fa9,8cb560d6-6667-43f8-8d99-1f8d4c61e306
aa2dd87c-fed8-4e2c-bd2f-21222802cf41,7e38030b-645d-4eec-a8b6-5caf7ff0f4f7
aa307510-ed0f-46f2-9b69-fed1ae68d3a2,43d37c45-173b-498b-a559-f6d366d5b683
aa8d4782-62c8-45dc-82f8-a32e99ccad33,2479d03b-88a5-4196-8346-fcab230c56f8
aab6bc47-c2da-4bc4-b51f-c2d66c66bf11,e31cfb1a-7bdb-41f8-aad1-4bf16105f7c9
ab5140cf-2ed4-41f5-931e-d3128218872f,4a8d1c27-63c7-4495-b5ff-d8ddccc55b46
ab554d9b-c79a-4222-88e7-06d83f00e38d,829ceb34-77f2-4418-a875-a85c9b61d04e
ab76a9ef-6a0f-4913-b53a-8d3f31ad6e88,8de79a1c-2dca-494c-946a-90619a00df5f
abbc61d7-c8da-42ec-8cb1-dd8fc4024705,4a8d1c27-63c7-4495-b5ff-d8ddccc55b46
ac0d6ba9-e13c-46a8-99e4-8424e9bcc7a6,417acd7b-5a04-4c1e-bef8-c67bca94e5c0
ac22a2ae-8131-45e2-80a1-e471c08e0680,1991e91f-47dc-4258-b20f-83025cdf2ad7
ac5c65c8-565e-4cee-8168-cd70df5ad79f,51704133-414a-460b-9a4b-b86d00fff2bb
ac8d9df5-73cd-453b-a997-fe33be682c79,d373a6c3-0949-4c8d-bff0-0bec129949cb
aca6b098-c3c0-4162-a877-7e71b5e52111,43d37c45-173b-498b-a559-f6d366d5b683
acc4da74-83ac-421d-831e-c9a6f13555cf,a16e7761-bb77-4b64-95f0-34476c25730f
ad13222a-1ea8-493d-8fb3-3cee6bd2435e,1037fc7e-fe56-4871-8f45-1cab6ba06720
ad1a75b3-d5bb-4e58-a9bd-d13d095fc75e,2433c1ce-a106-46d8-9e55-d39048f181be
ad1a75b3-d5bb-4e58-a9bd-d13d095fc75e,2b8f045a-991f-41ea-a9aa-7fe7fa2cb284
ad1a75b3-d5bb-4e58-a9bd-d13d095fc75e,35aba451-11e8-41a5-8d59-793fbe95ab16
ad1a75b3-d5bb-4e58-a9bd-d13d095fc75e,491a77ba-c137-4b09-8f77-5025b51f6f49
ad1a75b3-d5bb-4e58-a9bd-d13d095fc75e,5b91900e-7aa6-4d72-8ece-ca17974806c9
ad1a75b3-d5bb-4e58-a9bd-d13d095fc75e,9b905870-ca93-4abc-99d9-9c597c7995b4
ad1a75b3-d5bb-4e58-a9bd-d13d095fc75e,9e9b6c9e-eec7-4b2b-9cde-c422906d75de
ad1a75b3-d5bb-4e58-a9bd-d13d095fc75e,df6d053b-bc97-4606-8416-9c76dd3380c4
ad277fb1-a827-45de-b827-1f26fcf10a28,7a543a7f-c721-4f16-a458-f4c2e7f33fe8
ad3a5f92-bc13-4bac-8673-1563a5df792c,d2c771fc-3002-4080-b8a5-0262a6f0f8d6
ad559b01-d5df-40ed-ba73-22e4622463d0,544e0f8c-c804-480f-8b4e-0a7c46d7e0e6
ad559b01-d5df-40ed-ba73-22e4622463d0,55c9124d-c835-4603-a84d-d6133b9caa94
ad559b01-d5df-40ed-ba73-22e4622463d0,647746ed-dbc5-45c3-80c9-308699cb7e0a
ad559b01-d5df-40ed-ba73-22e4622463d0,829ceb34-77f2-4418-a875-a85c9b61d04e
ad559b01-d5df-40ed-ba73-22e4622463d0,a0511dc9-79e4-49d0-9c4e-e6fa7cf048ac
ad559b01-d5df-40ed-ba73-22e4622463d0,d373a6c3-0949-4c8d-bff0-0bec129949cb
ad559b01-d5df-40ed-ba73-22e4622463d0,e31cfb1a-7bdb-41f8-aad1-4bf16105f7c9
ad859fa2-c872-4da2-ac40-d1810f138b21,647746ed-dbc5-45c3-80c9-308699cb7e0a
addf1d59-554b-4a9c-aec8-20e2d8bd510b,d373a6c3-0949-4c8d-bff0-0bec129949cb
addf1d59-554b-4a9c-aec8-20e2d8bd510b,e31cfb1a-7bdb-41f8-aad1-4bf16105f7c9
adfc8b95-6cfb-4268-a310-bf217776af18,62c661ac-1b72-4c37-af41-c93f79f76136
ae01b45a-d49d-41f4-ade7-3cd84ab64e71,e4aae1be-4688-4e12-a10c-689942ea2549
ae081da7-d698-43f1-833d-0dbb7ccdb90d,24a8570d-7050-4cfe-ae20-23782ddce3af
ae09b857-ab57-45ac-b489-729906bcff6a,4a8d1c27-63c7-4495-b5ff-d8ddccc55b46
ae405f75-23e7-4b09-b387-a1e77f3f2b92,55c9124d-c835-4603-a84d-d6133b9caa94
ae4363cf-7353-40ef-93db-36ac3409f5f0,43d37c45-173b-498b-a559-f6d366d5b683
ae51dd70-12f5-46db-a74f-b3344ebcdf7a,0ef548cb-4f13-48df-b69a-16ff6ba002eb
ae51dd70-12f5-46db-a74f-b3344ebcdf7a,2440ecb1-3934-42e2-b14a-68276e486c0f
ae51dd70-12f5-46db-a74f-b3344ebcdf7a,32a5d89f-53a2-4c0e-afcf-98963fe8d0b9
ae51dd70-12f5-46db-a74f-b3344ebcdf7a,5a03a82f-a1bc-4682-b5e7-d51f2a5a35d4
ae51dd70-12f5-46db-a74f-b3344ebcdf7a,7d715e2d-f1c9-4684-82a3-8b31d04a0d81
ae51dd70-12f5-46db-a74f-b3344ebcdf7a,d74042dd-c843-4933-a963-d20e0bfa1f76
ae51dd70-12f5-46db-a74f-b3344ebcdf7a,e2827b12-3ffa-4aac-b230-fb6ecc315689
ae53d45c-72f6-4d5f-bce7-fc1048c17c74,23d08ffd-c8b1-47cf-81ef-9aaefd7cb25c
ae680942-bc4c-4eb1-a2de-20d46a132fa2,44ff6e3b-62ef-4938-bd15-009a21682279
ae6b9b18-98ba-4b09-8bf6-e7601faaaa2a,43d37c45-173b-498b-a559-f6d366d5b683
ae6eb7e7-c1ff-42ef-a3d6-b60b633da06b,d92c0843-882b-4d03-9cce-5d4066af012d
ae761cf0-acc4-4780-b45c-fac670f4f101,44ff6e3b-62ef-4938-bd15-009a21682279
ae8b5ac3-a859-4e8f-9cb8-009439fe07da,983f93b2-7c6f-403a-8160-b3f44f600058
ae8d6fbd-fe8d-4646-9fe3-2d405e6ea6d0,43d37c45-173b-498b-a559-f6d366d5b683
ae9ec37d-da9a-4110-aae5-eb6e40b726e0,62abd51a-8cb6-4ddc-a7e6-36b8cd372fa6
aed59a68-a1aa-41ab-9e7a-54822be771dd,bfd9db52-f555-4005-9ed7-51998f495a6e
aedab7b7-eb5f-440b-a1a7-79eed1826cf3,2479d03b-88a5-4196-8346-fcab230c56f8
af044da5-28c7-437c-b260-fa854c2f3bc8,7e38030b-645d-4eec-a8b6-5caf7ff0f4f7
af05374e-f502-4218-ba4a-460065eaa76a,7e38030b-645d-4eec-a8b6-5caf7ff0f4f7
af533db1-4429-41b0-927b-30a94e70903c,43d37c45-173b-498b-a559-f6d366d5b683
af7a6367-0a56-4cad-b171-f2eab1378941,a0511dc9-79e4-49d0-9c4e-e6fa7cf048ac
af9bc2e6-ecb7-48b0-87c0-55f567c7e421,9155a6e0-6fab-4fd4-8352-a2922542a8bd
afcdaeb8-4779-4b86-ae48-7c4604bc64f4,43d37c45-173b-498b-a559-f6d366d5b683
afe4e70a-3b03-4de2-8032-4598d5bf8e59,c40e17e9-0f15-4d13-90cf-0800fe3a428b
aff3ee84-9101-41af-9821-7491188fc562,d373a6c3-0949-4c8d-bff0-0bec129949cb
b003de8a-2393-4d0d-bd70-0b2e7283b001,171b2457-3f69-4812-a061-5644c12f1ec8
b009893b-8529-48ee-8d49-96db2d2ad26d,0222ca08-476b-445b-99bb-2be261fed6dd
b00c3a5e-07ad-4ee0-847a-0584a6ec87e9,4cb8aeac-e4d2-41c8-8985-6e983aec9b46
b050ec81-0bc9-4028-9c6c-b7006fb43449,829ceb34-77f2-4418-a875-a85c9b61d04e
b0732ef0-3045-41cb-82d1-e4589bbde74a,e31cfb1a-7bdb-41f8-aad1-4bf16105f7c9
b07e1cb9-7db7-42d0-ae02-bf79c9f76b3f,5a8aef51-eb39-4e21-80f2-eaee1d7159e1
b111a45d-1500-4bee-a1de-6ab6516c349f,3aa81966-f32d-4c89-8921-ad54b9778237
b120971f-e0aa-4fdd-9982-ae396cabe822,5a8aef51-eb39-4e21-80f2-eaee1d7159e1
b1317309-3dbf-439f-a3df-f8f9df0a1875,03fa5be1-3ccf-4ad5-927e-58552025b591
b14e8970-54c3-4885-96c2-8585c48d713a,4a8d1c27-63c7-4495-b5ff-d8ddccc55b46
b16c37e1-c732-429a-91af-cb69e60f4b24,62abd51a-8cb6-4ddc-a7e6-36b8cd372fa6
b17e8f86-976d-4eaa-8b55-788124aa6d4c,0222ca08-476b-445b-99bb-2be261fed6dd
b1887bab-28b6-4a00-8461-06fdd8e06011,482b3f73-f2e8-4120-910e-611629bedc66
b1a14f1f-117f-4c42-be59-34f2772366c3,55c9124d-c835-4603-a84d-d6133b9caa94
b1a51629-7dd4-4229-b63f-d774bc043946,b8a65c48-e8d5-4b02-969a-c9c8484713e1
b1b033cf-05d0-41e4-93f9-d20f03bf72ab,215e20fc-eb6e-4b2b-a156-358b09e8d6e5
b1b033cf-05d0-41e4-93f9-d20f03bf72ab,231abd64-489c-4ad4-a479-25149749e46d
b1b033cf-05d0-41e4-93f9-d20f03bf72ab,23d08ffd-c8b1-47cf-81ef-9aaefd7cb25c
b1b033cf-05d0-41e4-93f9-d20f03bf72ab,379836fb-418b-4a84-9855-df663fa70287
b1b033cf-05d0-41e4-93f9-d20f03bf72ab,3bed11f7-8078-4bc0-9f0b-fb63ad36eb52
b1b033cf-05d0-41e4-93f9-d20f03bf72ab,9f8b8b69-06d9-45e1-ba81-c82b0b9684ad
b1b033cf-05d0-41e4-93f9-d20f03bf72ab,b238f7cd-e61e-4185-9eac-16dd198925cc
b1b033cf-05d0-41e4-93f9-d20f03bf72ab,d22b34dc-3699-45f4-aec6-a2b6eae08b1e
b1b97856-c6e5-4b8d-be53-ae05850649f2,0222ca08-476b-445b-99bb-2be261fed6dd
b1cbc8bb-1372-4bbe-97ac-7e445788e398,2479d03b-88a5-4196-8346-fcab230c56f8
b1e5ef5a-50be-4180-9d5d-88073e091cb3,9155a6e0-6fab-4fd4-8352-a2922542a8bd
b20d222c-806d-42d7-a035-f185962e3c1f,43d37c45-173b-498b-a559-f6d366d5b683
b20e525c-fa7b-4af5-89fb-56b0e0d12d6a,0c6ae99d-b423-4ed2-9ebe-cdecf7aaf1e0
b20e525c-fa7b-4af5-89fb-56b0e0d12d6a,72ed4ea5-1cd4-4b82-8f32-36dedd47b844
b27b22ad-f828-4261-8f8d-d196b3c6f839,08e99c61-7a78-4756-9372-b5acb90d68cb
b27b22ad-f828-4261-8f8d-d196b3c6f839,0afb7dbf-9bf4-42df-8d9b-c5c5823163b4
b27b22ad-f828-4261-8f8d-d196b3c6f839,137f9927-45b8-422c-9443-69925aee9133
b27b22ad-f828-4261-8f8d-d196b3c6f839,1d854b40-c70f-4356-aab2-582dc0eeaaa1
b27b22ad-f828-4261-8f8d-d196b3c6f839,3aa81966-f32d-4c89-8921-ad54b9778237
b27b22ad-f828-4261-8f8d-d196b3c6f839,436dcd7c-93a2-4f05-a897-ec9f70284459
b27b22ad-f828-4261-8f8d-d196b3c6f839,45b822a3-6034-403d-89a1-61e13c9a0438
b27b22ad-f828-4261-8f8d-d196b3c6f839,482b3f73-f2e8-4120-910e-611629bedc66
b27b22ad-f828-4261-8f8d-d196b3c6f839,576e9334-2999-40f3-adab-654e479687e7
b27b22ad-f828-4261-8f8d-d196b3c6f839,5c2fb3e1-571c-415a-bba4-2646565bd61b
b27b22ad-f828-4261-8f8d-d196b3c6f839,5e62fa46-4d65-4bb6-a97f-9dd567c9585f
b27b22ad-f828-4261-8f8d-d196b3c6f839,767542c0-b6ad-4890-9c39-6758288ad28d
b27b22ad-f828-4261-8f8d-d196b3c6f839,829f029a-6269-428e-b86e-d732af830b7a
b27b22ad-f828-4261-8f8d-d196b3c6f839,859a6d71-40d0-49e4-abd1-7d4276bc79ff
b27b22ad-f828-4261-8f8d-d196b3c6f839,97208173-d9f7-4c75-ab1f-14dc98161990
b27b22ad-f828-4261-8f8d-d196b3c6f839,9e5e9111-06ee-46a0-be70-f276435cdfcd
b27b22ad-f828-4261-8f8d-d196b3c6f839,b5b59391-5603-4175-b835-984741c27c6d
b27b22ad-f828-4261-8f8d-d196b3c6f839,caf77995-339c-45d7-a047-54939a30139f
b27b22ad-f828-4261-8f8d-d196b3c6f839,e6972467-8d2c-4957-b840-669fe6451292
b27b22ad-f828-4261-8f8d-d196b3c6f839,eef09911-e118-444b-8f72-b72aac7ddf5d
b27b22ad-f828-4261-8f8d-d196b3c6f839,f348d2be-eb89-477d-9f6e-86af32e64804
b27b22ad-f828-4261-8f8d-d196b3c6f839,f5995c6d-fcaa-4fef-be11-b11d4b42d7a0
b27b22ad-f828-4261-8f8d-d196b3c6f839,f920120b-959a-47ab-940a-b415695d11c0
b27b22ad-f828-4261-8f8d-d196b3c6f839,fa02d679-4b62-41cd-b820-af795d16efe8
b2905c0b-96c1-4a6a-b3b8-acc96448132b,9155a6e0-6fab-4fd4-8352-a2922542a8bd
b2b2f447-b5e4-4043-b17a-3f57ea8295a2,a222f6fd-c6be-4885-b81d-3ab02020cd56
b2b73425-053f-4b76-a378-c42d819ec433,55c9124d-c835-4603-a84d-d6133b9caa94
b2e53a6f-27e7-47bd-80b5-568d3824fecc,51704133-414a-460b-9a4b-b86d00fff2bb
b2f470d3-9cdd-442e-aadc-e21b8cfa077b,0c6ae99d-b423-4ed2-9ebe-cdecf7aaf1e0
b2f470d3-9cdd-442e-aadc-e21b8cfa077b,51704133-414a-460b-9a4b-b86d00fff2bb
b2f470d3-9cdd-442e-aadc-e21b8cfa077b,522185c9-71db-4d3a-8af2-f114f2c9ee07
b2f470d3-9cdd-442e-aadc-e21b8cfa077b,72ed4ea5-1cd4-4b82-8f32-36dedd47b844
b2f470d3-9cdd-442e-aadc-e21b8cfa077b,82f6531f-14c0-442a-ba64-1c427193123a
b2f470d3-9cdd-442e-aadc-e21b8cfa077b,d2c771fc-3002-4080-b8a5-0262a6f0f8d6
b2f470d3-9cdd-442e-aadc-e21b8cfa077b,e4aae1be-4688-4e12-a10c-689942ea2549
b31eee0e-abbe-4ac7-82e7-38a21d3c6ad1,f12ffb5a-c385-4e8e-bcfd-15d5d12cf176
b3274664-261e-49fb-a112-b17347e402d1,a0511dc9-79e4-49d0-9c4e-e6fa7cf048ac
b349dd13-e507-4508-8953-93411ffc0dd8,f52ba493-4181-45a2-baa2-111b61078623
b34da070-af59-4028-8ad0-78a0bff4880f,0c6ae99d-b423-4ed2-9ebe-cdecf7aaf1e0
b34da070-af59-4028-8ad0-78a0bff4880f,51704133-414a-460b-9a4b-b86d00fff2bb
b34da070-af59-4028-8ad0-78a0bff4880f,522185c9-71db-4d3a-8af2-f114f2c9ee07
b34da070-af59-4028-8ad0-78a0bff4880f,72ed4ea5-1cd4-4b82-8f32-36dedd47b844
b34da070-af59-4028-8ad0-78a0bff4880f,82f6531f-14c0-442a-ba64-1c427193123a
b34da070-af59-4028-8ad0-78a0bff4880f,e4aae1be-4688-4e12-a10c-689942ea2549
b3840236-92fa-4c80-afe1-46ba5a3fa798,d91b99fa-c786-42d4-b6a7-57a18f99c3eb
b3c9df1d-16ef-4431-b668-61592d63f7a1,9efa54a7-b463-4ba9-bfd2-e1985ad0a07e
b41ddb52-3194-41ba-b819-3231bbbf71df,d373a6c3-0949-4c8d-bff0-0bec129949cb
b41ddb52-3194-41ba-b819-3231bbbf71df,e31cfb1a-7bdb-41f8-aad1-4bf16105f7c9
b44e975a-b578-4acd-a133-1323292ccb6e,d91b99fa-c786-42d4-b6a7-57a18f99c3eb
b457bf45-c340-496f-9743-350f29e1951f,0afb7dbf-9bf4-42df-8d9b-c5c5823163b4
b49c01b3-2cd8-47d7-8717-28c0b7c1315c,d2c771fc-3002-4080-b8a5-0262a6f0f8d6
b4b51e47-f6be-4e5f-aa88-7c5bfb5c02fd,522185c9-71db-4d3a-8af2-f114f2c9ee07
b4cc3cce-0085-476b-8ac1-88390b52c0a6,4cb8aeac-e4d2-41c8-8985-6e983aec9b46
b4e2ad84-ada6-4a31-be3c-15d60da267a4,f348d2be-eb89-477d-9f6e-86af32e64804
b50342ee-8152-4905-8e91-4a03449312d3,983f93b2-7c6f-403a-8160-b3f44f600058
b526faa7-b218-4329-ac80-4e9c7a1e5ee9,d2c771fc-3002-4080-b8a5-0262a6f0f8d6
b55550fe-a797-4e93-b025-389ba0eb22a6,d92c0843-882b-4d03-9cce-5d4066af012d
b55a0f3e-105f-4b09-8c4d-a2900e4f48d2,0afb7dbf-9bf4-42df-8d9b-c5c5823163b4
b5d2fa96-9c38-43e5-9850-3e21fcb16e74,417acd7b-5a04-4c1e-bef8-c67bca94e5c0
b5d2fa96-9c38-43e5-9850-3e21fcb16e74,44ff6e3b-62ef-4938-bd15-009a21682279
b633c33c-ffcd-486f-9148-247000064a5d,5a8aef51-eb39-4e21-80f2-eaee1d7159e1
b633f56b-0c22-42b3-a5a0-4535648b43db,0c6ae99d-b423-4ed2-9ebe-cdecf7aaf1e0
b633f56b-0c22-42b3-a5a0-4535648b43db,51704133-414a-460b-9a4b-b86d00fff2bb
b633f56b-0c22-42b3-a5a0-4535648b43db,522185c9-71db-4d3a-8af2-f114f2c9ee07
b633f56b-0c22-42b3-a5a0-4535648b43db,82f6531f-14c0-442a-ba64-1c427193123a
b633f56b-0c22-42b3-a5a0-4535648b43db,d2c771fc-3002-4080-b8a5-0262a6f0f8d6
b633f56b-0c22-42b3-a5a0-4535648b43db,e4aae1be-4688-4e12-a10c-689942ea2549
b639f4de-51de-4892-b04c-2f16e8915d8c,c037df06-e52d-4ec7-9c76-6b0366773195
b65ce8f9-90fb-434d-91c4-16c351b70680,647746ed-dbc5-45c3-80c9-308699cb7e0a
b6805d5b-e887-4003-9db3-3700b88fd412,05ad3e6f-1119-454a-8a35-582dba10e297
b6a07463-35e2-4dc2-9b3d-7b844a65119d,55c9124d-c835-4603-a84d-d6133b9caa94
b6d946fa-c03b-4dbf-af08-883f822cc069,647746ed-dbc5-45c3-80c9-308699cb7e0a
b6f6bc05-0286-45d6-ab4d-77b4d1105ea6,2244cf69-2b5c-4650-a05d-5e27fc0732d3
b7146fd7-b461-445f-a452-89b1245c9651,0afb7dbf-9bf4-42df-8d9b-c5c5823163b4
b75e54fc-bdb7-42db-ba10-85ebd41c83b9,72ed4ea5-1cd4-4b82-8f32-36dedd47b844
b777bbbf-0cb0-4c62-8d7f-3ac65a0d8c2f,b5b59391-5603-4175-b835-984741c27c6d
b77801cd-a326-4a7d-914e-a1ef0d6a423e,417acd7b-5a04-4c1e-bef8-c67bca94e5c0
b77a3ab3-0488-4c59-b50d-8d40af6414c7,522185c9-71db-4d3a-8af2-f114f2c9ee07
b787b4c8-f614-4641-aff0-9356d86eae59,5a8aef51-eb39-4e21-80f2-eaee1d7159e1
b7972d39-c021-4107-8cef-2c3bcfc1d298,d92c0843-882b-4d03-9cce-5d4066af012d
b7a2f02b-fc23-4b11-bdad-1fbe23591b7a,1ff8953d-9c1d-4f7b-b0c6-a4a5d30445cd
b7c97756-e088-4152-9ff4-9c067515a7c3,a0511dc9-79e4-49d0-9c4e-e6fa7cf048ac
b7da9633-0fb0-4caf-8e3f-fbcb979e4b83,e31cfb1a-7bdb-41f8-aad1-4bf16105f7c9
b7e1dd6d-2c5a-42d7-b717-92823a415fcf,829ceb34-77f2-4418-a875-a85c9b61d04e
b8025c7b-08b5-45ff-984c-c8973da2865a,a0511dc9-79e4-49d0-9c4e-e6fa7cf048ac
b86fe775-d97b-4f8e-8239-b3b6f82f666d,22f024bd-1b76-4d8b-9287-324ef29f5d48
b87b30db-efba-4141-98ec-d85995e17b6b,b5b59391-5603-4175-b835-984741c27c6d
b8a3fcca-fd3d-4ea4-a0d4-e0438e30561e,647746ed-dbc5-45c3-80c9-308699cb7e0a
b8c2928a-c590-4254-a6e5-59242c2b1086,e4aae1be-4688-4e12-a10c-689942ea2549
b8e8d654-0ddf-4ae5-bd3e-f4a68e7f1812,0222ca08-476b-445b-99bb-2be261fed6dd
b96fd1e9-0447-45da-a8cf-50700a97d048,2479d03b-88a5-4196-8346-fcab230c56f8
b98bcc3d-bf98-46e5-8ab0-3db14c92f08b,036101a9-55ee-4907-bb38-dd852a22f700
b98bcc3d-bf98-46e5-8ab0-3db14c92f08b,1c302ee8-0f03-498c-ad14-649a0af36f1c
b98bcc3d-bf98-46e5-8ab0-3db14c92f08b,32a5d89f-53a2-4c0e-afcf-98963fe8d0b9
b98bcc3d-bf98-46e5-8ab0-3db14c92f08b,5a03a82f-a1bc-4682-b5e7-d51f2a5a35d4
b98bcc3d-bf98-46e5-8ab0-3db14c92f08b,aeb90458-ac5a-4d38-bceb-40d99e6bacad
b98bcc3d-bf98-46e5-8ab0-3db14c92f08b,d74042dd-c843-4933-a963-d20e0bfa1f76
b98bcc3d-bf98-46e5-8ab0-3db14c92f08b,de162e3d-1564-47d6-b961-b239c2c8cee8
b98bcc3d-bf98-46e5-8ab0-3db14c92f08b,e2827b12-3ffa-4aac-b230-fb6ecc315689
b9910f6e-9678-419d-b8c3-5f9873bc2466,544e0f8c-c804-480f-8b4e-0a7c46d7e0e6
b9910f6e-9678-419d-b8c3-5f9873bc2466,55c9124d-c835-4603-a84d-d6133b9caa94
b9910f6e-9678-419d-b8c3-5f9873bc2466,829ceb34-77f2-4418-a875-a85c9b61d04e
b997ccce-f16f-462f-94d7-8318b4568270,785bb530-e7d9-4aaf-9fb2-228301957de9
b99b44e0-e887-4bb9-a568-24dace7c7854,036101a9-55ee-4907-bb38-dd852a22f700
b99b44e0-e887-4bb9-a568-24dace7c7854,0ef548cb-4f13-48df-b69a-16ff6ba002eb
b9b1105e-979b-4797-9060-b1ef27db5853,66fb62bd-dc7e-487a-91c8-2aac5313f04c
b9dce547-9e62-4186-90b5-cf8ab2fd86d2,5a8aef51-eb39-4e21-80f2-eaee1d7159e1
b9e3fddd-1163-44a2-9e45-f1a38e432de7,fa02d679-4b62-41cd-b820-af795d16efe8
ba2b234e-839f-4952-a488-9606e56c22bb,2244cf69-2b5c-4650-a05d-5e27fc0732d3
ba427d95-2614-46e1-bf28-ab0c0deb8917,bfd9db52-f555-4005-9ed7-51998f495a6e
ba9e9173-f209-4980-b109-fd1b701b23fc,82f6531f-14c0-442a-ba64-1c427193123a
bad45262-80a7-4414-99e4-59b5aa1128ec,66fb62bd-dc7e-487a-91c8-2aac5313f04c
bae71ef8-a873-4e5e-ac07-17311842fd0d,036101a9-55ee-4907-bb38-dd852a22f700
bae71ef8-a873-4e5e-ac07-17311842fd0d,0e4564f4-fccb-4711-9751-41f02a57630d
bae71ef8-a873-4e5e-ac07-17311842fd0d,0ef548cb-4f13-48df-b69a-16ff6ba002eb
bae71ef8-a873-4e5e-ac07-17311842fd0d,12bcb9ab-22ed-48f2-8af1-1dde03c33add
bae71ef8-a873-4e5e-ac07-17311842fd0d,1c302ee8-0f03-498c-ad14-649a0af36f1c
bae71ef8-a873-4e5e-ac07-17311842fd0d,1c759347-c27f-4641-8a50-5a71784e1303
bae71ef8-a873-4e5e-ac07-17311842fd0d,2440ecb1-3934-42e2-b14a-68276e486c0f
bae71ef8-a873-4e5e-ac07-17311842fd0d,32a5d89f-53a2-4c0e-afcf-98963fe8d0b9
bae71ef8-a873-4e5e-ac07-17311842fd0d,5a03a82f-a1bc-4682-b5e7-d51f2a5a35d4
bae71ef8-a873-4e5e-ac07-17311842fd0d,62c661ac-1b72-4c37-af41-c93f79f76136
bae71ef8-a873-4e5e-ac07-17311842fd0d,75f27fa0-badc-4891-8688-96873d4fe08e
bae71ef8-a873-4e5e-ac07-17311842fd0d,7d715e2d-f1c9-4684-82a3-8b31d04a0d81
bae71ef8-a873-4e5e-ac07-17311842fd0d,aeb90458-ac5a-4d38-bceb-40d99e6bacad
bae71ef8-a873-4e5e-ac07-17311842fd0d,d74042dd-c843-4933-a963-d20e0bfa1f76
bae71ef8-a873-4e5e-ac07-17311842fd0d,de162e3d-1564-47d6-b961-b239c2c8cee8
bae71ef8-a873-4e5e-ac07-17311842fd0d,e2827b12-3ffa-4aac-b230-fb6ecc315689
bae71ef8-a873-4e5e-ac07-17311842fd0d,e77a14b3-2a37-484e-9276-971bf6f6d489
baf67819-fb77-4226-b802-9d117903b9cc,9155a6e0-6fab-4fd4-8352-a2922542a8bd
bb12c07f-9664-47f3-a0df-e5a4118ac628,43d37c45-173b-498b-a559-f6d366d5b683
bb29598a-b4d7-40d9-8cee-60d002e5e547,0c6ae99d-b423-4ed2-9ebe-cdecf7aaf1e0
bb29598a-b4d7-40d9-8cee-60d002e5e547,45b822a3-6034-403d-89a1-61e13c9a0438
bb505329-ed60-48fd-a64d-1bbdd550c856,4cb8aeac-e4d2-41c8-8985-6e983aec9b46
bb60a063-882c-4757-a900-398b5e163697,35aba451-11e8-41a5-8d59-793fbe95ab16
bb60a063-882c-4757-a900-398b5e163697,491a77ba-c137-4b09-8f77-5025b51f6f49
bb60a063-882c-4757-a900-398b5e163697,9b905870-ca93-4abc-99d9-9c597c7995b4
bb60a063-882c-4757-a900-398b5e163697,9e9b6c9e-eec7-4b2b-9cde-c422906d75de
bb745f17-36e0-49f1-9a8b-7d2ba55c2366,2244cf69-2b5c-4650-a05d-5e27fc0732d3
bb80ba36-ee06-409d-a7ae-e4656e25e655,829ceb34-77f2-4418-a875-a85c9b61d04e
bb88bbaf-736b-4ff3-bae9-66ac6b1d8985,2479d03b-88a5-4196-8346-fcab230c56f8
bb9afdf7-f9a0-4123-a1e7-23fd62c69bee,08d26104-a8e3-45af-a3ac-ca6236d7ff1f
bb9afdf7-f9a0-4123-a1e7-23fd62c69bee,485c69d7-47c0-4ad5-94b1-ab3880f53e4a
bba7b88f-2b16-479f-bceb-4687b7709239,43d37c45-173b-498b-a559-f6d366d5b683
bbb13be8-5acb-4707-ab24-695adbd4b778,647746ed-dbc5-45c3-80c9-308699cb7e0a
bbc5f87c-cf2d-4b0b-9ccb-c640fab1c001,43d37c45-173b-498b-a559-f6d366d5b683
bc36c3e2-f199-457a-972f-ee1f74b720b8,457f041a-58af-45db-8e50-724943c1f2f0
bc3a9942-ad35-4aba-83bd-42ecc889a532,72ed4ea5-1cd4-4b82-8f32-36dedd47b844
bc6ca4cf-7a5f-475a-86de-2bb0cfeab9cc,d92c0843-882b-4d03-9cce-5d4066af012d
bc8fdcf8-2e3f-4f73-bdb1-60a6f1e3e7e6,c037df06-e52d-4ec7-9c76-6b0366773195
bc996a87-03df-40cd-b7c7-3654cde407cc,7a543a7f-c721-4f16-a458-f4c2e7f33fe8
bcaeb9d7-d575-444e-bf5f-4512677f9436,55c9124d-c835-4603-a84d-d6133b9caa94
bcb0a825-675e-464e-86b3-9a7ffa328ade,0afb7dbf-9bf4-42df-8d9b-c5c5823163b4
bcb465f9-1a5f-4561-b78e-fc4959bce8e2,c71aff62-a156-4a9f-856f-ca7cc685d192
bce45cbd-cfd5-491c-81cc-54d6328abfaf,457f041a-58af-45db-8e50-724943c1f2f0
bd0f9e66-a88b-40f0-81e2-84d7a732e323,c71aff62-a156-4a9f-856f-ca7cc685d192
bd8dbe01-b83e-4954-a22c-f7de0b020e56,1991e91f-47dc-4258-b20f-83025cdf2ad7
bd92d19c-c453-4c24-8912-eb47944a21e2,9155a6e0-6fab-4fd4-8352-a2922542a8bd
bdb2dc3f-b637-42b9-bfde-d7532e465733,544e0f8c-c804-480f-8b4e-0a7c46d7e0e6
bdb2dc3f-b637-42b9-bfde-d7532e465733,55c9124d-c835-4603-a84d-d6133b9caa94
bdb2dc3f-b637-42b9-bfde-d7532e465733,829ceb34-77f2-4418-a875-a85c9b61d04e
bdb3400d-824c-417f-b469-a78db3be3221,457f041a-58af-45db-8e50-724943c1f2f0
bdb646d4-d36f-4330-a4f7-340dac96e531,55c9124d-c835-4603-a84d-d6133b9caa94
bdb832b9-8e25-4ea4-bd70-2b1f0b44e64e,66fb62bd-dc7e-487a-91c8-2aac5313f04c
bddc1261-f177-432a-9830-9df98fbc8d75,417acd7b-5a04-4c1e-bef8-c67bca94e5c0
bddc1261-f177-432a-9830-9df98fbc8d75,66fb62bd-dc7e-487a-91c8-2aac5313f04c
bdffb97a-f586-4ea0-9810-c52da6abb120,0729681f-b9a4-4f1e-853f-b1d2d1f98a54
be4157a4-9f42-4c01-a160-d0960b4452b8,24a8570d-7050-4cfe-ae20-23782ddce3af
be73bd6d-14bf-4dd1-bc91-25b3c517e2f6,4cb8aeac-e4d2-41c8-8985-6e983aec9b46
be759daa-79e0-4288-a6e0-4238a1c8e1e5,03fa5be1-3ccf-4ad5-927e-58552025b591
be759daa-79e0-4288-a6e0-4238a1c8e1e5,05ad3e6f-1119-454a-8a35-582dba10e297
be759daa-79e0-4288-a6e0-4238a1c8e1e5,1991e91f-47dc-4258-b20f-83025cdf2ad7
be759daa-79e0-4288-a6e0-4238a1c8e1e5,2244cf69-2b5c-4650-a05d-5e27fc0732d3
be759daa-79e0-4288-a6e0-4238a1c8e1e5,2479d03b-88a5-4196-8346-fcab230c56f8
be759daa-79e0-4288-a6e0-4238a1c8e1e5,24a8570d-7050-4cfe-ae20-23782ddce3af
be759daa-79e0-4288-a6e0-4238a1c8e1e5,417acd7b-5a04-4c1e-bef8-c67bca94e5c0
be759daa-79e0-4288-a6e0-4238a1c8e1e5,44ff6e3b-62ef-4938-bd15-009a21682279
be759daa-79e0-4288-a6e0-4238a1c8e1e5,457f041a-58af-45db-8e50-724943c1f2f0
be759daa-79e0-4288-a6e0-4238a1c8e1e5,4a8d1c27-63c7-4495-b5ff-d8ddccc55b46
be759daa-79e0-4288-a6e0-4238a1c8e1e5,4cb8aeac-e4d2-41c8-8985-6e983aec9b46
be759daa-79e0-4288-a6e0-4238a1c8e1e5,5a8aef51-eb39-4e21-80f2-eaee1d7159e1
be759daa-79e0-4288-a6e0-4238a1c8e1e5,62376c3d-0434-44f4-9e7a-59f47fcdf3e5
be759daa-79e0-4288-a6e0-4238a1c8e1e5,62abd51a-8cb6-4ddc-a7e6-36b8cd372fa6
be759daa-79e0-4288-a6e0-4238a1c8e1e5,66fb62bd-dc7e-487a-91c8-2aac5313f04c
be759daa-79e0-4288-a6e0-4238a1c8e1e5,7a543a7f-c721-4f16-a458-f4c2e7f33fe8
be759daa-79e0-4288-a6e0-4238a1c8e1e5,7e38030b-645d-4eec-a8b6-5caf7ff0f4f7
be759daa-79e0-4288-a6e0-4238a1c8e1e5,8cb560d6-6667-43f8-8d99-1f8d4c61e306
be759daa-79e0-4288-a6e0-4238a1c8e1e5,9155a6e0-6fab-4fd4-8352-a2922542a8bd
be759daa-79e0-4288-a6e0-4238a1c8e1e5,9603fa20-90ec-4de8-98eb-e83ff72e0a3c
be759daa-79e0-4288-a6e0-4238a1c8e1e5,983f93b2-7c6f-403a-8160-b3f44f600058
be759daa-79e0-4288-a6e0-4238a1c8e1e5,9efa54a7-b463-4ba9-bfd2-e1985ad0a07e
be759daa-79e0-4288-a6e0-4238a1c8e1e5,a16e7761-bb77-4b64-95f0-34476c25730f
be759daa-79e0-4288-a6e0-4238a1c8e1e5,b8a65c48-e8d5-4b02-969a-c9c8484713e1
be759daa-79e0-4288-a6e0-4238a1c8e1e5,d91b99fa-c786-42d4-b6a7-57a18f99c3eb
be759daa-79e0-4288-a6e0-4238a1c8e1e5,d92c0843-882b-4d03-9cce-5d4066af012d
be759daa-79e0-4288-a6e0-4238a1c8e1e5,e55015a5-7dab-40e0-bc58-89793e204e2b
be759daa-79e0-4288-a6e0-4238a1c8e1e5,f12ffb5a-c385-4e8e-bcfd-15d5d12cf176
be9df1a0-8362-4bd7-913a-5c65419df87b,41639101-fa91-4543-9a62-0953ee074fd4
be9df1a0-8362-4bd7-913a-5c65419df87b,624d3443-4059-4042-8697-666b49d90c63
be9df1a0-8362-4bd7-913a-5c65419df87b,d8268b85-b2a4-437b-af6c-9168fcba7074
bec90d90-b762-4005-9651-534de8ba4f1d,544e0f8c-c804-480f-8b4e-0a7c46d7e0e6
bec90d90-b762-4005-9651-534de8ba4f1d,55c9124d-c835-4603-a84d-d6133b9caa94
bec90d90-b762-4005-9651-534de8ba4f1d,829ceb34-77f2-4418-a875-a85c9b61d04e
bece4539-3f82-4d89-834b-972c487f07a9,215e20fc-eb6e-4b2b-a156-358b09e8d6e5
bece4539-3f82-4d89-834b-972c487f07a9,231abd64-489c-4ad4-a479-25149749e46d
bece4539-3f82-4d89-834b-972c487f07a9,23d08ffd-c8b1-47cf-81ef-9aaefd7cb25c
bece4539-3f82-4d89-834b-972c487f07a9,2433c1ce-a106-46d8-9e55-d39048f181be
bece4539-3f82-4d89-834b-972c487f07a9,2b8f045a-991f-41ea-a9aa-7fe7fa2cb284
bece4539-3f82-4d89-834b-972c487f07a9,35aba451-11e8-41a5-8d59-793fbe95ab16
bece4539-3f82-4d89-834b-972c487f07a9,379836fb-418b-4a84-9855-df663fa70287
bece4539-3f82-4d89-834b-972c487f07a9,3bed11f7-8078-4bc0-9f0b-fb63ad36eb52
bece4539-3f82-4d89-834b-972c487f07a9,491a77ba-c137-4b09-8f77-5025b51f6f49
bece4539-3f82-4d89-834b-972c487f07a9,5b91900e-7aa6-4d72-8ece-ca17974806c9
bece4539-3f82-4d89-834b-972c487f07a9,9b905870-ca93-4abc-99d9-9c597c7995b4
bece4539-3f82-4d89-834b-972c487f07a9,9e9b6c9e-eec7-4b2b-9cde-c422906d75de
bece4539-3f82-4d89-834b-972c487f07a9,9f8b8b69-06d9-45e1-ba81-c82b0b9684ad
bece4539-3f82-4d89-834b-972c487f07a9,b238f7cd-e61e-4185-9eac-16dd198925cc
bece4539-3f82-4d89-834b-972c487f07a9,d22b34dc-3699-45f4-aec6-a2b6eae08b1e
bece4539-3f82-4d89-834b-972c487f07a9,db892084-d011-451f-88c1-5739a91b4a4a
bece4539-3f82-4d89-834b-972c487f07a9,df6d053b-bc97-4606-8416-9c76dd3380c4
befabc00-e794-4a42-9675-7e730d22b15a,03fa5be1-3ccf-4ad5-927e-58552025b591
bf582184-20e4-4dac-b6e4-3fe95f0302be,bfd9db52-f555-4005-9ed7-51998f495a6e
bf9c57ed-1031-4358-ad0b-f958af2ff275,544e0f8c-c804-480f-8b4e-0a7c46d7e0e6
bf9c57ed-1031-4358-ad0b-f958af2ff275,829ceb34-77f2-4418-a875-a85c9b61d04e
bfaf6d6d-35d4-4533-82c4-cc4076ee18ae,51704133-414a-460b-9a4b-b86d00fff2bb
bfb00eca-5a04-41ba-bcad-8ab67a06b280,43d37c45-173b-498b-a559-f6d366d5b683
bfbbb2a6-d993-4126-8e2a-dd5291b95ef4,0c6ae99d-b423-4ed2-9ebe-cdecf7aaf1e0
bfbbb2a6-d993-4126-8e2a-dd5291b95ef4,51704133-414a-460b-9a4b-b86d00fff2bb
bfbbb2a6-d993-4126-8e2a-dd5291b95ef4,522185c9-71db-4d3a-8af2-f114f2c9ee07
bfbbb2a6-d993-4126-8e2a-dd5291b95ef4,72ed4ea5-1cd4-4b82-8f32-36dedd47b844
bfbbb2a6-d993-4126-8e2a-dd5291b95ef4,82f6531f-14c0-442a-ba64-1c427193123a
bfbbb2a6-d993-4126-8e2a-dd5291b95ef4,d2c771fc-3002-4080-b8a5-0262a6f0f8d6
bfbbb2a6-d993-4126-8e2a-dd5291b95ef4,e4aae1be-4688-4e12-a10c-689942ea2549
bfbdd066-fca8-46ed-9c9e-a5ca29b86731,e31cfb1a-7bdb-41f8-aad1-4bf16105f7c9
bfe4f9cb-db22-40f6-8e2e-1e090156d7bc,66fb62bd-dc7e-487a-91c8-2aac5313f04c
bffd3aec-d0e7-4546-b4fb-a523f369b8e3,7a543a7f-c721-4f16-a458-f4c2e7f33fe8
c030eb6b-1452-4e2c-b041-f433c988cb99,d92c0843-882b-4d03-9cce-5d4066af012d
c057f7bf-2d93-4941-a26e-8d1055a6a6f4,b8a65c48-e8d5-4b02-969a-c9c8484713e1
c0591571-66f5-4187-a0ae-c1297ecdfc6a,62376c3d-0434-44f4-9e7a-59f47fcdf3e5
c0722906-5d6a-4118-aea6-fa259b253f00,8de79a1c-2dca-494c-946a-90619a00df5f
c0758628-04c2-46f8-b4ed-b07fd1737273,43d37c45-173b-498b-a559-f6d366d5b683
c098d3c9-9d6b-4b15-9139-a7a226d48fc3,036101a9-55ee-4907-bb38-dd852a22f700
c098d3c9-9d6b-4b15-9139-a7a226d48fc3,1c302ee8-0f03-498c-ad14-649a0af36f1c
c098d3c9-9d6b-4b15-9139-a7a226d48fc3,32a5d89f-53a2-4c0e-afcf-98963fe8d0b9
c098d3c9-9d6b-4b15-9139-a7a226d48fc3,5a03a82f-a1bc-4682-b5e7-d51f2a5a35d4
c098d3c9-9d6b-4b15-9139-a7a226d48fc3,aeb90458-ac5a-4d38-bceb-40d99e6bacad
c098d3c9-9d6b-4b15-9139-a7a226d48fc3,d74042dd-c843-4933-a963-d20e0bfa1f76
c098d3c9-9d6b-4b15-9139-a7a226d48fc3,de162e3d-1564-47d6-b961-b239c2c8cee8
c098d3c9-9d6b-4b15-9139-a7a226d48fc3,e2827b12-3ffa-4aac-b230-fb6ecc315689
c0dcad0c-2707-495d-b8f5-c89a3809f22b,c037df06-e52d-4ec7-9c76-6b0366773195
c161ca81-dec0-4463-9515-180a04441a50,983f93b2-7c6f-403a-8160-b3f44f600058
c200042c-7ddb-439b-8880-c1064af4aaa1,43d37c45-173b-498b-a559-f6d366d5b683
c218bbd1-0d63-4ffd-bea0-06b5b48d78cd,62abd51a-8cb6-4ddc-a7e6-36b8cd372fa6
c241b2b7-f5cb-4080-8f67-a71981deeddf,23d08ffd-c8b1-47cf-81ef-9aaefd7cb25c
c24f6020-0086-4cb0-83f3-181941bedb8a,d92c0843-882b-4d03-9cce-5d4066af012d
c253b3b4-cbdb-40fd-9aeb-aa52871a2b09,4351f588-0b35-42bb-bbff-4e001ed57af2
c27bd9ea-20b2-447c-ad24-f65f01b838d0,829ceb34-77f2-4418-a875-a85c9b61d04e
c29a379a-2ada-4470-b130-90f01b851009,647746ed-dbc5-45c3-80c9-308699cb7e0a
c2aa4a48-2cab-4542-a222-b57bc3475683,0222ca08-476b-445b-99bb-2be261fed6dd
c2bf3546-b6e4-4804-8d01-4e8cf55d9240,dd651749-1819-43e1-8c71-8f1681756dc7
c34dd06d-8dab-47bc-8c23-dbbd711815b3,2244cf69-2b5c-4650-a05d-5e27fc0732d3
c389d54a-10f9-49d2-8cb6-0789726ddfbc,b8a65c48-e8d5-4b02-969a-c9c8484713e1
c3b1e783-3b17-489c-a290-f6a7bac4c87d,829ceb34-77f2-4418-a875-a85c9b61d04e
c3e740d1-c3de-4798-aec8-a21e522d99d3,e4aae1be-4688-4e12-a10c-689942ea2549
c41302a3-bfbb-4d69-8cac-f84af54f6624,a0511dc9-79e4-49d0-9c4e-e6fa7cf048ac
c42670ea-5137-4c32-99d2-47f8e3f70217,43d37c45-173b-498b-a559-f6d366d5b683
c4575bb4-b9c3-4085-b550-089668fb90e2,859a6d71-40d0-49e4-abd1-7d4276bc79ff
c45f7d0c-a6b0-4f99-8f13-fef622a9a4ca,1991e91f-47dc-4258-b20f-83025cdf2ad7
c47e6406-a000-41b4-b527-be88170d16f8,c71aff62-a156-4a9f-856f-ca7cc685d192
c4908a94-596c-41a1-9847-4afd670f52ff,9155a6e0-6fab-4fd4-8352-a2922542a8bd
c49a242c-ff84-4bb1-832d-c8171f53e2b6,43d37c45-173b-498b-a559-f6d366d5b683
c49a2abf-a113-49c3-aa59-03c4404f24fe,51704133-414a-460b-9a4b-b86d00fff2bb
c49ece9b-fe63-4eec-9e56-fe10673b9423,522185c9-71db-4d3a-8af2-f114f2c9ee07
c4a8262a-abe3-4765-92b9-6921c363b205,f12ffb5a-c385-4e8e-bcfd-15d5d12cf176
c4d31956-e7af-480d-a20a-1efb2dff30aa,767542c0-b6ad-4890-9c39-6758288ad28d
c4d7137a-2421-4dc5-ad3e-86b754cd432e,2244cf69-2b5c-4650-a05d-5e27fc0732d3
c4faa836-9bf4-4cf1-9e9a-3dc0fb1fc464,c71aff62-a156-4a9f-856f-ca7cc685d192
c5210087-e2d5-49d4-bc27-765ac04e6e87,05ad3e6f-1119-454a-8a35-582dba10e297
c537abbb-a40d-4b45-b619-d5a376a47d9c,bfd9db52-f555-4005-9ed7-51998f495a6e
c5518c5a-a2d5-46c1-b79a-ee6acaca8b57,1037fc7e-fe56-4871-8f45-1cab6ba06720
c586f535-adad-4869-a21b-5f8d47ec575c,0c6ae99d-b423-4ed2-9ebe-cdecf7aaf1e0
c5a08b7b-3195-4b31-bae6-75494e09126b,2479d03b-88a5-4196-8346-fcab230c56f8
c5b47f3a-2de5-43f7-98d4-cc50c9d42f3b,62abd51a-8cb6-4ddc-a7e6-36b8cd372fa6
c5cfa922-0927-4938-8ff2-3710715108e9,44ff6e3b-62ef-4938-bd15-009a21682279
c5e14a03-f385-4447-9c5f-d8f1ff9b0cba,b8a65c48-e8d5-4b02-969a-c9c8484713e1
c5f4cd89-f6dd-413a-9ccc-facd80722a17,767542c0-b6ad-4890-9c39-6758288ad28d
c62e2e53-381f-46ea-a0c0-ba46990fc157,e31cfb1a-7bdb-41f8-aad1-4bf16105f7c9
c63a2875-5e42-4c1c-b01c-32fa98b9740d,0afb7dbf-9bf4-42df-8d9b-c5c5823163b4
c63fa56a-b95a-4c93-99cd-4760cda8442e,65f02524-c997-4c43-812f-0f8a9e721eed
c6819bd9-518a-4444-9d3b-a7fc45fc5272,b8a65c48-e8d5-4b02-969a-c9c8484713e1
c68b1655-2e9b-4a63-8a1c-e3dad6cbd67b,2b8f045a-991f-41ea-a9aa-7fe7fa2cb284
c695c29b-68a9-4e82-b5b2-60b461af0442,215e20fc-eb6e-4b2b-a156-358b09e8d6e5
c6a0dcb9-8a39-4cea-983d-2bad78781f9b,215e20fc-eb6e-4b2b-a156-358b09e8d6e5
c6a0dcb9-8a39-4cea-983d-2bad78781f9b,231abd64-489c-4ad4-a479-25149749e46d
c6a0dcb9-8a39-4cea-983d-2bad78781f9b,2433c1ce-a106-46d8-9e55-d39048f181be
c6a0dcb9-8a39-4cea-983d-2bad78781f9b,2b8f045a-991f-41ea-a9aa-7fe7fa2cb284
c6a0dcb9-8a39-4cea-983d-2bad78781f9b,379836fb-418b-4a84-9855-df663fa70287
c6a0dcb9-8a39-4cea-983d-2bad78781f9b,9f8b8b69-06d9-45e1-ba81-c82b0b9684ad
c6a0dcb9-8a39-4cea-983d-2bad78781f9b,d22b34dc-3699-45f4-aec6-a2b6eae08b1e
c6a0dcb9-8a39-4cea-983d-2bad78781f9b,db892084-d011-451f-88c1-5739a91b4a4a
c6c8a6b9-0657-4adc-bc68-2a59c99af7f5,7191ddc3-51fa-49f7-ad54-90ad8b762894
c6cf1663-0bd4-44a0-bba8-cd4615f86b32,829ceb34-77f2-4418-a875-a85c9b61d04e
c6d660aa-3d45-4cad-8b2e-18f9a2c4b3a8,036101a9-55ee-4907-bb38-dd852a22f700
c6d660aa-3d45-4cad-8b2e-18f9a2c4b3a8,0e4564f4-fccb-4711-9751-41f02a57630d
c6d660aa-3d45-4cad-8b2e-18f9a2c4b3a8,0ef548cb-4f13-48df-b69a-16ff6ba002eb
c6d660aa-3d45-4cad-8b2e-18f9a2c4b3a8,12bcb9ab-22ed-48f2-8af1-1dde03c33add
c6d660aa-3d45-4cad-8b2e-18f9a2c4b3a8,1c759347-c27f-4641-8a50-5a71784e1303
c6d660aa-3d45-4cad-8b2e-18f9a2c4b3a8,2440ecb1-3934-42e2-b14a-68276e486c0f
c6d660aa-3d45-4cad-8b2e-18f9a2c4b3a8,32a5d89f-53a2-4c0e-afcf-98963fe8d0b9
c6d660aa-3d45-4cad-8b2e-18f9a2c4b3a8,5a03a82f-a1bc-4682-b5e7-d51f2a5a35d4
c6d660aa-3d45-4cad-8b2e-18f9a2c4b3a8,62c661ac-1b72-4c37-af41-c93f79f76136
c6d660aa-3d45-4cad-8b2e-18f9a2c4b3a8,75f27fa0-badc-4891-8688-96873d4fe08e
c6d660aa-3d45-4cad-8b2e-18f9a2c4b3a8,7d715e2d-f1c9-4684-82a3-8b31d04a0d81
c6d660aa-3d45-4cad-8b2e-18f9a2c4b3a8,aeb90458-ac5a-4d38-bceb-40d99e6bacad
c6d660aa-3d45-4cad-8b2e-18f9a2c4b3a8,de162e3d-1564-47d6-b961-b239c2c8cee8
c6d660aa-3d45-4cad-8b2e-18f9a2c4b3a8,e2827b12-3ffa-4aac-b230-fb6ecc315689
c6d660aa-3d45-4cad-8b2e-18f9a2c4b3a8,e77a14b3-2a37-484e-9276-971bf6f6d489
c713d2f3-346a-4178-8eaf-a67cb4a21b44,41639101-fa91-4543-9a62-0953ee074fd4
c713d2f3-346a-4178-8eaf-a67cb4a21b44,624d3443-4059-4042-8697-666b49d90c63
c713d2f3-346a-4178-8eaf-a67cb4a21b44,d8268b85-b2a4-437b-af6c-9168fcba7074
c765fb41-4449-4659-94fd-372f674ad717,0c6ae99d-b423-4ed2-9ebe-cdecf7aaf1e0
c765fb41-4449-4659-94fd-372f674ad717,51704133-414a-460b-9a4b-b86d00fff2bb
c765fb41-4449-4659-94fd-372f674ad717,522185c9-71db-4d3a-8af2-f114f2c9ee07
c765fb41-4449-4659-94fd-372f674ad717,72ed4ea5-1cd4-4b82-8f32-36dedd47b844
c765fb41-4449-4659-94fd-372f674ad717,82f6531f-14c0-442a-ba64-1c427193123a
c765fb41-4449-4659-94fd-372f674ad717,c71aff62-a156-4a9f-856f-ca7cc685d192
c765fb41-4449-4659-94fd-372f674ad717,d2c771fc-3002-4080-b8a5-0262a6f0f8d6
c765fb41-4449-4659-94fd-372f674ad717,e4aae1be-4688-4e12-a10c-689942ea2549
c7821d2c-0741-4603-b28b-53a1c0d39741,767542c0-b6ad-4890-9c39-6758288ad28d
c7a052d8-f02c-4c6b-9ab1-e28f6684cb1d,a222f6fd-c6be-4885-b81d-3ab02020cd56
c7e7c33f-696b-46ad-a47c-6e31dc5bebd3,544e0f8c-c804-480f-8b4e-0a7c46d7e0e6
c7e7c33f-696b-46ad-a47c-6e31dc5bebd3,55c9124d-c835-4603-a84d-d6133b9caa94
c7e7c33f-696b-46ad-a47c-6e31dc5bebd3,829ceb34-77f2-4418-a875-a85c9b61d04e
c815df27-801c-4f8a-aa7d-cbf9ee625ddd,0222ca08-476b-445b-99bb-2be261fed6dd
c82953a3-40ac-4192-9e82-8febbbf3b239,0afb7dbf-9bf4-42df-8d9b-c5c5823163b4
c86a7a63-3b47-4db2-91f5-c584096b4d9b,a0511dc9-79e4-49d0-9c4e-e6fa7cf048ac
c89bbb85-47bc-47ec-9c7b-6faa2a05fa71,e31cfb1a-7bdb-41f8-aad1-4bf16105f7c9
c8c77384-fc96-4927-ab30-5b64cc198e52,23d08ffd-c8b1-47cf-81ef-9aaefd7cb25c
c8c77384-fc96-4927-ab30-5b64cc198e52,2b8f045a-991f-41ea-a9aa-7fe7fa2cb284
c8c77384-fc96-4927-ab30-5b64cc198e52,35aba451-11e8-41a5-8d59-793fbe95ab16
c8c77384-fc96-4927-ab30-5b64cc198e52,3bed11f7-8078-4bc0-9f0b-fb63ad36eb52
c8c77384-fc96-4927-ab30-5b64cc198e52,491a77ba-c137-4b09-8f77-5025b51f6f49
c8c77384-fc96-4927-ab30-5b64cc198e52,5b91900e-7aa6-4d72-8ece-ca17974806c9
c8c77384-fc96-4927-ab30-5b64cc198e52,9b905870-ca93-4abc-99d9-9c597c7995b4
c8c77384-fc96-4927-ab30-5b64cc198e52,9e9b6c9e-eec7-4b2b-9cde-c422906d75de
c8c77384-fc96-4927-ab30-5b64cc198e52,b238f7cd-e61e-4185-9eac-16dd198925cc
c8c77384-fc96-4927-ab30-5b64cc198e52,df6d053b-bc97-4606-8416-9c76dd3380c4
c8daf97a-deae-4a64-8535-2567a603a5f2,43d37c45-173b-498b-a559-f6d366d5b683
c9a171fb-0789-4c3f-8f5a-49c29e8e5b1b,1991e91f-47dc-4258-b20f-83025cdf2ad7
c9e737b2-20c2-4587-ab5a-43dd25fbbde5,3aa81966-f32d-4c89-8921-ad54b9778237
ca17c08b-0cab-4e10-a862-826aec061d6b,859a6d71-40d0-49e4-abd1-7d4276bc79ff
ca2010e6-6f2d-41d4-9bc9-2bc2dbe9381b,647746ed-dbc5-45c3-80c9-308699cb7e0a
ca366c92-ab9c-4096-b15f-63760d5de924,1ff8953d-9c1d-4f7b-b0c6-a4a5d30445cd
cac2eb49-bb48-4e6c-a0c2-6d0afdfd48cf,d2c771fc-3002-4080-b8a5-0262a6f0f8d6
cada6989-4a10-4721-a414-4f019f879cad,c71aff62-a156-4a9f-856f-ca7cc685d192
cb09a6f6-9aad-42e9-a14f-adee95875c52,482b3f73-f2e8-4120-910e-611629bedc66
cb14f4d8-b50b-44d7-9fd0-33396208686e,82f6531f-14c0-442a-ba64-1c427193123a
cb3681ca-8429-4492-ae42-59af9bd746b0,62376c3d-0434-44f4-9e7a-59f47fcdf3e5
cb4b9e9b-4151-4672-bb5b-e3cc60dd3ed8,0222ca08-476b-445b-99bb-2be261fed6dd
cb4b9e9b-4151-4672-bb5b-e3cc60dd3ed8,0729681f-b9a4-4f1e-853f-b1d2d1f98a54
cb4b9e9b-4151-4672-bb5b-e3cc60dd3ed8,08e99c61-7a78-4756-9372-b5acb90d68cb
cb4b9e9b-4151-4672-bb5b-e3cc60dd3ed8,0afb7dbf-9bf4-42df-8d9b-c5c5823163b4
cb4b9e9b-4151-4672-bb5b-e3cc60dd3ed8,137f9927-45b8-422c-9443-69925aee9133
cb4b9e9b-4151-4672-bb5b-e3cc60dd3ed8,15fb25ef-c321-42d5-b559-52387bc62c2d
cb4b9e9b-4151-4672-bb5b-e3cc60dd3ed8,16462278-ae0c-401c-95d6-13c8479ef79a
cb4b9e9b-4151-4672-bb5b-e3cc60dd3ed8,171b2457-3f69-4812-a061-5644c12f1ec8
cb4b9e9b-4151-4672-bb5b-e3cc60dd3ed8,1d854b40-c70f-4356-aab2-582dc0eeaaa1
cb4b9e9b-4151-4672-bb5b-e3cc60dd3ed8,2f6627d7-1eab-4ed1-9b7f-2c0e93de3d3e
cb4b9e9b-4151-4672-bb5b-e3cc60dd3ed8,33c9d6c8-ca52-4800-adf6-752ae5cdbcf8
cb4b9e9b-4151-4672-bb5b-e3cc60dd3ed8,3aa3c7d2-ce8e-41a7-b079-3d233a4ab913
cb4b9e9b-4151-4672-bb5b-e3cc60dd3ed8,3aa81966-f32d-4c89-8921-ad54b9778237
cb4b9e9b-4151-4672-bb5b-e3cc60dd3ed8,3bc597e6-6255-479a-950d-a517fabe18a4
cb4b9e9b-4151-4672-bb5b-e3cc60dd3ed8,4351f588-0b35-42bb-bbff-4e001ed57af2
cb4b9e9b-4151-4672-bb5b-e3cc60dd3ed8,436dcd7c-93a2-4f05-a897-ec9f70284459
cb4b9e9b-4151-4672-bb5b-e3cc60dd3ed8,45b822a3-6034-403d-89a1-61e13c9a0438
cb4b9e9b-4151-4672-bb5b-e3cc60dd3ed8,482b3f73-f2e8-4120-910e-611629bedc66
cb4b9e9b-4151-4672-bb5b-e3cc60dd3ed8,4b557e16-e4ad-4e51-8086-d3148de3058a
cb4b9e9b-4151-4672-bb5b-e3cc60dd3ed8,5169fd73-6a48-495c-a26a-845ab9925ffc
cb4b9e9b-4151-4672-bb5b-e3cc60dd3ed8,576e9334-2999-40f3-adab-654e479687e7
cb4b9e9b-4151-4672-bb5b-e3cc60dd3ed8,5c2fb3e1-571c-415a-bba4-2646565bd61b
cb4b9e9b-4151-4672-bb5b-e3cc60dd3ed8,5e62fa46-4d65-4bb6-a97f-9dd567c9585f
cb4b9e9b-4151-4672-bb5b-e3cc60dd3ed8,74346f09-730b-4628-b407-bb0606c9b3ed
cb4b9e9b-4151-4672-bb5b-e3cc60dd3ed8,767542c0-b6ad-4890-9c39-6758288ad28d
cb4b9e9b-4151-4672-bb5b-e3cc60dd3ed8,829f029a-6269-428e-b86e-d732af830b7a
cb4b9e9b-4151-4672-bb5b-e3cc60dd3ed8,859a6d71-40d0-49e4-abd1-7d4276bc79ff
cb4b9e9b-4151-4672-bb5b-e3cc60dd3ed8,89a12b8d-00fe-4e32-b1b9-d23975d69b93
cb4b9e9b-4151-4672-bb5b-e3cc60dd3ed8,92f466d7-0b8f-4bd4-bf21-bd2719200ed6
cb4b9e9b-4151-4672-bb5b-e3cc60dd3ed8,97208173-d9f7-4c75-ab1f-14dc98161990
cb4b9e9b-4151-4672-bb5b-e3cc60dd3ed8,9e5e9111-06ee-46a0-be70-f276435cdfcd
cb4b9e9b-4151-4672-bb5b-e3cc60dd3ed8,c072de75-a161-4297-b90a-6ffab2e6f7b7
cb4b9e9b-4151-4672-bb5b-e3cc60dd3ed8,caf77995-339c-45d7-a047-54939a30139f
cb4b9e9b-4151-4672-bb5b-e3cc60dd3ed8,d22cb3fc-37c4-4abc-a71f-17b8c97180a9
cb4b9e9b-4151-4672-bb5b-e3cc60dd3ed8,d4b6fd7f-f369-4109-878f-31521ce1add3
cb4b9e9b-4151-4672-bb5b-e3cc60dd3ed8,d8891972-86f2-4b09-a8e2-36e914bb2739
cb4b9e9b-4151-4672-bb5b-e3cc60dd3ed8,e6972467-8d2c-4957-b840-669fe6451292
cb4b9e9b-4151-4672-bb5b-e3cc60dd3ed8,f348d2be-eb89-477d-9f6e-86af32e64804
cb4b9e9b-4151-4672-bb5b-e3cc60dd3ed8,f5995c6d-fcaa-4fef-be11-b11d4b42d7a0
cb4b9e9b-4151-4672-bb5b-e3cc60dd3ed8,f920120b-959a-47ab-940a-b415695d11c0
cb4b9e9b-4151-4672-bb5b-e3cc60dd3ed8,f9663452-790b-45af-96fc-a9d248a0a7e1
cb4b9e9b-4151-4672-bb5b-e3cc60dd3ed8,fa02d679-4b62-41cd-b820-af795d16efe8
cb4cbb89-ab07-4305-bab4-78beaa529db9,0c6ae99d-b423-4ed2-9ebe-cdecf7aaf1e0
cb4cbb89-ab07-4305-bab4-78beaa529db9,51704133-414a-460b-9a4b-b86d00fff2bb
cb4cbb89-ab07-4305-bab4-78beaa529db9,522185c9-71db-4d3a-8af2-f114f2c9ee07
cb4cbb89-ab07-4305-bab4-78beaa529db9,72ed4ea5-1cd4-4b82-8f32-36dedd47b844
cb4cbb89-ab07-4305-bab4-78beaa529db9,82f6531f-14c0-442a-ba64-1c427193123a
cb4cbb89-ab07-4305-bab4-78beaa529db9,d2c771fc-3002-4080-b8a5-0262a6f0f8d6
cb4cbb89-ab07-4305-bab4-78beaa529db9,e4aae1be-4688-4e12-a10c-689942ea2549
cbe2e210-3a53-4184-88f9-1b6993140357,9155a6e0-6fab-4fd4-8352-a2922542a8bd
cbf673d7-88b1-4c2f-bd76-d2a3a0bc358a,9603fa20-90ec-4de8-98eb-e83ff72e0a3c
cc06d011-2230-4d2e-9883-e876229d9593,0222ca08-476b-445b-99bb-2be261fed6dd
cc06d011-2230-4d2e-9883-e876229d9593,0729681f-b9a4-4f1e-853f-b1d2d1f98a54
cc06d011-2230-4d2e-9883-e876229d9593,15fb25ef-c321-42d5-b559-52387bc62c2d
cc06d011-2230-4d2e-9883-e876229d9593,16462278-ae0c-401c-95d6-13c8479ef79a
cc06d011-2230-4d2e-9883-e876229d9593,171b2457-3f69-4812-a061-5644c12f1ec8
cc06d011-2230-4d2e-9883-e876229d9593,33c9d6c8-ca52-4800-adf6-752ae5cdbcf8
cc06d011-2230-4d2e-9883-e876229d9593,3aa3c7d2-ce8e-41a7-b079-3d233a4ab913
cc06d011-2230-4d2e-9883-e876229d9593,3bc597e6-6255-479a-950d-a517fabe18a4
cc06d011-2230-4d2e-9883-e876229d9593,4351f588-0b35-42bb-bbff-4e001ed57af2
cc06d011-2230-4d2e-9883-e876229d9593,4b557e16-e4ad-4e51-8086-d3148de3058a
cc06d011-2230-4d2e-9883-e876229d9593,5169fd73-6a48-495c-a26a-845ab9925ffc
cc06d011-2230-4d2e-9883-e876229d9593,678a7e7b-eb3b-4edb-b936-7ff752539b4f
cc06d011-2230-4d2e-9883-e876229d9593,89a12b8d-00fe-4e32-b1b9-d23975d69b93
cc06d011-2230-4d2e-9883-e876229d9593,92f466d7-0b8f-4bd4-bf21-bd2719200ed6
cc06d011-2230-4d2e-9883-e876229d9593,c072de75-a161-4297-b90a-6ffab2e6f7b7
cc06d011-2230-4d2e-9883-e876229d9593,d22cb3fc-37c4-4abc-a71f-17b8c97180a9
cc06d011-2230-4d2e-9883-e876229d9593,d8891972-86f2-4b09-a8e2-36e914bb2739
cc06d011-2230-4d2e-9883-e876229d9593,eef09911-e118-444b-8f72-b72aac7ddf5d
cc06d011-2230-4d2e-9883-e876229d9593,f920120b-959a-47ab-940a-b415695d11c0
cc06d011-2230-4d2e-9883-e876229d9593,f9663452-790b-45af-96fc-a9d248a0a7e1
cc13345b-51c9-4bc8-9356-f276bf64c9a0,03fa5be1-3ccf-4ad5-927e-58552025b591
cc700108-44a4-44af-bf5c-a7f8adc17587,a222f6fd-c6be-4885-b81d-3ab02020cd56
cca418a7-8060-4794-82c5-c843a4e79849,036101a9-55ee-4907-bb38-dd852a22f700
cca418a7-8060-4794-82c5-c843a4e79849,1c302ee8-0f03-498c-ad14-649a0af36f1c
cca418a7-8060-4794-82c5-c843a4e79849,aeb90458-ac5a-4d38-bceb-40d99e6bacad
cca90c5e-c04d-423c-8b1e-2091a95ff102,66fb62bd-dc7e-487a-91c8-2aac5313f04c
cd12703a-d3ba-4e20-9747-e40c4d9ff36c,4cb8aeac-e4d2-41c8-8985-6e983aec9b46
cd158201-baf8-472c-8a73-682e186babb7,05ad3e6f-1119-454a-8a35-582dba10e297
cd2495c3-9d3b-4e1b-99ee-4e80ff7ccfe2,9f8b8b69-06d9-45e1-ba81-c82b0b9684ad
cd2495c3-9d3b-4e1b-99ee-4e80ff7ccfe2,d22b34dc-3699-45f4-aec6-a2b6eae08b1e
cd2495c3-9d3b-4e1b-99ee-4e80ff7ccfe2,db892084-d011-451f-88c1-5739a91b4a4a
cd360898-d47d-4ed0-905d-25204174d961,b8a65c48-e8d5-4b02-969a-c9c8484713e1
cd539ee1-0c23-450e-a835-38f746a3f826,e55015a5-7dab-40e0-bc58-89793e204e2b
cd57b070-7e8e-47c0-9562-d6ca3cd76cbd,983f93b2-7c6f-403a-8160-b3f44f600058
cd74fff2-3ba3-4dc7-8fd5-2302dd38d5c0,8de79a1c-2dca-494c-946a-90619a00df5f
cd838753-51d3-4f03-a6d9-a70a2633c65f,2479d03b-88a5-4196-8346-fcab230c56f8
cdad97ed-72c7-46a3-8fc4-db8cf45272e2,d2c771fc-3002-4080-b8a5-0262a6f0f8d6
cdb672b1-f69a-4ba5-8c4d-26ab93d6ae4f,66fb62bd-dc7e-487a-91c8-2aac5313f04c
cdcbf144-27ec-4ceb-a640-964632292445,1991e91f-47dc-4258-b20f-83025cdf2ad7
cdea179e-e3e6-4c13-a805-6454add26341,bfd9db52-f555-4005-9ed7-51998f495a6e
cdf0de64-c228-45de-8131-bd54ab24028c,171b2457-3f69-4812-a061-5644c12f1ec8
ce01cc61-4765-4c93-8c0a-613ee70df093,55c9124d-c835-4603-a84d-d6133b9caa94
ce24abc8-5bc6-4234-8638-6dc60ddf96d6,db892084-d011-451f-88c1-5739a91b4a4a
ce535cc7-eed5-419b-9154-e7166a3681b2,7fc1ed83-fdd4-496c-a27f-04a6bfb8388c
cebd7680-09b3-493d-8af6-d8c37bb491de,457f041a-58af-45db-8e50-724943c1f2f0
cecf1a24-aee2-430c-972d-4690d9c58b3f,544e0f8c-c804-480f-8b4e-0a7c46d7e0e6
cecf1a24-aee2-430c-972d-4690d9c58b3f,55c9124d-c835-4603-a84d-d6133b9caa94
cecf1a24-aee2-430c-972d-4690d9c58b3f,829ceb34-77f2-4418-a875-a85c9b61d04e
ced74b4c-700f-4a97-83a1-299d34bfc9bd,036101a9-55ee-4907-bb38-dd852a22f700
ced74b4c-700f-4a97-83a1-299d34bfc9bd,0e4564f4-fccb-4711-9751-41f02a57630d
ced74b4c-700f-4a97-83a1-299d34bfc9bd,0ef548cb-4f13-48df-b69a-16ff6ba002eb
ced74b4c-700f-4a97-83a1-299d34bfc9bd,12bcb9ab-22ed-48f2-8af1-1dde03c33add
ced74b4c-700f-4a97-83a1-299d34bfc9bd,1c759347-c27f-4641-8a50-5a71784e1303
ced74b4c-700f-4a97-83a1-299d34bfc9bd,2440ecb1-3934-42e2-b14a-68276e486c0f
ced74b4c-700f-4a97-83a1-299d34bfc9bd,32a5d89f-53a2-4c0e-afcf-98963fe8d0b9
ced74b4c-700f-4a97-83a1-299d34bfc9bd,5a03a82f-a1bc-4682-b5e7-d51f2a5a35d4
ced74b4c-700f-4a97-83a1-299d34bfc9bd,62c661ac-1b72-4c37-af41-c93f79f76136
ced74b4c-700f-4a97-83a1-299d34bfc9bd,75f27fa0-badc-4891-8688-96873d4fe08e
ced74b4c-700f-4a97-83a1-299d34bfc9bd,7d715e2d-f1c9-4684-82a3-8b31d04a0d81
ced74b4c-700f-4a97-83a1-299d34bfc9bd,aeb90458-ac5a-4d38-bceb-40d99e6bacad
ced74b4c-700f-4a97-83a1-299d34bfc9bd,d74042dd-c843-4933-a963-d20e0bfa1f76
ced74b4c-700f-4a97-83a1-299d34bfc9bd,de162e3d-1564-47d6-b961-b239c2c8cee8
ced74b4c-700f-4a97-83a1-299d34bfc9bd,e2827b12-3ffa-4aac-b230-fb6ecc315689
ced74b4c-700f-4a97-83a1-299d34bfc9bd,e77a14b3-2a37-484e-9276-971bf6f6d489
cf06427b-b9e7-4032-b2b7-712e025f1c7b,41639101-fa91-4543-9a62-0953ee074fd4
cf06427b-b9e7-4032-b2b7-712e025f1c7b,624d3443-4059-4042-8697-666b49d90c63
cf0a8e67-dc27-41e7-a1a4-54014e263710,9603fa20-90ec-4de8-98eb-e83ff72e0a3c
cf334dff-1e64-4a5a-8ba0-73c8449b5dad,4a8d1c27-63c7-4495-b5ff-d8ddccc55b46
cf696923-ff76-4dce-a732-945e4636190e,5a8aef51-eb39-4e21-80f2-eaee1d7159e1
cf6b36d6-b6f6-4304-914f-fb4b299c54ec,c037df06-e52d-4ec7-9c76-6b0366773195
cf75667e-e420-40cb-a678-743a9d7526a5,c71aff62-a156-4a9f-856f-ca7cc685d192
cf85a7b6-7180-44f8-a975-ac0c0b760fbb,d2c771fc-3002-4080-b8a5-0262a6f0f8d6
cfaf3f3d-515c-485c-abbb-baff42a1106c,45b822a3-6034-403d-89a1-61e13c9a0438
d0667bf9-b458-4e0e-8a96-39215df98d7f,1991e91f-47dc-4258-b20f-83025cdf2ad7
d0ad199c-5337-49b9-8ad3-fd416c347c4f,1037fc7e-fe56-4871-8f45-1cab6ba06720
d0d52c84-ac88-4c8a-a0f3-25a649402aad,4351f588-0b35-42bb-bbff-4e001ed57af2
d0dac249-de4f-424f-b324-b4deeffe843a,417acd7b-5a04-4c1e-bef8-c67bca94e5c0
d0e35246-8e79-46db-bcd3-67756e29f193,22b77ce5-a36d-4c5d-bcb3-165449fa4578
d0e35246-8e79-46db-bcd3-67756e29f193,63ca510e-1d42-43ad-b903-511d02ddb5ca
d0e35246-8e79-46db-bcd3-67756e29f193,a16c9fe6-19e8-40d6-9e83-a33a71902022
d0fb6ec0-2fab-43d1-8108-a066f3e0df9d,4a8d1c27-63c7-4495-b5ff-d8ddccc55b46
d0fd2889-857f-4139-b573-9b50ad38fb82,137f9927-45b8-422c-9443-69925aee9133
d12d88f9-50d1-47d7-82fa-1c48cbd9e07d,5a8aef51-eb39-4e21-80f2-eaee1d7159e1
d1303e95-5d35-4525-820e-b00b7e84bf36,d2c771fc-3002-4080-b8a5-0262a6f0f8d6
d1371627-9c42-460f-bf97-868a1a9b65c4,44ff6e3b-62ef-4938-bd15-009a21682279
d137c3b7-399a-45ce-8ef3-b7e9c300a8de,44ff6e3b-62ef-4938-bd15-009a21682279
d13bad45-1ab4-4b36-8465-674cf2cc0acf,457f041a-58af-45db-8e50-724943c1f2f0
d14c999e-4cb0-4c8a-96d9-bb02a8302b47,4351f588-0b35-42bb-bbff-4e001ed57af2
d182dd5b-74f3-47a9-87a4-52a6b6d36362,457f041a-58af-45db-8e50-724943c1f2f0
d1feeaf8-3f92-4c96-b88e-7bf98b4f3f74,e31cfb1a-7bdb-41f8-aad1-4bf16105f7c9
d2007262-cdf0-4c58-b76f-8f05e63b47f1,41639101-fa91-4543-9a62-0953ee074fd4
d2318c28-3a55-47ed-860b-40f4aefdfd72,3aa3c7d2-ce8e-41a7-b079-3d233a4ab913
d23f84d4-640f-4c98-9139-4d590e5380bb,0729681f-b9a4-4f1e-853f-b1d2d1f98a54
d24994d1-24eb-4cd6-b273-75abae762e2c,08d26104-a8e3-45af-a3ac-ca6236d7ff1f
d24994d1-24eb-4cd6-b273-75abae762e2c,485c69d7-47c0-4ad5-94b1-ab3880f53e4a
d28d723d-1b33-442b-a075-f36d17f10ec0,7fc1ed83-fdd4-496c-a27f-04a6bfb8388c
d2ac15c7-55a9-496a-a0d5-96bc0e407a65,08e99c61-7a78-4756-9372-b5acb90d68cb
d2ac15c7-55a9-496a-a0d5-96bc0e407a65,0afb7dbf-9bf4-42df-8d9b-c5c5823163b4
d2ac15c7-55a9-496a-a0d5-96bc0e407a65,137f9927-45b8-422c-9443-69925aee9133
d2ac15c7-55a9-496a-a0d5-96bc0e407a65,1d854b40-c70f-4356-aab2-582dc0eeaaa1
d2ac15c7-55a9-496a-a0d5-96bc0e407a65,3aa81966-f32d-4c89-8921-ad54b9778237
d2ac15c7-55a9-496a-a0d5-96bc0e407a65,436dcd7c-93a2-4f05-a897-ec9f70284459
d2ac15c7-55a9-496a-a0d5-96bc0e407a65,45b822a3-6034-403d-89a1-61e13c9a0438
d2ac15c7-55a9-496a-a0d5-96bc0e407a65,482b3f73-f2e8-4120-910e-611629bedc66
d2ac15c7-55a9-496a-a0d5-96bc0e407a65,576e9334-2999-40f3-adab-654e479687e7
d2ac15c7-55a9-496a-a0d5-96bc0e407a65,5c2fb3e1-571c-415a-bba4-2646565bd61b
d2ac15c7-55a9-496a-a0d5-96bc0e407a65,74346f09-730b-4628-b407-bb0606c9b3ed
d2ac15c7-55a9-496a-a0d5-96bc0e407a65,767542c0-b6ad-4890-9c39-6758288ad28d
d2ac15c7-55a9-496a-a0d5-96bc0e407a65,829f029a-6269-428e-b86e-d732af830b7a
d2ac15c7-55a9-496a-a0d5-96bc0e407a65,859a6d71-40d0-49e4-abd1-7d4276bc79ff
d2ac15c7-55a9-496a-a0d5-96bc0e407a65,97208173-d9f7-4c75-ab1f-14dc98161990
d2ac15c7-55a9-496a-a0d5-96bc0e407a65,9e5e9111-06ee-46a0-be70-f276435cdfcd
d2ac15c7-55a9-496a-a0d5-96bc0e407a65,b5b59391-5603-4175-b835-984741c27c6d
d2ac15c7-55a9-496a-a0d5-96bc0e407a65,caf77995-339c-45d7-a047-54939a30139f
d2ac15c7-55a9-496a-a0d5-96bc0e407a65,e6972467-8d2c-4957-b840-669fe6451292
d2ac15c7-55a9-496a-a0d5-96bc0e407a65,f348d2be-eb89-477d-9f6e-86af32e64804
d2ac15c7-55a9-496a-a0d5-96bc0e407a65,f5995c6d-fcaa-4fef-be11-b11d4b42d7a0
d2ac15c7-55a9-496a-a0d5-96bc0e407a65,fa02d679-4b62-41cd-b820-af795d16efe8
d2afa995-a11c-4ee7-9bba-1f3fcca75cbf,c037df06-e52d-4ec7-9c76-6b0366773195
d306060d-96b9-407a-a52d-253ea8e4bb59,c71aff62-a156-4a9f-856f-ca7cc685d192
d346b677-9ff6-4448-88f2-b431483b54db,e31cfb1a-7bdb-41f8-aad1-4bf16105f7c9
d35a7853-0036-4b79-b5d6-89ba20e766ec,72ed4ea5-1cd4-4b82-8f32-36dedd47b844
d3717052-348d-4ad4-b0df-d2bdbb3e2e36,e31cfb1a-7bdb-41f8-aad1-4bf16105f7c9
d376b6dd-6af5-4b5f-85f2-1237417e61f6,24a8570d-7050-4cfe-ae20-23782ddce3af
d3791f29-bd84-444b-9e6f-888b08c9c8b5,43d37c45-173b-498b-a559-f6d366d5b683
d3799c23-3926-42e6-b985-92f882b1245c,2479d03b-88a5-4196-8346-fcab230c56f8
d3cb72c6-ccae-4f9f-bfc4-6d2904f2fb11,4a8d1c27-63c7-4495-b5ff-d8ddccc55b46
d3daa334-f8b1-4cdb-8b07-cf49dc41cecb,7fc1ed83-fdd4-496c-a27f-04a6bfb8388c
d41e88be-b156-42ed-b3c3-173a353e8750,1991e91f-47dc-4258-b20f-83025cdf2ad7
d427d908-3efe-479d-b3a3-8d5e2c00890b,4cb8aeac-e4d2-41c8-8985-6e983aec9b46
d42b29d6-2e34-41b6-8350-6107c88c2ae8,44ff6e3b-62ef-4938-bd15-009a21682279
d44139e5-db99-463b-9888-2c2e9bcf0269,767542c0-b6ad-4890-9c39-6758288ad28d
d46827f7-4589-43af-b405-4b52f9bf8165,03fa5be1-3ccf-4ad5-927e-58552025b591
d46827f7-4589-43af-b405-4b52f9bf8165,05ad3e6f-1119-454a-8a35-582dba10e297
d46827f7-4589-43af-b405-4b52f9bf8165,1991e91f-47dc-4258-b20f-83025cdf2ad7
d46827f7-4589-43af-b405-4b52f9bf8165,2244cf69-2b5c-4650-a05d-5e27fc0732d3
d46827f7-4589-43af-b405-4b52f9bf8165,2479d03b-88a5-4196-8346-fcab230c56f8
d46827f7-4589-43af-b405-4b52f9bf8165,24a8570d-7050-4cfe-ae20-23782ddce3af
d46827f7-4589-43af-b405-4b52f9bf8165,417acd7b-5a04-4c1e-bef8-c67bca94e5c0
d46827f7-4589-43af-b405-4b52f9bf8165,44ff6e3b-62ef-4938-bd15-009a21682279
d46827f7-4589-43af-b405-4b52f9bf8165,457f041a-58af-45db-8e50-724943c1f2f0
d46827f7-4589-43af-b405-4b52f9bf8165,4a8d1c27-63c7-4495-b5ff-d8ddccc55b46
d46827f7-4589-43af-b405-4b52f9bf8165,4cb8aeac-e4d2-41c8-8985-6e983aec9b46
d46827f7-4589-43af-b405-4b52f9bf8165,62376c3d-0434-44f4-9e7a-59f47fcdf3e5
d46827f7-4589-43af-b405-4b52f9bf8165,62abd51a-8cb6-4ddc-a7e6-36b8cd372fa6
d46827f7-4589-43af-b405-4b52f9bf8165,66fb62bd-dc7e-487a-91c8-2aac5313f04c
d46827f7-4589-43af-b405-4b52f9bf8165,7a543a7f-c721-4f16-a458-f4c2e7f33fe8
d46827f7-4589-43af-b405-4b52f9bf8165,7e38030b-645d-4eec-a8b6-5caf7ff0f4f7
d46827f7-4589-43af-b405-4b52f9bf8165,8cb560d6-6667-43f8-8d99-1f8d4c61e306
d46827f7-4589-43af-b405-4b52f9bf8165,9155a6e0-6fab-4fd4-8352-a2922542a8bd
d46827f7-4589-43af-b405-4b52f9bf8165,9603fa20-90ec-4de8-98eb-e83ff72e0a3c
d46827f7-4589-43af-b405-4b52f9bf8165,9efa54a7-b463-4ba9-bfd2-e1985ad0a07e
d46827f7-4589-43af-b405-4b52f9bf8165,b8a65c48-e8d5-4b02-969a-c9c8484713e1
d46827f7-4589-43af-b405-4b52f9bf8165,d91b99fa-c786-42d4-b6a7-57a18f99c3eb
d46827f7-4589-43af-b405-4b52f9bf8165,d92c0843-882b-4d03-9cce-5d4066af012d
d46827f7-4589-43af-b405-4b52f9bf8165,e55015a5-7dab-40e0-bc58-89793e204e2b
d47bd8f1-bf0c-45ba-b202-2535bc7cb6ec,44ff6e3b-62ef-4938-bd15-009a21682279
d4b06a02-7c66-41ca-8d41-c7f6c73b8e88,767542c0-b6ad-4890-9c39-6758288ad28d
d4c2f41a-5976-4244-bf4b-79aafc2ccd35,8de79a1c-2dca-494c-946a-90619a00df5f
d4cfe710-f2bd-4da2-9878-d04065a3790d,3aa3c7d2-ce8e-41a7-b079-3d233a4ab913
d4e6295b-2ce6-40dd-94a1-1b8fe224bc55,fa02d679-4b62-41cd-b820-af795d16efe8
d510a2cb-9913-4efb-9eab-22f14b4b4738,1991e91f-47dc-4258-b20f-83025cdf2ad7
d51d4031-e97f-4292-8dab-1cd2c1a22fe9,23d08ffd-c8b1-47cf-81ef-9aaefd7cb25c
d53a11c3-0209-45e8-b9ea-337d06ed1e71,d5271c89-198c-4f1f-82a6-72a51a743566
d55c05d0-4511-46ed-8069-3acc82574526,43d37c45-173b-498b-a559-f6d366d5b683
d58b1feb-bad8-49bd-981b-f6649e4a3b48,0729681f-b9a4-4f1e-853f-b1d2d1f98a54
d593eb7d-bec2-4be1-b5e9-82199c25ab40,9f8b8b69-06d9-45e1-ba81-c82b0b9684ad
d5d2a5a7-dc92-48f9-b02c-51551414be82,983f93b2-7c6f-403a-8160-b3f44f600058
d5f2e61d-2b42-4b1a-b3a2-408fb3c80042,44ff6e3b-62ef-4938-bd15-009a21682279
d60f30e0-62ca-4d13-b0b5-63060a300b7f,44ff6e3b-62ef-4938-bd15-009a21682279
d6706da0-a622-4ce8-8ad9-d8bbffb88d08,5a8aef51-eb39-4e21-80f2-eaee1d7159e1
d72aa957-436b-416d-bcdb-f6f5b4416c74,c71aff62-a156-4a9f-856f-ca7cc685d192
d7327d9c-1339-4a85-8d0c-5cbde62e592e,2479d03b-88a5-4196-8346-fcab230c56f8
d7850104-1ace-479b-b140-c1bed277dba6,3aa3c7d2-ce8e-41a7-b079-3d233a4ab913
d7c346a1-b838-4b89-90bb-00d009273cc2,2244cf69-2b5c-4650-a05d-5e27fc0732d3
d7dfb244-a92c-4d42-a2dc-d364da65b886,a222f6fd-c6be-4885-b81d-3ab02020cd56
d8632084-c55f-4e32-8209-55d0aa6714ed,9155a6e0-6fab-4fd4-8352-a2922542a8bd
d867d4b1-d3ab-4e5c-a37a-a95432840739,62abd51a-8cb6-4ddc-a7e6-36b8cd372fa6
d890878d-94c9-4c17-a666-2cfd9b953f77,a16e7761-bb77-4b64-95f0-34476c25730f
d8bc173b-2cb5-4177-8cea-8ee3363a7556,647746ed-dbc5-45c3-80c9-308699cb7e0a
d8c4ca53-23ea-4f1f-b453-5439e60aa519,7191ddc3-51fa-49f7-ad54-90ad8b762894
d8e952df-ebb5-4726-b085-75846b18327d,9155a6e0-6fab-4fd4-8352-a2922542a8bd
d92c2d49-00cf-4c96-9377-cdb2f5456bbd,3aa81966-f32d-4c89-8921-ad54b9778237
d92f47d6-43ce-4e6f-92c3-61a43a453580,43d37c45-173b-498b-a559-f6d366d5b683
d93f7760-9b9c-4375-ba39-fd7f96f27041,785bb530-e7d9-4aaf-9fb2-228301957de9
d964d13b-17af-4a38-9c64-de7984b06baf,0729681f-b9a4-4f1e-853f-b1d2d1f98a54
d97eee07-1de8-4dee-988e-3efcafcf7493,43d37c45-173b-498b-a559-f6d366d5b683
d986658a-a640-48be-8ac0-a48b83a25bac,8de79a1c-2dca-494c-946a-90619a00df5f
d98d5794-de28-4c0d-be49-126af7abc58c,859a6d71-40d0-49e4-abd1-7d4276bc79ff
da287f4c-6045-4576-b362-eb4031068a2d,89a12b8d-00fe-4e32-b1b9-d23975d69b93
da29dbb1-3df8-49ca-9d91-f0a4b5e75ebe,c40e17e9-0f15-4d13-90cf-0800fe3a428b
da2d4283-9c72-4d9e-9611-ce13feae6bba,55c9124d-c835-4603-a84d-d6133b9caa94
da2e8882-deec-4157-9fc7-8e9f89f7e56f,5a8aef51-eb39-4e21-80f2-eaee1d7159e1
da52a979-2798-46cf-8b2e-e52033dae5da,d373a6c3-0949-4c8d-bff0-0bec129949cb
da52a979-2798-46cf-8b2e-e52033dae5da,e31cfb1a-7bdb-41f8-aad1-4bf16105f7c9
da6ea07e-166f-4d6f-8927-82fc8fe786fb,767542c0-b6ad-4890-9c39-6758288ad28d
da77f54d-a7fd-4f77-a25c-b14f1f025004,647746ed-dbc5-45c3-80c9-308699cb7e0a
da7c2a26-77d4-4151-8c28-8fdc89a7dc6a,e4aae1be-4688-4e12-a10c-689942ea2549
da7c351f-db50-4c49-9e60-bc83424f6506,a222f6fd-c6be-4885-b81d-3ab02020cd56
da8d923a-3749-4e82-9f96-aaef8975b944,081fc4f5-6b89-4c39-9727-de1e95ce6615
da998ce6-c7e4-45dc-a2ee-b93ac91d340c,51704133-414a-460b-9a4b-b86d00fff2bb
daa19f1b-7b13-413c-86ea-357f2afeb77a,8de79a1c-2dca-494c-946a-90619a00df5f
daab0048-8bd1-4967-9eb9-947defb41d1a,43d37c45-173b-498b-a559-f6d366d5b683
dadaaba4-3cb6-4db6-b3bd-29159519bfc4,8cb560d6-6667-43f8-8d99-1f8d4c61e306
db0dac43-5151-4956-8163-55e2bf33b9ce,24a8570d-7050-4cfe-ae20-23782ddce3af
db3973f1-bba0-4609-b262-4baf8cfbcf8c,d373a6c3-0949-4c8d-bff0-0bec129949cb
db3973f1-bba0-4609-b262-4baf8cfbcf8c,e31cfb1a-7bdb-41f8-aad1-4bf16105f7c9
db54e657-1d63-4d4d-afb5-b468548d134e,c037df06-e52d-4ec7-9c76-6b0366773195
db9ccb59-b2d0-4c34-becf-d48d106fe1e1,0c6ae99d-b423-4ed2-9ebe-cdecf7aaf1e0
db9ccb59-b2d0-4c34-becf-d48d106fe1e1,51704133-414a-460b-9a4b-b86d00fff2bb
db9ccb59-b2d0-4c34-becf-d48d106fe1e1,522185c9-71db-4d3a-8af2-f114f2c9ee07
db9ccb59-b2d0-4c34-becf-d48d106fe1e1,72ed4ea5-1cd4-4b82-8f32-36dedd47b844
db9ccb59-b2d0-4c34-becf-d48d106fe1e1,82f6531f-14c0-442a-ba64-1c427193123a
db9ccb59-b2d0-4c34-becf-d48d106fe1e1,d2c771fc-3002-4080-b8a5-0262a6f0f8d6
db9ccb59-b2d0-4c34-becf-d48d106fe1e1,e4aae1be-4688-4e12-a10c-689942ea2549
dbb95109-35ec-4409-a9d2-27cc21a2196a,0222ca08-476b-445b-99bb-2be261fed6dd
dbb95109-35ec-4409-a9d2-27cc21a2196a,0729681f-b9a4-4f1e-853f-b1d2d1f98a54
dbb95109-35ec-4409-a9d2-27cc21a2196a,08e99c61-7a78-4756-9372-b5acb90d68cb
dbb95109-35ec-4409-a9d2-27cc21a2196a,0afb7dbf-9bf4-42df-8d9b-c5c5823163b4
dbb95109-35ec-4409-a9d2-27cc21a2196a,137f9927-45b8-422c-9443-69925aee9133
dbb95109-35ec-4409-a9d2-27cc21a2196a,15fb25ef-c321-42d5-b559-52387bc62c2d
dbb95109-35ec-4409-a9d2-27cc21a2196a,16462278-ae0c-401c-95d6-13c8479ef79a
dbb95109-35ec-4409-a9d2-27cc21a2196a,171b2457-3f69-4812-a061-5644c12f1ec8
dbb95109-35ec-4409-a9d2-27cc21a2196a,1d854b40-c70f-4356-aab2-582dc0eeaaa1
dbb95109-35ec-4409-a9d2-27cc21a2196a,2f6627d7-1eab-4ed1-9b7f-2c0e93de3d3e
dbb95109-35ec-4409-a9d2-27cc21a2196a,33c9d6c8-ca52-4800-adf6-752ae5cdbcf8
dbb95109-35ec-4409-a9d2-27cc21a2196a,3aa3c7d2-ce8e-41a7-b079-3d233a4ab913
dbb95109-35ec-4409-a9d2-27cc21a2196a,3aa81966-f32d-4c89-8921-ad54b9778237
dbb95109-35ec-4409-a9d2-27cc21a2196a,3bc597e6-6255-479a-950d-a517fabe18a4
dbb95109-35ec-4409-a9d2-27cc21a2196a,4351f588-0b35-42bb-bbff-4e001ed57af2
dbb95109-35ec-4409-a9d2-27cc21a2196a,436dcd7c-93a2-4f05-a897-ec9f70284459
dbb95109-35ec-4409-a9d2-27cc21a2196a,45b822a3-6034-403d-89a1-61e13c9a0438
dbb95109-35ec-4409-a9d2-27cc21a2196a,482b3f73-f2e8-4120-910e-611629bedc66
dbb95109-35ec-4409-a9d2-27cc21a2196a,4b557e16-e4ad-4e51-8086-d3148de3058a
dbb95109-35ec-4409-a9d2-27cc21a2196a,5169fd73-6a48-495c-a26a-845ab9925ffc
dbb95109-35ec-4409-a9d2-27cc21a2196a,576e9334-2999-40f3-adab-654e479687e7
dbb95109-35ec-4409-a9d2-27cc21a2196a,5c2fb3e1-571c-415a-bba4-2646565bd61b
dbb95109-35ec-4409-a9d2-27cc21a2196a,5e62fa46-4d65-4bb6-a97f-9dd567c9585f
dbb95109-35ec-4409-a9d2-27cc21a2196a,678a7e7b-eb3b-4edb-b936-7ff752539b4f
dbb95109-35ec-4409-a9d2-27cc21a2196a,74346f09-730b-4628-b407-bb0606c9b3ed
dbb95109-35ec-4409-a9d2-27cc21a2196a,767542c0-b6ad-4890-9c39-6758288ad28d
dbb95109-35ec-4409-a9d2-27cc21a2196a,7fc1ed83-fdd4-496c-a27f-04a6bfb8388c
dbb95109-35ec-4409-a9d2-27cc21a2196a,829f029a-6269-428e-b86e-d732af830b7a
dbb95109-35ec-4409-a9d2-27cc21a2196a,859a6d71-40d0-49e4-abd1-7d4276bc79ff
dbb95109-35ec-4409-a9d2-27cc21a2196a,89a12b8d-00fe-4e32-b1b9-d23975d69b93
dbb95109-35ec-4409-a9d2-27cc21a2196a,92f466d7-0b8f-4bd4-bf21-bd2719200ed6
dbb95109-35ec-4409-a9d2-27cc21a2196a,97208173-d9f7-4c75-ab1f-14dc98161990
dbb95109-35ec-4409-a9d2-27cc21a2196a,9e5e9111-06ee-46a0-be70-f276435cdfcd
dbb95109-35ec-4409-a9d2-27cc21a2196a,b5b59391-5603-4175-b835-984741c27c6d
dbb95109-35ec-4409-a9d2-27cc21a2196a,c072de75-a161-4297-b90a-6ffab2e6f7b7
dbb95109-35ec-4409-a9d2-27cc21a2196a,caf77995-339c-45d7-a047-54939a30139f
dbb95109-35ec-4409-a9d2-27cc21a2196a,d22cb3fc-37c4-4abc-a71f-17b8c97180a9
dbb95109-35ec-4409-a9d2-27cc21a2196a,d4b6fd7f-f369-4109-878f-31521ce1add3
dbb95109-35ec-4409-a9d2-27cc21a2196a,d8891972-86f2-4b09-a8e2-36e914bb2739
dbb95109-35ec-4409-a9d2-27cc21a2196a,e6972467-8d2c-4957-b840-669fe6451292
dbb95109-35ec-4409-a9d2-27cc21a2196a,eef09911-e118-444b-8f72-b72aac7ddf5d
dbb95109-35ec-4409-a9d2-27cc21a2196a,f348d2be-eb89-477d-9f6e-86af32e64804
dbb95109-35ec-4409-a9d2-27cc21a2196a,f52ba493-4181-45a2-baa2-111b61078623
dbb95109-35ec-4409-a9d2-27cc21a2196a,f5995c6d-fcaa-4fef-be11-b11d4b42d7a0
dbb95109-35ec-4409-a9d2-27cc21a2196a,f920120b-959a-47ab-940a-b415695d11c0
dbb95109-35ec-4409-a9d2-27cc21a2196a,f9663452-790b-45af-96fc-a9d248a0a7e1
dbb95109-35ec-4409-a9d2-27cc21a2196a,fa02d679-4b62-41cd-b820-af795d16efe8
dbcd2cf8-5f46-4be1-937b-0929d635c9d7,c71aff62-a156-4a9f-856f-ca7cc685d192
dbd1f139-3f7a-4de4-8da9-26222990cb6c,b8a65c48-e8d5-4b02-969a-c9c8484713e1
dbd1f139-3f7a-4de4-8da9-26222990cb6c,d92c0843-882b-4d03-9cce-5d4066af012d
dc17e241-1836-4fb8-a980-0e06d3bde944,1991e91f-47dc-4258-b20f-83025cdf2ad7
dc188b72-cc02-46af-bb34-61f3e18aafad,bfd9db52-f555-4005-9ed7-51998f495a6e
dc7d6739-62f7-43ef-997e-fabeff2959a2,f9663452-790b-45af-96fc-a9d248a0a7e1
dc8b5296-314e-4b83-86e8-b2aa388196fb,0c6ae99d-b423-4ed2-9ebe-cdecf7aaf1e0
dcaa8b89-d3d9-4bec-8402-3bb312d1498b,4cb8aeac-e4d2-41c8-8985-6e983aec9b46
dd161bb0-e912-4ab6-bbd9-cb45937efffe,bfd9db52-f555-4005-9ed7-51998f495a6e
dd218905-9bec-4d31-8f85-b09cf9356b40,24a8570d-7050-4cfe-ae20-23782ddce3af
dd2489a4-708f-4d2a-92f3-14088463d68d,a0511dc9-79e4-49d0-9c4e-e6fa7cf048ac
dd465ebf-2a87-4144-9e14-43173412d98c,43d37c45-173b-498b-a559-f6d366d5b683
dd4cf452-6a16-48b0-9a91-80e4fe4e4777,c71aff62-a156-4a9f-856f-ca7cc685d192
dd5d12bc-6f6b-4386-8d69-c2113faa01de,c71aff62-a156-4a9f-856f-ca7cc685d192
dd7c0cb4-9188-4b03-9f40-b460c5c71d33,43e0d7d2-9e6c-414a-ae70-55cad3ae5c1c
dda0ed17-b69a-4e93-87cb-d7953431ded3,62abd51a-8cb6-4ddc-a7e6-36b8cd372fa6
ddd54b85-b1f0-4778-9ee9-ca441e9e0de3,4a8d1c27-63c7-4495-b5ff-d8ddccc55b46
ddec2d79-c9bd-41fe-b2e4-5752234e9795,2479d03b-88a5-4196-8346-fcab230c56f8
ddf647d4-b0bc-4547-958e-9dad311d2161,43d37c45-173b-498b-a559-f6d366d5b683
ddfdff18-4e00-4f9d-a880-523ffd7897ba,03fa5be1-3ccf-4ad5-927e-58552025b591
ddfdff18-4e00-4f9d-a880-523ffd7897ba,1991e91f-47dc-4258-b20f-83025cdf2ad7
de079265-486d-4b72-8792-1fde66dba317,7191ddc3-51fa-49f7-ad54-90ad8b762894
de0d8dec-3141-4cc6-a52f-9558f3cd2a55,4a8d1c27-63c7-4495-b5ff-d8ddccc55b46
de3bc1e2-6455-4d22-ae63-96e861250985,dd651749-1819-43e1-8c71-8f1681756dc7
de41eff0-9373-4c75-923a-02386a543fbf,22f024bd-1b76-4d8b-9287-324ef29f5d48
de53ecfe-a641-47f6-8cdc-04a749d7bec1,4cb8aeac-e4d2-41c8-8985-6e983aec9b46
de576c43-c7d1-4c43-b397-015fa069e63e,c037df06-e52d-4ec7-9c76-6b0366773195
deeceae4-30e2-4ec8-9205-b5521c987874,43d37c45-173b-498b-a559-f6d366d5b683
defe9ee9-7a15-4051-b664-fecf3e4e9fa7,9155a6e0-6fab-4fd4-8352-a2922542a8bd
df51e76c-e2d4-4331-aa84-d3e175495425,859a6d71-40d0-49e4-abd1-7d4276bc79ff
df88a742-5405-4fbc-8479-99fb682ad26e,1991e91f-47dc-4258-b20f-83025cdf2ad7
df9e1ca1-da5c-4a8f-a1a9-36fab7453933,a222f6fd-c6be-4885-b81d-3ab02020cd56
dfab269a-19ca-40ed-a017-6659446488f5,171b2457-3f69-4812-a061-5644c12f1ec8
dfc88b7f-a5eb-4b64-8f0a-e45eba237373,7a543a7f-c721-4f16-a458-f4c2e7f33fe8
e0416d0c-9f47-4cf5-bb8f-b09bc73db4fa,24a8570d-7050-4cfe-ae20-23782ddce3af
e06266f4-c836-41f8-90cb-0fc59d159f29,c71aff62-a156-4a9f-856f-ca7cc685d192
e0f1629f-663b-4eb7-8da4-2150664e3b03,647746ed-dbc5-45c3-80c9-308699cb7e0a
e15ea6f9-ebd2-4444-b591-7d3bfb1f68f1,a0511dc9-79e4-49d0-9c4e-e6fa7cf048ac
e165f6ac-0cbb-4978-af71-4cd18aed7eb1,4b557e16-e4ad-4e51-8086-d3148de3058a
e173f675-8eeb-4ec8-b650-57ce6ca4eee1,62abd51a-8cb6-4ddc-a7e6-36b8cd372fa6
e17e20c5-2df3-4e41-b57b-d81d852883a1,b238f7cd-e61e-4185-9eac-16dd198925cc
e18f2dc9-8f33-4be3-9405-cc4874ac8668,2433c1ce-a106-46d8-9e55-d39048f181be
e263f6b6-a0b5-4c77-a293-d39a23960aca,9603fa20-90ec-4de8-98eb-e83ff72e0a3c
e2695b4f-1040-4fe0-ba0b-892bba702131,9603fa20-90ec-4de8-98eb-e83ff72e0a3c
e28a3362-0fee-4a0e-a144-6335d33e4ed3,9155a6e0-6fab-4fd4-8352-a2922542a8bd
e2a43aac-d47c-42d2-aed0-2b02bd10ee75,41639101-fa91-4543-9a62-0953ee074fd4
e2a43aac-d47c-42d2-aed0-2b02bd10ee75,624d3443-4059-4042-8697-666b49d90c63
e2a43aac-d47c-42d2-aed0-2b02bd10ee75,d8268b85-b2a4-437b-af6c-9168fcba7074
e3695ac1-60cc-41dc-9738-d1824d70b4c3,2c7b0747-d654-4d09-958b-8d4d94ed20d2
e3cee57e-a101-49a8-bda2-5efa637b9ba9,e4aae1be-4688-4e12-a10c-689942ea2549
e3f4eaa7-f55d-4805-9e3d-ccf6ec87bbcb,82f6531f-14c0-442a-ba64-1c427193123a
e41b0672-a5ac-4379-9e5a-5cb9fc4ecd8b,35aba451-11e8-41a5-8d59-793fbe95ab16
e41b0672-a5ac-4379-9e5a-5cb9fc4ecd8b,5b91900e-7aa6-4d72-8ece-ca17974806c9
e41b0672-a5ac-4379-9e5a-5cb9fc4ecd8b,9e9b6c9e-eec7-4b2b-9cde-c422906d75de
e41b0672-a5ac-4379-9e5a-5cb9fc4ecd8b,df6d053b-bc97-4606-8416-9c76dd3380c4
e421dfdb-4091-4925-9ed7-7f4f5dc3ef63,05ad3e6f-1119-454a-8a35-582dba10e297
e424dc9a-d2d6-4203-a4a0-f6382b9a8353,7e38030b-645d-4eec-a8b6-5caf7ff0f4f7
e4450152-52ef-4bfa-bcaf-e331196d62d1,983f93b2-7c6f-403a-8160-b3f44f600058
e44a4ee4-ae87-4064-9a92-6ed5bae95c2d,8cb560d6-6667-43f8-8d99-1f8d4c61e306
e4638bb7-40c4-46a3-a50b-e3ef46a9bb3b,3aa3c7d2-ce8e-41a7-b079-3d233a4ab913
e49eb002-f4f7-4154-bc3b-dba65dbd27c1,2b8f045a-991f-41ea-a9aa-7fe7fa2cb284
e4b351ab-5c2b-4496-a90f-94113504e601,767542c0-b6ad-4890-9c39-6758288ad28d
e4c36fce-958d-44ac-9346-9fc976ccf27e,62376c3d-0434-44f4-9e7a-59f47fcdf3e5
e4cacee4-7621-4a5c-9d21-23742474bf45,05ad3e6f-1119-454a-8a35-582dba10e297
e4ed8a9b-a7c6-4839-998f-8bafd2728ed6,e55015a5-7dab-40e0-bc58-89793e204e2b
e4f7af7e-b987-47d5-9ac6-216fd6bab4a0,62abd51a-8cb6-4ddc-a7e6-36b8cd372fa6
e52ccb9f-6153-4a94-a311-620751ef04c8,9155a6e0-6fab-4fd4-8352-a2922542a8bd
e5a2ef92-8777-44f4-944f-a3afe986bbbe,9155a6e0-6fab-4fd4-8352-a2922542a8bd
e5b5c12e-6628-4509-b4c2-4b29a57d29dd,55c9124d-c835-4603-a84d-d6133b9caa94
e5f2b9dc-bd6b-404d-91bc-d457303608c4,7fc1ed83-fdd4-496c-a27f-04a6bfb8388c
e628ce77-1cc5-44de-8b77-c9e5e40732d5,0c6ae99d-b423-4ed2-9ebe-cdecf7aaf1e0
e628ce77-1cc5-44de-8b77-c9e5e40732d5,51704133-414a-460b-9a4b-b86d00fff2bb
e628ce77-1cc5-44de-8b77-c9e5e40732d5,522185c9-71db-4d3a-8af2-f114f2c9ee07
e628ce77-1cc5-44de-8b77-c9e5e40732d5,72ed4ea5-1cd4-4b82-8f32-36dedd47b844
e628ce77-1cc5-44de-8b77-c9e5e40732d5,82f6531f-14c0-442a-ba64-1c427193123a
e628ce77-1cc5-44de-8b77-c9e5e40732d5,c71aff62-a156-4a9f-856f-ca7cc685d192
e628ce77-1cc5-44de-8b77-c9e5e40732d5,d2c771fc-3002-4080-b8a5-0262a6f0f8d6
e628ce77-1cc5-44de-8b77-c9e5e40732d5,e4aae1be-4688-4e12-a10c-689942ea2549
e6605a48-fa2a-4a7a-b569-5701708e1de6,0c6ae99d-b423-4ed2-9ebe-cdecf7aaf1e0
e6605a48-fa2a-4a7a-b569-5701708e1de6,51704133-414a-460b-9a4b-b86d00fff2bb
e6605a48-fa2a-4a7a-b569-5701708e1de6,522185c9-71db-4d3a-8af2-f114f2c9ee07
e6605a48-fa2a-4a7a-b569-5701708e1de6,72ed4ea5-1cd4-4b82-8f32-36dedd47b844
e6605a48-fa2a-4a7a-b569-5701708e1de6,82f6531f-14c0-442a-ba64-1c427193123a
e6605a48-fa2a-4a7a-b569-5701708e1de6,d2c771fc-3002-4080-b8a5-0262a6f0f8d6
e6605a48-fa2a-4a7a-b569-5701708e1de6,e4aae1be-4688-4e12-a10c-689942ea2549
e6610340-04f1-49d6-96f7-0d440ecd2a63,44ff6e3b-62ef-4938-bd15-009a21682279
e6ce525b-4c87-45ad-a110-fcdf4db75240,1037fc7e-fe56-4871-8f45-1cab6ba06720
e6d4324c-c6e2-40ff-811a-7a717dc2b5f4,4cb8aeac-e4d2-41c8-8985-6e983aec9b46
e7284239-20fe-4436-80dc-cfe00b1c05ca,036101a9-55ee-4907-bb38-dd852a22f700
e7284239-20fe-4436-80dc-cfe00b1c05ca,1c302ee8-0f03-498c-ad14-649a0af36f1c
e7284239-20fe-4436-80dc-cfe00b1c05ca,aeb90458-ac5a-4d38-bceb-40d99e6bacad
e73561f6-3df0-42f1-8f15-dd150b05967c,647746ed-dbc5-45c3-80c9-308699cb7e0a
e756489d-623f-43e9-a393-45ffd308091c,24a8570d-7050-4cfe-ae20-23782ddce3af
e768fdf3-2dee-4289-a6d5-73c296ee2f19,62376c3d-0434-44f4-9e7a-59f47fcdf3e5
e797a886-b63e-4f35-8346-25b459965db5,215e20fc-eb6e-4b2b-a156-358b09e8d6e5
e797a886-b63e-4f35-8346-25b459965db5,231abd64-489c-4ad4-a479-25149749e46d
e797a886-b63e-4f35-8346-25b459965db5,23d08ffd-c8b1-47cf-81ef-9aaefd7cb25c
e797a886-b63e-4f35-8346-25b459965db5,379836fb-418b-4a84-9855-df663fa70287
e797a886-b63e-4f35-8346-25b459965db5,3bed11f7-8078-4bc0-9f0b-fb63ad36eb52
e797a886-b63e-4f35-8346-25b459965db5,9f8b8b69-06d9-45e1-ba81-c82b0b9684ad
e797a886-b63e-4f35-8346-25b459965db5,b238f7cd-e61e-4185-9eac-16dd198925cc
e797a886-b63e-4f35-8346-25b459965db5,d22b34dc-3699-45f4-aec6-a2b6eae08b1e
e7e4165e-0d81-4f80-a9c1-7cbbe4e95d14,7e38030b-645d-4eec-a8b6-5caf7ff0f4f7
e808621e-e15f-46b3-b215-16792598b10b,983f93b2-7c6f-403a-8160-b3f44f600058
e81d9ba9-404a-4b52-a6a1-595ae0ec4873,171b2457-3f69-4812-a061-5644c12f1ec8
e8264ccc-86e0-469d-9789-0c7bfbada622,171b2457-3f69-4812-a061-5644c12f1ec8
e82fc0da-6036-4341-b584-fb881cb94a14,2244cf69-2b5c-4650-a05d-5e27fc0732d3
e847c9ce-02f7-4189-89ef-d8582203cc21,457f041a-58af-45db-8e50-724943c1f2f0
e8669c21-87a7-447a-97b5-d4170567ea22,b8a65c48-e8d5-4b02-969a-c9c8484713e1
e86e486c-9dd0-4a31-adb4-658df5b71869,d91b99fa-c786-42d4-b6a7-57a18f99c3eb
e870ec18-68c4-485b-8f50-fd08a53b885f,8cb560d6-6667-43f8-8d99-1f8d4c61e306
e924bb1c-bc0a-4276-80df-541a39a40017,4a8d1c27-63c7-4495-b5ff-d8ddccc55b46
e9331993-62c6-46cf-aa06-a60c1535fd94,24a8570d-7050-4cfe-ae20-23782ddce3af
e933948b-a12f-4067-a21f-3241a12cc703,1991e91f-47dc-4258-b20f-83025cdf2ad7
e94e72b9-af02-4bbb-b8d3-3c3076230971,66fb62bd-dc7e-487a-91c8-2aac5313f04c
e9813fe5-692f-442a-9861-3ccda61e17da,0c6ae99d-b423-4ed2-9ebe-cdecf7aaf1e0
e9813fe5-692f-442a-9861-3ccda61e17da,51704133-414a-460b-9a4b-b86d00fff2bb
e9813fe5-692f-442a-9861-3ccda61e17da,522185c9-71db-4d3a-8af2-f114f2c9ee07
e9813fe5-692f-442a-9861-3ccda61e17da,72ed4ea5-1cd4-4b82-8f32-36dedd47b844
e9813fe5-692f-442a-9861-3ccda61e17da,82f6531f-14c0-442a-ba64-1c427193123a
e9813fe5-692f-442a-9861-3ccda61e17da,d2c771fc-3002-4080-b8a5-0262a6f0f8d6
e9813fe5-692f-442a-9861-3ccda61e17da,e4aae1be-4688-4e12-a10c-689942ea2549
e99e7f82-b783-411e-b17b-d972f5e8438c,0222ca08-476b-445b-99bb-2be261fed6dd
e9a8fbd3-df1a-4d3f-a687-73f1693dfbda,436dcd7c-93a2-4f05-a897-ec9f70284459
e9b21a43-b2d4-4d26-9333-1d7860727698,a222f6fd-c6be-4885-b81d-3ab02020cd56
e9cad11a-501d-4c23-8f68-ecde597fd7b3,3aa3c7d2-ce8e-41a7-b079-3d233a4ab913
e9cc01a9-d498-47a1-950f-8fdcb60a8a06,647746ed-dbc5-45c3-80c9-308699cb7e0a
e9e095d5-8db7-4c49-a91a-232ba78ba7ca,e4aae1be-4688-4e12-a10c-689942ea2549
e9fa731d-0052-4717-acdf-9efc3564ca8b,66fb62bd-dc7e-487a-91c8-2aac5313f04c
ea0b08e0-f7d3-4e15-b266-22b43197ebc6,e31cfb1a-7bdb-41f8-aad1-4bf16105f7c9
ea283086-2ed8-4bfb-839b-891b0bcb1725,e55015a5-7dab-40e0-bc58-89793e204e2b
ea46332b-e836-470c-a4aa-71df0a059c09,482b3f73-f2e8-4120-910e-611629bedc66
ea508f28-c844-4d1e-bc96-3cbaf07b1d2f,66fb62bd-dc7e-487a-91c8-2aac5313f04c
eaa54d3c-8fde-4697-a3dd-c7465e37669a,1991e91f-47dc-4258-b20f-83025cdf2ad7
eaa55561-cb8a-4e1d-92d7-7bf27f6ca62b,72ed4ea5-1cd4-4b82-8f32-36dedd47b844
eaa89f28-589b-4a37-8d67-6e82e54b19e8,d91b99fa-c786-42d4-b6a7-57a18f99c3eb
eade441b-bdd2-40b7-a310-4902c5a7ff07,d91b99fa-c786-42d4-b6a7-57a18f99c3eb
eb315926-48d4-4b7b-a451-8676ba9d8098,89a12b8d-00fe-4e32-b1b9-d23975d69b93
eb6cdf56-36dc-499e-8f2c-9750a0776060,4cb8aeac-e4d2-41c8-8985-6e983aec9b46
eb991f87-43b5-4492-965b-0c0faefb2f44,f12ffb5a-c385-4e8e-bcfd-15d5d12cf176
ebf07d55-dd20-490c-aa52-96dc00aae537,3aa81966-f32d-4c89-8921-ad54b9778237
ebf47f9b-de3b-4395-8558-c908ef276fc7,0c6ae99d-b423-4ed2-9ebe-cdecf7aaf1e0
ebf47f9b-de3b-4395-8558-c908ef276fc7,51704133-414a-460b-9a4b-b86d00fff2bb
ebf47f9b-de3b-4395-8558-c908ef276fc7,522185c9-71db-4d3a-8af2-f114f2c9ee07
ebf47f9b-de3b-4395-8558-c908ef276fc7,72ed4ea5-1cd4-4b82-8f32-36dedd47b844
ebf47f9b-de3b-4395-8558-c908ef276fc7,82f6531f-14c0-442a-ba64-1c427193123a
ebf47f9b-de3b-4395-8558-c908ef276fc7,d2c771fc-3002-4080-b8a5-0262a6f0f8d6
ebf47f9b-de3b-4395-8558-c908ef276fc7,e4aae1be-4688-4e12-a10c-689942ea2549
ebfa44f3-53f8-49f6-8344-2d5c6e625d04,22f024bd-1b76-4d8b-9287-324ef29f5d48
ec02e440-7cd4-4798-8a87-06259d5d5c55,9603fa20-90ec-4de8-98eb-e83ff72e0a3c
ec23776f-7598-473e-aaf2-09fa6c1e682a,a222f6fd-c6be-4885-b81d-3ab02020cd56
ec256adc-dfaf-46f8-af4b-dba70c4ee596,d91b99fa-c786-42d4-b6a7-57a18f99c3eb
ec28b27c-7a08-430b-ac55-7c6a0a4cc313,4a8d1c27-63c7-4495-b5ff-d8ddccc55b46
ec32f317-3359-43a9-acd1-c3cb93e8a32c,43d37c45-173b-498b-a559-f6d366d5b683
ec3e026c-623b-4227-b6cd-d16517eddcb5,2244cf69-2b5c-4650-a05d-5e27fc0732d3
ec4112f7-0228-4ce5-ac14-1a447ce58061,1037fc7e-fe56-4871-8f45-1cab6ba06720
ec92bc07-3e2c-4b98-a265-fc3ced5d57bc,d91b99fa-c786-42d4-b6a7-57a18f99c3eb
ecae10bd-7326-4d7e-8a0e-ecc59f71c835,66fb62bd-dc7e-487a-91c8-2aac5313f04c
ece6365c-9a66-420b-9533-64b6ca1ad14a,036101a9-55ee-4907-bb38-dd852a22f700
ece6365c-9a66-420b-9533-64b6ca1ad14a,0e4564f4-fccb-4711-9751-41f02a57630d
ece6365c-9a66-420b-9533-64b6ca1ad14a,0ef548cb-4f13-48df-b69a-16ff6ba002eb
ece6365c-9a66-420b-9533-64b6ca1ad14a,12bcb9ab-22ed-48f2-8af1-1dde03c33add
ece6365c-9a66-420b-9533-64b6ca1ad14a,1c759347-c27f-4641-8a50-5a71784e1303
ece6365c-9a66-420b-9533-64b6ca1ad14a,2440ecb1-3934-42e2-b14a-68276e486c0f
ece6365c-9a66-420b-9533-64b6ca1ad14a,32a5d89f-53a2-4c0e-afcf-98963fe8d0b9
ece6365c-9a66-420b-9533-64b6ca1ad14a,5a03a82f-a1bc-4682-b5e7-d51f2a5a35d4
ece6365c-9a66-420b-9533-64b6ca1ad14a,62c661ac-1b72-4c37-af41-c93f79f76136
ece6365c-9a66-420b-9533-64b6ca1ad14a,75f27fa0-badc-4891-8688-96873d4fe08e
ece6365c-9a66-420b-9533-64b6ca1ad14a,7d715e2d-f1c9-4684-82a3-8b31d04a0d81
ece6365c-9a66-420b-9533-64b6ca1ad14a,aeb90458-ac5a-4d38-bceb-40d99e6bacad
ece6365c-9a66-420b-9533-64b6ca1ad14a,d74042dd-c843-4933-a963-d20e0bfa1f76
ece6365c-9a66-420b-9533-64b6ca1ad14a,e2827b12-3ffa-4aac-b230-fb6ecc315689
ece6365c-9a66-420b-9533-64b6ca1ad14a,e77a14b3-2a37-484e-9276-971bf6f6d489
ed0d4791-0ad4-4684-a943-9308bcc12961,1037fc7e-fe56-4871-8f45-1cab6ba06720
ed0dc424-5376-40e7-b108-3a027779ba20,1991e91f-47dc-4258-b20f-83025cdf2ad7
ed40eb3c-8324-47f1-9921-854b1f9a6e3b,f348d2be-eb89-477d-9f6e-86af32e64804
edca6409-2c8d-4e06-ac8e-afb27467e256,544e0f8c-c804-480f-8b4e-0a7c46d7e0e6
edca6409-2c8d-4e06-ac8e-afb27467e256,55c9124d-c835-4603-a84d-d6133b9caa94
edca6409-2c8d-4e06-ac8e-afb27467e256,829ceb34-77f2-4418-a875-a85c9b61d04e
ede1d2f0-7b4b-40e3-b19b-7bcad15fc468,c71aff62-a156-4a9f-856f-ca7cc685d192
edf26a38-83a6-4c91-91ba-2cd369f78248,647746ed-dbc5-45c3-80c9-308699cb7e0a
edfeb8bd-77f0-4c12-8b64-8a947148da8c,068ebe3d-0520-44f3-9ef3-ac2d78cc0fd0
edfeb8bd-77f0-4c12-8b64-8a947148da8c,081fc4f5-6b89-4c39-9727-de1e95ce6615
edfeb8bd-77f0-4c12-8b64-8a947148da8c,1037fc7e-fe56-4871-8f45-1cab6ba06720
edfeb8bd-77f0-4c12-8b64-8a947148da8c,19b56755-d573-4984-b72e-bd303880f51c
edfeb8bd-77f0-4c12-8b64-8a947148da8c,228424dd-7eb4-4587-92a3-9d435b32ffba
edfeb8bd-77f0-4c12-8b64-8a947148da8c,22f024bd-1b76-4d8b-9287-324ef29f5d48
edfeb8bd-77f0-4c12-8b64-8a947148da8c,25fd8fbe-b824-41d7-b2f9-4e7212cee07e
edfeb8bd-77f0-4c12-8b64-8a947148da8c,2c7b0747-d654-4d09-958b-8d4d94ed20d2
edfeb8bd-77f0-4c12-8b64-8a947148da8c,2d1bdda0-10ae-4138-a4b1-73a778b048ea
edfeb8bd-77f0-4c12-8b64-8a947148da8c,3e975766-7cef-464b-8bc9-8ea39f66136f
edfeb8bd-77f0-4c12-8b64-8a947148da8c,48597a8e-a852-4450-803f-8b202efafd41
edfeb8bd-77f0-4c12-8b64-8a947148da8c,532b3c08-2391-45ab-b55d-db0d484f7be9
edfeb8bd-77f0-4c12-8b64-8a947148da8c,53c635e2-6ad5-4a40-89d2-a84c720705ea
edfeb8bd-77f0-4c12-8b64-8a947148da8c,585c304e-540b-452e-be22-0957937c3fdf
edfeb8bd-77f0-4c12-8b64-8a947148da8c,65f02524-c997-4c43-812f-0f8a9e721eed
edfeb8bd-77f0-4c12-8b64-8a947148da8c,678a7e7b-eb3b-4edb-b936-7ff752539b4f
edfeb8bd-77f0-4c12-8b64-8a947148da8c,68f176eb-cf22-4ac0-98ef-b25b50908421
edfeb8bd-77f0-4c12-8b64-8a947148da8c,6d3e5784-ed29-488f-8a3b-4e1d0fa9ab59
edfeb8bd-77f0-4c12-8b64-8a947148da8c,713ae1ae-96fa-4283-a30b-38150eb6f6db
edfeb8bd-77f0-4c12-8b64-8a947148da8c,7191ddc3-51fa-49f7-ad54-90ad8b762894
edfeb8bd-77f0-4c12-8b64-8a947148da8c,744d9599-5453-4dca-b19e-1ff5eebced9e
edfeb8bd-77f0-4c12-8b64-8a947148da8c,785bb530-e7d9-4aaf-9fb2-228301957de9
edfeb8bd-77f0-4c12-8b64-8a947148da8c,79f53aad-0600-4516-a93f-46e5faef1494
edfeb8bd-77f0-4c12-8b64-8a947148da8c,7cd9cebb-505a-4133-b9f4-e7327c38b93d
edfeb8bd-77f0-4c12-8b64-8a947148da8c,7fc1ed83-fdd4-496c-a27f-04a6bfb8388c
edfeb8bd-77f0-4c12-8b64-8a947148da8c,87b7763f-5d89-4e6f-a573-931a839cacc4
edfeb8bd-77f0-4c12-8b64-8a947148da8c,87f5bed3-95dc-4e46-b9ce-48b7e3d4d49c
edfeb8bd-77f0-4c12-8b64-8a947148da8c,898b423e-544b-4aca-9cf9-11a911be4273
edfeb8bd-77f0-4c12-8b64-8a947148da8c,8de79a1c-2dca-494c-946a-90619a00df5f
edfeb8bd-77f0-4c12-8b64-8a947148da8c,bc6c26ff-3990-4580-98bb-43e51c618bfd
edfeb8bd-77f0-4c12-8b64-8a947148da8c,c037df06-e52d-4ec7-9c76-6b0366773195
edfeb8bd-77f0-4c12-8b64-8a947148da8c,cca6be03-c36f-4e5a-b460-d7f68ea789b5
edfeb8bd-77f0-4c12-8b64-8a947148da8c,d5271c89-198c-4f1f-82a6-72a51a743566
edfeb8bd-77f0-4c12-8b64-8a947148da8c,dd651749-1819-43e1-8c71-8f1681756dc7
edfeb8bd-77f0-4c12-8b64-8a947148da8c,e03cb5e2-df09-43b0-b2f3-f543ae71db8a
edfeb8bd-77f0-4c12-8b64-8a947148da8c,ee0517c3-72e0-42bb-9598-13994e77fa67
edfeb8bd-77f0-4c12-8b64-8a947148da8c,eef09911-e118-444b-8f72-b72aac7ddf5d
edfeb8bd-77f0-4c12-8b64-8a947148da8c,f375cd3d-de8f-42ba-8d7f-9fd9f8d016a2
ee173ff0-b2f8-4288-9012-5ee8044a6f83,647746ed-dbc5-45c3-80c9-308699cb7e0a
ee6e0699-e68f-473f-81a2-b56e8e41d937,4a8d1c27-63c7-4495-b5ff-d8ddccc55b46
eec56bcd-aab4-4858-9d00-de24f20bf88d,983f93b2-7c6f-403a-8160-b3f44f600058
ef0ffa96-e73f-4abe-8401-0f9d341c7ca0,fa02d679-4b62-41cd-b820-af795d16efe8
ef21a555-1970-4064-b360-7d5f37f0a0b4,9155a6e0-6fab-4fd4-8352-a2922542a8bd
ef5a644b-6e9d-4910-928b-b012dd2ac683,d373a6c3-0949-4c8d-bff0-0bec129949cb
ef5a644b-6e9d-4910-928b-b012dd2ac683,e31cfb1a-7bdb-41f8-aad1-4bf16105f7c9
ef6ebc6b-9335-44c2-9297-6a27ef8a6b53,5a8aef51-eb39-4e21-80f2-eaee1d7159e1
ef7088b7-8a79-4ac1-a9cc-f8ec5b23dc4a,51704133-414a-460b-9a4b-b86d00fff2bb
ef83fd75-1b02-4321-bcd3-28e739681d26,43d37c45-173b-498b-a559-f6d366d5b683
efba730b-fc8d-4e63-9b5d-2d4d0190d39a,7fc1ed83-fdd4-496c-a27f-04a6bfb8388c
eff8a960-db3b-4635-8a86-ceb53177ab77,89a12b8d-00fe-4e32-b1b9-d23975d69b93
f012db73-e70a-42e6-a4a1-d8fc906c3271,1991e91f-47dc-4258-b20f-83025cdf2ad7
f029d126-e3f5-409d-99f2-c4c2a7fa8cc5,43d37c45-173b-498b-a559-f6d366d5b683
f02de143-54d5-4e91-8349-6ea619c9a09a,215e20fc-eb6e-4b2b-a156-358b09e8d6e5
f02de143-54d5-4e91-8349-6ea619c9a09a,231abd64-489c-4ad4-a479-25149749e46d
f02de143-54d5-4e91-8349-6ea619c9a09a,2433c1ce-a106-46d8-9e55-d39048f181be
f02de143-54d5-4e91-8349-6ea619c9a09a,2b8f045a-991f-41ea-a9aa-7fe7fa2cb284
f02de143-54d5-4e91-8349-6ea619c9a09a,379836fb-418b-4a84-9855-df663fa70287
f02de143-54d5-4e91-8349-6ea619c9a09a,9f8b8b69-06d9-45e1-ba81-c82b0b9684ad
f02de143-54d5-4e91-8349-6ea619c9a09a,d22b34dc-3699-45f4-aec6-a2b6eae08b1e
f02de143-54d5-4e91-8349-6ea619c9a09a,db892084-d011-451f-88c1-5739a91b4a4a
f042e09b-3d54-4401-89aa-000f0c7ff57a,43e0d7d2-9e6c-414a-ae70-55cad3ae5c1c
f04cd529-f997-4f79-8c95-b42b45784ef5,a222f6fd-c6be-4885-b81d-3ab02020cd56
f092f8d2-0cbe-44c0-a32d-52cacc792526,c71aff62-a156-4a9f-856f-ca7cc685d192
f0d9d817-a9c6-4e83-bd37-006458f473be,647746ed-dbc5-45c3-80c9-308699cb7e0a
f0da9914-b2df-4206-8cdc-cc03f0782317,62abd51a-8cb6-4ddc-a7e6-36b8cd372fa6
f0fcedd8-e193-483f-b767-8b85a2d8225a,9155a6e0-6fab-4fd4-8352-a2922542a8bd
f10c9445-c062-4103-b4bd-b57a0d895541,43d37c45-173b-498b-a559-f6d366d5b683
f120b107-3acc-4f65-b3cb-cc6b4ca4d3b7,7e38030b-645d-4eec-a8b6-5caf7ff0f4f7
f1852caa-a4af-4914-a9b7-9b4a190758d1,b8a65c48-e8d5-4b02-969a-c9c8484713e1
f18642c8-7121-41df-aad2-f0dca6786437,b5b59391-5603-4175-b835-984741c27c6d
f1b080fc-6de9-450e-ad39-7fc3042676a1,caf77995-339c-45d7-a047-54939a30139f
f1b0f360-2dfd-4003-80f9-f21b9feae223,f12ffb5a-c385-4e8e-bcfd-15d5d12cf176
f208d856-41cb-45fb-b91b-8e0b0bc00cda,7a543a7f-c721-4f16-a458-f4c2e7f33fe8
f2998907-0581-4781-8b6d-620f8b1e63e5,767542c0-b6ad-4890-9c39-6758288ad28d
f2dac72f-19d0-4754-a530-e3a94d1128d0,4a8d1c27-63c7-4495-b5ff-d8ddccc55b46
f319257d-56ed-4c5c-96e4-a9f120a42754,829ceb34-77f2-4418-a875-a85c9b61d04e
f31e7eaa-5e58-4cca-ab9d-58a58f6640b8,522185c9-71db-4d3a-8af2-f114f2c9ee07
f341ec4f-9856-45cb-9509-bcdfb56125ae,1991e91f-47dc-4258-b20f-83025cdf2ad7
f360046f-dd15-4ef6-8909-828f90a82ddc,983f93b2-7c6f-403a-8160-b3f44f600058
f3bc39a8-c6ba-41a7-be15-bcd228d99cb9,0ef548cb-4f13-48df-b69a-16ff6ba002eb
f3bc39a8-c6ba-41a7-be15-bcd228d99cb9,12bcb9ab-22ed-48f2-8af1-1dde03c33add
f3bc39a8-c6ba-41a7-be15-bcd228d99cb9,1c759347-c27f-4641-8a50-5a71784e1303
f3bc39a8-c6ba-41a7-be15-bcd228d99cb9,2440ecb1-3934-42e2-b14a-68276e486c0f
f3bc39a8-c6ba-41a7-be15-bcd228d99cb9,75f27fa0-badc-4891-8688-96873d4fe08e
f3bc39a8-c6ba-41a7-be15-bcd228d99cb9,e77a14b3-2a37-484e-9276-971bf6f6d489
f4085519-ae9c-4a68-9b1e-fddce313eb02,522185c9-71db-4d3a-8af2-f114f2c9ee07
f4605e84-6571-4f69-9e0d-80b3496fb7d9,1037fc7e-fe56-4871-8f45-1cab6ba06720
f48bbd02-f95e-4e0c-9a49-e795d5d05c7c,829ceb34-77f2-4418-a875-a85c9b61d04e
f48ca321-e33e-4747-957d-61b2b25b8964,b8a65c48-e8d5-4b02-969a-c9c8484713e1
f4900fed-2f1a-4d4f-b852-c1a50867276e,05ad3e6f-1119-454a-8a35-582dba10e297
f512e0ea-5da6-4158-8c92-f88a5dcbc6bb,228424dd-7eb4-4587-92a3-9d435b32ffba
f5413596-dad2-4ee4-a787-6f7e2b1e3961,2479d03b-88a5-4196-8346-fcab230c56f8
f5635ab2-9f10-4215-b81f-c844ea554c3e,62abd51a-8cb6-4ddc-a7e6-36b8cd372fa6
f5b7163a-215b-4942-ad01-4da18bb18ca3,7fc1ed83-fdd4-496c-a27f-04a6bfb8388c
f5bfbb91-098d-4d97-8abb-af7f772fdff4,82f6531f-14c0-442a-ba64-1c427193123a
f62e352f-727e-40fc-b202-4ee059a919cc,51704133-414a-460b-9a4b-b86d00fff2bb
f64e3428-dc43-48cb-b514-747ad36ad3a4,43d37c45-173b-498b-a559-f6d366d5b683
f671270e-dedf-42c5-9913-ad2d48d158ee,522185c9-71db-4d3a-8af2-f114f2c9ee07
f688774e-40ce-4ad7-9c32-dddbc280af75,ee0517c3-72e0-42bb-9598-13994e77fa67
f68af97c-bb33-4c5e-9efb-2a3bc77a6383,534dd36b-003c-4743-b5ac-fb025088c1f0
f68af97c-bb33-4c5e-9efb-2a3bc77a6383,7a5b0f00-89c8-4feb-b6ab-025b9758ce65
f68af97c-bb33-4c5e-9efb-2a3bc77a6383,9601d7c2-8340-450e-b0c5-86d1793b1b15
f68af97c-bb33-4c5e-9efb-2a3bc77a6383,f52192a5-0a4f-40d7-a302-2ab84e0ec27d
f6b13cea-c08b-4028-aace-be49cd0fb4d4,0729681f-b9a4-4f1e-853f-b1d2d1f98a54
f6b960a3-be0b-4dfb-a8b0-c5747e88ba51,d91b99fa-c786-42d4-b6a7-57a18f99c3eb
f6bc57c5-349b-4619-8e41-d307f6a2e5bf,e4aae1be-4688-4e12-a10c-689942ea2549
f6d190a4-f312-4e86-ac11-ee326a765819,0c6ae99d-b423-4ed2-9ebe-cdecf7aaf1e0
f6d190a4-f312-4e86-ac11-ee326a765819,51704133-414a-460b-9a4b-b86d00fff2bb
f6d190a4-f312-4e86-ac11-ee326a765819,522185c9-71db-4d3a-8af2-f114f2c9ee07
f6d190a4-f312-4e86-ac11-ee326a765819,72ed4ea5-1cd4-4b82-8f32-36dedd47b844
f6d190a4-f312-4e86-ac11-ee326a765819,82f6531f-14c0-442a-ba64-1c427193123a
f6d190a4-f312-4e86-ac11-ee326a765819,d2c771fc-3002-4080-b8a5-0262a6f0f8d6
f6d190a4-f312-4e86-ac11-ee326a765819,e4aae1be-4688-4e12-a10c-689942ea2549
f707af0c-f3f1-4667-acb0-044be9bf759c,9155a6e0-6fab-4fd4-8352-a2922542a8bd
f7680d78-23b7-4e9f-9f56-2e7d472c915b,1037fc7e-fe56-4871-8f45-1cab6ba06720
f7cec753-7080-4bb7-9f82-96d4ec17c27d,55c9124d-c835-4603-a84d-d6133b9caa94
f82a10b1-8498-4732-bf7b-32b0c7044e77,7191ddc3-51fa-49f7-ad54-90ad8b762894
f848f111-2133-4d5e-aa43-ce7c13ab20ab,24a8570d-7050-4cfe-ae20-23782ddce3af
f85a8262-5b83-4ca4-8342-817369180289,983f93b2-7c6f-403a-8160-b3f44f600058
f88456c3-31de-4cc2-ba63-8b46c52dab3f,0c6ae99d-b423-4ed2-9ebe-cdecf7aaf1e0
f8a6265a-5635-4c41-87f5-a6e928b532d7,c71aff62-a156-4a9f-856f-ca7cc685d192
f8acdfbd-3b00-4438-8e9e-27e8c99296e4,2479d03b-88a5-4196-8346-fcab230c56f8
f8b5cf87-1acd-4bf4-a7a9-bdb6fc0d194c,cdd6eb89-c1be-4cef-8920-2d0172753386
f8b7aab3-a20f-42f4-82e4-ae52732d2eca,e55015a5-7dab-40e0-bc58-89793e204e2b
f8c15b07-5e63-402a-9cc1-3a80a318a7b5,05ad3e6f-1119-454a-8a35-582dba10e297
f8cfd54e-22b1-4113-96c6-304106820d20,62abd51a-8cb6-4ddc-a7e6-36b8cd372fa6
f9a105a3-8950-4e24-b6bc-976487dfa386,a222f6fd-c6be-4885-b81d-3ab02020cd56
f9a6bca7-472f-4984-8253-2f1ad4d45153,7a543a7f-c721-4f16-a458-f4c2e7f33fe8
fa096433-9c52-489e-b53a-d3226b5767b5,785bb530-e7d9-4aaf-9fb2-228301957de9
fa27462c-e23c-490e-b10a-5c9cc03dab27,e55015a5-7dab-40e0-bc58-89793e204e2b
fa2a632e-6090-4ef6-9188-72dd85ea32e5,1037fc7e-fe56-4871-8f45-1cab6ba06720
fa49a78b-0f87-448a-a9c7-2f8f2c18db3a,3aa81966-f32d-4c89-8921-ad54b9778237
fa5f5f28-5941-4ce5-80c2-daaf9c167ba2,9155a6e0-6fab-4fd4-8352-a2922542a8bd
fa751c78-6b89-4fa4-a342-f15dddaab163,4cb8aeac-e4d2-41c8-8985-6e983aec9b46
fa91be49-6036-4909-8346-e48ade46dca8,22f024bd-1b76-4d8b-9287-324ef29f5d48
fa97047d-eaef-456a-80f3-fc0e31af1820,44ff6e3b-62ef-4938-bd15-009a21682279
fab0a34e-5a1a-4d23-80dc-8f6da007112e,7e38030b-645d-4eec-a8b6-5caf7ff0f4f7
fb06ea81-2158-4a21-8946-417b78249689,9155a6e0-6fab-4fd4-8352-a2922542a8bd
fb1be9be-d590-467d-9dac-78c3906b68f4,171b2457-3f69-4812-a061-5644c12f1ec8
fb7dcee4-bdc7-4173-8da4-c9295ba56a41,c40e17e9-0f15-4d13-90cf-0800fe3a428b
fba4c8b2-c658-4f6c-99e1-2174165a49b8,c71aff62-a156-4a9f-856f-ca7cc685d192
fbac9750-994f-4498-926d-4edeb75007a6,b8a65c48-e8d5-4b02-969a-c9c8484713e1
fbb219cf-43cd-4d86-aca6-559f8400ee98,2479d03b-88a5-4196-8346-fcab230c56f8
fbd6085a-acf4-489a-9685-467b676a20e0,1991e91f-47dc-4258-b20f-83025cdf2ad7
fbd6085a-acf4-489a-9685-467b676a20e0,417acd7b-5a04-4c1e-bef8-c67bca94e5c0
fc1f53c9-6bf1-42f6-95b1-bc6ead2dc6cc,55c9124d-c835-4603-a84d-d6133b9caa94
fc2c9811-af9c-4fde-918c-c2660377a83e,4cb8aeac-e4d2-41c8-8985-6e983aec9b46
fc2e0bff-28c7-43f8-9d58-f39a46f5b0be,b8a65c48-e8d5-4b02-969a-c9c8484713e1
fc310008-f4b7-4839-af82-0574f52abd36,62376c3d-0434-44f4-9e7a-59f47fcdf3e5
fc4eb454-3419-46e7-b4bd-688442c1829e,43e0d7d2-9e6c-414a-ae70-55cad3ae5c1c
fc6d50dd-3ff4-4d10-b0a9-53869581b119,23d08ffd-c8b1-47cf-81ef-9aaefd7cb25c
fca232a8-e311-47be-a9f9-98decd48e5c7,534dd36b-003c-4743-b5ac-fb025088c1f0
fca232a8-e311-47be-a9f9-98decd48e5c7,7a5b0f00-89c8-4feb-b6ab-025b9758ce65
fca232a8-e311-47be-a9f9-98decd48e5c7,9601d7c2-8340-450e-b0c5-86d1793b1b15
fca232a8-e311-47be-a9f9-98decd48e5c7,f52192a5-0a4f-40d7-a302-2ab84e0ec27d
fd19257c-c185-400b-a7ba-cc2e4708a7d8,0afb7dbf-9bf4-42df-8d9b-c5c5823163b4
fd583440-e484-4614-b3b4-632bab6a5ca5,05ad3e6f-1119-454a-8a35-582dba10e297
fd603d2c-3489-4922-9409-da8a8fb543a9,44ff6e3b-62ef-4938-bd15-009a21682279
fd8aa62e-8148-4b7a-89b5-5877484fc0e6,43d37c45-173b-498b-a559-f6d366d5b683
fd984d74-b438-4707-a966-12c2a0d69d12,7e38030b-645d-4eec-a8b6-5caf7ff0f4f7
fda853cf-b8fb-4053-b724-89801ec2b99d,8cb560d6-6667-43f8-8d99-1f8d4c61e306
fdcfdade-fc40-479e-b913-3503843f1018,081fc4f5-6b89-4c39-9727-de1e95ce6615
fdff6118-7601-46ab-8659-d3dd77814ba1,53c635e2-6ad5-4a40-89d2-a84c720705ea
fe41fda4-5d7a-42ad-a4eb-2d89f6d7e2d3,2479d03b-88a5-4196-8346-fcab230c56f8
fe475f84-3c5d-4202-93d1-637f6ca7ae13,171b2457-3f69-4812-a061-5644c12f1ec8
fe4db542-50f5-4ee3-8fd6-e271c5d02d65,22f024bd-1b76-4d8b-9287-324ef29f5d48
fe634164-73d4-4766-87e6-ab06bff22c1a,647746ed-dbc5-45c3-80c9-308699cb7e0a
fe724efa-f05d-47d9-a49a-9fd4d24efaeb,8de79a1c-2dca-494c-946a-90619a00df5f
fe7e2229-6082-45af-bcd6-1dac78005341,0ef548cb-4f13-48df-b69a-16ff6ba002eb
fe7e2229-6082-45af-bcd6-1dac78005341,12bcb9ab-22ed-48f2-8af1-1dde03c33add
fe7e2229-6082-45af-bcd6-1dac78005341,1c759347-c27f-4641-8a50-5a71784e1303
fe7e2229-6082-45af-bcd6-1dac78005341,2440ecb1-3934-42e2-b14a-68276e486c0f
fe7e2229-6082-45af-bcd6-1dac78005341,75f27fa0-badc-4891-8688-96873d4fe08e
fe7e2229-6082-45af-bcd6-1dac78005341,7d715e2d-f1c9-4684-82a3-8b31d04a0d81
fe7e2229-6082-45af-bcd6-1dac78005341,e77a14b3-2a37-484e-9276-971bf6f6d489
fe81dec0-a9eb-4666-94d4-54cc3ef0c97b,24a8570d-7050-4cfe-ae20-23782ddce3af
fe81dec0-a9eb-4666-94d4-54cc3ef0c97b,983f93b2-7c6f-403a-8160-b3f44f600058
feb19ae7-1ab7-480d-973c-1db790eecb8a,65f02524-c997-4c43-812f-0f8a9e721eed
fee4790a-7703-428f-979f-dd764854e028,43d37c45-173b-498b-a559-f6d366d5b683
ff0a7bf4-5be0-4b5c-a1c9-f456b3e034a0,7191ddc3-51fa-49f7-ad54-90ad8b762894
ff0d5cdd-3329-4ce8-8689-9ae16f4f6a05,417acd7b-5a04-4c1e-bef8-c67bca94e5c0
ff158c43-5c21-4075-8d59-37abed789864,0729681f-b9a4-4f1e-853f-b1d2d1f98a54
ff4103d5-8e63-48ca-a6ad-c022813ed9e9,9efa54a7-b463-4ba9-bfd2-e1985ad0a07e
ff719699-29d5-4ad2-a77f-cd71c541bc2a,a16e7761-bb77-4b64-95f0-34476c25730f
ff959504-6cba-49a7-bb3d-d637ee021ee3,228424dd-7eb4-4587-92a3-9d435b32ffba
ffa9bc53-2e62-4ab6-9b78-f389c50ac1d0,43d37c45-173b-498b-a559-f6d366d5b683
ffc4e3c7-04ba-4710-8a1e-064589755df0,d373a6c3-0949-4c8d-bff0-0bec129949cb
ffc4e3c7-04ba-4710-8a1e-064589755df0,e31cfb1a-7bdb-41f8-aad1-4bf16105f7c9
ffc9eb27-6639-42de-9d3f-b421c9347954,457f041a-58af-45db-8e50-724943c1f2f0
fff948fc-091a-4f62-ab4b-a73d1abe3094,d92c0843-882b-4d03-9cce-5d4066af012d
fffca8ba-45b4-4493-9f89-8f298ab583dc,43d37c45-173b-498b-a559-f6d366d5b683
