109	1	1	Метрична книга та сповідальна книга церкви Успіння Пресвятої Богородиці с.Янополь Єлисаветградського повіту Херсонської губернії	1804-1837	метрична книга|народження|смерть|сповідальні відомості|шлюб	3	ДАКрО-109-1-1
109	1	2	Метрична книга та сповідальна книга церкви Успіння Пресвятої Богородиці с.Янополь Єлисаветградського повіту Херсонської губернії	1877-1877	метрична книга|народження|смерть|шлюб	3	ДАКрО-109-1-2
109	1	3	Метрична книга та сповідальна книга церкви Успіння Пресвятої Богородиці с.Янополь Єлисаветградського повіту Херсонської губернії	1878-1878	метрична книга|народження|смерть|шлюб	3	ДАКрО-109-1-3
109	1	4	Метрична книга та сповідальна книга церкви Успіння Пресвятої Богородиці с.Янополь Єлисаветградського повіту Херсонської губернії	1838-1840	метрична книга|народження|смерть|шлюб	3	ДАКрО-109-1-4
109	1	46	Метрична книга. Церква Успіння Пресвятої Богородиці, с. Янопіль Зінов'євського окр.Хмелівського р-ну (Херсонської губ. Єлисаветградського пов. Хмелівської вол.)	1897-1899	метрична книга|народження	0	ДАКрО-109-1-46
109	1	4А	Метрична книга церкви Успіння Пресвятої Богородиці с.Янополь Єлисаветградського повіту Херсонської губернії	1894-1895	метрична книга|народження|смерть|шлюб	2	ДАКрО-109-1-4А
109	1	4Б	Метрична книга церкви Успіння Пресвятої Богородиці с.Янополь Єлисаветградського повіту Херсонської губернії	1897-1899	метрична книга|смерть|шлюб	2	ДАКрО-109-1-4Б
109	1	5	Church boards and churches, Kropyvnytsky	1851-1856	метрична книга|народження|смерть|шлюб	3	ДАКрО-109-1-5
109	1	5А	Метрична книга церкви Успіння Пресвятої Богородиці с.Янополь Єлисаветградського повіту Херсонської губернії	1851-1856,1900-1903		2	ДАКрО-109-1-5А
109	1	6	Метрична книга церкви Успіння Пресвятої Богородиці с.Янополь Єлисаветградського повіту Херсонської губернії	1876-1876	метрична книга|народження|смерть|шлюб	3	ДАКрО-109-1-6
109	1	7	Метрична книга церкви Успіння Пресвятої Богородиці с.Янополь Єлисаветградського повіту Херсонської губернії	1879-1879	метрична книга|народження|смерть|шлюб	3	ДАКрО-109-1-7
109	1	7А	Метрична книга церкви Успіння Пресвятої Богородиці с.Янополь Єлисаветградського повіту Херсонської губернії	1911-1911		2	ДАКрО-109-1-7А
109	2	1	Метрична книга церкви Успіння Пресвятої Богородиці с.Янополь Єлисаветградського повіту Херсонської губернії	1881-1883	метрична книга|народження|смерть|шлюб	3	ДАКрО-109-2-1
109	2	2	Метрична книга церкви Успіння Пресвятої Богородиці с.Янополь Єлисаветградського повіту Херсонської губернії	1884-1887	метрична книга|народження|смерть|шлюб	3	ДАКрО-109-2-2
109	2	22	Метрична книга. Церква Успіння Пресвятої Богородиці, с. Янопіль Зінов'євського окр.Хмелівського р-ну (Херсонської губ. Єлисаветградського пов. Хмелівської вол.)	1922-1924	метрична книга|смерть|шлюб	0	ДАКрО-109-2-22
109	2	22451	Метрична книга. Церква Успіння Пресвятої Богородиці, с. Янопіль Зінов'євського окр.Хмелівського р-ну (Херсонської губ. Єлисаветградського пов. Хмелівської вол.)	1921-1924	метрична книга|народження	0	ДАКрО-109-2-22451
109	2	3	Метрична книга церкви Успіння Пресвятої Богородиці с.Янополь Єлисаветградського повіту Херсонської губернії	1888-1890	метрична книга|народження|смерть|шлюб	3	ДАКрО-109-2-3
109	2	4	Метрична книга церкви Успіння Пресвятої Богородиці с.Янополь Єлисаветградського повіту Херсонської губернії	1891-1893	метрична книга|народження|смерть|шлюб	3	ДАКрО-109-2-4
109	2	4А	Метрична книга реєстрації актів про народження, шлюб та смерть, 1894-1895рр., 06.01.1894-29.12.1895, 100 арк.			0	ДАКрО-109-2-4А
109	2	4Б	Метрична книга реєстрації актів про народження, шлюб та смерть, 1897-1899рр., 01.01.1897-31.12.1899, 194 арк.			0	ДАКрО-109-2-4Б
109	2	5	Метрична книга церкви Успіння Пресвятої Богородиці с.Янополь Єлисаветградського повіту Херсонської губернії	1848-1852	метрична книга|смерть	3	ДАКрО-109-2-5
109	2	5А	Метрична книга реєстрації актів про народження, шлюб та смерть, 1900-1903рр., 02.01.1900-31.12.1903, 185 арк.	1900-1903	метрична книга|народження|смерть|шлюб	0	ДАКрО-109-2-5А
109	2	6	Метрична книга церкви Успіння Пресвятої Богородиці с.Янополь Єлисаветградського повіту Херсонської губернії	1904-1906	метрична книга|народження|смерть|шлюб	3	ДАКрО-109-2-6
109	2	7	Метрична книга церкви Успіння Пресвятої Богородиці с.Янополь Єлисаветградського повіту Херсонської губернії	1908-1910	метрична книга|народження|смерть|шлюб	3	ДАКрО-109-2-7
109	2	7А	Метрична книга реєстрації актів про народження, шлюб та смерть, 1911р., 01.01.1911-31.12.1911, 68 арк.	1911-1911	метрична книга|народження|смерть|шлюб	0	ДАКрО-109-2-7А
109	2	8	Метрична книга церкви Успіння Пресвятої Богородиці с.Янополь Єлисаветградського повіту Херсонської губернії	1913-1919	метрична книга|народження|смерть|шлюб	3	ДАКрО-109-2-8
109	2	9	Метрична книга церкви Успіння Пресвятої Богородиці с.Янополь Єлисаветградського повіту Херсонської губернії	1921-1924		3	ДАКрО-109-2-9
112	1	1	Метричні книги Православних церков	1828-1833	метрична книга|смерть|шлюб	2	ДАКрО-112-1-1
112	1	10	Метричні книги Православних церков	1890-1893	метрична книга|народження|смерть|шлюб	2	ДАКрО-112-1-10
112	1	2	Метричні книги Православних церков	1833-1836	метрична книга|народження|смерть|шлюб	2	ДАКрО-112-1-2
112	1	3	Метричні книги Православних церков	1837-1842	метрична книга|народження|смерть|шлюб	2	ДАКрО-112-1-3
112	1	4	Метричні книги Православних церков	1842-1845	метрична книга|народження|смерть|шлюб	2	ДАКрО-112-1-4
112	1	5	Метричні книги Православних церков	1846-1850	метрична книга|народження|смерть|шлюб	2	ДАКрО-112-1-5
112	1	6	Church boards and churches, Kropyvnytsky	1851-1858	метрична книга|народження|смерть|шлюб	2	ДАКрО-112-1-6
112	1	7	Метричні книги Православних церков	1859-1861	метрична книга|народження|смерть|шлюб	2	ДАКрО-112-1-7
112	1	8	Метричні книги Православних церков	1883-1883	метрична книга|народження	2	ДАКрО-112-1-8
112	1	9	Метричні книги Православних церков	1876-1889	метрична книга|народження|смерть|шлюб	2	ДАКрО-112-1-9
112	2	1	Метричні книги Православних церков	1870-1878	метрична книга|народження|смерть|шлюб	2	ДАКрО-112-2-1
112	2	10	Метричні книги Православних церков	1914-1917	метрична книга|народження|смерть|шлюб	2	ДАКрО-112-2-10
112	2	2	Метричні книги Православних церков	1874-1874	метрична книга|народження|смерть|шлюб	2	ДАКрО-112-2-2
112	2	3	Метричні книги Православних церков	1880-1885	метрична книга|народження|смерть|шлюб	2	ДАКрО-112-2-3
112	2	4	Метричні книги Православних церков	1891-1896	метрична книга|народження|смерть|шлюб	2	ДАКрО-112-2-4
112	2	5	Метричні книги Православних церков	1897-1901	метрична книга|народження|смерть|шлюб	2	ДАКрО-112-2-5
112	2	6	Метричні книги Православних церков	1902-1904	метрична книга|народження|смерть|шлюб	2	ДАКрО-112-2-6
112	2	7	Метричні книги Православних церков	1905-1907	метрична книга|народження|смерть|шлюб	2	ДАКрО-112-2-7
112	2	8	Метричні книги Православних церков	1908-1910	метрична книга|народження|смерть|шлюб	2	ДАКрО-112-2-8
112	2	9	Метричні книги Православних церков	1911-1913	метрична книга|народження|смерть|шлюб	2	ДАКрО-112-2-9
113	1	1	Метричні книги Православних церков	1797-1817	метрична книга|народження|смерть|шлюб	2	ДАКрО-113-1-1
113	1	10	Church boards and churches, Kropyvnytsky	1870-1874	метрична книга|шлюбні обшуки	2	ДАКрО-113-1-10
113	1	11	Church boards and churches, Kropyvnytsky	1874-1879		2	ДАКрО-113-1-11
113	1	12	Церковні документи	1879-1882	метрична книга|шлюбні обшуки	2	ДАКрО-113-1-12
113	1	13	Духовні правління та церкви, Кропивницький	1884-1888		1	ДАКрО-113-1-13
113	1	14	Church boards and churches, Kropyvnytsky	1888-1891	метрична книга|шлюбні обшуки	2	ДАКрО-113-1-14
113	1	15	Church boards and churches, Kropyvnytsky	1808-1842		2	ДАКрО-113-1-15
113	1	16	Church boards and churches, Kropyvnytsky	1870-1875	метрична книга|шлюбні обшуки	2	ДАКрО-113-1-16
113	1	17	Church boards and churches, Kropyvnytsky	1842-1853		2	ДАКрО-113-1-17
113	1	18	Church boards and churches, Kropyvnytsky	1852-1869	метрична книга|шлюбні обшуки	2	ДАКрО-113-1-18
113	1	19	Церковні документи	1884-1888		2	ДАКрО-113-1-19
113	1	2	Церковні документи	1830-1856		2	ДАКрО-113-1-2
113	1	20	Church boards and churches, Kropyvnytsky	1809-1830		2	ДАКрО-113-1-20
113	1	21	Church boards and churches, Kropyvnytsky	1871-1871		2	ДАКрО-113-1-21
113	1	23	Church boards and churches, Kropyvnytsky	1828-1869		2	ДАКрО-113-1-23
113	1	24	Church boards and churches, Kropyvnytsky	1889-1898		2	ДАКрО-113-1-24
113	1	25	Church boards and churches, Kropyvnytsky	1869-1869		2	ДАКрО-113-1-25
113	1	26	Church boards and churches, Kropyvnytsky	1905-1910		2	ДАКрО-113-1-26
113	1	27	Church boards and churches, Kropyvnytsky	1831-1831		2	ДАКрО-113-1-27
113	1	28	Church boards and churches, Kropyvnytsky	1886-1886	метрична книга|шлюбні обшуки	2	ДАКрО-113-1-28
113	1	29	Church boards and churches, Kropyvnytsky	1843-1923		2	ДАКрО-113-1-29
113	1	3	Метричні книги Православних церков	1824-1828	метрична книга|народження|смерть|шлюб	2	ДАКрО-113-1-3
113	1	30	Метричні книги Православних церков	1875-1875	метрична книга|народження|шлюб	2	ДАКрО-113-1-30
113	1	31	Метричні книги Православних церков	1876-1889	метрична книга|народження|смерть|шлюб	2	ДАКрО-113-1-31
113	1	32	Метричні книги Православних церков	1881-1887	метрична книга|народження|смерть	2	ДАКрО-113-1-32
113	1	33	Метричні книги Православних церков	1888-1888	метрична книга|народження|смерть|шлюб	2	ДАКрО-113-1-33
113	1	34	Метричні книги Православних церков	1894-1894	метрична книга|смерть	2	ДАКрО-113-1-34
113	1	35	Метричні книги Православних церков	1890-1897	метрична книга|народження|смерть|шлюб	2	ДАКрО-113-1-35
113	1	36	Метричні книги Православних церков	1898-1898	метрична книга|народження|смерть|шлюб	2	ДАКрО-113-1-36
113	1	37	Метрична книга Миколаївської церкви м. Хмельове Єлисаветградського повіту	1901-1905	метрична книга|народження|смерть|шлюб	3	ДАКрО-113-1-37
113	1	38	Метрична книга Миколаївської церкви м. Хмельове Єлисаветградського повіту	1906-1907	метрична книга|народження|смерть|шлюб	3	ДАКрО-113-1-38
113	1	39	Метричні книги Православних церков	1908-1910	метрична книга|народження|смерть|шлюб	2	ДАКрО-113-1-39
113	1	4	Метричні книги Православних церков	1831-1833,1894-1894	метрична книга|народження|смерть|шлюб	2	ДАКрО-113-1-4
113	1	40	Метричні книги Православних церков	1911-1916	метрична книга|народження|смерть|шлюб	2	ДАКрО-113-1-40
113	1	5	Метричні книги Православних церков	1847-1854	метрична книга|народження|смерть|шлюб	2	ДАКрО-113-1-5
113	1	6	Метричні книги Православних церков	1839-1948	метрична книга|народження|смерть|шлюб	2	ДАКрО-113-1-6
113	1	7	Метричні книги Православних церков	1851-1856	метрична книга|народження|смерть|шлюб	2	ДАКрО-113-1-7
113	1	7А	Church boards and churches, Kropyvnytsky	1817-1839	метрична книга|шлюбні обшуки	1	ДАКрО-113-1-7А
113	1	8	Church boards and churches, Kropyvnytsky	1840-1856	метрична книга|шлюбні обшуки	2	ДАКрО-113-1-8
113	1	9	Церковні документи	1859-1870	метрична книга|шлюбні обшуки	2	ДАКрО-113-1-9
113	11	12				0	ДАКрО-113-11-12
114	1	1	Метричні книги Православних церков	1846-1852	метрична книга|народження|смерть|шлюб	2	ДАКрО-114-1-1
114	1	16				0	ДАКрО-114-1-16
114	1	2	Метричні книги Православних церков	1854-1855	метрична книга|смерть|шлюб	2	ДАКрО-114-1-2
114	1	3	Метричні книги Православних церков	1856-1860	метрична книга|народження|смерть|шлюб	2	ДАКрО-114-1-3
114	1	4	Метричні книги Православних церков	1882-1888	метрична книга|народження|смерть|шлюб	2	ДАКрО-114-1-4
114	1	5	Метричні книги Православних церков	1885-1885	метрична книга|народження|шлюб	2	ДАКрО-114-1-5
114	1	6	Метричні книги Православних церков	1890-1897	метрична книга|народження|смерть|шлюб	2	ДАКрО-114-1-6
114	1	7	Метричні книги Православних церков	1898-1907	метрична книга|народження|смерть|шлюб	2	ДАКрО-114-1-7
114	1	8	Метричні книги Православних церков	1908-1920	метрична книга|народження|смерть|шлюб	2	ДАКрО-114-1-8
115	1	1	Метричні книги Православних церков	1814-1816	метрична книга|народження|смерть|шлюб	2	ДАКрО-115-1-1
115	1	10	Метричні книги Православних церков	1853-1853	метрична книга|народження|смерть|шлюб	2	ДАКрО-115-1-10
115	1	11	Метричні книги Православних церков	1854-1860	метрична книга|народження|смерть|шлюб	2	ДАКрО-115-1-11
115	1	12	Метричні книги Православних церков	1861-1863	метрична книга|народження|смерть|сповідальні відомості|шлюб	2	ДАКрО-115-1-12
115	1	13	Метричні книги Православних церков	1876-1879	метрична книга|народження|смерть|шлюб	2	ДАКрО-115-1-13
115	1	14	Метрична книга Троїйцької церкви с. Головківка Олександрійського повіту	1882-1889	метрична книга|народження|смерть|шлюб	3	ДАКрО-115-1-14
115	1	15	Метричні книги Православних церков	1890-1893	метрична книга|народження|смерть|шлюб	2	ДАКрО-115-1-15
115	1	16	Метричні книги Православних церков	1890-1891		2	ДАКрО-115-1-16
115	1	17	Метричні книги Православних церков	1892-1892	метрична книга|народження|смерть|шлюб	2	ДАКрО-115-1-17
115	1	18	Метричні книги Православних церков	1893-1893		2	ДАКрО-115-1-18
115	1	19	Метричні книги Православних церков	1894-1894	метрична книга|народження|смерть|шлюб	2	ДАКрО-115-1-19
115	1	2	Метричні книги Православних церков	1818-1819	метрична книга|народження|шлюб	2	ДАКрО-115-1-2
115	1	20	Метричні книги Православних церков	1895-1895	метрична книга|народження|смерть|шлюб	2	ДАКрО-115-1-20
115	1	21	Метричні книги Православних церков	1896-1897	метрична книга|народження|смерть|шлюб	2	ДАКрО-115-1-21
115	1	22	Метричні книги Православних церков	1898-1898	метрична книга|народження|смерть|шлюб	2	ДАКрО-115-1-22
115	1	23	Метричні книги Православних церков	1899-1899	метрична книга|народження|смерть|шлюб	2	ДАКрО-115-1-23
115	1	24	Метричні книги Православних церков	1900-1900	метрична книга|народження|смерть|шлюб	2	ДАКрО-115-1-24
115	1	25	Метричні книги Православних церков	1902-1902	метрична книга|народження|смерть|шлюб	2	ДАКрО-115-1-25
115	1	26	Метричні книги Православних церков	1903-1903	метрична книга|народження|смерть|шлюб	2	ДАКрО-115-1-26
115	1	27	Метричні книги Православних церков	1904-1904	метрична книга|народження|смерть|шлюб	2	ДАКрО-115-1-27
115	1	28	Метричні книги Православних церков	1905-1905	метрична книга|народження|смерть|шлюб	2	ДАКрО-115-1-28
115	1	29	Метричні книги Православних церков	1906-1906	метрична книга|народження|смерть|шлюб	2	ДАКрО-115-1-29
115	1	3	Метричні книги Православних церков	1825-1833	метрична книга|народження|смерть|шлюб	2	ДАКрО-115-1-3
115	1	30	Метричні книги Православних церков	1907-1907	метрична книга|народження|смерть|шлюб	2	ДАКрО-115-1-30
115	1	31	Метричні книги Православних церков	1908-1908	метрична книга|народження|смерть|шлюб	2	ДАКрО-115-1-31
115	1	32	Метричні книги Православних церков	1909-1909	метрична книга|народження|смерть|шлюб	2	ДАКрО-115-1-32
115	1	33	Духовні правління та церкви, Кропивницький	1910-1910	метрична книга|народження|смерть|шлюб	2	ДАКрО-115-1-33
115	1	34	Метричні книги Православних церков	1911-1911	метрична книга|народження|смерть|шлюб	2	ДАКрО-115-1-34
115	1	35	Метричні книги Православних церков	1912-1912	метрична книга|народження|смерть|шлюб	2	ДАКрО-115-1-35
115	1	36	Метричні книги Православних церков	1913-1913	метрична книга|народження|смерть|шлюб	2	ДАКрО-115-1-36
115	1	37	Духовні правління та церкви, Кропивницький	1914-1914	метрична книга|народження|смерть|шлюб	2	ДАКрО-115-1-37
115	1	38	Духовні правління та церкви, Кропивницький	1915-1915	метрична книга|народження|смерть|шлюб	2	ДАКрО-115-1-38
115	1	39	Метричні книги Православних церков	1916-1916	метрична книга|народження|смерть|шлюб	2	ДАКрО-115-1-39
115	1	4	Метричні книги Православних церков	1803-1810,1919-1920	метрична книга|народження|смерть|шлюб	2	ДАКрО-115-1-4
115	1	40	Метричні книги Православних церков	1917-1917	метрична книга|народження|смерть|шлюб	2	ДАКрО-115-1-40
115	1	41	Метричні книги Православних церков	1918-1918	метрична книга|народження|смерть|шлюб	2	ДАКрО-115-1-41
115	1	42	Метричні книги Православних церков	1919-1920	метрична книга|народження|шлюб	2	ДАКрО-115-1-42
115	1	5	Метричні книги Православних церков	1834-1839	метрична книга|народження|смерть|шлюб	2	ДАКрО-115-1-5
115	1	6	Метричні книги Православних церков	1840-1842	метрична книга|народження|смерть|шлюб	2	ДАКрО-115-1-6
115	1	7	Метричні книги Православних церков	1843-1847	метрична книга|народження|смерть|шлюб	2	ДАКрО-115-1-7
115	1	8	Метричні книги Православних церков	1848-1851	метрична книга|народження|смерть|шлюб	2	ДАКрО-115-1-8
115	1	9	Метричні книги Православних церков	1852-1852	метрична книга|народження|смерть|шлюб	2	ДАКрО-115-1-9
1160	1	48	Метрична книга. Собор Успіння Божої Матері, м. Зінов'євськ Зінов'євського окр. (м. Єлисавет-град Херсонської губ. Єлисаветградського пов.)	1886-1886	метрична книга|смерть	0	ДАКрО-1160-1-48
117	1	1	Church boards and churches, Kropyvnytsky	1822-1824	метрична книга|народження|смерть|шлюб	2	ДАКрО-117-1-1
117	1	10	Метричні книги Православних церков	1851-1852	метрична книга|народження|смерть|шлюб	2	ДАКрО-117-1-10
117	1	11	Метричні книги Православних церков	1853-1854	метрична книга|народження|смерть|шлюб	2	ДАКрО-117-1-11
117	1	11А	Метричні книги Православних церков	1854-1862	метрична книга|народження|смерть|шлюб	2	ДАКрО-117-1-11А
117	1	12	Метричні книги Православних церков	1855-1856	метрична книга|народження|смерть|шлюб	2	ДАКрО-117-1-12
117	1	13	Метричні книги Православних церков	1857-1858	метрична книга|народження|смерть|шлюб	2	ДАКрО-117-1-13
117	1	14	Метричні книги Православних церков	1859-1859	метрична книга|народження|смерть|шлюб	2	ДАКрО-117-1-14
117	1	15	Метричні книги Православних церков	1860-1860	метрична книга|народження|смерть|шлюб	2	ДАКрО-117-1-15
117	1	16	Метричні книги Православних церков	1861-1861	метрична книга|народження|смерть|шлюб	2	ДАКрО-117-1-16
117	1	17	Метричні книги Православних церков	1862-1862	метрична книга|народження|смерть|шлюб	2	ДАКрО-117-1-17
117	1	18	Метричні книги Православних церков	1890-1891	метрична книга|народження|смерть|шлюб	2	ДАКрО-117-1-18
117	1	19	Метричні книги православних церков м. Нова Прага Олександрійського повіту Херсонської губернії	1892-1892	метрична книга|народження|смерть|шлюб	3	ДАКрО-117-1-19
117	1	1А	Метричні книги Православних церков	1804-1818	метрична книга|народження|смерть|шлюб	1	ДАКрО-117-1-1А
117	1	1Б	Метричні книги Православних церков	1822-1825		2	ДАКрО-117-1-1Б
117	1	1В	Метричні книги Православних церков	1825-1836	метрична книга|народження|смерть|шлюб	2	ДАКрО-117-1-1В
117	1	2	Метричні книги Православних церков	1833-1833	метрична книга|народження|смерть|шлюб	2	ДАКрО-117-1-2
117	1	20	Метричні книги православних церков м. Нова Прага Олександрійського повіту Херсонської губернії	1893-1893	метрична книга|народження|смерть|шлюб	3	ДАКрО-117-1-20
117	1	21	Метричні книги Православних церков	1894-1894	метрична книга|народження|смерть|шлюб	2	ДАКрО-117-1-21
117	1	22	Метричні книги Православних церков	1895-1895	метрична книга|народження|смерть|шлюб	2	ДАКрО-117-1-22
117	1	23	Метричні книги Православних церков	1896-1896	метрична книга|народження|смерть|шлюб	2	ДАКрО-117-1-23
117	1	24	Метричні книги Православних церков	1897-1897	метрична книга|народження|смерть|шлюб	2	ДАКрО-117-1-24
117	1	25	Метричні книги Православних церков	1899-1899	метрична книга|народження|смерть|шлюб	2	ДАКрО-117-1-25
117	1	26	Метричні книги православних церков м. Нова Прага Олександрійського повіту Херсонської губернії	1900-1901	метрична книга|народження|смерть|шлюб	3	ДАКрО-117-1-26
117	1	27	Метричні книги православних церков м. Нова Прага Олександрійського повіту Херсонської губернії	1902-1903	метрична книга|народження|смерть|шлюб	3	ДАКрО-117-1-27
117	1	28	Метричні книги православних церков м. Нова Прага Олександрійського повіту Херсонської губернії	1904-1904	метрична книга|народження|смерть|шлюб	3	ДАКрО-117-1-28
117	1	29	Метричні книги православних церков м. Нова Прага Олександрійського повіту Херсонської губернії	1905-1905	метрична книга|народження|смерть|шлюб	3	ДАКрО-117-1-29
117	1	2А	Метричні книги Православних церков	1836-1841	метрична книга|народження|смерть|шлюб	2	ДАКрО-117-1-2А
117	1	3	Метричні книги Православних церков	1837-1839	метрична книга|народження|смерть|шлюб	2	ДАКрО-117-1-3
117	1	30	Метричні книги православних церков м. Нова Прага Олександрійського повіту Херсонської губернії	1905-1905	метрична книга|народження|смерть|шлюб	3	ДАКрО-117-1-30
117	1	31	Метричні книги православних церков м. Нова Прага Олександрійського повіту Херсонської губернії	1906-1906	метрична книга|народження|смерть|шлюб	3	ДАКрО-117-1-31
117	1	32	Метричні книги православних церков м. Нова Прага Олександрійського повіту Херсонської губернії	1907-1907	метрична книга|народження|смерть|шлюб	3	ДАКрО-117-1-32
117	1	33	Метричні книги православних церков м. Нова Прага Олександрійського повіту Херсонської губернії	1908-1908	метрична книга|народження|смерть|шлюб	3	ДАКрО-117-1-33
117	1	34	Метричні книги православних церков м. Нова Прага Олександрійського повіту Херсонської губернії	1909-1909	метрична книга|народження|смерть|шлюб	3	ДАКрО-117-1-34
117	1	35	Метричні книги православних церков м. Нова Прага Олександрійського повіту Херсонської губернії	1910-1910	метрична книга|народження|смерть|шлюб	3	ДАКрО-117-1-35
117	1	36	Метричні книги православних церков м. Нова Прага Олександрійського повіту Херсонської губернії	1911-1911	метрична книга|народження|смерть|шлюб	3	ДАКрО-117-1-36
117	1	37	Метричні книги Православних церков	1912-1912	метрична книга|народження|смерть|шлюб	2	ДАКрО-117-1-37
117	1	38	Метричні книги православних церков м. Нова Прага Олександрійського повіту Херсонської губернії	1913-1913	метрична книга|народження|смерть|шлюб	3	ДАКрО-117-1-38
117	1	39	Метричні книги Православних церков	1912-1914	метрична книга|народження|смерть|шлюб	2	ДАКрО-117-1-39
117	1	4	Church boards and churches, Kropyvnytsky	1840-1841,1916-1916	метрична книга|народження|смерть|шлюб	2	ДАКрО-117-1-4
117	1	40	Метричні книги Православних церков	1915-1915	метрична книга|народження|смерть|шлюб	2	ДАКрО-117-1-40
117	1	41	Метричні книги Православних церков	1916-1919	метрична книга|народження|смерть|шлюб	2	ДАКрО-117-1-41
117	1	4А	Метричні книги Православних церков	1841-1841	метрична книга|народження|смерть|шлюб	2	ДАКрО-117-1-4А
117	1	5	Метричні книги Православних церков	1842-1844	метрична книга|народження|смерть|шлюб	2	ДАКрО-117-1-5
117	1	5А	Метричні книги Православних церков	1844-1949	метрична книга|народження|смерть|шлюб	2	ДАКрО-117-1-5А
117	1	6	Метричні книги Православних церков	1845-1845		2	ДАКрО-117-1-6
117	1	7	Метричні книги Православних церков	1846-1846		2	ДАКрО-117-1-7
117	1	8	Метричні книги Православних церков	1847-1849	метрична книга|народження|смерть|шлюб	2	ДАКрО-117-1-8
117	1	8А	Метричні книги Православних церков	1849-1853	метрична книга|народження|смерть|шлюб	2	ДАКрО-117-1-8А
117	1	9	Метричні книги Православних церков	1850-1850	метрична книга|народження|смерть|шлюб	2	ДАКрО-117-1-9
118	1	1	Духовні правління та церкви, Кропивницький	1841-1853	метрична книга|народження|смерть|шлюб	2	ДАКрО-118-1-1
118	1	2	Метричні книги Православних церков	1853-1862	метрична книга|народження|смерть|шлюб	2	ДАКрО-118-1-2
118	1	3	Метричні книги Православних церков	1810-1840	метрична книга|народження|смерть|шлюб	2	ДАКрО-118-1-3
118	1	4	Church boards and churches, Kropyvnytsky	1863-1882	метрична книга|народження|смерть|шлюб	2	ДАКрО-118-1-4
118	1	5	Метричні книги Православних церков	1898-1898	метрична книга|смерть	2	ДАКрО-118-1-5
118	1	6	Метричні книги Православних церков	1900-1903	метрична книга|народження|смерть	2	ДАКрО-118-1-6
118	1	7	Метричні книги Православних церков	1904-1905	метрична книга|народження|смерть|шлюб	2	ДАКрО-118-1-7
118	1	8	Метричні книги Православних церков	1906-1907	метрична книга|народження|смерть|шлюб	2	ДАКрО-118-1-8
119	1	1	Церковні документи	1916-1920	метрична книга|шлюбні обшуки	2	ДАКрО-119-1-1
119	1	2	Церковні документи	1920-1922	метрична книга|шлюбні обшуки	2	ДАКрО-119-1-2
119	1	3	Church boards and churches, Kropyvnytsky	1901-1911		2	ДАКрО-119-1-3
120	1	1	Церковні документи	1850-1883	метрична книга|шлюбні обшуки	2	ДАКрО-120-1-1
120	1	10	Метричні книги Православних церков	1917-1921	метрична книга|народження|смерть	2	ДАКрО-120-1-10
120	1	1А	Метричні книги Православних церков	1851-1853	метрична книга|народження|смерть|шлюб	2	ДАКрО-120-1-1А
120	1	2	Церковні документи	1884-1912	метрична книга|шлюбні обшуки	2	ДАКрО-120-1-2
120	1	3	Церковні документи	1912-1922	метрична книга|шлюбні обшуки	2	ДАКрО-120-1-3
120	1	4	Church boards and churches, Kropyvnytsky	1895-1901		2	ДАКрО-120-1-4
120	1	5	Метричні книги Православних церков	1911-1911	метрична книга|народження|смерть|шлюб	2	ДАКрО-120-1-5
120	1	6	Метрична книга Благовіщенської церкви с. Червоний Яр Олександрійського повіту	1903-1913	метрична книга|народження|смерть|шлюб	3	ДАКрО-120-1-6
120	1	7	Метричні книги Православних церков	1905-1917	метрична книга|народження|смерть|шлюб	2	ДАКрО-120-1-7
120	1	8	Метричні книги Православних церков	1914-1914	метрична книга|народження|смерть	2	ДАКрО-120-1-8
120	1	9	Метричні книги Православних церков	1916-1917	метрична книга|народження|смерть|шлюб	2	ДАКрО-120-1-9
120	396	8	Метрична книга. Церква Благовіщення Пресвятої Богородиці, с. Червоний Яр Олександрій-ського пов. Аджамської вол.	1914-1914	метрична книга|шлюб	0	ДАКрО-120-396-8
121	1	1	Church boards and churches, Kropyvnytsky	1843-1847	метрична книга|народження|смерть|шлюб	2	ДАКрО-121-1-1
121	1	10	Церковні документи Єдиновірці	1852-1852		2	ДАКрО-121-1-10
121	1	11	Church boards and churches, Kropyvnytsky	1854-1854		2	ДАКрО-121-1-11
121	1	12	Церковні документи	1855-1855		2	ДАКрО-121-1-12
121	1	13	Церковні документи	1853-1853		2	ДАКрО-121-1-13
121	1	14	Метричні книги Православних церков	1893-1893	метрична книга|народження|смерть|шлюб	2	ДАКрО-121-1-14
121	1	15	Метричні книги Православних церков	1894-1898	метрична книга|народження|смерть|шлюб	2	ДАКрО-121-1-15
121	1	16	Метричні книги Православних церков	1895-1904	метрична книга|народження|смерть|шлюб	2	ДАКрО-121-1-16
121	1	17	Метричні книги Православних церков	1903-1903	метрична книга|народження|смерть|шлюб	2	ДАКрО-121-1-17
121	1	18	Метричні книги Православних церков	1905-1912	метрична книга|народження|смерть|шлюб	2	ДАКрО-121-1-18
121	1	19	Метричні книги Православних церков	1911-1911	метрична книга|народження|смерть|шлюб	2	ДАКрО-121-1-19
121	1	2	Метричні книги Православних церков	1849-1849	метрична книга|народження|смерть|шлюб	2	ДАКрО-121-1-2
121	1	20	Метричні книги Православних церков	1914-1914	метрична книга|народження|смерть|шлюб	2	ДАКрО-121-1-20
121	1	21	Метричні книги Православних церков	1913-1917	метрична книга|смерть|шлюб	2	ДАКрО-121-1-21
121	1	21498	Метрична книга. Церква Благовіщення Пресвятої Богородиці, с. Клинці Олександрійськогопов. Покровської вол.	1917-1917	метрична книга|народження	0	ДАКрО-121-1-21498
121	1	22	Метричні книги Православних церков	1920-1921	метрична книга|народження	2	ДАКрО-121-1-22
121	1	23	Акти громадянського стану	1925-1931	метрична книга|народження	2	ДАКрО-121-1-23
121	1	4	Метричні книги Православних церков	1856-1856	метрична книга|народження|смерть|шлюб	2	ДАКрО-121-1-4
121	1	5	Метричні книги Православних церков	1857-1863	метрична книга|народження|смерть|шлюб	2	ДАКрО-121-1-5
121	1	6	Метричні книги Православних церков	1863-1863	метрична книга|смерть	2	ДАКрО-121-1-6
121	1	7	Церковні документи	1838-1861	метрична книга|шлюбні обшуки	2	ДАКрО-121-1-7
121	1	8	Church boards and churches, Kropyvnytsky	1875-1881	метрична книга|шлюбні обшуки	2	ДАКрО-121-1-8
121	1	9	Метричні книги Православних церков	1861-1864	метрична книга|шлюбні обшуки	2	ДАКрО-121-1-9
122	1	1	Метричні книги Православних церков	1809-1819		2	ДАКрО-122-1-1
122	1	10	Собор Святого Миколая, м. Новомиргород Єлисаветградського повіту	1840-1845	метрична книга|народження|смерть|шлюб	3	ДАКрО-122-1-10
122	1	11	Метричні книги Православних церков Військові поселення	1844-1844	метрична книга|народження|смерть|шлюб	2	ДАКрО-122-1-11
122	1	12	Метричні книги Православних церков Військові поселення	1845-1847		2	ДАКрО-122-1-12
122	1	13	Метричні книги Православних церков	1848-1849	метрична книга|народження|смерть|шлюб	2	ДАКрО-122-1-13
122	1	14	Метричні книги Православних церков Військові поселення	1850-1850	метрична книга|народження|смерть|шлюб	2	ДАКрО-122-1-14
122	1	15	Метричні книги Православних церков Військові поселення	1851-1921	метрична книга|народження|смерть|шлюб	2	ДАКрО-122-1-15
122	1	16	Метричні книги Православних церков Військові поселення	1852-1853	метрична книга|народження|смерть|шлюб	2	ДАКрО-122-1-16
122	1	17	Метричні книги Православних церков Військові поселення	1856-1857	метрична книга|народження|смерть|шлюб	2	ДАКрО-122-1-17
122	1	18	Метричні книги Православних церков Військові поселення	1854-1854	метрична книга|смерть|шлюб	2	ДАКрО-122-1-18
122	1	19	Метричні книги Православних церков Військові поселення	1854-1855	метрична книга|народження	2	ДАКрО-122-1-19
122	1	2	Метричні книги Православних церков	1822-1826	метрична книга|народження|смерть|шлюб	2	ДАКрО-122-1-2
122	1	20	Метричні книги Православних церков Військові поселення	1855-1855		2	ДАКрО-122-1-20
122	1	21	Метричні книги Православних церков Військові поселення	1856-1856		2	ДАКрО-122-1-21
122	1	22	Метричні книги Православних церков Військові поселення	1857-1857		2	ДАКрО-122-1-22
122	1	23	Метричні книги Православних церков Військові поселення	1858-1860	метрична книга|народження|смерть|шлюб	2	ДАКрО-122-1-23
122	1	24	Метричні книги Православних церков Військові поселення	1858-1858		2	ДАКрО-122-1-24
122	1	25	Метричні книги Православних церков	1859-1859	метрична книга|смерть|шлюб	2	ДАКрО-122-1-25
122	1	26	Метричні книги Православних церков	1860-1860	метрична книга|шлюб	2	ДАКрО-122-1-26
122	1	27	Метричні книги Православних церков	1861-1861	метрична книга|народження|смерть|шлюб	2	ДАКрО-122-1-27
122	1	28	Метричні книги Православних церков	1862-1862	метрична книга|народження|смерть|шлюб	2	ДАКрО-122-1-28
122	1	29	Church boards and churches, Kropyvnytsky	1853-1853		2	ДАКрО-122-1-29
122	1	3	Собор Святого Миколая, м. Новомиргород Єлисаветградського повіту	1822-1833	метрична книга|смерть|шлюб	3	ДАКрО-122-1-3
122	1	4	Собор Святого Миколая, м. Новомиргород Єлисаветградського повіту	1827-1833,1834-1840	метрична книга|шлюб	3	ДАКрО-122-1-4
122	1	5	Метричні книги Православних церков Військові поселення	1824-1833		2	ДАКрО-122-1-5
122	1	6	Собор Святого Миколая, м. Новомиргород Єлисаветградського повіту	1833-1842	метрична книга|народження|смерть	3	ДАКрО-122-1-6
122	1	7	Собор Святого Миколая, м. Новомиргород Єлисаветградського повіту	1834-1839	метрична книга|шлюб	3	ДАКрО-122-1-7
122	1	8	Собор Святого Миколая, м. Новомиргород Єлисаветградського повіту	1836-1838	метрична книга|народження|смерть|шлюб	3	ДАКрО-122-1-8
122	1	9	Метричні книги Православних церков Військові поселення	1836-1839	метрична книга|народження	2	ДАКрО-122-1-9
123	1	1	Церковні адміністративні записи	1879-1879		2	ДАКрО-123-1-1
123	1	10	Метричні книги Православних церков	1914-1914	метрична книга|народження|смерть|шлюб	2	ДАКрО-123-1-10
123	1	11	Метричні книги Православних церков	1915-1917	метрична книга|народження|смерть|шлюб	2	ДАКрО-123-1-11
123	1	2	Метричні книги Православних церков	1877-1879	метрична книга|народження|смерть|шлюб	2	ДАКрО-123-1-2
123	1	3	Метричні книги Православних церков	1882-1885	метрична книга|народження|смерть|шлюб	2	ДАКрО-123-1-3
123	1	4	Метричні книги Православних церков	1886-1889	метрична книга|народження|смерть|шлюб	2	ДАКрО-123-1-4
123	1	5	Метричні книги Православних церков	1890-1890	метрична книга|народження|смерть|шлюб	2	ДАКрО-123-1-5
123	1	6	Метричні книги Православних церков	1891-1899	метрична книга|народження|смерть|шлюб	2	ДАКрО-123-1-6
123	1	7	Метричні книги Православних церков	1896-1896	метрична книга|народження|смерть|шлюб	2	ДАКрО-123-1-7
123	1	8	Метричні книги Православних церков	1902-1906	метрична книга|народження|смерть|шлюб	2	ДАКрО-123-1-8
123	1	9	Метричні книги Православних церков	1909-1912	метрична книга|народження|смерть|шлюб	2	ДАКрО-123-1-9
124	1	1	Church boards and churches, Kropyvnytsky	1813-1845	метрична книга|народження|смерть|шлюб	2	ДАКрО-124-1-1
124	1	10	Church boards and churches, Kropyvnytsky	1843-1843	метрична книга|шлюбні обшуки	2	ДАКрО-124-1-10
124	1	11	Церковні документи	1830-1842	метрична книга|шлюбні обшуки	2	ДАКрО-124-1-11
124	1	12	Church boards and churches, Kropyvnytsky	1910-1910		2	ДАКрО-124-1-12
124	1	13	Метричні книги Православних церков	1779-1820	метрична книга|народження|смерть|шлюб	2	ДАКрО-124-1-13
124	1	2	Church boards and churches, Kropyvnytsky	1846-1849	метрична книга|народження|смерть|шлюб	2	ДАКрО-124-1-2
124	1	3	Church boards and churches, Kropyvnytsky	1850-1850	метрична книга|народження|смерть|шлюб	2	ДАКрО-124-1-3
124	1	4	Church boards and churches, Kropyvnytsky	1852-1856	метрична книга|народження|смерть|шлюб	2	ДАКрО-124-1-4
124	1	5	Церковні документи	1840-1840	метрична книга|шлюбні обшуки	2	ДАКрО-124-1-5
124	1	6	Церковні документи	1858-1862	метрична книга|шлюбні обшуки	2	ДАКрО-124-1-6
124	1	7	Церковні документи	1808-1832		2	ДАКрО-124-1-7
124	1	8	Church boards and churches, Kropyvnytsky	1847-1847		2	ДАКрО-124-1-8
124	1	9	Church boards and churches, Kropyvnytsky	1816-1816		2	ДАКрО-124-1-9
125	1	10	Метрична книга Успенської церкви села Коробчино Єлисаветградського повіту	1858-1863	метрична книга|народження|смерть|шлюб	3	ДАКрО-125-1-10
125	1	11	Метричні книги Православних церков	1907-1907	метрична книга|народження|смерть|шлюб	3	ДАКрО-125-1-11
125	1	4	Church boards and churches, Kropyvnytsky	1811-1821	метрична книга|народження|смерть|шлюб	2	ДАКрО-125-1-4
125	1	5	Метричні книги Православних церков Військові поселення	1834-1836	метрична книга|народження|шлюб	2	ДАКрО-125-1-5
125	1	6	Метричні книги Православних церков Військові поселення	1839-1843	метрична книга|народження|смерть|шлюб	2	ДАКрО-125-1-6
125	1	7	Church boards and churches, Kropyvnytsky	1844-1848	метрична книга|народження|смерть|шлюб	2	ДАКрО-125-1-7
125	1	8	Метрична книга Успенської церкви села Коробчино Єлисаветградського повіту	1851-1851		3	ДАКрО-125-1-8
125	1	9	Метрична книга Успенської церкви села Коробчино Єлисаветградського повіту	1852-1857	метрична книга|народження|смерть|шлюб	3	ДАКрО-125-1-9
126	1	1	Метричні книги Православних церков	1845-1854	метрична книга|народження|смерть|шлюб	2	ДАКрО-126-1-1
126	1	2	Метричні книги Православних церков	1855-1859	метрична книга|народження|смерть|шлюб	2	ДАКрО-126-1-2
126	1	3	Метричні книги Православних церков	1835-1835	метрична книга|народження|смерть|шлюб	2	ДАКрО-126-1-3
126	1	4	Метричні книги Православних церков	1839-1844	метрична книга|народження|смерть|шлюб	2	ДАКрО-126-1-4
127	1	1	Метрична книга Церква Преображення Господнього, с. Велика Виска Єлисаветградського повіту	1778-1790	метрична книга|народження|смерть|шлюб	3	ДАКрО-127-1-1
127	1	10	Метрична книга Церква Преображення Господнього, с. Велика Виска Єлисаветградського повіту	1848-1849	метрична книга|народження|смерть|шлюб	3	ДАКрО-127-1-10
127	1	11	Метрична книга Церква Преображення Господнього, с. Велика Виска Єлисаветградського повіту	1850-1850	метрична книга|народження|смерть	3	ДАКрО-127-1-11
127	1	12	Метрична книга Церква Преображення Господнього, с. Велика Виска Єлисаветградського повіту	1851-1851	метрична книга|народження|смерть|шлюб	3	ДАКрО-127-1-12
127	1	13	Метрична книга Церква Преображення Господнього, с. Велика Виска Єлисаветградського повіту	1852-1853	метрична книга|народження|смерть|шлюб	3	ДАКрО-127-1-13
127	1	14	Метрична книга Церква Преображення Господнього, с. Велика Виска Єлисаветградського повіту	1854-1855	метрична книга|народження|смерть|шлюб	3	ДАКрО-127-1-14
127	1	15	Метрична книга Церква Преображення Господнього, с. Велика Виска Єлисаветградського повіту	1856-1857	метрична книга|народження|смерть|шлюб	3	ДАКрО-127-1-15
127	1	16	Метрична книга Церква Преображення Господнього, с. Велика Виска Єлисаветградського повіту	1858-1859	метрична книга|народження|смерть|шлюб	3	ДАКрО-127-1-16
127	1	17	Метрична книга Церква Преображення Господнього, с. Велика Виска Єлисаветградського повіту	1860-1861	метрична книга|народження|смерть|шлюб	3	ДАКрО-127-1-17
127	1	18	Метрична книга Церква Преображення Господнього, с. Велика Виска Єлисаветградського повіту	1862-1863	метрична книга|народження|смерть|шлюб	3	ДАКрО-127-1-18
127	1	19	Метрична книга Церква Преображення Господнього, с. Велика Виска Єлисаветградського повіту	1893-1894	метрична книга|народження|смерть|шлюб	3	ДАКрО-127-1-19
127	1	2	Метрична книга Церква Преображення Господнього, с. Велика Виска Єлисаветградського повіту	1790-1806,1905-1905	метрична книга|народження|смерть	3	ДАКрО-127-1-2
127	1	20	Метрична книга Церква Преображення Господнього, с. Велика Виска Єлисаветградського повіту	1897-1898	метрична книга|народження|смерть|шлюб	3	ДАКрО-127-1-20
127	1	21	Метрична книга Церква Преображення Господнього, с. Велика Виска Єлисаветградського повіту	1901-1901	метрична книга|народження|смерть|шлюб	3	ДАКрО-127-1-21
127	1	22	Метрична книга Церква Преображення Господнього, с. Велика Виска Єлисаветградського повіту	1905-1905	метрична книга|народження|смерть	3	ДАКрО-127-1-22
127	1	3	Метрична книга Церква Преображення Господнього, с. Велика Виска Єлисаветградського повіту	1806-1806,1807-1814	метрична книга|народження|смерть|шлюб	3	ДАКрО-127-1-3
127	1	4	Метрична книга Церква Преображення Господнього, с. Велика Виска Єлисаветградського повіту	1816-1828	метрична книга|народження|смерть|шлюб	3	ДАКрО-127-1-4
127	1	5	Метрична книга Церква Преображення Господнього, с. Велика Виска Єлисаветградського повіту	1823-1828	метрична книга|смерть|шлюб	3	ДАКрО-127-1-5
127	1	6	Метрична книга Церква Преображення Господнього, с. Велика Виска Єлисаветградського повіту	1817-1823,1829-1829	метрична книга|народження|смерть|шлюб	3	ДАКрО-127-1-6
127	1	7	Метрична книга Церква Преображення Господнього, с. Велика Виска Єлисаветградського повіту	1839-1841	метрична книга|народження|смерть|шлюб	3	ДАКрО-127-1-7
127	1	8	Метрична книга Церква Преображення Господнього, с. Велика Виска Єлисаветградського повіту	1842-1843	метрична книга|народження|смерть|шлюб	3	ДАКрО-127-1-8
127	1	9	Метрична книга Церква Преображення Господнього, с. Велика Виска Єлисаветградського повіту	1844-1847	метрична книга|народження|смерть|шлюб	3	ДАКрО-127-1-9
128	1	2	Метричні книги Православних церков	1802-1829	метрична книга|народження|смерть|шлюб	2	ДАКрО-128-1-2
128	1	3	Метричні книги Православних церков	1836-1847	метрична книга|смерть|шлюб	2	ДАКрО-128-1-3
128	1	4	Метричні книги Православних церков	1843-1847	метрична книга|народження|смерть|шлюб	2	ДАКрО-128-1-4
128	1	5	Метричні книги Православних церков	1848-1852	метрична книга|народження|смерть|шлюб	2	ДАКрО-128-1-5
128	1	6	Метричні книги Православних церков	1824-1861	метрична книга|народження|смерть	2	ДАКрО-128-1-6
128	1	7	Метричні книги Православних церков	1879-1893	метрична книга|народження|смерть|шлюб	2	ДАКрО-128-1-7
130	1	1	Метрична книга Свято-Ільїнська церква, м. Новомиргород Єлисаветградського повіту	1785-1795	метрична книга|народження|смерть|шлюб	3	ДАКрО-130-1-1
130	1	2	Метрична книга Свято-Ільїнська церква, м. Новомиргород Єлисаветградського повіту	1792-1828	метрична книга|смерть|шлюб	3	ДАКрО-130-1-2
130	1	3	Метрична книга Свято-Ільїнська церква, м. Новомиргород Єлисаветградського повіту	1796-1809	метрична книга|народження|смерть|шлюб	3	ДАКрО-130-1-3
130	1	4	Church boards and churches, Kropyvnytsky	1842-1845	метрична книга|народження|смерть|шлюб	3	ДАКрО-130-1-4
130	1	5	Метричні книги Православних церков Військові поселення	1846-1848	метрична книга|народження|смерть|шлюб	2	ДАКрО-130-1-5
130	1	6	Метричні книги Православних церков Військові поселення	1849-1852	метрична книга|народження|смерть|шлюб	2	ДАКрО-130-1-6
131	1	1	Метрична книга Трьох-Святительської церкви с. Каніж Єлисаветградського повіту	1777-1798	метрична книга|народження|смерть|шлюб	3	ДАКрО-131-1-1
131	1	10	Метричні книги Православних церков Військові поселення	1840-1842	метрична книга|народження|смерть|шлюб	2	ДАКрО-131-1-10
131	1	11	Метричні книги Православних церков Військові поселення	1843-1843	метрична книга|народження|смерть|шлюб	2	ДАКрО-131-1-11
131	1	12	Метричні книги Православних церков Військові поселення	1846-1849	метрична книга|народження|смерть|шлюб	2	ДАКрО-131-1-12
131	1	13	Метричні книги Православних церков Військові поселення	1851-1851	метрична книга|народження|смерть|шлюб	2	ДАКрО-131-1-13
131	1	14	Church boards and churches, Kropyvnytsky	1850-1855	метрична книга|народження|смерть|шлюб	2	ДАКрО-131-1-14
131	1	15	Метричні книги Православних церков Військові поселення	1856-1859	метрична книга|народження|смерть|шлюб	2	ДАКрО-131-1-15
131	1	16	Метричні книги Православних церков	1873-1875	метрична книга|народження|шлюб	2	ДАКрО-131-1-16
131	1	17	Метричні книги Православних церков	1893-1893	метрична книга|народження	2	ДАКрО-131-1-17
131	1	18	Метричні книги Православних церков	1904-1905	метрична книга|народження|смерть|шлюб	2	ДАКрО-131-1-18
131	1	19	Метричні книги Православних церков	1905-1912	метрична книга|народження|смерть|шлюб	2	ДАКрО-131-1-19
131	1	3	Метричні книги Православних церков	1780-1790	метрична книга|шлюб	2	ДАКрО-131-1-3
131	1	4	Метричні книги Православних церков	1792-1792	метрична книга|народження|смерть	2	ДАКрО-131-1-4
131	1	5	Метричні книги Православних церков	1801-1818	метрична книга|народження|шлюб	2	ДАКрО-131-1-5
131	1	6	Метричні книги Православних церков	1808-1822	метрична книга|народження|смерть|шлюб	2	ДАКрО-131-1-6
131	1	7	Метричні книги Православних церков Військові поселення	1823-1830	метрична книга|народження|смерть|шлюб	2	ДАКрО-131-1-7
131	1	8	Метричні книги Православних церков Військові поселення	1831-1835	метрична книга|народження|смерть|шлюб	2	ДАКрО-131-1-8
131	1	9	Метричні книги Православних церков Військові поселення	1836-1839	метрична книга|народження|смерть|шлюб	2	ДАКрО-131-1-9
132	1	1	Метрична книга Миколаївської церкви с. Овсяніківка Єлисаветградського повіту	1854-1863	метрична книга|народження|смерть|шлюб	2	ДАКрО-132-1-1
132	1	2	Church boards and churches, Kropyvnytsky	1878-1878	метрична книга|народження|смерть|шлюб	2	ДАКрО-132-1-2
132	1	3	Метричні книги Православних церков	1905-1905	метрична книга|народження|смерть|шлюб	2	ДАКрО-132-1-3
133	1	1	Church boards and churches, Kropyvnytsky	1759-1776	метрична книга|народження|смерть|шлюб	2	ДАКрО-133-1-1
133	1	10	Метричні книги Православних церков Військові поселення	1846-1849	метрична книга|народження|смерть|шлюб	2	ДАКрО-133-1-10
133	1	11	Метричні книги Православних церков Військові поселення	1862-1863	метрична книга|народження|смерть|шлюб	2	ДАКрО-133-1-11
133	1	12	Метричні книги Православних церков	1893-1905	метрична книга|народження|смерть|шлюб	2	ДАКрО-133-1-12
133	1	2	Church boards and churches, Kropyvnytsky	1795-1811	метрична книга|народження|смерть|шлюб	2	ДАКрО-133-1-2
133	1	3	Метричні книги Православних церков	1812-1823	метрична книга|народження|смерть|шлюб	2	ДАКрО-133-1-3
133	1	4	Church boards and churches, Kropyvnytsky	1829-1832	метрична книга|смерть|шлюб	2	ДАКрО-133-1-4
133	1	5	Метричні книги Православних церков Військові поселення	1839-1845	метрична книга|народження|смерть|шлюб	2	ДАКрО-133-1-5
133	1	6	Метричні книги Православних церков	1781-1794	метрична книга|народження|смерть|шлюб	2	ДАКрО-133-1-6
133	1	7	Метричні книги Православних церков Військові поселення	1852-1853	метрична книга|народження|смерть|шлюб	2	ДАКрО-133-1-7
133	1	8	Church boards and churches, Kropyvnytsky	1854-1856	метрична книга|народження|смерть|шлюб	2	ДАКрО-133-1-8
133	1	9	Метричні книги Православних церков Військові поселення	1857-1857	метрична книга|народження|смерть|шлюб	2	ДАКрО-133-1-9
134	1	1	Метрична книга Церква Різдва Пресвятої Богородиці, с. Троянове Єлисаветградського повіту	1821-1845	метрична книга|народження|смерть|шлюб	3	ДАКрО-134-1-1
134	1	10	Метрична книга Церква Різдва Пресвятої Богородиці, с. Троянове Єлисаветградського повіту	1884-1907	метрична книга|народження|смерть|шлюб	3	ДАКрО-134-1-10
134	1	11	Метрична книга Церква Різдва Пресвятої Богородиці, с. Троянове Єлисаветградського повіту	1888-1900	метрична книга|смерть|шлюб	3	ДАКрО-134-1-11
134	1	12	Метрична книга Церква Різдва Пресвятої Богородиці, с. Троянове Єлисаветградського повіту	1889-1907	метрична книга|народження	3	ДАКрО-134-1-12
134	1	13	Метрична книга Церква Різдва Пресвятої Богородиці, с. Троянове Єлисаветградського повіту	1901-1904	метрична книга|народження|смерть|шлюб	3	ДАКрО-134-1-13
134	1	14	Метрична книга Церква Різдва Пресвятої Богородиці, с. Троянове Єлисаветградського повіту	1905-1907		3	ДАКрО-134-1-14
134	1	15	Метрична книга Церква Різдва Пресвятої Богородиці, с. Троянове Єлисаветградського повіту	1908-1912	метрична книга|народження|смерть|шлюб	3	ДАКрО-134-1-15
134	1	16	Метрична книга Церква Різдва Пресвятої Богородиці, с. Троянове Єлисаветградського повіту	1913-1914	метрична книга|народження|смерть	3	ДАКрО-134-1-16
134	1	17	Метрична книга Церква Різдва Пресвятої Богородиці, с. Троянове Єлисаветградського повіту	1915-1921	метрична книга|народження|смерть|шлюб	3	ДАКрО-134-1-17
134	1	2	Метрична книга Церква Різдва Пресвятої Богородиці, с. Троянове Єлисаветградського повіту	1791-1820	метрична книга|народження|смерть|шлюб	3	ДАКрО-134-1-2
134	1	3	Метрична книга Церква Різдва Пресвятої Богородиці, с. Троянове Єлисаветградського повіту	1846-1848	метрична книга|народження|смерть|шлюб	3	ДАКрО-134-1-3
134	1	4	Church boards and churches, Kropyvnytsky	1855-1861	метрична книга|народження|смерть|шлюб	3	ДАКрО-134-1-4
134	1	5	Метрична книга Церква Різдва Пресвятої Богородиці, с. Троянове Єлисаветградського повіту	1848-1855	метрична книга|народження|смерть|шлюб	3	ДАКрО-134-1-5
134	1	6	Метрична книга Церква Різдва Пресвятої Богородиці, с. Троянове Єлисаветградського повіту	1861-1867	метрична книга|народження|смерть|шлюб	3	ДАКрО-134-1-6
134	1	7	Метрична книга Церква Різдва Пресвятої Богородиці, с. Троянове Єлисаветградського повіту	1868-1872	метрична книга|народження|смерть|шлюб	3	ДАКрО-134-1-7
134	1	8	Метрична книга Церква Різдва Пресвятої Богородиці, с. Троянове Єлисаветградського повіту	1873-1878	метрична книга|народження|смерть|шлюб	3	ДАКрО-134-1-8
134	1	9	Метрична книга Церква Різдва Пресвятої Богородиці, с. Троянове Єлисаветградського повіту	1879-1883	метрична книга|народження|смерть|шлюб	3	ДАКрО-134-1-9
135	1	1	Church boards and churches, Kropyvnytsky	1811-1830	метрична книга|народження|смерть|шлюб	2	ДАКрО-135-1-1
135	1	10	Метричні книги Православних церков	1915-1915	метрична книга|народження|смерть|шлюб	2	ДАКрО-135-1-10
135	1	11	Метричні книги Православних церков	1916-1919	метрична книга|народження|смерть|шлюб	2	ДАКрО-135-1-11
135	1	2	Church boards and churches, Kropyvnytsky	1838-1845	метрична книга|народження|смерть|шлюб	2	ДАКрО-135-1-2
135	1	3	Метричні книги Православних церков	1884-1889	метрична книга|народження|смерть|шлюб	2	ДАКрО-135-1-3
135	1	4	Метричні книги Православних церков	1881-1881	метрична книга|народження|смерть|шлюб	2	ДАКрО-135-1-4
135	1	5				0	ДАКрО-135-1-5
135	1	8	Метричні книги Православних церков	1910-1912	метрична книга|народження|смерть|шлюб	2	ДАКрО-135-1-8
135	1	9	Метричні книги Православних церков	1913-1914	метрична книга|народження|смерть|шлюб	2	ДАКрО-135-1-9
136	1	2	Church boards and churches, Kropyvnytsky	1867-1875		2	ДАКрО-136-1-2
136	1	3	Метричні книги Православних церков	1877-1891		2	ДАКрО-136-1-3
136	1	4	Метричні книги Православних церков	1895-1895		2	ДАКрО-136-1-4
136	1	5	Метричні книги Православних церков	1895-1895		2	ДАКрО-136-1-5
136	1	6	Метричні книги Православних церков	1897-1897		2	ДАКрО-136-1-6
136	1	7	Метричні книги Православних церков	1900-1902	метрична книга|народження|смерть|шлюб	2	ДАКрО-136-1-7
136	1	8	Метричні книги Православних церков	1906-1908		2	ДАКрО-136-1-8
136	1	9	Метричні книги Православних церков	1912-1914	метрична книга|народження|шлюб	2	ДАКрО-136-1-9
136	1	9463	Метрична книга. Церква Різдва Пресвятої Богородиці, с. Ульяновка Єлисаветградського пов.Оситнязької вол.	1912-1914,1918-1918	метрична книга|смерть	0	ДАКрО-136-1-9463
137	1	1	Church boards and churches, Kropyvnytsky	1803-1830	метрична книга|народження|смерть|шлюб	2	ДАКрО-137-1-1
137	1	2	Church boards and churches, Kropyvnytsky	1831-1840	метрична книга|народження|смерть|шлюб	2	ДАКрО-137-1-2
137	1	3	Метричні книги Православних церков	1912-1913	метрична книга|народження|смерть|шлюб	2	ДАКрО-137-1-3
137	1	4	Church boards and churches, Kropyvnytsky	1911-1914	метрична книга|народження|смерть|шлюб	2	ДАКрО-137-1-4
137	1	5	Church boards and churches, Kropyvnytsky	1915-1917	метрична книга|народження|смерть|шлюб	2	ДАКрО-137-1-5
138	1	1	Church boards and churches, Kropyvnytsky	1863-1864	метрична книга|народження|шлюб	2	ДАКрО-138-1-1
138	1	11878	Метрична книга. Церква Покрови Пресвятої Богородиці, м-ко Глодоси (Сухий Ташлик) Єлиса-ветградського пов. Глодоської вол.	1862-1864	метрична книга|смерть	0	ДАКрО-138-1-11878
138	1	1А	Church boards and churches, Kropyvnytsky	1854-1854	метрична книга|народження|смерть|шлюб	2	ДАКрО-138-1-1А
138	1	2	Church boards and churches, Kropyvnytsky	1856-1858	метрична книга|народження|смерть|шлюб	2	ДАКрО-138-1-2
138	1	3	Метричні книги Православних церков	1859-1861	метрична книга|народження|смерть|шлюб	2	ДАКрО-138-1-3
138	1	4	Сповідальні відомості. Книга обліку надходжень і витрат	1886-1922		3	ДАКрО-138-1-4
138	1	5	Метрична книга Церкви Покрови Пресвятої Богородиці, с. Глодоси Єлисаветградського повіту	1878-1878	метрична книга|народження|смерть|сповідальні відомості|шлюб	3	ДАКрО-138-1-5
139	1	1	Метричні книги Православних церков Єдиновірці Військові поселення	1841-1848	метрична книга|народження|смерть|шлюб	3	ДАКрО-139-1-1
139	1	2	Метричні книги Православних церков Військові поселення	1849-1855	метрична книга|народження|смерть|шлюб	3	ДАКрО-139-1-2
139	1	3	Church boards and churches, Kropyvnytsky	1855-1858	метрична книга|народження|смерть|шлюб	3	ДАКрО-139-1-3
139	1	4	Метрична книга Церкви Покрови Пресвятої Богородиці, м. Новоукраїнка Єлисаветградського повіту	1859-1878	метрична книга|народження|смерть|шлюб	3	ДАКрО-139-1-4
139	1	5	Метрична книга Церкви Покрови Пресвятої Богородиці, м. Новоукраїнка Єлисаветградського повіту	1884-1895	метрична книга|народження|смерть|шлюб	3	ДАКрО-139-1-5
139	1	6	Метрична книга Церкви Покрови Пресвятої Богородиці, м. Новоукраїнка Єлисаветградського повіту	1889-1894		3	ДАКрО-139-1-6
139	1	7	Метрична книга Церкви Покрови Пресвятої Богородиці, м. Новоукраїнка Єлисаветградського повіту	1896-1898	метрична книга|народження|смерть|шлюб	3	ДАКрО-139-1-7
139	1	8	Метрична книга Церкви Покрови Пресвятої Богородиці, м. Новоукраїнка Єлисаветградського повіту	1900-1904	метрична книга|народження|смерть|шлюб	3	ДАКрО-139-1-8
139	1	9	Метрична книга Церкви Покрови Пресвятої Богородиці, м. Новоукраїнка Єлисаветградського повіту	1905-1910	метрична книга|народження|смерть|шлюб	3	ДАКрО-139-1-9
141	1	1	Метричні книги Православних церков	1798-1825	метрична книга|народження|смерть|шлюб	2	ДАКрО-141-1-1
141	1	10	Church boards and churches, Kropyvnytsky	1853-1853	метрична книга|народження|смерть|шлюб	2	ДАКрО-141-1-10
141	1	11	Метричні книги Православних церков Військові поселення	1854-1854	метрична книга|народження|смерть|шлюб	1	ДАКрО-141-1-11
141	1	12	Church boards and churches, Kropyvnytsky	1855-1855	метрична книга|народження|смерть|шлюб	2	ДАКрО-141-1-12
141	1	13	Church boards and churches, Kropyvnytsky	1856-1856	метрична книга|народження|смерть|шлюб	2	ДАКрО-141-1-13
141	1	14	Метричні книги Православних церков Військові поселення	1857-1857	метрична книга|народження|смерть|шлюб	2	ДАКрО-141-1-14
141	1	15	Church boards and churches, Kropyvnytsky	1858-1858	метрична книга|народження|смерть|шлюб	2	ДАКрО-141-1-15
141	1	16	Метричні книги Православних церков	1859-1859	метрична книга|народження|смерть|шлюб	2	ДАКрО-141-1-16
141	1	17	Метричні книги Православних церков	1860-1860	метрична книга|народження|смерть|шлюб	2	ДАКрО-141-1-17
141	1	18	Метричні книги Православних церков	1859-1861	метрична книга|народження|смерть|шлюб	2	ДАКрО-141-1-18
141	1	19	Метричні книги Православних церков	1862-1863	метрична книга|народження|смерть|шлюб	2	ДАКрО-141-1-19
141	1	2	Метричні книги Православних церков Військові поселення	1825-1833	метрична книга|народження|смерть|шлюб	2	ДАКрО-141-1-2
141	1	3	Метричні книги Православних церков Військові поселення	1833-1838	метрична книга|народження|смерть|шлюб	2	ДАКрО-141-1-3
141	1	4	Метричні книги Православних церков Військові поселення	1838-1841	метрична книга|народження|смерть|шлюб	2	ДАКрО-141-1-4
141	1	5	Church boards and churches, Kropyvnytsky	1842-1848	метрична книга|народження|смерть|шлюб	2	ДАКрО-141-1-5
141	1	6	Church boards and churches, Kropyvnytsky	1848-1849	метрична книга|народження|смерть|шлюб	2	ДАКрО-141-1-6
141	1	7	Church boards and churches, Kropyvnytsky	1850-1850	метрична книга|народження|смерть|шлюб	2	ДАКрО-141-1-7
141	1	8	Метричні книги Православних церков Військові поселення	1851-1851	метрична книга|народження|смерть|шлюб	2	ДАКрО-141-1-8
141	1	9	Метричні книги Православних церков Військові поселення	1852-1852	метрична книга|народження|смерть|шлюб	2	ДАКрО-141-1-9
141	4	44				0	ДАКрО-141-4-44
144	1	1	Метричні книги Православних церков	1797-1808	метрична книга|народження|смерть|шлюб	2	ДАКрО-144-1-1
144	1	10	Метричні книги Православних церков	1852-1854	метрична книга|народження|смерть|шлюб	2	ДАКрО-144-1-10
144	1	11	Метричні книги Православних церков	1855-1857	метрична книга|народження|смерть|шлюб	2	ДАКрО-144-1-11
144	1	12	Метричні книги Православних церков	1858-1858	метрична книга|народження|смерть|шлюб	2	ДАКрО-144-1-12
144	1	13	Метричні книги Православних церков	1859-1859	метрична книга|народження|смерть|шлюб	2	ДАКрО-144-1-13
144	1	14	Метричні книги Православних церков	1860-1860	метрична книга|народження|смерть|шлюб	2	ДАКрО-144-1-14
144	1	15	Метричні книги Православних церков	1861-1861	метрична книга|народження|смерть|шлюб	2	ДАКрО-144-1-15
144	1	16	Метричні книги Православних церков	1862-1862	метрична книга|народження|смерть|шлюб	2	ДАКрО-144-1-16
144	1	17	Метричні книги Православних церков	1863-1865	метрична книга|народження|смерть|шлюб	2	ДАКрО-144-1-17
144	1	18	Church boards and churches, Kropyvnytsky	1891-1892	метрична книга|народження|смерть|шлюб	2	ДАКрО-144-1-18
144	1	19	Метричні книги Православних церков	1892-1895	метрична книга|народження|смерть|шлюб	2	ДАКрО-144-1-19
144	1	2	Метричні книги Православних церков	1809-1819,1918-1918	метрична книга|народження|смерть|шлюб	2	ДАКрО-144-1-2
144	1	20	Метричні книги Православних церков	1893-1894	метрична книга|народження|смерть|шлюб	2	ДАКрО-144-1-20
144	1	21	Метричні книги Православних церков	1896-1897	метрична книга|народження|смерть|шлюб	2	ДАКрО-144-1-21
144	1	22	Метричні книги Православних церков	1898-1899	метрична книга|народження|смерть|шлюб	2	ДАКрО-144-1-22
144	1	23	Метричні книги Православних церков	1900-1903	метрична книга|народження|смерть|шлюб	2	ДАКрО-144-1-23
144	1	25	Метричні книги Православних церков	1918-1918	метрична книга|народження|смерть|шлюб	2	ДАКрО-144-1-25
144	1	3	Метричні книги Православних церков	1820-1825	метрична книга|народження|смерть|шлюб	2	ДАКрО-144-1-3
144	1	4	Метричні книги Православних церков	1825-1833	метрична книга|народження|смерть|шлюб	2	ДАКрО-144-1-4
144	1	5	Метричні книги Православних церков	1834-1839	метрична книга|народження|смерть|шлюб	2	ДАКрО-144-1-5
144	1	6	Метричні книги Православних церков Військові поселення	1840-1840	метрична книга|народження|смерть|шлюб	2	ДАКрО-144-1-6
144	1	7	Метричні книги Православних церков	1842-1844	метрична книга|народження|смерть|шлюб	2	ДАКрО-144-1-7
144	1	8	Метричні книги Православних церков	1845-1848	метрична книга|народження|смерть|шлюб	2	ДАКрО-144-1-8
144	1	9	Метричні книги Православних церков	1849-1851	метрична книга|народження|смерть|шлюб	2	ДАКрО-144-1-9
145	1	1	Метричні книги Православних церков	1851-1851	метрична книга|народження|смерть|шлюб	2	ДАКрО-145-1-1
146	1	1	Church boards and churches, Kropyvnytsky	1851-1851	метрична книга|народження|смерть|шлюб	2	ДАКрО-146-1-1
147	1	1	Метричні книги Православних церков	1780-1794	метрична книга|народження|смерть|шлюб	2	ДАКрО-147-1-1
147	1	10	Church boards and churches, Kropyvnytsky	1826-1837	метрична книга|народження|смерть|шлюб	2	ДАКрО-147-1-10
147	1	11	Метричні книги Православних церков Військові поселення	1838-1841	метрична книга|народження|смерть|шлюб	2	ДАКрО-147-1-11
147	1	12	Метричні книги Православних церков Військові поселення	1845-1845	метрична книга|народження|смерть|шлюб	2	ДАКрО-147-1-12
147	1	13	Метричні книги Православних церков Військові поселення	1846-1849	метрична книга|народження	2	ДАКрО-147-1-13
147	1	14	Метричні книги Православних церков	1850-1856	метрична книга|народження|смерть|шлюб	2	ДАКрО-147-1-14
147	1	15	Метричні книги Православних церков Військові поселення	1857-1859	метрична книга|народження|смерть|шлюб	2	ДАКрО-147-1-15
147	1	16	Метричні книги Православних церков	1889-1889	метрична книга|народження|смерть|шлюб	2	ДАКрО-147-1-16
147	1	17	Метричні книги Православних церков	1890-1890	метрична книга|народження|смерть|шлюб	2	ДАКрО-147-1-17
147	1	18	Метричні книги Православних церков	1891-1891	метрична книга|народження|смерть|шлюб	2	ДАКрО-147-1-18
147	1	19	Метричні книги Православних церков	1893-1893	метрична книга|народження|смерть|шлюб	2	ДАКрО-147-1-19
147	1	2	Метричні книги Православних церков	1804-1811	метрична книга|народження|смерть|шлюб	2	ДАКрО-147-1-2
147	1	20	Метричні книги Православних церков	1894-1894	метрична книга|народження|смерть|шлюб	2	ДАКрО-147-1-20
147	1	21	Метричні книги Православних церков	1895-1895	метрична книга|народження|смерть|шлюб	2	ДАКрО-147-1-21
147	1	22	Метричні книги Православних церков	1896-1896	метрична книга|народження|смерть|шлюб	2	ДАКрО-147-1-22
147	1	23	Метричні книги Православних церков	1897-1897	метрична книга|народження|смерть|шлюб	2	ДАКрО-147-1-23
147	1	24	Метричні книги Православних церков	1898-1898	метрична книга|народження|смерть|шлюб	2	ДАКрО-147-1-24
147	1	25	Метричні книги Православних церков	1899-1899	метрична книга|народження|смерть|шлюб	2	ДАКрО-147-1-25
147	1	26	Метричні книги Православних церков	1901-1901	метрична книга|народження|смерть|шлюб	2	ДАКрО-147-1-26
147	1	27	Метричні книги Православних церков	1902-1902	метрична книга|народження|смерть|шлюб	2	ДАКрО-147-1-27
147	1	28	Метричні книги Православних церков	1903-1903	метрична книга|народження|смерть|шлюб	2	ДАКрО-147-1-28
147	1	29	Метричні книги Православних церков	1904-1904	метрична книга|народження|смерть|шлюб	2	ДАКрО-147-1-29
147	1	3	Church boards and churches, Kropyvnytsky	1812-1826	метрична книга|народження|смерть|шлюб	2	ДАКрО-147-1-3
147	1	30	Метричні книги Православних церков	1905-1905	метрична книга|народження|смерть|шлюб	2	ДАКрО-147-1-30
147	1	31	Метричні книги Православних церков	1906-1906	метрична книга|народження|смерть|шлюб	2	ДАКрО-147-1-31
147	1	32	Метричні книги Православних церков	1907-1907	метрична книга|народження|смерть|шлюб	2	ДАКрО-147-1-32
147	1	33	Метричні книги Православних церков	1908-1908	метрична книга|народження|смерть|шлюб	2	ДАКрО-147-1-33
147	1	34	Метричні книги Православних церков	1909-1909	метрична книга|народження|смерть|шлюб	2	ДАКрО-147-1-34
147	1	35	Метричні книги Православних церков	1910-1910	метрична книга|народження|смерть|шлюб	2	ДАКрО-147-1-35
147	1	36	Метричні книги Православних церков	1912-1912	метрична книга|народження|смерть|шлюб	2	ДАКрО-147-1-36
147	1	37	Метричні книги Православних церков	1913-1913	метрична книга|народження|смерть|шлюб	2	ДАКрО-147-1-37
147	1	38	Метричні книги Православних церков	1914-1914	метрична книга|народження|смерть|шлюб	2	ДАКрО-147-1-38
147	1	39	Метричні книги Православних церков	1916-1916	метрична книга|народження|смерть|шлюб	2	ДАКрО-147-1-39
147	1	4	Метричні книги Православних церков Військові поселення	1825-1835	метрична книга|народження|смерть|шлюб	2	ДАКрО-147-1-4
147	1	40	Метричні книги Православних церков	1918-1918	метрична книга|народження|смерть|шлюб	2	ДАКрО-147-1-40
147	1	5	Метричні книги Православних церков	1857-1859	метрична книга|народження|смерть|шлюб	2	ДАКрО-147-1-5
147	1	6	Церковні документи	1821-1833	метрична книга|шлюбні обшуки	2	ДАКрО-147-1-6
147	1	7	Church boards and churches, Kropyvnytsky	1829-1829		2	ДАКрО-147-1-7
147	1	8	Church boards and churches, Kropyvnytsky	1844-1844		2	ДАКрО-147-1-8
147	1	9	Метричні книги Православних церков Військові поселення	1812-1822	метрична книга|народження|смерть|шлюб	2	ДАКрО-147-1-9
147	1	СП16	Метрична книга. Церква Успіння Пресвятої Богородиці, с. Верблюжка Олександрійського пов.Верблюзької вол.	1889-1889	метрична книга|шлюб	0	ДАКрО-147-1-СП16
148	1	1	Метричні книги Православних церков	1819-1846	метрична книга|народження|смерть|шлюб	2	ДАКрО-148-1-1
148	1	2	Метричні книги Православних церков	1851-1852	метрична книга|народження|смерть|шлюб	2	ДАКрО-148-1-2
148	1	3	Метричні книги Православних церков	1863-1886	метрична книга|народження|смерть|шлюб	2	ДАКрО-148-1-3
148	1	4	Метричні книги Православних церков	1887-1899	метрична книга|народження|смерть|шлюб	2	ДАКрО-148-1-4
148	1	5	Метричні книги Православних церков	1911-1918	метрична книга|народження|смерть|шлюб	2	ДАКрО-148-1-5
149	1	1	Метричні книги Православних церков	1781-1800	метрична книга|народження|смерть|шлюб	2	ДАКрО-149-1-1
149	1	10	Метричні книги Православних церков	1843-1846	метрична книга|народження|смерть|шлюб	2	ДАКрО-149-1-10
149	1	11	Метричні книги Православних церков	1852-1852	метрична книга|народження|смерть|шлюб	2	ДАКрО-149-1-11
149	1	12	Church boards and churches, Kropyvnytsky	1856-1860	метрична книга|народження|смерть|шлюб	2	ДАКрО-149-1-12
149	1	13	Church boards and churches, Kropyvnytsky	1815-1815		2	ДАКрО-149-1-13
149	1	14	Метричні книги Православних церков	1853-1855	метрична книга|народження|смерть|шлюб	2	ДАКрО-149-1-14
149	1	15	Метричні книги Православних церков	1850-1850		2	ДАКрО-149-1-15
149	1	16	Метричні книги Православних церков Військові поселення	1839-1841	метрична книга|народження|смерть|шлюб	2	ДАКрО-149-1-16
149	1	16А	Церковні документи Військові послення	1851-1851	метрична книга|народження|смерть|сповідальні відомості|шлюб	2	ДАКрО-149-1-16А
149	1	17	Метричні книги Православних церков	1861-1863		2	ДАКрО-149-1-17
149	1	18	Метричні книги Православних церков	1864-1865	метрична книга|народження|смерть|шлюб	2	ДАКрО-149-1-18
149	1	19	Метричні книги Православних церков	1866-1869	метрична книга|народження|шлюб	2	ДАКрО-149-1-19
149	1	2	Метричні книги Православних церков	1772-1792	метрична книга|народження|смерть|шлюб	2	ДАКрО-149-1-2
149	1	20	Метричні книги Православних церков	1870-1870	метрична книга|народження|смерть|шлюб	2	ДАКрО-149-1-20
149	1	21	Метричні книги Православних церков	1871-1872	метрична книга|народження|смерть|шлюб	2	ДАКрО-149-1-21
149	1	23	Метричні книги Православних церков	1889-1889	метрична книга|народження|смерть|шлюб	2	ДАКрО-149-1-23
149	1	24	Метричні книги Православних церков	1890-1893	метрична книга|народження|смерть|шлюб	2	ДАКрО-149-1-24
149	1	25	Метричні книги Православних церков	1894-1895	метрична книга|народження|смерть|шлюб	2	ДАКрО-149-1-25
149	1	26	Метричні книги Православних церков	1896-1897	метрична книга|народження|смерть|шлюб	2	ДАКрО-149-1-26
149	1	27	Метричні книги Православних церков	1898-1899	метрична книга|народження|смерть|шлюб	2	ДАКрО-149-1-27
149	1	28	Метричні книги Православних церков	1901-1902	метрична книга|народження|смерть|шлюб	2	ДАКрО-149-1-28
149	1	29	Метричні книги Православних церков	1903-1904	метрична книга|народження|смерть|шлюб	2	ДАКрО-149-1-29
149	1	3	Метричні книги Православних церков	1805-1805	метрична книга|народження|смерть|шлюб	2	ДАКрО-149-1-3
149	1	30	Метричні книги Православних церков	1905-1906	метрична книга|народження|смерть|шлюб	2	ДАКрО-149-1-30
149	1	31	Метричні книги Православних церков	1907-1908	метрична книга|народження|смерть|шлюб	2	ДАКрО-149-1-31
149	1	32	Метричні книги Православних церков	1909-1910	метрична книга|народження|смерть|шлюб	2	ДАКрО-149-1-32
149	1	33	Метричні книги Православних церков	1912-1913	метрична книга|народження|смерть|шлюб	2	ДАКрО-149-1-33
149	1	34	Метричні книги Православних церков	1915-1916	метрична книга|народження|смерть|шлюб	2	ДАКрО-149-1-34
149	1	35	Метричні книги Православних церков	1917-1918	метрична книга|народження|смерть|шлюб	2	ДАКрО-149-1-35
149	1	4	Church boards and churches, Kropyvnytsky	1810-1825	метрична книга|народження|смерть|шлюб	2	ДАКрО-149-1-4
149	1	5	Метричні книги Православних церков	1826-1835	метрична книга|народження|шлюб	2	ДАКрО-149-1-5
149	1	6	Метричні книги Православних церков	1836-1838	метрична книга|народження|смерть|шлюб	2	ДАКрО-149-1-6
149	1	7	Church boards and churches, Kropyvnytsky	1842-1842	метрична книга|народження|смерть|шлюб	2	ДАКрО-149-1-7
149	1	8	Метричні книги Православних церков	1848-1848	метрична книга|народження|смерть|шлюб	2	ДАКрО-149-1-8
149	1	9	Church boards and churches, Kropyvnytsky	1849-1849	метрична книга|смерть|шлюб	2	ДАКрО-149-1-9
149	502	9	Метрична книга. Церква Архангела Михаїла, с. Спасове Олександрійського пов. Верблюзькоївол.	1849-1849	метрична книга|народження	0	ДАКрО-149-502-9
150	1	1	Метричні книги Православних церков	1812-1812	метрична книга|народження	2	ДАКрО-150-1-1
150	1	10	Метричні книги Православних церков	1860-1860	метрична книга|народження|смерть|шлюб	2	ДАКрО-150-1-10
150	1	11	Метричні книги Православних церков	1861-1861	метрична книга|народження|смерть|шлюб	2	ДАКрО-150-1-11
150	1	12	Метричні книги Православних церков	1862-1862	метрична книга|народження|смерть|шлюб	2	ДАКрО-150-1-12
150	1	13	Метричні книги Православних церков	1816-1825	метрична книга|народження|смерть|шлюб	2	ДАКрО-150-1-13
150	1	14	Метричні книги Православних церков	1875-1879	метрична книга|народження|смерть|шлюб	2	ДАКрО-150-1-14
150	1	15	Метричні книги Православних церков	1881-1884	метрична книга|народження|смерть|шлюб	2	ДАКрО-150-1-15
150	1	16	Метричні книги Православних церков	1885-1889	метрична книга|народження|смерть|шлюб	2	ДАКрО-150-1-16
150	1	17	Метричні книги Православних церков	1866-1880	метрична книга|народження|смерть|шлюб	2	ДАКрО-150-1-17
150	1	18	Метричні книги Православних церков	1890-1895	метрична книга|народження|смерть|шлюб	2	ДАКрО-150-1-18
150	1	19	Метричні книги Православних церков	1897-1897	метрична книга|народження|смерть|шлюб	2	ДАКрО-150-1-19
150	1	2	Метричні книги Православних церков	1829-1840	метрична книга|народження|смерть|шлюб	2	ДАКрО-150-1-2
150	1	20	Метричні книги Православних церков	1900-1904	метрична книга|народження|смерть|шлюб	2	ДАКрО-150-1-20
150	1	21	Метричні книги Православних церков	1905-1908	метрична книга|народження|смерть|шлюб	2	ДАКрО-150-1-21
150	1	22	Метричні книги Православних церков	1909-1911	метрична книга|народження|смерть|шлюб	2	ДАКрО-150-1-22
150	1	23	Метричні книги Православних церков	1913-1916	метрична книга|народження|смерть|шлюб	2	ДАКрО-150-1-23
150	1	24	Метричні книги Православних церков	1917-1918	метрична книга|народження|смерть|шлюб	2	ДАКрО-150-1-24
150	1	3	Метричні книги Православних церков	1841-1846	метрична книга|народження|смерть|шлюб	2	ДАКрО-150-1-3
150	1	4	Метричні книги Православних церков	1847-1854	метрична книга|народження|смерть|шлюб	2	ДАКрО-150-1-4
150	1	5	Метричні книги Православних церков	1851-1855	метрична книга|народження|смерть|шлюб	2	ДАКрО-150-1-5
150	1	6	Метричні книги Православних церков	1856-1856	метрична книга|народження|смерть|шлюб	2	ДАКрО-150-1-6
150	1	7	Метричні книги Православних церков	1857-1857	метрична книга|народження|смерть|шлюб	2	ДАКрО-150-1-7
150	1	8	Метричні книги Православних церков	1858-1858	метрична книга|народження|смерть|шлюб	2	ДАКрО-150-1-8
150	1	9	Метричні книги Православних церков	1859-1859	метрична книга|народження|смерть|шлюб	2	ДАКрО-150-1-9
152	1	1	Метричні книги Православних церков	1798-1813	метрична книга|народження|смерть|шлюб|шлюбні обшуки	2	ДАКрО-152-1-1
152	1	10	Метричні книги Православних церков	1875-1879	метрична книга|народження|смерть|шлюб	2	ДАКрО-152-1-10
152	1	11	Метричні книги Православних церков	1883-1889	метрична книга|народження|смерть|шлюб	2	ДАКрО-152-1-11
152	1	12	Метричні книги Православних церков	1885-1885		2	ДАКрО-152-1-12
152	1	13	Метричні книги Православних церков	1892-1896	метрична книга|народження|смерть|шлюб	2	ДАКрО-152-1-13
152	1	14	Метричні книги Православних церков	1902-1904	метрична книга|народження|смерть|шлюб	2	ДАКрО-152-1-14
152	1	15	Метричні книги Православних церков	1905-1908	метрична книга|народження|смерть|шлюб	2	ДАКрО-152-1-15
152	1	16	Метричні книги Православних церков	1910-1913	метрична книга|народження	2	ДАКрО-152-1-16
152	1	17	Метричні книги Православних церков	1914-1916	метрична книга|народження|смерть|шлюб	2	ДАКрО-152-1-17
152	1	1А	Метричні книги Православних церков	1797-1819	метрична книга|народження	2	ДАКрО-152-1-1А
152	1	2	Метричні книги Православних церков	1820-1832	метрична книга|народження|смерть|шлюб	2	ДАКрО-152-1-2
152	1	3	Метричні книги Православних церков	1834-1840	метрична книга|народження|смерть|шлюб	2	ДАКрО-152-1-3
152	1	4	Метричні книги Православних церков	1841-1847	метрична книга|народження|смерть|шлюб	2	ДАКрО-152-1-4
152	1	5	Метричні книги Православних церков	1847-1849	метрична книга|народження|смерть|шлюб	2	ДАКрО-152-1-5
152	1	6	Метричні книги Православних церков	1850-1856	метрична книга|народження|смерть|шлюб	2	ДАКрО-152-1-6
152	1	7	Метричні книги Православних церков	1853-1854		2	ДАКрО-152-1-7
152	1	8	Church boards and churches, Kropyvnytsky	1855-1859	метрична книга|народження|смерть	2	ДАКрО-152-1-8
152	1	9	Метричні книги Православних церков	1856-1859	метрична книга|народження|смерть|шлюб	2	ДАКрО-152-1-9
153	1	1	Метричні книги Православних церков	1851-1851	метрична книга|народження|смерть|шлюб	2	ДАКрО-153-1-1
154	1	1	Метричні книги Православних церков	1805-1821	метрична книга|народження|смерть|шлюб	2	ДАКрО-154-1-1
154	1	10	Метричні книги Православних церков	1851-1852		2	ДАКрО-154-1-10
154	1	10А	Метричні книги Православних церков	1852-1853	метрична книга|народження|смерть|шлюб	2	ДАКрО-154-1-10А
154	1	11	Метричні книги Православних церков	1849-1853	метрична книга|народження	2	ДАКрО-154-1-11
154	1	12	Метричні книги Православних церков	1854-1854	метрична книга|народження|смерть|шлюб	2	ДАКрО-154-1-12
154	1	13	Church boards and churches, Kropyvnytsky	1855-1855	метрична книга|народження|смерть|шлюб	2	ДАКрО-154-1-13
154	1	14	Метричні книги Православних церков	1856-1856	метрична книга|народження|смерть|шлюб	2	ДАКрО-154-1-14
154	1	15	Church boards and churches, Kropyvnytsky	1857-1858	метрична книга|народження|смерть|шлюб	2	ДАКрО-154-1-15
154	1	16	Метричні книги Православних церков	1857-1857	метрична книга|смерть|шлюб	2	ДАКрО-154-1-16
154	1	17	Метричні книги Православних церков Військові поселення	1859-1859	метрична книга|народження|смерть|шлюб	2	ДАКрО-154-1-17
154	1	18	Метричні книги Православних церков	1860-1860	метрична книга|народження|смерть	2	ДАКрО-154-1-18
154	1	19	Church boards and churches, Kropyvnytsky	1861-1861	метрична книга|народження|смерть|шлюб	2	ДАКрО-154-1-19
154	1	2	Church boards and churches, Kropyvnytsky	1822-1829	метрична книга|народження|смерть|шлюб	2	ДАКрО-154-1-2
154	1	20	Church boards and churches, Kropyvnytsky	1862-1862	метрична книга|народження|смерть|шлюб	2	ДАКрО-154-1-20
154	1	21	Church boards and churches, Kropyvnytsky	1866-1866	метрична книга|сповідальні відомості	2	ДАКрО-154-1-21
154	1	22	Church boards and churches, Kropyvnytsky	1903-1903	метрична книга|сповідальні відомості	2	ДАКрО-154-1-22
154	1	23	Church boards and churches, Kropyvnytsky	1914-1917	метрична книга|сповідальні відомості	2	ДАКрО-154-1-23
154	1	24	Church boards and churches, Kropyvnytsky	1917-1917	метрична книга|сповідальні відомості	2	ДАКрО-154-1-24
154	1	25	Church boards and churches, Kropyvnytsky	1918-1918		2	ДАКрО-154-1-25
154	1	26	Church boards and churches, Kropyvnytsky	1918-1918		2	ДАКрО-154-1-26
154	1	27	Church boards and churches, Kropyvnytsky	1918-1919	метрична книга|сповідальні відомості	2	ДАКрО-154-1-27
154	1	28	Church boards and churches, Kropyvnytsky	1899-1899	метрична книга|сповідальні відомості	2	ДАКрО-154-1-28
154	1	29	Church boards and churches, Kropyvnytsky	1880-1882		2	ДАКрО-154-1-29
154	1	3	Метричні книги Православних церков	1830-1833	метрична книга|народження|смерть|шлюб	2	ДАКрО-154-1-3
154	1	31	Метричні книги Православних церков	1877-1877	метрична книга|народження|смерть|шлюб	2	ДАКрО-154-1-31
154	1	32	Метричні книги Православних церков	1876-1876	метрична книга|смерть|шлюб	2	ДАКрО-154-1-32
154	1	33	Метричні книги Православних церков	1883-1885	метрична книга|народження|смерть|шлюб	2	ДАКрО-154-1-33
154	1	34	Метричні книги Православних церков	1888-1889	метрична книга|народження|смерть|шлюб	2	ДАКрО-154-1-34
154	1	35	Метричні книги Православних церков	1863-1863	метрична книга|народження|смерть|шлюб	2	ДАКрО-154-1-35
154	1	36	Метричні книги Православних церков	1864-1864	метрична книга|народження|смерть|шлюб	2	ДАКрО-154-1-36
154	1	37	Метричні книги Православних церков	1865-1865	метрична книга|народження|смерть|шлюб	2	ДАКрО-154-1-37
154	1	38	Метричні книги Православних церков	1871-1873	метрична книга|народження|смерть|шлюб	2	ДАКрО-154-1-38
154	1	39	Метричні книги Православних церков	1871-1872	метрична книга|народження|смерть|шлюб	2	ДАКрО-154-1-39
154	1	4	Метричні книги Православних церков	1834-1834	метрична книга|народження|смерть|шлюб	2	ДАКрО-154-1-4
154	1	40	Метричні книги Православних церков	1875-1875	метрична книга|народження|смерть|шлюб	2	ДАКрО-154-1-40
154	1	41	Метричні книги Православних церков	1879-1880	метрична книга|народження|смерть|шлюб	2	ДАКрО-154-1-41
154	1	42	Метричні книги Православних церков	1881-1881	метрична книга|народження|смерть|шлюб	2	ДАКрО-154-1-42
154	1	43	Метричні книги Православних церков	1882-1882	метрична книга|народження|смерть|шлюб	2	ДАКрО-154-1-43
154	1	439	Метрична книга. Собор Святого Миколая, м. Бобринець Єлисаветградського пов.	1860-1860	метрична книга|шлюб	0	ДАКрО-154-1-439
154	1	44	Метричні книги Православних церков	1886-1886	метрична книга|народження|смерть|шлюб	2	ДАКрО-154-1-44
154	1	45	Метричні книги Православних церков	1890-1895	метрична книга|народження|смерть|шлюб	2	ДАКрО-154-1-45
154	1	46	Метричні книги Православних церков	1891-1891	метрична книга|народження|смерть|шлюб	2	ДАКрО-154-1-46
154	1	47	Метричні книги Православних церков	1894-1894	метрична книга|народження|смерть|шлюб	2	ДАКрО-154-1-47
154	1	48	Метричні книги Православних церков	1899-1899	метрична книга|народження|смерть|шлюб	2	ДАКрО-154-1-48
154	1	49	Метричні книги Православних церков	1903-1903	метрична книга|народження|смерть|шлюб	2	ДАКрО-154-1-49
154	1	5	Метричні книги Православних церков	1838-1841	метрична книга|народження|смерть|шлюб	2	ДАКрО-154-1-5
154	1	50	Метричні книги Православних церков	1904-1904	метрична книга|народження|смерть|шлюб	2	ДАКрО-154-1-50
154	1	51	Метричні книги Православних церков	1908-1908	метрична книга|смерть|шлюб	2	ДАКрО-154-1-51
154	1	52	Метричні книги Православних церков	1896-1898	метрична книга|народження|смерть|шлюб	2	ДАКрО-154-1-52
154	1	53	Метричні книги Православних церков	1897-1897	метрична книга|народження|смерть|шлюб	2	ДАКрО-154-1-53
154	1	54	Метричні книги Православних церков	1900-1901	метрична книга|народження|смерть|шлюб	2	ДАКрО-154-1-54
154	1	55	Метричні книги Православних церков	1902-1902	метрична книга|народження|смерть|шлюб	2	ДАКрО-154-1-55
154	1	56	Метричні книги Православних церков	1905-1906	метрична книга|народження|смерть|шлюб	2	ДАКрО-154-1-56
154	1	57	Метричні книги Православних церков	1907-1907	метрична книга|народження|смерть|шлюб	2	ДАКрО-154-1-57
154	1	58	Метричні книги Православних церков	1903-1905	метрична книга|народження|смерть|шлюб	2	ДАКрО-154-1-58
154	1	59	Метричні книги Православних церков	1908-1908	метрична книга|народження|смерть|шлюб	2	ДАКрО-154-1-59
154	1	6	Метричні книги Православних церков	1841-1842	метрична книга|народження|смерть|шлюб	2	ДАКрО-154-1-6
154	1	60	Метричні книги Православних церков	1909-1910	метрична книга|народження|смерть|шлюб	2	ДАКрО-154-1-60
154	1	61	Метричні книги Православних церков	1909-1912	метрична книга|народження|смерть	2	ДАКрО-154-1-61
154	1	62	Метричні книги Православних церков	1911-1911	метрична книга|народження|смерть|шлюб	2	ДАКрО-154-1-62
154	1	63	Метричні книги Православних церков	1912-1913	метрична книга|народження|смерть|шлюб	2	ДАКрО-154-1-63
154	1	64	Метричні книги Православних церков	1914-1915	метрична книга|народження|смерть|шлюб	2	ДАКрО-154-1-64
154	1	65	Метричні книги Православних церков	1913-1915	метрична книга|народження|смерть|шлюб	2	ДАКрО-154-1-65
154	1	66	Метричні книги Православних церков	1916-1916	метрична книга|народження|смерть|шлюб	2	ДАКрО-154-1-66
154	1	67	Метричні книги Православних церков	1917-1917	метрична книга|народження|смерть|шлюб	2	ДАКрО-154-1-67
154	1	68	Метричні книги Православних церков	1918-1919	метрична книга|народження|смерть|шлюб	2	ДАКрО-154-1-68
154	1	69	Метричні книги Православних церков	1919-1920	метрична книга|народження|смерть|шлюб	2	ДАКрО-154-1-69
154	1	7	Метричні книги Православних церков	1843-1845	метрична книга|народження|смерть|шлюб	2	ДАКрО-154-1-7
154	1	70	Метричні книги Православних церков	1918-1920	метрична книга|народження|смерть|шлюб	2	ДАКрО-154-1-70
154	1	8	Метричні книги Православних церков	1846-1849	метрична книга|народження|смерть|шлюб	2	ДАКрО-154-1-8
154	1	9	Church boards and churches, Kropyvnytsky	1849-1852	метрична книга|смерть|шлюб	2	ДАКрО-154-1-9
154	2	23				0	ДАКрО-154-2-23
154	438	61	Метрична книга. Церква Святого Пантелеймона, м. Бобринець Єлисаветградського пов.	1910-1912	метрична книга|шлюб	0	ДАКрО-154-438-61
155	1	1	Метричні книги Православних церков Військові поселення	1837-1840	метрична книга|народження|смерть|шлюб	2	ДАКрО-155-1-1
155	1	10	Метричні книги Православних церков Військові поселення	1847-1847	метрична книга|народження|смерть|шлюб	2	ДАКрО-155-1-10
155	1	11	Метричні книги Православних церков Військові поселення	1848-1848	метрична книга|народження|смерть|шлюб	2	ДАКрО-155-1-11
155	1	12	Метричні книги Православних церков Військові поселення	1849-1849	метрична книга|народження|смерть|шлюб	2	ДАКрО-155-1-12
155	1	13	Метричні книги Православних церков Військові поселення	1850-1850	метрична книга|народження|смерть|шлюб	2	ДАКрО-155-1-13
155	1	14	Метричні книги Православних церков Військові поселення	1851-1851	метрична книга|народження|смерть|шлюб	2	ДАКрО-155-1-14
155	1	15	Church boards and churches, Kropyvnytsky	1852-1852	метрична книга|народження|смерть|шлюб	2	ДАКрО-155-1-15
155	1	16	Church boards and churches, Kropyvnytsky	1854-1854	метрична книга|народження|смерть|шлюб	2	ДАКрО-155-1-16
155	1	17	Метричні книги Православних церков Військові поселення	1855-1855	метрична книга|народження|смерть|шлюб	2	ДАКрО-155-1-17
155	1	18	Метричні книги Православних церков Військові поселення	1854-1855	метрична книга|народження|смерть|шлюб	2	ДАКрО-155-1-18
155	1	19	Метричні книги Православних церков Військові поселення	1856-1856	метрична книга|народження|смерть|шлюб	2	ДАКрО-155-1-19
155	1	2	Метричні книги Православних церков	1829-1833,1897-1897	метрична книга|народження|смерть|шлюб	2	ДАКрО-155-1-2
155	1	20	Church boards and churches, Kropyvnytsky	1857-1857	метрична книга|народження|смерть|шлюб	2	ДАКрО-155-1-20
155	1	21	Метричні книги Православних церков	1858-1858	метрична книга|народження|смерть|шлюб	2	ДАКрО-155-1-21
155	1	23	Метричні книги Православних церков	1859-1859	метрична книга|народження|смерть|шлюб	2	ДАКрО-155-1-23
155	1	24	Метричні книги Православних церков	1860-1860	метрична книга|народження|смерть|шлюб	2	ДАКрО-155-1-24
155	1	25	Метричні книги Православних церков	1861-1861	метрична книга|смерть|шлюб	2	ДАКрО-155-1-25
155	1	26	Метричні книги Православних церков	1862-1877	метрична книга|народження|смерть|шлюб	2	ДАКрО-155-1-26
155	1	27	Метричні книги Православних церков	1879-1879	метрична книга|народження|смерть|шлюб	2	ДАКрО-155-1-27
155	1	28	Метричні книги Православних церков	1897-1897	метрична книга|народження|смерть	2	ДАКрО-155-1-28
155	1	3	Метричні книги Православних церков Військові поселення	1834-1936	метрична книга|народження|смерть|шлюб	2	ДАКрО-155-1-3
155	1	4	Метричні книги Православних церков	1806-1818	метрична книга|народження|смерть|шлюб	2	ДАКрО-155-1-4
155	1	5	Метричні книги Православних церков Військові поселення	1841-1842	метрична книга|народження|смерть|шлюб	2	ДАКрО-155-1-5
155	1	6	Метричні книги Православних церков Військові поселення	1843-1843	метрична книга|народження|смерть|шлюб	2	ДАКрО-155-1-6
155	1	7	Метричні книги Православних церков Військові поселення	1844-1844	метрична книга|народження|смерть|шлюб	2	ДАКрО-155-1-7
155	1	8	Church boards and churches, Kropyvnytsky	1845-1845	метрична книга|народження|смерть|шлюб	2	ДАКрО-155-1-8
155	1	9	Метричні книги Православних церков Військові поселення	1846-1846	метрична книга|народження|смерть|шлюб	2	ДАКрО-155-1-9
156	1	1	Метрична книга Свято-Петропавлівська церква, м. Єлисаветград	1849-1850	метрична книга|народження|смерть|шлюб	3	ДАКрО-156-1-1
156	1	10	Метрична книга Свято-Петропавлівська церква, м. Єлисаветград	1864-1864	метрична книга|народження|смерть|шлюб	3	ДАКрО-156-1-10
156	1	11	Метрична книга Свято-Петропавлівська церква, м. Єлисаветград	1864-1864,1867-1867		3	ДАКрО-156-1-11
156	1	12	Метрична книга Свято-Петропавлівська церква, м. Єлисаветград	1865-1865	метрична книга|народження|смерть|шлюб	3	ДАКрО-156-1-12
156	1	13	Метрична книга Свято-Петропавлівська церква, м. Єлисаветград	1866-1866	метрична книга|народження|смерть|шлюб	3	ДАКрО-156-1-13
156	1	14	Метрична книга Свято-Петропавлівська церква, м. Єлисаветград	1868-1868	метрична книга|народження|смерть|шлюб	3	ДАКрО-156-1-14
156	1	15	Church boards and churches, Kropyvnytsky	1879-1879		3	ДАКрО-156-1-15
156	1	16	Метрична книга Свято-Петропавлівська церква, м. Єлисаветград	1873-1873	метрична книга|народження|смерть|шлюб	3	ДАКрО-156-1-16
156	1	17	Метрична книга Свято-Петропавлівська церква, м. Єлисаветград	1874-1875	метрична книга|народження|смерть|шлюб	3	ДАКрО-156-1-17
156	1	18	Метрична книга Свято-Петропавлівська церква, м. Єлисаветград	1870-1870	метрична книга|народження|смерть|шлюб	3	ДАКрО-156-1-18
156	1	19	Метрична книга Свято-Петропавлівська церква, м. Єлисаветград	1876-1876		3	ДАКрО-156-1-19
156	1	2	Метрична книга Свято-Петропавлівська церква, м. Єлисаветград	1851-1853	метрична книга|народження|смерть|шлюб	3	ДАКрО-156-1-2
156	1	20	Метрична книга Свято-Петропавлівська церква, м. Єлисаветград	1872-1872	метрична книга|народження|смерть|шлюб	3	ДАКрО-156-1-20
156	1	21	Метрична книга Свято-Петропавлівська церква, м. Єлисаветград	1892-1892	метрична книга|народження|смерть|шлюб	3	ДАКрО-156-1-21
156	1	22	Метрична книга Свято-Петропавлівська церква, м. Єлисаветград	1894-1894	метрична книга|народження|смерть|шлюб	3	ДАКрО-156-1-22
156	1	23	Метрична книга Свято-Петропавлівська церква, м. Єлисаветград	1871-1871	метрична книга|народження|смерть|шлюб	3	ДАКрО-156-1-23
156	1	24	Метрична книга Свято-Петропавлівська церква, м. Єлисаветград	1877-1878		3	ДАКрО-156-1-24
156	1	25	Метрична книга Свято-Петропавлівська церква, м. Єлисаветград	1879-1879	метрична книга|народження|смерть|шлюб	3	ДАКрО-156-1-25
156	1	26	Метрична книга Свято-Петропавлівська церква, м. Єлисаветград	1880-1880	метрична книга|народження|смерть|шлюб	3	ДАКрО-156-1-26
156	1	27	Метрична книга Свято-Петропавлівська церква, м. Єлисаветград	1881-1903	метрична книга|народження|смерть|шлюб	3	ДАКрО-156-1-27
156	1	28	Метрична книга Свято-Петропавлівська церква, м. Єлисаветград	1882-1882	метрична книга|народження|смерть|шлюб	3	ДАКрО-156-1-28
156	1	29	Метрична книга Свято-Петропавлівська церква, м. Єлисаветград	1883-1883	метрична книга|народження|смерть|шлюб	3	ДАКрО-156-1-29
156	1	29А	Метрична книга Свято-Петропавлівська церква, м. Єлисаветград	1881-1887		3	ДАКрО-156-1-29А
156	1	3	Метрична книга Свято-Петропавлівська церква, м. Єлисаветград	1854-1857	метрична книга|народження|смерть|шлюб	3	ДАКрО-156-1-3
156	1	30	Метрична книга Свято-Петропавлівська церква, м. Єлисаветград	1884-1884	метрична книга|народження|смерть|шлюб	3	ДАКрО-156-1-30
156	1	31	Метрична книга Свято-Петропавлівська церква, м. Єлисаветград	1885-1885	метрична книга|народження|смерть|шлюб	3	ДАКрО-156-1-31
156	1	32	Метрична книга Свято-Петропавлівська церква, м. Єлисаветград	1886-1886	метрична книга|народження|смерть|шлюб	3	ДАКрО-156-1-32
156	1	33	Метрична книга Свято-Петропавлівська церква, м. Єлисаветград	1887-1888	метрична книга|народження|смерть|шлюб	3	ДАКрО-156-1-33
156	1	33А	Метрична книга Свято-Петропавлівська церква, м. Єлисаветград	1888-1889	метрична книга|народження|смерть|шлюб	3	ДАКрО-156-1-33А
156	1	34	Метрична книга Свято-Петропавлівська церква, м. Єлисаветград	1889-1890	метрична книга|народження|смерть|шлюб	3	ДАКрО-156-1-34
156	1	34А	Метрична книга Свято-Петропавлівська церква, м. Єлисаветград	1890-1893		3	ДАКрО-156-1-34А
156	1	35	Метрична книга Свято-Петропавлівська церква, м. Єлисаветград	1872-1872,1891-1893		3	ДАКрО-156-1-35
156	1	36	Метрична книга Свято-Петропавлівська церква, м. Єлисаветград	1891-1893,1894-1898	метрична книга|народження|смерть|шлюб	3	ДАКрО-156-1-36
156	1	37	Метрична книга Свято-Петропавлівська церква, м. Єлисаветград	1899-1901	метрична книга|народження|смерть|шлюб	3	ДАКрО-156-1-37
156	1	38	Метрична книга Свято-Петропавлівська церква, м. Єлисаветград	1902-1904	метрична книга|народження|смерть|шлюб	3	ДАКрО-156-1-38
156	1	39	Метрична книга Свято-Петропавлівська церква, м. Єлисаветград	1905-1906	метрична книга|народження|смерть|шлюб	3	ДАКрО-156-1-39
156	1	4	Метрична книга Свято-Петропавлівська церква, м. Єлисаветград	1858-1858	метрична книга|народження|смерть|шлюб	3	ДАКрО-156-1-4
156	1	40	Метрична книга Свято-Петропавлівська церква, м. Єлисаветград	1907-1907	метрична книга|народження|смерть|шлюб	3	ДАКрО-156-1-40
156	1	41	Метрична книга Свято-Петропавлівська церква, м. Єлисаветград	1908-1908	метрична книга|народження|смерть|шлюб	3	ДАКрО-156-1-41
156	1	42	Метрична книга Свято-Петропавлівська церква, м. Єлисаветград	1909-1909	метрична книга|народження|смерть|шлюб	3	ДАКрО-156-1-42
156	1	43	Метрична книга Свято-Петропавлівська церква, м. Єлисаветград	1910-1910	метрична книга|народження|смерть|шлюб	3	ДАКрО-156-1-43
156	1	44	Метрична книга Свято-Петропавлівська церква, м. Єлисаветград	1911-1912	метрична книга|народження|смерть|шлюб	3	ДАКрО-156-1-44
156	1	45	Метрична книга Свято-Петропавлівська церква, м. Єлисаветград	1913-1913	метрична книга|народження|смерть|шлюб	3	ДАКрО-156-1-45
156	1	46	Метрична книга Свято-Петропавлівська церква, м. Єлисаветград	1914-1914	метрична книга|народження|смерть|шлюб	3	ДАКрО-156-1-46
156	1	47	Метрична книга Свято-Петропавлівська церква, м. Єлисаветград	1915-1915		3	ДАКрО-156-1-47
156	1	48	Метрична книга Свято-Петропавлівська церква, м. Єлисаветград	1916-1916	метрична книга|народження|смерть|шлюб	3	ДАКрО-156-1-48
156	1	49	Метрична книга Свято-Петропавлівська церква, м. Єлисаветград	1917-1918	метрична книга|народження|смерть|шлюб	3	ДАКрО-156-1-49
156	1	5	Метрична книга Свято-Петропавлівська церква, м. Єлисаветград	1859-1859	метрична книга|народження|смерть|шлюб	3	ДАКрО-156-1-5
156	1	50	Метрична книга Свято-Петропавлівська церква, м. Єлисаветград	1919-1919	метрична книга|народження|смерть|шлюб	3	ДАКрО-156-1-50
156	1	6	Метрична книга Свято-Петропавлівська церква, м. Єлисаветград	1860-1860	метрична книга|народження|шлюб	3	ДАКрО-156-1-6
156	1	7	Метрична книга Свято-Петропавлівська церква, м. Єлисаветград	1861-1861	метрична книга|народження|смерть|шлюб	3	ДАКрО-156-1-7
156	1	8	Метрична книга Свято-Петропавлівська церква, м. Єлисаветград	1862-1862	метрична книга|народження|смерть|шлюб	3	ДАКрО-156-1-8
156	1	9	Метрична книга Свято-Петропавлівська церква, м. Єлисаветград	1863-1863	метрична книга|народження|смерть|шлюб	3	ДАКрО-156-1-9
156	468	6	Метрична книга. Свято-Петропавлівська церква, м. Єлисаветград Єлисаветградського пов.	1860-1860	метрична книга|смерть	0	ДАКрО-156-468-6
158	1	1	Метричні книги Православних церков Ввйськові поселення	1840-1840	метрична книга|народження|смерть|шлюб	2	ДАКрО-158-1-1
158	1	10	Метричні книги Православних церков	1909-1909	метрична книга|народження	2	ДАКрО-158-1-10
158	1	11	Метричні книги Православних церков Військові поселення	1847-1847	метрична книга|народження|смерть|шлюб	2	ДАКрО-158-1-11
158	1	12	Метричні книги Православних церков	1848-1848	метрична книга|народження|смерть|шлюб	2	ДАКрО-158-1-12
158	1	13	Метричні книги Православних церков Військові поселення	1849-1849	метрична книга|народження|смерть|шлюб	2	ДАКрО-158-1-13
158	1	14	Метричні книги Православних церков Військові поселення	1850-1850	метрична книга|народження|смерть|шлюб	2	ДАКрО-158-1-14
158	1	15	Метричні книги Православних церков Військові поселення	1851-1851	метрична книга|народження|смерть|шлюб	2	ДАКрО-158-1-15
158	1	16	Метричні книги Православних церков Військові поселення	1852-1852	метрична книга|народження|смерть|шлюб	2	ДАКрО-158-1-16
158	1	17	Метричні книги Православних церков	1853-1853	метрична книга|народження|смерть|шлюб	2	ДАКрО-158-1-17
158	1	18	Метричні книги Православних церков	1854-1854	метрична книга|народження|смерть|шлюб	2	ДАКрО-158-1-18
158	1	19	Метричні книги Православних церков	1855-1855	метрична книга|народження|смерть|шлюб	2	ДАКрО-158-1-19
158	1	2	Метричні книги Православних церков Військові поселення	1841-1841	метрична книга|народження|смерть|шлюб	2	ДАКрО-158-1-2
158	1	20	Метричні книги Православних церков	1856-1856	метрична книга|народження|смерть|шлюб	2	ДАКрО-158-1-20
158	1	21	Метричні книги Православних церков Військові поселення	1857-1857	метрична книга|народження|смерть|шлюб	2	ДАКрО-158-1-21
158	1	22	Метричні книги Православних церков	1858-1858	метрична книга|народження|смерть|шлюб	2	ДАКрО-158-1-22
158	1	23	Метричні книги Православних церков	1860-1860	метрична книга|народження|смерть	2	ДАКрО-158-1-23
158	1	24	Метричні книги Православних церков	1861-1861	метрична книга|народження|смерть|шлюб	2	ДАКрО-158-1-24
158	1	25	Метричні книги Православних церков	1862-1862	метрична книга|народження|смерть|шлюб	2	ДАКрО-158-1-25
158	1	26	Метричні книги Православних церков	1863-1863	метрична книга|народження|смерть|шлюб	2	ДАКрО-158-1-26
158	1	27	Метричні книги Православних церков	1864-1864	метрична книга|народження|смерть|шлюб	2	ДАКрО-158-1-27
158	1	3	Метричні книги Православних церков Військові поселення	1842-1842	метрична книга|народження|смерть|шлюб	2	ДАКрО-158-1-3
158	1	4	Метричні книги Православних церков Військові поселення	1843-1843	метрична книга|народження|смерть|шлюб	2	ДАКрО-158-1-4
158	1	5	Метричні книги Православних церков Військові поселення	1844-1844	метрична книга|народження|смерть|шлюб	2	ДАКрО-158-1-5
158	1	6	Метричні книги Православних церков Військові поселення	1845-1845	метрична книга|народження|смерть|шлюб	2	ДАКрО-158-1-6
158	1	7	Church boards and churches, Kropyvnytsky	1831-1835	метрична книга|народження|смерть|шлюб	2	ДАКрО-158-1-7
158	1	8	Метричні книги Православних церков Військові поселення	1837-1837	метрична книга|народження|смерть|шлюб	2	ДАКрО-158-1-8
158	1	9	Метричні книги Православних церков	1879-1879	метрична книга|народження|смерть|шлюб	2	ДАКрО-158-1-9
159	1	1	Church boards and churches, Kropyvnytsky	1829-1838	метрична книга|народження|смерть|шлюб	2	ДАКрО-159-1-1
159	1	2	Метричні книги Православних церков	1818-1828	метрична книга|народження|смерть|шлюб	2	ДАКрО-159-1-2
159	1	3	Church boards and churches, Kropyvnytsky	1855-1857	метрична книга|народження|смерть|шлюб	2	ДАКрО-159-1-3
159	1	4	Метричні книги Православних церков	1839-1847	метрична книга|народження|смерть|шлюб	2	ДАКрО-159-1-4
159	1	5	Church boards and churches, Kropyvnytsky	1848-1854	метрична книга|народження|смерть|шлюб	2	ДАКрО-159-1-5
159	1	6	Church boards and churches, Kropyvnytsky	1859-1864	метрична книга|народження|смерть|шлюб	2	ДАКрО-159-1-6
159	1	7	Метричні книги Православних церков	1913-1916	метрична книга|народження|смерть|шлюб	2	ДАКрО-159-1-7
160	1	1	Метрична книга Успенський Собор м. Єлисаветград	1776-1801	метрична книга|народження|смерть|шлюб	3	ДАКрО-160-1-1
160	1	10	Метрична книга Успенський Собор м. Єлисаветград	1842-1843	метрична книга|народження|смерть|шлюб	3	ДАКрО-160-1-10
160	1	11	Метрична книга Успенський Собор м. Єлисаветград	1844-1845	метрична книга|народження|смерть|шлюб	3	ДАКрО-160-1-11
160	1	12	Метрична книга Успенський Собор м. Єлисаветград	1846-1847	метрична книга|народження|смерть|шлюб	3	ДАКрО-160-1-12
160	1	13	Метрична книга Успенський Собор м. Єлисаветград	1848-1849	метрична книга|народження|смерть|шлюб	3	ДАКрО-160-1-13
160	1	14	Метрична книга Успенський Собор м. Єлисаветград	1850-1852	метрична книга|народження|смерть|шлюб	3	ДАКрО-160-1-14
160	1	15	Метрична книга Успенський Собор м. Єлисаветград	1853-1854	метрична книга|народження|смерть|шлюб	3	ДАКрО-160-1-15
160	1	16	Метрична книга Успенський Собор м. Єлисаветград	1855-1857	метрична книга|народження|смерть|шлюб	3	ДАКрО-160-1-16
160	1	17	Метрична книга Успенський Собор м. Єлисаветград	1858-1860	метрична книга|народження|смерть|шлюб	3	ДАКрО-160-1-17
160	1	18	Метрична книга Успенський Собор м. Єлисаветград	1865-1867	метрична книга|народження|смерть|шлюб	3	ДАКрО-160-1-18
160	1	19	Метрична книга Успенський Собор м. Єлисаветград	1868-1871	метрична книга|народження|смерть|шлюб	3	ДАКрО-160-1-19
160	1	2	Метрична книга Успенський Собор м. Єлисаветград	1802-1813	метрична книга|народження|смерть|шлюб	3	ДАКрО-160-1-2
160	1	20	Формулярні списки Єлисаветградського Собора церков перших 4-х округів 2-ї Кірасирської дивізії та градських церков	1844-1844		3	ДАКрО-160-1-20
160	1	21	Формулярні списки Єлисаветградського Собора церков перших 4-х округів 2-ї Кірасирської дивізії та градських церков	1845-1845	метрична книга|шлюбні обшуки	3	ДАКрО-160-1-21
160	1	22	Сповідальні розписи Успенський Собор м. Єлисаветград	1858-1876	метрична книга|шлюбні обшуки	3	ДАКрО-160-1-22
160	1	23	Сповідальні розписи Успенський Собор м. Єлисаветград	1900-1903	метрична книга|шлюбні обшуки	3	ДАКрО-160-1-23
160	1	24	Сповідальні розписи Успенський Собор м. Єлисаветград	1894-1896	метрична книга|шлюбні обшуки	3	ДАКрО-160-1-24
160	1	25	Шлюбні обшуки Успенський Собор м. Єлисаветград	1861-1863	метрична книга|шлюбні обшуки	3	ДАКрО-160-1-25
160	1	26	Шлюбні обшуки Успенський Собор м. Єлисаветград	1864-1870	метрична книга|шлюбні обшуки	3	ДАКрО-160-1-26
160	1	27	Шлюбні обшуки Успенський Собор м. Єлисаветград	1903-1905	метрична книга|шлюбні обшуки	3	ДАКрО-160-1-27
160	1	28	Шлюбні обшуки Успенський Собор м. Єлисаветград	1909-1911	метрична книга|шлюбні обшуки	3	ДАКрО-160-1-28
160	1	29	Шлюбні обшуки Успенський Собор м. Єлисаветград	1911-1912	метрична книга|шлюбні обшуки	3	ДАКрО-160-1-29
160	1	3	Метрична книга Успенський Собор м. Єлисаветград	1812-1814	метрична книга|шлюб	3	ДАКрО-160-1-3
160	1	30	Шлюбні обшуки Успенський Собор м. Єлисаветград	1918-1919	метрична книга|шлюбні обшуки	3	ДАКрО-160-1-30
160	1	31	Церковні документи	1828-1829,1905-1905		3	ДАКрО-160-1-31
160	1	32	Опис церковного майна Успенський Собор м. Єлисаветград	1879-1879		3	ДАКрО-160-1-32
160	1	33	Інвентарна книга майна Успенський Собор м. Єлисаветград	1803-1803		3	ДАКрО-160-1-33
160	1	34	Church boards and churches, Kropyvnytsky	1901-1901		2	ДАКрО-160-1-34
160	1	35	Church boards and churches, Kropyvnytsky	1904-1904		2	ДАКрО-160-1-35
160	1	36	Church boards and churches, Kropyvnytsky	1912-1912		2	ДАКрО-160-1-36
160	1	37	Church boards and churches, Kropyvnytsky	1915-1915		2	ДАКрО-160-1-37
160	1	38	Про службу старости Успенський Собор м. Єлисаветград	1904-1904		3	ДАКрО-160-1-38
160	1	39	Список парафіян Успенський Собор м. Єлисаветград	1928-1928	метрична книга|сповідальні відомості	3	ДАКрО-160-1-39
160	1	4	Метрична книга Успенський Собор м. Єлисаветград	1820-1828	метрична книга|народження|смерть|шлюб	3	ДАКрО-160-1-4
160	1	40	Метрична книга Успенський Собор м. Єлисаветград	1861-1864	метрична книга|народження|смерть|шлюб	3	ДАКрО-160-1-40
160	1	41	Метрична книга Успенський Собор м. Єлисаветград	1874-1880	метрична книга|народження|смерть|шлюб	3	ДАКрО-160-1-41
160	1	42	Метрична книга Успенський Собор м. Єлисаветград	1879-1879	метрична книга|народження|смерть|шлюб	3	ДАКрО-160-1-42
160	1	43	Метрична книга Успенський Собор м. Єлисаветград	1875-1876	метрична книга|смерть|шлюб	3	ДАКрО-160-1-43
160	1	44	Метрична книга Успенський Собор м. Єлисаветград	1872-1874	метрична книга|народження|смерть|шлюб	3	ДАКрО-160-1-44
160	1	45	Метрична книга Успенський Собор м. Єлисаветград	1876-1876		3	ДАКрО-160-1-45
160	1	46	Метрична книга Успенський Собор м. Єлисаветград	1878-1878	метрична книга|народження|смерть	3	ДАКрО-160-1-46
160	1	47	Метрична книга Успенський Собор м. Єлисаветград	1881-1883	метрична книга|народження|смерть|шлюб	3	ДАКрО-160-1-47
160	1	47А	Метрична книга Успенський Собор м. Єлисаветград	1881-1886	метрична книга|смерть|шлюб	3	ДАКрО-160-1-47А
160	1	48	Метрична книга Успенський Собор м. Єлисаветград	1883-1883,1884-1884,1886-1886	метрична книга|народження|шлюб	3	ДАКрО-160-1-48
160	1	49	Метрична книга Успенський Собор м. Єлисаветград	1887-1887	метрична книга|народження|смерть|шлюб	3	ДАКрО-160-1-49
160	1	5	Метрична книга Успенський Собор м. Єлисаветград	1829-1833	метрична книга|народження|смерть|шлюб	3	ДАКрО-160-1-5
160	1	50	Метрична книга Успенський Собор м. Єлисаветград	1888-1888	метрична книга|народження|смерть|шлюб	3	ДАКрО-160-1-50
160	1	51	Метрична книга Успенський Собор м. Єлисаветград	1889-1889	метрична книга|смерть	3	ДАКрО-160-1-51
160	1	52	Метрична книга Успенський Собор м. Єлисаветград	1890-1890	метрична книга|народження|смерть|шлюб	3	ДАКрО-160-1-52
160	1	53	Метричні книги Православних церков Єдиновірці	1891-1891	метрична книга|народження	3	ДАКрО-160-1-53
160	1	53А	Метрична книга Успенський Собор м. Єлисаветград	1893-1894	метрична книга|народження|смерть|шлюб	2	ДАКрО-160-1-53А
160	1	54	Метрична книга Успенський Собор м. Єлисаветград	1887-1889	метрична книга|шлюб	3	ДАКрО-160-1-54
160	1	55	Метрична книга Успенський Собор м. Єлисаветград	1895-1896	метрична книга|народження|смерть|шлюб	3	ДАКрО-160-1-55
160	1	56	Метрична книга Успенський Собор м. Єлисаветград	1897-1899	метрична книга|народження|смерть|шлюб	3	ДАКрО-160-1-56
160	1	57	Метрична книга Успенський Собор м. Єлисаветград	1900-1900	метрична книга|народження|смерть|шлюб	3	ДАКрО-160-1-57
160	1	58	Метрична книга Успенський Собор м. Єлисаветград	1901-1902	метрична книга|народження|смерть|шлюб	3	ДАКрО-160-1-58
160	1	59	Метрична книга Успенський Собор м. Єлисаветград	1902-1903	метрична книга|народження|смерть|шлюб	3	ДАКрО-160-1-59
160	1	6	Метрична книга Успенський Собор м. Єлисаветград	1833-1835	метрична книга|народження|смерть|шлюб	3	ДАКрО-160-1-6
160	1	60	Метрична книга Успенський Собор м. Єлисаветград	1904-1904	метрична книга|народження|смерть|шлюб	3	ДАКрО-160-1-60
160	1	61	Метрична книга Успенський Собор м. Єлисаветград	1905-1905	метрична книга|народження|смерть|шлюб	3	ДАКрО-160-1-61
160	1	62	Метрична книга Успенський Собор м. Єлисаветград	1906-1906	метрична книга|народження|смерть|шлюб	3	ДАКрО-160-1-62
160	1	63	Метрична книга Успенський Собор м. Єлисаветград	1907-1908	метрична книга|народження|смерть|шлюб	3	ДАКрО-160-1-63
160	1	64	Метрична книга Успенський Собор м. Єлисаветград	1909-1909	метрична книга|народження|смерть|шлюб	3	ДАКрО-160-1-64
160	1	65	Метрична книга Успенський Собор м. Єлисаветград	1910-1910	метрична книга|народження|смерть|шлюб	3	ДАКрО-160-1-65
160	1	66	Метрична книга Успенський Собор м. Єлисаветград	1911-1911	метрична книга|народження|смерть	3	ДАКрО-160-1-66
160	1	67	Метрична книга Успенський Собор м. Єлисаветград	1912-1912	метрична книга|народження|смерть|шлюб	3	ДАКрО-160-1-67
160	1	68	Метрична книга Успенський Собор м. Єлисаветград	1914-1914	метрична книга|народження|шлюб	3	ДАКрО-160-1-68
160	1	69	Метрична книга Успенський Собор м. Єлисаветград	1915-1915	метрична книга|народження|шлюб	3	ДАКрО-160-1-69
160	1	7	Метрична книга Успенський Собор м. Єлисаветград	1836-1838	метрична книга|народження|шлюб	3	ДАКрО-160-1-7
160	1	70	Метрична книга Успенський Собор м. Єлисаветград	1916-1916	метрична книга|народження|шлюб	3	ДАКрО-160-1-70
160	1	71	Метрична книга Успенський Собор м. Єлисаветград	1917-1917	метрична книга|народження|шлюб	3	ДАКрО-160-1-71
160	1	72	Метрична книга Успенський Собор м. Єлисаветград	1918-1918	метрична книга|народження|шлюб	3	ДАКрО-160-1-72
160	1	73	Метрична книга Успенський Собор м. Єлисаветград	1919-1919	метрична книга|народження|шлюб	3	ДАКрО-160-1-73
160	1	8	Метрична книга Успенський Собор м. Єлисаветград	1839-1839	метрична книга|народження|смерть|шлюб	3	ДАКрО-160-1-8
160	1	9	Метрична книга Успенський Собор м. Єлисаветград	1840-1841	метрична книга|народження|смерть|шлюб	3	ДАКрО-160-1-9
161	1	1	Church boards and churches, Kropyvnytsky	1824-1832	метрична книга|народження|смерть|шлюб	2	ДАКрО-161-1-1
161	1	10	Метричні книги Православних церков	1852-1852	метрична книга|народження|смерть|шлюб	2	ДАКрО-161-1-10
161	1	11	Метричні книги Православних церков	1853-1855	метрична книга|народження|смерть|шлюб	2	ДАКрО-161-1-11
161	1	12	Метричні книги Православних церков	1857-1857	метрична книга|народження|смерть|шлюб	2	ДАКрО-161-1-12
161	1	13	Метричні книги Православних церков	1856-1856	метрична книга|народження|смерть|шлюб	2	ДАКрО-161-1-13
161	1	14	Метричні книги Православних церков	1858-1860	метрична книга|народження|смерть|шлюб	2	ДАКрО-161-1-14
161	1	2	Church boards and churches, Kropyvnytsky	1832-1834	метрична книга|народження|смерть|шлюб	2	ДАКрО-161-1-2
161	1	3	Метричні книги Православних церков	1834-1838	метрична книга|народження|смерть|шлюб	2	ДАКрО-161-1-3
161	1	4	Метричні книги Православних церков	1838-1840	метрична книга|народження|смерть|шлюб	2	ДАКрО-161-1-4
161	1	5	Метричні книги Православних церков	1841-1854	метрична книга|народження|смерть|шлюб	2	ДАКрО-161-1-5
161	1	6	Church boards and churches, Kropyvnytsky	1808-1808	метрична книга|народження|смерть|шлюб	2	ДАКрО-161-1-6
161	1	7	Метричні книги Православних церков	1845-1850	метрична книга|народження|смерть|шлюб	2	ДАКрО-161-1-7
161	1	8	Church boards and churches, Kropyvnytsky	1851-1851	метрична книга|народження|смерть|шлюб	2	ДАКрО-161-1-8
161	1	9	Метричні книги Православних церков	1850-1851	метрична книга|народження|смерть|шлюб	2	ДАКрО-161-1-9
162	1	1	Church boards and churches, Kropyvnytsky	1775-1775	метрична книга|народження|смерть|шлюб	2	ДАКрО-162-1-1
162	1	10	Church boards and churches, Kropyvnytsky	1890-1890	метрична книга|народження|смерть|шлюб	2	ДАКрО-162-1-10
162	1	11	Church boards and churches, Kropyvnytsky	1864-1869	метрична книга|народження|смерть|шлюб	2	ДАКрО-162-1-11
162	1	12	Метричні книги Православних церков	1870-1874	метрична книга|народження|смерть|шлюб	2	ДАКрО-162-1-12
162	1	13	Church boards and churches, Kropyvnytsky	1875-1877	метрична книга|народження|смерть|шлюб	2	ДАКрО-162-1-13
162	1	14	Метричні книги Православних церков	1878-1879	метрична книга|народження|смерть|шлюб	2	ДАКрО-162-1-14
162	1	15	Метричні книги Православних церков	1880-1881	метрична книга|народження|смерть|шлюб	2	ДАКрО-162-1-15
162	1	16	Church boards and churches, Kropyvnytsky	1882-1889	метрична книга|народження|смерть|шлюб	2	ДАКрО-162-1-16
162	1	17	Church boards and churches, Kropyvnytsky	1890-1894	метрична книга|народження|смерть|шлюб	2	ДАКрО-162-1-17
162	1	18	Church boards and churches, Kropyvnytsky	1895-1896	метрична книга|народження|смерть|шлюб	2	ДАКрО-162-1-18
162	1	19	Метричні книги Православних церков	1897-1897	метрична книга|народження|смерть|шлюб	2	ДАКрО-162-1-19
162	1	2	Church boards and churches, Kropyvnytsky	1824-1853	метрична книга|народження|смерть|шлюб	2	ДАКрО-162-1-2
162	1	20	Метричні книги Православних церков	1900-1903	метрична книга|народження|смерть|шлюб	2	ДАКрО-162-1-20
162	1	21	Church boards and churches, Kropyvnytsky	1904-1906	метрична книга|народження|смерть|шлюб	2	ДАКрО-162-1-21
162	1	22	Church boards and churches, Kropyvnytsky	1907-1909	метрична книга|народження|смерть|шлюб	2	ДАКрО-162-1-22
162	1	23	Метричні книги Православних церков	1912-1913	метрична книга|народження|смерть|шлюб	2	ДАКрО-162-1-23
162	1	24	Метричні книги Православних церков	1910-1921	метрична книга|народження|смерть|шлюб	2	ДАКрО-162-1-24
162	1	25	Church boards and churches, Kropyvnytsky	1914-1917	метрична книга|народження|смерть|шлюб	2	ДАКрО-162-1-25
162	1	26	Метричні книги Православних церков	1918-1920		2	ДАКрО-162-1-26
162	1	4	Church boards and churches, Kropyvnytsky	1791-1814	метрична книга|народження|смерть|шлюб	2	ДАКрО-162-1-4
162	1	5	Church boards and churches, Kropyvnytsky	1840-1840	метрична книга|шлюбні обшуки	2	ДАКрО-162-1-5
162	1	6	Метричні книги Православних церков	1845-1852	метрична книга|народження|смерть|шлюб	2	ДАКрО-162-1-6
162	1	7	Church boards and churches, Kropyvnytsky	1833-1833	метрична книга|народження|смерть|шлюб	2	ДАКрО-162-1-7
162	1	8	Church boards and churches, Kropyvnytsky	1854-1863	метрична книга|народження|смерть|шлюб	2	ДАКрО-162-1-8
162	1	9	Церковні документи	1833-1870		2	ДАКрО-162-1-9
163	1	1	Church boards and churches, Kropyvnytsky	1836-1836	метрична книга|смерть|шлюб	2	ДАКрО-163-1-1
163	1	1470	Метрична книга. Церква Святого Миколая, м-ко Величківка Єлисаветградського пов. (волостьневідома)	1836-1839	метрична книга|народження	0	ДАКрО-163-1-1470
164	1	1	Метричні книги Православних церков Військові поселення	1816-1828	метрична книга|народження|смерть|шлюб	2	ДАКрО-164-1-1
164	1	10	Метричні книги Православних церков	1851-1851	метрична книга|народження|смерть|шлюб	2	ДАКрО-164-1-10
164	1	11	Метричні книги Православних церков	1877-1877	метрична книга|народження|смерть|шлюб	2	ДАКрО-164-1-11
164	1	12	Метричні книги Православних церков	1890-1890	метрична книга|народження|смерть|шлюб	2	ДАКрО-164-1-12
164	1	13	Метричні книги Православних церков	1869-1870	метрична книга|народження|смерть|шлюб	2	ДАКрО-164-1-13
164	1	14	Church boards and churches, Kropyvnytsky	1871-1874	метрична книга|народження|смерть|шлюб	2	ДАКрО-164-1-14
164	1	15	Метричні книги Православних церков	1878-1878	метрична книга|народження|смерть|шлюб	2	ДАКрО-164-1-15
164	1	16	Church boards and churches, Kropyvnytsky	1880-1884	метрична книга|народження|смерть|шлюб	2	ДАКрО-164-1-16
164	1	17	Church boards and churches, Kropyvnytsky	1886-1895	метрична книга|народження|смерть|шлюб	2	ДАКрО-164-1-17
164	1	18	Church boards and churches, Kropyvnytsky	1898-1904	метрична книга|народження|смерть|шлюб	2	ДАКрО-164-1-18
164	1	19	Метричні книги Православних церков	1908-1913	метрична книга|народження|смерть|шлюб	2	ДАКрО-164-1-19
164	1	2	Church boards and churches, Kropyvnytsky	1828-1839	метрична книга|народження|смерть|шлюб	2	ДАКрО-164-1-2
164	1	20	Метричні книги Православних церков	1877-1909	метрична книга|народження|смерть|шлюб	2	ДАКрО-164-1-20
164	1	21	Метричні книги Православних церков	1911-1914	метрична книга|народження|смерть|шлюб	2	ДАКрО-164-1-21
164	1	22	Метричні книги Православних церков	1916-1916	метрична книга|народження|смерть|шлюб	2	ДАКрО-164-1-22
164	1	23	Метричні книги Православних церков	1920-1920	метрична книга|народження|смерть|шлюб	2	ДАКрО-164-1-23
164	1	3	Метричні книги Православних церков	1853-1854	метрична книга|народження|смерть|шлюб	2	ДАКрО-164-1-3
164	1	4	Метричні книги Православних церков	1855-1856,1857-1858	метрична книга|народження|смерть|шлюб	2	ДАКрО-164-1-4
164	1	5	Метричні книги Православних церков	1857-1858	метрична книга|смерть|шлюб	2	ДАКрО-164-1-5
164	1	6	Метричні книги Православних церков	1859-1860	метрична книга|народження|смерть|шлюб	2	ДАКрО-164-1-6
164	1	7	Метричні книги Православних церков	1861-1862	метрична книга|народження|смерть|шлюб	2	ДАКрО-164-1-7
164	1	8	Метричні книги Православних церков	1840-1843	метрична книга|народження|смерть|шлюб	2	ДАКрО-164-1-8
164	1	9	Church boards and churches, Kropyvnytsky	1844-1849	метрична книга|народження|смерть|шлюб	2	ДАКрО-164-1-9
165	1	1	Метричні книги Православних церков	1779-1799	метрична книга|народження|смерть|шлюб	2	ДАКрО-165-1-1
165	1	10	Метричні книги Православних церков	1892-1893	метрична книга|народження|смерть|шлюб	2	ДАКрО-165-1-10
165	1	11	Метричні книги Православних церков	1895-1895	метрична книга|народження|смерть|шлюб	2	ДАКрО-165-1-11
165	1	12	Метричні книги Православних церков	1897-1897	метрична книга|народження|смерть|шлюб	2	ДАКрО-165-1-12
165	1	13	Метричні книги Православних церков	1900-1902	метрична книга|народження|смерть|шлюб	2	ДАКрО-165-1-13
165	1	14	Метричні книги Православних церков	1904-1904	метрична книга|народження|смерть|шлюб	2	ДАКрО-165-1-14
165	1	15	Метричні книги Православних церков	1906-1907	метрична книга|народження|смерть|шлюб	2	ДАКрО-165-1-15
165	1	16	Метричні книги Православних церков	1908-1909	метрична книга|народження|смерть|шлюб	2	ДАКрО-165-1-16
165	1	17	Метричні книги Православних церков	1912-1914	метрична книга|смерть|шлюб	2	ДАКрО-165-1-17
165	1	18	Метричні книги Православних церков	1918-1918	метрична книга|народження|смерть|шлюб	2	ДАКрО-165-1-18
165	1	19	Метричні книги Православних церков	1919-1919	метрична книга|народження|смерть|шлюб	2	ДАКрО-165-1-19
165	1	2	Метричні книги Православних церков	1802-1810	метрична книга|народження|смерть|шлюб	2	ДАКрО-165-1-2
165	1	20	Метричні книги Православних церков	1921-1921	метрична книга|народження|смерть|шлюб	2	ДАКрО-165-1-20
165	1	3	Метричні книги Православних церков	1839-1845	метрична книга|народження|смерть|шлюб	2	ДАКрО-165-1-3
165	1	4	Метричні книги Православних церков	1846-1861	метрична книга|народження|смерть|шлюб	2	ДАКрО-165-1-4
165	1	5	Метричні книги Православних церков	1847-1854	метрична книга|народження|смерть|шлюб	2	ДАКрО-165-1-5
165	1	6	Метричні книги Православних церков	1859-1859	метрична книга|народження|смерть|шлюб	2	ДАКрО-165-1-6
165	1	7	Метричні книги Православних церков	1877-1882	метрична книга|народження|смерть|шлюб	2	ДАКрО-165-1-7
165	1	8	Метричні книги Православних церков	1883-1884	метрична книга|народження|смерть|шлюб	2	ДАКрО-165-1-8
165	1	9	Метричні книги Православних церков	1890-1891	метрична книга|народження|смерть|шлюб	2	ДАКрО-165-1-9
167	1	1	Метричні книги Православних церков Військові поселення	1849-1849	метрична книга|народження|смерть|шлюб	2	ДАКрО-167-1-1
167	1	10	Метричні книги Православних церков Військові поселення	1843-1845	метрична книга|народження|смерть|шлюб	2	ДАКрО-167-1-10
167	1	11	Метрична книга церкви Покрови Пресвятої Богородиці с. Цибулеве Олександрійського повіту	1846-1846	метрична книга|народження|смерть|шлюб	3	ДАКрО-167-1-11
167	1	12	Метричні книги Православних церков	1847-1847	метрична книга|народження|смерть|шлюб	2	ДАКрО-167-1-12
167	1	13	Метричні книги Православних церков Військові поселення	1848-1848	метрична книга|народження|смерть|шлюб	2	ДАКрО-167-1-13
167	1	14	Метричні книги Православних церков	1850-1850	метрична книга|народження|смерть|шлюб	2	ДАКрО-167-1-14
167	1	15	Метричні книги Православних церков	1851-1852	метрична книга|народження|смерть|шлюб	2	ДАКрО-167-1-15
167	1	16	Метричні книги Православних церков	1852-1852	метрична книга|народження|смерть|шлюб	2	ДАКрО-167-1-16
167	1	17	Метричні книги Православних церков	1855-1855	метрична книга|народження|смерть|шлюб	2	ДАКрО-167-1-17
167	1	18	Метричні книги Православних церков	1858-1858	метрична книга|народження|смерть|шлюб	2	ДАКрО-167-1-18
167	1	19	Метричні книги Православних церков	1863-1863	метрична книга|народження|смерть|шлюб	2	ДАКрО-167-1-19
167	1	2	Метричні книги Православних церков	1853-1853	метрична книга|народження|смерть|шлюб	2	ДАКрО-167-1-2
167	1	20	Метричні книги Православних церков	1864-1864	метрична книга|народження|смерть|шлюб	2	ДАКрО-167-1-20
167	1	21	Метричні книги Православних церков	1865-1865	метрична книга|народження|смерть|шлюб	2	ДАКрО-167-1-21
167	1	22	Метричні книги Православних церков	1866-1866	метрична книга|народження|смерть|шлюб	2	ДАКрО-167-1-22
167	1	23	Метричні книги Православних церков	1867-1867	метрична книга|народження|смерть|шлюб	2	ДАКрО-167-1-23
167	1	24	Метричні книги Православних церков	1868-1868	метрична книга|народження|смерть|шлюб	2	ДАКрО-167-1-24
167	1	25	Метричні книги Православних церков	1869-1869	метрична книга|народження|смерть|шлюб	2	ДАКрО-167-1-25
167	1	26	Метричні книги Православних церков	1870-1870	метрична книга|народження|смерть|шлюб	2	ДАКрО-167-1-26
167	1	27	Метрична книга церкви Покрови Пресвятої Богородиці с. Цибулеве Олександрійського повіту	1871-1871	метрична книга|народження|смерть|шлюб	3	ДАКрО-167-1-27
167	1	28	Метричні книги Православних церков	1872-1872	метрична книга|народження|смерть|шлюб	2	ДАКрО-167-1-28
167	1	29	Метричні книги Православних церков	1873-1873	метрична книга|народження|смерть|шлюб	2	ДАКрО-167-1-29
167	1	3	Метрична книга церкви Покрови Пресвятої Богородиці с. Цибулеве Олександрійського повіту	1808-1817	метрична книга|народження|смерть|шлюб	3	ДАКрО-167-1-3
167	1	30	Метрична книга церкви Покрови Пресвятої Богородиці с. Цибулеве Олександрійського повіту	1816-1816,1876-1876	метрична книга|народження|смерть|шлюб	3	ДАКрО-167-1-30
167	1	31	Метрична книга церкви Покрови Пресвятої Богородиці с. Цибулеве Олександрійського повіту	1830-1833	метрична книга|народження|смерть|шлюб	3	ДАКрО-167-1-31
167	1	32	Метрична книга церкви Покрови Пресвятої Богородиці с. Цибулеве Олександрійського повіту	1834-1837	метрична книга|народження|смерть|шлюб	3	ДАКрО-167-1-32
167	1	33	Метричні книги Православних церков	1859-1859	метрична книга|народження|смерть|шлюб	2	ДАКрО-167-1-33
167	1	34	Метричні книги Православних церков	1860-1860	метрична книга|народження|смерть|шлюб	2	ДАКрО-167-1-34
167	1	35	Метричні книги Православних церков	1861-1861	метрична книга|народження|смерть|шлюб	2	ДАКрО-167-1-35
167	1	36	Метричні книги Православних церков	1862-1862	метрична книга|смерть|шлюб	2	ДАКрО-167-1-36
167	1	37	Метричні книги Православних церков	1854-1854	метрична книга|народження|смерть|шлюб	2	ДАКрО-167-1-37
167	1	38	Метричні книги Православних церков	1856-1856	метрична книга|народження|смерть|шлюб	2	ДАКрО-167-1-38
167	1	39	Метричні книги Православних церков	1857-1857	метрична книга|народження|смерть|шлюб	2	ДАКрО-167-1-39
167	1	4	Метричні книги Православних церков Військові поселення	1818-1829	метрична книга|народження|смерть|шлюб	2	ДАКрО-167-1-4
167	1	40	Метричні книги Православних церков	1880-1885	метрична книга|народження|смерть|шлюб	2	ДАКрО-167-1-40
167	1	41	Метрична книга церкви Покрови Пресвятої Богородиці с. Цибулеве Олександрійського повіту	1888-1888	метрична книга|народження|смерть|шлюб	3	ДАКрО-167-1-41
167	1	41А	Метрична книга церкви Архангела Михаїла с. Цибулеве Олександрійського повіту	1891-1894	метрична книга|народження|смерть|шлюб	2	ДАКрО-167-1-41А
167	1	42	Метрична книга Покровської та Богоявленської церков с. Цибулеве Олександрійського повіту	1895-1896	метрична книга|народження|смерть|шлюб	3	ДАКрО-167-1-42
167	1	43	Метрична книга церкви Покрови Пресвятої Богородиці с. Цибулеве Олександрійського повіту	1897-1899	метрична книга|народження|смерть|шлюб	3	ДАКрО-167-1-43
167	1	43А	Метричні книги Православних церков	1901-1901	метрична книга|народження|смерть|шлюб	1	ДАКрО-167-1-43А
167	1	44	Метрична книга Покровської та Богоявленської церков с. Цибулеве Олександрійського повіту	1903-1904	метрична книга|народження|смерть|шлюб	3	ДАКрО-167-1-44
167	1	45	Метричні книги Православних церков	1906-1907	метрична книга|народження|смерть|шлюб	2	ДАКрО-167-1-45
167	1	46	Метричні книги Православних церков	1908-1912	метрична книга|народження|смерть|шлюб	2	ДАКрО-167-1-46
167	1	47	Метрична книга церкви Покрови Пресвятої Богородиці с. Цибулеве Олександрійського повіту	1908-1912		3	ДАКрО-167-1-47
167	1	48	Метричні книги Православних церков	1913-1914		2	ДАКрО-167-1-48
167	1	49	Метричні книги Православних церков	1915-1917		2	ДАКрО-167-1-49
167	1	5	Метрична книга церкви Покрови Пресвятої Богородиці с. Цибулеве Олександрійського повіту	1838-1838	метрична книга|народження|смерть|шлюб	3	ДАКрО-167-1-5
167	1	50	Метричні книги Православних церков	1916-1917		2	ДАКрО-167-1-50
167	1	51	Метричні книги Православних церков	1918-1919	метрична книга|народження|смерть|шлюб	2	ДАКрО-167-1-51
167	1	6	Метрична книга церкви Покрови Пресвятої Богородиці с. Цибулеве Олександрійського повіту	1839-1839	метрична книга|народження|шлюб	3	ДАКрО-167-1-6
167	1	7	Метрична книга церкви Покрови Пресвятої Богородиці с. Цибулеве Олександрійського повіту	1840-1840	метрична книга|народження|смерть|шлюб	3	ДАКрО-167-1-7
167	1	8	Метрична книга церкви Покрови Пресвятої Богородиці с. Цибулеве Олександрійського повіту	1841-1841	метрична книга|народження|смерть|шлюб	3	ДАКрО-167-1-8
167	1	9	Метрична книга церкви Покрови Пресвятої Богородиці с. Цибулеве Олександрійського повіту	1842-1842	метрична книга|народження|смерть|шлюб	3	ДАКрО-167-1-9
167	21	4				0	ДАКрО-167-21-4
168	1	1	Метрична книга церкви Святого Миколая, с. Плетений Ташлик Єлисаветградського повіту	1822-1839	метрична книга|народження|смерть|шлюб	3	ДАКрО-168-1-1
168	1	10	Метрична книга церкви Святого Миколая, с. Плетений Ташлик Єлисаветградського повіту	1877-1879	метрична книга|народження|смерть|шлюб	3	ДАКрО-168-1-10
168	1	11	Метрична книга церкви Святого Миколая, с. Плетений Ташлик Єлисаветградського повіту	1880-1886	метрична книга|народження|смерть|шлюб	3	ДАКрО-168-1-11
168	1	12	Метрична книга церкви Святого Миколая, с. Плетений Ташлик Єлисаветградського повіту	1882-1887	метрична книга|народження|смерть|шлюб	3	ДАКрО-168-1-12
168	1	13	Метрична книга церкви Святого Миколая, с. Плетений Ташлик Єлисаветградського повіту	1895-1897	метрична книга|народження|смерть|шлюб	3	ДАКрО-168-1-13
168	1	14	Метрична книга церкви Святого Миколая, с. Плетений Ташлик Єлисаветградського повіту	1901-1903	метрична книга|народження|смерть|шлюб	3	ДАКрО-168-1-14
168	1	15	Метрична книга церкви Святого Миколая, с. Плетений Ташлик Єлисаветградського повіту	1904-1905	метрична книга|народження|смерть|шлюб	3	ДАКрО-168-1-15
168	1	16	Метрична книга церкви Святого Миколая, с. Плетений Ташлик Єлисаветградського повіту	1906-1907	метрична книга|народження|смерть|шлюб	3	ДАКрО-168-1-16
168	1	17	Метрична книга церкви Святого Миколая, с. Плетений Ташлик Єлисаветградського повіту	1908-1909	метрична книга|народження|смерть|шлюб	3	ДАКрО-168-1-17
168	1	18	Метрична книга церкви Святого Миколая, с. Плетений Ташлик Єлисаветградського повіту	1912-1913	метрична книга|народження|смерть|шлюб	3	ДАКрО-168-1-18
168	1	19	Метрична книга церкви Святого Миколая, с. Плетений Ташлик Єлисаветградського повіту	1914-1917	метрична книга|народження|смерть|шлюб	3	ДАКрО-168-1-19
168	1	2	Метрична книга церкви Святого Миколая, с. Плетений Ташлик Єлисаветградського повіту	1839-1843	метрична книга|народження|смерть|шлюб	3	ДАКрО-168-1-2
168	1	20	Метрична книга церкви Святого Миколая, с. Плетений Ташлик Єлисаветградського повіту	1918-1918	метрична книга|народження|смерть|шлюб	3	ДАКрО-168-1-20
168	1	3	Метрична книга церкви Святого Миколая, с. Плетений Ташлик Єлисаветградського повіту	1844-1850	метрична книга|народження|смерть|шлюб	3	ДАКрО-168-1-3
168	1	4	Метрична книга церкви Святого Миколая, с. Плетений Ташлик Єлисаветградського повіту	1851-1852	метрична книга|народження|смерть|шлюб	3	ДАКрО-168-1-4
168	1	5	Метрична книга церкви Святого Миколая, с. Плетений Ташлик Єлисаветградського повіту	1852-1858	метрична книга|народження|смерть|шлюб	3	ДАКрО-168-1-5
168	1	6	Метрична книга церкви Святого Миколая, с. Плетений Ташлик Єлисаветградського повіту	1855-1857	метрична книга|народження|смерть|шлюб	3	ДАКрО-168-1-6
168	1	7	Метрична книга церкви Святого Миколая, с. Плетений Ташлик Єлисаветградського повіту	1858-1860	метрична книга|народження|смерть|шлюб	3	ДАКрО-168-1-7
168	1	8	Метрична книга церкви Святого Миколая, с. Плетений Ташлик Єлисаветградського повіту	1861-1863	метрична книга|народження|смерть|шлюб	3	ДАКрО-168-1-8
168	1	9	Метрична книга церкви Святого Миколая, с. Плетений Ташлик Єлисаветградського повіту	1875-1884	метрична книга|народження|смерть|шлюб	3	ДАКрО-168-1-9
1690	1	5	Метрична книга. Свято-Симеонівська церква, с. Миронівка Олександрійського пов. Миронів-ської вол.	1870-1875	метрична книга|смерть	0	ДАКрО-1690-1-5
170	1	1	Метрична книга церкви Преображення Господнього с. Аджамка Олександрійського повіту	1792-1825	метрична книга|смерть|шлюб	3	ДАКрО-170-1-1
170	1	10	Метрична книга церкви Преображення Господнього с. Аджамка Олександрійського повіту	1857-1859	метрична книга|народження|смерть|шлюб	3	ДАКрО-170-1-10
170	1	100	Метрична книга Покровської церкви с. Аджамка Олександрійського повіту	1870-1874	метрична книга|народження|смерть|шлюб	3	ДАКрО-170-1-100
170	1	101	Метрична книга Покровської церкви с. Аджамка Олександрійського повіту	1875-1878	метрична книга|народження|смерть|шлюб	3	ДАКрО-170-1-101
170	1	102	Метрична книга Покровської церкви с. Аджамка Олександрійського повіту. Народження, смерть	1875-1877	метрична книга|народження|смерть|шлюб	3	ДАКрО-170-1-102
170	1	103	Метрична книга Покровської церкви с. Аджамка Олександрійського повіту	1880-1883	метрична книга|народження|смерть|шлюб	3	ДАКрО-170-1-103
170	1	104	Метричні книги Покровської та Преображенської церков с. Аджамка Олександрійського повіту	1876-1877		3	ДАКрО-170-1-104
170	1	105	Метричні книги Покровської та Преображенської церков с. Аджамка Олександрійського повіту	1881-1882	метрична книга|народження|смерть|шлюб	3	ДАКрО-170-1-105
170	1	106	Метричні книги Покровської (1863) та Преображенської церков (1881-1883) с. Аджамка Олександрійського повіту	1863-1883	метрична книга|народження|смерть|шлюб	3	ДАКрО-170-1-106
170	1	107	Метричні книги Покровської та Преображенської церков с. Аджамка Олександрійського повіту	1883-1886	метрична книга|народження|смерть|шлюб	3	ДАКрО-170-1-107
170	1	108	Метричні книги Покровської та Преображенської церков с. Аджамка Олександрійського повіту	1887-1888	метрична книга|народження|смерть|шлюб	3	ДАКрО-170-1-108
170	1	109	Метричні книги Покровської та Преображенської церков с. Аджамка Олександрійського повіту	1894-1894	метрична книга|народження|смерть|шлюб	3	ДАКрО-170-1-109
170	1	11	Метрична книга церкви Преображення Господнього с. Аджамка Олександрійського повіту	1860-1863	метрична книга|народження|смерть|шлюб	3	ДАКрО-170-1-11
170	1	110	Метричні книги Покровської та Преображенської церков с. Аджамка Олександрійського повіту	1889-1889	метрична книга|народження|смерть|шлюб	3	ДАКрО-170-1-110
170	1	111	Метричні книги Покровської та Преображенської церков с. Аджамка Олександрійського повіту	1892-1893	метрична книга|народження|смерть|шлюб	3	ДАКрО-170-1-111
170	1	112	Метричні книги Покровської та Преображенської церков с. Аджамка Олександрійського повіту	1890-1891	метрична книга|народження|смерть|шлюб	3	ДАКрО-170-1-112
170	1	113	Метричні книги Покровської та Преображенської церков с. Аджамка Олександрійського повіту	1870-1889	метрична книга|смерть|шлюб	3	ДАКрО-170-1-113
170	1	114	Метричні книги Покровської та Преображенської церков с. Аджамка Олександрійського повіту	1895-1895	метрична книга|народження|смерть|шлюб	3	ДАКрО-170-1-114
170	1	115	Метричні книги Покровської церкви с. Аджамка Олександрійського повіту	1895-1898	метрична книга|народження|смерть|шлюб	3	ДАКрО-170-1-115
170	1	116	Метричні книги церкви Преображення Господнього с. Аджамка Олександрійського повіту	1895-1898	метрична книга|народження|смерть|шлюб	3	ДАКрО-170-1-116
170	1	117	Метричні книги Покровської (1897-1898 )та Преображенської (1896) церков с. Аджамка Олександрійського повіту	1896-1898	метрична книга|народження|смерть	3	ДАКрО-170-1-117
170	1	118	Метричні книги Покровської та Преображенської церков с. Аджамка Олександрійського повіту	1899-1899	метрична книга|народження|смерть|шлюб	3	ДАКрО-170-1-118
170	1	119	Метричні книги Покровської (1902) та Преображенської церков с. Аджамка Олександрійського повіту	1901-1903	метрична книга|народження|смерть|шлюб	3	ДАКрО-170-1-119
170	1	12	Формулярні списки та ревізькі казки священників церкви с. Аджамка Олександрійського повіту	1818-1836		3	ДАКрО-170-1-12
170	1	120	Метричні книги Покровської церкви с. Аджамка Олександрійського повіту	1901-1903	метрична книга|народження|смерть|шлюб	3	ДАКрО-170-1-120
170	1	121	Метричні книги Покровської та Преображенської церков с. Аджамка Олександрійського повіту	1902-1903	метрична книга|смерть|шлюб	3	ДАКрО-170-1-121
170	1	122	Метричні книги Покровської та Преображенської церков с. Аджамка Олександрійського повіту	1904-1905	метрична книга|народження|смерть|шлюб	3	ДАКрО-170-1-122
170	1	123	Метричні книги Покровської та Преображенської церков с. Аджамка Олександрійського повіту	1904-1905	метрична книга|народження|смерть|шлюб	3	ДАКрО-170-1-123
170	1	124	Метрична книга Покровської церкви с. Аджамка Олександрійського повіту	1905-1905		3	ДАКрО-170-1-124
170	1	125	Метрична книга церкви Преображення Господнього с. Аджамка Олександрійського повіту	1906-1906	метрична книга|народження|смерть|сповідальні відомості|шлюб	3	ДАКрО-170-1-125
170	1	126	Метричні книги Покровської та Преображенської церков с. Аджамка Олександрійського повіту	1906-1908	метрична книга|народження	3	ДАКрО-170-1-126
170	1	127	Метрична книга Покровської церкви с. Аджамка Олександрійського повіту	1907-1907	метрична книга|народження|смерть|сповідальні відомості|шлюб	3	ДАКрО-170-1-127
170	1	128	Метрична книга Покровської церкви с. Аджамка Олександрійського повіту	1908-1909	метрична книга|народження|смерть|сповідальні відомості|шлюб	3	ДАКрО-170-1-128
170	1	129	Метрична книга церкви Преображення Господнього с. Аджамка Олександрійського повіту	1910-1912	метрична книга|народження|смерть|сповідальні відомості	3	ДАКрО-170-1-129
170	1	13	Формулярні списки священників церкви с. Аджамка Олександрійського повіту	1840-1852	метрична книга|народження	3	ДАКрО-170-1-13
170	1	130	Метрична книга Покровської церкви с. Аджамка Олександрійського повіту	1911-1911	метрична книга|народження|смерть|сповідальні відомості|шлюб	3	ДАКрО-170-1-130
170	1	131	Метрична книга Покровської церкви с. Аджамка Олександрійського повіту	1912-1912	метрична книга|народження|смерть|сповідальні відомості|шлюб	3	ДАКрО-170-1-131
170	1	132	Метрична книга Покровської церкви с. Аджамка Олександрійського повіту	1913-1914	метрична книга|народження|смерть|сповідальні відомості|шлюб	3	ДАКрО-170-1-132
170	1	133	Метрична книга церкви Преображення Господнього с. Аджамка Олександрійського повіту	1911-1914	метрична книга|смерть|шлюб	3	ДАКрО-170-1-133
170	1	134	Метричні книги Покровської та Преображенської церков с. Аджамка Олександрійського повіту. Народження, смерть. Фрагменти	1916-1916	метрична книга|народження|смерть	3	ДАКрО-170-1-134
170	1	135	Метричні книги Покровської та Преображенської церков с. Аджамка Олександрійського повіту	1917-1918	метрична книга|народження|шлюб	3	ДАКрО-170-1-135
170	1	136	Метричні книги Покровської та Преображенської церков с. Аджамка Олександрійського повіту	1917-1918	метрична книга|народження|смерть|сповідальні відомості|шлюб	3	ДАКрО-170-1-136
170	1	137	Метричні книги Покровської та Преображенської церков с. Аджамка Олександрійського повіту	1919-1921	метрична книга|народження|шлюб	3	ДАКрО-170-1-137
170	1	14	Формулярні списки священників церкви с. Аджамка Олександрійського повіту	1852-1859		3	ДАКрО-170-1-14
170	1	15	Книга запису указів с. Аджамка Олександрійського повіту	1833-1839		3	ДАКрО-170-1-15
170	1	16	Книга запису указів с. Аджамка Олександрійського повіту	1820-1831		3	ДАКрО-170-1-16
170	1	17	Книга запису указів с. Аджамка Олександрійського повіту	1839-1839,1850-1857		3	ДАКрО-170-1-17
170	1	18	Книга запису передшлюбних обшуків церкви Преображення Господнього с. Аджамка Олександрійського повіту	1844-1851		3	ДАКрО-170-1-18
170	1	19	Книга запису передшлюбних обшуків церкви Преображення Господнього с. Аджамка Олександрійського повіту	1851-1859	метрична книга|шлюбні обшуки	3	ДАКрО-170-1-19
170	1	2	Метрична книга церкви Преображення Господнього с. Аджамка Олександрійського повіту	1825-1834	метрична книга|народження|шлюб	3	ДАКрО-170-1-2
170	1	20	Книга запису передшлюбних обшуків церкви Преображення Господнього с. Аджамка Олександрійського повіту	1883-1890		3	ДАКрО-170-1-20
170	1	21	Метрична книга Свято-Покровської церкви с. Аджамка Олександрійського повіту	1825-1834	метрична книга|народження|смерть|шлюб	3	ДАКрО-170-1-21
170	1	22	Метрична книга Свято-Покровської церкви с. Аджамка Олександрійського повіту	1835-1840	метрична книга|народження|смерть|шлюб	3	ДАКрО-170-1-22
170	1	23	Метрична книга Свято-Покровської церкви с. Аджамка Олександрійського повіту	1841-1844	метрична книга|народження|смерть|шлюб	3	ДАКрО-170-1-23
170	1	24	Метрична книга Свято-Покровської церкви с. Аджамка Олександрійського повіту	1845-1846	метрична книга|народження|смерть|шлюб	3	ДАКрО-170-1-24
170	1	25	Метрична книга Свято-Покровської церкви с. Аджамка Олександрійського повіту	1847-1848	метрична книга|народження|смерть	3	ДАКрО-170-1-25
170	1	26	Метрична книга Свято-Покровської церкви с. Аджамка Олександрійського повіту	1849-1849	метрична книга|народження|смерть|шлюб	3	ДАКрО-170-1-26
170	1	27	Метрична книга Свято-Покровської церкви с. Аджамка Олександрійського повіту	1851-1953	метрична книга|народження|смерть|шлюб	3	ДАКрО-170-1-27
170	1	28	Метрична книга Свято-Покровської церкви с. Аджамка Олександрійського повіту	1854-1856	метрична книга|народження|смерть|шлюб	3	ДАКрО-170-1-28
170	1	29	Метрична книга Свято-Покровської церкви с. Аджамка Олександрійського повіту	1857-1859	метрична книга|народження|смерть|шлюб	3	ДАКрО-170-1-29
170	1	3	Метрична книга церкви Преображення Господнього с. Аджамка Олександрійського повіту	1834-1840	метрична книга|народження|смерть|шлюб	3	ДАКрО-170-1-3
170	1	30	Метрична книга Свято-Покровської церкви с. Аджамка Олександрійського повіту	1860-1862	метрична книга|народження|смерть|шлюб	3	ДАКрО-170-1-30
170	1	31	Книга запису вхідної кореспонденції щодо порядку та благоустрою с. Аджамка Олександрійського повіту	1828-1832		3	ДАКрО-170-1-31
170	1	32	Книга запису вхідної кореспонденції щодо порядку та благоустрою с. Аджамка Олександрійського повіту	1841-1845		3	ДАКрО-170-1-32
170	1	33	Книга запису вхідної кореспонденції щодо порядку та благоустрою с. Аджамка Олександрійського повіту	1835-1841		3	ДАКрО-170-1-33
170	1	34	Книга запису вхідної кореспонденції щодо порядку та благоустрою с. Аджамка Олександрійського повіту	1846-1946		3	ДАКрО-170-1-34
170	1	35	Книга запису указних справ с. Аджамка Олександрійського повіту	1853-1887		3	ДАКрО-170-1-35
170	1	36	Книга запису указних справ с. Аджамка Олександрійського повіту	1856-1875		3	ДАКрО-170-1-36
170	1	37	Формулярні списки та ревізькі казки священників церкви с. Аджамка Олександрійського повіту	1822-1842		3	ДАКрО-170-1-37
170	1	38	Формулярні списки та ревізькі казки священників церкви с. Аджамка Олександрійського повіту	1844-1869		3	ДАКрО-170-1-38
170	1	39	Формулярні списки священників церкви с. Аджамка Олександрійського повіту	1870-1883		3	ДАКрО-170-1-39
170	1	4	Метричні книги Православних церков Військове поселення	1840-1843	метрична книга|народження|смерть|шлюб	2	ДАКрО-170-1-4
170	1	40	Книга передшлюбних обшуків Покровської церкви с. Аджамка Олександрійського повіту	1840-1846	метрична книга|сповідальні відомості	3	ДАКрО-170-1-40
170	1	41	Книга передшлюбних обшуків Покровської церкви с. Аджамка Олександрійського повіту	1847-1851	метрична книга|сповідальні відомості	3	ДАКрО-170-1-41
170	1	411	Метрична книга. Церква Покрови Пресвятої Богородиці, с. Аджамка Олександрійського пов.Аджамської вол.	1883-1883	метрична книга|народження	0	ДАКрО-170-1-411
170	1	42	Книга передшлюбних обшуків Покровської церкви с. Аджамка Олександрійського повіту	1866-1867	метрична книга|сповідальні відомості	3	ДАКрО-170-1-42
170	1	43	Книга передшлюбних обшуків Покровської церкви с. Аджамка Олександрійського повіту	1868-1878	метрична книга|сповідальні відомості	3	ДАКрО-170-1-43
170	1	44	Брачные обыски Покровской церкви местечка Аджамки Александрийского уезда	1878-1883	метрична книга|сповідальні відомості	3	ДАКрО-170-1-44
170	1	45	Книга передшлюбних обшуків Покровської церкви с. Аджамка Олександрійського повіту	1892-1892,1893-1898	метрична книга|сповідальні відомості	3	ДАКрО-170-1-45
170	1	46	Книга передшлюбних обшуків Покровської церкви с. Аджамка Олександрійського повіту	1898-1903	метрична книга|сповідальні відомості	3	ДАКрО-170-1-46
170	1	47	Книга передшлюбних обшуків Покровської церкви с. Аджамка Олександрійського повіту	1906-1909	метрична книга|сповідальні відомості	3	ДАКрО-170-1-47
170	1	48	Книга передшлюбних обшуків Покровської церкви с. Аджамка Олександрійського повіту	1909-1912	метрична книга|сповідальні відомості	3	ДАКрО-170-1-48
170	1	49	Книга передшлюбних обшуків Покровської церкви с. Аджамка Олександрійського повіту	1912-1918	метрична книга|сповідальні відомості	3	ДАКрО-170-1-49
170	1	4А				0	ДАКрО-170-1-4А
170	1	5	Метрична книга церкви Преображення Господнього с. Аджамка Олександрійського повіту	1843-1844	метрична книга|народження|смерть|шлюб	3	ДАКрО-170-1-5
170	1	50	Сповідальні розписи Покровської церкви с. Аджамка Олександрійського повіту	1800-1814	метрична книга|сповідальні відомості	3	ДАКрО-170-1-50
170	1	51	Сповідальні розписи та формулярні списки священників Покровської церкви с. Аджамка Олександрійського повіту	1809-1831	метрична книга|сповідальні відомості	3	ДАКрО-170-1-51
170	1	52	Сповідальні розписи Покровської церкви с. Аджамка Олександрійського повіту	1832-1842	метрична книга|сповідальні відомості	3	ДАКрО-170-1-52
170	1	53	Сповідальні розписи Покровської церкви с. Аджамка Олександрійського повіту	1843-1852	метрична книга|сповідальні відомості	3	ДАКрО-170-1-53
170	1	54	Сповідальні розписи Покровської церкви с. Аджамка Олександрійського повіту	1853-1857	метрична книга|сповідальні відомості	3	ДАКрО-170-1-54
170	1	55	Сповідальні розписи Покровської церкви с. Аджамка Олександрійського повіту	1858-1864	метрична книга|сповідальні відомості	3	ДАКрО-170-1-55
170	1	56	Сповідальні розписи Покровської церкви с. Аджамка Олександрійського повіту	1865-1869	метрична книга|сповідальні відомості	3	ДАКрО-170-1-56
170	1	57	Сповідальні розписи Покровської церкви с. Аджамка Олександрійського повіту	1870-1873	метрична книга|сповідальні відомості	3	ДАКрО-170-1-57
170	1	58	Сповідальні розписи Покровської церкви с. Аджамка Олександрійського повіту	1887-1889	метрична книга|сповідальні відомості	3	ДАКрО-170-1-58
170	1	59	Сповідальні розписи Покровської церкви с. Аджамка Олександрійського повіту	1890-1891	метрична книга|сповідальні відомості	3	ДАКрО-170-1-59
170	1	6	Метрична книга церкви Преображення Господнього с. Аджамка Олександрійського повіту	1844-1847	метрична книга|народження|смерть|шлюб	3	ДАКрО-170-1-6
170	1	60	Сповідальні розписи Покровської церкви с. Аджамка Олександрійського повіту	1898-1898	метрична книга|сповідальні відомості	3	ДАКрО-170-1-60
170	1	61	Сповідальні розписи Покровської церкви с. Аджамка Олександрійського повіту	1900-1900	метрична книга|сповідальні відомості	3	ДАКрО-170-1-61
170	1	62	Сповідальні розписи Покровської церкви с. Аджамка Олександрійського повіту	1901-1901	метрична книга|сповідальні відомості	3	ДАКрО-170-1-62
170	1	63	Сповідальні розписи Покровської церкви с. Аджамка Олександрійського повіту	1903-1903	метрична книга|сповідальні відомості	3	ДАКрО-170-1-63
170	1	64	Сповідальні розписи Покровської церкви с. Аджамка Олександрійського повіту	1904-1904	метрична книга|сповідальні відомості	3	ДАКрО-170-1-64
170	1	65	Сповідальні розписи Покровської церкви с. Аджамка Олександрійського повіту	1905-1905	метрична книга|сповідальні відомості	3	ДАКрО-170-1-65
170	1	66	Сповідальні розписи Покровської церкви с. Аджамка Олександрійського повіту	1906-1906	метрична книга|сповідальні відомості	3	ДАКрО-170-1-66
170	1	67	Сповідальні розписи Покровської церкви с. Аджамка Олександрійського повіту	1917-1917	метрична книга|сповідальні відомості	3	ДАКрО-170-1-67
170	1	68	Сповідальні розписи Покровської церкви с. Аджамка Олександрійського повіту	1918-1918	метрична книга|сповідальні відомості	3	ДАКрО-170-1-68
170	1	69	Книга запису видатків Покровської церкви с. Аджамка Олександрійського повіту	1809-1822		3	ДАКрО-170-1-69
170	1	7	Метрична книга церкви Преображення Господнього с. Аджамка Олександрійського повіту	1847-1850	метрична книга|народження|смерть|шлюб	3	ДАКрО-170-1-7
170	1	70	Книга запису видатків Покровської церкви с. Аджамка Олександрійського повіту	1809-1823		3	ДАКрО-170-1-70
170	1	71	Книга запису надходжень та видатків Покровської церкви с. Аджамка Олександрійського повіту	1827-1829		3	ДАКрО-170-1-71
170	1	72	Книга запису надходжень та видатків Покровської церкви с. Аджамка Олександрійського повіту	1833-1836		3	ДАКрО-170-1-72
170	1	73	Книга запису надходжень та видатків Покровської церкви с. Аджамка Олександрійського повіту	1836-1839		3	ДАКрО-170-1-73
170	1	74	Книга запису надходжень та видатків Покровської церкви с. Аджамка Олександрійського повіту	1839-1842		2	ДАКрО-170-1-74
170	1	75	Книга запису надходжень та видатків Покровської церкви с. Аджамка Олександрійського повіту	1848-1855		3	ДАКрО-170-1-75
170	1	76	Книга запису надходжень та видатків Покровської церкви с. Аджамка Олександрійського повіту	1855-1863,1885-1885		3	ДАКрО-170-1-76
170	1	77	Книга запису надходжень та видатків Покровської церкви с. Аджамка Олександрійського повіту	1864-1876		3	ДАКрО-170-1-77
170	1	78	Книга запису надходжень та видатків Покровської церкви с. Аджамка Олександрійського повіту	1864-1876		3	ДАКрО-170-1-78
170	1	79	Книга запису надходжень та видатків Покровської церкви с. Аджамка Олександрійського повіту	1883-1890		3	ДАКрО-170-1-79
170	1	8	Метрична книга церкви Преображення Господнього с. Аджамка Олександрійського повіту	1850-1854	метрична книга|народження|смерть|шлюб	3	ДАКрО-170-1-8
170	1	80	Книга запису надходжень та видатків Покровської церкви с. Аджамка Олександрійського повіту	1888-1888,1889-1891		3	ДАКрО-170-1-80
170	1	81	Книга запису надходжень та видатків Покровської церкви с. Аджамка Олександрійського повіту	1891-1894		3	ДАКрО-170-1-81
170	1	82	Книга запису надходжень та видатків Покровської церкви с. Аджамка Олександрійського повіту	1904-1918		3	ДАКрО-170-1-82
170	1	83	Відомості Покровської церкви с. Аджамка Олександрійського повіту	1918-1918		3	ДАКрО-170-1-83
170	1	84	Книга запису бесід та навчань Покровської церкви с. Аджамка Олександрійського повіту	1896-1904		3	ДАКрО-170-1-84
170	1	85	Книга запису указів Покровської церкви с. Аджамка Олександрійського повіту	1788-1831	метрична книга|сповідальні відомості	3	ДАКрО-170-1-85
170	1	86	Книга запису указів Покровської церкви с. Аджамка Олександрійського повіту	1832-1833		3	ДАКрО-170-1-86
170	1	87	Книга запису указів Покровської церкви с. Аджамка Олександрійського повіту	1832-1832,1918-1920		3	ДАКрО-170-1-87
170	1	88	Книга запису передшлюбних обшуків Покровської церкви с. Аджамка Олександрійського повіту	1778-1848,1918-1918	метрична книга|сповідальні відомості	3	ДАКрО-170-1-88
170	1	89	Книга запису передшлюбних обшуків та переписка з очільником Покровської церкви с. Аджамка Олександрійського повіту	1891-1919	метрична книга|сповідальні відомості	3	ДАКрО-170-1-89
170	1	9	Метрична книга церкви Преображення Господнього с. Аджамка Олександрійського повіту	1854-1859	метрична книга|народження|смерть|шлюб	3	ДАКрО-170-1-9
170	1	90	Книга запису передшлюбних обшуків Покровської церкви с. Аджамка Олександрійського повіту	1825-1825		3	ДАКрО-170-1-90
170	1	91	Книга запису передшлюбних обшуків Покровської церкви с. Аджамка Олександрійського повіту	1852-1852	метрична книга|сповідальні відомості	3	ДАКрО-170-1-91
170	1	92	Книга запису передшлюбних обшуків Покровської церкви с. Аджамка Олександрійського повіту	1859-1865	метрична книга|сповідальні відомості	3	ДАКрО-170-1-92
170	1	93	Сповідальні розписи Покровської церкви с. Аджамка Олександрійського повіту	1874-1876		3	ДАКрО-170-1-93
170	1	94	Сповідальні розписи Покровської церкви с. Аджамка Олександрійського повіту	1877-1879		3	ДАКрО-170-1-94
170	1	95	Книга запису передшлюбних обшуків Покровської церкви с. Аджамка Олександрійського повіту	1880-1882		3	ДАКрО-170-1-95
170	1	96	Книга запису передшлюбних обшуків Покровської церкви с. Аджамка Олександрійського повіту	1918-1918		3	ДАКрО-170-1-96
170	1	97	Книга запису указів Покровської церкви с. Аджамка Олександрійського повіту	1909-1909		3	ДАКрО-170-1-97
170	1	98	Книга запису передшлюбних обшуків Покровської церкви с. Аджамка Олександрійського повіту	1882-1888		3	ДАКрО-170-1-98
170	1	99	Книга запису передшлюбних обшуків Покровської церкви с. Аджамка Олександрійського повіту	1921-1921	метрична книга|сповідальні відомості	3	ДАКрО-170-1-99
170	1103	105	Метрична книга. Церква Покрови Пресвятої Богородиці, с. Аджамка Олександрійського пов.Аджамської вол.	1881-1882	метрична книга|шлюб	0	ДАКрО-170-1103-105
1708	1	2	Метрична книга. Церква Архангела Михаїла, с. Глинськ Олександрійського пов. Глинської вол.	1886-1886	метрична книга|народження	0	ДАКрО-1708-1-2
171	1	1	Church boards and churches, Kropyvnytsky	1780-1808	метрична книга|народження|смерть|шлюб	2	ДАКрО-171-1-1
171	1	10	Метричні книги Православних церков	1861-1861	метрична книга|народження|смерть|шлюб	2	ДАКрО-171-1-10
171	1	11	Church boards and churches, Kropyvnytsky	1840-1840	метрична книга|шлюбні обшуки	2	ДАКрО-171-1-11
171	1	12	Church boards and churches, Kropyvnytsky	1818-1836	метрична книга|шлюбні обшуки	2	ДАКрО-171-1-12
171	1	13	Церковні документи	1864-1874		2	ДАКрО-171-1-13
171	1	132				0	ДАКрО-171-1-132
171	1	14	Церковні документи	1838-1880		2	ДАКрО-171-1-14
171	1	15	Church boards and churches, Kropyvnytsky	1809-1841		2	ДАКрО-171-1-15
171	1	16	Church boards and churches, Kropyvnytsky	1809-1837		2	ДАКрО-171-1-16
171	1	17	Church boards and churches, Kropyvnytsky	1841-1841		2	ДАКрО-171-1-17
171	1	18	Church boards and churches, Kropyvnytsky	1859-1872		2	ДАКрО-171-1-18
171	1	19	Church boards and churches, Kropyvnytsky	1875-1878		2	ДАКрО-171-1-19
171	1	1А	Метричні книги Православних церков	1810-1837	метрична книга|народження|смерть|шлюб	2	ДАКрО-171-1-1А
171	1	2	Church boards and churches, Kropyvnytsky	1794-1846	метрична книга|народження|смерть|шлюб	2	ДАКрО-171-1-2
171	1	20	Церковні документи	1807-1876		2	ДАКрО-171-1-20
171	1	21	Church boards and churches, Kropyvnytsky	1833-1846		2	ДАКрО-171-1-21
171	1	22	Church boards and churches, Kropyvnytsky	1844-1867		2	ДАКрО-171-1-22
171	1	23	Метричні книги Православних церков	1875-1879	метрична книга|народження|смерть|шлюб	2	ДАКрО-171-1-23
171	1	24	Метричні книги Православних церков	1881-1885	метрична книга|народження|смерть|шлюб	2	ДАКрО-171-1-24
171	1	25	Метричні книги Православних церков	1887-1899	метрична книга|народження|смерть|шлюб	2	ДАКрО-171-1-25
171	1	26	Метричні книги Православних церков	1890-1892	метрична книга|народження|смерть|шлюб	2	ДАКрО-171-1-26
171	1	27	Метричні книги Православних церков	1901-1905	метрична книга|народження|смерть|шлюб	2	ДАКрО-171-1-27
171	1	28	Church boards and churches, Kropyvnytsky	1913-1927	метрична книга|шлюбні обшуки	2	ДАКрО-171-1-28
171	1	29	Church boards and churches, Kropyvnytsky	1902-1928	метрична книга|шлюбні обшуки	2	ДАКрО-171-1-29
171	1	3	Метричні книги Православних церков	1847-1847	метрична книга|народження|смерть|шлюб	2	ДАКрО-171-1-3
171	1	30	Church boards and churches, Kropyvnytsky	1898-1929		2	ДАКрО-171-1-30
171	1	31	Метричні книги Православних церков	1911-1915	метрична книга|народження|смерть|шлюб	2	ДАКрО-171-1-31
171	1	32	Метричні книги Православних церков	1916-1920	метрична книга|народження|смерть|шлюб	2	ДАКрО-171-1-32
171	1	6	Метричні книги Православних церков	1891-1895		1	ДАКрО-171-1-6
171	1	9	Church boards and churches, Kropyvnytsky	1827-1827	метрична книга|народження|смерть|шлюб	2	ДАКрО-171-1-9
172	1	1	Метричні книги Православних церков	1805-1813	метрична книга|народження|смерть|шлюб	1	ДАКрО-172-1-1
172	1	10	Метричні книги Православних церков	1861-1863	метрична книга|народження|смерть|шлюб	1	ДАКрО-172-1-10
172	1	11	Church boards and churches, Kropyvnytsky	1917-1929		1	ДАКрО-172-1-11
172	1	12	Церковні документи	1872-1874	метрична книга|сповідальні відомості	1	ДАКрО-172-1-12
172	1	13	Церковні документи	1840-1850		1	ДАКрО-172-1-13
172	1	14	Church boards and churches, Kropyvnytsky	1830-1839		1	ДАКрО-172-1-14
172	1	15	Church boards and churches, Kropyvnytsky	1853-1854		1	ДАКрО-172-1-15
172	1	16	Церковні документи	1842-1848	метрична книга|сповідальні відомості	1	ДАКрО-172-1-16
172	1	17	Church boards and churches, Kropyvnytsky	1849-1853	метрична книга|сповідальні відомості	1	ДАКрО-172-1-17
172	1	18	Церковні документи	1860-1868	метрична книга|сповідальні відомості	1	ДАКрО-172-1-18
172	1	19	Church boards and churches, Kropyvnytsky	1885-1885	метрична книга|сповідальні відомості	1	ДАКрО-172-1-19
172	1	2	Метричні книги Православних церков Військові поселення	1825-1833	метрична книга|народження|смерть|шлюб	1	ДАКрО-172-1-2
172	1	20	Церковні документи	1888-1890	метрична книга|сповідальні відомості	1	ДАКрО-172-1-20
172	1	21	Церковні документи	1830-1832		1	ДАКрО-172-1-21
172	1	22	Church boards and churches, Kropyvnytsky	1833-1836		1	ДАКрО-172-1-22
172	1	23	Церковні документи	1864-1871		1	ДАКрО-172-1-23
172	1	24	Church boards and churches, Kropyvnytsky	1903-1928		1	ДАКрО-172-1-24
172	1	25	Church boards and churches, Kropyvnytsky	1926-1926	метрична книга|народження|смерть	1	ДАКрО-172-1-25
172	1	26	Church boards and churches, Kropyvnytsky	1792-1821		1	ДАКрО-172-1-26
172	1	26А	Метричні книги Православних церков	1864-1868	метрична книга|народження|смерть|шлюб	1	ДАКрО-172-1-26А
172	1	26Б	Метричні книги Православних церков	1872-1874	метрична книга|народження|смерть|шлюб	1	ДАКрО-172-1-26Б
172	1	27	Метричні книги Православних церков	1876-1877	метрична книга|народження|смерть|шлюб	1	ДАКрО-172-1-27
172	1	28	Метричні книги Православних церков	1883-1883	метрична книга|народження|смерть|шлюб	1	ДАКрО-172-1-28
172	1	29	Метричні книги Православних церков	1881-1885	метрична книга|народження|смерть|шлюб	1	ДАКрО-172-1-29
172	1	3	Метричні книги Православних церков Військові поселення	1834-1839	метрична книга|народження|смерть|шлюб	1	ДАКрО-172-1-3
172	1	30	Метричні книги Православних церков	1886-1889	метрична книга|народження|смерть|шлюб	1	ДАКрО-172-1-30
172	1	31	Метричні книги Православних церков	1891-1893	метрична книга|народження|смерть|шлюб	1	ДАКрО-172-1-31
172	1	32	Метричні книги Православних церков	1894-1896	метрична книга|народження|смерть|шлюб	1	ДАКрО-172-1-32
172	1	33	Church boards and churches, Kropyvnytsky	1897-1899	метрична книга|народження|смерть|шлюб	1	ДАКрО-172-1-33
172	1	34	Метричні книги Православних церков	1900-1902	метрична книга|народження|смерть|шлюб	1	ДАКрО-172-1-34
172	1	35	Метричні книги Православних церков	1904-1906	метрична книга|шлюб	1	ДАКрО-172-1-35
172	1	36	Метричні книги Православних церков	1907-1912	метрична книга|народження|смерть|шлюб	1	ДАКрО-172-1-36
172	1	37	Метричні книги Православних церков	1916-1917	метрична книга|народження|смерть|шлюб	1	ДАКрО-172-1-37
172	1	4	Метричні книги Православних церков	1840-1844	метрична книга|народження|смерть|шлюб	1	ДАКрО-172-1-4
172	1	5	Метричні книги Православних церков	1845-1846	метрична книга|народження|смерть|шлюб	1	ДАКрО-172-1-5
172	1	6	Метричні книги Православних церков	1847-1849	метрична книга|народження|смерть|шлюб	1	ДАКрО-172-1-6
172	1	7	Метричні книги Православних церков Військові поселення	1850-1852	метрична книга|народження|смерть|шлюб	1	ДАКрО-172-1-7
172	1	8	Метричні книги Православних церков Військові поселення	1853-1854	метрична книга|народження|смерть|шлюб	1	ДАКрО-172-1-8
172	1	9	Метричні книги Православних церков Військові поселення	1855-1856	метрична книга|народження|смерть|шлюб	1	ДАКрО-172-1-9
172	1	9А	Метричні книги Православних церков	1857-1860	метрична книга|народження|смерть|шлюб	1	ДАКрО-172-1-9А
172	172	1	Метрична книга реєстрації актів про народження, шлюб та смерть, 1805-1814рр., 1805-1814, 1 арк.			1	ДАКрО-172-172-1
172	172	10	Метрична книга реєстрації актів про народження, шлюб та смерть, 1861-1863рр., 1861-1863, 238 арк.			1	ДАКрО-172-172-10
172	172	11	Протоколи зборів членів православної общини, 1919р., 1919-1919, 1 арк.			1	ДАКрО-172-172-11
172	172	12	Книга шлюбних обшуків, 1842р., 1842-1842, 169 арк.			1	ДАКрО-172-172-12
172	172	13	Книга шлюбних обшуків, 1840-1850рр., 1840-1850, 1 арк.			1	ДАКрО-172-172-13
172	172	14	Формулярні списки, ревізькі казки, 1830-1839рр., 1830-1839, 1 арк.			1	ДАКрО-172-172-14
172	172	15	Формулярні списки, ревізькі казки, 1848-1853рр., 1848-1853, 1 арк.			1	ДАКрО-172-172-15
172	172	16	Сповідальні відомості, 1842-1848рр., 1842-1848, 228 арк.			1	ДАКрО-172-172-16
172	172	17	Сповідальні відомості, 1849-1853рр., 1849-1853, 1 арк.			1	ДАКрО-172-172-17
172	172	18	Сповідальні відомості, 1860-1868рр., 1860-1868, 1 арк.			1	ДАКрО-172-172-18
172	172	19	Сповідальні відомості, 1885р., 1885-1885, 1 арк.			1	ДАКрО-172-172-19
172	172	2	Метрична книга реєстрації актів про народження, шлюб та смерть, 1825-1833рр., 1825-1833, 142 арк.			1	ДАКрО-172-172-2
172	172	20	Сповідальні відомості, 1888-1890рр., 1888-1890, 42 арк.			1	ДАКрО-172-172-20
172	172	21	Книга обліку надходження та витрат церковних коштів, 1830-1832рр., 1830-1832, 35 арк.			1	ДАКрО-172-172-21
172	172	22	Книга обліку надходження та витрат церковних коштів, 1833-1836рр., 1833-1836, 34 арк.			1	ДАКрО-172-172-22
172	172	23	Книга обліку надходження та витрат церковних коштів, 1864-1871рр., 1864-1871, 50 арк.			1	ДАКрО-172-172-23
172	172	24	Книга обліку надходження та витрат церковних коштів, 1903-1906, 1925-1928рр., 1903-1928, 1 арк.			1	ДАКрО-172-172-24
172	172	25	Книга обліку витрат церковних коштів, 1926-1930рр., 1926-1930, 39 арк.			1	ДАКрО-172-172-25
172	172	26	Книга указів, 1792-1832рр., 1792-1832, 250 арк.			1	ДАКрО-172-172-26
172	172	26А	Метрична книга реєстрації актів про народження, шлюб та смерть, 1864-1868рр., 1864-1868, 255 арк.			1	ДАКрО-172-172-26А
172	172	26Б	Метрична книга реєстрації актів про народження, шлюб та смерть, 1872-1874рр., 1872-1874, 264 арк.			1	ДАКрО-172-172-26Б
172	172	27	Метрична книга реєстрації актів про народження, шлюб та смерть, 1876-1877рр., 04.01.1876-31.12.1877, 96 арк.			1	ДАКрО-172-172-27
172	172	28	Метрична книга реєстрації актів про народження, шлюб та смерть, 1883р., 01.01.1883-29.12.1883, 75 арк.			1	ДАКрО-172-172-28
172	172	29	Метрична книга реєстрації актів про народження, шлюб та смерть, 1881-1885рр., 09.01.1881-30.12.1885, 225 арк.			1	ДАКрО-172-172-29
172	172	3	Метрична книга реєстрації актів про народження, шлюб та смерть, 1834-1839рр., 1834-1839, 130 арк.			1	ДАКрО-172-172-3
172	172	30	Метрична книга реєстрації актів про народження, шлюб та смерть, 1886-1889рр., 02.01.1886-30.12.1889, 233 арк.			1	ДАКрО-172-172-30
172	172	31	Метрична книга реєстрації актів про народження, шлюб та смерть, 1891-1893рр., 02.01.1891-12.10.1893, 234 арк.			1	ДАКрО-172-172-31
172	172	32	Метрична книга реєстрації актів про народження, шлюб та смерть, 1894-1896рр., 02.01.1894-17.01.1896, 233 арк.			1	ДАКрО-172-172-32
172	172	33	Метрична книга реєстрації актів про народження, шлюб та смерть, 1897-1899рр., 01.01.1897-28.12.1899, 175 арк.			1	ДАКрО-172-172-33
172	172	34	Метрична книга реєстрації актів про народження, шлюб та смерть, 1900-1902рр., 04.01.1900-28.12.1902, 258 арк.			1	ДАКрО-172-172-34
172	172	35	Метрична книга реєстрації актів про народження, шлюб та смерть, 1904-1906рр., 01.01.1904-31.12.1906, 276 арк.			1	ДАКрО-172-172-35
172	172	36	Метрична книга реєстрації актів про народження, шлюб та смерть, 1907-1912рр., 07.01.1907-31.12.1912, 379 арк.			1	ДАКрО-172-172-36
172	172	37	Метрична книга реєстрації актів про народження, шлюб та смерть, 1916-1917рр., 01.01.1916-30.11.1917, 135 арк.			1	ДАКрО-172-172-37
172	172	4	Метрична книга реєстрації актів про народження, шлюб та смерть, 1840-1844рр., 1840-1844, 236 арк.			1	ДАКрО-172-172-4
172	172	5	Метрична книга реєстрації актів про народження, шлюб та смерть, 1845-1846рр., 1845-1846, 91 арк.			1	ДАКрО-172-172-5
172	172	6	Метрична книга реєстрації актів про народження, шлюб та смерть, 1847-1849рр., 1847-1849, 137 арк.			1	ДАКрО-172-172-6
172	172	7	Метрична книга реєстрації актів про народження, шлюб та смерть, 1850-1852рр., 1850-1852, 132 арк.			1	ДАКрО-172-172-7
172	172	8	Метрична книга реєстрації актів про народження, шлюб та смерть, 1853-1854рр., 1853-1854, 88 арк.			1	ДАКрО-172-172-8
172	172	9	Метрична книга реєстрації актів про народження, шлюб та смерть, 1855-1856рр., 1855-1856, 137 арк.			1	ДАКрО-172-172-9
172	172	9А	Метрична книга реєстрації актів про народження, шлюб та смерть, 1857-1860рр., 1857-1860, 165 арк.			1	ДАКрО-172-172-9А
173	1	1	Church boards and churches, Kropyvnytsky	1911-1911	метрична книга|сповідальні відомості	2	ДАКрО-173-1-1
177	1	10	Church boards and churches, Kropyvnytsky	1892-1894		2	ДАКрО-177-1-10
177	1	11	Church boards and churches, Kropyvnytsky	1898-1900		2	ДАКрО-177-1-11
177	1	12	Church boards and churches, Kropyvnytsky	1901-1903		2	ДАКрО-177-1-12
177	1	13	Church boards and churches, Kropyvnytsky	1913-1915		2	ДАКрО-177-1-13
177	1	14	Church boards and churches, Kropyvnytsky	1916-1918		2	ДАКрО-177-1-14
177	1	15	Church boards and churches, Kropyvnytsky	1880-1882		2	ДАКрО-177-1-15
177	1	16	Church boards and churches, Kropyvnytsky	1885-1888		2	ДАКрО-177-1-16
177	1	17	Church boards and churches, Kropyvnytsky	1892-1894		2	ДАКрО-177-1-17
177	1	18	Church boards and churches, Kropyvnytsky	1898-1900		2	ДАКрО-177-1-18
177	1	19	Church boards and churches, Kropyvnytsky	1904-1906		2	ДАКрО-177-1-19
177	1	2	Church boards and churches, Kropyvnytsky	1808-1825	метрична книга|народження|смерть|шлюб	2	ДАКрО-177-1-2
177	1	20	Church boards and churches, Kropyvnytsky	1907-1909		2	ДАКрО-177-1-20
177	1	21	Church boards and churches, Kropyvnytsky	1910-1912		2	ДАКрО-177-1-21
177	1	22	Church boards and churches, Kropyvnytsky	1913-1915		2	ДАКрО-177-1-22
177	1	23	Church boards and churches, Kropyvnytsky	1916-1918		2	ДАКрО-177-1-23
177	1	24	Church boards and churches, Kropyvnytsky	1881-1911		2	ДАКрО-177-1-24
177	1	25	Church boards and churches, Kropyvnytsky	1879-1879		2	ДАКрО-177-1-25
177	1	26	Church boards and churches, Kropyvnytsky	1907-1909		2	ДАКрО-177-1-26
177	1	27	Church boards and churches, Kropyvnytsky	1910-1912		2	ДАКрО-177-1-27
177	1	28	Church boards and churches, Kropyvnytsky	1809-1823		2	ДАКрО-177-1-28
177	1	29	Church boards and churches, Kropyvnytsky	1889-1891		2	ДАКрО-177-1-29
177	1	3	Church boards and churches, Kropyvnytsky	1880-1885	метрична книга|сповідальні відомості	2	ДАКрО-177-1-3
177	1	30	Church boards and churches, Kropyvnytsky	1894-1897		2	ДАКрО-177-1-30
177	1	31	Church boards and churches, Kropyvnytsky	1901-1903		2	ДАКрО-177-1-31
177	1	32	Church boards and churches, Kropyvnytsky	1886-1892		2	ДАКрО-177-1-32
177	1	33	Church boards and churches, Kropyvnytsky	1902-1902	метрична книга|сповідальні відомості	2	ДАКрО-177-1-33
177	1	34	Church boards and churches, Kropyvnytsky	1884-1890	метрична книга|сповідальні відомості	2	ДАКрО-177-1-34
177	1	35	Church boards and churches, Kropyvnytsky	1897-1897	метрична книга|сповідальні відомості	2	ДАКрО-177-1-35
177	1	36	Church boards and churches, Kropyvnytsky	1898-1898	метрична книга|сповідальні відомості	2	ДАКрО-177-1-36
177	1	37	Church boards and churches, Kropyvnytsky	1899-1899	метрична книга|сповідальні відомості	2	ДАКрО-177-1-37
177	1	38	Church boards and churches, Kropyvnytsky	1900-1900	метрична книга|сповідальні відомості	2	ДАКрО-177-1-38
177	1	39	Церковні документи	1902-1902	метрична книга|сповідальні відомості	2	ДАКрО-177-1-39
177	1	4	Church boards and churches, Kropyvnytsky	1886-1901	метрична книга|сповідальні відомості	2	ДАКрО-177-1-4
177	1	40	Church boards and churches, Kropyvnytsky	1903-1903	метрична книга|сповідальні відомості	2	ДАКрО-177-1-40
177	1	41	Church boards and churches, Kropyvnytsky	1904-1904	метрична книга|сповідальні відомості	2	ДАКрО-177-1-41
177	1	42	Church boards and churches, Kropyvnytsky	1906-1906	метрична книга|сповідальні відомості	2	ДАКрО-177-1-42
177	1	43	Church boards and churches, Kropyvnytsky	1918-1918	метрична книга|сповідальні відомості	2	ДАКрО-177-1-43
177	1	44	Church boards and churches, Kropyvnytsky	1883-1885		2	ДАКрО-177-1-44
177	1	45	Church boards and churches, Kropyvnytsky	1904-1906		2	ДАКрО-177-1-45
177	1	46	Church boards and churches, Kropyvnytsky	1885-1885	метрична книга|народження|смерть|шлюб	2	ДАКрО-177-1-46
177	1	47	Метричні книги Православних церков	1889-1891	метрична книга|народження|смерть|шлюб	2	ДАКрО-177-1-47
177	1	48	Метричні книги Православних церков	1901-1904	метрична книга|народження|смерть|шлюб	2	ДАКрО-177-1-48
177	1	49	Метричні книги Православних церков	1892-1906	метрична книга|народження|смерть|шлюб	2	ДАКрО-177-1-49
177	1	5	Church boards and churches, Kropyvnytsky	1901-1908	метрична книга|сповідальні відомості	2	ДАКрО-177-1-5
177	1	6	Church boards and churches, Kropyvnytsky	1891-1895	метрична книга|сповідальні відомості	2	ДАКрО-177-1-6
177	1	7	Church boards and churches, Kropyvnytsky	1882-1885		2	ДАКрО-177-1-7
177	1	8	Church boards and churches, Kropyvnytsky	1885-1888		2	ДАКрО-177-1-8
177	1	9	Church boards and churches, Kropyvnytsky	1889-1891		2	ДАКрО-177-1-9
179	1	1	Church boards and churches, Kropyvnytsky	1878-1889		2	ДАКрО-179-1-1
179	1	10	Метричні книги Православних церков	1906-1907	метрична книга|народження|смерть|шлюб	2	ДАКрО-179-1-10
179	1	11	Метричні книги Православних церков	1908-1910	метрична книга|народження|смерть|шлюб	2	ДАКрО-179-1-11
179	1	12	Метричні книги Православних церков	1911-1912	метрична книга|народження|смерть|шлюб	2	ДАКрО-179-1-12
179	1	13	Метричні книги Православних церков	1913-1914	метрична книга|народження|смерть|шлюб	2	ДАКрО-179-1-13
179	1	14	Метричні книги Православних церков	1915-1919	метрична книга|народження|смерть|шлюб	2	ДАКрО-179-1-14
179	1	15	Метричні книги Православних церков	1920-1920	метрична книга|народження|смерть|шлюб	2	ДАКрО-179-1-15
179	1	2	Метричні книги Православних церков	1876-1876	метрична книга|смерть	2	ДАКрО-179-1-2
179	1	3	Метричні книги Православних церков	1879-1880	метрична книга|народження|смерть|шлюб	2	ДАКрО-179-1-3
179	1	4	Метричні книги Православних церков	1882-1889	метрична книга|народження|смерть|шлюб	2	ДАКрО-179-1-4
179	1	5	Метричні книги Православних церков	1883-1886	метрична книга|народження|смерть|шлюб	2	ДАКрО-179-1-5
179	1	6	Духовні правління та церкви, Кропивницький	1891-1895	метрична книга|народження|смерть|шлюб	2	ДАКрО-179-1-6
179	1	7	Метричні книги Православних церков	1895-1898	метрична книга|народження|смерть|шлюб	2	ДАКрО-179-1-7
179	1	8	Метричні книги Православних церков	1900-1903	метрична книга|народження|смерть|шлюб	2	ДАКрО-179-1-8
179	1	9	Метричні книги Православних церков	1904-1905	метрична книга|народження|смерть|шлюб	2	ДАКрО-179-1-9
184	1	1	Church boards and churches, Kropyvnytsky	1908-1908	метрична книга|сповідальні відомості	2	ДАКрО-184-1-1
184	1	3	Метричні книги Православних церков	1902-1909	метрична книга|народження|смерть|шлюб	2	ДАКрО-184-1-3
184	1	4	Метричні книги Православних церков	1910-1914	метрична книга|народження|смерть|шлюб	2	ДАКрО-184-1-4
184	1	5	Метричні книги Православних церков	1915-1919	метрична книга|народження|смерть|шлюб	2	ДАКрО-184-1-5
185	1	10	Метрична книга єврейської громади м. Єлисаветграда Херсонської губернії про народження	1861-1861	метрична книга|народження	3	ДАКрО-185-1-10
185	1	11	Метрична книга єврейської громади м. Єлисаветграда Херсонської губернії про народження	1862-1865	метрична книга|народження	3	ДАКрО-185-1-11
185	1	12	Метрична книга єврейської громади м. Єлисаветграда Херсонської губернії про народження	1866-1866	метрична книга|народження	3	ДАКрО-185-1-12
185	1	13	Метрична книга єврейської громади м. Єлисаветграда Херсонської губернії про народження	1867-1868	метрична книга|народження	3	ДАКрО-185-1-13
185	1	18	Метрична книга єврейської громади м. Єлисаветграда Херсонської губернії про народження	1897-1897	метрична книга|народження	3	ДАКрО-185-1-18
185	1	2	Метрична книга єврейської громади м. Єлисаветграда Херсонської губернії про народження	1853-1854	метрична книга|народження	3	ДАКрО-185-1-2
185	1	20	Метрична книга єврейської громади м. Єлисаветграда Херсонської губернії про шлюб	1857-1857	метрична книга|шлюб	3	ДАКрО-185-1-20
185	1	21	Метрична книга єврейської громади м. Єлисаветграда Херсонської губернії про шлюб	1853-1854	метрична книга|шлюб	3	ДАКрО-185-1-21
185	1	22	Метрична книга єврейської громади м. Єлисаветграда Херсонської губернії про шлюб	1859-1859	метрична книга|шлюб	3	ДАКрО-185-1-22
185	1	23	Метрична книга єврейської громади м. Єлисаветграда Херсонської губернії про шлюб	1860-1860	метрична книга|шлюб	3	ДАКрО-185-1-23
185	1	24	Метрична книга єврейської громади м. Єлисаветграда Херсонської губернії про шлюб	1861-1861	метрична книга|шлюб	3	ДАКрО-185-1-24
185	1	25	Метрична книга єврейської громади м. Єлисаветграда Херсонської губернії про шлюб	1862-1862	метрична книга|шлюб	3	ДАКрО-185-1-25
185	1	26	Метрична книга єврейської громади м. Єлисаветграда Херсонської губернії про шлюб	1863-1867	метрична книга|шлюб	3	ДАКрО-185-1-26
185	1	27	Метрична книга єврейської громади м. Єлисаветграда Херсонської губернії про смерть	1854-1854,1857-1857	метрична книга|смерть	3	ДАКрО-185-1-27
185	1	28	Метрична книга єврейської громади м. Єлисаветграда Херсонської губернії про смерть	1859-1859	метрична книга|смерть	3	ДАКрО-185-1-28
185	1	29	Метрична книга єврейської громади м. Єлисаветграда Херсонської губернії про смерть	1862-1862	метрична книга|смерть	3	ДАКрО-185-1-29
185	1	3	Метрична книга єврейської громади м. Єлисаветграда Херсонської губернії про народження	1854-1854		3	ДАКрО-185-1-3
185	1	30	Метрична книга єврейської громади м. Єлисаветграда Херсонської губернії про смерть	1863-1863,1864-1864,1865-1865,1869-1869	метрична книга|смерть	3	ДАКрО-185-1-30
185	1	31	Метрична книга єврейської громади м. Єлисаветграда Херсонської губернії про смерть	1870-1873	метрична книга|смерть	3	ДАКрО-185-1-31
185	1	32	Метрична книга єврейської громади м. Єлисаветграда Херсонської губернії про шлюб	1873-1877	метрична книга|шлюб	3	ДАКрО-185-1-32
185	1	33	Метрична книга єврейської громади м. Єлисаветграда Херсонської губернії про шлюб	1867-1873	метрична книга|шлюб	3	ДАКрО-185-1-33
185	1	34	Метрична книга єврейської громади м. Єлисаветграда Херсонської губернії про народження	1871-1874	метрична книга|народження	3	ДАКрО-185-1-34
185	1	35	Метрична книга єврейської громади м. Єлисаветграда Херсонської губернії про народження	1878-1880	метрична книга|народження	3	ДАКрО-185-1-35
185	1	36	Метрична книга єврейської громади м. Єлисаветграда Херсонської губернії про народження	1867-1870	метрична книга|народження	3	ДАКрО-185-1-36
185	1	37	Метрична книга єврейської громади м. Єлисаветграда Херсонської губернії про смерть	1870-1872	метрична книга|смерть	3	ДАКрО-185-1-37
185	1	38	Метрична книга єврейської громади м. Єлисаветграда Херсонської губернії про шлюб	1868-1872		3	ДАКрО-185-1-38
185	1	39	Метрична книга єврейської громади м. Єлисаветграда Херсонської губернії про шлюб	1878-1881	метрична книга|шлюб	3	ДАКрО-185-1-39
185	1	4	Метрична книга єврейської громади м. Єлисаветграда Херсонської губернії про народження	1855-1855	метрична книга|народження	3	ДАКрО-185-1-4
185	1	40	Метрична книга єврейської громади м. Єлисаветграда Херсонської губернії про розлучення	1879-1888	метрична книга|розлучення	3	ДАКрО-185-1-40
185	1	41	Метрична книга єврейської громади м. Єлисаветграда Херсонської губернії про шлюб	1882-1885	метрична книга|шлюб	3	ДАКрО-185-1-41
185	1	42	Метрична книга єврейської громади м. Єлисаветграда Херсонської губернії про смерть	1882-1885	метрична книга|смерть	3	ДАКрО-185-1-42
185	1	43	Метрична книга єврейської громади м. Єлисаветграда Херсонської губернії про смерть	1886-1888		3	ДАКрО-185-1-43
185	1	44	Метрична книга єврейської громади м. Єлисаветграда Херсонської губернії про народження	1884-1886	метрична книга|народження	3	ДАКрО-185-1-44
185	1	45	Метрична книга єврейської громади м. Єлисаветграда Херсонської губернії про народження	1887-1888	метрична книга|народження	3	ДАКрО-185-1-45
185	1	46	Метрична книга єврейської громади м. Єлисаветграда Херсонської губернії про народження	1889-1899	метрична книга|народження	3	ДАКрО-185-1-46
185	1	47	Метрична книга єврейської громади м. Єлисаветграда Херсонської губернії про народження	1891-1891	метрична книга|народження	3	ДАКрО-185-1-47
185	1	48	Метрична книга єврейської громади м. Єлисаветграда Херсонської губернії про народження	1892-1892	метрична книга|народження	3	ДАКрО-185-1-48
185	1	49	Метрична книга єврейської громади м. Єлисаветграда Херсонської губернії про народження	1893-1893	метрична книга|народження	3	ДАКрО-185-1-49
185	1	5	Метричні книги Православних церков	1856-1856	метрична книга|народження	3	ДАКрО-185-1-5
185	1	50	Метрична книга єврейської громади м. Єлисаветграда Херсонської губернії про народження	1894-1894	метрична книга|народження	3	ДАКрО-185-1-50
185	1	51	Метрична книга єврейської громади м. Єлисаветграда Херсонської губернії про розлучення	1890-1891	метрична книга|розлучення	3	ДАКрО-185-1-51
185	1	52	Метрична книга єврейської громади м. Єлисаветграда Херсонської губернії про народження	1886-1886		3	ДАКрО-185-1-52
185	1	53	Метрична книга єврейської громади м. Єлисаветграда Херсонської губернії про народження	1888-1888		3	ДАКрО-185-1-53
185	1	534	Метрична книга. Єлисаветградська синагога, м. Єлисаветград Єлисаветградського пов.	1907-1907	метрична книга|народження	0	ДАКрО-185-1-534
185	1	54	Метрична книга єврейської громади м. Єлисаветграда Херсонської губернії про народження	1890-1890		3	ДАКрО-185-1-54
185	1	55	Метрична книга єврейської громади м. Єлисаветграда Херсонської губернії про шлюб	1886-1890	метрична книга|шлюб	3	ДАКрО-185-1-55
185	1	55А	Метрична книга єврейської громади м. Єлисаветграда Херсонської губернії про шлюб	1891-1891	метрична книга|шлюб	2	ДАКрО-185-1-55А
185	1	56	Метрична книга єврейської громади м. Єлисаветграда Херсонської губернії про шлюб	1892-1892		3	ДАКрО-185-1-56
185	1	56А	Метрична книга. Єлисаветградська синагога, м. Єлисаветград Єлисаветградського пов.	1892-1892	метрична книга|шлюб	0	ДАКрО-185-1-56А
185	1	57	Метрична книга єврейської громади м. Єлисаветграда Херсонської губернії про шлюб	1891-1894	метрична книга|шлюб	3	ДАКрО-185-1-57
185	1	58	Метрична книга єврейської громади м. Єлисаветграда Херсонської губернії про смерть	1895-1895	метрична книга|смерть	3	ДАКрО-185-1-58
185	1	59	Метрична книга єврейської громади м. Єлисаветграда Херсонської губернії про народження	1869-1872		3	ДАКрО-185-1-59
185	1	6	Метрична книга єврейської громади м. Єлисаветграда Херсонської губернії про розлучення	1857-1857,1859-1859,1862-1862,1863-1863,1865-1865,1868-1868,1870-1873,1878-1878	метрична книга|розлучення	3	ДАКрО-185-1-6
185	1	60	Метрична книга єврейської громади м. Єлисаветграда Херсонської губернії про народження	1874-1875		3	ДАКрО-185-1-60
185	1	61	Метрична книга єврейської громади м. Єлисаветграда Херсонської губернії про народження	1876-1876		3	ДАКрО-185-1-61
185	1	62	Метрична книга єврейської громади м. Єлисаветграда Херсонської губернії про народження	1877-1878	метрична книга|народження	3	ДАКрО-185-1-62
185	1	63	Метрична книга єврейської громади м. Єлисаветграда Херсонської губернії про народження	1879-1880		3	ДАКрО-185-1-63
185	1	64	Метрична книга єврейської громади м. Єлисаветграда Херсонської губернії про народження	1882-1883	метрична книга|народження	3	ДАКрО-185-1-64
185	1	65	Метрична книга єврейської громади м. Єлисаветграда Херсонської губернії про народження	1884-1884		3	ДАКрО-185-1-65
185	1	66	Метрична книга єврейської громади м. Єлисаветграда Херсонської губернії про народження	1888-1891		3	ДАКрО-185-1-66
185	1	67	Метрична книга єврейської громади м. Єлисаветграда Херсонської губернії про народження	1889-1889		3	ДАКрО-185-1-67
185	1	68	Метрична книга єврейської громади м. Єлисаветграда Херсонської губернії про народження	1890-1891		3	ДАКрО-185-1-68
185	1	69	Метрична книга єврейської громади м. Єлисаветграда Херсонської губернії про народження	1892-1892		3	ДАКрО-185-1-69
185	1	69А	Метрична книга єврейської громади м. Єлисаветграда Херсонської губернії про народження	1892-1892		2	ДАКрО-185-1-69А
185	1	7	Метрична книга єврейської громади м. Єлисаветграда Херсонської губернії про народження	1858-1858	метрична книга|народження	3	ДАКрО-185-1-7
185	1	70	Метрична книга єврейської громади м. Єлисаветграда Херсонської губернії про народження	1893-1893		3	ДАКрО-185-1-70
185	1	71	Метрична книга єврейської громади м. Єлисаветграда Херсонської губернії про народження	1894-1894		3	ДАКрО-185-1-71
185	1	72	Метрична книга єврейської громади м. Єлисаветграда Херсонської губернії про народження	1895-1896	метрична книга|народження	3	ДАКрО-185-1-72
185	1	73	Метрична книга єврейської громади м. Єлисаветграда Херсонської губернії про народження	1897-1898	метрична книга|народження	3	ДАКрО-185-1-73
185	1	74	Метрична книга єврейської громади м. Єлисаветграда Херсонської губернії про народження	1899-1900	метрична книга|народження	3	ДАКрО-185-1-74
185	1	75	Метрична книга єврейської громади м. Єлисаветграда Херсонської губернії про народження	1901-1901	метрична книга|народження	3	ДАКрО-185-1-75
185	1	75А	Метрична книга єврейської громади м. Єлисаветграда Херсонської губернії про шлюб	1901-1901	метрична книга|шлюб	2	ДАКрО-185-1-75А
185	1	76	Метрична книга єврейської громади м. Єлисаветграда Херсонської губернії про народження	1902-1902	метрична книга|народження	3	ДАКрО-185-1-76
185	1	77	Метрична книга єврейської громади м. Єлисаветграда Херсонської губернії про народження	1903-1903	метрична книга|народження	3	ДАКрО-185-1-77
185	1	78	Метрична книга єврейської громади м. Єлисаветграда Херсонської губернії про народження	1904-1904	метрична книга|народження	3	ДАКрО-185-1-78
185	1	79	Метрична книга єврейської громади м. Єлисаветграда Херсонської губернії про народження	1905-1905	метрична книга|народження	3	ДАКрО-185-1-79
185	1	8	Метрична книга єврейської громади м. Єлисаветграда Херсонської губернії про народження	1859-1859	метрична книга|народження	3	ДАКрО-185-1-8
185	1	80	Метрична книга єврейської громади м. Єлисаветграда Херсонської губернії про народження	1906-1906	метрична книга|народження	3	ДАКрО-185-1-80
185	1	81	Метрична книга єврейської громади м. Єлисаветграда Херсонської губернії про народження	1907-1907		3	ДАКрО-185-1-81
185	1	82	Метрична книга єврейської громади м. Єлисаветграда Херсонської губернії про народження	1908-1908	метрична книга|народження	3	ДАКрО-185-1-82
185	1	83	Метрична книга єврейської громади м. Єлисаветграда Херсонської губернії про народження	1909-1909	метрична книга|народження	3	ДАКрО-185-1-83
185	1	84	Метрична книга єврейської громади м. Єлисаветграда Херсонської губернії про шлюб	1909-1909		3	ДАКрО-185-1-84
185	1	85	Метрична книга єврейської громади м. Єлисаветграда Херсонської губернії про народження	1910-1910	метрична книга|народження	3	ДАКрО-185-1-85
185	1	86	Метрична книга єврейської громади м. Єлисаветграда Херсонської губернії про шлюб	1910-1910	метрична книга|шлюб	3	ДАКрО-185-1-86
185	1	87	Метрична книга єврейської громади м. Єлисаветграда Херсонської губернії про народження	1911-1911	метрична книга|народження	3	ДАКрО-185-1-87
185	1	88	Метрична книга єврейської громади м. Єлисаветграда Херсонської губернії про шлюб	1911-1911	метрична книга|шлюб	3	ДАКрО-185-1-88
185	1	89	Метрична книга єврейської громади м. Єлисаветграда Херсонської губернії про народження	1912-1912	метрична книга|народження	3	ДАКрО-185-1-89
185	1	9	Метрична книга єврейської громади м. Єлисаветграда Херсонської губернії про народження	1860-1860	метрична книга|народження	3	ДАКрО-185-1-9
185	1	90	Метрична книга єврейської громади м. Єлисаветграда Херсонської губернії про шлюб	1912-1912		3	ДАКрО-185-1-90
185	1	91	Метрична книга єврейської громади м. Єлисаветграда Херсонської губернії про народження	1913-1913	метрична книга|народження	3	ДАКрО-185-1-91
185	1	92	Метрична книга єврейської громади м. Єлисаветграда Херсонської губернії про народження	1914-1914	метрична книга|народження	3	ДАКрО-185-1-92
185	1	93	Метрична книга єврейської громади м. Єлисаветграда Херсонської губернії про народження	1915-1915	метрична книга|народження	3	ДАКрО-185-1-93
185	1	94	Метрична книга єврейської громади м. Єлисаветграда Херсонської губернії про шлюб	1913-1913	метрична книга|шлюб	3	ДАКрО-185-1-94
185	1	95	Метрична книга єврейської громади м. Єлисаветграда Херсонської губернії про народження	1916-1916	метрична книга|народження	3	ДАКрО-185-1-95
185	1	96	Метрична книга реєстрації актів про народження по м. Єлисаветграду, 1916р., 03.01.1916-13.12.1916, 286 арк.	1916-1916		1	ДАКрО-185-1-96
185	1	97	Метрична книга єврейської громади м. Єлисаветграда Херсонської губернії про народження	1916-1917	метрична книга|народження	3	ДАКрО-185-1-97
185	1	98	Метрична книга єврейської громади м. Єлисаветграда Херсонської губернії про народження	1918-1919	метрична книга|народження	3	ДАКрО-185-1-98
187	1	1	Church boards and churches, Kropyvnytsky	1917-1918	метрична книга|народження	3	ДАКрО-187-1-1
189	1	1	Метричні книги Православних церков	1828-1839	метрична книга|народження|смерть|шлюб	2	ДАКрО-189-1-1
189	1	10	Church boards and churches, Kropyvnytsky	1921-1921		2	ДАКрО-189-1-10
189	1	11	Church boards and churches, Kropyvnytsky	1920-1922	метрична книга|сповідальні відомості	2	ДАКрО-189-1-11
189	1	12	Church boards and churches, Kropyvnytsky	1874-1874	метрична книга|сповідальні відомості	2	ДАКрО-189-1-12
189	1	13	Church boards and churches, Kropyvnytsky	1825-1841	метрична книга|сповідальні відомості	2	ДАКрО-189-1-13
189	1	14	Church boards and churches, Kropyvnytsky	1830-1856	метрична книга|сповідальні відомості	2	ДАКрО-189-1-14
189	1	15	Church boards and churches, Kropyvnytsky	1854-1917		2	ДАКрО-189-1-15
189	1	15А	Church boards and churches, Kropyvnytsky	1843-1843	метрична книга|сповідальні відомості	2	ДАКрО-189-1-15А
189	1	16	Church boards and churches, Kropyvnytsky	1873-1873	метрична книга|сповідальні відомості	2	ДАКрО-189-1-16
189	1	17	Church boards and churches, Kropyvnytsky	1890-1893	метрична книга|сповідальні відомості	2	ДАКрО-189-1-17
189	1	18	Church boards and churches, Kropyvnytsky	1897-1898	метрична книга|сповідальні відомості	2	ДАКрО-189-1-18
189	1	19	Church boards and churches, Kropyvnytsky	1899-1899	метрична книга|сповідальні відомості	2	ДАКрО-189-1-19
189	1	2	Метричні книги Православних церков	1839-1847	метрична книга|народження|смерть|шлюб	2	ДАКрО-189-1-2
189	1	20	Church boards and churches, Kropyvnytsky	1826-1839		2	ДАКрО-189-1-20
189	1	21	Church boards and churches, Kropyvnytsky	1826-1839		2	ДАКрО-189-1-21
189	1	22	Church boards and churches, Kropyvnytsky	1840-1861		2	ДАКрО-189-1-22
189	1	23	Church boards and churches, Kropyvnytsky	1839-1841		2	ДАКрО-189-1-23
189	1	24	Church boards and churches, Kropyvnytsky	1871-1876		2	ДАКрО-189-1-24
189	1	25	Church boards and churches, Kropyvnytsky	1857-1875		2	ДАКрО-189-1-25
189	1	26	Church boards and churches, Kropyvnytsky	1883-1883		2	ДАКрО-189-1-26
189	1	27	Church boards and churches, Kropyvnytsky	1888-1891		2	ДАКрО-189-1-27
189	1	28	Church boards and churches, Kropyvnytsky	1901-1903		2	ДАКрО-189-1-28
189	1	29	Church boards and churches, Kropyvnytsky	1907-1909		2	ДАКрО-189-1-29
189	1	3	Метричні книги Православних церков	1848-1850	метрична книга|народження|смерть|шлюб	2	ДАКрО-189-1-3
189	1	30	Church boards and churches, Kropyvnytsky	1907-1909		2	ДАКрО-189-1-30
189	1	31	Church boards and churches, Kropyvnytsky	1886-1888		2	ДАКрО-189-1-31
189	1	32	Church boards and churches, Kropyvnytsky	1878-1878		2	ДАКрО-189-1-32
189	1	33	Church boards and churches, Kropyvnytsky	1857-1859		2	ДАКрО-189-1-33
189	1	34	Church boards and churches, Kropyvnytsky	1857-1873		2	ДАКрО-189-1-34
189	1	35	Church boards and churches, Kropyvnytsky	1901-1903		2	ДАКрО-189-1-35
189	1	36	Church boards and churches, Kropyvnytsky	1910-1910	метрична книга|сповідальні відомості	2	ДАКрО-189-1-36
189	1	37	Church boards and churches, Kropyvnytsky	1913-1913		2	ДАКрО-189-1-37
189	1	38	Church boards and churches, Kropyvnytsky	1900-1917		2	ДАКрО-189-1-38
189	1	39	Метричні книги Православних церков	1860-1861	метрична книга|народження|смерть|шлюб	2	ДАКрО-189-1-39
189	1	4	Метричні книги Православних церков	1851-1855	метрична книга|народження|смерть|шлюб	2	ДАКрО-189-1-4
189	1	40	Метричні книги Православних церков	1857-1879	метрична книга|народження|шлюб	2	ДАКрО-189-1-40
189	1	41	Church boards and churches, Kropyvnytsky	1901-1902	метрична книга|сповідальні відомості	2	ДАКрО-189-1-41
189	1	42	Church boards and churches, Kropyvnytsky	1911-1911	метрична книга|сповідальні відомості	2	ДАКрО-189-1-42
189	1	43	Church boards and churches, Kropyvnytsky	1826-1826		2	ДАКрО-189-1-43
189	1	44	Church boards and churches, Kropyvnytsky	1895-1895		2	ДАКрО-189-1-44
189	1	45	Church boards and churches, Kropyvnytsky	1910-1912		2	ДАКрО-189-1-45
189	1	46	Church boards and churches, Kropyvnytsky	1913-1917		2	ДАКрО-189-1-46
189	1	47	Church boards and churches, Kropyvnytsky	1913-1915		2	ДАКрО-189-1-47
189	1	48	Church boards and churches, Kropyvnytsky	1921-1925		2	ДАКрО-189-1-48
189	1	49	Church boards and churches, Kropyvnytsky	1879-1883	метрична книга|сповідальні відомості	2	ДАКрО-189-1-49
189	1	5	Метричні книги Православних церков	1858-1859	метрична книга|народження|смерть|шлюб	2	ДАКрО-189-1-5
189	1	50	Church boards and churches, Kropyvnytsky	1883-1887	метрична книга|сповідальні відомості	2	ДАКрО-189-1-50
189	1	51	Church boards and churches, Kropyvnytsky	1859-1869	метрична книга|сповідальні відомості	2	ДАКрО-189-1-51
189	1	52	Church boards and churches, Kropyvnytsky	1883-1883	метрична книга|сповідальні відомості	2	ДАКрО-189-1-52
189	1	53	Church boards and churches, Kropyvnytsky	1892-1892		2	ДАКрО-189-1-53
189	1	54	Church boards and churches, Kropyvnytsky	1824-1827	метрична книга|сповідальні відомості	2	ДАКрО-189-1-54
189	1	56	Church boards and churches, Kropyvnytsky	1864-1864	метрична книга|народження|смерть|шлюб	2	ДАКрО-189-1-56
189	1	57	Метричні книги Православних церков	1866-1867	метрична книга|смерть|шлюб	2	ДАКрО-189-1-57
189	1	58	Метричні книги Православних церков	1870-1871	метрична книга|народження|смерть|шлюб	2	ДАКрО-189-1-58
189	1	59	Метричні книги Православних церков	1872-1873	метрична книга|народження|смерть|шлюб	2	ДАКрО-189-1-59
189	1	6	Church boards and churches, Kropyvnytsky	1840-1840,1919-1920	метрична книга|сповідальні відомості	2	ДАКрО-189-1-6
189	1	60	Метричні книги Православних церков	1875-1875	метрична книга|народження|смерть|шлюб	2	ДАКрО-189-1-60
189	1	61	Метричні книги Православних церков	1878-1879	метрична книга|народження|смерть|шлюб	2	ДАКрО-189-1-61
189	1	62	Метричні книги Православних церков	1880-1881	метрична книга|народження|смерть|шлюб	2	ДАКрО-189-1-62
189	1	63	Метричні книги Православних церков	1884-1891	метрична книга|народження|смерть|шлюб	2	ДАКрО-189-1-63
189	1	64	Метричні книги Православних церков	1892-1898	метрична книга|народження|смерть|шлюб	2	ДАКрО-189-1-64
189	1	65	Метричні книги Православних церков	1899-1905	метрична книга|народження|смерть|шлюб	2	ДАКрО-189-1-65
189	1	66	Метричні книги Православних церков	1907-1910	метрична книга|народження|смерть|шлюб	2	ДАКрО-189-1-66
189	1	67	Метричні книги Православних церков	1911-1914	метрична книга|народження|смерть|шлюб	2	ДАКрО-189-1-67
189	1	68	Метричні книги Православних церков	1915-1918	метрична книга|народження|смерть|шлюб	2	ДАКрО-189-1-68
189	1	69	Метричні книги Православних церков	1919-1920	метрична книга|смерть|шлюб	2	ДАКрО-189-1-69
189	1	7	Church boards and churches, Kropyvnytsky	1859-1973	метрична книга|сповідальні відомості	2	ДАКрО-189-1-7
189	1	8	Church boards and churches, Kropyvnytsky	1879-1890	метрична книга|сповідальні відомості	2	ДАКрО-189-1-8
189	1	84				0	ДАКрО-189-1-84
189	1	9	Church boards and churches, Kropyvnytsky	1909-1912	метрична книга|сповідальні відомості	2	ДАКрО-189-1-9
190	1	1	Метричні книги Православних церков	1836-1839	метрична книга|народження|смерть|шлюб	2	ДАКрО-190-1-1
190	1	10	Church boards and churches, Kropyvnytsky	1818-1861		2	ДАКрО-190-1-10
190	1	11	Church boards and churches, Kropyvnytsky	1830-1830		2	ДАКрО-190-1-11
190	1	12	Church boards and churches, Kropyvnytsky	1912-1912		3	ДАКрО-190-1-12
190	1	13	Church boards and churches, Kropyvnytsky	1833-1855		2	ДАКрО-190-1-13
190	1	14	Church boards and churches, Kropyvnytsky	1914-1914		2	ДАКрО-190-1-14
190	1	15	Church boards and churches, Kropyvnytsky	1916-1916		2	ДАКрО-190-1-15
190	1	16	Church boards and churches, Kropyvnytsky	1913-1913		2	ДАКрО-190-1-16
190	1	17	Church boards and churches, Kropyvnytsky	1837-1837		2	ДАКрО-190-1-17
190	1	18	Church boards and churches, Kropyvnytsky	1837-1837		2	ДАКрО-190-1-18
190	1	19	Church boards and churches, Kropyvnytsky	1870-1870		2	ДАКрО-190-1-19
190	1	2	Метричні книги Православних церков	1840-1845	метрична книга|народження|смерть|шлюб	2	ДАКрО-190-1-2
190	1	20	Church boards and churches, Kropyvnytsky	1872-1872		2	ДАКрО-190-1-20
190	1	21	Church boards and churches, Kropyvnytsky	1880-1880		2	ДАКрО-190-1-21
190	1	22	Church boards and churches, Kropyvnytsky	1885-1885		2	ДАКрО-190-1-22
190	1	23	Church boards and churches, Kropyvnytsky	1889-1889		2	ДАКрО-190-1-23
190	1	24	Church boards and churches, Kropyvnytsky	1889-1889		2	ДАКрО-190-1-24
190	1	25	Church boards and churches, Kropyvnytsky	1906-1909		2	ДАКрО-190-1-25
190	1	26	Church boards and churches, Kropyvnytsky	1909-1912		2	ДАКрО-190-1-26
190	1	27	Метричні книги Православних церков	1875-1879	метрична книга|народження|смерть|шлюб	2	ДАКрО-190-1-27
190	1	28	Метричні книги Православних церков	1882-1885	метрична книга|народження|смерть|шлюб	2	ДАКрО-190-1-28
190	1	29	Метричні книги Православних церков	1886-1889	метрична книга|народження|смерть|шлюб	2	ДАКрО-190-1-29
190	1	3	Метричні книги Православних церков	1846-1849	метрична книга|народження|смерть|шлюб	2	ДАКрО-190-1-3
190	1	30	Метричні книги Православних церков	1891-1895	метрична книга|народження|смерть|шлюб	2	ДАКрО-190-1-30
190	1	31	Метричні книги Православних церков	1896-1899	метрична книга|народження|смерть|шлюб	2	ДАКрО-190-1-31
190	1	32	Church boards and churches, Kropyvnytsky	1900-1906	метрична книга|народження|смерть|шлюб	2	ДАКрО-190-1-32
190	1	33	Метричні книги Православних церков	1907-1911	метрична книга|народження|смерть|шлюб	2	ДАКрО-190-1-33
190	1	4	Метричні книги Православних церков	1850-1852	метрична книга|народження|смерть|шлюб	2	ДАКрО-190-1-4
190	1	5	Church boards and churches, Kropyvnytsky	1853-1855	метрична книга|народження|смерть|шлюб	2	ДАКрО-190-1-5
190	1	6	Метричні книги Православних церков	1856-1859	метрична книга|народження|смерть|шлюб	2	ДАКрО-190-1-6
190	1	7	Метричні книги Православних церков	1876-1876	метрична книга|народження|смерть|шлюб	2	ДАКрО-190-1-7
190	1	8	Church boards and churches, Kropyvnytsky	1831-1859		2	ДАКрО-190-1-8
190	1	9	Church boards and churches, Kropyvnytsky	1861-1861		2	ДАКрО-190-1-9
235	1	1	Алфавітний покажчик нотаріуса Калужського м. Новомиргород	1907-1907		2	ДАКрО-235-1-1
235	1	10	Реєстр нотаріуса Калузького.	1908-1908		2	ДАКрО-235-1-10
235	1	11	Реєстр нотаріуса Калузького.	1907-1907		2	ДАКрО-235-1-11
235	1	12	Реєстр нотаріуса Калузького.	1908-1908		2	ДАКрО-235-1-12
235	1	13	Реєстр нотаріуса Калузького.	1909-1909		2	ДАКрО-235-1-13
235	1	14	Реєстр нотаріуса Калузького.	1909-1909		2	ДАКрО-235-1-14
235	1	15	Реєстр нотаріуса Калузького.	1910-1910		2	ДАКрО-235-1-15
235	1	16	Додатковий реєстр	1910-1910		2	ДАКрО-235-1-16
235	1	17	Додатковий реєстр	1911-1911		2	ДАКрО-235-1-17
235	1	18	Реєстр нотаріуса Калузького	1911-1911		2	ДАКрО-235-1-18
235	1	19	Реєстр нотаріуса Калузького	1912-1912		2	ДАКрО-235-1-19
235	1	2	Алфавітний перелік.	1909-1909		1	ДАКрО-235-1-2
235	1	20	Реєстр нотаріуса Калузького	1912-1912		2	ДАКрО-235-1-20
235	1	21	Реєстр нотаріуса Калузького	1912-1912		2	ДАКрО-235-1-21
235	1	22	Реєстр нотаріуса Калузького	1913-1913		2	ДАКрО-235-1-22
235	1	23	Реєстр нотаріуса Калузького	1913-1913		2	ДАКрО-235-1-23
235	1	24	Реєстр нотаріуса Калузького	1914-1914		2	ДАКрО-235-1-24
235	1	25	Реєстр нотаріуса Калузького	1914-1914		2	ДАКрО-235-1-25
235	1	26	Реєстр нотаріуса Калузького	1915-1915		2	ДАКрО-235-1-26
235	1	27	Реєстр нотаріуса Калузького	1916-1916		2	ДАКрО-235-1-27
235	1	3	Алфавітний перелік.	1910-1910		2	ДАКрО-235-1-3
235	1	4	Алфавітний перелік.	1912-1912,1913-1913		2	ДАКрО-235-1-4
235	1	5	Алфавітний перелік.	1913-1913		2	ДАКрО-235-1-5
235	1	6	Алфавітний перелік.	1914-1914		2	ДАКрО-235-1-6
235	1	7	Алфавітний перелік.	1916-1916		2	ДАКрО-235-1-7
235	1	8	Алфавітний перелік.	1915-1915		2	ДАКрО-235-1-8
235	1	9	Алфавітний перелік.	1908-1908	метрична книга|розлучення	2	ДАКрО-235-1-9
324	1	1	Метричні книги Православних церков	1858-1861	метрична книга|народження|смерть|шлюб	2	ДАКрО-324-1-1
324	1	10	Метричні книги Православних церков	1913-1914	метрична книга|народження|смерть|шлюб	2	ДАКрО-324-1-10
324	1	11	Метричні книги Православних церков	1915-1920	метрична книга|народження|смерть|шлюб	2	ДАКрО-324-1-11
324	1	2	Метричні книги Православних церков	1876-1878	метрична книга|народження|смерть|шлюб	2	ДАКрО-324-1-2
324	1	3	Метрична книга Георгіївської церкви с. Єрделеве Єлисаветградського повіту	1890-1894	метрична книга|народження|смерть|шлюб	3	ДАКрО-324-1-3
324	1	4	Метричні книги Православних церков	1875-1881	метрична книга|народження|смерть|шлюб	2	ДАКрО-324-1-4
324	1	5	Метричні книги Православних церков	1883-1889	метрична книга|народження|смерть|шлюб	2	ДАКрО-324-1-5
324	1	6	Метрична книга Георгіївської церкви с. Єрделеве Єлисаветградського повіту	1895-1898	метрична книга|народження|смерть|шлюб	3	ДАКрО-324-1-6
324	1	7	Метрична книга Георгіївської церкви с. Єрделеве Єлисаветградського повіту	1889-1904	метрична книга|народження|смерть|шлюб	3	ДАКрО-324-1-7
324	1	8	Метрична книга Георгіївської церкви с. Єрделеве Єлисаветградського повіту	1905-1909	метрична книга|народження|смерть|шлюб	3	ДАКрО-324-1-8
324	1	9	Метричні книги Православних церков	1910-1912	метрична книга|народження|смерть|шлюб	2	ДАКрО-324-1-9
325	1	1	Метрична книга Новомиргородської синагоги. Шлюб.	1863-1863,1864-1864		3	ДАКрО-325-1-1
325	1	10	Метрична книга Новомиргородської синагоги. Смерть.	1866-1866	метрична книга|смерть	3	ДАКрО-325-1-10
325	1	11	Метрична книга Новомиргородської синагоги. Смерть.	1867-1889	метрична книга|смерть	3	ДАКрО-325-1-11
325	1	12	Метрична книга Новомиргородської синагоги. Смерть.	1869-1896	метрична книга|смерть	3	ДАКрО-325-1-12
325	1	2	Метрична книга Новомиргородської синагоги. Шлюб, смерть.	1864-1864,1868-1872	метрична книга|шлюб	3	ДАКрО-325-1-2
325	1	3	Метрична книга Новомиргородської синагоги. Шлюб.	1864-1864		3	ДАКрО-325-1-3
325	1	4	Метрична книга Новомиргородської синагоги. Шлюб.	1866-1866	метрична книга|шлюб	3	ДАКрО-325-1-4
325	1	5	Метрична книга Новомиргородської синагоги. Шлюб.	1867-1867		3	ДАКрО-325-1-5
325	1	6	Метрична книга Новомиргородської синагоги. Шлюб.	1870-1870	метрична книга|шлюб	3	ДАКрО-325-1-6
325	1	7	Метрична книга Новомиргородської синагоги. Шлюб.	1867-1867		3	ДАКрО-325-1-7
325	1	8	Метрична книга Новомиргородської синагоги. Шлюб.	1869-1869	метрична книга|шлюб	3	ДАКрО-325-1-8
325	1	9	Метрична книга Новомиргородської синагоги. Розлучення.	1868-1868		3	ДАКрО-325-1-9
328	1	1	Church boards and churches, Kropyvnytsky	1895-1897	метрична книга|сповідальні відомості	2	ДАКрО-328-1-1
328	1	10	Church boards and churches, Kropyvnytsky	1894-1897		2	ДАКрО-328-1-10
328	1	11	Church boards and churches, Kropyvnytsky	1886-1890	метрична книга|народження|смерть|шлюб	2	ДАКрО-328-1-11
328	1	12	Church boards and churches, Kropyvnytsky	1891-1894	метрична книга|народження|смерть|шлюб	2	ДАКрО-328-1-12
328	1	13	Church boards and churches, Kropyvnytsky	1895-1898	метрична книга|народження|смерть|шлюб	2	ДАКрО-328-1-13
328	1	14	Church boards and churches, Kropyvnytsky	1900-1904	метрична книга|народження|смерть|шлюб	2	ДАКрО-328-1-14
328	1	15	Church boards and churches, Kropyvnytsky	1909-1915	метрична книга|народження|шлюб	2	ДАКрО-328-1-15
328	1	15394	Метрична книга. Свято-Вознесенська церква, с. Губівка Зінов'євського окр. Компаніївськогор-ну (Херсонської губ. Олександрійського пов. Губівської вол.)	1909-1909	метрична книга|смерть	0	ДАКрО-328-1-15394
328	1	2	Church boards and churches, Kropyvnytsky	1898-1902	метрична книга|сповідальні відомості	2	ДАКрО-328-1-2
328	1	3	Church boards and churches, Kropyvnytsky	1891-1894	метрична книга|сповідальні відомості	2	ДАКрО-328-1-3
328	1	4	Church boards and churches, Kropyvnytsky	1905-1910		2	ДАКрО-328-1-4
328	1	5	Церковні документи	1917-1923	метрична книга|сповідальні відомості	2	ДАКрО-328-1-5
328	1	6	Church boards and churches, Kropyvnytsky	1885-1889	метрична книга|сповідальні відомості	2	ДАКрО-328-1-6
328	1	7	Church boards and churches, Kropyvnytsky	1901-1903	метрична книга|сповідальні відомості	2	ДАКрО-328-1-7
328	1	8	Church boards and churches, Kropyvnytsky	1841-1850		2	ДАКрО-328-1-8
328	1	9	Church boards and churches, Kropyvnytsky	1907-1909	метрична книга|сповідальні відомості	2	ДАКрО-328-1-9
341	1	1	Метричні книги Православних церков	1862-1865	метрична книга|народження|смерть|шлюб	2	ДАКрО-341-1-1
342	1	1	Метрична книга Варваринської церкви м. Новоукраїнка	1860-1862	метрична книга|народження|смерть|шлюб	3	ДАКрО-342-1-1
342	1	2	Метричні книги Православних церков	1863-1865	метрична книга|народження|смерть|шлюб	2	ДАКрО-342-1-2
343	1	1	Метрична книга Церкви Покрови Пресвятої Богородиці, м. Єлисаветград	1847-1860	метрична книга|народження|смерть|шлюб	3	ДАКрО-343-1-1
343	1	10	Метричні книги Православних церков Эдиновірці	1891-1892	метрична книга|народження|смерть	3	ДАКрО-343-1-10
343	1	13	Метрична книга Церкви Покрови Пресвятої Богородиці, м. Єлисаветград	1884-1888	метрична книга|народження|смерть|шлюб	3	ДАКрО-343-1-13
343	1	14	Метрична книга Церкви Покрови Пресвятої Богородиці, м. Єлисаветград	1889-1893	метрична книга|народження|смерть|шлюб	3	ДАКрО-343-1-14
343	1	15	Метрична книга Церкви Покрови Пресвятої Богородиці, м. Єлисаветград	1894-1897	метрична книга|народження|смерть|шлюб	3	ДАКрО-343-1-15
343	1	16	Метрична книга Церкви Покрови Пресвятої Богородиці, м. Єлисаветград	1898-1900	метрична книга|народження|смерть|шлюб	3	ДАКрО-343-1-16
343	1	17	Метрична книга Церкви Покрови Пресвятої Богородиці, м. Єлисаветград	1901-1903	метрична книга|народження|смерть|шлюб	3	ДАКрО-343-1-17
343	1	18	CМетричні книги Православних церков Єдиновірці	1904-1906	метрична книга|народження|смерть|шлюб	3	ДАКрО-343-1-18
343	1	19	Метрична книга Церкви Покрови Пресвятої Богородиці, м. Єлисаветград	1907-1909	метрична книга|народження|смерть|шлюб	3	ДАКрО-343-1-19
343	1	2	Метрична книга Церкви Покрови Пресвятої Богородиці, м. Єлисаветград	1861-1871	метрична книга|народження|смерть|шлюб	3	ДАКрО-343-1-2
343	1	20	Метрична книга Церкви Покрови Пресвятої Богородиці, м. Єлисаветград	1910-1914	метрична книга|народження|смерть|шлюб	3	ДАКрО-343-1-20
343	1	21	Метрична книга Церкви Покрови Пресвятої Богородиці, м. Єлисаветград	1915-1919	метрична книга|народження|смерть|шлюб	3	ДАКрО-343-1-21
343	1	3	Church boards and churches, Kropyvnytsky	1857-1857		3	ДАКрО-343-1-3
343	1	4	Метрична книга Церкви Покрови Пресвятої Богородиці, м. Єлисаветград	1876-1878	метрична книга|народження|смерть|шлюб	3	ДАКрО-343-1-4
343	1	4А	Метричні книги Православних церков  Єдиновірці	1878-1893	метрична книга|народження|смерть|шлюб	3	ДАКрО-343-1-4А
343	1	5	Метричні книги Православних церков	1872-1875	метрична книга|народження|смерть|шлюб	3	ДАКрО-343-1-5
343	1	6	Метрична книга Церкви Покрови Пресвятої Богородиці, м. Єлисаветград	1879-1881	метрична книга|народження|смерть|шлюб	3	ДАКрО-343-1-6
343	1	7	Метричні книги Православних церков Эдиновырцы	1882-1883	метрична книга|народження|смерть|шлюб	3	ДАКрО-343-1-7
343	1	8	Метрична книга Церкви Покрови Пресвятої Богородиці, м. Єлисаветград	1887-1887	метрична книга|народження|смерть|шлюб	3	ДАКрО-343-1-8
343	1	9	Метрична книга Церкви Покрови Пресвятої Богородиці, м. Єлисаветград	1889-1892	метрична книга|народження|смерть	3	ДАКрО-343-1-9
344	1	1	Метричні книги Православних церков	1821-1825	метрична книга|народження|смерть	2	ДАКрО-344-1-1
344	1	10	Church boards and churches, Kropyvnytsky	1883-1883	метрична книга|народження|смерть|шлюб	2	ДАКрО-344-1-10
344	1	11	Метричні книги Православних церков	1886-1889	метрична книга|народження|смерть|шлюб	2	ДАКрО-344-1-11
344	1	12	Метричні книги Православних церков	1890-1894	метрична книга|народження|смерть|шлюб	2	ДАКрО-344-1-12
344	1	13	Метричні книги Православних церков	1873-1875	метрична книга|народження|смерть|шлюб	2	ДАКрО-344-1-13
344	1	14	Метричні книги Православних церков	1878-1878	метрична книга|народження|смерть|шлюб	2	ДАКрО-344-1-14
344	1	15	Метричні книги Православних церков	1879-1879	метрична книга|народження|смерть|шлюб	2	ДАКрО-344-1-15
344	1	16	Метричні книги Православних церков	1880-1880	метрична книга|народження|смерть|шлюб	2	ДАКрО-344-1-16
344	1	17	Метричні книги Православних церков	1881-1881	метрична книга|народження|смерть|шлюб	2	ДАКрО-344-1-17
344	1	18	Метричні книги Православних церков	1882-1882	метрична книга|народження|смерть|шлюб	2	ДАКрО-344-1-18
344	1	19	Метричні книги Православних церков	1884-1884	метрична книга|народження|смерть|шлюб	2	ДАКрО-344-1-19
344	1	2	Метричні книги Православних церков Військові поселення	1825-1835	метрична книга|народження|смерть|шлюб	2	ДАКрО-344-1-2
344	1	20	Метричні книги Православних церков	1885-1886	метрична книга|народження|смерть|шлюб	2	ДАКрО-344-1-20
344	1	21	Метричні книги Православних церков	1895-1895	метрична книга|народження|смерть|шлюб	2	ДАКрО-344-1-21
344	1	22	Метричні книги Православних церков	1896-1896	метрична книга|народження|смерть|шлюб	2	ДАКрО-344-1-22
344	1	23	Метричні книги Православних церков	1897-1897	метрична книга|народження|смерть	2	ДАКрО-344-1-23
344	1	24	Метричні книги Православних церков	1898-1899	метрична книга|народження|смерть|шлюб	2	ДАКрО-344-1-24
344	1	25	Метричні книги Православних церков	1900-1900	метрична книга|народження|смерть|шлюб	2	ДАКрО-344-1-25
344	1	26	Метричні книги Православних церков	1902-1902	метрична книга|народження|смерть|шлюб	2	ДАКрО-344-1-26
344	1	27	Метричні книги Православних церков	1906-1906	метрична книга|народження|смерть|шлюб	2	ДАКрО-344-1-27
344	1	28	Метричні книги Православних церков	1907-1908	метрична книга|народження|смерть|шлюб	2	ДАКрО-344-1-28
344	1	29	Метричні книги Православних церков	1908-1910	метрична книга|народження|смерть|шлюб	2	ДАКрО-344-1-29
344	1	3	Метричні книги Православних церков	1836-1840	метрична книга|народження|смерть|шлюб	2	ДАКрО-344-1-3
344	1	30	Метричні книги Православних церков	1911-1912	метрична книга|народження|смерть|шлюб	2	ДАКрО-344-1-30
344	1	31	Метричні книги Православних церков	1913-1913	метрична книга|народження|смерть|шлюб	2	ДАКрО-344-1-31
344	1	32	Метричні книги Православних церков	1914-1914	метрична книга|народження|смерть|шлюб	2	ДАКрО-344-1-32
344	1	33	Метричні книги Православних церков	1915-1915	метрична книга|народження|смерть|шлюб	2	ДАКрО-344-1-33
344	1	34	Метричні книги Православних церков	1916-1916	метрична книга|народження|смерть|шлюб	2	ДАКрО-344-1-34
344	1	35	Метричні книги Православних церков	1917-1917	метрична книга|народження|смерть|шлюб	2	ДАКрО-344-1-35
344	1	36	Метричні книги Православних церков	1918-1918	метрична книга|народження|смерть|шлюб	2	ДАКрО-344-1-36
344	1	37	Метричні книги Православних церков	1919-1920	метрична книга|народження|смерть|шлюб	2	ДАКрО-344-1-37
344	1	38	Метричні книги Православних церков	1921-1921	метрична книга|народження|смерть|шлюб	2	ДАКрО-344-1-38
344	1	4	Метричні книги Православних церков	1841-1847,1897-1897	метрична книга|народження|смерть|шлюб	2	ДАКрО-344-1-4
344	1	5	Метричні книги Православних церков	1848-1853	метрична книга|народження|смерть|шлюб	2	ДАКрО-344-1-5
344	1	6	Метричні книги Православних церков	1854-1858	метрична книга|народження|смерть|шлюб	2	ДАКрО-344-1-6
344	1	7	Метричні книги Православних церков	1859-1862	метрична книга|народження|смерть|шлюб	2	ДАКрО-344-1-7
344	1	8	Church boards and churches, Kropyvnytsky	1863-1866	метрична книга|народження|смерть|шлюб	2	ДАКрО-344-1-8
344	1	8А	Метричні книги Православних церков	1870-1870	метрична книга|народження|смерть|шлюб	2	ДАКрО-344-1-8А
344	1	9	Метричні книги Православних церков	1876-1877	метрична книга|народження|смерть|шлюб	2	ДАКрО-344-1-9
345	1	1	Метричні книги Православних церков	1790-1822	метрична книга|народження|смерть|шлюб	2	ДАКрО-345-1-1
345	1	10	Метричні книги Православних церков	1862-1862	метрична книга|народження|смерть|шлюб	2	ДАКрО-345-1-10
345	1	11	Метричні книги Православних церков	1863-1863	метрична книга|народження|смерть|шлюб	2	ДАКрО-345-1-11
345	1	12	Church boards and churches, Kropyvnytsky	1864-1864	метрична книга|народження|смерть|шлюб	2	ДАКрО-345-1-12
345	1	13	Church boards and churches, Kropyvnytsky	1865-1865	метрична книга|народження|смерть|шлюб	2	ДАКрО-345-1-13
345	1	13А	Метричні книги Православних церков	1867-1867	метрична книга|народження|смерть|шлюб	2	ДАКрО-345-1-13А
345	1	14	Church boards and churches, Kropyvnytsky	1866-1866	метрична книга|народження|смерть|шлюб	2	ДАКрО-345-1-14
345	1	15	Метричні книги Православних церков	1868-1868	метрична книга|народження|смерть|шлюб	2	ДАКрО-345-1-15
345	1	17	Church boards and churches, Kropyvnytsky	1853-1853		2	ДАКрО-345-1-17
345	1	18	Church boards and churches, Kropyvnytsky	1865-1865		2	ДАКрО-345-1-18
345	1	1А	Метричні книги Православних церков	1822-1835	метрична книга|народження|смерть|шлюб	2	ДАКрО-345-1-1А
345	1	2	Метричні книги Православних церков	1838-1842	метрична книга|народження|смерть|шлюб	2	ДАКрО-345-1-2
345	1	21	Church boards and churches, Kropyvnytsky	1876-1879	метрична книга|народження|смерть|шлюб	2	ДАКрО-345-1-21
345	1	22	Church boards and churches, Kropyvnytsky	1877-1879	метрична книга|народження|смерть|шлюб	2	ДАКрО-345-1-22
345	1	23	Метричні книги Православних церков	1876-1876		2	ДАКрО-345-1-23
345	1	24	Метричні книги Православних церков	1873-1873	метрична книга|народження|смерть|шлюб	2	ДАКрО-345-1-24
345	1	25	Метричні книги Православних церков	1870-1870	метрична книга|народження|смерть|шлюб	2	ДАКрО-345-1-25
345	1	26	Метричні книги Православних церков	1880-1883	метрична книга|народження|смерть|шлюб	2	ДАКрО-345-1-26
345	1	26А	Метричні книги Православних церков	1881-1886	метрична книга|народження|смерть|шлюб	2	ДАКрО-345-1-26А
345	1	27	Метричні книги Православних церков	1884-1884	метрична книга|народження|смерть|шлюб	2	ДАКрО-345-1-27
345	1	28	Метричні книги Православних церков	1892-1892	метрична книга|смерть	2	ДАКрО-345-1-28
345	1	29	Метричні книги Православних церков	1881-1887	метрична книга|шлюб	2	ДАКрО-345-1-29
345	1	29А	Метричні книги Православних церков	1887-1889	метрична книга|народження|смерть|шлюб	2	ДАКрО-345-1-29А
345	1	3	Метричні книги Православних церков	1848-1848	метрична книга|народження|смерть|шлюб	2	ДАКрО-345-1-3
345	1	30	Метричні книги Православних церков	1874-1874	метрична книга|народження|смерть|шлюб	2	ДАКрО-345-1-30
345	1	31	Church boards and churches, Kropyvnytsky	1888-1889	метрична книга|шлюб	2	ДАКрО-345-1-31
345	1	32	Метричні книги Православних церков	1890-1891	метрична книга|народження|смерть	2	ДАКрО-345-1-32
345	1	32А	Метричні книги Православних церков	1890-1894	метрична книга|народження|смерть|шлюб	2	ДАКрО-345-1-32А
345	1	33	Метричні книги Православних церков	1892-1893	метрична книга|народження	2	ДАКрО-345-1-33
345	1	34	Метричні книги Православних церков	1894-1895	метрична книга|народження|смерть|шлюб	2	ДАКрО-345-1-34
345	1	35	Метричні книги Православних церков	1896-1897	метрична книга|народження|смерть|шлюб	2	ДАКрО-345-1-35
345	1	36	Church boards and churches, Kropyvnytsky	1896-1899	метрична книга|народження|смерть|шлюб	2	ДАКрО-345-1-36
345	1	37	Метричні книги Православних церков	1900-1901	метрична книга|народження|смерть|шлюб	2	ДАКрО-345-1-37
345	1	38	Church boards and churches, Kropyvnytsky	1901-1902	метрична книга|народження|смерть|шлюб	2	ДАКрО-345-1-38
345	1	39	Метричні книги Православних церков	1903-1904	метрична книга|народження|смерть|шлюб	2	ДАКрО-345-1-39
345	1	4	Метричні книги Православних церков	1849-1850,1919-1920	метрична книга|народження|смерть|шлюб	2	ДАКрО-345-1-4
345	1	40	Метричні книги Православних церков	1905-1906	метрична книга|народження|смерть|шлюб	2	ДАКрО-345-1-40
345	1	41	Метричні книги Православних церков	1907-1908	метрична книга|народження|смерть|шлюб	2	ДАКрО-345-1-41
345	1	42	Метричні книги Православних церков	1909-1910	метрична книга|народження|смерть|шлюб	2	ДАКрО-345-1-42
345	1	43	Метричні книги Православних церков	1911-1912	метрична книга|народження|смерть|шлюб	2	ДАКрО-345-1-43
345	1	44	Метричні книги Православних церков	1913-1914	метрична книга|народження|смерть|шлюб	2	ДАКрО-345-1-44
345	1	45	Метричні книги Православних церков	1915-1916	метрична книга|народження|смерть|шлюб	2	ДАКрО-345-1-45
345	1	46	Метричні книги Православних церков	1917-1918	метрична книга|народження|смерть|шлюб	2	ДАКрО-345-1-46
345	1	47	Church boards and churches, Kropyvnytsky	1919-1920	метрична книга|смерть|шлюб	2	ДАКрО-345-1-47
345	1	5	Метричні книги Православних церков	1851-1854	метрична книга|народження|смерть|шлюб	2	ДАКрО-345-1-5
345	1	6	Метричні книги Православних церков	1858-1858	метрична книга|народження|смерть|шлюб	2	ДАКрО-345-1-6
345	1	7	Метричні книги Православних церков	1859-1859	метрична книга|народження|смерть|шлюб	2	ДАКрО-345-1-7
345	1	8	Church boards and churches, Kropyvnytsky	1860-1860	метрична книга|народження|смерть|шлюб	2	ДАКрО-345-1-8
345	1	9	Метричні книги Православних церков	1861-1861	метрична книга|народження|смерть|шлюб	2	ДАКрО-345-1-9
347	1	1	Метричні книги Православних церков	1820-1830	метрична книга|народження|смерть|шлюб	2	ДАКрО-347-1-1
347	1	10	Метричні книги Православних церков Військові поселення	1856-1856	метрична книга|народження|смерть|шлюб	2	ДАКрО-347-1-10
347	1	11	Метричні книги Православних церков Військові поселення	1857-1857	метрична книга|народження|смерть|шлюб	2	ДАКрО-347-1-11
347	1	12	Метричні книги Православних церков Військові поселення	1858-1858	метрична книга|народження|смерть|шлюб	2	ДАКрО-347-1-12
347	1	13	Метричні книги Православних церков	1859-1859	метрична книга|народження|смерть|шлюб	2	ДАКрО-347-1-13
347	1	14	Метрична книга. Церква Покрови Пресвятої Богородиці, с. Грузьке Єлисаветградського пов.Єлисаветградського р-ну Грузьківської вол.	1861-1861	метрична книга|народження|смерть	2	ДАКрО-347-1-14
347	1	15	Метричні книги Православних церков	1863-1863	метрична книга|народження|смерть|шлюб	2	ДАКрО-347-1-15
347	1	16	Метричні книги Православних церков	1862-1862	метрична книга|народження|смерть|шлюб	2	ДАКрО-347-1-16
347	1	17	Метричні книги Православних церков	1864-1864	метрична книга|народження|смерть|шлюб	2	ДАКрО-347-1-17
347	1	18	Church boards and churches, Kropyvnytsky	1831-1836	метрична книга|сповідальні відомості	2	ДАКрО-347-1-18
347	1	19	Church boards and churches, Kropyvnytsky	1837-1847	метрична книга|сповідальні відомості	2	ДАКрО-347-1-19
347	1	20	Church boards and churches, Kropyvnytsky	1872-1872	метрична книга|сповідальні відомості	2	ДАКрО-347-1-20
347	1	21	Church boards and churches, Kropyvnytsky	1870-1870	метрична книга|сповідальні відомості	2	ДАКрО-347-1-21
347	1	22	Church boards and churches, Kropyvnytsky	1878-1878		2	ДАКрО-347-1-22
347	1	23	Church boards and churches, Kropyvnytsky	1856-1856	метрична книга|сповідальні відомості	2	ДАКрО-347-1-23
347	1	24	Church boards and churches, Kropyvnytsky	1863-1865	метрична книга|сповідальні відомості	2	ДАКрО-347-1-24
347	1	25	Church boards and churches, Kropyvnytsky	1884-1884	метрична книга|сповідальні відомості	2	ДАКрО-347-1-25
347	1	26	Church boards and churches, Kropyvnytsky	1886-1886	метрична книга|сповідальні відомості	2	ДАКрО-347-1-26
347	1	26А	Church boards and churches, Kropyvnytsky	1909-1909	метрична книга|сповідальні відомості	2	ДАКрО-347-1-26А
347	1	27	Church boards and churches, Kropyvnytsky	1830-1832		2	ДАКрО-347-1-27
347	1	28	Church boards and churches, Kropyvnytsky	1845-1847		2	ДАКрО-347-1-28
347	1	29	Church boards and churches, Kropyvnytsky	1863-1865		2	ДАКрО-347-1-29
347	1	3	Метричні книги Православних церков Військові поселення	1818-1839	метрична книга|народження|смерть|шлюб	2	ДАКрО-347-1-3
347	1	30	Church boards and churches, Kropyvnytsky	1901-1901	метрична книга|сповідальні відомості	2	ДАКрО-347-1-30
347	1	31	Church boards and churches, Kropyvnytsky	1911-1911	метрична книга|сповідальні відомості	2	ДАКрО-347-1-31
347	1	32	Church boards and churches, Kropyvnytsky	1891-1904		2	ДАКрО-347-1-32
347	1	33	Church boards and churches, Kropyvnytsky	1827-1840	метрична книга|сповідальні відомості	2	ДАКрО-347-1-33
347	1	34	Church boards and churches, Kropyvnytsky	1840-1849	метрична книга|сповідальні відомості	2	ДАКрО-347-1-34
347	1	35	Church boards and churches, Kropyvnytsky	1850-1850	метрична книга|сповідальні відомості	2	ДАКрО-347-1-35
347	1	36	Church boards and churches, Kropyvnytsky	1859-1859		2	ДАКрО-347-1-36
347	1	37	Church boards and churches, Kropyvnytsky	1871-1871	метрична книга|сповідальні відомості	2	ДАКрО-347-1-37
347	1	38	Church boards and churches, Kropyvnytsky	1850-1850	метрична книга|сповідальні відомості	2	ДАКрО-347-1-38
347	1	39	Church boards and churches, Kropyvnytsky	1894-1894	метрична книга|сповідальні відомості	2	ДАКрО-347-1-39
347	1	4	Church boards and churches, Kropyvnytsky	1852-1852	метрична книга|сповідальні відомості	2	ДАКрО-347-1-4
347	1	40	Метричні книги Православних церков	1878-1878	метрична книга|народження|смерть|шлюб	2	ДАКрО-347-1-40
347	1	41	Метричні книги Православних церков	1876-1876	метрична книга|народження	2	ДАКрО-347-1-41
347	1	42	Метричні книги Православних церков	1881-1886	метрична книга|народження|шлюб	2	ДАКрО-347-1-42
347	1	43	Метричні книги Православних церков	1865-1865	метрична книга|народження|смерть|шлюб	2	ДАКрО-347-1-43
347	1	44	Метричні книги Православних церков	1866-1866	метрична книга|народження|смерть|шлюб	2	ДАКрО-347-1-44
347	1	45	Метричні книги Православних церков	1867-1867	метрична книга|народження|смерть|шлюб	2	ДАКрО-347-1-45
347	1	46	Метричні книги Православних церков	1868-1868	метрична книга|народження|смерть|шлюб	2	ДАКрО-347-1-46
347	1	47	Метричні книги Православних церков	1869-1869	метрична книга|народження|смерть|шлюб	2	ДАКрО-347-1-47
347	1	48	Метричні книги Православних церков	1870-1870	метрична книга|народження|смерть|шлюб	2	ДАКрО-347-1-48
347	1	49	Метричні книги Православних церков	1871-1871	метрична книга|народження|смерть|шлюб	2	ДАКрО-347-1-49
347	1	5	Метричні книги Православних церков Військові поселення	1840-1844	метрична книга|народження|смерть|шлюб	2	ДАКрО-347-1-5
347	1	50	Метричні книги Православних церков	1872-1872	метрична книга|народження|смерть|шлюб	2	ДАКрО-347-1-50
347	1	51	Метричні книги Православних церков	1873-1873	метрична книга|народження|смерть|шлюб	2	ДАКрО-347-1-51
347	1	52	Метричні книги Православних церков	1874-1874	метрична книга|народження|смерть|шлюб	2	ДАКрО-347-1-52
347	1	53	Метричні книги Православних церков	1875-1875	метрична книга|народження|смерть|шлюб	2	ДАКрО-347-1-53
347	1	54	Метричні книги Православних церков	1877-1877	метрична книга|народження|смерть|шлюб	2	ДАКрО-347-1-54
347	1	55	Метричні книги Православних церков	1879-1879	метрична книга|народження|смерть|шлюб	2	ДАКрО-347-1-55
347	1	56	Метричні книги Православних церков	1880-1880	метрична книга|народження|смерть|шлюб	2	ДАКрО-347-1-56
347	1	57	Метричні книги Православних церков	1887-1887	метрична книга|народження|смерть|шлюб	2	ДАКрО-347-1-57
347	1	58	Метричні книги Православних церков	1888-1888	метрична книга|народження|смерть|шлюб	2	ДАКрО-347-1-58
347	1	59	Метричні книги Православних церков	1889-1889	метрична книга|народження|смерть|шлюб	2	ДАКрО-347-1-59
347	1	6	Метричні книги Православних церков Військові поселення	1845-1847	метрична книга|народження|смерть|шлюб	1	ДАКрО-347-1-6
347	1	60	Метричні книги Православних церков	1890-1890	метрична книга|народження|смерть|шлюб	2	ДАКрО-347-1-60
347	1	61	Метричні книги Православних церков	1891-1891	метрична книга|народження|смерть|шлюб	2	ДАКрО-347-1-61
347	1	62	Метричні книги Православних церков	1892-1893	метрична книга|народження|сповідальні відомості|шлюб	2	ДАКрО-347-1-62
347	1	63	Метричні книги Православних церков	1894-1894	метрична книга|народження|смерть|шлюб	2	ДАКрО-347-1-63
347	1	64	Метричні книги Православних церков	1895-1895	метрична книга|народження|смерть|шлюб	2	ДАКрО-347-1-64
347	1	65	Метричні книги Православних церков	1896-1897	метрична книга|народження|смерть|шлюб	2	ДАКрО-347-1-65
347	1	66	Метричні книги Православних церков	1898-1898	метрична книга|народження|смерть|шлюб	2	ДАКрО-347-1-66
347	1	67	Метричні книги Православних церков	1899-1899	метрична книга|народження|смерть|шлюб	2	ДАКрО-347-1-67
347	1	68	Метричні книги Православних церков	1900-1900	метрична книга|народження|смерть|шлюб	2	ДАКрО-347-1-68
347	1	69	Метричні книги Православних церков	1901-1901	метрична книга|народження|смерть|шлюб	2	ДАКрО-347-1-69
347	1	7	Метричні книги Православних церков Військові поселення	1851-1854	метрична книга|народження|смерть|шлюб	2	ДАКрО-347-1-7
347	1	70	Метричні книги Православних церков	1902-1902	метрична книга|народження|смерть|шлюб	2	ДАКрО-347-1-70
347	1	71	Метричні книги Православних церков	1903-1904	метрична книга|народження|смерть|шлюб	2	ДАКрО-347-1-71
347	1	72	Метричні книги Православних церков	1905-1906	метрична книга|народження|смерть|шлюб	2	ДАКрО-347-1-72
347	1	73	Метричні книги Православних церков	1907-1908	метрична книга|народження|шлюб	2	ДАКрО-347-1-73
347	1	74	Метричні книги Православних церков	1909-1909	метрична книга|народження|шлюб	2	ДАКрО-347-1-74
347	1	75	Метричні книги Православних церков	1910-1910	метрична книга|народження|шлюб	2	ДАКрО-347-1-75
347	1	76	Метричні книги Православних церков	1911-1911	метрична книга|народження|шлюб	2	ДАКрО-347-1-76
347	1	77	Метричні книги Православних церков	1912-1912	метрична книга|народження|шлюб	2	ДАКрО-347-1-77
347	1	78	Метричні книги Православних церков	1913-1913	метрична книга|народження|шлюб	2	ДАКрО-347-1-78
347	1	79	Метричні книги Православних церков	1914-1914	метрична книга|народження|шлюб	2	ДАКрО-347-1-79
347	1	8	Метричні книги Православних церков Військові поселення	1854-1854	метрична книга|народження|смерть|шлюб	2	ДАКрО-347-1-8
347	1	80	Метричні книги Православних церков	1915-1915	метрична книга|народження|шлюб	2	ДАКрО-347-1-80
347	1	81	Метричні книги Православних церков	1916-1916	метрична книга|народження|шлюб	2	ДАКрО-347-1-81
347	1	82	Метричні книги Православних церков	1917-1917	метрична книга|народження|шлюб	2	ДАКрО-347-1-82
347	1	83	Метричні книги Православних церков	1918-1918	метрична книга|народження|шлюб	2	ДАКрО-347-1-83
347	1	84	Метричні книги Православних церков	1919-1919	метрична книга|народження|смерть|шлюб	2	ДАКрО-347-1-84
347	1	85	Метричні книги Православних церков	1919-1919		2	ДАКрО-347-1-85
347	1	86	Метричні книги Православних церков	1920-1921	метрична книга|народження|смерть	2	ДАКрО-347-1-86
347	1	9	Метричні книги Православних церков Військові поселення	1855-1855	метрична книга|народження|смерть|шлюб	2	ДАКрО-347-1-9
348	1	1	Метричні книги Православних церков Військові поселення	1843-1848	метрична книга|народження|смерть|шлюб	2	ДАКрО-348-1-1
348	1	10	Метричні книги Православних церков	1877-1877	метрична книга|народження|смерть|шлюб	2	ДАКрО-348-1-10
348	1	11	Метричні книги Православних церков	1885-1889	метрична книга|народження|смерть|шлюб	2	ДАКрО-348-1-11
348	1	12	Метричні книги Православних церков	1890-1894	метрична книга|народження|смерть|шлюб	2	ДАКрО-348-1-12
348	1	13	Метричні книги Православних церков	1867-1874	метрична книга|народження|смерть|шлюб	2	ДАКрО-348-1-13
348	1	14	Метричні книги Православних церков	1875-1877		2	ДАКрО-348-1-14
348	1	15	Метричні книги Православних церков	1878-1879	метрична книга|смерть|шлюб	2	ДАКрО-348-1-15
348	1	16	Метричні книги Православних церков	1881-1884	метрична книга|народження|смерть|шлюб	2	ДАКрО-348-1-16
348	1	17	Метричні книги Православних церков	1886-1889		2	ДАКрО-348-1-17
348	1	18	Метричні книги Православних церков	1890-1892	метрична книга|народження|смерть|шлюб	2	ДАКрО-348-1-18
348	1	19	Метричні книги Православних церков	1893-1894		2	ДАКрО-348-1-19
348	1	2	Метричні книги Православних церков	1853-1853	метрична книга|народження|смерть|шлюб	2	ДАКрО-348-1-2
348	1	20	Метричні книги Православних церков	1895-1899	метрична книга|народження|смерть|шлюб	2	ДАКрО-348-1-20
348	1	21	Метричні книги Православних церков	1895-1896	метрична книга|народження|смерть|шлюб	3	ДАКрО-348-1-21
348	1	22	Метричні книги Православних церков	1897-1899	метрична книга|народження|смерть|шлюб	2	ДАКрО-348-1-22
348	1	23	Метричні книги Православних церков	1900-1902	метрична книга|народження|смерть|шлюб	2	ДАКрО-348-1-23
348	1	24	Метричні книги Православних церков	1903-1906	метрична книга|народження|смерть|шлюб	2	ДАКрО-348-1-24
348	1	25	Метричні книги Православних церков	1907-1909	метрична книга|народження|смерть|шлюб	2	ДАКрО-348-1-25
348	1	26	Метричні книги Православних церков	1911-1912	метрична книга|народження|смерть|шлюб	2	ДАКрО-348-1-26
348	1	27	Метричні книги Православних церков	1913-1913	метрична книга|народження|смерть|шлюб	2	ДАКрО-348-1-27
348	1	28	Метричні книги Православних церков	1913-1917	метрична книга|народження|смерть|шлюб	2	ДАКрО-348-1-28
348	1	3	Метричні книги Православних церков	1854-1854	метрична книга|народження|смерть|шлюб	2	ДАКрО-348-1-3
348	1	4	Метричні книги Православних церков	1857-1857	метрична книга|народження|смерть|шлюб	2	ДАКрО-348-1-4
348	1	5	Метричні книги Православних церков	1856-1856	метрична книга|народження|смерть|шлюб	2	ДАКрО-348-1-5
348	1	6	Метричні книги Православних церков	1855-1855	метрична книга|народження|смерть|шлюб	2	ДАКрО-348-1-6
348	1	7	Метричні книги Православних церков	1858-1858	метрична книга|народження|смерть|шлюб	2	ДАКрО-348-1-7
348	1	8	Метричні книги Православних церков	1859-1861	метрична книга|народження|смерть|шлюб	2	ДАКрО-348-1-8
348	1	9	Метричні книги Православних церков	1862-1862	метрична книга|народження|смерть|шлюб	2	ДАКрО-348-1-9
349	1	1	Метрична книга Церкви на честь Володимирської ікони Божої Матері, м. Єлисаветград Єлисаветградського повіту Херсонської губернії	1792-1805	метрична книга|народження|смерть|шлюб	3	ДАКрО-349-1-1
349	1	10	Метрична книга Церкви на честь Володимирської ікони Божої Матері, м. Єлисаветград Єлисаветградського повіту Херсонської губернії	1860-1860	метрична книга|народження|смерть|шлюб	3	ДАКрО-349-1-10
349	1	11	Метрична книга Церкви на честь Володимирської ікони Божої Матері, м. Єлисаветград Єлисаветградського повіту Херсонської губернії	1861-1861	метрична книга|народження|смерть|шлюб	3	ДАКрО-349-1-11
349	1	12	Метрична книга Церкви на честь Володимирської ікони Божої Матері, м. Єлисаветград Єлисаветградського повіту Херсонської губернії	1862-1862	метрична книга|народження|смерть|шлюб	3	ДАКрО-349-1-12
349	1	13	Метрична книга Церкви на честь Володимирської ікони Божої Матері, м. Єлисаветград Єлисаветградського повіту Херсонської губернії	1863-1863	метрична книга|народження|смерть	3	ДАКрО-349-1-13
349	1	14	Метрична книга Церкви на честь Володимирської ікони Божої Матері, м. Єлисаветград Єлисаветградського повіту Херсонської губернії	1864-1864	метрична книга|народження|смерть|шлюб	3	ДАКрО-349-1-14
349	1	15	Метрична книга Церкви на честь Володимирської ікони Божої Матері, м. Єлисаветград Єлисаветградського повіту Херсонської губернії	1865-1865	метрична книга|народження|смерть|шлюб	3	ДАКрО-349-1-15
349	1	16	Метрична книга Церкви на честь Володимирської ікони Божої Матері, м. Єлисаветград Єлисаветградського повіту Херсонської губернії	1866-1866	метрична книга|народження|смерть|шлюб	3	ДАКрО-349-1-16
349	1	16А	Метрична книга Церкви на честь Володимирської ікони Божої Матері, м. Єлисаветград Єлисаветградського повіту Херсонської губернії	1866-1867	метрична книга|народження|смерть|шлюб	3	ДАКрО-349-1-16А
349	1	17	Метрична книга Церкви на честь Володимирської ікони Божої Матері, м. Єлисаветград Єлисаветградського повіту Херсонської губернії	1876-1876	метрична книга|народження|смерть|шлюб	3	ДАКрО-349-1-17
349	1	18	Метрична книга Церкви на честь Володимирської ікони Божої Матері, м. Єлисаветград Єлисаветградського повіту Херсонської губернії	1869-1869	метрична книга|народження|смерть|шлюб	3	ДАКрО-349-1-18
349	1	19	Метрична книга Церкви на честь Володимирської ікони Божої Матері, м. Єлисаветград Єлисаветградського повіту Херсонської губернії	1872-1872	метрична книга|народження|смерть|шлюб	3	ДАКрО-349-1-19
349	1	2	Метрична книга Церкви на честь Володимирської ікони Божої Матері, м. Єлисаветград Єлисаветградського повіту Херсонської губернії	1827-1832	метрична книга|народження|смерть|шлюб	3	ДАКрО-349-1-2
349	1	20	Метрична книга Церкви на честь Володимирської ікони Божої Матері, м. Єлисаветград Єлисаветградського повіту Херсонської губернії	1873-1873	метрична книга|народження|смерть|шлюб	3	ДАКрО-349-1-20
349	1	21	Метрична книга Церкви на честь Володимирської ікони Божої Матері, м. Єлисаветград Єлисаветградського повіту Херсонської губернії	1878-1878	метрична книга|народження|шлюб	3	ДАКрО-349-1-21
349	1	22	Метрична книга Церкви на честь Володимирської ікони Божої Матері, м. Єлисаветград Єлисаветградського повіту Херсонської губернії	1870-1870	метрична книга|народження|смерть|шлюб	3	ДАКрО-349-1-22
349	1	23	Метрична книга Церкви на честь Володимирської ікони Божої Матері, м. Єлисаветград Єлисаветградського повіту Херсонської губернії	1871-1871	метрична книга|народження|смерть|шлюб	3	ДАКрО-349-1-23
349	1	24	Метрична книга Церкви на честь Володимирської ікони Божої Матері, м. Єлисаветград Єлисаветградського повіту Херсонської губернії	1874-1874	метрична книга|народження|смерть|шлюб	3	ДАКрО-349-1-24
349	1	25	Метрична книга Церкви на честь Володимирської ікони Божої Матері, м. Єлисаветград Єлисаветградського повіту Херсонської губернії	1879-1880	метрична книга|народження|смерть|шлюб	3	ДАКрО-349-1-25
349	1	26	Метрична книга Церкви на честь Володимирської ікони Божої Матері, м. Єлисаветград Єлисаветградського повіту Херсонської губернії	1877-1877	метрична книга|народження|смерть|шлюб	3	ДАКрО-349-1-26
349	1	27	Метрична книга Церкви на честь Володимирської ікони Божої Матері, м. Єлисаветград Єлисаветградського повіту Херсонської губернії	1882-1882	метрична книга|народження|смерть|шлюб	3	ДАКрО-349-1-27
349	1	28	Метрична книга Церкви на честь Володимирської ікони Божої Матері, м. Єлисаветград Єлисаветградського повіту Херсонської губернії	1880-1881	метрична книга|народження|смерть	3	ДАКрО-349-1-28
349	1	29	Метрична книга Церкви на честь Володимирської ікони Божої Матері, м. Єлисаветград Єлисаветградського повіту Херсонської губернії	1881-1881		3	ДАКрО-349-1-29
349	1	29А	Метрична книга Церкви на честь Володимирської ікони Божої Матері, м. Єлисаветград Єлисаветградського повіту Херсонської губернії	1883-1885	метрична книга|народження|смерть|шлюб	3	ДАКрО-349-1-29А
349	1	29Б	Метрична книга Церкви на честь Володимирської ікони Божої Матері, м. Єлисаветград Єлисаветградського повіту Херсонської губернії	1886-1887	метрична книга|народження|смерть|шлюб	3	ДАКрО-349-1-29Б
349	1	3	Метрична книга Церкви на честь Володимирської ікони Божої Матері, м. Єлисаветград Єлисаветградського повіту Херсонської губернії	1839-1842	метрична книга|народження|смерть|шлюб	3	ДАКрО-349-1-3
349	1	30	Метрична книга Церкви на честь Володимирської ікони Божої Матері, м. Єлисаветград Єлисаветградського повіту Херсонської губернії	1884-1886	метрична книга|смерть|шлюб	3	ДАКрО-349-1-30
349	1	31	Метрична книга Церкви на честь Володимирської ікони Божої Матері, м. Єлисаветград Єлисаветградського повіту Херсонської губернії	1888-1889	метрична книга|народження|смерть|шлюб	3	ДАКрО-349-1-31
349	1	32	Метрична книга Церкви на честь Володимирської ікони Божої Матері, м. Єлисаветград Єлисаветградського повіту Херсонської губернії	1890-1890	метрична книга|народження|смерть|шлюб	3	ДАКрО-349-1-32
349	1	33	Метрична книга Церкви на честь Володимирської ікони Божої Матері, м. Єлисаветград Єлисаветградського повіту Херсонської губернії	1891-1891	метрична книга|народження|смерть|шлюб	3	ДАКрО-349-1-33
349	1	34	Метрична книга Церкви на честь Володимирської ікони Божої Матері, м. Єлисаветград Єлисаветградського повіту Херсонської губернії	1893-1893	метрична книга|народження|смерть|шлюб	3	ДАКрО-349-1-34
349	1	34А	Метрична книга Церкви на честь Володимирської ікони Божої Матері, м. Єлисаветград Єлисаветградського повіту Херсонської губернії	1893-1893		3	ДАКрО-349-1-34А
349	1	35	Метрична книга Церкви на честь Володимирської ікони Божої Матері, м. Єлисаветград Єлисаветградського повіту Херсонської губернії	1894-1894	метрична книга|народження|смерть|шлюб	3	ДАКрО-349-1-35
349	1	36	Метрична книга Церкви на честь Володимирської ікони Божої Матері, м. Єлисаветград Єлисаветградського повіту Херсонської губернії	1895-1895	метрична книга|народження|смерть|шлюб	3	ДАКрО-349-1-36
349	1	37	Метрична книга Церкви на честь Володимирської ікони Божої Матері, м. Єлисаветград Єлисаветградського повіту Херсонської губернії	1896-1896	метрична книга|народження|смерть|шлюб	3	ДАКрО-349-1-37
349	1	38	Метрична книга Церкви на честь Володимирської ікони Божої Матері, м. Єлисаветград Єлисаветградського повіту Херсонської губернії	1897-1897	метрична книга|народження|смерть|шлюб	3	ДАКрО-349-1-38
349	1	39	Метрична книга Церкви на честь Володимирської ікони Божої Матері, м. Єлисаветград Єлисаветградського повіту Херсонської губернії	1898-1898	метрична книга|народження|смерть|шлюб	3	ДАКрО-349-1-39
349	1	4	Метрична книга Церкви на честь Володимирської ікони Божої Матері, м. Єлисаветград Єлисаветградського повіту Херсонської губернії	1846-1850	метрична книга|народження|смерть|шлюб	3	ДАКрО-349-1-4
349	1	40	Метрична книга Церкви на честь Володимирської ікони Божої Матері, м. Єлисаветград Єлисаветградського повіту Херсонської губернії	1899-1899	метрична книга|народження|смерть|шлюб	3	ДАКрО-349-1-40
349	1	41	Метрична книга Церкви на честь Володимирської ікони Божої Матері, м. Єлисаветград Єлисаветградського повіту Херсонської губернії	1900-1900	метрична книга|народження|смерть|шлюб	3	ДАКрО-349-1-41
349	1	42	Метрична книга Церкви на честь Володимирської ікони Божої Матері, м. Єлисаветград Єлисаветградського повіту Херсонської губернії	1901-1901	метрична книга|народження|смерть|шлюб	3	ДАКрО-349-1-42
349	1	43	Метрична книга Церкви на честь Володимирської ікони Божої Матері, м. Єлисаветград Єлисаветградського повіту Херсонської губернії	1902-1902	метрична книга|народження|смерть|шлюб	3	ДАКрО-349-1-43
349	1	44	Метрична книга Церкви на честь Володимирської ікони Божої Матері, м. Єлисаветград Єлисаветградського повіту Херсонської губернії	1903-1903	метрична книга|народження|смерть|шлюб	3	ДАКрО-349-1-44
349	1	444	Метрична книга. Церква на честь Володимирівської ікони Божої Матері, м. Єлисаветград Єли-саветградського пов.	1884-1885	метрична книга|смерть	0	ДАКрО-349-1-444
349	1	45	Метрична книга Церкви на честь Володимирської ікони Божої Матері, м. Єлисаветград Єлисаветградського повіту Херсонської губернії	1904-1904	метрична книга|народження|смерть|шлюб	3	ДАКрО-349-1-45
349	1	46	Метрична книга Церкви на честь Володимирської ікони Божої Матері, м. Єлисаветград Єлисаветградського повіту Херсонської губернії	1905-1905	метрична книга|народження|смерть|шлюб	3	ДАКрО-349-1-46
349	1	47	Метрична книга Церкви на честь Володимирської ікони Божої Матері, м. Єлисаветград Єлисаветградського повіту Херсонської губернії	1906-1906	метрична книга|народження|смерть|шлюб	3	ДАКрО-349-1-47
349	1	48	Метрична книга реєстрації актів про народження, шлюб та смерть,  1907р., 01.01.1907-29.12.1907, 159 арк.	1907-1907	метрична книга|народження|смерть|шлюб	2	ДАКрО-349-1-48
349	1	49	Метрична книга Церкви на честь Володимирської ікони Божої Матері, м. Єлисаветград Єлисаветградського повіту Херсонської губернії	1908-1908	метрична книга|народження|смерть|шлюб	3	ДАКрО-349-1-49
349	1	5	Метрична книга Церкви на честь Володимирської ікони Божої Матері, м. Єлисаветград Єлисаветградського повіту Херсонської губернії	1851-1854	метрична книга|народження|смерть|шлюб	3	ДАКрО-349-1-5
349	1	50	Метрична книга Церкви на честь Володимирської ікони Божої Матері, м. Єлисаветград Єлисаветградського повіту Херсонської губернії	1909-1909	метрична книга|народження|смерть|шлюб	3	ДАКрО-349-1-50
349	1	51	Метрична книга Церкви на честь Володимирської ікони Божої Матері, м. Єлисаветград Єлисаветградського повіту Херсонської губернії	1910-1910	метрична книга|народження|смерть|шлюб	3	ДАКрО-349-1-51
349	1	52	Метрична книга Церкви на честь Володимирської ікони Божої Матері, м. Єлисаветград Єлисаветградського повіту Херсонської губернії	1911-1911	метрична книга|народження|смерть|шлюб	3	ДАКрО-349-1-52
349	1	53	Метрична книга Церкви на честь Володимирської ікони Божої Матері, м. Єлисаветград Єлисаветградського повіту Херсонської губернії	1912-1912	метрична книга|народження|смерть|шлюб	3	ДАКрО-349-1-53
349	1	54	Метрична книга Церкви на честь Володимирської ікони Божої Матері, м. Єлисаветград Єлисаветградського повіту Херсонської губернії	1913-1913	метрична книга|народження|смерть|шлюб	3	ДАКрО-349-1-54
349	1	55	Метрична книга Церкви на честь Володимирської ікони Божої Матері, м. Єлисаветград Єлисаветградського повіту Херсонської губернії	1914-1914	метрична книга|народження|смерть|шлюб	3	ДАКрО-349-1-55
349	1	56	Метрична книга Церкви на честь Володимирської ікони Божої Матері, м. Єлисаветград Єлисаветградського повіту Херсонської губернії	1915-1915	метрична книга|народження|смерть|шлюб	3	ДАКрО-349-1-56
349	1	57	Метрична книга Церкви на честь Володимирської ікони Божої Матері, м. Єлисаветград Єлисаветградського повіту Херсонської губернії	1916-1916	метрична книга|народження|смерть|шлюб	3	ДАКрО-349-1-57
349	1	58	Метрична книга Церкви на честь Володимирської ікони Божої Матері, м. Єлисаветград Єлисаветградського повіту Херсонської губернії	1917-1917	метрична книга|народження|смерть|шлюб	3	ДАКрО-349-1-58
349	1	59	Метрична книга Церкви на честь Володимирської ікони Божої Матері, м. Єлисаветград Єлисаветградського повіту Херсонської губернії	1918-1918	метрична книга|народження|смерть|шлюб	3	ДАКрО-349-1-59
349	1	6	Метрична книга Церкви на честь Володимирської ікони Божої Матері, м. Єлисаветград Єлисаветградського повіту Херсонської губернії	1855-1856	метрична книга|народження|смерть|шлюб	3	ДАКрО-349-1-6
349	1	60	Метрична книга Церкви на честь Володимирської ікони Божої Матері, м. Єлисаветград Єлисаветградського повіту Херсонської губернії	1919-1920	метрична книга|народження|смерть|шлюб	3	ДАКрО-349-1-60
349	1	7	Метрична книга Церкви на честь Володимирської ікони Божої Матері, м. Єлисаветград Єлисаветградського повіту Херсонської губернії	1857-1857	метрична книга|народження|смерть|шлюб	3	ДАКрО-349-1-7
349	1	8	Метрична книга Церкви на честь Володимирської ікони Божої Матері, м. Єлисаветград Єлисаветградського повіту Херсонської губернії	1858-1858	метрична книга|народження|смерть|шлюб	3	ДАКрО-349-1-8
349	1	9	Метрична книга Церкви на честь Володимирської ікони Божої Матері, м. Єлисаветград Єлисаветградського повіту Херсонської губернії	1859-1859	метрична книга|народження|смерть|шлюб	3	ДАКрО-349-1-9
350	1	1	Метрична книга церкви Різдва Іоанна Предтечі, с. Ганнинське Єлисаветградського повіту Херсонської губернії	1845-1848	метрична книга|народження|смерть|шлюб	3	ДАКрО-350-1-1
350	1	10	Метрична книга церкви Різдва Іоанна Предтечі, с. Ганнинське Єлисаветградського повіту Херсонської губернії	1862-1862	метрична книга|народження|смерть|шлюб	3	ДАКрО-350-1-10
350	1	11	Сповідальні розписи церкви Різдва Іоанна Предтечі, с. Ганнинське Єлисаветградського повіту Херсонської губернії	1850-1858	метрична книга|сповідальні відомості	3	ДАКрО-350-1-11
350	1	12	Метрична книга церкви Різдва Іоанна Предтечі, с. Ганнинське Єлисаветградського повіту Херсонської губернії	1863-1865	метрична книга|смерть|шлюб	3	ДАКрО-350-1-12
350	1	13	Church boards and churches, Kropyvnytsky	1907-1909		2	ДАКрО-350-1-13
350	1	14	Church boards and churches, Kropyvnytsky	1889-1891		2	ДАКрО-350-1-14
350	1	15	Сповідальні розписи церкви Різдва Іоанна Предтечі, с. Ганнинське Єлисаветградського повіту Херсонської губернії	1895-1895		3	ДАКрО-350-1-15
350	1	16	Church boards and churches, Kropyvnytsky	1879-1881	метрична книга|сповідальні відомості	2	ДАКрО-350-1-16
350	1	17	Church boards and churches, Kropyvnytsky	1903-1904	метрична книга|сповідальні відомості	2	ДАКрО-350-1-17
350	1	18	Church boards and churches, Kropyvnytsky	1910-1912		2	ДАКрО-350-1-18
350	1	19	Church boards and churches, Kropyvnytsky	1913-1915		2	ДАКрО-350-1-19
350	1	2	Метрична книга церкви Різдва Іоанна Предтечі, с. Ганнинське Єлисаветградського повіту Херсонської губернії	1849-1850	метрична книга|народження|смерть|шлюб	3	ДАКрО-350-1-2
350	1	20	Church boards and churches, Kropyvnytsky	1876-1876		2	ДАКрО-350-1-20
350	1	21	Church boards and churches, Kropyvnytsky	1892-1894		2	ДАКрО-350-1-21
350	1	22	Сповідальні розписи церкви Різдва Іоанна Предтечі, с. Ганнинське Єлисаветградського повіту Херсонської губернії	1896-1900	метрична книга|сповідальні відомості	3	ДАКрО-350-1-22
350	1	23	Church boards and churches, Kropyvnytsky	1904-1911		2	ДАКрО-350-1-23
350	1	24	Church boards and churches, Kropyvnytsky	1892-1903		2	ДАКрО-350-1-24
350	1	25	Church boards and churches, Kropyvnytsky	1885-1886	метрична книга|сповідальні відомості	2	ДАКрО-350-1-25
350	1	26	Church boards and churches, Kropyvnytsky	1832-1832		2	ДАКрО-350-1-26
350	1	27	Church boards and churches, Kropyvnytsky	1869-1870	метрична книга|сповідальні відомості	2	ДАКрО-350-1-27
350	1	28	Сповідальні розписи церкви Різдва Іоанна Предтечі, с. Ганнинське Єлисаветградського повіту Херсонської губернії	1901-1901	метрична книга|сповідальні відомості	3	ДАКрО-350-1-28
350	1	29	Church boards and churches, Kropyvnytsky	1890-1891	метрична книга|сповідальні відомості	2	ДАКрО-350-1-29
350	1	3	Метрична книга церкви Різдва Іоанна Предтечі, с. Ганнинське Єлисаветградського повіту Херсонської губернії	1839-1844	метрична книга|народження|смерть|шлюб	3	ДАКрО-350-1-3
350	1	30	Church boards and churches, Kropyvnytsky	1865-1868	метрична книга|сповідальні відомості	2	ДАКрО-350-1-30
350	1	31	Church boards and churches, Kropyvnytsky	1859-1865		2	ДАКрО-350-1-31
350	1	32	Сповідальні розписи церкви Різдва Іоанна Предтечі, с. Ганнинське Єлисаветградського повіту Херсонської губернії	1913-1915	метрична книга|сповідальні відомості	3	ДАКрО-350-1-32
350	1	33	Church boards and churches, Kropyvnytsky	1840-1840		2	ДАКрО-350-1-33
350	1	34	Сповідальні розписи церкви Різдва Іоанна Предтечі, с. Ганнинське Єлисаветградського повіту Херсонської губернії	1914-1914		3	ДАКрО-350-1-34
350	1	35	Метрична книга церкви Різдва Іоанна Предтечі, с. Ганнинське Єлисаветградського повіту Херсонської губернії	1883-1885	метрична книга|народження|смерть|шлюб	3	ДАКрО-350-1-35
350	1	36	Метрична книга церкви Різдва Іоанна Предтечі, с. Ганнинське Єлисаветградського повіту Херсонської губернії	1891-1891	метрична книга|народження|смерть|шлюб	3	ДАКрО-350-1-36
350	1	37	Метрична книга церкви Різдва Іоанна Предтечі, с. Ганнинське Єлисаветградського повіту Херсонської губернії	1866-1869	метрична книга|народження|смерть|шлюб	3	ДАКрО-350-1-37
350	1	38	Метрична книга церкви Різдва Іоанна Предтечі, с. Ганнинське Єлисаветградського повіту Херсонської губернії	1878-1878	метрична книга|народження|смерть|шлюб	3	ДАКрО-350-1-38
350	1	39	Church boards and churches, Kropyvnytsky	1875-1875	метрична книга|народження|смерть|шлюб	2	ДАКрО-350-1-39
350	1	4	Метрична книга церкви Різдва Іоанна Предтечі, с. Ганнинське Єлисаветградського повіту Херсонської губернії	1825-1838	метрична книга|народження|смерть|шлюб	3	ДАКрО-350-1-4
350	1	40	Метрична книга церкви Різдва Іоанна Предтечі, с. Ганнинське Єлисаветградського повіту Херсонської губернії	1882-1882	метрична книга|народження|смерть|шлюб	3	ДАКрО-350-1-40
350	1	41	Метрична книга церкви Різдва Іоанна Предтечі, с. Ганнинське Єлисаветградського повіту Херсонської губернії	1893-1895	метрична книга|народження|смерть|шлюб	3	ДАКрО-350-1-41
350	1	42	Метрична книга церкви Різдва Іоанна Предтечі, с. Ганнинське Єлисаветградського повіту Херсонської губернії	1897-1897	метрична книга|смерть|шлюб	3	ДАКрО-350-1-42
350	1	43	Метрична книга церкви Різдва Іоанна Предтечі, с. Ганнинське Єлисаветградського повіту Херсонської губернії	1898-1899	метрична книга|народження|смерть|шлюб	3	ДАКрО-350-1-43
350	1	44	Метрична книга церкви Різдва Іоанна Предтечі, с. Ганнинське Єлисаветградського повіту Херсонської губернії	1892-1892,1896-1900	метрична книга|народження|смерть|шлюб	3	ДАКрО-350-1-44
350	1	45	Метрична книга церкви Різдва Іоанна Предтечі, с. Ганнинське Єлисаветградського повіту Херсонської губернії	1905-1907	метрична книга|народження|смерть|шлюб	3	ДАКрО-350-1-45
350	1	46	Метрична книга церкви Різдва Іоанна Предтечі, с. Ганнинське Єлисаветградського повіту Херсонської губернії	1910-1913	метрична книга|народження|смерть|шлюб	3	ДАКрО-350-1-46
350	1	47	Метрична книга церкви Різдва Іоанна Предтечі, с. Ганнинське Єлисаветградського повіту Херсонської губернії	1914-1916	метрична книга|народження|смерть|шлюб	3	ДАКрО-350-1-47
350	1	48	Метрична книга церкви Різдва Іоанна Предтечі, с. Ганнинське Єлисаветградського повіту Херсонської губернії	1917-1917	метрична книга|народження|смерть|шлюб	3	ДАКрО-350-1-48
350	1	5	Метрична книга церкви Різдва Іоанна Предтечі, с. Ганнинське Єлисаветградського повіту Херсонської губернії	1803-1810	метрична книга|народження|смерть|шлюб	3	ДАКрО-350-1-5
350	1	6	Метрична книга церкви Різдва Іоанна Предтечі, с. Ганнинське Єлисаветградського повіту Херсонської губернії	1811-1824	метрична книга|народження|смерть|шлюб	3	ДАКрО-350-1-6
350	1	7	Метрична книга церкви Різдва Іоанна Предтечі, с. Ганнинське Єлисаветградського повіту Херсонської губернії	1851-1852	метрична книга|народження|смерть|шлюб	3	ДАКрО-350-1-7
350	1	8	Метрична книга церкви Різдва Іоанна Предтечі, с. Ганнинське Єлисаветградського повіту Херсонської губернії	1853-1857	метрична книга|народження|смерть|шлюб	3	ДАКрО-350-1-8
350	1	9	Метрична книга церкви Різдва Іоанна Предтечі, с. Ганнинське Єлисаветградського повіту Херсонської губернії	1858-1861	метрична книга|народження|смерть|шлюб	3	ДАКрО-350-1-9
352	1	1	Метрична книга церкви Преображення Господнього, м. Єлисаветград Єлисаветградського повіту Херсонської губернії	1842-1847	метрична книга|народження|смерть|шлюб	3	ДАКрО-352-1-1
352	1	10	Метрична книга церкви Преображення Господнього, м. Єлисаветград Єлисаветградського повіту Херсонської губернії	1910-1913	метрична книга|народження|смерть|шлюб	3	ДАКрО-352-1-10
352	1	11	Метрична книга церкви Преображення Господнього, м. Єлисаветград Єлисаветградського повіту Херсонської губернії	1914-1917	метрична книга|народження|смерть|шлюб	3	ДАКрО-352-1-11
352	1	12	Метрична книга церкви Преображення Господнього, м. Єлисаветград Єлисаветградського повіту Херсонської губернії	1918-1919	метрична книга|народження|смерть|шлюб	3	ДАКрО-352-1-12
352	1	2	Метрична книга церкви Преображення Господнього, м. Єлисаветград Єлисаветградського повіту Херсонської губернії	1874-1879	метрична книга|народження|смерть|шлюб	3	ДАКрО-352-1-2
352	1	3	Метрична книга церкви Преображення Господнього, м. Єлисаветград Єлисаветградського повіту Херсонської губернії	1882-1882	метрична книга|народження|смерть|шлюб	3	ДАКрО-352-1-3
352	1	4	Метрична книга церкви Преображення Господнього, м. Єлисаветград Єлисаветградського повіту Херсонської губернії	1867-1873	метрична книга|народження|смерть|шлюб	3	ДАКрО-352-1-4
352	1	4А	Метричні книги Православних церков	1878-1893	метрична книга|народження|смерть|шлюб	2	ДАКрО-352-1-4А
352	1	4Б	Метрична книга. Церква Преображення Господнього, м. Єлисаветград Єлисаветградського пов.	1886-1886	метрична книга|народження|смерть|шлюб	0	ДАКрО-352-1-4Б
352	1	5	Метрична книга церкви Преображення Господнього, м. Єлисаветград Єлисаветградського повіту Херсонської губернії	1880-1883	метрична книга|народження|смерть|шлюб	3	ДАКрО-352-1-5
352	1	6	Метрична книга церкви Преображення Господнього, м. Єлисаветград Єлисаветградського повіту Херсонської губернії	1884-1894	метрична книга|народження|смерть|шлюб	3	ДАКрО-352-1-6
352	1	7	Метрична книга церкви Преображення Господнього, м. Єлисаветград Єлисаветградського повіту Херсонської губернії	1895-1901	метрична книга|народження|смерть|шлюб	3	ДАКрО-352-1-7
352	1	8	Метрична книга церкви Преображення Господнього, м. Єлисаветград Єлисаветградського повіту Херсонської губернії	1902-1905	метрична книга|народження|смерть|шлюб	3	ДАКрО-352-1-8
352	1	9	Духовні правління та церкви, Кропивницький	1906-1909	метрична книга|народження|смерть|шлюб	3	ДАКрО-352-1-9
353	1	1	Метрична книга церкви Знаменія Божої Матері, м. Єлисаветград Єлисаветградського повіту Херсонської губернії	1792-1818	метрична книга|народження|смерть|шлюб	3	ДАКрО-353-1-1
353	1	10	Метрична книга церкви Знаменія Божої Матері, м. Єлисаветград Єлисаветградського повіту Херсонської губернії	1859-1860	метрична книга|народження|смерть|шлюб	3	ДАКрО-353-1-10
353	1	11	Метрична книга церкви Знаменія Божої Матері, м. Єлисаветград Єлисаветградського повіту Херсонської губернії	1861-1861		3	ДАКрО-353-1-11
353	1	12	Метрична книга церкви Знаменія Божої Матері, м. Єлисаветград Єлисаветградського повіту Херсонської губернії	1862-1862		3	ДАКрО-353-1-12
353	1	13	Метрична книга церкви Знаменія Божої Матері, м. Єлисаветград Єлисаветградського повіту Херсонської губернії	1863-1863		3	ДАКрО-353-1-13
353	1	14	Метрична книга церкви Знаменія Божої Матері, м. Єлисаветград Єлисаветградського повіту Херсонської губернії	1866-1867	метрична книга|народження|смерть|шлюб	3	ДАКрО-353-1-14
353	1	15	Метрична книга церкви Знаменія Божої Матері, м. Єлисаветград Єлисаветградського повіту Херсонської губернії	1868-1869	метрична книга|народження|смерть|шлюб	3	ДАКрО-353-1-15
353	1	16	Метрична книга церкви Знаменія Божої Матері, м. Єлисаветград Єлисаветградського повіту Херсонської губернії	1850-1850	метрична книга|сповідальні відомості	3	ДАКрО-353-1-16
353	1	17	Метрична книга церкви Знаменія Божої Матері, м. Єлисаветград Єлисаветградського повіту Херсонської губернії	1873-1973	метрична книга|народження|смерть|шлюб	3	ДАКрО-353-1-17
353	1	18	Метрична книга церкви Знаменія Божої Матері, м. Єлисаветград Єлисаветградського повіту Херсонської губернії	1870-1871	метрична книга|народження|смерть|шлюб	3	ДАКрО-353-1-18
353	1	19	Метрична книга церкви Знаменія Божої Матері, м. Єлисаветград Єлисаветградського повіту Херсонської губернії	1872-1873	метрична книга|народження|смерть|шлюб	2	ДАКрО-353-1-19
353	1	2	Метрична книга церкви Знаменія Божої Матері, м. Єлисаветград Єлисаветградського повіту Херсонської губернії	1829-1838	метрична книга|народження|смерть|шлюб	3	ДАКрО-353-1-2
353	1	20	Метрична книга церкви Знаменія Божої Матері, м. Єлисаветград Єлисаветградського повіту Херсонської губернії	1879-1879		3	ДАКрО-353-1-20
353	1	21	Метрична книга церкви Знаменія Божої Матері, м. Єлисаветград Єлисаветградського повіту Херсонської губернії	1864-1865	метрична книга|смерть	3	ДАКрО-353-1-21
353	1	22	Метрична книга церкви Знаменія Божої Матері, м. Єлисаветград Єлисаветградського повіту Херсонської губернії	1876-1877	метрична книга|народження|смерть|шлюб	3	ДАКрО-353-1-22
353	1	23	Метрична книга церкви Знаменія Божої Матері, м. Єлисаветград Єлисаветградського повіту Херсонської губернії	1878-1879	метрична книга|народження|смерть|шлюб	3	ДАКрО-353-1-23
353	1	24	Метрична книга церкви Знаменія Божої Матері, м. Єлисаветград Єлисаветградського повіту Херсонської губернії	1880-1881	метрична книга|народження|смерть|шлюб	3	ДАКрО-353-1-24
353	1	242				0	ДАКрО-353-1-242
353	1	24А	Метрична книга церкви Знаменія Божої Матері, м. Єлисаветград Єлисаветградського повіту Херсонської губернії	1881-1886	метрична книга|народження|смерть|шлюб	2	ДАКрО-353-1-24А
353	1	25	Метрична книга церкви Знаменія Божої Матері, м. Єлисаветград Єлисаветградського повіту Херсонської губернії	1882-1884	метрична книга|народження|смерть|шлюб	3	ДАКрО-353-1-25
353	1	26	Метрична книга церкви Знаменія Божої Матері, м. Єлисаветград Єлисаветградського повіту Херсонської губернії	1885-1885		3	ДАКрО-353-1-26
353	1	27	Метрична книга церкви Знаменія Божої Матері, м. Єлисаветград Єлисаветградського повіту Херсонської губернії	1886-1886		3	ДАКрО-353-1-27
353	1	28	Метрична книга церкви Знаменія Божої Матері, м. Єлисаветград Єлисаветградського повіту Херсонської губернії	1887-1888	метрична книга|народження|смерть|шлюб	3	ДАКрО-353-1-28
353	1	28А	Метрична книга церкви Знаменія Божої Матері, м. Єлисаветград Єлисаветградського повіту Херсонської губернії	1887-1890	метрична книга|народження|смерть|шлюб	3	ДАКрО-353-1-28А
353	1	29	Church boards and churches, Kropyvnytsky	1889-1890	метрична книга|народження|смерть|шлюб	2	ДАКрО-353-1-29
353	1	29А	Метрична книга церкви Знаменія Божої Матері, м. Єлисаветград Єлисаветградського повіту Херсонської губернії	1881-1882,1890-1894	метрична книга|народження|смерть|шлюб	3	ДАКрО-353-1-29А
353	1	3	Метрична книга церкви Знаменія Божої Матері, м. Єлисаветград Єлисаветградського повіту Херсонської губернії	1839-1843	метрична книга|народження|смерть|шлюб	3	ДАКрО-353-1-3
353	1	30	Метрична книга церкви Знаменія Божої Матері, м. Єлисаветград Єлисаветградського повіту Херсонської губернії	1891-1892		3	ДАКрО-353-1-30
353	1	31	Метрична книга церкви Знаменія Божої Матері, м. Єлисаветград Єлисаветградського повіту Херсонської губернії	1893-1893		3	ДАКрО-353-1-31
353	1	32	Метрична книга церкви Знаменія Божої Матері, м. Єлисаветград Єлисаветградського повіту Херсонської губернії	1894-1895	метрична книга|народження|смерть|шлюб	3	ДАКрО-353-1-32
353	1	33	Метрична книга церкви Знаменія Божої Матері, м. Єлисаветград Єлисаветградського повіту Херсонської губернії	1896-1897	метрична книга|народження|шлюб	3	ДАКрО-353-1-33
353	1	34	Метрична книга церкви Знаменія Божої Матері, м. Єлисаветград Єлисаветградського повіту Херсонської губернії	1898-1899	метрична книга|народження|смерть|шлюб	3	ДАКрО-353-1-34
353	1	35	Метрична книга церкви Знаменія Божої Матері, м. Єлисаветград Єлисаветградського повіту Херсонської губернії	1900-1901	метрична книга|народження|смерть|шлюб	3	ДАКрО-353-1-35
353	1	36	Метрична книга церкви Знаменія Божої Матері, м. Єлисаветград Єлисаветградського повіту Херсонської губернії	1902-1903	метрична книга|народження|смерть|шлюб	3	ДАКрО-353-1-36
353	1	37	Метричні книги Православних церков	1904-1905	метрична книга|народження|смерть|шлюб	2	ДАКрО-353-1-37
353	1	38	Метрична книга церкви Знаменія Божої Матері, м. Єлисаветград Єлисаветградського повіту Херсонської губернії	1906-1907	метрична книга|народження|смерть|шлюб	3	ДАКрО-353-1-38
353	1	39	Метрична книга церкви Знаменія Божої Матері, м. Єлисаветград Єлисаветградського повіту Херсонської губернії	1908-1909	метрична книга|народження|смерть|шлюб	2	ДАКрО-353-1-39
353	1	4	Метрична книга церкви Знаменія Божої Матері, м. Єлисаветград Єлисаветградського повіту Херсонської губернії	1847-1849	метрична книга|народження|смерть|шлюб	3	ДАКрО-353-1-4
353	1	40	Метрична книга церкви Знаменія Божої Матері, м. Єлисаветград Єлисаветградського повіту Херсонської губернії	1910-1911	метрична книга|народження|смерть|шлюб	3	ДАКрО-353-1-40
353	1	41	Метрична книга церкви Знаменія Божої Матері, м. Єлисаветград Єлисаветградського повіту Херсонської губернії	1912-1913	метрична книга|народження|смерть|шлюб	3	ДАКрО-353-1-41
353	1	42	Метрична книга церкви Знаменія Божої Матері, м. Єлисаветград Єлисаветградського повіту Херсонської губернії	1914-1914	метрична книга|народження|смерть|шлюб	2	ДАКрО-353-1-42
353	1	43	Метрична книга церкви Знаменія Божої Матері, м. Єлисаветград Єлисаветградського повіту Херсонської губернії	1915-1915	метрична книга|народження|смерть|шлюб	3	ДАКрО-353-1-43
353	1	44	Метрична книга церкви Знаменія Божої Матері, м. Єлисаветград Єлисаветградського повіту Херсонської губернії	1916-1916	метрична книга|народження|смерть|шлюб	3	ДАКрО-353-1-44
353	1	45	Метрична книга церкви Знаменія Божої Матері, м. Єлисаветград Єлисаветградського повіту Херсонської губернії	1919-1919	метрична книга|народження|смерть|шлюб	3	ДАКрО-353-1-45
353	1	5	Метрична книга церкви Знаменія Божої Матері, м. Єлисаветград Єлисаветградського повіту Херсонської губернії	1853-1853	метрична книга|народження|смерть|шлюб	3	ДАКрО-353-1-5
353	1	6	Метрична книга церкви Знаменія Божої Матері, м. Єлисаветград Єлисаветградського повіту Херсонської губернії	1855-1855	метрична книга|народження|смерть|шлюб	3	ДАКрО-353-1-6
353	1	7	Метрична книга церкви Знаменія Божої Матері, м. Єлисаветград Єлисаветградського повіту Херсонської губернії	1856-1856	метрична книга|народження|смерть|шлюб	3	ДАКрО-353-1-7
353	1	8	Метрична книга церкви Знаменія Божої Матері, м. Єлисаветград Єлисаветградського повіту Херсонської губернії	1857-1857	метрична книга|народження|смерть|шлюб	3	ДАКрО-353-1-8
353	1	9	Метрична книга церкви Знаменія Божої Матері, м. Єлисаветград Єлисаветградського повіту Херсонської губернії	1858-1858	метрична книга|народження|смерть|шлюб	3	ДАКрО-353-1-9
356	1	1	Відомості, сповідальні розписи та метрична книга церкви Святої Трійці м. Новгородка Олександрійського повіту	1863-1863		3	ДАКрО-356-1-1
356	1	2	Відомості, сповідальні розписи та метрична книга церкви Святої Трійці м. Новгородка Олександрійського повіту	1864-1864		3	ДАКрО-356-1-2
356	1	3	Виписи про шлюб церкви Святої Трійці м. Новгородка Олександрійського повіту	1862-1862,1863-1879	метрична книга|шлюбні обшуки	3	ДАКрО-356-1-3
356	1	4	Метричні книги церков Св. Трійці та Успенської м. Новгородка Олександрійського повіту	1891-1892	метрична книга|народження|смерть|шлюб	3	ДАКрО-356-1-4
356	1	5	Метричні книги церков Св. Трійці та Успенської м. Новгородка Олександрійського повіту	1893-1893	метрична книга|народження|смерть|шлюб	3	ДАКрО-356-1-5
356	1	6	Метричні книги церков Св. Трійці та Успенської м. Новгородка Олександрійського повіту	1894-1894	метрична книга|народження|смерть|шлюб	3	ДАКрО-356-1-6
356	1	7	Метричні книги церков Св. Трійці та Успенської м. Новгородка Олександрійського повіту	1895-1896	метрична книга|народження|смерть|шлюб	3	ДАКрО-356-1-7
403	1	1	Метрична книга Бобринецької синагоги. Народження	1853-1853	метрична книга|народження	3	ДАКрО-403-1-1
403	1	10	Метрична книга Бобринецької синагоги. Народження	1859-1860	метрична книга|народження	3	ДАКрО-403-1-10
403	1	11	Метрична книга Бобринецької синагоги. Народження	1861-1861		3	ДАКрО-403-1-11
403	1	12	Метрична книга Бобринецької синагоги. Народження	1861-1861,1862-1862	метрична книга|народження	3	ДАКрО-403-1-12
403	1	13	Метрична книга Бобринецької синагоги. Народження	1862-1862		3	ДАКрО-403-1-13
403	1	14	Метрична книга Бобринецької синагоги. Народження	1853-1853,1861-1861	метрична книга|народження	3	ДАКрО-403-1-14
403	1	15	Метрична книга Бобринецької синагоги. Шлюб	1853-1854	метрична книга|шлюб	3	ДАКрО-403-1-15
403	1	16	Метрична книга Бобринецької синагоги. Шлюб	1853-1854	метрична книга|шлюб	3	ДАКрО-403-1-16
403	1	17	Метрична книга Бобринецької синагоги. Шлюб	1857-1857	метрична книга|шлюб	3	ДАКрО-403-1-17
403	1	18	Метрична книга Бобринецької синагоги. Шлюб	1857-1857		3	ДАКрО-403-1-18
403	1	19	Метрична книга Бобринецької синагоги. Шлюб	1855-1855	метрична книга|шлюб	3	ДАКрО-403-1-19
403	1	2	Метрична книга Бобринецької синагоги. Народження	1853-1854	метрична книга|народження	3	ДАКрО-403-1-2
403	1	20	Метрична книга Бобринецької синагоги. Шлюб	1856-1857	метрична книга|шлюб	3	ДАКрО-403-1-20
403	1	21	Метрична книга Бобринецької синагоги. Шлюб	1858-1858	метрична книга|шлюб	3	ДАКрО-403-1-21
403	1	22	Метрична книга Бобринецької синагоги. Шлюб	1858-1858		3	ДАКрО-403-1-22
403	1	23	Метрична книга Бобринецької синагоги. Шлюб	1858-1858,1859-1859		3	ДАКрО-403-1-23
403	1	24	Метрична книга Бобринецької синагоги. Шлюб	1859-1859	метрична книга|шлюб	3	ДАКрО-403-1-24
403	1	25	Метрична книга Бобринецької синагоги. Шлюб	1860-1860	метрична книга|шлюб	3	ДАКрО-403-1-25
403	1	26	Метрична книга Бобринецької синагоги. Шлюб	1860-1860		3	ДАКрО-403-1-26
403	1	27	Метрична книга Бобринецької синагоги. Шлюб	1861-1861	метрична книга|шлюб	3	ДАКрО-403-1-27
403	1	28	Метрична книга Бобринецької синагоги. Шлюб	1862-1862	метрична книга|шлюб	3	ДАКрО-403-1-28
403	1	29	Метрична книга Бобринецької синагоги. Розлучення	1857-1857	метрична книга|розлучення	3	ДАКрО-403-1-29
403	1	3	Метрична книга Бобринецької синагоги. Народження	1856-1856	метрична книга|народження	3	ДАКрО-403-1-3
403	1	30	Метрична книга Бобринецької синагоги. Розлучення	1854-1854,1858-1858		3	ДАКрО-403-1-30
403	1	31	Метрична книга Бобринецької синагоги. Розлучення	1858-1858	метрична книга|розлучення	3	ДАКрО-403-1-31
403	1	32	Метрична книга Бобринецької синагоги. Розлучення	1858-1858		3	ДАКрО-403-1-32
403	1	33	Метрична книга Бобринецької синагоги. Розлучення	1859-1859	метрична книга|розлучення	3	ДАКрО-403-1-33
403	1	34	Метрична книга Бобринецької синагоги. Розлучення	1859-1859		3	ДАКрО-403-1-34
403	1	35	Метрична книга Бобринецької синагоги. Смерть	1853-1854	метрична книга|смерть	3	ДАКрО-403-1-35
403	1	36	Метрична книга Бобринецької синагоги. Смерть	1855-1855	метрична книга|смерть	3	ДАКрО-403-1-36
403	1	37	Метрична книга Бобринецької синагоги. Смерть	1855-1855		3	ДАКрО-403-1-37
403	1	38	Метрична книга Бобринецької синагоги. Смерть	1856-1856	метрична книга|смерть	3	ДАКрО-403-1-38
403	1	39	Метрична книга Бобринецької синагоги. Смерть	1857-1857	метрична книга|смерть	3	ДАКрО-403-1-39
403	1	4	Метрична книга Бобринецької синагоги. Народження	1857-1857	метрична книга|народження	3	ДАКрО-403-1-4
403	1	40	Метрична книга Бобринецької синагоги. Смерть	1857-1857		3	ДАКрО-403-1-40
403	1	41	Метрична книга Бобринецької синагоги. Смерть	1858-1858		3	ДАКрО-403-1-41
403	1	42	Метрична книга Бобринецької синагоги. Смерть	1858-1858,1913-1913		3	ДАКрО-403-1-42
403	1	43	Метрична книга Бобринецької синагоги. Народження	1858-1858		3	ДАКрО-403-1-43
403	1	44	Метрична книга Бобринецької синагоги. Смерть	1859-1859		3	ДАКрО-403-1-44
403	1	45	Метрична книга Бобринецької синагоги. Смерть	1859-1859	метрична книга|смерть	3	ДАКрО-403-1-45
403	1	46	Метрична книга Бобринецької синагоги. Смерть	1859-1859		3	ДАКрО-403-1-46
403	1	47	Метрична книга Бобринецької синагоги. Смерть	1860-1860	метрична книга|смерть	3	ДАКрО-403-1-47
403	1	48	Метрична книга Бобринецької синагоги. Смерть	1861-1861	метрична книга|смерть	3	ДАКрО-403-1-48
403	1	49	Метрична книга Бобринецької синагоги. Смерть	1861-1861	метрична книга|смерть	3	ДАКрО-403-1-49
403	1	5	Метрична книга Бобринецької синагоги. Народження	1857-1857		3	ДАКрО-403-1-5
403	1	50	Метрична книга Бобринецької синагоги. Смерть	1862-1862		3	ДАКрО-403-1-50
403	1	6	Метрична книга Бобринецької синагоги. Народження	1855-1855	метрична книга|народження	3	ДАКрО-403-1-6
403	1	7	Метрична книга Бобринецької синагоги. Народження	1858-1858	метрична книга|народження	3	ДАКрО-403-1-7
403	1	8	Метрична книга Бобринецької синагоги. Народження	1859-1859	метрична книга|народження	3	ДАКрО-403-1-8
403	1	9	Метрична книга Бобринецької синагоги. Народження	1859-1859		3	ДАКрО-403-1-9
404	1	1	Метрична книга євреїв колоній Ізраїлівка та Сагайдак	1854-1854	метрична книга|народження|смерть|шлюб	3	ДАКрО-404-1-1
404	1	10	Метрична книга євреїв колоній Ізраїлівка та Сагайдак	1901-1901	метрична книга|народження|розлучення|смерть|шлюб	3	ДАКрО-404-1-10
404	1	11	Метрична книга євреїв колоній Ізраїлівка та Сагайдак	1916-1919	метрична книга|народження|розлучення|смерть|шлюб	3	ДАКрО-404-1-11
404	1	2	Метрична книга євреїв колоній Ізраїлівка та Сагайдак	1854-1855	метрична книга|народження|розлучення|шлюб	3	ДАКрО-404-1-2
404	1	3	Метрична книга євреїв колоній Ізраїлівка та Сагайдак	1857-1857	метрична книга|народження|розлучення|смерть|шлюб	3	ДАКрО-404-1-3
404	1	4	Метрична книга євреїв колоній Ізраїлівка та Сагайдак	1858-1858	метрична книга|народження|розлучення|смерть|шлюб	3	ДАКрО-404-1-4
404	1	5	Метрична книга євреїв колоній Ізраїлівка та Сагайдак	1859-1859	метрична книга|народження|розлучення|смерть|шлюб	3	ДАКрО-404-1-5
404	1	6	Метрична книга євреїв колоній Ізраїлівка та Сагайдак	1862-1862	метрична книга|народження|смерть|шлюб	3	ДАКрО-404-1-6
404	1	7	Метрична книга євреїв колоній Ізраїлівка та Сагайдак	1857-1857		2	ДАКрО-404-1-7
404	1	8	Метрична книга євреїв колоній Ізраїлівка та Сагайдак	1860-1860		3	ДАКрО-404-1-8
404	1	9	Метрична книга євреїв колоній Ізраїлівка та Сагайдак	1861-1862	метрична книга|народження|розлучення|смерть|шлюб	3	ДАКрО-404-1-9
407	1	1	Церковні документи	1908-1918	метрична книга|шлюбні обшуки	2	ДАКрО-407-1-1
407	1	2	Church boards and churches, Kropyvnytsky	1829-1844		2	ДАКрО-407-1-2
408	1	1	Метрична книга Єлисаветградського костелу	1861-1865	метрична книга|народження|шлюб	3	ДАКрО-408-1-1
408	1	2	Метрична книга Єлисаветградського костелу. Народження	1877-1893	метрична книга|народження	3	ДАКрО-408-1-2
408	1	3	Метрична книга Єлисаветградського костелу. Смерть	1877-1908	метрична книга|смерть	3	ДАКрО-408-1-3
408	1	4	Метрична книга Єлисаветградського костелу. Смерть	1909-1918	метрична книга|смерть	3	ДАКрО-408-1-4
408	1	5	Метрична книга Єлисаветградського костелу. Шлюб	1909-1921	метрична книга|шлюб	3	ДАКрО-408-1-5
408	1	6	Метрична книга Єлисаветградського костелу. Народження	1911-1921	метрична книга|народження	3	ДАКрО-408-1-6
408	1	7	Архівний опис справ Римо-Католицької церкви	1861-1921		2	ДАКрО-408-1-7
409	1	1	Церковні документи	1809-1809	метрична книга|сповідальні відомості	2	ДАКрО-409-1-1
409	1	2	Church boards and churches, Kropyvnytsky	1827-1829		2	ДАКрО-409-1-2
409	1	3	Church boards and churches, Kropyvnytsky	1824-1826		2	ДАКрО-409-1-3
409	1	4	Метричні книги Православних церков	1793-1804	метрична книга|народження|смерть|шлюб	2	ДАКрО-409-1-4
413	1	1	Метричні книги Православних церков	1828-1835	метрична книга|народження|смерть|шлюб	2	ДАКрО-413-1-1
413	1	10	Метричні книги Православних церков	1860-1861	метрична книга|народження|смерть|шлюб	2	ДАКрО-413-1-10
413	1	11	Метричні книги Православних церков	1862-1864	метрична книга|народження|смерть|шлюб	2	ДАКрО-413-1-11
413	1	12	Метричні книги Православних церков	1876-1876	метрична книга|народження|смерть|шлюб	2	ДАКрО-413-1-12
413	1	13	Church boards and churches, Kropyvnytsky	1878-1878	метрична книга|народження|смерть|шлюб	2	ДАКрО-413-1-13
413	1	14	Метричні книги Православних церков	1882-1886	метрична книга|народження|смерть|шлюб	2	ДАКрО-413-1-14
413	1	15	Church boards and churches, Kropyvnytsky	1887-1889	метрична книга|народження|смерть|шлюб	2	ДАКрО-413-1-15
413	1	16	Метричні книги Православних церков	1891-1894	метрична книга|народження|смерть|шлюб	2	ДАКрО-413-1-16
413	1	17	Метричні книги Православних церков	1895-1897	метрична книга|народження|смерть|шлюб	2	ДАКрО-413-1-17
413	1	18	Метричні книги Православних церков	1900-1902	метрична книга|народження|смерть|шлюб	2	ДАКрО-413-1-18
413	1	19	Метричні книги Православних церков	1904-1904	метрична книга|народження|смерть|шлюб	2	ДАКрО-413-1-19
413	1	2	Church boards and churches, Kropyvnytsky	1816-1828	метрична книга|народження|смерть|шлюб	2	ДАКрО-413-1-2
413	1	20	Church boards and churches, Kropyvnytsky	1904-1909	метрична книга|народження|смерть|шлюб	2	ДАКрО-413-1-20
413	1	21	Метричні книги Православних церков	1907-1911	метрична книга|народження|смерть|шлюб	2	ДАКрО-413-1-21
413	1	22	Метричні книги Православних церков	1912-1913	метрична книга|народження|смерть|шлюб	2	ДАКрО-413-1-22
413	1	23	Метричні книги Православних церков	1915-1916	метрична книга|народження|смерть|шлюб	2	ДАКрО-413-1-23
413	1	3	Метричні книги Православних церков	1841-1845	метрична книга|народження|смерть|шлюб	2	ДАКрО-413-1-3
413	1	4	Метричні книги Православних церков	1840-1840	метрична книга|народження|смерть|шлюб	2	ДАКрО-413-1-4
413	1	5	Church boards and churches, Kropyvnytsky	1846-1848	метрична книга|народження|смерть|шлюб	2	ДАКрО-413-1-5
413	1	6	Church boards and churches, Kropyvnytsky	1849-1850	метрична книга|народження|смерть|шлюб	2	ДАКрО-413-1-6
413	1	8	Church boards and churches, Kropyvnytsky	1852-1853	метрична книга|народження|смерть|шлюб	2	ДАКрО-413-1-8
413	1	9	Метричні книги Православних церков	1854-1859	метрична книга|народження|смерть|шлюб	2	ДАКрО-413-1-9
414	1	1	Church boards and churches, Kropyvnytsky	1879-1879	метрична книга|народження|смерть|шлюб	2	ДАКрО-414-1-1
414	1	2	Метричні книги Православних церков	1877-1877	метрична книга|народження|смерть|шлюб	2	ДАКрО-414-1-2
414	1	3	Метричні книги Православних церков	1881-1883	метрична книга|народження|смерть|шлюб	2	ДАКрО-414-1-3
414	1	4	Метричні книги Православних церков	1901-1901	метрична книга|народження|шлюб	2	ДАКрО-414-1-4
414	1	5	Метричні книги Православних церков	1908-1908	метрична книга|народження	2	ДАКрО-414-1-5
418	1	1	Church boards and churches, Kropyvnytsky	1784-1813	метрична книга|народження|смерть|шлюб	2	ДАКрО-418-1-1
418	1	10	Church boards and churches, Kropyvnytsky	1863-1866	метрична книга|народження|смерть|шлюб	2	ДАКрО-418-1-10
418	1	11	Метричні книги Православних церков	1876-1877	метрична книга|народження|смерть|шлюб	2	ДАКрО-418-1-11
418	1	12	Метричні книги Православних церков	1881-1884	метрична книга|народження|смерть|шлюб	2	ДАКрО-418-1-12
418	1	13	Метричні книги Православних церков	1886-1889	метрична книга|народження|смерть|шлюб	2	ДАКрО-418-1-13
418	1	14	Church boards and churches, Kropyvnytsky	1891-1894	метрична книга|народження|смерть|шлюб	2	ДАКрО-418-1-14
418	1	15	Метричні книги Православних церков	1895-1899	метрична книга|народження|смерть|шлюб	2	ДАКрО-418-1-15
418	1	16	Метричні книги Православних церков	1900-1903		2	ДАКрО-418-1-16
418	1	17	Church boards and churches, Kropyvnytsky	1904-1910	метрична книга|народження|смерть|шлюб	2	ДАКрО-418-1-17
418	1	18	Метрична книга. Святодухівська церква, с. Кагарлик Єлисаветградського пов. Марківської вол.	1911-1913,1911-1916,1915-1915	метрична книга|смерть|шлюб	2	ДАКрО-418-1-18
418	1	2	Church boards and churches, Kropyvnytsky	1813-1831	метрична книга|смерть	2	ДАКрО-418-1-2
418	1	3	Church boards and churches, Kropyvnytsky	1819-1835	метрична книга|народження|смерть|шлюб	2	ДАКрО-418-1-3
418	1	4	Метричні книги Православних церков	1837-1847	метрична книга|народження|смерть|шлюб	2	ДАКрО-418-1-4
418	1	5	Метричні книги Православних церков	1844-1847	метрична книга|народження|смерть|шлюб	2	ДАКрО-418-1-5
418	1	6	Church boards and churches, Kropyvnytsky	1848-1851	метрична книга|народження|смерть|шлюб	2	ДАКрО-418-1-6
418	1	7	Church boards and churches, Kropyvnytsky	1851-1859	метрична книга|народження|смерть|шлюб	2	ДАКрО-418-1-7
418	1	8	Church boards and churches, Kropyvnytsky	1855-1858	метрична книга|народження|смерть|шлюб	2	ДАКрО-418-1-8
418	1	9	Church boards and churches, Kropyvnytsky	1860-1862	метрична книга|народження|смерть|шлюб	2	ДАКрО-418-1-9
418	1	СР16	Метрична книга. Святодухівська церква, с. Кагарлик Єлисаветградського пов. Марківської вол.	1900-1903	метрична книга|народження|смерть|шлюб	0	ДАКрО-418-1-СР16
420	1	1	Church boards and churches, Kropyvnytsky	1902-1902		2	ДАКрО-420-1-1
420	1	10	Метричні книги Православних церков	1920-1920	метрична книга|народження|смерть|шлюб	2	ДАКрО-420-1-10
420	1	2	Метричні книги Православних церков	1902-1904	метрична книга|народження|смерть|шлюб	2	ДАКрО-420-1-2
420	1	3	Метричні книги Православних церков	1907-1914	метрична книга|народження|смерть|шлюб	2	ДАКрО-420-1-3
420	1	4	Метричні книги Православних церков	1911-1917	метрична книга|народження|смерть|шлюб	2	ДАКрО-420-1-4
420	1	4А	Метричні книги Православних церков	1905-1905	метрична книга|народження|смерть|шлюб	2	ДАКрО-420-1-4А
420	1	5	Метричні книги Православних церков	1915-1915	метрична книга|народження|смерть|шлюб	2	ДАКрО-420-1-5
420	1	5А	Метричні книги Православних церков	1915-1916	метрична книга|народження|смерть|шлюб	2	ДАКрО-420-1-5А
420	1	6	Метричні книги Православних церков	1916-1916		2	ДАКрО-420-1-6
420	1	7	Метричні книги Православних церков	1917-1917	метрична книга|народження|шлюб	2	ДАКрО-420-1-7
420	1	8	Метричні книги Православних церков	1918-1918	метрична книга|народження	2	ДАКрО-420-1-8
420	1	9	Метричні книги Православних церков	1919-1919	метрична книга|народження|смерть	2	ДАКрО-420-1-9
421	1	1	Метричні книги Православних церков	1864-1865	метрична книга|народження|смерть|шлюб	2	ДАКрО-421-1-1
421	1	10	Метричні книги Православних церков	1900-1902	метрична книга|народження|смерть|шлюб	2	ДАКрО-421-1-10
421	1	11	Метричні книги Православних церков	1903-1905	метрична книга|народження|смерть|шлюб	2	ДАКрО-421-1-11
421	1	12	Метричні книги Православних церков	1906-1910	метрична книга|народження|смерть|шлюб	2	ДАКрО-421-1-12
421	1	13	Метричні книги Православних церков	1896-1913	метрична книга|народження|смерть|шлюб	2	ДАКрО-421-1-13
421	1	14	Метричні книги Православних церков	1911-1911	метрична книга|народження|смерть|шлюб	2	ДАКрО-421-1-14
421	1	15	Метричні книги Православних церков	1912-1912	метрична книга|народження|шлюб	2	ДАКрО-421-1-15
421	1	16	Метричні книги Православних церков	1915-1916	метрична книга|народження|смерть|шлюб	2	ДАКрО-421-1-16
421	1	2	Метричні книги Православних церков	1862-1863	метрична книга|народження|шлюб	2	ДАКрО-421-1-2
421	1	3	Метричні книги Православних церков	1876-1877	метрична книга|народження|смерть|шлюб	2	ДАКрО-421-1-3
421	1	4	Метричні книги Православних церков	1878-1878	метрична книга|народження|смерть|шлюб	2	ДАКрО-421-1-4
421	1	5	Метричні книги Православних церков	1881-1883	метрична книга|народження|смерть|шлюб	2	ДАКрО-421-1-5
421	1	6	Метричні книги Православних церков	1884-1889	метрична книга|народження|смерть|шлюб	2	ДАКрО-421-1-6
421	1	7	Метричні книги Православних церков	1890-1893	метрична книга|народження|смерть|шлюб	2	ДАКрО-421-1-7
421	1	8	Метричні книги Православних церков	1894-1897	метрична книга|народження|смерть|шлюб	2	ДАКрО-421-1-8
421	1	9	Метричні книги Православних церков	1898-1899	метрична книга|народження|смерть|шлюб	2	ДАКрО-421-1-9
460	1	1	Рекрутський набір євреїв Єлисаветграда	1827-1827		2	ДАКрО-460-1-1
460	1	10	Church boards and churches, Kropyvnytsky	1829-1829		1	ДАКрО-460-1-10
460	1	11	Church boards and churches, Kropyvnytsky	1831-1831		1	ДАКрО-460-1-11
460	1	12	Ревізька казка євреїв Єлисаветграда	1831-1831	метрична книга|народження|смерть|шлюб	2	ДАКрО-460-1-12
460	1	13	Метрична книга євреїв Єлисаветграда. Народження, шлюб, смерть	1831-1831		2	ДАКрО-460-1-13
460	1	14	Church boards and churches, Kropyvnytsky	1833-1833		1	ДАКрО-460-1-14
460	1	15	Church boards and churches, Kropyvnytsky	1833-1833		1	ДАКрО-460-1-15
460	1	16	Church boards and churches, Kropyvnytsky	1833-1833		1	ДАКрО-460-1-16
460	1	17	Church boards and churches, Kropyvnytsky	1834-1935		1	ДАКрО-460-1-17
460	1	18	Church boards and churches, Kropyvnytsky	1835-1835		1	ДАКрО-460-1-18
460	1	19	Church boards and churches, Kropyvnytsky	1835-1835		1	ДАКрО-460-1-19
460	1	2	Church boards and churches, Kropyvnytsky	1827-1829		1	ДАКрО-460-1-2
460	1	20	Church boards and churches, Kropyvnytsky	1836-1836		1	ДАКрО-460-1-20
460	1	21	Church boards and churches, Kropyvnytsky	1836-1836		1	ДАКрО-460-1-21
460	1	22	Church boards and churches, Kropyvnytsky	1836-1837		1	ДАКрО-460-1-22
460	1	23	Church boards and churches, Kropyvnytsky	1838-1841		1	ДАКрО-460-1-23
460	1	24	Church boards and churches, Kropyvnytsky	1839-1839		1	ДАКрО-460-1-24
460	1	25	Church boards and churches, Kropyvnytsky	1839-1839		1	ДАКрО-460-1-25
460	1	26	Church boards and churches, Kropyvnytsky	1840-1840		1	ДАКрО-460-1-26
460	1	27	Church boards and churches, Kropyvnytsky	1842-1842		1	ДАКрО-460-1-27
460	1	28	Church boards and churches, Kropyvnytsky	1842-1842		1	ДАКрО-460-1-28
460	1	29	Church boards and churches, Kropyvnytsky	1842-1842		1	ДАКрО-460-1-29
460	1	3	Church boards and churches, Kropyvnytsky	1827-1827		1	ДАКрО-460-1-3
460	1	30	Church boards and churches, Kropyvnytsky	1842-1842		1	ДАКрО-460-1-30
460	1	31	Church boards and churches, Kropyvnytsky	1844-1844		1	ДАКрО-460-1-31
460	1	32	Church boards and churches, Kropyvnytsky	1844-1844		1	ДАКрО-460-1-32
460	1	33	Church boards and churches, Kropyvnytsky	1844-1844		1	ДАКрО-460-1-33
460	1	34	Church boards and churches, Kropyvnytsky	1844-1844		1	ДАКрО-460-1-34
460	1	35	Church boards and churches, Kropyvnytsky	1845-1848		1	ДАКрО-460-1-35
460	1	4	Church boards and churches, Kropyvnytsky	1828-1828		1	ДАКрО-460-1-4
460	1	5	Church boards and churches, Kropyvnytsky	1828-1828		1	ДАКрО-460-1-5
460	1	6	Church boards and churches, Kropyvnytsky	1828-1828		1	ДАКрО-460-1-6
460	1	7	Church boards and churches, Kropyvnytsky	1828-1828		1	ДАКрО-460-1-7
460	1	8	Church boards and churches, Kropyvnytsky	1829-1829		1	ДАКрО-460-1-8
460	1	9	Church boards and churches, Kropyvnytsky	1829-1829		1	ДАКрО-460-1-9
48	1	14	Метрична книга. Церква Святого Митрофана, с. Митрофанівка Олександрійського пов. Ново-празької вол.505Державний архів Кіровоградської області	1875-1876	метрична книга|народження|смерть|шлюб	0	ДАКрО-48-1-14
528	1	1	Church boards and churches, Kropyvnytsky	1802-1853	метрична книга|народження|смерть|сповідальні відомості|шлюб	2	ДАКрО-528-1-1
528	1	2	Church boards and churches, Kropyvnytsky	1831-1837		2	ДАКрО-528-1-2
528	1	3	Church boards and churches, Kropyvnytsky	1841-1848	метрична книга|смерть	2	ДАКрО-528-1-3
528	1	4	Метричні книги Православних церков	1842-1842		2	ДАКрО-528-1-4
528	1	5	Метричні книги Православних церков	1848-1859		2	ДАКрО-528-1-5
528	1	6	Метричні книги Православних церков	1850-1850		2	ДАКрО-528-1-6
528	1	Н5	Метрична книга. Свято-Петропавлівська церква, с. Оситняжка Чигиринського пов. Оситнязькоївол.	1851-1859	метрична книга|смерть	0	ДАКрО-528-1-Н5
540	1	1	Church boards and churches, Kropyvnytsky	1831-1831	метрична книга|народження|смерть|шлюб	2	ДАКрО-540-1-1
540	1	10	Church boards and churches, Kropyvnytsky	1890-1897	метрична книга|смерть	2	ДАКрО-540-1-10
540	1	11	Church boards and churches, Kropyvnytsky	1905-1909	метрична книга|народження|смерть|шлюб	2	ДАКрО-540-1-11
540	1	12	Church boards and churches, Kropyvnytsky	1910-1912	метрична книга|народження|смерть|шлюб	2	ДАКрО-540-1-12
540	1	13	Church boards and churches, Kropyvnytsky	1913-1914	метрична книга|народження|смерть|шлюб	2	ДАКрО-540-1-13
540	1	14	Church boards and churches, Kropyvnytsky	1919-1920	метрична книга|народження|смерть|шлюб	2	ДАКрО-540-1-14
540	1	2	Church boards and churches, Kropyvnytsky	1838-1847	метрична книга|народження	2	ДАКрО-540-1-2
540	1	3	Church boards and churches, Kropyvnytsky	1838-1855	метрична книга|смерть|шлюб	2	ДАКрО-540-1-3
540	1	4	Church boards and churches, Kropyvnytsky	1847-1857	метрична книга|народження	2	ДАКрО-540-1-4
540	1	5	Church boards and churches, Kropyvnytsky	1855-1868	метрична книга|смерть|шлюб	2	ДАКрО-540-1-5
540	1	6	Church boards and churches, Kropyvnytsky	1862-1906	метрична книга|народження|смерть|шлюб	2	ДАКрО-540-1-6
540	1	7	Church boards and churches, Kropyvnytsky	1864-1864		2	ДАКрО-540-1-7
540	1	8	Church boards and churches, Kropyvnytsky	1868-1901	метрична книга|народження	2	ДАКрО-540-1-8
540	1	9	Church boards and churches, Kropyvnytsky	1878-1886	метрична книга|смерть	2	ДАКрО-540-1-9
546	1	1	Church boards and churches, Kropyvnytsky	1799-1814	метрична книга|народження|смерть|шлюб	2	ДАКрО-546-1-1
546	1	10	Church boards and churches, Kropyvnytsky	1836-1836		2	ДАКрО-546-1-10
546	1	11	Church boards and churches, Kropyvnytsky	1837-1860	метрична книга|народження|смерть|шлюб	2	ДАКрО-546-1-11
546	1	12	Church boards and churches, Kropyvnytsky	1839-1839	метрична книга|народження	2	ДАКрО-546-1-12
546	1	13	Church boards and churches, Kropyvnytsky	1842-1852		2	ДАКрО-546-1-13
546	1	14	Church boards and churches, Kropyvnytsky	1842-1957	метрична книга|народження|смерть|шлюб	2	ДАКрО-546-1-14
546	1	15	Church boards and churches, Kropyvnytsky	1843-1853	метрична книга|народження	2	ДАКрО-546-1-15
546	1	16	Church boards and churches, Kropyvnytsky	1843-1856		2	ДАКрО-546-1-16
546	1	17	Church boards and churches, Kropyvnytsky	1844-1850	метрична книга|народження|смерть	2	ДАКрО-546-1-17
546	1	18	Church boards and churches, Kropyvnytsky	1844-1859	метрична книга|народження|смерть|шлюб	2	ДАКрО-546-1-18
546	1	19	Church boards and churches, Kropyvnytsky	1845-1845	метрична книга|смерть	2	ДАКрО-546-1-19
546	1	2	Church boards and churches, Kropyvnytsky	1816-1832	метрична книга|народження|смерть|шлюб	2	ДАКрО-546-1-2
546	1	20	Church boards and churches, Kropyvnytsky	1834-1846	метрична книга|народження|смерть|шлюб	2	ДАКрО-546-1-20
546	1	21	Church boards and churches, Kropyvnytsky	1848-1848	метрична книга|народження|смерть|шлюб	2	ДАКрО-546-1-21
546	1	22	Church boards and churches, Kropyvnytsky	1849-1851	метрична книга|народження|смерть	2	ДАКрО-546-1-22
546	1	23	Church boards and churches, Kropyvnytsky	1851-1855		2	ДАКрО-546-1-23
546	1	24	Church boards and churches, Kropyvnytsky	1853-1853	метрична книга|сповідальні відомості	2	ДАКрО-546-1-24
546	1	25	Church boards and churches, Kropyvnytsky	1854-1854		2	ДАКрО-546-1-25
546	1	26	Church boards and churches, Kropyvnytsky	1861-1861	метрична книга|народження|смерть|шлюб	2	ДАКрО-546-1-26
546	1	27	Church boards and churches, Kropyvnytsky	1862-1862	метрична книга|народження|смерть|шлюб	2	ДАКрО-546-1-27
546	1	3	Church boards and churches, Kropyvnytsky	1830-1830		2	ДАКрО-546-1-3
546	1	4	Church boards and churches, Kropyvnytsky	1833-1833		2	ДАКрО-546-1-4
546	1	5	Church boards and churches, Kropyvnytsky	1833-1833		2	ДАКрО-546-1-5
546	1	6	Church boards and churches, Kropyvnytsky	1834-1856	метрична книга|народження|смерть|шлюб	2	ДАКрО-546-1-6
546	1	7	Church boards and churches, Kropyvnytsky	1834-1842	метрична книга|смерть|шлюб	2	ДАКрО-546-1-7
546	1	8	Church boards and churches, Kropyvnytsky	1835-1849	метрична книга|народження|смерть	2	ДАКрО-546-1-8
546	1	9	Church boards and churches, Kropyvnytsky	1836-1836	метрична книга|народження	2	ДАКрО-546-1-9
546	13	2	Метрична книга. Церква Святого Миколая, с. Бірки Чигиринського пов.	1830-1830	метрична книга|шлюб	0	ДАКрО-546-13-2
546	16	15	Метрична книга. Церква Святого Миколая, с. Бірки Чигиринського пов.	1853-1853	метрична книга|шлюб	0	ДАКрО-546-16-15
546	2	1	Church boards and churches, Kropyvnytsky	1857-1863	метрична книга|народження|смерть|шлюб	2	ДАКрО-546-2-1
546	2	10	Church boards and churches, Kropyvnytsky	1918-1920	метрична книга|народження|смерть|шлюб	2	ДАКрО-546-2-10
546	2	2	Church boards and churches, Kropyvnytsky	1863-1869	метрична книга|смерть|шлюб	2	ДАКрО-546-2-2
546	2	3	Church boards and churches, Kropyvnytsky	1864-1890	метрична книга|смерть|шлюб	2	ДАКрО-546-2-3
546	2	4	Church boards and churches, Kropyvnytsky	1876-1885	метрична книга|народження	2	ДАКрО-546-2-4
546	2	5	Church boards and churches, Kropyvnytsky	1886-1896	метрична книга|народження	2	ДАКрО-546-2-5
546	2	6	Church boards and churches, Kropyvnytsky	1887-1900	метрична книга|смерть	2	ДАКрО-546-2-6
546	2	7	Church boards and churches, Kropyvnytsky	1891-1904	метрична книга|шлюб	2	ДАКрО-546-2-7
546	2	8	Church boards and churches, Kropyvnytsky	1907-1907	метрична книга|народження|смерть|шлюб	2	ДАКрО-546-2-8
546	2	9	Church boards and churches, Kropyvnytsky	1913-1913	метрична книга|народження|смерть|шлюб	2	ДАКрО-546-2-9
546	432	7	Метрична книга. Церква Святого Миколая, с. Бірки Чигиринського пов.	1834-1835	метрична книга|смерть	0	ДАКрО-546-432-7
547	1	1	Метрична книга Златопільської єврейської общини. Народження	1854-1854		3	ДАКрО-547-1-1
547	1	10	Метрична книга Златопільської єврейської общини. Смерть	1854-1854		3	ДАКрО-547-1-10
547	1	11	Метрична книга Златопільської єврейської общини. Смерть	1845-1845	метрична книга|смерть	3	ДАКрО-547-1-11
547	1	4	Метрична книга Златопільської єврейської общини. Шлюб	1858-1858	метрична книга|шлюб	3	ДАКрО-547-1-4
547	1	5	Метрична книга Златопільської єврейської общини. Народження	1800-1900	метрична книга|народження	3	ДАКрО-547-1-5
547	1	6	Метрична книга Златопільської єврейської общини. Смерть	1856-1857	метрична книга|смерть	3	ДАКрО-547-1-6
547	1	7	Метрична книга Златопільської єврейської общини. Смерть	1854-1854,1859-1859	метрична книга|смерть	3	ДАКрО-547-1-7
547	1	8	Метрична книга Златопільської єврейської общини. Смерть	1858-1858	метрична книга|смерть	3	ДАКрО-547-1-8
547	1	9	Метрична книга Златопільської єврейської общини. Народження	1857-1857	метрична книга|народження	3	ДАКрО-547-1-9
556	1	1	Метрична книга Олександрівської єврейської общини. Народження	1855-1860	метрична книга|смерть	4	ДАКрО-556-1-1
556	1	2	Метрична книга Олександрівської єврейської общини. Розлучення	1853-1853,1856-1856	метрична книга|розлучення	3	ДАКрО-556-1-2
556	1	3	Метрична книга Олександрівської єврейської общини. Смерть	1856-1856	метрична книга|розлучення|шлюб	4	ДАКрО-556-1-3
556	1	4	Метричні книги синагог	1855-1866	метрична книга|народження	3	ДАКрО-556-1-4
556	1	5	Метрична книга Олександрівської єврейської общини. Розлучення	1855-1855		3	ДАКрО-556-1-5
566	1	1	Church boards and churches, Kropyvnytsky	1833-1841	метрична книга|народження|смерть|шлюб	2	ДАКрО-566-1-1
566	1	2	Church boards and churches, Kropyvnytsky	1836-1857	метрична книга|народження	2	ДАКрО-566-1-2
566	1	3	Church boards and churches, Kropyvnytsky	1841-1848	метрична книга|смерть	2	ДАКрО-566-1-3
566	1	4	Church boards and churches, Kropyvnytsky	1843-1847	метрична книга|шлюб	2	ДАКрО-566-1-4
566	1	5	Church boards and churches, Kropyvnytsky	1848-1868	метрична книга|шлюб	2	ДАКрО-566-1-5
566	1	6	Church boards and churches, Kropyvnytsky	1882-1890	метрична книга|народження|смерть|шлюб	2	ДАКрО-566-1-6
566	1	7	Church boards and churches, Kropyvnytsky	1894-1902	метрична книга|народження	2	ДАКрО-566-1-7
566	1	8	Church boards and churches, Kropyvnytsky	1912-1912	метрична книга|народження|смерть|шлюб	2	ДАКрО-566-1-8
566	1	9	Church boards and churches, Kropyvnytsky	1917-1918	метрична книга|народження|смерть|шлюб	2	ДАКрО-566-1-9
570	1	1	Church boards and churches, Kropyvnytsky	1795-1823	метрична книга|народження|смерть|шлюб	2	ДАКрО-570-1-1
570	1	10	Church boards and churches, Kropyvnytsky	1832-1835	метрична книга|народження|смерть	2	ДАКрО-570-1-10
570	1	11	Church boards and churches, Kropyvnytsky	1832-1840	метрична книга|смерть|шлюб	2	ДАКрО-570-1-11
570	1	12	Church boards and churches, Kropyvnytsky	1837-1837	метрична книга|народження|смерть|шлюб	2	ДАКрО-570-1-12
570	1	13	Church boards and churches, Kropyvnytsky	1837-1843		2	ДАКрО-570-1-13
570	1	14	Church boards and churches, Kropyvnytsky	1838-1838	метрична книга|сповідальні відомості	2	ДАКрО-570-1-14
570	1	15	Church boards and churches, Kropyvnytsky	1839-1839		2	ДАКрО-570-1-15
570	1	16	Church boards and churches, Kropyvnytsky	1840-1840		2	ДАКрО-570-1-16
570	1	17	Church boards and churches, Kropyvnytsky	1841-1841	метрична книга|народження|смерть|шлюб	2	ДАКрО-570-1-17
570	1	18	Church boards and churches, Kropyvnytsky	1842-1842	метрична книга|народження|смерть|шлюб	2	ДАКрО-570-1-18
570	1	19	Church boards and churches, Kropyvnytsky	1843-1843	метрична книга|народження|смерть|шлюб	2	ДАКрО-570-1-19
570	1	2	Church boards and churches, Kropyvnytsky	1800-1838	метрична книга|народження|смерть|шлюб	2	ДАКрО-570-1-2
570	1	20	Church boards and churches, Kropyvnytsky	1844-1844	метрична книга|народження|смерть|шлюб	2	ДАКрО-570-1-20
570	1	21	Church boards and churches, Kropyvnytsky	1845-1845	метрична книга|народження|смерть|шлюб	2	ДАКрО-570-1-21
570	1	22	Church boards and churches, Kropyvnytsky	1846-1846	метрична книга|народження|смерть|шлюб	2	ДАКрО-570-1-22
570	1	23	Church boards and churches, Kropyvnytsky	1847-1847		2	ДАКрО-570-1-23
570	1	24	Church boards and churches, Kropyvnytsky	1859-1862	метрична книга|народження	2	ДАКрО-570-1-24
570	1	25	Church boards and churches, Kropyvnytsky	1842-1848		2	ДАКрО-570-1-25
570	1	3	Church boards and churches, Kropyvnytsky	1801-1824	метрична книга|народження|шлюб	2	ДАКрО-570-1-3
570	1	30				0	ДАКрО-570-1-30
570	1	31				0	ДАКрО-570-1-31
570	1	4	Church boards and churches, Kropyvnytsky	1801-1830	метрична книга|народження|смерть|шлюб	2	ДАКрО-570-1-4
570	1	5	Church boards and churches, Kropyvnytsky	1806-1830	метрична книга|шлюб	2	ДАКрО-570-1-5
570	1	6	Church boards and churches, Kropyvnytsky	1815-1845	метрична книга|народження	2	ДАКрО-570-1-6
570	1	7	Church boards and churches, Kropyvnytsky	1824-1832	метрична книга|смерть|шлюб	2	ДАКрО-570-1-7
570	1	8	Church boards and churches, Kropyvnytsky	1827-1828	метрична книга|народження|шлюб	2	ДАКрО-570-1-8
570	1	9	Church boards and churches, Kropyvnytsky	1829-1829	метрична книга|народження|смерть	2	ДАКрО-570-1-9
573	1	1	Church boards and churches, Kropyvnytsky	1820-1820		2	ДАКрО-573-1-1
573	1	10	Church boards and churches, Kropyvnytsky	1853-1860	метрична книга|народження	2	ДАКрО-573-1-10
573	1	11	Church boards and churches, Kropyvnytsky	1855-1855	метрична книга|смерть	2	ДАКрО-573-1-11
573	1	12	Church boards and churches, Kropyvnytsky	1858-1858	метрична книга|смерть	2	ДАКрО-573-1-12
573	1	13	Church boards and churches, Kropyvnytsky	1903-1917	метрична книга|шлюб	2	ДАКрО-573-1-13
573	1	14	Church boards and churches, Kropyvnytsky	1916-1924	метрична книга|шлюбні обшуки	2	ДАКрО-573-1-14
573	1	2	Church boards and churches, Kropyvnytsky	1828-1833		2	ДАКрО-573-1-2
573	1	3	Church boards and churches, Kropyvnytsky	1830-1831	метрична книга|народження|смерть|шлюб	2	ДАКрО-573-1-3
573	1	4	Church boards and churches, Kropyvnytsky	1837-1843		2	ДАКрО-573-1-4
573	1	5	Church boards and churches, Kropyvnytsky	1838-1842	метрична книга|народження|смерть|шлюб	2	ДАКрО-573-1-5
573	1	6	Church boards and churches, Kropyvnytsky	1842-1848	метрична книга|народження|смерть|шлюб	2	ДАКрО-573-1-6
573	1	7	Church boards and churches, Kropyvnytsky	1849-1855	метрична книга|смерть	2	ДАКрО-573-1-7
573	1	8	Church boards and churches, Kropyvnytsky	1849-1859	метрична книга|шлюб	2	ДАКрО-573-1-8
573	1	9	Метричні книги Православних церков	1850-1850	метрична книга|народження|шлюб	2	ДАКрО-573-1-9
579	1	1	Church boards and churches, Kropyvnytsky	1799-1831	метрична книга|народження|смерть|шлюб	2	ДАКрО-579-1-1
579	1	10	Church boards and churches, Kropyvnytsky	1843-1843		3	ДАКрО-579-1-10
579	1	11	Church boards and churches, Kropyvnytsky	1844-1844		2	ДАКрО-579-1-11
579	1	12	Church boards and churches, Kropyvnytsky	1845-1860	метрична книга|народження	2	ДАКрО-579-1-12
579	1	13	Church boards and churches, Kropyvnytsky	1845-1876	метрична книга|шлюб	2	ДАКрО-579-1-13
579	1	14	Метричні книги Православних церков	1845-1859	метрична книга|смерть	2	ДАКрО-579-1-14
579	1	15	Church boards and churches, Kropyvnytsky	1845-1845		2	ДАКрО-579-1-15
579	1	16	Church boards and churches, Kropyvnytsky	1846-1846		3	ДАКрО-579-1-16
579	1	17	Church boards and churches, Kropyvnytsky	1847-1847		3	ДАКрО-579-1-17
579	1	18	Church boards and churches, Kropyvnytsky	1848-1848	метрична книга|народження	2	ДАКрО-579-1-18
579	1	19	Church boards and churches, Kropyvnytsky	1849-1849	метрична книга|народження	2	ДАКрО-579-1-19
579	1	2	Church boards and churches, Kropyvnytsky	1831-1831		2	ДАКрО-579-1-2
579	1	20	Church boards and churches, Kropyvnytsky	1850-1850	метрична книга|народження	3	ДАКрО-579-1-20
579	1	21	Church boards and churches, Kropyvnytsky	1851-1851		2	ДАКрО-579-1-21
579	1	22	Church boards and churches, Kropyvnytsky	1852-1852		3	ДАКрО-579-1-22
579	1	23	Church boards and churches, Kropyvnytsky	1853-1853		2	ДАКрО-579-1-23
579	1	24	Church boards and churches, Kropyvnytsky	1854-1854		3	ДАКрО-579-1-24
579	1	25	Church boards and churches, Kropyvnytsky	1855-1855		2	ДАКрО-579-1-25
579	1	26	Church boards and churches, Kropyvnytsky	1856-1856		2	ДАКрО-579-1-26
579	1	27	Church boards and churches, Kropyvnytsky	1857-1857	метрична книга|народження	3	ДАКрО-579-1-27
579	1	28	Church boards and churches, Kropyvnytsky	1859-1859	метрична книга|народження	2	ДАКрО-579-1-28
579	1	29	Church boards and churches, Kropyvnytsky	1859-1875	метрична книга|смерть	2	ДАКрО-579-1-29
579	1	3	Church boards and churches, Kropyvnytsky	1831-1845	метрична книга|народження|смерть|шлюб	3	ДАКрО-579-1-3
579	1	30	Church boards and churches, Kropyvnytsky	1860-1860	метрична книга|смерть	2	ДАКрО-579-1-30
579	1	31	Church boards and churches, Kropyvnytsky	1861-1861	метрична книга|народження	2	ДАКрО-579-1-31
579	1	32	Church boards and churches, Kropyvnytsky	1863-1873	метрична книга|народження|шлюб	2	ДАКрО-579-1-32
579	1	33	Church boards and churches, Kropyvnytsky	1865-1904	метрична книга|народження	3	ДАКрО-579-1-33
579	1	34	Church boards and churches, Kropyvnytsky	1875-1895	метрична книга|народження|смерть|шлюб	2	ДАКрО-579-1-34
579	1	35	Church boards and churches, Kropyvnytsky	1905-1911	метрична книга|народження|смерть|шлюб	3	ДАКрО-579-1-35
579	1	36	Church boards and churches, Kropyvnytsky	1902-1912	метрична книга|народження|шлюб	2	ДАКрО-579-1-36
579	1	37	Church boards and churches, Kropyvnytsky	1913-1914	метрична книга|народження|смерть|шлюб	3	ДАКрО-579-1-37
579	1	38	Church boards and churches, Kropyvnytsky	1915-1915	метрична книга|народження|смерть|шлюб	3	ДАКрО-579-1-38
579	1	4	Church boards and churches, Kropyvnytsky	1836-1841,1840-1841	метрична книга|шлюб	3	ДАКрО-579-1-4
579	1	5	Church boards and churches, Kropyvnytsky	1838-1838	метрична книга|народження	2	ДАКрО-579-1-5
579	1	6	Church boards and churches, Kropyvnytsky	1839-1839	метрична книга|народження	3	ДАКрО-579-1-6
579	1	7	Church boards and churches, Kropyvnytsky	1840-1840		3	ДАКрО-579-1-7
579	1	8	Метричні книги Православних церков	1842-1842		2	ДАКрО-579-1-8
579	1	9	Church boards and churches, Kropyvnytsky	1842-1850	метрична книга|народження|смерть	3	ДАКрО-579-1-9
581	1	1	Church boards and churches, Kropyvnytsky	1822-1830		2	ДАКрО-581-1-1
581	1	10	Church boards and churches, Kropyvnytsky	1905-1913	метрична книга|народження	2	ДАКрО-581-1-10
581	1	11	Church boards and churches, Kropyvnytsky	1905-1912	метрична книга|шлюб	2	ДАКрО-581-1-11
581	1	12	Church boards and churches, Kropyvnytsky	1913-1916	метрична книга|шлюб	2	ДАКрО-581-1-12
581	1	13	Church boards and churches, Kropyvnytsky	1917-1921	метрична книга|народження|смерть|шлюб	2	ДАКрО-581-1-13
581	1	14	Метричні книги Православних церков	1915-1915	метрична книга|народження	2	ДАКрО-581-1-14
581	1	2	Church boards and churches, Kropyvnytsky	1844-1847		2	ДАКрО-581-1-2
581	1	3	Church boards and churches, Kropyvnytsky	1849-1857	метрична книга|народження|смерть|шлюб	2	ДАКрО-581-1-3
581	1	4	Church boards and churches, Kropyvnytsky	1881-1881		2	ДАКрО-581-1-4
581	1	5	Church boards and churches, Kropyvnytsky	1800-1900		2	ДАКрО-581-1-5
581	1	6	Church boards and churches, Kropyvnytsky	1870-1880	метрична книга|народження	2	ДАКрО-581-1-6
581	1	7	Church boards and churches, Kropyvnytsky	1880-1885	метрична книга|народження	2	ДАКрО-581-1-7
581	1	8	Church boards and churches, Kropyvnytsky	1871-1892	метрична книга|народження|смерть	2	ДАКрО-581-1-8
581	1	9	Church boards and churches, Kropyvnytsky	1903-1911	метрична книга|народження|смерть	2	ДАКрО-581-1-9
582	1	1	Church boards and churches, Kropyvnytsky	1802-1802		2	ДАКрО-582-1-1
582	1	10	Church boards and churches, Kropyvnytsky	1849-1849	метрична книга|сповідальні відомості	2	ДАКрО-582-1-10
582	1	11	Church boards and churches, Kropyvnytsky	1853-1853	метрична книга|сповідальні відомості	2	ДАКрО-582-1-11
582	1	12	Church boards and churches, Kropyvnytsky	1854-1862	метрична книга|смерть	2	ДАКрО-582-1-12
582	1	2	Church boards and churches, Kropyvnytsky	1809-1809	метрична книга|сповідальні відомості	2	ДАКрО-582-1-2
582	1	3	Church boards and churches, Kropyvnytsky	1830-1830	метрична книга|народження|смерть|шлюб	2	ДАКрО-582-1-3
582	1	4	Church boards and churches, Kropyvnytsky	1831-1892	метрична книга|народження|смерть|шлюб	2	ДАКрО-582-1-4
582	1	5	Church boards and churches, Kropyvnytsky	1839-1839		2	ДАКрО-582-1-5
582	1	6	Church boards and churches, Kropyvnytsky	1843-1845		2	ДАКрО-582-1-6
582	1	7	Church boards and churches, Kropyvnytsky	1848-1859	метрична книга|шлюб	2	ДАКрО-582-1-7
582	1	8	Church boards and churches, Kropyvnytsky	1848-1854	метрична книга|смерть	2	ДАКрО-582-1-8
582	1	9	Church boards and churches, Kropyvnytsky	1848-1854	метрична книга|народження	2	ДАКрО-582-1-9
583	1	1	Church boards and churches, Kropyvnytsky	1797-1837	метрична книга|народження|смерть|шлюб	2	ДАКрО-583-1-1
583	1	10	Church boards and churches, Kropyvnytsky	1873-1905	метрична книга|смерть	2	ДАКрО-583-1-10
583	1	11	Church boards and churches, Kropyvnytsky	1906-1909	метрична книга|народження|смерть|шлюб|шлюбні обшуки	2	ДАКрО-583-1-11
583	1	12	Church boards and churches, Kropyvnytsky	1911-1914	метрична книга|народження|смерть|шлюб	2	ДАКрО-583-1-12
583	1	13	Church boards and churches, Kropyvnytsky	1915-1920	метрична книга|народження|смерть|шлюб|шлюбні обшуки	2	ДАКрО-583-1-13
583	1	2	Church boards and churches, Kropyvnytsky	1808-1835		2	ДАКрО-583-1-2
583	1	3	Church boards and churches, Kropyvnytsky	1809-1847		2	ДАКрО-583-1-3
583	1	4	Church boards and churches, Kropyvnytsky	1808-1841		2	ДАКрО-583-1-4
583	1	5	Church boards and churches, Kropyvnytsky	1836-1856	метрична книга|народження	2	ДАКрО-583-1-5
583	1	6	Church boards and churches, Kropyvnytsky	1840-1851	метрична книга|шлюбні обшуки	2	ДАКрО-583-1-6
583	1	7	Church boards and churches, Kropyvnytsky	1847-1847		2	ДАКрО-583-1-7
583	1	8	Church boards and churches, Kropyvnytsky	1869-1905	метрична книга|шлюб	2	ДАКрО-583-1-8
583	1	9	Church boards and churches, Kropyvnytsky	1871-1905	метрична книга|народження|шлюбні обшуки	2	ДАКрО-583-1-9
590	1	1	Church boards and churches, Kropyvnytsky	1796-1796	метрична книга|сповідальні відомості	2	ДАКрО-590-1-1
590	1	10	Church boards and churches, Kropyvnytsky	1810-1822	метрична книга|сповідальні відомості	2	ДАКрО-590-1-10
590	1	11	Church boards and churches, Kropyvnytsky	1811-1811	метрична книга|сповідальні відомості	2	ДАКрО-590-1-11
590	1	12	Church boards and churches, Kropyvnytsky	1812-1812	метрична книга|сповідальні відомості	2	ДАКрО-590-1-12
590	1	13	Church boards and churches, Kropyvnytsky	1813-1813	метрична книга|сповідальні відомості	2	ДАКрО-590-1-13
590	1	14	Church boards and churches, Kropyvnytsky	1815-1815	метрична книга|сповідальні відомості	2	ДАКрО-590-1-14
590	1	15	Church boards and churches, Kropyvnytsky	1817-1817	метрична книга|сповідальні відомості	2	ДАКрО-590-1-15
590	1	16	Church boards and churches, Kropyvnytsky	1818-1818		2	ДАКрО-590-1-16
590	1	17	Church boards and churches, Kropyvnytsky	1818-1827	метрична книга|сповідальні відомості	2	ДАКрО-590-1-17
590	1	18	Church boards and churches, Kropyvnytsky	1819-1819	метрична книга|сповідальні відомості	2	ДАКрО-590-1-18
590	1	19	Church boards and churches, Kropyvnytsky	1820-1820	метрична книга|сповідальні відомості	2	ДАКрО-590-1-19
590	1	2	Church boards and churches, Kropyvnytsky	1798-1798	метрична книга|сповідальні відомості	2	ДАКрО-590-1-2
590	1	20	Church boards and churches, Kropyvnytsky	1823-1823	метрична книга|сповідальні відомості	2	ДАКрО-590-1-20
590	1	21	Church boards and churches, Kropyvnytsky	1825-1825	метрична книга|сповідальні відомості	2	ДАКрО-590-1-21
590	1	21А	Church boards and churches, Kropyvnytsky	1826-1826	метрична книга|сповідальні відомості	1	ДАКрО-590-1-21А
590	1	22	Church boards and churches, Kropyvnytsky	1828-1828	метрична книга|сповідальні відомості	2	ДАКрО-590-1-22
590	1	23	Church boards and churches, Kropyvnytsky	1829-1829	метрична книга|сповідальні відомості	2	ДАКрО-590-1-23
590	1	24	Church boards and churches, Kropyvnytsky	1830-1830	метрична книга|сповідальні відомості	2	ДАКрО-590-1-24
590	1	25	Church boards and churches, Kropyvnytsky	1831-1831	метрична книга|сповідальні відомості	2	ДАКрО-590-1-25
590	1	26	Church boards and churches, Kropyvnytsky	1832-1832	метрична книга|сповідальні відомості	2	ДАКрО-590-1-26
590	1	27	Church boards and churches, Kropyvnytsky	1835-1835	метрична книга|сповідальні відомості	2	ДАКрО-590-1-27
590	1	28	Church boards and churches, Kropyvnytsky	1836-1836	метрична книга|сповідальні відомості	2	ДАКрО-590-1-28
590	1	29	Church boards and churches, Kropyvnytsky	1837-1837	метрична книга|сповідальні відомості	2	ДАКрО-590-1-29
590	1	3	Church boards and churches, Kropyvnytsky	1799-1799	метрична книга|сповідальні відомості	2	ДАКрО-590-1-3
590	1	30	Church boards and churches, Kropyvnytsky	1839-1839	метрична книга|сповідальні відомості	2	ДАКрО-590-1-30
590	1	31	Church boards and churches, Kropyvnytsky	1841-1841	метрична книга|сповідальні відомості	2	ДАКрО-590-1-31
590	1	32	Church boards and churches, Kropyvnytsky	1843-1843	метрична книга|сповідальні відомості	2	ДАКрО-590-1-32
590	1	33	Church boards and churches, Kropyvnytsky	1845-1845	метрична книга|сповідальні відомості	2	ДАКрО-590-1-33
590	1	34	Church boards and churches, Kropyvnytsky	1846-1846	метрична книга|сповідальні відомості	2	ДАКрО-590-1-34
590	1	35	Church boards and churches, Kropyvnytsky	1848-1848	метрична книга|народження|смерть|шлюб	2	ДАКрО-590-1-35
590	1	36	Church boards and churches, Kropyvnytsky	1850-1856	метрична книга|народження	2	ДАКрО-590-1-36
590	1	37	Church boards and churches, Kropyvnytsky	1854-1854	метрична книга|народження|смерть|шлюб	2	ДАКрО-590-1-37
590	1	38	Church boards and churches, Kropyvnytsky	1858-1858	метрична книга|народження|смерть|шлюб	2	ДАКрО-590-1-38
590	1	39	Church boards and churches, Kropyvnytsky	1859-1859	метрична книга|народження|смерть|шлюб	2	ДАКрО-590-1-39
590	1	4	Church boards and churches, Kropyvnytsky	1803-1803	метрична книга|сповідальні відомості	2	ДАКрО-590-1-4
590	1	40	Church boards and churches, Kropyvnytsky	1860-1860	метрична книга|народження|смерть|шлюб	2	ДАКрО-590-1-40
590	1	41	Church boards and churches, Kropyvnytsky	1800-1900		2	ДАКрО-590-1-41
590	1	42	Church boards and churches, Kropyvnytsky	1851-1865	метрична книга|смерть	2	ДАКрО-590-1-42
590	1	43	Church boards and churches, Kropyvnytsky	1859-1867	метрична книга|народження|шлюб	2	ДАКрО-590-1-43
590	1	44	Church boards and churches, Kropyvnytsky	1862-1894	метрична книга|народження	2	ДАКрО-590-1-44
590	1	45	Church boards and churches, Kropyvnytsky	1865-1891	метрична книга|шлюб	2	ДАКрО-590-1-45
590	1	46	Church boards and churches, Kropyvnytsky	1867-1876	метрична книга|смерть	2	ДАКрО-590-1-46
590	1	47	Church boards and churches, Kropyvnytsky	1868-1896		2	ДАКрО-590-1-47
590	1	48	Church boards and churches, Kropyvnytsky	1871-1893	метрична книга|народження	2	ДАКрО-590-1-48
590	1	49	Church boards and churches, Kropyvnytsky	1876-1883	метрична книга|народження|смерть	2	ДАКрО-590-1-49
590	1	5	Church boards and churches, Kropyvnytsky	1804-1804,1915-1917	метрична книга|сповідальні відомості	2	ДАКрО-590-1-5
590	1	50	Church boards and churches, Kropyvnytsky	1883-1901	метрична книга|народження	2	ДАКрО-590-1-50
590	1	51	Church boards and churches, Kropyvnytsky	1885-1903	метрична книга|шлюб	2	ДАКрО-590-1-51
590	1	52	Church boards and churches, Kropyvnytsky	1894-1905	метрична книга|смерть	2	ДАКрО-590-1-52
590	1	53	Church boards and churches, Kropyvnytsky	1906-1908	метрична книга|народження|смерть|шлюб	2	ДАКрО-590-1-53
590	1	54	Church boards and churches, Kropyvnytsky	1909-1912	метрична книга|народження|смерть|шлюб	2	ДАКрО-590-1-54
590	1	55	Church boards and churches, Kropyvnytsky	1913-1914	метрична книга|народження|смерть|шлюб	2	ДАКрО-590-1-55
590	1	56	Church boards and churches, Kropyvnytsky	1915-1917	метрична книга|народження|шлюб	2	ДАКрО-590-1-56
590	1	6	Church boards and churches, Kropyvnytsky	1805-1805	метрична книга|сповідальні відомості	2	ДАКрО-590-1-6
590	1	7	Church boards and churches, Kropyvnytsky	1806-1806	метрична книга|сповідальні відомості	2	ДАКрО-590-1-7
590	1	8	Church boards and churches, Kropyvnytsky	1807-1807	метрична книга|сповідальні відомості	2	ДАКрО-590-1-8
590	1	9	Church boards and churches, Kropyvnytsky	1808-1809	метрична книга|сповідальні відомості	2	ДАКрО-590-1-9
596	1	1	Church boards and churches, Kropyvnytsky	1798-1820	метрична книга|народження|смерть|шлюб	2	ДАКрО-596-1-1
596	1	10	Church boards and churches, Kropyvnytsky	1849-1849	метрична книга|народження|смерть|шлюб	2	ДАКрО-596-1-10
596	1	11	Church boards and churches, Kropyvnytsky	1854-1854	метрична книга|шлюб	2	ДАКрО-596-1-11
596	1	12	Church boards and churches, Kropyvnytsky	1857-1857	метрична книга|народження|смерть|шлюб	2	ДАКрО-596-1-12
596	1	13	Church boards and churches, Kropyvnytsky	1859-1859	метрична книга|народження|смерть|шлюб	2	ДАКрО-596-1-13
596	1	14	Church boards and churches, Kropyvnytsky	1861-1861	метрична книга|народження|смерть|шлюб	2	ДАКрО-596-1-14
596	1	2	Church boards and churches, Kropyvnytsky	1817-1817	метрична книга|смерть|шлюб	2	ДАКрО-596-1-2
596	1	3	Church boards and churches, Kropyvnytsky	1832-1832		2	ДАКрО-596-1-3
596	1	4	Church boards and churches, Kropyvnytsky	1834-1834	метрична книга|сповідальні відомості	2	ДАКрО-596-1-4
596	1	5	Church boards and churches, Kropyvnytsky	1836-1847	метрична книга|народження|смерть|шлюб	2	ДАКрО-596-1-5
596	1	6	Church boards and churches, Kropyvnytsky	1839-1839	метрична книга|народження|смерть	2	ДАКрО-596-1-6
596	1	7	Church boards and churches, Kropyvnytsky	1840-1840		2	ДАКрО-596-1-7
596	1	8	Church boards and churches, Kropyvnytsky	1841-1841	метрична книга|народження|смерть	2	ДАКрО-596-1-8
596	1	9	Church boards and churches, Kropyvnytsky	1848-1855	метрична книга|народження|смерть	2	ДАКрО-596-1-9
596	1	Н14	Метрична книга. Церква Успіння Пресвятої Богородиці, с. Капітанівка Чигиринського пов.Оситнязької вол.	1919-1920	метрична книга|народження	0	ДАКрО-596-1-Н14
597	1	3	Метрична книга. Церква Успіння Пресвятої Богородиці, с. Олександрівка Чигиринського пов.Олександрівської вол.	1832-1835	метрична книга|шлюб	0	ДАКрО-597-1-3
606	1	1	Church boards and churches, Kropyvnytsky	1799-1802		2	ДАКрО-606-1-1
606	1	10				0	ДАКрО-606-1-10
606	1	2	Church boards and churches, Kropyvnytsky	1831-1831	метрична книга|народження|смерть|шлюб	2	ДАКрО-606-1-2
606	1	3	Church boards and churches, Kropyvnytsky	1837-1839		2	ДАКрО-606-1-3
606	1	4	Church boards and churches, Kropyvnytsky	1838-1850	метрична книга|народження|смерть|шлюб	2	ДАКрО-606-1-4
606	1	5	Church boards and churches, Kropyvnytsky	1853-1853	метрична книга|сповідальні відомості	2	ДАКрО-606-1-5
606	1	6	Church boards and churches, Kropyvnytsky	1859-1905	метрична книга|народження|шлюб	2	ДАКрО-606-1-6
606	1	7	Church boards and churches, Kropyvnytsky	1869-1899	метрична книга|народження	2	ДАКрО-606-1-7
606	1	8	Church boards and churches, Kropyvnytsky	1906-1908	метрична книга|народження|смерть	2	ДАКрО-606-1-8
606	1	9	Church boards and churches, Kropyvnytsky	1917-1918	метрична книга|шлюб	2	ДАКрО-606-1-9
606	1	СП6	Метрична книга. Церква Іоанна Богослова, с. Ставидла Чигиринського пов. Ставидлянськоївол.	1876-1879	метрична книга|народження	0	ДАКрО-606-1-СП6
610	1	1	Church boards and churches, Kropyvnytsky	1799-1807	метрична книга|народження	2	ДАКрО-610-1-1
610	1	10	Church boards and churches, Kropyvnytsky	1825-1836	метрична книга|народження	2	ДАКрО-610-1-10
610	1	11	Метричні книги Православних церков	1826-1834	метрична книга|народження|шлюб	2	ДАКрО-610-1-11
610	1	12	Church boards and churches, Kropyvnytsky	1829-1829	метрична книга|сповідальні відомості	2	ДАКрО-610-1-12
610	1	13	Церковні документи Метричні книги Православних церков	1829-1838		2	ДАКрО-610-1-13
610	1	14	Church boards and churches, Kropyvnytsky	1833-1837	метрична книга|сповідальні відомості	2	ДАКрО-610-1-14
610	1	15	Church boards and churches, Kropyvnytsky	1773-1856	метрична книга|народження|смерть|шлюб	2	ДАКрО-610-1-15
610	1	16	Метричні книги Православних церков	1835-1841	метрична книга|смерть	2	ДАКрО-610-1-16
610	1	17	Church boards and churches, Kropyvnytsky	1835-1846		2	ДАКрО-610-1-17
610	1	18	Church boards and churches, Kropyvnytsky	1826-1844		2	ДАКрО-610-1-18
610	1	19	Метричні книги Православних церков	1841-1841		2	ДАКрО-610-1-19
610	1	2	Метричні книги Православних церков	1801-1820	метрична книга|народження|смерть|шлюб	2	ДАКрО-610-1-2
610	1	20	Метричні книги Православних церков	1842-1846	метрична книга|народження|смерть|шлюб	2	ДАКрО-610-1-20
610	1	21	Метричні книги Православних церков	1843-1843	метрична книга|смерть	2	ДАКрО-610-1-21
610	1	22	Church boards and churches, Kropyvnytsky	1843-1843		2	ДАКрО-610-1-22
610	1	23	Church boards and churches, Kropyvnytsky	1844-1844		2	ДАКрО-610-1-23
610	1	24	Метричні книги Православних церков	1845-1845		2	ДАКрО-610-1-24
610	1	25	Church boards and churches, Kropyvnytsky	1846-1846	метрична книга|народження	2	ДАКрО-610-1-25
610	1	26	Church boards and churches, Kropyvnytsky	1847-1863	метрична книга|сповідальні відомості	2	ДАКрО-610-1-26
610	1	27	Church boards and churches, Kropyvnytsky	1849-1849	метрична книга|народження|смерть|шлюб	2	ДАКрО-610-1-27
610	1	28	Church boards and churches, Kropyvnytsky	1849-1849	метрична книга|смерть	2	ДАКрО-610-1-28
610	1	29	Church boards and churches, Kropyvnytsky	1850-1850		2	ДАКрО-610-1-29
610	1	3	Church boards and churches, Kropyvnytsky	1802-1827	метрична книга|шлюб	2	ДАКрО-610-1-3
610	1	30	Church boards and churches, Kropyvnytsky	1852-1860		2	ДАКрО-610-1-30
610	1	31	Church boards and churches, Kropyvnytsky	1853-1853	метрична книга|шлюб	2	ДАКрО-610-1-31
610	1	32	Метричні книги Православних церков	1855-1855		2	ДАКрО-610-1-32
610	1	33	Church boards and churches, Kropyvnytsky	1855-1855		2	ДАКрО-610-1-33
610	1	34	Church boards and churches, Kropyvnytsky	1856-1856	метрична книга|смерть	2	ДАКрО-610-1-34
610	1	35	Метричні книги Православних церков	1859-1864	метрична книга|народження	2	ДАКрО-610-1-35
610	1	36	Church boards and churches, Kropyvnytsky	1860-1860	метрична книга|шлюб	2	ДАКрО-610-1-36
610	1	37	Метричні книги Православних церков	1861-1861	метрична книга|народження|смерть|шлюб	2	ДАКрО-610-1-37
610	1	38	Church boards and churches, Kropyvnytsky	1862-1862	метрична книга|смерть|шлюб	2	ДАКрО-610-1-38
610	1	39	Church boards and churches, Kropyvnytsky	1863-1865	метрична книга|народження|шлюб	2	ДАКрО-610-1-39
610	1	4	Church boards and churches, Kropyvnytsky	1808-1810		2	ДАКрО-610-1-4
610	1	40	Church boards and churches, Kropyvnytsky	1865-1865	метрична книга|смерть	2	ДАКрО-610-1-40
610	1	5	Church boards and churches, Kropyvnytsky	1810-1812		2	ДАКрО-610-1-5
610	1	6	Church boards and churches, Kropyvnytsky	1813-1818		2	ДАКрО-610-1-6
610	1	7	Church boards and churches, Kropyvnytsky	1815-1826		2	ДАКрО-610-1-7
610	1	8	Church boards and churches, Kropyvnytsky	1821-1823	метрична книга|смерть|шлюб	2	ДАКрО-610-1-8
610	1	9	Метричні книги Православних церков	1824-1835	метрична книга|народження|шлюб	2	ДАКрО-610-1-9
63	1	6	Метрична книга. Церква на честь Воздвиження Чесного Хреста, с. Федвор (Федвар) Олексан-дрійського пов. Федворської вол.	1858-1858	метрична книга|народження|смерть|шлюб	0	ДАКрО-63-1-6
633	1	1	Church boards and churches, Kropyvnytsky	1847-1848	метрична книга|народження|смерть|шлюб	2	ДАКрО-633-1-1
633	1	10	Метричні книги Православних церков	1862-1866		2	ДАКрО-633-1-10
633	1	11	Метричні книги Православних церков	1890-1890	метрична книга|народження|смерть|шлюб	2	ДАКрО-633-1-11
633	1	12	Church boards and churches, Kropyvnytsky	1864-1868		2	ДАКрО-633-1-12
633	1	13	Church boards and churches, Kropyvnytsky	1882-1884	метрична книга|народження|сповідальні відомості	2	ДАКрО-633-1-13
633	1	14	Метричні книги Православних церков	1885-1892	метрична книга|народження|смерть|шлюб	2	ДАКрО-633-1-14
633	1	15	Church boards and churches, Kropyvnytsky	1888-1888	метрична книга|народження|смерть|шлюб	2	ДАКрО-633-1-15
633	1	16	Метричні книги Православних церков	1894-1895	метрична книга|народження|смерть|шлюб	2	ДАКрО-633-1-16
633	1	17	Church boards and churches, Kropyvnytsky	1902-1918	метрична книга|народження|смерть|шлюб	2	ДАКрО-633-1-17
633	1	18	Метричні книги Православних церков	1909-1912	метрична книга|народження|смерть|шлюб	2	ДАКрО-633-1-18
633	1	19	Church boards and churches, Kropyvnytsky	1913-1916	метрична книга|народження|смерть|шлюб	2	ДАКрО-633-1-19
633	1	2	Метричні книги Православних церков	1849-1851	метрична книга|народження|смерть|шлюб	2	ДАКрО-633-1-2
633	1	3	Метричні книги Православних церков	1852-1852	метрична книга|народження|смерть|шлюб	2	ДАКрО-633-1-3
633	1	4	Метричні книги Православних церков	1853-1856	метрична книга|народження|смерть|шлюб	2	ДАКрО-633-1-4
633	1	5	Метричні книги Православних церков	1857-1857	метрична книга|народження|смерть|шлюб	2	ДАКрО-633-1-5
633	1	6	Church boards and churches, Kropyvnytsky	1858-1858		2	ДАКрО-633-1-6
633	1	62				0	ДАКрО-633-1-62
633	1	7	Church boards and churches, Kropyvnytsky	1859-1859	метрична книга|народження|смерть|шлюб	2	ДАКрО-633-1-7
633	1	8	Метричні книги Православних церков	1860-1860	метрична книга|народження|смерть|шлюб	2	ДАКрО-633-1-8
633	1	9	Church boards and churches, Kropyvnytsky	1861-1877	метрична книга|народження|смерть|шлюб	2	ДАКрО-633-1-9
638	1	1	Метрична книга Успенського собору м. Олександрія	1877-1877	метрична книга|народження	3	ДАКрО-638-1-1
638	1	10	Метричні книги Православних церков	1892-1893	метрична книга|народження|смерть|шлюб	2	ДАКрО-638-1-10
638	1	11	Метричні книги Православних церков	1894-1894	метрична книга|народження|смерть|шлюб	2	ДАКрО-638-1-11
638	1	12	Метричні книги Православних церков	1880-1880	метрична книга|народження|смерть|шлюб	2	ДАКрО-638-1-12
638	1	13	Метрична книга Миколаївської церкви м. Олександрія	1895-1902	метрична книга|народження|смерть|шлюб	3	ДАКрО-638-1-13
638	1	14	Метричні книги Православних церков	1898-1899	метрична книга|народження|смерть|шлюб	2	ДАКрО-638-1-14
638	1	15	Метричні книги Православних церков	1903-1904	метрична книга|народження|смерть|шлюб	2	ДАКрО-638-1-15
638	1	16	Метричні книги Православних церков	1905-1907	метрична книга|народження|смерть|шлюб	2	ДАКрО-638-1-16
638	1	17	Метричні книги Православних церков	1863-1863	метрична книга|народження|смерть|шлюб	2	ДАКрО-638-1-17
638	1	18	Метричні книги Православних церков	1864-1864	метрична книга|народження|смерть|шлюб	2	ДАКрО-638-1-18
638	1	19	Метричні книги Православних церков	1865-1865	метрична книга|смерть|шлюб	2	ДАКрО-638-1-19
638	1	2	Метрична книга Успенського собору м. Олександрія	1876-1879	метрична книга|народження|смерть|шлюб	3	ДАКрО-638-1-2
638	1	20	Метричні книги Православних церков	1866-1866	метрична книга|народження|смерть|шлюб	2	ДАКрО-638-1-20
638	1	21	Метричні книги Православних церков	1867-1867	метрична книга|народження|смерть|шлюб	2	ДАКрО-638-1-21
638	1	22	Метрична книга Успенського собору м. Олександрія	1867-1868	метрична книга|народження|смерть|шлюб	3	ДАКрО-638-1-22
638	1	23	Метрична книга Успенського собору м. Олександрія	1869-1869	метрична книга|народження|смерть|шлюб	3	ДАКрО-638-1-23
638	1	24	Метрична книга Успенського собору м. Олександрія	1870-1870	метрична книга|народження|смерть|шлюб	3	ДАКрО-638-1-24
638	1	25	Метрична книга Успенського собору м. Олександрія	1871-1871	метрична книга|народження|смерть|шлюб	3	ДАКрО-638-1-25
638	1	26	Метрична книга Успенського собору м. Олександрія	1872-1872	метрична книга|народження|смерть|шлюб	3	ДАКрО-638-1-26
638	1	27	Метрична книга Успенського собору м. Олександрія	1873-1873	метрична книга|народження|смерть|шлюб	3	ДАКрО-638-1-27
638	1	28	Метричні книги Православних церков	1874-1874	метрична книга|народження|смерть|шлюб	2	ДАКрО-638-1-28
638	1	29	Метричні книги Православних церков	1875-1880	метрична книга|народження|смерть|шлюб	2	ДАКрО-638-1-29
638	1	3	Метричні книги Православних церков	1881-1882	метрична книга|народження|смерть|шлюб	2	ДАКрО-638-1-3
638	1	30	Метрична книга Успенського собору м. Олександрія	1883-1883	метрична книга|народження|смерть|шлюб	3	ДАКрО-638-1-30
638	1	31	Метрична книга Успенського собору м. Олександрія	1884-1884		3	ДАКрО-638-1-31
638	1	32	Метричні книги Православних церков	1894-1895	метрична книга|народження|смерть|шлюб	2	ДАКрО-638-1-32
638	1	33	Метричні книги Православних церков	1896-1897	метрична книга|народження|смерть|шлюб	2	ДАКрО-638-1-33
638	1	34	Метрична книга Успенського собору м. Олександрія	1898-1899	метрична книга|народження|смерть|шлюб	3	ДАКрО-638-1-34
638	1	35	Метричні книги Православних церков	1900-1903	метрична книга|народження|смерть|шлюб	2	ДАКрО-638-1-35
638	1	36	Метричні книги Православних церков	1901-1901	метрична книга|народження|шлюб	2	ДАКрО-638-1-36
638	1	37	Метричні книги Православних церков	1902-1902	метрична книга|народження|смерть|шлюб	2	ДАКрО-638-1-37
638	1	38	Метричні книги Православних церков	1904-1905	метрична книга|народження|смерть|шлюб	2	ДАКрО-638-1-38
638	1	39	Метричні книги Православних церков	1906-1909	метрична книга|народження|смерть|шлюб	2	ДАКрО-638-1-39
638	1	4	Метрична книга Миколаївської церкви м. Олександрія	1883-1884	метрична книга|народження|смерть|шлюб	3	ДАКрО-638-1-4
638	1	40	Метричні книги Православних церков	1907-1908	метрична книга|народження|смерть	2	ДАКрО-638-1-40
638	1	41	Метричні книги Православних церков	1910-1910	метрична книга|народження|смерть|шлюб	2	ДАКрО-638-1-41
638	1	42	Метричні книги Православних церков	1911-1912	метрична книга|народження|смерть|шлюб	2	ДАКрО-638-1-42
638	1	43	Метричні книги Православних церков	1908-1910	метрична книга|народження|смерть|шлюб	2	ДАКрО-638-1-43
638	1	44	Метрична книга Миколаївської церкви м. Олександрія	1911-1913	метрична книга|народження|смерть|шлюб	3	ДАКрО-638-1-44
638	1	45	Метричні книги Православних церков	1913-1914	метрична книга|народження|смерть|шлюб	2	ДАКрО-638-1-45
638	1	46	Метрична книга Успенського собору м. Олександрія	1915-1917	метрична книга|народження|смерть|шлюб	3	ДАКрО-638-1-46
638	1	47	Метричні книги Првославних церков	1918-1918	метрична книга|народження|смерть|шлюб	2	ДАКрО-638-1-47
638	1	48	Метричні книги Православних церков	1919-1920	метрична книга|народження|смерть|шлюб	2	ДАКрО-638-1-48
638	1	49	Метрична книга Миколаївської церкви м. Олександрія	1914-1916	метрична книга|народження|смерть|шлюб	3	ДАКрО-638-1-49
638	1	5	Метричні книги Православних церков	1885-1886	метрична книга|народження|смерть|шлюб	2	ДАКрО-638-1-5
638	1	6	Метричні книги Православних церков	1887-1887	метрична книга|народження|смерть|шлюб	2	ДАКрО-638-1-6
638	1	7	Метричні книги Православних церков	1888-1888	метрична книга|народження|смерть|шлюб	2	ДАКрО-638-1-7
638	1	8	Метричні книги Православних церков	1889-1889	метрична книга|народження|смерть|шлюб	2	ДАКрО-638-1-8
638	1	9	Метричні книги Православних церков	1890-1891	метрична книга|народження|смерть|шлюб	2	ДАКрО-638-1-9
638	ОЛП1	36	Метрична книга. Собор Успіння Пресвятої Богородиці, м. Олександрія Олександрійського пов.	1901-1901	метрична книга|смерть	0	ДАКрО-638-ОЛП1-36
639	1	1	Метричні книги Православних церков	1879-1879	метрична книга|народження|смерть|шлюб	2	ДАКрО-639-1-1
639	1	10	Метричні книги Православних церков	1875-1876	метрична книга|народження|смерть|шлюб	2	ДАКрО-639-1-10
639	1	11	Метричні книги Православних церков	1876-1878	метрична книга|народження|смерть|шлюб	2	ДАКрО-639-1-11
639	1	12	Метричні книги Успенської та Миколаївської церков с. Дмитрівка Олександрійського повіту	1885-1886,1895-1896	метрична книга|народження|смерть|шлюб	4	ДАКрО-639-1-12
639	1	12А	Метричні книги Православних церков	1898-1898	метрична книга|народження|смерть|шлюб	1	ДАКрО-639-1-12А
639	1	12Б	Метрична книга реєстрації актів про народження, шлюб та смерть, 1898р., 01.01.1898-29.12.1898, 86 арк.			0	ДАКрО-639-1-12Б
639	1	13	Метричні книги Православних церков	1900-1901	метрична книга|народження|смерть|шлюб	2	ДАКрО-639-1-13
639	1	14	Метричні книги Православних церков	1902-1903	метрична книга|народження|смерть|шлюб	2	ДАКрО-639-1-14
639	1	15	Метричні книги Православних церков	1904-1905	метрична книга|народження|смерть|шлюб	2	ДАКрО-639-1-15
639	1	16	Метричні книги Православних церков	1905-1907	метрична книга|народження|смерть|шлюб	2	ДАКрО-639-1-16
639	1	17	Метричні книги Православних церков	1908-1909		2	ДАКрО-639-1-17
639	1	18	Метричні книги Православних церков	1908-1909	метрична книга|народження|смерть|шлюб	2	ДАКрО-639-1-18
639	1	19	Метричні книги Православних церков	1910-1912	метрична книга|народження|смерть|шлюб	2	ДАКрО-639-1-19
639	1	2	Метричні книги Православних церков	1880-1880	метрична книга|народження|смерть|шлюб	2	ДАКрО-639-1-2
639	1	20	Метричні книги Православних церков	1910-1912	метрична книга|народження|смерть|шлюб	2	ДАКрО-639-1-20
639	1	21	Метричні книги Православних церков	1913-1913	метрична книга|народження|смерть|шлюб	2	ДАКрО-639-1-21
639	1	22	Метричні книги Православних церков	1914-1914	метрична книга|народження|смерть|шлюб	2	ДАКрО-639-1-22
639	1	23	Метричні книги Православних церков	1915-1917	метрична книга|народження|смерть|шлюб	2	ДАКрО-639-1-23
639	1	24	Метричні книги Православних церков	1918-1920	метрична книга|народження|смерть|шлюб	2	ДАКрО-639-1-24
639	1	25	Метричні книги Православних церков	1915-1917	метрична книга|народження|смерть|шлюб	2	ДАКрО-639-1-25
639	1	26	Метричні книги Православних церков	1918-1919	метрична книга|народження|смерть|шлюб	2	ДАКрО-639-1-26
639	1	27	Метричні книги Православних церков	1920-1920	метрична книга|народження|смерть|шлюб	2	ДАКрО-639-1-27
639	1	3	Метричні книги Православних церков	1881-1882	метрична книга|народження|смерть|шлюб	2	ДАКрО-639-1-3
639	1	4	Метричні книги Православних церков	1883-1885	метрична книга|народження|смерть|шлюб	2	ДАКрО-639-1-4
639	1	5	Метричні книги Православних церков	1886-1889	метрична книга|народження|смерть|шлюб	2	ДАКрО-639-1-5
639	1	6	Метричні книги Православних церков	1890-1891	метрична книга|народження|смерть|шлюб	2	ДАКрО-639-1-6
639	1	7	Метричні книги Православних церков	1892-1894	метрична книга|народження|смерть|шлюб	2	ДАКрО-639-1-7
639	1	8	Метрична книга Миколаївської церкви с. Дмитрівка Олександрійського повіту	1871-1871	метрична книга|народження|смерть|шлюб	3	ДАКрО-639-1-8
639	1	9	Метричні книги Православних церков	1872-1874	метрична книга|народження|смерть|шлюб	2	ДАКрО-639-1-9
639	415	22	Метрична книга. Церква Успіння Пресвятої Богородиці, с. Дмитрівка Олександрійського пов.Дмитрівської вол.	1914-1914	метрична книга|смерть	0	ДАКрО-639-415-22
640	1	1	Метричні книги Православних церков	1875-1878	метрична книга|народження|смерть	2	ДАКрО-640-1-1
640	1	10	Метричні книги Православних церков	1866-1869	метрична книга|народження|смерть|шлюб	2	ДАКрО-640-1-10
640	1	11	Church boards and churches, Kropyvnytsky	1870-1874	метрична книга|народження|смерть|шлюб	2	ДАКрО-640-1-11
640	1	12	Church boards and churches, Kropyvnytsky	1880-1891	метрична книга|народження|смерть|шлюб	2	ДАКрО-640-1-12
640	1	13	Метричні книги Православних церков	1892-1897	метрична книга|народження|смерть|шлюб	2	ДАКрО-640-1-13
640	1	14	Метричні книги Православних церков	1893-1898	метрична книга|народження|смерть|шлюб	2	ДАКрО-640-1-14
640	1	15	Метричні книги Православних церков	1900-1904	метрична книга|народження|смерть|шлюб	2	ДАКрО-640-1-15
640	1	16	Метричні книги Православних церков	1902-1906	метрична книга|народження|смерть|шлюб	2	ДАКрО-640-1-16
640	1	17	Метричні книги Православних церков	1905-1908	метрична книга|народження|смерть|шлюб	2	ДАКрО-640-1-17
640	1	18	Church boards and churches, Kropyvnytsky	1909-1909	метрична книга|народження|смерть|шлюб	2	ДАКрО-640-1-18
640	1	19	Метричні книги Православних церков	1910-1911	метрична книга|народження|смерть|шлюб	2	ДАКрО-640-1-19
640	1	2	Метричні книги Православних церков	1878-1879,1919-1919	метрична книга|народження|смерть	2	ДАКрО-640-1-2
640	1	20	Church boards and churches, Kropyvnytsky	1912-1913	метрична книга|народження|смерть|шлюб	2	ДАКрО-640-1-20
640	1	21	Church boards and churches, Kropyvnytsky	1914-1915	метрична книга|народження|смерть|шлюб	2	ДАКрО-640-1-21
640	1	22	Метричні книги Православних церков	1917-1920	метрична книга|народження	2	ДАКрО-640-1-22
640	1	3	Метричні книги Православних церков	1881-1883	метрична книга|народження|смерть	2	ДАКрО-640-1-3
640	1	4	Метричні книги Православних церков	1885-1888	метрична книга|народження|смерть	2	ДАКрО-640-1-4
640	1	5	Метричні книги Православних церков	1841-1844	метрична книга|народження|смерть|шлюб	2	ДАКрО-640-1-5
640	1	6	Метричні книги Православних церков	1845-1850	метрична книга|народження|смерть	2	ДАКрО-640-1-6
640	1	7	Метричні книги Православних церков	1851-1857	метрична книга|народження|смерть|шлюб	2	ДАКрО-640-1-7
640	1	8	Church boards and churches, Kropyvnytsky	1858-1861	метрична книга|смерть|шлюб	2	ДАКрО-640-1-8
640	1	9	Метричні книги Православних церков	1862-1865	метрична книга|народження|смерть|шлюб	2	ДАКрО-640-1-9
642	1	1	Метричні книги Православних церков	1876-1879	метрична книга|народження|смерть|шлюб	2	ДАКрО-642-1-1
642	1	10	Метричні книги Православних церков	1875-1877	метрична книга|народження|смерть|шлюб	2	ДАКрО-642-1-10
642	1	11	Метричні книги Православних церков	1878-1878	метрична книга|народження|смерть|шлюб	2	ДАКрО-642-1-11
642	1	12	Метричні книги Православних церков	1882-1883		2	ДАКрО-642-1-12
642	1	12А	Метричні книги Православних церков	1895-1896	метрична книга|народження|смерть|шлюб	1	ДАКрО-642-1-12А
642	1	13	Метричні книги Православних церков	1897-1900	метрична книга|народження|смерть|шлюб	2	ДАКрО-642-1-13
642	1	14	Метричні книги Православних церков	1901-1903	метрична книга|народження|смерть|шлюб	2	ДАКрО-642-1-14
642	1	15	Метричні книги Православних церков	1904-1906	метрична книга|народження|смерть|шлюб	2	ДАКрО-642-1-15
642	1	16	Метричні книги Православних церков	1907-1909	метрична книга|народження|смерть|шлюб	2	ДАКрО-642-1-16
642	1	17	Метричні книги Православних церков	1910-1911	метрична книга|народження|смерть|шлюб	2	ДАКрО-642-1-17
642	1	18	Метричні книги Православних церков	1912-1914	метрична книга|народження|смерть|шлюб	2	ДАКрО-642-1-18
642	1	19	Метричні книги Православних церков	1915-1916	метрична книга|народження|смерть|шлюб	2	ДАКрО-642-1-19
642	1	2	Метричні книги Православних церков	1877-1880	метрична книга|народження|смерть|шлюб	2	ДАКрО-642-1-2
642	1	20	Метричні книги Православних церков	1917-1919	метрична книга|народження|смерть|шлюб	2	ДАКрО-642-1-20
642	1	3	Метричні книги Православних церков	1881-1885	метрична книга|народження|смерть|шлюб	2	ДАКрО-642-1-3
642	1	4	Метрична книга Преображенської церкви с. Талова Балка Олександрійського повіту	1886-1889	метрична книга|народження|смерть|шлюб	3	ДАКрО-642-1-4
642	1	5	Метричні книги Православних церков	1890-1894	метрична книга|народження|смерть|шлюб	2	ДАКрО-642-1-5
642	1	6	Метрична книга Преображенської церкви с. Талова Балка Олександрійського повіту	1888-1888	метрична книга|народження|смерть|шлюб	3	ДАКрО-642-1-6
642	1	7	Метричні книги Православних церков	1862-1868	метрична книга|народження|смерть|шлюб	2	ДАКрО-642-1-7
642	1	8	Метричні книги Православних церков	1867-1870	метрична книга|народження|смерть|шлюб	2	ДАКрО-642-1-8
642	1	9	Метричні книги Православних церков	1871-1874	метрична книга|народження|смерть|шлюб	2	ДАКрО-642-1-9
643	1	1	Метричні книги Православних церков	1877-1878	метрична книга|народження|смерть|шлюб	2	ДАКрО-643-1-1
643	1	10	Метричні книги Православних церков	1901-1902	метрична книга|народження|смерть|шлюб	2	ДАКрО-643-1-10
643	1	11	Метричні книги Православних церков	1903-1903	метрична книга|шлюб	2	ДАКрО-643-1-11
643	1	12	Метричні книги Православних церков	1904-1906	метрична книга|народження|смерть	2	ДАКрО-643-1-12
643	1	13	Метричні книги Православних церков	1906-1909	метрична книга|народження|смерть|шлюб	2	ДАКрО-643-1-13
643	1	14	Метричні книги Православних церков	1910-1912	метрична книга|народження|смерть|шлюб	2	ДАКрО-643-1-14
643	1	15	Метричні книги Православних церков	1913-1914	метрична книга|народження|смерть|шлюб	2	ДАКрО-643-1-15
643	1	16	Метричні книги Православних церков	1915-1916	метрична книга|народження|смерть|шлюб	2	ДАКрО-643-1-16
643	1	17	Метричні книги Православних церков	1917-1918	метрична книга|народження|смерть|шлюб	2	ДАКрО-643-1-17
643	1	18	Метричні книги Православних церков	1919-1920	метрична книга|народження|смерть|шлюб	2	ДАКрО-643-1-18
643	1	19	Метричні книги Православних церков	1921-1922	метрична книга|народження|смерть|шлюб	2	ДАКрО-643-1-19
643	1	2	Метричні книги Православних церков	1876-1879	метрична книга|народження|смерть|шлюб	2	ДАКрО-643-1-2
643	1	3	Church boards and churches, Kropyvnytsky	1881-1882	метрична книга|народження|смерть|шлюб	2	ДАКрО-643-1-3
643	1	4	Метричні книги Православних церков	1886-1889,1904-1906	метрична книга|народження|смерть|шлюб	2	ДАКрО-643-1-4
643	1	5	Метричні книги Православних церков	1890-1894	метрична книга|народження|смерть|шлюб	2	ДАКрО-643-1-5
643	1	6	Метричні книги Православних церков	1881-1885	метрична книга|народження|смерть|шлюб	2	ДАКрО-643-1-6
643	1	7	Church boards and churches, Kropyvnytsky	1888-1889	метрична книга|народження|смерть|шлюб	2	ДАКрО-643-1-7
643	1	8	Метричні книги Православних церков	1895-1897	метрична книга|народження|смерть|шлюб	2	ДАКрО-643-1-8
643	1	9	Метричні книги Православних церков	1898-1901	метрична книга|народження|смерть|шлюб	2	ДАКрО-643-1-9
644	1	1	Метричні книги Православних церков	1876-1879	метрична книга|народження|смерть|шлюб	2	ДАКрО-644-1-1
644	1	10	Метричні книги Православних церков	1897-1899	метрична книга|народження|смерть|шлюб	2	ДАКрО-644-1-10
644	1	11	Духовні правління та церкви, Кропивницький	1900-1901	метрична книга|народження|смерть|шлюб	2	ДАКрО-644-1-11
644	1	12	Метричні книги Православних церков	1902-1903	метрична книга|народження|смерть|шлюб	2	ДАКрО-644-1-12
644	1	13	Метричні книги Православних церков	1904-1906	метрична книга|народження|смерть|шлюб	2	ДАКрО-644-1-13
644	1	14	Метричні книги Православних церков	1907-1908	метрична книга|народження|смерть|шлюб	2	ДАКрО-644-1-14
644	1	15	Метричні книги Православних церков	1909-1910	метрична книга|народження|смерть|шлюб	2	ДАКрО-644-1-15
644	1	16	Метричні книги Православних церков	1911-1912	метрична книга|народження|смерть|шлюб	2	ДАКрО-644-1-16
644	1	17	Метричні книги Православних церков	1913-1913	метрична книга|народження|смерть|шлюб	2	ДАКрО-644-1-17
644	1	18	Метричні книги Православних церков	1914-1914	метрична книга|народження|смерть|шлюб	2	ДАКрО-644-1-18
644	1	19	Метричні книги Православних церков	1915-1915	метрична книга|народження|смерть|шлюб	2	ДАКрО-644-1-19
644	1	2	Метричні книги Православних церков	1880-1880	метрична книга|народження|смерть|шлюб	2	ДАКрО-644-1-2
644	1	20	Метричні книги Православних церков	1916-1917	метрична книга|народження|смерть|шлюб	2	ДАКрО-644-1-20
644	1	21	Метричні книги Православних церков	1918-1918	метрична книга|народження|смерть|шлюб	2	ДАКрО-644-1-21
644	1	22	Метричні книги Православних церков	1919-1920	метрична книга|народження|смерть|шлюб	2	ДАКрО-644-1-22
644	1	3	Метричні книги Православних церков	1881-1884	метрична книга|народження|смерть|шлюб	2	ДАКрО-644-1-3
644	1	4	Метричні книги Православних церков	1885-1889	метрична книга|народження|смерть|шлюб	2	ДАКрО-644-1-4
644	1	48	Метрична книга. Церква Архангела Михаїла, с. Табурище Олександрійського пов. Новогеор-гіївської вол.	1889-1889	метрична книга|народження	0	ДАКрО-644-1-48
644	1	5	Метричні книги Православних церков	1888-1888	метрична книга|народження	2	ДАКрО-644-1-5
644	1	6	Метричні книги Православних церков	1890-1892	метрична книга|народження|смерть|шлюб	2	ДАКрО-644-1-6
644	1	7	Метричні книги Православних церков	1878-1879	метрична книга|народження|смерть|шлюб	2	ДАКрО-644-1-7
644	1	8	Метричні книги Православних церков	1887-1890		2	ДАКрО-644-1-8
644	1	9	Метричні книги Православних церков	1894-1896	метрична книга|народження|смерть	2	ДАКрО-644-1-9
646	1	1	Метричні книги Православних церков	1879-1879	метрична книга|народження|смерть|шлюб	2	ДАКрО-646-1-1
646	1	10	Метричні книги Православних церков	1902-1902	метрична книга|народження|смерть|шлюб	2	ДАКрО-646-1-10
646	1	11	Метричні книги Православних церков	1903-1903	метрична книга|народження|смерть|шлюб	2	ДАКрО-646-1-11
646	1	12	Метричні книги Православних церков	1904-1904	метрична книга|народження|смерть|шлюб	2	ДАКрО-646-1-12
646	1	13	Метричні книги Православних церков	1905-1905	метрична книга|народження|смерть|шлюб	2	ДАКрО-646-1-13
646	1	14	Метричні книги Православних церков	1906-1906	метрична книга|народження|смерть|шлюб	2	ДАКрО-646-1-14
646	1	15	Метричні книги Православних церков	1907-1907	метрична книга|народження|смерть|шлюб	2	ДАКрО-646-1-15
646	1	16	Метричні книги Православних церков	1908-1909	метрична книга|народження|смерть|шлюб	2	ДАКрО-646-1-16
646	1	17	Метричні книги Православних церков	1910-1910	метрична книга|народження|смерть|шлюб	2	ДАКрО-646-1-17
646	1	18	Метричні книги Православних церков	1911-1911	метрична книга|народження|смерть|шлюб	2	ДАКрО-646-1-18
646	1	19	Метричні книги Православних церков	1912-1912	метрична книга|народження|смерть|шлюб	2	ДАКрО-646-1-19
646	1	2	Метричні книги Православних церков	1889-1890,1921-1921	метрична книга|народження|смерть|шлюб	2	ДАКрО-646-1-2
646	1	20	Метричні книги Православних церков	1913-1913	метрична книга|народження|смерть|шлюб	2	ДАКрО-646-1-20
646	1	21	Метричні книги Православних церков	1914-1914	метрична книга|народження|смерть|шлюб	2	ДАКрО-646-1-21
646	1	22	Метричні книги Православних церков	1915-1915	метрична книга|народження|смерть|шлюб	2	ДАКрО-646-1-22
646	1	23	Метричні книги Православних церков	1916-1916	метрична книга|народження|шлюб	2	ДАКрО-646-1-23
646	1	24	Метричні книги Православних церков	1917-1917	метрична книга|народження|смерть|шлюб	2	ДАКрО-646-1-24
646	1	25	Метричні книги Православних церков	1918-1918	метрична книга|народження|смерть|шлюб	2	ДАКрО-646-1-25
646	1	26	Метричні книги Православних церков	1919-1919	метрична книга|народження|смерть|шлюб	2	ДАКрО-646-1-26
646	1	27	Метричні книги Православних церков	1920-1920	метрична книга|народження|смерть|шлюб	2	ДАКрО-646-1-27
646	1	28	Метричні книги Православних церков	1921-1921	метрична книга|народження|шлюб	2	ДАКрО-646-1-28
646	1	3	Метричні книги Православних церков	1891-1892	метрична книга|народження|смерть|шлюб	2	ДАКрО-646-1-3
646	1	4	Метричні книги Православних церков	1893-1894	метрична книга|народження|смерть|шлюб	2	ДАКрО-646-1-4
646	1	5	Метричні книги Православних церков	1895-1896	метрична книга|народження|смерть|шлюб	2	ДАКрО-646-1-5
646	1	6	Метричні книги Православних церков	1897-1897	метрична книга|народження|смерть|шлюб	2	ДАКрО-646-1-6
646	1	7	Метричні книги Православних церков	1898-1898	метрична книга|народження|смерть|шлюб	2	ДАКрО-646-1-7
646	1	8	Метричні книги Православних церков	1899-1900	метрична книга|народження|смерть|шлюб	2	ДАКрО-646-1-8
646	1	9	Метричні книги Православних церков	1901-1901	метрична книга|народження|смерть|шлюб	2	ДАКрО-646-1-9
647	1	1	Метричні книги Православних церков	1877-1877	метрична книга|народження|смерть|шлюб	2	ДАКрО-647-1-1
647	1	10	Метричні книги Православних церков	1910-1911	метрична книга|народження|смерть|шлюб	2	ДАКрО-647-1-10
647	1	11	Метричні книги Православних церков	1913-1916	метрична книга|народження|смерть|шлюб	2	ДАКрО-647-1-11
647	1	12	Метричні книги Православних церков	1917-1917	метрична книга|народження|смерть|шлюб	2	ДАКрО-647-1-12
647	1	13	Метричні книги Православних церков	1919-1920	метрична книга|народження|смерть|шлюб	2	ДАКрО-647-1-13
647	1	2	Духовні правління та церкви, Кропивницький	1881-1888	метрична книга|народження|смерть|шлюб	2	ДАКрО-647-1-2
647	1	3	Метричні книги Православних церков	1890-1890	метрична книга|народження|смерть|шлюб	2	ДАКрО-647-1-3
647	1	3А	Метричні книги Православних церков	1891-1892	метрична книга|народження|смерть|шлюб	1	ДАКрО-647-1-3А
647	1	4	Метричні книги Православних церков	1893-1894	метрична книга|народження|смерть|шлюб	2	ДАКрО-647-1-4
647	1	5	Метричні книги Православних церков	1895-1896	метрична книга|народження|смерть|шлюб	2	ДАКрО-647-1-5
647	1	6	Метричні книги Православних церков	1899-1900	метрична книга|народження|смерть|шлюб	2	ДАКрО-647-1-6
647	1	7	Метричні книги Православних церков	1903-1905	метрична книга|народження|смерть|шлюб	2	ДАКрО-647-1-7
647	1	8	Метричні книги Православних церков	1901-1909	метрична книга|народження|смерть|шлюб	2	ДАКрО-647-1-8
648	1	1	Метрична книга Троїцької церкви села Лелеківка Єлисаветградського повіту Херсонської губернії	1877-1877	метрична книга|народження	3	ДАКрО-648-1-1
648	1	10	Метрична книга Троїцької церкви села Лелеківка Єлисаветградського повіту Херсонської губернії	1888-1890	метрична книга|народження|смерть|шлюб	3	ДАКрО-648-1-10
648	1	11	Метрична книга Троїцької церкви села Лелеківка Єлисаветградського повіту Херсонської губернії	1891-1893	метрична книга|народження|смерть|шлюб	3	ДАКрО-648-1-11
648	1	12	Метрична книга Троїцької церкви села Лелеківка Єлисаветградського повіту Херсонської губернії	1894-1895	метрична книга|народження|смерть|шлюб	3	ДАКрО-648-1-12
648	1	13	Метрична книга Троїцької церкви села Лелеківка Єлисаветградського повіту Херсонської губернії	1896-1897	метрична книга|народження|смерть|шлюб	3	ДАКрО-648-1-13
648	1	14	Метрична книга Троїцької церкви села Лелеківка Єлисаветградського повіту Херсонської губернії	1898-1901	метрична книга|народження|смерть|шлюб	3	ДАКрО-648-1-14
648	1	15	Метрична книга Троїцької церкви села Лелеківка Єлисаветградського повіту Херсонської губернії	1902-1903	метрична книга|народження|смерть|шлюб	3	ДАКрО-648-1-15
648	1	16	Метрична книга Троїцької церкви села Лелеківка Єлисаветградського повіту Херсонської губернії	1904-1905	метрична книга|народження|смерть|шлюб	3	ДАКрО-648-1-16
648	1	17	Метрична книга Троїцької церкви села Лелеківка Єлисаветградського повіту Херсонської губернії	1906-1907	метрична книга|народження|смерть|шлюб	3	ДАКрО-648-1-17
648	1	18	Метрична книга Троїцької церкви села Лелеківка Єлисаветградського повіту Херсонської губернії	1908-1909	метрична книга|народження|смерть|шлюб	3	ДАКрО-648-1-18
648	1	19	Метрична книга Троїцької церкви села Лелеківка Єлисаветградського повіту Херсонської губернії	1910-1911	метрична книга|народження|смерть|шлюб	3	ДАКрО-648-1-19
648	1	2	Метрична книга Троїцької церкви села Лелеківка Єлисаветградського повіту Херсонської губернії	1878-1878	метрична книга|народження|смерть|шлюб	3	ДАКрО-648-1-2
648	1	20	Метрична книга Троїцької церкви села Лелеківка Єлисаветградського повіту Херсонської губернії	1912-1913	метрична книга|народження|смерть|шлюб	3	ДАКрО-648-1-20
648	1	20А	Метрична книга Троїцької церкви села Лелеківка Єлисаветградського повіту Херсонської губернії	1914-1914	метрична книга|народження|смерть|шлюб	2	ДАКрО-648-1-20А
648	1	21	Метрична книга Троїцької церкви села Лелеківка Єлисаветградського повіту Херсонської губернії	1916-1917	метрична книга|народження|смерть|шлюб	3	ДАКрО-648-1-21
648	1	22	Метрична книга Троїцької церкви села Лелеківка Єлисаветградського повіту Херсонської губернії	1918-1920	метрична книга|народження|смерть|шлюб	3	ДАКрО-648-1-22
648	1	23	Метрична книга Троїцької церкви села Лелеківка Єлисаветградського повіту Херсонської губернії	1921-1921	метрична книга|народження|смерть|шлюб	3	ДАКрО-648-1-23
648	1	3	Метрична книга Троїцької церкви села Лелеківка Єлисаветградського повіту Херсонської губернії	1881-1889	метрична книга|народження|смерть|шлюб	3	ДАКрО-648-1-3
648	1	4	Метрична книга Троїцької церкви села Лелеківка Єлисаветградського повіту Херсонської губернії	1860-1863	метрична книга|народження|смерть|шлюб	3	ДАКрО-648-1-4
648	1	5	Church boards and churches, Kropyvnytsky	1864-1865	метрична книга|народження|смерть|шлюб	3	ДАКрО-648-1-5
648	1	6	Метрична книга Троїцької церкви села Лелеківка Єлисаветградського повіту Херсонської губернії	1866-1870	метрична книга|народження|смерть|шлюб	3	ДАКрО-648-1-6
648	1	7	Метрична книга Троїцької церкви села Лелеківка Єлисаветградського повіту Херсонської губернії	1871-1873	метрична книга|народження|смерть|шлюб	3	ДАКрО-648-1-7
648	1	8	Метрична книга Троїцької церкви села Лелеківка Єлисаветградського повіту Херсонської губернії	1871-1875	метрична книга|народження|смерть|шлюб	3	ДАКрО-648-1-8
648	1	9	Метрична книга Троїцької церкви села Лелеківка Єлисаветградського повіту Херсонської губернії	1877-1880	метрична книга|народження|смерть|шлюб	3	ДАКрО-648-1-9
649	1	1	Метричні книги Православних церков	1877-1877	метрична книга|народження|смерть|шлюб	2	ДАКрО-649-1-1
649	1	10	Метричні книги Православних церков	1912-1912	метрична книга|народження|смерть|шлюб	2	ДАКрО-649-1-10
649	1	11	Метричні книги Православних церков	1913-1914	метрична книга|народження|смерть|шлюб	2	ДАКрО-649-1-11
649	1	12	Метричні книги Православних церков	1916-1916	метрична книга|народження|смерть|шлюб	2	ДАКрО-649-1-12
649	1	13	Church boards and churches, Kropyvnytsky	1918-1918	метрична книга|народження|смерть|шлюб	2	ДАКрО-649-1-13
649	1	14	Метричні книги Православних церков	1919-1921	метрична книга|смерть|шлюб	2	ДАКрО-649-1-14
649	1	15	Метричні книги Православних церков	1919-1921	метрична книга|народження	2	ДАКрО-649-1-15
649	1	2	Метрична книга Троїцької церкви с. Протопопівка Олександрійського повіту	1881-1889	метрична книга|народження|смерть|шлюб	3	ДАКрО-649-1-2
649	1	3	Метричні книги Православних церков	1879-1894	метрична книга|народження|смерть|шлюб	2	ДАКрО-649-1-3
649	1	4	Метричні книги Православних церков	1882-1902	метрична книга|народження|смерть|шлюб	2	ДАКрО-649-1-4
649	1	5	Метричні книги Православних церков	1897-1899	метрична книга|народження|смерть|шлюб	2	ДАКрО-649-1-5
649	1	6	Метричні книги Православних церков	1903-1904	метрична книга|народження|смерть|шлюб	2	ДАКрО-649-1-6
649	1	6А	Метричні книги Православних церков	1905-1905	метрична книга|народження|смерть|шлюб	2	ДАКрО-649-1-6А
649	1	7	Метричні книги Православних церков	1906-1906	метрична книга|народження|смерть|шлюб	2	ДАКрО-649-1-7
649	1	8	Метричні книги Православних церков	1907-1907	метрична книга|народження|смерть|шлюб	2	ДАКрО-649-1-8
649	1	8А	Метричні книги Православних церков	1909-1909	метрична книга|народження|смерть|шлюб	2	ДАКрО-649-1-8А
649	1	9	Метричні книги Православних церков	1910-1910	метрична книга|народження|смерть|шлюб	2	ДАКрО-649-1-9
650	1	1	Метричні книги Православних церков	1876-1879	метрична книга|народження|смерть|шлюб	2	ДАКрО-650-1-1
651	1	1	Метричні книги Православних церков	1877-1877	метрична книга|народження|смерть|шлюб	2	ДАКрО-651-1-1
651	1	10	Метричні книги Православних церков	1918-1919	метрична книга|народження|смерть|шлюб	2	ДАКрО-651-1-10
651	1	2	Метрична книга Стефанівської церкви с. Войнівка Олександрійського повіту	1881-1889	метрична книга|народження|смерть|шлюб	3	ДАКрО-651-1-2
651	1	3	Метричні книги Православних церков	1893-1897	метрична книга|народження|смерть|шлюб	2	ДАКрО-651-1-3
651	1	4	Метричні книги Православних церков	1898-1900	метрична книга|народження|смерть|шлюб	2	ДАКрО-651-1-4
651	1	5	Метричні книги Православних церков	1901-1904	метрична книга|народження|смерть	2	ДАКрО-651-1-5
651	1	6	Метричні книги Православних церков	1905-1907	метрична книга|народження|смерть|шлюб	2	ДАКрО-651-1-6
651	1	7	Метричні книги Православних церков	1908-1911	метрична книга|народження|смерть|шлюб	2	ДАКрО-651-1-7
651	1	8	Метричні книги Православних церков	1912-1915	метрична книга|народження|смерть|шлюб	2	ДАКрО-651-1-8
651	1	9	Метричні книги Православних церков	1916-1920	метрична книга|народження|смерть|шлюб	2	ДАКрО-651-1-9
652	1	1	Метричні записи Православних церков	1877-1877	метрична книга|народження	2	ДАКрО-652-1-1
652	1	10	Метрична книга Передтечинської церкви с. Яново Олександрійського повіту	1891-1891	метрична книга|народження|смерть|шлюб	2	ДАКрО-652-1-10
652	1	11	Метрична книга Передтечинської церкви с. Яново Олександрійського повіту	1895-1896	метрична книга|народження|смерть|шлюб	2	ДАКрО-652-1-11
652	1	12	Метрична книга Передтечинської церкви с. Яново Олександрійського повіту	1897-1898	метрична книга|народження|смерть|шлюб	2	ДАКрО-652-1-12
652	1	13	Метрична книга Передтечинської церкви с. Яново Олександрійського повіту	1899-1901	метрична книга|смерть|шлюб	2	ДАКрО-652-1-13
652	1	14	Метрична книга Передтечинської церкви с. Яново Олександрійського повіту	1902-1904	метрична книга|народження|смерть|шлюб	2	ДАКрО-652-1-14
652	1	15	Метрична книга Передтечинської церкви с. Яново Олександрійського повіту	1905-1906	метрична книга|народження|смерть|шлюб	2	ДАКрО-652-1-15
652	1	16	Метрична книга Передтечинської церкви с. Яново Олександрійського повіту	1909-1910	метрична книга|народження|смерть|шлюб	2	ДАКрО-652-1-16
652	1	17	Метрична книга Передтечинської церкви с. Яново Олександрійського повіту	1911-1912	метрична книга|народження|смерть|шлюб	2	ДАКрО-652-1-17
652	1	18	Метрична книга Передтечинської церкви с. Яново Олександрійського повіту	1913-1914	метрична книга|народження|смерть|шлюб	2	ДАКрО-652-1-18
652	1	19	Метрична книга Передтечинської церкви с. Яново Олександрійського повіту	1915-1919	метрична книга|народження|смерть|шлюб	2	ДАКрО-652-1-19
652	1	2	Метрична книга Передтечинської церкви с. Яново Олександрійського повіту	1881-1884	метрична книга|народження|смерть|шлюб	2	ДАКрО-652-1-2
652	1	3	Метрична книга Передтечинської церкви с. Яново Олександрійського повіту	1885-1889	метрична книга|народження|шлюб	2	ДАКрО-652-1-3
652	1	4	Метрична книга Передтечинської церкви с. Яново Олександрійського повіту	1890-1890	метрична книга|народження|шлюб	2	ДАКрО-652-1-4
652	1	5	Метрична книга Передтечинської церкви с. Яново Олександрійського повіту	1851-1855	метрична книга|народження|смерть|шлюб	2	ДАКрО-652-1-5
652	1	6	Метрична книга Передтечинської церкви с. Яново Олександрійського повіту	1861-1868	метрична книга|народження|смерть|шлюб	2	ДАКрО-652-1-6
652	1	7	Метрична книга Передтечинської церкви с. Яново Олександрійського повіту	1870-1871	метрична книга|народження|смерть|шлюб	2	ДАКрО-652-1-7
652	1	8	Метрична книга Передтечинської церкви с. Яново Олександрійського повіту	1872-1874	метрична книга|народження|смерть|шлюб	2	ДАКрО-652-1-8
652	1	9	Метрична книга Передтечинської церкви с. Яново Олександрійського повіту	1887-1887	метрична книга|народження|смерть|шлюб	2	ДАКрО-652-1-9
653	1	1	Метричні книги Православних церков	1878-1878	метрична книга|народження|смерть|шлюб	2	ДАКрО-653-1-1
654	1	1	Метричні книги Православних церков	1877-1880	метрична книга|народження|смерть|шлюб	2	ДАКрО-654-1-1
654	1	10	Метричні книги Православних церков	1908-1912	метрична книга|народження|смерть|шлюб	2	ДАКрО-654-1-10
654	1	11	Метричні книги Православних церков	1913-1914	метрична книга|народження|смерть|шлюб	2	ДАКрО-654-1-11
654	1	12	Метричні книги Православних церков	1915-1920	метрична книга|народження|смерть|шлюб	2	ДАКрО-654-1-12
654	1	2	Метричні книги Православних церков	1881-1884	метрична книга|народження|смерть|шлюб	2	ДАКрО-654-1-2
654	1	3	Метричні книги Православних церков	1885-1889	метрична книга|народження|смерть|шлюб	2	ДАКрО-654-1-3
654	1	4	Метричні книги Православних церков	1890-1892	метрична книга|народження|смерть|шлюб	2	ДАКрО-654-1-4
654	1	5	Метричні книги Православних церков	1870-1871	метрична книга|народження|смерть	2	ДАКрО-654-1-5
654	1	6	Метричні книги Православних церков	1892-1896	метрична книга|смерть|шлюб	2	ДАКрО-654-1-6
654	1	7	Метричні книги Православних церков	1897-1899	метрична книга|народження|смерть|шлюб	2	ДАКрО-654-1-7
654	1	8	Метричні книги Православних церков	1900-1904	метрична книга|народження|смерть|шлюб	2	ДАКрО-654-1-8
654	1	9	Метричні книги Православних церков	1905-1907	метрична книга|народження|смерть|шлюб	2	ДАКрО-654-1-9
655	1	1	Метрична книга Покровської церкви с. Скалева Єлисаветградського повіту	1876-1879	метрична книга|народження|смерть|шлюб	3	ДАКрО-655-1-1
655	1	10	Метрична книга Покровської церкви с. Скалева Єлисаветградського повіту	1908-1908	метрична книга|народження|смерть|шлюб	3	ДАКрО-655-1-10
655	1	11	Метрична книга Покровської церкви с. Скалева Єлисаветградського повіту	1909-1911	метрична книга|народження|смерть|шлюб	3	ДАКрО-655-1-11
655	1	11А	Метрична книга Покровської церкви с. Скалева Єлисаветградського повіту	1912-1912	метрична книга|народження|смерть|шлюб	3	ДАКрО-655-1-11А
655	1	11Б	Метрична книга Покровської церкви с. Скалева Єлисаветградського повіту	1913-1913	метрична книга|народження|смерть|шлюб	3	ДАКрО-655-1-11Б
655	1	12	Метрична книга Покровської церкви с. Скалева Єлисаветградського повіту	1914-1914	метрична книга|народження|смерть|шлюб	3	ДАКрО-655-1-12
655	1	13	Метрична книга Покровської церкви с. Скалева Єлисаветградського повіту	1915-1915	метрична книга|народження|смерть|шлюб	3	ДАКрО-655-1-13
655	1	14	Метрична книга Покровської церкви с. Скалева Єлисаветградського повіту	1916-1918	метрична книга|народження|смерть|шлюб	3	ДАКрО-655-1-14
655	1	15	Метрична книга Покровської церкви с. Скалева Єлисаветградського повіту	1919-1921	метрична книга|народження|смерть|шлюб	3	ДАКрО-655-1-15
655	1	2	Метрична книга Покровської церкви с. Скалева Єлисаветградського повіту	1881-1884	метрична книга|народження|смерть|шлюб	3	ДАКрО-655-1-2
655	1	2А	Метрична книга реєстрації актів про народження, шлюб та смерть, 1890-1891рр., 01.01.1890-27.12.1891, 76 арк.			0	ДАКрО-655-1-2А
655	1	3	Метрична книга Покровської церкви с. Скалева Єлисаветградського повіту	1886-1889	метрична книга|народження|смерть|шлюб	3	ДАКрО-655-1-3
655	1	3А	Метрична книга реєстрації актів про народження, шлюб та смерть, 1893р., 01.01.1893-30.12.1893, 41 арк.			0	ДАКрО-655-1-3А
655	1	4	Метрична книга Покровської церкви с. Скалева Єлисаветградського повіту	1890-1893	метрична книга|народження	3	ДАКрО-655-1-4
655	1	5	Метрична книга Покровської церкви с. Скалева Єлисаветградського повіту	1876-1879,1894-1896	метрична книга|народження	3	ДАКрО-655-1-5
655	1	6	Метрична книга Покровської церкви с. Скалева Єлисаветградського повіту	1897-1897	метрична книга|народження	3	ДАКрО-655-1-6
655	1	6А	Метрична книга реєстрації актів про народження, шлюб та смерть, 1911р., 04.01.1911-23.12.1911, 27 арк.			0	ДАКрО-655-1-6А
655	1	7	Метрична книга Покровської церкви с. Скалева Єлисаветградського повіту	1898-1900	метрична книга|народження	3	ДАКрО-655-1-7
655	1	8	Метрична книга Покровської церкви с. Скалева Єлисаветградського повіту	1901-1904	метрична книга|народження|смерть|шлюб	3	ДАКрО-655-1-8
655	1	9	Метричні книги Православних церков	1904-1907	метрична книга|народження|смерть|шлюб	2	ДАКрО-655-1-9
657	1	1	Метричні книги Православних церков	1878-1878	метрична книга|народження|смерть|шлюб	2	ДАКрО-657-1-1
657	1	2	Church boards and churches, Kropyvnytsky	1919-1919	метрична книга|шлюб	2	ДАКрО-657-1-2
658	1	1	Метричні книги Православних церков	1876-1878	метрична книга|народження|смерть|шлюб	2	ДАКрО-658-1-1
658	1	2	Метричні книги Православних церков	1881-1883	метрична книга|народження|смерть|шлюб	2	ДАКрО-658-1-2
658	1	3	Метричні книги Православних церков	1886-1889	метрична книга|народження|смерть|шлюб	2	ДАКрО-658-1-3
658	1	4	Метричні книги Православних церков	1890-1893	метрична книга|народження|смерть|шлюб	2	ДАКрО-658-1-4
658	1	5	Метричні книги Православних церков	1894-1899	метрична книга|народження|шлюб	2	ДАКрО-658-1-5
658	1	6	Метрична книга Петропавлівської церкви с. Леслієво Єлисаветградського повіту	1901-1906	метрична книга|народження|смерть|шлюб	3	ДАКрО-658-1-6
658	1	7	Метрична книга Петропавлівської церкви с. Леслієво Єлисаветградського повіту	1907-1910	метрична книга|народження|смерть|шлюб	3	ДАКрО-658-1-7
658	1	8	Метричні книги Православних церков	1911-1917	метрична книга|народження|смерть|шлюб	2	ДАКрО-658-1-8
658	481	5	Метрична книга. Свято-Петропавлівська церква, с. Леслієве Єлисаветградського пов. Хмелів-ської вол.	1894-1899	метрична книга|смерть	0	ДАКрО-658-481-5
659	1	1	Метричні книги Православних церков	1877-1877	метрична книга|народження|смерть|шлюб	2	ДАКрО-659-1-1
659	1	2	Метрична книга Покровської церкви с. Бандурівка Олександрійського повіту	1881-1889	метрична книга|народження|смерть|шлюб	3	ДАКрО-659-1-2
659	1	2А	Метричні книги Православних церков	1890-1891	метрична книга|народження|смерть|шлюб	2	ДАКрО-659-1-2А
659	1	3	Метричні книги Православних церков	1892-1892	метрична книга|народження|смерть|шлюб	2	ДАКрО-659-1-3
659	1	3А	Метричні книги Православних церков	1893-1893	метрична книга|народження|смерть|шлюб	2	ДАКрО-659-1-3А
659	1	4	Метричні книги Православних церков	1894-1899	метрична книга|народження|смерть|шлюб	2	ДАКрО-659-1-4
659	1	5	Метричні книги Православних церков	1900-1906	метрична книга|народження|смерть|шлюб	2	ДАКрО-659-1-5
659	1	6	Метричні книги Православних церков	1908-1913	метрична книга|народження|смерть|шлюб	2	ДАКрО-659-1-6
659	1	6А	Метричні книги Православних церков	1911-1911	метрична книга|народження|смерть|шлюб	2	ДАКрО-659-1-6А
659	1	7	Метричні книги Православних церков	1914-1920	метрична книга|народження|смерть|шлюб	2	ДАКрО-659-1-7
659	1	8	Метричні книги Православних церков	1916-1918	метрична книга|народження|смерть|шлюб	2	ДАКрО-659-1-8
661	1	1	Метричні книги Православних церков	1879-1879	метрична книга|народження	2	ДАКрО-661-1-1
661	1	10	Метричні книги Православних церков	1908-1912	метрична книга|народження|смерть|шлюб	2	ДАКрО-661-1-10
661	1	10А	Метричні книги Православних церков	1913-1913	метрична книга|народження|смерть|шлюб	2	ДАКрО-661-1-10А
661	1	11	Метричні книги Православних церков	1914-1914	метрична книга|народження|смерть|шлюб	2	ДАКрО-661-1-11
661	1	12	Метричні книги Православних церков	1915-1920	метрична книга|народження|смерть|шлюб	2	ДАКрО-661-1-12
661	1	2	Метричні книги Православних церков	1881-1889	метрична книга|народження|смерть|шлюб	2	ДАКрО-661-1-2
661	1	3	Метричні книги Православних церков	1873-1875		2	ДАКрО-661-1-3
661	1	4	Метричні книги Православних церков	1889-1893	метрична книга|народження|смерть|шлюб	2	ДАКрО-661-1-4
661	1	5	Метричні книги Православних церков	1894-1897	метрична книга|народження|смерть|шлюб	2	ДАКрО-661-1-5
661	1	6	Метричні книги Православних церков	1900-1901	метрична книга|народження|смерть|шлюб	2	ДАКрО-661-1-6
661	1	7	Метричні книги Православних церков	1902-1904	метрична книга|народження|смерть|шлюб	2	ДАКрО-661-1-7
661	1	8	Метричні книги Православних церков	1905-1906	метрична книга|народження|смерть|шлюб	2	ДАКрО-661-1-8
661	1	9	Метричні книги Православних церков	1907-1907	метрична книга|народження|смерть|шлюб	2	ДАКрО-661-1-9
662	1	1	Метричні книги Православних церков	1876-1880	метрична книга|народження|смерть|шлюб	2	ДАКрО-662-1-1
662	1	10	Метричні книги Православних церков	1898-1900	метрична книга|народження|смерть|шлюб	2	ДАКрО-662-1-10
662	1	11	Метричні книги Православних церков	1901-1907	метрична книга|народження|смерть|шлюб	2	ДАКрО-662-1-11
662	1	12	Church boards and churches, Kropyvnytsky	1908-1913	метрична книга|народження|смерть|шлюб	2	ДАКрО-662-1-12
662	1	13	Метричні книги Православних церков	1914-1917	метрична книга|народження|смерть|шлюб	2	ДАКрО-662-1-13
662	1	14	Метричні книги Православних церков	1918-1920	метрична книга|народження|смерть|шлюб	2	ДАКрО-662-1-14
662	1	2	Метричні книги Православних церков	1881-1883	метрична книга|народження|смерть|шлюб	2	ДАКрО-662-1-2
662	1	3	Метричні книги Православних церков	1884-1889	метрична книга|народження|смерть|шлюб	2	ДАКрО-662-1-3
662	1	4	Метричні книги Православних церков	1890-1894	метрична книга|народження|смерть|шлюб	2	ДАКрО-662-1-4
662	1	5	Метричні книги Православних церков	1860-1864	метрична книга|народження|смерть|шлюб	2	ДАКрО-662-1-5
662	1	6	Метричні книги Православних церков	1865-1869	метрична книга|народження|смерть|шлюб	2	ДАКрО-662-1-6
662	1	7	Метричні книги Православних церков	1870-1874	метрична книга|народження|смерть|шлюб	2	ДАКрО-662-1-7
662	1	8	Метричні книги Православних церков	1875-1875	метрична книга|народження|смерть|шлюб	2	ДАКрО-662-1-8
662	1	9	Метричні книги Православних церков	1895-1897	метрична книга|народження|смерть|шлюб	2	ДАКрО-662-1-9
663	1	1	Метрична книга Миколаївської церкви с. Косівка Олександрійського повіту	1876-1877	метрична книга|народження|смерть|шлюб	3	ДАКрО-663-1-1
663	1	10	Метрична книга Миколаївської церкви с. Косівка Олександрійського повіту	1897-1897	метрична книга|народження|смерть|шлюб	3	ДАКрО-663-1-10
663	1	11	Метрична книга Миколаївської церкви с. Косівка Олександрійського повіту	1898-1898	метрична книга|народження|смерть|шлюб	2	ДАКрО-663-1-11
663	1	12	Метрична книга Миколаївської церкви с. Косівка Олександрійського повіту	1899-1899	метрична книга|народження|смерть|шлюб	3	ДАКрО-663-1-12
663	1	13	Метрична книга Миколаївської церкви с. Косівка Олександрійського повіту	1900-1901	метрична книга|народження|смерть|шлюб	3	ДАКрО-663-1-13
663	1	14	Метрична книга Миколаївської церкви с. Косівка Олександрійського повіту	1902-1902	метрична книга|народження|смерть|шлюб	3	ДАКрО-663-1-14
663	1	15	Метрична книга Миколаївської церкви с. Косівка Олександрійського повіту	1903-1906	метрична книга|народження|смерть|шлюб	2	ДАКрО-663-1-15
663	1	16	Метрична книга Миколаївської церкви с. Косівка Олександрійського повіту	1904-1905	метрична книга|народження|смерть|шлюб	2	ДАКрО-663-1-16
663	1	17	Метрична книга Миколаївської церкви с. Косівка Олександрійського повіту	1907-1908	метрична книга|народження|смерть|шлюб	2	ДАКрО-663-1-17
663	1	18	Метрична книга Миколаївської церкви с. Косівка Олександрійського повіту	1909-1909	метрична книга|народження|смерть|шлюб	2	ДАКрО-663-1-18
663	1	19	Метрична книга Миколаївської церкви с. Косівка Олександрійського повіту	1910-1911	метрична книга|народження|смерть|шлюб	2	ДАКрО-663-1-19
663	1	2	Метричні книги Православних церков	1882-1882	метрична книга|народження	2	ДАКрО-663-1-2
663	1	20	Метрична книга Миколаївської церкви с. Косівка Олександрійського повіту	1912-1914	метрична книга|народження|смерть|шлюб	3	ДАКрО-663-1-20
663	1	21	Метрична книга Миколаївської церкви с. Косівка Олександрійського повіту	1915-1915	метрична книга|народження|смерть|шлюб	2	ДАКрО-663-1-21
663	1	22	Метрична книга Миколаївської церкви с. Косівка Олександрійського повіту	1916-1916	метрична книга|народження|смерть|шлюб	2	ДАКрО-663-1-22
663	1	23	Метрична книга Миколаївської церкви с. Косівка Олександрійського повіту	1917-1917	метрична книга|народження|смерть|шлюб	2	ДАКрО-663-1-23
663	1	24	Метрична книга Миколаївської церкви с. Косівка Олександрійського повіту	1918-1919	метрична книга|шлюб	2	ДАКрО-663-1-24
663	1	3	Метрична книга Миколаївської церкви с. Косівка Олександрійського повіту	1881-1885	метрична книга|народження|смерть|шлюб	2	ДАКрО-663-1-3
663	1	4	Метрична книга Миколаївської церкви с. Косівка Олександрійського повіту	1886-1887	метрична книга|народження|смерть|шлюб	3	ДАКрО-663-1-4
663	1	5	Метрична книга Миколаївської церкви с. Косівка Олександрійського повіту	1888-1889	метрична книга|народження|смерть|шлюб	3	ДАКрО-663-1-5
663	1	6	Метрична книга Миколаївської церкви с. Косівка Олександрійського повіту	1890-1892	метрична книга|народження|смерть|шлюб	3	ДАКрО-663-1-6
663	1	7	Метрична книга Миколаївської церкви с. Косівка Олександрійського повіту	1890-1893	метрична книга|народження|шлюб	3	ДАКрО-663-1-7
663	1	8	Метрична книга Миколаївської церкви с. Косівка Олександрійського повіту	1895-1895	метрична книга|народження	3	ДАКрО-663-1-8
663	1	9	Метрична книга Миколаївської церкви с. Косівка Олександрійського повіту	1896-1896	метрична книга|народження	3	ДАКрО-663-1-9
663	Л1	8	Метрична книга. Церква Святого Миколая, с. Косівка Олександрійського пов. Косівської вол.	1895-1895	метрична книга|смерть|шлюб	0	ДАКрО-663-Л1-8
663	ЛП1	9	Метрична книга. Церква Святого Миколая, с. Косівка Олександрійського пов. Косівської вол.	1896-1896	метрична книга|смерть|шлюб	0	ДАКрО-663-ЛП1-9
664	1	1	Метричні книги Православних церков	1875-1875	метрична книга|народження|смерть|шлюб	2	ДАКрО-664-1-1
665	1	1	Метричні книги Православних церков	1876-1877	метрична книга|народження|смерть	2	ДАКрО-665-1-1
665	1	10	Метричні книги Православних церков	1895-1899	метрична книга|народження|смерть|шлюб	2	ДАКрО-665-1-10
665	1	11	Метричні книги Православних церков	1894-1896	метрична книга|народження|смерть|шлюб	2	ДАКрО-665-1-11
665	1	12	Метричні книги Православних церков	1902-1903	метрична книга|народження|смерть|шлюб	2	ДАКрО-665-1-12
665	1	13	Метричні книги Православних церков	1905-1906	метрична книга|народження|шлюб	2	ДАКрО-665-1-13
665	1	14	Метричні книги Православних церков	1909-1912	метрична книга|народження|смерть|шлюб	2	ДАКрО-665-1-14
665	1	14А	Метричні книги Православних церков	1911-1911	метрична книга|народження|смерть|шлюб	2	ДАКрО-665-1-14А
665	1	15	Метричні книги Православних церков	1913-1914	метрична книга|народження|смерть|шлюб	2	ДАКрО-665-1-15
665	1	16	Метричні книги Православних церков	1915-1917	метрична книга|народження|смерть|шлюб	2	ДАКрО-665-1-16
665	1	2	Метричні книги Православних церков	1880-1882	метрична книга|народження|смерть|шлюб	2	ДАКрО-665-1-2
665	1	3	Метричні книги Православних церков	1885-1886	метрична книга|народження|смерть|шлюб	2	ДАКрО-665-1-3
665	1	4	Метричні книги Православних церков	1887-1889	метрична книга|народження|смерть|шлюб	2	ДАКрО-665-1-4
665	1	5	Метричні книги Православних церков	1890-1892	метрична книга|народження|смерть|шлюб	2	ДАКрО-665-1-5
665	1	6	Метричні книги Православних церков	1866-1868	метрична книга|народження|смерть|шлюб	2	ДАКрО-665-1-6
665	1	7	Church boards and churches, Kropyvnytsky	1877-1879	метрична книга|народження|смерть|шлюб	3	ДАКрО-665-1-7
665	1	8	Метричні книги Православних церков	1883-1883	метрична книга|народження|шлюб	2	ДАКрО-665-1-8
665	1	9	Метричні книги Православних церков	1884-1884	метрична книга|народження|смерть|шлюб	2	ДАКрО-665-1-9
667	1	1	Метричні книги Православних церков	1880-1880	метрична книга|народження	2	ДАКрО-667-1-1
667	1	10	Метрична книга церкви Св. Архангела Михаїла с. Долино-Кам'янки Олександрійського повіту	1911-1912	метрична книга|народження|смерть|шлюб	3	ДАКрО-667-1-10
667	1	11	Метрична книга церкви Св. Архангела Михаїла с. Долино-Кам'янки Олександрійського повіту	1913-1913	метрична книга|смерть	3	ДАКрО-667-1-11
667	1	11А	Метрична книга церкви Св. Архангела Михаїла с. Долино-Кам'янки Олександрійського повіту	1914-1915	метрична книга|народження|смерть|шлюб	3	ДАКрО-667-1-11А
667	1	12	Метрична книга церкви Св. Архангела Михаїла с. Долино-Кам'янки Олександрійського повіту	1916-1919	метрична книга|народження|смерть|шлюб	3	ДАКрО-667-1-12
667	1	2	Метричні книги Православних церков	1881-1889	метрична книга|народження|смерть|шлюб	2	ДАКрО-667-1-2
667	1	3	Метричні книги Православних церков	1890-1894	метрична книга|народження|смерть|шлюб	2	ДАКрО-667-1-3
667	1	4	Метрична книга церкви Св. Архангела Михаїла с. Долино-Кам'янки Олександрійського повіту	1863-1882	метрична книга|народження|смерть|шлюб	3	ДАКрО-667-1-4
667	1	5	Метрична книга церкви Св. Архангела Михаїла с. Долино-Кам'янки Олександрійського повіту	1870-1874	метрична книга|народження|смерть|шлюб	3	ДАКрО-667-1-5
667	1	6	Метрична книга церкви Св. Архангела Михаїла с. Долино-Кам'янки Олександрійського повіту	1875-1880	метрична книга|народження|смерть|шлюб	3	ДАКрО-667-1-6
667	1	7	Метрична книга церкви Св. Архангела Михаїла с. Долино-Кам'янки Олександрійського повіту	1884-1891	метрична книга|народження|смерть|шлюб	3	ДАКрО-667-1-7
667	1	8	Метрична книга церкви Св. Архангела Михаїла с. Долино-Кам'янки Олександрійського повіту	1893-1894		3	ДАКрО-667-1-8
667	1	8А	Метрична книга церкви Св. Архангела Михаїла с. Долино-Кам'янки Олександрійського повіту	1895-1899	метрична книга|народження|смерть|шлюб	3	ДАКрО-667-1-8А
667	1	8Б	Метрична книга церкви Св. Архангела Михаїла с. Долино-Кам'янки Олександрійського повіту	1900-1904	метрична книга|народження|смерть|шлюб	3	ДАКрО-667-1-8Б
667	1	9	Метрична книга церкви Св. Архангела Михаїла с. Долино-Кам'янки Олександрійського повіту	1905-1907	метрична книга|народження|смерть|шлюб	3	ДАКрО-667-1-9
667	1	9А	Метрична книга церкви Св. Архангела Михаїла с. Долино-Кам'янки Олександрійського повіту	1908-1910	метрична книга|народження|смерть|шлюб	3	ДАКрО-667-1-9А
667	10	9				0	ДАКрО-667-10-9
669	1	1	Метрична книга Михайлівської церкви с. Ново-Архангельськ Єлисаветградського повіту	1876-1878	метрична книга|народження|смерть|шлюб	3	ДАКрО-669-1-1
669	1	10	Метричні книги Православних церков	1901-1905	метрична книга|народження|смерть|шлюб	2	ДАКрО-669-1-10
669	1	11А	Метричні книги Православних церков	1902-1902		2	ДАКрО-669-1-11А
669	1	13	Метрична книга Михайлівської церкви с. Ново-Архангельськ Єлисаветградського повіту	1906-1910	метрична книга|народження|смерть|шлюб	3	ДАКрО-669-1-13
669	1	13А	Метрична книга Михайлівської церкви с. Ново-Архангельськ Єлисаветградського повіту	1897-1900,1912-1912	метрична книга|народження|смерть|шлюб	3	ДАКрО-669-1-13А
669	1	13Б	Метрична книга Михайлівської церкви с. Ново-Архангельськ Єлисаветградського повіту	1913-1913	метрична книга|народження|смерть|шлюб	3	ДАКрО-669-1-13Б
669	1	13В	Метрична книга Михайлівської церкви с. Ново-Архангельськ Єлисаветградського повіту	1914-1914	метрична книга|народження|смерть|шлюб	3	ДАКрО-669-1-13В
669	1	13Г	Метричні книги Православних церков	1915-1915	метрична книга|народження|смерть|шлюб	2	ДАКрО-669-1-13Г
669	1	15	Метричні книги Православних церков	1917-1920	метрична книга|народження|смерть|шлюб	2	ДАКрО-669-1-15
669	1	1А	Метрична книга Михайлівської церкви с. Ново-Архангельськ Єлисаветградського повіту	1879-1879	метрична книга|народження|смерть|шлюб	3	ДАКрО-669-1-1А
669	1	2	Метрична книга Михайлівської церкви с. Ново-Архангельськ Єлисаветградського повіту	1881-1883	метрична книга|народження|смерть|шлюб	3	ДАКрО-669-1-2
669	1	3	Метричні книги Православних церков	1884-1887	метрична книга|народження|смерть|шлюб	2	ДАКрО-669-1-3
669	1	4	Метричні книги Православних церков	1888-1889	метрична книга|народження|смерть|шлюб	2	ДАКрО-669-1-4
669	1	5	Метрична книга Михайлівської церкви с. Ново-Архангельськ Єлисаветградського повіту	1890-1890	метрична книга|народження|шлюб	3	ДАКрО-669-1-5
669	1	6	Метрична книга Михайлівської церкви с. Ново-Архангельськ Єлисаветградського повіту	1891-1895	метрична книга|народження|смерть|шлюб	3	ДАКрО-669-1-6
669	1	8	Метрична книга. Церква Святого Михаїла, с. Новоархангельськ Первомайського пов. Ново-архангельської вол. (Херсонської губ. Єлисаветградського пов. Новоархангельськоївол.)454Міжархівний довідник	1919-1919	метрична книга|смерть|шлюб	0	ДАКрО-669-1-8
669	1	9	Духовні правління та церкви, Кропивницький	1897-1900	метрична книга|народження|смерть|шлюб	3	ДАКрО-669-1-9
670	1	1	Метричні книги Православних церков	1876-1876	метрична книга|народження|смерть|шлюб	2	ДАКрО-670-1-1
670	1	10	Метричні книги Православних церков	1910-1914	метрична книга|народження|смерть|шлюб	2	ДАКрО-670-1-10
670	1	11	Метричні книги Православних церков	1915-1916	метрична книга|народження|смерть	2	ДАКрО-670-1-11
670	1	11512	Метрична книга. Свято-Димитріївська церква, с. Світлопілля  (Світлопіль) Олександрійськогопов. Світлопільської вол.	1915-1918	метрична книга|шлюб	0	ДАКрО-670-1-11512
670	1	2	Метричні книги Православних церков	1886-1889	метрична книга|народження|смерть|шлюб	2	ДАКрО-670-1-2
670	1	3	Метричні книги Православних церков	1890-1890	метрична книга|народження|смерть|шлюб	2	ДАКрО-670-1-3
670	1	4	Метричні книги Православних церков	1891-1894	метрична книга|народження|смерть|шлюб	2	ДАКрО-670-1-4
670	1	5	Метричні книги Православних церков	1895-1898	метрична книга|народження|смерть|шлюб	2	ДАКрО-670-1-5
670	1	6	Метричні книги Православних церков	1899-1901	метрична книга|народження|смерть|шлюб	2	ДАКрО-670-1-6
670	1	7	Метричні книги Православних церков	1902-1902	метрична книга|народження|смерть|шлюб	2	ДАКрО-670-1-7
670	1	8	Метричні книги Православних церков	1903-1906	метрична книга|народження|смерть|шлюб	2	ДАКрО-670-1-8
670	1	9	Метричні книги Православних церков	1907-1909	метрична книга|народження|смерть|шлюб	2	ДАКрО-670-1-9
671	1	1	Метричні книги Православних церков	1877-1877	метрична книга|народження|смерть	2	ДАКрО-671-1-1
671	1	2	Метричні книги Православних церков	1881-1886	метрична книга|народження|смерть|шлюб	2	ДАКрО-671-1-2
671	1	2А	Метрична книга Йосипівської церкви с. Березівка Олександрійського повіту	1887-1887	метрична книга|смерть	2	ДАКрО-671-1-2А
671	1	3	Метричні книги Православних церков	1892-1892	метрична книга|народження|смерть|шлюб	2	ДАКрО-671-1-3
671	1	4	Метричні книги Православних церков	1883-1893	метрична книга|народження|смерть|шлюб	2	ДАКрО-671-1-4
671	1	4А	Метрична книга Йосипівської церкви с. Березівка Олександрійського повіту	1888-1888	метрична книга|народження|смерть|шлюб	2	ДАКрО-671-1-4А
671	1	5	Метричні книги Православних церков	1894-1899	метрична книга|народження|смерть|шлюб	2	ДАКрО-671-1-5
671	1	6	Метричні книги Православних церков	1900-1903	метрична книга|народження|смерть|шлюб	2	ДАКрО-671-1-6
671	1	7	Метричні книги Православних церков	1881-1907	метрична книга|народження|смерть|шлюб	2	ДАКрО-671-1-7
671	1	8	Метричні книги Православних церков	1908-1910	метрична книга|народження|смерть|шлюб	2	ДАКрО-671-1-8
671	1	8А	Метричні книги Православних церков	1911-1911	метрична книга|народження|смерть|шлюб	1	ДАКрО-671-1-8А
671	1	9	Метричні книги Православних церков	1913-1918	метрична книга|народження|смерть|шлюб	2	ДАКрО-671-1-9
671	2	4	Метрична книга. Свято-Йосипівська церква, с. Березівка Олександрійського пов. Косівської вол.	1883-1883	метрична книга|шлюб	0	ДАКрО-671-2-4
672	1	1	Метричні книги Православних церков	1879-1880	метрична книга|народження|смерть|шлюб	2	ДАКрО-672-1-1
672	1	10	Метричні книги Православних церков	1919-1920	метрична книга|народження|смерть|шлюб	2	ДАКрО-672-1-10
672	1	2	Метричні книги Православних церков	1881-1884	метрична книга|народження|смерть|шлюб	2	ДАКрО-672-1-2
672	1	3	Метричні книги Православних церков	1885-1889	метрична книга|народження|смерть|шлюб	2	ДАКрО-672-1-3
672	1	4	Метричні книги Православних церков	1888-1897	метрична книга|народження|смерть|шлюб	2	ДАКрО-672-1-4
672	1	5	Метричні книги Православних церков	1899-1903	метрична книга|народження|смерть|шлюб	2	ДАКрО-672-1-5
672	1	6	Метричні книги Православних церков	1904-1908	метрична книга|народження|смерть|шлюб	2	ДАКрО-672-1-6
672	1	7	Метричні книги Православних церков	1909-1912	метрична книга|народження|смерть|шлюб	2	ДАКрО-672-1-7
672	1	8	Метричні книги Православних церков	1913-1915	метрична книга|народження|смерть|шлюб	2	ДАКрО-672-1-8
672	1	9	Метричні книги Православних церков	1916-1918	метрична книга|народження|смерть|шлюб	2	ДАКрО-672-1-9
673	1	1	Метричні книги Православних церков	1876-1876	метрична книга|народження|смерть|шлюб	2	ДАКрО-673-1-1
673	1	10	Метричні книги Православних церков	1905-1907	метрична книга|народження|смерть|шлюб	2	ДАКрО-673-1-10
673	1	11	Метричні книги Православних церков	1908-1909	метрична книга|народження|смерть|шлюб	2	ДАКрО-673-1-11
673	1	12	Метричні книги Православних церков	1914-1915	метрична книга|народження|смерть|шлюб	2	ДАКрО-673-1-12
673	1	13	Метричні книги Православних церков	1910-1918	метрична книга|народження|смерть|шлюб	2	ДАКрО-673-1-13
673	1	14	Метричні книги Православних церков	1916-1917	метрична книга|народження|смерть|шлюб	2	ДАКрО-673-1-14
673	1	1А	Метрична книга реєстрації актів про народження, шлюб та смерть, 1881р., 1881-1881, 111 арк.			0	ДАКрО-673-1-1А
673	1	2	Метричні книги Православних церков	1882-1886	метрична книга|народження|смерть|шлюб	2	ДАКрО-673-1-2
673	1	3	Метричні книги Православних церков	1887-1889	метрична книга|народження|смерть|шлюб	2	ДАКрО-673-1-3
673	1	4	Метричні книги Православних церков	1890-1894	метрична книга|народження|смерть|шлюб	2	ДАКрО-673-1-4
673	1	5	Метричні книги Православних церков	1886-1897	метрична книга|народження|смерть|шлюб	2	ДАКрО-673-1-5
673	1	6	Метричні книги Православних церков	1894-1895	метрична книга|народження|смерть	2	ДАКрО-673-1-6
673	1	7	Метричні книги Православних церков	1900-1901	метрична книга|народження|смерть|шлюб	2	ДАКрО-673-1-7
673	1	8	Метричні книги Православних церков	1898-1899	метрична книга|народження|смерть|шлюб	2	ДАКрО-673-1-8
673	1	9	Метричні книги Православних церков	1902-1904	метрична книга|народження|смерть|шлюб	2	ДАКрО-673-1-9
673	513	6	Метрична книга. Свято-Вознесенська церква, с. Звенигородка Олександрійського пов. Звени-городської вол.	1895-1895	метрична книга|шлюб	0	ДАКрО-673-513-6
674	1	1	Метрична книга Свято-Богоявленської церкви, с. Диківка Олександрійського повіту. Народження, шлюб та смерть	1877-1877	метрична книга|народження|смерть|шлюб	3	ДАКрО-674-1-1
674	1	10	Метричні книги Православних церков	1899-1901	метрична книга|народження|смерть|шлюб	2	ДАКрО-674-1-10
674	1	11	Метричні книги Православних церков	1902-1903	метрична книга|народження|смерть|шлюб	2	ДАКрО-674-1-11
674	1	12	Метрична книга. Церква Покрови Пресвятої Богородиці, с. Диківка Олександрійського пов.Бандурівської вол.	1904-1905	метрична книга|смерть|шлюб	2	ДАКрО-674-1-12
674	1	13	Метричні книги Православних церков	1906-1907	метрична книга|народження|смерть|шлюб	2	ДАКрО-674-1-13
674	1	14	Метричні книги Православних церков	1907-1907	метрична книга|народження|смерть|шлюб	2	ДАКрО-674-1-14
674	1	15	Метричні книги Православних церков	1906-1906	метрична книга|народження|смерть|шлюб	2	ДАКрО-674-1-15
674	1	16	Метричні книги Православних церков	1908-1910	метрична книга|народження|смерть|шлюб	2	ДАКрО-674-1-16
674	1	17	Метричні книги Православних церков	1908-1912	метрична книга|народження|смерть|шлюб	2	ДАКрО-674-1-17
674	1	18	Метричні книги Православних церков	1911-1912	метрична книга|народження|смерть|шлюб	2	ДАКрО-674-1-18
674	1	19	Метричні книги Православних церков	1913-1914	метрична книга|народження|смерть|шлюб	2	ДАКрО-674-1-19
674	1	2	Духовні правління та церкви, Кропивницький	1881-1882	метрична книга|народження|смерть|шлюб	1	ДАКрО-674-1-2
674	1	20	Метричні книги Православних церков	1915-1919	метрична книга|народження|смерть|шлюб	2	ДАКрО-674-1-20
674	1	21	Метричні книги Православних церков	1915-1920	метрична книга|народження|смерть|шлюб	2	ДАКрО-674-1-21
674	1	3	Духовні правління та церкви, Кропивницький	1884-1886	метрична книга|народження|смерть|шлюб	1	ДАКрО-674-1-3
674	1	4	Метричні книги Православних церков	1887-1889	метрична книга|народження|смерть|шлюб	2	ДАКрО-674-1-4
674	1	5	Метричні книги Православних церков	1890-1892	метрична книга|народження|смерть|шлюб	2	ДАКрО-674-1-5
674	1	6	Метричні книги Православних церков	1893-1898	метрична книга|народження|смерть|шлюб	2	ДАКрО-674-1-6
674	1	7	Метричні книги Православних церков	1896-1897	метрична книга|народження|смерть|шлюб	2	ДАКрО-674-1-7
674	1	8	Метричні книги Православних церков	1898-1898	метрична книга|народження|смерть|шлюб	2	ДАКрО-674-1-8
674	1	9	Метричні книги Православних церков	1899-1905	метрична книга|народження|смерть|шлюб	2	ДАКрО-674-1-9
675	1	1	Метричні книги Православних церков	1876-1878	метрична книга|народження|смерть|шлюб	2	ДАКрО-675-1-1
675	1	10	Метричні книги Православних церков	1894-1895	метрична книга|народження|смерть	2	ДАКрО-675-1-10
675	1	11	Метричні книги Православних церков	1896-1897	метрична книга|народження|смерть|шлюб	2	ДАКрО-675-1-11
675	1	12	Метричні книги Православних церков	1898-1899	метрична книга|народження|смерть|шлюб	2	ДАКрО-675-1-12
675	1	13	Метричні книги Православних церков	1900-1900	метрична книга|народження|смерть|шлюб	2	ДАКрО-675-1-13
675	1	14	Метричні книги Православних церков	1901-1901	метрична книга|народження|смерть|шлюб	2	ДАКрО-675-1-14
675	1	15	Метричні книги Православних церков	1902-1905	метрична книга|народження|смерть|шлюб	2	ДАКрО-675-1-15
675	1	16	Метричні книги Православних церков	1906-1906	метрична книга|народження|смерть|шлюб	2	ДАКрО-675-1-16
675	1	17	Метричні книги Православних церков	1907-1908	метрична книга|народження|смерть|шлюб	2	ДАКрО-675-1-17
675	1	18	Метричні книги Православних церков	1909-1910	метрична книга|народження|смерть|шлюб	2	ДАКрО-675-1-18
675	1	19	Метричні книги Православних церков	1911-1912	метрична книга|народження|смерть|шлюб	2	ДАКрО-675-1-19
675	1	2	Метричні книги Православних церков	1881-1883	метрична книга|народження|смерть|шлюб	2	ДАКрО-675-1-2
675	1	20	Метричні книги Православних церков	1913-1914	метрична книга|народження|смерть|шлюб	2	ДАКрО-675-1-20
675	1	21	Метричні книги Православних церков	1915-1915	метрична книга|народження|смерть	2	ДАКрО-675-1-21
675	1	22	Метричні книги Православних церков	1920-1920	метрична книга|народження|смерть|шлюб	2	ДАКрО-675-1-22
675	1	23	Метричні книги Православних церков	1918-1919	метрична книга|народження|смерть|шлюб	2	ДАКрО-675-1-23
675	1	24	Метричні книги Православних церков	1916-1917	метрична книга|народження|смерть|шлюб	2	ДАКрО-675-1-24
675	1	3	Метричні книги Православних церков	1886-1889	метрична книга|народження|смерть|шлюб	2	ДАКрО-675-1-3
675	1	4	Метричні книги Православних церков	1891-1894	метрична книга|народження|смерть|шлюб	2	ДАКрО-675-1-4
675	1	5	Метричні книги Православних церков	1873-1874	метрична книга|народження|смерть|шлюб	2	ДАКрО-675-1-5
675	1	6	Метричні книги Православних церков	1875-1877	метрична книга|смерть|шлюб	2	ДАКрО-675-1-6
675	1	7	Метричні книги Православних церков	1882-1884	метрична книга|смерть|шлюб	2	ДАКрО-675-1-7
675	1	8	Метричні книги Православних церков	1885-1885	метрична книга|народження|смерть|шлюб	2	ДАКрО-675-1-8
675	1	9	Метричні книги Православних церков	1890-1891	метрична книга|народження|смерть|шлюб	2	ДАКрО-675-1-9
676	1	1	Метричні книги Православних церков	1880-1880	метрична книга|народження|смерть|шлюб	2	ДАКрО-676-1-1
676	1	10	Метричні книги Православних церков	1915-1920	метрична книга|народження|смерть|шлюб	2	ДАКрО-676-1-10
676	1	2	Метричні книги Православних церков	1881-1889	метрична книга|народження|смерть|шлюб	2	ДАКрО-676-1-2
676	1	3	Метричні книги Православних церков	1890-1894	метрична книга|народження|смерть|шлюб	2	ДАКрО-676-1-3
676	1	4	Метричні книги Православних церков	1870-1870	метрична книга|народження|смерть|шлюб	2	ДАКрО-676-1-4
676	1	4А	Метричні книги Православних церков	1895-1896	метрична книга|народження|смерть|шлюб	1	ДАКрО-676-1-4А
676	1	5	Метричні книги Православних церков	1897-1899	метрична книга|народження|смерть|шлюб	2	ДАКрО-676-1-5
676	1	6	Метричні книги Православних церков	1900-1904	метрична книга|народження|смерть|шлюб	2	ДАКрО-676-1-6
676	1	7	Метричні книги Православних церков	1905-1907	метрична книга|народження|смерть|шлюб	2	ДАКрО-676-1-7
676	1	8	Метричні книги Православних церков	1908-1912	метрична книга|народження|смерть|шлюб	2	ДАКрО-676-1-8
676	1	9	Метричні книги Православних церков	1913-1914	метрична книга|народження|смерть|шлюб	2	ДАКрО-676-1-9
677	1	1	Church boards and churches, Kropyvnytsky	1877-1877	метрична книга|народження|смерть|шлюб	2	ДАКрО-677-1-1
677	1	10	Метричні книги Православних церков	1910-1912	метрична книга|народження|смерть|шлюб	2	ДАКрО-677-1-10
677	1	11	Church boards and churches, Kropyvnytsky	1913-1913	метрична книга|народження|смерть|шлюб	2	ДАКрО-677-1-11
677	1	12	Church boards and churches, Kropyvnytsky	1914-1914	метрична книга|народження|смерть|шлюб	2	ДАКрО-677-1-12
677	1	13	Метричні книги Православних церков	1915-1916	метрична книга|народження|смерть|шлюб	2	ДАКрО-677-1-13
677	1	14	Метричні книги Православних церков	1918-1920	метрична книга|народження|смерть|шлюб	2	ДАКрО-677-1-14
677	1	2	Church boards and churches, Kropyvnytsky	1881-1884	метрична книга|народження|смерть|шлюб	2	ДАКрО-677-1-2
677	1	3	Church boards and churches, Kropyvnytsky	1885-1888	метрична книга|народження|смерть|шлюб	2	ДАКрО-677-1-3
677	1	4	Church boards and churches, Kropyvnytsky	1892-1892	метрична книга|народження|смерть|шлюб	2	ДАКрО-677-1-4
677	1	5	Church boards and churches, Kropyvnytsky	1889-1892	метрична книга|народження|смерть|шлюб	2	ДАКрО-677-1-5
677	1	6	Метричні книги Православних церков	1893-1897	метрична книга|народження|смерть|шлюб	2	ДАКрО-677-1-6
677	1	7	Метричні книги Православних церков	1900-1902	метрична книга|народження|смерть	2	ДАКрО-677-1-7
677	1	8	Church boards and churches, Kropyvnytsky	1903-1904	метрична книга|народження|смерть|шлюб	2	ДАКрО-677-1-8
677	1	9	Метричні книги Православних церков	1907-1909	метрична книга|народження|смерть|шлюб	2	ДАКрО-677-1-9
678	1	1	Метричні книги Православних церков	1879-1880	метрична книга|народження|смерть|шлюб	2	ДАКрО-678-1-1
678	1	10	Метричні книги Православних церков	1898-1898	метрична книга|народження|смерть|шлюб	2	ДАКрО-678-1-10
678	1	11	Метричні книги Православних церков	1899-1899	метрична книга|народження|смерть|шлюб	2	ДАКрО-678-1-11
678	1	12	Метричні книги Православних церков	1900-1900	метрична книга|народження|смерть|шлюб	2	ДАКрО-678-1-12
678	1	13	Метричні книги Православних церков	1901-1901	метрична книга|народження|смерть|шлюб	2	ДАКрО-678-1-13
678	1	14	Метричні книги Православних церков	1902-1902	метрична книга|народження|смерть|шлюб	2	ДАКрО-678-1-14
678	1	15	Метричні книги Православних церков	1903-1903	метрична книга|народження|смерть|шлюб	2	ДАКрО-678-1-15
678	1	17	Метричні книги Православних церков	1904-1904	метрична книга|народження|смерть|шлюб	2	ДАКрО-678-1-17
678	1	17А	Метричні книги Православних церков	1905-1905	метрична книга|народження|смерть|шлюб	2	ДАКрО-678-1-17А
678	1	18	Метричні книги Православних церков	1906-1907	метрична книга|народження|смерть|шлюб	2	ДАКрО-678-1-18
678	1	19	Метричні книги Православних церков	1908-1909	метрична книга|народження|смерть|шлюб	2	ДАКрО-678-1-19
678	1	2	Метричні книги Православних церков	1881-1882	метрична книга|народження|смерть|шлюб	2	ДАКрО-678-1-2
678	1	20	Метричні книги Православних церков	1910-1911	метрична книга|народження|смерть|шлюб	2	ДАКрО-678-1-20
678	1	23	Метричні книги Православних церков	1912-1914	метрична книга|народження|смерть|шлюб	2	ДАКрО-678-1-23
678	1	24	Метричні книги Православних церков	1915-1915	метрична книга|народження|смерть|шлюб	2	ДАКрО-678-1-24
678	1	24А	Метричні книги Православних церков	1915-1916	метрична книга|народження|смерть|шлюб	2	ДАКрО-678-1-24А
678	1	25	Метричні книги Православних церков	1916-1916		2	ДАКрО-678-1-25
678	1	26	Church boards and churches, Kropyvnytsky	1917-1917	метрична книга|народження|смерть|шлюб	2	ДАКрО-678-1-26
678	1	27	Метричні книги Православних церков	1918-1918	метрична книга|народження|смерть|шлюб	2	ДАКрО-678-1-27
678	1	28	Church boards and churches, Kropyvnytsky	1918-1918		2	ДАКрО-678-1-28
678	1	29	Метричні книги Православних церков	1919-1919	метрична книга|народження|шлюб	2	ДАКрО-678-1-29
678	1	3	Метричні книги Православних церков	1883-1889	метрична книга|народження|смерть|шлюб	2	ДАКрО-678-1-3
678	1	30	Метричні книги Православних церков	1920-1920	метрична книга|народження|шлюб	2	ДАКрО-678-1-30
678	1	4	Метричні книги Православних церков	1890-1892	метрична книга|народження|смерть|шлюб	2	ДАКрО-678-1-4
678	1	5	Метричні книги Православних церков	1893-1893	метрична книга|народження|смерть|шлюб	2	ДАКрО-678-1-5
678	1	6	Метричні книги Православних церков	1894-1894	метрична книга|народження|смерть|шлюб	2	ДАКрО-678-1-6
678	1	7	Метричні книги Православних церков	1895-1895	метрична книга|народження|смерть|шлюб	2	ДАКрО-678-1-7
678	1	8	Метричні книги Православних церков	1896-1896	метрична книга|народження|смерть|шлюб	2	ДАКрО-678-1-8
678	1	9	Метричні книги Православних церков	1897-1897	метрична книга|народження|смерть|шлюб	2	ДАКрО-678-1-9
679	1	1	Метричні книги Православних церков	1876-1877	метрична книга|народження|смерть|шлюб	1	ДАКрО-679-1-1
679	1	2	Метричні книги Православних церков	1881-1885	метрична книга|народження|смерть|шлюб	1	ДАКрО-679-1-2
679	1	3	Метричні книги Православних церков	1886-1889	метрична книга|народження|смерть|шлюб	1	ДАКрО-679-1-3
679	1	4	Метричні книги Православних церков	1890-1890	метрична книга|народження|смерть|шлюб	1	ДАКрО-679-1-4
679	1	4А	Метричні книги Православних церков	1906-1906	метрична книга|народження|смерть|шлюб	1	ДАКрО-679-1-4А
679	1	5	Метричні книги Православних церков	1891-1894	метрична книга|народження|смерть|шлюб	1	ДАКрО-679-1-5
679	2	1	Метричні книги Православних церков	1895-1899	метрична книга|народження|смерть|шлюб	1	ДАКрО-679-2-1
679	2	2	Метричні книги Православних церков	1896-1896	метрична книга|народження|смерть|шлюб	1	ДАКрО-679-2-2
679	2	3	Метричні книги Православних церков	1900-1901	метрична книга|народження|смерть|шлюб	1	ДАКрО-679-2-3
679	2	4	Метричні книги Православних церков	1902-1905	метрична книга|народження|смерть|шлюб	1	ДАКрО-679-2-4
679	2	4А	Духовні правління та церкви, Кропивницький	1906-1906		1	ДАКрО-679-2-4А
679	2	5	Метричні книги Православних церков	1908-1912	метрична книга|народження|смерть|шлюб	2	ДАКрО-679-2-5
679	2	6	Метричні книги Православних церков	1913-1914	метрична книга|народження|смерть|шлюб	1	ДАКрО-679-2-6
679	2	7	Метричні книги Православних церков	1915-1920	метрична книга|народження|смерть|шлюб	1	ДАКрО-679-2-7
680	1	1	Метричні книги Православних церков	1877-1877	метрична книга|народження|смерть|шлюб	2	ДАКрО-680-1-1
680	1	10	Метричні книги Православних церков	1884-1897	метрична книга|народження|смерть|шлюб	2	ДАКрО-680-1-10
680	1	11	Метричні книги Православних церков	1898-1902	метрична книга|народження|смерть|шлюб	2	ДАКрО-680-1-11
680	1	12	Метричні книги Православних церков	1903-1905	метрична книга|народження|смерть|шлюб	2	ДАКрО-680-1-12
680	1	13	Метричні книги Православних церков	1906-1909	метрична книга|народження|смерть|шлюб	2	ДАКрО-680-1-13
680	1	14	Метричні книги Православних церков	1910-1915	метрична книга|народження|смерть|шлюб	2	ДАКрО-680-1-14
680	1	15	Метричні книги Православних церков	1916-1921	метрична книга|народження|смерть|шлюб	2	ДАКрО-680-1-15
680	1	2	Метричні книги Православних церков	1881-1883	метрична книга|народження|смерть|шлюб	2	ДАКрО-680-1-2
680	1	3	Метричні книги Православних церков	1885-1889	метрична книга|народження|смерть|шлюб	2	ДАКрО-680-1-3
680	1	4	Метричні книги Православних церков	1888-1888	метрична книга|народження|смерть|шлюб	2	ДАКрО-680-1-4
680	1	5	Метричні книги Православних церков	1890-1893	метрична книга|народження|смерть|шлюб	2	ДАКрО-680-1-5
680	1	6	Метрична книга Георгіївської церкви с. Федірка Олександрійського повіту	1860-1865	метрична книга|народження|смерть|шлюб	3	ДАКрО-680-1-6
680	1	7	Метрична книга Георгіївської церкви с. Федірка Олександрійського повіту	1866-1869	метрична книга|народження|смерть|шлюб	3	ДАКрО-680-1-7
680	1	8	Метричні книги Православних церков	1870-1874	метрична книга|народження|смерть|шлюб	2	ДАКрО-680-1-8
680	1	9	Метричні книги Православних церков	1878-1880	метрична книга|народження|смерть|шлюб	2	ДАКрО-680-1-9
680	424	3	Метрична книга. Свято-Георгіївська церква, с Федірки Олександрійського пов. Іванковецькоївол.	1889-1889	метрична книга|смерть	0	ДАКрО-680-424-3
689	1	1	Метричні книги Православних церков	1881-1882	метрична книга|народження|смерть|шлюб	2	ДАКрО-689-1-1
689	1	10	Метричні книги Православних церков	1895-1896	метрична книга|народження|смерть|шлюб	2	ДАКрО-689-1-10
689	1	11	Метричні книги Православних церков	1898-1898	метрична книга|народження|смерть|шлюб	2	ДАКрО-689-1-11
689	1	12	Метричні книги Православних церков	1897-1899	метрична книга|народження|смерть|шлюб	2	ДАКрО-689-1-12
689	1	13	Метричні книги Православних церков	1900-1900	метрична книга|смерть|шлюб	2	ДАКрО-689-1-13
689	1	14	Метричні книги Православних церков	1901-1901	метрична книга|народження|смерть|шлюб	2	ДАКрО-689-1-14
689	1	15	Метричні книги Православних церков	1902-1902	метрична книга|народження|смерть|шлюб	2	ДАКрО-689-1-15
689	1	16	Метричні книги Православних церков	1903-1903	метрична книга|народження|смерть|шлюб	2	ДАКрО-689-1-16
689	1	17	Метричні книги Православних церков	1904-1904	метрична книга|народження|смерть|шлюб	2	ДАКрО-689-1-17
689	1	18	Метричні книги Православних церков	1905-1905	метрична книга|народження|смерть|шлюб	2	ДАКрО-689-1-18
689	1	19	Метричні книги Православних церков	1906-1908	метрична книга|народження|смерть|шлюб	2	ДАКрО-689-1-19
689	1	2	Метричні книги Православних церков	1883-1884	метрична книга|народження|смерть|шлюб	2	ДАКрО-689-1-2
689	1	20	Метричні книги Православних церков	1907-1907	метрична книга|народження|смерть|шлюб	2	ДАКрО-689-1-20
689	1	21	Метричні книги Православних церков	1909-1909	метрична книга|народження|смерть|шлюб	2	ДАКрО-689-1-21
689	1	22	Метричні книги Православних церков	1910-1910	метрична книга|народження|смерть|шлюб	2	ДАКрО-689-1-22
689	1	23	Метричні книги Православних церков	1911-1911	метрична книга|народження|смерть|шлюб	2	ДАКрО-689-1-23
689	1	24	Метричні книги Православних церков	1912-1912	метрична книга|народження|смерть|шлюб	2	ДАКрО-689-1-24
689	1	25	Метричні книги Православних церков	1913-1913	метрична книга|народження|смерть|шлюб	2	ДАКрО-689-1-25
689	1	26	Метричні книги Православних церков	1914-1914	метрична книга|народження|смерть|шлюб	2	ДАКрО-689-1-26
689	1	27	Метричні книги Православних церков	1915-1915	метрична книга|народження|смерть|шлюб	2	ДАКрО-689-1-27
689	1	28	Метричні книги Православних церков	1916-1916	метрична книга|народження|смерть|шлюб	2	ДАКрО-689-1-28
689	1	29	Метричні книги Православних церков	1917-1917	метрична книга|народження|смерть|шлюб	2	ДАКрО-689-1-29
689	1	3	Метричні книги Православних церков	1886-1886	метрична книга|народження|смерть|шлюб	2	ДАКрО-689-1-3
689	1	30	Метричні книги Православних церков	1918-1918	метрична книга|народження|смерть|шлюб	2	ДАКрО-689-1-30
689	1	31	Метричні книги Православних церков	1919-1919	метрична книга|народження|смерть|шлюб	2	ДАКрО-689-1-31
689	1	4	Метричні книги Православних церков	1877-1887	метрична книга|народження|смерть|шлюб	2	ДАКрО-689-1-4
689	1	5	Метричні книги Православних церков	1888-1890,1900-1900	метрична книга|народження|смерть|шлюб	2	ДАКрО-689-1-5
689	1	6	Метричні книги Православних церков	1891-1894	метрична книга|народження|смерть|шлюб	2	ДАКрО-689-1-6
689	1	7	Метричні книги Православних церков	1882-1882		2	ДАКрО-689-1-7
689	1	8	Метричні книги Православних церков	1887-1892		2	ДАКрО-689-1-8
689	1	9	Метричні книги Православних церков	1893-1894	метрична книга|народження|смерть|шлюб	2	ДАКрО-689-1-9
690	1	1	Метричні книги Православних церков	1876-1881	метрична книга|смерть|шлюб	2	ДАКрО-690-1-1
690	1	10	Метричні книги Православних церков	1904-1907	метрична книга|народження|смерть|шлюб	2	ДАКрО-690-1-10
690	1	11	Метричні книги Православних церков	1908-1909	метрична книга|народження|смерть|шлюб	2	ДАКрО-690-1-11
690	1	12	Метричні книги Православних церков	1910-1911	метрична книга|народження|смерть|шлюб	2	ДАКрО-690-1-12
690	1	13	Метричні книги Православних церков	1912-1913	метрична книга|народження|смерть|шлюб	2	ДАКрО-690-1-13
690	1	14	Метричні книги Православних церков	1914-1914	метрична книга|народження|смерть|шлюб	3	ДАКрО-690-1-14
690	1	15	Метричні книги Православних церков	1915-1916	метрична книга|народження	2	ДАКрО-690-1-15
690	1	16	Метричні книги Православних церков	1917-1920		2	ДАКрО-690-1-16
690	1	2	Метричні книги Православних церков	1882-1884	метрична книга|народження|смерть|шлюб	2	ДАКрО-690-1-2
690	1	3	Метрична книга Семенівської церкви с. Миронівка Олександрійського повіту	1886-1888	метрична книга|народження|смерть|шлюб	3	ДАКрО-690-1-3
690	1	4	Метричні книги Православних церков	1863-1869	метрична книга|народження|смерть|шлюб	2	ДАКрО-690-1-4
690	1	5	Метрична книга Семенівської церкви с. Миронівка Олександрійського повіту	1870-1885	метрична книга|народження|смерть|шлюб	3	ДАКрО-690-1-5
690	1	6	Метрична книга Семенівської церкви с. Миронівка Олександрійського повіту	1889-1892	метрична книга|народження|смерть|шлюб	3	ДАКрО-690-1-6
690	1	7	Метрична книга Семенівської церкви с. Миронівка Олександрійського повіту	1893-1894	метрична книга|смерть|шлюб	3	ДАКрО-690-1-7
690	1	8	Метричні книги Православних церков	1895-1898	метрична книга|народження|смерть|шлюб	2	ДАКрО-690-1-8
690	1	9	Метричні книги Православних церков	1899-1903	метрична книга|смерть|шлюб	2	ДАКрО-690-1-9
692	1	1	Метричні книги Православних церков	1881-1883	метрична книга|народження|смерть	1	ДАКрО-692-1-1
692	1	10	Метричні книги Православних церков	1903-1905	метрична книга|народження|смерть|шлюб	1	ДАКрО-692-1-10
692	1	11	Метричні книги Православних церков	1906-1908	метрична книга|народження|смерть|шлюб	1	ДАКрО-692-1-11
692	1	12	Метричні книги Православних церков	1909-1910	метрична книга|народження|смерть|шлюб	1	ДАКрО-692-1-12
692	1	13	Метричні книги Православних церков	1911-1912	метрична книга|народження|смерть|шлюб	1	ДАКрО-692-1-13
692	1	14	Метричні книги Православних церков	1913-1914	метрична книга|смерть|шлюб	1	ДАКрО-692-1-14
692	1	15	Метричні книги Православних церков	1915-1916	метрична книга|народження|смерть|шлюб	1	ДАКрО-692-1-15
692	1	16	Метричні книги Православних церков	1917-1918	метрична книга|народження|смерть|шлюб	1	ДАКрО-692-1-16
692	1	17	Метричні книги Православних церков	1919-1920	метрична книга|народження|смерть|шлюб	1	ДАКрО-692-1-17
692	1	2	Метричні книги Православних церков	1879-1889	метрична книга|народження|смерть|шлюб	1	ДАКрО-692-1-2
692	1	3	Метричні книги Православних церков	1890-1894	метрична книга|народження|смерть|шлюб	1	ДАКрО-692-1-3
692	1	4	Метричні книги Православних церков	1871-1873	метрична книга|народження|смерть|шлюб	1	ДАКрО-692-1-4
692	1	5	Метричні книги Православних церков	1874-1877	метрична книга|народження|смерть|шлюб	1	ДАКрО-692-1-5
692	1	6	Метричні книги Православних церков	1878-1878	метрична книга|народження|шлюб	1	ДАКрО-692-1-6
692	1	7	Метричні книги Православних церков	1880-1880	метрична книга|народження|смерть|шлюб	1	ДАКрО-692-1-7
692	1	8	Метричні книги Православних церков	1884-1893	метрична книга|народження|смерть|шлюб	1	ДАКрО-692-1-8
692	1	9	Метричні книги Православних церков	1886-1887	метрична книга|народження|смерть|шлюб	1	ДАКрО-692-1-9
692	2	1	Метричні книги Православних церков	1895-1895	метрична книга|народження|смерть|шлюб	1	ДАКрО-692-2-1
692	2	2	Метричні книги Православних церков	1897-1897	метрична книга|народження|смерть|шлюб	1	ДАКрО-692-2-2
692	2	3	Метричні книги Православних церков	1898-1898	метрична книга|народження|смерть|шлюб	1	ДАКрО-692-2-3
692	2	4	Метричні книги Православних церков	1899-1899	метрична книга|народження|смерть|шлюб	1	ДАКрО-692-2-4
692	2	5	Метричні книги Православних церков	1900-1900	метрична книга|народження|смерть|шлюб	1	ДАКрО-692-2-5
692	2	6	Метричні книги Православних церков	1901-1901	метрична книга|народження|смерть|шлюб	1	ДАКрО-692-2-6
692	2	7	Метричні книги Православних церков	1902-1902	метрична книга|народження|смерть|шлюб	1	ДАКрО-692-2-7
692	425	1	Метрична книга. Свято-Георгіївська церква, с. Велика Андрусівка (Андрусівка) Олександрій-ського пов. Стецівської вол.	1881-1883	метрична книга|шлюб	0	ДАКрО-692-425-1
694	1	1	Метричні книги Православних церков	1861-1865	метрична книга|народження|смерть|шлюб	2	ДАКрО-694-1-1
694	1	10	Метричні книги Православних церков	1918-1918	метрична книга|народження|шлюб	2	ДАКрО-694-1-10
694	1	10515	Метрична книга. Церква Святого Миколая, с. Вершино-Кам'янка Олександрійського пов. Верб-люзької вол.	1918-1918	метрична книга|смерть	0	ДАКрО-694-1-10515
694	1	2	Метричні книги Православних церков	1874-1876	метрична книга|народження|смерть|шлюб	2	ДАКрО-694-1-2
694	1	3	Метричні книги Православних церков	1879-1881	метрична книга|народження|смерть|шлюб	2	ДАКрО-694-1-3
694	1	4	Метричні книги Православних церков	1889-1889	метрична книга|народження	2	ДАКрО-694-1-4
694	1	5	Метричні книги Православних церков	1890-1891	метрична книга|народження|смерть|шлюб	2	ДАКрО-694-1-5
694	1	6	Метричні книги Православних церков	1894-1895	метрична книга|народження|смерть|шлюб	2	ДАКрО-694-1-6
694	1	7	Метричні книги Православних церков	1896-1897	метрична книга|народження|смерть|шлюб	2	ДАКрО-694-1-7
694	1	8	Метричні книги Православних церков	1911-1911	метрична книга|народження|смерть|шлюб	2	ДАКрО-694-1-8
694	1	9	Метричні книги Православних церков	1912-1912	метрична книга|народження|смерть|шлюб	2	ДАКрО-694-1-9
695	1	1	Метрична книга Покровської церкви с. Андріївка Єлисаветградського повіту	1795-1814	метрична книга|народження|смерть|шлюб	3	ДАКрО-695-1-1
695	1	10	Метричні книги Православних церков	1875-1903	метрична книга|народження|шлюб	2	ДАКрО-695-1-10
695	1	11	Church boards and churches, Kropyvnytsky	1880-1903	метрична книга|смерть	2	ДАКрО-695-1-11
695	1	12	Метричні книги Православних церков	1882-1889	метрична книга|народження	2	ДАКрО-695-1-12
695	1	13	Метричні книги Православних церков	1885-1888	метрична книга|народження|шлюб	2	ДАКрО-695-1-13
695	1	14	Метричні книги Православних церков	1889-1907	метрична книга|народження	2	ДАКрО-695-1-14
695	1	15	Метричні книги Православних церков	1890-1906	метрична книга|народження	2	ДАКрО-695-1-15
695	1	16	Метричні книги Православних церков	1890-1907	метрична книга|смерть	2	ДАКрО-695-1-16
695	1	17	Метричні книги Православних церков	1890-1908	метрична книга|шлюб	2	ДАКрО-695-1-17
695	1	18	Метричні книги Православних церков	1898-1907	метрична книга|народження|смерть|шлюб	2	ДАКрО-695-1-18
695	1	19	Метричні книги Православних церков	1908-1912	метрична книга|народження|смерть|шлюб	2	ДАКрО-695-1-19
695	1	2	Метрична книга Покровської церкви с. Андріївка Єлисаветградського повіту	1814-1833	метрична книга|народження|смерть|шлюб	3	ДАКрО-695-1-2
695	1	20	Метричні книги Православних церков	1913-1914	метрична книга|народження|смерть|шлюб	2	ДАКрО-695-1-20
695	1	21	Метричні книги Православних церков	1915-1919	метрична книга|народження|смерть|шлюб	2	ДАКрО-695-1-21
695	1	3	Метрична книга Покровської церкви с. Андріївка Єлисаветградського повіту	1837-1846	метрична книга|народження|смерть|шлюб	3	ДАКрО-695-1-3
695	1	4	Метрична книга Покровської церкви с. Андріївка Єлисаветградського повіту	1845-1856	метрична книга|народження|смерть|шлюб	3	ДАКрО-695-1-4
695	1	5	Метрична книга Покровської церкви с. Андріївка Єлисаветградського повіту	1855-1860	метрична книга|народження|смерть|шлюб	3	ДАКрО-695-1-5
695	1	6	Метрична книга Покровської церкви с. Андріївка Єлисаветградського повіту	1860-1861	метрична книга|народження|смерть|шлюб	3	ДАКрО-695-1-6
695	1	7	Метричні книги Православних церков	1867-1872	метрична книга|народження|смерть|шлюб	2	ДАКрО-695-1-7
695	1	8	Метричні книги Православних церков	1873-1878	метрична книга|народження|смерть	2	ДАКрО-695-1-8
695	1	9	Метричні книги Православних церков	1876-1879	метрична книга|народження|смерть	2	ДАКрО-695-1-9
696	1	1	Метричні книги Православних церков	1861-1861	метрична книга|народження|шлюб	2	ДАКрО-696-1-1
696	1	10	Метричні книги Православних церков	1890-1892	метрична книга|народження|шлюб	2	ДАКрО-696-1-10
696	1	11	Метричні книги Православних церков	1893-1894	метрична книга|народження|смерть|шлюб	2	ДАКрО-696-1-11
696	1	12	Метричні книги Православних церков	1895-1897	метрична книга|народження|смерть|шлюб	2	ДАКрО-696-1-12
696	1	13	Метричні книги Православних церков	1900-1905	метрична книга|народження|смерть|шлюб	2	ДАКрО-696-1-13
696	1	14	Метричні книги Православних церков	1906-1907	метрична книга|народження|смерть|шлюб	2	ДАКрО-696-1-14
696	1	15	Метричні книги Православних церков	1908-1909	метрична книга|народження|смерть|шлюб	2	ДАКрО-696-1-15
696	1	16	Метричні книги Православних церков	1910-1911	метрична книга|народження|смерть|шлюб	2	ДАКрО-696-1-16
696	1	17	Метричні книги Православних церков	1912-1914	метрична книга|народження|смерть|шлюб	2	ДАКрО-696-1-17
696	1	18	Метричні книги Православних церков	1915-1917	метрична книга|народження|смерть|шлюб	2	ДАКрО-696-1-18
696	1	19	Метричні книги Православних церков	1918-1919	метрична книга|народження|смерть|шлюб	2	ДАКрО-696-1-19
696	1	2	Метричні книги Православних церков	1864-1864	метрична книга|народження	2	ДАКрО-696-1-2
696	1	20	Метричні книги Православних церков	1920-1921	метрична книга|народження|смерть|шлюб	2	ДАКрО-696-1-20
696	1	3	Метричні книги Православних церков	1869-1874	метрична книга|народження|смерть|шлюб	2	ДАКрО-696-1-3
696	1	4	Метричні книги Православних церков	1868-1868	метрична книга|народження|шлюб	2	ДАКрО-696-1-4
696	1	5	Метричні книги Православних церков	1875-1876	метрична книга|народження|смерть|шлюб	2	ДАКрО-696-1-5
696	1	6	Метричні книги Православних церков	1878-1880	метрична книга|народження|смерть|шлюб	2	ДАКрО-696-1-6
696	1	7	Метричні книги Православних церков	1881-1882	метрична книга|народження|смерть|шлюб	2	ДАКрО-696-1-7
696	1	8	Метричні книги Православних церков	1865-1867	метрична книга|народження|смерть|шлюб	2	ДАКрО-696-1-8
696	1	9	Метричні книги Православних церков	1884-1889	метрична книга|народження|смерть|шлюб	2	ДАКрО-696-1-9
697	1	1	Church boards and churches, Kropyvnytsky	1851-1869	метрична книга|народження|смерть|шлюб	2	ДАКрО-697-1-1
697	1	10	Метричні книги Православних церков	1912-1920	метрична книга|народження|смерть|шлюб	2	ДАКрО-697-1-10
697	1	2	Church boards and churches, Kropyvnytsky	1870-1872	метрична книга|народження|смерть|шлюб	2	ДАКрО-697-1-2
697	1	3	Church boards and churches, Kropyvnytsky	1873-1877	метрична книга|народження|смерть|шлюб	2	ДАКрО-697-1-3
697	1	4	Church boards and churches, Kropyvnytsky	1878-1881	метрична книга|народження|смерть|шлюб	2	ДАКрО-697-1-4
697	1	5	Church boards and churches, Kropyvnytsky	1883-1887	метрична книга|народження|смерть|шлюб	2	ДАКрО-697-1-5
697	1	6	Метричні книги Православних церков	1888-1891	метрична книга|народження|смерть|шлюб	2	ДАКрО-697-1-6
697	1	7	Метричні книги Православних церков	1892-1896	метрична книга|народження|смерть|шлюб	2	ДАКрО-697-1-7
697	1	8	Метричні книги Православних церков	1897-1902	метрична книга|народження|смерть|шлюб	2	ДАКрО-697-1-8
697	1	9	Метричні книги Православних церков	1903-1911	метрична книга|народження|смерть|шлюб	2	ДАКрО-697-1-9
698	1	1	Метричні книги Православних церков	1812-1819	метрична книга|народження|смерть|шлюб	2	ДАКрО-698-1-1
698	1	10	Church boards and churches, Kropyvnytsky	1876-1877	метрична книга|народження|смерть|шлюб	2	ДАКрО-698-1-10
698	1	10А	Church boards and churches, Kropyvnytsky	1881-1882	метрична книга|народження|шлюб	1	ДАКрО-698-1-10А
698	1	11	Church boards and churches, Kropyvnytsky	1883-1883	метрична книга|народження|шлюб	2	ДАКрО-698-1-11
698	1	12	Church boards and churches, Kropyvnytsky	1887-1889	метрична книга|народження|смерть|шлюб	2	ДАКрО-698-1-12
698	1	13	Church boards and churches, Kropyvnytsky	1890-1893	метрична книга|народження|смерть|шлюб	2	ДАКрО-698-1-13
698	1	14	Church boards and churches, Kropyvnytsky	1894-1899	метрична книга|народження|смерть|шлюб	2	ДАКрО-698-1-14
698	1	14А	Church boards and churches, Kropyvnytsky	1895-1897		1	ДАКрО-698-1-14А
698	1	15	Church boards and churches, Kropyvnytsky	1900-1903	метрична книга|народження|смерть|шлюб	2	ДАКрО-698-1-15
698	1	16	Church boards and churches, Kropyvnytsky	1909-1911	метрична книга|народження|смерть|шлюб	2	ДАКрО-698-1-16
698	1	17	Church boards and churches, Kropyvnytsky	1919-1921		2	ДАКрО-698-1-17
698	1	2	Метричні книги Православних церков	1820-1825	метрична книга|народження|смерть|шлюб	2	ДАКрО-698-1-2
698	1	2А	Метричні книги Православних церков Військові поселення	1826-1831	метрична книга|народження|смерть|шлюб	1	ДАКрО-698-1-2А
698	1	3	Метричні книги Православних церков Військові поселення	1832-1837	метрична книга|народження|смерть|шлюб|шлюбні обшуки	2	ДАКрО-698-1-3
698	1	3А	Церковні документи	1818-1839		1	ДАКрО-698-1-3А
698	1	4	Метричні книги Православних церков	1847-1851	метрична книга|народження|смерть|шлюб	2	ДАКрО-698-1-4
698	1	5	Метричні книги Православних церков	1858-1858	метрична книга|народження|смерть|шлюб	2	ДАКрО-698-1-5
698	1	6	Метричні книги Православних церков	1859-1859	метрична книга|народження|смерть|шлюб	2	ДАКрО-698-1-6
698	1	7	Метричні книги Православних церков	1860-1860	метрична книга|народження|смерть|шлюб	2	ДАКрО-698-1-7
698	1	8	Метричні книги Православних церков	1861-1861	метрична книга|народження|смерть|шлюб	2	ДАКрО-698-1-8
698	1	9	Метричні книги Православних церков	1862-1862	метрична книга|народження|смерть|шлюб	2	ДАКрО-698-1-9
698	1	9А	Church boards and churches, Kropyvnytsky	1869-1869		1	ДАКрО-698-1-9А
699	1	1	Метричні книги Православних церков	1850-1850	метрична книга|народження|смерть|шлюб	2	ДАКрО-699-1-1
699	1	10	Метричні книги Православних церков	1902-1905	метрична книга|народження|смерть|шлюб	2	ДАКрО-699-1-10
699	1	11	Метричні книги Православних церков	1906-1909	метрична книга|народження|смерть|шлюб	2	ДАКрО-699-1-11
699	1	12	Метричні книги Православних церков	1910-1918	метрична книга|народження|смерть|шлюб	2	ДАКрО-699-1-12
699	1	13	Метричні книги Православних церков	1919-1920	метрична книга|народження|смерть|шлюб	2	ДАКрО-699-1-13
699	1	2	Метричні книги Православних церков	1856-1858	метрична книга|народження|смерть|шлюб	2	ДАКрО-699-1-2
699	1	3	Метричні книги Православних церков	1859-1860	метрична книга|народження|смерть|шлюб	2	ДАКрО-699-1-3
699	1	4	Метричні книги Православних церков	1862-1865	метрична книга|народження|смерть|шлюб	2	ДАКрО-699-1-4
699	1	5	Метричні книги Православних церков	1878-1878	метрична книга|народження|смерть|шлюб	2	ДАКрО-699-1-5
699	1	6	Метричні книги Православних церков	1880-1883	метрична книга|народження|смерть|шлюб	2	ДАКрО-699-1-6
699	1	7	Метричні книги Православних церков	1884-1890	метрична книга|народження|смерть|шлюб	2	ДАКрО-699-1-7
699	1	8	Метричні книги Православних церков	1891-1895	метрична книга|народження|смерть|шлюб	2	ДАКрО-699-1-8
699	1	9	Метричні книги Православних церков	1896-1900	метрична книга|народження|смерть|шлюб	2	ДАКрО-699-1-9
700	1	1	Church boards and churches, Kropyvnytsky	1862-1862	метрична книга|народження|смерть|шлюб	2	ДАКрО-700-1-1
700	1	10	Метричні книги Православних церков	1904-1907	метрична книга|народження|смерть|шлюб	2	ДАКрО-700-1-10
700	1	11	Метричні книги Православних церков	1908-1910	метрична книга|народження|смерть|шлюб	2	ДАКрО-700-1-11
700	1	12	Метричні книги Православних церков	1911-1913	метрична книга|народження|смерть|шлюб	2	ДАКрО-700-1-12
700	1	13	Метричні книги Православних церков	1914-1916	метрична книга|народження|смерть|шлюб	2	ДАКрО-700-1-13
700	1	14	Метричні книги Православних церков	1917-1921	метрична книга|народження|смерть|шлюб	2	ДАКрО-700-1-14
700	1	2	Church boards and churches, Kropyvnytsky	1869-1875	метрична книга|народження|смерть|шлюб	2	ДАКрО-700-1-2
700	1	3	Метричні книги Православних церков	1876-1885	метрична книга|народження|смерть|шлюб	2	ДАКрО-700-1-3
700	1	4	Church boards and churches, Kropyvnytsky	1878-1879	метрична книга|народження|смерть|шлюб	2	ДАКрО-700-1-4
700	1	5	Church boards and churches, Kropyvnytsky	1882-1888	метрична книга|народження|смерть|шлюб	2	ДАКрО-700-1-5
700	1	6	Метричні книги Православних церков	1874-1874		2	ДАКрО-700-1-6
700	1	7	Метричні книги Православних церков	1889-1892	метрична книга|народження|смерть|шлюб	2	ДАКрО-700-1-7
700	1	8	Метричні книги Православних церков	1893-1896	метрична книга|народження|смерть|шлюб	2	ДАКрО-700-1-8
700	1	9	Метричні книги Православних церков	1900-1903	метрична книга|народження|смерть|шлюб	2	ДАКрО-700-1-9
701	1	1	Метричні книги Православних церков	1875-1878	метрична книга|народження|смерть|шлюб	2	ДАКрО-701-1-1
701	1	2	Метричні книги Православних церков	1882-1889	метрична книга|народження|смерть|шлюб	2	ДАКрО-701-1-2
701	1	3	Метричні книги Православних церков	1890-1895	метрична книга|народження|смерть|шлюб	2	ДАКрО-701-1-3
701	1	4	Метричні книги Православних церков	1896-1898	метрична книга|народження|смерть|шлюб	2	ДАКрО-701-1-4
701	1	5	Метрична книга церкви Іоана Предтечі с. Іванівка Єлисаветградського повіту	1903-1906	метрична книга|народження|смерть|шлюб	3	ДАКрО-701-1-5
701	1	6	Метрична книга церкви Іоана Предтечі с. Іванівка Єлисаветградського повіту	1907-1910	метрична книга|народження|смерть|шлюб	3	ДАКрО-701-1-6
702	1	1	Метричні книги Православних церков	1876-1877	метрична книга|народження|смерть|шлюб	2	ДАКрО-702-1-1
702	1	2	Метричні книги Православних церков	1881-1885	метрична книга|народження|смерть|шлюб	2	ДАКрО-702-1-2
702	1	3	Метричні книги Православних церков	1886-1889	метрична книга|народження|смерть|шлюб	2	ДАКрО-702-1-3
702	1	4	Метричні книги Православних церков	1890-1895	метрична книга|народження|смерть|шлюб	2	ДАКрО-702-1-4
702	1	5	Метричні книги Православних церков	1896-1899	метрична книга|народження|смерть|шлюб	2	ДАКрО-702-1-5
702	1	6	Метричні книги Православних церков	1900-1903	метрична книга|народження|смерть|шлюб	2	ДАКрО-702-1-6
702	1	7	Метричні книги Православних церков	1904-1908	метрична книга|народження|смерть|шлюб	2	ДАКрО-702-1-7
702	1	8	Метричні книги Православних церков	1909-1911	метрична книга|народження|смерть|шлюб	2	ДАКрО-702-1-8
703	1	1	Метрична книга Покровської церкви с. Гурівка Олександрівського повіту	1881-1882	метрична книга|народження|смерть|шлюб	3	ДАКрО-703-1-1
703	1	10	Метричні книги Православних церков	1903-1904	метрична книга|народження|смерть|шлюб	2	ДАКрО-703-1-10
703	1	11	Метричні книги Православних церков	1905-1906	метрична книга|народження|смерть|шлюб	2	ДАКрО-703-1-11
703	1	12	Метричні книги Православних церков	1907-1908	метрична книга|народження|смерть|шлюб	2	ДАКрО-703-1-12
703	1	13	Метричні книги Православних церков	1909-1910	метрична книга|народження|смерть|шлюб	2	ДАКрО-703-1-13
703	1	14	Метричні книги Православних церков	1911-1913	метрична книга|народження|смерть|шлюб	2	ДАКрО-703-1-14
703	1	15	Метричні книги Православних церков	1914-1918	метрична книга|народження|смерть|шлюб	2	ДАКрО-703-1-15
703	1	2	Метрична книга Покровської церкви с. Гурівка Олександрівського повіту	1883-1886	метрична книга|народження|смерть|шлюб	3	ДАКрО-703-1-2
703	1	3	Метричні книги Православних церков	1887-1889	метрична книга|народження|смерть|шлюб	2	ДАКрО-703-1-3
703	1	4	Метричні книги Православних церков	1890-1891	метрична книга|народження|смерть|шлюб	2	ДАКрО-703-1-4
703	1	5	Метричні книги Православних церков	1893-1894	метрична книга|народження|смерть|шлюб	2	ДАКрО-703-1-5
703	1	6	Метричні книги Православних церков	1895-1897	метрична книга|народження|смерть|шлюб	2	ДАКрО-703-1-6
703	1	7	Метричні книги Православних церков	1898-1898	метрична книга|народження|смерть|шлюб	2	ДАКрО-703-1-7
703	1	8	Метричні книги Православних церков	1899-1899	метрична книга|народження|смерть|шлюб	2	ДАКрО-703-1-8
703	1	9	Метричні книги Православних церков	1901-1902	метрична книга|народження|смерть|шлюб	2	ДАКрО-703-1-9
704	1	1	Метричні книги Православних церков	1880-1881	метрична книга|народження|смерть|шлюб	2	ДАКрО-704-1-1
704	1	10	Метричні книги Православних церков	1903-1904	метрична книга|народження|смерть|шлюб	2	ДАКрО-704-1-10
704	1	11	Метричні книги Православних церков	1905-1906	метрична книга|народження	2	ДАКрО-704-1-11
704	1	12	Метричні книги Православних церков	1908-1909	метрична книга|народження|смерть|шлюб	2	ДАКрО-704-1-12
704	1	13	Метричні книги Православних церков	1909-1910	метрична книга|народження|смерть|шлюб	2	ДАКрО-704-1-13
704	1	14	Метричні книги Православних церков	1913-1914	метрична книга|народження|смерть|шлюб	2	ДАКрО-704-1-14
704	1	2	Метричні книги Православних церков	1882-1883	метрична книга|народження|смерть|шлюб	2	ДАКрО-704-1-2
704	1	3	Метричні книги Православних церков	1886-1887	метрична книга|народження|смерть|шлюб	2	ДАКрО-704-1-3
704	1	4	Метричні книги Православних церков	1888-1889	метрична книга|народження|смерть|шлюб	2	ДАКрО-704-1-4
704	1	5	Метричні книги Православних церков	1890-1891	метрична книга|народження|смерть|шлюб	2	ДАКрО-704-1-5
704	1	6	Метричні книги Православних церков	1893-1894	метрична книга|народження|смерть|шлюб	2	ДАКрО-704-1-6
704	1	7	Метричні книги Православних церков	1895-1896	метрична книга|народження|смерть|шлюб	2	ДАКрО-704-1-7
704	1	8	Метричні книги Православних церков	1897-1897	метрична книга|народження|смерть|шлюб	2	ДАКрО-704-1-8
704	1	9	Метричні книги Православних церков	1901-1902	метрична книга|народження|шлюб	2	ДАКрО-704-1-9
704	1	СП11	Метрична книга. Церква Покрови Пресвятої Богородиці, с. Бокове Олександрійського пов.Боківської вол.	1905-1906	метрична книга|смерть|шлюб	0	ДАКрО-704-1-СП11
705	1	1	Метрична книга Варваринської церкви с. Ново-Архангельськ Єлисаветградського повіту	1882-1884	метрична книга|народження|смерть	3	ДАКрО-705-1-1
705	1	2	Метрична книга Варваринської церкви с. Ново-Архангельськ Єлисаветградського повіту	1886-1889	метрична книга|народження|смерть|шлюб	3	ДАКрО-705-1-2
705	1	3	Метрична книга Варваринської церкви с. Ново-Архангельськ Єлисаветградського повіту	1876-1881	метрична книга|народження|смерть|шлюб	3	ДАКрО-705-1-3
705	1	4	Метрична книга Варваринської церкви с. Ново-Архангельськ Єлисаветградського повіту	1890-1894	метрична книга|народження|смерть|шлюб	3	ДАКрО-705-1-4
705	1	5	Метрична книга Варваринської церкви с. Ново-Архангельськ Єлисаветградського повіту	1896-1900	метрична книга|народження|смерть|шлюб	3	ДАКрО-705-1-5
705	1	6	Метрична книга Варваринської церкви с. Ново-Архангельськ Єлисаветградського повіту	1902-1905	метрична книга|народження|смерть|шлюб	3	ДАКрО-705-1-6
705	1	7	Метрична книга Варваринської церкви с. Ново-Архангельськ Єлисаветградського повіту	1906-1910	метрична книга|народження|смерть|шлюб	3	ДАКрО-705-1-7
705	1	7А	Метрична книга Варваринської церкви с. Ново-Архангельськ Єлисаветградського повіту	1912-1918	метрична книга|народження|смерть|шлюб	2	ДАКрО-705-1-7А
705	1	8	Church boards and churches, Kropyvnytsky	1914-1917	метрична книга|народження|смерть|шлюб	3	ДАКрО-705-1-8
706	1	1	Метричні книги Православних церков	1881-1884	метрична книга|народження|смерть|шлюб	2	ДАКрО-706-1-1
706	1	10	Метричні книги Православних церков Єдиновірці	1918-1920	метрична книга|народження|смерть|шлюб	2	ДАКрО-706-1-10
706	1	2	Метричні книги Православних церков Єдиновірці	1885-1889	метрична книга|народження|смерть|шлюб	2	ДАКрО-706-1-2
706	1	3	Метричні книги Православних церков	1892-1894	метрична книга|народження|смерть|шлюб	2	ДАКрО-706-1-3
706	1	4	Метричні книги Православних церков	1890-1891	метрична книга|народження|смерть|шлюб	2	ДАКрО-706-1-4
706	1	5	Метричні книги Православних церков Єдиновірці	1891-1900	метрична книга|народження|смерть|шлюб	2	ДАКрО-706-1-5
706	1	6	Метричні книги Православних церков Єдиновірці	1901-1908	метрична книга|народження|смерть|шлюб	2	ДАКрО-706-1-6
706	1	7	Метричні книги Православних церков Єдиновірці	1909-1910	метрична книга|народження|смерть|шлюб	2	ДАКрО-706-1-7
706	1	8	Метричні книги Православних церков Єдиновірці	1911-1913	метрична книга|народження|смерть|шлюб	2	ДАКрО-706-1-8
706	1	9	Метричні книги Православних церков Єдиновірці	1914-1917	метрична книга|народження|смерть|шлюб	2	ДАКрО-706-1-9
707	1	1	Метрична книга Покровської церкви с. Тимофіївка Єлисаветградського повіту	1881-1883	метрична книга|народження|смерть|шлюб	3	ДАКрО-707-1-1
707	1	2	Метрична книга Покровської церкви с. Тимофіївка Єлисаветградського повіту	1884-1889	метрична книга|народження|смерть|шлюб	3	ДАКрО-707-1-2
707	1	3	Метрична книга Покровської церкви с. Тимофіївка Єлисаветградського повіту	1890-1894	метрична книга|народження|смерть|шлюб	3	ДАКрО-707-1-3
707	1	4	Метрична книга Покровської церкви с. Тимофіївка Єлисаветградського повіту	1876-1879	метрична книга|народження|смерть|шлюб	3	ДАКрО-707-1-4
707	1	5	Метрична книга Покровської церкви с. Тимофіївка Єлисаветградського повіту	1895-1900	метрична книга|народження|смерть|шлюб	3	ДАКрО-707-1-5
707	1	6	Метрична книга Покровської церкви с. Тимофіївка Єлисаветградського повіту	1901-1909	метрична книга|народження|смерть|шлюб	3	ДАКрО-707-1-6
707	1	7	Метрична книга Покровської церкви с. Тимофіївка Єлисаветградського повіту	1911-1914	метрична книга|народження|смерть|шлюб	3	ДАКрО-707-1-7
707	1	8	Метрична книга Покровської церкви с. Тимофіївка Єлисаветградського повіту	1915-1918	метрична книга|народження|смерть|шлюб	3	ДАКрО-707-1-8
708	1	1	Метрична книга Архангело-Михайлівської церкви с. Глинськ Олександрійського повіту	1881-1884	метрична книга|смерть|шлюб	3	ДАКрО-708-1-1
708	1	10	Метрична книга Архангело-Михайлівської церкви с. Глинськ Олександрійського повіту	1878-1878	метрична книга|народження|смерть|шлюб	3	ДАКрО-708-1-10
708	1	11	Метрична книга Архангело-Михайлівської церкви с. Глинськ Олександрійського повіту	1880-1880	метрична книга|народження|смерть|шлюб	3	ДАКрО-708-1-11
708	1	12	Метрична книга Архангело-Михайлівської церкви с. Глинськ Олександрійського повіту	1885-1885	метрична книга|народження|смерть|шлюб	3	ДАКрО-708-1-12
708	1	13	Метрична книга Архангело-Михайлівської церкви с. Глинськ Олександрійського повіту	1887-1887	метрична книга|народження|смерть|шлюб	3	ДАКрО-708-1-13
708	1	14	Метричні книги Православних церков	1892-1894	метрична книга|народження|шлюб	2	ДАКрО-708-1-14
708	1	15	Метричні книги Православних церков	1895-1896	метрична книга|смерть|шлюб	2	ДАКрО-708-1-15
708	1	16	Метричні книги Православних церков	1897-1898	метрична книга|смерть|шлюб	2	ДАКрО-708-1-16
708	1	17	Метричні книги Православних церков	1899-1901	метрична книга|смерть|шлюб	2	ДАКрО-708-1-17
708	1	18	Метричні книги Православних церков	1904-1905	метрична книга|смерть|шлюб	2	ДАКрО-708-1-18
708	1	19	Метричні книги Православних церков	1906-1907	метрична книга|смерть|шлюб	2	ДАКрО-708-1-19
708	1	1А	Метрична книга Архангело-Михайлівської церкви с. Глинськ Олександрійського повіту	1879-1879	метрична книга|народження|смерть|шлюб	2	ДАКрО-708-1-1А
708	1	2	Метрична книга Архангело-Михайлівської церкви с. Глинськ Олександрійського повіту	1886-1889	метрична книга|народження|смерть	3	ДАКрО-708-1-2
708	1	20	Метричні книги Православних церков	1908-1909	метрична книга|смерть|шлюб	2	ДАКрО-708-1-20
708	1	21	Метричні книги Православних церков	1910-1910	метрична книга|смерть|шлюб	2	ДАКрО-708-1-21
708	1	22	Метричні книги Православних церков	1911-1911	метрична книга|смерть|шлюб	2	ДАКрО-708-1-22
708	1	23	Метричні книги Православних церков	1912-1912	метрична книга|смерть|шлюб	2	ДАКрО-708-1-23
708	1	24	Метричні книги Православних церков	1913-1913	метрична книга|смерть|шлюб	2	ДАКрО-708-1-24
708	1	24А	Метричні книги Православних церков	1914-1914	метрична книга|народження|смерть|шлюб	1	ДАКрО-708-1-24А
708	1	25	Метричні книги Православних церков	1915-1917	метрична книга|народження|смерть|шлюб	2	ДАКрО-708-1-25
708	1	26	Метричні книги Православних церков	1918-1919	метрична книга|народження|смерть|шлюб	2	ДАКрО-708-1-26
708	1	27	Метричні книги Православних церков	1920-1921	метрична книга|народження|смерть	2	ДАКрО-708-1-27
708	1	3	Метричні книги Православних церков	1890-1891	метрична книга|народження	2	ДАКрО-708-1-3
708	1	4	Метрична книга Архангело-Михайлівської церкви с. Глинськ Олександрійського повіту	1860-1863	метрична книга|народження|смерть|шлюб	3	ДАКрО-708-1-4
708	1	5	Метрична книга Архангело-Михайлівської церкви с. Глинськ Олександрійського повіту	1860-1863		3	ДАКрО-708-1-5
708	1	6	Метрична книга Архангело-Михайлівської церкви с. Глинськ Олександрійського повіту	1865-1865	метрична книга|народження|смерть|шлюб	3	ДАКрО-708-1-6
708	1	7	Метричні книги Православних церков	1866-1868	метрична книга|народження|смерть|шлюб	2	ДАКрО-708-1-7
708	1	8	Метричні книги Православних церков	1869-1871	метрична книга|народження|смерть|шлюб	2	ДАКрО-708-1-8
708	1	9	Метрична книга Архангело-Михайлівської церкви с. Глинськ Олександрійського повіту	1875-1877	метрична книга|народження|смерть|шлюб	3	ДАКрО-708-1-9
708	11	1	Метрична книга. Церква Архангела Михаїла, с. Глинськ Олександрійського пов. Глинської вол.	1881-1884	метрична книга|народження	0	ДАКрО-708-11-1
708	426	7	Метрична книга. Церква Архангела Михаїла, с. Глинськ Олександрійського пов. Глинської вол.	1866-1866	метрична книга|народження	0	ДАКрО-708-426-7
721	1	10	Метричні книги Православних церков Військове та морське духовенство	1916-1921	метрична книга|народження|смерть|шлюб	2	ДАКрО-721-1-10
721	1	2	Метричні книги Православних церков Військові навчальні заклади	1891-1895	метрична книга|народження|смерть|шлюб	2	ДАКрО-721-1-2
721	1	3	Метричні книги Православних церков Військове та морське духовенство	1896-1896	метрична книга|народження	2	ДАКрО-721-1-3
721	1	4	Метричні книги Православних церков Військові навчальні заклади	1897-1899	метрична книга|народження|смерть|шлюб	2	ДАКрО-721-1-4
721	1	5	Метричні книги Православних церков Військове та морське духовенство	1900-1901	метрична книга|народження|смерть|шлюб	2	ДАКрО-721-1-5
721	1	6	Метричні книги Православних церков Військове та морське духовенство	1902-1903	метрична книга|народження|смерть	2	ДАКрО-721-1-6
721	1	7	Метричні книги Православних церков Військове та морське духовенство	1905-1906	метрична книга|народження|смерть|шлюб	2	ДАКрО-721-1-7
721	1	8	Метричні книги Православних церков Військове та морське духовенство	1910-1913	метрична книга|народження|смерть|шлюб	2	ДАКрО-721-1-8
721	1	9	Метричні книги Православних церков Військове та морське духовенство	1914-1914	метрична книга|народження|смерть|шлюб	2	ДАКрО-721-1-9
723	1	1	Метричні книги Православних церков	1896-1898	метрична книга|народження|смерть|шлюб	2	ДАКрО-723-1-1
723	1	10	Метричні книги Православних церков	1914-1915	метрична книга|народження|смерть|шлюб	2	ДАКрО-723-1-10
723	1	11	Метричні книги Православних церков	1916-1917	метрична книга|народження|смерть|шлюб	2	ДАКрО-723-1-11
723	1	12	Метричні книги Православних церков	1918-1918	метрична книга|народження|смерть|шлюб	2	ДАКрО-723-1-12
723	1	13	Метричні книги Православних церков	1919-1919	метрична книга|народження|смерть|шлюб	2	ДАКрО-723-1-13
723	1	2	Метричні книги Православних церков	1899-1899	метрична книга|народження|смерть|шлюб	2	ДАКрО-723-1-2
723	1	29				0	ДАКрО-723-1-29
723	1	3	Метричні книги Православних церков	1900-1900	метрична книга|народження|смерть|шлюб	2	ДАКрО-723-1-3
723	1	4	Метричні книги Православних церков	1901-1904	метрична книга|народження|смерть|шлюб	2	ДАКрО-723-1-4
723	1	5	Метричні книги Православних церков	1905-1907	метрична книга|народження|смерть|шлюб	2	ДАКрО-723-1-5
723	1	6	Метричні книги Православних церков	1908-1909	метрична книга|народження|смерть	2	ДАКрО-723-1-6
723	1	7	Метричні книги Православних церков	1910-1910	метрична книга|народження|смерть|шлюб	2	ДАКрО-723-1-7
723	1	8	Метричні книги Православних церков	1911-1912	метрична книга|народження|смерть|шлюб	2	ДАКрО-723-1-8
723	1	9	Метричні книги Православних церков	1913-1913	метрична книга|народження|смерть|шлюб	1	ДАКрО-723-1-9
725	1	1	Метричні книги Православних церков	1875-1879	метрична книга|народження|смерть|шлюб	2	ДАКрО-725-1-1
725	1	10	Метричні книги Православних церков	1910-1913	метрична книга|народження|смерть|шлюб	2	ДАКрО-725-1-10
725	1	11	Метричні книги Православних церков	1914-1914	метрична книга|народження|смерть|шлюб	2	ДАКрО-725-1-11
725	1	12	Метричні книги Православних церков	1915-1916	метрична книга|народження|смерть|шлюб	2	ДАКрО-725-1-12
725	1	13	Метричні книги Православних церков	1915-1921	метрична книга|народження|смерть|шлюб	2	ДАКрО-725-1-13
725	1	2	Метричні книги Православних церков	1881-1883	метрична книга|народження|смерть|шлюб	2	ДАКрО-725-1-2
725	1	3	Метричні книги Православних церков	1886-1888	метрична книга|народження|смерть|шлюб	2	ДАКрО-725-1-3
725	1	3А	Метричні книги Православних церков	1889-1891	метрична книга|народження|смерть|шлюб	1	ДАКрО-725-1-3А
725	1	4	Метричні книги Православних церков	1891-1891		2	ДАКрО-725-1-4
725	1	5	Метричні книги Православних церков	1891-1896	метрична книга|народження|смерть|шлюб	2	ДАКрО-725-1-5
725	1	6	Метричні книги Православних церков	1892-1896	метрична книга|смерть|шлюб	2	ДАКрО-725-1-6
725	1	7	Метричні книги Православних церков	1897-1899	метрична книга|народження|смерть|шлюб	2	ДАКрО-725-1-7
725	1	8	Метричні книги Православних церков	1900-1903	метрична книга|народження|смерть|шлюб	2	ДАКрО-725-1-8
725	1	9	Метричні книги Православних церков	1904-1908	метрична книга|народження|смерть|шлюб	2	ДАКрО-725-1-9
726	1	1	Метричні книги Православних церков	1893-1905	метрична книга|народження|смерть|шлюб	2	ДАКрО-726-1-1
728	1	1	Метричні книги Православних церков	1874-1880	метрична книга|народження|смерть|шлюб	2	ДАКрО-728-1-1
728	1	2	Church boards and churches, Kropyvnytsky	1881-1894	метрична книга|народження|смерть|шлюб	2	ДАКрО-728-1-2
728	1	3	Church boards and churches, Kropyvnytsky	1895-1907	метрична книга|народження|шлюб	2	ДАКрО-728-1-3
728	1	4	Church boards and churches, Kropyvnytsky	1908-1913	метрична книга|народження|смерть|шлюб	2	ДАКрО-728-1-4
728	1	5	Church boards and churches, Kropyvnytsky	1913-1917	метрична книга|народження|смерть|шлюб	2	ДАКрО-728-1-5
729	1	1	Метричні книги Православних церков	1876-1879	метрична книга|народження|смерть|шлюб	2	ДАКрО-729-1-1
729	1	10	Метричні книги Православних церков	1911-1913	метрична книга|народження|смерть|шлюб	2	ДАКрО-729-1-10
729	1	11	Метричні книги Православних церков	1914-1916	метрична книга|народження|смерть|шлюб	2	ДАКрО-729-1-11
729	1	2	Метричні книги Православних церков	1880-1880	метрична книга|народження|смерть|шлюб	2	ДАКрО-729-1-2
729	1	3	Метричні книги Православних церков	1881-1885	метрична книга|народження|смерть|шлюб	2	ДАКрО-729-1-3
729	1	4	Метричні книги Православних церков	1886-1889	метрична книга|народження|смерть|шлюб	2	ДАКрО-729-1-4
729	1	5	Метричні книги Православних церков	1890-1895	метрична книга|народження|смерть|шлюб	2	ДАКрО-729-1-5
729	1	6	Метричні книги Православних церков	1896-1899	метрична книга|народження|смерть|шлюб	2	ДАКрО-729-1-6
729	1	7	Метричні книги Православних церков	1901-1904	метрична книга|народження|смерть|шлюб	2	ДАКрО-729-1-7
729	1	8	Метричні книги Православних церков	1905-1908	метрична книга|народження|смерть|шлюб	2	ДАКрО-729-1-8
729	1	9	Метричні книги Православних церков	1909-1910	метрична книга|народження|смерть|шлюб	2	ДАКрО-729-1-9
730	1	1	Метричні книги Православних церков	1866-1869	метрична книга|народження|смерть|шлюб	2	ДАКрО-730-1-1
730	1	10	Метричні книги Православних церков	1912-1912	метрична книга|народження|смерть	2	ДАКрО-730-1-10
730	1	11	Метричні книги Православних церков	1910-1914	метрична книга|народження|смерть|шлюб	2	ДАКрО-730-1-11
730	1	11А	Метричні книги Православних церков	1915-1915	метрична книга|народження|смерть|шлюб	2	ДАКрО-730-1-11А
730	1	12	Метричні книги Православних церков	1916-1921	метрична книга|народження|смерть|шлюб	2	ДАКрО-730-1-12
730	1	2	Метричні книги Православних церков	1878-1881	метрична книга|смерть|шлюб	2	ДАКрО-730-1-2
730	1	3	Метричні книги Православних церков	1882-1884	метрична книга|народження|смерть|шлюб	2	ДАКрО-730-1-3
730	1	3А	Метричні книги Православних церков	1885-1889	метрична книга|народження|смерть|шлюб	2	ДАКрО-730-1-3А
730	1	3Б	Метричні книги Православних церков	1890-1893	метрична книга|народження|смерть|шлюб	2	ДАКрО-730-1-3Б
730	1	3В	Метричні книги Православних церков	1892-1892	метрична книга|народження|смерть|шлюб	2	ДАКрО-730-1-3В
730	1	4	Метричні книги Православних церков	1894-1896	метрична книга|народження|смерть|шлюб	2	ДАКрО-730-1-4
730	1	5	Метричні книги Православних церков	1897-1899	метрична книга|народження|смерть|шлюб	2	ДАКрО-730-1-5
730	1	6	Метричні книги Православних церков	1900-1901	метрична книга|народження|смерть	2	ДАКрО-730-1-6
730	1	7	Метричні книги Православних церков	1902-1903	метрична книга|народження|смерть|шлюб	2	ДАКрО-730-1-7
730	1	8	Метричні книги Православних церков	1904-1906	метрична книга|народження|смерть|шлюб	2	ДАКрО-730-1-8
730	1	9	Метричні книги Православних церков	1908-1909	метрична книга|народження|смерть|шлюб	2	ДАКрО-730-1-9
731	1	1	Метричні книги Православних церков	1881-1889	метрична книга|народження|смерть|шлюб	2	ДАКрО-731-1-1
731	1	2	Метричні книги Православних церков	1890-1895	метрична книга|народження|смерть|шлюб	2	ДАКрО-731-1-2
731	1	3	Метричні книги Православних церков	1897-1899	метрична книга|народження|смерть|шлюб	2	ДАКрО-731-1-3
731	1	4	Метричні книги Православних церков	1900-1905	метрична книга|народження|смерть|шлюб	2	ДАКрО-731-1-4
731	1	5	Метричні книги Православних церков	1908-1916	метрична книга|народження|смерть|шлюб	2	ДАКрО-731-1-5
732	1	1	Метричні книги Православних церков	1877-1877	метрична книга|народження|смерть|шлюб	2	ДАКрО-732-1-1
732	1	10	Метричні книги Православних церков	1912-1914	метрична книга|народження|смерть|шлюб	3	ДАКрО-732-1-10
732	1	11	Метричні книги Православних церков	1915-1916	метрична книга|народження|смерть|шлюб	2	ДАКрО-732-1-11
732	1	2	Метричні книги Православних церков	1881-1889	метрична книга|народження|смерть|шлюб	2	ДАКрО-732-1-2
732	1	3	Метричні книги Православних церков	1883-1891	метрична книга|народження|смерть|шлюб	2	ДАКрО-732-1-3
732	1	4	Метричні книги Православних церков	1892-1892	метрична книга|народження|смерть|шлюб	2	ДАКрО-732-1-4
732	1	5	Метричні книги Православних церков	1893-1899	метрична книга|народження|смерть|шлюб	2	ДАКрО-732-1-5
732	1	6	Метричні книги Православних церков	1900-1906	метрична книга|народження|смерть|шлюб	2	ДАКрО-732-1-6
732	1	7	Метричні книги Православних церков	1910-1910	метрична книга|народження|смерть|шлюб	2	ДАКрО-732-1-7
732	1	8	Метричні книги Православних церков	1911-1911	метрична книга|народження|смерть|шлюб	2	ДАКрО-732-1-8
732	1	9	Метричні книги Православних церков	1909-1909	метрична книга|народження|смерть|шлюб	2	ДАКрО-732-1-9
733	1	1	Метричні книги Православних церков	1876-1879	метрична книга|народження|смерть|шлюб	2	ДАКрО-733-1-1
733	1	10	Метричні книги Православних церков	1905-1907	метрична книга|народження|смерть|шлюб	3	ДАКрО-733-1-10
733	1	11	Метричні книги Православних церков	1908-1910	метрична книга|народження|смерть|шлюб	2	ДАКрО-733-1-11
733	1	12	Метричні книги Православних церков	1911-1913	метрична книга|народження|смерть|шлюб	3	ДАКрО-733-1-12
733	1	13	Метричні книги Православних церков	1915-1916	метрична книга|народження|смерть	2	ДАКрО-733-1-13
733	1	2	Метричні книги Православних церков	1880-1880	метрична книга|народження|смерть|шлюб	2	ДАКрО-733-1-2
733	1	3	Метричні книги Православних церков	1881-1883	метрична книга|народження|смерть|шлюб	3	ДАКрО-733-1-3
733	1	4	Метричні книги Православних церков	1884-1889	метрична книга|народження|смерть|шлюб	2	ДАКрО-733-1-4
733	1	5	Метричні книги Православних церков	1888-1888	метрична книга|народження|смерть|шлюб	2	ДАКрО-733-1-5
733	1	6	Метричні книги Православних церков	1890-1893	метрична книга|народження|смерть|шлюб	2	ДАКрО-733-1-6
733	1	7	Метричні книги Православних церков	1894-1896	метрична книга|народження|смерть|шлюб	3	ДАКрО-733-1-7
733	1	8	Метричні книги Православних церков	1897-1899	метрична книга|народження|смерть|шлюб	2	ДАКрО-733-1-8
733	1	9	Метричні книги Православних церков	1901-1903	метрична книга|народження|смерть|шлюб	3	ДАКрО-733-1-9
734	1	1	Метричні книги Православних церков	1876-1877	метрична книга|народження|смерть|шлюб	2	ДАКрО-734-1-1
734	1	1А	Метричні книги Православних церков	1880-1880	метрична книга|народження|смерть|шлюб	2	ДАКрО-734-1-1А
734	1	2	Метричні книги Православних церков	1881-1887	метрична книга|народження|смерть|шлюб	2	ДАКрО-734-1-2
734	1	3	Метричні книги Православних церков	1890-1895	метрична книга|народження|смерть|шлюб	2	ДАКрО-734-1-3
734	1	4	Метричні книги Православних церков	1896-1899	метрична книга|народження|смерть|шлюб	2	ДАКрО-734-1-4
734	1	5	Метричні книги Православних церков	1901-1905	метрична книга|народження|смерть|шлюб	2	ДАКрО-734-1-5
734	1	6	Метричні книги Православних церков	1906-1910	метрична книга|народження|смерть|шлюб	2	ДАКрО-734-1-6
734	1	7	Метричні книги Православних церков	1911-1911	метрична книга|народження|смерть|шлюб	2	ДАКрО-734-1-7
734	1	8	Метричні книги Православних церков	1912-1913	метрична книга|народження|смерть|шлюб	2	ДАКрО-734-1-8
734	1	9	Метричні книги Православних церков	1915-1916	метрична книга|народження|смерть|шлюб	2	ДАКрО-734-1-9
735	1	1	Метричні книги Православних церков	1894-1897	метрична книга|народження|смерть|шлюб	2	ДАКрО-735-1-1
735	1	11				0	ДАКрО-735-1-11
736	1	1	Church boards and churches, Kropyvnytsky	1851-1865	метрична книга|народження	2	ДАКрО-736-1-1
736	1	2	Church boards and churches, Kropyvnytsky	1856-1889	метрична книга|смерть|шлюб	2	ДАКрО-736-1-2
737	1	1	Метрична книга Новогеоргіївської синагоги. Народження	1892-1896		3	ДАКрО-737-1-1
737	1	2	Метрична книга Новогеоргіївської синагоги. Народження	1894-1903	метрична книга|шлюб	3	ДАКрО-737-1-2
737	1	3	Метричні книги Православних церков	1896-1903	метрична книга|смерть	3	ДАКрО-737-1-3
737	1	4	Метрична книга Новогеоргіївської синагоги. Народження	1897-1901	метрична книга|народження	3	ДАКрО-737-1-4
737	1	5	Метрична книга Новогеоргіївської синагоги. Народження	1902-1907	метрична книга|народження	3	ДАКрО-737-1-5
737	1	6	Метрична книга Новогеоргіївської синагоги. Народження	1904-1910	метрична книга|шлюб	3	ДАКрО-737-1-6
737	1	7	Метрична книга Новогеоргіївської синагоги. Народження	1908-1913		3	ДАКрО-737-1-7
737	1	8	Метрична книга Новогеоргіївської синагоги. Народження	1911-1917	метрична книга|шлюб	3	ДАКрО-737-1-8
737	1	9	Метрична книга Новогеоргіївської синагоги. Народження	1914-1917	метрична книга|народження	3	ДАКрО-737-1-9
738	1	1	Метричні книги Православних церков Єдиновірці	1878-1886	метрична книга|народження|смерть|шлюб	2	ДАКрО-738-1-1
738	1	1А	Метричні книги Православних церков Єдиновірці	1892-1895	метрична книга|народження	1	ДАКрО-738-1-1А
738	1	2	Метричні книги Православних церков	1897-1901	метрична книга|народження|смерть|шлюб	3	ДАКрО-738-1-2
738	1	3	Метричні книги Православних церков	1902-1905	метрична книга|народження|смерть|шлюб	3	ДАКрО-738-1-3
738	1	4	Метричні книги Православних церков	1906-1908	метрична книга|народження|смерть|шлюб	3	ДАКрО-738-1-4
738	1	5	Метричні книги Православних церков Єдиновірці	1909-1911	метрична книга|народження|смерть|шлюб	2	ДАКрО-738-1-5
738	1	6	Метричні книги Православних церков	1912-1915	метрична книга|народження|смерть|шлюб	2	ДАКрО-738-1-6
738	1	7	Метричні книги Православних церков Єдиновірці	1916-1920	метрична книга|народження|смерть|шлюб	3	ДАКрО-738-1-7
740	1	1	Church boards and churches, Kropyvnytsky	1867-1870	метрична книга|народження|смерть|шлюб	2	ДАКрО-740-1-1
740	1	10	Метричні книги Православних церков	1917-1920	метрична книга|народження|смерть	3	ДАКрО-740-1-10
740	1	10428	Метрична книга. Церква Покрови Пресвятої Богородиці, с. Калантаїв Олександрійського пов.Стецівської вол.	1917-1920	метрична книга|шлюб	0	ДАКрО-740-1-10428
740	1	15				0	ДАКрО-740-1-15
740	1	1А	Метричні книги Православних церков	1879-1879	метрична книга|народження|смерть|шлюб	1	ДАКрО-740-1-1А
740	1	1Б	Метричні книги Православних церков	1881-1889	метрична книга|народження|смерть|шлюб	2	ДАКрО-740-1-1Б
740	1	2	Метричні книги Православних церков	1884-1893	метрична книга|народження|смерть|шлюб	3	ДАКрО-740-1-2
740	1	2А	Метричні книги Православних церков	1890-1892	метрична книга|народження|смерть|шлюб	1	ДАКрО-740-1-2А
740	1	3	Метричні книги Православних церков	1896-1897	метрична книга|народження|смерть|шлюб	3	ДАКрО-740-1-3
740	1	4	Метричні книги Православних церков	1898-1901	метрична книга|народження|смерть|шлюб	3	ДАКрО-740-1-4
740	1	4А	Church boards and churches, Kropyvnytsky	1902-1902	метрична книга|народження|смерть|шлюб	1	ДАКрО-740-1-4А
740	1	5	Метричні книги Православних церков	1903-1905	метрична книга|народження|смерть|шлюб	3	ДАКрО-740-1-5
740	1	6	Метричні книги Православних церков	1906-1909	метрична книга|народження|смерть|шлюб	2	ДАКрО-740-1-6
740	1	7	Метричні книги Православних церков	1910-1911	метрична книга|народження|смерть|шлюб	2	ДАКрО-740-1-7
740	1	8	Метричні книги Православних церков	1912-1913	метрична книга|народження|смерть|шлюб	2	ДАКрО-740-1-8
740	1	9	Метричні книги Православних церков	1914-1916	метрична книга|народження|смерть|шлюб	2	ДАКрО-740-1-9
741	1	1	Метрична книга реєстрації актів про народження, шлюб та розлучення м. Крилів, Чигиринського повіту	1854-1908	метрична книга|розлучення	3	ДАКрО-741-1-1
741	1	1533	Метрична книга. Крилівська синагога, м-ко Крилів Чигиринського пов. Подорожненської вол.	1900-1904,1906-1906	метрична книга|народження	0	ДАКрО-741-1-1533
741	1	2	Метрична книга реєстрації актів про народження м. Крилів, Чигиринського повіту Київської губернії	1877-1895	метрична книга|народження	3	ДАКрО-741-1-2
742	1	1	Church boards and churches, Kropyvnytsky	1860-1868	метрична книга|народження	2	ДАКрО-742-1-1
742	1	2	Church boards and churches, Kropyvnytsky	1869-1880		2	ДАКрО-742-1-2
742	1	3	Church boards and churches, Kropyvnytsky	1881-1893	метрична книга|народження	2	ДАКрО-742-1-3
742	1	4	Church boards and churches, Kropyvnytsky	1894-1906	метрична книга|народження|шлюб	2	ДАКрО-742-1-4
742	1	5	Church boards and churches, Kropyvnytsky	1905-1907	метрична книга|народження|смерть|шлюб	2	ДАКрО-742-1-5
742	1	6	Church boards and churches, Kropyvnytsky	1908-1910	метрична книга|народження|смерть|шлюб	2	ДАКрО-742-1-6
742	1	7	Church boards and churches, Kropyvnytsky	1911-1913	метрична книга|народження|смерть|шлюб	2	ДАКрО-742-1-7
742	1	8	Church boards and churches, Kropyvnytsky	1914-1916	метрична книга|народження|смерть|шлюб	2	ДАКрО-742-1-8
742	1	9	Church boards and churches, Kropyvnytsky	1917-1921	метрична книга|народження|смерть|шлюб	2	ДАКрО-742-1-9
743	1	1	Church boards and churches, Kropyvnytsky	1847-1855	метрична книга|народження|шлюб	2	ДАКрО-743-1-1
743	1	10	Church boards and churches, Kropyvnytsky	1910-1912		2	ДАКрО-743-1-10
743	1	11	Church boards and churches, Kropyvnytsky	1913-1915	метрична книга|народження|смерть|шлюб	2	ДАКрО-743-1-11
743	1	12	Church boards and churches, Kropyvnytsky	1917-1921	метрична книга|смерть|шлюб	2	ДАКрО-743-1-12
743	1	2	Church boards and churches, Kropyvnytsky	1865-1868		2	ДАКрО-743-1-2
743	1	3	Church boards and churches, Kropyvnytsky	1868-1875	метрична книга|народження	2	ДАКрО-743-1-3
743	1	4	Church boards and churches, Kropyvnytsky	1876-1883	метрична книга|народження	2	ДАКрО-743-1-4
743	1	5	Church boards and churches, Kropyvnytsky	1883-1891	метрична книга|народження	2	ДАКрО-743-1-5
743	1	6	Church boards and churches, Kropyvnytsky	1892-1897	метрична книга|народження	2	ДАКрО-743-1-6
743	1	7	Church boards and churches, Kropyvnytsky	1897-1901		2	ДАКрО-743-1-7
743	1	8	Church boards and churches, Kropyvnytsky	1902-1904		2	ДАКрО-743-1-8
743	1	9	Church boards and churches, Kropyvnytsky	1905-1907	метрична книга|народження|смерть	2	ДАКрО-743-1-9
744	1	1	Church boards and churches, Kropyvnytsky	1850-1881	метрична книга|шлюб	2	ДАКрО-744-1-1
744	1	10	Метричні книги Православних церков	1903-1904	метрична книга|народження|шлюб	2	ДАКрО-744-1-10
744	1	11	Church boards and churches, Kropyvnytsky	1906-1907	метрична книга|народження|смерть|шлюб	2	ДАКрО-744-1-11
744	1	12	Метрична книга церкви Іоана Предтечі с. Липове Чигиринського повіту	1908-1909	метрична книга|народження|смерть|шлюб	3	ДАКрО-744-1-12
744	1	13	Метрична книга церкви Іоана Предтечі с. Липове Чигиринського повіту	1910-1911	метрична книга|народження|смерть|шлюб	3	ДАКрО-744-1-13
744	1	14	Метрична книга церкви Іоана Предтечі с. Липове Чигиринського повіту	1912-1913	метрична книга|народження|смерть|шлюб	3	ДАКрО-744-1-14
744	1	15	Метрична книга церкви Іоана Предтечі с. Липове Чигиринського повіту	1914-1915	метрична книга|народження|смерть|шлюб	3	ДАКрО-744-1-15
744	1	16	Church boards and churches, Kropyvnytsky	1916-1918	метрична книга|народження|смерть|шлюб	2	ДАКрО-744-1-16
744	1	17	Church boards and churches, Kropyvnytsky	1918-1918		2	ДАКрО-744-1-17
744	1	18	Church boards and churches, Kropyvnytsky	1919-1920	метрична книга|народження|смерть|шлюб	2	ДАКрО-744-1-18
744	1	2	Church boards and churches, Kropyvnytsky	1860-1870	метрична книга|народження	2	ДАКрО-744-1-2
744	1	3	Church boards and churches, Kropyvnytsky	1860-1874	метрична книга|народження|смерть	2	ДАКрО-744-1-3
744	1	4	Church boards and churches, Kropyvnytsky	1873-1892	метрична книга|смерть	2	ДАКрО-744-1-4
744	1	5	Church boards and churches, Kropyvnytsky	1874-1883		2	ДАКрО-744-1-5
744	1	6	Church boards and churches, Kropyvnytsky	1884-1890	метрична книга|народження	2	ДАКрО-744-1-6
744	1	7	Church boards and churches, Kropyvnytsky	1890-1897	метрична книга|народження	2	ДАКрО-744-1-7
744	1	8	Church boards and churches, Kropyvnytsky	1839-1904	метрична книга|смерть	2	ДАКрО-744-1-8
744	1	9	Church boards and churches, Kropyvnytsky	1897-1903	метрична книга|народження	2	ДАКрО-744-1-9
745	1	1	Church boards and churches, Kropyvnytsky	1861-1871	метрична книга|народження	2	ДАКрО-745-1-1
745	1	10	Church boards and churches, Kropyvnytsky	1912-1913	метрична книга|народження|смерть|шлюб	2	ДАКрО-745-1-10
745	1	11	Church boards and churches, Kropyvnytsky	1914-1915	метрична книга|народження|смерть|шлюб	2	ДАКрО-745-1-11
745	1	12	Church boards and churches, Kropyvnytsky	1916-1917	метрична книга|народження|смерть|шлюб	2	ДАКрО-745-1-12
745	1	13	Church boards and churches, Kropyvnytsky	1918-1920	метрична книга|народження|смерть|шлюб	2	ДАКрО-745-1-13
745	1	14	Church boards and churches, Kropyvnytsky	1921-1921	метрична книга|народження|смерть|шлюб	2	ДАКрО-745-1-14
745	1	2	Church boards and churches, Kropyvnytsky	1862-1905	метрична книга|шлюб	2	ДАКрО-745-1-2
745	1	3	Church boards and churches, Kropyvnytsky	1872-1884	метрична книга|народження	2	ДАКрО-745-1-3
745	1	4	Church boards and churches, Kropyvnytsky	1871-1887	метрична книга|народження	2	ДАКрО-745-1-4
745	1	5	Church boards and churches, Kropyvnytsky	1885-1894	метрична книга|народження	2	ДАКрО-745-1-5
745	1	6	Church boards and churches, Kropyvnytsky	1888-1905	метрична книга|народження	2	ДАКрО-745-1-6
745	1	7	Church boards and churches, Kropyvnytsky	1895-1905		2	ДАКрО-745-1-7
745	1	8	Church boards and churches, Kropyvnytsky	1906-1908	метрична книга|народження|смерть|шлюб	2	ДАКрО-745-1-8
745	1	9	Church boards and churches, Kropyvnytsky	1909-1911		2	ДАКрО-745-1-9
746	1	1	Church boards and churches, Kropyvnytsky	1865-1878	метрична книга|народження	2	ДАКрО-746-1-1
746	1	2	Church boards and churches, Kropyvnytsky	1878-1892	метрична книга|народження	2	ДАКрО-746-1-2
746	1	3	Church boards and churches, Kropyvnytsky	1893-1899	метрична книга|народження	2	ДАКрО-746-1-3
746	1	4	Church boards and churches, Kropyvnytsky	1900-1904	метрична книга|народження	2	ДАКрО-746-1-4
746	1	5	Church boards and churches, Kropyvnytsky	1918-1921	метрична книга|народження|смерть|шлюб	2	ДАКрО-746-1-5
747	1	1	Метричні книги Православних церков	1894-1897	метрична книга|народження|смерть|шлюб	2	ДАКрО-747-1-1
747	1	1А	Метричні книги Православних церков	1898-1899	метрична книга|народження|шлюб	1	ДАКрО-747-1-1А
747	1	2	Метричні книги Православних церков	1901-1907	метрична книга|народження|смерть|шлюб	2	ДАКрО-747-1-2
747	1	3	Метричні книги Православних церков	1908-1917	метрична книга|народження|смерть|шлюб	2	ДАКрО-747-1-3
748	1	1	Church boards and churches, Kropyvnytsky	1883-1890	метрична книга|народження|смерть|шлюб	2	ДАКрО-748-1-1
748	1	2	Метричні книги Православних церков	1891-1893	метрична книга|народження|смерть|шлюб	2	ДАКрО-748-1-2
748	1	3	Метричні книги Православних церков	1894-1896	метрична книга|народження|смерть|шлюб	2	ДАКрО-748-1-3
748	1	4	Метричні книги Православних церков	1897-1902	метрична книга|народження|смерть|шлюб	2	ДАКрО-748-1-4
748	1	5	Метрична книга Петропавлівської церкви с. Шмидтове Єлисаветградського повіту	1903-1909	метрична книга|народження|смерть|шлюб	3	ДАКрО-748-1-5
748	1	6	Метричні книги Православних церков	1910-1918	метрична книга|народження|смерть|шлюб	2	ДАКрО-748-1-6
749	1	1	Метричні книги Православних церков	1891-1896	метрична книга|народження|смерть|шлюб	2	ДАКрО-749-1-1
749	1	2	Метричні книги Православних церков	1900-1902	метрична книга|народження|смерть|шлюб	2	ДАКрО-749-1-2
749	1	3	Метрична книга Покровської церкви с. Лозоватки Єлисаветградського повіту	1897-1907	метрична книга|народження|смерть|шлюб	3	ДАКрО-749-1-3
749	1	4	Метрична книга Покровської церкви с. Лозоватки Єлисаветградського повіту	1903-1906	метрична книга|народження|смерть|шлюб	3	ДАКрО-749-1-4
749	1	5	Метричні книги Православних церков	1908-1912	метрична книга|народження|смерть|шлюб	2	ДАКрО-749-1-5
749	1	6	Метричні книги Православних церков	1913-1918	метрична книга|народження|смерть|шлюб	2	ДАКрО-749-1-6
750	1	1	Метричні книги Православних церков	1794-1833	метрична книга|народження|смерть|шлюб	2	ДАКрО-750-1-1
750	1	10	Метрична книга церкви Іоана Предтечі с. Анікіївка Єлисаветградського повіту	1894-1898	метрична книга|народження|смерть|шлюб	3	ДАКрО-750-1-10
750	1	11	Метрична книга церкви Іоана Предтечі с. Анікіївка Єлисаветградського повіту	1899-1903	метрична книга|народження|смерть|шлюб	3	ДАКрО-750-1-11
750	1	12	Метрична книга церкви Іоана Предтечі с. Анікіївка Єлисаветградського повіту	1904-1906	метрична книга|народження|смерть|шлюб	3	ДАКрО-750-1-12
750	1	13	Метрична книга церкви Іоана Предтечі с. Анікіївка Єлисаветградського повіту	1904-1909	метрична книга|народження|смерть|шлюб	3	ДАКрО-750-1-13
750	1	14	Метрична книга церкви Іоана Предтечі с. Анікіївка Єлисаветградського повіту	1910-1911	метрична книга|народження|смерть|шлюб	3	ДАКрО-750-1-14
750	1	15	Метрична книга церкви Іоана Предтечі с. Анікіївка Єлисаветградського повіту	1912-1913	метрична книга|народження|смерть|шлюб	3	ДАКрО-750-1-15
750	1	16	Метрична книга церкви Іоана Предтечі с. Анікіївка Єлисаветградського повіту	1914-1922	метрична книга|народження|смерть|шлюб	3	ДАКрО-750-1-16
750	1	2	Метричні книги Православних церков	1834-1843	метрична книга|народження|смерть|шлюб	2	ДАКрО-750-1-2
750	1	3	Метричні книги Православних церков	1844-1855	метрична книга|народження|смерть|шлюб	2	ДАКрО-750-1-3
750	1	4	Метричні книги Православних церков	1856-1859	метрична книга|народження|смерть|шлюб	2	ДАКрО-750-1-4
750	1	5	Church boards and churches, Kropyvnytsky	1862-1868	метрична книга|народження|смерть|шлюб	2	ДАКрО-750-1-5
750	1	6	Метричні книги Православних церков	1870-1873	метрична книга|народження|смерть|шлюб	2	ДАКрО-750-1-6
750	1	7	Метричні книги Православних церков	1860-1880	метрична книга|народження|смерть|шлюб	2	ДАКрО-750-1-7
750	1	8	Метричні книги Православних церков	1881-1886	метрична книга|народження|смерть|шлюб	2	ДАКрО-750-1-8
750	1	9	Метрична книга церкви Іоана Предтечі с. Анікіївка Єлисаветградського повіту	1887-1892,1897-1907	метрична книга|народження|смерть|шлюб	3	ДАКрО-750-1-9
752	1	1	Метричні книги Православних церков	1900-1900	метрична книга|народження|смерть|шлюб	3	ДАКрО-752-1-1
752	1	2	Church boards and churches, Kropyvnytsky	1907-1908	метрична книга|народження|смерть|шлюб	3	ДАКрО-752-1-2
753	1	1	Метрична книга Трьохсвятської церкви с. Новостародуб Олександрійського повіту	1874-1898	метрична книга|народження|смерть|шлюб	3	ДАКрО-753-1-1
753	1	2	Метрична книга Трьохсвятської церкви с. Новостародуб Олександрійського повіту	1886-1886	метрична книга|народження|смерть|шлюб	2	ДАКрО-753-1-2
753	1	3	Метричні книги Православних церков	1916-1917	метрична книга|народження|смерть|шлюб	2	ДАКрО-753-1-3
754	1	1	Метрична книга Покровської церкви с. Корсунівка Олександрійського повіту	1897-1899	метрична книга|народження|смерть|шлюб	3	ДАКрО-754-1-1
754	1	2	Метрична книга Покровської церкви с. Корсунівка Олександрійського повіту	1901-1904	метрична книга|народження|смерть|шлюб	3	ДАКрО-754-1-2
754	1	3	Метрична книга Покровської церкви с. Корсунівка Олександрійського повіту	1905-1909	метрична книга|народження|смерть|шлюб	3	ДАКрО-754-1-3
754	1	4	Метрична книга Покровської церкви с. Корсунівка Олександрійського повіту	1910-1918	метрична книга|народження|смерть|шлюб	3	ДАКрО-754-1-4
755	1	1	Метричні книги Православних церков	1883-1898	метрична книга|народження|смерть|шлюб	2	ДАКрО-755-1-1
755	1	2	Метричні книги Православних церков	1890-1895	метрична книга|народження|смерть|шлюб	2	ДАКрО-755-1-2
755	1	3	Метричні книги Православних церков	1892-1894	метрична книга|народження|смерть|сповідальні відомості|шлюб	2	ДАКрО-755-1-3
755	1	4	Метричні книги Православних церков	1901-1904	метрична книга|народження|смерть|шлюб	2	ДАКрО-755-1-4
755	1	5	Метричні книги Православних церков	1905-1906	метрична книга|народження|смерть|шлюб	2	ДАКрО-755-1-5
755	1	6	Метричні книги Православних церков	1907-1909	метрична книга|народження|смерть|шлюб	2	ДАКрО-755-1-6
755	1	7	Метричні книги Православних церков	1910-1915	метрична книга|народження|смерть|шлюб	2	ДАКрО-755-1-7
755	1	8	Метричні книги Православних церков	1914-1917	метрична книга|народження	2	ДАКрО-755-1-8
756	1	1	Church boards and churches, Kropyvnytsky	1876-1893	метрична книга|народження|смерть|шлюб	2	ДАКрО-756-1-1
757	1	1	Метрична книга Покровської церкви с. Чечеліївка Олександрійського повіту	1886-1886	метрична книга|народження|смерть|шлюб	2	ДАКрО-757-1-1
757	1	1А	Метричні книги Православних церков	1891-1907	метрична книга|народження|смерть	1	ДАКрО-757-1-1А
757	1	2	Метричні книги Православних церков	1902-1910	метрична книга|народження	1	ДАКрО-757-1-2
757	607	1	Метрична книга реєстрації актів про народження, шлюб та смерть, 1886р., 02.01.1886-23.12.1886, 67 арк.			1	ДАКрО-757-607-1
757	607	1А	Метрична книга реєстрації актів про народження, шлюб та смерть, 1891-1907рр., 01.01.1891-29.12.1907, 120 арк.			0	ДАКрО-757-607-1А
758	1	1	Метричні книги Православних церков	1877-1889	метрична книга|народження|смерть|шлюб	2	ДАКрО-758-1-1
758	1	2	Метричні книги Православних церков	1892-1897	метрична книга|народження|смерть|шлюб	2	ДАКрО-758-1-2
758	1	3	Метричні книги Православних церков	1900-1909	метрична книга|народження|смерть|шлюб	2	ДАКрО-758-1-3
758	1	4	Метричні книги Православних церков	1910-1916	метрична книга|народження|смерть|шлюб	2	ДАКрО-758-1-4
759	1	1	Метричні книги Православних церков	1884-1884	метрична книга|народження	2	ДАКрО-759-1-1
759	1	2	Метричні книги Православних церков	1908-1909	метрична книга|народження|смерть|шлюб	2	ДАКрО-759-1-2
760	1	1	Метричні книги Православних церков	1897-1897	метрична книга|народження|смерть|шлюб	2	ДАКрО-760-1-1
760	1	2	Church boards and churches, Kropyvnytsky	1913-1915	метрична книга|народження|смерть|шлюб	2	ДАКрО-760-1-2
760	1	3	Метричні книги Православних церков	1918-1919	метрична книга|народження|смерть|шлюб	2	ДАКрО-760-1-3
761	1	1	Метричні книги Православних церков	1903-1905	метрична книга|народження|смерть|шлюб	2	ДАКрО-761-1-1
761	1	1А	Метричні книги Православних церков	1896-1899	метрична книга|народження|смерть|шлюб	1	ДАКрО-761-1-1А
761	1	2	Метричні книги Православних церков	1906-1908	метрична книга|народження|смерть|шлюб	2	ДАКрО-761-1-2
761	1	3	Метричні книги Православних церков	1909-1913	метрична книга|народження|смерть|шлюб	2	ДАКрО-761-1-3
761	1	4	Метричні книги Православних церков	1914-1920	метрична книга|народження|смерть|шлюб	2	ДАКрО-761-1-4
762	1	1	Метричні книги Православних церков	1904-1909	метрична книга|народження|смерть|шлюб	2	ДАКрО-762-1-1
762	1	2	Метричні книги Православних церков	1905-1907	метрична книга|народження|смерть|шлюб	2	ДАКрО-762-1-2
762	1	3	Метричні книги Православних церков	1910-1913	метрична книга|народження|смерть|шлюб	2	ДАКрО-762-1-3
762	1	4	Метричні книги Православних церков	1912-1912	метрична книга|народження|смерть|шлюб	2	ДАКрО-762-1-4
762	1	5	Метричні книги Православних церков	1914-1919	метрична книга|народження|смерть|шлюб	2	ДАКрО-762-1-5
763	1	1	Метричні книги Православних церков	1877-1877	метрична книга|народження|смерть|шлюб	2	ДАКрО-763-1-1
763	1	10	Метричні книги Православних церков	1890-1890	метрична книга|народження	2	ДАКрО-763-1-10
763	1	11	Метричні книги Православних церков	1891-1891	метрична книга|народження|шлюб	2	ДАКрО-763-1-11
763	1	12	Метричні книги Православних церков	1892-1892	метрична книга|народження	2	ДАКрО-763-1-12
763	1	13	Метричні книги Православних церков	1893-1893	метрична книга|народження|смерть|шлюб	2	ДАКрО-763-1-13
763	1	14	Метричні книги Православних церков	1894-1894	метрична книга|народження|смерть|шлюб	2	ДАКрО-763-1-14
763	1	15	Метричні книги Православних церков	1895-1895	метрична книга|народження|шлюб	2	ДАКрО-763-1-15
763	1	16	Метричні книги Православних церков	1896-1896	метрична книга|народження|смерть|шлюб	2	ДАКрО-763-1-16
763	1	17	Метричні книги Православних церков	1897-1897	метрична книга|народження|смерть|шлюб	2	ДАКрО-763-1-17
763	1	18	Метричні книги Православних церков	1898-1898	метрична книга|народження|шлюб	2	ДАКрО-763-1-18
763	1	19	Метричні книги Православних церков	1899-1899	метрична книга|народження|смерть|шлюб	2	ДАКрО-763-1-19
763	1	2	Метричні книги Православних церков	1881-1881	метрична книга|народження|смерть|шлюб	2	ДАКрО-763-1-2
763	1	20	Метричні книги Православних церков	1900-1900	метрична книга|народження|смерть|шлюб	2	ДАКрО-763-1-20
763	1	21	Метричні книги Православних церков	1902-1902	метрична книга|народження|смерть|шлюб	2	ДАКрО-763-1-21
763	1	22	Church boards and churches, Kropyvnytsky	1903-1903	метрична книга|смерть	2	ДАКрО-763-1-22
763	1	23	Метричні книги Православних церков	1904-1904	метрична книга|народження|смерть|шлюб	2	ДАКрО-763-1-23
763	1	24	Метричні книги Православних церков	1905-1905	метрична книга|народження|смерть|шлюб	2	ДАКрО-763-1-24
763	1	25	Метричні книги Православних церков	1906-1906	метрична книга|народження|смерть|шлюб	2	ДАКрО-763-1-25
763	1	26	Метричні книги Православних церков	1907-1907	метрична книга|народження|смерть|шлюб	1	ДАКрО-763-1-26
763	1	27	Метричні книги Православних церков	1908-1908	метрична книга|народження|смерть|шлюб	2	ДАКрО-763-1-27
763	1	28	Метричні книги Православних церков	1909-1909	метрична книга|народження|смерть|шлюб	2	ДАКрО-763-1-28
763	1	29	Метричні книги Православних церков	1910-1910	метрична книга|народження|смерть|шлюб	2	ДАКрО-763-1-29
763	1	3	Метричні книги Православних церков	1882-1882	метрична книга|народження|смерть|шлюб	2	ДАКрО-763-1-3
763	1	30	Метричні книги Православних церков	1911-1911	метрична книга|смерть|шлюб	2	ДАКрО-763-1-30
763	1	31	Метричні книги Православних церков	1912-1912	метрична книга|народження|смерть|шлюб	2	ДАКрО-763-1-31
763	1	32	Метричні книги Православних церков	1913-1913	метрична книга|народження|смерть|шлюб	2	ДАКрО-763-1-32
763	1	33	Метричні книги Православних церков	1914-1914	метрична книга|народження|смерть|шлюб	2	ДАКрО-763-1-33
763	1	34	Метричні книги Православних церков	1915-1915	метрична книга|народження|смерть|шлюб	2	ДАКрО-763-1-34
763	1	35	Метричні книги Православних церков	1916-1916	метрична книга|народження	2	ДАКрО-763-1-35
763	1	4	Метричні книги Православних церков	1883-1883,1911-1911	метрична книга|народження	2	ДАКрО-763-1-4
763	1	5	Метричні книги Православних церков	1884-1884	метрична книга|народження	2	ДАКрО-763-1-5
763	1	6	Метричні книги Православних церков	1886-1886	метрична книга|народження	2	ДАКрО-763-1-6
763	1	7	Метричні книги Православних церков	1887-1887	метрична книга|народження|смерть|шлюб	2	ДАКрО-763-1-7
763	1	8	Метричні книги Православних церков	1888-1888	метрична книга|народження|смерть|шлюб	2	ДАКрО-763-1-8
763	1	9	Метричні книги Православних церков	1889-1889	метрична книга|народження|смерть|шлюб	2	ДАКрО-763-1-9
764	1	1	Метричні книги Православних церков	1877-1877	метрична книга|народження|смерть|шлюб	2	ДАКрО-764-1-1
764	1	10	Метричні книги Православних церков	1891-1891	метрична книга|народження|шлюб	2	ДАКрО-764-1-10
764	1	11	Метричні книги Православних церков	1894-1894	метрична книга|народження|смерть|шлюб	2	ДАКрО-764-1-11
764	1	12	Метричні книги Православних церков	1895-1895	метрична книга|народження|шлюб	2	ДАКрО-764-1-12
764	1	13	Метричні книги Православних церков	1896-1896	метрична книга|народження|шлюб	2	ДАКрО-764-1-13
764	1	14	Метричні книги Православних церков	1897-1897	метрична книга|народження|шлюб	2	ДАКрО-764-1-14
764	1	15	Метричні книги Православних церков	1899-1899	метрична книга|народження|смерть|шлюб	2	ДАКрО-764-1-15
764	1	16	Метрична книга церкви Іоана Милостивого с. Ольшанка Олександрійського повіту	1900-1900	метрична книга|народження|смерть|шлюб	3	ДАКрО-764-1-16
764	1	17	Метричні книги Православних церков	1901-1901	метрична книга|народження|смерть|шлюб	2	ДАКрО-764-1-17
764	1	18	Метричні книги Православних церков	1903-1903	метрична книга|смерть	2	ДАКрО-764-1-18
764	1	19	Метричні книги Православних церков	1903-1903	метрична книга|народження	2	ДАКрО-764-1-19
764	1	2	Метричні книги Православних церков	1881-1881	метрична книга|народження|смерть|шлюб	2	ДАКрО-764-1-2
764	1	20	Метричні книги Православних церков	1904-1904	метрична книга|народження|смерть|шлюб	2	ДАКрО-764-1-20
764	1	21	Метричні книги Православних церков	1905-1905	метрична книга|народження|смерть|шлюб	2	ДАКрО-764-1-21
764	1	22	Метричні книги Православних церков	1906-1906	метрична книга|народження|смерть|шлюб	2	ДАКрО-764-1-22
764	1	23	Метричні книги Православних церков	1908-1908	метрична книга|народження|смерть|шлюб	2	ДАКрО-764-1-23
764	1	24	Метричні книги Православних церков	1910-1910	метрична книга|народження|смерть|шлюб	2	ДАКрО-764-1-24
764	1	25	Метричні книги Православних церков	1911-1911	метрична книга|народження|смерть|шлюб	2	ДАКрО-764-1-25
764	1	26	Метричні книги Православних церков	1912-1912	метрична книга|народження|шлюб	2	ДАКрО-764-1-26
764	1	27	Метричні книги Православних церков	1913-1913	метрична книга|народження|смерть|шлюб	2	ДАКрО-764-1-27
764	1	28	Метричні книги Православних церков	1914-1914	метрична книга|народження|смерть|шлюб	2	ДАКрО-764-1-28
764	1	29	Метричні книги Православних церков	1915-1915	метрична книга|народження|смерть|шлюб	2	ДАКрО-764-1-29
764	1	3	Метричні книги Православних церков	1882-1882	метрична книга|народження|смерть|шлюб	2	ДАКрО-764-1-3
764	1	30	Метричні книги Православних церков	1916-1916	метрична книга|народження|шлюб	2	ДАКрО-764-1-30
764	1	31	Метричні книги Православних церков	1917-1917	метрична книга|народження	2	ДАКрО-764-1-31
764	1	4	Метричні книги Православних церков	1883-1883	метрична книга|народження|смерть|шлюб	2	ДАКрО-764-1-4
764	1	5	Метрична книга реєстрації актів про народження, шлюб та смерть, 1886р., 02.01.1886-31.12.1886, 114 арк.	1886-1886	метрична книга|народження|смерть|шлюб	1	ДАКрО-764-1-5
764	1	6	Метричні книги Православних церков	1887-1887	метрична книга|народження|смерть|шлюб	2	ДАКрО-764-1-6
764	1	7	Метричні книги Православних церков	1888-1888	метрична книга|народження|смерть|шлюб	2	ДАКрО-764-1-7
764	1	8	Метричні книги Православних церков	1889-1889	метрична книга|народження|смерть|шлюб	2	ДАКрО-764-1-8
764	1	9	Метричні книги Православних церков	1890-1890	метрична книга|народження|смерть|шлюб	2	ДАКрО-764-1-9
764	487	10	Метрична книга. Церква Святого Іоанна Милостивого, с. Вільшанка Єлисаветградського пов.Вільшанської вол.	1891-1891	метрична книга|смерть	0	ДАКрО-764-487-10
765	1	1	Метричні книги Православних церков	1892-1900	метрична книга|народження|смерть|шлюб	2	ДАКрО-765-1-1
765	1	2	Метричні книги Православних церков	1901-1907	метрична книга|народження|смерть|шлюб	2	ДАКрО-765-1-2
765	1	3	Метричні книги Православних церков	1914-1919	метрична книга|народження|смерть|шлюб	2	ДАКрО-765-1-3
765	1	4	Метричні книги Православних церков Акти громадянського стану	1920-1922	метрична книга|народження|смерть|шлюб	2	ДАКрО-765-1-4
765	1	5	Метричні книги Православних церков	1866-1886		1	ДАКрО-765-1-5
766	1	11	Метрична книга. Церква Архангела Михаїла, с. Донино-Кам'янка Олександрійського пов.Суботцівської вол.	1913-1913	метрична книга|народження|шлюб	0	ДАКрО-766-1-11
767	1	1	Метричні книги Православних церков	1900-1908	метрична книга|народження|смерть|шлюб	2	ДАКрО-767-1-1
767	1	2	Метричні книги Православних церков	1909-1916	метрична книга|народження|смерть|шлюб	2	ДАКрО-767-1-2
768	1	1	Метричні книги Православних церков	1881-1890	метрична книга|народження|смерть|шлюб	2	ДАКрО-768-1-1
768	1	2	Метричні книги Православних церков	1896-1897	метрична книга|народження|шлюб	2	ДАКрО-768-1-2
768	1	3	Метричні книги Православних церков	1900-1903	метрична книга|народження|смерть|шлюб	2	ДАКрО-768-1-3
768	1	4	Метричні книги Православних церков	1891-1908	метрична книга|народження|смерть|шлюб	2	ДАКрО-768-1-4
768	1	5	Метричні книги Православних церков	1909-1917	метрична книга|смерть|шлюб	2	ДАКрО-768-1-5
769	1	1	Метричні книги Православних церков	1908-1910	метрична книга|народження|смерть|шлюб	2	ДАКрО-769-1-1
769	1	2	Метричні книги Православних церков	1913-1915	метрична книга|народження|смерть|шлюб	2	ДАКрО-769-1-2
769	1	3	Метричні книги Православних церков	1916-1919	метрична книга|народження|смерть|шлюб	2	ДАКрО-769-1-3
770	1	1	Метричні книги Православних церков	1892-1897	метрична книга|народження|смерть|шлюб	2	ДАКрО-770-1-1
770	1	2	Метричні книги Православних церков	1898-1904	метрична книга|народження|смерть|шлюб	2	ДАКрО-770-1-2
770	1	3	Метричні книги Православних церков	1905-1905	метрична книга|народження|смерть|сповідальні відомості|шлюб	2	ДАКрО-770-1-3
770	1	4	Метричні книги Православних церков	1906-1906	метрична книга|народження|смерть|сповідальні відомості|шлюб	2	ДАКрО-770-1-4
770	1	5	Метричні книги Православних церков	1907-1907	метрична книга|народження|смерть|сповідальні відомості|шлюб	2	ДАКрО-770-1-5
770	1	6	Метричні книги Православних церков	1908-1911	метрична книга|народження|смерть|шлюб	2	ДАКрО-770-1-6
770	1	7	Метричні книги Православних церков	1912-1915	метрична книга|народження|смерть|шлюб	2	ДАКрО-770-1-7
770	1	8	Метричні книги Православних церков	1916-1918	метрична книга|народження|смерть|шлюб	2	ДАКрО-770-1-8
770	1	9	Метричні книги Православних церков	1918-1919	метрична книга|народження|смерть|шлюб	2	ДАКрО-770-1-9
771	1	1	Метричні книги Православних церков	1890-1891	метрична книга|народження|смерть|шлюб	2	ДАКрО-771-1-1
771	1	10	Метричні книги Православних церков	1917-1918	метрична книга|народження|смерть|шлюб	2	ДАКрО-771-1-10
771	1	1А	Метричні книги Православних церков	1881-1889	метрична книга|народження|смерть|шлюб	2	ДАКрО-771-1-1А
771	1	2	Метричні книги Православних церков	1892-1893	метрична книга|народження|смерть|шлюб	2	ДАКрО-771-1-2
771	1	3	Метричні книги Православних церков	1894-1896	метрична книга|народження|смерть|шлюб	2	ДАКрО-771-1-3
771	1	4	Метричні книги Православних церков	1897-1899	метрична книга|народження|смерть|шлюб	2	ДАКрО-771-1-4
771	1	5	Метричні книги Православних церков	1900-1903	метрична книга|народження|смерть|шлюб	2	ДАКрО-771-1-5
771	1	6	Метричні книги Православних церков	1905-1907	метрична книга|народження|смерть|шлюб	2	ДАКрО-771-1-6
771	1	7	Метричні книги Православних церков	1908-1911	метрична книга|народження|смерть|шлюб	2	ДАКрО-771-1-7
771	1	8	Метричні книги Православних церков	1912-1914	метрична книга|народження|смерть|шлюб	2	ДАКрО-771-1-8
771	1	9	Акти громадянського стану	1915-1916	метрична книга|народження|смерть|шлюб	2	ДАКрО-771-1-9
772	1	1	Метричні книги Православних церков	1893-1895	метрична книга|народження|смерть|шлюб	2	ДАКрО-772-1-1
772	1	10	Метричні книги Православних церков	1912-1912	метрична книга|народження|смерть|шлюб	2	ДАКрО-772-1-10
772	1	10А	Метричні книги Православних церков	1913-1913	метрична книга|народження|смерть|шлюб	1	ДАКрО-772-1-10А
772	1	11	Метричні книги Православних церков	1914-1915	метрична книга|народження|смерть|шлюб	2	ДАКрО-772-1-11
772	1	12	Метричні книги Православних церков	1916-1919	метрична книга|народження|смерть|шлюб	2	ДАКрО-772-1-12
772	1	13	Метричні книги Православних церков	1917-1917	метрична книга|народження|смерть|шлюб	2	ДАКрО-772-1-13
772	1	1А	Метричні книги Православних церков	1881-1886	метрична книга|народження|смерть|шлюб	1	ДАКрО-772-1-1А
772	1	1Б	Метричні книги Православних церков	1877-1889	метрична книга|народження|смерть|шлюб	1	ДАКрО-772-1-1Б
772	1	1В	Метричні книги Православних церков	1890-1892	метрична книга|народження|смерть|шлюб	1	ДАКрО-772-1-1В
772	1	2	Метричні книги Православних церков	1896-1898	метрична книга|народження|смерть|шлюб	2	ДАКрО-772-1-2
772	1	3	Метричні книги Православних церков	1899-1900	метрична книга|народження|смерть|шлюб	2	ДАКрО-772-1-3
772	1	4	Метричні книги Православних церков	1901-1902	метрична книга|народження|смерть|шлюб	2	ДАКрО-772-1-4
772	1	5	Метричні книги Православних церков	1903-1906	метрична книга|народження|смерть|шлюб	2	ДАКрО-772-1-5
772	1	6	Метричні книги Православних церков	1907-1907	метрична книга|народження|смерть|шлюб	2	ДАКрО-772-1-6
772	1	7	Метричні книги Православних церков	1908-1908	метрична книга|народження|смерть|шлюб	2	ДАКрО-772-1-7
772	1	8	Метричні книги Православних церков	1909-1909	метрична книга|народження|смерть|шлюб	2	ДАКрО-772-1-8
772	1	9	Метричні книги Православних церков	1910-1911	метрична книга|народження|смерть|шлюб	2	ДАКрО-772-1-9
774	1	1	Church boards and churches, Kropyvnytsky	1890-1891	метрична книга|народження|смерть|сповідальні відомості|шлюб	2	ДАКрО-774-1-1
774	1	2	Метричні книги Православних церков	1892-1898	метрична книга|народження|смерть|шлюб	2	ДАКрО-774-1-2
774	1	3	Метричні книги Православних церков	1896-1896	метрична книга|народження|смерть|шлюб	2	ДАКрО-774-1-3
774	1	4	Метричні книги Православних церков	1901-1902	метрична книга|народження|смерть|шлюб	2	ДАКрО-774-1-4
774	1	5	Метричні книги Православних церков	1903-1905	метрична книга|народження|смерть|шлюб	2	ДАКрО-774-1-5
774	1	6	Метричні книги Православних церков	1912-1912	метрична книга|народження|смерть	2	ДАКрО-774-1-6
774	1	7	Метричні книги Православних церков	1908-1913	метрична книга|народження|смерть|шлюб	2	ДАКрО-774-1-7
774	1	8	Метричні книги Православних церков	1914-1915	метрична книга|народження|смерть|шлюб	2	ДАКрО-774-1-8
774	1	9	Метричні книги Православних церков	1917-1919	метрична книга|народження|смерть	2	ДАКрО-774-1-9
774	1	9395	Метрична книга. Церква Іоанна Богослова, с. Попельнасте Верхньодніпровського пов. Попель-настівської вол.	1917-1919	метрична книга|шлюб	0	ДАКрО-774-1-9395
775	1	1	Метричні книги Православних церков	1901-1905	метрична книга|народження|смерть|шлюб	2	ДАКрО-775-1-1
776	1	1	Метричні книги Православних церков	1889-1889	метрична книга|народження|смерть|шлюб	2	ДАКрО-776-1-1
776	1	10	Метричні книги Православних церков	1913-1918	метрична книга|народження|смерть|шлюб	2	ДАКрО-776-1-10
776	1	2	Метричні книги Православних церков	1890-1894	метрична книга|народження|смерть|шлюб	2	ДАКрО-776-1-2
776	1	3	Метричні книги Православних церков	1895-1896	метрична книга|народження|смерть|шлюб	2	ДАКрО-776-1-3
776	1	4	Метричні книги Православних церков	1897-1898	метрична книга|народження|смерть|шлюб	2	ДАКрО-776-1-4
776	1	5	Метричні книги Православних церков	1899-1899	метрична книга|народження|смерть|шлюб	2	ДАКрО-776-1-5
776	1	6	Метричні книги Православних церков	1901-1903	метрична книга|народження|смерть|шлюб	2	ДАКрО-776-1-6
776	1	7	Метричні книги Православних церков	1904-1907	метрична книга|народження|смерть|шлюб	2	ДАКрО-776-1-7
776	1	8	Метричні книги Православних церков	1908-1910	метрична книга|народження|смерть|шлюб	2	ДАКрО-776-1-8
776	1	9	Метричні книги Православних церков	1912-1913	метрична книга|народження|смерть|шлюб	2	ДАКрО-776-1-9
777	1	1	Метричні книги Православних церков	1883-1885	метрична книга|народження|смерть|шлюб	2	ДАКрО-777-1-1
777	1	10	Метричні книги Православних церков	1917-1918	метрична книга|народження|смерть|шлюб	2	ДАКрО-777-1-10
777	1	2	Метричні книги Православних церков	1886-1887	метрична книга|народження|смерть|шлюб	2	ДАКрО-777-1-2
777	1	3	Метричні книги Православних церков	1891-1893	метрична книга|народження|смерть|шлюб	2	ДАКрО-777-1-3
777	1	4	Метричні книги Православних церков	1894-1895	метрична книга|народження|смерть|шлюб	2	ДАКрО-777-1-4
777	1	5	Метричні книги Православних церков	1897-1898	метрична книга|народження|смерть|шлюб	2	ДАКрО-777-1-5
777	1	6	Метричні книги Православних церков	1902-1903	метрична книга|народження|смерть|шлюб	2	ДАКрО-777-1-6
777	1	7	Метричні книги Православних церков	1904-1907	метрична книга|народження|смерть|шлюб	2	ДАКрО-777-1-7
777	1	8	Метричні книги Православних церков	1909-1909	метрична книга|народження|смерть|шлюб	2	ДАКрО-777-1-8
777	1	9	Метричні книги Православних церков	1912-1915	метрична книга|народження|смерть|шлюб	2	ДАКрО-777-1-9
778	1	1	Метрична книга церкви Олександра Невського ст. Долинська Олександрійського повіту	1902-1906	метрична книга|народження|смерть|шлюб	3	ДАКрО-778-1-1
778	1	2	Метрична книга церкви Олександра Невського ст. Долинська Олександрійського повіту	1907-1909	метрична книга|народження|смерть|шлюб	3	ДАКрО-778-1-2
778	1	3	Метрична книга церкви Олександра Невського ст. Долинська Олександрійського повіту	1910-1911	метрична книга|народження|смерть|шлюб	3	ДАКрО-778-1-3
778	1	4	Метрична книга церкви Олександра Невського ст. Долинська Олександрійського повіту	1911-1912	метрична книга|народження|смерть|шлюб	3	ДАКрО-778-1-4
778	1	5	Метрична книга церкви Олександра Невського ст. Долинська Олександрійського повіту	1912-1915	метрична книга|народження|смерть|шлюб	3	ДАКрО-778-1-5
778	1	6	Метрична книга церкви Олександра Невського ст. Долинська Олександрійського повіту	1916-1918	метрична книга|народження|смерть|шлюб	3	ДАКрО-778-1-6
779	1	1	Метричні книги Православних церков	1881-1885	метрична книга|народження|смерть|шлюб	2	ДАКрО-779-1-1
779	1	2	Метричні книги Православних церков	1886-1889	метрична книга|народження|смерть|шлюб	2	ДАКрО-779-1-2
779	1	3	Метричні книги Православних церков	1890-1894	метрична книга|народження|смерть|шлюб	2	ДАКрО-779-1-3
779	1	4	Метричні книги Православних церков	1895-1895	метрична книга|народження|смерть|шлюб	2	ДАКрО-779-1-4
779	1	5	Метричні книги Православних церков	1896-1899	метрична книга|народження|смерть|шлюб	2	ДАКрО-779-1-5
779	1	6	Метричні книги Православних церков	1901-1903	метрична книга|народження|смерть|шлюб	2	ДАКрО-779-1-6
779	1	7	Метричні книги Православних церков	1904-1907	метрична книга|народження|смерть|шлюб	2	ДАКрО-779-1-7
779	1	8	Метричні книги Православних церков	1908-1912	метрична книга|народження|смерть|шлюб	2	ДАКрО-779-1-8
779	1	9	Метричні книги Православних церков	1913-1916	метрична книга|народження|смерть|шлюб	2	ДАКрО-779-1-9
780	1	1	Метричні книги Православних церков	1880-1885	метрична книга|народження|смерть|шлюб	2	ДАКрО-780-1-1
780	1	10	Метричні книги Православних церков	1913-1918	метрична книга|народження|смерть|шлюб	2	ДАКрО-780-1-10
780	1	10525	Метрична книга. Церква Різдва Пресвятої Богородиці, с. Варварівка Олександрійського пов.Боківської вол.	1918-1918	метрична книга|народження	0	ДАКрО-780-1-10525
780	1	11	Метричні книги Православних церков	1915-1916	метрична книга|народження|смерть|шлюб	2	ДАКрО-780-1-11
780	1	2	Метричні книги Православних церков	1886-1889	метрична книга|народження|смерть|шлюб	2	ДАКрО-780-1-2
780	1	3	Метричні книги Православних церков	1890-1893	метрична книга|народження|смерть|шлюб	2	ДАКрО-780-1-3
780	1	4	Метричні книги Православних церков	1894-1897	метрична книга|народження|смерть|шлюб	2	ДАКрО-780-1-4
780	1	5	Метричні книги Православних церков	1898-1899	метрична книга|народження|смерть|шлюб	2	ДАКрО-780-1-5
780	1	6	Метричні книги Православних церков	1901-1903	метрична книга|народження|смерть|шлюб	2	ДАКрО-780-1-6
780	1	7	Метричні книги Православних церков	1904-1906	метрична книга|народження|смерть|шлюб	2	ДАКрО-780-1-7
780	1	8	Метричні книги Православних церков	1907-1909	метрична книга|народження|смерть|шлюб	2	ДАКрО-780-1-8
780	1	9	Метричні книги Православних церков	1910-1912	метрична книга|народження|смерть|шлюб	2	ДАКрО-780-1-9
781	1	1	Метричні книги Православних церков	1894-1897	метрична книга|народження|смерть|шлюб	2	ДАКрО-781-1-1
781	1	2	Метричні книги Православних церков	1901-1906	метрична книга|народження|смерть|шлюб	2	ДАКрО-781-1-2
781	1	3	Метричні книги Православних церков	1908-1913	метрична книга|народження|смерть|шлюб	2	ДАКрО-781-1-3
782	1	1	Метричні книги Православних церков	1878-1878	метрична книга|народження|смерть|шлюб	2	ДАКрО-782-1-1
782	1	10	Метричні книги Православних церков	1900-1905	метрична книга|народження	2	ДАКрО-782-1-10
782	1	11	Метричні книги Православних церков	1912-1920	метрична книга|народження	2	ДАКрО-782-1-11
782	1	2	Метричні книги Православних церков	1881-1884	метрична книга|народження|смерть|шлюб	2	ДАКрО-782-1-2
782	1	3	Метричні книги Православних церков	1886-1889	метрична книга|народження|смерть|шлюб	2	ДАКрО-782-1-3
782	1	4	Метричні книги Православних церков	1890-1903	метрична книга|народження	2	ДАКрО-782-1-4
782	1	5	Метричні книги Православних церков	1894-1899	метрична книга|народження|смерть|шлюб	2	ДАКрО-782-1-5
782	1	6	Метричні книги Православних церков	1901-1903	метрична книга|народження|смерть|шлюб	2	ДАКрО-782-1-6
782	1	7	Метричні книги Православних церков	1904-1908	метрична книга|народження|смерть|шлюб	2	ДАКрО-782-1-7
782	1	8	Метричні книги Православних церков	1909-1911	метрична книга|смерть	2	ДАКрО-782-1-8
782	1	9	Метричні книги Православних церков	1912-1916	метрична книга|народження|смерть|шлюб	2	ДАКрО-782-1-9
783	1	1	Метричні книги Православних церков	1876-1889	метрична книга|народження|смерть|шлюб	2	ДАКрО-783-1-1
783	1	2	Метричні книги Православних церков	1890-1899	метрична книга|народження|смерть|шлюб	2	ДАКрО-783-1-2
783	1	3	Метричні книги Православних церков	1900-1908	метрична книга|народження|смерть|шлюб	2	ДАКрО-783-1-3
783	1	4	Метричні книги Православних церков	1909-1916	метрична книга|народження|смерть|шлюб	2	ДАКрО-783-1-4
783	1	5	Метричні книги Православних церков	1900-1918	метрична книга|народження	2	ДАКрО-783-1-5
784	1	1	Метричні книги Православних церков	1876-1889	метрична книга|народження|смерть|шлюб	2	ДАКрО-784-1-1
784	1	2	Метричні книги Православних церков	1890-1899	метрична книга|народження|смерть|шлюб	2	ДАКрО-784-1-2
784	1	3	Метричні книги Православних церков	1900-1909	метрична книга|народження|смерть|шлюб	2	ДАКрО-784-1-3
784	1	4	Метричні книги Православних церков	1911-1916	метрична книга|народження|смерть|шлюб	2	ДАКрО-784-1-4
785	1	1	Метричні книги Православних церков	1876-1879	метрична книга|народження|смерть|шлюб	2	ДАКрО-785-1-1
785	1	10	Метричні книги Православних церков	1908-1910	метрична книга|народження	2	ДАКрО-785-1-10
785	1	11	Метричні книги Православних церков	1912-1912	метрична книга|народження|смерть|шлюб	2	ДАКрО-785-1-11
785	1	12	Метричні книги Православних церков	1913-1916	метрична книга|народження|смерть|шлюб	2	ДАКрО-785-1-12
785	1	2	Метричні книги Православних церков	1881-1884	метрична книга|народження|смерть|шлюб	2	ДАКрО-785-1-2
785	1	3	Метричні книги Православних церков	1886-1889	метрична книга|народження|смерть|шлюб	2	ДАКрО-785-1-3
785	1	4	Метричні книги Православних церков	1890-1894	метрична книга|народження|смерть|шлюб	2	ДАКрО-785-1-4
785	1	5	Метричні книги Православних церков	1895-1898	метрична книга|народження|смерть|шлюб	2	ДАКрО-785-1-5
785	1	6	Метричні книги Православних церков	1899-1900	метрична книга|народження|смерть|шлюб	2	ДАКрО-785-1-6
785	1	7	Метричні книги Православних церков	1901-1902	метрична книга|народження|смерть|шлюб	2	ДАКрО-785-1-7
785	1	8	Church boards and churches, Kropyvnytsky	1903-1904	метрична книга|народження|смерть|шлюб	2	ДАКрО-785-1-8
785	1	9	Метричні книги Православних церков	1906-1911	метрична книга|народження|смерть|шлюб	2	ДАКрО-785-1-9
786	1	1	Метричні книги Православних церков	1876-1879	метрична книга|народження|смерть|шлюб	2	ДАКрО-786-1-1
786	1	10	Метричні книги Православних церков	1906-1908	метрична книга|народження|смерть|шлюб	2	ДАКрО-786-1-10
786	1	11	Метричні книги Православних церков	1909-1910	метрична книга|народження|смерть|шлюб	2	ДАКрО-786-1-11
786	1	12	Метричні книги Православних церков	1911-1912	метрична книга|народження|смерть|шлюб	2	ДАКрО-786-1-12
786	1	13	Метричні книги Православних церков	1913-1914	метрична книга|народження|смерть|шлюб	2	ДАКрО-786-1-13
786	1	14	Метричні книги Православних церков	1915-1916	метрична книга|народження|смерть|шлюб	2	ДАКрО-786-1-14
786	1	2	Метричні книги Православних церков	1881-1883	метрична книга|народження|смерть|шлюб	2	ДАКрО-786-1-2
786	1	3	Метричні книги Православних церков	1887-1889	метрична книга|народження|смерть|шлюб	2	ДАКрО-786-1-3
786	1	4	Метричні книги Православних церков	1890-1891	метрична книга|народження|смерть|шлюб	2	ДАКрО-786-1-4
786	1	5	Метричні книги Православних церков	1893-1896	метрична книга|народження|смерть|шлюб	2	ДАКрО-786-1-5
786	1	6	Метричні книги Православних церков	1897-1898	метрична книга|народження|смерть|шлюб	2	ДАКрО-786-1-6
786	1	7	Метричні книги Православних церков	1900-1901	метрична книга|народження|смерть|шлюб	2	ДАКрО-786-1-7
786	1	8	Метричні книги Православних церков	1902-1903	метрична книга|народження|смерть|шлюб	2	ДАКрО-786-1-8
786	1	9	Метричні книги Православних церков	1904-1905	метрична книга|народження|смерть|шлюб	2	ДАКрО-786-1-9
787	1	1	Метричні книги Православних церков	1860-1861	метрична книга|народження|смерть|шлюб	2	ДАКрО-787-1-1
787	1	10	Метричні книги Православних церков	1887-1887	метрична книга|народження|смерть|шлюб	2	ДАКрО-787-1-10
787	1	10А	Метричні книги Православних церков	1881-1881	метрична книга|народження|смерть|шлюб	2	ДАКрО-787-1-10А
787	1	10Б	Метричні книги Православних церков	1884-1885	метрична книга|народження|смерть|шлюб	2	ДАКрО-787-1-10Б
787	1	10В	Метричні книги Православних церков	1886-1887	метрична книга|народження|смерть|шлюб	2	ДАКрО-787-1-10В
787	1	11	Метричні книги Православних церков	1889-1889	метрична книга|народження|смерть|шлюб	2	ДАКрО-787-1-11
787	1	11А	Метричні книги Православних церков	1888-1888	метрична книга|народження|смерть|шлюб	2	ДАКрО-787-1-11А
787	1	12	Метричні книги Православних церков	1890-1891	метрична книга|народження|смерть|шлюб	2	ДАКрО-787-1-12
787	1	12А	Духовні правління та церкви, Кропивницький	1893-1894	метрична книга|народження|смерть|шлюб	2	ДАКрО-787-1-12А
787	1	12Б	Метричні книги Православних церков	1893-1894		1	ДАКрО-787-1-12Б
787	1	13	Метричні книги Православних церков Єдиновірці	1893-1893	метрична книга|смерть|шлюб	2	ДАКрО-787-1-13
787	1	14	Метричні книги Православних церков	1906-1906	метрична книга|народження|смерть|шлюб	2	ДАКрО-787-1-14
787	1	14А	Метричні книги Православних церков	1907-1907		2	ДАКрО-787-1-14А
787	1	14Б	Метричні книги Православних церков	1907-1907		2	ДАКрО-787-1-14Б
787	1	15	Метричні книги Православних церков	1908-1908	метрична книга|народження|смерть|шлюб	2	ДАКрО-787-1-15
787	1	15А	Метричні книги Православних церков	1909-1909		2	ДАКрО-787-1-15А
787	1	16	Метричні книги Православних церков	1910-1910	метрична книга|народження|смерть|шлюб	2	ДАКрО-787-1-16
787	1	17	Метричні книги Православних церков	1911-1911	метрична книга|народження|смерть|шлюб	2	ДАКрО-787-1-17
787	1	17А	Метричні книги Православних церков	1911-1911		2	ДАКрО-787-1-17А
787	1	18	Метричні книги Православних церков	1912-1912	метрична книга|народження|смерть|шлюб	2	ДАКрО-787-1-18
787	1	18А	Метричні книги Православних церков	1913-1913		2	ДАКрО-787-1-18А
787	1	18Б	Метричні книги Православних церков	1913-1913		2	ДАКрО-787-1-18Б
787	1	19	Метричні книги Православних церков	1914-1914	метрична книга|народження|смерть|шлюб	2	ДАКрО-787-1-19
787	1	2	Метричні книги Православних церков	1863-1863	метрична книга|народження|смерть|шлюб	2	ДАКрО-787-1-2
787	1	20	Метричні книги Православних церков	1914-1914		2	ДАКрО-787-1-20
787	1	21	Метричні книги Православних церков	1915-1917		2	ДАКрО-787-1-21
787	1	3	Метричні книги Православних церков	1864-1864	метрична книга|народження|смерть|шлюб	2	ДАКрО-787-1-3
787	1	4	Метричні книги Православних церков	1878-1878	метрична книга|народження|смерть|шлюб	2	ДАКрО-787-1-4
787	1	5	Метричні книги Православних церков	1882-1882	метрична книга|народження|смерть|шлюб	2	ДАКрО-787-1-5
787	1	6	Метричні книги Православних церков	1883-1883	метрична книга|народження|смерть|шлюб	2	ДАКрО-787-1-6
787	1	7	Метричні книги Православних церков Військові поселення	1857-1861	метрична книга|народження|смерть|шлюб	2	ДАКрО-787-1-7
787	1	8	Метричні книги Православних церков	1862-1865	метрична книга|народження|смерть|шлюб	2	ДАКрО-787-1-8
787	1	9	Метричні книги Православних церков	1875-1875	метрична книга|народження|смерть|шлюб	2	ДАКрО-787-1-9
787	2	1	Метричні книги Православних церков	1895-1895		1	ДАКрО-787-2-1
787	2	10	Метричні книги Православних церков	1902-1902	метрична книга|народження|смерть|шлюб	1	ДАКрО-787-2-10
787	2	11	Метричні книги Православних церков	1903-1903	метрична книга|народження|смерть|шлюб	1	ДАКрО-787-2-11
787	2	12	Метричні книги Православних церков	1903-1903		1	ДАКрО-787-2-12
787	2	13	Метричні книги Православних церков	1903-1903		1	ДАКрО-787-2-13
787	2	14	Метричні книги Православних церков	1904-1904	метрична книга|народження|смерть	1	ДАКрО-787-2-14
787	2	14А	Метрична книга. Церква Покрови Пресвятої Богородиці, м-ко Рівне (Ровно) Єлисаветградськогопов. Рівненської вол.	1907-1907	метрична книга|народження|смерть|шлюб	0	ДАКрО-787-2-14А
787	2	15	Метричні книги Православних церков	1905-1905	метрична книга|народження|смерть|шлюб	1	ДАКрО-787-2-15
787	2	15А	Метрична книга. Церква Покрови Пресвятої Богородиці, м-ко Рівне (Ровно) Єлисаветградськогопов. Рівненської вол.	1909-1909	метрична книга|народження|смерть|шлюб	0	ДАКрО-787-2-15А
787	2	16	Метричні книги Православних церков	1905-1905		1	ДАКрО-787-2-16
787	2	17	Метричні книги Православних церков	1905-1905		1	ДАКрО-787-2-17
787	2	18А	Метрична книга. Церква Покрови Пресвятої Богородиці, м-ко Рівне (Ровно) Єлисаветградськогопов. Рівненської вол.	1913-1913	метрична книга|народження|смерть|шлюб	0	ДАКрО-787-2-18А
787	2	2	Метричні книги Православних церков	1895-1895	метрична книга|народження|смерть|шлюб	1	ДАКрО-787-2-2
787	2	20	Метрична книга. Церква Покрови Пресвятої Богородиці, м-ко Рівне (Ровно) Єлисаветградськогопов. Рівненської вол.	1914-1914	метрична книга|народження|смерть|шлюб	0	ДАКрО-787-2-20
787	2	21	Метрична книга. Церква Покрови Пресвятої Богородиці, м-ко Рівне (Ровно) Єлисаветградськогопов. Рівненської вол.	1915-1917	метрична книга|народження|смерть|шлюб	0	ДАКрО-787-2-21
787	2	3	Метричні книги Православних церков	1895-1895		1	ДАКрО-787-2-3
787	2	4	Метричні книги Православних церков	1896-1896	метрична книга|народження|смерть|шлюб	1	ДАКрО-787-2-4
787	2	5	Метричні книги Православних церков	1896-1896		1	ДАКрО-787-2-5
787	2	6	Метричні книги Православних церков	1897-1897	метрична книга|народження|смерть|шлюб	1	ДАКрО-787-2-6
787	2	7	Метричні книги Православних церков	1899-1899	метрична книга|народження	1	ДАКрО-787-2-7
787	2	8	Метричні книги Православних церков Єдиновірці	1900-1900	метрична книга|народження|смерть|шлюб	1	ДАКрО-787-2-8
787	2	9	Метричні книги Православних церков	1901-1901	метрична книга|народження|смерть|шлюб	1	ДАКрО-787-2-9
788	1	1	Метричні книги Православних церков	1903-1904	метрична книга|народження|смерть|сповідальні відомості|шлюб	2	ДАКрО-788-1-1
788	1	10	Метричні книги Православних церков	1916-1917	метрична книга|народження|смерть|шлюб	2	ДАКрО-788-1-10
788	1	11	Метричні книги Православних церков	1918-1918	метрична книга|народження|смерть|шлюб	2	ДАКрО-788-1-11
788	1	12	Метричні книги Православних церков	1919-1919	метрична книга|народження|смерть|шлюб	2	ДАКрО-788-1-12
788	1	13	Метричні книги Православних церков	1920-1920	метрична книга|народження|смерть|шлюб	2	ДАКрО-788-1-13
788	1	2	Метричні книги Православних церков	1905-1905	метрична книга|народження|смерть|сповідальні відомості|шлюб	2	ДАКрО-788-1-2
788	1	3	Метричні книги Православних церков	1906-1910	метрична книга|народження|смерть|шлюб	2	ДАКрО-788-1-3
788	1	4	Метричні книги Православних церков	1907-1907		2	ДАКрО-788-1-4
788	1	5	Метричні книги Православних церков	1908-1908		2	ДАКрО-788-1-5
788	1	6	Метричні книги Православних церков	1909-1909		2	ДАКрО-788-1-6
788	1	7	Метричні книги Православних церков	1911-1911	метрична книга|народження|смерть|шлюб	2	ДАКрО-788-1-7
788	1	8	Метричні книги Православних церков	1912-1913	метрична книга|народження|смерть|шлюб	2	ДАКрО-788-1-8
788	1	9	Метричні книги Православних церков	1914-1915	метрична книга|народження|смерть|шлюб	2	ДАКрО-788-1-9
790	1	1	Метричні книги Православних церков	1894-1898	метрична книга|народження|смерть|шлюб	2	ДАКрО-790-1-1
790	1	1А	Метричні книги Православних церков	1881-1885	метрична книга|народження|смерть|шлюб	2	ДАКрО-790-1-1А
790	1	1Б	Метричні книги Православних церков	1886-1889	метрична книга|народження|смерть|шлюб	2	ДАКрО-790-1-1Б
790	1	1В	Метричні книги Православних церков	1890-1893	метрична книга|народження|смерть|шлюб	2	ДАКрО-790-1-1В
790	1	2	Метричні книги Православних церков	1900-1907	метрична книга|народження|смерть|шлюб	2	ДАКрО-790-1-2
790	1	3	Метричні книги Православних церков	1912-1917	метрична книга|народження|смерть|шлюб	2	ДАКрО-790-1-3
791	1	1	Метричні книги Православних церков	1878-1878	метрична книга|народження|смерть	2	ДАКрО-791-1-1
791	1	2	Метричні книги Православних церков	1905-1905	метрична книга|народження|смерть|шлюб	2	ДАКрО-791-1-2
793	1	1	Church boards and churches, Kropyvnytsky	1865-1894	метрична книга|смерть	2	ДАКрО-793-1-1
793	1	2	Church boards and churches, Kropyvnytsky	1867-1884	метрична книга|народження	2	ДАКрО-793-1-2
793	1	3	Church boards and churches, Kropyvnytsky	1884-1903	метрична книга|народження	2	ДАКрО-793-1-3
793	1	4	Church boards and churches, Kropyvnytsky	1905-1909	метрична книга|смерть|шлюб	2	ДАКрО-793-1-4
793	1	5	Метричні книги Православних церков	1903-1912	метрична книга|смерть|шлюб	2	ДАКрО-793-1-5
793	1	6	Church boards and churches, Kropyvnytsky	1913-1914	метрична книга|народження|смерть|шлюб	2	ДАКрО-793-1-6
793	1	7	Church boards and churches, Kropyvnytsky	1915-1919	метрична книга|народження|смерть|шлюб	2	ДАКрО-793-1-7
795	1	1	Метрична книга. Церква Святої Варвари, с. Новоархангельськ Єлисаветградського пов. Ново-архангельської вол.483Державний архів Кіровоградської області	1882-1884	метрична книга|шлюб	0	ДАКрО-795-1-1
795	1	10	Метричні книги Православних церков	1909-1910	метрична книга|народження|смерть|шлюб	2	ДАКрО-795-1-10
795	1	12	Метричні книги Православних церков	1911-1911	метрична книга|народження|смерть|шлюб	2	ДАКрО-795-1-12
795	1	14	Метричні книги Православних церков	1913-1913	метрична книга|народження|смерть|шлюб	2	ДАКрО-795-1-14
795	1	15	Метричні книги Православних церков	1915-1916	метрична книга|народження|смерть|шлюб	2	ДАКрО-795-1-15
795	1	16	Метричні книги Православних церков	1918-1918	метрична книга|народження|смерть	2	ДАКрО-795-1-16
795	1	16526	Метрична книга. Церква Покрови Пресвятої Богородиці, с. Федвор (Федвар) Олександрій-ського пов. Федварської вол.	1918-1918	метрична книга|шлюб	0	ДАКрО-795-1-16526
795	1	5	Метричні книги Православних церков	1898-1899	метрична книга|народження|смерть|шлюб	2	ДАКрО-795-1-5
795	1	6	Метричні книги Православних церков	1900-1902	метрична книга|народження|смерть|шлюб	2	ДАКрО-795-1-6
795	1	8	Метричні книги Православних церков	1907-1907	метрична книга|народження|смерть|шлюб	2	ДАКрО-795-1-8
796	1	1	Метричні книги Православних церков	1905-1905	метрична книга|народження|смерть|шлюб	2	ДАКрО-796-1-1
796	1	2	Метрічні книги Православних церков	1908-1910	метрична книга|народження|смерть|шлюб	2	ДАКрО-796-1-2
796	1	3	Метричні книги Православних церков	1917-1920	метрична книга|народження|смерть	2	ДАКрО-796-1-3
797	1	1	Church boards and churches, Kropyvnytsky	1860-1899	метрична книга|смерть	2	ДАКрО-797-1-1
797	1	2	Church boards and churches, Kropyvnytsky	1860-1891	метрична книга|шлюб	2	ДАКрО-797-1-2
797	1	3	Church boards and churches, Kropyvnytsky	1861-1872	метрична книга|народження	2	ДАКрО-797-1-3
797	1	4	Метричні книги Православних церков	1881-1898	метрична книга|народження	2	ДАКрО-797-1-4
797	1	5	Church boards and churches, Kropyvnytsky	1873-1906	метрична книга|смерть|шлюб|шлюбні обшуки	2	ДАКрО-797-1-5
797	1	6	Church boards and churches, Kropyvnytsky	1892-1910	метрична книга|народження|смерть|шлюб	2	ДАКрО-797-1-6
797	1	7	Church boards and churches, Kropyvnytsky	1911-1911	метрична книга|народження|смерть|шлюб	2	ДАКрО-797-1-7
797	1	8	Church boards and churches, Kropyvnytsky	1912-1914	метрична книга|народження|смерть|шлюб	2	ДАКрО-797-1-8
798	1	1	Church boards and churches, Kropyvnytsky	1862-1909	метрична книга|народження|смерть|шлюб	2	ДАКрО-798-1-1
798	1	2	Church boards and churches, Kropyvnytsky	1869-1883	метрична книга|народження	2	ДАКрО-798-1-2
798	1	3	Church boards and churches, Kropyvnytsky	1905-1912	метрична книга|народження|смерть|шлюб	2	ДАКрО-798-1-3
799	1	1	Church boards and churches, Kropyvnytsky	1872-1883	метрична книга|народження|смерть|шлюб	2	ДАКрО-799-1-1
799	1	1А	Church boards and churches, Kropyvnytsky	1864-1865	метрична книга|народження	1	ДАКрО-799-1-1А
799	1	2	Church boards and churches, Kropyvnytsky	1883-1893	метрична книга|народження	2	ДАКрО-799-1-2
799	1	3	Church boards and churches, Kropyvnytsky	1894-1904	метрична книга|народження	2	ДАКрО-799-1-3
799	1	4	Church boards and churches, Kropyvnytsky	1908-1909	метрична книга|народження|смерть|шлюб	2	ДАКрО-799-1-4
799	1	4404	Метрична книга. Церква Успіння Пресвятої Богородиці, с. Красносілка (Красноселиця) Чи-гиринського пов. Ставидлянської вол.	1908-1909	метрична книга|шлюб	0	ДАКрО-799-1-4404
799	1	5	Church boards and churches, Kropyvnytsky	1888-1914	метрична книга|народження|шлюб	2	ДАКрО-799-1-5
799	1	6	Church boards and churches, Kropyvnytsky	1905-1913	метрична книга|народження|шлюб	2	ДАКрО-799-1-6
799	1	7	Church boards and churches, Kropyvnytsky	1910-1910	метрична книга|народження|смерть	2	ДАКрО-799-1-7
800	1	1	Church boards and churches, Kropyvnytsky	1859-1904	метрична книга|народження|шлюб	2	ДАКрО-800-1-1
800	1	2	Church boards and churches, Kropyvnytsky	1905-1907	метрична книга|народження|смерть|шлюб	2	ДАКрО-800-1-2
800	1	3	Church boards and churches, Kropyvnytsky	1909-1912	метрична книга|народження|смерть|шлюб	2	ДАКрО-800-1-3
801	1	1	Church boards and churches, Kropyvnytsky	1839-1887	метрична книга|шлюб|шлюбні обшуки	2	ДАКрО-801-1-1
801	1	2	Church boards and churches, Kropyvnytsky	1853-1867	метрична книга|народження	2	ДАКрО-801-1-2
801	1	3	Church boards and churches, Kropyvnytsky	1876-1903	метрична книга|народження	2	ДАКрО-801-1-3
801	1	4	Church boards and churches, Kropyvnytsky	1880-1901	метрична книга|смерть	2	ДАКрО-801-1-4
801	1	5	Church boards and churches, Kropyvnytsky	1883-1903	метрична книга|шлюб	2	ДАКрО-801-1-5
801	1	6	Church boards and churches, Kropyvnytsky	1907-1911	метрична книга|народження|смерть|шлюб	2	ДАКрО-801-1-6
801	1	7	Church boards and churches, Kropyvnytsky	1913-1913	метрична книга|народження|смерть|шлюб	2	ДАКрО-801-1-7
801	1	8	Church boards and churches, Kropyvnytsky	1915-1920	метрична книга|смерть|шлюб	2	ДАКрО-801-1-8
802	1	1	Church boards and churches, Kropyvnytsky	1869-1884	метрична книга|народження	2	ДАКрО-802-1-1
802	1	2	Church boards and churches, Kropyvnytsky	1898-1905	метрична книга|народження|смерть|шлюб	2	ДАКрО-802-1-2
802	1	3	Church boards and churches, Kropyvnytsky	1906-1908	метрична книга|народження|смерть|шлюб	2	ДАКрО-802-1-3
802	1	4	Church boards and churches, Kropyvnytsky	1909-1913	метрична книга|народження|смерть|шлюб	2	ДАКрО-802-1-4
802	1	5	Church boards and churches, Kropyvnytsky	1914-1917	метрична книга|народження|смерть|шлюб	2	ДАКрО-802-1-5
803	1	1	Church boards and churches, Kropyvnytsky	1839-1861	метрична книга|народження|смерть	2	ДАКрО-803-1-1
803	1	2	Church boards and churches, Kropyvnytsky	1854-1859	метрична книга|народження	2	ДАКрО-803-1-2
803	1	3	Church boards and churches, Kropyvnytsky	1890-1902	метрична книга|народження|шлюб	2	ДАКрО-803-1-3
803	1	4	Church boards and churches, Kropyvnytsky	1909-1911	метрична книга|народження|смерть|шлюб	2	ДАКрО-803-1-4
803	1	5	Church boards and churches, Kropyvnytsky	1913-1913	метрична книга|народження|смерть|шлюб	2	ДАКрО-803-1-5
803	1	6	Church boards and churches, Kropyvnytsky	1918-1920	метрична книга|народження|смерть|шлюб	2	ДАКрО-803-1-6
804	1	1	Метричні книги Православних церков	1895-1902	метрична книга|народження|смерть|шлюб	2	ДАКрО-804-1-1
805	1	1	Church boards and churches, Kropyvnytsky	1866-1904	метрична книга|народження	2	ДАКрО-805-1-1
805	1	2	Church boards and churches, Kropyvnytsky	1877-1887	метрична книга|смерть	2	ДАКрО-805-1-2
805	1	3	церковні документи	1884-1904	метрична книга|смерть|шлюб	2	ДАКрО-805-1-3
805	1	4	Church boards and churches, Kropyvnytsky	1906-1908	метрична книга|народження|смерть|шлюб	2	ДАКрО-805-1-4
807	1	1	Метричні книги Православних церков	1894-1902	метрична книга|народження|смерть|шлюб	2	ДАКрО-807-1-1
809	1	1	Метричні книги Православних церков	1870-1871	метрична книга|народження|смерть|шлюб	2	ДАКрО-809-1-1
809	1	2	Метричні книги Православних церков	1872-1874	метрична книга|народження|смерть|шлюб	2	ДАКрО-809-1-2
809	1	3	Метричні книги Православних церков	1875-1877	метрична книга|народження|смерть|шлюб	2	ДАКрО-809-1-3
809	1	4	Метричні книги Православних церков	1883-1894	метрична книга|народження|смерть|шлюб	2	ДАКрО-809-1-4
809	1	5	Метричні книги Православних церков	1884-1888	метрична книга|шлюб	2	ДАКрО-809-1-5
809	1	6	Метричні книги Православних церков	1889-1892	метрична книга|шлюб	2	ДАКрО-809-1-6
809	1	7	Метричні книги Православних церков	1900-1902	метрична книга|народження|смерть|шлюб	2	ДАКрО-809-1-7
809	1	8	Метричні книги Православних церков	1909-1911	метрична книга|народження|шлюб	2	ДАКрО-809-1-8
809	1	8527	Метрична книга. Церква Святого Миколая, с. Черниківка (Казарня) Олександрійського пов.Суботцівської вол.	1909-1911	метрична книга|смерть	0	ДАКрО-809-1-8527
810	1	1	Метричні книги Православних церков	1897-1903	метрична книга|народження|смерть|шлюб	2	ДАКрО-810-1-1
810	1	2	Метричні книги Православних церков	1904-1907	метрична книга|народження|смерть|шлюб	2	ДАКрО-810-1-2
810	1	3	Метричні книги Православних церков	1908-1912	метрична книга|народження|смерть|шлюб	2	ДАКрО-810-1-3
810	1	4	Метричні книги Православних церков	1913-1914	метрична книга|народження|смерть|шлюб	2	ДАКрО-810-1-4
810	1	5	Метричні книги Православних церков	1915-1920	метрична книга|народження|смерть|шлюб	2	ДАКрО-810-1-5
811	1	1	Метричні книги Православних церков	1870-1871	метрична книга|народження|смерть|шлюб	2	ДАКрО-811-1-1
811	1	10	Метричні книги Православних церков	1908-1909	метрична книга|народження|смерть|шлюб	2	ДАКрО-811-1-10
811	1	11	Метричні книги Православних церков	1910-1912	метрична книга|народження|смерть|шлюб	2	ДАКрО-811-1-11
811	1	12	Метричні книги Православних церков	1913-1914	метрична книга|народження|смерть|шлюб	2	ДАКрО-811-1-12
811	1	13	Метричні книги Православних церков	1915-1917	метрична книга|народження|смерть|шлюб	2	ДАКрО-811-1-13
811	1	14	Метричні книги Православних церков	1918-1920	метрична книга|народження|смерть|шлюб	2	ДАКрО-811-1-14
811	1	2	Метричні книги Православних церков	1872-1873	метрична книга|народження|смерть|шлюб	2	ДАКрО-811-1-2
811	1	3	Метричні книги Православних церков	1874-1875	метрична книга|народження|смерть|шлюб	2	ДАКрО-811-1-3
811	1	4	Метричні книги Православних церков	1878-1878	метрична книга|смерть|шлюб	2	ДАКрО-811-1-4
811	1	4А	Метричні книги Православних церков	1879-1879	метрична книга|смерть|шлюб	1	ДАКрО-811-1-4А
811	1	4Б	Метричні книги Православних церков	1880-1886		1	ДАКрО-811-1-4Б
811	1	5	Метричні книги Православних церков	1887-1888	метрична книга|народження|смерть|шлюб	2	ДАКрО-811-1-5
811	1	5А	Метричні книги Православних церков	1889-1891	метрична книга|народження|смерть|шлюб	1	ДАКрО-811-1-5А
811	1	5Б	Метричні книги Православних церков	1892-1892	метрична книга|народження|смерть|шлюб	1	ДАКрО-811-1-5Б
811	1	5В	Метричні книги Православних церков	1894-1895	метрична книга|народження|смерть|шлюб	1	ДАКрО-811-1-5В
811	1	5Г	Метричні книги Православних церков	1900-1900	метрична книга|народження|смерть|шлюб	1	ДАКрО-811-1-5Г
811	1	6	Метричні книги Православних церков	1897-1898	метрична книга|народження|смерть|шлюб	2	ДАКрО-811-1-6
811	1	7	Метричні книги Православних церков	1901-1902	метрична книга|народження|смерть|шлюб	2	ДАКрО-811-1-7
811	1	8	Метричні книги Православних церков	1903-1905	метрична книга|народження|смерть|шлюб	2	ДАКрО-811-1-8
811	1	9	Метричні книги Православних церков	1906-1907	метрична книга|народження|смерть|шлюб	2	ДАКрО-811-1-9
812	1	1	Метричні книги Православних церков	1899-1900	метрична книга|народження|смерть|шлюб	2	ДАКрО-812-1-1
812	1	2	Метричні книги Православних церков	1901-1904	метрична книга|народження|смерть|шлюб	2	ДАКрО-812-1-2
812	1	3	Метричні книги Православних церков	1906-1909	метрична книга|народження|смерть|шлюб	2	ДАКрО-812-1-3
812	1	4	Метричні книги Православних церков	1911-1913	метрична книга|народження|смерть|шлюб	2	ДАКрО-812-1-4
812	1	5	Метричні книги Православних церков	1914-1916	метрична книга|народження|смерть|шлюб	2	ДАКрО-812-1-5
813	1	1	Метричні книги Православних церков	1895-1899	метрична книга|народження|смерть|шлюб	2	ДАКрО-813-1-1
813	1	2	Метричні книги Православних церков	1900-1909	метрична книга|народження|смерть|шлюб	2	ДАКрО-813-1-2
813	1	3	Church boards and churches, Kropyvnytsky	1852-1864	метрична книга|народження|смерть|шлюб	2	ДАКрО-813-1-3
813	1	4	Метричні книги Православних церков	1912-1916	метрична книга|народження|смерть|шлюб	2	ДАКрО-813-1-4
814	1	1	Метричні книги Православних церков	1906-1912	метрична книга|народження|смерть|шлюб	2	ДАКрО-814-1-1
814	1	2	Метричні книги Православних церков	1913-1919	метрична книга|народження|смерть|шлюб	2	ДАКрО-814-1-2
815	1	1	Метричні книги Православних церков	1908-1912	метрична книга|народження|шлюб	2	ДАКрО-815-1-1
815	1	1А	Метричні книги Православних церков	1904-1907	метрична книга|народження|смерть|шлюб	1	ДАКрО-815-1-1А
815	1	2	Метричні книги Православних церков	1913-1914	метрична книга|народження|смерть|шлюб	2	ДАКрО-815-1-2
815	1	3	Метричні книги Православних церков	1915-1920	метрична книга|народження|смерть|шлюб	2	ДАКрО-815-1-3
816	1	1	Метричні книги Православних церков	1906-1909	метрична книга|народження|смерть|шлюб	2	ДАКрО-816-1-1
817	1	1	Метричні книги Православних церков	1910-1913	метрична книга|народження|смерть|шлюб	2	ДАКрО-817-1-1
817	1	2	Метричні книги Православних церков	1914-1917	метрична книга|народження|смерть|шлюб	2	ДАКрО-817-1-2
818	1	1	Метричні книги Православних церков	1902-1914	метрична книга|народження|смерть|шлюб	2	ДАКрО-818-1-1
818	1	2	Метричні книги Православних церков	1915-1916	метрична книга|народження|смерть|шлюб	2	ДАКрО-818-1-2
818	1	3	Метричні книги Православних церков	1917-1918	метрична книга|народження|смерть|шлюб	2	ДАКрО-818-1-3
819	1	1	Метричні книги Православних церков	1899-1899	метрична книга|народження|смерть	2	ДАКрО-819-1-1
819	1	2	Метричні книги Православних церков	1900-1906	метрична книга|народження|смерть|шлюб	2	ДАКрО-819-1-2
819	1	3	Метричні книги Православних церков	1903-1905	метрична книга|народження|смерть|шлюб	2	ДАКрО-819-1-3
819	1	4	Метричні книги Православних церков	1907-1909	метрична книга|народження|смерть|шлюб	2	ДАКрО-819-1-4
819	1	5	Метричні книги Православних церков	1910-1912	метрична книга|народження|смерть|шлюб	2	ДАКрО-819-1-5
819	1	6	Метричні книги Православних церков	1915-1915	метрична книга|народження|смерть|шлюб	2	ДАКрО-819-1-6
819	1	7	Метричні книги Православних церков	1913-1917	метрична книга|народження|смерть|шлюб	2	ДАКрО-819-1-7
819	1	7528	Метрична книга. Церква Іоанна Богослова, с. Миколаївка (Бурдзинковка, Миколо-Бурдаєн-ківка) Олександрійського пов. Братолюбівської вол.	1916-1917	метрична книга|народження	0	ДАКрО-819-1-7528
820	1	1	Метричні записи Православних церков	1911-1914	метрична книга|народження|смерть|шлюб	2	ДАКрО-820-1-1
821	1	2	Church boards and churches, Kropyvnytsky	1858-1905	метрична книга|народження|смерть|шлюб	2	ДАКрО-821-1-2
821	1	3	Church boards and churches, Kropyvnytsky	1869-1903	метрична книга|народження|шлюб	2	ДАКрО-821-1-3
821	1	4	Church boards and churches, Kropyvnytsky	1906-1908	метрична книга|народження|смерть|шлюб	2	ДАКрО-821-1-4
821	1	5	Church boards and churches, Kropyvnytsky	1908-1912	метрична книга|народження|смерть|шлюб	2	ДАКрО-821-1-5
821	1	6	Метричні книги Православних церков	1913-1913	метрична книга|народження|смерть|шлюб	2	ДАКрО-821-1-6
822	1	1	Метричні книги Православних церков	1915-1915	метрична книга|народження|смерть	2	ДАКрО-822-1-1
823	1	1	Метричні книги Православних церков	1909-1915	метрична книга|народження|смерть|шлюб	2	ДАКрО-823-1-1
823	1	1А	Метричні книги Православних церков	1877-1888	метрична книга|народження|смерть|шлюб	1	ДАКрО-823-1-1А
823	1	1Б	Метричні книги Православних церков	1881-1885	метрична книга|народження|смерть|шлюб	1	ДАКрО-823-1-1Б
823	1	1В	Метричні книги Православних церков	1899-1900	метрична книга|народження|шлюб	1	ДАКрО-823-1-1В
823	1	2	Метричні книги Православних церков	1901-1918	метрична книга|народження|смерть|шлюб	2	ДАКрО-823-1-2
823	1	3	Метричні книги Православних церков	1916-1916	метрична книга|народження|смерть|шлюб	2	ДАКрО-823-1-3
823	1	4	Метричні книги Православних церков	1917-1917	метрична книга|народження	2	ДАКрО-823-1-4
823	1	5	Метричні книги Православних церков	1919-1919	метрична книга|народження|шлюб	2	ДАКрО-823-1-5
823	1	5529	Метрична книга. Церква Покрови Пресвятої Богородиці, с. Щасливе Олександрійського пов.Куколівської вол.	1919-1919	метрична книга|смерть	0	ДАКрО-823-1-5529
824	1	1	Метричні книги Православних церков	1914-1914	метрична книга|народження|смерть	3	ДАКрО-824-1-1
824	1	1492	Метрична книга. Свято-Стефанівська церква, с. Паліївка Єлисаветградського пов. Маловис-ківської вол.	1914-1914	метрична книга|шлюб	0	ДАКрО-824-1-1492
825	1	1	Метричні книги Православних церков	1914-1919	метрична книга|народження|смерть|шлюб	2	ДАКрО-825-1-1
826	1	1	Метрична книга реєстрації актів про народження та смерть, 1914-1917рр., 02.01.1914-13.03.1917, 65 арк.	1914-1917	метрична книга|народження|смерть	0	ДАКрО-826-1-1
827	1	1	Church boards and churches, Kropyvnytsky	1915-1917	метрична книга|народження|смерть	2	ДАКрО-827-1-1
828	1	1	Church boards and churches, Kropyvnytsky	1917-1917	метрична книга|народження	2	ДАКрО-828-1-1
829	1	1	Метричні книги Православних церков	1918-1918	метрична книга|народження|смерть|шлюб	2	ДАКрО-829-1-1
830	1	1	Church boards and churches, Kropyvnytsky	1918-1918	метрична книга|народження|смерть|шлюб	2	ДАКрО-830-1-1
830	1	2	Church boards and churches, Kropyvnytsky	1919-1919	метрична книга|народження	2	ДАКрО-830-1-2
831	1	1	Church boards and churches, Kropyvnytsky	1918-1918	метрична книга|народження|шлюб	2	ДАКрО-831-1-1
831	1	2	Church boards and churches, Kropyvnytsky	1891-1919	метрична книга|народження|шлюб	2	ДАКрО-831-1-2
832	1	1	Church boards and churches, Kropyvnytsky	1919-1919	метрична книга|народження|смерть	2	ДАКрО-832-1-1
833	1	1	Church boards and churches, Kropyvnytsky	1919-1919	метрична книга|смерть	2	ДАКрО-833-1-1
834	1	1	Метричні книги Євангелічно-Лютеранських церков	1858-1888	метрична книга|народження	2	ДАКрО-834-1-1
834	1	2	Church boards and churches, Kropyvnytsky	1859-1889	метрична книга|шлюб	2	ДАКрО-834-1-2
834	1	3	Church boards and churches, Kropyvnytsky	1859-1891	метрична книга|смерть	2	ДАКрО-834-1-3
834	1	4	Church boards and churches, Kropyvnytsky	1889-1920	метрична книга|шлюб	2	ДАКрО-834-1-4
834	1	5	Метричні книги Євангелічно-Лютеранських церков	1889-1921	метрична книга|народження	2	ДАКрО-834-1-5
834	1	6	Church boards and churches, Kropyvnytsky	1892-1921	метрична книга|шлюб	2	ДАКрО-834-1-6
834	1	7	Church boards and churches, Kropyvnytsky	1892-1921		2	ДАКрО-834-1-7
834	1	8	Метричні книги Євангелічно-Лютеранських церков	1904-1921		2	ДАКрО-834-1-8
836	1	1	Church boards and churches, Kropyvnytsky	1872-1892	метрична книга|народження|смерть|шлюб	2	ДАКрО-836-1-1
837	1	1	Метричні книги Православних церков	1877-1902	метрична книга|народження|смерть|шлюб	2	ДАКрО-837-1-1
838	1	1	Church boards and churches, Kropyvnytsky	1918-1919	метрична книга|народження|смерть|шлюб	2	ДАКрО-838-1-1
839	1	1	Church boards and churches, Kropyvnytsky	1844-1872	метрична книга|народження	2	ДАКрО-839-1-1
840	1	1	Метричні книги Православних церков Військові навчальні заклади	1862-1870	метрична книга|народження|смерть|шлюб	2	ДАКрО-840-1-1
840	1	2	Метричні книги Православних церков Військові навчальні заклади	1874-1876	метрична книга|народження|смерть|шлюб	2	ДАКрО-840-1-2
840	1	3	Метричні книги Православних церков Військові навчальні заклади	1877-1879	метрична книга|народження|смерть|шлюб	2	ДАКрО-840-1-3
840	1	4	Метричні книги Православних церков Військові навчальні заклади	1883-1884	метрична книга|народження|смерть|шлюб	2	ДАКрО-840-1-4
841	1	1	Church boards and churches, Kropyvnytsky	1914-1917	метрична книга|смерть	2	ДАКрО-841-1-1
842	1	1	Church boards and churches, Kropyvnytsky	1851-1851	метрична книга|народження|смерть|шлюб	2	ДАКрО-842-1-1
843	1	1	Church boards and churches, Kropyvnytsky	1851-1851	метрична книга|народження|смерть|шлюб	2	ДАКрО-843-1-1
844	1	1	Church boards and churches, Kropyvnytsky	1851-1851	метрична книга|народження|смерть|шлюб	2	ДАКрО-844-1-1
850	1	1	Метричні книги Православних церков Єдиновірці	1907-1907,1910-1910,1913-1913,1915-1916,1921-1921	метрична книга|народження|смерть|шлюб	2	ДАКрО-850-1-1
850	1	2	Метричні книги Православних церков	1911-1914	метрична книга|народження|смерть|шлюб	2	ДАКрО-850-1-2
851	1	1	Метрична книга Свято-Покровської церкви с. Лазаропіль Олександрійського повіту	1914-1916	метрична книга|народження|смерть|шлюб	3	ДАКрО-851-1-1
851	1	2	Метрична книга Свято-Покровської церкви с. Лазаропіль Олександрійського повіту	1917-1918	метрична книга|народження|смерть|шлюб	3	ДАКрО-851-1-2
851	1	3	Church boards and churches, Kropyvnytsky	1919-1921	метрична книга|народження|смерть|шлюб	3	ДАКрО-851-1-3
852	1	1	Метричні книги Православних церков  Церковні документи	1907-1918	метрична книга|народження|смерть|шлюб|шлюбні обшуки	2	ДАКрО-852-1-1
852	1	2	Метричні книги Православних церков	1920-1927	метрична книга|народження|смерть|шлюб	2	ДАКрО-852-1-2
853	1	1	Метричні книги Православних церков	1910-1916	метрична книга|народження|смерть|шлюб	2	ДАКрО-853-1-1
854	1	1	Метричні книги Православних церков	1903-1924	метрична книга|народження	2	ДАКрО-854-1-1
855	1	1	Метричні книги Православних церков	1913-1916	метрична книга|народження|смерть|шлюб	2	ДАКрО-855-1-1
856	1	1	Church boards and churches, Kropyvnytsky	1876-1878	метрична книга|народження|смерть|шлюб	2	ДАКрО-856-1-1
856	1	10	Метричні книги Православних церков	1900-1900	метрична книга|народження|смерть|шлюб	2	ДАКрО-856-1-10
856	1	11	Метричні книги Православних церков	1902-1903	метрична книга|народження|смерть|шлюб	2	ДАКрО-856-1-11
856	1	12	Метричні книги Православних церков	1903-1904	метрична книга|народження|смерть|шлюб	2	ДАКрО-856-1-12
856	1	13	Метричні книги Православних церков	1905-1906	метрична книга|народження|смерть|шлюб	2	ДАКрО-856-1-13
856	1	14	Метричні книги Православних церков	1907-1908	метрична книга|народження|смерть|шлюб	2	ДАКрО-856-1-14
856	1	15	Метричні книги Православних церков	1909-1909	метрична книга|народження|смерть|шлюб	2	ДАКрО-856-1-15
856	1	16	Метричні книги Православних церков	1910-1910	метрична книга|народження|смерть|шлюб	2	ДАКрО-856-1-16
856	1	17	Метричні книги Православних церков	1911-1912	метрична книга|народження|смерть|шлюб	2	ДАКрО-856-1-17
856	1	18	Метричні книги Православних церков	1913-1914	метрична книга|народження|смерть|шлюб	2	ДАКрО-856-1-18
856	1	19	Метрична книга. Церква Покрови Пресвятої Богородиці, с. Тишківка Єлисаветградського пов.Тишківської вол.	1915-1916	метрична книга|смерть|шлюб	2	ДАКрО-856-1-19
856	1	2	Метричні книги Православних церков	1879-1879	метрична книга|народження|смерть|шлюб	2	ДАКрО-856-1-2
856	1	3	Метричні книги Православних церков	1881-1883	метрична книга|народження|смерть|шлюб	2	ДАКрО-856-1-3
856	1	4	Метричні книги Православних церков	1884-1886	метрична книга|народження|смерть|шлюб	2	ДАКрО-856-1-4
856	1	5	Метричні книги Православних церков	1888-1889	метрична книга|народження|смерть|шлюб	2	ДАКрО-856-1-5
856	1	6	Метричні книги Православних церков	1890-1892	метрична книга|народження|смерть|шлюб	2	ДАКрО-856-1-6
856	1	7	Метричні книги Православних церков	1893-1895	метрична книга|народження|смерть|шлюб	2	ДАКрО-856-1-7
856	1	8	Метричні книги Православних церков	1896-1897	метрична книга|народження|смерть|шлюб	2	ДАКрО-856-1-8
856	1	9	Метричні книги Православних церков	1898-1899	метрична книга|народження|смерть|шлюб	2	ДАКрО-856-1-9
857	1	1	Метричні книги Православних церков	1885-1893	метрична книга|народження|смерть|шлюб	2	ДАКрО-857-1-1
857	1	2	Метричні книги Православних церков	1917-1917	метрична книга|народження|смерть|шлюб	2	ДАКрО-857-1-2
97	1	1	Метричні книги Православних церков	1826-1831	метрична книга|народження|смерть|шлюб	1	ДАКрО-97-1-1
97	1	10	Метричні книги Православних церков	1851-1851	метрична книга|народження|смерть|шлюб	1	ДАКрО-97-1-10
97	1	11	Метричні книги Православних церков	1852-1852	метрична книга|народження|смерть|шлюб	1	ДАКрО-97-1-11
97	1	12	Метрична книга реєстрації актів про народження, шлюб та померлих. Церква Покрови Пресвятої Богородиці, церква Святого Симеона, с. Красносілля Олександрійського повіту Херсонської губернії.	1853-1854	метрична книга|смерть|шлюб	2	ДАКрО-97-1-12
97	1	13	Метричні книги Православних церков Військові поселення	1855-1855	метрична книга|народження|смерть|шлюб	1	ДАКрО-97-1-13
97	1	14	Метрична книга реєстрації актів про народження, шлюб та померлих. Церква Покрови Пресвятої Богородиці, церква Святого Симеона, с. Красносілля Олександрійського повіту Херсонської губернії.	1856-1856	метрична книга|народження|смерть|шлюб	2	ДАКрО-97-1-14
97	1	15	Метричні книги Православних церков	1857-1857	метрична книга|народження|смерть|шлюб	1	ДАКрО-97-1-15
97	1	16	Метрична книга реєстрації актів про народження, шлюб та померлих та сповідальна книга за 1861р. Церква Покрови Пресвятої Богородиці, церква Святого Симеона, с. Красносілля Олександрійського повіту Херсонської губернії.	1856-1856,1858-1861	метрична книга|народження|смерть|сповідальні відомості|шлюб	2	ДАКрО-97-1-16
97	1	17	Метрична книга реєстрації актів про народження, шлюб та померлих. Церква Покрови Пресвятої Богородиці, церква Святого Симеона, с. Красносілля Олександрійського повіту Херсонської губернії.	1861-1863	метрична книга|народження|смерть|шлюб	2	ДАКрО-97-1-17
97	1	18	Книга обшуку. Церква Покрови Пресвятої Богородиці, церква Святого Симеона, с. Красносілля Олександрійського повіту	1840-1852	метрична книга|сповідальні відомості	2	ДАКрО-97-1-18
97	1	19	Church boards and churches, Kropyvnytsky	1853-1856	метрична книга|сповідальні відомості	1	ДАКрО-97-1-19
97	1	2	Метричні книги Православних церков	1802-1812	метрична книга|народження|смерть|шлюб	1	ДАКрО-97-1-2
97	1	20	Церковні документи	1851-1852	метрична книга|сповідальні відомості	1	ДАКрО-97-1-20
97	1	21	Church boards and churches, Kropyvnytsky	1857-1859	метрична книга|сповідальні відомості	1	ДАКрО-97-1-21
97	1	22	Книга шлюбного обшуку. Церква Покрови Пресвятої Богородиці, церква Святого Симеона, с. Красносілля Олександрійського повіту Кременчуцької губернії.	1860-1869	метрична книга|сповідальні відомості	2	ДАКрО-97-1-22
97	1	23	Церковні документи	1892-1904	метрична книга|сповідальні відомості	1	ДАКрО-97-1-23
97	1	24	Church boards and churches, Kropyvnytsky	1874-1874	метрична книга|сповідальні відомості	1	ДАКрО-97-1-24
97	1	25	Church boards and churches, Kropyvnytsky	1872-1872	метрична книга|сповідальні відомості	1	ДАКрО-97-1-25
97	1	26	Церковні документи	1880-1880	метрична книга|сповідальні відомості	1	ДАКрО-97-1-26
97	1	27	Church boards and churches, Kropyvnytsky	1884-1884	метрична книга|сповідальні відомості	1	ДАКрО-97-1-27
97	1	28	Church boards and churches, Kropyvnytsky	1886-1888	метрична книга|сповідальні відомості	1	ДАКрО-97-1-28
97	1	29	Книга шлюбного обшуку. Церква Покрови Пресвятої Богородиці, церква Святого Симеона, с. Красносілля Олександрійського повіту Кременчуцької губернії.	1888-1893	метрична книга|сповідальні відомості	2	ДАКрО-97-1-29
97	1	3	Метричні книги Православних церков. Бугские уланские полки	1818-1840	метрична книга|народження|смерть|шлюб	1	ДАКрО-97-1-3
97	1	30	Метричні книги Православних церков	1790-1801	метрична книга|народження|смерть|шлюб	1	ДАКрО-97-1-30
97	1	31	Church boards and churches, Kropyvnytsky	1893-1894	метрична книга|сповідальні відомості	1	ДАКрО-97-1-31
97	1	32	Church boards and churches, Kropyvnytsky	1895-1895	метрична книга|сповідальні відомості	1	ДАКрО-97-1-32
97	1	33	Церковні документи	1897-1899	метрична книга|сповідальні відомості	1	ДАКрО-97-1-33
97	1	34	Church boards and churches, Kropyvnytsky	1899-1902	метрична книга|сповідальні відомості	1	ДАКрО-97-1-34
97	1	35	Church boards and churches, Kropyvnytsky	1875-1875	метрична книга|сповідальні відомості	1	ДАКрО-97-1-35
97	1	36	Книга шлюбного обшуку. Церква Покрови Пресвятої Богородиці, церква Святого Симеона, с. Красносілля Олександрійського повіту Кременчуцької губернії.	1904-1911	метрична книга|сповідальні відомості	2	ДАКрО-97-1-36
97	1	37	Church boards and churches, Kropyvnytsky	1905-1908		1	ДАКрО-97-1-37
97	1	38	Книга шлюбного обшуку. Церква Покрови Пресвятої Богородиці, церква Святого Симеона, с. Красносілля Олександрійського повіту Кременчуцької губернії.	1910-1914		2	ДАКрО-97-1-38
97	1	39	Книга шлюбного обшуку. Церква Покрови Пресвятої Богородиці, церква Святого Симеона, с. Красносілля Олександрійського повіту Кременчуцької губернії.	1915-1919	метрична книга|сповідальні відомості	2	ДАКрО-97-1-39
97	1	4	Метрична книга реєстрації актів про народження, шлюб та померлих. Церква Покрови Пресвятої Богородиці, церква Святого Симеона, с. Красносілля Олександрійського повіту Херсонської губернії.	1832-1838	метрична книга|народження|смерть|шлюб	2	ДАКрО-97-1-4
97	1	40	Church boards and churches, Kropyvnytsky	1919-1921	метрична книга|сповідальні відомості	1	ДАКрО-97-1-40
97	1	41	Книга указів. Церква Покрови Пресвятої Богородиці, церква Святого Симеона, с. Красносілля Олександрійського повіту Кременчуцької губернії.	1818-1824		2	ДАКрО-97-1-41
97	1	42	Church boards and churches, Kropyvnytsky	1845-1853		1	ДАКрО-97-1-42
97	1	43	Церковні документи	1854-1859		1	ДАКрО-97-1-43
97	1	44	Church boards and churches, Kropyvnytsky	1822-1833		1	ДАКрО-97-1-44
97	1	45	Метричні книги Православних церков	1866-1868	метрична книга|народження|смерть|шлюб	1	ДАКрО-97-1-45
97	1	46	Книга реєстрації актів про народження, шлюб та смерть Херсонської духовної консисторії Семенівської церкви с. Красносілля Олександрійського повіту Херсонської єпархії.	1867-1881	метрична книга|народження|смерть|шлюб	2	ДАКрО-97-1-46
97	1	47	Книга реєстрації актів про народження, шлюб та смерть Херсонської духовної консисторії Семенівської церкви с. Красносілля Олександрійського повіту Херсонської єпархії.	1868-1897	метрична книга|народження|смерть|шлюб	2	ДАКрО-97-1-47
97	1	48	Книга реєстрації актів про народження, шлюб та смерть Херсонської духовної консисторії Семенівської церкви с. Красносілля Олександрійського повіту Херсонської єпархії.	1869-1871	метрична книга|народження|смерть|шлюб	2	ДАКрО-97-1-48
97	1	49	Книга реєстрації актів про народження, шлюб та смерть Херсонської духовної консисторії Семенівської церкви с. Красносілля Олександрійського повіту Херсонської єпархії.	1872-1873	метрична книга|народження|смерть|шлюб	2	ДАКрО-97-1-49
97	1	5	Church boards and churches, Kropyvnytsky	1838-1838	метрична книга|народження|шлюб	1	ДАКрО-97-1-5
97	1	50	Книга реєстрації актів про народження, шлюб та смерть Херсонської духовної консисторії Семенівської церкви с. Красносілля Олександрійського повіту Херсонської єпархії.	1874-1877	метрична книга|народження|смерть|шлюб	2	ДАКрО-97-1-50
97	1	51	Книга реєстрації актів про народження, шлюб та смерть Херсонської духовної консисторії Семенівської церкви с. Красносілля Олександрійського повіту Херсонської єпархії.	1884-1888	метрична книга|народження|смерть|шлюб	2	ДАКрО-97-1-51
97	1	52	Church boards and churches, Kropyvnytsky	1888-1888	метрична книга|смерть	1	ДАКрО-97-1-52
97	1	53	Книга реєстрації актів про народження, шлюб та смерть Херсонської духовної консисторії Семенівської церкви с. Красносілля Олександрійського повіту Херсонської єпархії.	1889-1891	метрична книга|народження|смерть|шлюб	2	ДАКрО-97-1-53
97	1	54	Книга реєстрації актів про народження, шлюб та смерть Херсонської духовної консисторії Семенівської церкви с. Красносілля Олександрійського повіту Херсонської єпархії.	1891-1892	метрична книга|народження|смерть|шлюб	2	ДАКрО-97-1-54
97	1	55	Книга реєстрації актів про народження, шлюб та смерть Херсонської духовної консисторії Семенівської церкви с. Красносілля Олександрійського повіту Херсонської єпархії.	1892-1894	метрична книга|народження|смерть|шлюб	2	ДАКрО-97-1-55
97	1	56	Книга реєстрації актів про народження, шлюб та смерть Херсонської духовної консисторії Семенівської церкви с. Красносілля Олександрійського повіту Херсонської єпархії.	1897-1899	метрична книга|народження|смерть|шлюб	2	ДАКрО-97-1-56
97	1	57	Книга реєстрації актів про народження, шлюб та смерть Херсонської духовної консисторії Семенівської церкви с. Красносілля Олександрійського повіту Херсонської єпархії.	1900-1902	метрична книга|народження|смерть|шлюб	2	ДАКрО-97-1-57
97	1	58	Книга реєстрації актів про народження, шлюб та смерть Херсонської духовної консисторії Семенівської церкви с. Красносілля Олександрійського повіту Херсонської єпархії.	1903-1905	метрична книга|народження|смерть|шлюб	2	ДАКрО-97-1-58
97	1	59	Книга реєстрації актів про народження, шлюб та смерть Херсонської духовної консисторії Семенівської церкви с. Красносілля Олександрійського повіту Херсонської єпархії.	1903-1905,1906-1909	метрична книга|народження|смерть|шлюб	2	ДАКрО-97-1-59
97	1	6	Метрична книга реєстрації актів про народження, шлюб та померлих. Церква Покрови Пресвятої Богородиці, церква Святого Симеона, с. Красносілля Олександрійського повіту Херсонської губернії.	1843-1847,1918-1919	метрична книга|народження|смерть|шлюб	2	ДАКрО-97-1-6
97	1	60	Метричні книги Православних церков	1888-1888	метрична книга|народження	1	ДАКрО-97-1-60
97	1	61	Church boards and churches, Kropyvnytsky	1910-1911	метрична книга|народження|смерть	1	ДАКрО-97-1-61
97	1	62	Книга реєстрації актів про народження, шлюб та смерть Херсонської духовної консисторії Семенівської церкви с. Красносілля Олександрійського повіту Херсонської єпархії.	1910-1911	метрична книга|смерть|шлюб	2	ДАКрО-97-1-62
97	1	63	Книга реєстрації актів про народження, шлюб та смерть Херсонської духовної консисторії Свято-Покровської церкви с. Красносілля Олександрійського повіту Херсонської єпархії.	1910-1911	метрична книга|народження|смерть|шлюб	2	ДАКрО-97-1-63
97	1	64	Книга реєстрації актів про народження, шлюб та смерть Херсонської духовної консисторії Свято-Покровської церкви с. Красносілля Олександрійського повіту Херсонської єпархії.	1912-1914	метрична книга|народження|смерть|шлюб	2	ДАКрО-97-1-64
97	1	65	Книга реєстрації актів про народження, шлюб та смерть Херсонської духовної консисторії Семенівської церкви с. Красносілля Олександрійського повіту Херсонської єпархії.	1912-1914	метрична книга|народження|смерть|шлюб	2	ДАКрО-97-1-65
97	1	66	Метричні книги Православних церков	1915-1915	метрична книга|народження|смерть|шлюб	1	ДАКрО-97-1-66
97	1	67	Книга реєстрації актів про народження, шлюб та смерть Херсонської духовної консисторії Свято-Покровської церкви с. Красносілля Олександрійського повіту Херсонської єпархії.	1915-1917	метрична книга|народження|смерть|шлюб	2	ДАКрО-97-1-67
97	1	68	Книга реєстрації актів про народження, шлюб та смерть Херсонської духовної консисторії Свято-Покровської церкви с. Красносілля Олександрійського повіту Херсонської єпархії.	1918-1919	метрична книга|народження|смерть|шлюб	2	ДАКрО-97-1-68
97	1	69	Метричні книги Православних церков	1919-1919	метрична книга|народження|смерть|шлюб	1	ДАКрО-97-1-69
97	1	7	Метричні книги Православних церков Військові поселення	1848-1848	метрична книга|народження|смерть|шлюб	1	ДАКрО-97-1-7
97	1	8	Метричні книги Православних церков	1849-1849	метрична книга|народження|смерть|шлюб	1	ДАКрО-97-1-8
97	1	9	Метричні книги Православних церков	1850-1850	метрична книга|народження|смерть|шлюб	1	ДАКрО-97-1-9
