426	1	1	Метрична книга. Костел, с. Білозірка Кременецького пов.	1872-1872	метрична книга|народження|смерть|шлюб	0	ДАТО-426-1-1
426	1	10	Метрична книга. Костел Св. Станіслава, м. Кременець Кременецького пов.; Костел Св. Станіслава, с. Вишнівець Кременецького пов.; Костел Св. Тройці, с. Шумбар Кременецького пов.	1915-1915	метрична книга|народження|смерть|шлюб	0	ДАТО-426-1-10
426	1	100	Метрична книга. Костел Св. Станіслава, м. Кременець Кременецького пов.	1865-1869	метрична книга|народження|смерть|шлюб	0	ДАТО-426-1-100
426	1	101	Метрична книга. Костел Св. Станіслава, м. Кременець Кременецького пов.	1864-1865	метрична книга|народження|смерть|шлюб	0	ДАТО-426-1-101
426	1	102	Метрична книга. Костел Св. Станіслава, м. Кременець Кременецького пов.	1866-1869	метрична книга|народження|смерть|шлюб	0	ДАТО-426-1-102
426	1	103	Метрична книга. Костел Св. Станіслава, м. Кременець Кременецького пов.	1865-1866	метрична книга|народження|смерть|шлюб	0	ДАТО-426-1-103
426	1	104	Метрична книга. Костел Св. Станіслава, м. Кременець Кременецького пов.	1866-1867	метрична книга|народження|смерть|шлюб	0	ДАТО-426-1-104
426	1	105	Метрична книга. Костел Св. Станіслава, м. Кременець Кременецького пов.	1868-1872	метрична книга|народження|смерть|шлюб	0	ДАТО-426-1-105
426	1	106	Метрична книга. Костел Св. Станіслава, м. Кременець Кременецького пов.	1868-1868	метрична книга|народження|смерть|шлюб	0	ДАТО-426-1-106
426	1	107	Метрична книга. Костел Св. Станіслава, м. Кременець Кременецького пов.	1869-1870	метрична книга|народження|смерть|шлюб	0	ДАТО-426-1-107
426	1	108	Метрична книга. Костел Св. Станіслава, м. Кременець Кременецького пов.	1869-1869	метрична книга|народження|смерть|шлюб	0	ДАТО-426-1-108
426	1	109	Метрична книга. Костел Св. Станіслава, м. Кременець Кременецького пов.	1872-1873	метрична книга|народження|смерть|шлюб	0	ДАТО-426-1-109
426	1	11	Метрична книга. Костел Св. Станіслава, м. Кременець Кременецького пов.; Костел Св. Станіслава, с. Вишнівець Кременецького пов.; Костел Св. Тройці, с. Шумбар Кременецького пов.; Костел, с. Радивилів Кременецького пов.	1914-1914	метрична книга|народження|смерть|шлюб	0	ДАТО-426-1-11
426	1	110	Метрична книга. Костел Св. Станіслава, м. Кременець Кременецького пов.	1933-1935	метрична книга|народження|смерть|шлюб	0	ДАТО-426-1-110
426	1	111				0	ДАТО-426-1-111
426	1	112	Метрична книга. Костел Св. Станіслава, м. Кременець Кременецького пов.	1902-1902	метрична книга|народження|смерть|шлюб	0	ДАТО-426-1-112
426	1	113	Метрична книга. Костел Св. Станіслава, м. Кременець Кременецького пов.	1916-1916	метрична книга|народження|смерть|шлюб	0	ДАТО-426-1-113
426	1	114	Метрична книга. Костел Св. Станіслава, м. Кременець Кременецького пов.	1917-1917	метрична книга|народження|смерть|шлюб	0	ДАТО-426-1-114
426	1	115	Метрична книга. Костел Св. Станіслава, м. Кременець Кременецького пов.	1926-1932	метрична книга|народження|смерть|шлюб	0	ДАТО-426-1-115
426	1	116	Метрична книга. Костел Св. Станіслава, м. Кременець Кременецького пов.	1933-1933	метрична книга|народження|смерть|шлюб	0	ДАТО-426-1-116
426	1	117	Метрична книга. Костел Св. Станіслава, м. Кременець Кременецького пов.	1934-1934	метрична книга|народження|смерть|шлюб	0	ДАТО-426-1-117
426	1	118	Метрична книга. Костел Св. Станіслава, м. Кременець Кременецького пов.	1935-1935	метрична книга|народження|смерть|шлюб	0	ДАТО-426-1-118
426	1	119	Метрична книга. Костел Св. Станіслава, м. Кременець Кременецького пов.	1936-1937	метрична книга|народження|смерть|шлюб	0	ДАТО-426-1-119
426	1	12	Метрична книга. Костел Непорочного Зачаття Найсвятішої Панни Марії, с. Шумськ Кременецького пов.; Костел Св. Станіслава, м. Кременець Кременецького пов.; Костел Св. Станіслава, с. Вишнівець Кременецького пов.; Костел Св. Тройці, с. Шумбар Кременецького пов.; Костел, с. Радивилів Кременецького пов.	1908-1908	метрична книга|народження|смерть|шлюб	0	ДАТО-426-1-12
426	1	120	Метрична книга. Костел Св. Станіслава, м. Кременець Кременецького пов.	1937-1937	метрична книга|народження|смерть|шлюб	0	ДАТО-426-1-120
426	1	121	Метрична книга. Костел Св. Станіслава, м. Кременець Кременецького пов.	1938-1939	метрична книга|народження|смерть|шлюб	0	ДАТО-426-1-121
426	1	122	Метрична книга. Костел Св. Станіслава, м. Кременець Кременецького пов.	1870-1870	метрична книга|народження|смерть|шлюб	0	ДАТО-426-1-122
426	1	123	Метрична книга. Костел Св. Станіслава, м. Кременець Кременецького пов.	1870-1870	метрична книга|народження|смерть|шлюб	0	ДАТО-426-1-123
426	1	124	Метрична книга. Костел Св. Станіслава, м. Кременець Кременецького пов.	1871-1871	метрична книга|народження|смерть|шлюб	0	ДАТО-426-1-124
426	1	125	Метрична книга. Костел Св. Станіслава, м. Кременець Кременецького пов.	1872-1872	метрична книга|народження|смерть|шлюб	0	ДАТО-426-1-125
426	1	126	Метрична книга. Костел Св. Станіслава, м. Кременець Кременецького пов.	1873-1873	метрична книга|народження|смерть|шлюб	0	ДАТО-426-1-126
426	1	127	Метрична книга. Костел Св. Станіслава, м. Кременець Кременецького пов.	1874-1874	метрична книга|народження|смерть|шлюб	0	ДАТО-426-1-127
426	1	128	Метрична книга. Костел Св. Станіслава, м. Кременець Кременецького пов.	1875-1875	метрична книга|народження|смерть|шлюб	0	ДАТО-426-1-128
426	1	129	Метрична книга. Костел Св. Станіслава, м. Кременець Кременецького пов.	1876-1876	метрична книга|народження|смерть|шлюб	0	ДАТО-426-1-129
426	1	13	Метрична книга. Костел Св. Духа, с. Вишгородок Кременецького пов.	1935-1936	метрична книга|народження|смерть|шлюб	0	ДАТО-426-1-13
426	1	130	Метрична книга. Костел Св. Станіслава, м. Кременець Кременецького пов.	1877-1877	метрична книга|народження|смерть|шлюб	0	ДАТО-426-1-130
426	1	131	Метрична книга. Костел Св. Станіслава, м. Кременець Кременецького пов.	1878-1878	метрична книга|народження|смерть|шлюб	0	ДАТО-426-1-131
426	1	132	Метрична книга. Костел Св. Станіслава, м. Кременець Кременецького пов.	1879-1879	метрична книга|народження|смерть|шлюб	0	ДАТО-426-1-132
426	1	133	Метрична книга. Костел Св. Станіслава, м. Кременець Кременецького пов.	1880-1880	метрична книга|народження|смерть|шлюб	0	ДАТО-426-1-133
426	1	134				0	ДАТО-426-1-134
426	1	135				0	ДАТО-426-1-135
426	1	136	Метрична книга. Костел Св. Станіслава, м. Кременець Кременецького пов.	1883-1883	метрична книга|народження|смерть|шлюб	0	ДАТО-426-1-136
426	1	137	Метрична книга. Костел Св. Станіслава, м. Кременець Кременецького пов.	1884-1884	метрична книга|народження|смерть|шлюб	0	ДАТО-426-1-137
426	1	138	Метрична книга. Костел Св. Станіслава, м. Кременець Кременецького пов.	1885-1885	метрична книга|народження|смерть|шлюб	0	ДАТО-426-1-138
426	1	139	Метрична книга. Костел Св. Станіслава, м. Кременець Кременецького пов.	1886-1886	метрична книга|народження|смерть|шлюб	0	ДАТО-426-1-139
426	1	14	Метрична книга. Костел Св. Духа, с. Вишгородок Кременецького пов.	1936-1936	метрична книга|народження|смерть|шлюб	0	ДАТО-426-1-14
426	1	140	Метрична книга. Костел Св. Станіслава, м. Кременець Кременецького пов.	1887-1887	метрична книга|народження|смерть|шлюб	0	ДАТО-426-1-140
426	1	141	Метрична книга. Костел Св. Станіслава, м. Кременець Кременецького пов.	1888-1888	метрична книга|народження|смерть|шлюб	0	ДАТО-426-1-141
426	1	142	Метрична книга. Костел Св. Станіслава, м. Кременець Кременецького пов.	1889-1889	метрична книга|народження|смерть|шлюб	0	ДАТО-426-1-142
426	1	143	Метрична книга. Костел Св. Станіслава, м. Кременець Кременецького пов.	1890-1890	метрична книга|народження|смерть|шлюб	0	ДАТО-426-1-143
426	1	144	Метрична книга. Костел Св. Станіслава, м. Кременець Кременецького пов.	1891-1891	метрична книга|народження|смерть|шлюб	0	ДАТО-426-1-144
426	1	145	Метрична книга. Костел Св. Станіслава, м. Кременець Кременецького пов.	1892-1892	метрична книга|народження|смерть|шлюб	0	ДАТО-426-1-145
426	1	146	Метрична книга. Костел Св. Станіслава, м. Кременець Кременецького пов.	1893-1893	метрична книга|народження|смерть|шлюб	0	ДАТО-426-1-146
426	1	147	Метрична книга. Костел Св. Станіслава, м. Кременець Кременецького пов.	1894-1894	метрична книга|народження|смерть|шлюб	0	ДАТО-426-1-147
426	1	148	Метрична книга. Костел Св. Станіслава, м. Кременець Кременецького пов.	1895-1895	метрична книга|народження|смерть|шлюб	0	ДАТО-426-1-148
426	1	149	Метрична книга. Костел Св. Станіслава, м. Кременець Кременецького пов.	1896-1896	метрична книга|народження|смерть|шлюб	0	ДАТО-426-1-149
426	1	15	Метрична книга. Костел Св. Духа, с. Вишгородок Кременецького пов.	1937-1937	метрична книга|народження|смерть|шлюб	0	ДАТО-426-1-15
426	1	150	Метрична книга. Костел Св. Станіслава, м. Кременець Кременецького пов.	1897-1897	метрична книга|народження|смерть|шлюб	0	ДАТО-426-1-150
426	1	151	Метрична книга. Костел Св. Станіслава, м. Кременець Кременецького пов.	1898-1898	метрична книга|народження|смерть|шлюб	0	ДАТО-426-1-151
426	1	152	Метрична книга. Костел Св. Станіслава, м. Кременець Кременецького пов.	1899-1899	метрична книга|народження|смерть|шлюб	0	ДАТО-426-1-152
426	1	153	Метрична книга. Костел Св. Станіслава, м. Кременець Кременецького пов.	1900-1900	метрична книга|смерть|шлюб	0	ДАТО-426-1-153
426	1	154	Метрична книга. Костел Св. Станіслава, м. Кременець Кременецького пов.	1901-1901	метрична книга|народження|смерть|шлюб	0	ДАТО-426-1-154
426	1	155	Метрична книга. Костел Св. Станіслава, м. Кременець Кременецького пов.	1902-1902	метрична книга|народження|смерть|шлюб	0	ДАТО-426-1-155
426	1	156	Метрична книга. Костел Св. Станіслава, м. Кременець Кременецького пов.	1903-1903	метрична книга|народження|смерть|шлюб	0	ДАТО-426-1-156
426	1	157	Метрична книга. Костел Св. Станіслава, м. Кременець Кременецького пов.	1904-1904	метрична книга|народження|смерть|шлюб	0	ДАТО-426-1-157
426	1	158	Метрична книга. Костел Св. Станіслава, м. Кременець Кременецького пов.	1905-1905	метрична книга|народження|смерть|шлюб	0	ДАТО-426-1-158
426	1	159	Метрична книга. Костел Св. Станіслава, м. Кременець Кременецького пов.	1906-1906	метрична книга|народження|смерть|шлюб	0	ДАТО-426-1-159
426	1	16	Метрична книга. с. Гаї Лев'ятинські Дубнівського пов.	1934-1937	метрична книга|народження|смерть|шлюб	0	ДАТО-426-1-16
426	1	160	Метрична книга. Костел Св. Станіслава, м. Кременець Кременецького пов.	1907-1907	метрична книга|народження|смерть|шлюб	0	ДАТО-426-1-160
426	1	161	Метрична книга. Костел Св. Станіслава, м. Кременець Кременецького пов.	1909-1909	метрична книга|народження|смерть	0	ДАТО-426-1-161
426	1	162	Метрична книга. Костел Св. Станіслава, м. Кременець Кременецького пов.	1918-1918	метрична книга|народження|смерть|шлюб	0	ДАТО-426-1-162
426	1	163				0	ДАТО-426-1-163
426	1	164				0	ДАТО-426-1-164
426	1	165		1804-1938		1	ДАТО-426-1-165
426	1	166				0	ДАТО-426-1-166
426	1	167				0	ДАТО-426-1-167
426	1	168				0	ДАТО-426-1-168
426	1	169				0	ДАТО-426-1-169
426	1	17	Метрична книга. Костел оо Реформаторів, с. Дедеркали Кременецького пов.	1827-1834	метрична книга|народження|смерть|шлюб	0	ДАТО-426-1-17
426	1	170				0	ДАТО-426-1-170
426	1	171	Метрична книга. Костел Св. Станіслава, м. Кременець Кременецького пов.	1903-1903	метрична книга|народження|смерть|шлюб	0	ДАТО-426-1-171
426	1	172				0	ДАТО-426-1-172
426	1	173	Метрична книга. Костел Св. Станіслава, м. Кременець Кременецького пов.	1919-1919	метрична книга|народження|смерть|шлюб	0	ДАТО-426-1-173
426	1	174	Метрична книга. Костел Св. Станіслава, м. Кременець Кременецького пов.	1920-1921	метрична книга|народження|смерть|шлюб	0	ДАТО-426-1-174
426	1	175	Метрична книга. Костел Св. Станіслава, м. Кременець Кременецького пов.	1932-1932	метрична книга|народження|смерть|шлюб	0	ДАТО-426-1-175
426	1	176				0	ДАТО-426-1-176
426	1	177	Метрична книга. Костел, с. Кути Кременецького пов.	1936-1937	метрична книга|народження|смерть|шлюб	0	ДАТО-426-1-177
426	1	178	Метрична книга. Костел Св. Непорочної Діви Марії, с. Ланівці Кременецького пов.	1871-1872	метрична книга|народження|смерть|шлюб	0	ДАТО-426-1-178
426	1	179				0	ДАТО-426-1-179
426	1	18	Метрична книга. Костел оо Реформаторів, с. Дедеркали Кременецького пов.	1934-1935	метрична книга|народження|смерть|шлюб	0	ДАТО-426-1-18
426	1	180	Метрична книга. Костел Св. Непорочної Діви Марії, с. Ланівці Кременецького пов.	1916-1916	метрична книга|народження|смерть|шлюб	0	ДАТО-426-1-180
426	1	181	Метрична книга. Костел Св. Непорочної Діви Марії, с. Ланівці Кременецького пов.	1917-1917	метрична книга|народження|смерть|шлюб	0	ДАТО-426-1-181
426	1	182	Метрична книга. Костел Св. Непорочної Діви Марії, с. Ланівці Кременецького пов.	1918-1918	метрична книга|народження|смерть|шлюб	0	ДАТО-426-1-182
426	1	183	Метрична книга. Костел Св. Непорочної Діви Марії, с. Ланівці Кременецького пов.	1921-1921	метрична книга|народження|смерть|шлюб	0	ДАТО-426-1-183
426	1	184				0	ДАТО-426-1-184
426	1	185				0	ДАТО-426-1-185
426	1	186				0	ДАТО-426-1-186
426	1	187				0	ДАТО-426-1-187
426	1	188				0	ДАТО-426-1-188
426	1	189				0	ДАТО-426-1-189
426	1	19	Метрична книга. Костел оо Реформаторів, с. Дедеркали Кременецького пов.	1938-1938	метрична книга|народження|смерть|шлюб	0	ДАТО-426-1-19
426	1	190				0	ДАТО-426-1-190
426	1	191				0	ДАТО-426-1-191
426	1	192				0	ДАТО-426-1-192
426	1	193				0	ДАТО-426-1-193
426	1	194	Метрична книга. Костел, с. Олексинець Кременецького пов.	1935-1936	метрична книга|народження|смерть|шлюб	0	ДАТО-426-1-194
426	1	195	Метрична книга. Костел, с. Олексинець Кременецького пов.	1936-1936	метрична книга|народження|смерть|шлюб	0	ДАТО-426-1-195
426	1	196	Метрична книга. Костел, с. Олексинець Кременецького пов.	1937-1937	метрична книга|народження|смерть|шлюб	0	ДАТО-426-1-196
426	1	197	Метрична книга. Костел, с. Олексинець Кременецького пов.	1938-1938	метрична книга|смерть	0	ДАТО-426-1-197
426	1	198	Метрична книга. Костел, с. Підлісці Кременецького пов.	1802-1829	метрична книга|народження|смерть|шлюб	0	ДАТО-426-1-198
426	1	199	Метрична книга. Костел Непорочної Діви Марії, м. Почаїв Кременецького пов.	1933-1933	метрична книга|народження|смерть|шлюб	0	ДАТО-426-1-199
426	1	2	Метрична книга. Костел оо Реформаторів, с. Дедеркали Кременецького пов.; Костел, с. Білозірка Кременецького пов.; Костел Св. Анни, с. Катербург Кременецького пов.; Костел Св. Станіслава, м. Кременець Кременецького пов.; Костел Св. Тройці, с. Шумбар Кременецького пов. та інші церкви	1865-1865	метрична книга|народження|смерть|шлюб	0	ДАТО-426-1-2
426	1	20				0	ДАТО-426-1-20
426	1	200	Метрична книга. Костел Непорочної Діви Марії, м. Почаїв Кременецького пов.	1934-1934	метрична книга|народження|смерть|шлюб	0	ДАТО-426-1-200
426	1	201	Метрична книга. Костел Непорочної Діви Марії, м. Почаїв Кременецького пов.	1936-1936	метрична книга|народження|смерть|шлюб	0	ДАТО-426-1-201
426	1	202	Метрична книга. Костел Непорочної Діви Марії, м. Почаїв Кременецького пов.	1936-1937	метрична книга|народження|смерть|шлюб	0	ДАТО-426-1-202
426	1	203	Метрична книга. Костел Непорочної Діви Марії, м. Почаїв Кременецького пов.	1937-1937	метрична книга|народження|смерть|шлюб	0	ДАТО-426-1-203
426	1	204	Метрична книга. Костел, с. Радивилів Кременецького пов.	1870-1870	метрична книга|народження	0	ДАТО-426-1-204
426	1	205	Метрична книга. Костел, с. Радивилів Кременецького пов.	1872-1873	метрична книга|народження	0	ДАТО-426-1-205
426	1	206	Метрична книга. Костел, с. Радивилів Кременецького пов.	1902-1908	метрична книга|народження	0	ДАТО-426-1-206
426	1	207	Метрична книга. Костел, с. Радивилів Кременецького пов.	1919-1933	метрична книга|народження	0	ДАТО-426-1-207
426	1	208	Метрична книга. Костел, с. Радивилів Кременецького пов.	1924-1928	метрична книга|народження	0	ДАТО-426-1-208
426	1	209	Метрична книга. Костел, с. Радивилів Кременецького пов.	1933-1933	метрична книга|народження	0	ДАТО-426-1-209
426	1	21				0	ДАТО-426-1-21
426	1	210	Метрична книга. Костел, с. Радивилів Кременецького пов.	1935-1936	метрична книга|народження	0	ДАТО-426-1-210
426	1	211	Метрична книга. Костел, с. Радивилів Кременецького пов.	1936-1936	метрична книга|народження	0	ДАТО-426-1-211
426	1	212	Метрична книга. Костел, с. Радивилів Кременецького пов.	1936-1936	метрична книга|смерть	0	ДАТО-426-1-212
426	1	213	Метрична книга. Костел, с. Радивилів Кременецького пов.	1937-1937	метрична книга|народження	0	ДАТО-426-1-213
426	1	214	Метрична книга. Костел, с. Смига Дубнівського пов.	1938-1938	метрична книга|народження|смерть|шлюб	0	ДАТО-426-1-214
426	1	215	Метрична книга. Костел Св. Архангела Михаїла, с. Старий Олексинець Кременецького пов.	1933-1933	метрична книга|народження|смерть|шлюб	0	ДАТО-426-1-215
426	1	216	Метрична книга. Костел Св. Архангела Михаїла, с. Старий Олексинець Кременецького пов.	1934-1934	метрична книга|народження|смерть|шлюб	0	ДАТО-426-1-216
426	1	217	Метрична книга. Костел Св. Архангела Михаїла, с. Старий Олексинець Кременецького пов.	1932-1933	метрична книга|народження|смерть|шлюб	0	ДАТО-426-1-217
426	1	218	Метрична книга. Костел Св. Тройці, с. Шумбар Кременецького пов.	1869-1872	метрична книга|народження	0	ДАТО-426-1-218
426	1	219	Метрична книга. Костел Св. Тройці, с. Шумбар Кременецького пов.	1871-1872	метрична книга|народження	0	ДАТО-426-1-219
426	1	22	Метрична книга. Костел оо Реформаторів, с. Дедеркали Кременецького пов.	1872-1873	метрична книга|народження|смерть|шлюб	0	ДАТО-426-1-22
426	1	220	Метрична книга. Костел Св. Тройці, с. Шумбар Кременецького пов.	1902-1902	метрична книга|народження	0	ДАТО-426-1-220
426	1	221	Метрична книга. Костел Св. Тройці, с. Шумбар Кременецького пов.	1917-1917	метрична книга|народження	0	ДАТО-426-1-221
426	1	222	Метрична книга. Костел Св. Тройці, с. Шумбар Кременецького пов.	1934-1934	метрична книга|народження	0	ДАТО-426-1-222
426	1	223	Метрична книга. Костел Св. Тройці, с. Шумбар Кременецького пов.	1933-1933	метрична книга|народження	0	ДАТО-426-1-223
426	1	224	Метрична книга. Костел Непорочного Зачаття Найсвятішої Панни Марії, с. Шумськ Кременецького пов.	1870-1870	метрична книга|народження|смерть|шлюб	0	ДАТО-426-1-224
426	1	225	Метрична книга. Костел Непорочного Зачаття Найсвятішої Панни Марії, с. Шумськ Кременецького пов.	1872-1872	метрична книга|народження|смерть|шлюб	0	ДАТО-426-1-225
426	1	226	Метрична книга. Костел Непорочного Зачаття Найсвятішої Панни Марії, с. Шумськ Кременецького пов.	1872-1873,1879-1879	метрична книга|народження|смерть|шлюб	0	ДАТО-426-1-226
426	1	227	Метрична книга. Костел Непорочного Зачаття Найсвятішої Панни Марії, с. Шумськ Кременецького пов.	1874-1874	метрична книга|народження|смерть|шлюб	0	ДАТО-426-1-227
426	1	228	Метрична книга. Костел Непорочного Зачаття Найсвятішої Панни Марії, с. Шумськ Кременецького пов.	1876-1876	метрична книга|народження|смерть|шлюб	0	ДАТО-426-1-228
426	1	229	Метрична книга. Костел Непорочного Зачаття Найсвятішої Панни Марії, с. Шумськ Кременецького пов.	1877-1877	метрична книга|народження|смерть|шлюб	0	ДАТО-426-1-229
426	1	23	Метрична книга. Костел оо Реформаторів, с. Дедеркали Кременецького пов.; Костел Св. Анни, с. Катербург Кременецького пов.; Костел Св. Непорочної Діви Марії, с. Ланівці Кременецького пов.; Костел Св. Станіслава, м. Кременець Кременецького пов.; Костел Св. Тройці, с. Шумбар Кременецького пов. та інші церкви	1874-1875	метрична книга|народження|смерть|шлюб	0	ДАТО-426-1-23
426	1	230	Метрична книга. Костел Непорочного Зачаття Найсвятішої Панни Марії, с. Шумськ Кременецького пов.	1878-1878	метрична книга|народження|смерть	0	ДАТО-426-1-230
426	1	231	Метрична книга. Костел Непорочного Зачаття Найсвятішої Панни Марії, с. Шумськ Кременецького пов.	1881-1881	метрична книга|народження|смерть|шлюб	0	ДАТО-426-1-231
426	1	232	Метрична книга. Костел Непорочного Зачаття Найсвятішої Панни Марії, с. Шумськ Кременецького пов.	1882-1882,1885-1889	метрична книга|народження|смерть|шлюб	0	ДАТО-426-1-232
426	1	233	Метрична книга. Костел Непорочного Зачаття Найсвятішої Панни Марії, с. Шумськ Кременецького пов.	1890-1891,1894-1894	метрична книга|народження|смерть|шлюб	0	ДАТО-426-1-233
426	1	234	Метрична книга. Костел Непорочного Зачаття Найсвятішої Панни Марії, с. Шумськ Кременецького пов.	1898-1898	метрична книга|народження|смерть|шлюб	0	ДАТО-426-1-234
426	1	235	Метрична книга. Костел Непорочного Зачаття Найсвятішої Панни Марії, с. Шумськ Кременецького пов.	1899-1899	метрична книга|народження|смерть|шлюб	0	ДАТО-426-1-235
426	1	236	Метрична книга. Костел Непорочного Зачаття Найсвятішої Панни Марії, с. Шумськ Кременецького пов.	1901-1902,1904-1904	метрична книга|народження|смерть|шлюб	0	ДАТО-426-1-236
426	1	237	Метрична книга. Костел Непорочного Зачаття Найсвятішої Панни Марії, с. Шумськ Кременецького пов.	1903-1903	метрична книга|народження|смерть|шлюб	0	ДАТО-426-1-237
426	1	238	Метрична книга. Костел Непорочного Зачаття Найсвятішої Панни Марії, с. Шумськ Кременецького пов.	1904-1904	метрична книга|народження|смерть|шлюб	0	ДАТО-426-1-238
426	1	238А				0	ДАТО-426-1-238А
426	1	239	Витяги з метричних книг римо-католицьких костелів Кременецького деканату. Народження	1850-1850	метрична книга|народження|смерть|шлюб	1	ДАТО-426-1-239
426	1	24	Метрична книга. Костел оо Реформаторів, с. Дедеркали Кременецького пов.; Костел Св. Анни, с. Катербург Кременецького пов.; Костел Св. Непорочної Діви Марії, с. Ланівці Кременецького пов.; Костел Св. Тройці, с. Шумбар Кременецького пов.; Костел, с. Радивилів Кременецького пов.	1873-1874	метрична книга|народження|смерть|шлюб	0	ДАТО-426-1-24
426	1	240	Витяги з метричних книг римо-католицьких костелів Кременецького деканату. Народження	1851-1851		1	ДАТО-426-1-240
426	1	241	Витяги з метричних книг римо-католицьких костелів Кременецького деканату. Народження	1852-1852	метрична книга|народження	1	ДАТО-426-1-241
426	1	242	Метрична книга римо-католицького костелу с. Кути Кременецького повіту	1932-1932		1	ДАТО-426-1-242
426	1	243	Метрична книга римо-католицького костелу с. Кути Кременецького повіту	1933-1933		1	ДАТО-426-1-243
426	1	248	Метрична книга римо-католицького костелу с. Кути Кременецького повіту	1928-1928		1	ДАТО-426-1-248
426	1	249	Метрична книга римо-католицького костелу с. Кути Кременецького повіту	1929-1929		1	ДАТО-426-1-249
426	1	25	Метрична книга. Костел оо Реформаторів, с. Дедеркали Кременецького пов.; Костел Св. Анни, с. Катербург Кременецького пов.; Костел Св. Непорочної Діви Марії, с. Ланівці Кременецького пов.; Костел Св. Станіслава, м. Кременець Кременецького пов.; Костел Св. Тройці, с. Шумбар Кременецького пов.	1879-1879	метрична книга|народження|смерть|шлюб	0	ДАТО-426-1-25
426	1	250	Метрична книга римо-католицького костелу с. Кути Кременецького повіту	1930-1930		1	ДАТО-426-1-250
426	1	251	Метрична книга римо-католицького костелу с. Кути Кременецького повіту	1931-1931		1	ДАТО-426-1-251
426	1	252	Метрична книга римо-католицького костелу с. Шумське Кременецького повіту	1871-1871,1916-1916,1925-1928		1	ДАТО-426-1-252
426	1	257	Метрична книга римо-католицького костелу с. Шумське Кременецького повіту	1917-1917		1	ДАТО-426-1-257
426	1	258	Метрична книга римо-католицького костелу с. Шумське Кременецького повіту	1919-1919		1	ДАТО-426-1-258
426	1	259	Метрична книга римо-католицького костелу с. Шумське Кременецького повіту	1920-1922		1	ДАТО-426-1-259
426	1	26	Метрична книга. Костел оо Реформаторів, с. Дедеркали Кременецького пов.; Костел Св. Анни, с. Катербург Кременецького пов.; Костел Св. Непорочної Діви Марії, с. Ланівці Кременецького пов.; Костел Св. Станіслава, м. Кременець Кременецького пов.; Костел Св. Тройці, с. Шумбар Кременецького пов. та інші церкви	1881-1881	метрична книга|народження|смерть|шлюб	0	ДАТО-426-1-26
426	1	260	Метрична книга римо-католицького костелу с. Шумське Кременецького повіту	1923-1923		1	ДАТО-426-1-260
426	1	261	Метрична книга римо-католицького костелу с. Шумське Кременецького повіту	1924-1924		1	ДАТО-426-1-261
426	1	27	Метрична книга. Костел оо Реформаторів, с. Дедеркали Кременецького пов.; Костел Св. Непорочної Діви Марії, с. Ланівці Кременецького пов.; Костел Св. Станіслава, м. Кременець Кременецького пов.; Костел Св. Тройці, с. Шумбар Кременецького пов.; Костел, с. Радивилів Кременецького пов.	1884-1884	метрична книга|народження|смерть|шлюб	0	ДАТО-426-1-27
426	1	28	Метрична книга. Костел оо Реформаторів, с. Дедеркали Кременецького пов.; Костел Св. Станіслава, м. Кременець Кременецького пов.; Костел, с. Радивилів Кременецького пов.	1877-1877	метрична книга|народження|смерть|шлюб	0	ДАТО-426-1-28
426	1	289	Метрична книга римо-католицького костелу с. Кути Кременецького повіту	1934-1934		1	ДАТО-426-1-289
426	1	29	Метрична книга. Костел оо Реформаторів, с. Дедеркали Кременецького пов.; Костел Св. Станіслава, м. Кременець Кременецького пов.; Костел, с. Радивилів Кременецького пов.	1878-1878	метрична книга|народження|смерть|шлюб	0	ДАТО-426-1-29
426	1	290	Метрична книга римо-католицького костелу с. Кути Кременецького повіту. Народження	1935-1935		1	ДАТО-426-1-290
426	1	291	Метрична книга римо-католицького костелу с. Кути Кременецького повіту. Народження	1836-1836		1	ДАТО-426-1-291
426	1	292	Метрична книга римо-католицького костелу с. Кути Кременецького повіту	1937-1937		1	ДАТО-426-1-292
426	1	3	Метрична книга. Костел Св. Духа, с. Вишгородок Кременецького пов.	1870-1870	метрична книга|народження|смерть|шлюб	0	ДАТО-426-1-3
426	1	30	Метрична книга. Костел оо Реформаторів, с. Дедеркали Кременецького пов.; Костел Св. Анни, с. Катербург Кременецького пов.; Костел Св. Станіслава, м. Кременець Кременецького пов.; Костел Св. Тройці, с. Шумбар Кременецького пов.; Костел, с. Радивилів Кременецького пов.	1888-1888	метрична книга|народження|смерть|шлюб	0	ДАТО-426-1-30
426	1	31	Метрична книга. Костел оо Реформаторів, с. Дедеркали Кременецького пов.; Костел Св. Анни, с. Катербург Кременецького пов.; Костел Св. Станіслава, м. Кременець Кременецького пов.; Костел Св. Тройці, с. Шумбар Кременецького пов.; Костел, с. Радивилів Кременецького пов.	1891-1891	метрична книга|народження|смерть|шлюб	0	ДАТО-426-1-31
426	1	32	Метрична книга. Костел оо Реформаторів, с. Дедеркали Кременецького пов.; Костел Св. Анни, с. Катербург Кременецького пов.; Костел Св. Станіслава, м. Кременець Кременецького пов.; Костел Св. Тройці, с. Шумбар Кременецького пов.; Костел, с. Радивилів Кременецького пов.	1889-1889	метрична книга|народження|смерть|шлюб	0	ДАТО-426-1-32
426	1	33	Метрична книга. Костел оо Реформаторів, с. Дедеркали Кременецького пов.; Костел Св. Анни, с. Катербург Кременецького пов.; Костел Св. Станіслава, м. Кременець Кременецького пов.; Костел Св. Тройці, с. Шумбар Кременецького пов.; Костел, с. Радивилів Кременецького пов.	1890-1890	метрична книга|народження|смерть|шлюб	0	ДАТО-426-1-33
426	1	34	Метрична книга. Костел оо Реформаторів, с. Дедеркали Кременецького пов.; Костел Св. Станіслава, м. Кременець Кременецького пов.; Костел Св. Тройці, с. Шумбар Кременецького пов.; Костел, с. Радивилів Кременецького пов.	1883-1883	метрична книга|народження|смерть|шлюб	0	ДАТО-426-1-34
426	1	35	Метрична книга. Костел Непорочного Зачаття Найсвятішої Панни Марії, с. Шумськ Кременецького пов.; Костел оо Реформаторів, с. Дедеркали Кременецького пов.; Костел Св. Непорочної Діви Марії, с. Ланівці Кременецького пов.; Костел Св. Станіслава, м. Кременець Кременецького пов.; Костел Св. Тройці, с. Шумбар Кременецького пов. та інші церкви	1893-1893	метрична книга|народження|смерть|шлюб	0	ДАТО-426-1-35
426	1	36	Метрична книга. Костел оо Реформаторів, с. Дедеркали Кременецького пов.; Костел Св. Анни, с. Катербург Кременецького пов.; Костел Св. Станіслава, м. Кременець Кременецького пов.; Костел Св. Тройці, с. Шумбар Кременецького пов.; Костел, с. Радивилів Кременецького пов.	1876-1876	метрична книга|народження|смерть|шлюб	0	ДАТО-426-1-36
426	1	37	Метрична книга. Костел Непорочного Зачаття Найсвятішої Панни Марії, с. Шумськ Кременецького пов.; Костел оо Реформаторів, с. Дедеркали Кременецького пов.; Костел Св. Анни, с. Катербург Кременецького пов.; Костел Св. Станіслава, м. Кременець Кременецького пов.; Костел Св. Тройці, с. Шумбар Кременецького пов. та інші церкви	1877-1877,1887-1887	метрична книга|народження|смерть|шлюб	0	ДАТО-426-1-37
426	1	38	Метрична книга. Костел Непорочного Зачаття Найсвятішої Панни Марії, с. Шумськ Кременецького пов.; Костел оо Реформаторів, с. Дедеркали Кременецького пов.; Костел Св. Станіслава, м. Кременець Кременецького пов.; Костел, с. Радивилів Кременецького пов.	1885-1885	метрична книга|народження|смерть|шлюб	0	ДАТО-426-1-38
426	1	39	Метрична книга. Костел Св. Анни, с. Катербург Кременецького пов.	1870-1870	метрична книга|народження|смерть|шлюб	0	ДАТО-426-1-39
426	1	4	Метрична книга. Костел Св. Духа, с. Вишгородок Кременецького пов.	1872-1872	метрична книга|народження|смерть|шлюб	0	ДАТО-426-1-4
426	1	40	Метрична книга. Костел Св. Анни, с. Катербург Кременецького пов.	1872-1872	метрична книга|народження|смерть|шлюб	0	ДАТО-426-1-40
426	1	41				0	ДАТО-426-1-41
426	1	42				0	ДАТО-426-1-42
426	1	43	Метрична книга. Костел Св. Анни, с. Катербург Кременецького пов.; Костел, с. Радивилів Кременецького пов.	1880-1880	метрична книга|народження|смерть|шлюб	0	ДАТО-426-1-43
426	1	44	Метрична книга. Костел Св. Анни, с. Катербург Кременецького пов.; Костел Св. Станіслава, м. Кременець Кременецького пов.; Костел Св. Тройці, с. Шумбар Кременецького пов.; Костел, с. Радивилів Кременецького пов.	1882-1882,1892-1892	метрична книга|народження|смерть|шлюб	0	ДАТО-426-1-44
426	1	45	Метрична книга. Костел Св. Анни, с. Катербург Кременецького пов.; Костел Св. Тройці, с. Шумбар Кременецького пов.; Костел, с. Радивилів Кременецького пов.	1886-1886	метрична книга|народження|смерть|шлюб	0	ДАТО-426-1-45
426	1	46	Метрична книга. Костел Св. Мартіна і Св. Елізабети, с. Колодне	1870-1870	метрична книга|народження|смерть|шлюб	0	ДАТО-426-1-46
426	1	47	Метрична книга. Костел Св. Непорочної Діви Марії, с. Ланівці Кременецького пов.; Костел Св. Станіслава, м. Кременець Кременецького пов.; Костел Св. Тройці, с. Шумбар Кременецького пов.; Костел, с. Радивилів Кременецького пов.	1900-1900	метрична книга|народження|смерть|шлюб	0	ДАТО-426-1-47
426	1	48	Метрична книга. Костел Св. Непорочної Діви Марії, с. Ланівці Кременецького пов.; Костел Св. Станіслава, м. Кременець Кременецького пов.; Костел Св. Тройці, с. Шумбар Кременецького пов.; Костел, с. Радивилів Кременецького пов.	1901-1901	метрична книга|народження|смерть|шлюб	0	ДАТО-426-1-48
426	1	49	Метрична книга. Костел Св. Непорочної Діви Марії, с. Ланівці Кременецького пов.; Костел Св. Станіслава, м. Кременець Кременецького пов.; Костел Св. Тройці, с. Шумбар Кременецького пов.; Костел, с. Радивилів Кременецького пов.	1907-1907	метрична книга|народження|смерть|шлюб	0	ДАТО-426-1-49
426	1	5	Метрична книга. Костел оо Реформаторів, с. Дедеркали Кременецького пов.; Костел Св. Анни, с. Катербург Кременецького пов.; Костел Св. Духа, с. Вишгородок Кременецького пов.; Костел Св. Мартіна і Св. Елізабети, с. Колодне; Костел Св. Станіслава, м. Кременець Кременецького пов. та інші церкви	1882-1882	метрична книга|народження|смерть|шлюб	0	ДАТО-426-1-5
426	1	50	Метрична книга. Костел Св. Станіслава, м. Кременець Кременецького пов.; Костел, с. Радивилів Кременецького пов.	1899-1899	метрична книга|народження|смерть|шлюб	0	ДАТО-426-1-50
426	1	51	Метрична книга. Костел Св. Станіслава, м. Кременець Кременецького пов.; Костел Св. Тройці, с. Шумбар Кременецького пов.; Костел, с. Радивилів Кременецького пов.	1911-1911	метрична книга|народження|смерть|шлюб	0	ДАТО-426-1-51
426	1	52	Метрична книга. Костел Св. Станіслава, м. Кременець Кременецького пов.; Костел Св. Тройці, с. Шумбар Кременецького пов.; Костел, с. Радивилів Кременецького пов.	1912-1912	метрична книга|народження|смерть|шлюб	0	ДАТО-426-1-52
426	1	53	Метрична книга. Костел Св. Станіслава, м. Кременець Кременецького пов.; Костел Св. Тройці, с. Шумбар Кременецького пов.; Костел, с. Радивилів Кременецького пов.	1913-1913	метрична книга|народження|смерть|шлюб	0	ДАТО-426-1-53
426	1	54	Метрична книга. Костел Св. Станіслава, м. Кременець Кременецького пов.; Костел Св. Тройці, с. Шумбар Кременецького пов.; Костел, с. Радивилів Кременецького пов.	1875-1876	метрична книга|народження|смерть|шлюб	0	ДАТО-426-1-54
426	1	55	Метрична книга. Костел Св. Станіслава, м. Кременець Кременецького пов.; Костел Св. Тройці, с. Шумбар Кременецького пов.; Костел, с. Радивилів Кременецького пов.	1894-1894	метрична книга|народження|смерть|шлюб	0	ДАТО-426-1-55
426	1	56	Метрична книга. Костел Св. Станіслава, м. Кременець Кременецького пов.; Костел Св. Тройці, с. Шумбар Кременецького пов.; Костел, с. Радивилів Кременецького пов.	1895-1895	метрична книга|народження|смерть|шлюб	0	ДАТО-426-1-56
426	1	57	Метрична книга. Костел Св. Станіслава, м. Кременець Кременецького пов.; Костел Св. Тройці, с. Шумбар Кременецького пов.; Костел, с. Радивилів Кременецького пов.	1896-1896	метрична книга|народження|смерть|шлюб	0	ДАТО-426-1-57
426	1	58	Метрична книга. Костел Св. Станіслава, м. Кременець Кременецького пов.; Костел Св. Тройці, с. Шумбар Кременецького пов.; Костел, с. Радивилів Кременецького пов.	1897-1897	метрична книга|народження|смерть|шлюб	0	ДАТО-426-1-58
426	1	59	Метрична книга. Костел Св. Станіслава, м. Кременець Кременецького пов.; Костел Св. Тройці, с. Шумбар Кременецького пов.; Костел, с. Радивилів Кременецького пов.	1898-1898	метрична книга|народження|смерть|шлюб	0	ДАТО-426-1-59
426	1	6	Метрична книга. Костел оо Реформаторів, с. Дедеркали Кременецького пов.; Костел Св. Анни, с. Катербург Кременецького пов.; Костел Св. Духа, с. Вишгородок Кременецького пов.; Костел Св. Непорочної Діви Марії, с. Ланівці Кременецького пов.; Костел Св. Станіслава, м. Кременець Кременецького пов. та інші церкви	1871-1871	метрична книга|народження|смерть|шлюб	0	ДАТО-426-1-6
426	1	60	Метрична книга. Костел Св. Станіслава, м. Кременець Кременецького пов.; Костел Св. Тройці, с. Шумбар Кременецького пов.; Костел, с. Радивилів Кременецького пов.	1903-1903	метрична книга|народження|смерть|шлюб	0	ДАТО-426-1-60
426	1	61	Метрична книга. Костел Св. Тройці, с. Шумбар Кременецького пов.	1905-1905	метрична книга|народження	0	ДАТО-426-1-61
426	1	62	Метрична книга. Костел Св. Станіслава, м. Кременець Кременецького пов.; Костел, с. Радивилів Кременецького пов.	1905-1905	метрична книга|народження|смерть|шлюб	0	ДАТО-426-1-62
426	1	63	Метрична книга. Костел Непорочного Зачаття Найсвятішої Панни Марії, с. Шумськ Кременецького пов.; Костел Св. Станіслава, м. Кременець Кременецького пов.; Костел Св. Тройці, с. Шумбар Кременецького пов.; Костел, с. Радивилів Кременецького пов.	1909-1909	метрична книга|народження|смерть|шлюб	0	ДАТО-426-1-63
426	1	64	Метрична книга. Костел Непорочного Зачаття Найсвятішої Панни Марії, с. Шумськ Кременецького пов.; Костел Св. Станіслава, м. Кременець Кременецького пов.; Костел Св. Тройці, с. Шумбар Кременецького пов.; Костел, с. Радивилів Кременецького пов.	1910-1910	метрична книга|народження|смерть|шлюб	0	ДАТО-426-1-64
426	1	65	Метрична книга. Костел, с. Радивилів Кременецького пов.	1879-1879,1901-1901	метрична книга|народження	0	ДАТО-426-1-65
426	1	66	Метрична книга. Костел Св. Станіслава, м. Кременець Кременецького пов.; Костел, с. Радивилів Кременецького пов.	1904-1904	метрична книга|народження|смерть|шлюб	0	ДАТО-426-1-66
426	1	67	Метрична книга. Костел Непорочного Зачаття Найсвятішої Панни Марії, с. Шумськ Кременецького пов.; Костел Св. Станіслава, м. Кременець Кременецького пов.; Костел Св. Тройці, с. Шумбар Кременецького пов.; Костел, с. Радивилів Кременецького пов.; Костел, с. Ямпіль Кременецького пов.	1906-1906	метрична книга|народження|смерть|шлюб	0	ДАТО-426-1-67
426	1	68	Метрична книга. Костел Св. Станіслава, м. Кременець Кременецького пов.; Костел, с. Радивилів Кременецького пов.	1835-1835,1924-1925	метрична книга|народження|смерть|сповідальні відомості|шлюб	0	ДАТО-426-1-68
426	1	69	Метрична книга. Костел Св. Станіслава, м. Кременець Кременецького пов.; Костел, с. Старий Вишнівець Кременецького пов.	1826-1832,1863-1863	метрична книга|народження|смерть|сповідальні відомості|шлюб	0	ДАТО-426-1-69
426	1	7	Метрична книга. Костел Св. Станіслава, с. Вишнівець Кременецького пов.	1916-1916	метрична книга|народження|смерть|шлюб	0	ДАТО-426-1-7
426	1	70	Метрична книга. Костел Св. Станіслава, м. Кременець Кременецького пов.	1827-1834	метрична книга|народження|смерть|шлюб	0	ДАТО-426-1-70
426	1	71	Метрична книга. Костел Св. Станіслава, м. Кременець Кременецького пов.	1827-1834	метрична книга|народження|смерть|шлюб	0	ДАТО-426-1-71
426	1	72	Метрична книга. Костел Св. Станіслава, м. Кременець Кременецького пов.	1835-1841	метрична книга|народження|смерть|шлюб	0	ДАТО-426-1-72
426	1	73	Метрична книга. Костел Св. Станіслава, м. Кременець Кременецького пов.	1836-1836	метрична книга|народження|смерть|шлюб	0	ДАТО-426-1-73
426	1	74	Метрична книга. Костел Св. Станіслава, м. Кременець Кременецького пов.	1837-1837	метрична книга|народження|смерть|шлюб	0	ДАТО-426-1-74
426	1	75	католики	1881-1887	метрична книга|народження|смерть|шлюб	0	ДАТО-426-1-75
426	1	76	Метрична книга. Костел Св. Станіслава, м. Кременець Кременецького пов.	1838-1839	метрична книга|народження|смерть|шлюб	0	ДАТО-426-1-76
426	1	77	Метрична книга. Костел Св. Станіслава, м. Кременець Кременецького пов.	1841-1841	метрична книга|народження|смерть|шлюб	0	ДАТО-426-1-77
426	1	78	Метрична книга. Костел Непорочного Зачаття Найсвятішої Панни Марії, с. Шумськ Кременецького пов.; Костел Св. Станіслава, м. Кременець Кременецького пов.	1841-1842,1875-1875	метрична книга|народження|смерть|сповідальні відомості|шлюб	0	ДАТО-426-1-78
426	1	79	Метрична книга. Костел Непорочного Зачаття Найсвятішої Панни Марії, с. Шумськ Кременецького пов.; Костел Св. Станіслава, м. Кременець Кременецького пов.	1843-1843,1884-1884	метрична книга|народження|смерть|сповідальні відомості|шлюб	0	ДАТО-426-1-79
426	1	8	Метрична книга. Костел Св. Станіслава, с. Вишнівець Кременецького пов.	1902-1902	метрична книга|народження|смерть|шлюб	1	ДАТО-426-1-8
426	1	80	Метрична книга. Костел Непорочного Зачаття Найсвятішої Панни Марії, с. Шумськ Кременецького пов.; Костел Св. Станіслава, м. Кременець Кременецького пов.	1844-1844,1914-1914	метрична книга|народження|смерть|сповідальні відомості|шлюб	0	ДАТО-426-1-80
426	1	81	Метрична книга. Костел Св. Станіслава, м. Кременець Кременецького пов.	1845-1845	метрична книга|народження|смерть|шлюб	0	ДАТО-426-1-81
426	1	81А				0	ДАТО-426-1-81А
426	1	81Б				0	ДАТО-426-1-81Б
426	1	81В				0	ДАТО-426-1-81В
426	1	81Г				0	ДАТО-426-1-81Г
426	1	81Д				0	ДАТО-426-1-81Д
426	1	81Ж				0	ДАТО-426-1-81Ж
426	1	81З				0	ДАТО-426-1-81З
426	1	81И				0	ДАТО-426-1-81И
426	1	81К				0	ДАТО-426-1-81К
426	1	81Л				0	ДАТО-426-1-81Л
426	1	81М				0	ДАТО-426-1-81М
426	1	81Н				0	ДАТО-426-1-81Н
426	1	82	Метрична книга. Костел Св. Станіслава, м. Кременець Кременецького пов.	1846-1846	метрична книга|народження|смерть|шлюб	0	ДАТО-426-1-82
426	1	83	Метрична книга. Костел Св. Станіслава, м. Кременець Кременецького пов.	1847-1849	метрична книга|народження|смерть|шлюб	0	ДАТО-426-1-83
426	1	84	Метрична книга. Костел Св. Станіслава, м. Кременець Кременецького пов.	1847-1848	метрична книга|народження|смерть|шлюб	0	ДАТО-426-1-84
426	1	85				0	ДАТО-426-1-85
426	1	86	Метрична книга. Костел Св. Станіслава, м. Кременець Кременецького пов.	1849-1849	метрична книга|народження|смерть|шлюб	0	ДАТО-426-1-86
426	1	87	Метрична книга. Костел Св. Станіслава, м. Кременець Кременецького пов.	1850-1851	метрична книга|народження|смерть|шлюб	0	ДАТО-426-1-87
426	1	88	Метрична книга. Костел Св. Станіслава, м. Кременець Кременецького пов.	1852-1853	метрична книга|народження|смерть|шлюб	0	ДАТО-426-1-88
426	1	89	Метрична книга. Костел Св. Станіслава, м. Кременець Кременецького пов.	1853-1854	метрична книга|народження|смерть|шлюб	0	ДАТО-426-1-89
426	1	9	Метрична книга. Костел Св. Станіслава, с. Вишнівець Кременецького пов.; Костел, с. Старий Вишнівець Кременецького пов.	1938-1938	метрична книга|народження|смерть|шлюб	0	ДАТО-426-1-9
426	1	90	Метрична книга. Костел Св. Станіслава, м. Кременець Кременецького пов.	1854-1855	метрична книга|народження|смерть|шлюб	0	ДАТО-426-1-90
426	1	91				0	ДАТО-426-1-91
426	1	92				0	ДАТО-426-1-92
426	1	93	Метрична книга. Костел Св. Станіслава, м. Кременець Кременецького пов.	1858-1858	метрична книга|народження|смерть|шлюб	0	ДАТО-426-1-93
426	1	94	Метрична книга. Костел Св. Станіслава, м. Кременець Кременецького пов.	1858-1859	метрична книга|народження|смерть|шлюб	0	ДАТО-426-1-94
426	1	95	Метрична книга. Костел Св. Станіслава, м. Кременець Кременецького пов.	1860-1860	метрична книга|народження|смерть|шлюб	0	ДАТО-426-1-95
426	1	96	Метрична книга. Костел Св. Станіслава, м. Кременець Кременецького пов.	1860-1861	метрична книга|народження|смерть|шлюб	0	ДАТО-426-1-96
426	1	97	Метрична книга. Костел Св. Станіслава, м. Кременець Кременецького пов.	1861-1862	метрична книга|народження|смерть|шлюб	0	ДАТО-426-1-97
426	1	98	Метрична книга. Костел Св. Станіслава, м. Кременець Кременецького пов.	1862-1863	метрична книга|народження|смерть|шлюб	0	ДАТО-426-1-98
426	1	99	Метрична книга. Костел Св. Станіслава, м. Кременець Кременецького пов.	1863-1864	метрична книга|народження|смерть|шлюб	0	ДАТО-426-1-99
426	2	100	Метрична книга. Костел Св. Станіслава, м. Кременець Кременецького пов.	1842-1842	метрична книга|сповідальні відомості	0	ДАТО-426-2-100
426	2	101	Метрична книга. Костел Св. Станіслава, м. Кременець Кременецького пов.	1843-1843	метрична книга|сповідальні відомості	0	ДАТО-426-2-101
426	2	102	Метрична книга. Костел Св. Станіслава, м. Кременець Кременецького пов.	1844-1844	метрична книга|сповідальні відомості	0	ДАТО-426-2-102
426	2	103	Метрична книга. Костел Св. Станіслава, м. Кременець Кременецького пов.	1846-1846	метрична книга|сповідальні відомості	0	ДАТО-426-2-103
426	2	104	Метрична книга. Костел Св. Станіслава, м. Кременець Кременецького пов.	1848-1848	метрична книга|сповідальні відомості	0	ДАТО-426-2-104
426	2	105	Метрична книга. Костел Св. Станіслава, м. Кременець Кременецького пов.	1848-1848	метрична книга|сповідальні відомості	0	ДАТО-426-2-105
426	2	106	Метрична книга. Костел Св. Станіслава, м. Кременець Кременецького пов.	1849-1849	метрична книга|сповідальні відомості	0	ДАТО-426-2-106
426	2	107	Метрична книга. Костел Св. Станіслава, м. Кременець Кременецького пов.	1850-1850	метрична книга|сповідальні відомості	0	ДАТО-426-2-107
426	2	108	Метрична книга. Костел Св. Станіслава, м. Кременець Кременецького пов.	1851-1851	метрична книга|сповідальні відомості	0	ДАТО-426-2-108
426	2	109	Метрична книга. Костел Св. Станіслава, м. Кременець Кременецького пов.	1855-1855	метрична книга|сповідальні відомості	0	ДАТО-426-2-109
426	2	110	Метрична книга. Костел Св. Станіслава, м. Кременець Кременецького пов.	1856-1856	метрична книга|сповідальні відомості	0	ДАТО-426-2-110
426	2	111	Метрична книга. Костел Св. Станіслава, м. Кременець Кременецького пов.	1863-1863	метрична книга|сповідальні відомості	0	ДАТО-426-2-111
426	2	112	Метрична книга. Костел Св. Станіслава, м. Кременець Кременецького пов.	1867-1867	метрична книга|сповідальні відомості	0	ДАТО-426-2-112
426	2	113	Метрична книга. Костел Св. Станіслава, м. Кременець Кременецького пов.	1868-1868	метрична книга|сповідальні відомості	0	ДАТО-426-2-113
426	2	115	Метрична книга. Костел Св. Станіслава, м. Кременець Кременецького пов.	1872-1872	метрична книга|сповідальні відомості	0	ДАТО-426-2-115
426	2	116	Метрична книга. Костел Св. Станіслава, м. Кременець Кременецького пов.	1873-1873	метрична книга|сповідальні відомості	0	ДАТО-426-2-116
426	2	117	Метрична книга. Костел Св. Станіслава, м. Кременець Кременецького пов.	1874-1874	метрична книга|сповідальні відомості	0	ДАТО-426-2-117
426	2	118	Метрична книга. Костел Св. Станіслава, м. Кременець Кременецького пов.	1876-1876	метрична книга|сповідальні відомості	0	ДАТО-426-2-118
426	2	120	Метрична книга. Костел Св. Станіслава, м. Кременець Кременецького пов.	1927-1927	метрична книга|сповідальні відомості	0	ДАТО-426-2-120
426	2	183	Сповідальні розписи парафіян Білозірської римо-католицької парафії	1856-1856		0	ДАТО-426-2-183
426	2	184	Сповідальні розписи парафіян Білозірської римо-католицької парафії	1858-1858		0	ДАТО-426-2-184
426	2	185	Сповідальні розписи парафіян Білозірської римо-католицької парафії	1859-1859		0	ДАТО-426-2-185
426	2	186	Сповідальні розписи парафіян Білозірської римо-католицької парафії	1860-1860		0	ДАТО-426-2-186
426	2	187	Сповідальні розписи парафіян Білозірської римо-католицької парафії	1862-1862		0	ДАТО-426-2-187
426	2	188	Сповідальні розписи парафіян Білозірської римо-католицької парафії	1864-1864		0	ДАТО-426-2-188
426	2	189	Сповідальні розписи парафіян Білозірської римо-католицької парафії	1865-1865		0	ДАТО-426-2-189
426	2	190	Сповідальні розписи парафіян Білозірської римо-католицької парафії	1866-1866		0	ДАТО-426-2-190
426	2	198	Сповідальні розписи парафіян Білозірської римо-католицької парафії	1876-1876		0	ДАТО-426-2-198
426	2	2	Метрична книга. Костел Св. Станіслава, м. Кременець Кременецького пов.	1869-1869	метрична книга|сповідальні відомості	0	ДАТО-426-2-2
426	2	293	Сповідальні розписи парафіян Колодненської римо-католицької парафії	1885-1885		1	ДАТО-426-2-293
426	2	42	Метрична книга. Костел, с. Білозірка Кременецького пов.	1863-1863	метрична книга|сповідальні відомості	0	ДАТО-426-2-42
426	2	43	Метрична книга. Костел Св. Станіслава, с. Вишнівець Кременецького пов.	1884-1884	метрична книга|сповідальні відомості	0	ДАТО-426-2-43
426	2	44	Метрична книга. Костел Св. Станіслава, с. Вишнівець Кременецького пов.	1914-1914	метрична книга|сповідальні відомості	0	ДАТО-426-2-44
426	2	45	Метрична книга. Костел Св. Духа, с. Вишгородок Кременецького пов.	1863-1863	метрична книга|сповідальні відомості	0	ДАТО-426-2-45
426	2	46	Метрична книга. Костел оо Реформаторів, с. Дедеркали Кременецького пов.	1863-1863	метрична книга|сповідальні відомості	0	ДАТО-426-2-46
426	2	47	Метрична книга. Костел оо Реформаторів, с. Дедеркали Кременецького пов.	1870-1870	метрична книга|сповідальні відомості	0	ДАТО-426-2-47
426	2	48	Метрична книга. Костел оо Реформаторів, с. Дедеркали Кременецького пов.	1873-1873	метрична книга|сповідальні відомості	0	ДАТО-426-2-48
426	2	49	Метрична книга. Костел оо Реформаторів, с. Дедеркали Кременецького пов.	1883-1883	метрична книга|сповідальні відомості	0	ДАТО-426-2-49
426	2	50	Метрична книга. Костел Св. Анни, с. Катербург Кременецького пов.	1852-1852	метрична книга|сповідальні відомості	0	ДАТО-426-2-50
426	2	51	Метрична книга. Костел Св. Анни, с. Катербург Кременецького пов.	1861-1861	метрична книга|сповідальні відомості	0	ДАТО-426-2-51
426	2	52	Метрична книга. Костел Св. Анни, с. Катербург Кременецького пов.	1863-1863	метрична книга|сповідальні відомості	0	ДАТО-426-2-52
426	2	53	Метрична книга. Костел Св. Станіслава, м. Кременець Кременецького пов.	1826-1826	метрична книга|сповідальні відомості	0	ДАТО-426-2-53
426	2	54	Метрична книга. Костел Св. Станіслава, м. Кременець Кременецького пов.	1833-1833	метрична книга|сповідальні відомості	0	ДАТО-426-2-54
426	2	55	Метрична книга. Костел Св. Станіслава, м. Кременець Кременецького пов.	1856-1856,1858-1858	метрична книга|сповідальні відомості	0	ДАТО-426-2-55
426	2	56	Метрична книга. Костел Св. Станіслава, м. Кременець Кременецького пов.	1859-1859	метрична книга|сповідальні відомості	0	ДАТО-426-2-56
426	2	57	Метрична книга. Костел Св. Станіслава, м. Кременець Кременецького пов.	1870-1872	метрична книга|сповідальні відомості	0	ДАТО-426-2-57
426	2	58	Метрична книга. Костел Св. Станіслава, м. Кременець Кременецького пов.	1880-1880	метрична книга|сповідальні відомості	0	ДАТО-426-2-58
426	2	59	Метрична книга. Костел Св. Станіслава, м. Кременець Кременецького пов.	1885-1885	метрична книга|сповідальні відомості	0	ДАТО-426-2-59
426	2	60	Метрична книга. Костел Св. Станіслава, м. Кременець Кременецького пов.	1904-1905	метрична книга|сповідальні відомості	0	ДАТО-426-2-60
426	2	61	Метрична книга. Костел Св. Станіслава, м. Кременець Кременецького пов.	1907-1907	метрична книга|сповідальні відомості	0	ДАТО-426-2-61
426	2	62	Метрична книга. Костел Св. Станіслава, м. Кременець Кременецького пов.	1910-1910	метрична книга|сповідальні відомості	0	ДАТО-426-2-62
426	2	63	Метрична книга. Костел Св. Мартіна і Св. Елізабети, с. Колодне	1863-1863	метрична книга|сповідальні відомості	0	ДАТО-426-2-63
426	2	64	Метрична книга. Костел Св. Непорочної Діви Марії, с. Ланівці Кременецького пов.	1863-1863	метрична книга|сповідальні відомості	0	ДАТО-426-2-64
426	2	65	Метрична книга. Костел Св. Непорочної Діви Марії, с. Ланівці Кременецького пов.	1914-1914	метрична книга|сповідальні відомості	0	ДАТО-426-2-65
426	2	66	Метрична книга. Костел Св. Непорочної Діви Марії, с. Ланівці Кременецького пов.	1916-1916	метрична книга|сповідальні відомості	0	ДАТО-426-2-66
426	2	67	Метрична книга. Костел Св. Непорочної Діви Марії, с. Ланівці Кременецького пов.	1917-1917	метрична книга|сповідальні відомості	0	ДАТО-426-2-67
426	2	70	Метрична книга. Костел Св. Архангела Михаїла, с. Старий Олексинець Кременецького пов.	1863-1863	метрична книга|сповідальні відомості	0	ДАТО-426-2-70
426	2	76	Метрична книга. Костел Непорочного Зачаття Найсвятішої Панни Марії, с. Шумськ Кременецького пов.	1872-1872	метрична книга|сповідальні відомості	0	ДАТО-426-2-76
426	2	77	Метрична книга. Костел Непорочного Зачаття Найсвятішої Панни Марії, с. Шумськ Кременецького пов.	1873-1873	метрична книга|сповідальні відомості	0	ДАТО-426-2-77
426	2	88	Метрична книга. Костел Св. Анни, с. Катербург Кременецького пов.	1814-1833	метрична книга|сповідальні відомості	0	ДАТО-426-2-88
426	2	89	Метрична книга. Костел Св. Анни, с. Катербург Кременецького пов.	1843-1849	метрична книга|сповідальні відомості	0	ДАТО-426-2-89
426	2	90	Метрична книга. Костел Св. Анни, с. Катербург Кременецького пов.	1847-1847	метрична книга|сповідальні відомості	0	ДАТО-426-2-90
426	2	91	Метрична книга. Костел Св. Станіслава, м. Кременець Кременецького пов.	1829-1829	метрична книга|сповідальні відомості	0	ДАТО-426-2-91
426	2	92	Метрична книга. Костел Св. Станіслава, м. Кременець Кременецького пов.	1832-1832	метрична книга|сповідальні відомості	0	ДАТО-426-2-92
426	2	93	Метрична книга. Костел Св. Станіслава, м. Кременець Кременецького пов.	1833-1833	метрична книга|сповідальні відомості	0	ДАТО-426-2-93
426	2	94	Метрична книга. Костел Св. Станіслава, м. Кременець Кременецького пов.	1834-1834	метрична книга|сповідальні відомості	0	ДАТО-426-2-94
426	2	95	Метрична книга. Костел Св. Станіслава, м. Кременець Кременецького пов.	1836-1836	метрична книга|сповідальні відомості	0	ДАТО-426-2-95
426	2	96	Метрична книга. Костел Св. Станіслава, м. Кременець Кременецького пов.	1837-1837	метрична книга|сповідальні відомості	0	ДАТО-426-2-96
426	2	97	Метрична книга. Костел Св. Станіслава, м. Кременець Кременецького пов.	1839-1839	метрична книга|сповідальні відомості	0	ДАТО-426-2-97
426	2	98	Метрична книга. Костел Св. Станіслава, м. Кременець Кременецького пов.	1840-1840	метрична книга|сповідальні відомості	0	ДАТО-426-2-98
426	2	99	Метрична книга. Костел Св. Станіслава, м. Кременець Кременецького пов.	1841-1841	метрична книга|сповідальні відомості	0	ДАТО-426-2-99
426	62	161	Метрична книга. Костел Св. Станіслава, м. Кременець Кременецького пов.	1909-1909	метрична книга|шлюб	0	ДАТО-426-62-161
426	67	230	Метрична книга. Костел Непорочного Зачаття Найсвятішої Панни Марії, с. Шумськ Кременецького пов.	1878-1878	метрична книга|шлюб	0	ДАТО-426-67-230
484	1	1	Метрична книга євреїв м. Кременець. Народження	1870-1870		1	ДАТО-484-1-1
484	1	10	Метрична книга євреїв м. Кременець. Народження	1876-1876		1	ДАТО-484-1-10
484	1	100	Книга записів про народження Кременецької єврейської громади	1876-1876		1	ДАТО-484-1-100
484	1	101	Книга записів про народження Кременецької єврейської громади	1892-1892		1	ДАТО-484-1-101
484	1	102	Книга записів про народження Кременецької єврейської	1894-1894		1	ДАТО-484-1-102
484	1	103	Книга запису народжень євреїв м. Кременець	1910-1910		1	ДАТО-484-1-103
484	1	104	Книга запису одружень євреїв м. Кременець	1878-1879		1	ДАТО-484-1-104
484	1	105	Метрична книга євреїв м. Кременець. Шлюб	1897-1897		1	ДАТО-484-1-105
484	1	106	Метрична книга євреїв м. Кременець. Розлучення	1885-1885,1888-1888		1	ДАТО-484-1-106
484	1	107	Книга записів про смерть Кременецької єврейської громади	1873-1874		1	ДАТО-484-1-107
484	1	108	Книга записів про смерть Кременецької єврейської громади	1881-1881		1	ДАТО-484-1-108
484	1	109	Метрична книга євреїв м. Кременець. Смерть	1910-1910		1	ДАТО-484-1-109
484	1	11	Метрична книга євреїв м. Кременець. Смерть	1876-1876	метрична книга|смерть	1	ДАТО-484-1-11
484	1	110	Метрична книга євреїв м. Лановці. Народження	1878-1894		1	ДАТО-484-1-110
484	1	111	Метрична книга євреїв м. Лановці. Розлучення і шлюб	1878-1919		1	ДАТО-484-1-111
484	1	112	Метрична книга євреїв м. Олексинець. Народження	1878-1913		1	ДАТО-484-1-112
484	1	113	Метрична книга євреїв м. Олексинець. Шлюб	1878-1885		1	ДАТО-484-1-113
484	1	114	Метрична книга євреїв м. Олексинець. Шлюб	1886-1913		1	ДАТО-484-1-114
484	1	115	Метрична книга євреїв м. Олексинець. Розлучення	1882-1914		1	ДАТО-484-1-115
484	1	116	Метрична книга євреїв м. Олексинець. Смерть	1881-1895		1	ДАТО-484-1-116
484	1	117	Метрична книга євреїв м. Олексинець. Смерть	1896-1897		1	ДАТО-484-1-117
484	1	118	Метрична книга євреїв м. Олексинець. Смерть	1899-1906		1	ДАТО-484-1-118
484	1	119	Метрична книга євреїв м. Олексинець. Смерть	1908-1914		1	ДАТО-484-1-119
484	1	12	Метрична книга євреїв м. Кременець. Народження	1877-1877	метрична книга|народження	1	ДАТО-484-1-12
484	1	120	Метрична книга євреїв м. Почаїв. Народження	1882-1894		1	ДАТО-484-1-120
484	1	121	Метрична книга євреїв м. Почаїв. Розлучення	1889-1896,1904-1904,1909-1909		1	ДАТО-484-1-121
484	1	122	Метрична книга євреїв м. Почаїв. Смерть	1878-1911		1	ДАТО-484-1-122
484	1	123	Метрична книга євреїв м. Рахманів. Смерть і розлучення	1880-1915		1	ДАТО-484-1-123
484	1	124	Метрична книга євреїв м. Бережці. Смерть	1899-1899		1	ДАТО-484-1-124
484	1	125	Метрична книга євреїв м. Бережці. Смерть	1903-1903		1	ДАТО-484-1-125
484	1	126	Метрична книга євреїв м. Вишгородок. Народження	1901-1904		1	ДАТО-484-1-126
484	1	127	Книга записів про народження Кременецької єврейської громади	1870-1870		1	ДАТО-484-1-127
484	1	128	Книга записів про народження Кременецької єврейської громади	1871-1871		1	ДАТО-484-1-128
484	1	129	Книга записів про народження Кременецької єврейської громади	1872-1872		1	ДАТО-484-1-129
484	1	13	Метрична книга євреїв м. Кременець. Смерть	1877-1877	метрична книга|смерть	1	ДАТО-484-1-13
484	1	130	Книга записів про народження Кременецької єврейської громади	1873-1873		1	ДАТО-484-1-130
484	1	131	Метрична книга євреїв м. Кременець. Народження	1874-1874		1	ДАТО-484-1-131
484	1	132	Книга записів про народження Кременецької єврейської громади	1877-1877		1	ДАТО-484-1-132
484	1	133	Книга записів про народження Кременецької єврейської громади	1878-1878		1	ДАТО-484-1-133
484	1	134	Книга записів про народження Кременецької єврейської громади	1880-1888		1	ДАТО-484-1-134
484	1	135	Книга записів про народження Кременецької єврейської громади	1891-1891		1	ДАТО-484-1-135
484	1	136	Книга записів про народження Кременецької єврейської громади	1893-1893		1	ДАТО-484-1-136
484	1	137	Книга записів про народження Кременецької єврейської громади	1898-1898		1	ДАТО-484-1-137
484	1	138	Метрична книга євреїв м. Кременець. Народження	1900-1900		1	ДАТО-484-1-138
484	1	139	Метрична книга євреїв м. Кременець. Народження	1901-1901		1	ДАТО-484-1-139
484	1	14	Метрична книга євреїв м. Кременець. Народження	1878-1878	метрична книга|народження	1	ДАТО-484-1-14
484	1	140	Метрична книга євреїв м. Кременець. Народження	1902-1903,1914-1914		1	ДАТО-484-1-140
484	1	141	Метрична книга євреїв м. Кременець. Народження	1905-1905		1	ДАТО-484-1-141
484	1	142	Метрична книга євреїв м. Кременець. Народження	1911-1911		1	ДАТО-484-1-142
484	1	143	Метрична книга євреїв м. Кременець. Народження	1912-1912		1	ДАТО-484-1-143
484	1	144	Метрична книга євреїв м. Кременець. Народження	1913-1913		1	ДАТО-484-1-144
484	1	145	Метрична книга євреїв м. Кременець. Народження	1917-1917		1	ДАТО-484-1-145
484	1	146	Метрична книга євреїв м. Кременець. Народження	1918-1918		1	ДАТО-484-1-146
484	1	147	Метрична книга євреїв м. Кременець. Шлюб	1870-1870		1	ДАТО-484-1-147
484	1	148	Книга запису одружень євреїв м. Кременець. Дублікат спр. 147	1870-1870		1	ДАТО-484-1-148
484	1	149	Метрична книга євреїв м. Кременець. Шлюб	1871-1871		1	ДАТО-484-1-149
484	1	15	Метрична книга євреїв м. Кременець. Смерть	1878-1878	метрична книга|смерть	1	ДАТО-484-1-15
484	1	150	Метрична книга євреїв м. Кременець. Шлюб	1872-1874		1	ДАТО-484-1-150
484	1	151	Метрична книга євреїв м. Кременець. Шлюб	1876-1876		1	ДАТО-484-1-151
484	1	152	Книга запису одружень євреїв м. Кременець. Дублікат спр. 151	1876-1876		1	ДАТО-484-1-152
484	1	153	Метрична книга євреїв м. Кременець. Шлюб	1877-1877		1	ДАТО-484-1-153
484	1	154	Метрична книга євреїв м. Кременець. Шлюб	1879-1879		1	ДАТО-484-1-154
484	1	155	Метрична книга євреїв м. Кременець. Шлюб	1880-1881		1	ДАТО-484-1-155
484	1	156	Метрична книга євреїв м. Кременець. Шлюб	1882-1882		1	ДАТО-484-1-156
484	1	157	Метрична книга євреїв м. Кременець. Шлюб	1883-1883		1	ДАТО-484-1-157
484	1	158	Метрична книга євреїв м. Кременець. Шлюб	1886-1886		1	ДАТО-484-1-158
484	1	159	Книга запису одружень євреїв м. Кременець. Дублікат спр. 158	1886-1886		1	ДАТО-484-1-159
484	1	16	Метрична книга євреїв м. Кременець. Народження	1879-1879	метрична книга|народження	1	ДАТО-484-1-16
484	1	160	Метрична книга євреїв м. Кременець. Шлюб	1888-1888		1	ДАТО-484-1-160
484	1	161	Метрична книга євреїв м. Кременець. Шлюб	1891-1891		1	ДАТО-484-1-161
484	1	162	Метрична книга євреїв м. Кременець. Шлюб	1892-1892		1	ДАТО-484-1-162
484	1	163	Метрична книга євреїв м. Кременець. Шлюб	1893-1893		1	ДАТО-484-1-163
484	1	164	Метрична книга євреїв м. Кременець. Шлюб	1894-1894		1	ДАТО-484-1-164
484	1	165	Метрична книга євреїв м. Кременець. Шлюб	1895-1895		1	ДАТО-484-1-165
484	1	166	Метрична книга євреїв м. Кременець. Шлюб	1896-1896		1	ДАТО-484-1-166
484	1	167	Книга запису одружень євреїв м. Кременець. Дублікат спр. 166	1896-1896		1	ДАТО-484-1-167
484	1	17	Метрична книга євреїв м. Кременець. Народження	1880-1880	метрична книга|народження	1	ДАТО-484-1-17
484	1	170	Метрична книга євреїв м. Кременець. Шлюб	1903-1903		1	ДАТО-484-1-170
484	1	171	Метрична книга євреїв м. Кременець. Шлюб	1906-1906		1	ДАТО-484-1-171
484	1	172	Метрична книга євреїв м. Кременець. Шлюб	1907-1907		1	ДАТО-484-1-172
484	1	173	Метрична книга євреїв м. Кременець. Шлюб	1919-1919		1	ДАТО-484-1-173
484	1	174	Метрична книга євреїв м. Кременець. Розлучення	1880-1880		1	ДАТО-484-1-174
484	1	175	Метрична книга євреїв м. Кременець. Розлучення	1880-1880		1	ДАТО-484-1-175
484	1	176	Метрична книга євреїв м. Кременець. Розлучення	1881-1883		1	ДАТО-484-1-176
484	1	177	Книга запису розлучень і одружень євреїв м. Кременець	1884-1884		1	ДАТО-484-1-177
484	1	178	Метрична книга євреїв м. Кременець. Розлучення	1885-1885		1	ДАТО-484-1-178
484	1	179	Метрична книга євреїв м. Кременець. Розлучення	1888-1888		1	ДАТО-484-1-179
484	1	18	Метрична книга євреїв м. Кременець. Смерть	1880-1880	метрична книга|смерть	1	ДАТО-484-1-18
484	1	180	Метрична книга євреїв м. Кременець. Розлучення	1890-1890		1	ДАТО-484-1-180
484	1	181	Метрична книга євреїв м. Кременець. Розлучення	1892-1894,1896-1896		1	ДАТО-484-1-181
484	1	182	Метрична книга євреїв м. Кременець. Розлучення	1907-1907		1	ДАТО-484-1-182
484	1	183	Метрична книга євреїв м. Кременець. Розлучення	1917-1917		1	ДАТО-484-1-183
484	1	184	Метрична книга євреїв м. Кременець. Розлучення	1912-1912		1	ДАТО-484-1-184
484	1	185	Книга реєстрації розлучень м. Шумськ (1884), м. Кременець	1889-1889		1	ДАТО-484-1-185
484	1	19	Метрична книга євреїв м. Кременець. Народження	1881-1881	метрична книга|народження	1	ДАТО-484-1-19
484	1	191	Метрична книга євреїв м. Кременець. Смерть	1879-1879		1	ДАТО-484-1-191
484	1	197	Метрична книга євреїв м. Кременець. Смерть	1917-1917		1	ДАТО-484-1-197
484	1	198	Метрична книга євреїв м. Кременець. Розлучення	1880-1894		1	ДАТО-484-1-198
484	1	199	Книга запису розлучень євреїв м. Кременець. Нардження	1909-1909		1	ДАТО-484-1-199
484	1	2	Метрична книга євреїв м. Кременець. Смерть	1870-1972	метрична книга|смерть	1	ДАТО-484-1-2
484	1	20	Метрична книга євреїв м. Кременець. Смерть	1881-1881	метрична книга|смерть	1	ДАТО-484-1-20
484	1	200	Книги запису одружень і розлучень євреїв м. Кременець	1887-1887		1	ДАТО-484-1-200
484	1	201	Книга запису розлучень євреїв м-ка Почаїв	1915-1915		1	ДАТО-484-1-201
484	1	202	Книги записів актів про народження євреїв і шлюби м-ка Рахманів і м-ка Білозірка	1878-1915		1	ДАТО-484-1-202
484	1	203	Книги записів народжених євреїв Шумська	1879-1896		1	ДАТО-484-1-203
484	1	204	Метрична книга євреїв м. Кременець. Народження	1908-1908		1	ДАТО-484-1-204
484	1	205	Метрична книга євреїв м. Кременець. Народження	1909-1909		1	ДАТО-484-1-205
484	1	21	Метрична книга євреїв м. Кременець. Народження	1882-1882	метрична книга|народження	1	ДАТО-484-1-21
484	1	210	Метрична книга євреїв м. Кременець. Народження	1914-1914		1	ДАТО-484-1-210
484	1	211	Метрична книга євреїв м. Кременець. Народження	1915-1915		1	ДАТО-484-1-211
484	1	212	Метрична книга євреїв м. Кременець. Народження	1917-1917		1	ДАТО-484-1-212
484	1	214	Метрична книга євреїв м. Кременець. Народження	1915-1915		1	ДАТО-484-1-214
484	1	219	Метрична книга євреїв м. Кременець. Шлюб	1914-1914		1	ДАТО-484-1-219
484	1	22	Метрична книга євреїв м. Кременець. Смерть	1882-1882	метрична книга|смерть	1	ДАТО-484-1-22
484	1	220	Метрична книга євреїв м. Кременець. Шлюб	1915-1915		1	ДАТО-484-1-220
484	1	221	Метрична книга євреїв м. Кременець. Шлюб	1917-1917		1	ДАТО-484-1-221
484	1	222	Метрична книга євреїв м. Кременець. Шлюб	1918-1918		1	ДАТО-484-1-222
484	1	223	Метрична книга євреїв м. Кременець. Шлюб	1919-1919,1922-1922		1	ДАТО-484-1-223
484	1	224	Метрична книга євреїв м. Кременець. Шлюб	1921-1921		1	ДАТО-484-1-224
484	1	225	Метрична книга євреїв м. Кременець. Смерть	1894-1894		1	ДАТО-484-1-225
484	1	226	Метрична книга євреїв м. Кременець. Смерть	1909-1909		1	ДАТО-484-1-226
484	1	227	Метрична книга євреїв м. Кременець. Смерть	1910-1910		1	ДАТО-484-1-227
484	1	228	Книги для запису смертей євреїв м. Кременець	1911-1911,1914-1915		1	ДАТО-484-1-228
484	1	229	Книга для запису смертей євреїв м. Кременець. С дублікатом	1913-1913		1	ДАТО-484-1-229
484	1	23	Метрична книга євреїв м. Кременець. Народження	1883-1883	метрична книга|народження	1	ДАТО-484-1-23
484	1	230	Книги записів померлих євреїв Кременця	1917-1920		1	ДАТО-484-1-230
484	1	231	Метрична книга євреїв м. Кременець. Шлюб	1921-1921		1	ДАТО-484-1-231
484	1	24	Метрична книга євреїв м. Кременець. Смерть	1883-1883	метрична книга|народження|смерть	1	ДАТО-484-1-24
484	1	25	Метрична книга євреїв м. Кременець. Народження	1884-1884		1	ДАТО-484-1-25
484	1	26	Метрична книга євреїв м. Кременець. Смерть	1884-1885	метрична книга|смерть	1	ДАТО-484-1-26
484	1	27	Метрична книга євреїв м. Кременець. Народження	1885-1885	метрична книга|народження	1	ДАТО-484-1-27
484	1	28	Метрична книга євреїв м. Кременець. Народження	1886-1886	метрична книга|народження	1	ДАТО-484-1-28
484	1	29	Метрична книга євреїв м. Кременець. Смерть	1886-1886	метрична книга|смерть	1	ДАТО-484-1-29
484	1	3	Метрична книга євреїв м. Кременець. Народження	1871-1871		1	ДАТО-484-1-3
484	1	30	Метрична книга євреїв м. Кременець. Смерть	1887-1887	метрична книга|смерть	1	ДАТО-484-1-30
484	1	31	Метрична книга євреїв м. Кременець. Народження	1888-1889	метрична книга|народження	1	ДАТО-484-1-31
484	1	32	Метрична книга євреїв м. Кременець. Смерть	1889-1889	метрична книга|смерть	1	ДАТО-484-1-32
484	1	33	Метрична книга євреїв м. Кременець. Народження	1890-1890	метрична книга|народження	1	ДАТО-484-1-33
484	1	34	Метрична книга євреїв м. Кременець. Смерть	1890-1890	метрична книга|смерть	1	ДАТО-484-1-34
484	1	35	Метрична книга євреїв м. Кременець. Народження	1891-1891		1	ДАТО-484-1-35
484	1	36	Метрична книга євреїв м. Кременець. Смерть	1891-1891	метрична книга|народження	1	ДАТО-484-1-36
484	1	37	Метрична книга євреїв м. Кременець. Народження	1892-1892	метрична книга|смерть	1	ДАТО-484-1-37
484	1	38	Метрична книга євреїв м. Кременець. Народження	1893-1897	метрична книга|народження	1	ДАТО-484-1-38
484	1	39	Метрична книга євреїв м. Кременець. Народження	1894-1894	метрична книга|народження	1	ДАТО-484-1-39
484	1	4	Метрична книга євреїв м. Кременець. Народження	1872-1872		1	ДАТО-484-1-4
484	1	40	Метрична книга євреїв м. Кременець. Смерть	1894-1894	метрична книга|смерть	1	ДАТО-484-1-40
484	1	41	Метрична книга євреїв м. Кременець. Народження	1895-1895	метрична книга|народження	1	ДАТО-484-1-41
484	1	42	Метрична книга євреїв м. Кременець. Смерть	1895-1896	метрична книга|смерть	1	ДАТО-484-1-42
484	1	43	Метрична книга євреїв м. Кременець. Народження	1896-1896	метрична книга|народження	1	ДАТО-484-1-43
484	1	44	Метрична книга євреїв м. Кременець. Народження	1897-1897	метрична книга|народження	1	ДАТО-484-1-44
484	1	45	Метрична книга євреїв м. Кременець. Смерть	1897-1897,1899-1899	метрична книга|смерть	1	ДАТО-484-1-45
484	1	46	Метрична книга євреїв м. Кременець. Народження	1898-1898	метрична книга|народження	1	ДАТО-484-1-46
484	1	47	Метрична книга євреїв м. Кременець. Народження	1899-1899	метрична книга|народження	1	ДАТО-484-1-47
484	1	48	Метрична книга євреїв м. Кременець. Шлюб	1899-1899	метрична книга|шлюб	1	ДАТО-484-1-48
484	1	49	Метрична книга євреїв м. Кременець. Народження	1900-1900	метрична книга|народження	1	ДАТО-484-1-49
484	1	5	Метрична книга євреїв м. Кременець. Народження	1873-1873	метрична книга|народження	1	ДАТО-484-1-5
484	1	50	Метрична книга євреїв м. Кременець. Шлюб	1900-1900	метрична книга|шлюб	1	ДАТО-484-1-50
484	1	51	Метрична книга євреїв м. Кременець. Смерть	1900-1901	метрична книга|смерть	1	ДАТО-484-1-51
484	1	52	Метрична книга євреїв м. Кременець. Народження	1901-1901	метрична книга|народження	1	ДАТО-484-1-52
484	1	53	Метрична книга євреїв м. Кременець. Шлюб	1901-1901	метрична книга|шлюб	1	ДАТО-484-1-53
484	1	54	Метрична книга євреїв м. Кременець. Народження	1902-1906	метрична книга|народження	1	ДАТО-484-1-54
484	1	55	Метрична книга євреїв м. Кременець. Шлюб	1902-1906	метрична книга|шлюб	1	ДАТО-484-1-55
484	1	56	Метрична книга євреїв м. Кременець. Смерть	1902-1906	метрична книга|смерть	1	ДАТО-484-1-56
484	1	57	Метрична книга євреїв м. Кременець. Народження	1903-1903	метрична книга|народження	1	ДАТО-484-1-57
484	1	58	Метрична книга євреїв м. Кременець. Народження	1904-1904	метрична книга|народження	1	ДАТО-484-1-58
484	1	59	Метрична книга євреїв м. Кременець. Шлюб. Том I	1904-1904	метрична книга|шлюб	1	ДАТО-484-1-59
484	1	6	Метрична книга євреїв м. Кременець. Смерть	1873-1873	метрична книга|смерть	1	ДАТО-484-1-6
484	1	60	Метрична книга євреїв м. Кременець. Шлюб. Том II	1904-1904	метрична книга|шлюб	1	ДАТО-484-1-60
484	1	61	Метрична книга євреїв м. Кременець. Розлучення	1904-1904	метрична книга|розлучення	1	ДАТО-484-1-61
484	1	62	Метрична книга євреїв м. Кременець. Народження	1905-1905	метрична книга|народження	1	ДАТО-484-1-62
484	1	63	Метрична книга євреїв м. Кременець. Смерть	1905-1905	метрична книга|смерть	1	ДАТО-484-1-63
484	1	64	Метрична книга євреїв м. Кременець. Народження	1906-1906		1	ДАТО-484-1-64
484	1	65	Метрична книга євреїв м. Кременець. Смерть	1906-1907	метрична книга|народження|смерть	1	ДАТО-484-1-65
484	1	66	Метрична книга євреїв м. Кременець. Шлюб	1907-1907	метрична книга|народження|шлюб	1	ДАТО-484-1-66
484	1	67	Метрична книга євреїв м. Кременець. Народження	1919-1919	метрична книга|народження	1	ДАТО-484-1-67
484	1	68	Книга реєстрації євреїв міста Кременець	1929-1929		1	ДАТО-484-1-68
484	1	69	Книга записів народжених євреїв м. Бережці (Підбережці)	1878-1912		1	ДАТО-484-1-69
484	1	7	Метрична книга євреїв м. Кременець. Народження	1874-1874	метрична книга|народження	1	ДАТО-484-1-7
484	1	70	Метрична книга євреїв м. Бережці. Шлюб	1880-1914		1	ДАТО-484-1-70
484	1	71	Метрична книга євреїв м. Бережці. Розлучення	1881-1914		1	ДАТО-484-1-71
484	1	72	Метрична книга євреїв м. Бережці. Смерть	1880-1914		1	ДАТО-484-1-72
484	1	73	Метрична книга євреїв м. Бережці. Смерть	1889-1889		1	ДАТО-484-1-73
484	1	74	Метрична книга євреїв м. Бережці. Смерть	1892-1892		1	ДАТО-484-1-74
484	1	75	Метрична книга євреїв м. Бережці. Смерть	1893-1893		1	ДАТО-484-1-75
484	1	76	Метрична книга євреїв м. Бережці. Смерть	1897-1897		1	ДАТО-484-1-76
484	1	77	Метрична книга євреїв м. Бережці. Смерть	1898-1898		1	ДАТО-484-1-77
484	1	78	Метрична книга євреїв м. Бережці. Смерть	1904-1904,1906-1906		1	ДАТО-484-1-78
484	1	79	Метрична книга євреїв м. Бережці. Смерть	1905-1905		1	ДАТО-484-1-79
484	1	8	Метрична книга євреїв м. Кременець. Смерть	1874-1875	метрична книга|смерть	1	ДАТО-484-1-8
484	1	80	Метрична книга євреїв м. Бережці. Смерть	1907-1907		1	ДАТО-484-1-80
484	1	81	Метрична книга євреїв м. Бережці. Смерть	1908-1908		1	ДАТО-484-1-81
484	1	82	Метрична книга євреїв м. Бережці. Смерть	1911-1911		1	ДАТО-484-1-82
484	1	83	Метрична книга євреїв м. Бережці. Смерть	1912-1912		1	ДАТО-484-1-83
484	1	84	Метрична книга євреїв м. Бережці. Смерть	1913-1913		1	ДАТО-484-1-84
484	1	85	Метрична книга євреїв м. Білозерка. Народження	1879-1922		1	ДАТО-484-1-85
484	1	86	Книга записів про шлюб Білозірської єврейської громади Кременецького повіту	1878-1925		1	ДАТО-484-1-86
484	1	87	Книга записів про розлучення Білозірської єврейської громади Кременецького повіту	1880-1925		1	ДАТО-484-1-87
484	1	88	Метрична книга євреїв м. Вишгородок. Народження	1878-1900		1	ДАТО-484-1-88
484	1	89	Метрична книга євреїв м. Вишгородок. Розлучення	1882-1914		1	ДАТО-484-1-89
484	1	9	Метрична книга євреїв м. Кременець. Народження	1875-1875		1	ДАТО-484-1-9
484	1	90	Метрична книга євреїв м. Вишневець. Народження	1878-1888		1	ДАТО-484-1-90
484	1	91	Метрична книга євреїв м. Вишневець. Народження	1889-1896		1	ДАТО-484-1-91
484	1	92	Метрична книга євреїв м. Вишневець. Народження	1897-1897,1900-1903		1	ДАТО-484-1-92
484	1	93	Метрична книга євреїв м. Вишневець. Народження	1904-1906		1	ДАТО-484-1-93
484	1	94	Метрична книга євреїв м. Вишневець. Народження	1910-1922		1	ДАТО-484-1-94
484	1	96	Метрична книга євреїв м. Катербург. Розлучення	1878-1915		1	ДАТО-484-1-96
484	1	97	Метрична книга євреїв м. Кременець. Народження	1879-1879		1	ДАТО-484-1-97
484	1	98	Книга для народжень євреїв м. Кременець	1922-1922		1	ДАТО-484-1-98
484	1	99	Метрична книга євреїв м. Кременець. Смерть	1898-1898		1	ДАТО-484-1-99
485	1	1	Метрична книга. Костел Св. Петра і Павла, м. Бережани Бережанського пов.	1784-1907	метрична книга|шлюб	0	ДАТО-485-1-1
485	1	10	Метрична книга. Костел, с. Ланівці Борщівського пов.	1847-1907	метрична книга|народження	0	ДАТО-485-1-10
485	1	100	Метрична книга. Костел Св. Станіслава Б.М., с. Іванівка Теребовлянського пов.	1875-1903	метрична книга|народження	0	ДАТО-485-1-100
485	1	101	104	1870-1900	метрична книга|шлюб	0	ДАТО-485-1-101
485	1	102	105	1875-1917	метрична книга|смерть	0	ДАТО-485-1-102
485	1	103	Метрична книга. Костел Св. Апостолів Петра і Павла, м. Теребовля Теребовлянського пов.	1876-1918	метрична книга|шлюб	0	ДАТО-485-1-103
485	1	104	106	1786-1840,1854-1888	метрична книга|смерть	0	ДАТО-485-1-104
485	1	105	Метрична книга. Костел Найсвятішої Тройці, с. Микулинці Тернопільського пов.	1879-1879,1882-1899	метрична книга|народження|смерть|шлюб	0	ДАТО-485-1-105
485	1	106	Метрична книга. –	1874-1876	метрична книга|народження	0	ДАТО-485-1-106
485	1	107	Метрична книга. –	1918-1933	метрична книга|шлюб	0	ДАТО-485-1-107
485	1	108	107	1784-1891	метрична книга|народження	0	ДАТО-485-1-108
485	1	109	Метрична книга. Костели м. Тернополя	1784-1873	метрична книга|народження	0	ДАТО-485-1-109
485	1	11	Метрична книга римо-католицького костелу с. Латківці. Народження (1784-1924). Шлюб (1786-1923). Смерть (1785-1924	1784-1924	метрична книга|народження|смерть|шлюб	1	ДАТО-485-1-11
485	1	110	Метрична книга. Костели м. Тернополя	1784-1890	метрична книга|народження	0	ДАТО-485-1-110
485	1	111	Метрична книга. Костели м. Тернополя	1784-1861	метрична книга|шлюб	0	ДАТО-485-1-111
485	1	112	Метрична книга. Костели м. Тернополя	1784-1870	метрична книга|шлюб	0	ДАТО-485-1-112
485	1	113	Метрична книга. Костели м. Тернополя	1784-1904	метрична книга|смерть	0	ДАТО-485-1-113
485	1	114	Метрична книга. Костели м. Тернополя	1862-1888	метрична книга|шлюб	0	ДАТО-485-1-114
485	1	115	Метрична книга. Костели м. Тернополя	1865-1889	метрична книга|смерть	0	ДАТО-485-1-115
485	1	116	Метрична книга. Костели м. Тернополя	1869-1886	метрична книга|народження	0	ДАТО-485-1-116
485	1	117	Метрична книга. Костели м. Тернополя	1870-1897	метрична книга|шлюб	0	ДАТО-485-1-117
485	1	118	Метрична книга. Костели м. Тернополя	1873-1901	метрична книга|народження	0	ДАТО-485-1-118
485	1	119	Метрична книга. Костели м. Тернополя	1886-1899	метрична книга|народження	0	ДАТО-485-1-119
485	1	12	Метрична книга. Костел, с. Мушкатівка Борщівського пов.	1784-1874	метрична книга|народження|смерть|шлюб	0	ДАТО-485-1-12
485	1	120	Метрична книга. Костели м. Тернополя	1889-1905	метрична книга|смерть	0	ДАТО-485-1-120
485	1	121	Метрична книга. Костели м. Тернополя	1899-1907	метрична книга|народження	0	ДАТО-485-1-121
485	1	122	Метрична книга римо-католицького костелу м. Тернопіль. Шлюб	1897-1911	метрична книга|шлюб	1	ДАТО-485-1-122
485	1	123	Метрична книга римо-католицького костелу м. Тернопіль. Смерть	1905-1924	метрична книга|смерть	1	ДАТО-485-1-123
485	1	124	Метрична книга. –; Костел Св. Станіслава Б.М., с. Заліщики Заліщицького пов.; Костел, с. Язловець Бучацького пов.	1876-1890	метрична книга|народження	0	ДАТО-485-1-124
485	1	125	109	1874-1914	метрична книга|народження|смерть|шлюб	0	ДАТО-485-1-125
485	1	126	Метрична книга. Костел Св. Апостолів Петра і Павла, с. Білобожниця Чортківського пов.	1858-1918	метрична книга|народження|смерть|шлюб	0	ДАТО-485-1-126
485	1	127	Метрична книга. Костел Св. Станіслава, м. Чортків Чортківського пов.	1877-1902	метрична книга|народження	0	ДАТО-485-1-127
485	1	128	103	1784-1901		0	ДАТО-485-1-128
485	1	129	Метрична книга. –; Костел, с. Язловець Бучацького пов.	1876-1899	метрична книга|народження	0	ДАТО-485-1-129
485	1	13	Метрична книга. Костел, с. Окопи Борщівського пов.	1851-1900	метрична книга|народження	0	ДАТО-485-1-13
485	1	130	Метрична книга. –; Костел, с. Язловець Бучацького пов.	1880-1899	метрична книга|народження	0	ДАТО-485-1-130
485	1	14	Метрична книга. Костел Св. Ядвіги, с. Пилатківці Борщівського пов.	1853-1874	метрична книга|народження	0	ДАТО-485-1-14
485	1	15	Метрична книга. Костел, с. Пилипе Борщівського пов.	1859-1874	метрична книга|народження	0	ДАТО-485-1-15
485	1	16	Метрична книга. Костел, с. Тарнавка Борщівського пов.	1904-1941,1943-1943	метрична книга|народження|смерть|шлюб	0	ДАТО-485-1-16
485	1	17	Метрична книга. Костел, с. Худиківці Борщівського пов.	1859-1877	метрична книга|народження	0	ДАТО-485-1-17
485	1	18	Метрична книга. Костел Св. Апостолів Петра і Павла, с. Цигани Борщівського пов.	1872-1896	метрична книга|народження	0	ДАТО-485-1-18
485	1	19	Метрична книга. Костел, с. Космирин Бучацького пов.; Костел, с. Рублин Бучацького пов.	1868-1900	метрична книга|народження	0	ДАТО-485-1-19
485	1	2	Метрична книга. Костел Св. Петра і Павла, м. Бережани Бережанського пов.	1784-1907	метрична книга|народження	0	ДАТО-485-1-2
485	1	20	Метрична книга. Костел, с. Доброводи Бучацького пов.; Костел, с. Заставці Бучацького пов.; Костел, с. Ковалівка Бучацького пов.; Костел, с. Олеша Бучацького пов.; Костел, с. Швейків Бучацького пов.	1898-1898	метрична книга|народження|смерть|шлюб	0	ДАТО-485-1-20
485	1	21	Метрична книга. Костел, с. Космирин Бучацького пов.; Костел, с. Рублин Бучацького пов.	1784-1944	метрична книга|народження|смерть|шлюб	0	ДАТО-485-1-21
485	1	210	Метрична книга римо-католицького костелу с. Грицівці. Шлюб	1863-1917		1	ДАТО-485-1-210
485	1	22	Метрична книга римо-католицького костелу с. Садове. Смерть	1832-1904	метрична книга|народження|смерть|шлюб	1	ДАТО-485-1-22
485	1	23	Метрична книга. Костел, с. Стара Гута Бучацького пов.	1784-1886	метрична книга|народження	0	ДАТО-485-1-23
485	1	24				0	ДАТО-485-1-24
485	1	25	Метрична книга. Костел, с. Язловець Бучацького пов.	1876-1894,1896-1896	метрична книга|шлюб	0	ДАТО-485-1-25
485	1	26	Метрична книга. Костел, с. Язловець Бучацького пов.	1876-1894,1896-1896	метрична книга|смерть	0	ДАТО-485-1-26
485	1	27	Метрична книга. Костел, с. Язловець Бучацького пов.	1900-1921	метрична книга|смерть	0	ДАТО-485-1-27
485	1	29	Метрична книга. –	1842-1879	метрична книга|народження	0	ДАТО-485-1-29
485	1	3	Метрична книга римо-католицького костелу с. Вільховець. Смерть	1784-1916	метрична книга|смерть	1	ДАТО-485-1-3
485	1	30	Метрична книга. –	1855-1897	метрична книга|шлюб	0	ДАТО-485-1-30
485	1	31	Метрична книга. –	1879-1906	метрична книга|народження	0	ДАТО-485-1-31
485	1	32	Метрична книга. –	1854-1891	метрична книга|шлюб	0	ДАТО-485-1-32
485	1	33	Метрична книга. –	1863-1888	метрична книга|народження	0	ДАТО-485-1-33
485	1	34	Метрична книга. –	1784-1890	метрична книга|народження	0	ДАТО-485-1-34
485	1	36	Метрична книга. –	1784-1784,1791-1814,1818-1818,1821-1821,1842-1842,1880-1880	метрична книга|шлюб	0	ДАТО-485-1-36
485	1	37	Метрична книга. –	1859-1900	метрична книга|шлюб	0	ДАТО-485-1-37
485	1	38	Метрична книга. –	1868-1905	метрична книга|народження	0	ДАТО-485-1-38
485	1	39	97	1847-1924	метрична книга|смерть	0	ДАТО-485-1-39
485	1	4	Метрична книга римо-католицького костелу с. Лісники. Народження	1784-1910	метрична книга|народження	1	ДАТО-485-1-4
485	1	40	Метрична книга. –	1864-1889	метрична книга|народження	0	ДАТО-485-1-40
485	1	41	Метрична книга. Костел, с. Зарудечко Збаразького пов.	1857-1862,1864-1864,1910-1910,1918-1918,1935-1935	метрична книга|смерть	0	ДАТО-485-1-41
485	1	42	96	1892-1909	метрична книга|народження	0	ДАТО-485-1-42
485	1	43	Метрична книга. Костел Св. Антонія, м. Збараж Збаразького пов.	1871-1892	метрична книга|народження	0	ДАТО-485-1-43
485	1	44	Метрична книга. Костел Св. Антонія, м. Збараж Збаразького пов.	1872-1907	метрична книга|смерть	0	ДАТО-485-1-44
485	1	45	Метрична книга. Костел, с. Киданці Збаразького пов.	1873-1890	метрична книга|шлюб	0	ДАТО-485-1-45
485	1	46	Метрична книга. Костел, с. Кошляки Збаразького пов.	1852-1876	метрична книга|шлюб	0	ДАТО-485-1-46
485	1	47	Метрична книга. Костел, с. Кошляки Збаразького пов.	1889-1906	метрична книга|народження	0	ДАТО-485-1-47
485	1	48	Метрична книга. Костел, с. Старий Збараж Збаразького пов.	1840-1861	метрична книга|народження	0	ДАТО-485-1-48
485	1	49	Метрична книга. Костел, с. Старий Збараж Збаразького пов.	1861-1868	метрична книга|народження	0	ДАТО-485-1-49
485	1	5	Метрична книга римо-католицького костелу с. Лісники. Смерть	1784-1925	метрична книга|смерть	1	ДАТО-485-1-5
485	1	50	Метрична книга. Костел, с. Старий Збараж Збаразького пов.	1868-1898	метрична книга|народження	0	ДАТО-485-1-50
485	1	51	Метрична книга. –	1824-1825,1827-1827,1829-1829,1831-1831,1836-1836,1840-1840,1842-1842,1846-1846,1848-1848,1851-1851,1857-1857,1861-1861,1863-1863,1872-1872,1877-1877,1880-1880,1884-1884,1888-1888,1891-1891,1894-1894	метрична книга|шлюб	0	ДАТО-485-1-51
485	1	52	Метрична книга. Костел, с. Яцівці Збаразького пов.	1843-1893	метрична книга|шлюб	0	ДАТО-485-1-52
485	1	53	Метрична книга. –	1886-1903,1928-1928	метрична книга|смерть|шлюб	0	ДАТО-485-1-53
485	1	54	Метрична книга. –	1784-1919	метрична книга|народження	0	ДАТО-485-1-54
485	1	55	Метрична книга. Костел, с. Жабинці Копичинецького пов.	1869-1919	метрична книга|народження	0	ДАТО-485-1-55
485	1	56	Метрична книга. Костел, с. Копичинці Копичинецького пов.	1855-1890	метрична книга|шлюб	0	ДАТО-485-1-56
485	1	57	Метрична книга. Костел, с. Копичинці Копичинецького пов.	1862-1876	метрична книга|народження	0	ДАТО-485-1-57
485	1	58	Метрична книга. Костел, с. Копичинці Копичинецького пов.	1876-1898	метрична книга|народження	0	ДАТО-485-1-58
485	1	59	Метрична книга. Костел Св. Апостолів Петра і Павла, с. Коцюбинці Копичинецького пов.	1856-1884	метрична книга|народження	0	ДАТО-485-1-59
485	1	6	Метрична книга римо-католицького костелу с. Лісники. Шлюб	1784-1926	метрична книга|шлюб	1	ДАТО-485-1-6
485	1	60	Метрична книга. Костел сіл Білокриниця, Підгайці Підгаєцького пов.	1900-1900	метрична книга|народження	0	ДАТО-485-1-60
485	1	61	Метрична книга. Костел сіл Білокриниця, Підгайці Підгаєцького пов.	1903-1903	метрична книга|народження	0	ДАТО-485-1-61
485	1	62	Метрична книга. Костел сіл Білокриниця, Підгайці Підгаєцького пов.	1876-1898	метрична книга|шлюб	0	ДАТО-485-1-62
485	1	63	Метрична книга. Костел сіл Білокриниця, Підгайці Підгаєцького пов.	1878-1898	метрична книга|смерть	0	ДАТО-485-1-63
485	1	64				0	ДАТО-485-1-64
485	1	65	Метрична книга. Костел сіл Білокриниця, Підгайці Підгаєцького пов.	1901-1901	метрична книга|смерть	0	ДАТО-485-1-65
485	1	66	Метрична книга. Костел, с. Горожанка Підгаєцького пов.; Костел, с. Демів Станіславського пов.	1881-1905	метрична книга|народження	0	ДАТО-485-1-66
485	1	67	Метрична книга. –; Костел, с. Волиця Підгаєцького пов.	1876-1903	метрична книга|народження|смерть|шлюб	0	ДАТО-485-1-67
485	1	68	Метрична книга. –	1880-1918	метрична книга|народження|смерть	0	ДАТО-485-1-68
485	1	69	Метрична книга. Костел, с. Підгайці Підгаєцького пов.	1826-1868	метрична книга|шлюб	0	ДАТО-485-1-69
485	1	7	Метрична книга римо-католицького костелу с. Посухів. Народження	1784-1906	метрична книга|народження	1	ДАТО-485-1-7
485	1	70	Метрична книга. Костел, с. Підгайці Підгаєцького пов.	1892-1901	метрична книга|смерть	0	ДАТО-485-1-70
485	1	71	Метрична книга. Костел, с. Товстобаби Підгаєцького пов.	1876-1905	метрична книга|народження|смерть	0	ДАТО-485-1-71
485	1	72	Метрична книга. –	1785-1872	метрична книга|смерть	0	ДАТО-485-1-72
485	1	73	Метрична книга. Костел Св. Івана Хрестителя, с. Галущинці Скалатського пов.	1844-1886	метрична книга|народження|шлюб	0	ДАТО-485-1-73
485	1	74	Метрична книга. Костел Св. Івана Хрестителя, с. Галущинці Скалатського пов.	1861-1885	метрична книга|народження	0	ДАТО-485-1-74
485	1	75	Метрична книга. Костел Св. Івана Хрестителя, с. Галущинці Скалатського пов.	1849-1904	метрична книга|народження	0	ДАТО-485-1-75
485	1	76	Метрична книга. Костел Св. Апостолів Петра і Павла, с. Жеребки Скалатського пов.	1784-1899	метрична книга|смерть	0	ДАТО-485-1-76
485	1	77	Метрична книга. Костел Св. Апостолів Петра і Павла, с. Жеребки Скалатського пов.	1836-1890	метрична книга|народження	0	ДАТО-485-1-77
485	1	78	Метрична книга. Костел Св. Апостолів Петра і Павла, с. Жеребки Скалатського пов.	1784-1801,1803-1803,1816-1816,1822-1822,1826-1826,1834-1834,1836-1836,1850-1850,1865-1865,1875-1875,1881-1881,1887-1887,1890-1890	метрична книга|шлюб	0	ДАТО-485-1-78
485	1	79	Метрична книга. Костел Св. Апостолів Петра і Павла, с. Жеребки Скалатського пов.	1784-1899	метрична книга|народження	0	ДАТО-485-1-79
485	1	8	Метрична книга римо-католицького костелу с. Залісся. Народження (1784-1789). Шлюб (1785-1911). Смерть (1785-1910)	1784-1911	метрична книга|народження|смерть|шлюб	1	ДАТО-485-1-8
485	1	80	Метрична книга. Костел, с. Іванівка Скалатського пов.	1847-1876	метрична книга|народження	0	ДАТО-485-1-80
485	1	81	Метрична книга. Костел Св. Михайла Архангела, с. Качанівка Скалатського пов.	1860-1876	метрична книга|народження	0	ДАТО-485-1-81
485	1	82	Метрична книга. Костел Св. Михайла Архангела, с. Качанівка Скалатського пов.	1876-1899	метрична книга|народження	0	ДАТО-485-1-82
485	1	83	Метрична книга. Костел Св. Станіслава Костки, с. Колодіївка Скалатського пов.	1858-1885	метрична книга|народження	0	ДАТО-485-1-83
485	1	84	Метрична книга. Костел Св. Антонія, с. Красне Скалатського пов.	1784-1874	метрична книга|смерть|шлюб	0	ДАТО-485-1-84
485	1	85	Метрична книга. Костел Св. Антонія, с. Красне Скалатського пов.	1784-1892	метрична книга|народження	0	ДАТО-485-1-85
485	1	86	Метрична книга. Костел Св. Антонія, с. Красне Скалатського пов.	1846-1890	метрична книга|смерть	0	ДАТО-485-1-86
485	1	87	Метрична книга. Костел Св. Антонія, с. Красне Скалатського пов.	1868-1899	метрична книга|народження	0	ДАТО-485-1-87
485	1	88	Метрична книга. Костел, с. Магдалівка Скалатського пов.	1876-1900	метрична книга|народження|смерть|шлюб	0	ДАТО-485-1-88
485	1	89	Метрична книга. –	1846-1882	метрична книга|народження	0	ДАТО-485-1-89
485	1	9	Метрична книга. Костел, с. Капустинці Борщівського пов.; Костел, с. Лисівці Заліщицького пов.; Костел, с. Мушкарів Борщівського пов.; Костел, с. Товсте Заліщицького пов.; Костел, с. Шершенівка Борщівського пов. та інші церкви	1880-1910	метрична книга|смерть	0	ДАТО-485-1-9
485	1	90	101	1873-1944	метрична книга|смерть	0	ДАТО-485-1-90
485	1	91	Метрична книга. Костел Св. Йосипа, с. Полупанівка Скалатського пов.	1784-1870	метрична книга|народження|смерть|шлюб	0	ДАТО-485-1-91
485	1	92	Метрична книга. Костел Св. Йосипа, с. Полупанівка Скалатського пов.	1849-1868	метрична книга|народження	0	ДАТО-485-1-92
485	1	93	Метрична книга. Костел Св. Йосипа, с. Полупанівка Скалатського пов.	1844-1872	метрична книга|смерть	0	ДАТО-485-1-93
485	1	94	Метрична книга. Костел Благословенного Якуба Стреми, с. Старий Скалат Скалатського пов.	1848-1894	метрична книга|смерть	0	ДАТО-485-1-94
485	1	95	Метрична книга. Костел Благословенного Якуба Стреми, с. Старий Скалат Скалатського пов.	1863-1894	метрична книга|народження	0	ДАТО-485-1-95
485	1	96	Метрична книга. Костел Воздвиження Св. Хреста, с. Буданів Теребовлянського пов.	1874-1900	метрична книга|народження	0	ДАТО-485-1-96
485	1	97	Метрична книга. Костел Воздвиження Св. Хреста, с. Буданів Теребовлянського пов.	1859-1877	метрична книга|народження	0	ДАТО-485-1-97
485	1	98	102	1784-1916	метрична книга|смерть	0	ДАТО-485-1-98
485	1	99	Метрична книга. –	1784-1906	метрична книга|народження|шлюб	0	ДАТО-485-1-99
486	1	1				0	ДАТО-486-1-1
486	1	10				1	ДАТО-486-1-10
486	1	100				0	ДАТО-486-1-100
486	1	101				0	ДАТО-486-1-101
486	1	102				0	ДАТО-486-1-102
486	1	103				0	ДАТО-486-1-103
486	1	104				0	ДАТО-486-1-104
486	1	105				0	ДАТО-486-1-105
486	1	106				0	ДАТО-486-1-106
486	1	107				0	ДАТО-486-1-107
486	1	108				0	ДАТО-486-1-108
486	1	109				0	ДАТО-486-1-109
486	1	11				1	ДАТО-486-1-11
486	1	110				0	ДАТО-486-1-110
486	1	111				0	ДАТО-486-1-111
486	1	112				0	ДАТО-486-1-112
486	1	113				0	ДАТО-486-1-113
486	1	114				0	ДАТО-486-1-114
486	1	115				0	ДАТО-486-1-115
486	1	116				0	ДАТО-486-1-116
486	1	117				0	ДАТО-486-1-117
486	1	118				0	ДАТО-486-1-118
486	1	119				0	ДАТО-486-1-119
486	1	12				1	ДАТО-486-1-12
486	1	121				0	ДАТО-486-1-121
486	1	122				0	ДАТО-486-1-122
486	1	123				0	ДАТО-486-1-123
486	1	124				0	ДАТО-486-1-124
486	1	125				0	ДАТО-486-1-125
486	1	126				0	ДАТО-486-1-126
486	1	127				0	ДАТО-486-1-127
486	1	128				0	ДАТО-486-1-128
486	1	129				0	ДАТО-486-1-129
486	1	13		1896-1905		2	ДАТО-486-1-13
486	1	130				0	ДАТО-486-1-130
486	1	131				0	ДАТО-486-1-131
486	1	132				0	ДАТО-486-1-132
486	1	133				0	ДАТО-486-1-133
486	1	134				0	ДАТО-486-1-134
486	1	135				0	ДАТО-486-1-135
486	1	136А				0	ДАТО-486-1-136А
486	1	137				0	ДАТО-486-1-137
486	1	138				0	ДАТО-486-1-138
486	1	139				0	ДАТО-486-1-139
486	1	14		1896-1905		1	ДАТО-486-1-14
486	1	140				0	ДАТО-486-1-140
486	1	141				0	ДАТО-486-1-141
486	1	142				0	ДАТО-486-1-142
486	1	143				0	ДАТО-486-1-143
486	1	144				0	ДАТО-486-1-144
486	1	144А				0	ДАТО-486-1-144А
486	1	144Б				0	ДАТО-486-1-144Б
486	1	145				0	ДАТО-486-1-145
486	1	146				0	ДАТО-486-1-146
486	1	147				0	ДАТО-486-1-147
486	1	147А				0	ДАТО-486-1-147А
486	1	148				0	ДАТО-486-1-148
486	1	149				0	ДАТО-486-1-149
486	1	15		1896-1905		1	ДАТО-486-1-15
486	1	150				0	ДАТО-486-1-150
486	1	151				0	ДАТО-486-1-151
486	1	152				0	ДАТО-486-1-152
486	1	153				0	ДАТО-486-1-153
486	1	154				0	ДАТО-486-1-154
486	1	155				0	ДАТО-486-1-155
486	1	156				0	ДАТО-486-1-156
486	1	156А				0	ДАТО-486-1-156А
486	1	157				0	ДАТО-486-1-157
486	1	158				0	ДАТО-486-1-158
486	1	159				0	ДАТО-486-1-159
486	1	16		1896-1905		1	ДАТО-486-1-16
486	1	160				0	ДАТО-486-1-160
486	1	161				0	ДАТО-486-1-161
486	1	162				0	ДАТО-486-1-162
486	1	163				0	ДАТО-486-1-163
486	1	164				0	ДАТО-486-1-164
486	1	165				0	ДАТО-486-1-165
486	1	166				0	ДАТО-486-1-166
486	1	167				0	ДАТО-486-1-167
486	1	168				0	ДАТО-486-1-168
486	1	169				0	ДАТО-486-1-169
486	1	17		1896-1905		1	ДАТО-486-1-17
486	1	170				0	ДАТО-486-1-170
486	1	171				0	ДАТО-486-1-171
486	1	172				0	ДАТО-486-1-172
486	1	173				0	ДАТО-486-1-173
486	1	175		1891-1900		2	ДАТО-486-1-175
486	1	176		1901-1907		1	ДАТО-486-1-176
486	1	177		1885-1885		2	ДАТО-486-1-177
486	1	178		1885-1890		1	ДАТО-486-1-178
486	1	179		1891-1895		1	ДАТО-486-1-179
486	1	18		1896-1905		1	ДАТО-486-1-18
486	1	180	125	1880-1900		2	ДАТО-486-1-180
486	1	181	126	1891-1900,1901-1905		2	ДАТО-486-1-181
486	1	182	127	1892-1896,1901-1906		3	ДАТО-486-1-182
486	1	183				1	ДАТО-486-1-183
486	1	184				1	ДАТО-486-1-184
486	1	185				1	ДАТО-486-1-185
486	1	186				1	ДАТО-486-1-186
486	1	187				1	ДАТО-486-1-187
486	1	188				0	ДАТО-486-1-188
486	1	189				0	ДАТО-486-1-189
486	1	19		1900-1903		1	ДАТО-486-1-19
486	1	190				0	ДАТО-486-1-190
486	1	191				0	ДАТО-486-1-191
486	1	192				0	ДАТО-486-1-192
486	1	193				0	ДАТО-486-1-193
486	1	194				0	ДАТО-486-1-194
486	1	195				0	ДАТО-486-1-195
486	1	196		1880-1903		1	ДАТО-486-1-196
486	1	197		1880-1903		1	ДАТО-486-1-197
486	1	198		1880-1903		1	ДАТО-486-1-198
486	1	199		1880-1903		1	ДАТО-486-1-199
486	1	2				0	ДАТО-486-1-2
486	1	20		1904-1907		1	ДАТО-486-1-20
486	1	200		1880-1903		2	ДАТО-486-1-200
486	1	201		1889-1894		1	ДАТО-486-1-201
486	1	202		1895-1900		1	ДАТО-486-1-202
486	1	203		1901-1907		1	ДАТО-486-1-203
486	1	204		1880-1886		1	ДАТО-486-1-204
486	1	205		1887-1892		1	ДАТО-486-1-205
486	1	206				0	ДАТО-486-1-206
486	1	207				0	ДАТО-486-1-207
486	1	208				0	ДАТО-486-1-208
486	1	209				0	ДАТО-486-1-209
486	1	21				0	ДАТО-486-1-21
486	1	210				0	ДАТО-486-1-210
486	1	211				0	ДАТО-486-1-211
486	1	212				0	ДАТО-486-1-212
486	1	213				0	ДАТО-486-1-213
486	1	214				0	ДАТО-486-1-214
486	1	215				0	ДАТО-486-1-215
486	1	216				1	ДАТО-486-1-216
486	1	217				1	ДАТО-486-1-217
486	1	218				0	ДАТО-486-1-218
486	1	219				0	ДАТО-486-1-219
486	1	22				0	ДАТО-486-1-22
486	1	220				0	ДАТО-486-1-220
486	1	221				1	ДАТО-486-1-221
486	1	222				1	ДАТО-486-1-222
486	1	223				1	ДАТО-486-1-223
486	1	224				1	ДАТО-486-1-224
486	1	225				1	ДАТО-486-1-225
486	1	226				1	ДАТО-486-1-226
486	1	227				0	ДАТО-486-1-227
486	1	228				0	ДАТО-486-1-228
486	1	229				0	ДАТО-486-1-229
486	1	23				0	ДАТО-486-1-23
486	1	230				0	ДАТО-486-1-230
486	1	231				0	ДАТО-486-1-231
486	1	232				1	ДАТО-486-1-232
486	1	233				0	ДАТО-486-1-233
486	1	234				0	ДАТО-486-1-234
486	1	235				0	ДАТО-486-1-235
486	1	236				0	ДАТО-486-1-236
486	1	237				0	ДАТО-486-1-237
486	1	238				0	ДАТО-486-1-238
486	1	239				0	ДАТО-486-1-239
486	1	24				0	ДАТО-486-1-24
486	1	240				1	ДАТО-486-1-240
486	1	241				1	ДАТО-486-1-241
486	1	242				1	ДАТО-486-1-242
486	1	243				1	ДАТО-486-1-243
486	1	244				0	ДАТО-486-1-244
486	1	245				0	ДАТО-486-1-245
486	1	246				0	ДАТО-486-1-246
486	1	247				0	ДАТО-486-1-247
486	1	248				0	ДАТО-486-1-248
486	1	249				0	ДАТО-486-1-249
486	1	25				0	ДАТО-486-1-25
486	1	250				0	ДАТО-486-1-250
486	1	251	Метрична книга Св. Покровської церкви с. Старий Почаїв Кременецького повіту	1880-1888		1	ДАТО-486-1-251
486	1	252	Метрична книга Св. Покровської церкви с. Старий Почаїв Кременецького повіту	1884-1884,1889-1896		1	ДАТО-486-1-252
486	1	253				0	ДАТО-486-1-253
486	1	254	Метрична книга Св. Покровської церкви с. Старий Почаїв Кременецького повіту	1900-1902		1	ДАТО-486-1-254
486	1	255	Метрична книга Св. Покровської церкви с. Старий Почаїв Кременецького повіту	1903-1905		1	ДАТО-486-1-255
486	1	256				0	ДАТО-486-1-256
486	1	257				0	ДАТО-486-1-257
486	1	258				0	ДАТО-486-1-258
486	1	259				0	ДАТО-486-1-259
486	1	26				0	ДАТО-486-1-26
486	1	260				0	ДАТО-486-1-260
486	1	261				0	ДАТО-486-1-261
486	1	262				0	ДАТО-486-1-262
486	1	263				0	ДАТО-486-1-263
486	1	264				0	ДАТО-486-1-264
486	1	265				0	ДАТО-486-1-265
486	1	266				0	ДАТО-486-1-266
486	1	267				0	ДАТО-486-1-267
486	1	268				0	ДАТО-486-1-268
486	1	269				0	ДАТО-486-1-269
486	1	27				0	ДАТО-486-1-27
486	1	270				0	ДАТО-486-1-270
486	1	271				1	ДАТО-486-1-271
486	1	272				1	ДАТО-486-1-272
486	1	273				0	ДАТО-486-1-273
486	1	274				0	ДАТО-486-1-274
486	1	275				0	ДАТО-486-1-275
486	1	276				0	ДАТО-486-1-276
486	1	277				0	ДАТО-486-1-277
486	1	278				0	ДАТО-486-1-278
486	1	279				0	ДАТО-486-1-279
486	1	28				0	ДАТО-486-1-28
486	1	280				0	ДАТО-486-1-280
486	1	281				0	ДАТО-486-1-281
486	1	282				0	ДАТО-486-1-282
486	1	283				0	ДАТО-486-1-283
486	1	284				0	ДАТО-486-1-284
486	1	285				0	ДАТО-486-1-285
486	1	286				0	ДАТО-486-1-286
486	1	287				0	ДАТО-486-1-287
486	1	288				0	ДАТО-486-1-288
486	1	289				0	ДАТО-486-1-289
486	1	29				0	ДАТО-486-1-29
486	1	290				0	ДАТО-486-1-290
486	1	291				0	ДАТО-486-1-291
486	1	292				0	ДАТО-486-1-292
486	1	293				0	ДАТО-486-1-293
486	1	295				0	ДАТО-486-1-295
486	1	296				0	ДАТО-486-1-296
486	1	297				0	ДАТО-486-1-297
486	1	298				0	ДАТО-486-1-298
486	1	299				0	ДАТО-486-1-299
486	1	3				0	ДАТО-486-1-3
486	1	30				0	ДАТО-486-1-30
486	1	300				0	ДАТО-486-1-300
486	1	301				0	ДАТО-486-1-301
486	1	302				0	ДАТО-486-1-302
486	1	303				0	ДАТО-486-1-303
486	1	304				0	ДАТО-486-1-304
486	1	305				0	ДАТО-486-1-305
486	1	306				0	ДАТО-486-1-306
486	1	307				0	ДАТО-486-1-307
486	1	308				0	ДАТО-486-1-308
486	1	309				0	ДАТО-486-1-309
486	1	31	27	1886-1889		0	ДАТО-486-1-31
486	1	310				0	ДАТО-486-1-310
486	1	311				0	ДАТО-486-1-311
486	1	312				0	ДАТО-486-1-312
486	1	313				0	ДАТО-486-1-313
486	1	314				0	ДАТО-486-1-314
486	1	315		1903-1910		1	ДАТО-486-1-315
486	1	316		1903-1910		1	ДАТО-486-1-316
486	1	317		1903-1910		1	ДАТО-486-1-317
486	1	318		1866-1879		2	ДАТО-486-1-318
486	1	319		1895-1900		1	ДАТО-486-1-319
486	1	32				0	ДАТО-486-1-32
486	1	320		1909-1909		1	ДАТО-486-1-320
486	1	321		1905-1909		1	ДАТО-486-1-321
486	1	322		1891-1921		1	ДАТО-486-1-322
486	1	323				0	ДАТО-486-1-323
486	1	324				0	ДАТО-486-1-324
486	1	325				0	ДАТО-486-1-325
486	1	326				0	ДАТО-486-1-326
486	1	327				0	ДАТО-486-1-327
486	1	328				0	ДАТО-486-1-328
486	1	33				0	ДАТО-486-1-33
486	1	34				0	ДАТО-486-1-34
486	1	35				0	ДАТО-486-1-35
486	1	36				0	ДАТО-486-1-36
486	1	362				1	ДАТО-486-1-362
486	1	363				1	ДАТО-486-1-363
486	1	367				1	ДАТО-486-1-367
486	1	368				1	ДАТО-486-1-368
486	1	369				1	ДАТО-486-1-369
486	1	37				0	ДАТО-486-1-37
486	1	370				2	ДАТО-486-1-370
486	1	371				1	ДАТО-486-1-371
486	1	372	228	1898-1903		1	ДАТО-486-1-372
486	1	373	222	1880-1889		1	ДАТО-486-1-373
486	1	374	232	1880-1899		0	ДАТО-486-1-374
486	1	375	233	1900-1906		0	ДАТО-486-1-375
486	1	376	235	1880-1889		0	ДАТО-486-1-376
486	1	378	237	1890-1892,1900-1904		0	ДАТО-486-1-378
486	1	379				1	ДАТО-486-1-379
486	1	38				0	ДАТО-486-1-38
486	1	381	301	1900-1910		0	ДАТО-486-1-381
486	1	382	240	1882-1882,1885-1885,1897-1897,1900-1901		0	ДАТО-486-1-382
486	1	383	241	1902-1905,1907-1907		0	ДАТО-486-1-383
486	1	385	243	1868-1885		0	ДАТО-486-1-385
486	1	387	245	1888-1889,1891-1895		0	ДАТО-486-1-387
486	1	39	Метричні книги Православних церков	1872-1898		1	ДАТО-486-1-39
486	1	3А				0	ДАТО-486-1-3А
486	1	4				0	ДАТО-486-1-4
486	1	40	Метричні книги Православних церков	1882-1888		1	ДАТО-486-1-40
486	1	402				1	ДАТО-486-1-402
486	1	404	251	1880-1888		1	ДАТО-486-1-404
486	1	405	252	1884-1884,1889-1896		1	ДАТО-486-1-405
486	1	406	253	1897-1899		1	ДАТО-486-1-406
486	1	407	254	1900-1902		1	ДАТО-486-1-407
486	1	408	255	1903-1905		1	ДАТО-486-1-408
486	1	41	Метричні книги Православних церков	1889-1899		1	ДАТО-486-1-41
486	1	42	Метричні книги Православних церков	1880-1885		1	ДАТО-486-1-42
486	1	425				1	ДАТО-486-1-425
486	1	43				0	ДАТО-486-1-43
486	1	44				0	ДАТО-486-1-44
486	1	443				1	ДАТО-486-1-443
486	1	45				0	ДАТО-486-1-45
486	1	46				0	ДАТО-486-1-46
486	1	47				0	ДАТО-486-1-47
486	1	48				1	ДАТО-486-1-48
486	1	49				1	ДАТО-486-1-49
486	1	5	7	1891-1894		1	ДАТО-486-1-5
486	1	50				1	ДАТО-486-1-50
486	1	51				1	ДАТО-486-1-51
486	1	52				1	ДАТО-486-1-52
486	1	53				1	ДАТО-486-1-53
486	1	54				1	ДАТО-486-1-54
486	1	55				0	ДАТО-486-1-55
486	1	56				0	ДАТО-486-1-56
486	1	57				2	ДАТО-486-1-57
486	1	58	167	1882-1884		0	ДАТО-486-1-58
486	1	59				0	ДАТО-486-1-59
486	1	592	553	1932-1932		0	ДАТО-486-1-592
486	1	593	554	1933-1933		0	ДАТО-486-1-593
486	1	597	558	1933-1933		0	ДАТО-486-1-597
486	1	598	558	1933-1933		0	ДАТО-486-1-598
486	1	599	559	1932-1932		0	ДАТО-486-1-599
486	1	6	1248	1895-1897		1	ДАТО-486-1-6
486	1	60	169	1890-1890,1896-1899		1	ДАТО-486-1-60
486	1	603	564	1933-1933		0	ДАТО-486-1-603
486	1	604	565	1932-1932		0	ДАТО-486-1-604
486	1	605	566	1933-1933		0	ДАТО-486-1-605
486	1	608	569	1933-1933		0	ДАТО-486-1-608
486	1	609	570	1933-1933		0	ДАТО-486-1-609
486	1	61	170	1888-1889,1891-1891,1893-1895		0	ДАТО-486-1-61
486	1	612	573	1933-1933		0	ДАТО-486-1-612
486	1	62				0	ДАТО-486-1-62
486	1	626	587	1932-1932,1942-1942		0	ДАТО-486-1-626
486	1	628	589	1932-1932		0	ДАТО-486-1-628
486	1	63				0	ДАТО-486-1-63
486	1	631	592	1932-1932		0	ДАТО-486-1-631
486	1	638	599	1933-1933		0	ДАТО-486-1-638
486	1	64	173	1879-1879,1881-1884		0	ДАТО-486-1-64
486	1	646	607	1922-1923		0	ДАТО-486-1-646
486	1	649	610	1926-1926,1927-1927		0	ДАТО-486-1-649
486	1	65				0	ДАТО-486-1-65
486	1	650	611	1927-1927,1928-1928		0	ДАТО-486-1-650
486	1	652	613	1930-1930		0	ДАТО-486-1-652
486	1	653	614	1931-1931		0	ДАТО-486-1-653
486	1	654	615	1906-1914		0	ДАТО-486-1-654
486	1	66				0	ДАТО-486-1-66
486	1	661	622	1926-1930		0	ДАТО-486-1-661
486	1	666	627	1910-1913		0	ДАТО-486-1-666
486	1	67				0	ДАТО-486-1-67
486	1	671	632	1881-1886,1924-1924		0	ДАТО-486-1-671
486	1	673	634	1916-1916		0	ДАТО-486-1-673
486	1	68	295	1904-1908,1912-1912		1	ДАТО-486-1-68
486	1	69	296	1909-1911,1913-1915		2	ДАТО-486-1-69
486	1	7				1	ДАТО-486-1-7
486	1	70				1	ДАТО-486-1-70
486	1	71				1	ДАТО-486-1-71
486	1	72	176	1886-1886,1888-1889,1900-1902		2	ДАТО-486-1-72
486	1	73		1889-1893		2	ДАТО-486-1-73
486	1	74		1894-1900		1	ДАТО-486-1-74
486	1	75		1901-1907		1	ДАТО-486-1-75
486	1	76		1887-1894		1	ДАТО-486-1-76
486	1	77				0	ДАТО-486-1-77
486	1	78				0	ДАТО-486-1-78
486	1	79				0	ДАТО-486-1-79
486	1	8				1	ДАТО-486-1-8
486	1	80				0	ДАТО-486-1-80
486	1	81				0	ДАТО-486-1-81
486	1	82	Метрична книга Св. Троїцької церкви с.Великий Кунинець Кременецького повіту	1912-1921		1	ДАТО-486-1-82
486	1	83				0	ДАТО-486-1-83
486	1	84				0	ДАТО-486-1-84
486	1	85				0	ДАТО-486-1-85
486	1	86				0	ДАТО-486-1-86
486	1	87				0	ДАТО-486-1-87
486	1	88				0	ДАТО-486-1-88
486	1	89				0	ДАТО-486-1-89
486	1	9				1	ДАТО-486-1-9
486	1	90				0	ДАТО-486-1-90
486	1	91				0	ДАТО-486-1-91
486	1	92				0	ДАТО-486-1-92
486	1	93				0	ДАТО-486-1-93
486	1	94				0	ДАТО-486-1-94
486	1	95				0	ДАТО-486-1-95
486	1	96				0	ДАТО-486-1-96
486	1	97				0	ДАТО-486-1-97
486	1	98				0	ДАТО-486-1-98
486	1	99				0	ДАТО-486-1-99
487	1	1	Метрична книга. Синагога, м. Кременець Волинської губ.; Церква Пресвятої Тройці, м. Бережани Бережанського пов.	1843-1878	метрична книга|народження	0	ДАТО-487-1-1
487	1	10	Метрична книга. Синагога, м. Кременець Волинської губ.; Церква невідома, с. Містечко Бережанського пов.	1848-1912	метрична книга|народження|смерть	0	ДАТО-487-1-10
487	1	100	Метрична книга. Церква Пресвятої Тройці, с. Голотки Збаразького пов.	1865-1882	метрична книга|народження	0	ДАТО-487-1-100
487	1	101	Метрична книга. Церква Пресвятої Тройці, с. Голотки Збаразького пов.	1866-1902	метрична книга|смерть	0	ДАТО-487-1-101
487	1	102	Метрична книга. Церква Пресвятої Тройці, с. Голотки Збаразького пов.	1784-1908	метрична книга|смерть	0	ДАТО-487-1-102
487	1	103	Метрична книга. с. Козярі	1829-1887	метрична книга|народження	0	ДАТО-487-1-103
487	1	104	Метрична книга. с. Козярі	1785-1895	метрична книга|шлюб	0	ДАТО-487-1-104
487	1	105	Метрична книга. с. Козярі	1874-1904	метрична книга|народження	0	ДАТО-487-1-105
487	1	106	Метрична книга. Церква Св. Параскевії, с. Добромірка Збаразького пов.	1840-1887	метрична книга|народження	0	ДАТО-487-1-106
487	1	107	Метрична книга. Церква Великомучениці Параскевії, с. Доброводи Збаразького пов.	1885-1914	метрична книга|народження	0	ДАТО-487-1-107
487	1	108	Метрична книга. –; Церква Воздвиження Чесного Хреста, с. Синява Збаразького пов.; Церква Перенесення Мощів Св. О. Миколая, с. Охримівці Збаразького пов.; Церква Преображення Господнього, с. Залужжя Збаразького пов.; Церква Різдва Пречистої Діви Марії, с. Синячівка Збаразького пов. та інші церкви	1823-1886	метрична книга|народження	0	ДАТО-487-1-108
487	1	109	Метрична книга. Церква Преображення Господнього, с. Залужжя Збаразького пов.	1868-1932	метрична книга|народження|смерть|шлюб	0	ДАТО-487-1-109
487	1	11	Метрична книга. Церква Св. Апостолів Петра і Павла, с. Надорожнів Бережанського пов.	1784-1908	метрична книга|народження	0	ДАТО-487-1-11
487	1	110	Метрична книга. Церква Успення Пречистої Діви Марії, м. Збараж Збаразького пов.	1869-1899	метрична книга|смерть	0	ДАТО-487-1-110
487	1	111	Метрична книга. Церква Успення Пречистої Діви Марії, м. Збараж Збаразького пов.	1896-1942	метрична книга|смерть	0	ДАТО-487-1-111
487	1	112	Метрична книга. Церква Св. Йоана Богослова, с. Іванчани Збаразького пов.	1903-1904	метрична книга|народження	0	ДАТО-487-1-112
487	1	113	Метрична книга. Церква Св. Йоана Богослова, с. Іванчани Збаразького пов.	1784-1910	метрична книга|народження	0	ДАТО-487-1-113
487	1	114	Метрична книга. Церква Покрови Пресвятої Богородиці, с. Клебанівка Збаразького пов.	1841-1901	метрична книга|шлюб	0	ДАТО-487-1-114
487	1	114А				0	ДАТО-487-1-114А
487	1	114Б				0	ДАТО-487-1-114Б
487	1	114Г				0	ДАТО-487-1-114Г
487	1	114Ж				0	ДАТО-487-1-114Ж
487	1	115	Метрична книга. Церква Покрови Пресвятої Богородиці, с. Клебанівка Збаразького пов.	1864-1902	метрична книга|народження	0	ДАТО-487-1-115
487	1	116	Метрична книга. Церква Покрови Пресвятої Богородиці, с. Клебанівка Збаразького пов.	1865-1921	метрична книга|смерть	0	ДАТО-487-1-116
487	1	117	Метрична книга. Церква Св. Георгія, с. Кобилля Збаразького пов.	1857-1894	метрична книга|народження	0	ДАТО-487-1-117
487	1	118	Метрична книга. Церква Св. Преподобної Параскевії, с. Кошляки Збаразького пов.	1872-1886	метрична книга|народження	0	ДАТО-487-1-118
487	1	119	Метрична книга. Церква Св. Преподобної Параскевії, с. Кошляки Збаразького пов.	1886-1896	метрична книга|народження	0	ДАТО-487-1-119
487	1	12	Метрична книга. Церква Воздвиження Чесного Хреста, с. Нараїв Бережанського пов.	1835-1836,1867-1867,1887-1887,1912-1912	метрична книга|народження	0	ДАТО-487-1-12
487	1	120	Метрична книга. Церква Св. Преподобної Параскевії, с. Кошляки Збаразького пов.	1763-1775	метрична книга|народження	0	ДАТО-487-1-120
487	1	121	Метрична книга. Церква Св. Преподобної Параскевії, с. Кошляки Збаразького пов.	1900-1926	метрична книга|смерть	0	ДАТО-487-1-121
487	1	122	Метрична книга. Церква Св. Преподобної Параскевії, с. Кошляки Збаразького пов.	1866-1900	метрична книга|народження	0	ДАТО-487-1-122
487	1	123	Метрична книга. Церква Покрови Пресвятої Богородиці, с. Медин Збаразького пов.	1785-1847	метрична книга|народження	0	ДАТО-487-1-123
487	1	124	Метрична книга. Церква Покрови Пресвятої Богородиці, с. Медин Збаразького пов.	1785-1787,1791-1791,1793-1793,1798-1798	метрична книга|шлюб	0	ДАТО-487-1-124
487	1	125	Метрична книга. Церква Покрови Пресвятої Богородиці, с. Медин Збаразького пов.	1841-1889	метрична книга|смерть	0	ДАТО-487-1-125
487	1	125А				0	ДАТО-487-1-125А
487	1	126	Метрична книга. Церква Покрови Пресвятої Богородиці, с. Медин Збаразького пов.; Церква Різдва Пречистої Діви Марії, с. Воробіївка Збаразького пов.	1866-1900	метрична книга|народження	0	ДАТО-487-1-126
487	1	127	Метрична книга. Церква Покрови Пресвятої Богородиці, с. Медин Збаразького пов.; Церква Св. Йоана Богослова, с. Скорики Збаразького пов.; Церква Успення Пресвятої Богородиці, с. Пеньківці Збаразького пов.	1785-1922	метрична книга|смерть	0	ДАТО-487-1-127
487	1	128	Метрична книга. Церква Покрови Пресвятої Богородиці, с. Нижчі Луб'янки Збаразького пов.	1864-1901	метрична книга|народження	0	ДАТО-487-1-128
487	1	129	Метрична книга. Церква Св. Дмитрія, с. Новики Збаразького пов.	1786-1910	метрична книга|шлюб	0	ДАТО-487-1-129
487	1	13	Метрична книга. Церква Св. Михаїла, с. Посухів Бережанського пов.	1837-1873	метрична книга|народження	0	ДАТО-487-1-13
487	1	130	Метрична книга. Церква Перенесення Мощів Св. О. Миколая, с. Охримівці Збаразького пов.	1882-1910	метрична книга|шлюб	0	ДАТО-487-1-130
487	1	131	Метрична книга. Церква Св. Михаїла, с. Пальчинці Збаразького пов.	1852-1901	метрична книга|народження	0	ДАТО-487-1-131
487	1	132	Метрична книга. Церква Успення Пресвятої Богородиці, с. Пеньківці Збаразького пов.	1834-1881	метрична книга|народження	0	ДАТО-487-1-132
487	1	133	Метрична книга. Церква Покрови Пресвятої Богородиці, с. Романове Село Збаразького пов.	1854-1876	метрична книга|смерть	0	ДАТО-487-1-133
487	1	134	Метрична книга. Церква Вознесіння Господнього, с. Сухівці Збаразького пов.; Церква Св. Михаїла, с. Нове Село Збаразького пов.	1835-1887	метрична книга|народження	0	ДАТО-487-1-134
487	1	135				0	ДАТО-487-1-135
487	1	136	Метрична книга. Церква Вознесіння Господнього, с. Сухівці Збаразького пов.; Церква Св. Михаїла, с. Нове Село Збаразького пов.	1853-1906	метрична книга|народження|смерть	0	ДАТО-487-1-136
487	1	137	Метрична книга. Церква Вознесіння Господнього, с. Сухівці Збаразького пов.; Церква Св. Михаїла, с. Нове Село Збаразького пов.	1861-1883	метрична книга|народження	0	ДАТО-487-1-137
487	1	138	Метрична книга. Церква Вознесіння Господнього, с. Сухівці Збаразького пов.; Церква Св. Михаїла, с. Нове Село Збаразького пов.	1883-1905	метрична книга|народження	0	ДАТО-487-1-138
487	1	139	Метрична книга. Церква Св. Миколая, с. Терпилівка Збаразького пов.	1823-1824,1826-1826,1874-1874,1878-1878,1881-1881,1899-1899	метрична книга|смерть	0	ДАТО-487-1-139
487	1	139А				0	ДАТО-487-1-139А
487	1	14	Метрична книга. Церква Св. Михаїла, с. Посухів Бережанського пов.	1786-1894	метрична книга|шлюб	0	ДАТО-487-1-14
487	1	140	Метрична книга. Церква Преображення Господнього, с. Токи Збаразького пов.	1866-1900	метрична книга|народження	0	ДАТО-487-1-140
487	1	141	Метрична книга. Церква Преображення Господнього, с. Токи Збаразького пов.	1883-1923	метрична книга|смерть	0	ДАТО-487-1-141
487	1	142	Метрична книга. Церква Пресвятої Тройці, с. Чернихівці Збаразького пов.	1866-1900	метрична книга|народження|смерть	0	ДАТО-487-1-142
487	1	143	Метрична книга. Вільне надання, с. Яцівці Збаразького пов.	1785-1888	метрична книга|шлюб	0	ДАТО-487-1-143
487	1	144	Метрична книга. Вільне надання, с. Яцівці Збаразького пов.	1791-1905	метрична книга|народження	0	ДАТО-487-1-144
487	1	144В				0	ДАТО-487-1-144В
487	1	144Д				0	ДАТО-487-1-144Д
487	1	145	Метрична книга. Вільне надання, с. Яцівці Збаразького пов.	1791-1905	метрична книга|народження	0	ДАТО-487-1-145
487	1	146	Метрична книга. Церква Св. Михаїла, с. Данилівці Зборівського пов.	1791-1905	метрична книга|народження	0	ДАТО-487-1-146
487	1	147	Метрична книга. Церква Св. Михаїла, с. Данилівці Зборівського пов.	1791-1905	метрична книга|смерть	0	ДАТО-487-1-147
487	1	148	Метрична книга. Церква Св. Михаїла, с. Данилівці Зборівського пов.	1791-1905	метрична книга|смерть|шлюб	0	ДАТО-487-1-148
487	1	149	Метрична книга. Церква Воздвиження Чесного Хреста, с. Заруддя Зборівського пов.	1791-1905	метрична книга|народження	0	ДАТО-487-1-149
487	1	15	Метрична книга. Церква Св. Михаїла, с. Посухів Бережанського пов.	1853-1927	метрична книга|смерть	0	ДАТО-487-1-15
487	1	150	Метрична книга. Церква Преображення Господнього, м. Зборів Зборівського пов.	1791-1905	метрична книга|народження	0	ДАТО-487-1-150
487	1	151	Метрична книга. Церква Воскресіння Христового, с. Кудинівці Зборівського пов.	1791-1905	метрична книга|народження|смерть|шлюб	0	ДАТО-487-1-151
487	1	152	Метрична книга. Церква Св. Георгія, с. Мшана Зборівського пов.	1791-1905	метрична книга|смерть	0	ДАТО-487-1-152
487	1	152А		1791-1905		0	ДАТО-487-1-152А
487	1	153	Метрична книга. Церква Воскресіння Господнього, с. Озерянка Зборівського пов.; Церква Покрови Пресвятої Богородиці, с. Цецова Зборівського пов.	1791-1905	метрична книга|народження|смерть|шлюб	0	ДАТО-487-1-153
487	1	154	Метрична книга. Церква Введення в Храм Пречистої Діви Марії, с. Осташівці Зборівського пов.	1791-1905	метрична книга|шлюб	0	ДАТО-487-1-154
487	1	155	Метрична книга. Церква Введення в Храм Пречистої Діви Марії, с. Осташівці Зборівського пов.	1791-1905	метрична книга|народження	0	ДАТО-487-1-155
487	1	156	Метрична книга. Церква Покрови Пресвятої Богородиці, с. Славка Зборівського пов.	1791-1905	метрична книга|народження	0	ДАТО-487-1-156
487	1	157				0	ДАТО-487-1-157
487	1	158	Метрична книга. Церква Введення Пресвятої Богородиці, с. Сокиринці Копичинського пов.; Церква Відсічення Голови Св. Йоана Хрестителя, с. Кривеньке Копичинського пов.; Церква Покрови Пресвятої Богородиці, с. Босири Копичинського пов.; Церква Св. Миколи Чудотворця, с. Коцюбинчики Копичинського пов.; Церква Симона Столп., с. Дубівка Борщівського пов.	1862-1914	метрична книга|народження|смерть|шлюб	0	ДАТО-487-1-158
487	1	159	Метрична книга. Церква Покрови Пресвятої Богородиці, с. Босири Копичинського пов.	1847-1877	метрична книга|народження	0	ДАТО-487-1-159
487	1	16	Метрична книга. Церква Покрови Пресвятої Богородиці, с. Рай Бережанського пов.	1784-1784,1788-1793,1797-1797,1800-1800,1805-1805,1814-1814,1833-1833	метрична книга|народження	0	ДАТО-487-1-16
487	1	160	Метрична книга. Церква Покрови Пресвятої Богородиці, с. Босири Копичинського пов.	1877-1888	метрична книга|народження	0	ДАТО-487-1-160
487	1	161	Метрична книга. Церква Введення Пресвятої Богородиці, с. Сокиринці Копичинського пов.; Церква Покрови Пресвятої Богородиці, с. Босири Копичинського пов.; Церква Св. Миколи Чудотворця, с. Коцюбинчики Копичинського пов.; Церква Симона Столп., с. Дубівка Борщівського пов.	1874-1875,1882-1914	метрична книга|народження|шлюб	0	ДАТО-487-1-161
487	1	162	Метрична книга. Церква невідома, с. Васильків Копичинського пов.; Церква невідома, с. Опарщина Копичинського пов.	1885-1914	метрична книга|народження	0	ДАТО-487-1-162
487	1	163	Метрична книга. Церква Різдва Пречистої Діви Марії, с. Гадинківці Копичинського пов.	1785-1870	метрична книга|шлюб	0	ДАТО-487-1-163
487	1	164	Метрична книга. Церква Різдва Пречистої Діви Марії, с. Гадинківці Копичинського пов.	1821-1870	метрична книга|народження	0	ДАТО-487-1-164
487	1	165	Метрична книга. Церква Різдва Пречистої Діви Марії, с. Гадинківці Копичинського пов.	1844-1872	метрична книга|смерть	0	ДАТО-487-1-165
487	1	166	Метрична книга. Церква Різдва Пречистої Діви Марії, с. Гадинківці Копичинського пов.	1870-1895	метрична книга|народження	0	ДАТО-487-1-166
487	1	167	Метрична книга. Церква Св. Тройці, с. Городниця Копичинського пов.	1777-1810	метрична книга|народження	0	ДАТО-487-1-167
487	1	168	Метрична книга. Церква Св. Тройці, с. Городниця Копичинського пов.	1861-1888	метрична книга|народження	0	ДАТО-487-1-168
487	1	169	Метрична книга. с. Карашинці Копичинського пов.	1863-1907	метрична книга|народження	0	ДАТО-487-1-169
487	1	17	Метрична книга. Церква Покрови Пресвятої Богородиці, с. Рай Бережанського пов.	1851-1882	метрична книга|народження	0	ДАТО-487-1-17
487	1	170	Метрична книга. Церква Пречистої Діви Марії, с. Клювинці Копичинського пов.	1829-1860,1865-1865	метрична книга|народження	0	ДАТО-487-1-170
487	1	171	Метрична книга. Церква Св. Миколая, с. Копичинці Копичинського пов.	1862-1882	метрична книга|смерть	0	ДАТО-487-1-171
487	1	172	Метрична книга. Церква Св. Миколая, с. Копичинці Копичинського пов.	1868-1892	метрична книга|шлюб	0	ДАТО-487-1-172
487	1	173	Метрична книга. Церква Св. Миколая, с. Копичинці Копичинського пов.	1878-1894	метрична книга|смерть	0	ДАТО-487-1-173
487	1	174	Метрична книга. Церква Св. Миколая, с. Копичинці Копичинського пов.	1896-1906	метрична книга|народження	0	ДАТО-487-1-174
487	1	175	Метрична книга. Церква Св. Михайла, с. Коцюбинці Копичинського пов.	1848-1895	метрична книга|шлюб	0	ДАТО-487-1-175
487	1	176	Метрична книга. Церква Св. Михайла, с. Коцюбинці Копичинського пов.	1852-1891	метрична книга|смерть	0	ДАТО-487-1-176
487	1	177	Метрична книга. Церква Св. Михайла, с. Коцюбинці Копичинського пов.	1857-1881	метрична книга|народження	0	ДАТО-487-1-177
487	1	178	Метрична книга. Церква Св. Михайла, с. Коцюбинці Копичинського пов.	1882-1903	метрична книга|народження	0	ДАТО-487-1-178
487	1	179	Метрична книга. Церква Св. Миколи Чудотворця, с. Коцюбинчики Копичинського пов.	1874-1887	метрична книга|народження	0	ДАТО-487-1-179
487	1	18	Метрична книга. Церква Воздвиження Чесного Хреста, с. Саранчуки Бережанського пов.	1869-1880	метрична книга|народження	0	ДАТО-487-1-18
487	1	180	Метрична книга. Церква Св. Миколи Чудотворця, с. Коцюбинчики Копичинського пов.	1855-1871	метрична книга|народження	0	ДАТО-487-1-180
487	1	181	Метрична книга. Церква Відсічення Голови Св. Йоана Хрестителя, с. Кривеньке Копичинського пов.	1784-1872	метрична книга|смерть	0	ДАТО-487-1-181
487	1	182	Метрична книга. Церква Відсічення Голови Св. Йоана Хрестителя, с. Кривеньке Копичинського пов.	1844-1869	метрична книга|смерть	0	ДАТО-487-1-182
487	1	183	Метрична книга. Церква Відсічення Голови Св. Йоана Хрестителя, с. Кривеньке Копичинського пов.	1784-1864	метрична книга|шлюб	0	ДАТО-487-1-183
487	1	184	Метрична книга. Церква Відсічення Голови Св. Йоана Хрестителя, с. Кривеньке Копичинського пов.	1784-1885	метрична книга|шлюб	0	ДАТО-487-1-184
487	1	185	Метрична книга. Церква Відсічення Голови Св. Йоана Хрестителя, с. Кривеньке Копичинського пов.	1786-1891	метрична книга|шлюб	0	ДАТО-487-1-185
487	1	186	Метрична книга. Церква Св. Тройці, с. Майдан Копичинського пов.	1784-1862	метрична книга|народження|смерть|шлюб	0	ДАТО-487-1-186
487	1	187	Метрична книга. Церква Св. Миколи, с. Тудорів Копичинського пов.; Церква Св. Тройці, с. Майдан Копичинського пов.	1862-1877	метрична книга|народження	0	ДАТО-487-1-187
487	1	1872	Метрична книга. Синагога, м. Кременець Волинської губ.	1871-1871	метрична книга|народження	0	ДАТО-487-1-1872
487	1	188	Метрична книга. Церква Покрови Пресвятої Діви Марії, с. Оришківці Копичинського пов.	1857-1906	метрична книга|народження	0	ДАТО-487-1-188
487	1	189	Метрична книга. Церква Покрови Пресвятої Діви Марії, с. Оришківці Копичинського пов.	1869-1889	метрична книга|народження	0	ДАТО-487-1-189
487	1	19	Метрична книга. Костел, с. Губин Бучацького пов.; Костел, с. Сокілець Бучацького пов.; Церква Св. Михаїла, с. Тростянець Бережанського пов.	1868-1910	метрична книга|народження|смерть	0	ДАТО-487-1-19
487	1	190	Метрична книга. Церква Св. Михаїла, с. Перемилів Копичинського пов.	1881-1903	метрична книга|народження	0	ДАТО-487-1-190
487	1	191	Метрична книга. Церква Св. Дмитрія, с. Сорока Копичинського пов.	1847-1883	метрична книга|смерть	0	ДАТО-487-1-191
487	1	192	Метрична книга. Церква Св. Тройці, с. Товстеньке Копичинського пов.	1874-1914	метрична книга|народження|шлюб	0	ДАТО-487-1-192
487	1	193	Метрична книга. Церква Св. Тройці, с. Товстеньке Копичинського пов.	1839-1852	метрична книга|народження	0	ДАТО-487-1-193
487	1	194	Метрична книга. Церква Св. Тройці, с. Товстеньке Копичинського пов.	1853-1864	метрична книга|народження	0	ДАТО-487-1-194
487	1	195	Метрична книга. Церква Св. Тройці, с. Товстеньке Копичинського пов.	1864-1878	метрична книга|народження	0	ДАТО-487-1-195
487	1	196	Метрична книга. Церква Введення Пречистої Діви Марії, с. Увисла Копичинського пов.	1867-1892	метрична книга|народження	0	ДАТО-487-1-196
487	1	197	Метрична книга. Церква Св. Йоана Богослова, с. Хлопівка Копичинського пов.	1874-1904	метрична книга|народження	0	ДАТО-487-1-197
487	1	198	Метрична книга. Церква Св. Йоана Богослова, с. Хлопівка Копичинського пов.	1843-1910	метрична книга|смерть	0	ДАТО-487-1-198
487	1	199	Метрична книга. Церква Положення чесної ризи Пречистої Діви Марії, м. Хоростків Копичинського пов.	1865-1887	метрична книга|народження	0	ДАТО-487-1-199
487	1	19А				0	ДАТО-487-1-19А
487	1	2	Метрична книга. Церква Успення Пресвятої Богородиці, с. Вербів Бережанського пов.	1833-1833,1835-1836,1859-1859,1884-1884,1889-1889	метрична книга|народження|шлюб	0	ДАТО-487-1-2
487	1	20	Метрична книга. Церква Різдва Хрестового, с. Урмань Бережанського пов.	1745-1784	метрична книга|народження|смерть|шлюб	0	ДАТО-487-1-20
487	1	200	Метрична книга. Церква Положення чесної ризи Пречистої Діви Марії, м. Хоростків Копичинського пов.	1887-1900	метрична книга|народження	0	ДАТО-487-1-200
487	1	201	Метрична книга. Церква Положення чесної ризи Пречистої Діви Марії, м. Хоростків Копичинського пов.	1888-1909	метрична книга|смерть	0	ДАТО-487-1-201
487	1	202				0	ДАТО-487-1-202
487	1	203	Метрична книга. Церква Св. Михаїла, с. Чабарівка Копичинського пов.	1869-1907	метрична книга|смерть	0	ДАТО-487-1-203
487	1	204	Метрична книга. Церква Св. Михаїла, с. Чабарівка Копичинського пов.	1876-1892	метрична книга|народження	0	ДАТО-487-1-204
487	1	205	Метрична книга. Церква Покрови Пречистої Діви Марії, с. Чорнокінці Великі Копичинського пов.; Церква Різдва Пречистої Діви Марії, с. Чорнокінецька Воля Копичинського пов.; Церква Св. Тройці, с. Чорнокінці Малі Копичинського пов.	1874-1902,1904-1904	метрична книга|народження	0	ДАТО-487-1-205
487	1	206	Метрична книга. Церква Відсічення Голови Св. Йоана Хрестителя, с. Гниловоди Підгаєцького пов.	1852-1871	метрична книга|народження	0	ДАТО-487-1-206
487	1	207	Метрична книга. Церква Успення Пречистої Діви Марії, с. Горожанка Підгаєцького пов.	1874-1915	метрична книга|народження	0	ДАТО-487-1-207
487	1	208	Метрична книга. Церква Пресвятої Тройці, с. Зарваниця Підгаєцького пов.	1897-1897,1899-1900,1903-1917	метрична книга|народження	0	ДАТО-487-1-208
487	1	209	Метрична книга. Церква Св. Михайла, с. Завалів Підгаєцького пов.	1842-1862	метрична книга|народження	0	ДАТО-487-1-209
487	1	21	Метрична книга. Церква невідома, с. Хатки Бережанського пов.	1853-1919	метрична книга|смерть	0	ДАТО-487-1-21
487	1	210	Метрична книга. Церква Собору Пресвятої Богородиці, с. Заставці Підгаєцького пов.	1800-1845	метрична книга|народження	0	ДАТО-487-1-210
487	1	211	Метрична книга. Церква Воскресіння Хрестового, с. Мужилів Підгаєцького пов.	1784-1813	метрична книга|народження	0	ДАТО-487-1-211
487	1	212	Метрична книга церкви Пресвятої Богородиці м. Підгайці. Народження, шлюб, смерть	1889-1893	метрична книга|народження	1	ДАТО-487-1-212
487	1	213	Метрична книга. Церква Успення Пресвятої Богородиці, м. Підгайці Підгаєцького пов.	1889-1900	метрична книга|народження|смерть|шлюб	0	ДАТО-487-1-213
487	1	213А				0	ДАТО-487-1-213А
487	1	214	Метрична книга. Церква Успення Пресвятої Богородиці, м. Підгайці Підгаєцького пов.	1901-1908	метрична книга|народження|шлюб	0	ДАТО-487-1-214
487	1	214А				0	ДАТО-487-1-214А
487	1	215	Метрична книга. Церква Перенесення Мощів Св. Миколая, с. Слов'ятин Підгаєцького пов.	1809-1830	метрична книга|народження	0	ДАТО-487-1-215
487	1	216	Метрична книга. Церква Перенесення Мощів Св. Миколая, с. Слов'ятин Підгаєцького пов.	1830-1854	метрична книга|народження	0	ДАТО-487-1-216
487	1	217	Метрична книга. Вільне надання, с. Білинівка Скалатського пов.; Церква Перенесення Мощів Св. Миколи, с. Зелене Скалатського пов.	1785-1883	метрична книга|народження|смерть	0	ДАТО-487-1-217
487	1	218	Метрична книга. Церква Св. Миколая, с. Богданівка Скалатського пов.	1786-1868	метрична книга|шлюб	0	ДАТО-487-1-218
487	1	219	Метрична книга. Церква Св. Миколая, с. Богданівка Скалатського пов.	1861-1881	метрична книга|народження	0	ДАТО-487-1-219
487	1	22	Метрична книга. Церква Св. Тройці, с. Бабинці Борщівського пов.	1872-1895	метрична книга|народження	0	ДАТО-487-1-22
487	1	220	Метрична книга. Церква Св. Миколая, с. Богданівка Скалатського пов.	1877-1903	метрична книга|народження|смерть	0	ДАТО-487-1-220
487	1	221	Метрична книга. Церква Різдва Пречистої Діви Марії, с. Лежанівка Скалатського пов.; Церква Собору Пресвятої Богородиці, с. Буцики Скалатського пов.	1785-1850	метрична книга|народження	0	ДАТО-487-1-221
487	1	222	Метрична книга. Церква Собору Пресвятої Богородиці, с. Буцики Скалатського пов.	1837-1862	метрична книга|народження	0	ДАТО-487-1-222
487	1	223	Метрична книга. Церква Собору Пресвятої Богородиці, с. Буцики Скалатського пов.	1785-1900	метрична книга|шлюб	0	ДАТО-487-1-223
487	1	224	Метрична книга. Церква Успення Пресвятої Богородиці, с. Вікно Скалатського пов.	1786-1850	метрична книга|шлюб	0	ДАТО-487-1-224
487	1	225	Метрична книга. Церква Успення Пресвятої Богородиці, с. Вікно Скалатського пов.	1846-1855	метрична книга|народження	0	ДАТО-487-1-225
487	1	226	Метрична книга. Церква Успення Пресвятої Богородиці, с. Вікно Скалатського пов.	1848-1885	метрична книга|смерть	0	ДАТО-487-1-226
487	1	227	Метрична книга. Церква Успення Пресвятої Богородиці, с. Вікно Скалатського пов.	1851-1894	метрична книга|шлюб	0	ДАТО-487-1-227
487	1	227А				0	ДАТО-487-1-227А
487	1	227Б				0	ДАТО-487-1-227Б
487	1	227В				0	ДАТО-487-1-227В
487	1	228	Метрична книга. Церква Успення Пресвятої Богородиці, с. Вікно Скалатського пов.	1871-1900	метрична книга|народження	0	ДАТО-487-1-228
487	1	228А				0	ДАТО-487-1-228А
487	1	229	Метрична книга. Церква Успення Пресвятої Богородиці, с. Вікно Скалатського пов.	1886-1898	метрична книга|народження	0	ДАТО-487-1-229
487	1	23	Метрична книга. Церква Св. Дмитрія, с. Боришківці Борщівського пов.	1876-1900	метрична книга|народження	0	ДАТО-487-1-23
487	1	230	Метрична книга. Церква Непорочного Зачаття Пречистої Діви Марії, с. Волиця Скалатського пов. Міжархівний довідник 99	1784-1840	метрична книга|народження	0	ДАТО-487-1-230
487	1	231	Метрична книга. Церква Св. Онуфрія, с. Глібів Скалатського пов.	1784-1869	метрична книга|народження|смерть|шлюб	0	ДАТО-487-1-231
487	1	232	Метрична книга. Церква Перенесення Мощів Св. Миколи, с. Зелене Скалатського пов.; Церква Св. Онуфрія, с. Глібів Скалатського пов.; Церква Успення Пресвятої Богородиці, с. Пізнанка Гнила Скалатського пов.	1785-1898	метрична книга|смерть|шлюб	0	ДАТО-487-1-232
487	1	233	Метрична книга. Церква Св. Онуфрія, с. Глібів Скалатського пов.	1851-1887	метрична книга|смерть	0	ДАТО-487-1-233
487	1	234	Метрична книга. Церква Св. Онуфрія, с. Глібів Скалатського пов.	1854-1872	метрична книга|народження	0	ДАТО-487-1-234
487	1	235				0	ДАТО-487-1-235
487	1	236	Метрична книга. Церква Св. Онуфрія, с. Глібів Скалатського пов.; Церква Успення Пресвятої Богородиці, с. Городниця Скалатського пов.	1844-1905	метрична книга|народження|шлюб	0	ДАТО-487-1-236
487	1	237	Метрична книга. Церква Покрови Пресвятої Богородиці, с. Жеребки Шляхетські Скалатського пов.	1785-1893	метрична книга|шлюб	0	ДАТО-487-1-237
487	1	237А				0	ДАТО-487-1-237А
487	1	238	Метрична книга. Церква Успення Пресвятої Богородиці, с. Жеребки Королівські Скалатського пов.	1806-1888	метрична книга|шлюб	0	ДАТО-487-1-238
487	1	239	Метрична книга. Церква Покрови Пресвятої Богородиці, с. Жеребки Шляхетські Скалатського пов.	1840-1889	метрична книга|народження	0	ДАТО-487-1-239
487	1	24	Метрична книга. Церква Св. Дмитрія, с. Боришківці Борщівського пов.	1895-1940	метрична книга|шлюб	0	ДАТО-487-1-24
487	1	240	Метрична книга. Церква Успення Пресвятої Богородиці, с. Жеребки Королівські Скалатського пов.	1851-1886	метрична книга|смерть	0	ДАТО-487-1-240
487	1	241	Метрична книга. Церква Покрови Пресвятої Богородиці, с. Жеребки Шляхетські Скалатського пов.	1851-1887	метрична книга|смерть	0	ДАТО-487-1-241
487	1	242	Метрична книга. Церква Успення Пресвятої Богородиці, с. Жеребки Королівські Скалатського пов.	1886-1920	метрична книга|смерть	0	ДАТО-487-1-242
487	1	243	Метрична книга. Церква Воздвиження Чесного Хреста, с. Зарубинці Скалатського пов.	1846-1906	метрична книга|смерть	0	ДАТО-487-1-243
487	1	244	Метрична книга. Церква Воздвиження Чесного Хреста, с. Зарубинці Скалатського пов.	1874-1883	метрична книга|народження	0	ДАТО-487-1-244
487	1	245	Метрична книга. Церква Введення в Храм Пречистої Діви Марії, с. Калагарівка Скалатського пов.	1784-1893	метрична книга|шлюб	0	ДАТО-487-1-245
487	1	246	Метрична книга. Церква Введення в Храм Пречистої Діви Марії, с. Калагарівка Скалатського пов.	1834-1851	метрична книга|смерть	0	ДАТО-487-1-246
487	1	247	Метрична книга. Церква Введення в Храм Пречистої Діви Марії, с. Калагарівка Скалатського пов.	1854-1891	метрична книга|народження	0	ДАТО-487-1-247
487	1	248	Метрична книга. Церква Св. Михайла, с. Качанівка Скалатського пов.	1875-1895	метрична книга|народження	0	ДАТО-487-1-248
487	1	249	Метрична книга. Церква Св. Михайла, с. Качанівка Скалатського пов.	1895-1907	метрична книга|народження	0	ДАТО-487-1-249
487	1	25	Метрична книга. Церква Успення Пречистої Діви Марії, м. Борщів Борщівського пов.	1868-1903	метрична книга|народження	0	ДАТО-487-1-25
487	1	250	Метрична книга. Церква Св. Михайла, с. Качанівка Скалатського пов.	1891-1917	метрична книга|смерть	0	ДАТО-487-1-250
487	1	251	Метрична книга. Церква Пресвятої Тройці, с. Красне Скалатського пов.; Церква Св. Георгія, с. Кокошинці Скалатського пов.; Церква Св. Преподобної Параскеви, с. Козина Скалатського пов.	1785-1909	метрична книга|смерть	0	ДАТО-487-1-251
487	1	252	Метрична книга. Вільне надання, с. Паївка Скалатського пов.; Церква Св. Георгія, с. Кокошинці Скалатського пов.	1784-1861	метрична книга|народження|шлюб	0	ДАТО-487-1-252
487	1	253	Метрична книга. Церква Св. Дмитра, с. Колодіївка Скалатського пов.	1865-1901	метрична книга|шлюб	0	ДАТО-487-1-253
487	1	254	Метрична книга. Церква Пресвятої Тройці, с. Красне Скалатського пов.	1785-1836	метрична книга|народження	0	ДАТО-487-1-254
487	1	255	Метрична книга. Церква Пресвятої Тройці, с. Красне Скалатського пов.	1837-1868	метрична книга|народження	0	ДАТО-487-1-255
487	1	256	Метрична книга. Церква Пресвятої Тройці, с. Красне Скалатського пов.	1851-1866	метрична книга|смерть|шлюб	0	ДАТО-487-1-256
487	1	257	Метрична книга. Церква Пресвятої Тройці, с. Красне Скалатського пов.	1787-1868	метрична книга|народження	0	ДАТО-487-1-257
487	1	258	Метрична книга. Церква Пресвятої Тройці, с. Красне Скалатського пов.	1785-1904	метрична книга|народження	0	ДАТО-487-1-258
487	1	259	Метрична книга. Церква Пресвятої Тройці, с. Кут-Товсте Скалатського пов.	1855-1917	метрична книга|смерть	0	ДАТО-487-1-259
487	1	26	Метрична книга. Церква Св. Дмитрія, с. Бурдяківці Борщівського пов.	1831-1844	метрична книга|народження	0	ДАТО-487-1-26
487	1	260	Метрична книга. Церква Св. Луки, с. Магдалівка Скалатського пов.	1840-1859,1881-1881	метрична книга|смерть	0	ДАТО-487-1-260
487	1	261	Метрична книга. Церква Св. Луки, с. Магдалівка Скалатського пов.	1870-1870,1876-1900	метрична книга|народження|смерть|шлюб	0	ДАТО-487-1-261
487	1	262	Метрична книга. Церква Св. Луки, с. Магдалівка Скалатського пов.	1846-1883	метрична книга|шлюб	0	ДАТО-487-1-262
487	1	263	Метрична книга. Церква Покрови Пресвятої Богородиці, с. Мала Лука Скалатського пов.	1862-1897	метрична книга|народження	0	ДАТО-487-1-263
487	1	264	Метрична книга. Церква Собору Пресвятої Богородиці, с. Малі Бірки Скалатського пов.	1785-1818	метрична книга|народження	0	ДАТО-487-1-264
487	1	265	Метрична книга. Церква Собору Пресвятої Богородиці, с. Малі Бірки Скалатського пов.	1823-1856,1876-1876	метрична книга|народження	0	ДАТО-487-1-265
487	1	266	Метрична книга. Церква Св. Петра і Павла, с. Мовчанівка Скалатського пов.	1784-1871	метрична книга|народження|смерть|шлюб	0	ДАТО-487-1-266
487	1	267	Метрична книга. Церква Св. Йосафата, с. Новосілка Скалатського пов.	1856-1873	метрична книга|народження	0	ДАТО-487-1-267
487	1	268	Метрична книга. Церква Св. Йосафата, с. Новосілка Скалатського пов.	1823-1862	метрична книга|народження	0	ДАТО-487-1-268
487	1	269	Метрична книга. Церква Св. Йосафата, с. Новосілка Скалатського пов.	1856-1897	метрична книга|смерть	0	ДАТО-487-1-269
487	1	27	Метрична книга. Церква Св. Дмитрія, с. Бурдяківці Борщівського пов.	1844-1855	метрична книга|народження	1	ДАТО-487-1-27
487	1	270	Метрична книга. Церква Св. Йосафата, с. Новосілка Скалатського пов.	1873-1890	метрична книга|народження	0	ДАТО-487-1-270
487	1	271	Метрична книга. Церква Покрови Пресвятої Богородиці, с. Оріховець Скалатського пов.	1855-1875	метрична книга|народження	0	ДАТО-487-1-271
487	1	272	Метрична книга. Церква Покрови Пресвятої Богородиці, с. Оріховець Скалатського пов.	1875-1886	метрична книга|народження	0	ДАТО-487-1-272
487	1	273	Метрична книга. Церква Покрови Пресвятої Богородиці, с. Оріховець Скалатського пов.	1877-1891	метрична книга|народження	0	ДАТО-487-1-273
487	1	274	Метрична книга. Церква Покрови Пресвятої Богородиці, с. Оріховець Скалатського пов.	1849-1891	метрична книга|шлюб	0	ДАТО-487-1-274
487	1	275	Метрична книга. Церква Св. Михайла, с. Остап'є Скалатського пов.	1843-1871	метрична книга|шлюб	0	ДАТО-487-1-275
487	1	276	Метрична книга. Церква Св. Михайла, с. Остап'є Скалатського пов.	1862-1881	метрична книга|смерть	0	ДАТО-487-1-276
487	1	277	Метрична книга. Церква Св. Михайла, с. Остап'є Скалатського пов.	1869-1888	метрична книга|смерть	0	ДАТО-487-1-277
487	1	278	Метрична книга. Церква Св. Михайла, с. Остап'є Скалатського пов.	1835-1869	метрична книга|смерть	0	ДАТО-487-1-278
487	1	279	Метрична книга. Церква Св. Михайла, с. Остап'є Скалатського пов.	1835-1877	метрична книга|шлюб	0	ДАТО-487-1-279
487	1	28	Метрична книга. Церква Св. Дмитрія, с. Бурдяківці Борщівського пов.	1856-1881	метрична книга|народження	0	ДАТО-487-1-28
487	1	280	Метрична книга. Церква Св. Михайла, с. Остап'є Скалатського пов.	1871-1899	метрична книга|шлюб	0	ДАТО-487-1-280
487	1	281	Метрична книга. Церква Св. Михайла, с. Остап'є Скалатського пов.	1881-1898	метрична книга|смерть	0	ДАТО-487-1-281
487	1	282	Метрична книга. Церква Св. Михайла, с. Остап'є Скалатського пов.	1884-1898	метрична книга|народження	0	ДАТО-487-1-282
487	1	283	Метрична книга. Вільне надання, с. Паївка Скалатського пов.	1790-1827	метрична книга|народження	0	ДАТО-487-1-283
487	1	284	Метрична книга. Вільне надання, с. Паївка Скалатського пов.	1855-1890	метрична книга|народження	0	ДАТО-487-1-284
487	1	285	Метрична книга. Церква невідома, с. Панасівка Скалатського пов.	1784-1871	метрична книга|народження|смерть|шлюб	0	ДАТО-487-1-285
487	1	286	Метрична книга. Церква невідома, с. Панасівка Скалатського пов.	1828-1857	метрична книга|народження	0	ДАТО-487-1-286
487	1	287	Метрична книга. Церква невідома, с. Панасівка Скалатського пов.	1886-1891	метрична книга|народження	0	ДАТО-487-1-287
487	1	288	Метрична книга. Церква невідома, с. Панасівка Скалатського пов.	1851-1922	метрична книга|смерть	0	ДАТО-487-1-288
487	1	289	Метрична книга. Церква Успення Пресвятої Богородиці, с. Пізнанка Гнила Скалатського пов.	1852-1866	метрична книга|народження	0	ДАТО-487-1-289
487	1	28А				0	ДАТО-487-1-28А
487	1	29	католики	1861-1903	метрична книга|народження	1	ДАТО-487-1-29
487	1	290	Метрична книга. Церква Св. Духа, с. Полупанівка Скалатського пов.	1835-1874	метрична книга|смерть	0	ДАТО-487-1-290
487	1	291	Метрична книга. Церква Св. Дмитрія, с. Саджівка Скалатського пов.	1785-1906	метрична книга|смерть	0	ДАТО-487-1-291
487	1	292	Метрична книга. Церква Св. Дмитрія, с. Саджівка Скалатського пов.	1787-1873	метрична книга|шлюб	0	ДАТО-487-1-292
487	1	293	Метрична книга. Церква Св. Дмитрія, с. Саджівка Скалатського пов.	1789-1861	метрична книга|смерть	0	ДАТО-487-1-293
487	1	294	Метрична книга. Церква Св. Дмитрія, с. Саджівка Скалатського пов.	1851-1891	метрична книга|смерть	0	ДАТО-487-1-294
487	1	295	Метрична книга. Церква Преображення Господнього, м. Скалат Скалатського пов.	1814-1856	метрична книга|народження	0	ДАТО-487-1-295
487	1	296				0	ДАТО-487-1-296
487	1	297	Метрична книга. Церква Преображення Господнього, м. Скалат Скалатського пов.	1777-1784	метрична книга|смерть	0	ДАТО-487-1-297
487	1	298	Метрична книга. Церква Преображення Господнього, м. Скалат Скалатського пов.	1826-1844	метрична книга|смерть	0	ДАТО-487-1-298
487	1	298А				0	ДАТО-487-1-298А
487	1	298Б				0	ДАТО-487-1-298Б
487	1	299	Метрична книга. Церква Преображення Господнього, м. Скалат Скалатського пов.	1844-1857	метрична книга|смерть	0	ДАТО-487-1-299
487	1	3	Births & Baptisms	1842-1862	метрична книга|шлюб	1	ДАТО-487-1-3
487	1	30	Метрична книга с.Озеряни Борщівського повіту	1864-1892	метрична книга|шлюб	1	ДАТО-487-1-30
487	1	300	Метрична книга. Церква Преображення Господнього, м. Скалат Скалатського пов.	1833-1869	метрична книга|смерть	0	ДАТО-487-1-300
487	1	301	Метрична книга. Церква Преображення Господнього, м. Скалат Скалатського пов.	1857-1899	метрична книга|смерть	0	ДАТО-487-1-301
487	1	302	Метрична книга. Церква Преображення Господнього, м. Скалат Скалатського пов.	1825-1859	метрична книга|шлюб	0	ДАТО-487-1-302
487	1	303	Метрична книга. Церква Преображення Господнього, м. Скалат Скалатського пов.	1868-1882	метрична книга|смерть	0	ДАТО-487-1-303
487	1	304	Метрична книга. Церква Св. Михайла, с. Старий Скалат Скалатського пов.	1785-1834,1836-1836	метрична книга|шлюб	0	ДАТО-487-1-304
487	1	305	Метрична книга. Церква Св. Михайла, с. Старий Скалат Скалатського пов.	1836-1890	метрична книга|шлюб	0	ДАТО-487-1-305
487	1	306	Метрична книга. Церква Св. Михайла, с. Старий Скалат Скалатського пов.	1851-1879	метрична книга|шлюб	0	ДАТО-487-1-306
487	1	307	Метрична книга. Церква Св. Михайла, с. Старий Скалат Скалатського пов.	1859-1905	метрична книга|смерть	0	ДАТО-487-1-307
487	1	308	Метрична книга. Церква Св. Михайла, с. Старий Скалат Скалатського пов.	1878-1902	метрична книга|народження	0	ДАТО-487-1-308
487	1	309	Метрична книга. Церква Св. Михайла, с. Старий Скалат Скалатського пов.	1856-1877	метрична книга|народження	0	ДАТО-487-1-309
487	1	31	Метрична книга. Церква Св. Дмитрія, с. Бурдяківці Борщівського пов.	1882-1902	метрична книга|народження	0	ДАТО-487-1-31
487	1	310				0	ДАТО-487-1-310
487	1	311				0	ДАТО-487-1-311
487	1	312	Метрична книга. Церква невідома, с. Тарноруда Скалатського пов.	1784-1865	метрична книга|смерть	0	ДАТО-487-1-312
487	1	313	Метрична книга. Церква невідома, с. Тарноруда Скалатського пов.	1853-1873	метрична книга|смерть	0	ДАТО-487-1-313
487	1	314	Метрична книга. Церква Собору Св. Йоана Хрестителя, с. Товсте Скалатського пов.	1816-1858	метрична книга|народження	0	ДАТО-487-1-314
487	1	315	Marriage Register	1846-1914	метрична книга|народження	1	ДАТО-487-1-315
487	1	316	Marriage Register	1876-1898	метрична книга|народження	1	ДАТО-487-1-316
487	1	317	Birth Register	1874-1907		1	ДАТО-487-1-317
487	1	318	Death Register	1848-1912	метрична книга|смерть	1	ДАТО-487-1-318
487	1	319	Marriage Records	1786-1894		1	ДАТО-487-1-319
487	1	32	Метрична книга. Церква Покрови Пречистої Діви Марії, с. Верхнє Кривче Борщівського пов.	1877-1877,1879-1888,1891-1891,1894-1894,1900-1900,1904-1904	метрична книга|народження	0	ДАТО-487-1-32
487	1	320	Death Register	1853-1927	метрична книга|народження	1	ДАТО-487-1-320
487	1	321	Birth Register	1869-1880	метрична книга|шлюб	1	ДАТО-487-1-321
487	1	322	Metric Book of Deaths	1846-1910	метрична книга|народження	1	ДАТО-487-1-322
487	1	323	Death Register	1853-1919	метрична книга|народження	1	ДАТО-487-1-323
487	1	324	Metric Book of Births	1876-1907	метрична книга|народження	1	ДАТО-487-1-324
487	1	325	Метрична книга. Церква Покрови Пресвятої Богородиці, с. Винявка Теребовлянського пов.	1868-1900	метрична книга|народження	0	ДАТО-487-1-325
487	1	326	Метрична книга. Церква Покрови Пресвятої Богородиці, с. Винявка Теребовлянського пов.	1861-1911	метрична книга|народження	0	ДАТО-487-1-326
487	1	327	Метрична книга. Церква Покрови Пресвятої Богородиці, с. Винявка Теребовлянського пов.	1855-1917	метрична книга|шлюб	0	ДАТО-487-1-327
487	1	328	Метрична книга. Церква Воздвиження Чесного Хреста, с. Волиця Теребовлянського пов.	1785-1907	метрична книга|шлюб	0	ДАТО-487-1-328
487	1	329	Метрична книга. Церква Пресвятої Тройці, с. Гумниська Теребовлянського пов.	1870-1907	метрична книга|народження|смерть	0	ДАТО-487-1-329
487	1	32А				0	ДАТО-487-1-32А
487	1	33	Метрична книга. Церква Св. Параскеви, с. Верхняківці Борщівського пов.	1854-1895	метрична книга|шлюб	0	ДАТО-487-1-33
487	1	330	Метрична книга. Церква Успення Пресвятої Богородиці, с. Дарахів Теребовлянського пов.	1868-1900	метрична книга|народження	0	ДАТО-487-1-330
487	1	331	Метрична книга. Церква Воскресіння Христового, с. Деренівка Теребовлянського пов.; Церква Св. Йоана Богослова, с. Довге Теребовлянського пов.	1867-1909	метрична книга|народження	0	ДАТО-487-1-331
487	1	332	Метрична книга. Церква Воздвиження Чесного Хреста, с. Заздрість Теребовлянського пов.	1843-1868	метрична книга|народження	0	ДАТО-487-1-332
487	1	333	Метрична книга. Церква Св. Дмитрія, с. Острівець Теребовлянського пов.; Церква Св. Миколая, с. Застіноче Теребовлянського пов.	1784-1891	метрична книга|народження|шлюб	0	ДАТО-487-1-333
487	1	334	Метрична книга. Церква Різдва Пречистої Діви Марії, с. Зубів Теребовлянського пов.	1858-1907	метрична книга|шлюб	0	ДАТО-487-1-334
487	1	336	Метрична книга. Церква Різдва Пречистої Діви Марії, с. Зубів Теребовлянського пов.; Церква Різдва Пречистої Діви Марії, с. Іванівка Теребовлянського пов.	1865-1904	метрична книга|народження	0	ДАТО-487-1-336
487	1	337	Метрична книга. Церква Різдва Пречистої Діви Марії, с. Іванівка Теребовлянського пов.	1882-1900	метрична книга|народження	0	ДАТО-487-1-337
487	1	338	Метрична книга. Церква Св. Йоана Богослова, с. Ілавче Теребовлянського пов.	1866-1899	метрична книга|народження	0	ДАТО-487-1-338
487	1	339	Метрична книга. Церква Покрови Пресвятої Богородиці, с. Кровинка Теребовлянського пов.	1859-1905	метрична книга|народження|смерть	0	ДАТО-487-1-339
487	1	34	Метрична книга. Церква Покрови Пречистої Діви Марії, с. Вільховець Борщівського пов.	1874-1902	метрична книга|народження	0	ДАТО-487-1-34
487	1	340	Метрична книга. Церква Покрови Пресвятої Богородиці, с. Кровинка Теребовлянського пов.	1863-1907	метрична книга|народження	0	ДАТО-487-1-340
487	1	341	Метрична книга. Церква Успення Пресвятої Діви Марії, с. Ласківці Теребовлянського пов.	1874-1895	метрична книга|народження	0	ДАТО-487-1-341
487	1	342	Метрична книга. Церква Різдва Пречистої Діви Марії, с. Лошнів Теребовлянського пов.	1785-1887	метрична книга|шлюб	0	ДАТО-487-1-342
487	1	342А				0	ДАТО-487-1-342А
487	1	342Б				0	ДАТО-487-1-342Б
487	1	342В				0	ДАТО-487-1-342В
487	1	342Г				0	ДАТО-487-1-342Г
487	1	342Д				0	ДАТО-487-1-342Д
487	1	343	Метрична книга. Церква Різдва Пречистої Діви Марії, с. Лошнів Теребовлянського пов.	1859-1922	метрична книга|смерть	0	ДАТО-487-1-343
487	1	344	Метрична книга. Церква Св. Михайла, с. Могильниця Теребовлянського пов.	1870-1900	метрична книга|народження|смерть|шлюб	0	ДАТО-487-1-344
487	1	345	Метрична книга. Церква Успення Пресвятої Богородиці, с. Налужжя Теребовлянського пов.	1784-1871	метрична книга|народження	0	ДАТО-487-1-345
487	1	346	Метрична книга. Церква Св. Михайла, с. Могильниця Теребовлянського пов.	1855-1898	метрична книга|народження	0	ДАТО-487-1-346
487	1	347	Метрична книга. Церква невідома, с. Підгайчики Теребовлянського пов.	1865-1886	метрична книга|народження	0	ДАТО-487-1-347
487	1	348	Метрична книга. Церква невідома, с. Слобідка Струсівська Теребовлянського пов.	1784-1917	метрична книга|народження|смерть|шлюб	0	ДАТО-487-1-348
487	1	349	Метрична книга. Церква Покрови Пречистої Діви Марії, с. Сороцьке Теребовлянського пов.	1866-1900	метрична книга|народження	0	ДАТО-487-1-349
487	1	35	Метрична книга. Церква Перенесення Мощей Св. О. Миколая, с. Вовківці Борщівського пов. Міжархівний довідник 73	1848-1883	метрична книга|народження	0	ДАТО-487-1-35
487	1	350	Метрична книга. Церква Покрови Пречистої Діви Марії, с. Сороцьке Теребовлянського пов.	1872-1910	метрична книга|шлюб	0	ДАТО-487-1-350
487	1	351	Метрична книга. Церква невідома, с. Стара Брикуля Теребовлянського пов.	1862-1908	метрична книга|народження	0	ДАТО-487-1-351
487	1	352	Метрична книга. Церква невідома, с. Стара Брикуля Теребовлянського пов.	1869-1908	метрична книга|народження	0	ДАТО-487-1-352
487	1	353	Метрична книга. Церква Перенесення Мощів Св. Миколая, с. Струсів Теребовлянського пов.	1862-1920	метрична книга|народження|смерть	0	ДАТО-487-1-353
487	1	354	Метрична книга. Церква Св. Миколая, м. Теребовля Теребовлянського пов.	1876-1903	метрична книга|народження	0	ДАТО-487-1-354
487	1	355	Метрична книга. Церква Св. Миколая, м. Теребовля Теребовлянського пов.	1888-1904	метрична книга|народження	0	ДАТО-487-1-355
487	1	356	Метрична книга. Церква Св. Миколая, м. Теребовля Теребовлянського пов.	1876-1888,1919-1921	метрична книга|народження|смерть	0	ДАТО-487-1-356
487	1	357	Метрична книга. Церква Св. Миколая, м. Теребовля Теребовлянського пов.	1866-1913	метрична книга|смерть	0	ДАТО-487-1-357
487	1	358	Метрична книга. Церква Св. Миколая, с. Янів Теребовлянського пов.	1867-1874	метрична книга|народження	0	ДАТО-487-1-358
487	1	359	Метрична книга. Церква Покрови Пресвятої Богородиці, с. Грабовець Тернопільського пов.; Церква Різдва Св. Йоана Хрестителя, с. Баворів Тернопільського пов.	1841-1900	метрична книга|народження|смерть|шлюб	0	ДАТО-487-1-359
487	1	35Б				0	ДАТО-487-1-35Б
487	1	35В				0	ДАТО-487-1-35В
487	1	36	Метрична книга. Церква Перенесення Мощей Св. О. Миколая, с. Вовківці Борщівського пов. Міжархівний довідник 73	1850-1892	метрична книга|шлюб	0	ДАТО-487-1-36
487	1	360	Метрична книга. Церква Різдва Св. Йоана Хрестителя, с. Баворів Тернопільського пов.	1866-1900	метрична книга|шлюб	0	ДАТО-487-1-360
487	1	361	Метрична книга. Церква Різдва Св. Йоана Хрестителя, с. Баворів Тернопільського пов.	1866-1900	метрична книга|смерть	0	ДАТО-487-1-361
487	1	362	Метрична книга. Церква Різдва Св. Йоана Хрестителя, с. Баворів Тернопільського пов.	1831-1910	метрична книга|смерть	0	ДАТО-487-1-362
487	1	363	Метрична книга. Церква Різдва Св. Йоана Хрестителя, с. Баворів Тернопільського пов.	1866-1913	метрична книга|народження	1	ДАТО-487-1-363
487	1	364		1876-1912		1	ДАТО-487-1-364
487	1	365	Метрична книга. Церква Непорочного Зачаття Пречистої Діви Марії, с. Буцнів Тернопільського пов.	1831-1910	метрична книга|народження	1	ДАТО-487-1-365
487	1	366	Метрична книга. Церква Св. Великомучениці Параскеви, с. Великі Бірки Тернопільського пов.	1841-1887	метрична книга|народження|смерть	1	ДАТО-487-1-366
487	1	367	Метрична книга. Церква Воскресіння Христового, с. Великий Глибочок Тернопільського пов.	1863-1900	метрична книга|шлюб	1	ДАТО-487-1-367
487	1	368	Метрична книга. Церква Св. Миколая, с. Денисів Тернопільського пов.	1870-1903	метрична книга|народження	1	ДАТО-487-1-368
487	1	369	Метрична книга. Церква Св. Миколая, с. Денисів Тернопільського пов.	1891-1904	метрична книга|народження	1	ДАТО-487-1-369
487	1	37	Метрична книга. Церква Успення Пречистої Діви Марії, с. Гермаківка Борщівського пов.	1870-1877	метрична книга|народження	0	ДАТО-487-1-37
487	1	370	Метрична книга. Церква Вознесіння Господнього, с. Курівці Тернопільського пов.	1922-1944	метрична книга|смерть	0	ДАТО-487-1-370
487	1	371	Метрична книга. Церква Різдва Пречистої Діви Марії, с. Ладичин Тернопільського пов.	1855-1885	метрична книга|смерть	0	ДАТО-487-1-371
487	1	372	Метрична книга. Церква Різдва Пречистої Діви Марії, с. Ладичин Тернопільського пов.	1876-1908	метрична книга|народження	0	ДАТО-487-1-372
487	1	373	Метрична книга. Церква Різдва Пречистої Діви Марії, с. Ладичин Тернопільського пов.	1877-1900	метрична книга|народження	0	ДАТО-487-1-373
487	1	374	Метрична книга. Церква Пресвятої Тройці, с. Микулинці Тернопільського пов.	1875-1908	метрична книга|смерть	0	ДАТО-487-1-374
487	1	375	Метрична книга. Церква Покрови Пресвятої Богородиці, с. Мишковичі Тернопільського пов.; Церква Св. Дмитра, с. Чортория Тернопільського пов.; Церква Св. Михайла, с. Лука Велика Тернопільського пов.; Церква Св. Михайла, с. Острів Тернопільського пов.	1891-1904	метрична книга|народження	0	ДАТО-487-1-375
487	1	376	Метрична книга. Церква Успення Пресвятої Богородиці, с. Прошова Тернопільського пов.	1878-1911	метрична книга|народження	0	ДАТО-487-1-376
487	1	377	Метрична книга. Церква Введення в Храм Пречистої Діви Марії, с. Смолянка Тернопільського пов.; Церква Успення Пресвятої Богородиці, с. Прошова Тернопільського пов.	1784-1784,1786-1912	метрична книга|шлюб	0	ДАТО-487-1-377
487	1	378	Метрична книга. Церква Введення в Храм Пречистої Діви Марії, с. Смолянка Тернопільського пов.; Церква Успення Пресвятої Богородиці, с. Прошова Тернопільського пов.	1784-1881	метрична книга|смерть	0	ДАТО-487-1-378
487	1	379	Метрична книга. Церква Св. Георгія, с. Сущин Тернопільського пов.	1899-1918	метрична книга|народження	0	ДАТО-487-1-379
487	1	38	Метрична книга. Церква Різдва Пречистої Діви Марії, с. Глибочок Борщівського пов.	1883-1904	метрична книга|народження	0	ДАТО-487-1-38
487	1	380	Метрична книга. Церква Св. Георгія, с. Сущин Тернопільського пов.	1886-1913	метрична книга|смерть	0	ДАТО-487-1-380
487	1	381	Метрична книга. Церква Покрови Пресвятої Богородиці, с. Цебрів Тернопільського пов.	1785-1853	метрична книга|народження	0	ДАТО-487-1-381
487	1	382				0	ДАТО-487-1-382
487	1	383	Метрична книга. Церква Покрови Пресвятої Богородиці, с. Цебрів Тернопільського пов.	1784-1784,1790-1790,1795-1795,1799-1867	метрична книга|шлюб	0	ДАТО-487-1-383
487	1	384	Метрична книга. Церква Покрови Пресвятої Богородиці, с. Цебрів Тернопільського пов.	1863-1872	метрична книга|смерть	0	ДАТО-487-1-384
487	1	385	Метрична книга. Церква Покрови Пресвятої Богородиці, с. Цебрів Тернопільського пов.	1922-1944	метрична книга|смерть	0	ДАТО-487-1-385
487	1	386	Метрична книга. Церква Покрови Пресвятої Богородиці, с. Чернелів-Руський Тернопільського пов.; Церква Пресвятої Тройці, с. Шляхтинці Тернопільського пов.; Церква Св. Михайла, с. Лозова Тернопільського пов.	1872-1877,1879-1879	метрична книга|народження	0	ДАТО-487-1-386
487	1	387	Метрична книга. Церкви м. Тернопіль Тернопільського пов.	1862-1871	метрична книга|народження	0	ДАТО-487-1-387
487	1	388	Метрична книга. Церква Вознесіння Господнього, с. Березовиця Тернопільського пов.; Церкви м. Тернопіль Тернопільського пов.	1866-1901	метрична книга|народження	0	ДАТО-487-1-388
487	1	389	Метрична книга. Церкви м. Тернопіль Тернопільського пов.	1871-1881	метрична книга|народження	0	ДАТО-487-1-389
487	1	39	Метрична книга. Церква Св. Параскеви, с. Горошова Борщівського пов.	1876-1907	метрична книга|народження	0	ДАТО-487-1-39
487	1	390	Метрична книга. Церкви м. Тернопіль Тернопільського пов.	1874-1892	метрична книга|шлюб	0	ДАТО-487-1-390
487	1	391	Метрична книга. Церкви м. Тернопіль Тернопільського пов.	1872-1900	метрична книга|шлюб	0	ДАТО-487-1-391
487	1	392	Метрична книга. Церкви м. Тернопіль Тернопільського пов.	1872-1889	метрична книга|смерть	0	ДАТО-487-1-392
487	1	393	Метрична книга. Церкви м. Тернопіль Тернопільського пов.	1872-1880	метрична книга|народження	0	ДАТО-487-1-393
487	1	394				0	ДАТО-487-1-394
487	1	395	Метрична книга. Церкви м. Тернопіль Тернопільського пов.	1881-1891	метрична книга|народження	0	ДАТО-487-1-395
487	1	396				0	ДАТО-487-1-396
487	1	397	Метрична книга. Церкви м. Тернопіль Тернопільського пов.	1891-1899	метрична книга|народження	0	ДАТО-487-1-397
487	1	398	Метрична книга. Церкви м. Тернопіль Тернопільського пов.	1892-1899	метрична книга|шлюб	0	ДАТО-487-1-398
487	1	399	Метрична книга. Церкви м. Тернопіль Тернопільського пов.	1900-1902	метрична книга|народження	0	ДАТО-487-1-399
487	1	3А				0	ДАТО-487-1-3А
487	1	4	Births & Baptisms	1784-1906	метрична книга|народження	1	ДАТО-487-1-4
487	1	40	Метрична книга. Церква Св. Тройці, с. Окопи Борщівського пов.	1888-1944	метрична книга|народження	0	ДАТО-487-1-40
487	1	400	Метрична книга. Церкви м. Тернопіль Тернопільського пов.	1900-1905	метрична книга|смерть	0	ДАТО-487-1-400
487	1	401	Метрична книга. Церкви м. Тернопіль Тернопільського пов.	1902-1904	метрична книга|народження	0	ДАТО-487-1-401
487	1	402	Метрична книга. Церкви м. Тернопіль Тернопільського пов.	1904-1906	метрична книга|народження	0	ДАТО-487-1-402
487	1	403	Метрична книга. Церкви м. Тернопіль Тернопільського пов.	1883-1943	метрична книга|шлюб	0	ДАТО-487-1-403
487	1	405	Метрична книга. Церкви м. Тернопіль Тернопільського пов.	1906-1908	метрична книга|народження	0	ДАТО-487-1-405
487	1	406	Метрична книга. Церкви м. Тернопіль Тернопільського пов.	1900-1909	метрична книга|шлюб	0	ДАТО-487-1-406
487	1	407	Метрична книга. Церкви м. Тернопіль Тернопільського пов.	1900-1908	метрична книга|смерть	0	ДАТО-487-1-407
487	1	408	Метрична книга. Церкви м. Тернопіль Тернопільського пов.	1908-1915	метрична книга|смерть	0	ДАТО-487-1-408
487	1	409	Метрична книга. Церкви м. Тернопіль Тернопільського пов.	1919-1924	метрична книга|смерть	0	ДАТО-487-1-409
487	1	41	Метрична книга. Церква Св. Тройці, с. Окопи Борщівського пов.	1920-1940	метрична книга|шлюб	1	ДАТО-487-1-41
487	1	410	Метрична книга. Церква Покрови Пречистої Діви Марії, с. Антонів Чортківського пов.; Церква Св. Преподобної Параскевії, с. Мухавка Чортківського пов.	1868-1917	метрична книга|народження|смерть|шлюб	0	ДАТО-487-1-410
487	1	411	Метрична книга. Церква Воздвиження Чесного Хреста, с. Ромашівка Чортківського пов.; Церква Воздвиження Чесного Хреста, с. Скомороше Чортківського пов.; Церква Воскресіння Христового, с. Біла Чортківського пов.; Церква невідома, с. Калинівщина Чортківського пов.; Церква невідома, с. Семаківці Чортківського пов. та інші церкви	1875-1885,1887-1887,1891-1891,1894-1894,1898-1898,1900-1914	метрична книга|народження|смерть|шлюб	0	ДАТО-487-1-411
487	1	412	Метрична книга. Церква Преображення Господнього, с. Білобожниця Чортківського пов.	1784-1914	метрична книга|народження|смерть|шлюб	0	ДАТО-487-1-412
487	1	413	Метрична книга. Церква Св. Йоана Богослова, с. Бичківці Чортківського пов.; Церква Успенія Пречистої Діви Марії, с. Скородинці Чортківського пов.	1864-1886,1895-1895	метрична книга|народження	0	ДАТО-487-1-413
487	1	414	Метрична книга. Церква Св. Йоана Богослова, с. Бичківці Чортківського пов.; Церква Успенія Пречистої Діви Марії, с. Скородинці Чортківського пов.	1874-1944	метрична книга|народження|смерть|шлюб	0	ДАТО-487-1-414
487	1	415	Метрична книга. Церква Йоана Богослова, с. Давидківці Чортківського пов.	1869-1914	метрична книга|народження|смерть|шлюб	0	ДАТО-487-1-415
487	1	416	Метрична книга. Церква Різдва Пречистої Діви Марії, с. Джуринська Слобідка Чортківського пов.	1875-1916	метрична книга|народження|смерть|шлюб	0	ДАТО-487-1-416
487	1	417	Метрична книга. Церква Св. Тройці, с. Заболотівка Чортківського пов.	1879-1914	метрична книга|народження|шлюб	0	ДАТО-487-1-417
487	1	418	Метрична книга. Церква Св. Михайла, с. Залісся Чортківського пов.	1879-1914	метрична книга|народження|шлюб	0	ДАТО-487-1-418
487	1	419	Метрична книга. Церква Різдва Пречистої Діви Марії, с. Звиняч Чортківського пов.	1861-1875	метрична книга|народження	0	ДАТО-487-1-419
487	1	41А				0	ДАТО-487-1-41А
487	1	42	Метрична книга. Церква Зачаття Св. Йоана Хрестителя, с. Королівка Борщівського пов.	1847-1864	метрична книга|народження	0	ДАТО-487-1-42
487	1	420	Метрична книга. Церква Різдва Пречистої Діви Марії, с. Звиняч Чортківського пов.; Церква Св. Миколая, с. Полівці Чортківського пов.	1875-1918	метрична книга|народження|смерть|шлюб	0	ДАТО-487-1-420
487	1	421	Метрична книга. Церква Св. Миколая, с. Капустинці Чортківського пов.; Церква Св. Собору Пречистої Діви Марії, с. Улашківці Чортківського пов.	1874-1903,1908-1908	метрична книга|народження|смерть|шлюб	0	ДАТО-487-1-421
487	1	422	Метрична книга. Церква Св. Миколая, с. Колиндяни Чортківського пов.	1872-1914	метрична книга|народження|смерть|шлюб	0	ДАТО-487-1-422
487	1	423	Метрична книга. Церква Воскресіння Христового, с. Милівці Чортківського пов.	1860-1900,1904-1914	метрична книга|народження|смерть|шлюб	0	ДАТО-487-1-423
487	1	424	Метрична книга. Церква Успення Пречистої Діви Марії, с. Палашівка Чортківського пов.	1831-1918	метрична книга|народження|смерть|шлюб	0	ДАТО-487-1-424
487	1	425	Метрична книга. Церква Успення Пречистої Діви Марії, с. Палашівка Чортківського пов.	1875-1875,1877-1877,1880-1881,1883-1888,1890-1890,1892-1892,1901-1902,1904-1904	метрична книга|народження	0	ДАТО-487-1-425
487	1	426	Метрична книга. Церква Св. Миколая, с. Росохач Чортківського пов.	1784-1838	метрична книга|народження	0	ДАТО-487-1-426
487	1	427	Метрична книга. Церква Св. Миколая, с. Росохач Чортківського пов.; Церква Успення Пречистої Діви Марії, с. Палашівка Чортківського пов.	1873-1914	метрична книга|народження|шлюб	0	ДАТО-487-1-427
487	1	428	Метрична книга. Церква Св. О. Миколая, с. Свидова Чортківського пов.	1871-1914	метрична книга|народження|шлюб	0	ДАТО-487-1-428
487	1	429	Метрична книга. Церква Св. Йоана Богослова, с. Бичківці Чортківського пов.; Церква Успенія Пречистої Діви Марії, с. Скородинці Чортківського пов.	1835-1860,1866-1914	метрична книга|народження|смерть|шлюб	0	ДАТО-487-1-429
487	1	43	Метрична книга. Церква Зачаття Св. Йоана Хрестителя, с. Королівка Борщівського пов.	1815-1848	метрична книга|смерть	0	ДАТО-487-1-43
487	1	430	Метрична книга. Церква Успення Пречистої Діви Марії, с. Угринь Чортківського пов.	1875-1910	метрична книга|народження|смерть|шлюб	0	ДАТО-487-1-430
487	1	431	Метрична книга. Церква Св. Косми і Дем'яна, с. Шманьківці Чортківського пов.; Церква Успення Пречистої Діви Марії, м. Чортків Чортківського пов.	1866-1924	метрична книга|смерть|шлюб	0	ДАТО-487-1-431
487	1	432	Метрична книга. Церква Успення Пречистої Діви Марії, м. Чортків Чортківського пов.	1876-1907	метрична книга|народження	0	ДАТО-487-1-432
487	1	433	Метрична книга. Церква Св. Косми і Дем'яна, с. Шманьківці Чортківського пов.	1858-1914,1919-1919	метрична книга|народження|смерть	0	ДАТО-487-1-433
487	1	434	Метрична книга. Церква Св. Косми і Дем'яна, с. Шманьківці Чортківського пов.	1785-1797,1809-1809,1875-1913	метрична книга|смерть|шлюб	0	ДАТО-487-1-434
487	1	44	Метрична книга. Церква Воздвиження Чесного Хреста, с. Лосяч Борщівського пов.	1863-1905	метрична книга|народження	0	ДАТО-487-1-44
487	1	45	Метрична книга. Церква Св. Михаїла, с. Мельниця Борщівського пов.	1854-1876	метрична книга|народження	0	ДАТО-487-1-45
487	1	46	Метрична книга. Церква Покрови Пречистої Діви Марії, с. Михайлівка Борщівського пов.	1837-1886	метрична книга|народження|смерть|шлюб	0	ДАТО-487-1-46
487	1	47	Метрична книга. Церква Чуда Св. Михаїла, с. Нивра Борщівського пов.	1860-1876	метрична книга|народження	0	ДАТО-487-1-47
487	1	48	Метрична книга. Церква Св. Параскеви, с. Озеряни Борщівського пов.	1861-1903	метрична книга|шлюб	0	ДАТО-487-1-48
487	1	49	Метрична книга. Церква Св. Параскеви, с. Озеряни Борщівського пов.	1864-1873,1883-1883	метрична книга|смерть	0	ДАТО-487-1-49
487	1	5	Birth Register	1784-1906	метрична книга|шлюб	1	ДАТО-487-1-5
487	1	50	Метрична книга. Церква Перенесення Мощей Св. О. Миколая, с. Олексинці Борщівського пов.	1864-1886	метрична книга|народження	0	ДАТО-487-1-50
487	1	51	Метрична книга. Церква Успення Пречистої Діви Марії, с. Пилипче Борщівського пов.	1877-1877,1879-1894	метрична книга|народження	0	ДАТО-487-1-51
487	1	52	Метрична книга. Церква Св. Михаїла, с. Піщатинці Борщівського пов.	1853-1883	метрична книга|смерть	0	ДАТО-487-1-52
487	1	53	Метрична книга. Церква Св. О. Миколая, с. Скала Борщівського пов.	1847-1893	метрична книга|народження	0	ДАТО-487-1-53
487	1	54	Метрична книга. Церква Св. О. Миколая, с. Скала Борщівського пов.	1864-1889	метрична книга|народження	0	ДАТО-487-1-54
487	1	55	Метрична книга. Церква Св. О. Миколая, с. Скала Борщівського пов.	1874-1890,1894-1894,1897-1897	метрична книга|народження	0	ДАТО-487-1-55
487	1	550	Метрична книга с. Зелена, Звенигород. Народження	1859-1924		1	ДАТО-487-1-550
487	1	558	Метрична книга про народження с. Порохова Бучацького повіту	1865-1916		0	ДАТО-487-1-558
487	1	56	Метрична книга. Церква Св. Михаїла, с. Сков'ятин Борщівського пов.	1784-1863	метрична книга|шлюб	0	ДАТО-487-1-56
487	1	565	Метрична книга про народження парафії м. Копичинці Копичинського повіту	1909-1931		1	ДАТО-487-1-565
487	1	57	Метрична книга. Церква Різдва Пречистої Діви Марії, с. Турильче Борщівського пов.	1875-1888	метрична книга|народження	0	ДАТО-487-1-57
487	1	58	Метрична книга. Церква Св. Михаїла, с. Худіївці Борщівського пов.	1872-1899	метрична книга|народження	0	ДАТО-487-1-58
487	1	59	Метрична книга. Церква Св. Параскеви, с. Худиківці Борщівського пов.	1872-1899	метрична книга|народження	0	ДАТО-487-1-59
487	1	6	Метрична книга. Церква Введення в Храм Пречистої Діви Марії, с. Куропатники Бережанського пов.	1874-1907	метрична книга|народження	0	ДАТО-487-1-6
487	1	60	Метрична книга. Церква Св. Параскеви, с. Худиківці Борщівського пов.	1784-1864	метрична книга|шлюб	0	ДАТО-487-1-60
487	1	61	Метрична книга. Церква Св. Апостолів Петра і Павла, с. Цигани Борщівського пов.	1871-1920	метрична книга|смерть	0	ДАТО-487-1-61
487	1	62	Метрична книга. Церква Покрови Пречистої Діви Марії, с. Шупарка Борщівського пов.	1784-1823	метрична книга|смерть	0	ДАТО-487-1-62
487	1	63	Метрична книга. Церква Покрови Пречистої Діви Марії, с. Шупарка Борщівського пов.	1878-1910	метрична книга|смерть	0	ДАТО-487-1-63
487	1	64	Метрична книга. Церква Св. Дмитрія, с. Юр'ямпіль Борщівського пов.	1843-1871	метрична книга|народження	0	ДАТО-487-1-64
487	1	65	Метрична книга. Церква Вознесіння Христового, с. Бариш Бучацького пов.	1891-1905	метрична книга|народження	0	ДАТО-487-1-65
487	1	66	Метрична книга. Церква Воскресіння Христового, с. Вістря Бучацького пов.	1873-1904	метрична книга|народження|смерть|шлюб	0	ДАТО-487-1-66
487	1	67	Метрична книга. Церква Воскресіння Христового, с. Вістря Бучацького пов.	1882-1894	метрична книга|народження	0	ДАТО-487-1-67
487	1	68	Метрична книга. Церква Воскресіння Христового, с. Вістря Бучацького пов.	1884-1913	метрична книга|смерть	0	ДАТО-487-1-68
487	1	69	Метрична книга. Церква Воскресіння Христового, с. Вістря Бучацького пов.	1895-1912	метрична книга|народження	0	ДАТО-487-1-69
487	1	6А				0	ДАТО-487-1-6А
487	1	6Б				0	ДАТО-487-1-6Б
487	1	7	Метрична книга. Церква Св. Миколая, с. Лапшин Бережанського пов.	1785-1905	метрична книга|народження	0	ДАТО-487-1-7
487	1	70	Метрична книга. Церква Собору Пречистої Діви Марії, с. Григорів Бучацького пов.	1784-1911	метрична книга|народження	0	ДАТО-487-1-70
487	1	71	Метрична книга. Церква Успення Пречистої Діви Марії, с. Коропець Бучацького пов.	1852-1902	метрична книга|народження	0	ДАТО-487-1-71
487	1	72	Метрична книга. Церква Успення Пречистої Діви Марії, с. Коропець Бучацького пов.	1890-1896	метрична книга|народження	1	ДАТО-487-1-72
487	1	73	Метрична книга. Церква Успення Пречистої Діви Марії, с. Коропець Бучацького пов.	1888-1910	метрична книга|народження	0	ДАТО-487-1-73
487	1	730	Метрична книга про народження, шлюб, смерть сс. Козаччина, Ланівці Борщівського повіту	1874-1938		1	ДАТО-487-1-730
487	1	731	Метрична книга про народження, шлюб, смерть сс. Козаччина, Ланівці Борщівського повіту	1875-1936		1	ДАТО-487-1-731
487	1	735	Метрична книга церкви с. Устя Чортківського району	1877-1939		1	ДАТО-487-1-735
487	1	74	Метрична книга. Церква Успення Пречистої Діви Марії, с. Коропець Бучацького пов.	1873-1883,1885-1885,1889-1889	метрична книга|народження	0	ДАТО-487-1-74
487	1	75	Метрична книга. Церква Введення Пречистої Діви Марії, с. Красіїв Бучацького пов.	1875-1899	метрична книга|народження	0	ДАТО-487-1-75
487	1	76	Метрична книга. Церква Введення Пречистої Діви Марії, с. Красіїв Бучацького пов.	1877-1891	метрична книга|народження	0	ДАТО-487-1-76
487	1	77	Метрична книга. Церква Введення Пречистої Діви Марії, с. Красіїв Бучацького пов.	1881-1898	метрична книга|шлюб	0	ДАТО-487-1-77
487	1	771	Метрична книга про шлюб за 1866-1938 роки с. Добромірка Збаразького повіту – Збаразького району, с. Лозівка Збаразького повіту – Підволочиського району	1866-1938		1	ДАТО-487-1-771
487	1	777	Метрична книга про шлюб сс. Лисичинці, Шельпаки Збаразького повіту	1866-1938		1	ДАТО-487-1-777
487	1	778	Метрична книга про шлюб сс. Лисичинці, Шельпаки Збаразького повіту	1867-1938		1	ДАТО-487-1-778
487	1	779	Метрична книга про народження за 1866-1938 роки с. Лозівка Збаразького повіту – Підволочиського району	1866-1938		1	ДАТО-487-1-779
487	1	78	Метрична книга. Церква Успення Пречистої Діви Марії, с. Лядське Бучацького пов.	1883-1897	метрична книга|народження	0	ДАТО-487-1-78
487	1	79	Метрична книга. Церква Перенесення Мощів Св. О. Миколая, с. Лука Бучацького пов.	1878-1903	метрична книга|народження	0	ДАТО-487-1-79
487	1	790	Метрична книга про народження, шлюб, смерть с. Шельпаки Збаразького повіту	1866-1938		1	ДАТО-487-1-790
487	1	793	Метрична книга про народження сс. Зелена, Шидлівці Копичинського повіту	1874-1892,1919-1938		1	ДАТО-487-1-793
487	1	7А				0	ДАТО-487-1-7А
487	1	7Б				0	ДАТО-487-1-7Б
487	1	8	Метрична книга. Церква Св. Миколая, с. Лапшин Бережанського пов.	1874-1882,1889-1889,1892-1892	метрична книга|народження	0	ДАТО-487-1-8
487	1	80	Метрична книга. Церква Воздвиження Чесного Хреста, м. Монастириська Бучацького пов.	1870-1904	метрична книга|народження	0	ДАТО-487-1-80
487	1	81	Метрична книга. Церква Воздвиження Чесного Хреста, м. Монастириська Бучацького пов.	1784-1911	метрична книга|смерть	0	ДАТО-487-1-81
487	1	82	Метрична книга. Церква Різдва Пречистої Діви Марії, с. Стінка Бучацького пов.	1857-1895	метрична книга|народження	0	ДАТО-487-1-82
487	1	83	Метрична книга. Церква Різдва Пречистої Діви Марії, с. Стінка Бучацького пов.	1895-1921	метрична книга|народження	0	ДАТО-487-1-83
487	1	84	Метрична книга. Церква Св. Параскевії, с. Трибухівці Бучацького пов.	1879-1903	метрична книга|народження	0	ДАТО-487-1-84
487	1	85	Метрична книга. Церква Собору Пречистої Діви Марії, с. Устя-Зелене Бучацького пов.	1878-1906	метрична книга|смерть	0	ДАТО-487-1-85
487	1	86	Метрична книга. Церква Собору Пречистої Діви Марії, с. Устя-Зелене Бучацького пов.	1906-1923	метрична книга|смерть	0	ДАТО-487-1-86
487	1	87	Метрична книга. Церква Успення Пречистої Діви Марії, с. Дзвиняч Заліщицького пов.	1875-1894	метрична книга|народження	0	ДАТО-487-1-87
487	1	88	Метрична книга. Церква Перенесення Мощів Св. О. Миколая, с. Іване-Золоте Заліщицького пов.	1869-1899	метрична книга|народження	0	ДАТО-487-1-88
487	1	89	Метрична книга. Церква Благовіщення Пречистої Діви Марії, с. Торське Заліщицького пов.	1868-1890	метрична книга|народження	0	ДАТО-487-1-89
487	1	891	Метрична книга про народження сс. Нивра, Залуччя Борщівського повіту	1877-1884,1886-1907,1918-1938		1	ДАТО-487-1-891
487	1	9	Метрична книга. Синагога, м. Кременець Волинської губ.; Церква Св. Миколая, с. Лапшин Бережанського пов.	1875-1900	метрична книга|народження|шлюб	0	ДАТО-487-1-9
487	1	90	Метрична книга. Церква Св. Михаїла, с. Базаринці Збаразького пов.	1841-1899	метрична книга|народження	0	ДАТО-487-1-90
487	1	91	Метрична книга. Церква Різдва Пречистої Діви Марії, с. Воробіївка Збаразького пов.	1705-1890	метрична книга|смерть	0	ДАТО-487-1-91
487	1	92	Метрична книга. Церква Різдва Пречистої Діви Марії, с. Воробіївка Збаразького пов.	1785-1881	метрична книга|смерть	0	ДАТО-487-1-92
487	1	927	Метрична книга про народження, шлюб, смерть сс. Копичинці, Котівка, Теклівка Копичинського повіту	1874-1935		1	ДАТО-487-1-927
487	1	93	Метрична книга. Церква Різдва Пречистої Діви Марії, с. Воробіївка Збаразького пов.	1834-1876	метрична книга|народження	0	ДАТО-487-1-93
487	1	94	Метрична книга. Церква Різдва Пречистої Діви Марії, с. Воробіївка Збаразького пов.	1919-1944	метрична книга|шлюб	0	ДАТО-487-1-94
487	1	95				0	ДАТО-487-1-95
487	1	97				0	ДАТО-487-1-97
487	1	97А				0	ДАТО-487-1-97А
487	1	98	Метрична книга. Церква Покрови Пресвятої Богородиці, с. Гнилиці Збаразького пов.	1861-1905	метрична книга|народження	0	ДАТО-487-1-98
487	1	99	Метрична книга. Церква Св. Йоанна Богослова, с. Гнилички Збаразького пов.	1866-1878,1882-1882,1884-1884	метрична книга|народження|смерть|шлюб	0	ДАТО-487-1-99
487	1	Н310	Метрична книга. Церква Св. Михайла, с. Старий Скалат Скалатського пов.	1826-1848	метрична книга|смерть	0	ДАТО-487-1-Н310
