Р1953			1	256
Р1076			1	141
Р1104			2	94
Р2473			1	108
Р2474			1	95
Р2751			1	8
Р2810			1	7
Р2885			1	38
Р2898			1	20
Р2996			1	244
Р3003			1	1
Р3117			2	82
Р3262			1	3
Р3277			1	237
Р3328			1	159
Р3335			1	267
Р3394			1	40
Р3474			1	202
Р3475			1	162
Р3476			1	33
Р3477			1	59
Р3478			1	25
Р3479			1	61
Р3507			1	120
Р3521			1	30
Р3559			1	31
Р3924			1	32
Р2471			1	136
Р3446			1	113
П169			3	96
22	Херсонська казенна палата	1795-1920	2	167
207	Херсонське духовне правління Херсонської духовної консисторії		1	58
278	Рабин села Бобровий Кут Херсонського повіту		1	1
323	Лютеранські церкви Херсонської і Таврійської губерній (ОАФ)		1	14
327	Римсько-католицький костел (м. Херсон)		1	18
Р3927			1	95
Р3150			1	10
Р2476			1	130
Р2694			1	42
Р3143			1	199
Р3149			1	8
Р3147			1	10
Р3180			1	225
Р3144			1	41
Р3148			1	47
Р3145			1	19
Р2145			1	95
Р3982			1	176
Р4099			1	4
Р3141			1	23
Р2927			2	64
Р3142			1	16
Р3140			1	53
Р3146			1	13
Р3161			1	41
Р3817			1	69
Р2695			1	155
Р3740			1	43
Р2472			1	111
Р3625			1	225
Р3270			1	76
Р3420			1	76
Р3931			1	116
Р1003			1	28
Р2468			1	62
Р3438			1	201
Р1762			1	22
Р1042			1	151
Р3139			1	187
Р2477			1	48
Р3445			1	45
Р3250			1	121
Р3672			1	30
Р1815			1	6
Р3231			1	55
Р3197			1	4
Р1056			1	90
Р3728			1	105
Р1059			1	32
Р4020			1	20
Р2649			1	16
Р2828			1	7
Р1924			1	32
Р3138			1	18
113	Херсонський рабин		1	55
Р2404			1	164
Р2693			1	30
Р2085			1	447
Р2084			1	147
Р2146			2	516
Р2403			1	15
2422			1	63
Р2420			3	343
П154			1	1
6	Херсонська повітова земська управа, м. Херсон Херсонського повіту Херсонської губернії		2	8
81	Херсонський міський сирітський суд		1	1
111	Катерининський собор, м. Херсон		2	63
124	Бериславський рабин, м. Берислав		2	44
141	Собор Введення Пресвятої Богородиці, м. Олешки		1	22
198	Херсонська духовна консисторія Синоду		1	23
222	Генічеське сільське правління		1	1
248	Херсонська губернська землевпорядна комісія		1	1
254	Херсонське губернське дворянське депутатське зібрання		1	2
302	Колекція карт і планів		1	8
309	Петропавлівське сільське правління, с. Петропавлівка Херсонського повіту Херсонської губернії		0	0
316	Церкви Мелітопольського повіту Олександрівської губернії (ОАФ)		27	657
330	Церква Успіння Пресвятої Богородиці (м. Генічеськ)		1	35
П158	Херсонська окружна контрольна комісія робочо-селянської інспекції		1	3
Р4033	Управління Служби безпеки України в Херсонській області		12	901
Р2244	Колекція листів радянських громадян з Німеччини (періоду нацистської окупації)		1	1
Р2	Херсонський окружний виконавчий комітет ради робітничих, селянських і червоноармійських депутатів м. Херсон	1922-1930	6	34
Р4069	Підвідділи записів актів громадянського стану (ЗАГС) виконкомів районних рад робітничих, селянських і червоноармійських депутатів Херсонщини (ОАФ)		17	5
Р823	Качкарівський волосний виконавчий комітет ради робітничих, селянських і червоноармійських депутатів, с. Качкарівка Качкарівського району Херсонського округу		1	2
20	Херсонська земська фельдшерська школа Херсонської губернської земської управи		1	1
Р2410			2	329
Р3052			1	50
Р3218			1	56
Р3327			1	221
Р3789			1	77
Р3790			1	146
Р901			1	131
Р1854			1	17
Р2815			1	47
Р912			1	106
Р2443			1	64
Р2450			1	11
Р2454			2	58
Р2083			1	5
Р2697			1	57
Р2698			1	204
Р2920			1	155
Р2922			1	62
Р1920			1	1
Р1985			3	219
Р2216			1	1
Р2384			1	3
Р2421			1	59
Р2423			1	55
Р2424			2	86
Р2427			1	45
Р2434			1	70
Р2436			2	194
Р2451			1	19
Р2452			1	57
Р2479			1	108
Р2527			2	265
Р3378			1	200
Р2924			1	35
Р2959			1	155
Р3049			1	158
П350			1	55
Р2470			1	56
Р2525			1	285
Р			1	14
Р1989			1	1
Р3655			1	3
Р3916			1	89
Р926			1	24
Р2000			3	8
Р2367			1	1
Р2428			1	10
Р2431			1	7
Р2435			1	49
Р2437			1	10
Р1668			4	787
Р2478			1	95
Р2546			1	146
Р2570			1	1
Р2590			3	95
Р2690			1	96
Р2691			1	83
Р2696			1	248
Р2741			1	15
Р2742			1	132
Р2753			1	23
Р2754			1	24
Р2755			1	4
Р2910			1	83
Р2919			2	209
Р3230			1	78
Р3232			1	23
Р3302			2	222
Р3320			1	1
Р3418			1	9
Р3464			1	180
Р3651			1	102
Р3764			1	63
Р3842			1	176
Р3843			1	178
Р3940			1	157
Р4017			1	16
Р4018			1	6
Р897			2	74
Р2438			1	226
Р2082			1	144
Р3574			1	16
Р2399			1	111
Р3181			1	117
Р2918			1	168
Р1694			5	57
Р1773			2	95
Р1686			1	22
Р2457			1	13
Р2458			1	37
Р2475			1	71
Р2577			1	24
Р1943			1	37
Р3325			1	187
Р2400			1	166
Р3300			1	143
П16			3	3
П19			1	1
П46			1	10
П48			1	1
П104			1	2
П109			1	8
П116			1	19
Р964			1	209
Р900			1	61
Р3508			1	48
Р2939			1	209
П126			5	6
П137			8	22
П139			3	70
П140			1	84
Р3798			1	90
Р3799			1	76
Р3881			1	348
Р3797			1	111
Р3510			1	30
Р3395			1	24
Р3397			1	21
Р898			1	180
Р3792			1	83
Р3794			1	196
Р3509			1	24
Р3746			1	97
Р3816			1	60
П144			1	1
П161			2	16
Р4001			1	1
П166			3	49
Р2881			1	255
Р3042			1	14
Р3043			1	55
Р3044			1	26
Р3048			1	18
Р3303			1	94
Р3330			2	219
Р3336			1	228
Р3398			1	48
Р3710			1	64
Р3729			1	42
П124			1	1
Р2304			1	776
Р3301			1	91
Р3304			1	158
Р3331			1	159
Р3711			1	39
Р3846			1	173
Р3830			1	105
Р3339			1	42
Р3709			1	75
Р3341			1	448
Р2701			1	491
Р3867			1	482
Р3053			1	237
Р3399			1	242
Р3590			1	424
Р3657			1	160
Р2923			2	218
Р3844			1	186
Р3571			1	234
Р3247			1	298
Р3340			1	167
Р3106			1	527
Р3337			1	24
Р3051			1	42
Р2963			1	14
Р3845			1	172
Р3187			1	20
Р3332			1	29
Р2961			1	30
Р2962			1	32
Р3572			1	82
Р3573			1	61
1	Канцелярія Херсонського цивільного губернатора Міністерства внутрішніх справ, м. Херсон Херсонського повіту Херсонської губернії		2	12
14	Херсонська губернська креслярня Міністерства юстиції, м. Херсон Херсонського повіту Херсонської губернії		5	129
169	Успенський собор, м. Херсон		2	45
259	Церкви Дніпровського повіту Херсонської губернії (ОАФ)		74	1095
300	Херсонська губернська палата державного майна		1	19
328	Церкви м. Херсон та його передмість Херсонського повіту Херсонської губернії (ОАФ)		20	458
Р3776			1	102
Р3777			1	95
Р3778			1	111
Р3791			1	73
Р3795			1	190
Р3796			1	130
Р3804			1	110
Р3805			1	92
262			1	3
588			1	1
596			1	1
563			1	1
575			1	1
2593			1	1
264			1	1
1378			1	1
569			1	1
220			1	3
269			1	3
10	Херсонський лісоохоронний комітет Міністерства землеробства і державного майна, м. Херсон Херсонського повіту Херсонської губернії		0	0
15	Юр'ївський учительський інститут Міністерства народної освіти, м. Херсон Херсонського повіту Херсонської губернії		0	0
16	Херсонське приватне чоловіче семикласне комерційне училище Колесова В.Д. Міністерства торгівлі і промисловості, м. Херсон Херсонського повіту Херсонської губернії		0	0
170	Хорлівська митна застава управління Одеського митного інспектора		0	0
173	Чурумський митний пост управління Одеського митного інспектора		0	0
174	Прогнойське відділення корабельної контори Херсонської митниці		0	0
18	Бериславська двокласна морехідна школа Міністерства торгівлі і промисловості		0	0
180	Управління Херсонського торговельного порту		0	0
185	Херсонська тютюнова фабрика Лермана		0	0
186	Мировий суддя 6-ї дільниці Дніпровського судово-мирового округу, м. Олешки		0	0
189	Херсонське середнє земське сільськогосподарське училище		0	0
19	Херсонська приватна жіноча гімназія Тюльпанової Г.В. Міністерства народної освіти		0	0
190	Голопристанська двокласна морехідна школа		0	0
191	Херсонська палата цивільного суду		0	0
192	Херсонська чотирикласна учительська семінарія		0	0
193	Бериславське вище початкове училище		0	0
194	Кам'янське кредитне товариство Херсонського губернського комітету у справах дрібного кредиту		0	0
195	Херсонське відділення Державного банку Міністерства фінансів		0	0
196	Херсонський губернський комітет у справах дрібного кредиту		0	0
197	Великоолександрівське кредитне товариство Херсонського губернського комітету у справах дрібного кредиту		0	0
199	Податковий інспектор 1-ї дільниці Херсонської казенної палати		0	0
200	Професійне товариство прикажчиків, м. Херсон		0	0
201	Мировий суддя 16-ї дільниці Херсонського судово-мирового округу, с. Березнегувате Херсонського повіту Херсонської губернії		0	0
202	Таврійський лісоохоронний комітет Міністерства землеробства і державного майна, м. Олешки Дніпровського повіту Таврійської губернії		0	0
203	Херсонський з'їзд мирових суддів 24-ї дільниці Херсонського судово-мирового округу, м. Херсон		0	0
206	Херсонський окружний суд Міністерства юстиції, м. Херсон		0	0
208	Дніпровська повітова комісія по виборах до Державної Думи, м. Олешки		0	0
209	Херсонська єпархіальна училищна рада відомства православного сповідання		0	0
21	Бериславська приватна жіноча гімназія Парамонової М.Д. Міністерства народної освіти		0	0
210	Генічеське казначейство Таврійської губернської казенної палати		0	0
211	Покровське кредитне товариство Херсонського губернського комітету у справах дрібного кредиту, с. Покровське Херсонського повіту Херсонської губернії		0	0
212	Херсонське морехідне училище далекого плавання Міністерства торгівлі і промисловості, з 1919 р. факультет водного транспорту Херсонського політехнічного інституту		0	0
213	Олешківська двокласна морехідна школа		0	0
223	Херсонське губернське з прибуткового податку присутствіє		0	0
224	Херсонське товариство взаємного кредиту		0	0
225	Херсонське губернське казначейство		0	0
226	Судовий пристав Дибовський І.Р. Херсонського окружного суду, м. Херсон		0	0
227	Херсонська чоловіча гімназія		0	0
229	Акцизне управління 6-го округу Херсонського губернського акцизного управління Міністерства фінансів, м. Херсон		0	0
230	Бехтерське волосне правління, с. Бехтери Дніпровського повіту Таврійської губернії		0	0
232	Херсонська губернська будівельна дорожня комісія		0	0
233	Бериславське казначейство Херсонської губернської казенної палати		0	0
234	Херсонська жіноча гімназія Марченко		0	0
237	Поштово-телеграфні контори і відділення Одеського поштово-телеграфного округу Таврійської губернії (ОАФ)		0	0
240	Дніпровська повітова земська управа, м. Олешки Дніпровського повіту Таврійської губернії		0	0
241	Інспекція народних училищ 11-го району Одеського учбового округу, м. Херсон		0	0
243	Канцелярія Херсонської губернської опіки дитячих притулків установ імператриці Марії, м. Херсон		0	0
245	Товариство Херсонських лісопильних заводів і торгівлі лісом, м. Херсон		0	0
246	Херсонське губернське присутствіє		0	0
247	Херсонський повітовий з'їзд по адміністративному присутствію		0	0
249	Херсонсько-Бессарабське управління землеробства і державного майна Міністерства землеробства і державного майна, м. Херсон		0	0
251	Управління робіт по очищенню дніпровських гирл, м. Херсон		0	0
252	Судовий слідчий Херсонського окружного суду з особливо важливих справ, м. Херсон		0	0
256	Судовий слідчий 5-ї дільниці Херсонського окружного суду, м-ко Новий Буг Херсонського повіту Херсонської губернії		0	0
257	Херсонський губернський митний інспектор		0	0
26	Нотаріус Одноволов С.Г., с. Чаплинка Дніпровського повіту Таврійської губернії		0	0
28	Нотаріус Попель В.П., м. Каховка Дніпровського повіту Таврійської губернії		0	0
284	Слідчий військового суду Херсонського гарнізонного батальйону внутрішньої варти		0	0
286	Херсонський з'їзд мирових суддів		0	0
287	Херсонська дворянська опіка		0	0
288	Херсонське інспекторство аптекарської частини		0	0
290	Судовий слідчий 7-ї дільниці Херсонського окружного суду, м-ко Нововоронцовка Херсонського повіту		0	0
Р105	Каргинський сільський комітет незаможних селян		1	0
291	Великоолександрівський сільський староста Великоолександрівського сільського правління		0	0
292	Нотаріус Чернецький С.А., м-ко Каховка Дніпровського повіту Таврійської губернії		0	0
293	Херсонська губернська земська лікарня		0	0
296	Управління по спорудженню залізничної лінії Джанкой-Херсон Товариства Чорноморської залізниці, м. Херсон		0	0
299	Херсонське губернське акцизне управління		0	0
3	Херсонське губернське правління Міністерства внутрішніх справ, м. Херсон Херсонського повіту Херсонської губернії		0	0
303	Товариство Маловисківського цукрово-бурякового заводу, с. Мала Виска Єлисаветградського повіту Херсонської губернії		0	0
304	Херсонський військово-аптечний магазин		0	0
308	Чиновник з особливих доручень при земському відділі Херсонського губернатора Чарушин		0	0
31	Нотаріус Прохно Григорій Йосипович, м. Херсон Херсонського повіту Херсонської губернії		0	0
310	Дирекція народних училищ Херсонської губернії		0	0
311	Судовий слідчий 1-ї дільниці Херсонського окружного суду, м. Миколаїв Херсонської губернії		0	0
312	Херсонська оцінювальна комісія з відчуження землі під спорудження Херсонської портової залізниці		0	0
314	Херсонське повітове казначейство Херсонської казенної палати		0	0
315	Херсонське губернське у селянських справах присутствіє		0	0
317	Зібрання документів про народників-херсонців		0	0
318	Франжолі (родинний фонд)		0	0
32	Нотаріус Фан-Юнг Л.В., м. Херсон Херсонського повіту Херсонської губернії		0	0
320	Дніпровське повітове казначейство Таврійської губернської казенної палати, м. Олешки Дніпровського повіту Таврійської губернії		0	0
321	Управління Дніпровського повітового військового начальника, м. Олешки Дніпровського повіту Таврійської губернії		0	0
322	Тягинська сільська управа, с. Тягинка Херсонського повіту Херсонської губернії		0	0
325	Благочинний церков 1-ї частини Дніпровського повіту Таврійської губернії		0	0
326	Рабин м. Генічеськ		0	0
329	Церкви м. Берислав Херсонського повіту Херсонської губернії (ОАФ)		0	0
331	Молитовний дім, колонія Олександрівка Перша (Джуржи) Перекопського повіту Таврійської губернії		0	0
332	Музиківська община євангельських християн-баптистів, с. Музиківка (Музикині хутори) Херсонського повіту		0	0
333	Церква святого Георгія Побідоносця, с. Нові Трояни Аккерманського повіту Бессарабської губернії		0	0
334	Церква Покрови Пресвятої Богородиці, с. Олександрівка Ананьївського повіту Херсонської губернії		0	0
335	Церква Покрови Пресвятої Богородиці, с. Лозуватка Верхньодніпровського повіту Катеринославської губернії		0	0
336	Церкви Єлисаветградського повіту Херсонської губернії (ОАФ)		0	0
337	Церкви Бердянського повіту Олександрівської губернії (ОАФ)		0	0
338	Церкви Олександрівського повіту Катеринославської губернії (ОАФ)		0	0
34	Нотаріус Крижановський Федір Васильович, м. Херсон Херсонського повіту Херсонської губернії		0	0
35	Нотаріус Павлович Вітольд Йосипович, м. Херсон Херсонського повіту Херсонської губернії		0	0
36	Нотаріус Піотровський Лев Йосипович, м. Берислав Херсонського повіту Херсонської губернії		0	0
38	Нотаріус Волков М.В., с. Широке Херсонського повіту Херсонської губернії		0	0
4	Херсонська міська управа Міністерства внутрішніх справ, м. Херсон Херсонського повіту Херсонської губернії		0	0
40	Нотаріус Козак Володимир Онуфрійович, с. Широке Херсонського повіту Херсонської губернії		0	0
42	Нотаріус Балков В.Є., м. Олешки Дніпровського повіту Таврійської губернії		0	0
44	Нотаріус Сулима С.Г., порт Хорли Дніпровського повіту Таврійської губернії		0	0
48	Нотаріус Куликовський Юліан Петрович, м. Херсон Херсонського повіту Херсонської губернії		0	0
49	Нотаріус Тимчинський Микола Феофанович, м. Херсон Херсонського повіту Херсонської губернії		0	0
51	Нотаріус Підпалов О.В., м. Херсон Херсонського повіту Херсонської губернії		0	0
52	Нотаріус Давидов Євген Миколайович, м. Херсон Херсонського повіту Херсонської губернії		0	0
53	Нотаріус Давидов Михайло Миколайович, м. Берислав Херсонського повіту Херсонської губернії		0	0
54	Нотаріус Чарнецький С.А., м. Херсон Херсонського повіту Херсонської губернії		0	0
59	Нотаріус Корбуль Іларіон Іванович, м. Херсон Херсонського повіту Херсонської губернії		0	0
61	Нотаріус Гаврик Стефан Максимович, м. Херсон Херсонського повіту Херсонської губернії		0	0
63	Нотаріус Прокопович Кирило Орестович, м. Олешки Дніпровського повіту Таврійської губернії		0	0
64	Нотаріус Ніколаєв Володимир Йосипович, м. Херсон Херсонського повіту Херсонської губернії		0	0
66	Нотаріус Жулаєвський Степан Андрійович, м. Скадовськ Дніпровського повіту Таврійської губернії		0	0
69	Нотаріус Ненайденко Василь Федорович, м. Берислав Херсонського повіту Херсонської губернії		0	0
7	Херсонська митниця 2-го класу Управління Одеського митного інспектора, м. Херсон Херсонського повіту Херсонської губернії		0	0
70	Нотаріус Калінчук Микола Федорович, м. Херсон Херсонського повіту Херсонської губернії		0	0
71	Нотаріус Корнієнко Петро Антонович, кол. Добра Херсонського повіту Херсонської губернії		0	0
72	Нотаріус Гроза Людовик Олександрович, м. Херсон Херсонського повіту Херсонської губернії		0	0
73	Нотаріус Єфімовський Микола Іванович, кол. Добра Херсонського повіту Херсонської губернії		0	0
74	Нотаріус Афанасьєв Федір Матвійович, м. Олешки Дніпровського повіту Таврійської губернії		0	0
77	Нотаріус Хлібкевич Михайло Миколайович, м. Херсон Херсонського повіту Херсонської губернії		0	0
78	Нотаріус Красношапка Степан Якович, м. Херсон Херсонського повіту Херсонської губернії		0	0
79	Нотаріальний архів Херсонського окружного суду, м. Херсон Херсонського повіту Херсонської губернії		0	0
8	Джарилгацька митна застава Південного митного округу, порт Скадовськ Дніпровського повіту Херсонської губернії		0	0
80	Нотаріальний архів Херсонського окружного суду, м. Олешки Дніпровського повіту Таврійської губернії		0	0
82	Поштово-телеграфні контори і відділення Одеського поштово-телеграфного округу Херсонської губернії		0	0
Р1001	Сільсько-господарська артіль “Красній партизан” Херсонського району Херсонської округи с. Веревчина Балка		0	0
Р1004	М’ясорадгосп Одеського тресту скотарських радгоспів, ст. Копані Херсонського району Одеської області		0	0
Р1005	Херсонська міська рада професійних спілок (міськпрофрада), м. Херсон Миколаївської області		0	0
Р1048	Херсонська оптова база Миколаївської обласної радгоспної секції		0	0
Р1007	Качкарівська поштово-телеграфна контора управління Одеського поштово-телеграфного округу, с. Качкарівка Качкарівського району Херсонського округу Одеської губернії		0	0
Р101	Горностаївський районний комітет незаможних селян		1	0
Р1010	Херсонська продуктивно-кооперативна артіль «Допоміжник селу» по переробці зерна на борошно, крупу Херсонської міжрайонної ради промислово-кооперативних товариств (міжрайпромради)		0	0
Р1011	Науково-виробниче об’єднання «Аметист» Державного комітету оборонного промислового машинобудування України		0	0
Р1012	Херсонська транспортно-тарова контора Одеської обласної спілки споживчих товариств		0	0
Р1013	Херсонський трест комунального будівництва («Комунбуд») Херсонської міської ради робітничих, селянських і червоноармійських депутатів		0	0
Р1014	Херсонське відділення Спілки письменників України		0	0
Р1015	Херсонська продуктивно-кооперативна артіль «М’ясорибконсерв» по виготовленню м’ясорибних консервів Херсонської міжрайонної ради промислово-кооперативних товариств (міжрайпромради)		0	0
Р1016	Херсонська міжрайонна база Миколаївської обласної контори по збуту рибної продукції («Рибзбут»)		0	0
Р1018	Петрівський сільський комітет незаможних селян (КНС), с. Петрівське Високопільського району Херсонського округу УСРР		0	0
Р1019	Херсонський філіал Всеукраїнської інвентаризаційної контори («Вукінвентар»)		0	0
Р1020	Відділ внутрішньої торгівлі Херсонської міської ради депутатів трудящих		0	0
Р1021	Херсонський інститут фізичних методів лікування Одеського обласного відділу охорони здоров’я		0	0
Р1022	Уповноважений Одеського філіалу Українського державного акціонерного товариства по постачанню промисловості і будівництва («Укрпостач»)		0	0
Р1023	Великоолександрівське сільськогосподарське кредитно-кооперативне товариство		0	0
Р1024	Херсонська санітарно-епідемічна інспекція Херсонського міського відділу охорони здоров’я		0	0
Р1028	Херсонська продуктивно-кооперативна артіль по виготовленню і продажу мила, синьки, соди, олійних і емалевих фарб «Маслохімфарба» Одеської хімпромспілки		0	0
Р103	Скадовський районний комітет незаможних селян		1	0
Р1032	Херсонська макаронна фабрика Херсонського хлібокомбінату		0	0
Р1033	Херсонський хлібокомбінат Херсонського обласного управління харчової промисловості		0	0
Р1034	Херсонська міжрайонна база Одеської обласної спілки споживчих товариств		0	0
Р1035	Херсонський авторемонтний завод Миколаївського обласного відділу місцевої промисловості		0	0
Р1036	Херсонський міжрайонний філіал Одеської обласної контори книготорговельних підприємств («Книгокультторг»)		0	0
Р1037	Херсонське відділення Дніпровсько-Бузької контори «Воднархарч» Всесоюзного тресту ресторанів і буфетів водного транспорту		0	0
Р1038	Херсонська міська кооперативна спілка по виробництву харчових продуктів (міськкоопхарч)		0	0
Р1039	Станція юних натуралістів Херсонського обласного відділу народної освіти		0	0
Р1041	Херсонська районна контора Всеукраїнської спілки сільськогосподарської кооперації («Укрсількоопцентр»)		0	0
Р1044	Херсонська паливна контора при Херсонській міській раді депутатів трудящих		0	0
Р1046	Херсонське агентство Державного тресту по заготівлі, переробці і постачанню металевого брухту («Металбрухт»)		0	0
Р1047	Херсонська виправно-трудова сільськогосподарська колонія Управління виправно-трудових установ УСРР		0	0
Р1050	Херсонська продуктивно-кооперативна артіль «Промкоопхарч»		0	0
Р1051	Херсонська база Українського відділення Всесоюзного державного об’єднання по збуту лісопродукції («Союзлісозбут»)		0	0
Р1055	Херсонська міська рада Всеукраїнського добровільного фізкультурного ордена Леніна товариства промислової кооперації «Спартак»		0	0
Р1057	Херсонський утилізаційний завод Всеукраїнського державного об’єднання регулювання ринку сировини («Укрутиль»)		0	0
Р1058	Миколаївська обласна рада добровільного спортивного товариства (ДСТ) «Восход»		0	0
Р106	Новомиколаївський сільський комітет незаможних селян		1	0
Р1060	Рождественський волосний виконавчий комітет ради робітничих, селянських і червоноармійських депутатів		0	0
Р1062	Херсонський міський вечірній університет культури		0	0
Р1063	Відділ культури виконавчого комітету Новотроїцької районної ради депутатів трудящих		0	0
Р1064	Херсонський трест громадського харчування (харчотрест) Української спілки споживчих кооперативних організацій		0	0
Р1066	Херсонсько-Голопристанське курортне управління Українського курортного управління		0	0
Р1067	Херсонська дорожньо-експлуатаційна дільниця Херсонського обласного дорожнього відділу		0	0
Р1068	Херсонський кущ Київської контори водних ресторанів і буфетів Дніпровського басейну («Дніпробуфет»)		0	0
Р1069	Управління у справах преси та інформації Херсонської обласної державної адміністрації		0	0
Р107	Птахівський сільський комітет незаможних селян		1	0
Р1070	Херсонський завод протипожежного устаткування Одеського обласного машинобудівного тресту		0	0
Р1071	Херсонська державна типографія ім. Леніна видавництва «Наддніпрянська правда»		0	0
Р1072	Херсонське будівельне управління Державного тресту машинобудівної промисловості («Машинбуд»)		0	0
Р1075	Херсонський державний деревообробний завод ім. Халтуріна		0	0
Р1079	Новотроїцька районна рада спілки спортивних товариств		0	0
Р108	Краснянський сільський комітет незаможних селян		1	0
Р1080	Український науково-дослідний інститут зрошуваного землеробства Міністерства сільського господарства УРСР		0	0
Р1081	Херсонське міське товариство допомоги нужденним громадянам «Допомога» Одеського обласного товариства допомоги нужденним громадянам «Допомога»		0	0
Р1082	Орендне підприємство «Херсонський електромашинобудівний завод» Міністерства машинобудування України		0	0
Р1083	Херсонський трест бавовняних, свинарських і вівчарських радгоспів		0	0
Р1087	Цюрупинське лісомеліоративне господарство по освоєнню пісків Миколаївського обласного лісоуправління		0	0
Р1089	Херсонська окружна прокуратура Прокуратури УСРР		0	0
Р109	Новоолексіївський сільський комітет незаможних селян		1	0
Р1090	Прокуратура 102-ї дільниці м. Скадовськ Прокуратури УСРР		0	0
Р1091	Херсонська міська прокуратура Управління Наркомату юстиції УРСР по Миколаївській області		0	0
Р1094	Дніпровський повітовий військово-продовольчий магазин при Дніпровському повітовому відділі військово-продовольчого постачання		0	0
Р1095	Відділ військово-продовольчого постачання при Дніпровській повітовій військово-продовольчій комісії		0	0
Р1096	Херсонська губернська контора Всеросійського центру сільськогосподарської кооперації («Центросекція»)		0	0
Р1097	Каховський військово-продовольчий магазин при Дніпровському повітовому відділі військово-продовольчого постачання		0	0
Р1098	Гарнізонна хлібопекарня при Херсонському повітовому відділі військово-продовольчого постачання		0	0
Р1099	Херсонський губернський виконавчий комітет ради робітничих, селянських і червоноармійських депутатів		0	0
Р110	Новософіївський сільський комітет незаможних селян		1	0
Р1101	Виконавчий комітет Іванівської сільської ради депутатів трудящих		0	0
Р1103	Генічеська секція профспілки робітників-металістів («Металіст»)		0	0
Р1105	Генічеське промислово-кредитно-кооперативне товариство по постачанню і збуту виробів кустарів через державні кооперативні організації «Кредит-кустар» Мелітопольської окружної спілки кустарно-промислової кооперації		0	0
Р1106	Генічеське повітове бюро юстиції Запорізького губернського відділу юстиції		0	0
Р1108	Великолепетиське відділення Мелітопольської районної сільськогосподарської спілки		0	0
Р1109	Генічеська спілка сільськогосподарських кооперативів (райсільгоспспілка) Катеринославського губернського кооперативного комітету		2	202
Р111	Тарасівський сільський комітет незаможних селян		1	0
Р1111	Генічеське повітове статистичне бюро Запорізького губернського статистичного бюро		0	0
Р1113	Генічеський філіал Всеукраїнської кооперативної книготорговельної і видавничої спілки («Книгоспілка»)		0	0
Р1114	Малолепетиське сільськогосподарське кредитно-кооперативне товариство Мелітопольської окружної спілки сільськогосподарських кооперативів		0	0
Р1118	Великолепетиська районна спілка сільськогосподарської зернової кооперації (райкоопзерно) Мелітопольської окружної зернової спілки сільськогосподарських колективів		0	0
Р1119	Місцевий комітет профспілки радянських і торговельних службовців при Генічеській районній спілці сільськогосподарських кооперативів		0	0
Р112	Михайлівський сільський комітет незаможних селян		1	0
Р1120	Генічеське комісіонерство Катеринославського товариства сільськогосподарського кредиту «Сільбанк»		0	0
Р1121	Великолепетиська районна спілка сільськогосподарських і спеціалізованих колективів (райколгоспспілка)		0	0
Р1122	Великолепетиська промислово-кооперативна артіль по виробленню хлібобулочних і кондитерських виробів «Харчопродукт» Херсонського окружного кооперативного комітету		0	0
Р1123	Відділ народної освіти Генічеського повітового виконавчого комітету ради робітничих, селянських і червоноармійських депутатів		0	0
Р1124	Виконавчий комітет Генічеської районної ради народних депутатів		0	0
Р1127	Новотроїцький волосний виконавчий комітет ради робітничих, селянських і червоноармійських депутатів		0	0
Р1128	Генічеська районна судово-земельна комісія Мелітопольської окружної судово-земельної комісії		0	0
Р1129	Генічеська загальноміська страхова каса		0	0
Р1130	Народний суд 20-ї дільниці Мелітопольського судового округу		0	0
Р1131	Народний суд 21-ї дільниці Мелітопольського судового округу		0	0
Р1132	Народний суд 13-ї дільниці Мелітопольського судового округу		0	0
Р1133	Відділ охорони здоров’я Генічеського повітового виконавчого комітету ради робітничих,селянських і червоноармійських депутатів		1	31
Р1134	Новотроїцький районний комітет народного контролю		0	0
Р114	Каховський міський комітет незаможних селян		1	0
Р1140	Херсонський трест промисловості будівельних матеріалів Міністерства промисловості будівельних матеріалів УРСР		0	0
Р1141	Виробничо-кооперативна артіль ім. Ворошилова по заготівлі будівельних матеріалів та сировини Херсонської районної спілки кустарно-промислових і кредитних кооперативів		0	0
Р1142	Кооперативно-трудова артіль ім. 1-го Травня по заготівлі очерету Херсонської окружної спілки кустарних, промислових і кредитних кооперативів		0	0
Р1143	Херсонська виробнича майстерня Всеукраїнського філіалу Всесоюзного акціонерного товариства машино-тракторних станцій («Трактороцентр»)		0	0
Р1145	Виборчі комісії по виборах до Верховної Ради СРСР по Херсонській області		0	0
Р1147	Південноукраїнська державна зональна машинно-випробувальна станція Держкомітету СРСР по виробничо-технічному забезпеченню сільського господарства		0	0
Р1148	Виборчі комісії по виборах до Верховної Ради УРСР по Херсонській області		0	0
Р1154	Пристань Козацьке Нижньодніпровсько-Бузького державного пароплавства		0	0
Р1155	Пристань Олешки Нижньодніпровсько-Бузького державного пароплавства		0	0
Р1157	Пристань Мала Лепетиха Нижньодніпровсько-Бузького державного пароплавства		0	0
Р1158	Пристань Велика Лепетиха Дніпровського річкового пароплавства		0	0
Р1159	Пристань Тарасівка Нижньодніпровсько-Бузького державного пароплавства		0	0
Р1161	Пристань Малі Гирла Нижньодніпровсько-Бузького державного пароплавства		0	0
Р1162	Пристань Берислав Нижньодніпровсько-Бузького державного пароплавства		0	0
Р1163	Пристань Кам’янка Нижньодніпровсько-Бузького державного пароплавства		0	0
Р1165	Пристань Британи Нижньодніпровсько-Бузького державного пароплавства		0	0
Р1166	Пристань Херсон Нижньодніпровсько-Бузького державного пароплавства		0	0
Р1167	Пристань Качкарівка Нижньодніпровсько-Бузького державного пароплавства		0	0
Р1168	Пристань Гола Пристань Нижньодніпровсько-Бузького державного пароплавства		0	0
Р1169	Відділ охорони здоров’я водних шляхів Нижньодніпровсько-Бузького району		0	0
Р117	Великокаховський сільський комітет незаможних селян		1	0
Р1170	Гопкало Іван Олексійович (1894–1984), художник		0	0
Р1171	Великоолександрівський страховий пункт Херсонської окружної каси соціального страхування		0	0
Р1172	Каховська районна страхова каса Херсонської окружної страхової контори		0	0
Р1173	Бериславський районний пункт соціального страхування Херсонської окружної страхової контори		0	0
Р1174	Олешківське дільничне агентство Херсонської окружної страхової контори		0	0
Р1175	Голопристанська районна страхова каса Херсонської окружної страхової контори		0	0
Р1176	Скадовська районна страхова каса Херсонської окружної страхової контори		0	0
Р1177	Курнаков Георгій Васильович (1887–1977), художник		0	0
Р1179	Уповноважений Ради у справах релігійних культів при Раді Міністрів СРСР по Херсонській області		0	0
Р118	Каховський районний комітет незаможних селян		3	0
Р1180	Новоолександрівський сільський комітет незаможних селян (КНС)		0	0
Р1183	Краснянський сільський комітет незаможних селян (КНС)		0	0
Р1184	Комітет у справах фізкультури і спорту виконавчого комітету Новотроїцької районної ради депутатів трудящих		0	0
Р878	Микільський волосний комітет допомоги голодуючим		0	0
Р1186	Херсонський повітовий комітет при Американській адміністрації допомоги (АРА)		0	0
Р1187	Радянське господарство (радгосп) «Таврійський» Каховського спеціалізованого тресту радгоспів зрошуваного землеробства		0	0
Р119	Британський сільський комітет незаможних селян		1	0
Р1190	Виконавчий комітет Новотроїцької районної ради депутатів трудящих		0	0
Р1191	Виконавчий комітет Скадовської районної ради депутатів трудящих		0	0
Р1194	Новокаїрський сільський комітет незаможних селян (КНС)		0	0
Р1195	Український сільський комітет незаможних селян (КНС), с. Українка Великоолександрівського району Херсонського округу Одеської губернії		0	0
Р1196	Статистичне бюро Дніпровського повітового виконавчого комітету ради робітничих, селянських і червоноармійських депутатів, м. Олешки Дніпровського повіту Одеської губернії		0	0
Р1197	Херсонське обласне дочірнє підприємство «Херсонтурист» Українського акціонерного товариства по туризму та екскурсіях «Укрпрофтур»		0	0
Р1198	Херсонське обласне міжколгоспне об’єднання з будівництва		0	0
Р120	Малокаховський сільський комітет незаможних селян		1	0
Р1202	Херсонське обласне управління легкої промисловості (обллегпром) Міністерства легкої промисловості УРСР		0	0
Р1203	Херсонський обласний комітет профспілки працівників дошкільних установ і дитбудинків		0	0
Р1204	Виконавчий комітет Лупарівської сільської ради робітничих, селянських і червоноармійських депутатів		0	0
Р1206	Юхимівський сільський комітет незаможних селян (КНС)		0	0
Р1207	Відділ внутрішньої торгівлі Херсонського окружного виконавчого комітету ради робітничих, селянських і червоноармійських депутатів		0	0
Р1208	Херсонське управління підготовки та постачання робочої сили Наркомату праці УСРР		0	0
Р1209	Херсонський державний шкіряний завод № 6 Одеського шкіртресту		0	0
Р121	Любимо-Павлівський сільський комітет незаможних селян		1	0
Р1210	Херсонський універсальний магазин Українського відділення Всесоюзного державного об’єднання з постачання та збуту шкіри («Союзшкірпостачзбут»)		0	0
Р1211	Балтазарівський волосний виконавчий комітет ради робітничих, селянських і червоноармійських депутатів		0	0
Р1212	Рада Дніпровського повітового земельного комітету, м. Олешки Дніпровського повіту Таврійської губернії		0	0
Р1213	Сільськогосподарський технікум захисту рослин «Комунар» Наркомату освіти УСРР, с. Юрицине Генічеського району УСРР		0	0
Р1214	Виборчі комісії по виборах до місцевих рад депутатів трудящих по Херсонській області (ОАФ)		0	0
Р1215	Балабай Олександр Петрович (1912–1988), учасник партизанського руху, партійний працівник, краєзнавець		0	0
Р1218	Високопільський волосний виконавчий комітет ради робітничих, селянських і червоноармійських депутатів		0	0
Р122	Новомаячківський сільський комітет незаможних селян		1	0
Р1220	Цюрупинська районна малярійна станція Миколаївського обласного відділу охорони здоров’я		0	0
Р1222	Станіславське волосне управління радянської робітничо-селянської міліції Херсонського повітового управління радянської робітничо-селянської міліції		0	0
Р1223	Редакція газети «Червона Зірка» Одеського обкому КП(б) України і Херсонського міськкому КП(б) України		0	0
Р1225	Херсонська телефонна мережа управління Чорноморського округу народного зв’язку		0	0
Р1226	Народний суд 30-ї дільниці Херсонського судового округу		0	0
Р1227	Відділ зв’язку Херсонського губернського виконавчого комітету ради робітничих, селянських і червоноармійських депутатів		0	0
Р1229	Скадовське волосне управління радянської робітничо-селянської міліції Дніпровського повітового управління радянської робітничо-селянської міліції		0	0
Р123	Чорнянський сільський комітет незаможних селян		1	0
Р1230	Голопристанське районне управління радянської робітничо-селянської міліції Херсонського окружного управління радянської робітничо-селянської міліції		0	0
Р1231	Горностаївське районне управління радянської робітничо-селянської міліції Херсонського окружного управління радянської робітничо-селянської міліції		0	0
Р1232	Фінансовий відділ Дніпровського повітового виконавчого комітету ради робітничих, селянських і червоноармійських депутатів, м. Олешки Дніпровського повіту Одеської губернії		0	0
Р1234	Херсонський обласний комітет профспілки працівників лісової, паперової і деревообробної промисловості		0	0
Р1235	Херсонський обласний комітет профспілки працівників електростанцій та електротехнічної промисловості		0	0
Р1236	Лисогоров Сергій Дмитрович (1903–1994), вчений-аграрій, почесний громадянин м. Херсон		0	0
Р1238	Малолепетиський волосний комітет самооборони, с. Мала Лепетиха Мелітопольського повіту Катеринославської губернії		0	0
Р1239	Великолепетиський районний комітет профспілки працівників політпросвітніх установ		0	0
Р124	Софіївський сільський комітет незаможних селян		1	0
Р1240	Архангельський волосний виконавчий комітет ради робітничих, селянських і червоноармійських депутатів		0	0
Р1241	Херсонська збутова база Всеукраїнського об’єднання по заготівлі плодів і овочів («Укрзаготплодоовоч»)		0	0
Р1242	Цюрупинська районна заготівельна контора Миколаївської обласної контори по заготівлі плодів і овочів («Заготплодоовоч»)		0	0
Р1243	Великолепетиська районна заготівельна контора Миколаївської обласної контори по заготівлі плодів і овочів («Заготплодоовоч»)		0	0
Р1244	Голопристанська районна заготівельна контора Миколаївської обласної контори по заготівлі плодів і овочів («Заготплодоовоч»)		0	0
Р1245	Херсонський магазин з роздрібної торгівлі плодоовочами Миколаївської обласної контори по заготівлі плодів і овочів («Заготплодоовоч»)		0	0
Р1246	Автобаза Миколаївської обласної контори по заготівлі плодів і овочів («Заготплодоовоч»)		0	0
Р1248	Херсонська окружна контора Всеукраїнського об’єднання по заготівлі плодів і овочів («Укрзаготплодоовоч»)		0	0
Р1249	Херсонський плодоовочевий комбінат Всеукраїнського об’єднання по заготівлі плодів і овочів («Укрзаготплодоовоч»)		0	0
Р125	Наталівський сільський комітет незаможних селян		1	0
Р1250	Херсонська обласна контора по заготівлі м’ясо-молочних продуктів «М’ясомолзбут» Українського тресту по заготівлі м’ясо-молочних продуктів		0	0
Р1251	Херсонська філія Одеської обласної бази Всеукраїнського галузевого об’єднання оптовороздрібної торгівлі книгами і культтоварами (Вукоопкнига) при Всеукраїнській спілці споживчих кооперативних організацій		0	0
Р1252	Херсонське відділення Миколаївського обласного автотранспортного тресту		0	0
Р1254	ерсонський міжрайонний філіал «Укркнигоцентру»		0	0
Р1256	Херсонська філія Українського об’єднання книжкової торгівлі («Укркниготорг») і Одеського обласного філіалу «Укркниготоргу»		0	0
Р1260	Великолепетиська районна контора Всеукраїнської спілки сільськогосподарської кооперації («Укрсількоопцентр»)		0	0
Р1261	Генічеське товариство взаємного кредиту Мелітопольського окружного товариства взаємного кредиту		0	0
Р1263	Херсонська збутова база Одеської обласної контори Головного управління консервної промисловості СРСР (Головконсерв)		0	0
Р1265	Херсонський комунальний трест по заготівлі будівельних матеріалів Херсонського міського відділу комунального господарства		0	0
Р1266	Херсонська окружна комісія по боротьбі з наслідками голоду (окрнаслідгол) при Херсонському окружному виконавчому комітеті ради робітничих, селянських і червоноармійських депутатів		0	0
Р1267	Заводський комітет профспілки робітників і службовців МТС та земельних органів при Херсонському електрозаводі		0	0
Р1268	Закритий робітничий кооператив (ЗРК) при Херсонському електрозаводі		0	0
Р1271	Каховська дорожньо-експлуатаційна дільниця № 612 Херсонського обласного управління по будівництву і експлуатації автомобільних і шосейних доріг		0	0
Р1272	Місцевий комітет профспілки працівників державної торгівлі при Херсонській міжрайонній промислово-кооперативній спілці		0	0
Р1273	Херсонська міжрайонна база Одеської обласної контори «Сільгосппостачання»		0	0
Р1275	Група старшого контролера Міністерства державного контролю СРСР по контролю за прийманням та збереженням бавовни по Українській РСР		0	0
Р1276	Херсонська районна контора Чорноморського тресту торгівлі і громадського харчування на водному транспорті (райводторгхарч)		0	0
Р1277	Херсонська районна інспектура державного бракеражу будівельних матеріалів мінерального походження «Держбудбракераж» Центральної Української контори «Держбудбракераж»		0	0
Р1278	Херсонська обласна дитяча лікарня Херсонського обласного відділу охорони здоров’я		0	0
Р1279	Херсонське обласне товариство охорони природи		0	0
Р1281	Херсонський міський район Херсонського окружного управління радянської робітничо-селянської міліції		0	0
Р1282	Херсонська промислово-кооперативна артіль «Кооперативний бляхар»		0	0
Р1283	Херсонський філіал Дніпровсько-Бузької контори ресторанів і буфетів Херсонського відділення «Водресторан»		0	0
Р1284	Арнаутська сільськогосподарська артіль ім. “Комінтерну”		0	0
Р1286	Херсонське районне транспортне споживче товариство водників (водТСТ)		0	0
Р1287	Відділ робітничого постачання (ВРП) управління Херсонського морського торговельного порту		0	0
Р1288	Херсонське відділення відділу робітничого постачання (ВРП) Дніпровського управління річкового пароплавства		0	0
Р1289	Радгосп-технікум «Скадовський № 90» Скадовського районного виробничого управління меліорації і водного господарства		0	0
Р1290	Фінансовий відділ виконавчого комітету Верхньорогачицької районної ради депутатів трудящих		0	0
Р1291	Відділ народної освіти виконавчого комітету Скадовської районної ради депутатів трудящих		0	0
Р1292	Дніпровська спілка кредитних і позичково-ощадних товариств		0	0
Р1293	Колгосп “Наддніапрянській хлібороб” Тягінської сільради		0	0
Р1295	Дніпровський повітовий уповноважений державних земель і майна при Одеському губернському земельному управлінні		0	0
Р1296	Цюрупинська районна санітарна станція		0	0
Р1297	Хорлівська міська робітничо-селянська інспекція (РСІ), порт Хорли		0	0
Р1298	Кочубеївський волосний виконавчий комітет ради робітничих, селянських і червоноармійських депутатів		0	0
Р881	Виконавчий комітет Голопристанської районної ради народних депутатів		0	0
Р1300	Чаплинське районне управління радянської робітничо-селянської міліції Херсонського окружного управління радянської робітничо-селянської міліції		0	0
Р1301	Каховське міське управління радянської робітничо-селянської міліції Дніпровського повітового управління радянської робітничо-селянської міліції		0	0
Р1302	Качкарівське районне управління радянської робітничо-селянської міліції Херсонського окружного управління радянської робітничо-селянської міліції		0	0
Р1303	Великоолександрівське районне управління радянської робітничо-селянської міліції Херсонського окружного управління радянської робітничо-селянської міліції		0	0
Р1304	Житлове управління виконавчого комітету Херсонської міської ради депутатів трудящих		0	0
Р1305	Краснянське волосне управління радянської робітничо-селянської міліції Херсонського повітового управління радянської робітничо-селянської міліції		0	0
Р1306	Херсонська трудова артіль по виготовленню і ремонту металевих виробів «Ліс і метал» Херсонської окружної спілки кустарно-промислових і кредитних кооперативів		0	0
Р1308	Херсонське окружне лісове управління (ОЛУ) Всеукраїнського Центрального управління лісами		0	0
Р1310	Земельний відділ виконавчого комітету Іванівської районної ради депутатів трудящих		0	0
Р1311	Українська дослідна станція каракулівництва Головного управління каракулівницьких радгоспів (Головкаракуль) Міністерства радгоспів СРСР		0	0
Р1312	Заводський комітет профспілки робітників машинобудування при Херсонському комбайновому заводі ім. Г. І. Петровського		0	0
Р1313	Дніпровська повітова сільськогосподарська секція Одеської губернської сільськогосподарської секції		0	0
Р1314	Херсонська повітова комісія по боротьбі з наслідками голоду Одеського губернського комітету допомоги голодуючим		0	0
Р1315	Юридичне бюро Херсонського повітового виконавчого комітету ради робітничих, селянських і червоноармійських депутатів		0	0
Р1316	Херсонське морехідне училище Міністерства рибного господарства СРСР		0	0
Р1318	Херсонське відділення Українського товариства дружби і культурних зв’язків із зарубіжними країнами		0	0
Р1319	Херсонська губернська комісія по боротьбі з дезертирством Херсонського губернського військового комісаріату		0	0
Р1322	Херсонська обласна карантинна інспекція Української карантинної інспекції		0	0
Р1323	Управління культури виконкому Херсонської обласної ради народних депутатів		0	0
Р1326	Херсонське відділення тресту «Укрплодолісорозсадник»		0	0
Р1328	Херсонське обласне бюро судово-медичної експертизи Херсонського обласного відділу охорони здоров’я		0	0
Р1331	Навчально-виробничий бондарно-шевський комбінат ім. Г. І. Петровського Херсонської дитячої комісії при міській раді		0	0
Р1333	Херсонська окружна спілка споживчих кооперативних товариств (окрспоживспілка), м. Херсон УСРР		0	0
Р1335	Видавництво газети «Наддніпрянська правда» – органу Херсонського міськкому КП(б) України, міської ради депутатів і міської ради профспілок		0	0
Р1336	Херсонське обласне державне підприємство по заготівлі і збуту насіння овоче-баштанних культур «Сортнасіннєовоч»		0	0
Р1338	Херсонський обласний лікарсько-фізкультурний диспансер Херсонського обласного управління охорони здоров’я та з питань забезпечення ліками		0	0
Р1341	Агент 6-ї Великоолександрівської дільниці Херсонського окружного агентства державного страхування		0	0
Р1342	Херсонський районний комітет взаємної допомоги (КВД), м. Херсон Херсонського округу УСРР		0	0
Р1344	Великолепетиська контрольно-насіннєва лабораторія Запорізького обласного земельного відділу		0	0
Р1347	Старший інспектор Головного управління у справах промислової і споживчої кооперації при Раді Міністрів СРСР по Херсонській області		0	0
Р1349	Великоолександрівський районний комітет взаємної допомоги (КВД)		0	0
Р1350	Херсонська кооперативна спілка сільськогосподарських товариств і артілей «Сільспілка»		0	0
Р1351	Нововоскресенське сільське товариство взаємної допомоги (КВД), с. Нововоскресенське Качкарівського району Херсонського округу УСРР		0	0
Р1352	Спілка кустарно-промислової кооперації Херсонського і Дніпровського повітів «Артільспілка»		0	0
Р1354	Херсонська кооперативна птахівницька спілка «Кооптахспілка»		0	0
Р1355	Штаб начальника тилу Херсонської губерні		0	0
Р1356	Державна єдина хлібна інспекція управління Херсонського порту		0	0
Р1357	Скадовський заготівельний пункт Одеської районної контори Українського тресту сільськогосподарського млинарства		0	0
Р1358	Малоолександрівський сільський комітет незаможних селян (КНС)		0	0
Р1359	Великолепетиська районна військова нарада, с. Велика Лепетиха Мелітопольського повіту Катеринославської губернії		0	0
Р1360	Відділ праці Скадовської міської ради робітничих, селянських і червоноармійських депутатів		0	0
Р1361	Відділ соціального забезпечення Скадовського міського виконавчого комітету ради робітничих, селянських і червоноармійських депутатів		0	0
Р1362	Місцевий комітет профспілки працівників промислової кооперації при Херсонській транспортній конторі		0	0
Р1364	Херсонський губернський військовий комісаріат		0	0
Р1365	Нововоронцовський волосний комітет незаможних селян (КНС)		0	0
Р1366	Каховський районний комітет допомоги голодуючим Херсонського окружного комітету допомоги голодуючим		0	0
Р1368	Листи з підписами громадян під зверненням Постійного комітету Всесвітнього конгресу прибічників миру по Херсонській області (ОАФ)		0	0
Р1387	Херсонське губернське поштово-телеграфне управління Управління уповноваженого Наркомату пошти і телеграфів РРФСР при РНК УСРР		0	0
Р1388	Потьомкінський сільський виконавчий комітет ради робітничих, селянських і червоноармійських депутатів		0	0
Р1389	Херсонська окружна будівельна контора (окрбуд) Херсонського окружного комунального відділу		0	0
Р139	Ольгівський сільський комітет незаможних селян		1	0
Р1391	Трифонівський волосний виконавчий комітет ради робітничих, селянських і червоноармійських депутатів		0	0
Р1395	Відділ праці Дніпровського повітового виконавчого комітету ради робітничих, селянських і червоноармійських депутатів, м. Олешки Дніпровського повіту Одеської губернії		0	0
Р1396	Каланчацький волосний відділ праці Дніпровського повітового відділу праці, с. Каланчак Дніпровського повіту Одеської губернії		0	0
Р1397	Херсонська районна заготівельна контора «Заготзерно» Одеської обласної заготівельної контори «Заготзерно»		0	0
Р1398	Херсонська будівельна дільниця № 22 Українського тресту державного постачання, м. Херсон УСРР		0	0
Р140	Великоолександрівський районний комітет незаможних селян		1	0
Р1405	Нововоронцовський опорний пункт (штіцпункт) Нововоронцовської агрономічної контори, с. Нововоронцовка Нововоронцовського району Миколаївської області (періоду нацистської окупації)		0	0
Р141	Козацький волосний комітет незаможних селян		1	0
Р1412	Дільниця по здачі шкіри Нововоронцовської районної контори «Заготскот», с. Любимівка Нововоронцовського району Миколаївської області (періоду нацистської окупації)		0	0
Р1415	Золотобалківський опорний пункт (штіцпункт) Нововоронцовської агрономічної контори, с. Золота Балка Нововоронцовського району Миколаївської області (періоду нацистської окупації)		0	0
Р1416	Відділ охорони здоров’я Нововоронцовської районної управи, с. Нововоронцовка Нововоронцовського району Миколаївської області (періоду нацистської окупації)		0	0
Р1417	Нововоронцовське районне відділення Херсонського окружного господарського банку, с. Нововоронцовка Нововоронцовського району Миколаївської області (періоду нацистської окупації)		0	0
Р1419	Агрономічна контора при сільськогосподарському керівнику, ст. Рикове Генічеського району Запорізької області (періоду нацистської окупації)		0	0
Р142	Бериславський районний комітет незаможних селян		2	0
Р1422	Общинні господарства Олешківського (Цюрупинського) району Миколаївської області (періоду нацистської окупації) (ОАФ)		0	0
Р143	Тягинський сільський комітет незаможних селян		1	0
Р1431	Опорний пункт (штіцпункт) «І» Генічеської агрономічної контори, с. Новогригорівка Генічеського району Запорізької області (періоду нацистської окупації)		0	0
Р1438	Генічеська районна спілка споживчих товариств, м. Генічеськ Генічеського району Запорізької області (періоду нацистської окупації)		0	0
Р144	Новотягинський сільський комітет незаможних селян		1	0
Р1442	Опорний пункт «К» Генічеської агрономічної контори, м. Генічеськ Генічеського району Запорізької області (періоду нацистської окупації)		0	0
Р1444	Генічеський міський мировий суд, м. Генічеськ Генічеського району Запорізької області (періоду нацистської окупації)		0	0
Р145	Бургунський сільський комітет незаможних селян		1	0
Р1450	Стокопанівське сільське споживче товариство Генічеської районної спілки споживчих товариств, с. Стокопані Генічеського району Запорізької області (періоду нацистської окупації)		0	0
Р1453	Генічеська міська біржа праці Генічеської міської управи, м. Генічеськ Генічеського району Запорізької області (періоду нацистської окупації)		0	0
Р1457	Олешківська міська будівельна контора Олешківської міської управи, м. Олешки (Цюрупинськ) Олешківського (Цюрупинського) району Миколаївської області (періоду нацистської окупації)		0	0
Р1458	Фінансовий відділ Олешківської районної управи, м. Олешки (Цюрупинськ) Олешківського (Цюрупинського) району Миколаївської області (періоду нацистської окупації)		0	0
Р1459	Олешківська районна сільськогосподарська комендатура Олешківської районної земельної управи, м. Олешки (Цюрупинськ) Олешківського (Цюрупинського) району Миколаївської області (періоду нацистської окупації)		0	0
Р146	Одрадокам’янський сільський комітет незаможних селян		1	0
Р1464	Олешківське головне лісництво Олешківської районної управи, м. Олешки (Цюрупинськ) Олешківського (Цюрупинського) району Миколаївської області (періоду нацистської окупації)		0	0
Р1469	Великолепетиська агрономічна контора при сільськогосподарському керівнику району, с. Велика Лепетиха Великолепетиського району Запорізької області (періоду нацистської окупації)		0	0
Р147	Новобериславський сільський комітет незаможних селян		1	0
Р1470	Голопристанська районна ветеринарна лікарня Голопристанської районної управи, с. Гола Пристань Голопристанського району Миколаївської області (періоду нацистської окупації)		0	0
Р1475	Общинні господарства Голопристанського району Миколаївської області (періоду нацистської окупації) (ОАФ)		0	0
Р1488	Общинні господарства Херсонського району Миколаївської області (періоду нацистської окупації) (ОАФ)		0	0
Р149	Старошведський сільський комітет незаможних селян		1	0
Р1492	Общинні господарства Каланчацького району Миколаївської області (періоду нацистської окупації) (ОАФ)		0	0
Р1494	Бериславський паспортний відділ Бериславської районної управи, м. Берислав Бериславського району Миколаївської області (періоду нацистської окупації)		0	0
Р1496	Бериславська районна контора заготівель і збуту, м. Берислав Бериславського району Миколаївської області (періоду нацистської окупації)		0	0
Р150	Костирський сільський комітет незаможних селян		1	0
Р1501	Районні управи Херсонщини (періоду нацистської окупації) (ОАФ)		0	0
Р1506	Обласне управління шовківництва і тутівництва Миколаївського генералкомісаріату, м. Херсон Миколаївської області (періоду нацистської окупації)		0	0
Р151	Кочубеївський сільський комітет незаможних селян		1	0
Р1510	Заготівельна контора Каланчацької районної спілки споживчих товариств, с. Каланчак Каланчацького району Миколаївської області (періоду нацистської окупації)		0	0
Р152	Пригір’ївський сільський комітет незаможних селян		1	0
Р1520	Сільські управи Херсонщини (періоду нацистської окупації) (ОАФ)		0	0
Р1527	Каланчацький районний торговельний відділ «Кримспілки», с. Каланчак Каланчацького району Миколаївської області (періоду нацистської окупації)		0	0
Р1535	Общинні господарства Нижньосірогозького району Запорізької області (періоду нацистської окупації) (ОАФ)		0	0
Р154	Наталинський сільський комітет незаможних селян		1	0
Р1545	Метеорологічна станція Генічеської агрономічної контори, с. Новоолексіївка Генічеського району Запорізької області (періоду нацистської окупації)		0	0
Р155	Високопільський районний комітет незаможних селян		1	0
Р1552	Зеленотропинська насіннєва база Кримської обласної насіннєвої контори, с. Зеленотропинське Голопристанського району Миколаївської області (періоду нацистської окупації)		0	0
Р1554	Общинні господарства Скадовського району Миколаївської області (періоду нацистської окупації) (ОАФ)		0	0
Р1563	Скадовська районна контора по заготівлі худоби, вовни і шкірсировини Миколаївської обласної контори «Заготтваринсировина», м. Скадовськ Скадовського району Миколаївської області (періоду нацистської окупації)		0	0
Р1565	Нижньосірогозька районна партизанська комісія при районному виконавчому комітеті ради робітничих, селянських і червоноармійських депутатів, с. Нижні Сірогози Нижньосірогозького району Дніпропетровської області		0	0
Р157	Орловський сільський комітет незаможних селян		1	0
Р1578	Скадовська районна поліція, м. Скадовськ Скадовського району Миколаївської області (період нацистської окупації)		0	0
Р1579	Скадовський районний торговельний відділ «Кримспілки», м. Скадовськ Скадовського району Миколаївської області (періоду нацистської окупації)		0	0
Р158	Дніпровський повітовий комітет незаможних селян, м.Олешки		2	0
Р1586	Общинні господарства Сиваського району Запорізької області (періоду нацистської окупації) (ОАФ)		0	0
Р159	Каховський районний комітет взаємної допомоги		1	0
Р1596	Петрівське сільське споживче товариство Сиваської районної спілки споживчих товариств, с. Петрівське Сиваського району Запорізької області (періоду нацистської окупації)		0	0
Р1763	Новомиколаївська сільська рада робітничих, селянських і червоноармійських депутатів		0	0
Р1603	Сиваське сільське споживче товариство Сиваської районної спілки споживчих товариств, с. Сиваське Сиваського району Запорізької області (періоду нацистської окупації)		0	0
Р1604	Млин № 67 Запорізького товариства зернових підприємств, с. Петрівка Сиваського району Запорізької області (періоду нацистської окупації)		0	0
Р1607	Голопристанське добровільне благодійне товариство, с. Гола Пристань Голопристанського району Миколаївської області (періоду нацистської окупації)		0	0
Р1608	Зеленівська лікарня Херсонського районного відділу охорони здоров’я, с. Зеленівка Херсонського району Миколаївської області (періоду нацистської окупації)		0	0
Р1610	Великоолександрівська машинно-тракторна станція (МТС) Велиикоолександрівської районної сільськогосподарської комендатури(періоду нацистської окупації)		0	0
Р1613	Чаплинська районна біржа праці Чаплинської районної управи, с. Чаплинка Чаплинського району Миколаївської області (періоду нацистської окупації)		0	0
Р1614	Херсонський радіотрансляційний вузол Херсонської міської управи, м. Херсон Миколаївської області (періоду нацистської окупації)		0	0
Р1616	Херсонський міський архів відділу просвіти Херсонської міської управи, м. Херсон Миколаївської області (періоду нацистської окупації)		0	0
Р1617	Херсонський мировий суд, м. Херсон Миколаївської області (періоду нацистської окупації)		0	0
Р1620	Херсонська міська будівельна контора Херсонської міської управи, м. Херсон Миколаївської області (періоду нацистської окупації)		0	0
Р1622	Комісія з розслідування злочинів німецько-фашистських загарбників на території Чаплинського району при виконавчому комітеті Чаплинської районної ради депутатів трудящих		0	0
Р1623	Комісія з розслідування злочинів німецько-фашистських загарбників на території Іванівського і Нижньосірогозького районів Херсонської області		0	0
Р1625	Іванівська районна райспоживспілка споживчих товариств, с. Іванівка Іванівського району Херсонської області		0	0
Р1628	Общинні господарства Каховського району Миколаївської області (періоду нацистської окупації) (ОАФ)		1	54
Р1633	Ушкальська сільська поліція Великолепетиської районної поліції, с. Ушкалка Великолепетиського району Запорізької області (періоду нацистської окупації)		0	0
Р1634	Каховське районне відділення Херсонського окружного господарського банку, м. Каховка Каховського району Миколаївської області (періоду нацистської окупації)		0	0
Р1639	Князе-Григорівська сільська поліція Горностаївської районної поліції (періоду нацистської окупації)		0	0
Р1640	Херсонська обласна збутова база «Укртютюнзбут» Міністерства харчової промисловості УРСР, м. Херсон Херсонської області		0	0
Р1641	Високопільська районна партизанська комісія при районному виконавчому комітеті ради робітничих, селянських і червоноармійських депутатів		0	0
Р1642	Новотроїцька районна партизанська комісія при районному виконавчому комітеті ради робітничих, селянських і червоноармійських депутатів		0	0
Р1643	Великолепетиський районний уповноважений Державного політичного управління (ДПУ) УСРР		0	0
Р1644	Ольгофельдська менонітська релігійна братська община євангельських християн, с. Ольгофельд (Ольгине)		0	0
Р1647	Херсонська лікарня № 1 (богадільня) Херсонського міського відділу охорони здоров’я, м. Херсон Миколаївської області (періоду нацистської окупації)		0	0
Р1648	Народний суд додаткової дільниці Херсонського судового округу, м. Херсон		0	0
Р165	Пригір’ївська сільська каса взаємної допомоги		1	0
Р970	Хорлівське морське агентство		0	0
Р1650	Великоолександрівська районна партизанська комісія при районному виконавчому комітеті ради робітничих, селянських і червоноармійських депутатів		0	0
Р1651	Генічеський повітовий виконавчий комітет ради робітничих, селянських і червоноармійських депутатів		0	0
Р1652	Іванівське сільськогосподарське кредитно-кооперативне товариство Мелітопольської сільськогосподарської кооперативної спілки		0	0
Р1653	Верхньорогачицька районна спілка зернової кооперації (райкоопзерно) Мелітопольської окружної спілки зернової кооперації		0	0
Р1654	Генічеський уповноважений Мелітопольської міжрайонної контори «Укрплодоовоч»		0	0
Р1655	База Мелітопольської окружної спілки споживчих товариств, ст. Партизани Генічеського району Мелітопольського округу УСРР		0	0
Р1656	Сокологірненський зсипний пункт Генічеської повітової особливої військово-продовольчої комісії, с. Сокологірне Генічеського повіту Запорізької губернії		0	0
Р1657	Рубанівське скотарсько-молочарське товариство Мелітопольської скотарсько-молочарської спілки		0	0
Р1659	Каланчацький сільський революційний комітет		0	0
Р1660	Генічеський перевалочний пункт Мелітопольської міжрайонної контори «Укрплодоовоч»		0	0
Р1661	Народний суд 12-ї дільниці Мелітопольського судового округу, с. Верхній Рогачик Мелітопольського повіту Катеринославської губернії		0	0
Р1662	Верхньорогачицьке сільськогосподарське товариство Мелітопольської спілки сільськогосподарської кредитної кооперації		0	0
Р1663	Уповноважений по переселенню на Україну при Генічеському районному виконавчому комітеті ради робітничих, селянських і червоноармійських депутатів		0	0
Р1664	Андріївське сільськогосподарське кредитне товариство Мелітопольської спілки сільськогосподарської кредитної кооперації		0	0
Р1665	Народний суд 18-ї дільниці Мелітопольського судового округу, с. Нижні Сірогози		0	0
Р1667	Страховий пункт Асканія-Нова Мелітопольської окружної страхової каси		0	0
Р1669	Катеринівське сільськогосподарське кредитне товариство Мелітопольської спілки сільськогосподарської кредитної кооперації		0	0
Р1670	Генічеське відділення Всеукраїнської спілки сільськогосподарської кредитної і кустарно-промислової кооперації		0	0
Р1671	Виконавчий комітет Самійлівської сільської ради депутатів трудящих		0	0
Р1673	Херсонсько-Миколаївська губернська надзвичайна комісія по боротьбі з контрреволюцією, спекуляцією і посадовими злочинами		0	0
Р1675	Херсонське міське відділення НКВС УСРР по Одеській області, м. Херсон Одеської області		0	0
Р1676	Херсонська риболовецька інспекція		0	0
Р1679	Херсонський повітовий уповноважений Одеського губернського управління державних земель і майна		0	0
Р168	Олешківська районна каса взаємної допомоги		1	0
Р169	Виконавчий комітет Херсонської районної ради депутатів трудящих		5	0
Р171	Виконавчий комітет Станіславської сільської ради депутатів трудящих, с. Станіслав Білозерського району		3	0
Р1712	Управління Уповноваженого Миколаївського губернського відділу військово-продовольчого постачання по Каховському району		0	0
Р173	Виконавчий комітет Микільської сільської ради депутатів трудящих, с. Микільське Білозерського району		3	0
Р174	Виконавчий комітет Роксандрівської сільської ради депутатів трудящих, с. Роксандрівка Херсонського району		2	0
Р176	Виконавчий комітет Кізомиської сільської ради депутатів трудящих, с. Кізомис Білозерського району		2	0
Р177	Виконавчий комітет Проценківської сільської ради робітничих, селянських і червоноармійських депутатів, с. Проценкове Херсонського округу		1	0
Р178	Виконавчий комітет Рожнівської сільської ради депутатів трудящих, с. Рожнівка Херсонського району		1	0
Р1780	Золотобалківський волосний військовий комісаріат Херсонського повітового військового комісаріату		0	0
Р1784	Костромський волосний виконавчий комітет ради робітничих, селянських і червоноармійських депутатів		0	0
Р179	Виконавчий комітет Антонівської селищної ради депутатів трудящих, смт Антонівка Дніпровського району м. Херсон		3	0
Р180	Виконавчий комітет Киселівської сільської ради депутатів трудящих, с. Киселівка Білозерського району Херсонської області		3	0
Р1808	Виконавчий комітет Новогригорівської сільської ради депутатів трудящих		0	0
Р181	Радянське господарство (радгосп) «Радянська земля» Білозерського тресту спеціалізованих радгоспів зрошуваного землеробства, с. Радземля Білозерського району Херсонської області		3	0
Р1816	Херсонська зональна бавовняна станція Миколаївського генералкомісаріату		0	0
Р1818	Уповноважений Миколаївського обласного управління у справах літератури та видавництв (облліт) по Каховському району		0	0
Р182	Радянське господарство (радгосп) ім. Куйбишева Українського тресту консервної промисловості, смт Комишани Херсонського району Херсонської області		2	0
Р1821	Начальник інформаційного відділу при херсонському губерніальному старості		0	0
Р1822	Товариство зі спільного обробітку землі (ТСОЗ) ім. Ворошилова, с. Роксандрівка Снігурівського району УСР		0	0
Р1835	10-й район управління Херсонської повітової радянської робітничо-селянської міліції (м-ко Нововоронцовка)		0	0
Р1836	6-й район управління Херсонської повітової радянської робітничо-селянської міліції (с. Велика Олександрівка)		0	0
Р1837	7-й район управління Херсонської повітової радянської робітничо-селянської міліції (с. Березнегувате)		0	0
Р185	Каховська волосна комісія по боротьбі з наслідками голоду (волнаслідгол), с. Каховка Дніпровського повіту Одеської губернії		1	0
Р1852	Херсонське повітово-міське відділення карного розшуку Одеського губернського управління карного розшуку		0	0
Р1857	Підвідділ записів актів громадянського стану (ЗАГС) Херсонського повітового виконкому ради робітничих, селянських і червоноармійських депутатів		0	0
Р1858	Підвідділ записів актів громадського стану (ЗАГС) Дніпровського повітового виконавчого комітету ради робітничих, селянських і червоноармійських депутатів, м. Олешки		0	0
Р1859	Всеукраїнська республіканська насіннєва бавовняна станція Міністерства сільського господарства УРСР		0	0
Р186	Виконавчий комітет Рибальченської сільської ради депутатів трудящих, с. Рибальче Голопристанського району Херсонської області		3	0
Р1864	Херсонський міський комітет Всеукраїнського товариства по земельному устрою трудящих євреїв (ТЗЄТ)		0	0
Р1867	Херсонський міський комітет Міжнародної організації допомоги борцям революції (МОДР)		0	0
Р187	Виконавчий комітет Гладківської сільської ради депутатів трудящих, с. Гладківка Голопристанського району Херсонської області		2	0
Р1873	Виноробне радянське господарство (винрадгосп) ім. Будьонного тресту «Укрсадовинрадгосп»		0	0
Р1875	Комісія по розслідуванню злочинів німецько-фашистських загарбників на території Каховського району		0	0
Р1877	Золотобалківський волосний виконавчий комітет ради робітничих, селянських і червоноармійських депутатів		0	0
Р1878	3-й район Дніпровського повітового управління радянської робітничо-селянської міліції, м. Олешки		0	0
Р188	Виконавчий комітет Кардашинської (Старокардашинської) сільської ради депутатів трудящих, с. Кардашинка Голопристанського району Херсонської області		1	0
Р1885	Підвідділи записів актів громадянського стану (ЗАГС) Херсонського міського виконавчого комітету ради робітничих, селянських і червоноармійських депутатів		0	0
Р1892	Голопристанський заготівельний пункт Миколаївської районної контори Держторгу УСРР		0	0
Р190	Виконавчий комітет Новозбур’ївської сільської ради депутатів трудящих, с. Нова Збур'ївка Голопристанського району Херсонської області		2	0
Р1900	Херсонська губерніальна народна управа		0	0
Р1902	Херсонське губернське відділення Всеросійської ради постачання залізничників «Продшлях»		0	0
Р1908	Ветеринарний відділ Херсонського губернського військового комісаріату		0	0
Р191	Виконавчий комітет Олексіївської сільської ради депутатів трудящих, с. Олексіївка Херсонського району Миколаївської області		1	0
Р1911	Інспектура Державної комісії з сортовипробування сільгоспкультур по Херсонській області Державної комісії з сортовипробування сільгоспкультур Держагропрому СРСР		0	0
Р1913	Відкрите акціонерне товариство (ВАТ) «Спеціалізований переробний комплекс «КОРС» Державного комітету України по нафті і газу		0	0
Р192	Виконавчий комітет Чулаківської сільської ради депутатів трудящих, с. Чулаківка Голопристанського району Херсонської області		3	0
Р1926	Державна інспекція з визначення врожайності сільгоспкультур Херсонського міжрайону Головної державної інспекції з визначення врожайності сільгоспкультур при Раді Міністрів СРСР		0	0
Р193	Виконавчий комітет Малокопанівської сільської ради депутатів трудящих, с. Малі Копані Голопристанського району Херсонської області		2	0
Р1930	Херсонський окружний комітет Всеукраїнського товариства допомоги жертвам інтервенції		0	0
Р1942	Комісар м. Херсон (штадткомісар) Миколаївської області (періоду нацистської окупації)		0	0
Р1946	Старший слідчий Одеського губернського суду по м. Херсон		0	0
Р1954	Херсонська обласна санітарно-епідеміологічна станція		0	0
Р1958	Херсонська обласна контора ветеринарного постачання і торгівлі (облветпостачторг)		0	0
Р1979	Херсонська обласна рада народних депутатів		0	0
Р198	Виконавчий комітет Горностаївської районної ради народних депутатів,смт Горностаївка Горностаївського району Херсонської області		4	0
Р1981	Україно-Чорноморське управління рибоохорони і рибництва «Укрчоррибвод»		0	0
Р1993	Херсонське об’єднання телебачення і радіомовлення Державної телерадіомовної компанії України		0	0
Р1995	Херсонське обласне управління матеріально-технічного постачання і ремонтно-технічних станцій Херсонського обласного управління сільського господарства		0	0
Р2005	Херсонська обласна контора Головного управління заготівель і первинної обробки шовкової сировини (Головшовксировина) Наркомату текстильної промисловості СРСР		0	0
Р2007	Херсонський обласний і районні комітети профспілки працівників державних установ		0	0
Р2011	Державний архів Херсонської області Херсонської обласної державної адміністрації		0	0
Р202	Виконавчий комітет Новоблаговіщенської сільської ради депутатів трудящих, с. Нова Благовіщенка Горностаївського району Херсонської області		1	0
Р2020	Херсонська обласна проектно-кошторисна контора Херсонського обласного відділу комунального господарства (облкомунпроект)		0	0
Р2024	Херсонський обласний методичний кабінет культурно-просвітньої роботи при Херсонському обласному відділі культурно-просвітньої роботи		0	0
Р2059	Херсонський обласний комітет профспілки медичних працівників		0	0
Р2068	Планова комісія виконавчого комітету Херсонської обласної ради народних депутатів		0	0
Р207	Виконавчий комітет Маринської сільської ради депутатів трудящих, с. Маринське Горностаївського району Херсонської області		2	0
Р2077	Відділ сільського і колгоспного будівництва виконавчого комітету Горностаївської районної ради депутатів трудящих		0	0
Р208	Виконавчий комітет Ольгинської сільської ради робітничих, селянських і червоноармійських депутатів, с. Ольгине Високопільського району Херсонського округу УСРР		1	0
Р2081	Дорожній відділ виконавчого комітету Горностаївської ради депутатів трудящих		0	0
Р2105	Великоблаговіщенське сільське Споживче товариство		0	0
Р211	Скадовський міський виконавчий комітет ради робітничих, селянських та червоноармійських депутатів, м. Скадовськ Скадовського району Херсонської області		2	0
Р212	Виконавчий комітет Новомиколаївської сільської ради депутатів трудящих, с. Новомиколаївка Скадовського району Херсонської області		1	0
Р2128	Херсонський обласний відділ промислово-кооперативного постачання (облпромкооппостач) Херсонської обласної ради промислової кооперації		0	0
Р2138	Херсонська обласна спілка риболовецьких колгоспів «Рибакколгоспспілка»		0	0
Р214	Виконавчий комітет Михайлівської сільської ради депутатів трудящих, с. Михайлівка Скадовського району Херсонської області		1	0
Р216	Виконавчий комітет Приморської сільської ради депутатів трудящих, с. Приморське Скадовського району Херсонської області		2	0
Р217	Виконавчий комітет Кларівської сільської ради робітничих, селянських і червоноармійських депутатів, с. Кларівка Скадовського району Херсонського округу УСРР		1	0
Р218	Виконавчий комітет Краснянської сільської ради депутатів трудящих, с. Красне Скадовського району Херсонської області		2	0
Р219	Виконавчий комітет Новоолексіївської сільської ради депутатів трудящих, с. Новоолексіївка Скадовського району Херсонської області		2	0
Р220	Виконавчий комітет Каховської міської ради народних депутатів, м. Каховка Каховського району Херсонської області		4	0
Р221	Виконавчий комітет Каховської районної ради народних депутатів, м. Каховка Каховського району Херсонської області		5	0
Р224	Виконавчий комітет Наталівської сільської ради депутатів трудящих, с. Наталівка Каховського району Херсонської області		2	0
Р225	Виконавчий комітет Чорнянської сільської ради депутатів трудящих, с. Чорнянка Каховського району Херсонської області		2	0
Р226	Виконавчий комітет Великокаховської сільської ради робітничих, селянських і червоноармійських депутатів, с. Велика Каховка Каховського району Херсонського округу УСРР		1	0
Р227	Виконавчий комітет Любимівської сільської ради депутатів трудящих, с. Любимівка Каховського району Херсонської області		2	0
Р228	Виконавчий комітет Новомаячківської селищної ради депутатів трудящих, смт Нова Маячка Новомаячківського району Херсонської області		3	0
Р229	Виконавчий комітет Дмитрівської сільської ради депутатів трудящих, с. Дмитрівка Каховського району Херсонської області		0	0
Р2296	Херсонський обласний комітет профспілки працівників освіти, вищої школи і наукових установ		0	0
Р230	Виконавчий комітет Василівської (до 1957 р. – Софіївської) сільської ради депутатів трудящих, с. Василівка (до 1957 р. – Софіївка) Каховського району Херсонської області		0	0
Р231	Виконавчий комітет Любимо-Павлівської сільської ради депутатів трудящих, с. ЛюбимоПавлівка Каховського району Херсонської області		0	0
Р232	Виконавчий комітет Федорівської сільської ради робітничих, селянських і червоноармійських депутатів, с. Федорівка Каховського району Херсонського округу УСРР		0	0
Р233	Виконавчий комітет Дніпрянської селищної (до 1946 р. – Британської сільської) ради депутатів трудящих, смт Дніпряни (до 1946 р. – с. Британи) Новокаховської міської ради Херсонської області		0	0
Р234	Каховський волосний відділ робітничо-селянської інспекції (РСІ), м. Каховка Дніпровського повіту Одеської губернії		0	0
Р2345	Антонівська волосна рада робітничих, селянських і червоноармійських депутатів, с. Антонівка Херсонського повіту Херсонської губернії		0	0
Р235	Відділ культурно-просвітніх установ виконавчого комітету Верхньорогачицької районної ради депутатів трудящих, с. Верхній Рогачик Верхньорогачицького району Херсонської області		0	0
Р2350	Касперівський сільський виконавчий комітет ради робітничих, селянських і червоноармійських депутатів		0	0
Р2360	Петропавлівська сільська рада робітничих, селянських та червоноармійських депутатів		0	0
Р237	Каховське товариство взаємного кредиту, м.Каховка Каховського району Херсонського округу УСРР		0	0
Р238	Каховський волосний комітет допомоги голодуючим, м. Каховка Дніпровського повіту Одеської губернії		0	0
Р239	Каховський міський комітет допомоги голодуючим, м. Каховка Дніпровського повіту Одеської губернії		0	0
Р240	Виконавчий комітет Іванівської сільської ради робітничих, селянських і червоноармійських депутатів, с. Іванівка Качкарівського району Херсонського округу УСРР		0	0
Р241	Виконавчий комітет Української сільської ради робітничих, селянських і червоноармійських депутатів, с. Українка Качкарівського району		0	0
Р2422	Фінансовий відділ виконавчого комітету Калінінської районної ради депутатів трудящих		0	0
Р2444	Калінінське відділення Державного банку СРСР		0	0
Р2622	Управління у справах сільського і колгоспного будівництва виконавчого комітету Херсонської обласної ради депутатів трудящих		0	0
Р2631	Херсонський міський військовий комісаріат Миколаївського обласного військового комісаріату		0	0
Р2632	Бериславський районний військовий комісаріат Миколаївського обласного військового комісаріату		0	0
Р2647	Херсонський ревмокардіологічний санаторій водників Херсонського міського відділу охорони здоров’я		0	0
Р2661	Відділ у справах будівництва та архітектури виконавчого комітету Херсонської обласної ради народних депутатів		0	0
Р2692	Верхньорогачицька сільська рада депутатів трудящих		0	0
Р2904	Присиваська агролісомеліоративна дослідна станція Українського науково-дослідного інституту лісового господарства, с-ще Будьоннівка Генічеського району Херсонської області		0	0
Р2914	Зернове радянське господарство (зернорадгосп) «Степовий» Херсонського обласного управління радгоспів, с. Степове Горностаївського району Херсонської області		0	0
Р2940	Радянське господарство (радгосп) ім. Рози Люксембург Херсонського обласного тресту радгоспів, с. Федорівка Каховського району		0	0
Р296	Виконавчий комітет Великоолександрівської сільської ради депутатів трудящих, с. Велика Олександрівка Великоолександрівського району Херсонської області		0	0
Р297	Виконавчий комітет Великоолександрівської районної ради народних депутатів, мт Велика Олександрівка Великоолександрівського району Херсонської області		0	0
Р2992	Радянське господарство (радгосп) «Червоний Перекоп» Херсонського обласного тресту радгоспів, с. Червоний Перекоп Каховського району		0	0
Р2999	Документи учасників Великої Вітчизняної війни		0	0
Р300	Виконавчий комітет Давидово-Брідської сільської ради депутатів трудящих, с. Давидів Брід Великоолександрівського району Херсонської області		0	0
Р301	Виконавчий комітет Федорівської сільської ради робітничих, селянських і червоноармійських депутатів, с. Федорівка Великоолександрівського району УСРР		0	0
Р302	Виконавчий комітет Кам’янської сільської ради робітничих, селянських і червоноармійських депутатів, с. Кам'янка Великоолександрівського району УСРР		0	0
Р304	Виконавчий комітет Малоолександрівської сільської ради депутатів трудящих, с. Мала Олександрівка Великоолександрівського району Херсонської області		0	0
Р305	Виконавчий комітет Новопетрівської сільської ради депутатів трудящих, с. Новопетрівка Високопільського району Херсонської області		0	0
Р306	Виконавчий комітет Бериславської районної ради народних депутатів, м. Берислав Бериславського району Херсонської області		0	0
Р3060	Каракулівницьке радянське господарство (радгосп) ім. 1 Травня, с. Добропілля Скадовського району Херсонської області		0	0
Р307	Виконавчий комітет Бериславської сільської ради робітничих, селянських і червоноармійських депутатів, с. Берислав Бериславського району Херсонського округу УСРР		0	0
Р308	Виконавчий комітет Бургунської сільської ради робітничих, селянських і червоноармійських депутатів, с. Бургунка Бериславського району Херсонського округу Одеської губернії		0	0
Р309	Виконавчий комітет Червонокостомарівської сільської ради робітничих, селянських і червоноармійських депутатів, с. Червонокостомарівка Бериславського району УСРР		0	0
Р310	Виконавчий комітет Шевченківської сільської ради робітничих, селянських і червоноармійських депутатів, с. ім. Т. Г. Шевченка Бериславського району Херсонського округу УСРР		0	0
Р311	Виконавчий комітет Старошведської сільської ради робітничих, селянських і червоноармійських депутатів, с. Старошведське Бериславського району Херсонського округу УСРР		0	0
Р3119	Виконавчий комітет Сиваської районної ради депутатів трудящих		0	0
Р312	Виконавчий комітет Козацької сільської ради депутатів трудящих, с. Козацьке Бериславського району Херсонської області		0	0
Р313	Виконавчий комітет Новотягинської сільської ради депутатів трудящих, с. Новотягинка Білозерського району Херсонської області		0	0
Р314	Виконавчий комітет Тягинської сільської ради депутатів трудящих, с. Тягинка Бериславського району Херсонської області		0	0
Р316	Виконавчий комітет Одрадокам’янської сільської ради депутатів трудящих, с. Одрадокам’янка Бериславського району Херсонської області		0	0
Р317	Виконавчий комітет Дрімайлівської сільської ради робітничих, селянських і червоноармійських депутатів, с. Дрімайлівка Бериславського району Херсонського округу УСРР		0	0
Р318	Виконавчий комітет Старофеїнської сільської ради депутатів трудящих, с. Старофеїнське Бериславського району Миколаївської області		0	0
Р319	Бериславська районна комісія допомоги дітям при районному виконавчому комітеті ради робітничих, селянських та червоноармійських депутатів, м. Берислав Бериславського району Херсонського округу УСРР		0	0
Р3513	Відділ культури виконавчого комітету Цюрупинської районної ради депутатів трудящих і Будинок культури		0	0
Р320	Відділ культурно-просвітніх установ виконавчого комітету Чаплинської районної ради депутатів трудящих, с. Чаплинка Чаплинського району Херсонської області		0	0
Р321	Тягинська сільська управа, с. Тягинка Херсонського повіту Херсонської губернії		0	0
Р322	Бериславський волосний продовольчий комітет Херсонського повітового продовольчого комітету, м. Берислав Херсонського повіту Одеської губернії		0	0
Р3233	Ордена «Знак пошани» племінне вівчарське радянське господарство (радгосп) «Червоний Чабан»		0	0
Р3234	Радянське господарство (радгосп) ім. Паризької комуни («Парижком») Укрсадвинтресту, с. Роздольне		0	0
Р324	Бериславський волосний комітет допомоги голодуючим Херсонського повітового комітету допомоги голодуючим, м. Берислав Херсонського повіту Одеської губернії		0	0
Р325	Виконавчий комітет Чаплинської районної ради народних депутатів, смт Чаплинка Чаплинського району Херсонської області		0	0
Р3264	Колекція документів з історії Громадянської війни і становлення Радянської влади на Херсонщині		0	0
Р327	Виконавчий комітет Червонополянської сільської ради робітничих, селянських і червоноармійських депутатів, с. Червона Поляна Чаплинського району Херсонського округу УСРР		0	0
Р3305	Племінне свинарське радянське господарство (племсвинрадгосп) «Артаташ» Міністерства радгоспів УРСР, с. Привілля Сиваського району Херсонської області		0	0
Р331	Виконавчий комітет Хорлівської сільської ради депутатів трудящих, с. Хорли Каланчацького району Херсонської області		0	0
Р334	Виконавчий комітет Чорнодолинської сільської ради робітничих, селянських і червоноармійських депутатів, с. Чорна Долина Каховського району Херсонського округу Одеської губернії		0	0
Р3343	Радянське господарство (радгосп) «Червоний Сиваш» Генічеського територіального виробничого колгоспно-радгоспного управління		0	0
Р3347	Радянське господарство (радгосп) «Асканійський» Херсонського обласного управління радгоспів, с. Щербинівка		0	0
Р3348	Радянське господарство (радгосп) ім. Фрунзе Каховського спеціалізованого тресту радгоспів зрошуваного землеробства, с. Василівка Новотроїцького району Херсонської області		0	0
Р335	Виконавчий комітет Високопільської районної ради народних депутатів, смт Високопілля Високопільського району Херсонської області		0	0
Р336	Виконавчий комітет Високопільської селищної ради депутатів трудящих, смт Високопілля Високопільського району Херсонської області		1	86
Р338	Виконавчий комітет Озерівської сільської ради робітничих, селянських і червоноармійських депутатів, с. Озерівка Великоолександрівського району Херсонського округу Одеської губернії		0	0
Р341	Виконавчий комітет Кочубеївської сільської ради робітничих, селянських і червоноармійських депутатів, с. Кочубеївка Великоолександрівського району Херсонського округу Одеської губернії		0	0
Р342	Виконавчий комітет Миролюбівської сільської ради депутатів трудящих, с. Миролюбівка Нововоронцовського району Херсонської області		0	0
Р344	Відділ культурно-просвітніх установ виконавчого комітету Цюрупинської районної ради депутатів трудящих, смт Цюрупинськ Цюрупинського району Херсонської області		0	0
Р345	Відділ культурно-просвітніх установ виконавчого комітету Бериславської районної ради депутатів трудящих, м. Берислав Бериславського району Херсонської області		0	0
Р350	Виконавчий комітет Цюрупинської міської ради народних депутатів, м. Цюрупинськ (Олешки) Цюрупинського району Херсонської області		0	0
Р351	Виконавчий комітет Підстепненської сільської ради депутатів трудящих, с. Підстепне Голопристанського району Херсонської області		0	0
Р3514	Відділ кінофікації виконавчого комітету Цюрупинської районної ради депутатів трудящих		0	0
Р353	Виконавчий комітет Козаче-Лагерської сільської ради депутатів трудящих, с. Козачі Лагері Голопристанського району Херсонської області		0	0
Р3530	Державний інспектор з визначення врожайності Цюрупинського міжрайону при Державному плановому комітеті СРСР		0	0
Р354	Виконавчий комітет Тарасівської сільської ради депутатів трудящих, с. Тарасівка Голопристанського району Херсонської області		0	0
Р3542	Великолепетиська районна міжколгоспна будівельна організація (райміжколгоспбуд)		0	0
Р3546	Інспекція сільського господарства виконавчого комітету Верхньорогачицької районної ради депутатів трудящих		0	0
Р3548	Верхньорогачицька районна міжколгоспна будівельна організація (райміжколгоспбуд)		0	0
Р356	Виконавчий комітет Новокостогризівської сільської ради робітничих, селянських та червоноармійських депутатів, с. Новокостогризівка Чаплинського району Херсонського округу Одеської губернії		0	0
Р357	Виконавчий комітет Старомаячківської сільської ради депутатів трудящих, с. Стара Маячка Голопристанського району Херсонської області		1	148
Р358	Виконавчий комітет Раденської сільської ради депутатів трудящих, с. Раденськ Голопристанського району Херсонської області		1	170
Р362	Відділ охорони здоров’я Дніпровського повітового виконавчого комітету ради робітничих, селянських і червоноармійських депутатів, м. Олешки Дніпровського повіту Одеської губернії		0	0
Р3627	Новомаячківська районна міжколгоспна будівельна організація (райміжколгоспбуд)		0	0
Р363	Управління Дніпровської повітової радянської робітничо-селянської міліції управління Одеської губернської радянської робітничо-селянської міліції, м. Олешки Дніпровського повіту Одеської губернії		0	0
Р364	Земельний відділ Дніпровського повітового виконавчого комітету ради робітничих, селянських і червоноармійських депутатів, м. Олешки Дніпровського повіту Одеської губернії		0	0
Р365	Дніпровський повітовий продовольчий комітет Одеського губернського продовольчого комітету, м. Олешки Дніпровського повіту Одеської губернії		0	0
Р366	Дніпровська повітова робітничо-селянська інспекція (РСІ) Миколаївського губернського відділу робітничо-селянської інспекції, м. Олешки Дніпровського повіту Одеської губернії		0	0
Р367	Херсонська повітова робітничо-селянська інспекція (РСІ) Миколаївського губернського відділу робітничо-селянської інспекції, м. Херсон Херсонського повіту Одеської губернії		0	0
Р368	Херсонська окружна контора Всеукраїнської державної торговельної контори з експорту та імпорту, м. Херсон Херсонського округу УСРР		0	0
Р369	Херсонське окружне аптечне управління окружної інспектури охорони здоров'я, м. Херсон Херсонського округу УСРР		0	0
Р370	Херсонське окружне агентство Всеукраїнської кооперативної страхової спілки «Коопстрах», м. Херсон Одеської області		0	0
Р371	Херсонський відділ Всеукраїнської спілки мисливців і рибалок (ВУСМР), м. Херсон Херсонського округу УСРР		0	0
Р372	Херсонський річковий порт Українського міжгалузевого державного об’єднання річкового флоту, м. Херсон Херсонської області		0	0
Р373	Херсонська окружна каса соціального страхування Наркомату праці УСРР, м. Херсон Херсонського округу УСРР		0	0
Р375	Земельний відділ Херсонського губернського виконавчого комітету ради робітничих, селянських і червоноармійських депутатів, м. Херсон Херсонського повіту Одеської губернії		0	0
Р4003	Документи професорсько-викладацького складу навчальних закладів і вчителів		0	0
Р376	Бериславське лісництво Херсонського окружного земельного відділу, м. Берислав Бериславського району Херсонського округу Одеської губернії		0	0
Р377	ур'ївське лісництво Херсонського окружного земельного відділу, с. Збур'ївка Голопристанського району Херсонського округу Одеської губернії		0	0
Р3781	Херсонське районне управління сільського господарства і заготівель		0	0
Р379	Качкарівське лісництво Головного управління лісоохорони і лісонасаджень СРСР, с. Качкарівка Бериславського району Херсонської області		0	0
Р380	Золотобалківське лісництво Херсонського окружного земельного відділу, с. Золота Балка Нововоронцовського району Херсонського округу Одеської губернії		0	0
Р381	Відділ торгівлі Херсонського окружного виконавчого комітету ради робітничих, селянських і червоноармійських депутатів, м. Херсон Херсонського округу УСРР		0	0
Р3829	Виконавчий комітет Комсомольської районної ради народних депутатів		0	0
Р383	Дорожньо-транспортний автомобільний відділ Херсонського виконавчого комітету окружної ради робітничих, селянських і червоноармійських депутатів, м. Херсон Херсонського округу УСРР		0	0
Р384	Херсонський міжкооперативний агрономічний комбінат Всеукраїнського об'єднання сільськогосподарських підприємств споживчої кооперації, м. Херсон Одеської області		0	0
Р385	Херсонська районна контора Українського хлібозаготівельного і борошномельного тресту («Укрхліб»), м. Херсон Херсонського округу УСРР		0	0
Р386	Херсонська комісія у справах неповнолітніх правопорушників (СПОН) при відділі народної освіти, м. Херсон Одеської області		0	0
Р387	Ветеринарно-бактеріологічна лабораторія Миколаївського губернського земельного відділу, м. Херсон Херсонського повіту Одеської губернії		0	0
Р388	Херсонський об'єднаний ринковий комітет торговців (ринком), м. Херсон Одеської області		0	0
Р3890	Тваринницьке радянське господарство (радгосп) «50 років Жовтня» Бериславського спеціалізованого тресту м’ясомолочних радгоспів, с. Дубівка		0	0
Р390	Херсонське окружне кооперативне товариство «Окркоопбуд», м. Херсон Херсонського округу УСРР		0	0
Р391	Херсонський міжрайонний виробничо-кооперативний пункт управління кролівництвом Наркомату землеробства УСРР, м. Херсон Миколаївської області		0	0
Р393	Херсонська контора Українського шкіряного тресту («Укршкіртрест»), м. Херсон Херсонського округу Одеської губернії		0	0
Р394	Херсонське агентство Першого Українського пайового товариства «Погрузка», м. Херсон Херсонського округу УСРР		0	0
Р395	Херсонська окружна зернова спілка сільськогосподарських колективів (окрзерноколгоспспілка), м. Херсон Херсонського округу УСРР		0	0
Р3956	Виробниче об’єднання «Південелектромаш» Міністерства машинобудування, військово-промислового комплексу і конверсії України		0	0
Р396	Херсонська районна судово-земельна комісія Херсонської окружної судово-земельної комісії, м. Херсон Херсонського округу УСРР		0	0
Р397	Всеукраїнська протичумна станція Ветеринарного управління УСРР, м. Херсон Херсонського округу Одеської губернії		0	0
Р3978	Виконавчий комітет Дніпровської районної ради народних депутатів		0	0
Р3988	Лисенко Микола Федорович (1915–1990), кандидат філософських наук, доцент		0	0
Р3991	Виконавчий комітет Суворовської районної ради народних депутатів		0	0
Р3996	Управління по заготівлі і постачанню палива населенню і комунально-побутовим підприємствам виконавчого комітету Херсонської обласної ради народних депутатів		0	0
Р4004	Балаш Віктор Григорович (1932), член Спілки художників СРСР, Заслужений художник УРСР		0	0
Р4009	Краєзнавці Херсонщини (ОАФ)		0	0
Р401	Херсонська міжрайонна станція Всесоюзного об’єднання по боротьбі зі шкідниками сільського і лісового господарства, м. Херсон Одеської області		0	0
Р4015	Колекція документів політичних і громадських діячів Херсонщини (ОАФ)		0	0
Р402	Комісія по боротьбі з наслідками голоду Херсонського повітового виконавчого комітету ради робітничих, селянських і червоноармійських депутатів, м. Херсон Херсонського повіту Одеської губернії		0	0
Р4022	Бучинські		0	0
Р4023	Сухопаров Сергій Михайлович (1956), літературознавець, краєзнавець		0	0
Р4025	Колекція документів художників Херсонщини		0	0
Р4026	Херсонська обласна рада Всесоюзного добровільного товариства боротьби за тверезість		0	0
Р4029	Херсонське обласне відділення Українського фонду культури		0	0
Р403	Херсонська контора Всесоюзного акціонерного товариства з експорту хлібних продуктів («Експортхліб»), м. Херсон Одеської області		0	0
Р4032	Документи артистів		0	0
Р404	Херсонське відділення Всеукраїнської контори акціонерного товариства торгівлі хлібними та іншими сільськогосподарськими продуктами («Хлібопродукт»), м. Херсон Херсонського округу УСРР		0	0
Р4043	Фонд комунального майна виконавчого комітету Херсонської міської ради народних депутатів		0	0
Р4044	Голобородьки, родинний фонд		0	0
Р4045	Колекція фотодокументів і документів С. В. Макарова		0	0
Р405	Херсонська товарна біржа Херсонського окружного відділу торгівлі, м. Херсон Херсонського округу УСРР, м. Херсон Херсонського округу УСРР		0	0
Р4055	Херсонський обласний центр професійної орієнтації населення Республіканського центру зайнятості Міністерства праці України		0	0
Р406	Херсонська районне управління радянської робітничо-селянської міліції Херсонського окружного управління радянської робітничо-селянської міліції, м. Херсон Херсонського округу УСРР		0	0
Р4061	Херсонський обласний центр організації професійного навчання незайнятого населення Державної служби зайнятості Республіканського центру зайнятості Міністерства праці України		0	0
Р4066	Представництво Фонду державного майна України в м. Херсоні регіонального відділення Фонду державного майна України по Херсонській області		0	0
Р4067	Херсонська обласна державна адміністрація		0	0
Р407	Управління Херсонської повітової радянської робітничо-селянської міліції управління Одеської губернської радянської робітничо-селянської міліції, м. Херсон Херсонського повіту Одеської губернії		0	0
Р4070	Херсонський обласний фонд охорони праці Херсонської обласної державної адміністрації		0	0
Р4071	Документи по виборах Президента України, народних депутатів України, депутатів місцевих рад, Всеукраїнських референдумів (ОАФ)		0	0
Р4074	Братан Микола Іванович (1934–2010), письменник		0	0
Р4075	Управління майном області Херсонської обласної державної адміністрації		0	0
Р4076	Херсонське обласне управління державного регулювання виробництва та обігу алкоголю і тютюну Державного департаменту регулювання виробництва та обігу алкоголю і тютюну		0	0
Р4077	Орлова Зоря Соломонівна (1927), історик-краєзнавець, почесний член Спілки архівістів України		0	0
Р4079	Херсонський обласний наркологічний диспансер відділу охорони здоров’я виконавчого комітету Херсонської обласної ради депутатів трудящих		0	0
Р408	Херсонське міське управління радянської робітничо-селянської міліції Миколаївського губернського управління радянської робітничо-селянської міліції, м. Херсон Херсонського повіту Миколаївської губернії		0	0
Р4084	Рилєєв Василь Петрович (1944), член Національних спілок фотохудожників і журналістів України, Заслужений діяч мистецтв України		0	0
Р409	Херсонське окружне управління робітничо-селянської міліції і карного розшуку Головного управління радянської робітничо-селянської міліції і карного розшуку, м. Херсон Херсонського округу УСРР		0	0
Р4092	Колекція документів громадських організацій, створених на території Херсонщини		0	0
Р4093	Документи з історії Голодомору 1932–1933 років та голоду 1946–1947 років на Херсонщині		0	0
Р4094	Колекція документів об’єднань громадян незалежної України, створених на території Херсонщини		0	0
Р4096	Колекція конкурсних робіт «Херсонщина спілкується зі світом»		0	0
Р4097	Родина Фальц-Фейнів		0	0
Р4098	Кичинський Анатолій Іванович (1950), поет		0	0
Р410	Херсонська окружна судово-земельна комісія Наркомату земельних справ УСРР, м. Херсон Херсонського округу УСРР		0	0
Р4101	Колекція архітектурних креслень		0	0
Р4105	Колекція агітаційно-пропагандистських документів і оголошень нацистської окупаційної влади та її союзників		0	0
Р4106	Степанов Микола Дмитрович (1926–2009), член Національної спілки фотохудожників України, голова правління Херсонського обласного фотоклубу		0	0
Р4107	Державна інспекція з контролю за цінами в Херсонській області Державної інспекції з контролю за цінами України Міністерства економіки України		0	0
Р4108	Представництво Державного комітету України з питань регуляторної політики та підприємництва в Херсонській області		0	0
Р4110	Сектор міграційної служби у Херсонській області Державного комітету України у справах національностей та релігій		0	0
Р4112	Громихін В’ячеслав Михайлович (1942), архітектор, Почесний громадянин м. Херсон		0	0
Р4113	Інспекція по державному технічному нагляду Херсонської обласної державної адміністрації		0	0
Р4121	Голопристанський завод твердопресованих плит		0	0
Р4122	Лепетиська сільська рада робітничих, селянських та червоноармійських депутатів		0	0
Р415	Херсонська контора Всесоюзного об’єднання з експорту лісових матеріалів «Експортліс», м. Херсон Одеської області		0	0
Р416	Херсонське лісництво Херсонського окружного земельного відділу, м. Херсон Херсонського округу УСРР		0	0
Р417	Херсонська міська спілка житлово-кооперативних товариств (житлоспілка), м. Херсон Одеської області		0	0
Р421	Херсонський міжрайонний пункт Всеукраїнської контори Всесоюзного державного об’єднання радянських скотарських господарств «Скотар», м. Херсон Одеської області		0	0
Р422	Херсонське міське правління товариства «Друзі дітей», м. Херсон Одеської області		0	0
Р424	Херсонське товариство взаємного кредиту, м. Херсон Херсонського округу УСРР		0	0
Р425	Херсонське відділення Державного банку СРСР, м. Херсон УСРР		0	0
Р428	Херсонський морський торговий порт Головного управління Чорноморського морського пароплавства, м. Херсон Херсонської області		0	0
Р430	Херсонський окружний відділ запису актів громадянського стану (ЗАГС), м. Херсон Херсонського округу УСРР		0	0
Р431	Херсонська районна колгоспно-будівельна дільниця (райколгоспбуд) Одеської обласної контори по будівництву в колгоспах, м. Херсон Одеської області		0	0
Р432	Відділ соціального забезпечення виконавчого комітету Бериславської районної ради депутатів трудящих, м. Берислав Бериславського району Херсонської області		0	0
Р433	Управління Уповноваженого Всеукраїнської кооперативної спілки технічних культур і бавовництва («Укррадгоспбавовна») в м. Херсоні, м. Херсон Одеської області		0	0
Р436	Планова комісія Херсонського окружного виконавчого комітету ради робітничих, селянських і червоноармійських депутатів, м. Херсон Херсонського округу УСРР		0	0
Р444	Бериславське педагогічне училище Міністерства освіти УРСР, м. Берислав Бериславського району Херсонської області		0	0
Р445	Адміністративний відділ Херсонського окружного виконавчого комітету робітничих, селянських і червоноармійських депутатів, м. Херсон Херсонського округу УСРР		0	0
Р446	Адміністративний відділ Херсонського районного виконавчого комітету ради робітничих, селянських і червоноармійських депутатів, м. Херсон Херсонського округу УСРР		0	0
Р447	Херсонський склад Всеукраїнського об’єднання заготівлі, переробки, збуту птахопродуктів («Укрптахопродукт»), м. Херсон Миколаївської області		0	0
Р448	Відділ місцевої промисловості Херсонського окружного виконавчого комітету ради робітничих, селянських і червоноармійських депутатів, м. Херсон Херсонського округу УСРР		0	0
Р449	Херсонський повітовий продовольчий комітет Одеського губернського продовольчого комітету, м. Херсон Херсонського повіту Одеської губернії		0	0
Р451	Херсонський тракторний пункт, м. Херсон Херсонського округу УСРР		0	0
Р452	Херсонська філія Всеукраїнського кооперативного банку “Українбанк”, м. Херсон Херсонського округу УСРР		0	0
Р453	Бавовницький сектор Всеукраїнської спілки сільськогосподарських колективів («Укрколгоспцентр»), м. Херсон Одеської області		0	0
Р454	Херсонське окружне відділення Всеукраїнського товариства допомоги пролетарському студентству, м. Херсон Херсонського округу УСРР		0	0
Р455	Відділ комунального господарства виконавчого комітету Херсонської міської ради депутатів трудящих, м. Херсон Херсонської області		0	0
Р456	Відділ комунального господарства виконавчого комітету Херсонської повітової ради робітничих, селянських і червоноармійських депутатів, м. Херсон Херсонського округу Одеської губернії		0	0
Р457	Відділ комунального господарства виконавчого комітету Херсонської окружної ради робітничих, селянських і червоноармійських депутатів, м. Херсон Херсонського округу УСРР		0	0
Р459	Інспектура соціального забезпечення Херсонського окружного виконавчого комітету ради робітничих, селянських і червоноармійських депутатів, м. Херсон Херсонського округу УСРР		0	0
Р461	Станіславське відділення корабельної контори Херсонської митниці, с. Станіслав Херсонського повіту Миколаївської губернії		0	0
Р462	Джарилгацька портова митниця управління Українського митного округу, с. Скадовськ Дніпровського повіту Одеської губернії		0	0
Р463	Скадовський митний пост управління Українського митного округу, с. Скадовськ Херсонського округу УСРР		0	0
Р464	Хорлівський митний пост управління Українського митного округу, порт Хорли Чаплинського району Херсонського округу УСРР		0	0
Р465	Херсонська міська державна нотаріальна контора, м. Херсон Миколаївської області		0	0
Р466	Херсонська окружна комісія у справах українізації при окружному відділі народної освіти, м. Херсон Херсонського округу УСРР		0	0
Р467	Херсонський інститут рибної промисловості Наркомату торгівлі УСРР, м. Херсон УСРР		0	0
Р469	Херсонський державний педагогічний інститут ім. Н.К.Крупської Міністерства освіти УРСР, м. Херсон Херсонської області		0	0
Р472	Херсонське морехідне училище ім. лейтенанта Шмідта Міністерства морського флоту СРСР, м. Херсон Херсонської області		0	0
Р473	Олешківська трикласна морехідна школа Наркомату водних шляхів сполучення УСРР, м. Олешки Херсонського повіту Одеської губернії		0	0
Р475	Херсонська торгово-промислова школа Наркомату освіти УСРР, м. Херсон Херсонського округу УСРР		0	0
Р476	Херсонська радянська партійна школа, м. Херсон Херсонського округу УСРР		0	0
Р477	Херсонські чотиримісячні педагогічні курси при Херсонському педагогічному інституті, м. Херсон Херсонського округу УСРР		0	0
Р478	Редакція Бериславської районної газети «Соціалістична перемога», орган Бериславського райкому Компартії України і районної ради депутатів трудящих, м. Берислав Бериславського району Херсонської області		0	0
Р479	Херсонський повітовий військовий комісаріат Одеського губернського військового комісаріату, м. Херсон Херсонського повіту Одеської губернії		0	0
Р480	Херсонський окружний військовий комісаріат Одеського губернського військового комісаріату, м. Херсон Херсонського округу УСРР		0	0
Р481	Дніпровський повітовий військовий комісаріат Одеського губернського військового комісаріату, м. Олешки Дніпровського повіту Одеської губернії		0	0
Р483	Херсонське окружне правління Товариства друзів хімічної оборони і хімічної промисловості СРСР («Доброхім»), м. Херсон Херсонського округу УСРР		0	0
Р484	Херсонська окружна рада фізичної культури Всеукраїнської ради фізичної культури, м. Херсон Херсонського округу УСРР		0	0
Р486	Херсонське окружне правління Всеукраїнського товариства допомоги ліквідації неписьменності і малописьменності ім. Леніна «Геть неписьменність», м. Херсон Херсонського округу УСРР		0	0
Р489	Херсонський окружний відділ Товариства авіації, хімії та повітроплавання України (“Аерохім”), м. Херсон Херсонського округу УСРР		0	0
Р490	Херсонська окружна рада Товариства сприяння обороні і авіаційно-хімічному будівництву (ТСОАВІАХІМ), м. Херсон Херсонського округу УСРР		0	0
Р491	Херсонський лісопильний завод Українського лісопромислового товариства на паях («Укрліс»), м. Херсон Херсонського округу УСРР		0	0
Р493	Управління об'єднанням Херсонської промисловості (Херсонський промкомбінат) Одеської губернської ради народного господарства, м. Херсон Херсонського округу УСРР		0	0
Р495	Державні млини Херсонського округу УСРР (ОАФ)		0	0
Р497	Херсонське відділення Всеукраїнського пайового товариства роздрібної торгівлі «Ларьок», м. Херсон Херсонського округу Одеської губернії		0	0
Р498	Правління Херсонського багатокрамничного робітничого кооперативу, м. Херсон Одеської області		0	0
Р499	Херсонське відділення Всеукраїнського державного акціонерного товариства торгівлі (ВАКОТ), м. Херсон Херсонського округу УСРР		0	0
Р500	Херсонський філіал Державного видавництва України, м. Херсон Херсонського округу УСРР		0	0
Р501	Херсонський міський харчоторг Міністерства торгівлі УРСР, м. Херсон Херсонської області		0	0
Р503	Магазин № 124 Херсонського філіалу Всеукраїнської контори текстильної торгівлі («Укртекстильторг»), м. Херсон Херсонського округу УСРР		0	0
Р504	Виробничо-комерційна фірма громадського харчування «Сигма», м. Херсон Херсонської області		0	0
Р505	Заводський робітничий кооператив (ЗРК) Херсонського ремонтно-тракторного заводу, м. Херсон Одеської області		0	0
Р506	Херсонське відділення Дніпровсько-Бузької районної спілки споживчих товариств («Дніпробуг»), м. Херсон Херсонського округу УСРР		0	0
Р509	Херсонська окружна спілка кустарно-промислових і кредитних кооперативів (окрпромкредитспілка), м. Херсон Херсонського округу УСРР		0	0
Р512	Херсонська кооперативно-трудова артіль по перевезенню вантажів між портами Чорного і Азовського морів і рік Дніпра і Бугу «Вітрильний флот», м. Херсон Миколаївської області		0	0
Р526	Херсонська продуктивно-кооперативна артіль з виготовлення і ремонту меблів “Механізований мебляр” Херсонської міжрайонної багатопромислової спілки виробництв і трудових колективів, м. Херсон Одеської області		0	0
Р527	Херсонська тютюнова фабрика промислово-кооперативної артілі «Південь-тютюн», м. Херсон Херсонського округу УСРР		0	0
Р529	Херсонська районна кооперативна спілка рибалок (Дніпрорибакспілка) Всеукраїнської спілки трудових рибалок, м. Херсон Херсонського округу УСРР		0	0
Р537	Херсонська продуктивно-кооперативна артіль по обробці шкіри «Сила» Херсонської міжрайонної багатопромислової спілки виробництв і трудових колективів, м. Херсон Херсонського округу УСРР		0	0
Р538	Завод «Металіст» Херсонського обласного управління місцевої і паливної промисловості, м. Херсон Херсонської області		0	0
Р540	Голопристанське кооперативно-торф'яне товариство « Топливник» Херсонської міжрайонної багатопромислової спілки виробництв і трудових колективів, м. Херсон Херсонського округу УСРР		0	0
Р566	Херсонська окружна контора зв'язку управління Південного округу зв'язку, м. Херсон Херсонського округу УСРР		0	0
Р567	Микільське поштове відділення управління Чорноморського округу народного зв’язку, с. Микільське Херсонського району Херсонського округу Одеської губернії		0	0
Р568	Новокам'янське поштове відділення Миколаївського губернського відділу народного зв’язку, с. Новокам'янка Херсонського повіту Одеської губернії		0	0
Р569	Меловське поштове відділення Миколаївського губернського відділу народного зв’язку, с. Мелове Херсонського повіту Миколаївської губернії		0	0
Р572	Павлівське поштове відділення Херсонського губернського відділу народного зв’язку, с. Павлівське Дніпровського повіту Херсонської губернії		0	0
Р573	Нововоронцовська поштово-телеграфна контора Херсонського губернського відділу народного зв’язку, с. Нововоронцовка Херсонського повіту Херсонської губернії		0	0
Р578	Високопільська поштово-телеграфна контора управління Чорноморського округу народного зв’язку, с. Високопілля Апостолівського району Криворізького округу Катеринославської губернії		0	0
Р579	Старошведське поштове відділення управління Чорноморського округу народного зв’язку, с. Старошведське Бериславського району Херсонського округу Одеської губернії		0	0
Р580	Давидово-Брідське поштове відділення Миколаївського губернського відділу народного зв’язку, с. Давидів Брід Херсонського повіту Одеської губернії		0	0
Р582	Строганівське поштове відділення управління Одеського поштово-телеграфного округу, с. Строганівка Дніпровського повіту Херсонської губернії		0	0
Р584	Новонаталівське поштове агентство управління Чорноморського округу народного зв’язку, с. Новонаталівка Чаплинського району Херсонського округу УСРР		0	0
Р585	Чаплинська поштово-телеграфна контора управління Чорноморського округу народного зв’язку, с. Чаплинка Чаплинського району Херсонського округу Одеської губернії		0	0
Р586	Каргинський поштовий допоміжний пункт Скадовської поштово-телеграфної контори Миколаївського губернського відділу народного зв’язку, с. Карга Дніпровського повіту Миколаївської губернії		0	0
Р587	Михайлівське поштове відділення управління Одеського поштово-телеграфного округу, с. Михайлівка Дніпровського повіту Херсонської губернії		0	0
Р589	Чалбаське поштово-телеграфне відділення управління Одеського поштово-телеграфного округу, с. Чалбаси Дніпровського повіту Херсонської губернії		0	0
Р591	Козаче-Лагерське поштове відділення Миколаївського губернського відділу народного зв’язку, с. Козачі Лагері Дніпровського повіту Одеської губернії		0	0
Р592	Олешківська поштово-телеграфна контора Миколаївського губернського відділу народного зв’язку, с. Олешки Дніпровського повіту Одеської губернії		0	0
Р593	Малокопанівське поштове відділення Миколаївського губернського відділу народного зв’язку, с. Малі Копані Дніпровського повіту Одеської губернії		0	0
Р594	Рибальченське поштове відділення Миколаївського губернського відділу народного зв’язку, с. Рибальче Дніпровського повіту Миколаївської губернії		0	0
Р595	Чулаківське поштове відділення управління Чорноморського округу народного зв’язку, с. Чулаківка Голопристанського району Херсонського округу Одеської губернії		0	0
Р596	Новомаячківська поштово-телеграфна контора управління Одеського поштово-телеграфного округу, с. Нова Маячка Дніпровського повіту Таврійської губернії		0	0
Р597	Заводівський допоміжний поштовий пункт Горностаївського поштово-телеграфного відділення Миколаївського губернського відділу народного зв’язку, с. Заводівка Херсонського повіту Миколаївської губернії		0	0
Р598	Першокостянтинівське поштове відділення Миколаївського губернського відділу народного зв’язку, с. Першокостянтинівка Дніпровського повіту Миколаївської губернії		0	0
Р599	Горностаївське поштово-телеграфне відділення управління Одеського поштово-телеграфного округу, с. Горностаївка Горностаївського району Херсонського округу Одеської губернії		0	0
Р600	Тащанак-Дмитрівське поштове відділення Миколаївського губернського відділу народного зв’язку, с. Тащанак-Дмитрівка Дніпровського повіту Миколаївської губернії		0	0
Р601	Чорноморське поштово-телеграфне відділення управління Одеського поштово-телеграфного округу, с. Чорномор'я Дніпровського повіту Таврійської губернії		0	0
Р602	Тугарське поштове відділення управління Одеського поштово-телеграфного округу, с. Тугарьок Дніпровського повіту Миколаївської губернії		0	0
Р605	Григоріє-Бізюково-Монастирське поштове відділення управління Одеського поштово-телеграфного округу, с. Григоріє-Бізюків Монастир Херсонського повіту Херсонської губернії		0	0
Р606	Бурачково-Іванівське поштове відділення управління Одеського поштово-телеграфного округу, с. Бурачково-Іванівка Дніпровського повіту Херсонської губернії		0	0
Р607	Херсонська повітова рада професійних спілок (повітпрофрада), м. Херсон Херсонського повіту Одеської губернії		0	0
Р608	Херсонська окружна рада професійних спілок (окрпрофрада), м. Херсон Херсонського округу УСРР		0	0
Р609	Виконавчий комітет службовців Херсонської поштово-телеграфної контори, м. Херсон Херсонського повіту Одеської губернії		0	0
Р610	Херсонське повітове відділення профспілки працівників народного зв’язку, м. Херсон Херсонського повіту Одеської губернії		0	0
Р611	Херсонське окружне відділення профспілки працівників народного зв’язку, м. Херсон Херсонського округу УСРР		0	0
Р612	Херсонський окружний комітет профспілки працівників комунального господарства, м. Херсон Херсонського округу УСРР		0	0
Р613	Херсонське повітове відділення профспілки працівників місцевого транспорту («Місцевтран»), м. Херсон Херсонського повіту Одеської губернії		0	0
Р615	Херсонський повітовий комітет профспілки працівників медико-санітарної праці («Медсанпраця»), м. Херсон Херсонського повіту Одеської губернії		0	0
Р616	Херсонський окружний комітет профспілки працівників медико-санітарної праці («Медсанпраця»), м. Херсон Херсонського округу УСРР		0	0
Р617	Херсонське повітове відділення профспілки робітників і службовців харчової промисловості («Харчосмак»), м. Херсон Херсонського повіту Одеської губернії		0	0
Р618	Херсонський окружний комітет профспілки робітників і службовців харчової промисловості («Харчосмак»), м. Херсон Херсонського округу УСРР		0	0
Р619	Херсонське повітове відділення профспілки будівельних робітників («Будівельник»), м. Херсон Херсонського повіту Одеської губернії		0	0
Р621	Херсонський повітовий комітет профспілки робітників землі і лісу («Земліс»), м. Херсон Херсонського повіту Одеської губернії		0	0
Р622	Херсонське окружне відділення профспілки сільськогосподарських і лісових робітників (СГЛР), м. Херсон Херсонського округу УСРР		0	0
Р623	Херсонське окружне відділення профспілки працівників народного харчування («Нархарч»), м. Херсон Херсонського округу УСРР		0	0
Р624	Херсонське повітове відділення профспілки працівників освіти і соціалістичної культури, м. Херсон Херсонського повіту Одеської губернії		0	0
Р625	Херсонське окружне відділення профспілки працівників освіти («Робос»), м. Херсон Херсонського округу УСРР		0	0
Р626	Місцевий комітет профспілки працівників радянських установ («Радпрацівник») при Херсонському міському управлінні радянської робітничо-селянської міліції, м. Херсон Херсонського повіту Миколаївської губернії		0	0
Р628	Херсонське окружне відділення профспілки працівників мистецтва, м. Херсон Херсонського округу УСРР		0	0
Р630	Херсонське повітове відділення профспілки працівників радянських установ («Радпрацівник»), м. Херсон Херсонського повіту Одеської губернії		0	0
Р631	Херсонське окружне відділення профспілки працівників радянських установ («Радпрацівник»), м. Херсон Херсонського округу УСРР		0	0
Р632	Місцевий комітет № 3 профспілки працівників освіти («Робос») при Херсонській єврейській професійно-технічній школі, м. Херсон Херсонського округу Одеської губернії		0	0
Р633	Місцевий комітет профспілки працівників освіти («Робос») при Будинку робітничих підлітків (БРП) № 1, м. Херсон Херсонського округу УСРР		0	0
Р634	Місцевий комітет № 6 профспілки працівників освіти («Робос») при Херсонській єврейській професійно-технічній школі, м. Херсон Херсонського округу УСРР		0	0
Р635	Місцевий комітет № 12 профспілки працівників освіти («Робос») при Херсонському окружному відділі народної освіти, м. Херсон Херсонського округу УСРР		0	0
Р636	Місцевий комітет профспілки працівників комунального господарства при Херсонському окружному відділі комунального господарства, м. Херсон Херсонського округу УСРР		0	0
Р637	Груповий комітет № 1 профспілки будівельних робітників («Будівельник») при Херсонській державній будівельній конторі, м. Херсон Херсонського округу УСРР		0	0
Р638	Місцевий комітет № 3 профспілки працівників місцевого транспорту («Місцевтран») при Херсонській конторі «Експортхліб», м. Херсон УСРР		0	0
Р640	Робітничий комітет профспілки сільськогосподарських і лісових робітників (СГЛР) при Херсонському лісництві, м. Херсон Херсонського округу УСРР		0	0
Р641	Місцевий комітет № 3 профспілки фінансових працівників («Фінпрацівник») при Херсонському окружному фінансовому відділі, м. Херсон Херсонського округу УСРР		0	0
Р971	Херсонська контора Всеукраїнського акціонерного товариства торгівлі хлібом «Союзхліб»		0	0
Р642	Місцевий комітет профспілки радянських і торговельних службовців при Херсонській кредитспілці, м. Херсон Херсонського округу УСРР		0	0
Р643	Заводський комітет профспілки робітників-металістів “Металіст”, м. Херсон Херсонської області		0	0
Р644	Місцевий комітет профспілки працівників радянських установ («Радпрацівник») при Херсонському окружному виконавчому комітеті ради робітничих, селянських і червоноармійських депутатів, м. Херсон Херсонського округу УСРР		0	0
Р646	Заводський комітет профспілки робітників-металістів («Металіст») при Херсонській електростанції, м. Херсон Херсонського округу УСРР		0	0
Р654	Бериславська районна рада профспілок (райпрофрада), м. Берислав Бериславського району Херсонського округу УСРР		0	0
Р655	Бериславський районний комітет профспілки працівників місцевого транспорту («Місцевтран»), м. Берислав Бериславського району Херсонського округу УСРР		0	0
Р656	Бериславський районний комітет профспілки працівників освіти “Робос”		0	0
Р657	Бериславський волосний відділ профспілки працівників освіти і соціалістичної культури, м. Берислав Херсонського повіту Одеської губернії		0	0
Р658	Високопільська районна рада профспілок (райпрофрада), с. Високопілля Високопільського району Херсонського округу УСРР		0	0
Р659	Високопільський районний комітет профспілки працівників освіти («Робос»), с. Високопілля Високопільського району Херсонського округу УСРР		0	0
Р660	Качкарівська районна рада профспілок (райпрофрада), Качкарівка Качкарівського району Херсонського округу УСРР		0	0
Р661	Качкарівський районний комітет профспілки працівників місцевого транспорту («Місцевтран»), с. Качкарівка Качкарівського району Херсонського округу УСРР		0	0
Р665	Нововоронцовський містечковий секретаріат профспілок, м-ко Нововоронцовка Херсонського повіту Миколаївської губернії		0	0
Р666	Станіславський містечковий секретаріат профспілок, м-ко Станіслав Херсонського повіту Миколаївської губернії		0	0
Р667	Великоолександрівський районний професійний секретаріат (райпрофсекретаріат), с. Велика Олександрівка Великоолександрівського району Херсонського округу УСРР		0	0
Р668	Дніпровське повітове бюро профспілок (повітпрофбюро), с. Олешки Дніпровського повіту Одеської губернії		0	0
Р669	Олешківська районна рада профспілок (райпрофрада), с. Олешки Олешківського району Херсонського округу УСРР		0	0
Р670	Дніпровське повітове відділення профспілки працівників радянських установ («Радпрацівник»), с. Олешки Дніпровського повіту Одеської губернії		0	0
Р673	Дніпровське повітове відділення профспілки працівників освіти («Робос»), с. Олешки Дніпровського повіту Одеської губернії		0	0
Р674	Дніпровське повітове відділення профспілки працівників мистецтва, с. Олешки Дніпровського повіту Одеської губернії		0	0
Р675	Олешківський районний комітет профспілки працівників освіти («Робос»), с. Олешки Олешківського району Херсонського округу УСРР		0	0
Р677	Каховський районний комітет профспілки працівників освіти («Робос»), м-ко Каховка Дніпровського повіту Миколаївської губернії		0	0
Р678	Каховський волосний осередок профспілки працівників освіти, м-ко Каховка Дніпровського повіту Одеської губернії		0	0
Р679	Каховський районний комітет профспілки працівників освіти («Робос»), м-ко Каховка Каховського району Херсонського округу УСРР		0	0
Р680	Каховське районне відділення профспілки працівників радянських установ («Радпрацівник»), м-ко Каховка Каховського району Херсонського округу УСРР		0	0
Р973	Херсонський порт-елеватор ім. Мікояна		0	0
Р682	Скадовський районний професійний секретаріат (райпрофсекретаріат), м. Скадовськ Скадовського району Херсонського округу УСРР		0	0
Р683	Скадовський районний робітничий комітет профспілки працівників місцевого транспорту («Місцевтран»), м. Скадовськ Скадовського району Херсонського округу УСРР		0	0
Р685	Скадовський районний комітет профспілки працівників освіти («Робос»), м. Скадовськ Скадовського району Херсонського округу УСРР		0	0
Р686	Скадовський районний комітет профспілки працівників радянських установ («Радпрацівник»), м. Скадовськ Скадовського району Херсонського округу Одеської губернії		0	0
Р687	Скадовський районний комітет профспілки радянських і торговельних службовців, м. Скадовськ Скадовського району Херсонського округу УСРР		0	0
Р688	Голопристанський районний професійний секретаріат (райпрофсекретаріат), с. Гола Пристань Голопристанського району Херсонського округу УСРР		0	0
Р689	Голопристанський районний робітничий комітет профспілки працівників місцевого транспорту («Місцевтран»), с. Гола Пристань Голопристанського району Херсонського округу УСРР		0	0
Р690	Голопристанський районний комітет профспілки працівників освіти («Робос»), с. Гола Пристань Голопристанського району Херсонського округу УСРР		0	0
Р692	Чаплинський волосний осередок профспілки працівників освіти і соціалістичної культури, с. Чаплинка Дніпровського повіту Одеської губернії		0	0
Р693	Чаплинський районний комітет профспілки працівників освіти («Робос»), с. Чаплинка Чаплинського району Херсонського округу УСРР		0	0
Р694	Горностаївський районний професійний секретаріат (райпрофсекретаріат), с. Горностаївка Горностаївського району Херсонського округу УСРР		0	0
Р696	Хорлівський районний комітет профспілки працівників місцевого транспорту («Місцевтран»), порт Хорли Чаплинського району Херсонського округу УСРР		0	0
Р698	Херсонський відділ профспілки працівників морського, річкового і торговельного флоту, м. Херсон Херсонського повіту Миколаївської губернії		0	0
Р700	Херсонський затонний комітет № 1 профспілки працівників водного транспорту («Водтран») при судноремонтних майстернях № 3 управління Херсонського морського торговельного порту, м. Херсон Херсонського округу Одеської губернії		0	0
Р703	Херсонська революційна рада поштово-телеграфних працівників, м. Херсон Херсонського округу Одеської губернії		0	0
Р704	Місцевий комітет профспілки працівників освіти («Робос») при Херсонському інституті народної освіти, м. Херсон Херсонського округу УСРР		0	0
Р705	Костянтинівський волосний осередок профспілки працівників освіти і соціалістичної культури, с. Костянтинівка Дніпровського повіту Одеської губернії		0	0
Р706	Херсонський районний комітет профспілки працівників освіти («Робос»), м. Херсон Херсонського округу УСРР		0	0
Р707	Місцевий комітет № 2 профспілки працівників освіти “Робос”, м. Херсон Херсонського округу УСРР		0	0
Р708	Каланчацький волосний осередок профспілки працівників освіти і соціалістичної культури, с. Каланчак Дніпровського повіту Одеської губернії		0	0
Р710	Виконавчий комітет Цюрупинської районної ради народних депутатів, м. Цюрупинськ Цюрупинського району Херсонської області		0	0
Р711	Управління сільського господарства і заготівель виконавчого комітету Цюрупинської районної ради депутатів трудящих, м. Цюрупинськ Цюрупинського району Херсонської області		0	0
Р712	Фінансовий відділ виконавчого комітету Цюрупинської районної ради депутатів трудящих, м. Цюрупинськ Цюрупинського району Херсонської області		0	0
Р974	Херсонська кондитерська фабрика ім. Войкова об’єднання «Укркондитерпром»		0	0
Р713	Відділ комунального господарства виконавчого комітету Дніпровської повітової ради робітничих, селянських і червоноармійських депутатів, м. Олешки Дніпровського повіту Одеської губернії		0	0
Р714	Відділ комунального господарства Олешківського міського виконавчого комітету ради робітничих, селянських і червоноармійських депутатів, м. Олешки, Олешківського району Херсонського округу УСРР		0	0
Р717	Цюрупинська районна судово-земельна комісія Херсонської окружної судово-земельної комісії, м. Цюрупинськ Цюрупинського району Херсонського округу УСРР		0	0
Р720	Цюрупинський районний комітет незаможних селян (КНС), м. Цюрупинськ Цюрупинського району Одеської області		0	0
Р721	Цюрупинський сільський комітет незаможних селян (КНС), м. Цюрупинськ Цюрупинського району УСРР		0	0
Р73	Дмитрівський сільський революційний комітет, с. Дмитрівка Дніпровського повіту Одеської губернії		1	0
Р731	Виконавчий комітет Херсонської міської ради народних депутатів, м. Херсон Херсонської області		0	0
Р734	Херсонське міське архівне управління Херсонського міського виконавчого комітету ради робітничих, селянських і червоноармійських депутатів, м. Херсон УСРР		0	0
Р738	Народний суд 1-ї дільниці Херсонського обласного суду, м. Херсон Херсонської області		0	0
Р740	Народний суд 3-ї дільниці Херсонського обласного суду, м. Херсон Херсонської області		0	0
Р741	Народний суд 4-ї дільниці Херсонського обласного суду, м. Херсон Херсонської області		0	0
Р745	Народний суд 8-ї дільниці Херсонського судового округу, м. Херсон Одеської області		0	0
Р749	Народний суд 12-ї дільниці Херсонського судового округу, м. Берислав Бериславського району Херсонського округу УСРР		0	0
Р75	Наталівський сільський революційний комітет, с. Наталівка Дніпровського повіту Одеської губернії		1	0
Р751	Народний суд 14-ї дільниці Херсонського судового округу, с. Качкарівка Качкарівського району Херсонського округу УСРР		0	0
Р752	Народний суд 15-ї дільниці Херсонського судового округу, м. Херсон Херсонського округу УСРР		0	0
Р753	Народний суд 16-ї дільниці Херсонського судового округу, м. Херсон Херсонського округу УСРР		0	0
Р754	Народний суд 17-ї дільниці Херсонського судового округу, м. Херсон Херсонського округу УСРР		0	0
Р755	Народний суд 18-ї дільниці Херсонського судового округу, м. Херсон Херсонського округу УСРР		0	0
Р756	Народний суд 25-ї дільниці Херсонського судового округу, м. Херсон Херсонського повіту Херсонської губернії		0	0
Р757	Народний суд 26-ї дільниці Херсонського судового округу, м. Херсон Херсонського повіту Миколаївської губернії		0	0
Р758	Народний суд 27-ї дільниці Херсонського судового округу, м. Херсон Херсонського повіту Одеської губернії		0	0
Р759	Народний суд 28-ї дільниці Херсонського судового округу, м. Херсон Херсонського повіту Херсонської губернії		0	0
Р760	Народний суд 29-ї дільниці Херсонського судового округу, м. Херсон Херсонського повіту Херсонської губернії		0	0
Р762	Народний суд 1-ї дільниці Херсонського судового округу, м. Олешки Олешківського району Херсонського округу Одеської губернії		0	0
Р763	Народний суд 2-ї дільниці Херсонського судового округу, м. Олешки Дніпровського повіту Одеської губернії		0	0
Р765	Народний суд 4-ї дільниці Херсонського судового округу, м. Олешки Дніпровського повіту Одеської губернії		0	0
Р766	Народний суд 5-ї дільниці Херсонського судового округу, м. Олешки Дніпровського повіту Одеської губернії		0	0
Р767	Народний суд 6-ї дільниці Херсонського судового округу, м. Олешки Олешківського району Херсонського округу Одеської губернії		0	0
Р769	Народний суд 8-ї дільниці Херсонського судового округу, м. Олешки, Дніпровського повіту Миколаївської губернії		0	0
Р77	Сергіївський сільський революційний комітет, с. Сергіївка Дніпровського повіту Одеської губернії		1	0
Р770	Народний суд 9-ї дільниці Херсонського судового округу, м. Олешки Олешківського району Херсонського округу Одеської губернії		0	0
Р771	Народний суд 10-ї дільниці Херсонського судового округу, м. Олешки Дніпровського повіту Одеської губернії		0	0
Р772	Народний суд 11-ї дільниці Херсонського судового округу, м. Олешки Дніпровського повіту Миколаївської губернії		0	0
Р773	Народний суд 12-ї дільниці Херсонського судового округу, м. Олешки Дніпровського повіту Миколаївської губернії		0	0
Р776	Особлива сесія народного суду Дніпровського повіту, м. Олешки Дніпровського повіту Одеської губернії		0	0
Р777	Народний суд 4-ї дільниці Херсонського судового округу, с. Велика Олександрівка Великоолександрівського району Херсонського округу Одеської губернії		0	0
Р78	Новокостогризівський сільський революційний комітет, с. Новокостогризівка Дніпровського повіту Одеської губернії		2	0
Р785	Народний суд 8-ї дільниці Херсонського судового округу, м. Берислав Бериславського району Херсонського округу УСРР		0	0
Р788	Хорлівська поштово-телеграфна контора управління Чорноморського округу народного зв’язку, порт Хорли Чаплинського району Херсонського округу Одеської губернії		0	0
Р789	Бериславська поштово-телеграфна контора управління Чорноморського округу народного зв’язку, м. Берислав Бериславського району Херсонського округу УСРР		0	0
Р79	Чорнодолинський сільський революційний комітет, с. Чорна Долина Дніпровського повіту Одеської губернії		1	0
Р790	Великоолександрівське поштово-телеграфне відділення управління Чорноморського округу народного зв’язку, с. Велика Олександрівка Великоолександрівського району Херсонського округу Одеської губернії		0	0
Р791	Боброво-Кутське поштово-телеграфне відділення Миколаївського губернського відділу народного зв’язку, с. Бобровий Кут Херсонського повіту Одеської губернії		0	0
Р792	Голопристанське поштово-телеграфне відділення Херсонського обласного управління зв’язку, с. Гола Пристань Голопристанського району Херсонської області		0	0
Р793	Каховська поштово-телеграфна контора Миколаївського губернського відділу народного зв’язку, м. Каховка Дніпровського повіту Одеської губернії		0	0
Р794	Каїрське поштове відділення Миколаївського губернського відділу народного зв’язку, с. Каїри Дніпровського повіту Миколаївської губернії		0	0
Р796	Основське поштово-телеграфне відділення управління Чорноморського округу народного зв’язку, с. Основа Каховського району Херсонського округу Одеської губернії		0	0
Р798	Херсонське залізничне поштове відділення Миколаївського губернського відділу народного зв’язку, м. Херсон Херсонського повіту Одеської губернії		0	0
Р80	Херсонський повітовий комітет незаможних селян		1	0
Р800	Збур’ївське поштово-телеграфне відділення управління Чорноморського округу народного зв’язку, с. Збур'ївка Голопристанського району Херсонського округу Одеської губернії		0	0
Р801	Комісія допомоги дітям Херсонського окружного виконавчого комітету ради робітничих, селянських і червоноармійських депутатів, м. Херсон Херсонського округу УСРР		0	0
Р830	Микільський волосний революційний комітет, с. Микільське Херсонського повіту Миколаївської губернії		0	0
Р802	Комісія допомоги дітям при Херсонській міській раді робітничих, селянських і червоноармійських депутатів трудящих, м. Херсон Миколаївської області		0	0
Р803	Херсонське промислово-кооперативне товариство риболовів «Прогрес» Херсонської міжрайонної багатопромислової спілки виробництв і трудових колективів, м. Херсон УСРР		0	0
Р804	Херсонське промислово-кооперативне товариство трудових риболовів по вилову риби «Трудриболов» Херсонської міжрайонної багатопромислової спілки виробництв і трудових колективів, м. Херсон Херсонського округу УСРР		0	0
Р805	Правління Малогирлянського промислово-кооперативного товариства трудових риболовів «Рибалка» Херсонської міжрайонної багатопромислової спілки виробництв і трудових колективів, с. Малі Гирла Качкарівського району Херсонського округу УСРР		0	0
Р806	Білогрудово-Карантинно-Острівське промислово-кооперативне товариство по реалізації рибної продукції «Червоний Прапор», Білогрудове Херсонського округу УСРР		0	0
Р808	Василівське промислово-кооперативне товариство трудових риболовів по вилову риби «Біднота» Херсонської міжрайонної багатопромислової спілки виробництв і трудових колективів, с. Василівка Голопристанського району Херсонського округу УСРР		0	0
Р809	Качкарівське промислово-кооперативне товариство трудових риболовів «Дніпрориба» Херсонської міжрайонної багатопромислової спілки виробництв і трудових колективів, с. Качкарівка Качкарівського району Херсонського округу УСРР		0	0
Р81	Херсонська окружна комісія незаможних селян		2	0
Р810	Рибальченське промислово-кооперативне товариство трудових риболовів по вилову риби «Перемога» Херсонської міжрайонної багатопромислової спілки виробництв і трудових колективів, с. Рибальче Голопристанського району Херсонського округу УСРР		0	0
Р812	Збур’ївське промислово-кооперативне товариство трудових риболовів по вилову риби «Червоний шлях» Херсонської міжрайонної багатопромислової спілки виробництв і трудових колективів, с. Збур'ївка Голопристанського району Херсонського округу УСРР		0	0
Р813	Збур’ївський волосний виконавчий комітет ради робітничих, селянських і червоноармійських депутатів, с. Збур'ївка Дніпровського повіту Одеської губернії		0	0
Р815	Бехтерський волосний виконавчий комітет ради робітничих, селянських і червоноармійських депутатів, с. Бехтери Дніпровського повіту Одеської губернії		0	0
Р816	Виконавчий комітет Голопристанської міської ради народних депутатів, м. Гола Пристань Голопристанського району Херсонської області		0	0
Р818	Покровський волосний виконавчий комітет ради робітничих, селянських і червоноармійських депутатів, с. Покровка Дніпровського повіту Одеської губернії		0	0
Р82	Херсонський районний комітет незаможних селян		1	0
Р822	Качкарівський районний виконавчий комітет ради робітничих, селянських і червоноармійських депутатів, с. Качкарівка Качкарівського району УСРР		0	0
Р824	Дудчанський волосний виконавчий комітет ради робітничих, селянських і червоноармійських депутатів, с. Дудчани Херсонського повіту Одеської губернії		0	0
Р825	Нововоронцовський волосний виконавчий комітет ради робітничих, селянських і червоноармійських депутатів, с. Нововоронцовка Херсонського повіту Одеської губернії		0	0
Р827	Новоархангельський волосний виконавчий комітет ради робітничих, селянських і червоноармійських депутатів, с. Новоархангельське Херсонського повіту Одеської губернії		0	0
Р828	Новокам’янський волосний виконавчий комітет ради робітничих, селянських і червоноармійських депутатів, с. Новокам'янка Херсонського повіту Одеської губернії		0	0
Р83	Музиківський волосний комітет незаможних селян		1	0
Р832	Голопристанський міський революційний комітет, м. Гола Пристань Дніпровського повіту Одеської губернії		0	0
Р833	Пам’ятнянський сільський революційний комітет, с. Пам'ятне Дніпровського повіту Миколаївської губернії		0	0
Р836	Бехтерський волосний революційний комітет, с. Бехтери Дніпровського повіту Миколаївської губернії		0	0
Р838	Старозбур’ївський сільський революційний комітет, с. Стара Збур'ївка Дніпровського повіту Миколаївської губернії		0	0
Р840	Станіславський сільський комітет незаможних селян (КНС), с. Станіслав Херсонського району Одеської області		0	0
Р841	Широкобалківський сільський комітет незаможних селян (КНС), с. Широка Балка Херсонського району Одеської області		0	0
Р843	Голопристанський районний комітет незаможних селян (КНС), м. Гола Пристань Голопристанського району Одеської області		0	0
Р845	Пам’ятнянський сільський комітет незаможних селян (КНС), с. Пам'ятне Дніпровського повіту Одеської губернії		0	0
Р846	Долматівський сільський комітет незаможних селян (КНС), с. Долматівка Голопристанського району Одеської області		0	0
Р847	Чулаківський сільський комітет незаможних селян (КНС), с. Чулаківка Голопристанського району Одеської області		0	0
Р848	Покровський волосний комітет незаможних селян (КНС), с. Покровка Дніпровського повіту Одеської губернії		0	0
Р849	Тягинський волосний комітет незаможних селян (КНС), с. Тягинка Херсонського повіту Одеської губернії		0	0
Р85	Микільський сільський комітет незаможних селян		1	0
Р850	Бериславський сільський комітет незаможних селян (КНС), с. Берислав Бериславського району Одеської області		0	0
Р851	Бериславський волосний комітет незаможних селян (КНС), с. Берислав Херсонського повіту Одеської губернії		0	0
Р852	Козацький сільський комітет незаможних селян, с. Козацьке Бериславського району Одеської області		0	0
Р853	Романо-Булгаківський сільський комітет незаможних селян (КНС), с. Романо-Булгаківка Херсонського району Одеської області		0	0
Р857	Білозерський волосний комітет взаємодопомоги (КВД), с. Білозерка Херсонського повіту Одеської губернії		0	0
Р858	Широкобалківський сільський комітет взаємодопомоги, с. Широка Балка Херсонського району Херсонського округу УСРР		0	0
Р859	Музиківський волосний комітет взаємодопомоги (КВД), с. Музиківка Херсонського повіту Одеської губернії		0	0
Р86	Станіславський волосний комітет незаможних селян (КНС)		1	0
Р860	Кизо-Миський сільський комітет взаємодопомоги (КВД), с. Кизій-Мис Херсонського району Херсонського округу УСРР		0	0
Р861	Чулаківський сільський комітет взаємодопомоги (КВД), с. Чулаківка Голопристанського району Херсонського округу УСРР		0	0
Р862	Голопристанський районний комітет взаємодопомоги (КВД), с. Гола Пристань Голопристанського району Херсонського округу УСРР		0	0
Р863	Бериславський районний комітет взаємодопомоги (КВД), с. Берислав Бериславського району Херсонського округу УСРР		0	0
Р865	Бургунський сільський комітет взаємодопомоги (КВД), с. Бургунка Бериславського району Херсонського округу Одеської губернії		0	0
Р87	Білозерський волосний комітет незаможних селян		1	0
Р875	Виконавчий комітет Білозерської селищної ради депутатів трудящих, смт Білозерка Білозерського району Херсонської області		0	0
Р876	Виконавчий комітет Киндійської сільської ради депутатів трудящих		0	0
Р877	Білозерський волосний комітет допомоги голодуючим		0	0
Р882	Виробничий концерн «Дніпро» Міністерства машинобудування, військово-промислового комплексу і конверсії України		0	0
Р883	Виконавчий комітет Бехтерської сільської ради депутатів трудящих		0	0
Р885	Голопристанська районна партизанська комісія при районному виконавчому комітеті		0	0
Р887	Чулаківський сільський комітет допомоги голодуючим Бехтерського волосного комітету допомоги голодуючим		0	0
Р889	Виконавчий комітет Михайлівської сільської ради депутатів трудящих		0	0
Р891	Виконавчий комітет Новобериславської сільської ради депутатів трудящих		0	0
Р894	Бериславське районне податкове бюро		0	0
Р895	Бериславське сільськогосподарське кооперативно-споживче товариство		0	0
Р903	Виконавчий комітет Новомиколаївської сільської ради робітничих, селянських і червоноармійських депутатів		0	0
Р904	Виконавчий комітет Новогригорівської сільської ради робітничих, селянських і червоноармійських депутатів		0	0
Р907	Виконавчий комітет Борозенської сільської ради депутатів трудящих		0	0
Р908	Виконавчий комітет Золотобалківської сільської ради депутатів трудящих		0	0
Р909	Виконавчий комітет Новокаїрської сільської ради депутатів трудящих		0	0
Р911	Виконавчий комітет Леонтіївської сільської ради депутатів трудящих		0	0
Р930	Херсонські курси підготовки будівельних робітників “Будкурси”		0	0
Р931	Однорічні державні курси по підготовці бухгалтерів і друкарок		0	0
Р932	Голопристанське відділення профспілки працівників комунального господарства		0	0
Р938	Великоолександрівський волосний виконавчий комітет ради робітничих, селянських і червоноармійських депутатів		0	0
Р942	Великоолександрівський волосний комітет незаможних селян (КНС)		0	0
Р943	Новофедорівський сільський комітет незаможних селян (КНС)		0	0
Р944	Соловйов Леонід Петрович (1909–1981), краєзнавець, інженер Херсонського морського порту		0	0
Р946	Великоолександрівська районна робітничо-селянська інспекція (РСІ)		0	0
Р947	Великоолександрівська спілка позичково-ощадних товариств		0	0
Р95	Горностаївський сільський комітет незаможних селян		1	0
Р951	Дніпровська повітова спілка сільськогосподарських кооперативів (Дніпросільспілка)		0	0
Р952	45-й Стрілецький полк 15-ї Стрілецької Сиваської Червонопрапорної дивізії		0	0
Р953	Штаб начальника тилу Дніпровського повіту		0	0
Р954	Херсонське кооперативно-кредитне товариство ім. Левицького		0	0
Р955	Херсонське кооперативне товариство «Українська книгарня»		0	0
Р956	Херсонський базисний склад		0	0
Р957	Херсонський базисний склад Українського акціонерного товариства торгівлі сільськогосподарськими машинами та знаряддями «Плугатар»		0	0
Р96	Заводівський сільський комітет незаможних селян		1	0
Р961	Виконавчий комітет Шкурино-Загорянівської сільської ради робітничих, селянських і червоноармійських депутатів		0	0
Р963	Виконавчий комітет Богородицької сільської ради робітничих, селянських і червоноармійських депутатів		0	0
Р968	Голопристанське районне відділення Всеукраїнської контори Державного банку СРСР		0	0
Р969	Цюрупинське відділення Всеукраїнської контори Державного банку СРСР		0	0
Р97	Костянтинівський сільський комітет незаможних селян		1	0
Р975	Херсонська ощадна каса № 71 Всеукраїнського правління ощадними касами «Всеукрощадкаса»		0	0
Р976	Херсонська база (нафтосклад) Одеського обласного управління «Союзнафтозбут»		0	0
Р977	Херсонська транспортна контора		0	0
Р978	Херсонське відділення Всесоюзного об’єднання торгівлі з іноземцями в СРСР “Торгзін”		0	0
Р979	Торгово-промислова фірма «Красень» Державного комітету України з легкої і текстильної промисловості		0	0
Р98	Маріїнський сільський комітет незаможних селян		1	0
Р980	Завод карданних валів імені XXV з’їзду КПРС Всесоюзного виробничого об’єднання по виробництву автомобільних агрегатів і деталей Міністерства автомобільної промисловості СРСР		0	0
Р981	Херсонський консервний завод ім. 8 Березня Управління харчової промисловості Херсонського Раднаргоспу		0	0
Р983	Херсонське відділення Миколаївської обласної контори “Заготплодоовоч”		0	0
Р984	Херсонський судноремонтний завод ім. В. В. Куйбишева Всесоюзного промислового об’єднання по ремонту флоту		0	0
Р985	Херсонська міжрайонна спілка риболовецьких колгоспів (міжрайколгосприбакспілка) Українського державного рибного тресту		0	0
Р986	Херсонський виробничий рибний комбінат Головного управління рибного господарства внутрішніх водоймищ УРСР («Укрголоврибгосп»)		0	0
Р988	Херсонський міський штаб місцевої протиповітряної оборони (МППО)		0	0
Р989	Нижньодніпровсько-Бузьке районне управління водного транспорту Південного округу шляхів сполучення		0	0
Р99	Ольгинський сільський комітет незаможних селян		1	0
Р990	Херсонський міжобласний трест по заготівлі і переробці бавовни «Заготбавовнотрест» Міністерства бавовництва УРСР		0	0
Р991	Виконавчий комітет Іщенської сільської ради депутатів трудящих		0	0
Р992	Виконавчий комітет Зміївської сільської ради депутатів трудящих, с. Зміївка Бериславського району Херсонської області		0	0
Р993	Виконавчий комітет Старосільської сільської ради робітничих, селянських і червоноармійських депутатів		0	0
Р994	Херсонська окружна спілка сільськогосподарських колективів (Окрколгоспспілка)		0	0
Р995	Херсонське кооперативне товариство «Українська книгарня»		0	0
Р996	Великоолександрівська районна судово-земельна комісія Наркомату земельних справ УСРР		0	0
Р997	Фінансовий відділ виконавчого комітету Херсонської міської ради депутатів трудящих		0	0
Р998	Відділ охорони здоров’я виконавчого комітету Херсонської міської ради депутатів трудящих		0	0
Р999	Відкрите акціонерне товариство (ВАТ) «Херсонський консервний комбінат»		0	0
137	Церкви Херсонського повіту Херсонської губернії		49	1085
5	Херсонська губернська земська управа, м. Херсон Херсонського повіту Херсонської губернії		1	1
41	Нотаріус Широцький П., м. Херсон Херсонського повіту Херсонської губернії		1	1
58	Нотаріус Скрипник Яків Данилович, м-ко Нововоронцовка Херсонського повіту Херсонської губернії		1	1
250	Колекція рукописів з історії Херсонського та Дніпровського повітів		1	1
282	Херсонський комітет клубу об'єднаних організацій єврейських соціалістичних робітничих партій		1	1
324	Колекція фотокопій документів з історії Херсонщини		1	2
Р1	Херсонський повітовий виконавчий комітет ради робітничих, селянських і червоноармійських депутатів		1	0
Р3	Дніпровський повітовий виконавчий комітет ради робітничих, селянських і червоноармійських депутатів, м. Олешки Дніпровського повіту Одеської губернії		1	0
Р4	Музиківський волосний виконавчий комітет ради робітничих, селянських і червоноармійських депутатів, с. Музиківка Херсонського повіту Одеської губернії		1	0
Р5	Маріїнський волосний виконавчий комітет ради робітничих, селянських і червоноармійських депутатів, с. Маріїнка Дніпровського повіту Одеської губернії		1	0
Р6	Білозерський волосний виконавчий комітет ради робітничих, селянських і червоноармійських депутатів, с. Білозерка Херсонського повіту Одеської губернії		1	0
Р7	Микільський волосний виконавчий комітет ради робітничих, селянських і червоноармійських депутатів, с. Микільське Херсонського повіту Одеської губернії		2	0
Р8	Станіславський волосний виконавчий комітет ради робітничих, селянських і червоноармійських депутатів, с. Станіслав Херсонського повіту Одеської губернії		3	0
Р9	Посадо-Покровський волосний виконавчий комітет ради робітничих, селянських і червоноармійських депутатів, с. Посадо-Покровськ Херсонського повіту Одеської губернії		2	0
Р10	Козацький волосний виконавчий комітет ради робітничих, селянських і червоноармійських депутатів, с. Козацьке Херсонського повіту Одеської губернії		1	0
Р72	Новомаячківський волосний революційний комітет, с. Нова Маячка Дніпровського повіту Одеської губернії		1	0
Р11	Бериславський волосний виконавчий комітет ради робітничих, селянських і червоноармійських депутатів, м. Берислав Херсонського повіту Одеської губернії		1	3
Р12	Старошведський волосний виконавчий комітет ради робітничих, селянських і червоноармійських депутатів, с. Старошведське Херсонського повіту Одеської губернії		2	0
Р13	Тягинський волосний виконавчий комітет ради робітничих, селянських і червоноармійських депутатів, с. Тягинка Херсонського повіту Одеської губернії		1	0
Р24	Виконавчий комітет Сивашівської сільської ради депутатів трудящих, с. Сивашівка Новотроїцького району Херсонської області		1	63
Р28	Каланчацький волосний виконавчий комітет ради робітничих, селянських і червоноармійських депутатів, с. Каланчак Дніпровського повіту Одеської губернії		1	0
Р29	Скадовський волосний виконавчий комітет ради робітничих, селянських і червоноармійських депутатів, м. Скадовськ Дніпровського повіту Одеської губернії		1	0
Р30	Чалбаський волосний виконавчий комітет ради робітничих, селянських і червоноармійських депутатів, с. Чалбаси Дніпровського повіту Одеської губернії		1	0
Р31	Каховський волосний виконавчий комітет ради робітничих, селянських і червоноармійських депутатів, м. Каховка Дніпровського повіту Одеської губернії		3	0
Р32	Маячківський волосний виконавчий комітет ради робітничих, селянських і червоноармійських депутатів, с. Маячка Дніпровського повіту Одеської губернії		3	0
Р34	Великокопанівський волосний виконавчий комітет ради робітничих, селянських і червоноармійських депутатів, с. Великі Копані Дніпровського повіту Одеської губернії		1	0
Р35	Олешківський волосний виконавчий комітет ради робітничих, селянських і червоноармійських депутатів, м. Олешки Дніпровського повіту Одеської губернії		1	0
Р36	Чаплинський волосний виконавчий комітет ради робітничих, селянських і червоноармійських депутатів, с. Чаплинка Дніпровського повіту Одеської губернії		1	0
Р37	Херсонський повітовий революційний комітет		2	0
Р38	Дніпровський повітовий військово-революційний комітет, м. Олешки		4	2
Р39	Бериславський волосний революційний комітет		1	0
Р41	Козацький волосний революційний комітет, с. Козацьке Херсонського повіту Одеської губернії		1	0
Р42	Тягинський волосний революційний комітет, с. Тягинка Херсонського повіту Одеської губернії		1	0
Р43	Іщенський хутірський революційний комітет, Іщенські хутори Дніпровського повіту Одеської губернії		1	0
Р50	Птахівський сільський революційний комітет, с. Птахівка Дніпровського повіту Одеської губернії		1	0
Р52	Станіславський волосний революційний комітет, с. Станіслав Херсонського повіту Одеської губернії		1	0
Р53	Скадовський волосний військово-революційний комітет, м. Скадовськ Дніпровського повіту Херсонської губернії		1	0
Р55	Каховський волосний революційний комітет, м. Каховка Дніпровського повіту Одеської губернії		2	11
Р56	Каховський сільський революційний комітет, м. Каховка Дніпровського повіту Одеської губернії		1	2
Р58	Любимо-Павлівський сільський революційний комітет, с. Любимо-Павлівка Дніпровського повіту Одеської губернії		1	1
Р60	Музиківський волосний революційний комітет, с. Музиківка Херсонського повіту Одеської губернії		1	4
Р64	Білозерський волосний революційний комітет, с. Білозерка Херсонського повіту Миколаївської губернії		1	0
Р66	Михайлівський сільський революційний комітет, с. Михайлівка Херсонського повіту Одеської губернії		1	9
Р68	Бургунський сільський революційний комітет, с. Бургунка Херсонського повіту Одеської губернії		1	1
Р69	Каховський міський військово-революційний комітет, м. Каховка Херсонського повіту Миколаївської губернії		1	0
Р70	Британський сільський революційний комітет, с. Британи Дніпровського повіту Одеської губернії		1	0
Р71	Любимівський сільський революційний комітет, с. Любимівка Дніпровського повіту Одеської губернії		1	0
Р126	Дмитрівський сільський комітет незаможних селян		18	1421
Р170	Виконавчий комітет Токарівської сільської ради депутатів трудящих, с. Токарівка Білозерського району		2	117
Р172	Виконавчий комітет Музиківської сільської ради депутатів трудящих, с. Музиківка Білозерського району		3	2
Р175	Виконавчий комітет Широкобалківської сільської ради депутатів трудящих, с. Широка Балка Білозерського району		2	75
Р189	Виконавчий комітет Геройської сільської ради депутатів трудящих, с. Геройське (до 1964 р. Прогнойське) Голопристанського району Херсонської області		2	90
Р194	Виконавчий комітет Долматівської сільської ради депутатів трудящих, с. Долматівка Голопристанського району Херсонської області		2	236
Р195	Виконавчий комітет Новофедорівської сільської ради депутатів трудящих, с. Новофедорівка Голопристанського району Херсонської області		2	76
Р196	Виконавчий комітет Старозбур’ївської сільської ради депутатів трудящих, с. Стара Збур’ївка Голопристанського району Херсонської області		3	72
Р737	Трудова сесія народного суду при Херсонському окружному суді, м. Херсон Херсонського округу УСРР		2	277
Р199	Виконавчий комітет Горностаївської селищної ради депутатів трудящих, смт Горностаївка Горностаївського району Херсонської області		1	227
Р200	Виконавчий комітет Новоолександрівської сільської ради депутатів трудящих, с. Новоолександрівка Горностаївського району Херсонської області		1	9
Р201	Виконавчий комітет Костянтинівської сільської ради депутатів трудящих, с. Костянтинівка Горностаївського району Херсонської області		1	89
Р203	Виконавчий комітет Заводівської сільської ради депутатів трудящих, с. Заводівка Горностаївського району Херсонської області		1	215
Р210	Виконавчий комітет Князе-Григорівської сільської ради депутатів трудящих, с. Князе-Григорівка Великолепетиського району Херсонської області		1	178
Р215	Виконавчий комітет Добропільської (до 1958 р. – Софіївської) сільської ради депутатів трудящих (до 1958 р. – Софіївка) Голопристанського району Херсонської області		2	68
Р223	Виконавчий комітет Малокаховської сільської ради депутатів трудящих с. Мала Каховка Каховського району Херсонської області		3	23
Р340	Виконавчий комітет Наталинської сільської ради депутатів трудящих, с. Наталине Високопільського району Херсонської області		1	17
Р298	Виконавчий комітет Архангельської сільської ради депутатів трудящих, с. Архангельське Високопільського району Херсонської області		1	39
Р299	Виконавчий комітет Блакитнянської сільської ради депутатів трудящих, с. Блакитне Високопільського району Херсонської області		1	38
Р303	Виконавчий комітет Новодмитрівської сільської ради депутатів трудящих, с. Новодмитрівка Великоолександрівського району Херсонської області		1	112
Р326	Виконавчий комітет Чаплинської селищної ради депутатів трудящих, смт Чаплинка Чаплинського району Херсонської області		1	7
Р332	Виконавчий комітет Новокиївської сільської ради депутатів трудящих, с. Новокиївка Каланчацького району Херсонської області		1	176
Р333	Виконавчий комітет Каланчацької сільської ради депутатів трудящихВиконавчий комітет Каланчацької сільської ради депутатів трудящих, с. Каланчак Каланчацького району Херсонської області		1	9
Р337	Виконавчий комітет Пригір’ївської сільської ради депутатів трудящих, с. Пригір'я Високопільського району Херсонської області		1	27
Р339	Виконавчий комітет Заградівської сільської ради депутатів трудящих, с. Заградівка Високопільського району Херсонської області		1	13
Р347	Виконавчий комітет Бобровокутської сільської ради депутатів трудящих, с. Бобровий Кут Калінінського району Херсонської області		2	81
Р352	Виконавчий комітет Великокопанівської сільської ради депутатів трудящих, с. Великі Копані Голопристанського району Херсонської області		1	162
Р355	Виконавчий комітет Костогризівської сільської ради робітничих, селянських та червоноармійських депутатів, с. Костогризове Голопристанського району Херсонської області		1	142
Р374	Херсонська окружна робітничо-селянська інспекція (РСІ), м. Херсон Херсонського округу УСРР		1	1
Р378	Олешківське лісництво Херсонського окружного земельного відділу, м. Олешки Олешківського району Херсонського округу УСРР		1	24
Р382	Радгосп «Дружба» Бериславського спецтресту м’ясо-молочних радгоспів і його робітничий комітет, с. Качкарівка Бериславського району Херсонської області (ОАФ)		2	135
Р389	Херсонське управління окружного інженера при виконавчому комітеті Херсонської окружної ради робітничих, селянських і червоноармійських депутатів, м. Херсон УСРР		1	3
Р392	Херсонський державний трест зернових радянських господарств (Союззернотрест) Наркомату зернових і тваринницьких радгоспів СРСР, м. Херсон Миколаївської області		1	27
Р620	Херсонське окружне відділення профспілки будівельних робітників («Будівельник»), м. Херсон Херсонського округу УСРР		1	1
Р398	Радянське господарство (радгосп) «Комуніст» Бериславського спеціалізованого тресту м'ясо-молочних радгоспів і його робітничий комітет, с. Зміївка Бериславського району Херсонської області (ОАФ)		1	65
Р399	Херсонська окружна контора соціального страхування Всеукраїнського управління соціального страхування, м. Херсон Херсонського округу УСРР		1	48
Р400	Дніпровська спілка виноградарських, садівницьких, городницьких і бджільницьких кооперативів і колективів (Дніпроплодовинспілка), с. Основа Каховського району Херсонського округу УСРР		1	4
Р411	Херсонський уповноважений Одеської губернської ради народного господарства, м. Херсон Херсонського повіту Одеської губернії		1	20
Р413	Відділ народної освіти Херсонського повітового виконавчого комітету ради робітничих, селянських і червоноармійських депутатів, м. Херсон Херсонського повіту Одеської губернії		1	31
Р414	Відділ народної освіти Херсонського окружного виконавчого комітету ради робітничих, селянських і червоноармійських депутатів, м. Херсон Херсонського округу УСРР		1	47
Р418	Колективи безробітних Херсонського окружного комітету по боротьбі з безробіттям (ОАФ)		1	3
Р419	Інспекція праці Херсонського окружного виконавчого комітету ради робітничих, селянських і червоноармійських депутатів, м. Херсон Херсонського округу УСРР		3	9
Р420	Управління підготовки робочої сили Херсонської міської ради робітничих, селянських і червоноармійських депутатів, м. Херсон Одеської області		4	4
Р423	Млинарське бюро в м. Херсоні, відділення Одеського губернського продовольчого комітету, м. Херсон Херсонського повіту Одеської губернії		1	24
Р426	Херсонське агентство Одеського губернського товариства сільськогосподарського кредиту «Сільгоспбанк», м. Херсон Херсонського округу УСРР		1	103
Р429	Херсонська комісія по боротьбі з трудовим дезертирством при комісарі Херсонського порту, м. Херсон Миколаївської губернії		1	2
Р434	Статистичне бюро Херсонського повітового виконавчого комітету ради робітничих, селянських і червоноармійських депутатів, м. Херсон Херсонського повіту Одеської губернії		1	123
Р435	Статистичне бюро Херсонського окружного виконавчого комітету ради робітничих, селянських і червоноармійських депутатів, м. Херсон Херсонського округу УСРР		2	19
Р437	Відділ охорони здоров’я Херсонського повітового виконавчого комітету ради робітничих, селянських і червоноармійських депутатів, м. Херсон Херсонського повіту Одеської губернії		1	1
Р438	Відділ охорони здоров’я Херсонського окружного виконавчого комітету ради робітничих, селянських і червоноармійських депутатів, м. Херсон Херсонського округу УСРР		1	3
Р439	Фінансовий відділ Херсонського повітового виконавчого комітету ради робітничих, селянських і червоноармійських депутатів, м. Херсон Херсонського округу Одеської губернії		1	17
Р440	Фінансовий відділ Херсонського окружного виконавчого комітету ради робітничих, селянських і червоноармійських депутатів, м. Херсон Херсонського округу УСРР		1	103
Р441	Херсонська окружна скотарська спілка колективних господарств «Скотарколгоспспілка» Всеукраїнської спілки скотарсько-молочарської кооперації «Добробут», м. Херсон Херсонського округу УСРР		1	9
Р442	Земельний відділ Херсонського повітового виконавчого комітету ради робітничих, селянських та червоноармійських депутатів, м. Херсон Херсонського повіту Одеської губернії		1	7
Р443	Земельний відділ виконавчого комітету Херсонської окружної ради робітничих, селянських і червоноармійських депутатів, м. Херсон Херсонського округу УСРР		1	114
Р450	Херсонський окружний продовольчий комітет Наркомату продовольства УСРР, м. Херсон Херсонського округу Одеської губернії		1	9
Р458	Відділ соціального забезпечення Херсонського повітового виконавчого комітету ради робітничих, селянських і червоноармійських депутатів, м. Херсон Херсонського повіту Одеської губернії		1	57
Р460	Херсонська портова митниця Міністерства зовнішньої торгівлі УРСР, м. Херсон Херсонської області		4	64
Р468	Херсонські фармацевтичні курси Наркомату освіти УСРР, м. Херсон Херсонського округу УСРР		1	22
Р470	Херсонські державні курси іноземних мов Херсонського міського відділу народної освіти, м. Херсон Одеської області		1	222
Р471	Херсонський ордена Трудового Червоного Прапору сільськогосподарський інститут ім. О. Д. Цюрупи Головного управління вищої та середньої освіти Міністерства сільського господарства СРСР, м. Херсон Херсонської області		3	1395
Р739	Народний суд 2-ї дільниці Херсонського обласного суду, м. Херсон Херсонської області		2	229
Р485	Правління Херсонської окружної ради товариства «Друзі дітей», м. Херсон Херсонського округу УСРР		1	1
Р487	Херсонський окружний комітет Міжнародної організації допомоги борцям революції (МОДР), м. Херсон Херсонського округу УСРР		1	1
Р488	Херсонське окружне відділення Всеукраїнського товариства землеустрою трудящих євреїв (ТЗЄТ), м. Херсон Херсонського округу УСРР		1	66
Р496	Виконавчий комітет Чонгарської сільської ради депутатів трудящих, с. Чонгар Генічеського району Херсонської області		1	139
Р564	Херсонське промислове кредитно-кооперативне товариство «Трудкусткред», м. Херсон Херсонського округу УСРР		1	1
Р565	Херсонський окружний кооперативний комітет (окркооперком) Головного кооперативного комітету УСРР, м. Херсон Херсонського округу УСРР		1	17
Р906	Виконавчий комітет Петропавлівської сільської ради депутатів трудящих		1	34
Р614	Херсонське окружне відділення профспілки працівників місцевого транспорту («Місцевтран»), м. Херсон Херсонського округу УСРР		1	2
Р629	Херсонський підрайонний комітет профспілки робітників-металістів («Металіст»), м. Херсон Херсонського округу УСРР		1	1
Р697	Херсонський районний комітет профспілки працівників водного транспорту («Водтран»), м. Херсон Херсонського району Херсонського округу УСРР		1	2
Р730	Виконавчий комітет Солонцівської сільської ради депутатів трудящих, с. Солонці Цюрупинського району Херсонської області		1	136
Р733	Херсонське окружне архівне управління Херсонського окружного виконавчого комітету ради робітничих, селянських і червоноармійських депутатів, м. Херсон Херсонського округу УСРР		1	1
Р735	Херсонська філія Миколаївського державного історичного архіву|, м. Херсон Миколаївської області		1	3
Р736	Херсонський окружний суд Наркомату юстиції СРСР, м. Херсон Херсонського округу УСРР		2	646
Р742	Народний суд 5-ї дільниці Херсонського обласного суду, м. Херсон Херсонської області		2	11
Р743	Народний суд 6-ї дільниці Херсонського обласного суду, м. Херсон Херсонської області		4	19
Р744	Народний суд 7-ї дільниці Херсонського судового округу, м. Херсон Херсонського округу УСРР		1	3
Р746	Народний суд 9-ї дільниці Херсонського судового округу, м. Херсон Херсонського округу УСРР		1	27
Р747	Народний суд 10-ї дільниці Херсонського судового округу, м. Херсон Одеської області		1	1
Р748	Народний суд 11-ї дільниці Херсонського судового округу, м-ко Тягинка Бериславського району Херсонського округу УСРР		1	7
Р750	Народний суд 13-ї дільниці Херсонського судового округу, с. Велика Олександрівка Великоолександрівського району УСРР		2	3
Р787	Херсонський міський народний суд, м. Херсон Миколаївської області		5	174
Р829	Виконавчий комітет Радгоспної (до 1957 р. – Іщенсько-хутірської) сільської ради депутатів трудящих, с-ще Радгоспне (до 1957 р. – с. Іщенка) Скадовського району Херсонської області		1	88
Р867	Виконавчий комітет Комишанської (до 1946 р. – Арнаутської) сільської ради депутатів трудящих, с. Комишани (до 1946 р. – Арнаутка) Білозерського району Херсонської області		1	150
Р868	Виконавчий комітет Чорнобаївської сільської ради депутатів трудящих, с. Чорнобаївка Білозерського району Херсонської області		1	245
Р869	Виконавчий комітет Зеленівської сільської ради депутатів трудящих, с. Зеленівка Білозерського району Херсонської області		1	89
Р870	Надеждівська сільська рада робітничих, селянських та червоноармійських депутатів, с. Надеждівка Білозерського району Херсонської області		1	93
Р871	Виконавчий комітет Понятівської сільської ради депутатів трудящих, с. Понятівка Херсонського району Херсонської області		1	50
Р872	Виконавчий комітет Федорівської сільської ради депутатів трудящих, с. Федорівка Херсонського району Херсонської області		1	74
Р873	Виконавчий комітет Правдинської (до 1965 р. – Цареводарівської) сільської ради депутатів трудящих, с. Правдине (до 1965 р. – Цареводар) Білозерського району Херсонської області		1	222
Р874	Виконавчий комітет Посад-Покровської сільської ради депутатів трудящих, с. ПосадПокровське Білозерського району Херсонської області		1	208
Р896	Виконавчий комітет Нововоскресенської сільської ради депутатів трудящих		1	102
Р899	Виконавчий комітет Біляївської сільської ради депутатів трудящих		1	170
Р902	Виконавчий комітет Фирсівської сільської ради депутатів трудящих		1	30
Р905	Виконавчий комітет Новоархангельської сільської ради депутатів трудящих		1	35
Р910	Виконавчий комітет Нововоронцовської селищної ради депутатів трудящих		1	2
Р914	Виконавчий комітет Гаврилівської сільської ради депутатів трудящих		1	171
Р948	Виконавчий комітет Новокалузької сільської ради депутатів трудящих		1	26
Р950	Херсонська спілка кредитних і позичково-ощадних товариств		1	12
Р1000	Промислово-кооперативне товариство «Вільний рибалка» по спільному видобутку і реалізації риби Всеукраїнської кооперативної промислової спілки рибалок		1	4
Р1002	Нововоронцовське кооперативне товариство «Батрак» по заготівлі і продажу зернохліба, масла, яєць, вовни, с. Нововоронцовка Качкарівського району Херсонського округу Одеської губернії		1	8
Р1006	Херсонський міський комітет профспілки працівників радянських установ («Радпрацівник»)		1	54
Р1008	Херсонський трест зернових радгоспів (зернотрест) Головного управління зернових радгоспів України і Криму		1	1
Р1025	Відділ робітничого постачання (ВРП) Херсонського локомобільного заводу ім. Г.І.Петровського		2	27
Р1026	Херсонське виробниче об’єднання інвалідів комбінату ім. 518 Одеської обласної спілки кооперації інвалідів		1	13
Р1027	Херсонська берегова група Чорноморської контори «Водресткафе»		1	4
Р1029	Херсонська районна спілка сільськогосподарських колективів (райколгоспспілка)		1	1
Р1030	Херсонське відділення бавовнопостачання Українського бавовняного тресту («Укрбавовнотрест»)		1	8
Р1031	Відділ постачання, збуту і торгівлі при Херсонській міській житловій спілці (житлопостачторг)		1	3
Р1040	Херсонська районна спілка споживчих товариств (райспоживспілка)		1	106
Р1043	Херсонський окружний філіал Всеукраїнського товариства друзів автомобіля і доброї дороги («Автодор»)		1	13
Р1045	Херсонська ремонтно-будівельна контора Херсонського міського відділу комунального господарства		1	11
Р1049	Херсонський закритий робітничий кооператив (ЗРК) робітників Херсонського морського порту		1	10
Р1052	Херсонський закритий робітничий кооператив (ЗРК) робітників Херсонського районного управління річкового транспорту (РУРТ)		1	4
Р1053	Херсонська міська проектно-кошторисна контора при міській раді депутатів трудящих		1	43
Р1054	Закритий студентський кооператив (ЗСК) Одеської обласної спілки споживчих товариств		1	12
Р1061	Херсонське відділення монтажно-будівельної контори Державного проектно-монтажно-будівельного тресту вогневої теплотехніки («Союзтеплобуд»)		1	91
Р1065	Херсонський філіал Одеського обласного транспортного тресту (облтранстрест)		2	38
Р1073	Хорлівський міський виконавчий комітет ради робітничих, селянських і червоноармійських депутатів, порт Хорли Чаплинського району Херсонського округу Одеської губернії		2	31
Р1074	Управління базарами відділу внутрішньої торгівлі Херсонської міської ради депутатів трудящих		1	16
Р1077	Херсонська міжрайонна колгоспна школа Наркомату землеробства УСРР		1	3
Р1078	Бериславська районна судово-земельна комісія Херсонської окружної судово-земельної комісії		1	13
Р1084	Качкарівський районний комітет незаможних селян (КНС)		1	98
Р1085	Херсонська міжрайонна контора Одеської обласної контори по заготівлі худоби («Заготскот»)		1	5
Р1086	Груповий комітет профспілки працівників підприємств громадського харчування («Громадхарч»)		2	26
Р1088	Цюрупинська міська пожежна команда НКВС УРСР		1	20
Р1092	Окрема робоча дружина при Херсонському повітовому відділі військово-продовольчого постачання		1	27
Р1093	Херсонське окружне виробничо-кооперативне об’єднання інвалідів		1	119
Р1100	Відділ військово-продовольчого постачання при Херсонському повітовому відділі продовольчого постачання		1	68
Р1107	Виконавчий комітет Нижньосірогозької районної ради депутатів трудящих		1	10
Р1116	Великолепетиський волосний революційний комітет		1	18
Р1117	Земельне управління Генічеського повітового виконавчого комітету ради робітничих, селянських і червоноармійських депутатів		1	164
Р1125	Рубанівське кущове об’єднання колгоспів «Маяк» Великолепетиської районної спілки сільськогосподарських колективів		1	1
Р1126	Новотроїцький районний комітет профспілки робітників і службовців сільського господарства і заготівлі		1	57
Р1144	Херсонська районна будівельна контора (райсільгоспбуд) Українського тресту сільськогосподарського будівництва («Укрсільгоспбуд»)		1	39
Р1149	Земельний відділ Херсонської міської ради депутатів трудящих		1	1
Р1150	Відкрите акціонерне товариство «Херсонські комбайни» Міністерства промислової політики України		1	1
Р1153	Пристань Ушкалка Нижньодніпровсько-Бузького державного пароплавства		1	10
Р1156	Пристань Каховка		1	26
Р1164	Пристань Львове Нижньодніпровсько-Бузького державного пароплавства		1	18
Р1181	Виконавчий комітет Садівської сільської ради депутатів трудящих		1	97
Р1182	Виконавчий комітет Чорноморської сільської ради депутатів трудящих		1	12
Р1185	Виконавчий комітет Новомихайлівської сільської ради депутатів трудящих, с. Новомихайлівка Новотроїцького району Херсонської області		1	212
Р1188	Цокота Павло Єгорович (1927), письменник, журналіст		1	2
Р1189	Виконавчий комітет Верхньосірогозької сільської ради депутатів трудящих		1	144
Р1193	Сільськогосподарські артілі (колгоспи) Херсонського району Херсонської області (ОАФ)		3	426
Р1205	Виконавчий комітет Олександрівської сільської ради депутатів трудящих		1	211
Р1233	Фортуси		3	4
Р1253	Херсонський комітет допомоги хворим та пораненим червоноармійцям та їх сім’ям		1	9
Р1255	Закритий робітничий кооператив (ЗРК) Херсонського заводу сільськогосподарського машинобудування ім. Г. І. Петровського		1	7
Р1257	Херсонська філія Всеукраїнського товариства друзів автомобіля і доброї дороги («Укравтодор»)		2	32
Р1258	Місцевий комітет профспілки працівників рибної промисловості при Херсонській міжрайонній спілці риболовецької споживчої кооперації		1	5
Р1259	Голопристанська міжрайонна спілка риболовецької споживчої кооперації (рибробкооп)		1	9
Р1262	Херсонський груповий комітет профспілки працівників м’ясожирконсервної і олійної промисловості		1	17
Р1264	Херсонська повітова рада народних суддів		1	1
Р1269	Акціонерне товариство (АТ) «Херсонський целюлозно-паперовий комбінат»		1	1
Р1270	Місцевий комітет профспілки робітників земельних органів при Херсонському міському земельному відділі		1	23
Р1285	Херсонський дільничний рибний промисел Українського Чорноморського державного рибного тресту		1	63
Р1321	6-й особливого призначення Херсонський окремий батальйон		2	2
Р1325	Лічильні комісії по виборах в народні суди по Херсонській області		1	145
Р1330	Виконавчий комітет Малолепетиської сільської ради депутатів трудящих		1	185
Р2219	Сільськогосподарські артілі (колгоспи) Великолепетиського району Херсонської області		1	416
Р1337	Херсонська міжрайонна каса взаємного страхування «Промстрахкаса» Всеукраїнської спілки кас взаємного соціального страхування та взаємодопомоги членів промкооперації («Вукопромсоюзкас»)		1	2
Р1367	Нижньодніпровсько-Бузький лінійний відділ Південного округу шляхів сполучення		1	1
Р1390	Виконавчий комітет Червоногвардійської сільської ради депутатів трудящих		2	181
Р1399	Общинні господарства Нововоронцовського району Миколаївської області (періоду нацистської окупації) (ОАФ)		1	59
Р1413	Общинні господарства Генічеського району Запорізької області (періоду нацистської окупації) (ОАФ)		1	181
Р1414	Общинні господарства Горностаївського району Миколаївської області (періоду нацистської окупації) (ОАФ)		1	10
Р1461	Поштово-телеграфна контора зв’язку Олешківської міської управи, м. Олешки (Цюрупинськ) Олешківського (Цюрупинського) району Миколаївської області (періоду нацистської окупації)		1	1
Р1466	Голопристанський курорт, с. Гола Пристань Голопристанського району Миколаївської області (періоду нацистської окупації)		1	15
Р1467	Металообробна майстерня Голопристанської комендатури, с. Гола Пристань Голопристанського району Миколаївської області (періоду нацистської окупації)		1	4
Р1473	Голопристанське лісництво Олешківського головного лісництва, с. Гола Пристань Голопристанського району Миколаївської області (періоду нацистської окупації)		1	6
Р1474	Голопристанський кінотеатр, с. Гола Пристань Голопристанського району Миколаївської області (періоду нацистської окупації)		1	2
Р1479	Обласна надзвичайна комісія з розслідування злочинів німецько-фашистських загарбників на території Херсонської області		1	19
Р1495	Бериславська міська біржа праці Бериславської міської управи, м. Берислав Бериславського району Миколаївської області (періоду нацистської окупації)		1	2
Р1497	Бериславське районне відділення Херсонського окружного господарського банку, м. Берислав Бериславського району Миколаївської області (періоду нацистської окупації)		1	2
Р1498	Бериславський міський комітет взаємодопомоги (КВД), м. Берислав Бериславського району Миколаївської області (періоду нацистської окупації)		1	1
Р1499	Німецький магазин при Бериславській районній конторі заготівлі та збуту, м. Берислав Бериславського району Миколаївської області (періоду нацистської окупації)		1	1
Р1570	Генічеська районна партизанська комісія при районному виконавчому комітеті ради робітничих, селянських та червоноармійських депутатів, м. Генічеськ Генічеського району Дніпропетровської області		1	219
Р1658	Виконавчий комітет Нижньосірогозької селищної ради депутатів трудящих		1	211
Р1666	Виконавчий комітет Дем’янівської сільської ради депутатів трудящих, с. Дем’янівка Нижньосірогозького району Херсонської області		1	151
Р1751	Гуртово-Хутірський сільський виконавчий комітет ради робітничих, селянських і червоноармійських депутатів, с. Гуртово-Хутірське Дніпровського повіту Одеської губернії		2	3
Р1761	Херсонська обласна каса взаємного страхування і взаємодопомоги кооперації інвалідів (інстрахкаса) Української спілки взаємного страхування і взаємодопомоги кооперації інвалідів		2	99
Р1807	Виконавчий комітет Скадовської селищної ради депутатів трудящих		1	129
Р1824	Херсонський окружний комісар (гебітскомісар)		1	1
Р1887	Відділ управління Херсонського повітового виконавчого комітету ради робітничих, селянських і червоноармійських депутатів		1	21
Р2018	Уповноважений єврейського громадського комітету допомоги постраждалим від погромів (євгромадком)		1	26
Р2253	Сільськогосподарські артілі (колгоспи) Цюрупинського району Херсонської області (ОАФ)		1	460
Р2344	Грушівська сільська рада робітничих, селянських та червоноармійських депутатів		1	3
Р2433	Управління сільського господарства виконавчого комітету Калінінської районної ради депутатів трудящих		2	245
Р2455	Калінінська районна прокуратура. с. Калінінське		2	7
Р2456	Калінінський районний суд. с. Калінінське		2	59
Р2469	Калінінський районний державний архів районного відділу МВС УРСР		1	86
Р2545	Новомаячківська середня загальноосвітня трудова політехнічна з виробничим навчанням школа № 1		1	126
Р2588	Виконавчий комітет Новолагерської сільської ради депутатів трудящих		3	77
Р2613	Сільськогосподарські артілі (колгоспи) Новомаячківського району Херсонської області (ОАФ)		1	750
Р2700	Каракулівницьке радянське господарство (радгосп) «Рогачик»		1	0
Р2942	Сільськогосподарські артілі (колгоспи) Каховського району Херсонської області (ОАФ)		1	102
Р3131	Відділ управління Дніпровського повітового виконавчого комітету ради робітничих, селянських і червоноармійських депутатів, м. Олешки		1	7
Р3832	Виконавчий комітет Великолепетиської селищної ради депутатів трудящих		1	156
Р4095	Горностаєв Євген Вікентійович (1914–2004), краєзнавець, колекціонер, Почесний громадянин м. Херсон		1	334
