Н68	Луцька біржа праці, м.Луцьк		0	0
244			1	45
Н151	Седлищенська районна управа, с. Седлище		0	0
Н153	Маневицька районна управа, с. Маневичі		0	0
Н154	Головнянська районна управа, с. Головно		0	0
338	Архітектор міста Луцька, м. Луцьк Волинського воєводства		2	0
466	Горохівський постерунок державної поліції, м. Горохів Горохівського повіту Волинського воєводства		1	0
467	Коритницький постерунок державної поліції, містечко Коритниця Володимирського повіту Волинського воєводства		1	0
468	Свинюхівський постерунок державної поліції, містечко Свинюхи Горохівського повіту Волинського воєводства		1	0
469	Сенкевичівський постерунок державної поліції, містечко Сенкевичівка Луцького повіту Волинського воєводства		1	0
2	Загурський Іосиф, адвокат, м. Луцьк Волинського воєводства		1	0
43	2 Луцьке фінансове управління, м. Луцьк Волинського воєводства		2	0
84	Український кооперативний кінотеатр, м. Луцьк Волинського воєводства		1	0
261	Володимир-Волинський повітовий предводитель дворянства, м. Володимир-Волинськ Володимир-Волинського повіту Волинської губернії		2	0
291	Сікорський Юзеф, окружний суддя, в. о. нотаріуса, м. Луцьк Волинського воєводства		2	2
292	Луцький з'їзд мирових суддів Луцького судово-мирового округу, м. Луцьк Луцького повіту Волинської губернії		1	0
296	Німецька кірха, м. Луцьк Волинського воєводства		1	0
297	Луцько-Ковельський деканат Волинської губернії	1600-1890	1	196
300	Луцьке повітове дворянське училище, м. Луцьк Луцького повіту		1	0
302	Володимирська тюрма, м. Володимир Володимирського повіту Волинського воєводства		1	0
313	Ковельська міська дума, м. Ковель Ковельського повіту Волинської губернії		1	0
315	Виборча комісія 56-го округу по виборах до Сейму і Сенату Польської Республіки V скликання, м. Луцьк Волинського воєводства (1938 р.)		1	34
316	Кашовський постерунок державної поліції, містечко Кашовка Ковельського повіту Волинського воєводства		1	0
385	Ратнівське надлісництво Волинського окружного управління державних лісів		1	0
450	Ковельський нижній земський суд, м. Ковель Ковельського повіту Волинської губернії		1	0
508	Управління міліції м. Луцька		1	0
509	Ковельське городниче правління, м. Ковель Ковельського повіту Волинської губернії		1	0
510	Волинське воєводське бюро у фінансово-земельних справах, м. Луцьк Волинського воєводства		1	0
511	Луцький повітовий відділ Союзу військових осадників, м. Луцьк Волинського воєводства		1	0
512	Луцький повітовий тюремний комітет, м. Луцьк Луцького повіту Волинської губернії		1	0
513	Володимир-Волинське городниче правління, м. Володимир-Волинськ Володимир-Волинського повіту Волинської губернії		1	0
514	Луцький повітовий акцизний наглядач, м. Луцьк Луцького повіту Волинської губернії		1	0
515	Володимир-Волинська військово-слідча комісія, м. Володимир-Волинськ Володимир-Волинського повіту Волинської губернії		1	0
517	Милецьке духовне училище, містечко Маціов Ковельського повіту Волинської губернії		1	0
1	Волинська воєводська команда державної поліції, м. Луцьк Волинського воєводства		13	0
3	Луцька міська управа, м. Луцьк Луцького повіту Волинської губернії	1848-1920	1	884
4	Луцький міський сирітський суд, м. Луцьк Луцького повіту Волинської губернії		1	0
6	Луцька чоловіча гімназія, м. Луцьк Луцького повіту Волинської губернії		2	1
7	Мировий суддя 1-ої дільниці Луцького судово-мирового округу, м. Луцьк Луцького повіту Волинської губернії		1	0
8	Мировий суддя 1-ої дільниці Луцького судово-мирового округу, м. Луцьк Луцького повіту Волинської губернії		1	0
12	Луцька торгова гімназія, м. Луцьк Волинського воєводства		2	0
13	Луцька професійна школа перепідготовки, м. Луцьк Волинського воєводства		1	0
14	Луцька семикласна школа № 2 ім. Станіслава Яховича, м. Луцьк Волинського воєводства		1	0
15	Луцька семикласна школа № 3, м. Луцьк Волинського воєводства		1	0
16	Луцька семикласна українська школа № 4, м. Луцьк Волинського воєводства		1	0
17	Луцька семикласна жіноча школа № 7 ім. Марії Конопницької, м. Луцьк Волинського воєводства		1	0
18	Луцька чеська приватна початкова школа, м. Луцьк Волинського воєводства		1	0
19	Луцька семикласна школа № 6, м. Луцьк Волинське воєводство		2	0
20	Луцька єврейська гімназія імені Моісея Глікліха, м. Луцьк Волинського воєводства		3	82
21	Луцька єврейська початкова школа, м. Луцьк Волинського воєводства		1	100
22	Луцький римсько-католицький деканат, м. Луцьк Луцького повіту Волинської губернії	1738-1914	3	85
24	Управління Волинського підокругу Союзу резервістів, м. Луцьк Волинського воєводства		1	0
25	Луцький філіал крайового господарського товариства „Сільський господар“, м. Луцьк Волинського воєводства		1	0
26	Луцький гурток товариства „Управлінська сім'я“, м. Луцьк Волинського воєводства		1	0
27	Луцький повітовий гурток Союзу воєнних інвалідів Польщі, м. Луцьк Волинського воєводства		1	0
29	Луцька комунальна ощадна каса, м. Луцьк Волинського воєводства		1	0
30	Луцька відділеня державного земельного банку, м. Луцьк Волинського воєводства		1	0
31	Луцьке фінансове управління, м. Луцьк Волинського воєводства		1	0
33	Луцька курія-біскупія, м. Луцьк Волинського воєводства		2	25
34	Волинська фінансова палата, м. Луцьк Волинського воєводства		6	0
35	Волинська духовна консисторія, м. Луцьк Луцького повіту Волинської губернії	1703-1946,1949-1949	29	7267
36	Луцьке повітове староство, м. Луцьк Волинського воєводства	1919-1939	27	1371
37	Дирекція Польської тютюнової монополії, м. Луцьк Волинського воєводства		1	0
38	Луцький шкільний інспекторат, м. Луцьк Волинського воєводства		1	1
39	Державний епідемічний шпиталь № 2, м. Луцьк Волинського воєводства		1	0
40	Волинська дирекція державних лісів, м. Луцьк Волинського воєводства		22	0
41	Луцька повітова лікарня, м. Луцьк Волинського воєводства		1	0
42	Черевко Юрій, адвокат, м. Луцьк Волинського воєводства		1	0
44	Луцька земська лікарня, м. Луцьк Луцького повіту Волинської губернії		1	0
45	Луцька повітова команда державної поліції, м. Луцьк Волинського воєводства		1	0
46	Волинське воєводське управління, м. Луцьк Волинського воєводства		14	19
47	Луцька міська тюрма, м. Луцьк Волинського воєводства		4	0
48	Виборча комісія 57-го округу по виборах до Сейму і Сенату Польської Республіки II скликання, м. Луцьк Волинського воєводства (1928 р.)		1	0
49	Луцький окружний суд, м. Луцьк Луцького повіту Волинської губернії		1	0
51	Ремісничо-промисловий і землеробський кооперативний банк, м. Луцьк Волинського воєводства		1	0
52	Секція дефензиви на Волині 2-го відділу командування 6-ої армії, м. Луцьк Волинського воєводства		1	0
54	Луцька повітова «Просвіта» на Волині, м. Луцьк Волинського воєводства		1	0
55	Богдановський Сергіуш, адвокат, м. Луцьк Волинського воєводства		1	0
56	Мировий суддя 3-ої дільниці Луцького судово-мирового округу, м. Луцьк Луцького повіту Волинської губернії		1	0
57	Український кооперативний банк на Волині з обмеженою відповідальністю, м. Луцьк Волинського воєводства		1	0
58	Цивільне управління земель Волині і Подільського фронту, м. Луцьк Волинського округу		3	0
59	Демочані Дмитро Миколайович, нотаріус, м. Ковель Ковельського повіту Волинської губернії		1	91
60	Українська парламентарна репрезентація Волині, м. Луцьк Волинського воєводства		1	0
62	Луцький відділ Російського благодійного товариства в Польщі, м. Луцьк Волинського воєводства		2	0
63	Управа товариства прихильників православної освіти та охорони традицій православної віри імені митрополита Петра Могили, м. Луцьк Волинського воєводства		1	0
65	Луцьке фінансове управління акцизів і державних монополій, м. Луцьк Волинського воєводства		1	0
66	Володимирський мировий суд, м. Володимир Володимирського повіту Волинського воєводства		1	0
67	Іздебський Владислав, нотаріус, м. Берестечко Дубенського повіту Волинського воєводства		1	5
68	Мировий суддя 4-ої дільниці Луцького судово-мирового округу, селище Ківерці Луцького повіту Волинської губернії		1	0
70	Луцька державна гімназія ім. Т. Костюшка, м. Луцьк Волинського воєводства		2	0
71	Луцька приватна учительська семінарія ім. Г. Коллонтая, м. Луцьк Волинського воєводства		1	0
72	Луцька російська гімназія Луцького відділу Російського товариства в Польщі, м. Луцьк Волинського воєводства		2	0
73	Луцька приватна українська гімназія товариства ім. Лесі Українки, м. Луцьк Волинського воєводства		1	0
74	Ковельське фінансове управління акцизів і державних монополій, м. Ковель Ковельського повіту Волинського воєводства		2	1
75	Волинська реміснича палата, м. Луцьк Волинського воєводства		1	0
76	Мировий суддя 6-ої дільниці Луцького судово-мирового округу, містечко Торчин Луцького повіту Волинської губернії		1	0
77	Головне управління товариства по розповсюдженню театральної культури на Волині, м. Луцьк Волинського воєводства		1	0
78	Мировий суддя 9-ої дільниці Луцького судово-мирового округу, містечко Колки Луцького повіту Волинської губернії		1	0
79	Кооперативний ремісничий банк з обмеженою відповідальністю, м. Луцьк Волинського воєводства		1	0
81	Волинський кооперативний торговельний банк «Стир», м. Луцьк Волинського воєводства		1	0
82	Кооператив з необмеженою відповідальністю „Кредит Луцьк“, м. Луцьк Волинського воєводства		1	0
83	Мировий суддя 7-ої дільниці Луцького судово-мирового округу, селище Ківерці Луцького повіту Волинської губернії		1	0
85	Луцька повітова земська управа, м. Луцьк Луцького повіту Волинської губернії		1	0
86	Луцький відділ Центральної каси сільськогосподарських товариств, м. Луцьк Волинського воєводства		1	0
87	Волинська окружна каса Стефчика, м. Луцьк Волинського воєводства		1	0
88	Луцька кооперативна позичково-ощадна каса ремісників християн, м. Луцьк Волинського воєводства		1	0
89	Кооператив „Єдність“ з обмеженою відповідальністю, с. Мощена Ковельського повіту Волинського воєводства		2	1
90	Кооперативне банкове товариство, м. Луцьк Волинського воєводства		1	0
91	Судовий виконавець Луцького гродського суду 1-ої дільниці, м. Луцьк Волинського воєводства		1	0
92	Судовий виконавець Луцького гродського суду 2-ої дільниці, м. Луцьк Волинського воєводства		2	1
93	Луцьке відділення Польського банку, м. Луцьк Волинського воєводства		1	0
94	Каса соціального страхування, м. Луцьк Волинського воєводства		1	0
95	Луцьке товариство взаємного кредиту, м. Луцьк Волинського воєводства		1	0
96	Луцька єврейська громада, м. Луцьк Луцького повіту Волинської губернії	1841-1918	1	561
111	Луцький відділ Союзу польських харцерів, м. Луцьк Волинського воєводства		1	0
112	Волинський відділ Союзу польських харцерів, м. Ровно Ровенського повіту Волинського воєводства		1	0
115	Ковельська повітова команда державної поліції, м. Ковель Волинського воєводства		1	0
118	Володимирська повітова команда державної поліції, м. Володимир Волинського воєводства		1	0
120	Горохівська повітова команда державної поліції, м. Горохів Волинського воєводства		1	0
123	Горохівський гродський суд, м. Горохів Волинського воєводства		1	359
125	Волинський окружний комітет товариства «Морська і колоніальна ліга», м. Луцьк Волинського воєводства		1	0
126	Луцький міський комітет фізичного виховання і військової підготовки, м. Луцьк Волинського воєводства		1	0
129	Управління Волинського підокругу «Союзу стрільців», м. Луцьк Волинського воєводства		1	0
130	Луцьке 1-е міське початкове училище,м. Луцьк Волинської губернії		1	0
132	Постерунок державної поліції, с. Суховоля Луцького повіту Волинського воєводства		1	0
134	Луцький повітовий місіонерський комітет, м. Луцьк Волинського воєводства		1	0
137	Луцько-Дубенський з'їзд мирових посередників, м. Луцьк Волинської губернії		2	0
138	Волинський воєводський третейський суд, м. Луцьк Волинське воєводство		1	0
139	Луцьке повітове третейське управління, м. Луцьк Волинського воєводства		1	0
140	Постерунок державної поліції в м. Олика Луцького повіту		1	0
141	Горохівський мировий суд, м. Горохів Волинського воєводства		1	0
145	Постерунок державної поліції, с. Лаврів Луцького повіту Волинського воєводства		1	0
146	Постерунок державної поліції в м. Торчин Луцького повіту Волинського воєводства		1	0
147	Волинське окружне управління «табору народного єднання», м. Луцьк		1	0
148	Постерунок державної поліції в с. Холоневичі Луцького повіту Волинського воєводства		1	0
149	Постерунок державної поліції в с. Княже, с. Фусів Горохівського повіту Волинського воєводства		1	0
150	Постерунок державної поліції в м. Рожище Луцького повіту Волинського воєводства		1	0
151	Постерунок державної поліції в м. Ківерці Волинського воєводства		1	0
152	Постерунок державної поліції, с. Уляники Луцького повіту Волинського воєводства		2	1
153	Постерунок державної поліції, с. Полонка Луцького повіту Волинського воєводства		1	0
154	Постерунок державної поліції, с. Тростянець Луцького повіту Волинського воєводства		1	0
155	Постерунок державної поліції, с. Доросині Луцького повіту Волинського воєводства		1	0
156	Постерунок державної поліції, с. Чарторийськ Луцького повіту Волинського воєводства		1	0
157	Постерунок державної поліції, с. Софіївка Луцького повіту Волинського воєводства		1	0
158	Магістрат міста Луцька, м. Луцьк Волинського воєводства		6	151
159	Ниво-Губинський постерунок державної поліції, с. Ниви-Губинські Луцького повіту Волинського воєводства		1	0
160	Сокільський постерунок державної поліції, містечко Сокіл Луцького повіту Волинського воєводства		1	0
161	Несвіцький постерунок державної поліції, с. Несвіч Луцького повіту Волинського воєводства		1	0
162	Піддубцівський постерунок державної поліції, с. Піддубці Луцького повіту Волинського воєводства		2	1
163	Красновольський постерунок державної поліції, с. Красноволя Луцького повіту Волинського воєводства		1	0
164	Радомишльський постерунок державної поліції, с. Радомишль Луцького повіту Волинського воєводства		1	0
166	Управління Луцького повітового Союзу осадників, м. Луцьк Волинського воєводства		1	0
167	Озютичівський постерунок державної поліції, містечко Озютичі Горохівського повіту Волинського воєводства		1	0
168	Управління Луцького відділу Союзу польських легіонерів, м. Луцьк Волинського воєводства		1	0
169	Геєк Федір Федорович, присяжний повірений округу Київської судової палати при Луцькому окружному суді, м. Луцьк Луцького повіту Волинської губернії		1	0
170	Волинський окружний футбольний союз, м. Луцьк Волинського воєводства		2	1
175	Луцький залізничний постерунок державної поліції, м. Луцьк Волинського воєводства		1	0
176	Головне управління легіону Волинських повстанців, м. Луцьк Волинського воєводства		1	0
178	Ковельське повітове староство, м. Ковель Ковельського повіту Волинського воєводства		1	0
180	Луцький гродський суд, м. Луцьк Волинського воєводства		3	1
182	Горохівське повітове староство, м. Горохів Горохівського повіту Волинського воєводства		1	112
183	Любомльське повітове староство, м. Любомль Любомльського повіту Волинського воєводства		1	0
187	Головна виборча комісія по виборах до міської ради м. Луцька Волинського воєводства		1	0
188	Ковельсько-Володимир-Волинський з'їзд мирових посередників, м. Ковель Ковельського повіту Волинської губернії		1	0
190	Луцьке товариство ім. Лесі Українки, м. Луцьк Волинського воєводства		1	0
191	Луцький окружний суд, м. Луцьк Волинського воєводства		10	1305
193	Володимир-Волинський деканат, м. Володимир-Волинськ Володимир-Волинського повіту Волинської губернії	1828-1907	3	236
194	Камінь-Коширське повітове третейське управління, містечко Камінь-Коширський Камінь-Коширського повіту Поліського воєводства		2	0
195	Ковельський деканат, м. Ковель Ковельського повіту Волинської губернії	1825-1892,1894-1895,1898-1900,1903-1903,1907-1907,1910-1910,1938-1938	1	158
196	Горохівське повітове третейське управління, м. Горохів Горохівського повіту Волинського воєводства		1	0
198	Головна управа Волинського українського об'єднання (ВУО), м. Луцьк Волинського воєводства		1	0
199	Редакція громадсько-політичного тижневика «Волинське слово», м. Луцьк Волинського воєводства		3	1
200	Волинське українське театральне товариство, м. Луцьк Волинського воєводства		1	0
201	Волинське воєводське бюро фонду праці, м. Луцьк Волинського воєводства		2	0
202	Луцька повітова оціночна комісія, м. Луцьк Луцького повіту Волинської губернії		1	0
210	Іваничівський постерунок державної поліції, с. Іваничі Володимирського повіту Волинського воєводства		1	0
211	Управління Волинського округу Федерації польських союзів захисників вітчизни, м. Луцьк Волинського воєводства		1	0
212	Луцький гурток Союзу офіцерів запасу, м. Луцьк Волинського воєводства		1	0
213	Кашовська міщанська управа, містечко Кашовка Ковельського повіту Волинської губернії		1	0
214	Комітет Волинської виставки, м. Луцьк Волинського воєводства		1	0
215	Ковельсько-Володимир-Волинський з'їзд мирових посередників, м. Ковель Ковельського повіту Волинської губернії		1	0
216	Прокуратура Луцького окружного суду, м. Луцьк Волинського воєводства		4	0
217	Годлевський Броніслав, нотаріус, м. Луцьк Волинського воєводства		1	115
218	Гулевич Кароль, нотаріус, м. Луцьк Волинського воєводства		1	70
219	Жонжевський Іґнацій, нотаріус, м. Луцьк Волинського воєводства		1	41
220	Галацінський Анджей, нотаріус, м. Луцьк Волинського воєводства		1	33
221	Яцкевич Аполлінарій, нотаріус, м. Луцьк Волинського воєводства		1	37
222	Земенцький Марцелій-Пйотр-Зиґмунт, нотаріус, м. Луцьк Волинського воєводства		1	9
223	Висоцький Мечислав, нотаріус, м. Луцьк Волинського воєводства		1	30
224	Куліковський Оскар, нотаріус, м. Луцьк Волинського воєводства		1	22
225	Горновський Антоній, нотаріус, м. Луцьк Волинського воєводства		1	4
226	Хмєльовський Вацлав, нотаріус, м. Луцьк Волинського воєводства		1	7
227	Малановський Вацлав, нотаріус, м. Луцьк Волинського воєводства		1	3
228	Скорупський Францішек, нотаріус, м. Ковель Ковельського повіту Волинського воєводства		1	81
229	Ковельський міський магістрат, м. Ковель Ковельського повіту Волинської губернії		2	0
230	Жизновський Іполит, нотаріус, м. Ковель Ковельського повіту Волинського воєводства		1	70
231	Прусакевич Іґнацій, нотаріус, м. Ковель Ковельського повіту Волинського воєводства		1	7
232	Вдзєнконьський Антоній, нотаріус, м. Ковель Ковельського повіту Волинського воєводства		1	23
233	Лімановський Тадеуш, нотаріус, м. Ковель Ковельського повіту Волинського воєводства		1	4
235	Чубовський Еміль, нотаріус, м. Володимир Володимирського повіту Волинського воєводства		1	7
236	Іліньський Чеслав, нотаріус, м. Володимир Володимирського повіту Волинського воєводства		1	56
237	Багіньський Сатурнін, нотаріус, м. Володимир Володимирського повіту Волинського воєводства		1	35
238	Беднарський Стефан, нотаріус, м. Володимир Володимирського повіту Волинського воєводства		1	8
239	Біліньський Зиґмунт, нотаріус, м. Ковель Ковельського повіту Волинського воєводства		1	1
240	Дземідко Юзеф, нотаріус, м. Володимир Володимирського повіту Волинського воєводства		1	17
241	Яцкевич Аполінар, нотаріус, м. Володимир Володимирського повіту Волинського воєводства		1	1
242	Мартинович Едмунд, нотаріус, м. Луцьк Волинського воєводства		1	131
243	Сендзіковський Ромуальд, нотаріус, містечко Рожище Луцького повіту Волинського воєводства		1	9
245	Полоньський Зиґмунт, нотаріус, м. Горохів Горохівського повіту Волинського воєводства		1	8
246	Володимирське повітове староство, м. Володимир Володимирського повіту Волинського воєводства	1920-1939	1	1
247	Луцька повітова землевпорядна комісія, м. Луцьк Луцького повіту Волинської губернії		1	0
248	Ліквідаційна комісія бувшого товариства "Луцька повітова "Просвіта", м.Луцьк Волинського воєводства		2	0
249	Володимир-Волинське повітове казначейство, м. Володимир-Волинськ Володимир-Волинського повіту Волинської губернії		1	0
250	Ковельський повітовий предводитель дворянства, м. Ковель Ковельського повіту Волинської губернії		1	0
251	Мельницька міщанська управа, містечко Мельниця Ковельського повіту Волинської губернії		1	0
252	Несухоїженська міщанська управа, містечко Несухоїжі Ковельського повіту Волинської губернії		1	0
253	Луцьке повітове рекрутське присутствіє, м. Луцьк Луцького повіту Волинської губернії		2	0
254	Володимир-Волинська повітова землевпорядна комісія, м. Володимир-Волинськ Володимир-Волинського повіту Волинської губернії		2	0
255	Мировий суддя 11-ої дільниці Луцького судово-мирового округу, містечко Бережниця Луцького повіту Волинської губернії		1	0
256	Луцький повітовий предводитель дворянства, м. Луцьк Луцького повіту Волинської губернії		1	0
257	Луцька семикласна школа № 8, м. Луцьк Волинського воєводства		1	0
258	Луцько-Дубенське повітове по чиншових справах присутствіє, м. Луцьк Луцького повіту Волинської губернії		1	0
259	Луцька семикласна школа № 5, м. Луцьк Волинського воєводства		1	0
262	Ковельське повітове казначейство, м. Ковель Ковельського повіту Волинської губернії		2	0
263	Ковельська повітова землевпорядна комісія, м. Ковель Ковельського повіту Волинської губернії		1	0
264	Волинський окружний Союз сільськогосподарських і заробково-господарчих кооперативів, м. Луцьк Волинського воєводства		1	0
265	Ковельсько-Володимир-Волинське повітове по чиншових справах присутствіє, м. Ковель Ковельського повіту Волинської губернії		2	0
266	Ковельський повітовий військовий начальник, м. Ковель Ковельського повіту Волинської губернії		1	0
267	Ківерцівський залізничний постерунок державної поліції, містечко Ківерці Луцького повіту Волинського воєводства		1	0
268	Олицький залізничний постерунок державної поліції, м. Олика Луцького повіту Волинського воєводства		1	0
269	Луцький міський комісаріат державної поліції, м. Луцьк Волинського воєводства		2	0
271	Луцький нотаріальний архів, м. Луцьк Луцького повіту Волинської губернії		3	1923
272	Любешівське гмінне управління, містечко Любешів Камінь-Коширського повіту Поліського воєводства		1	1
273	Камінь-Коширський комісар фінансового контролю, містечко Камінь-Коширський Камінь-Коширського повіту Поліського воєводства		1	0
274	Багриновський Казімєж, нотаріус, містечко Камінь-Коширський КаміньКоширського повіту Поліського воєводства		1	12
276	Соломерецький-Клочковський Єжи-Болеслав, нотаріус, містечко Камінь-Коширський Камінь-Коширського повіту Поліського воєводства		1	2
277	Волинське окружне земельне управління,м. Луцьк Волинського воєводства		11	2423
278	Волинська земельна палата, м. Луцьк Волинського воєводства		1	0
279	Луцька єврейська лікарня, м. Луцьк Волинського воєводства		1	56
281	Ковельська тюрма, м. Ковель Ковельського повіту Волинського воєводства		3	0
282	Луцький нотаріальний архів, м. Луцьк Волинського воєводства		2	3895
283	Виборча комісія 56-го округу по виборах до Сейму і Сенату Польської Республіки II скликання, м. Ковель Волинського воєводства (1928 р.)		1	4
285	Тиновський Віктор, нотаріус, м. Горохів Горохівського повіту Волинського воєводства		1	33
286	Луцька єврейська релігійна гміна, м. Луцьк Волинського воєводства		1	285
287	Земенцький Марцелій-Пйотр-Зиґмунт, нотаріус, м. Володимир Володимирського повіту Волинського воєводства		1	3
288	Скібіньський Станіслав, суддя, в. о. нотаріуса, м. Луцьк Волинського воєводства		1	3
304	Голобський постерунок державної поліції, с. Голоби Ковельського повіту Волинського воєводства		1	0
305	Мельницький постерунок державної поліції, містечко Мельниця Ковельського повіту Волинського воєводства		1	0
306	Любомльська повітова команда державної поліції, м. Любомль Любомльського повіту Волинського воєводства		1	0
308	Ковельський залізничний постерунок державної поліції, м. Ковель Ковельського повіту Волинського воєводства		1	0
309	Маневицький постерунок державної поліції, с. Маневичі Ковельського повіту Волинського воєводства		1	0
311	Управління Ковельського повіту Стрілецького союзу, м. Ковель Ковельського повіту Волинського воєводства		1	0
312	Волинське товариство приятелів наук, м. Луцьк Волинського воєводства	1548-1936	2	5
317	Мацеївський постерунок державної поліції, містечко Мацеїв Ковельського повіту Волинського воєводства		1	0
318	Старокошарський постерунок державної поліції, с. Старі Кошари Ковельського повіту Волинського воєводства		1	0
319	Заболотцівський постерунок державної поліції, с. Заболотці Володимирського повіту Волинського воєводства		1	0
320	Киселинський постерунок державної поліції, містечко Киселин Горохівського повіту Волинського воєводства		1	0
324	Виборча комісія 58-го округу по виборах до Сейму і Сенату Польської Республіки ІІ скликання, м. Кременець Волинського воєводства (1928 р.)		1	0
325	Виборча комісія 57-го округу по виборах до Сейму і Сенату Польської Республіки III скликання, м. Луцьк Волинського воєводства (1930 р.)		1	0
326	Виборча комісія 56-го округу по виборах до Сейму і Сенату Польської Республіки IV скликання, м. Луцьк Волинського воєводства (1935 р.)		1	0
327	Виборча комісія 57-го округу по виборах до Сейму і Сенату Польської Республіки IV скликання, м. Ковель Волинського воєводства (1935 р.)		1	0
328	Виборча комісія 57-го округу по виборах в сейм і сенат Польської Республіки V скликання, м. Ковель Ковельського повіту Волинського воєводства		1	0
329	Виборча комісія 58-го округу по виборах до Сейму і Сенату Польської Республіки V скликання, м. Кременець Волинського воєводства (1938 р.)		1	0
330	Повітовий відділ Луцького сеймика, м. Луцьк Волинського воєводства		1	0
331	Леліковський постерунок державної поліції, с. Леліков Камінь-Коширського повіту Поліського воєводства		1	0
332	Камінь-Коширська повітова команда державної поліції, містечко Камінь-Коширський Камінь-Коширського повіту Поліського воєводства		1	0
333	Камінь-Коширська повітова команда Союзу резервістів, містечко Камінь-Коширський Камінь-Коширського повіту Поліського воєводства		2	1
335	Луцьке повітове по чиншових справах присутствіє, м. Луцьк Луцького повіту Волинської губернії		2	1
337	Камінь-Коширське повітове староство, містечко Камінь-Коширський Камінь-Коширського повіту Поліського воєводства		1	0
407	Копачівська школа, с. Копачівка Луцького повіту Волинського воєводства		2	0
340	Мировий суддя 1-ої дільниці Володимир-Волинського судово-мирового округу, м. Володимир-Волинськ Володимир-Волинського повіту Волинської губернії		1	0
341	Мировий суддя 3-ої дільниці Володимир-Волинського судово-мирового округу, містечко Горохів Володимир-Волинського повіту Волинської губернії		1	0
342	Мировий суддя 4-ої дільниці Володимир-Волинського судово-мирового округу, містечко Любомль Володимир-Волинського повіту Волинської губернії		1	0
343	Мировий суддя 5-ої дільниці Володимир-Волинського судово-мирового округу, с. Шацьк Володимир-Волинського повіту Волинської губернії		1	0
344	Мировий суддя 6-ої дільниці Володимир-Волинського судово-мирового округу, містечко Локачі Володимир-Волинського повіту Волинської губернії		1	0
345	Мировий суддя 7-ої дільниці Володимир-Волинського судово-мирового округу, містечко Порицьк Володимир-Волинського повіту Волинської губернії		1	0
346	Мировий суддя 8-ої дільниці Володимир-Волинського судово-мирового округу, містечко Дружкополь Володимир-Волинського повіту Волинської губернії		1	0
347	Володимир-Волинський з'їзд мирових суддів Володимир-Волинського судово-мирового округу, м. Володимир-Волинськ Володимир-Волинського повіту Волинської губернії		2	0
348	Волинський союз комунальних та кооперативних кредитно-господарських організацій, м. Луцьк Волинського воєводства		1	0
349	Ковельський повітовий шкільний інспекторат, м. Ковель Ковельського повіту Волинського воєводства		1	0
350	Волинський кооперативний союз «Гурт», м. Луцьк Волинського воєводства		1	0
351	Малоседлищенська єврейська община, колонія Мале Седлище Костопольської гміни Костопольського повіту Волинського воєводства	1924-1936	1	14
352	Мировий суддя 14-ої дільниці Луцького судово-мирового округу, с. Бережниця Ковельського повіту Волинської губернії		1	0
353	Камінь-Коширське повітове земельне управління, містечко Камінь-Коширський Камінь-Коширського повіту Поліського воєводства		2	0
354	Каса Камінь-Коширського фінансового управління, містечко Камінь-Коширський Камінь-Коширського повіту Поліського воєводства		1	0
355	Судовий слідчий Луцького окружного суду 1-ої дільниці Володимир-Волинського повіту, м. Володимир-Волинськ Володимир-Волинського повіту Волинської губернії		1	0
359	Володимир-Волинський повітовий суд, м. Володимир-Волинськ Володимир-Волинського повіту Волинської губернії		2	1
360	Володимир-Волинське повітове рекрутське присутствіє, м. Володимир-Волинськ Володимир-Волинського повіту Волинської губернії		1	0
361	Луцький повітовий суд, м. Луцьк Луцького повіту Волинської губернії		2	0
362	Ковельське духовне правління, м. Ковель Ковельського повіту Волинської губернії		1	0
363	Ковельський повітовий суд, м. Ковель Ковельського повіту Волинської губернії		2	0
364	Володимир-Волинська будівельна комісія по відбудові Мстиславового храму, м. Володимир-Волинськ Володимир-Волинського повіту Волинської губернії		1	0
365	Ковельське тимчасове рекрутське присутствіє, м. Ковель Ковельського повіту Волинської губернії		1	0
366	Володимир-Волинське повітове поліцейське управління, м. Володимир-Волинськ Володимир-Волинського повіту Волинської губернії		1	0
367	Державна ощадна каса № 248 при Володимир-Волинському повітовому казначействі, м. Володимир-Волинськ Володимир-Волинського повіту Волинської губернії		1	0
368	Володимир-Волинський міський магістрат, м. Володимир-Волинськ Володимир-Волинського повіту Волинської губернії		2	0
369	Володимир-Волинське духовне правління, м. Володимир-Волинськ Володимир-Волинського повіту Волинської губернії		1	0
370	Луцьке духовне правління, м. Луцьк Луцького повіту Волинської губернії		1	0
371	Ковельська повітова комісія у справах про вибори в Державну Думу І скликання, м. Ковель Ковельського повіту Волинської губернії		1	0
372	Ковельська повітова комісія у справах про вибори в Державну Думу ІІ скликання, м. Ковель Ковельського повіту Волинської губернії		1	0
373	Ковельська повітова комісія у справах про вибори в Державну Думу ІІІ скликання, м. Ковель Ковельського повіту Волинської губернії		1	0
374	Володимир-Волинська повітова комісія у справах про вибори в Державну Думу ІІІ скликання, м. Володимир-Волинськ Володимир-Волинського повіту Волинської губернії		1	0
375	Володимир-Волинська повітова комісія у справах про вибори в Державну Думу ІV скликання, м. Володимир-Волинськ Володимир-Волинського повіту Волинської губернії. Редакція і адміністрація українського ча		1	0
376	Ковельська Редакція і адміністрація українського часопису «Українська громада», м. Луцьк Волинського воєводства". Повітова команда поповнення армії, м. Ковель Ковельського повіту Волинського воєводств		1	0
377	Камінь-Коширське гмінне управління, містечко Камінь-Коширський Камінь-Коширського повіту Поліського воєводства		1	0
378	Камінь-Коширська повітова комунальна ощадна каса, містечко Камінь-Коширський Камінь-Коширського повіту Поліського воєводства		1	0
379	Камінь-Коширський повітовий комунальний союз, містечко Камінь-Коширський Камінь-Коширського повіту Поліського воєводства		1	0
380	Любешівський окружний молочний кооператив „Деревок“ з відповідальністю паями, містечко Любешів Камінь-Коширського повіту Поліського воєводства		1	0
382	Луцька уніатська генеральна духовна консисторія, м. Луцьк Луцького повіту Волинської губернії	1732-1748,1773-1773,1779-1836,1902-1902	4	689
384	Любешівське надлісництво Біловезької дирекції державних лісів		1	0
386	Мировий суддя 5-го округу Пінського повіту, с. Деревок Пінського повіту Поліського воєводства		1	0
387	Мировий суддя 5-го округу Пінського повіту, с. Деревок Пінського повіту Поліського воєводства		1	0
388	Камінь-Коширський гродський суд, містечко Камінь-Коширський КаміньКоширського повіту Поліського воєводства		1	0
389	Ковельська повітова „Просвіта“, м. Ковель Ковельського повіту Волинського воєводства		2	0
390	Володимирське товариство «Просвіта» на Волині, м. Володимир Володимирського повіту Волинського воєводства		1	0
391	Редакція і адміністрація українського часопису «Українська громада», м. Луцьк Волинського воєводства"		1	0
392	Українська книгарня в м. Ковелі Ковельського повіту Волинського воєводства		1	0
393	Судовий слідчий Луцького окружного суду 4-ої дільниці Володимир-Волинського повіту, м. Володимир-Волинськ Володимир-Волинського повіту Волинської губернії		1	0
394	Смідинське сільське управління, с. Смідин Ковельського повіту Волинської губернії		1	0
395	Ковельське відділення Російського торгово-промислового банку, м. Ковель Ковельського повіту Волинської губернії		1	0
397	Луцький відділ еміграційного синдикату, м. Луцьк Волинського воєводства		1	0
398	ІІ окружний кіш українського національного козацького товариства (УНАКОТО), м. Луцьк Волинського воєводства		1	0
399	Луцьке повітове земельне управління, м. Луцьк Волинського воєводства		1	0
400	Володимирське повітове земельне управління, м. Володимир Володимирського повіту Волинського воєводства		2	0
401	Горохівське повітове земельне управління, м. Горохів Горохівського повіту Волинського воєводства		1	113
402	Ковельське повітове земельне управління, м. Ковель Ковельського повіту Волинського воєводства		1	0
405	Любомльське повітове земельне управління, м. Любомль Любомльського повіту Волинського воєводства		2	0
408	Костопольське повітове земельне управління, містечко Костополь Ровенського повіту Волинського воєводства		1	0
409	Луцький загін російських бойскаутів ім. Святого Георгія Побідоносця, м. Луцьк Волинського воєводства		1	0
410	Луцький секретаріат Українського посольського клубу, м. Луцьк Волинського воєводства		1	0
411	Володимир-Волинський земський суд, м. Володимир-Волинськ Володимир-Волинського повіту Волинської губернії		1	0
412	Ковельське окружне управління державного майна, м. Ковель Ковельського повіту Волинської губернії		1	0
413	Ковельська повітова земська управа, м. Ковель Ковельського повіту Волинської губернії		1	0
414	Володимир-Волинська повітова земська управа, м. Володимир-Волинськ Володимир-Волинського повіту Волинської губернії		1	0
416	Пульмівське волосне правління, с. Пульмо Володимир-Волинського повіту Волинської губернії		1	0
417	Колківський постерунок державної поліції, містечко Колки Луцького повіту Волинського воєводства		1	0
418	Цуманський постерунок державної поліції, с. Цумань Луцького повіту Волинського воєводства		1	0
419	Розшукне відділення 27-ої піхотної дивізії, м. Ковель Ковельського повіту Волинського воєводства		1	0
420	Устилузький постерунок державної поліції, містечко Устилуг Володимирського повіту Волинського воєводства		1	0
421	Війницький постерунок державної поліції, с. Війниця Горохівського повіту Волинського воєводства		1	0
422	Радостовський підпостерунок державної поліції, с. Радостов Камінь-Коширського повіту Поліського воєводства		1	0
423	Самарський постерунок державної поліції, с. Самари Камінь-Коширського повіту Поліського воєводства		1	0
424	Любитівський постерунок державної поліції, с. Любитів Ковельського повіту Волинського воєводства		1	0
425	Несухоїженський постерунок державної поліції, містечко Несухоїже Ковельського повіту Волинського воєводства		1	0
426	Турійський постерунок державної поліції, містечко Турійськ Ковельського повіту Волинського воєводства		1	0
427	Управління Луцького повіту Стрілецького союзу, м. Луцьк Волинського воєводства		1	0
428	Володимир-Волинська чотирикласна українська міська школа, м. Володимир-Волинськ Володимир-Волинського повіту Волинської губернії		1	0
429	Володимир-Волинська українська окружна шкільна рада, м. Володимир-Волинськ Володимир-Волинського повіту Волинської губернії		1	0
430	Володимир-Волинський повітовий шкільний інспекторат, м. Володимир-Волинськ Володимир-Волинського повіту Волинської губернії		1	0
432	Грибовицький постерунок державної поліції, с. Грибовиця Володимирського повіту Волинського воєводства		1	0
433	Луцьке міське управління Союзу резервістів, м. Луцьк Волинського воєводства		1	0
434	Луцький військовий спортивний клуб, м. Луцьк Волинського воєводства		1	0
435	Волинська воєводська рада Центрального Союзу осадників, м. Луцьк Волинського воєводства		1	0
436	Управління Голобського відділу ім. Тадеуша Костюшка Стрілецького союзу, с. Голоби Ковельського повіту Волинського воєводства		1	0
437	Управління Голобського відділу ім. Тадеуша Костюшка Стрілецького союзу, с. Голоби Ковельського повіту Волинського воєводства		1	0
439	Управління Горохівського гуртка Приятелів харцерства, м. Горохів Горохівського повіту Волинського воєводства		1	0
440	Луцька повітова організація „Табору національного єднання“, м. Луцьк Волинського воєводства		1	0
441	Управління Луцького гуртка Приятелів харцерства, м. Луцьк Волинського воєводства		1	0
484	Луцький земський суд, м. Луцьк Луцького повіту Волинської губернії		2	0
442	Луцьке повітове управління Союзу резервістів, м. Луцьк Волинського воєводства		1	0
443	Управління Луцького гуртка Союзу офіцерів запасу, м. Луцьк Волинського воєводства		1	0
445	Угриничівське гмінне управління, с. Угриничі Камінь-Коширського повіту Поліського воєводства		1	0
447	Горохівська повітова „Просвіта“, м. Горохів Горохівського повіту Волинського воєводства		1	0
448	Лаврівська філія Луцької повітової „Просвіти“, с. Лаврів Луцького повіту Волинського воєводства		1	0
449	Волинський воєводський громадський комітет зимової допомоги безробітним, м. Луцьк Волинського воєводства		1	0
451	Володимирський постерунок державної поліції, колонія Володимир Володимирського повіту Волинського воєводства		1	0
452	Магістрат містечка Рожище, містечко Рожище Луцького повіту Волинського воєводства		1	0
453	Луцький дільничний виборчий комітет № 4, м. Луцьк Волинського воєводства		1	0
454	Кураторіум Волинського шкільного округу, м. Ровно Ровенського повіту Волинського воєводства	1920-1939	2	9
455	Товариство „Вольт“, м. Луцьк Волинського воєводства		1	0
456	Начальник Ковельської тюрми, м. Ковель Ковельського повіту Волинської губернії		1	0
457	Ковельське залізничне поштове відділення ІІІ відділу перевезення пошти по залізницях, м. Ковель Ковельського повіту Волинської губернії		1	0
458	Луцький міський громадський комітет зимової допомоги безробітним, м. Луцьк Волинського воєводства		1	0
459	Управління Ківерцівського сектора Легіону Волинських повстанців, містечко Ківерці Луцького повіту Волинського воєводства		1	0
460	Ліквідаційна комісія Цивільного управління земель Волині і Подільського фронту		1	0
461	Луцький нижній земський суд, м. Луцьк Луцького повіту Волинської губернії		1	0
462	Звиняченський постерунок державної поліції, с. Звиняче Горохівського повіту Волинського воєводства		1	0
463	Маковичівський постерунок державної поліції, с. Маковичі Ковельського повіту Волинського воєводства		1	0
464	Ковельська повітова організація «Табору національного єднання», м. Ковель Ковельського повіту Волинського воєводства		1	0
465	Управління Волинського округу „Товариства розвитку східних земель“, м. Луцьк Волинського воєводства		1	0
470	Хорохоринський постерунок державної поліції, с. Хорохорин Луцького повіту Волинського воєводства		1	0
471	Ковельський повітовий комітет допомоги офірам повені, м. Ковель Ковельського повіту Волинського воєводства		1	0
472	Луцький прикордонний земельний комісар, м. Луцьк Волинського воєводства		1	0
473	Луцьке повітове фінансове управління, м. Луцьк Волинського воєводства		1	0
475	Боблівський постерунок державної поліції, с. Бобли Ковельського повіту Волинського воєводства		1	0
476	Луцький повітовий комісаріат Цивільного управління східних земель, м. Луцьк		1	0
477	Датинський постерунок державної поліції, с. Датинь Ковельського повіту Волинського воєводства		1	0
478	Ковельське повітове поліцейське управління, м. Ковель Ковельського повіту Волинської губернії		1	0
479	Луцьке повітове поліцейське управління, м. Луцьк Луцького повіту Волинської губернії		1	0
480	Ковельський повітовий стряпчий, м. Ковель Ковельського повіту Волинської губернії		1	0
481	Луцький повітовий стряпчий, м. Луцьк Луцького повіту Волинської губернії		1	0
482	Володимир-Волинський повітовий стряпчий, м. Володимир-Волинськ Володимир-Волинського повіту Волинської губернії		1	0
483	Ковельський земський суд, м. Ковель Ковельського повіту Волинської губернії		1	0
485	Луцький міський магістрат, м. Луцьк Луцького повіту Волинської губернії		1	0
486	Олицька міська ратуша, містечко Олика Дубенського повіту Волинської губернії		2	0
487	Володимирський повітовий акцизний наглядач, м. Володимир-Волинськ Володимир-Волинського повіту Волинської губернії		1	0
488	Ковельський повітовий акцизний наглядач, м. Ковель Ковельського повіту Волинської губернії		1	0
489	Володимир-Волинський нижній земський суд, м. Володимир-Волинськ Володимир-Волинського повіту Волинської губернії		1	0
490	Буцинське поштове відділення, с. Буцин Ковельського повіту Волинської губернії		2	0
491	Ратнівське поштово-телеграфне відділення, містечко Ратно Ковельського повіту Волинської губернії		2	0
492	Володимир-Волинський словесний суд, м. Володимир-Волинськ Володимир-Волинського повіту Волинської губернії		1	0
493	Ковельський словесний суд, м. Ковель Ковельського повіту Волинської губернії		1	0
494	Луцький словесний суд, м. Луцьк Луцького повіту Волинської губернії		1	0
495	Ковельський сирітський суд, м. Ковель Ковельського повіту Волинської губернії		1	0
496	Луцький підкоморський суд, м. Луцьк Луцького повіту Волинської губернії		1	0
497	Ковельський підкоморський суд, м. Ковель Ковельського повіту Волинської губернії		1	0
498	Володимир-Волинська повітова дворянська опіка, м. Володимир-Волинськ Володимир-Волинського повіту Волинської губернії		1	0
499	Ковельська міська управа, м. Ковель Ковельського повіту Волинської губернії		1	0
500	Володимир-Волинський повітовий військовий начальник, м. Володимир-Волинськ Володимир-Волинського повіту Волинської губернії		1	0
506	Володимирський гродський суд, м. Володимир Володимирського повіту Волинського воєводства		2	0
507	Рожищенський гродський суд, містечко Рожище Луцького повіту Волинського воєводства		1	0
516	Володимир-Волинська комісія воєнно-польового суду, м. Володимир-Волинськ Володимир-Волинського повіту Волинської губернії		1	0
518	Судовий слідчий Луцького окружного суду 2-ої дільниці Володимир-Волинського повіту, м. Володимир-Волинськ Володимир-Волинського повіту Волинської губернії		1	0
519	Володимир-Волинський український шкільний комітет, м. Володимир-Волинськ Володимир-Волинського повіту Волинської губернії		1	0
520	Господарсько-споживчий кооператив „Хлібороб“ з обмеженою відповідальністю, с. Новосілки Олеської гміни Володимирського повіту Волинського воєводства		1	0
521	Кам'яно-Коширське поштово-телеграфне відділення, містечко Кам'яно-Коширськ Ковельського повіту Волинської губернії		1	0
522	Степура Григорій, адвокат, м. Луцьк Волинського воєводства		1	0
523	Горохівський повітовий суд		1	1
524	Володимир-Волинський повітовий штаб-лікар, м. Володимир-Волинськ Володимир-Волинського повіту Волинської губернії		1	0
526	Луцька двокласна приватна школа, м. Луцьк Волинського воєводства		1	0
527	Луцька шестикласна російська школа, м. Луцьк Волинського воєводства		1	0
4666	Управління Комітету державної безпеки (КДБ) при Раді Міністрів УРСР по Волинській області, м. Луцьк Волинської області		4	4242
Р3247	Відділ запису актів громадянського стану (РАЦС) м. Луцьк Волинської області	1940-1943	2	2083
Р82	Володимир-Волинська міська управа	1940-1941	1	5
618			1	0
3247			0	0
735			1	20
69	Луцька жіноча гімназія А.М.Коленко, м. Луцьк Волинського воєводства		1	0
284	Дрогон Юзеф, нотаріус, м. Володимир Володимирського повіту Волинського округу		1	5
501	Волинська окружна дирекція відбудови, м. Луцьк Волинського воєводства		1	0
502	Володимирський повітовий кооперативний банк з обмеженою відповідальністю, м. Володимир Володимирського повіту Волинського воєводства		1	0
503	Горохівський повітовий український кооперативний банк з обмеженою відповідальністю, м. Горохів Горохівського повіту Волинського воєводства		1	0
505	Локачинський гродський суд, містечко Локачі Горохівського повіту Волинського воєводства		1	0
Н155	Луцький торговельно-промисловий банк, м. Луцьк		0	0
Н156	Волинська спілка млинів, м. Луцьк		0	0
Н157	Луцька районна служба порятунку, м. Луцьк		0	0
Н158	Технічно-торговельне бюро «Енергія», м. Луцьк		0	0
Н159	Піддубцівська районна управа, с. Піддубці		0	0
Н69	«Німецька українська газета», м.Луцьк		0	0
Р1051	Буківська сільська Рада депутатів трудящих		0	0
Р1052	Воротнівська сільська Рада депутатів трудящих		0	0
Р1054	Голишівська сільська Рада депутатів трудящих		0	0
Р1105	Кладнівська сільська Рада депутатів трудящих		0	0
Р1106	Коритницька сільська Рада депутатів трудящих		0	0
Р1107	Мосирська сільська Рада депутатів трудящих		0	0
Р1108	Селісківська сільська Рада депутатів трудящих		0	0
Р1279	Колгосп імені Кагановича, с. Хмельницьке		0	0
Р1337	Колгосп імені Свердлова, с. Полюхне		0	0
Р1338	Колгосп імені Хрущова, с. Боремщина		0	0
Р1399	Будківська сільська рада		0	0
Р1684	Селянська спілка «Червона калина», с. Лобачівка		0	0
Р1685	Селянська спілка «Батьківщина», с. Бужани		0	0
Р1686	Колгосп імені Молотова, с. Зелене		0	0
Р1687	Колгосп «Нове життя», с. Гупали		0	0
Р796	Масловецька сільська Рада депутатів трудящих		0	0
Р797	Опалинська сільська Рада депутатів трудящих		0	0
Р798	Перекірська сільська Рада депутатів трудящих		0	0
Р799	Полапівська сільська рада		0	0
Р8	Луцький міський військовий комісаріат		0	0
Р800	Рівненська сільська рада		0	0
Р801	Старогутівська сільська рада		0	0
Р866	Колгосп імені Лесі Українки, с. Шепель		0	0
Р926	Луцька машинно-тракторна станція (МТС)		0	0
Р928	Теремнівський районний шляховий відділ		0	0
Р929	Ставківська сільська Рада депутатів трудящих		0	0
113			1	1
275			1	1
116			1	1
334			1	1
104			1	1
105			1	1
127			1	1
101			1	1
Н171	Луцький відділ Союзу пасічників для Волині й Поділля, м. Луцьк		0	0
Н2	Луцький окружний комісаріат, м.Луцьк		0	0
Н317	Молочарський союз на Волині, м. Луцьк		0	0
Н363	Окружна друкарня в м. Луцьку		0	0
3618	Товариство "Волинь", науково-дослідна установа Інститут Дослідів Волині, м. Вінніпег, провінція Манітоба, Канада		0	0
Н1	Луцька міська управа, м.Луцьк		0	0
Н1027	Луцька початкова школа №5, м. Луцьк		0	0
Н1094	Локачинська районна управа, м. Локачі		0	0
Н141	Ковельський гебітскомісаріат, м. Ковель		0	0
Н143	Волинська рибна контора генерал-комісаріату Волині і Поділля, м. Луцьк		0	0
Н144	Луцька контора закупівлі та збуту, м. Луцьк		0	0
Н146	Луцька поштова контора, м. Луцьк		0	0
Н147	Олицька районна управа, с. Олика		0	0
Н148	Любомльська районна управа, с. Любомль		0	0
Н149	Голобська районна управа, с. Голоби		0	0
Н150	Шацька районна управа, с. Шацьк		0	0
Н70	Луцьке відділення товариства «Украін-фільм», м. Луцьк		0	0
Н71	Луцький мировий суд, м Луцьк		0	0
Н74	Луцька районна управа, м Луцьк		0	0
Н75	Рожищенська районна управа, с. Рожище		0	0
Н76	Ківерцівська районна управа, м. Ківерці		0	0
Н77	Цуманська районна управа, с. Цумань		0	0
Н78	Колківська районна управа, с. Колки		0	0
Н79	Сенкевичівська районна управа, с. Сенкевичівка		0	0
Н80	Волинський сільськогосподарський банк, м Луцьк		0	0
Н81	Ратнівська районна управа, с. Ратне		0	0
Н82	Володимир-Волинська міська управа, м. Володимир-Волинський		1	5
Н83	Оберфельдкомендатура 579, м Луцьк		0	0
Н84	Торчинська районна управа, с. Торчин		0	0
Н85	Турійська районна управа, с. Турійськ		0	0
Н86	Горохівська районна управа, м. Горохів		0	0
Н87	Обласна управа в Луцьку, м Луцьк		0	0
Н88	Берестечківська районна управа, с. Берестечко		0	0
Н89	Організація Тодта, м Луцьк		0	0
Н90	Луцька міська електростанція, м Луцьк		0	0
Н95	Луцький міський водоканал, м Луцьк		0	0
Н96	Луцька окружна санітарна бактеріологічна лабораторія, м. Луцьк		0	0
Н97	Міська команда служби порядку в Луцьку, м Луцьк		0	0
Н98	Луцький міський водоканал, м Луцьк		0	0
Н99	Володимир-Волинська міська електростанція, м. Володимир-Волинський, м Луцьк		0	0
П1	Волинський обласний комітет Комуністичної партії України (обком КПУ), м. Луцьк Волинської області		0	0
П10	Ковельський районний комітет Комуністичної партії України (райком КПУ),м. Ковель Волинської області		0	0
П11	Ківерцівський райком КПУ		0	0
П12	Колківський райком КПУ		0	0
П13	Камінь-Каширський райком КПУ		0	0
П14	Локачинський райком КПУ		0	0
П15	Луцький райком КПУ		0	0
П16	Любешівський райком КПУ		0	0
П17	Любомльський райком КПУ		0	0
П18	Луківський райком КПУ		0	0
П19	Маневицький райком КПУ		0	0
П2	Берестечківський районний комітет Комуністичної партії України (райком КПУ), м. Берестечко Берестечківського району Волинської області		0	0
П20	Оваднівський райком КПУ		0	0
П21	Олицький райком КПУ		0	0
П22	Ратнівський райком КПУ		0	0
П23	Рожищенський райком КПУ		0	0
П3	Володимир-Волинський районний комітет Комуністичної партії України (райком КПУ), м. Володимир-Волинський Володимир-Волинського району Волинської області		0	0
П4	Голобський районний комітет Комуністичної партії України (райком КПУ), смт Голоби Голобського району Волинської області		0	0
П5	Головнянський районний комітет Комуністичної партії України (райком КПУ), смт Головне Головнянського району Волинської області		0	0
П6	Горохівський районний комітет Комуністичної партії України (райком КПУ), м. Горохів Горохівського району Волинської області		0	0
П7	Заболоттівський районний комітет Комуністичної партії України (райком КПУ), селище Заболоття, з 1957р. - смт Заболоття Заболоттівського району Волинської області		0	0
Р1053	Гіркополонківська сільська Рада народних депутатів		0	0
П8	Затурцівський районний комітет Комуністичної партії України (райком КПУ), с. Затурці Затурцівського району Волинської області		0	0
П9	Іваничівський районний комітет Комуністичної партії України (райком КПУ)		0	0
Р10	Управління уповноваженого Міністерства заготівель СРСР по Волинській області		0	0
Р100	Міська електростанція м. Володимир-Волинський		0	0
Р1000	Луцький районний промисловий комбінат споживчих товариств		0	0
Р1001	Олицький районний промисловий комбінат		0	0
Р1005	Ковельський районний відділ будівництва і експлуатації шосейних шляхів		0	0
Р1006	Ковельська машинно-тракторна станція (МТС)		0	0
Р1007	Ковельський лісгоспзаг		0	0
Р1008	Відділ народної освіти виконкому Голобської районної Ради депутатів трудящих		0	0
Р1009	Голобська машинно-тракторна станція (МТ10)		0	0
Р101	Луцька кооперативно-промислова артіль інвалідів «Вільна праця»		0	0
Р1011	Колгосп імені Чкалова, с. Ворона		0	0
Р1012	Колгосп імені Суворова, с. Мощена		0	0
Р1013	Колгосп імені Тимошенка, с. Грушівка		0	0
Р1014	Колгосп імені Ілліча, с. Рокитниця		0	0
Р1015	Колгосп «Шлях до комунізму», с. Черкаси		0	0
Р1018	Волинська міжобласна каса взаємного страхування кооперації інвалідів «Міжоблінстрахкаса»		0	0
Р1019	Ковельський міжрайонний державний інспектор по визначенню урожайності		0	0
Р1021	Волинський провід Організації Українських Націоналістів (ОУН)		0	0
Р1024	Хопнівська сільська Рада депутатів трудящих		0	0
Р1025	Острівська сільська Рада депутатів трудящих		0	0
Р1026	Йосипівська сільська Рада депутатів трудящих		0	0
Р1028	Волинська середня сільськогосподарська школа по підготовці голів колгоспів		0	0
Р1029	Любешівська районна рада		0	0
Р1030	Любешівський районний відділ статистики		0	0
Р1031	Відділ освіти Любешівської районної державної адміністрації		0	0
Р1032	Любешівський районний відділ по будівництву в колгоспах		0	0
Р1033	Любешівський районний відділ комунального господарства		0	0
Р1034	Фінансовий відділ виконкому Любешівської районної Ради народних депутатів		0	0
Р1035	Колгосп імені Дзержинського, с. Жуковець		0	0
Р1036	Колгосп мені Ватутіна, с. Кошів		0	0
Р1037	Колективне сільськогосподарське підприємство (КСП) «Дружба», с. Воютин		0	0
Р1038	Селянська спілка «Волинь», с. Ватин		0	0
Р1039	Колективне сільськогосподарське підприємство (КСП) імені Мічуріна, с. Садів		0	0
Р1040	Волинське обласне мисливсько-рибальське виробниче об’єднання		0	0
Р1041	Воютинська сільська Рада народних депутатів		0	0
Р1042	Первомайське лісове промислове господарство (ліспромгосп)		0	0
Р1043	Товариство з обмеженою відповідальністю «Волинський річковий порт»		0	0
Р1044	Військово-відбудовчий загін №19 Дніпро-Двінського військово-відбудовчого управління		0	0
Р1047	Новоград-Волинська лісозаготівельна дільниця		0	0
Р1048	Коростенська лісозаготівельна дільниця		0	0
Р1049	Володимир-Волинський міський відділ комунального господарства		0	0
Р1050	Ботинська сільська Рада депутатів трудящих		0	0
Р1055	Городищенська сільська Рада депутатів трудящих		0	0
Р1056	Княгинінська сільська Рада депутатів трудящих		0	0
Р1057	Липинська сільська Рада народних депутатів		0	0
Р1058	Маяківська сільська рада		0	0
Р1059	Мстишинська сільська Рада депутатів трудящих		0	0
Р1060	Новокотівська сільська Рада депутатів трудящих		0	0
Р1061	Оздівська сільська Рада депутатів трудящих		0	0
Р1062	Пілганівська сільська Рада депутатів трудящих		0	0
Р1063	Рокинівська сільська Рада народних депутатів		0	0
Р1064	Кічкарівська сільська Рада депутатів трудящих		0	0
Р1065	Полонківська сільська Рада депутатів трудящих		0	0
Р1066	Сирниківська сільська Рада народних депутатів		0	0
Р1067	Відділ охорони здоров’я виконкому Горохівської районної Ради депутатів трудящих		0	0
Р1068	Горохівський районний промисловий комбінат		0	0
Р1069	Колгосп «Червона зоря», с. Красів		0	0
Р1070	Берестечківська машинно-тракторна станція (МТС)		0	0
Р1071	Берестечківський районний промисловий комбінат		0	0
Р1072	Відділ охорони здоров’я виконкому Берестечківської районної Ради депутатів трудящих		0	0
Р1073	Берестечківський районний харчовий комбінат		0	0
Р1074	Відділ народної освіти виконкому Берестечківської районної Ради депутатів трудящих		0	0
Р1075	Берестечківська районна інспектура Центрального статистичного управління при Раді Міністрів СРСР		0	0
Р1076	Сенкевичівська районна спілка споживчих товариств (райспоживспілка)		0	0
Р1077	Сенкевичівський районний промисловий комбінат		0	0
Р1078	Сенкевичівський районний відділ по будівництву в колгоспах		0	0
Р1079	Сенкевичівська районна інспектура Центрального статистичного управління при Раді Міністрів СРСР		0	0
Р1080	Колгосп «Нове життя», с. Садів		0	0
Р1081	Колективне сільськогосподарське підприємство (КСП) «Волинь», с. Смолигів, с. Сарнівка		0	0
Р1082	Колгосп «Червона Україна», с. Чехівщина		0	0
Р1083	Колгосп імені Леніна, с. Ворончин		0	0
Р1084	Колективне сільськогосподарське підприємство (КСП) «8 Березня», с. Зубильне		0	0
Р1085	Колгосп «До нового життя», с. Студині		0	0
Р1086	Колгосп «30-річчя Жовтня», с. Студині		0	0
Р1088	Колодіївська сільська Рада депутатів трудящих		0	0
Р1090	Майданська сільська Рада депутатів трудящих		0	0
Р1091	Набрусківська сільська Рада депутатів трудящих		0	0
Р1092	Гнідавська сільська Рада депутатів трудящих		0	0
Р1093	Луцький районний відділ статистики		0	0
Р1095	Луцька польська середня школа №3		0	0
Р1097	Виконавчий комітет Устилузької районної Ради депутатів трудящих		0	0
Р1099	Володимир-Волинський районний промисловий комбінат		0	0
Р11	Фінансовий відділ виконкому Луцької міської ради		0	0
Р1100	Володимир-Волинський районний харчовий комбінат		0	0
Р1102	Відділ охорони здоров’я виконкому Устилузької районної Ради депутатів трудящих		0	0
Р1103	Устилузька районна спілка споживчих товариств (райспоживспілка)		0	0
Р1104	Ворчинська сільська Рада депутатів трудящих		0	0
Р1109	Стенжаричівська сільська Рада народних депутатів		0	0
Р1110	Тростянківська сільська Рада депутатів трудящих		0	0
Р1111	Турівківська сільська Рада депутатів трудящих		0	0
Р1112	Ковельський міський харчовий комбінат		0	0
Р1114	Колективне сільськогосподарське підприємство (КСП) імені Васюти, с. Уховецьк		0	0
Р1115	Ківерцівський районний промисловий комбінат		0	0
Р1116	Ківерцівський районний харчовий комбінат		0	0
Р1117	Улянівська сільська Рада депутатів трудящих		0	0
Р1118	Гущанська сільська Рада депутатів трудящих		0	0
Р1119	Підліська сільська Рада депутатів трудящих		0	0
Р1120	Колективне сільськогосподарське підприємство (КСП) «Волинь» с. Козлів		0	0
Р1121	Жалобівська сільська Рада депутатів трудящих		0	0
Р1122	Ольганівська сільська Рада депутатів трудящих		0	0
Р1125	Валер’янівська сільська Рада депутатів трудящих		0	0
Р1126	Вовнянківська сільська Рада депутатів трудящих		0	0
Р1128	Любомльський районний відділ шляхового і транспортного господарства		0	0
Р1129	Відділ охорони здоров’я виконкому Любомльської районної Ради депутатів трудящих		0	0
Р1130	Любешівський районний промисловий комбінат		0	0
Р1133	Гуто-Камінська сільська Рада депутатів трудящих		0	0
Р1134	Довгонивська сільська Рада депутатів трудящих		0	0
Р1136	Полоцька сільська Рада народних депутатів		0	0
Р1137	Рудко-Червинська сільська Рада депутатів трудящих		0	0
Р1139	Дмитрівська сільська Рада депутатів трудящих		0	0
Р1140	Копачівська сільська Рада народних депутатів		0	0
Р1141	Кременецька сільська Рада народних депутатів		0	0
Р1143	Колгосп «Вперед» с. Северинівка		0	0
Р1144	Колгосп імені Кагановича с. Грив’ятки		0	0
Р1145	Колгосп імені Куйбишева с. Заячівка		0	0
Р1146	Колгосп «Перемога» с. Луківка		0	0
Р1147	Колгосп «Світанок» с. Соб’ятин		0	0
Р1148	Ломачанківська сільська Рада депутатів трудящих		0	0
Р1150	Колгосп «Шлях Леніна» с. Горно		0	0
Р1151	Колгосп імені Андрєєва с. Вовчицьк		0	0
Р1153	Затурцівська сільська Рада народних депутатів		0	0
Р1154	Береська сільська рада		0	0
Р1155	Ворончинська сільська Рада народних депутатів		0	0
Р1156	Студинівська сільська Рада депутатів трудящих		0	0
Р1158	Кошівська сільська Рада депутатів трудящих		0	0
Р1159	Садівська сільська рада		0	0
Р1160	Шепельська сільська Рада народних депутатів		0	0
Р1162	Радгосп «Правда» с. Затурці		0	0
Р1163	Колгосп імені Ворошилова с. Боратин		0	0
Р1164	Колгосп імені Лесі Українки с. Сьомаки		0	0
Р1165	Колгосп імені Шевченка с. Усичі		0	0
Р1166	Колективне сільськогосподарське підприємство (КСП) «Світанок», с. Хорохорин		0	0
Р1167	Райхлібторг Володимир-Волинської райспоживспілки		0	0
Р1168	Луцький автомобільний завод		0	0
Р1169	Доросинівська сільська Рада народних депутатів		0	0
Р1170	Линівська сільська Рада депутатів трудящих		0	0
Р1171	Милославська сільська Рада депутатів трудящих		0	0
Р1172	Волинська обласна рада Добровільного спортивного товариства «Урожай»		0	0
Р1174	Озерянська сільська Рада депутатів трудящих		0	0
Р1175	Суховільська сільська Рада депутатів трудящих		0	0
Р1176	Камінь-Каширський районний промисловий комбінат		0	0
Р1177	Колгосп імені Кутузова с. Озютичі		0	0
Р1178	Старовижівська районна рада		0	0
Р1179	Виконавчий комітет Заболоттівської районної Ради депутатів трудящих		0	0
Р1180	Колгосп імені Будьонного с. Мар’янівка		0	0
Р1181	Колгосп імені Щорса с. Богушівка		0	0
Р1182	Колгосп імені Богдана Хмельницького с. Навіз		0	0
Р1183	Колгосп імені Кагановича с. Великі Березолупи		0	0
Р1184	Колгосп «Комуніст» с. Великі Березолупи		0	0
Р1185	Колгосп імені Мічуріна с. Березолуки		0	0
Р1186	Колгосп імені Івана Франка с. Кроватка		0	0
Р1187	Колгосп імені Котовського с. Станіславівка		0	0
Р1188	Колгосп «Прогрес» с. Мильськ		0	0
Р1189	Колгосп імені Леніна с. Оленівка		0	0
Р1190	Колгосп «Комсомолець» с. Пожарки		0	0
Р1192	Немирська сільська Рада народних депутатів		0	0
Р1193	Колгосп «50-річчя Жовтня» с. Вітоніж		0	0
Р1194	Колгосп імені Дзержинського с. Облапи		0	0
Р1196	Колективне сільськогосподарське підприємство (КСП) «Дрозднівське» с. Дроздні		0	0
Р1197	Колгосп «Україна» с. Бахів		0	0
Р1198	Турійська районна рада		0	0
Р1199	Виконавчий комітет Луківської районної Ради депутатів трудящих		0	0
Р12	Відділ соціального забезпечення виконкому Луцької міської Ради депутатів трудящих		0	0
Р1201	Група комісії Державного контролю Ради Міністрів УРСР по Волинській області		0	0
Р1202	Локачинська районна рада		0	0
Р1203	Виконавчий комітет Оваднівської районної Ради депутатів трудящих		0	0
Р1204	Виконавчий комітет Шацької районної Ради депутатів трудящих		0	0
Р1206	Горлінська Анастасія Євтихіївна (1917–1993) - новатор сільськогосподарського виробництва, доярка колгоспу, Герой Соціалістичної Праці		0	0
Р1207	Смірнова Ганна Максимівна (1918–1991) - новатор сільськогосподарського виробництва, ланкова колгоспу, Герой Соціалістичної Праці		0	0
Р1208	Кожан Марія Микитівна (1920–1967) - новатор сільськогосподарського виробництва, ланкова колгоспу, Герой Соціалістичної Праці		0	0
Р1209	Виконавчий комітет Берестечківської районної Ради депутатів трудящих		0	0
Р121	Торчинська лісопромислова артіль «Вільна праця»		0	0
Р1210	Вигуричівська сільська Рада депутатів трудящих		0	0
Р1211	Городищенська II сільська Рада депутатів трудящих		0	0
Р1212	Григоровичівська сільська Рада депутатів трудящих		0	0
Р1213	Волинське дослідно-експериментальне кооперативне об’єднання рибного господарства «Волиньрибгосп»		0	0
Р1214	Киязька сільська Рада депутатів трудящих		0	0
Р1216	Малоберезолупська сільська Рада депутатів трудящих		0	0
Р1217	Колгосп імені Калініна с. Озерці		0	0
Р1218	Колгосп імені Куйбишева с. Жолобове		0	0
Р1219	Колгосп імені Хрущова с. Баб’є		0	0
Р1221	Волинська обласна державна інспекція по якості насіння сільськогосподарських культур		0	0
Р1222	Представник Ради по справах колгоспів при Керівництві СРСР по Волинській області		0	0
Р1223	Волинське обласне управління в справах мисливського господарства		0	0
Р1224	Відділ соціально-економічного розвитку Луцької районої державної адміністрації		0	0
Р1225	Планова комісія виконкому Теремнівської районної Ради депутатів трудящих		0	0
Р1226	Наталинська сільська Рада депутатів трудящих		0	0
Р1227	Волинський обласний комітет профспілки працівників торгівлі і громадського харчування		0	0
Р123	Волинська обласна спілка кооперації інвалідів «Облкоопінспілка»		0	0
Р1230	Іваномислівська сільська Рада депутатів трудящих		0	0
Р1231	Малоголобівська сільська Рада депутатів трудящих		0	0
Р1232	Фаринківська сільська Рада депутатів трудящих		0	0
Р1234	Колгосп «Ленінський шлях» м. Камінь-Каширський		0	0
Р1235	Колгосп імені Кірова с. Воля		0	0
Р1236	Колгосп «Червоний партизан» с. Грива		0	0
Р1237	Ставищенська сільська Рада депутатів трудящих		0	0
Р1238	Відділ культури виконкому Торчинської районної Ради депутатів трудящих		0	0
Р1239	Відділ культури виконкому Затурцівської районної Ради депутатів трудящих		0	0
Р1240	Торчинський районний відділ по будівництву в колгоспах		0	0
Р1241	Рожищенський районний промисловий комбінат		0	0
Р1242	Торчинський районний промисловий комбінат		0	0
Р1243	Духченська сільська Рада депутатів трудящих		0	0
Р1244	Сокільська сільська Рада народних депутатів		0	0
Р1245	Колгосп імені Жданова с. Вишеньки		0	0
Р1246	Колгосп «Ленінський шлях» с. Носачевичі		0	0
Р1247	Колгосп «Заповіт Ілліча» с. Кременець		0	0
Р1248	Торчинська міжгосподарська пересувна механізована колона		0	0
Р1249	Теклинська сільська Рада депутатів трудящих		0	0
Р1252	Височнецька сільська Рада народних депутатів		0	0
Р1253	Державний арбітражний суд Волинської області Вищого арбітражного суду України		0	0
Р1254	Станіславівська сільська Рада депутатів трудящих		0	0
Р1255	Адамівська сільська Рада депутатів трудящих		0	0
Р1256	Комарівська сільська Рада депутатів трудящих		0	0
Р1257	Мостищенська сільська Рада депутатів трудящих		0	0
Р1258	Доманівська сільська Рада депутатів трудящих		0	0
Р1259	Підрічанська сільська Рада депутатів трудящих		0	0
Р1260	Лучичівська сільська Рада депутатів трудящих		0	0
Р1266	Луківська машинно-тракторна станція (МТС)		0	0
Р1267	Луківський районний промисловий комбінат		0	0
Р1268	Колгосп «Перше травня» с. Кути		0	0
Р1269	Замлинська сільська Рада депутатів трудящих		0	0
Р1270	Нариси з історії міст і сіл Волинської області		0	0
Р1271	Горохівська районна державна нотаріальна контора		0	0
Р1273	Колгосп імені Ілліча с. Хорів		0	0
Р1274	Колгосп імені Енгельса, с. Довгів		0	0
Р1275	Колгосп імені Кутузова, с. Журавники		0	0
Р1276	Колгосп «Червона Зірка», с. Антонівка		0	0
Р1277	Агрофірма «Незалежність», с. Галичани		0	0
Р1278	Колгосп «Комінтерна», с. Борисковичі		0	0
Р1280	Колгосп імені Шверника, с. Волиця Дружкопільська		0	0
Р1281	Колгосп імені Фрунзе, с. Новий Зборишів		0	0
Р1282	Маневицький районний відділ кінофікації		0	0
Р1283	Відділ освіти Маневицької районної державної адміністрації		0	0
Р1284	Відділ культури Маневицької районної державної адміністрації		0	0
Р1285	Відділ освіти Володимир-Волинської районної державної адміністрації		0	0
Р1290	Відділ освіти Локачинської районної державної адміністрації		0	0
Р1292	Редакція газети «Шахтар Волині»		0	0
Р1293	Локачинський районний промисловий комбінат		0	0
Р1294	Колективне сільськогосподарське підприємство (КСП) «Слава», с.Крухиничі		0	0
Р1295	Колгосп імені Чапаєва, с. Хорів		0	0
Р1296	Колгосп «Перше травня» с. Новий Загорів		0	0
Р1298	Корчунська сільська Рада депутатів трудящих		0	0
Р1299	Дубниківська сільська Рада депутатів трудящих		0	0
Р13	Управління соціального захисту населення Волинської обласної державної адміністрації		0	0
Р1300	Людмильпільська сільська Рада депутатів трудящих		0	0
Р1301	Маркелівська сільська Рада депутатів трудящих		0	0
Р1302	Могильненська сільська Рада депутатів трудящих		0	0
Р1303	Колгосп імені Шевченка, с. Озерці		0	0
Р1304	Колгосп «Нове село», с. Звиняче		0	0
Р1305	Колгосп імені Чкалова, с. Охлопів		0	0
Р1306	Агроасоціація «Озірці», с. Озерці		0	0
Р1307	Колгосп імені Івана Франка, с. Новосілки		0	0
Р1308	Асоціація «Промінь», с. Новосілки		0	0
Р1309	Колгосп імені Калініна, с. Угів		0	0
Р1310	Колгосп імені Дзержинського, м.Горохів		0	0
Р1311	Колгосп «Зоря Востока», с. Сільце		0	0
Р1312	Колгосп «Іскра», с. Козятин		0	0
Р1313	Колгосп імені Карла Маркса, с. Терешківці		0	0
Р1314	Колгосп «Перше травня», с. Марковичі		0	0
Р1315	Селянська спілка «Україна», с. Вільхівка		0	0
Р1316	Колгосп імені Калініна, с. Раймісто		0	0
Р1317	Колективне сільськогосподарське підприємство (КСП) «Світанок», с. Щурин		0	0
Р1318	Колгосп імені Сталіна, с. Ясенівка		0	0
Р1319	Богушівська сільська Рада депутатів трудящих		0	0
Р1321	Агроспілка «Слава», с. Стрільче		0	0
Р1322	Колгосп «30 років Радянської України», с. Пірванче		0	0
Р1323	Колгосп імені Ворошилова, с. Мар’янівка		0	0
Р1324	Колгосп «Радянська Україна», с. Соловичі		0	0
Р1325	Колгосп «Іскра», с. Осьмиговичі		0	0
Р1326	Відділ культурно-освітньої роботи виконкому Маневицької районної Ради депутатів трудящих		0	0
Р1328	Колгосп «Червона Україна», с. Линівк		0	0
Р1329	Єлизаветинська сільська Рада депутатів трудящих		0	0
Р1330	Колгосп імені Хрущова, с. Звірів		0	0
Р1331	Відділ культури виконкому Колківської районної Ради депутатів трудящих		0	0
Р1332	Колгосп «ХХ з’їзду КПРС», с. Охлопів		0	0
Р1333	Селянська спілка «Луга», с. Лемешів		0	0
Р1334	Колгосп імені Столярчука, с. Підбереззя		0	0
Р1335	Селянська спілка «Рачин», с. Рачин		0	0
Р1336	Радгосп «Прогрес», с. Мирків		0	0
Р1339	Відділ торгівлі виконкому Любомльської районної Ради депутатів трудящих		0	0
Р1340	Колгосп імені Кірова, с. Застав’є		0	0
Р1342	Колгосп «Дружба», с. Хворостів		0	0
Р1343	Колгосп імені Пархоменка, с. Зачернеччя		0	0
Р1344	Колгосп імені Кірова, с. Звиняче		0	0
Р1345	Колгосп імені Богдана Хмельницького, с. Мислині		0	0
Р1346	Колгосп «Волинь», с. Скобелка		0	0
Р1347	Колгосп «100-річчя В. І. Леніна», с. Печихвости		0	0
Р1348	Селянська спілка «Хлібороб», с. Квасів		0	0
Р1349	Колгосп «Паризької Комуни», с. Божів		0	0
Р1350	Колгосп «17 Вересня», с. Холонів		0	0
Р1351	Волинська обласна державна телерадіокомпанія		0	0
Р1352	Володимир-Волинська однорічна сільськогосподарська школа по підготовці рахівників і бухгалтерів колгоспів		0	0
Р1353	Пісківська сільська рада		0	0
Р1354	Перемильська сільська Рада народних депутатів		0	0
Р1355	Журавниківська сільська Рада народних депутатів		0	0
Р1357	Новозборишівська сільська Рада депутатів трудящих		0	0
Р1358	Липська сільська Рада депутатів трудящих		0	0
Р1359	Хмельницька сільська Рада депутатів трудящих		0	0
Р1360	Довгівська сільська Рада депутатів трудящих		0	0
Р1363	Антонівська сільська Рада депутатів трудящих		0	0
Р1364	Дружкопільська сільська Рада депутатів трудящих		0	0
Р1366	Колгосп імені Ворошилова, с. Тростянка		0	0
Р1367	Колгосп імені Дзержинського, с. Озденіж		0	0
Р1369	Колгосп імені Кірова, с. Ясенівка		0	0
Р1370	Грушівська сільська Рада депутатів трудящих		0	0
Р1371	Кречівська сільська Рада депутатів трудящих		0	0
Р1373	Хрипаличівська сільська Рада депутатів трудящих		0	0
Р1374	П’ятиднівська сільська Рада народних депутатів		0	0
Р1375	П’ятиднівська сільська Рада депутатів трудящих		0	0
Р1376	Оваднівський районний відділ шляхового і транспортного господарства		0	0
Р1377	Локачинський районний відділ будівництва і експлуатації шосейнихшляхів		0	0
Р1378	Ватинецька сільська Рада депутатів трудящих		0	0
Р1379	Твориничівська сільська Рада депутатів трудящих		0	0
Р1380	Заячицівська сільська Рада народних депутатів		0	0
Р1381	Кутівська сільська Рада депутатів трудящих		0	0
Р1384	Колківська районна спілка споживчих товариств (райспоживспілка)		0	0
Р1386	Колківська районна редакція «Червоне село»		0	0
Р1387	Волинське обласне виробниче об’єднання пасажирського автотранспорту «Волиньпасавтотранс» 30200		0	0
Р1388	Баб’їнська сільська Рада депутатів трудящих		0	0
Р1390	Колгосп «Перемога», с. Переспа		0	0
Р1391	Колгосп імені Свердлова, с. Сокіл		0	0
Р1392	Колківський районний відділ шляхового і транспортного господарства		0	0
Р1393	Колгосп імені Шевченка, с. Череваха		0	0
Р1394	Колгосп «Перше травня», с. Мар’янівка		0	0
Р1395	Ситницька сільська Рада депутатів трудящих		0	0
Р1396	Колгосп імені Жданова, с. Бережниця		0	0
Р1397	Колгосп імені Чкалова, с. Іванівка		0	0
Р1398	Колгосп імені Калініна, с. Пісочне		0	0
Р14	Волинська обласна дирекція Національної акціонерної страхової компанії «Оранта»		0	0
Р1400	Колківський районний відділ комунального господарства		0	0
Р1401	Колгосп «Комуніст», с. Поворськ		0	0
Р1402	Пожарківська сільська Рада народних депутатів		0	0
Р1404	Колгосп імені Ватутіна, с. Тойкут		0	0
Р1405	Колгосп «Перемога», с. Лапні		0	0
Р1406	Колективне сільськогосподарське підприємство (КСП) «Світанок», с. Скулин		0	0
Р1407	Колгосп імені Богдана Хмельницького, с. Стеблі		0	0
Р1408	Колгосп імені Щорса, с. Любохини		0	0
Р1409	Колгосп «Любохинський», с. Любохини		0	0
Р1410	Колгосп «Паризької комуни», с. Брунетівка		0	0
Р1411	Колективне сільськогосподарське підприємство (КСП) «Смолярівське», с. Смоляри		0	0
Р1412	Колгосп «Перше травня», с. Залюття		0	0
Р1413	Колективне сільськогосподарське підприємство (КСП) «Дружба», с. Галина Воля		0	0
Р1414	Колгосп «Білорусь», с. Гута		0	0
Р1415	Колгосп імені Кірова, с. Галина Воля		0	0
Р1416	Колгосп імені Шевченка, с. Текля		0	0
Р1417	Колгосп «Перемога», с. Чевель		0	0
Р1418	Колгосп імені Шевченка, с. Шкроби		0	0
Р1419	Колгосп імені Чапаєва, с. Замшани		0	0
Р1420	Колгосп імені Молотова, с. Лютка		0	0
Р1421	Колгосп імені Тимошенка, с. Соколище		0	0
Р1422	Об’єднання власників селянських господарств «Волинь», с. Глухи		0	0
Р1424	Колгосп «Зоря комунізму», с. Мильці		0	0
Р1425	КСП «Зоря», с. Соколище		0	0
Р1427	Колгосп «Перемога», с. Котів		0	0
Р1428	КСП «Україна», с. Баїв		0	0
Р1429	Колгосп імені Кутузова, с. Боголюби		0	0
Р1430	Колгосп «Нове життя», с. Забороль		0	0
Р1432	КСП «Забілля», с. Кричевичі		0	0
Р1435	Колгосп «Правда», с. Граддя		0	0
Р1436	Колгосп «Нове життя», с. Довжиця		0	0
Р1437	Колгосп імені Кірова, с. Розничі		0	0
Р1438	Боровичівська сільська рада		0	0
Р1439	Колгосп «Жовтневої революції», с. Добре		0	0
Р1440	Колгосп «Україна», с. Прохід		0	0
Р1441	Колгосп «Україна», с. Комарове		0	0
Р1442	Колгосп імені Чапаєва, с. Старі Кошари		0	0
Р1443	Колгосп імені Рокоссовського, с. Нові Кошари		0	0
Р1444	КСП імені Сагайдачного, с. Старі Кошари		0	0
Р1445	Колгосп імені Чкалова, с. Краснодуби		0	0
Р1447	Обласний художньо-виробничий комбінат Волинської організації Спілки художників України		0	0
Р1448	Оленівська сільська Рада депутатів трудящих		0	0
Р1450	Колгосп імені Ватутіна, с. Топільне		0	0
Р1451	Торчинський районний відділ шляхового і транспортного господарства		0	0
Р1452	Фінансовий відділ виконкому Берестечківської районної Ради депутатів трудящих		0	0
Р1454	Фінансовий відділ виконкому Сенкевичівської районної Ради депутатів трудящих		0	0
Р1457	Колгосп «Росія», с. Мирне		0	0
Р1458	КСП «8 Березня», с. Чаруків		0	0
Р1459	Селянська спілка «Шклинь», с. Шклинь		0	0
Р1460	Сільськогосподарська артіль (колгосп) «Радянський селянин», с. Сергіївка Сенкевичівського району Волинської області		0	0
Р1461	Сільськогосподарська артіль (колгосп) імені Першого травня, Городищенської сільської Ради Сенкевичівського району Волинської області		0	0
Р1462	Сільськогосподарська артіль (колгосп) імені Карла Маркса Вигуричівської сільської Ради Сенкевичівського району Волинської області		0	0
Р1463	Сільськогосподарська артіль (колгосп) імені Івана Франка, Григоровичівської сільської Ради Сенкевичівського району Волинської області		0	0
Р1464	Сільськогосподарська артіль (колгосп) імені Щорса, Колодеженської сільської Ради Сенкевичівського району Волинської області		0	0
Р1465	Сільськогосподарська артіль (колгосп) імені Булганіна, с. Уманці Пустомитівської сільської Ради Локачівського району Волинської області		0	0
Р1466	Селянська спілка «Мир», с. Горохівського Пустомити району Волинської області		0	0
Р1467	Гаєнківська сільська Рада депутатів трудящих Сенкевичівського району Волинської області		0	0
Р1468	Голятинська сільська Рада депутатів трудящих Берестечківського району Волинської області		0	0
Р1470	Губинська II сільська Рада депутатів трудящих Сенкевичівського району Волинської області		0	0
Р1471	Дубово – Корчмівська сільська Рада депутатів трудящих, с. Дубова Корчма Сенкевичівського району Волинської області		0	0
Р1472	Колодеженська сільська Рада, с. Колодеже Горохівського району Волинської області		0	0
Р1473	Новоставська сільська Рада депутатів трудящих, с. Новостав Берестечківського району Волинської області		0	0
Р1474	Чаруківська сільська рада, с. Чаруків Луцького району Волинської області		0	0
Р1475	Шклинська Перша сільська Рада депутатів трудящих Сенкевичівського району Волинської області		0	0
Р1477	Сенкевичівська селищна рада, смт Сенкевичівка Горохівського району Волинської області		0	0
Р1478	Сільськогосподарська артіль (колгосп) імені Карла Маркса, с. Рудники Колківського району Волинської області		0	0
Р1479	Колективне сільськогосподарське підприємство (КСП) «Україна», с. Велика Осниця Маневицького району Волинської області		0	0
Р1480	Сільськогосподарська артіль (колгосп) імені Суворова, с. Тельчі Колківського району Волинської області		0	0
Р1481	Сільськогосподарська артіль (колгосп) імені Шевченка, с. Кам’януха Колківського району Волинської області		0	0
Р1482	Колективне сільськогосподарське підприємство (КСП) імені Мічуріна, с. Будки Маневицького району Волинської області		0	0
Р1483	Колективне сільськогосподарське підприємство (КСП) імені Шевченка, с. Комарове Маневицького району Волинської області		0	0
Р1484	Яблуньківська сільська Рада депутатів трудящих, с Велика Яблунька Маневицького району Волинської області		0	0
Р1486	Державне підприємство «Дослідне господарство «Перше Травня», с. Копачівка Рожищенського району Волинської області		0	0
Р1489	Сільськогосподарська артіль (колгосп) «Комсомолець», с. Сокіл Головнянського району Волинської області		0	0
Р1490	Шацький районний дорожній відділ, смт Шацьк Волинської області		0	0
Р1491	Заболоттівська районна спілка споживчих товариств (райспоживспілка), смт Заболоття Волинської області		0	0
Р1492	Заболоттівський районний харчовий комбінат, смт Заболоття Волинської області		0	0
Р1493	Фінансовий відділ Оваднівської районної Ради депутатів трудящих, с. Овадне Волинської області		0	0
Р1494	Сільськогосподарська артіль (колгосп) імені Жданова, с. Мокре, Заболоттівського району Волинської області		0	0
Р1495	Колективне сільськогосподарське підприємство (КСП) «Полісся», с. Дубечне Старовижівського району Волинської області		0	0
Р1496	Здомишельська сільська рада, с. Здомишель Ратнівського району Волинської області		0	0
Р1499	Старовижівський промисловий комбінат, смт Стара Вижівка Ратнівського району Волинської області		0	0
Р1500	Сільськогосподарська артіль (колгосп) імені Будьонного, с. Седлище Старовижівського району Волинської області		0	0
Р1501	Сільськогосподарська артіль (колгосп) імені Жданова, с. Борзова Старовижівського району Волинської області		0	0
Р1502	Колективне сільськогосподарське підприємство (КСП) «Седлищенське», с. Седлище Старовижівського району Волинської області		0	0
Р1503	Сільськогосподарське закрите акціонерне товариство «Буцинське», с. Буцин Старовижівського району Волинської області		0	0
Р1505	Волинська обласна психіатрична лікарня, м. Луцьк Волинської області		0	0
Р1506	Волинський обласний лікувально-фізкультурний диспансер, м. Луцьк Волинської області		0	0
Р1508	Підгайцівська сільська рада, с. Підгайці Луцького району Волинської області		0	0
Р1509	Радомишльська сільська рада, с. Радомишль Луцького району Волинської області		0	0
Р1510	Ратнівська сільська рада, с. Ратнів Луцького району Волинської області		0	0
Р1511	Горичівська сільська Рада депутатів трудящих, с. Горичів Володимир-Волинського району Волинської області		0	0
Р1512	Білинська сільська рада, с. Білин Володимир-Волинського району Волинської області		0	0
Р1513	Шистівська сільська Рада депутатів трудящих, с. Шистів Володимир-Волинського району Волинської області		0	0
Р1515	Клопочинська сільська Рада депутатів трудящих, с. Клопочин Іваничівського району Волинської області		0	0
Р1516	Тишковичівська сільська Рада депутатів трудящих, с. Тишковичі Іваничівського району Волинської області		0	0
Р1517	Зимнівська сільська рада, с. Зимне Володимир-Волинського району Волинської області		0	0
Р1518	Заболотцівська сільська рада, с. Заболотці Іваничівського району Волинської області		0	0
Р1519	Володимирівська сільська Рада депутатів трудящих, с. Володимирівка Володимир-Волинського району Волинської області		0	0
Р1521	Фалемичівська сільська Рада депутатів трудящих, с. Фалемичі Володимир-Волинського району Волинської області		0	0
Р1522	Жовтнева сільська Рада депутатів трудящих, с. Жовтневе Володимир - Волинського району Волинської області		0	0
Р1524	Сільськогосподарська артіль (колгосп) "Червоний прапор", с. Мокрець Оваднівського району Волинської області		0	0
Р1525	Сільськогосподарська артіль (колгосп) імені Чапаєва, с. Селець Турійського району Волинської області		0	0
Р1526	Колективне сільськогосподарське підприємство (КСП) "Турія", с. Селець Турійського району Волинської області		0	0
Р1527	Селянська спілка "Світанок", с. Жабче Горохівського району Волинської області		0	0
Р1528	Сільськогосподарська артіль (колгосп) "Комуніст" Губинської Другої сільської Ради Сенкевичівського району Волинської області		0	0
Р1529	Сільськогосподарська артіль (колгосп) імені Щорса Дубовокорчмівської сільської Ради Сенкевичівського району Волинської області		0	0
Р1530	Спілка власників селянських господарств імені Івана Франка, с. Губин Перший Горохівського району Волинської області		0	0
Р1531	Сільськогосподарська артіль (колгосп) імені Будьонного Кутрівської сільської Ради Берестечківського району Волинської області		0	0
Р1532	Сільськогосподарська артіль (колгосп) імені Першогого Травня, с. Широке Берестечківського району Волинської області		0	0
Р1533	Сільськогосподарська артіль (колгосп) імені Калініна, с. Гумнище Берестечківського району Волинської області		0	0
Р1534	Сільськогосподарська артіль (колгосп) імені Чапаєва, с. Буркачі Берестечківського району Волинської області		0	0
Р1535	Сільськогосподарська артіль (колгосп) "Червоний прапор", с. Колмів Берестечківського району Волинської області		0	0
Р1536	Сільськогосподарська артіль (колгосп) імені Хрущова Диковинської сільської Ради Берестечківського району Волинської області		0	0
Р1537	Сільськогосподарська артіль (колгосп) імені Хрущова Ржищівської сільської Ради Берестечківського району Волинської області		0	0
Р1538	Сільськогосподарська артіль (колгосп) імені 30-річчя ВЛКСМ, с. Пильгани Берестечківського району Волинської області		0	0
Р1543	Виконавчий комітет Голобської районної Ради депутатів трудящих (райвиконком), с. Голоби, з 1957 р. – смт Голоби Волинської області		0	0
Р1548	Колективне сільськогосподарське підприємство (КСП) "Іскра", с. Сільце Ковельського району Волинської області		0	0
Р1549	Колективне сільськогосподарське підприємство (КСП) "Україна", с. Мокрець Турійського району Волинської області		0	0
Р1551	Волинський обласний комітет профспілки працівників харчової промисловості, м. Луцьк Волинської області		0	0
Р1552	Семківська сільська Рада депутатів трудящих, с. Семки Колківського району Волинської області		0	0
Р1554	Маневицька селищна рада, смт Маневичі Маневицького району Волинської області		0	0
Р1555	Градиська сільська Рада депутатів трудящих, с. Градиськ Маневицького району Волинської області		0	0
Р1556	Старочорторийська сільська рада, с. Старий Чорторийськ Маневицького району Волинської області		0	0
Р1558	Розничівська сільська Рада депутатів трудящих, с. Розничі Колківського району Волинської області		0	0
Р1559	Шацький промисловий комбінат Волинського облуправління місцевої промисловості, смт Шацьк Любомльського району Волинської області		0	0
Р1560	Шацьке районне споживче товариство, смт Шацьк Шацького району Волинської області		0	0
Р1561	Сільськогосподарська артіль (колгосп) "Більшовик", с. Положеве Шацького району Волинської області		0	0
Р1562	Колективна сільськогосподарська агрофірма "Заповіт", с. Лище Луцького району Волинської області		0	0
Р1563	Акціонерно-пайове об'єднання "Мрія", с. Романів Луцького району Волинської області		0	0
Р1565	Маньківська сільська Рада депутатів трудящих, с. Маньків Затурцівського району Волинської області		0	0
Р1568	Домашівська сільська Рада депутатів трудящих, с. Домашів		0	0
Р1569	Клубочинська сільська Рада депутатів трудящих, с. Клубочин		0	0
Р1570	Знамирівська сільська Рада депутатів трудящих, с. Знамирівка		0	0
Р1571	Миківська сільська Рада депутатів трудящих, с. Микове		0	0
Р1574	Заболоттівський районний відділ народної освіти (райВНО), с. Заболоття		0	0
Р1575	Городищенська сільська Рада депутатів трудящих, с. Городище		0	0
Р1578	Ставківська сільська Рада депутатів трудящих, с. Ставок		0	0
Р1579	Ставочківська сільська Рада депутатів трудящих, с. Ставочок		0	0
Р1580	Сільськогосподарська артіль (колгосп) «Україна», с. Смоляри-Світязькі		0	0
Р1581	Головнянський районний відділ охорони здоров’я, м. Головне		0	0
Р1586	Селянська спілка «Мрія», с. Довгів		0	0
Р1587	Виконавчий комітет Борочичівської сільської Ради депутатів трудящих, с. Борочиче		0	0
Р1588	Широківська сільська Рада депутатів трудящих, с. Широке		0	0
Р1589	Волицько-Дружкопільська сільська Рада депутатів трудящих, с. Волиця-Дружкопільська		0	0
Р1590	Сільськогосподарська артіль (колгосп) «Жовтневої революції», с. Борочиче		0	0
Р1591	Сільськогосподарська артіль (колгосп) імені Леніна, с. Старики		0	0
Р1592	Гулівська сільська Рада депутатів трудящих, с. Гулівка		0	0
Р1593	Лишнівська сільська рада, с. Лишнівка		0	0
Р1594	Озерненська сільська Рада депутатів трудящих, с. Озерне		0	0
Р1595	Поворська машинно-тракторна станція, с. Поворськ		0	0
Р1596	Локачинська міжгосподарська пересувна механізована колона №10 (МПМК -10), смт Локачі		0	0
Р1598	Волицька сільська Рада депутатів трудящих, с. Волиця		0	0
Р1599	Павловичівська сільська Рада депутатів трудящих, с. Павловичі		0	0
Р16	Волинське державне лісогосподарське об’єднання «Волиньліс»		0	0
Р160	Володимир-Волинське товариство «Просвіта»		0	0
Р1600	Губинська сільська Рада депутатів трудящих, с. Губин		0	0
Р1603	Залісочівська сільська Рада депутатів трудящих, с. Залісоче		0	0
Р1604	Кадищенська сільська Рада депутатів трудящих, с. Кадище		0	0
Р1605	Колгосп «Червона Зірка», с. Бодячів		0	0
Р1606	Колгосп «Ленінський шлях», с. Сокиричі		0	0
Р1607	Колгосп імені Кірова, с. Скреготівка		0	0
Р1608	Хром’яківська сільська Рада депутатів трудящих, с. Хром’яків		0	0
Р1609	Акціонерно-пайове товариство (АПТ) «Урожай», с. Бодячів		0	0
Р1610	Гор’янівська сільська Рада депутатів трудящих, с. Гор’янівка		0	0
Р1611	Карпилівська сільська рада, с. Карпилівка		0	0
Р1612	Колективне сільськогосподарське підприємство (КСП) "Перемога", с. Радовичі		0	0
Р1613	Спілка селянських господарств «Бережанка», с. Бережанка		0	0
Р1615	Спілка власників селянських господарств ім. Шевченка, с. Угринів		0	0
Р1616	Колгосп імені Малиновського, с. Жилинів		0	0
Р1617	Спілка селян «Нове життя», с. Рогожани		0	0
Р1618	Іваничівський районний відділ охорони здоров’я, смт. Іваничі		0	0
Р1620	Іваничівський районний відділ у справах сільського і колгоспного будівництва,смт. Іваничі		0	0
Р1621	Іваничівський районний торговий відділ, смт. Іваничі		0	0
Р1622	Іваничівський районний відділ статистики, смт. Іваничі		0	0
Р1623	Нововолинський районний промисловий комбінат		0	0
Р1624	Нововолинський районний харчовий комбінат		0	0
Р1625	Іваничівське районне споживче товариство Волинської облспоживспілки, смт. Іваничі		0	0
Р1626	Волинська обласна школа майстрів сільського будівництва, м. Луцьк		0	0
Р1627	Колективне сільськогосподарське підприємство (КСП) «Батьківщина», с. Холопичі		0	0
Р1628	Грядівська сільська рада, с. Гряди		0	0
Р163	Виборча комісія по виборах у Верховну Раду СРСР по Волинській області		0	0
Р1630	Низкиничівська сільська Рада депутатів трудящих, с. Низкиничі		0	0
Р1631	Мовниківська сільська рада, с. Мовники		0	0
Р1632	Заставненська сільська рада, с. Заставне		0	0
Р1633	Соснинська сільська Рада депутатів трудящих, с. Соснонаа		0	0
Р1634	Біличівська сільська Рада депутатів трудящих, с. Біличі		0	0
Р1635	Іваничівський районний відділ комунального господарства, смт. Іваничі		0	0
Р1636	Іваничівський районний відділ соціального забезпеченн, смт. Іваничі		0	0
Р1639	Управління агропромислового розвитку Іваничівськогої райдержадміністрації, смт. Іваничі		0	0
Р164	Волинська обласна комісія по обліку збитків, заподіяних німецько-фашистськими загарбниками народному господарству і населенню		0	0
Р1640	Нововолинський районний відділ шляхового і транспортного господарства, м. Нововолинськ		0	0
Р1642	Жджарівська сільська Рада депутатів трудящих, с. Жджари		0	0
Р1643	Хрінівська сільська Рада депутатів трудящих, с. Хрінів		0	0
Р1644	Колгосп імені Хрущова, с. Ізів		0	0
Р1645	Колективне сільськогосподарське товариство «Колос», с. Губин		0	0
Р1646	Колгосп імені Калініна, с. Журавець		0	0
Р1647	Спілка селян «Слава», с. Лудин		0	0
Р1648	Колективне сільськогосподарське підприємство (КСП) «Світанок», с. Шельвів		0	0
Р1649	Колгосп «Паризька комуна», с Цевеличіи		0	0
Р1652	Ізівська сільська Рада депутатів трудящих, с. Ізів		0	0
Р1653	Владиславівська сільська Рада депутатів трудящих, с. Владиславівка		0	0
Р1654	Бортнівська сільська Рада депутатів трудящих, с. Бортнів		0	0
Р1655	Бегетська сільська Рада депутатів трудящих, с. Бегета		0	0
Р1656	Хобултівська сільська рада, с. Хобултова		0	0
Р1657	Яковичівська сільська Рада депутатів трудящих, с. Яковичі		0	0
Р1658	Хмелівківська сільська рада, с. Хмелівка		0	0
Р1659	Селецька сільська рада, с. Селець		0	0
Р1660	Нехворощанська сільська Рада депутатів трудящих, с. Нехвороща		0	0
Р1661	Хмелівська сільська Рада депутатів трудящих, с. Хмелів		0	0
Р1662	Колгосп імені Шевченка, с. Диковини		0	0
Р1663	Колгосп імені Шевченка, с. Мовчанів		0	0
Р1664	Колгосп «Паризька комуна», с. Волиця Лобачівська		0	0
Р1665	Будівельне управління №3 комбінату «Укрзахідшахтобуд», м. Нововолинськ		0	0
Р1666	Щитинська сільська рада, с. Щитинь		0	0
Р1667	Боратинська сільська рада, с. Боратин		0	0
Р1668	Великоборатинська сільська Рада депутатів трудящих, с. Великий Боратин		0	0
Р1669	Колективне сільськогосподарське підприємство (КСП) «Полісся», с. Заболоття		0	0
Р1670	Сільськогосподарське приватне підприємство «Куснище», с. Куснища		0	0
Р1671	Колгосп імені Івана Франка, с. Заглинки		0	0
Р1672	Колгосп імені Ілліча, с. Миловань		0	0
Р1673	Колективне сільськогосподарське підприємство (КСП) «Полапівське», с. Полапи		0	0
Р1674	Спілка селянських господарств «Світанок», с. Гуща		0	0
Р1675	Луківський районний відділ комунального господарства		0	0
Р1677	Головнянський районний промисловий комбінат		0	0
Р1678	Колгосп імені Матросова, с. Валер’янівка		0	0
Р1679	Колективне сільськогосподарське підприємство (КСП) «Руднянський», с. Рудня		0	0
Р168	Карткове бюро м. Луцьк		0	0
Р1681	Селянська спідка імені Лесі Українки, с. Смолява		0	0
Р1682	Агрофірма «Колос», с. Мерва		0	0
Р1683	Колгосп імені Тимошенка, с. Перемиль		0	0
Р1688	Висоцька сільська Рада депутатів трудящих, с. Висоцьк		0	0
Р169	Контрольно-облікове бюро, м. Луцьк		0	0
Р1690	Кукуріківська сільська Рада депутатів трудящих, с. Кукуріки		0	0
Р1692	Шацький районний відділ соціального забезпечення, с. Шацьк		0	0
Р1693	Одерадівська сільська рада, с. Одеради		0	0
Р1694	Лаврівська сільська рада, с. Лаврів		0	0
Р1695	Торчинська селищна рада, смт. Торчин		0	0
Р1696	Волинський обласний будівельний трест, м. Луцьк		0	0
Р170	Контрольно-облікове бюро, м. Володимир-Волинський		0	0
Р1701	Шменьківська сільська Рада депутатів трудящих, с. Шменьки		0	0
Р1702	Нродний суд Заболоттівського району, с. Заболоття		0	0
Р1703	Народний суд Колківського району, смт Колки		0	0
Р1704	Народний суд Старовижівського району, смт Стара Вижівка		0	0
Р1705	Народний суд Устилузького району, м. Устилуг		0	0
Р1707	Задибська сільська Рада депутатів трудящих, с. Задиби		0	0
Р1709	Тагачинська сільська Рада депутатів трудящих, с. Тагачин		0	0
Р1710	Колективне сільськогосподарське підприємство (КСП) ім. Котовського, с. Клюськ		0	0
Р1711	Колгосп імені Шевченка, с. Поляна		0	0
Р1712	Колективне сільськогосподарське підприємство (КСП) ім. Щорса, с. Новий Двір		0	0
Р1713	Колгосп імені Івана Франка, с. Ловища		0	0
Р1714	Колгосп «Зоря комунізму», с. Іванівка		0	0
Р1715	Колгосп «Шлях до комунізму», с. Ловища		0	0
Р1716	Колгосп «17 Вересня», с. Тагачин		0	0
Р1717	Колгосп «Правда», с. Вілька Клюська		0	0
Р1719	Луцький міський відділ статистики Волинського облуправління статистики, м. Луцьк		0	0
Р172	Карткове бюро м. Ковель		0	0
Р1720	Промисловий комбінат Волинської обласної спілки споживчих товариств, м. Луцьк		0	0
Р1722	Колективне сільськогосподарське товариство «Хлібороб», с. Маньків		0	0
Р1723	Колективне сільськогосподарське товариство «Дружба», с. Заячиці		0	0
Р1724	Журавецька сільська Рада депутатів трудящих, с. Жураве25		0	0
Р1725	Локачинська машинно-тракторна станція (МТС), с. Свинюхи		0	0
Р1726	Колгосп імені Івана Франка, с. Павлівка		0	0
Р1727	Колективне сільськогосподарське підприємство (КСП) «Старозагорівське», с. Старий Загорів		0	0
Р1728	Мовчанівська сільська Рада депутатів трудящих, с. Мовчанів		0	0
Р173	Карткове бюро м. Володимир-Волинський		0	0
Р1730	Селянська спілка імені Лесі Українки, с. Кисилин		0	0
Р1731	Колгосп «Паризька комуна», с. Самоволя		0	0
Р1732	Колгосп «Прогрес», с. Древині		0	0
Р1733	Колективне сільськогосподарське підприємство (КСП) «Вільна Україна», смт Іваничі		0	0
Р1734	Колгосп імені Горького, с. Великий Щенятин		0	0
Р1735	Колективне сільськогосподарське підприємство (КСП) «Прогрес», с. Мишів		0	0
Р1736	Колективне сільськогосподарське підприємство (КСП) «Україна», с. Бубнів		0	0
Р1737	Локачинське районне виробниче об’єднання по виробничо-технічному забезпеченню сільського господарства (райсільгосптехніка), с. Привітне		0	0
Р1738	Волинська державна станція по племінній роботі і штучному осіменінню сільськогосподарських тварин, с. Затурці		0	0
Р1739	Колективне сільськогосподарське підприємство (КСП) імені Богдана Хмельницького, с. Самійличі		0	0
Р1740	Колгосп імені 31-ї річниці Великого Жовтня, с. Малий Щенятин		0	0
Р1741	Стариківська сільська Рада депутатів трудящих, с. Старики		0	0
Р1742	Кутрівська сільська Рада депутатів трудящих, с. Кутрів		0	0
Р1743	Пустомитівська сільська рада, с. Пустомити		0	0
Р1744	Скірченська сільська Рада, с. Скірче		0	0
Р1747	Міжколгоспна будівельна організація Рожищенського району, смт Рожище Волинської області		0	0
Р1749	Інспектура державної статистики Головнянського району, смт Головне Волинської області		0	0
Р1750	Шацький районний відділ статистики, смт Шацьк Волинської області		0	0
Р1751	Головнянський районний відділ по будівництву в колгоспах, с. Головне		0	0
Р1752	Шацький районний відділ по будівництву в колгоспах, смт Шацьк		0	0
Р1753	Фінансове управління Шацької райдержадміністрації, смт Шацьк Волинської області		0	0
Р1754	Нововолинський міський відділ соціального забезпечення, м. Нововолинськ Волинської області		0	0
Р1755	Шацький районний відділ по будівництву в колгоспах, смт Шацьк		0	0
Р1756	Нововолинський драматичний театр, м. Нововолинськ Волинської області		0	0
Р1757	Будівельне управління №5 комбінату "Укрзахідшахтобуд", м. Нововолинськ Волинської області		0	0
Р1758	Затурцівська машинно-тракторна станція (МТС), с. Затурці Волинської області		0	0
Р1759	Затурцівський районний відділ сільського господарства, с. Затурці		0	0
Р1761	Твердинівська сільська Рада депутатів трудящих, с. Твердині Затурцівського району Волинської області		0	0
Р1762	Локачинський районний відділ охорони здоров’я, смт Локачі Волинської області		0	0
Р1763	Уповноважений Міністерства заготівель по Локачинському районі (райуповмінзаг), смт Локачі Волинської області		0	0
Р1764	Туминська сільська Рада депутатів трудящих, с. Тумин Локачинського району Волинської області		0	0
Р1768	Колпитівська сільська Рада, с. Колпитів Локачинського району Волинської області		0	0
Р1769	Цевеличівська сільська Рада депутатів трудящих, с. Цевеличі Локачинського району Волинської області		0	0
Р1770	Бермешівська сільська Рада депутатів трудящих, с. Бермешів Локачинського району Волинської області		0	0
Р1771	Уймо-Локацька сільська Рада депутатів трудящих, с. Уйма-Локацька Локачинського району Волинської області		0	0
Р1772	Войнинська сільська Рада депутатів трудящих, с. Войнин Локачинського району Волинської області		0	0
Р1774	Фінансове управління Локачинської районної державної адміністрації, смт Локачі Волинської області		0	0
Р1775	Відділ культури і туризму Ратнівської райдержадміністрації, смт Ратне Волинської області		0	0
Р1776	Ратнівський районний відділ по будівництву в колгоспах, смт Ратне Волинської області		0	0
Р1777	Ратнівський районний відділ кінофікації, смт Ратне Волинської області		0	0
Р1778	Відділ освіти Ратнівської райдержадміністрації, смт Ратне Волинської області		0	0
Р1779	Відділ культури і туризму Луцької райдержадміністрації, м. Луцьк Волинської області		0	0
Р178	Виборчі комісії по виборах до Верховної Ради Української РСР по Волинській області		0	0
Р1780	Луцька хмелефабрика, м. Луцьк Волинської області		0	0
Р673	Луцький спеціальний дитячий будинок, м. Луцьк Волинської області		0	0
Р1784	Звозівська сільська Рада депутатів трудящих, с. Звози Ківерцівського району Волинської області		0	0
Р1786	Котівська сільська Рада депутатів трудящих, с. Котів Ківерцівського району Волинської області		0	0
Р1787	Бодячівська сільська Рада депутатів трудящих, с. Бодячів Ківерцівського району Волинської області		0	0
Р1788	Личанівська сільська Рада депутатів трудящих, с. Личани Цуманського району Волинської області		0	0
Р1789	Скреготівська сільська Рада депутатів трудящих, с. Скреготівка Цуманського району Волинської області		0	0
Р1790	Липненська сільська Рада, с. Липне Ківерцівського району Волинської області		0	0
Р1791	Шахта №7 «Нововолинська», смт Жовтневе Волинської області		0	0
Р1792	Колективне сільськогосподарське підприємство (КСП) імені Мічуріна, с. Ружин Турійського району Волинської області		0	0
Р1793	Колективне сільськогосподарське підприємство «Мрія», с. Оса Турійського району Волинської області		0	0
Р1795	Пересіківська сільська Рада депутатів трудящих, с. Пересіки Турійського району Волинської області		0	0
Р1796	Перше-Вербичненська сільська Рада депутатів трудящих, с. Перше Вербичне Турійського району Волинської області		0	0
Р1798	Колгосп імені Берії, с. Городелець Луківського району Волинської області		0	0
Р1799	Колгосп імені Ватутіна, с. Ревушки Турійського району Волинської області		0	0
Р18	Управління юстиції у Волинській області Міністерства юстиції України		0	0
Р1801	Колективне сільськогосподарське підприємство (КСП) «Слава», с. Маковичі Турійського району Волинської області		0	0
Р1803	Любитівська сільська рада, с. Любитів Ковельського району Волинської області		0	0
Р1806	Битенська сільська Рада депутатів трудящих, с. Битень Голобського району Волинської області		0	0
Р1807	Вівчицька сільська Рада депутатів трудящих, с. Вівчицьк Голобського району Волинської області		0	0
Р1808	Рудко-Миринська сільська Рада депутатів трудящих, с. Рудка-Миринська Голобського району Волинської області		0	0
Р1809	Миринська сільська Рада депутатів трудящих, с. Мирин Голобського району Волинської області		0	0
Р1812	Грушівська сільська Рада депутатів трудящих, с. Грушівка Ковельського району Волинської області		0	0
Р1814	Кривлинська сільська Рада депутатів трудящих, с. Кривлин Голобського району Волинської області		0	0
Р1815	Воронівська сільська Рада депутатів трудящих, с. Ворона Ковельського району Волинської області		0	0
Р1816	Гонче-Брідська сільська Рада депутатів трудящих, с. Гончий Брід Голобського району Волинської області		0	0
Р1817	Трест «Нововолинськвугілля», м. Нововолинськ		0	0
Р1819	Орищівська сільська Рада депутатів трудящих, с. Орищі Локачинського району Волинської області		0	0
Р1821	Великощенятинська сільська Рада депутатів трудящих, с. Великий Шенятин Іваничівського району Волинської області		0	0
Р1823	Бужковичівська сільська Рада депутатів трудящих, с. Бужковичі Локачинського району Волинської області		0	0
Р1825	Романівська сільська Рада депутатів трудящих, с. Романівка Іваничівського району Волинської області		0	0
Р1826	Будятичівська сільська Рада депутатів трудящих, с. Будятичі Іваничівського району Волинської області		0	0
Р1828	Селянська спілка імені Шевченка, с. Колона Іваничівського району Волинської області		0	0
Р1829	Сільськогосподарський кооператив «Зоря», с. Стара Лішня Іваничівського району Волинської області		0	0
Р1831	Колгосп імені Кагановича, с. Волиця Іваничівського району Волинської області		0	0
Р1832	Колективне сільськогосподарське підприємство (КСП) «Завидів», с. Завидів Іваничівського району Волинської області		0	0
Р1833	Колгосп імені Кагановича, с. Луковичі Локачинського району Волинської області		0	0
Р1834	Колгосп імені Зої Космодем’янської, с. Кучків Іваничівського району Волинської області		0	0
Р1835	Боратинський дитячий будинок с. Боратин		0	0
Р1836	Седлищенська сільська рада, с. Седлище Любешівського району Волинської області		0	0
Р1837	Волинська обласна експедиція по дослідженню ґрунтів і складанню ґрунтових планів і карт, м. Луцьк Волинської області		0	0
Р1838	Березовичівська сільська рада, с. Березовичі Володимир-Волинського району Волинської області		0	0
Р1839	Бобичівська сільська Рада депутатів трудящих, с. Бобичі Володимир-Волинського району Волинської області		0	0
Р1841	Залузька сільська Рада депутатів трудящих, с. Залужжя Володимир-Волинського району Волинської області		0	0
Р1843	Селянська спілка «Прибужжя», с. Коритниця Володимир-Волинського району Волинської області		0	0
Р1845	Старозагорівська сільська рада, с. Старий Загорів Локачинського району Волинської області		0	0
Р1847	Торчинський районний фінансовий відділ (райфінвідділ), м. Торчин Торчинського району Волинської області		0	0
Р1848	Управління агропромислового розвитку Любешівської РДА, смт. Любешів Волинської області		0	0
Р1849	Інспектура Центрального статистичного управління Затурцівського району, с. Затурці Волинської області		0	0
Р1850	Затурцівський районний відділ охорони здоров’я, с. Затурці Волинської області		0	0
Р1851	Виконавчий комітет Затурцівської районної Ради депутатів трудящих, с. Затурці Волинської області		0	0
Р1852	Уповноважений Міністерства заготівель по Торчинському районі, смт. Торчин Волинської області		0	0
Р1853	Інспектура Центрального статистичного управління Торчинського району, смт. Торчин Волинської області		0	0
Р1854	Торчинська машинно-тракторна станція (МТС), смт. Торчин Торчинського району Волинської області		0	0
Р1856	Затурцівський районний фінансовий відділ (райфінвідділ), с. Затурці Затурцівського району Волинської області		0	0
Р1858	Сенкевичівський районний відділ охорони здоров’я, смт. Сенкевичівка Волинської області		0	0
Р1859	Уповноважений Міністерства заготівель по Берестечківському району, м. Берестечко Волинської області		0	0
Р1860	Уповноважений Міністерства заготівель по Сенкевичівському району, смт. Сенкевичівка Волинської області		0	0
Р1861	Ковельське міськрайонне територіальне медичне об’єднання, м. Ковель Волинської області		0	0
Р1862	Ковельський міський відділ охорони здоров’я, м. Ковель Волинської області		0	0
Р1866	Колгосп «Червона Зірка», с. Заставне Іваничівського району Волинської області		0	0
Р1867	Трубківська сільська Рада депутатів трудящих, с. Трубки Іваничівського району Волинської області		0	0
Р1868	Млинищенська сільська Рада депутатів трудящих, с. Млинище Володимир-Волинського району Волинської області		0	0
Р1869	Цуцнівська сільська Рада депутатів трудящих, с. Цуцнів Володимир-Волинського району Волинської області		0	0
Р1870	Лежницька сільська Рада депутатів трудящих, с. Лежниця Володимир-Волинського району Волинської області		0	0
Р2230	Колгосп «ВЛКСМ», с. Доротище Ковельського району Волинської області		0	0
Р1871	Іванівська сільська Рада депутатів трудящих, с. Іванівка Іваничівського району Волинської області		0	0
Р1874	Луковичівська сільська рада, с. Луковичі Іваничівського району Волинської області		0	0
Р1875	Колгосп «Прикордонник», с. Русовичі Іваничівського району Волинської області		0	0
Р1876	Колгосп імені Леніна, с. Грушів Іваничівського району Волинської області		0	0
Р1877	Колгосп імені Фрунзе, с. Старосілля Іваничівського району Волинської області		0	0
Р1878	Колгосп імені Малиновського, с. Будятичі Іваничівського району Волинської області		0	0
Р1879	Бискупицько-Шляхецька семирічна школа, с. Бискупичі-Шляхетські Порицького району Волинської області		0	0
Р188	Волинський обласний трест приміських радгоспів		0	0
Р1880	Колгосп імені Сталіна, с. Низкиничі Нововолинського району Волинської області		0	0
Р1881	Колективне сільськогосподарське підприємство (КСП) «Вітчизна», с. Соснина Іваничівського району Волинської області		0	0
Р1882	Колективне сільськогосподарське підприємство (КСП) «Нива», с. Заболотці Іваничівського району Волинської області		0	0
Р1883	Старосільська сільська Рада депутатів трудящих, с. Старосілля Іваничівського району Волинської області		0	0
Р1884	Самовільська сільська Рада депутатів трудящих, с. Самоволя Іваничівського району Волинської області		0	0
Р1886	Уповноважений Міністерства заготівель СРСР по Цуманському району, смт. Цумань Волинської області		0	0
Р1887	Колгосп «Перемога», с. Городище Ківерцівського району Волинської області		0	0
Р1889	Колгосп імені Жданова, с. Світязькі Смоляри Шацького району Волинської області		0	0
Р189	Виборчі комісії по виборах до місцевих Рад народних депутатів по Волинській області		0	0
Р1890	Колгосп «Радянської Армії», с. Згорани Шацького району Волинської області		0	0
Р1891	Колгосп імені Лесі Українки, с. Пехи Шацького району Волинської області		0	0
Р1892	Колгосп імені Шевченка, с. Вигнанка Луківського району Волинської області		0	0
Р1893	Колгосп імені Горького, с. Чорноплеси Луківського району Волинської області		0	0
Р1895	Володимир-Волинське лісове промислове господарство (ліспромгосп), м. Володимир-Волинськ Волинської області		0	0
Р1896	Головнянський районний відділ соціального забезпечення, смт. Головне Волинської області		0	0
Р1897	Луківське сільське професійно-технічне училище №12, смт. Луків Волинської області		0	0
Р1898	Уповноважений Міністерства заготівель СРСР по Головнянському району, смт. Головне Волинської області		0	0
Р19	Головне управління охорони здоров’я Волинської обласної державної адміністрації		0	0
Р1900	Сьомаківська сільська Рада депутатів трудящих, с. Сьомаки Луківського району Волинської області		0	0
Р1901	Горохівський районний відділ будівництва і експлуатації шосейних доріг, м. Горохів Волинської області		0	0
Р1902	Берестечківська районна лікарня, м. Берестечко Берестечківського району Волинської області		0	0
Р1903	Берестечківський районний відділ автомобільного транспорту і шосейних доріг, м. Берестечко Берестечківського району Волинської області		0	0
Р1904	Сенкевичівський районний відділ автомобільного транспорту і шосейних доріг, смт Сенкевичівка Волинської області		0	0
Р1905	Луцький районний відділ автомобільного транспорту і шосейних доріг, м. Луцьк Волинської області		0	0
Р795	Кучанська сільська Рада депутатів трудящих		0	0
Р1906	Локачинська ремонтно-технічна станція (РТС), смт Локачі Локачинського району Волинської області		0	0
Р1908	Борохівська сільська рада, с. Борохів Ківерцівського району Волинської області		0	0
Р1909	Волинський об'єднаний будівельний комітет профспілки працівників будівництва і промисловості будівельних матеріалів, м. Луцьк Волинської області		0	0
Р1910	Шахта №8 «Нововолинська», м. Нововолинськ Волинської області		0	0
Р1911	Шахта №3 "Нововолинська", м. Нововолинськ Волинської області		0	0
Р1913	Любешівський районний відділ кінофікації, смт Любешів Волинської області		0	0
Р1914	Волинське обласне управління водних ресурсів, м. Луцьк Волинської області		0	0
Р1915	Вітонізька сільська Рада депутатів трудящих, с. Вітоніж Рожищенського району Волинської області		0	0
Р1918	Крижівська сільська Рада депутатів трудящих, с. Крижівка Ківерцівського району Волинської області		0	0
Р1919	Озденізька сільська Рада депутатів трудящих, с. Озденіж Луцького району Волинської області		0	0
Р1920	Іванівська сільська Рада депутатів трудящих, с. Іванівка Голобського району Волинської області		0	0
Р1921	Заболоттівський районний промисловий комбінат (райпромкомбінат), с. Заболоття Волинської області		0	0
Р1923	Інспектура центрального статистичного управління (ЦСУ) Заболоттівського району, с.Заболоття Волинської області		0	0
Р1924	Лютківська сільська Рада депутатів трудящих, с. Лютка Заболотівського району Волинської області		0	0
Р1925	Заболоттівський районний відділ культурно-освітньої роботи, с. Заболоття Волинської області		0	0
Р1926	Заболоттівський районний відділ культури, смт Заболоття Волинської області		0	0
Р1927	Заболоттівський районний відділ кінофікації с. Заболоття Волинської області		0	0
Р1928	Залюттівська сільська Рада депутатів трудящих, с. Залюття Заболотівського району Волинської області		0	0
Р1929	Заболоттівський районний відділ у справах сільського і колгоспного будівництва с. Заболоття Волинської області		0	0
Р1931	Глухівська сільська рада, с. Глухи Старовижівського району Волинської області		0	0
Р1933	Красківська сільська Рада депутатів трудящих, с. Краска Заболотівського району Волинської області		0	0
Р1935	Заболоттівський районний відділ сільського господарства, с. Заболоття Волинської області		0	0
Р1936	Заболоттівський районний відділ соціального забезпечення (райсоцзабез), с. Заболоття Волинської області		0	0
Р1937	Гутська сільська рада, с. Гута Рітнівського району Волинської області		0	0
Р1938	Голобський районний відділ культури, смт Голоби Волинської області		0	0
Р1939	Інспектура центрального статистичного управління (ЦСУ) Голобського району, смт Голоби Волинської області		0	0
Р1940	Голобський районний відділ кінофікації, с. Голоби Волинської області		0	0
Р1941	Голобський районний відділ соціального забезпечення (райсоцзабез), смт Голоби Волинської області		0	0
Р1942	Голобський районний фінансовий відділ (райфінвідділ), смт Голоби Волинської області		0	0
Р1944	Ратнівський районний відділ статистики, смт Ратне Волинської області		0	0
Р1945	Ковельська міська інспектура державної статистики, м. Ковель Волинської області		0	0
Р1947	Ковельський міський відділ комунального господарства (міськкомунгосп), м. Ковель Волинської області		0	0
Р2231	Агрофірма "Полісся", с. Любитів Ковельського району Волинської області		0	0
Р1948	Ковельський міський відділ соціального забезпечення (міськсоцзабез), м. Ковель Волинської області		0	0
Р1951	Пильганівська сільська Рада депутатів трудящих, с. Пильгани Берестечківського району Волинської області		0	0
Р1953	Ржищівська сільська Рада депутатів трудящих, с. Ржищів Берестечківського району Волинської області		0	0
Р1954	Диковинівська сільська Рада депутатів трудящих, с. Диковини Берестечківського району Волинської області		0	0
Р1955	Фінансове управління Ратнівської райдержадміністрації, смт Ратне Волинської області		0	0
Р1957	Комбінат комунальних підприємств Старовижівського району, смт Стара Вижівка Старовижівського району Волинської області		0	0
Р1958	Заболоттівське лісове господарств (лісгосп) Волинського облуправління лісового господарства, смт Заболоття Волинської області		0	0
Р1960	Ратнівський районний харчовий комбінат (райхарчокомбінат), смт Ратне Волинської області		0	0
Р1961	Ратнівський районний промисловий комбінат (райпромкомбінат) смт Ратне Волинської області		0	0
Р1962	Шахта №4 «Нововолинська», м. Нововолинськ Волинської області		0	0
Р1963	Заболоттівський ліспромгосп "Львівлісзагу", смт Заболоття Волинської області		0	0
Р1964	Володимир-Волинський ліспромгосп "Укррибпромпостачзбуту", м. Володимир-Волинський Волинської області		0	0
Р1965	Волинське обласне відділення товариства радянсько-польської дружби Українського товариства дружби і культурних зв'язків з зарубіжними країнами, м. Луцьк Волинської області		0	0
Р1966	Акціонерно-пайове товариство "Агрофірма "Ратнівська", с. Гірники Ратнівського району Волинської області		0	0
Р1969	Колгосп "8 Березня", с. Іванівка Іваничівського району Волинської області		0	0
Р1970	Древинівська сільська Рада депутатів трудящих, с. Древині Іваничівського району Волинської області		0	0
Р1971	Волосні військові комісаріати Волинської губернії		0	0
Р1973	Володимир-Волинське будівельне управління тресту "Червонограджитлобуд", м. Нововолинськ Волинської області		0	0
Р1974	Луківська ремонтно-технічна станція (РТС) Волинського обласного управління сільського господарства, смт Луків Любомльського району Волинської області		0	0
Р1975	Луківська районна споживча спілка (райспоживспілка) Волинської обласної споживчої спілки, смт Луків Волинської області		0	0
Р1976	Шацька районна інспекція сільського господарства Волинського обласного управління сільського господарства, смт Шацьк Волинської області		0	0
Р1977	Шацька районна державна інспекція по заготівлях сільського господарства і сировини Волинського обласного управління сільського господарства, смт. Шацьк Волинської області		0	0
Р1978	Шацький районний відділ комунального господарства (райкомунгосп) Волинського обласного відділу комунального господарства, с. Шацьк Волинської області		0	0
Р1979	Любомльський районний відділ кінофікації Волинського обласного управління кінофікації, м. Любомль Волинської області		0	0
Р1980	Любомльський районний відділ культурно-освітньої роботи Волинського обласного відділу культурно-освітньої роботи, м. Любомль Волинської області		0	0
Р1981	Головнянський районний відділ автомобільного транспорту і шосейних доріг, смт Головне Волинської області		0	0
Р1983	Любомльська міжгосподарська пересувна механізована колона №13 Волинського облміжколгоспбуду, смт Шацьк Любомльського району Волинської області		0	0
Р1985	Сільськогосподарська артіль (колгосп) імені Богдана Хмельницького, с. Острів'я Шацького району Волинської області		0	0
Р1987	Локачинський районний харчовий комбінат (райхарчокомбінат) Волинського облуправління харчової промисловості, смт Локачі Волинської області		0	0
Р1989	Локачинський районний відділ комунального господарства (райкомунгосп) Волинського облуправління комунального господарства, смт Локачі Волинської області		0	0
Р1991	Жидичинська сільська рада, с. Жидичин Ківерцівського району Волинської області		0	0
Р1992	Тростянецька сільська рада, с. Тростянець Ківерцівського району Волинської області		0	0
Р1993	Сільськогосподарська артіль (колгосп) "Червоний прапор", с. Колмів Берестечківського району Волинської області		0	0
Р1994	Інспектура центрального статистичного управління (ЦСУ) Устилузького району, м. Устилуг Волинської області		0	0
Р1995	Сільськогосподарська артіль (колгосп) імені Хрущова Ржищівської сільської Ради Берестечківського району Волинської області		0	0
Р1996	Інспектура центрального статистичного управління (ЦСУ) Оваднівського району, с. Овадне Волинської області		0	0
Р20	Луцький міський відділ комунального господарства		0	0
Р2003	Ратнівський районний відділ соціального забезпечення (райсоцзабез) Волинського облсоцзабезу, смт Ратне Волинської області		0	0
Р2005	Любешівський районний відділ соціального забезпечення (райсоцзабез), смт Любешів Волинської області		0	0
Р2006	Торчинська районна спілка споживчих товариств (райспоживспілка), смт Торчин Волинської області		0	0
Р2008	Уповноважений Міністерства заготівель СРСР по Колківському району (райуповмінзаг), смт Колки Волинської області		0	0
Р2009	Колківський районний відділ сільського господарства Волинського обласного управління сільського господарства, смт Колки Волинської області		0	0
Р2010	Колківська районна інспекція по сільському господарству Колківського райвиконкому, смт Колки Волинської області		0	0
Р2011	Маневицька міжколгоспна будівельна організація (міжколгоспбуд) Волинського облміжколгоспбуду, смт Маневичі Волинської області		0	0
Р2012	Волинська територіальна організація профспілки працівників вугільної промисловості, м. Нововолинськ Волинської області		0	0
Р2013	Колківська районна планова комісія (райплан), смт Колки Волинської області		0	0
Р2014	Луківський районний відділ кінофікації, смт Луків Волинської області		0	0
Р2015	Інспектура центрального статистичного управління (ЦСУ) Луківського району, смт Луків Волинської області		0	0
Р2017	Колківська міжколгоспна будівельна організація (міжколгоспбуд), смт Колки Волинської області		0	0
Р2018	Бугаївська сільська Рада депутатів трудящих, с. Бугаї Колківського району Волинської області		0	0
Р2019	Тельчівська сільська Рада депутатів трудящих, с. Тельчі Маневицького району Волинської області		0	0
Р2020	Грузятинська сільська Рада депутатів трудящих, с. Грузятин Колківського району Волинської області		0	0
Р2024	Хворостівська сільська рада, с. Хворостів Любомльського району Волинської області		0	0
Р2027	Гороховищенська сільська Рада депутатів трудящих, с. Гороховище Головняннського району Волинської області		0	0
Р2028	Черемошно-Волянська сільська Рада народних депутатів, с. Черемошна Воля Любомльського району Волинської області		0	0
Р2029	Вигнанська сільська Рада депутатів трудящих, с. Вигнанка Луківського району Волинської області		0	0
Р2033	Камінь-Каширська районна спілка споживчих товариств (райспоживспілка), м. Камінь-Каширський Волинської області		0	0
Р2034	Камінь-Каширський районний відділ сільського господарства, м. Камінь-Каширський Волинської області		0	0
Р2035	Інспекція по сільському господарству, м. Камінь-Каширський Волинської області		0	0
Р2036	Череминська сільська Рада депутатів трудящих, с. Черемин Цуманського району Волинської області		0	0
Р2038	Ківерцівський механічний завод, м. Ківерці Волинської області		0	0
Р2040	Колгосп "Перше Травня", с. Менчичі Іваничівського району Волинської області		0	0
Р2041	Колгосп "Шлях до комунізму", с. Жашковичі Іваничівського району Волинської області		0	0
Р2042	Селянська спілка "Волинь", с. Жашковичі Іваничівського району Волинської області		0	0
Р2043	Колективне сільськогосподарське підприємство (КСП) "Промінь", с. Милятин Іваничівського району Волинської області		0	0
Р2044	Колгосп ім. Жданова, с. Милятин Іваничівського району Волинської області		0	0
Р2045	Іваничівська машинно-тракторна станція (МТС) Іваничівського району, смт Іваничі Волинської області		0	0
Р2046	Іваничівська ремонтно-технічна станція (РТС), смт Іваничі Іваничівського району Волинської області		0	0
Р2047	Інспектура центрального статистичного управління (ЦСУ) Колківського району, смт Колки Волинської області		0	0
Р2051	Рожищенське медичне училище, смт Рожище Рожищенського району Волинської області		0	0
Р2052	Волинська обласна міжгалузева рада науково-технічних товариств (НТТ), м. Луцьк Волинської області		0	0
Р2053	Любешівський районний відділ охорони здоров'я (райздороввідділ), смт Любешів Волинської області		0	0
Р2054	Любешівський районний промисловий комбінат (райпромкомбінат), с. Любешів Волинської області		0	0
Р2055	Камінь-Каширський районний відділ соціального забезпечення (райсоцзабез), м. Камінь-Каширський Волинської області		0	0
Р2061	Раково-Ліська сільська рада, с. Раків Ліс Камінь-Каширського району Волинської області		0	0
Р2062	Соснівська сільська Рада депутатів трудящих, с. Соснівка Камінь-Каширського району Волинської області		0	0
Р2063	Олексіївська сільська Рада депутатів трудящих, с. Олексіївка Камінь-Каширського району Волинської області		0	0
Р2066	Новочервищанська сільська рада, с. Нові Червища Камінь-Каширського району Волинської області		0	0
Р2067	Карпилівська сільська Рада депутатів трудящих, с. Карпилівка Камінь-Каширського району Волинської області		0	0
Р2068	Стобихвівська сільська Рада депутатів трудящих, с. Стобихва Камінь-Каширського району Волинської області		0	0
Р2072	Камінь-Каширський районний дорожній відділ (райдорвідділ), м. Камінь-Каширський Волинської області		0	0
Р2073	Яйнівська сільська Рада депутатів трудящих, с. Яйно Камінь-Каширського району Волинської області		0	0
Р2074	Камінь-Каширський районний відділ охорони здоров'я (райздороввідділ), м. Камінь-Каширський Волинської області		0	0
Р2075	Інспекція сільського господарства Ратнівського району, смт Ратне Волинської області		0	0
Р2077	Редакція газети "Червоне Полісся", с. Заболоття Волинської області		0	0
Р2078	Майдан-Липненська сільська Рада депутатів трудящих, с. Майдан-Липненський Колківського району Волинської області		0	0
Р2079	Управління охорони, використання і відтворення водних біоресурсів та регулювання рибальства у Волинській області, м. Луцьк Волинської області		0	0
Р2080	Луківський районний відділ народної освіти (райвно), смт Луків Волинської області		0	0
Р2081	Луківський районний відділ охорони здоров'я (райздороввідділ), смт Луків Волинської області		0	0
Р2082	Луківський районний відділ соціального забезпечення (райсоцзабез), смт Луків Волинської області		0	0
Р2085	Сенкевичівський районний відділ соціального забезпечення (райсоцзабез), смт Сенкевичівка Волинської області		0	0
Р2086	Міжколгоспна будівельна організація "Міжколгоспбуд" Горохівського району, м. Горохів Волинської області		0	0
Р2087	Профком Горохівської райспоживспілки, м. Горохів (2-ий примірник) Волинської області		0	0
Р2088	Ковельське заводоуправління будматеріалів, м. Ковель Волинської області		0	0
Р2089	Товариство з обмеженою відповідальністю "Виробничо-комерційна фірма "Ковель", м. Ковель Волинської області		0	0
Р2094	Горохівський ливарно-механічний завод, м. Горохів Волинської області		0	0
Р2095	Колгосп ім. Сталіна, с. Новостав Берестечківського району Волинської області		0	0
Р2096	Колективне сільськогосподарське підприємство (КСП) ім. Гагаріна, с. Горішнє Горохівського району Волинської області		0	0
Р2097	Обласна редакційна колегія по підготовці і написанню тому "Історія міст і сіл Волинської області", м. Луцьк Волинської області		0	0
Р2098	Спілка пайовиків "Михлин", с. Михлин Горохівського району Волинської області		0	0
Р2099	Колективне сільськогосподарське підприємство (КСП) "Хлібороб", с. Бужанка Іваничівського району Волинської області		0	0
Р21	Відділ торгівлі виконкому Луцької міської Ради депутатів трудящих		0	0
Р2100	Колгосп ім. Шверника, с. Мовники Іваничівського району Волинської області		0	0
Р2101	Асоціація пайовиків "Прикордонник", с. Мовники Іваничівського району Волинської області		0	0
Р2102	Колективне сільськогосподарське підприємство (КСП) ім. Лук'янова, с. Заставне Іваничівського району Волинської області		0	0
Р2103	Колгосп "Комуніст", с. Бортнів Нововолинського району Волинської області		0	0
Р2104	Волинський обласний комітет профспілки працівників державної торгівлі і споживчої кооперації, м. Луцьк Волинської області		0	0
Р2105	Богушівська сільська Рада депутатів трудящих, с. Богушівка Луцького району Волинської області		0	0
Р2106	Відділ культури та туризму Володимир-Волинської райдержадміністрації, м. Володимир-Волинський Волинської області		0	0
Р2107	Вишеньківська сільська Рада депутатів трудящих, с. Вишеньки Рожищенського району Волинської області		0	0
Р2108	Літогощанська сільська рада, с. Літогоща Рожищенського району Волинської області		0	0
Р2109	Бортяхівська сільська Рада депутатів трудящих, с. Бортяхівка Рожищенського району Волинської області		0	0
Р2110	Юнівська сільська Рада депутатів трудящих, с. Юнівка Затурцівського району Волинської області		0	0
Р2111	Затурцівський районний відділ соціального забезпечення (райсоцзабез), с. Затурці Волинської області		0	0
Р2112	Торчинський районний відділ соціального забезпечення (райсоцзабез), смт Торчин Волинської області		0	0
Р2113	Рожищенський районний відділ соціального забезпечення (райсоцзабез), смт Рожище Волинської області		0	0
Р2115	Локачинський районний відділ соціального забезпечення (райсоцзабез), смт Локачі Волинської області		0	0
Р2116	Іванівська сільська Рада депутатів трудящих, с. Іванів Затурцівського району Волинської області		0	0
Р2117	Хорівська сільська Рада депутатів трудящих, с. Хорів Локачинського району Волинської області		0	0
Р2118	Кремешівська сільська Рада депутатів трудящих, с. Кремеш Локачинського району Волинської області		0	0
Р2119	Гранатівська сільська Рада депутатів трудящих, с. Гранатів Локачинського району Волинської області		0	0
Р212	Виборчі комісії м. Луцька по виборах до Українських Народних Зборів депутатів трудящих		0	0
Р2120	Коритницька сільська Рада депутатів трудящих, с. Коритниця Локачинського району Волинської області		0	0
Р2124	Линівська сільська Рада депутатів трудящих, с. Линів Локачинського району Волинської області		0	0
Р2125	Відкрите акціонерне товариство (ВАТ) "Волинське підприємство матеріальних ресурсів "Волиньголовпостач", м. Луцьк Волинської області		0	0
Р2126	Волинський обласний трест промисловості товарів культурно-побутового призначення і господарського вжитку (культпобуттоварів), м. Луцьк Волинської області		0	0
Р2127	Дослідне господарство "Перемога", с. Баківці Луцького району Волинської області		0	0
Р2128	Колгосп ім. Кагановича, с. Струмівка Теремнівського району Волинської області		0	0
Р2129	Колективне сільськогосподарське підприємство (КСП) "Колос", с. Підгайці Луцького району Волинської області		0	0
Р213	Ковельський повітовий військово-революційний комітет		0	0
Р2130	Колгосп "Більшовик", с. Ново-Котів Теремнівського району Волинської області		0	0
Р2131	Колгосп "Прибужжя", с. Литовеж Іваничівського району Волинської області		0	0
Р2132	Колективне сільськогосподарське підприємство (КСП) "Україна", с. Гряди Іваничівського району Волинської області		0	0
Р2133	Колгосп "Порицький", с. Старий Порицьк Іваничівського району Волинської області		0	0
Р2134	Колгосп ім. Ватутіна, с. Кречів Іваничівського району Волинської області		0	0
Р2135	Асоціація пайовиків "Західний Буг", с. Поромів Іваничівського району Волинської області		0	0
Р2137	Колгосп "Жовтень", с. Антонівка Луцького району Волинської області		0	0
Р2138	Колгосп ім. Чапаєва, с. Гаразджа Теремнівського району Волинської області		0	0
Р2139	Колгосп ім. Шевченка, с. Підгайці Теремнівського району Волинської області		0	0
Р2140	Колективне сільськогосподарське підприємство (КСП) "Піддубці", с. Піддубці Луцького району Волинської області		0	0
Р2141	Колгосп ім. Радянської Армії, с. Піддубці Теремнівського району Волинської області		0	0
Р2142	Колгосп "Вільний шлях", с. Оздів Луцького району Волинської області		0	0
Р2143	Колективне сільськогосподарське підприємство (КСП) ім. Тімірязєва, с. Іванчиці Рожищенського району Волинської області		0	0
Р2144	Колгосп "Радянське село", с. Липини Теремнівського району Волинської області		0	0
Р2145	Колгосп ім. Богдана Хмельницького, с. Богушівка Луцького району Волинської області		0	0
Р2146	Дослідне господарство "Боратин", с. Боратин Луцького району Волинської області		0	0
Р2147	Колгосп "Комунар", с. Воротнів Луцького району Волинської області		0	0
Р2148	Любешівський районний комбінат харчової промисловості (райхарчокомбінат), смт Любешів Волинської області		0	0
Р2149	Любешівський дитячий будинок, смт Любешів		0	0
Р215	Старший інспектор Головного управління в справах промислової та споживчої кооперації при Раді Міністрів СРСР по Волинській області		0	0
Р2150	Уповноважений Міністерства заготівель СРСР по Любешівському району (райуповмінзаг), смт Любешів Волинської області		0	0
Р2232	Відділ сільського господарства, м. Ковель Волинської області		0	0
Р2151	Любешівська машинно-тракторна станція (МТС), с. Велика Глуша Любешівського району Волинської області		0	0
Р2152	Великоглушанська ремонтно-технічна станція (РТС), с. Велика Глуша Любешівського району Волинської області		0	0
Р2153	Свійчівська сільська Рада депутатів трудящих, с. Свійчів Володимир-Волинського району Волинської області		0	0
Р2154	Ставківська сільська Рада депутатів трудящих, с. Ставки Володимир-Волинського району Волинської області		0	0
Р2155	Лісківська сільська Рада депутатів трудящих, с. Ліски Оваднівського району Волинської області		0	0
Р2156	Стрілецька сільська Рада депутатів трудящих, с. Стрілецька Устилузького району Волинської області		0	0
Р2157	Бубнівська сільська рада, с. Бубнів Володимир-Волинського району Волинської області		0	0
Р2158	Кратська сільська Рада депутатів трудящих, с. Крать Оваднівського району Волинської області		0	0
Р2159	Микитичівська сільська рада, с. Микитичі Володимир-Волинського району Волинської області		0	0
Р2160	Полум'яненська сільська Рада депутатів трудящих, с. Полум'яне Устилузького району Волинської області		0	0
Р2161	Вербська сільська Рада депутатів трудящих, с. Верба Оваднівського району Волинської області		0	0
Р2162	Пузівська сільська Рада депутатів трудящих, с. Пузів Володимир-Волинського району Волинської області		0	0
Р2163	Руснівська сільська Рада депутатів трудящих, с. Руснів Володимир-Волинського району Волинської області		0	0
Р2164	Воле-Свійчівська сільська Рада депутатів трудящих, с. Воля-Свійчівська Оваднівського району Волинської області		0	0
Р2166	Відділ охорони здоров'я (райздороввідділ), с. Овадне Волинської області		0	0
Р2167	Відділ соціального забезпечення (райсоцзабез), с. Овадне Волинської області		0	0
Р2169	Оваднівська районна спілка споживчих товариств (райспоживспілка), с. Овадне Волинської області		0	0
Р2170	Оваднівська машинно-тракторна станція (МТС), с. Овадне Волинської області		0	0
Р2171	Колективне пайове сільськогосподарське підприємство (КПСП) "Прогрес", с. Гірка Полонка Луцького району Волинської області		0	0
Р2172	Колгосп ім. Булганіна, с. Вигуричі Сенкевичівського району Волинської області		0	0
Р2173	Колгосп "Більшовик", с. Городище Сенкевичівського району Волинської області		0	0
Р2174	Колгосп " 30 років ВЛКСМ", с. Лаврів Луцького району Волинської області		0	0
Р2175	Колгосп "Червоний шлях", с. Лаврів Луцького району Волинської області		0	0
Р2176	Колгосп "Шлях до комунізму", с. Милуші Луцького району Волинської області		0	0
Р2177	Акціонерно-пайове об'єднання селян "Промінь", с. Промінь Луцького району Волинської області		0	0
Р2178	Колгосп ім. Щорса, с. Новостав Луцького району Волинської області		0	0
Р2179	Колгосп "Червона нива", с. Голишів Луцького району Волинської області		0	0
Р2180	Колгосп "Червона зірка", с. Суховоля Луцького району Волинської області		0	0
Р2181	Колгосп ім. Вишинського, с. Радомишль Луцького району Волинської області		0	0
Р2183	Колгосп ім. Дзержинського, с. Ботин Теремнівського району Волинської області		0	0
Р2184	Колгосп ім. Дзержинського, с. Озденіж Луцького району Волинської області		0	0
Р2185	Колгосп ім. Калініна, с. Вишнів Теремнівського району Волинської області		0	0
Р2186	Колективне сільськогосподарське підприємство (КСП) "Слава", с. БорохівКіверцівського району Волинської області		0	0
Р2187	Колективне сільськогосподарське акціонерно-пайове об'єднання "Урожай", с. Забороль Луцького району Волинської області		0	0
Р2188	Колгосп "Батьківщина", с. Теремне Ківерцівського району Волинської області		0	0
Р2189	Колгосп "Комсомолець", с. Городище Луцького району Волинської області		0	0
Р2190	Колгосп "Шлях Леніна", с. Пулганів Луцького району Волинської області		0	0
Р2191	Колгосп ім. Шевченка, с. Гнідава Луцького району Волинської області		0	0
Р2192	Колгосп ім. Сталіна, с. Крупа Теремнівського району Волинської області		0	0
Р2193	Колективне сільськогосподарське підприємство (КСП) "Коршів", с. Коршів Луцького району Волинської області		0	0
Р2194	Колгосп ім. Лесі Українки, с. Радомишль Луцького району Волинської області		0	0
Р2195	Колгосп "Радянський хлібороб", с. Малий Боратин Луцького району Волинської області		0	0
Р2196	Асоціація пайовиків колгоспу "Риковичі", с. Риковичі Іваничівського району Волинської області		0	0
Р2198	Колгосп ім. Кірова, с. Сирники Луцького району Волинської області		0	0
Р2199	Колгосп "Перемога", с. Буків Луцького району Волинської області		0	0
Р22	Волинська обласна контора із закупівлі зернових хлібопродуктів «Облхлібторг»		0	0
Р2200	Волинське обласне агентство "Союздрук", м. Луцьк Волинської області		0	0
Р2201	Асоціація пайовиків колгоспу "Світанок", с. Луковичі Іваничівського району Волинської області		0	0
Р2202	Народний суд Затурцівського району, с. Затурці		0	0
Р2206	Відділ соціального забезпечення (райсоцзабез), м .Берестечко Волинської області		0	0
Р2207	Іванівська сільська Рада депутатів трудящих, с .Іванівка Берестечківського району Волинської області		0	0
Р2208	Гумнищенська сільська Рада депутатів трудящих, с. Гумнище Берестечківського району Волинської області		0	0
Р2209	Зеленівська сільська Рада депутатів трудящих, с. Зелене Берестечківського району Волинської області		0	0
Р2210	Смолявська сільська рада, с. Смолява Горохівського району Волинської області		0	0
Р2213	Народний суд Іваничівського району, с. Іваничі		0	0
Р2215	Бахівська сільська Рада депутатів трудящих, с. Бахів Ковельського району Волинської області		0	0
Р2216	Старовижівська міжколгоспна будівельна організація, смт Стара Вижівка Волинської області		0	0
Р2217	Ковельський районний відділ статистики, м. Ковель Волинської області		0	0
Р2218	Інспекція сільського господарства, м. Ковель Волинської області		0	0
Р2220	Відділ сільського господарства, с. Голоби Волинської області		0	0
Р2221	Відділ сільського господарства, смт Луків Волинської області		0	0
Р2222	Голобський районний промисловий комбінат (райпромкомбінат), с. Голоби Волинської області		0	0
Р2223	Відділ дорожнього і транспортного господарства, смт Голоби Волинської області		0	0
Р2224	Уповноважений Міністерства заготівель СРСР по Голобському району (райуповмінзаг), с. Голоби Волинської області		0	0
Р2225	Уповноважений Міністерства заготівель СРСР по Ковельському району (райуповмінзаг), м. Ковель Волинської області		0	0
Р2227	Турійська районна організація профспілки працівників освіти і науки, смт Турійськ Волинської області		0	0
Р2228	Голобська міжколгоспна будівельна організація, смт Голоби Волинської області		0	0
Р2229	Колективне сільськогосподарське підприємство (КСП) "Нива", с. Доротище Ковельського району Волинської області		0	0
Р2234	Колгосп "Червона Армія", с. Вижгів Оваднівського району Волинської області		0	0
Р2235	Раковецька сільська Рада депутатів трудящих, с. Раковець Любомльського району Волинської області		0	0
Р2236	Почапівська сільська рада, с. Почапи Любомльського району Волинської області		0	0
Р2237	Ладинська сільська рада, с. Ладинь Любомльського району Волинської області		0	0
Р2239	Чмикосівська сільська Рада депутатів трудящих, с. Чмикос Любомльського району Волинської області		0	0
Р224	Окружні лічильні комісії з виборів народних судів, м. Луцьк Волинської області		0	0
Р2241	Колгосп "Шлях до комунізму", с. Рогові Смоляри Головнянського району Волинської області		0	0
Р2243	Любомльське районне виробниче відділення з виробничо-технічного забезпечення сільського господарства, м. Любомль Волинської області		0	0
Р2244	Волинська обласна рада Українського товариства охорони природи, м. Луцьк Волинської області		0	0
Р2245	Будівельно-монтажне управління №14 по будівництву Іваничівського цукрового заводу, смт Іваничі Волинської області		0	0
Р2246	Берестечківський зоотехнічний технікум, м. Берестечко Горохівського району Волинської області		0	0
Р2248	Горохівський сільськогосподарський технікум, м. Горохів Волинської області		0	0
Р2249	Горохівська районна профспілкова організація працівників культури, м. Горохів Волинської області		0	0
Р2251	Колективне сільськогосподарське підприємство (КСП) ім. Б. Хмельницького, с. Грибовиця Іваничівського району Волинської області		0	0
Р2252	Колгосп ім. Крупської, с. Біличі Іваничівського району Волинської області		0	0
Р2253	Народний суд Цуманського району, смт Цумань		0	0
Р2255	ВНЗ "Володимир-Волинський агротехнічний коледж", м. Володимир-Волинський Волинської області		0	0
Р2256	Володимир-Волинський районний Будинок культури, м. Володимир-Волинський Волинської області		0	0
Р2257	Зарічанська сільська рада, с. Заріччя Володимир-Волинського району Волинської області		0	0
Р2258	Ковельський міський Будинок культури, м. Ковель Волинської області		0	0
Р2260	Відкрите акціонерне товариство (ВАТ) "Ковельльон", м. Ковель Волинської області		0	0
Р2261	Відділ культури виконкому Нововолинської райради, м. Нововолинськ Волинської області		0	0
Р2262	Планова комісія виконкому Володимир-Волинської районної Ради депутатів трудящих, м. Володимир-Волинський Волинської області		0	0
Р2265	Відділ народної освіти, смт Торчин Торчинського району Волинської області		0	0
Р2266	Торчинське відділення "Сільгосптехніка", смт Торчин Луцького району Волинської області		0	0
Р2267	Несвічівська сільська рада, с. Несвіч Луцького району Волинської області		0	0
Р2270	Луцьке районне виробниче об'єднання по виробничо-технічному забезпеченню сільського господарства (райсільгосптехніка), с. Гірка Полонка Луцького району Волинської області		0	0
Р2271	Горохівський районний комітет народного контролю		0	0
Р2272	Горохівське районне об'єднання "Сільгосптехніка", м. Горохів Волинської області		0	0
Р2275	Виконавчий комітет Торговищенської сільської Ради депутатів трудящих, с. Торговище Луківського району Волинської області		0	0
Р2276	Виконавчий комітет Комарівської сільської Ради депутатів трудящих, с. Комарів Луківського району Волинської області		0	0
Р2277	Фінансовий відділ Луківської райради (райфінвідділ), смт Луків Луківського району Волинської області		0	0
Р2280	Виконавчий комітет Вербичненської Другої сільської Ради депутатів трудящих, с. Вербичне Друге Турійського району Волинської області		0	0
Р2281	Виконавчий комітет Грабинської сільської Ради депутатів трудящих, с. Грабина Оваднівського району Волинської області		0	0
Р2282	Турійське районне споживче товариство, смт Турійськ Волинської області		0	0
Р2288	Рожищенська районна спілка споживчих товариств (райспоживспілка), м. Рожище Волинської області		0	0
Р2289	Народний суд Торчинського району, смт Торчині		0	0
Р2290	Виконавчий комітет Муравищенської сільської Ради депутатів трудящих, с. Муравище Ківерцівського району Волинської області		0	0
Р2291	Виконавчий комітет Преображенської сільської Ради депутатів трудящих, с. Преображенське Ківерцівського району Волинської області		0	0
Р2292	Виконавчий комітет Словатичівської сільської Ради депутатів трудящих, с. Словатичі Ківерцівського району Волинської області		0	0
Р2293	Цуманське звірогосподарство, смт Цумань Ківерцівського району Волинської області		0	0
Р2294	Олицька районна спілка споживчих товариств (райспоживспілка), смт Олика Олицького району Волинської області		0	0
Р2295	Іванчицівська сільська рада, с. Іванчиці Рожищенського району Волинської області		0	0
Р2297	Відокремлений підрозділ Шахта №1 "Нововолинська", м. Нововолинськ Волинської області		0	0
Р2298	Виконавчий комітет Нововолинської міської ради (міськвиконком), м. Нововолинськ Волинської області		0	0
Р23	Волинська обласна санітарно-епідеміологічна станція		0	0
Р2301	Державний вищий навчальний заклад "Нововолинський електромеханічний коледж", м. Нововолинськ Волинської області		0	0
Р2303	Ковельська районна профспілкова організація працівників споживчої кооперації, м. Ковель Волинської області		0	0
Р2304	Ковельське районне об'єднання "Сільгосптехніка", с. Любитів Ковельського району Волинської області		0	0
Р2305	Поворське відділення "Сільгосптехніка", с. Поворськ Ковельського району Волинської області		0	0
Р2307	Ковельський районний відділ соціального забезпечення (райсоцзабез), м. Ковель Ковельського району Волинської області		0	0
Р2308	Колективне сільськогосподарське підприємство (КСП) "Ковельське", с. Мощена Ковельського району Волинської області		0	0
Р2310	Управління агропромислового розвитку Ковельської райдержадміністрації, м. Ковель Волинської області		0	0
Р2311	Виконавчий комітет Годовичівської сільської Ради депутатів трудящих, с. Годовичі Луківського району Волинської області		0	0
Р2314	Кортеліська сільська рада, с. Кортеліси Ратнівського району Волинської області		0	0
Р2316	Колективне сільськогосподарське підприємство (КСП) "Нове життя", с. Конюхи Локачинського району Волинської області		0	0
Р2318	Волинське міжгосподарське об'єднання по агропромисловому будівництву "Волиньагробуд", м. Луцьк Волинської області		0	0
Р2319	Маневицький районний відділ автомобільного транспорту і шосейних доріг, смт. Маневичі Волинської області		0	0
Р2321	Волинська обласна рада добровільного спортивного товариства "Авангард", м. Луцьк Волинської області		0	0
Р2323	Рожищенський районний відділ комунального господарства, смт. Рожище Волинської області		0	0
Р2324	Рожищенський районний комітет народного контролю, м. Рожище Волинської області		0	0
Р2326	Інспектура Держкомісії України по випробуванню та охороні сортів рослин по Волинській області, м. Луцьк Волинської області		0	0
Р2327	Волинська обласна асоціація підприємств та організацій побутового обслуговування населення "Волиньсервіс", м. Луцьк Волинської області		0	0
Р2330	Селянська спілка "Привітне", с. Привітне Локачинського району Волинської області		0	0
Р2331	Колективне сільськогосподарське підприємство (КСП) "Зоря", с. Войнин Локачинського району Волинської області		0	0
Р2332	Колективне сільськогосподарське підприємство (КСП) "Україна", с. Береськ Рожищенського району Волинської області		0	0
Р2333	Колгосп ім. Хрущова, с. Вуйковичі Локачинського району Волинської області		0	0
Р2334	Колективне сільськогосподарське підприємство (КСП) "Нива", с. Білопіль Локачинського району Волинської області		0	0
Р2335	Колгосп ім. Коротченка, с. Кути Локачинського району Волинської області		0	0
Р2336	Селянська спілка "Павловичі", с. Павловичі Локачинського району Волинської області		0	0
Р2337	Колективне сільськогосподарське підприємство (КСП) ім. Чкалова, с. Линів Локачинського району Волинської області		0	0
Р2338	Колективне сільськогосподарське підприємство (КСП) ім. Шевченка, с. Тумин Локачинського району Волинської області		0	0
Р2339	Колективне сільськогосподарське товариство ім. Федорова, с. Колпитів Локачинського району Волинської області		0	0
Р2340	Колективне сільськогосподарське підприємство (КСП) "Мир", с. Дорогиничі Локачинського району Волинської області		0	0
Р2341	Колективне сільськогосподарське підприємство (КСП) "Діброва", с. Ворончин Рожищенського району Волинської області		0	0
Р2342	Виконавчий комітет Новозагорівської сільської Ради депутатів трудящих, с. Новий Загорів Локачинського району Волинської області		0	0
Р2343	Колгосп ім. Калініна, с. Кремеш Локачинського району Волинської області		0	0
Р2344	Колективне сільськогосподарське підприємство (КСП) "Маяк", с. Замличі Локачинського району Волинської області		0	0
Р2345	Колективне сільськогосподарське підприємство (КСП) "Урожай", с. Марковичі Локачинського району Волинської області		0	0
Р2346	Колективне сільськогосподарське підприємство (КСП) "Коритниця", с. Коритниця Локачинського району Волинської області		0	0
Р2347	Волинський обласний комітет народного контролю		0	0
Р2348	Волинська обласна рада всесоюзного товариства винахідників і раціоналізаторів (ВТВР), м. Луцьк		0	0
Р2349	Виконавчий комітет Підцир'янської сільської Ради депутатів трудящих, с. Підцир'я Камінь-Каширського району Волинської області		0	0
Р2351	Луківська сільська Рада депутатів трудящих, с. Лука Камінь-Каширського району Волинської області		0	0
Р2353	Виконавчий комітет Запруддівської сільської Ради депутатів трудящих, с. Запруддя Камінь-Каширського району Волинської області		0	0
Р2355	Заліська сільська рада, с. Залісся Камінь-Каширського району Волинської області		0	0
Р2356	Виконавчий комітет Підрічанської сільської Ради депутатів трудящих, с. Підріччя Камінь-Каширського району Волинської області		0	0
Р2358	Камінь-Каширське територіальне виробниче колгоспно-радгоспне управління, м. Камінь-Каширський Волинської області		0	0
Р2359	Управління агропромислового розвитку Камінь-Каширської РДА, м. Камінь-Каширський Волинської області		0	0
Р2360	Камінь-Каширська районна Рада профспілки працівників агропромислового комплексу, м. Камінь-Каширський Волинської області		0	0
Р2362	Волинське обласне виробниче об'єднання по виробничо-технічному забезпеченню сільського господарства		0	0
Р389	Волинський центр народної творчості		0	0
Р2364	Редакція Любешівської районної газети "Нове життя", смт Любешів Волинської області		0	0
Р2365	Волинське дорожньо-транспортне управління №1, м. Луцьк Волинської області		0	0
Р2366	Луцька міська лікарня (міськлікарня), м. Луцьк Волинської області		0	0
Р2368	Управління капітального будівництва, м. Луцьк Волинської області		0	0
Р2370	Крупівська спеціальна загальноосвітня школа-інтернат, с. Крупа Луцького району Волинської області		0	0
Р2371	Волинська обласна державна насіннєва інспекція, м. Луцьк Волинської області		0	0
Р2372	Колгосп "Перемога", с. Губин Затурцівського району Волинської області		0	0
Р2373	Колгосп ім. Щорса, с. Маньків Затурцівського району Волинської області		0	0
Р2374	Колективне сільськогосподарське підприємство (КСП) "Промінь", с. Окорськ Локачинського району Волинської області		0	0
Р2375	Локачинський районний комітет народного контролю, смт Локачі Волинської області		0	0
Р2376	Колгосп "Червона Зірка", с. Т вердині Затурцівського району Волинської області		0	0
Р2377	Колгосп "Червоний маяк", с. Іванів Затурцівського району Волинської області		0	0
Р2378	Колгосп ім. Сталіна, с. Війниця Затурцівського району Волинської області		0	0
Р2379	Колгосп ім. Ватутіна, с. Павловичі Локачинського району Волинської області		0	0
Р2380	Колгосп ім.30-річчя комсомолу, с. Киселин Затурцівського району Волинської області		0	0
Р2381	Селянська спілка "Дружба", с. Переславичі Іваничівського району Волинської області		0	0
Р2382	Колгосп "Перемога", с. Заячиці Локачинського району Волинської області		0	0
Р2383	Колгосп ім. Ворошилова, с. Роговичі Локачинського району Волинської області		0	0
Р2384	Відділ соціального забезпечення (райсоцзабез), м. Горохів Волинської області		0	0
Р2387	Волинський обласний ендокринологічний диспансер, м. Луцьк Волинської області		0	0
Р2389	Маневицький районний промисловий комбінат (райпромкомбінат), смт Маневичі Волинської області		0	0
Р2390	Маневицький районний харчовий комбінат (райхарчокомбінат), смт Маневичі Волинської області		0	0
Р2391	Колективне сільськогосподарське підприємство (КСП) "Нива", с. Миляновичі Турійського району Волинської області		0	0
Р2392	Колективне сільськогосподарське підприємство (КСП) ім. Пархоменка, с. Дольськ гурійського району Волинської області		0	0
Р2393	Шахта №6 "Нововолинська", смт Жовтневе Волинської області		0	0
Р2397	Нововолинський рудоремонтний завод, м. Нововолинськ Волинської області		0	0
Р2399	Володимир-Волинська міжколгоспна будівельна організація, м. Володимир-Волинський Волинської області		0	0
Р24	Волинський обласний суд		0	0
Р2400	Відкрите акціонерне товариство (ВАТ) "Луга", м. Володимир-Волинський Волинської області		0	0
Р2404	Державна інспекція захисту рослин Волинської області, м. Луцьк Волинської області		0	0
Р2405	Володимир-Волинське територіальне виробниче колгоспно-радгоспне управління, м. Володимир-Волинський Волинської області		0	0
Р2406	Управління агропромислового розвитку, м. Володимир-Волинський Волинської області		0	0
Р2407	Колективне сільськогосподарське підприємство (КСП) "Топилищанське", с. Топилище Іваничівського району Волинської області		0	0
Р2408	Колективне сільськогосподарське підприємство (КСП) "Зоря", с. Підгородне Любомльського району Волинської області		0	0
Р2409	Любомльський районний будинок культури, м. Любомль Волинської області		0	0
Р2411	Любомльське медичне училище, м. Любомль Волинської області		0	0
Р2412	Любомльський туберкульозний санаторій, с. Замлиння Любомльського району Волинської області		0	0
Р2413	Відділ економіки та розвитку інфраструктури, м. Любомль Волинської області		0	0
Р2414	Любомльський районний комітет народного контролю, м. Любомль Волинської області		0	0
Р2415	Любомльське територіальне виробниче колгоспно-радгоспне управління, м. Любомль Волинської області		0	0
Р2416	Колективне сільськогосподарське підприємство (КСП) "Батьківщина, с. Доросині Рожищенського району Волинської області		0	0
Р2417	Колгосп ім. Будьонного, с. Береськ Затурцівського району Волинської області		0	0
Р2418	Колективне сільськогосподарське підприємство пайовиків (КСПП) "Кобче", с. Кобче Рожищенського району Волинської області		0	0
Р2419	Відкрите акціонерне товариство (ВАТ) "Луцьке виробничо-торговельне швейне підприємство "Волинь", м. Луцьк Волинської області		0	0
Р2420	Акціонерне товариство відкритого типу "Волиньвтормет", м. Луцьк Волинської області		0	0
Р2422	Лищенська сільська Рада депутатів трудящих, с. Лище Ківерцівського району Волинської області		0	0
Р2423	Дослідне господарство "Олицьке" НВО "Еліта", смт Олика Ківерцівського району Волинської області		0	0
Р2429	Фінансове управління Ківерцівської райдержадміністрації, м. Ківерці Волинської області		0	0
Р2430	Фінансове управління Ковельської райдержадміністрації, м. Ковель Волинської області		0	0
Р2431	Виконавчий комітет Підліської сільської Ради депутатів трудящих, с. Підліси Голобського району Волинської області		0	0
Р2432	Ковельський районний комітет профспілки працівників освіти, вищої школи і наукових установ, м. Ковель Волинської області		0	0
Р2435	Ковельський районний промисловий комбінат (райпромкомбінат), смт Голоби Ковельського району Волинської області		0	0
Р2438	Ковельська міжгосподарська будівельна організація, м. Ковель Волинської області		0	0
Р2439	Ковельський хімлісгосп , м. Ковель Волинської області		0	0
Р2440	Ковельський міський комітет народного контролю, м. Ковель Волинської області		0	0
Р2441	Волинський ліспромгосп ", м. Ковель Волинської області		0	0
Р2442	Військове сільськогосподарське підприємство (ВСГП) "Липини", с. Липини Луцького району Волинської області		0	0
Р2443	Плодорозсадницький радгосп "Луцький", с. Першотравневе Луцького району Волинської області		0	0
Р2444	Луцька міжгосподарська пересувна механізована колона №11 (МПМК - 11), м. Луцьк Волинської області		0	0
Р2446	Колгосп ім.Шевченка, с. Гуща Ківерцівського району Волинської області		0	0
Р2447	Володимир-Волинський міський комітет народного контролю, м. Володимир-Волинський Волинської області		0	0
Р2448	Колгосп ім. Куйбишева, с. Володимирівка Володимир-Волинського району Волинської області		0	0
Р2449	Селянська спілка "Дружба", с. Березовичі Володимир-Волинського району Волинської області		0	0
Р2450	Спілка селян "Золотий колос", с. Хобултова Володимир-Волинського району Волинської області		0	0
Р2451	Устилузький районний промисловий комбінат (райпромкомбінат), м. Устилуг Володимир-Волинського району Волинської області		0	0
Р2452	Колгосп ім. 40-річчя Жовтня, с. Хотячів Володимир-Волинського району Волинської області		0	0
Р2453	Колгосп "Перемога", с. Русів Володимир-Волинського району Волинської області		0	0
Р2454	Селянська спілка "Нива", с. Ласків Володимир-Волинського району Волинської області		0	0
Р2455	Колгосп ім. Маленкова, с. Владиславівка Володимир-Волинського району Волинської області		0	0
Р2456	Селянська спілка "Хлібороб", с. Бегета Володимир-Волинського району Волинської області		0	0
Р2457	Селянська спілка "Турія", с. Галинівка Володимир-Волинського району Волинської області		0	0
Р2458	Колгосп ім. Леніна, с. Новосілки Володимир-Волинського району Волинської області		0	0
Р2459	Колгосп ім. Калініна, с. Лобачин Володимир-Волинського району Волинської області		0	0
Р246	Обласні і районні комісії по збору підписів трудящих під Стокгольмським зверненням Постійного Комітету Всесвітнього Конгресу прихильників миру		0	0
Р2460	Виконавчий комітет Маркоставської сільської Ради депутатів трудящих, с. Маркостав Володимир-Волинського району Волинської області		0	0
Р2461	Колгосп ім. Сталіна, с. Тростянка Устилузького району Волинської області		0	0
Р2462	Виконавчий комітет Когильненської сільської Ради депутатів трудящих, с. Когильне Оваднівського району Волинської області		0	0
Р2463	Колгосп "Іскра комунізму", с. Черчичі Володимир-Волинського району Волинської області		0	0
Р2464	Виконавчий комітет Хворостівської сільської Ради депутатів трудящих, с. Хворостів Володимир-Волинського району Волинської області		0	0
Р2466	Радгосп "Трирічка" , м. Володимир-Волинський Волинської області		0	0
Р2467	Колгосп "Іскра", с. Затишшя Шацького району Волинської області		0	0
Р2468	Колгосп ім. Будьонного, с. Пулемець Шацького району Волинської області		0	0
Р2469	Колгосп "Перемога", с. Гороховище Головнянського району Волинської області		0	0
Р2470	Колгосп ім. Чапаєва, с. Перешпа Шацького району Волинської області		0	0
Р2471	Колгосп ім. Шевченка, с. Прип'ять Шацького району Волинської області		0	0
Р2472	Колгосп "Перемога", с. Кам'янка Шацького району Волинської області		0	0
Р2474	Виконавчий комітет Роговосмолярівської сільської Ради депутатів трудящих, с. Рогові Смоляри Головнянського району Волинської області		0	0
Р2475	Колективне сільськогосподарське підприємство (КСП) "Нове життя", с. Сереховичі Старовижівського району Волинської області		0	0
Р2476	Колгосп "Зоря", с. Рокита Старовижівіського району Волинської області		0	0
Р2479	Колективне сільськогосподарське підприємство (КСП) "Колос", с. Рудня Старовижівського району Волинської області		0	0
Р248	Волинська обласна контора по заготівлі, переробці та збуту плодоовочів Укрторгплодоовочтресту		0	0
Р2481	Колективне сільськогосподарське підприємство (КСП) "Маяк", с. Мизове Старовижівського району Волинської області		0	0
Р2483	Колективне сільськогосподарське підприємство (КСП) "Прип'ять", с. Прип'ять Шацького району Волинської області		0	0
Р2484	Колективне сільськогосподарське підприємство (КСП) "Городнянське", с. Городнє Любомльського району Волинської області		0	0
Р2485	Колективне сільськогосподарське підприємство (КСП) "Світязь", с. Світязь Шацького району Волинської області		0	0
Р2486	Відділ освіти і науки Іваничівської райдержадміністрації, смт Іваничі Волинської області		0	0
Р2489	Вірний Володимир Миколайович (1923–1994), вчений-агроном, Герой Соціалістичної Праці, ветеран Великої Вітчизняної війни		0	0
Р249	Луцьке повітове управління комунального господарства		0	0
Р2490	Колективне сільськогосподарське підприємство (КСП) "Світанок", с. Поступель Ратнівського району Волинської області		0	0
Р2491	Колективне сільськогосподарське підприємство (КСП) "Комсомолець", с. Велимче Ратнівського району Волинської області		0	0
Р2493	Колективне сільськогосподарське підприємство (КСП) "Росія", с. Жиричі Ратнівського району Волинської області		0	0
Р2494	Об'єднання пайовиків колгоспу "Прогрес", с. Видраниця Ратнівського району Волинської області		0	0
Р2495	Відділ комунального господарства (райкомунгосп), с. Заболоття Волинської області		0	0
Р2497	Акціонерно-пайове об'єднання "Агрофірма "Волинь", смт Заболоття Ратнівського району Волинської області		0	0
Р2499	Волинський обласний кардіологічний диспансер, м. Луцьк		0	0
Р25	Відділ освіти виконкому Луцької міської ради		0	0
Р2500	Відкрите акціонерне товариство (ВАТ) "Енко", м. Луцьк Волинської області		0	0
Р2501	Відокремлений підрозділ "Шахта №5 "Нововолинська", м. Нововолинськ Волинської області		0	0
Р2502	Державна установа Волинський обласний державний проектно-технологічний центр охорони родючості ґрунтів і якості продукції (ДУ Волинський центр "Облдержродючість"), м. Луцьк Волинської області		0	0
Р2503	Вереснева селищна Рада народних депутатів, смт Вересневе Волинської області		0	0
Р2506	Відкрите акціонерне товариство (ВАТ) "Волиньдеревпром", м. Луцьк Волинської області		0	0
Р2508	Колгосп "Прогрес", с. Гать Торчинського району Волинської області		0	0
Р2509	Колективне сільськогосподарське підприємство (КСП) "Несвіч", с. Несвіч Луцького району Волинської області		0	0
Р2511	Волинське будівельно-монтажне управління №62 м. Ковель		0	0
Р2512	Колективне сільськогосподарське підприємство (КСП) "Світанок", с. Боровичі Маневицького району Волинської області		0	0
Р2513	Колективне сільськогосподарське підприємство (КСП) "Комсомолець", с. Криничне Маневицького району Волинської області		0	0
Р2514	Колективне сільськогосподарське підприємство (КСП) "Стохід", с. Ситовичі Ковельського району Волинської області		0	0
Р2515	Колективне сільськогосподарське підприємство (КСП) "Нове життя", с. Чорниж Маневицького району Волинської області		0	0
Р2516	Колгосп ім.Рокосовського, с. Козлиничі Колківського району Волинської області		0	0
Р2517	Колективне сільськогосподарське підприємство (КСП) ім. Лесі Українки, с. Костюхнівка Маневицького району Волинської області		0	0
Р2518	Колективне сільськогосподарське підприємство (КСП) "Волинь", с. Старосілля Маневицького району Волинської області		0	0
Р2519	Колгосп «30-річчя Жовтня», с. Озерне Маневицького району Волинської області		0	0
Р2520	Колективне сільськогосподарське підприємство (КСП) "Зоря", с. Цміни Маневийького району Волинської області		0	0
Р2521	Асоціація пайовиків "Маяк", с. Рудники Маневицького району Волинської області		0	0
Р2522	Колективне сільськогосподарське підприємство (КСП) "Жовтень", с. Четвертня Маневицького району Волинської області		0	0
Р2523	Колективне сільськогосподарське підприємство (КСП) "Росія", с. Холоневичі Ківерцівського району Волинської області		0	0
Р2524	Колгосп "Дружба", с. Домашів Цуманського району Волинської області		0	0
Р2525	Колгосп "Червоний партизан", с. Клубочин Цуманського району Волинської області		0	0
Р2526	Колективне сільськогосподарське підприємство (КСП) ім. Шевченка, с. Липне Ківерцівського району Волинської області		0	0
Р2527	Луцька міжобласна виробничо-експлуатаційна контора зрідженого газу "Укргаз", м. Луцьк		0	0
Р2528	Колективне сільськогосподарське підприємство (КСП) "Зоря", с. Чемерин Ківерцівського району Волинської області		0	0
Р2529	Колективне сільськогосподарське підприємство (КСП) "Промінь", с. Сильне Ківерцівського району Волинської області		0	0
Р2530	Колективне сільськогосподарське підприємство (КСП) "Нива", с. Звірів Ківерцівського району Волинської області		0	0
Р2531	Акціонерно-пайове товариство "Дружба", с. Журавичі Ківерцівського району Волинської області		0	0
Р2532	Колгосп "Прогрес", с. Личани Цуманського району Волинської області		0	0
Р2533	Товариство з обмеженою відповідальністю (ТзОВ) "Сільенерго", м. Луцьк		0	0
Р2535	Колективне сільськогосподарське підприємство (КСП) "Нива", с. Уляники Рожищенського району Волинської області		0	0
Р2536	Колективне сільськогосподарське підприємство (КСП) ім. Івана Франка, с. Літогоща Рожищенського району Волинської області		0	0
Р2540	Колгосп ім. Ватутіна, с. Шменьки Заболотівського району Волинської області		0	0
Р2542	Технічне бюро при архітекторі Ратнівського району, смт Ратне Волинської області		0	0
Р2543	Колгосп ім. Калініна, с. Заліси Заболотівського району Волинської області		0	0
Р2544	Колективне сільськогосподарське підприємство (КСП) "Прип'ять", с. Річиця Ратнівського району Волинської області		0	0
Р2545	Акціонерно-пайове об'єднання "Полісся", с. Здомишель Ратнівського району Волинської області		0	0
Р2546	Ратнівська міжколгоспна будівельна організація, смт Ратне Волинської області		0	0
Р2547	Акціонерно-пайове об'єднання ім. Суворова, с. Датинь Ратнівського району Волинської області		0	0
Р2548	Акціонерно-пайове об'єднання ім. Лесі Українки, с. Заброди Ратнівського району Волинської області		0	0
Р2549	Відділ будівництва і експлуатації автомобільних доріг, смт Турійськ Волинської області		0	0
Р2550	Турійський районний відділ статистики, смт Турійськ Волинської області		0	0
Р2552	Колективне сільськогосподарське підприємство (КСП) "Батьківщина", с. Чорніїв Турійського району Волинської області		0	0
Р2553	Колективне сільськогосподарське підприємство (КСП) ім. Шевченка, с. Туличів Турійського району Волинської області		0	0
Р2554	Колгосп ім. Карла Маркса, с. Свинарин Турійського району Волинської області		0	0
Р2555	Колгосп ім. Івана Франка, с. Чорніїв Турійського району Волинської області		0	0
Р2557	Товариство з обмеженою відповідальністю "Проектно-вишукувальний інститут "Волиньагропроект" (ТОВ "ПВІ "Волиньагропроект"), м. Луцьк Волинської області		0	0
Р2558	Волинське обласне правління науково-технічного товариства харчової промисловості, м. Луцьк		0	0
Р2559	Селянська спілка "Скірче", с. Скірче Горохівського району Волинської області		0	0
Р2561	Горохівська районна профспілкова організація працівників агропромислового комплексу, м. Горохів Волинської області		0	0
Р2563	Горохівське виробниче колгоспно-радгоспне управління, м. Горохів Волинської області		0	0
Р2564	Управління агропромислового розвитку, м. Горохів Волинської області		0	0
Р2565	Колективне сільськогосподарське підприємство (КСП) ім. Шевченка, с. Секунь Старовижівського району Волинської області		0	0
Р2566	Колективне сільськогосподарське підприємство (КСП) "Заповіт", с. Піща Шацького району Волинської області		0	0
Р39	Фінансове управління Волинської обласної державної адміністрації		0	0
Р2567	Сірничківська сільська Рада депутатів трудящих, с. Сірнички Затурцівського району Волинської області		0	0
Р2570	Управління агропромислового розвитку, смт Локачі Волинської області		0	0
Р2572	Технічне бюро при архітекторі Локачинського району, смт Локачі Волинської області		0	0
Р2574	Колгосп ім. Шолохова, с. Романівка Іваничівського району Волинської області		0	0
Р2577	Відкрите акціонерне товариство (ВАТ) "Ковельський крохмальний завод", м. Ковель Волинської області		0	0
Р26	Волинське обласне аптекоуправління		0	0
Р269	Група старшого контролера Державного контролю Союзу РСР за витрачанням та зберіганням хлібопродуктів по Волинській області		0	0
Р27	Волинська обласна контора «Заготскотовідгодівля»		0	0
Р2706	Мельниківська сільська Рада депутатів трудящих		1	1
Р2712	Народний суд Маневицького району, смт Маневичі		0	0
Р28	Волинське обласне підприємство електрозв’язку «Волиньтелеком»		0	0
Р2819	Прокуратура Маневицького району, смт Маневичі		0	0
Р2820	Прокуратура Колківського району, смт Колки		0	0
Р2877	Народний суд Оваднівського району, с. Овадне		0	0
Р2878	Народний суд Володимир-Волинського району II дільниці, м. Володимир-Волинський		0	0
Р2888	Народний суд I дільниці Володимир-Волинського району		0	0
Р2892	Іваничівський районний комітет народного контролю		0	0
Р29	Управління житлово-комунального господарства Волинської обласної державної адміністрації		0	0
Р2905	Байдуков Олександр Васильович (1923–2005), народний художник України		0	0
Р292	Волинська обласна контора В/о «Заготживсировина»		0	0
Р293	Тимчасове управління м. Луцька		0	0
Р2933	Ківерцівський спеціальний дошкільний дитячий будинок "Сонечко", м. Ківерці		0	0
Р294	Виконавчий комітет Ковельської міської Ради народних депутатів		0	0
Р295	Волинське обласне управління статистики		0	0
Р296	Відділ освіти виконкому Ковельської міської ради		0	0
Р2977	Народний суд Ківерцівського району, м. Ківерці		0	0
Р2978	Народний суд Любешівського району, смт Любешів		0	0
Р299	Володимир-Волинський повітовий військовий комісаріат		0	0
Р2993	Володимир-Волинський дошкільний дитячий будинок, м. Володимир-Волинський		0	0
Р30	Волинське обласне дочірнє підприємство Державної акціонерної компанії «Хліб України»		0	0
Р300	Луцька обласна контрактаційно-заготівельна контора «Головрослинкаучук»		0	0
Р3039	Прокуратура Любешівського району, смт Любешів		0	0
Р3052	Прокуратура Заболоттівського району, смт Заболоття		0	0
Р3056	Прокуратура Устилузького району, м. Устилуг		0	0
Р3068	Устилузький дитячий будинок, м. Устилуг		0	0
Р307	Волинський обласний комітет профспілки робітників лісу і сплаву		0	0
Р3085	Луцький державний технічний університет		0	0
Р3092	Прокуратура Теремнівського району, с. Теремне		0	0
Р31	Фінансовий відділ виконкому Піддубцівської районної Ради депутатів трудящих		0	0
Р310	Луцька обласна збутова база «Укртютюнмахортрест»		0	0
Р3142	Богачук Олександр Феофілович (18.12.1933–17.05.1994), письменник, член Спілки письменників СРСР		0	0
Р390	Волинське обласне лекційне бюро		0	0
Р3144	Волинське обласне виробничо-торгове об’єднання підприємств громадського харчування		0	0
Р3147	Симакович Вадим Олексійович (1903–1969), український прозаїк, драматург, памфлетист, член Спілки письменників СРСР, Спілки журналістів СРСР		0	0
Р315	Устилузький районний відділ сільського господарства		0	0
Р316	Луцький повітовий військовий комісаріат		0	0
Р3166	Прокуратура Ковельської залізниці, м. Ровно		0	0
Р3167	Лінійний суд Ковельської залізниці м. Ровно		0	0
Р3172	Ківерцівський районний комітет народного контролю		0	0
Р318	Виконавчий комітет Цуманської районної Ради депутатів трудящих		0	0
Р3186	Ошуркевич Олексій Федорович (1933–2010), збирач і дослідник фольклору, народнопісенної творчості, етнографії та побуту Волинського краю		0	0
Р319	Волинське обласне управління матеріально-технічного забезпечення і ремонтно-технічних станцій		0	0
Р3190	Знатні люди Волинського краю		0	0
Р3191	Шафета Полікарп Гервасійович (1935–1996), заслужений журналіст України, головний редактор обласної незалежної громадсько-політичної газети «Волинь»		0	0
Р3198	Шапов Анатолій Данилович (1927–1989), художній керівник заслуженого ансамблю пісні і танцю УРСР «Колос» Торчинського будинку культури, заслужений працівник культури Української РСР, самодіяльний композитор		0	0
Р32	Управління сільського господарства і продовольства Волинської обласної державної адміністрації		0	0
Р3206	Балабуха Федір Олексійович (1926–1990), актор Волинського українського музично-драматичного театру імені Т. Г. Шевченка		0	0
Р3207	Камінь-Каширський районний комітет народного контролю		0	0
Р321	Відділ пожежної охорони Управління Народного комісаріату внутрішніх справ по Волинській області		0	0
Р3210	Лежанська Людмила Ярославівна (1947–1981), поетеса		0	0
Р3211	Сміян Петро Кіндратович (1918–2011), історик, доктор історичних наук, професор		0	0
Р322	Штаб робітничої гвардії		0	0
Р3246	Харчук Борис Микитович (1931–1988), письменник		0	0
Р326	Виконавчий комітет Головнянської районної Ради депутатів трудящих		0	0
Р3260	Герасимчук Віктор Гнатович (1935–2004), композитор, член Спілки композиторів СРСР		0	0
Р327	Володимир-Волинський міжрайонний державний інспектор по визначенню урожайності		0	0
Р328	Камінь-Каширський міжрайонний державний інспектор по визначенню урожайності		0	0
Р3282	Відкрите акціонерне товариство «Луцький шовковий комбінат “Волтекс”»		0	0
Р3288	Канішевський Григорій Митрофанович (1912–1991), народний артист УРСР, фундатор Волинського обласного українського музично-драматичного театру імені Т. Г. Шевченка		0	0
Р329	Луцький міжрайонний державний інспектор по визначенню урожайності		0	0
Р33	Управління торгівлі виконавчого комітету Волинської обласної ради народних депутатів		0	0
Р333	Волинська обласна контора Торговельного банку		0	0
Р334	Волинський обласний комітет профспілки робітників борошномельної промисловості та елеваторів		0	0
Р337	Виконавчий комітет Володимир-Волинської міської ради		0	0
Р339	Володимир-Волинська районна рада		0	0
Р34	Відкрите акціонерне товариство (ВАТ) «Волиньхарчопром»		0	0
Р341	Волинська обласна рада промислової кооперації «Облпромрада»		0	0
Р3410	Волинське зарубіжжя		0	0
Р342	Ягодинська митниця		0	0
Р3441	Рожко Володимир Євтухович (1940), історик-архівіст, дійсний член Інституту дослідів Волині у Вінніпезі та представник його в Україні, Почесний доктор історії Української православної церкви, публіцист, краєзнавець		0	0
Р3475	Володимир-Волинський дитячий будинок №2, м. Володимир-Волинський		0	0
Р353	Виконавчий комітет Олицької районної Ради депутатів трудящих		0	0
Р354	Іваничівська районна рада		0	0
Р3556	Макар Юрій Іванович (1935), професор Чернівецького національного університету імені Юрія Федьковича, почесний професор Волинського національного університету імені Лесі Українки		0	0
Р356	Виконавчий комітет Торчинської районної Ради депутатів трудящих		0	0
Р357	Волинське обласне видавництво «Облвидав»		0	0
Р3574	Рожищенський дитячий будинок, смт Рожище		0	0
Р358	Волинський обласний комітет профспілки працівників політосвітніх установ		0	0
Р3583	Гущанський дитячий будинок, с. Гуща		0	0
Р36	Волинська обласна контора із заготівлі племінної худоби		0	0
Р3601	Комунальне підприємство «Волинський обласний інформаційно-аналітичний центр медичної статистики», м. Луцьк		0	0
Р361	Державний геологорозвідувальний трест «Волинськвуглегеологія» Міністерства вугільної промисловості УРСР		0	0
Р362	Волинський обласний комітет профспілки фінансово-банківських працівників		0	0
Р3627	Пясецький Вальдемар Едвардович (1934–2020), краєзнавець, мистецтвознавець, дослідник Волині, лауреат обласної премії ім. Олександра Цинкаловського		0	0
Р3636	Іващенко Дмитро Полікарпович (1919–2004), педагог, лідер дисидентського руху 60-х років ХХ ст. на Волині, в’язень радянського режиму, керівник літературних студій		0	0
Р365	Відкрите акціонерне товариство (ВАТ) «Волиньльонпром»		0	0
Р366	Відкрите акціонерне товариство (ВАТ) «Волиньпаливо»		0	0
Р367	Луцьке хіміко-лісове господарство (хімлісгосп)		0	0
Р368	Волинська рада кооперативного страхування членів артілей промислової кооперації і кооперації інвалідів «Облпромстрахрада»		0	0
Р369	Закрите акціонерне товариство Волинська виробничо-торговельна фірма «Світязь»		0	0
Р37	Управління служби місцевої протиповітряної оборони		0	0
Р370	Волинське виробничо-територіальне госпрозрахункове об'єднання будматеріалів "Волиньбудматеріали", м. Луцьк Волинської області		0	0
Р371	Управління кінофікації Волинського облвиконкому		0	0
Р374	Державна акціонерна енергопостачальна компанія «Волиньобленерго»		0	0
Р376	Волинський державний університет імені Лесі Українки		0	0
Р378	Луцька повітова міліція 3-го району		0	0
Р379	Контрольно-ревізійне управління у Волинській області		0	0
Р38	Луцьке міське відділення міліції		0	0
Р380	Управління з питань фізичної культури і спорту Волинської обласної державної адміністрації		0	0
Р383	Волинський обласний сільський будівельний трест		0	0
Р384	Волинське обласне управління по будівництву в колгоспах		0	0
Р385	Волинське обласне будівельне управління		0	0
Р386	Управління в справах поліграфічної промисловості, видавництв і книжкової торгівлі виконкому Волинської обласної Ради депутатів трудящих		0	0
Р387	Волинське обласне виробниче об’єднання по племінній справі в тваринництві		0	0
Р388	Волинський обласний методичний кабінет культурно-освітньої роботи		0	0
Р391	Волинський обласний комітет профспілки працівників споживчої кооперації		0	0
Р392	Картотека колишніх радянських військовополонених		0	0
Р393	Відділ у справах релігій Волинської обласної державної адміністрації		0	0
Р395	Державне підприємство "Волинський науково-виробничий центр стандартизації, метрології та сертифікації (ДП "Волиньстандартметрологія"), м. Луцьк Волинської області		0	0
Р396	Луцька кооперативно-промислова артіль інвалідів «Харчовик»		0	0
Р397	Ремонтно-будівельна контора		0	0
Р399	Теремнівський районний уповноважений Міністерства заготівель СРСР (райуповмінзаг)		0	0
Р40	Виконавчий комітет Піддубцівської районної Ради депутатів трудящих		0	0
Р401	Волинський обласний комітет профспілки працівників зв’язку		0	0
Р402	Волинський обласний навчально-методичний інститут післядипломної освіти педагогічних кадрів		0	0
Р404	Волинська обласна спілка лісної, лісохімічної, меблевої та деревообробної промислової кооперації «Облліспромспілка»		0	0
Р405	Луцьке транспортно-експедиційне агентство		0	0
Р408	Луцька промислова артіль «Транспортник»		0	0
Р409	Зібрання листів радянських громадян, примусово вивезених німецько-фашистськими окупантами в Німеччину (колекція)		0	0
Р41	Теремнівський районний комісаріат		0	0
Р410	Ківерцівський районний комісаріат		0	0
Р416	Волинський обласний млинарський трест «Облмлинтрест»		0	0
Р417	Виконавчий комітет Теремнівської районної Ради депутатів трудящих		0	0
Р42	Відділ охорони здоров’я виконкому Луцької міської ради		0	0
Р420	Відділ у справах культурно-освітньої роботи виконкому Волинської обласної Ради депутатів трудящих		0	0
Р421	Аптечне управління Волинської обласної державної адміністрації		0	0
Р424	Адвокатське об’єднання «Волинська обласна колегія адвокатів»		0	0
Р426	Волинське обласне управління промислових товарів широкого вжитку		0	0
Р427	Волинська обласна клінічна лікарня		0	0
Р432	Виконавчий комітет Сенкевичівської районної Ради депутатів трудящих		0	0
Р435	Ратнівська районна рада		0	0
Р437	Ратнівський районний відділ будівництва і експлуатації автомобільних шляхів		0	0
Р438	Мельники-Річицька сільська Рада депутатів трудящих		0	0
Р44	Волинський обласний адміністративно-господарський відділ Управління Народного комісаріату внутрішніх справ		0	0
Р440	Річицька сільська рада		0	0
Р442	Якушівська сільська Рада депутатів трудящих		0	0
Р443	Волинське обласне управління Державного спеціалізованого комерційного Ощадного банку України		0	0
Р445	Фінансовий відділ виконкому Цуманської районної Ради депутатів трудящих		0	0
Р446	Цуманський районний відділ сільського господарства		0	0
Р447	Відділ народної освіти виконкому Цуманської районної Ради депутатів трудящих		0	0
Р448	Цуманський районний відділ шляхового і транспортного господарства		0	0
Р45	Відділ народної освіти виконкому Піддубцівської районної Ради депутатів трудящих		0	0
Р451	Цуманська районна спілка споживчих товариств (райспоживспілка)		0	0
Р452	Цуманська машинно-тракторна станція (МТС)		0	0
Р453	Цуманська районна лікарня		0	0
Р454	Відділ соціального забезпечення виконкому Цуманської районної Ради депутатів трудящих		0	0
Р456	Відділ охорони здоров’я виконкому Цуманської районної Ради депутатів трудящих		0	0
Р458	Цуманський районний промисловий комбінат		0	0
Р459	Цуманський районний харчовий комбінат		0	0
Р46	Волинська обласна спілка споживчих товариств «Облспоживспілка»		0	0
Р461	Відділ торгівлі виконкому Цуманської районної Ради депутатів трудящих		0	0
Р462	Цуманський районний промисловий комбінат споживчих товариств		0	0
Р465	Волинський обласний комітет Товариства Червоного Хреста		0	0
Р467	Волинський обласний комітет Добровільного товариства сприяння обороні, авіаційному і хімічному будівництву СРСР (ТСОАВІАХІМ)		0	0
Р468	Волинський обласний комітет Товариства сприяння обороні України(ТСОУ)		0	0
Р469	Волинський обласний комітет Добровільного товариства сприяння армії(ДТСАРМ)		0	0
Р47	Луцький державний пивоварний завод №1		0	0
Р470	Відділ охорони здоров’я виконкому Торчинської районної Ради депутатів трудящих		0	0
Р471	Торчинський районний відділ комунального господарства		0	0
Р473	Колгосп «Більшовик», с. Окорськ		0	0
Р474	Колгосп імені Ворошилова, с. Великий Окорськ		0	0
Р478	Затурцівський районний промисловий комбінат		0	0
Р479	Затурцівський районний комбінат комунального господарства		0	0
Р480	Волинська державна обласна універсальна наукова бібліотека імені Олени Пчілки		0	0
Р481	Любомльська районна рада		0	0
Р483	Любомльський районий відділ сільського господарства		0	0
Р484	Любомльська машинно-тракторна станція (МТС)		0	0
Р485	Відділ соціального забезпечення виконкому Любомльської районної Ради депутатів трудящих		0	0
Р486	Любомльська районна спілка споживчих товариств (райспоживспілка)		0	0
Р487	Любомльський міський відділ комунального господарства		0	0
Р49	Відділ мистецтв виконкому Волинської обласної Ради депутатів трудящих		0	0
Р490	Вишнівська сільська рада		0	0
Р491	Глинянківська сільська Рада депутатів трудящих		0	0
Р492	Запільська сільська рада		0	0
Р493	Заставська сільська Рада депутатів трудящих		0	0
Р494	Коцурівська сільська Рада депутатів трудящих		0	0
Р495	Коцурівська сільська Рада депутатів трудящих		0	0
Р496	Кутівська сільська Рада депутатів трудящих		0	0
Р499	Прикордонна державна інспекція по карантину рослин		0	0
Р5	Окружна виборча комісія по виборах до Луцької міської Ради депутатів трудящих		0	0
Р500	Ківерцівська районна рада		0	0
Р501	Ківерцівський районний відділ по будівництву в колгоспах		0	0
Р502	Ківерцівський районний відділ комунального господарства		0	0
Р504	Ківерцівський районний відділ статистики		0	0
Р505	Відділ культурно-освітньої роботи виконкому Ківерцівської районної Ради депутатів трудящих		0	0
Р506	Ківерцівський районний відділ кінофікації		0	0
Р507	Ківерцівська селищна Рада депутатів трудящих		0	0
Р508	Вишнівська сільська Рада депутатів трудящих		0	0
Р509	Вишнівська сільська Рада депутатів трудящих		0	0
Р51	Дирекція підприємства №17, що будується, Народного комісаріату зв’язку СРСР		0	0
Р511	Прокуратура Волинської області		0	0
Р512	Фінансовий відділ виконкому Колківської районної Ради депутатів трудящих		0	0
Р513	Відділ охорони здоров’я виконкому Колківської районної Ради депутатів трудящих		0	0
Р514	Колківська районна лікарня		0	0
Р516	Відділ народної освіти виконкому Головнянської районної Ради депутатів трудящих		0	0
Р519	Фінансове управління Рожищенської райдержадміністрації, м. Рожище Волинської області		0	0
Р52	Теремнівська районна спілка споживчих товариств (райспоживспілка)		0	0
Р521	Рожищенський районний відділ кінофікації		0	0
Р523	Відділ охорони здоров’я виконкому Рожищенської районної Ради депутатів трудящих		0	0
Р524	Рожищенська центральна районна лікарня		0	0
Р526	Рожищенський районний відділ будівництва і експлуатації шосейних шляхів		0	0
Р529	Цуманський районний відділ по будівництву в колгоспах		0	0
Р53	Піддубцівська районна спілка споживчих товариств (райспоживспілка)		0	0
Р530	Цуманський лісгоспзаг		0	0
Р531	Старовижівський районний відділ по будівництву в колгоспах		0	0
Р532	Старовижівський районний уповноважений Міністерства заготівель СРСР (райуповмінзаг)		0	0
Р533	Відділ культурно-освітньої роботи виконкому Старовижівської районної Ради депутатів трудящих		0	0
Р534	Старовижівський районний відділ кінофікації		0	0
Р539	Старовижівська селищна рада, смт Стара Вижівка Волинської області		0	0
Р54	Піддубцівський районний земельний відділ		0	0
Р556	Новосілківська сільська рада		0	0
Р573	Шпиколосівська сільська Рада депутатів трудящих		0	0
Р579	Завітненська сільська Рада народних депутатів		0	0
Р58	Луцьке міське житлове управління		0	0
Р580	Волинський філіал інституту землеустрою Української академії аграрних наук		0	0
Р581	Фінансовий відділ виконкому Теремнівської районої Ради депутатів трудящих		0	0
Р582	Теремнівський районний народний суд		0	0
Р583	Відділ соціального забезпечення виконкому Теремнівської районної Ради депутатів трудящих		0	0
Р584	Теремнівський районний промисловий комбінат		0	0
Р585	Луцький районний народний суд		0	0
Р586	Луцький районний промисловий комбінат		0	0
Р588	Радгосп «Комуніст», с. Гнідава		0	0
Р589	Радгосп «Більшовик», с. Рокині		0	0
Р59	Управління освіти Волинської обласної державної адміністрації		0	0
Р591	Управління містобудування і архітектури Волинської обласної державної адміністрації		0	0
Р592	Управління культури Волинської обласної державної адміністрації		0	0
Р593	Волинський обласний протитуберкульозний диспансер		0	0
Р597	Луцька міська державна нотаріальна контора №1		0	0
Р598	Народний суд I дільниці, м. Луцьк		0	0
Р6	Виконавчий комітет Волинської обласної Ради народних депутатів (облвиконком)		0	0
Р60	Піддубцівський районний комісаріат		0	0
Р605	Уповноважений Ради в справах релігійних культів при Раді Міністрів СРСР по Волинській області		0	0
Р609	Фінансовий відділ Камінь-Каширської районної державної адміністрації		0	0
Р61	Волинське обласне управління Національного банку України		0	0
Р611	Камінь-Каширський районний відділ статистики		0	0
Р612	Відділ освіти Камінь-Каширської районної державної адміністрації		0	0
Р613	Березичівська сільська Рада народних депутатів		0	0
Р615	Волицька сільська Рада депутатів трудящих		0	0
Р616	Кримненська сільська Рада депутатів трудящих		0	0
Р617	Угриничівська сільська Рада депутатів трудящих		0	0
Р618	Камінь-Каширська машинно-тракторна станція (МТС)		0	0
Р62	Волинський обласний Комунальний банк		0	0
Р620	Луцька районна заготівельна контора «Укрвторсировина»		0	0
Р624	Палац учнівської молоді		0	0
Р625	Луцький міський харчовий комбінат		0	0
Р626	Народний суд II дільниці, м. Луцьк		0	0
Р627	Луцьке базове медичне училище		0	0
Р629	Волинський обласний трест «Маслосирпром»		0	0
Р63	Відділ шосейних шляхів союзного значення Волинської області		0	0
Р631	Волинська обласна контора В/о «Заготсіно»		0	0
Р632	Виконавчий комітет Маневицької районної Ради народних депутатів		0	0
Р633	Фінансовий відділ Маневицької районної державної адміністрації		0	0
Р634	Маневицьке районне управління сільського господарства		0	0
Р635	Маневицький лісгосп		0	0
Р636	Відділ охорони здоров’я виконкому Маневицької районної Ради депутатів трудящих		0	0
Р637	Маневицька центральна районна лікарня		0	0
Р638	Відділ соціального забезпечення виконкому Маневицької районної Ради депутатів трудящих		0	0
Р639	Маневицький районний відділ статистики		0	0
Р640	Маневицька районна спілка споживчих товариств (райспоживспілка)		0	0
Р641	Маневицький районний відділ комунального господарства		0	0
Р643	Городківська сільська рада		0	0
Р644	Карасинська сільська Рада народних депутатів		0	0
Р645	Іванівська сільська Рада депутатів трудящих		0	0
Р647	Козлиничівська сільська Рада народних депутатів		0	0
Р648	Кричевичівська сільська Рада народних депутатів		0	0
Р649	Луківська сільська Рада депутатів трудящих		0	0
Р651	Пісочненська сільська Рада народних депутатів		0	0
Р652	Повурська сільська Рада народних депутатів		0	0
Р653	Соб’ятинська сільська Рада депутатів трудящих		0	0
Р654	Софіянівська сільська Рада депутатів трудящих		0	0
Р655	Троянівська сільська рада		0	0
Р656	Черевахівська сільська Рада народних депутатів		0	0
Р657	Шкуратівська сільська Рада депутатів трудящих		0	0
Р66	Архівний відділ виконкому Волинської обласної Ради народних депутатів		0	0
Р662	Луцький міський промисловий комбінат		0	0
Р664	Теремнівська сільська Рада депутатів трудящих		0	0
Р665	Піддубцівська машинно-тракторна станція (МТС)		0	0
Р666	Луцька взуттєва фабрика Волинського обласного управління легкої промисловості, м. Луцьк Волинської області		0	0
Р67	Державний архів Волинської області		0	0
Р674	Луцька дитяча поліклініка, м. Луцьк Волинської області		0	0
Р675	Волинське обласне виробниче управління будівництва і експлуатації автомобільних шляхів, м. Луцьк Волинської області		0	0
Р676	Маневицький районний відділ по будівництву в колгоспах		0	0
Р677	Волинська обласна планова комісія виконавчого комітету обласної Ради депутатів трудящих, м. Луцьк; Волинської області		0	0
Р678	Любешівський районний комісаріат		0	0
Р679	Волинська обласна контора «Головзаготсортзерно»		0	0
Р681	Ковельська районна заготівельна контора «Укрвторсировина»		0	0
Р685	Виконавчий комітет Ковельської районної Ради народних депутатів		0	0
Р686	Бруховичівська сільська Рада депутатів трудящих		0	0
Р687	Малопорська сільська Рада депутатів трудящих		0	0
Р688	Великопорська сільська Рада депутатів трудящих		0	0
Р689	Борщівська сільська Рада депутатів трудящих		0	0
Р690	Жмудчівська сільська Рада депутатів трудящих		0	0
Р693	Відділ охорони здоров’я виконкому Голобської районної Ради депутатів трудящих		0	0
Р695	Нужельська сільська Рада депутатів трудящих		0	0
Р697	Торчинська кооперативно-промислова артіль інвалідів «Харчовик»		0	0
Р698	Торчинський районний харчовий комбінат		0	0
Р699	Ватинська сільська Рада депутатів трудящих		0	0
Р7	Архітектор м. Луцька		0	0
Р700	Гатівська сільська Рада депутатів трудящих		0	0
Р701	Горзвинська сільська Рада депутатів трудящих		0	0
Р702	Жуковецька сільська Рада депутатів трудящих		0	0
Р703	Йосипівська сільська Рада депутатів трудящих		0	0
Р704	Великоокорська сільська Рада депутатів трудящих		0	0
Р705	Сьомаківська сільська Рада депутатів трудящих		0	0
Р706	Сарнівська сільська Рада депутатів трудящих		0	0
Р707	Смолигівська сільська Рада народних депутатів		0	0
Р708	Усичівська сільська Рада депутатів трудящих		0	0
Р709	Хорохоринська сільська рада		0	0
Р710	Чехівщинська сільська Рада депутатів трудящих		0	0
Р712	Львівсько-Волинська геологорозвідувальна експедиція		0	0
Р713	Гідрогеологічна партія тресту «Волинськвуглегеологія»		0	0
Р714	Володимир-Волинський районний відділ по будівництву в колгоспах		0	0
Р715	Відділ культурно-освітньої роботи виконкому Володимир-Волинської районної Ради депутатів трудящих		0	0
Р716	Володимир-Волинський районний відділ будівництва і експлуатації шосейних шляхів		0	0
Р720	Відділ охорони здоров’я виконкому Володимир-Волинської районної Ради депутатів трудящих		0	0
Р722	Володимир-Волинська районна спілка споживчих товариств (райспоживспілка)		0	0
Р723	Відділ соціального забезпечення виконкому Володимир-Волинського районної Ради депутатів трудящих		0	0
Р724	Володимир-Волинське державне лісогосподарське підприємство		0	0
Р725	Володимир-Волинська машинно-тракторна станція (МТС)		0	0
Р728	Відділ охорони здоров’я виконкому Володимир-Волинської міської Ради депутатів трудящих		0	0
Р731	Тимчасовий організаційний комітет професійних спілок		0	0
Р732	Фінансовий відділ виконкому Луцької районної Ради народних депутатів		0	0
Р733	Луцький хлібозавод Волинського обласного управління харчової промисловості		0	0
Р734	Відділ народної освіти виконкому Теремнівської районної Ради депутатів трудящих		0	0
Р736	Бірківська сільська Рада народних депутатів		0	0
Р737	Бучинська сільська Рада депутатів трудящих		0	0
Р740	Дольська сільська Рада народних депутатів		0	0
Р741	Зарудчівська сільська рада		0	0
Р742	Лахвичівська сільська Рада депутатів трудящих		0	0
Р743	Люб’язівська сільська Рада народних депутатів		0	0
Р744	Мукошинська сільська Рада депутатів трудящих		0	0
Р745	Невірська сільська Рада депутатів трудящих		0	0
Р746	Хоцунська сільська Рада народних депутатів		0	0
Р747	Цирська сільська Рада народних депутатів		0	0
Р748	Шлапанська сільська Рада депутатів трудящих		0	0
Р749	Щитинсько-Волянська сільська Рада депутатів трудящих		0	0
Р750	Бихівська сільська Рада народних депутатів		0	0
Р751	Великоглушанська сільська Рада народних депутатів		0	0
Р752	Любешівсько-Волянська сільська рада		0	0
Р753	Ворокомлівська сільська рада		0	0
Р755	Дібровська сільська Рада депутатів трудящих		0	0
Р756	Залаззівська сільська рада		0	0
Р757	Любешівська селищна Рада депутатів трудящих		0	0
Р758	Малоглушанська сільська рада		0	0
Р759	Погулянська сільська Рада депутатів трудящих		0	0
Р760	Деревківська сільська Рада народних депутатів		0	0
Р761	Виконавчий комітет Колківської районної Ради депутатів трудящих		0	0
Р762	Відділ народної освіти виконкому Колківської районної Ради депутатів трудящих		0	0
Р763	Колківська машинно-тракторна станція (МТС)		0	0
Р764	Колківський районний промисловий комбіна6		0	0
Р766	Великоосницька сільська рада		0	0
Р767	Голодницька сільська Рада депутатів трудящих		0	0
Р768	Довжицька сільська Рада народних депутатів		0	0
Р769	Козлиничівська сільська Рада депутатів трудящих		0	0
Р770	Копиллівська сільська рада		0	0
Р771	Нічогівська сільська Рада народних депутатів		0	0
Р772	Новосілківська сільська Рада депутатів трудящих		0	0
Р777	Луцька районна рада		0	0
Р778	Відділ охорони здоров’я виконкому Теремнівської районної Ради депутатів трудящих		0	0
Р779	Відділ культурно – освітньої роботи виконкому Теремнівської районної Ради депутатів трудящих		0	0
Р781	Вишнівська сільська Рада депутатів трудящих		0	0
Р785	Вовчицька сільська Рада депутатів трудящих		0	0
Р786	Головнянський районний відділ сільського господарства		0	0
Р787	Головнянська машинно-тракторна станція (МТС)		0	0
Р788	Відділ культури виконкому Головнянської районної Ради депутатів трудящих		0	0
Р789	Відділ культури виконкому Головнянської районної Ради депутатів трудящих		0	0
Р790	Биківська сільська Рада депутатів трудящих		0	0
Р791	Головненська селищна Рада депутатів трудящих		0	0
Р792	Гущанська сільська рада		0	0
Р794	Крушинецька сільська Рада депутатів трудящих		0	0
Р802	Волинський обласний комітет профспілки працівників охорони здоров’я		0	0
Р803	Гаразджанська сільська Рада депутатів трудящих		0	0
Р804	Крупівська сільська Рада депутатів трудящих		0	0
Р806	Струмівська сільська Рада депутатів трудящих		0	0
Р807	Горохівська районна рада		0	0
Р809	Горохівський районний відділ статистики		0	0
Р810	Відділ культурно-освітньої роботи виконкому Горохівської районної Ради депутатів трудящих		0	0
Р811	Сілецька сільська Рада депутатів трудящих		0	0
Р812	Угівська сільська Рада депутатів трудящих		0	0
Р813	Берестечківський районний відділ кінофікації		0	0
Р814	Відділ культурно-освітньої роботи виконкому Берестечківської районної Ради депутатів трудящих		0	0
Р815	Берестечківська районна спілка споживчих товариств (райспоживспілка)		0	0
Р819	Відділ народної освіти виконкому Сенкевичівської районної Ради депутатів трудящих		0	0
Р820	Відділ охорони здоров’я виконкому Луцької районної Ради депутатів трудящих		0	0
Р821	Теремнівський районний відділ по будівництву в колгоспах		0	0
Р822	Теремнівська районна інспектура Центрального статистичного управління при Раді Міністрів СРСР		0	0
Р826	Волинський обласний комітет профспілки працівників державних установ		0	0
Р827	Камінь-Каширське педагогічне училище		0	0
Р830	Камінь-Каширське лісове промислове господарство (ліспромгосп)		0	0
Р831	Управління сільського господарства Ратнівської районної державної адміністрації		0	0
Р833	Забродівська сільська Рада народних депутатів		0	0
Р834	Пісківсько-Річицька сільська Рада депутатів трудящих		0	0
Р835	Черченська сільська Рада народних депутатів		0	0
Р837	Кам’янухівська сільська Рада депутатів трудящих		0	0
Р838	Лісівська сільська рада		0	0
Р839	Мар’янівська сільська Рада депутатів		0	0
Р840	Малоосницька сільська Рада депутатів трудящих		0	0
Р841	Острівська сільська Рада депутатів трудящих		0	0
Р842	Підцаревичівська сільська Рада депутатів трудящих		0	0
Р843	Хряська сільська Рада депутатів трудящих		0	0
Р845	Колгосп «8 Березня», с. Красноволях		0	0
Р846	Колгосп «Перемога», смт Колки		0	0
Р847	Колгосп «17 Вересня», с. Матейки		0	0
Р848	Колгосп «40-річчя Жовтня», с. Майдан-Липненський		0	0
Р849	Колгосп «31-ї річниці Великої Жовтневої соціалістичної революції», с.Бугаї		0	0
Р850	Волинська обласна державна хлібна інспекція		0	0
Р852	Антонівська сільська Рада депутатів трудящих		0	0
Р853	Малоомелянівська сільська Рада депутатів трудящих		0	0
Р854	Олександрійська сільська Рада депутатів трудящих		0	0
Р858	Боратинська сільська Рада депутатів трудящих		0	0
Р859	Городинівська сільська Рада народних депутатів		0	0
Р861	Колгосп «8 Березня», х. Торчин		0	0
Р862	Колгосп імені Вишенського, с. Шепель		0	0
Р863	Колективне сільськогосподарське підприємство (КСП) «Нива», с. Веселе		0	0
Р864	Колгосп імені Карла Маркса, с. Смолигів		0	0
Р865	Колективне сільськогосподарське підприємство (КСП) «Шепель», с. Шепель		0	0
Р867	Колективне сільськогосподарське підприємство (КСП) «Білосток», с. Білосток		0	0
Р868	Колгосп «Шлях Леніна», с. Горзвин		0	0
Р871	Колгосп імені Рокоссовського, с. Смолигів		0	0
Р872	Колгосп «17 Вересня», с. Боратин		0	0
Р873	Колективне сільськогосподарське підприємство (КСП) «Нове життя», с. Городині		0	0
Р874	Колгосп імені Шевченка, с. Хорохорин		0	0
Р875	Колгосп імені Жданова, с. Хорохорин		0	0
Р876	Колгосп імені Молотова, с. Хорохорин		0	0
Р877	Колективне сільськогосподарське підприємство (КСП) імені Шевченка, с. Буяни		0	0
Р878	Колгосп імені Щорса, с. Буяни		0	0
Р879	Колгосп «30-річчя ВЛКСМ», с. Чехівщина		0	0
Р880	Колгосп імені Шверника, с. Городині		0	0
Р881	Колгосп імені Ворошилова, с. Сірнички		0	0
Р882	Колгосп імені Чапаєва, с. Юнівка		0	0
Р883	Колгосп імені Щорса, с. Одеради		0	0
Р884	Колгосп імені Чапаєва, с. Сьомаки		0	0
Р885	Колгосп «Червоної Армії», х. Березе		0	0
Р886	Колгосп імені Тимошенка, с. Одеради		0	0
Р887	Відділ культурно-освітньої роботи виконкому Цуманської районної Ради депутатів трудящих		0	0
Р888	Відділ соціального забезпечення виконкому Олицької районної Ради депутатів трудящих		0	0
Р889	Відділ культури виконкому Олицької районної Ради депутатів трудящих		0	0
Р891	Відділ охорони здоров’я виконкому Олицької районної Ради депутатівтрудящих		0	0
Р892	Олицький районний відділ шляхового і транспортного господарства		0	0
Р893	Відділ народної освіти виконкому Олицької районної Ради депутатів трудящих		0	0
Р894	Фінансовий відділ виконкому Олицької районної Ради депутатів трудящих		0	0
Р895	Олицька машинно-тракторна станція (МТС)		0	0
Р896	Олицький районний харчовий комбінат		0	0
Р898	Олицький районний відділ сільського господарства		0	0
Р900	Олицький районний промисловий комбінат споживчих товариств		0	0
Р901	Олицька районна лікарня		0	0
Р905	Олицька районна лікарня		0	0
Р908	Олицька міжрайонна інспекція по якості насіння		0	0
Р909	Цуманський районний відділ кінофікації		0	0
Р91	Луцький історичний архів		0	0
Р910	Волинська обласна бібліотека для дітей		0	0
Р911	Колгосп імені Калініна, с. Ситниця		0	0
Р912	Федерація професійних спілок Волинської області		0	0
Р914	Товариство з обмеженою відповідальністю «Волиньбджолпром»		0	0
Р916	Проектно-вишукувальна контора при Волинському обласному шляховому відділі «Облпроектшлях»		0	0
Р917	Проектно-кошторисне бюро при Волинському обласному управлінні в справах сільського та колгопного будівництва «Облсільпроект»		0	0
Р918	Волинське відкрите акціонерне товариство проектного інституту містобудування «Діпроміст»		0	0
Р919	Управління праці та зайнятості населення Волинської обласної державної адміністрації		0	0
Р921	Волинська обласна організація товариства «Знання» України		0	0
Р923	Волинська обласна філармонія		0	0
Р924	Управління житлового господарства виконкому Волинської обласної Ради народних депутатів		0	0
Р930	Управління по охороні державних таємниць у пресі при Волинському облвиконкомі		0	0
Р931	Лищенська сільська Рада народних депутатів		0	0
Р932	Волинське обласне бюро судово-медичної експертизи		0	0
Р933	Тростянківська сільська Рада депутатів трудящих		0	0
Р936	Колгосп «Вільна праця», с. Городок		0	0
Р937	Колгосп імені Котовського, с. Черськ		0	0
Р938	Колективне сільськогосподарське підприємство (КСП) «Дружба», с. Лісове		0	0
Р939	Колективне сільськогосподарське підприємство (КСП) «Маневицьке», с. Велика Яблунька		0	0
Р940	Колгосп «Правда», с. Оконськ		0	0
Р941	Колективне сільськогосподарське підприємство (КСП) «Нива», с. Прилісне		0	0
Р942	Колгосп «Радянська Україна», с. Яблунька		0	0
Р943	Колективне сільськогосподарське підприємство (КСП) «Батьківщина», с. Нова Руда		0	0
Р944	Колгосп імені Кірова, с. Карасин		0	0
Р945	Радгосп «Троянівський», с. Троянівка		0	0
Р946	Колгосп «Україна», с. Замостя		0	0
Р947	Радгосп «Полісся», с. Лишнівка		0	0
Р948	Колгосп «Червона Зірка», с. Набруска		0	0
Р950	Луцький консервний завод		0	0
Р951	Рожищенський районний уповноважений Міністерства заготівель СРСР (райуповмінзаг)		0	0
Р952	Луцький пивоварний завод Волинського обласного управління харчової промисловості		0	0
Р953	Відкрите акціонерне товариство «Електротермометрія»		0	0
Р955	Ковельське лісове промислове господарство (ліспромгосп)		0	0
Р956	Ківерцівська машинно-тракторна станція (МТС)		0	0
Р957	Державний лісозаготівельний і деревообробний трест «Волиньліспром»		0	0
Р958	Заболоттівське лісове промислове господарство (ліспромгосп)		0	0
Р959	Луцьке районне управління сільського господарства		0	0
Р960	Луцький районний відділ по будівництву в колгоспах		0	0
Р962	Берестечківський районний відділ сільського господарства		0	0
Р963	Берестечківський районний відділ по будівництву в колгоспах		0	0
Р966	Берестечківська районна державна нотаріальна контора		0	0
Р968	Горохівський районний харчовий комбінат		0	0
Р971	Колгосп «Борець», с. Фусів		0	0
Р972	Колгосп імені Фрунзе, с. Цегів		0	0
Р973	Сенкевичівський районний відділ кінофікації		0	0
Р974	Сенкевичівський районний харчовий комбінат		0	0
Р975	Редакція газети «Маяк комунізму» Сенкевичівського району		0	0
Р976	Рожищенський районний відділ статистики		0	0
Р977	Рожищенська районна рада		0	0
Р979	Рожищенська машинно-тракторна станція (МТС)		0	0
Р980	Рожищенський районний відділ по будівництву в колгоспах		0	0
Р981	Відділ народної освіти виконкому Оваднівської районної Ради депутатів трудящих		0	0
Р982	Устилузька машинно-тракторна станція (МТС)		0	0
Р984	Оваднівський районний промисловий комбінат		0	0
Р985	Володимир-Волинське педагогічне училище імені А. Ю. Кримського		0	0
Р986	Володимир-Волинське педагогічне училище імені А. Ю. Кримського		0	0
Р987	Відділ культури виконкому Устилузької районної Ради депутатів трудящих		0	0
Р988	Відділ соціального забезпечення виконкому Устилузької районної Ради депутатів трудящих		0	0
Р991	Відділ народної освіти виконкому Устилузької районної Ради депутатів трудящих		0	0
Р994	Устилузький районний уповноважений Міністерства заготівель СРСР (райуповмінзаг)		0	0
Р995	Володимир-Волинський районний уповноважений Міністерства заготівель СРСР (райуповмінзаг)		0	0
Р996	Оваднівський районний уповноважений Міністерства заготівель СРСР (райуповмінзаг)		0	0
Р997	Фінансовий відділ виконкому Устилузької районної Ради депутатів трудящих		0	0
Р4	Виконавчий комітет Луцької міської ради		1	1
