kind,level,ref,detail
junk-code,fund,ДАПО/Г,"irregular shape, migrated as ""Г"""
junk-code,fund,ДАПО/Н,"irregular shape, migrated as ""Н"""
junk-code,fund,ДАПО/БІБЛ,"irregular shape, migrated as ""БІБЛ"""
junk-code,fund,ДАПО/СПЕЦ,"irregular shape, migrated as ""СПЕЦ"""
junk-code,fund,ДАПО/Р,"irregular shape, migrated as ""Р"""
sequence-gap,fund,ДАПО,"19014261 missing in 1..19021007: 30,33,64,69,71-72,77-78,81,84-85,87-92,97-98,102-104,108,110-112,115,117-119,122,124,126,128,131-133,…"
sequence-gap,description,ДАПО-706,90 missing in 1..97: 7-96
sequence-gap,description,ДАПО-Р3814,5068 missing in 1..5073: 3-5070
sequence-gap,description,ДАПО-Р2205,3292 missing in 1..3296: 3-3294
sequence-gap,description,ДАПО-Р3374,4487 missing in 1..4491: 3-4489
sequence-gap,description,ДАПО-Р15,290 missing in 1..293: 2-291
sequence-gap,description,ДАПО-Р4493,5719 missing in 1..5722: 2-5720
sequence-gap,description,ДАПО-Р2077,723 missing in 1..726: 2-724
sequence-gap,description,ДАПО-370,51 missing in 1..58: 7-57
sequence-gap,description,ДАПО-Р8437,9483 missing in 1..9486: 3-9485
sequence-gap,description,ДАПО-Р3460,4603 missing in 1..4607: 3-4605
sequence-gap,description,ДАПО-Р4053,5305 missing in 2..5309: 3-5307
sequence-gap,description,ДАПО-Р2122,3204 missing in 1..3207: 3-3206
sequence-gap,description,ДАПО-Р3130,4231 missing in 2..4235: 3-4233
sequence-gap,description,ДАПО-Р3254,4362 missing in 1..4365: 3-4364
sequence-gap,description,ДАПО-723,"96 missing in 1..100: 2,4-98"
sequence-gap,description,ДАПО-Р5464,"2970 missing in 7638..10610: 7639-10557,10559-10609"
sequence-gap,description,ДАПО-Р1954,567 missing in 1..570: 2-568
sequence-gap,description,ДАПО-Р4494,5721 missing in 1..5724: 2-5722
sequence-gap,description,ДАПО-9139,"10211 missing in 395..10608: 396-10546,10548-10607"
sequence-gap,description,ДАПО-Р4027,"10634 missing in 1..10637: 2-5281,5283-10636"
sequence-gap,description,ДАПО-Р4091,"10670 missing in 1..10673: 2-5348,5350-10672"
sequence-gap,description,ДАПО-9141,"9667 missing in 977..10648: 978-10544,10546-10608,10610-10619,10621-10647"
sequence-gap,description,ДАПО-Р394,378 missing in 1..382: 2-379
sequence-gap,description,ДАПО-Р363,361 missing in 1..366: 5-365
sequence-gap,description,ДАПО-Р3272,4382 missing in 1..4385: 2-4383
sequence-gap,description,ДАПО-Р8831,"10646 missing in 1..10669: 4-5,7-8,10-12,15,17-20,22,24-34,36-10079,10081-10550,10552-10593,10595-10600,10602-10611,10613-10626,10629-10638,10640-10644,10646-10651,10653-10655,10657-10668"
sequence-gap,description,ДАПО-Р2138,3224 missing in 1..3228: 3-3226
sequence-gap,description,ДАПО-222,46 missing in 1..49: 2-47
sequence-gap,description,ДАПО-Р3945,5196 missing in 1..5199: 2-5197
sequence-gap,description,ДАПО-Р1503,467 missing in 1..470: 3-469
sequence-gap,description,ДАПО-Р1866,507 missing in 1..511: 4-510
sequence-gap,description,ДАПО-9150,"65 missing in 10568..10635: 10569-10582,10584-10634"
sequence-gap,description,ДАПО-Р2249,3342 missing in 1..3346: 3-3344
sequence-gap,description,ДАПО-869,177 missing in 1..181: 3-179
sequence-gap,description,ДАПО-Р4542,5770 missing in 1..5773: 3-5772
sequence-gap,description,ДАПО-Р3271,4380 missing in 1..4383: 2-4381
sequence-gap,description,ДАПО-Р392,374 missing in 1..379: 3-376
sequence-gap,description,ДАПО-610,84 missing in 1..89: 3-86
sequence-gap,description,ДАПО-Р3121,"4215 missing in 1..4223: 6,8-4221"
sequence-gap,description,ДАПО-9135,"440 missing in 10204..10647: 10205-10554,10556-10604,10606-10646"
sequence-gap,description,ДАПО-Р3455,4599 missing in 1..4602: 2-4600
sequence-gap,description,ДАПО-93,"10634 missing in 1..10638: 3-24,26-10637"
sequence-gap,description,ДАПО-Р3725,4996 missing in 1..4999: 2-4997
sequence-gap,description,ДАПО-Р2078,"725 missing in 1..729: 3-726,728"
sequence-gap,description,ДАПО-540,"71 missing in 2..77: 3-4,6-74"
sequence-gap,description,ДАПО-Р2153,3245 missing in 1..3249: 3-3247
sequence-gap,description,ДАПО-9133,"441 missing in 10202..10646: 10203-10542,10544-10612,10614-10645"
sequence-gap,description,ДАПО-Р2038,"655 missing in 1..662: 6-10,12-661"
sequence-gap,description,ДАПО-9194,1 missing in 10663..10666: 10665
sequence-gap,description,ДАПО-Р2034,654 missing in 1..658: 4-657
sequence-gap,description,ДАПО-Р8966,10366 missing in 4..10373: 6-10371
sequence-gap,description,ДАПО-612,86 missing in 1..91: 4-89
sequence-gap,description,ДАПО-Р9113,577 missing in 9975..10554: 9976-10552
sequence-gap,description,ДАПО-83,"17 missing in 1..23: 2,4-19"
sequence-gap,description,ДАПО-Р5711,10191 missing in 1..10194: 2-10192
sequence-gap,description,ДАПО-Р2046,664 missing in 1..670: 6-669
sequence-gap,description,ДАПО-Р3131,4234 missing in 1..4237: 2-4235
sequence-gap,description,ДАПО-Р3456,4601 missing in 1..4604: 2-4602
sequence-gap,description,ДАПО-Р4062,5317 missing in 1..5320: 2-5318
sequence-gap,description,ДАПО-80,8 missing in 1..19: 7-14
sequence-gap,description,ДАПО-138,34 missing in 1..38: 3-36
sequence-gap,description,ДАПО-378,55 missing in 1..59: 4-58
sequence-gap,description,ДАПО-756,104 missing in 1..107: 3-106
sequence-gap,description,ДАПО-757,105 missing in 1..108: 3-107
sequence-gap,description,ДАПО-801,142 missing in 1..145: 3-144
sequence-gap,description,ДАПО-951,187 missing in 1..190: 2-188
sequence-gap,description,ДАПО-1011,223 missing in 1..241: 18-240
sequence-gap,description,ДАПО-Р1876,"512 missing in 1..520: 2,5-16,18,22-519"
sequence-gap,description,ДАПО-Р1888,518 missing in 1..525: 7-524
sequence-gap,description,ДАПО-Р2018,642 missing in 1..645: 3-644
sequence-gap,description,ДАПО-Р2049,669 missing in 1..673: 4-672
sequence-gap,description,ДАПО-Р3872,"5122 missing in 1..5126: 3-10,12-5125"
sequence-gap,description,ДАПО-Р3875,5126 missing in 1..5129: 3-5128
sequence-gap,description,ДАПО-Р3576,4891 missing in 1..4894: 3-4893
sequence-gap,description,ДАПО-Р9126,"10587 missing in 1..10621: 33-9978,9980-10620"
sequence-gap,description,ДАПО-Р3612,4916 missing in 1..4922: 6-4921
sequence-gap,description,ДАПО-Р3942,5192 missing in 1..5195: 3-5194
sequence-gap,description,ДАПО-Р2068,682 missing in 1..686: 4-685
sequence-gap,description,ДАПО-764,109 missing in 1..114: 3-111
sequence-gap,description,ДАПО-Р3617,4925 missing in 1..4928: 3-4927
sequence-gap,description,ДАПО-Р3831,5086 missing in 1..5089: 3-5088
sequence-gap,description,ДАПО-Р5061,6145 missing in 1..6148: 3-6147
sequence-gap,description,ДАПО-Р3651,4958 missing in 1..4961: 3-4960
sequence-gap,description,ДАПО-Р3514,4851 missing in 1..4854: 3-4853
sequence-gap,description,ДАПО-Р3515,4851 missing in 1..4855: 4-4854
sequence-gap,description,ДАПО-Р3609,"4876 missing in 1..4919: 30,33-34,44-48,50-54,56-4918"
sequence-gap,description,ДАПО-Р3517,4852 missing in 1..4856: 4-4855
sequence-gap,description,ДАПО-Р3591,4899 missing in 1..4902: 2-4900
sequence-gap,description,ДАПО-Р3575,4890 missing in 1..4893: 3-4892
sequence-gap,description,ДАПО-Р3749,5016 missing in 1..5019: 3-5018
sequence-gap,description,ДАПО-Р3705,4974 missing in 2..4978: 3-4976
sequence-gap,description,ДАПО-Р3744,5012 missing in 1..5016: 3-5014
sequence-gap,description,ДАПО-Р3532,4867 missing in 1..4870: 3-4869
sequence-gap,description,ДАПО-Р3573,4888 missing in 1..4891: 3-4890
sequence-gap,description,ДАПО-Р3524,4859 missing in 1..4862: 3-4861
sequence-gap,description,ДАПО-Р3630,4938 missing in 1..4941: 2-4939
sequence-gap,description,ДАПО-Р5044,6128 missing in 1..6131: 3-6130
sequence-gap,description,ДАПО-Р3891,5142 missing in 1..5146: 3-5144
sequence-gap,description,ДАПО-Р3519,4856 missing in 1..4859: 3-4858
sequence-gap,description,ДАПО-Р3799,5054 missing in 1..5057: 3-5056
sequence-gap,description,ДАПО-Р3569,4884 missing in 1..4887: 3-4886
sequence-gap,description,ДАПО-Р4957,6094 missing in 1..6097: 3-6096
sequence-gap,description,ДАПО-Р4944,6082 missing in 1..6085: 3-6084
sequence-gap,description,ДАПО-Р5058,6142 missing in 1..6145: 3-6144
sequence-gap,description,ДАПО-Р5059,6143 missing in 1..6146: 3-6145
sequence-gap,description,ДАПО-Р5098,6175 missing in 1..6178: 3-6177
sequence-gap,description,ДАПО-13,"10600 missing in 1..10653: 3-183,185-345,347-494,496-647,649-826,828-1004,1006-1167,1169-1325,1327-1485,1487-1646,1648-1791,1793-1960,1962-2125,2127-2288,2290-2447,2449-2588,2590-2747,2749-2908,2910-3039,3041-3170,…"
sequence-gap,description,ДАПО-16,7 missing in 1..10: 3-9
sequence-gap,description,ДАПО-Р1186,433 missing in 1..437: 4-436
sequence-gap,description,ДАПО-Р4193,5417 missing in 1..5420: 3-5419
sequence-gap,description,ДАПО-Р2126,3207 missing in 1..3210: 3-3209
sequence-gap,description,ДАПО-Р4561,5788 missing in 1..5792: 4-5791
sequence-gap,description,ДАПО-Р4948,6086 missing in 1..6089: 3-6088
sequence-gap,description,ДАПО-Р4951,6089 missing in 1..6092: 3-6091
sequence-gap,description,ДАПО-Р8455,9500 missing in 1..9503: 3-9502
sequence-gap,description,ДАПО-Р8269,9315 missing in 1..9318: 3-9317
sequence-gap,description,ДАПО-П8966,"14 missing in 1..30: 3,5,7,9,11,13,15,17,19,21,23,25,27,29"
sequence-gap,description,ДАПО-Р9092,"10640 missing in 1..10657: 15-10438,10440-10551,10553-10656"
sequence-gap,description,ДАПО-П15,"23 missing in 1..42: 4,6-7,9-18,20-21,23,25,27,30,32,35,38,40"
sequence-gap,description,ДАПО-П13,"16 missing in 1..44: 4,6-7,12,21,23,25,27,29,31,33,35,37,39,41,43"
sequence-gap,description,ДАПО-Р3502,4842 missing in 1..4845: 3-4844
sequence-gap,description,ДАПО-Р6451,6700 missing in 1..6703: 3-6702
sequence-gap,description,ДАПО-Р1971,587 missing in 1..590: 2-588
sequence-gap,description,ДАПО-Р7560,8512 missing in 1..8515: 3-8514
sequence-gap,description,ДАПО-Р6863,7597 missing in 1..7600: 3-7599
sequence-gap,description,ДАПО-Р2124,"3204 missing in 1..3208: 2,5-3207"
sequence-gap,description,ДАПО-Р6467,6720 missing in 1..6723: 3-6722
sequence-gap,description,ДАПО-Р7284,8076 missing in 1..8079: 3-8078
sequence-gap,description,ДАПО-Р6920,7630 missing in 1..7633: 3-7632
sequence-gap,description,ДАПО-Р8736,9743 missing in 1..9746: 3-9745
sequence-gap,description,ДАПО-Р8732,9739 missing in 1..9742: 3-9741
sequence-gap,description,ДАПО-Р2232,3321 missing in 1..3324: 3-3323
sequence-gap,description,ДАПО-Р1999,618 missing in 1..622: 3-620
sequence-gap,description,ДАПО-Р7984,9019 missing in 1..9022: 3-9021
sequence-gap,description,ДАПО-Р3117,4214 missing in 1..4217: 3-4216
sequence-gap,description,ДАПО-Р7565,"10573 missing in 1..10576: 2-8517,8519-10575"
sequence-gap,description,ДАПО-Р6445,6687 missing in 1..6690: 3-6689
sequence-gap,description,ДАПО-Р6911,7621 missing in 1..7624: 3-7623
sequence-gap,description,ДАПО-Р3118,4216 missing in 1..4219: 2-4217
sequence-gap,description,ДАПО-Р2010,634 missing in 1..638: 3-636
sequence-gap,description,ДАПО-П3802,"11 missing in 2..24: 3,5,7,9,11,13,15,17,19,21,23"
sequence-gap,description,ДАПО-Р2266,3363 missing in 1..3366: 3-3365
sequence-gap,description,ДАПО-15,"1568 missing in 1..1575: 4-376,378-708,710-1295,1297-1574"
sequence-gap,description,ДАПО-4,"6382 missing in 1..6441: 2-43,45-78,80-128,130-168,170-175,177-201,203-246,248-290,292-320,322-339,341-352,354-383,385-502,504-709,711-885,887-1052,1054-1199,1201-1229,1231-1376,1378-1527,…"
sequence-gap,description,ДАПО-П38,"15 missing in 1..36: 3-4,8,13,15,17,19,21,23,25,27,29,31,33,35"
sequence-gap,description,ДАПО-351,51 missing in 1..54: 2-52
sequence-gap,description,ДАПО-Р3122,4219 missing in 1..4225: 5-4223
sequence-gap,description,ДАПО-П20,"16 missing in 2..39: 3-4,12,14,16,18,20,23-24,26,28,30,32,34,36,38"
sequence-gap,description,ДАПО-П28,"15 missing in 1..40: 3,13,15,17,19,21,23,25,27,29,31,33,35,37,39"
sequence-gap,description,ДАПО-Р6038,"10339 missing in 1..10343: 3-5,7-10342"
sequence-gap,description,ДАПО-Р2148,3240 missing in 1..3243: 2-3241
sequence-gap,description,ДАПО-Р9106,10420 missing in 1..10440: 20-10439
sequence-gap,description,ДАПО-П21,"13 missing in 1..34: 3,10,12,14,16,18,20,22,24,26,28,30,32"
sequence-gap,description,ДАПО-П59,"13 missing in 1..36: 3,13,15,17,19,21,23,25,27,29,31,33,35"
sequence-gap,description,ДАПО-Р9107,9969 missing in 1..9972: 3-9971
sequence-gap,description,ДАПО-846,161 missing in 1..164: 3-163
sequence-gap,description,ДАПО-П57,"14 missing in 1..38: 11,13,15,17,19,21,23,25,27,29,31,33,35,37"
sequence-gap,description,ДАПО-Р3234,4342 missing in 1..4345: 3-4344
sequence-gap,description,ДАПО-Р2052,673 missing in 1..676: 3-675
sequence-gap,description,ДАПО-П12,"11 missing in 1..34: 13,15,17,20-21,23,25,27,29,31,33"
sequence-gap,description,ДАПО-П45,"14 missing in 1..35: 3,5,12,14,16,18,20,22,24,26,28,30,32,34"
sequence-gap,description,ДАПО-Р1631,486 missing in 1..489: 3-488
sequence-gap,description,ДАПО-Р615,411 missing in 1..414: 3-413
sequence-gap,description,ДАПО-Р3314,4425 missing in 1..4428: 3-4427
sequence-gap,description,ДАПО-П63,"15 missing in 1..34: 3,6,9,11,13,15,17,19,21,23,25,27,29,31,33"
sequence-gap,description,ДАПО-Р2095,709 missing in 1..712: 3-711
sequence-gap,description,ДАПО-Р388,373 missing in 1..376: 2-374
sequence-gap,description,ДАПО-861,171 missing in 1..175: 3-173
sequence-gap,description,ДАПО-4901,"5 missing in 1..22: 11-14,17"
sequence-gap,description,ДАПО-П23,"13 missing in 1..36: 11,13,16,18-19,21,23,25,27,29,31,33,35"
sequence-gap,description,ДАПО-П61,"21 missing in 1..36: 3-8,12,14,16-20,22,24,26,28,30,32,34-35"
sequence-gap,description,ДАПО-2392,"11 missing in 1..32: 4,7,10-14,18,20,28,30"
sequence-gap,description,ДАПО-Р2013,637 missing in 1..640: 3-639
sequence-gap,description,ДАПО-Р3123,"4221 missing in 1..4226: 2,6-4225"
sequence-gap,description,ДАПО-П19,"18 missing in 2..41: 3-6,14,16,18,20,22,24,26,28,30,32,34,36,38,40"
sequence-gap,description,ДАПО-Р210,333 missing in 1..337: 3-335
sequence-gap,description,ДАПО-Р8828,"10606 missing in 1..10611: 3,5-10078,10080-10610"
sequence-gap,description,ДАПО-Р1884,518 missing in 1..522: 4-521
sequence-gap,description,ДАПО-Р3290,4399 missing in 1..4404: 5-4403
sequence-gap,description,ДАПО-130,31 missing in 2..35: 3-33
sequence-gap,description,ДАПО-Р2070,686 missing in 1..689: 3-688
sequence-gap,description,ДАПО-694,90 missing in 2..96: 4-93
sequence-gap,description,ДАПО-Р3284,4395 missing in 1..4398: 3-4397
sequence-gap,description,ДАПО-615,89 missing in 1..92: 3-91
sequence-gap,description,ДАПО-Р1218,441 missing in 1..444: 3-443
sequence-gap,description,ДАПО-844,158 missing in 1..162: 4-161
sequence-gap,description,ДАПО-Р3157,4262 missing in 1..4265: 3-4264
sequence-gap,description,ДАПО-7,"9382 missing in 1..9461: 2-129,131-255,257-380,382-513,515-646,648-785,787-908,910-1056,1058-1186,1188-1324,1326-1455,1457-1595,1597-1732,1734-1855,1857-1979,1981-2137,2139-2301,2303-2444,2446-2577,2579-2708,…"
sequence-gap,description,ДАПО-Р3316,4427 missing in 1..4430: 3-4429
sequence-gap,description,ДАПО-Р3461,"10520 missing in 1..10524: 3-5036,5038-10523"
sequence-gap,description,ДАПО-Р1286,453 missing in 1..456: 3-455
sequence-gap,description,ДАПО-Р3246,4354 missing in 1..4357: 3-4356
sequence-gap,description,ДАПО-Р2215,3304 missing in 1..3308: 3-3306
sequence-gap,description,ДАПО-1,"2675 missing in 1..2898: 2-8,10,12-17,19,21,23-28,30-32,34-43,45,47-49,52-53,55-67,69-78,80-84,87,89-93,95-109,111-112,114-120,122-138,…"
sequence-gap,description,ДАПО-П25,"15 missing in 1..40: 3,13,15,17,19,21,23,25,27,29,31,33,35,37,39"
sequence-gap,description,ДАПО-П44,"13 missing in 1..36: 3,13,15,17,19,21,23,25,27,29,31,33,35"
sequence-gap,description,ДАПО-П506,"10 missing in 2..25: 5,7,9,11,13,15,17,19,21,23"
sequence-gap,description,ДАПО-Р269,353 missing in 1..356: 2-354
sequence-gap,description,ДАПО-Р218,339 missing in 1..342: 2-340
sequence-gap,description,ДАПО-П56,"15 missing in 1..36: 3-5,13,15,17,19,21,23,25,27,29,31,33,35"
sequence-gap,description,ДАПО-Р3449,4592 missing in 1..4595: 3-4594
sequence-gap,description,ДАПО-Р3301,4412 missing in 1..4415: 3-4414
sequence-gap,description,ДАПО-П82,"23 missing in 1..39: 3-13,15,17,19,21,23,25,27,29,31,33,35,37"
sequence-gap,description,ДАПО-П46,"15 missing in 1..40: 3,13,15,17,19,21,23,25,27,29,31,33,35,37,39"
sequence-gap,description,ДАПО-Р2142,3230 missing in 1..3233: 3-3232
sequence-gap,description,ДАПО-Р2226,3315 missing in 1..3319: 4-3318
sequence-gap,description,ДАПО-980,207 missing in 1..210: 2-208
sequence-gap,description,ДАПО-9,"10527 missing in 1..10674: 2-58,60-125,127-201,203-266,268-332,334-411,413-501,503-564,566-656,658-731,733-811,813-878,880-937,939-1016,1018-1084,1086-1159,1161-1255,1257-1326,1328-1399,1401-1470,…"
sequence-gap,description,ДАПО-Р2069,685 missing in 1..688: 2-686
sequence-gap,description,ДАПО-Р8910,"10355 missing in 1..10358: 2,4-10357"
sequence-gap,description,ДАПО-Р2017,641 missing in 1..644: 3-643
sequence-gap,description,ДАПО-Р1219,442 missing in 1..445: 3-444
sequence-gap,description,ДАПО-Р496,384 missing in 1..387: 2-385
sequence-gap,description,ДАПО-П8548,"11 missing in 1..20: 2,4-5,7-8,10,12,14-15,17,19"
sequence-gap,description,ДАПО-Р3462,"10415 missing in 1..10418: 2,4-10417"
sequence-gap,description,ДАПО-Р3313,4423 missing in 1..4427: 4-4426
sequence-gap,description,ДАПО-Р1584,478 missing in 1..481: 3-480
sequence-gap,description,ДАПО-836,152 missing in 1..155: 3-154
sequence-gap,description,ДАПО-Р3315,4426 missing in 1..4429: 3-4428
sequence-gap,description,ДАПО-974,201 missing in 1..204: 3-203
sequence-gap,description,ДАПО-П18,"16 missing in 2..39: 3-4,12,14,16,18,20,22,24,26,28,30,32,34,36,38"
sequence-gap,description,ДАПО-Р2137,3223 missing in 1..3226: 2-3224
sequence-gap,description,ДАПО-Р50,305 missing in 1..308: 3-307
sequence-gap,description,ДАПО-2,"4187 missing in 1..4193: 2-15,17-22,24-56,58-130,132-4192"
sequence-gap,description,ДАПО-5,"17256 missing in 1..17393: 2-14,16-28,30-45,47-59,61-77,79-90,92-123,126-141,143-171,173-215,217-241,243-253,255-371,373-515,517-616,618-774,776-924,926-1329,1331-1469,1471-1853,…"
sequence-gap,description,ДАПО-П27,"14 missing in 1..34: 3-4,11,13,15,18-19,21,23,25,27,29,31,33"
sequence-gap,description,ДАПО-Р3293,4404 missing in 1..4407: 3-4406
sequence-gap,description,ДАПО-Р2048,669 missing in 1..672: 3-671
sequence-gap,description,ДАПО-Р163,324 missing in 1..327: 2-325
sequence-gap,description,ДАПО-12,"5721 missing in 1..5761: 3-148,150-308,310-446,448-567,569-724,726-865,867-994,996-1136,1138-1271,1273-1414,1416-1570,1572-1713,1715-1860,1862-1984,1986-2125,2127-2285,2287-2445,2447-2578,2580-2734,2736-2874,…"
sequence-gap,description,ДАПО-Р3288,4399 missing in 1..4402: 3-4401
sequence-gap,description,ДАПО-Р3311,"4421 missing in 1..4425: 2,5-4424"
sequence-gap,description,ДАПО-Р2228,3317 missing in 1..3320: 3-3319
sequence-gap,description,ДАПО-Р2114,3194 missing in 1..3197: 3-3196
sequence-gap,description,ДАПО-Р1890,"522 missing in 1..527: 3,5-525"
sequence-gap,description,ДАПО-Р3450,"4593 missing in 1..4596: 2,4-4595"
sequence-gap,description,ДАПО-Р3132,4235 missing in 1..4239: 3-4237
sequence-gap,description,ДАПО-958,194 missing in 1..197: 3-196
sequence-gap,description,ДАПО-Р3124,4224 missing in 1..4227: 3-4226
sequence-gap,description,ДАПО-Р2001,622 missing in 1..625: 2-623
sequence-gap,description,ДАПО-Р3232,4339 missing in 1..4343: 3-4341
sequence-gap,description,ДАПО-Р3465,10416 missing in 1..10421: 5-10420
sequence-gap,description,ДАПО-Р3318,4429 missing in 1..4432: 3-4431
sequence-gap,description,ДАПО-П43,"18 missing in 1..36: 3,13-15,17-23,25-27,29,31,33,35"
sequence-gap,description,ДАПО-Р3274,4385 missing in 1..4388: 2-4386
sequence-gap,description,ДАПО-Р366,364 missing in 1..368: 4-367
sequence-gap,description,ДАПО-П48,"13 missing in 1..35: 12,14,16,18,20-22,24,26,28,30,32,34"
sequence-gap,description,ДАПО-6,"5728 missing in 1..5774: 2-4,6-139,141-285,287-425,427-571,573-725,727-860,862-991,993-1142,1144-1268,1270-1394,1396-1516,1518-1642,1644-1808,1810-1934,1936-2058,2060-2158,2160-2296,2298-2438,2440-2569,…"
sequence-gap,description,ДАПО-П35,"12 missing in 1..35: 12,14,16,18,20,22,24,26,28,30,32,34"
sequence-gap,description,ДАПО-П47,1 missing in 1..4: 3
sequence-gap,description,ДАПО-379,58 missing in 1..61: 2-59
sequence-gap,description,ДАПО-П53,"13 missing in 1..36: 3,13,15,17,19,21,24-25,27,29,31,33,35"
sequence-gap,description,ДАПО-Р3233,4341 missing in 1..4344: 3-4343
sequence-gap,description,ДАПО-Р2091,704 missing in 1..708: 3-706
sequence-gap,description,ДАПО-22,"418 missing in 1..453: 2-18,20-43,45-53,55-70,72-77,79-92,94-108,110-120,122-127,129-144,146-159,161-170,172-177,179-204,206-211,213-231,233-244,246-251,253-275,277-280,…"
sequence-gap,description,ДАПО-8,"5968 missing in 1..6061: 2,4-87,89-187,189-246,248-311,313-420,422-519,521-604,606-662,664-770,772-825,827-898,900-1004,1006-1076,1078-1140,1142-1210,1212-1269,1271-1339,1341-1399,1401-1463,…"
sequence-gap,description,ДАПО-11,"7567 missing in 1..7618: 2-186,188-331,333-489,491-637,639-815,817-972,974-1143,1145-1297,1299-1430,1432-1583,1585-1749,1751-1912,1914-2066,2068-2211,2213-2375,2377-2548,2550-2703,2705-2861,2863-3015,3017-3166,…"
sequence-gap,description,ДАПО-П51,"12 missing in 1..34: 11,13,15,17,19,21,23,25,27,29,31,33"
sequence-gap,description,ДАПО-854,167 missing in 1..170: 2-168
sequence-gap,description,ДАПО-10,"15109 missing in 1..15274: 2-81,83-141,143-208,210-268,270-335,337-413,415-497,499-576,578-649,651-707,709-775,777-848,850-913,915-973,975-1045,1047-1118,1120-1194,1196-1281,1283-1365,1367-1435,…"
sequence-gap,description,ДАПО-Р3319,4430 missing in 1..4433: 3-4432
sequence-gap,description,ДАПО-Р1502,464 missing in 1..469: 5-468
sequence-gap,description,ДАПО-П40,"16 missing in 1..39: 3,5,12,14,16,18,20,22,24,26,28,30,32,34,36,38"
sequence-gap,description,ДАПО-Р3373,"4484 missing in 1..4492: 7-4488,4490-4491"
sequence-gap,description,ДАПО-Р2121,3201 missing in 3..3206: 4-3204
sequence-gap,description,ДАПО-Р3439,4582 missing in 1..4585: 3-4584
sequence-gap,description,ДАПО-Р211,336 missing in 1..339: 2-337
sequence-gap,description,ДАПО-Р3312,4423 missing in 1..4426: 3-4425
sequence-gap,description,ДАПО-Р3154,4259 missing in 1..4262: 3-4261
sequence-gap,description,ДАПО-Р3152,4257 missing in 1..4260: 3-4259
sequence-gap,description,ДАПО-Р3466,"4819 missing in 1..4822: 2-3,5-4821"
sequence-gap,description,ДАПО-П41,"14 missing in 1..36: 3,5,13,15,17,19,21,23,25,27,29,31,33,35"
sequence-gap,description,ДАПО-Р3320,4431 missing in 1..4434: 3-4433
sequence-gap,description,ДАПО-Р1864,502 missing in 1..509: 7-508
sequence-gap,description,ДАПО-Р3467,4820 missing in 1..4823: 3-4822
sequence-gap,description,ДАПО-755,101 missing in 3..106: 4-104
sequence-gap,description,ДАПО-768,112 missing in 3..117: 4-115
sequence-gap,description,ДАПО-14,"5939 missing in 1..5965: 2-224,226-373,375-500,502-621,623-715,717-851,853-1004,1006-1195,1197-1374,1376-1556,1558-1758,1760-1959,1961-2181,2183-2349,2351-2560,2562-2863,2865-3114,3116-3381,3383-3700,3702-3950,…"
sequence-gap,description,ДАПО-П9012,"11 missing in 2..24: 3,5,7,9,11,13,15,17,19,21,23"
sequence-gap,description,ДАПО-П54,"12 missing in 1..35: 11,13,15,17,19,21,23,25,27,29,31,33"
sequence-gap,description,ДАПО-Р3129,4229 missing in 1..4233: 3-4231
sequence-gap,description,ДАПО-Р3445,4588 missing in 1..4591: 3-4590
sequence-gap,description,ДАПО-3,"7611 missing in 1..7671: 3-27,29-42,44-80,82-125,127-158,160-173,175-213,215-243,245-280,282-328,330-336,338-492,494-686,688-859,861-1021,1023-1172,1174-1323,1325-1459,1461-1619,1621-1790,…"
sequence-gap,description,ДАПО-П37,"13 missing in 1..36: 4,13,15,17,19,21,23,25,27,29,31,33,35"
sequence-gap,description,ДАПО-П36,1 missing in 1..4: 3
sequence-gap,description,ДАПО-Р9075,10005 missing in 1..10010: 5-10009
sequence-gap,description,ДАПО-Р3078,4162 missing in 1..4165: 3-4164
sequence-gap,description,ДАПО-Р539,400 missing in 1..404: 2-401
sequence-gap,description,ДАПО-Р3257,4363 missing in 1..4368: 5-4367
sequence-gap,description,ДАПО-Р3285,4395 missing in 1..4399: 4-4398
sequence-gap,description,ДАПО-П2784,"11 missing in 1..26: 5,7,9,11,13,15,17,19,21,23,25"
sequence-gap,description,ДАПО-Р2116,3196 missing in 1..3200: 3-3198
sequence-gap,description,ДАПО-830,147 missing in 1..150: 3-149
sequence-gap,description,ДАПО-Р19,293 missing in 2..297: 3-295
sequence-gap,description,ДАПО-Р2212,3301 missing in 1..3304: 3-3303
sequence-gap,description,ДАПО-790,134 missing in 1..137: 3-136
sequence-gap,description,ДАПО-П8967,"6 missing in 1..15: 4,6,8,10,12,14"
sequence-gap,description,ДАПО-Р2014,638 missing in 1..641: 3-640
sequence-gap,description,ДАПО-Р3299,4410 missing in 1..4413: 3-4412
sequence-gap,description,ДАПО-Р381,369 missing in 1..372: 3-371
sequence-gap,description,ДАПО-Р134,315 missing in 1..318: 3-317
sequence-gap,description,ДАПО-504,65 missing in 1..69: 3-67
sequence-gap,description,ДАПО-П62,"17 missing in 1..39: 3-6,14,16,18,20,22,24,26,28,30,32,34,36,38"
sequence-gap,description,ДАПО-828,145 missing in 1..148: 3-147
sequence-gap,description,ДАПО-Р3120,4217 missing in 1..4221: 4-4220
sequence-gap,description,ДАПО-Р3453,4596 missing in 1..4599: 3-4598
sequence-gap,description,ДАПО-Р3317,4428 missing in 1..4431: 3-4430
sequence-gap,description,ДАПО-Р3469,4822 missing in 1..4825: 3-4824
sequence-gap,description,ДАПО-Р2227,10470 missing in 1..10473: 2-10471
sequence-gap,description,ДАПО-Р4055,5309 missing in 1..5312: 2-5310
sequence-gap,description,ДАПО-847,162 missing in 1..165: 3-164
sequence-gap,description,ДАПО-Р125,313 missing in 1..316: 3-315
sequence-gap,description,ДАПО-Р3298,4409 missing in 1..4412: 3-4411
sequence-gap,description,ДАПО-Р2083,696 missing in 1..699: 3-698
sequence-gap,description,ДАПО-Р2144,3233 missing in 1..3237: 3-3235
sequence-gap,description,ДАПО-Р2076,691 missing in 1..694: 3-693
sequence-gap,description,ДАПО-Р2139,3227 missing in 1..3230: 2-3228
sequence-gap,description,ДАПО-Р3452,4595 missing in 1..4598: 3-4597
sequence-gap,description,ДАПО-Р9193,10657 missing in 1..10660: 2-10658
sequence-gap,description,ДАПО-Р4031,5283 missing in 1..5287: 3-5285
sequence-gap,description,ДАПО-1058,272 missing in 1..275: 3-274
sequence-gap,description,ДАПО-Р4085,"5329 missing in 9..5343: 10-14,19-5342"
sequence-gap,description,ДАПО-П31,"12 missing in 1..36: 3,13,15,17,21,23,25,27,29,31,33,35"
sequence-gap,description,ДАПО-Р236,350 missing in 1..353: 2-351
sequence-gap,description,ДАПО-П1196,"12 missing in 2..27: 4,6,8,10,12,14,16,18,20,22,24,26"
sequence-gap,description,ДАПО-Р2248,3340 missing in 1..3344: 3-3342
sequence-gap,description,ДАПО-П8533,"12 missing in 2..28: 5,7,9,11,13,15,17,19,21,23,25,27"
sequence-gap,description,ДАПО-Р5962,10294 missing in 1..10297: 2-10295
sequence-gap,description,ДАПО-Р2140,3228 missing in 1..3232: 3-3230
sequence-gap,description,ДАПО-Р3264,4372 missing in 1..4375: 3-4374
sequence-gap,description,ДАПО-Р4028,5280 missing in 1..5283: 3-5282
sequence-gap,description,ДАПО-Р3951,5202 missing in 1..5205: 3-5204
sequence-gap,description,ДАПО-Р3448,4591 missing in 1..4594: 3-4593
sequence-gap,description,ДАПО-123,30 missing in 1..33: 3-32
sequence-gap,description,ДАПО-Р146,320 missing in 1..324: 3-322
sequence-gap,description,ДАПО-Р3426,4569 missing in 1..4572: 3-4571
sequence-gap,description,ДАПО-Р3437,4580 missing in 1..4583: 3-4582
sequence-gap,description,ДАПО-Р3162,4267 missing in 1..4270: 3-4269
sequence-gap,description,ДАПО-Р3292,4403 missing in 1..4406: 3-4405
sequence-gap,description,ДАПО-Р3296,4407 missing in 1..4410: 3-4409
sequence-gap,description,ДАПО-Р2093,707 missing in 1..710: 3-709
sequence-gap,description,ДАПО-Р1857,501 missing in 1..505: 4-504
sequence-gap,description,ДАПО-Р1856,501 missing in 1..504: 3-503
sequence-gap,description,ДАПО-Р3473,4826 missing in 1..4829: 3-4828
sequence-gap,description,ДАПО-Р1477,463 missing in 1..466: 3-465
sequence-gap,description,ДАПО-Р3422,"4536 missing in 1..4539: 2,4-4538"
sequence-gap,description,ДАПО-Р144,319 missing in 1..322: 3-321
sequence-gap,description,ДАПО-Р3389,4506 missing in 1..4509: 3-4508
sequence-gap,description,ДАПО-Р1989,608 missing in 1..611: 2-609
sequence-gap,description,ДАПО-Р369,366 missing in 1..369: 3-368
sequence-gap,description,ДАПО-Р2045,666 missing in 1..669: 2-667
sequence-gap,description,ДАПО-Р1867,509 missing in 1..512: 3-511
sequence-gap,description,ДАПО-Р2050,"715 missing in 1..718: 2-674,676-717"
sequence-gap,description,ДАПО-Р221,343 missing in 1..346: 2-344
sequence-gap,description,ДАПО-Р3492,4833 missing in 1..4837: 4-4836
sequence-gap,description,ДАПО-Р2060,717 missing in 1..720: 3-719
sequence-gap,description,ДАПО-Р1861,503 missing in 1..506: 3-505
sequence-gap,description,ДАПО-Р2392,"3449 missing in 1..3480: 7,20,33-3479"
sequence-gap,description,ДАПО-Р1874,515 missing in 1..518: 3-517
sequence-gap,description,ДАПО-Р3416,"4496 missing in 1..4534: 3,9,40-4533"
sequence-gap,description,ДАПО-Р3485,4832 missing in 1..4835: 3-4834
sequence-gap,description,ДАПО-Р1865,"506 missing in 1..510: 3,5-509"
sequence-gap,description,ДАПО-Р5513,7319 missing in 1..7322: 3-7321
sequence-gap,description,ДАПО-Р1887,521 missing in 1..524: 3-523
sequence-gap,description,ДАПО-545,76 missing in 1..81: 3-78
sequence-gap,description,ДАПО-Р3375,4489 missing in 1..4494: 4-4492
sequence-gap,description,ДАПО-Р2044,664 missing in 1..667: 3-666
sequence-gap,description,ДАПО-Р1855,498 missing in 1..503: 5-502
sequence-gap,description,ДАПО-Р2054,"651 missing in 1..678: 2,20-21,24,29,32-677"
sequence-gap,description,ДАПО-Р2084,697 missing in 1..700: 3-699
sequence-gap,description,ДАПО-Р1797,495 missing in 1..498: 3-497
sequence-gap,description,ДАПО-Р1507,470 missing in 1..473: 2-471
sequence-gap,description,ДАПО-Р3276,4386 missing in 1..4390: 4-4389
sequence-gap,description,ДАПО-Р2075,690 missing in 1..693: 3-692
sequence-gap,description,ДАПО-Р1960,572 missing in 2..576: 3-574
sequence-gap,description,ДАПО-Р3281,4392 missing in 1..4395: 3-4394
sequence-gap,description,ДАПО-Р3184,4290 missing in 1..4293: 3-4292
sequence-gap,description,ДАПО-Р2043,663 missing in 1..666: 3-665
sequence-gap,description,ДАПО-Р5057,6141 missing in 1..6144: 3-6143
sequence-gap,description,ДАПО-Р1967,582 missing in 2..586: 3-584
sequence-gap,description,ДАПО-Р2032,653 missing in 1..656: 3-655
sequence-gap,description,ДАПО-Р2533,"10554 missing in 1..10557: 2-3620,3622-10556"
sequence-gap,description,ДАПО-Р5063,6147 missing in 1..6150: 3-6149
sequence-gap,description,ДАПО-Р3501,4841 missing in 1..4844: 3-4843
sequence-gap,description,ДАПО-Р911,"413 missing in 1..420: 2-3,5,7,9-417"
sequence-gap,description,ДАПО-Р2002,623 missing in 2..627: 3-625
sequence-gap,description,ДАПО-9131,"439 missing in 10220..10661: 10221-10541,10543-10660"
sequence-gap,description,ДАПО-9134,"443 missing in 10203..10649: 10204-10543,10545-10603,10605-10648"
sequence-gap,description,ДАПО-9138,"77 missing in 10528..10607: 10529-10545,10547-10606"
sequence-gap,description,ДАПО-9137,"77 missing in 10527..10606: 10528-10555,10557-10605"
sequence-gap,description,ДАПО-Р9122,"601 missing in 9978..10581: 9979-10564,10566-10580"
sequence-gap,case,ДАПО-П13-1,"426 missing in 2..768: 3,7-8,12-14,17,20-21,54,107,109-111,113-115,120-121,123-127,129-131,133-135,137-138,151-155,157-158,161-168,170,173-180,182,…"
sequence-gap,case,ДАПО-П13-2,"5901 missing in 54..9638: 65-66,75-93,95,102,104-107,109-110,112-117,122-126,130-134,150,156-157,163,165-167,169,171,174,176,178-180,187-188,192-196,…"
sequence-gap,case,ДАПО-П13-5,"398 missing in 1..797: 6-9,34-61,64,76-80,82-83,89-97,103-118,138-154,173-188,191,195-198,204-209,213,220-226,228,233-241,244,293-329,342,346-357,…"
sequence-gap,case,ДАПО-П13-8,"777 missing in 8..1970: 19-23,54-62,64-80,94-112,115,117,120,122-123,125-126,131-135,137,139,143,191,212-213,215-223,241,245,248-259,262,…"
sequence-gap,case,ДАПО-П13-11,"1040 missing in 44..2146: 45-116,118-269,271-581,583-740,743-887,889-1017,1874,1901-1970,1991,2025"
sequence-gap,case,ДАПО-П13-13,"947 missing in 80..1374: 81-148,150-202,205-383,385-393,395-497,801-1335"
sequence-gap,case,ДАПО-П13-14,"64 missing in 126..966: 127-189,927"
sequence-gap,case,ДАПО-П13-15,1 missing in 511..967: 815
sequence-gap,case,ДАПО-П13-16,"484 missing in 59..1242: 60-168,170-175,177-180,182-236,238-271,273-375,377-399,401-483,486-502,504-538,541-554,1057"
sequence-gap,case,ДАПО-П13-17,"24 missing in 26..1438: 101,752-773,1283"
sequence-gap,case,ДАПО-П13-18,"159 missing in 46..2676: 642-696,1313-1362,1931,2007-2059"
sequence-gap,case,ДАПО-П13-38,"130 missing in 1..147: 14,18-146"
sequence-gap,case,ДАПО-13-2,"7464 missing in 1..9593: 22-29,31-52,54-74,94-104,106-182,184-222,235,237,242,283-287,364-370,372-502,504-512,515-517,519-573,575,587-597,600,604-606,608-627,…"
sequence-gap,case,ДАПО-П270-1,"1183 missing in 1..1513: 11-210,219-258,272-302,309-323,329-366,382-423,429,434-441,460-490,502-545,550-553,555-567,571-579,581-607,613-620,626,633-647,651-654,660-664,678-694,…"
sequence-gap,case,ДАПО-П280-1,"1406 missing in 1..1709: 11,14-52,62-112,116,119-128,130-167,175-212,218-226,232-257,259-261,266,271-278,291-309,315-345,350,356-380,387-430,433,436-485,492-496,…"
sequence-gap,case,ДАПО-П300-1,"2731 missing in 32..3423: 35,41-112,122-193,199,201,203,205-264,266,268,271,273-274,280,282-283,286-287,289,293-295,298-300,302-303,305-358,360,…"
sequence-gap,case,ДАПО-П303-1,"3363 missing in 1..3784: 7-53,55-102,104-105,108-109,112,114,116-117,119-176,178,180,182-185,187-240,242,244-245,247,249-289,292,294,296-329,332,…"
sequence-gap,case,ДАПО-П315-1,"251 missing in 1..493: 2-4,7,12-13,19-27,29,31-32,43-51,59-65,67-72,80-81,83,85,89,121,126,145-147,157-161,191,204-213,222-229,…"
sequence-gap,case,ДАПО-П420-1,"2544 missing in 1..3017: 3-4,6-7,10-11,13-14,16-17,19-32,38,40-41,43-44,46,48-82,88-100,102-104,106-107,109-110,112-113,115-144,148,150-152,154-155,…"
sequence-gap,case,ДАПО-П340-1,"2317 missing in 1..2749: 2-3,6,10,12-13,15-25,28,32-89,91,93-94,96,98-99,101-111,113-114,116-117,121-152,154-156,158,162-193,195-196,200-230,…"
sequence-gap,case,ДАПО-П350-1,"1444 missing in 1..1790: 10,13-14,16-17,20-21,23-83,87,89,91,93-94,96-151,153,155,157,159,161-169,171-172,175,177-178,183,185,…"
sequence-gap,case,ДАПО-П378-1,"1114 missing in 1..1385: 6-24,27-67,71,73,75-122,128,131,133-134,136-163,169-176,183-219,229-250,258-276,280-281,283-285,291-293,296-298,300-336,341-358,360-377,…"
sequence-gap,case,ДАПО-Р4889-1,"43 missing in 2..54: 4-9,11-17,19-27,29-39,42-43,45-52"
sequence-gap,case,ДАПО-Р4890-1,"63 missing in 2..76: 4-13,16-27,29-31,33-39,41,44-68,70-73,75"
sequence-gap,case,ДАПО-Р4891-1,"56 missing in 2..68: 3-7,9-12,14-15,18-25,27,29-49,52-66"
sequence-gap,case,ДАПО-Р4892-1,"56 missing in 1..68: 2-3,5-6,8-12,14-19,21,23-27,29-38,40-49,51,54-67"
sequence-gap,case,ДАПО-Р4893-1,"63 missing in 1..73: 2-5,7-15,17-25,28-40,43-67,70-72"
sequence-gap,case,ДАПО-Р4894-1,"154 missing in 4..170: 5-9,12-17,19-37,39-44,46-53,55-74,76-100,102-131,133-155,157-168"
sequence-gap,case,ДАПО-Р4895-1,"57 missing in 1..69: 2,4-18,20-21,24-32,35-52,54-61,64-67"
sequence-gap,case,ДАПО-П5-1,"46 missing in 2..110: 5,8,13-15,17-18,24-26,28-29,31,36-37,43-49,51-52,56,58-65,70-72,75,77-79,81-82,102,104-106"
sequence-gap,case,ДАПО-П5-2,1 missing in 1..955: 775
sequence-gap,case,ДАПО-Р4897-1,"69 missing in 4..94: 5-6,8-10,13,15-17,19-21,23-30,34-51,55-66,68,71-75,79-91"
sequence-gap,case,ДАПО-Р7287-1,"54 missing in 1..78: 3-8,11-14,17-20,23-26,31-34,37-41,43-46,49-53,57-64,66,69-77"
sequence-gap,case,ДАПО-138-1,"2 missing in 20..623: 313,492"
sequence-gap,case,ДАПО-Р4898-1,"170 missing in 2..192: 3-17,19-26,28-36,39-48,51-60,62-93,96-131,133-135,137-141,144-169,172-173,175-176,178-179,181-190"
sequence-gap,case,ДАПО-Р1336-1,"35 missing in 5..55: 6-9,11-16,18,20-22,27-33,37-38,40-41,44-53"
sequence-gap,case,ДАПО-Р1502-1,"67 missing in 4..592: 5,7,30-34,56,59,78,85-88,90,103-104,108-109,125-141,225-226,228-230,308-309,350-352,386,392,395,403,434-435,…"
sequence-gap,case,ДАПО-Р1502-3,"127 missing in 1..572: 442-567,570"
sequence-gap,case,ДАПО-83-1,"80 missing in 1..141: 3,6-12,14-19,31-33,35-42,44-47,50-51,55-60,63-89,95,99,104,128-140"
sequence-gap,case,ДАПО-83-3,"356 missing in 28..393: 29-34,36-53,55-60,62-88,94-392"
sequence-gap,case,ДАПО-222-1,"9 missing in 1..2654: 137-139,333,644,734,746,766,850"
sequence-gap,case,ДАПО-351-1,1 missing in 1..85: 66
sequence-gap,case,ДАПО-370-1,"15 missing in 1..648: 121,123,281,283,286,301,334,399,407-408,413,415,540,590,620"
sequence-gap,case,ДАПО-370-2,4417 missing in 1..5198: 781-5197
sequence-gap,case,ДАПО-379-1,2 missing in 1..11: 8-9
sequence-gap,case,ДАПО-540-5,1 missing in 15..413: 233
sequence-gap,case,ДАПО-612-1,"14 missing in 17..92: 18-19,21-32"
sequence-gap,case,ДАПО-612-3,1 missing in 1..60: 30
sequence-gap,case,ДАПО-615-1,"78 missing in 1..116: 2-3,5-6,9,17-48,51-52,56,60-66,68-69,72-74,76,78-84,86,88,95-96,98-101,103,105-106,109-115"
sequence-gap,case,ДАПО-706-3,1 missing in 1..80: 63
sequence-gap,case,ДАПО-768-3,"303 missing in 61..373: 69-81,83-372"
sequence-gap,case,ДАПО-771-1,"4 missing in 1..15: 4-6,11"
sequence-gap,case,ДАПО-788-1,"39 missing in 5..65: 6-7,10-11,21-22,24-25,28-34,37-53,56-62"
sequence-gap,case,ДАПО-801-1,"41796 missing in 1..46449: 1245,2105,2424,2668,2826,3344-3345,3448,3561,3836,4079,4081,4097,4167,4332,4337,4401,4597-4599,4615,4671-4696,4700-46448,…"
sequence-gap,case,ДАПО-801-2,"5 missing in 1..605: 141,143,199-200,547"
sequence-gap,case,ДАПО-828-1,"527 missing in 1..953: 27,31-32,60,68-70,74,83,94,224-226,438-809,811-952"
sequence-gap,case,ДАПО-837-1,"22 missing in 3..44: 6-7,9,11-12,14-15,18,22-24,29-31,33-38,40-41"
sequence-gap,case,ДАПО-851-1,"5 missing in 1..67: 4,10,12-13,15"
sequence-gap,case,ДАПО-977-1,"25 missing in 8..66: 16-17,19,25,28,34,37,39-41,43-46,49-56,59,61,65"
sequence-gap,case,ДАПО-992-1,"3 missing in 3..27: 8-9,14"
sequence-gap,case,ДАПО-997-1,"4 missing in 1..25: 19-20,23-24"
sequence-gap,case,ДАПО-998-1,"33 missing in 1..50: 2-31,33-34,45"
sequence-gap,case,ДАПО-1002-1,1 missing in 1..13: 5
sequence-gap,case,ДАПО-1011-1,925 missing in 1..1134: 209-1133
sequence-gap,case,ДАПО-1011-6,1 missing in 1..1219: 507
sequence-gap,case,ДАПО-1011-7,"4 missing in 1..170: 27,108,134,139"
sequence-gap,case,ДАПО-1011-8,1 missing in 1..141: 40
sequence-gap,case,ДАПО-1011-9,2 missing in 1..219: 23-24
sequence-gap,case,ДАПО-1011-10,1 missing in 1..32: 27
sequence-gap,case,ДАПО-1039-1,"14 missing in 2..31: 5,10-12,16-22,26-28"
sequence-gap,case,ДАПО-1057-1,"32 missing in 1..80: 7,11,13,19,21-32,42-44,46,53-54,56,58-59,61-62,70-72,74-75"
sequence-gap,case,ДАПО-Р2215-1,"8 missing in 1..28: 8,10-11,13,15-16,19,24"
sequence-gap,case,ДАПО-Р12-2,"259 missing in 2805..3105: 2806-2861,2863-3044,3048,3051-3059,3061,3065-3072,3076-3077"
sequence-gap,case,ДАПО-Р13-1,"18 missing in 4..38: 5-7,9-10,13,17-18,20-26,31-32,34"
sequence-gap,case,ДАПО-Р18-1,"8 missing in 1..20: 3-4,9-10,13-14,16,18"
sequence-gap,case,ДАПО-Р50-1,"4 missing in 1..17: 4,7,11,13"
sequence-gap,case,ДАПО-Р51-1,"13 missing in 3..32: 4-9,14-17,24-25,30"
sequence-gap,case,ДАПО-Р1286-1,"294 missing in 10..1249: 12-13,17-18,20-29,31-34,36,39-45,56-57,59-60,62-63,78-80,82-102,104-106,109-133,135-153,155-175,178,181,183-186,188-197,199-202,…"
sequence-gap,case,ДАПО-Р1286-2,"160 missing in 1..177: 3,5-26,29-57,60-76,78-87,89-101,104-107,109-144,146-153,155-169,171-172,174-176"
sequence-gap,case,ДАПО-Р146-1,"93 missing in 2..130: 3-6,8-10,14,16-20,22,24-35,39,42,51-55,57-58,67-85,87,89-103,105-111,113-128"
sequence-gap,case,ДАПО-Р1621-1,"239 missing in 1..310: 2-3,5-17,19-24,26-32,34-43,45-52,54-57,60-61,64-66,68-72,74,76,78-83,85-100,102-111,113-133,135,137-138,140-143,146,…"
sequence-gap,case,ДАПО-Р369-2,"4 missing in 1..14: 2,7-9"
sequence-gap,case,ДАПО-Р381-1,"396 missing in 7..1053: 8-11,13-17,19-23,29,31-37,39-84,86-91,93-95,97-110,114-131,133-145,154-156,161,163,167,180,182,184,188,192,…"
sequence-gap,case,ДАПО-Р381-2,"292 missing in 20..328: 21-39,41-59,61-79,81-99,101-119,121-139,141-159,161-179,181-197,199-217,219-227,229-247,249-267,269-287,289-307,309-327"
sequence-gap,case,ДАПО-Р533-1,"412 missing in 22..641: 25-36,38-42,44-50,52-54,57-73,75-77,81,86,88-90,94-103,105-109,111-117,119-121,123,131,133-135,142-146,151,153-155,157,…"
sequence-gap,case,ДАПО-Р534-1,"11 missing in 2..30: 3,20-29"
sequence-gap,case,ДАПО-Р536-1,"14 missing in 6..35: 7-11,18-22,24-26,29"
sequence-gap,case,ДАПО-Р538-1,1 missing in 2..14: 4
sequence-gap,case,ДАПО-Р539-1,"70 missing in 6..126: 8-13,18-20,23-24,30-31,34-43,45,53-63,71-74,76-78,80,82-86,88-91,94-100,104-106,108,110-112,114-115,117-118"
sequence-gap,case,ДАПО-Р542-1,"39 missing in 2..60: 6-11,15,17-19,21,23-28,33-40,42-51,55,57-59"
sequence-gap,case,ДАПО-Р544-1,"37 missing in 1..88: 4-5,9,12,15-19,26-28,30-32,34,36,51-53,55-56,59-60,62-64,70-72,74,77,82-85,87"
sequence-gap,case,ДАПО-Р615-1,"45 missing in 1..118: 2-3,6,27-28,31-47,51-52,60-66,73-74,76,78-80,82-83,95,100-101,103,109-110"
sequence-gap,case,ДАПО-Р678-1,"19 missing in 2..37: 3-6,11-14,16,19,21-23,25-26,30,32,35-36"
sequence-gap,case,ДАПО-Р774-1,"52 missing in 3..74: 4-9,12-16,22-28,33-36,38-40,42-49,51,53,55,57-62,64-73"
sequence-gap,case,ДАПО-Р911-8,"27 missing in 1..128: 25-28,40,42-44,46,64,68-71,75,80,82,85,98,103-104,108,112,117,122,124,127"
sequence-gap,case,ДАПО-Р978-1,"11 missing in 2..23: 3-4,10,12-17,20-21"
sequence-gap,case,ДАПО-Р1090-1,"59 missing in 1..128: 7-9,11-13,20,23,28,33-36,38,40,46,52,54,66,68,70-74,77-79,81-83,85-90,94-95,97-101,109-112,…"
sequence-gap,case,ДАПО-Р1095-1,"12 missing in 5..72: 7-9,13,15,19,39,41,44,47,49,52"
sequence-gap,case,ДАПО-Р1165-1,"14 missing in 2..38: 4-6,8,10-15,18,27-29"
sequence-gap,case,ДАПО-Р1189-1,"143 missing in 6..434: 8-9,13,16,18,20-27,30,32-35,39-47,50-52,55-57,63-64,67-68,71,79,98,126-127,129-130,132-133,140,144,…"
sequence-gap,case,ДАПО-Р1216-1,"95 missing in 1..105: 2,10,12-104"
sequence-gap,case,ДАПО-Р1226-1,1 missing in 1..275: 13
sequence-gap,case,ДАПО-Р1237-1,"11 missing in 6..30: 7,10,12,15,17-20,22,24,26"
sequence-gap,case,ДАПО-Р1268-1,"9 missing in 2..22: 9-13,17-20"
sequence-gap,case,ДАПО-Р1275-1,"6 missing in 3..37: 9-11,13,20,34"
sequence-gap,case,ДАПО-Р1287-1,"291 missing in 1..1307: 2-10,12-17,19-28,30-41,43-44,46-58,60-63,65-68,70-100,102-143,153,174,333,510-626,706,715-716,731,736,747,827,…"
sequence-gap,case,ДАПО-Р1360-1,"26 missing in 1..42: 2,5-6,9-11,14-15,17,19-28,31-33,35-36,38,41"
sequence-gap,case,ДАПО-Р1384-1,"6 missing in 11..28: 12-13,16,23,26-27"
sequence-gap,case,ДАПО-Р1416-1,"30 missing in 5..64: 8-21,23-24,26-29,32,36,40,43,46,48-49,52-54"
sequence-gap,case,ДАПО-Р1500-1,"11 missing in 2..28: 6,8-11,14-15,22-25"
sequence-gap,case,ДАПО-Р1503-470,1 missing in 1..575: 421
sequence-gap,case,ДАПО-Р1503-1,"1345 missing in 1..1925: 421,576-1919"
sequence-gap,case,ДАПО-Р1528-1,"50 missing in 2..96: 9-10,12,14-15,17-18,22-27,29-35,38-40,42-45,48-53,55-56,58-61,63,65,67,69-70,88,90,92-95"
sequence-gap,case,ДАПО-Р1594-1,"14 missing in 1..36: 6,8,14-17,19,24-26,29,32-34"
sequence-gap,case,ДАПО-Р1619-1,"73 missing in 2..126: 3-4,6,9-12,14,18-20,29,34,36-51,55-56,62,64-72,74,83-96,100-103,105-111,114-116,122-124"
sequence-gap,case,ДАПО-Р1631-1,"1288 missing in 5..1823: 9-31,33-62,64-79,81-82,84-89,91-94,96-107,109-110,112-125,128-136,140-144,146-147,149-180,182-257,259-283,285-319,321-340,342,348-353,356-441,…"
sequence-gap,case,ДАПО-Р1631-2,"36 missing in 2..65: 3-7,13,21-25,27-32,38-52,54-55,57,64"
sequence-gap,case,ДАПО-Р1634-1,"10 missing in 1..26: 3,5-11,14,22"
sequence-gap,case,ДАПО-Р1782-1,"4 missing in 1..16: 2,11-13"
sequence-gap,case,ДАПО-Р1792-2,"6 missing in 1..341: 15,176,287-289,292"
sequence-gap,case,ДАПО-Р1792-3,1 missing in 1..154: 152
sequence-gap,case,ДАПО-Р1792-5,"47 missing in 1..583: 3,6,17,27-28,52-53,82-84,113,152,212-214,254-257,329-334,352-355,377,398-401,441,444-446,490,494-497,530,532-534,…"
sequence-gap,case,ДАПО-Р1792-6,"82 missing in 1..256: 68,77,84,86,89,91-92,99-100,102-103,108-109,111-112,115-116,118-120,123-126,128-129,132-133,135,139-140,142,146-147,149,…"
sequence-gap,case,ДАПО-Р1792-1,"143 missing in 1..929: 5,17,23-25,37-38,41-48,53-54,59-64,72,75-76,87,89-95,103,110,123,127-149,152-153,155-156,158-161,167-181,184-193,…"
sequence-gap,case,ДАПО-Р1797-1,"6 missing in 1..64: 4,8,14,16-17,59"
sequence-gap,case,ДАПО-Р1797-2,"12 missing in 2..37: 6,13-15,18,27-31,34,36"
sequence-gap,case,ДАПО-Р1854-1,"17 missing in 1..33: 2-7,10,14-15,17,21-22,27-29,31-32"
sequence-gap,case,ДАПО-Р1855-1,"18 missing in 1..59: 5,8,15,18,21-23,30-31,36-38,40-42,44,46,50"
sequence-gap,case,ДАПО-Р1855-2,"148 missing in 2..298: 3,8-18,24-28,41,50,53,55,57,60-63,66-67,71,84,87,91-93,98-99,101-103,106-112,114-115,119-124,126-132,…"
sequence-gap,case,ДАПО-Р1856-1,"2 missing in 1..104: 15,17"
sequence-gap,case,ДАПО-Р1857-1,"6 missing in 2..18: 3-5,12,16-17"
sequence-gap,case,ДАПО-Р1861-1,"33 missing in 3..122: 4,6-7,13-20,56-63,65,67,69-71,88-89,99-100,104,118-121"
sequence-gap,case,ДАПО-Р1862-1,"10 missing in 1..367: 7-8,16-17,40,42-43,66,87,97"
sequence-gap,case,ДАПО-Р1863-1,"13 missing in 1..109: 17-18,21,33,35-37,73-75,77-78,85"
sequence-gap,case,ДАПО-Р1864-1,"94 missing in 1..462: 18-22,35,37-38,40-42,45-46,72,74-87,92,94,107,134-135,139-141,165,178,180-185,187-188,192,196,199-206,208-218,…"
sequence-gap,case,ДАПО-Р1864-2,"12 missing in 1..32: 6,15,18-19,22-23,25-27,29-31"
sequence-gap,case,ДАПО-Р1864-6,"87 missing in 2..288: 6,8,10,12-17,71,76,106,109,111,114,117,119,121,123,126,130-131,134,136-138,142-152,158-164,…"
sequence-gap,case,ДАПО-Р1864-4,"121 missing in 1..132: 3-12,17-29,31-88,90-123,126-131"
sequence-gap,case,ДАПО-Р1865-1,"62 missing in 5..208: 6-8,10-11,13,16-17,19,21,23-28,37-38,41-42,45-46,48-55,57-58,67,143,145,154-157,159,161-162,164-165,167-170,…"
sequence-gap,case,ДАПО-Р1867-1,"27 missing in 2..59: 3,5-7,11-12,14-15,17-18,24-26,29-31,37,41-46,48-51"
sequence-gap,case,ДАПО-Р1867-2,1 missing in 1..22: 4
sequence-gap,case,ДАПО-Р1874-1,"4 missing in 1..18: 2,6,14,17"
sequence-gap,case,ДАПО-Р1875-2,"11 missing in 4..24: 5-7,10-15,17-18"
sequence-gap,case,ДАПО-Р1883-1,"28 missing in 1..80: 25-26,29,31-32,35,37-43,48,50,52,54-57,61,70-71,74-75,77-79"
sequence-gap,case,ДАПО-Р1884-1,"147 missing in 35..215: 36-39,41,46-51,54,56-57,59,61-63,65-77,80-97,99-100,102-106,108-109,111-113,115-124,127-129,131-147,150,152-156,158-160,163-171,…"
sequence-gap,case,ДАПО-Р1885-1,"165 missing in 4..211: 6-12,14-23,25-45,47,70-83,85-92,94-97,100-102,104-113,115-125,127-132,134-145,147-176,179,181,183-208"
sequence-gap,case,ДАПО-Р1887-1,"69 missing in 1..262: 4,8,11,17-19,25-29,32-33,42-43,47,56,65,131,135,148-149,155-159,163,182,195-201,203,209-220,227-230,…"
sequence-gap,case,ДАПО-Р1888-1,"73 missing in 12..105: 17-79,81-84,96-99,101-102"
sequence-gap,case,ДАПО-Р1888-3,"741 missing in 22..996: 23-28,30-36,39-46,51-79,82-84,86-90,93-98,102,114-117,119,132,135-136,138,146-150,152-164,166-192,195-233,235-237,240-260,264-266,…"
sequence-gap,case,ДАПО-Р1890-1,1 missing in 1..94: 73
sequence-gap,case,ДАПО-Р1890-2,"21 missing in 1..43: 6-7,9,11-13,16-18,20,23-25,28-31,34-36,41"
sequence-gap,case,ДАПО-Р1890-4,"9 missing in 1..36: 2,4,8,15,24,30-33"
sequence-gap,case,ДАПО-Р1960-2,"39 missing in 1..49: 2-3,6-8,10-14,17-23,25-32,34-41,43-48"
sequence-gap,case,ДАПО-Р1967-2,"66 missing in 3..87: 5-7,10-16,18-20,23-25,27-30,33-38,40-47,50-53,55-62,65-73,75-79,81-86"
sequence-gap,case,ДАПО-Р1971-1,"16 missing in 19..46: 20,22-24,27-30,33-35,38-40,43-44"
sequence-gap,case,ДАПО-Р1981-1,1 missing in 1..11: 6
sequence-gap,case,ДАПО-Р2010-2,"97 missing in 3..116: 4-9,11-21,23-28,30-36,38-44,47-48,51-60,62-63,66-69,71-109,113-115"
sequence-gap,case,ДАПО-Р2018-1,"6 missing in 1..22: 3-6,17-18"
sequence-gap,case,ДАПО-Р2034-1,"135 missing in 3..558: 7,9,19,21,25,27,31-33,36-38,48-49,51,54-56,62-63,65,67,70,74,76,78-79,82-83,98,…"
sequence-gap,case,ДАПО-Р2034-2,"46 missing in 2..90: 10,13-15,17-20,23-25,27-28,30-37,39-42,44-49,54,56-57,62-64,70,74,77-81,83,85"
sequence-gap,case,ДАПО-Р2035-1,"3 missing in 6..175: 7,14,100"
sequence-gap,case,ДАПО-Р2038-662,"2 missing in 1..1503: 511,848"
sequence-gap,case,ДАПО-Р2038-1,"2 missing in 1..1503: 511,848"
sequence-gap,case,ДАПО-Р2040-1,"3 missing in 1..711: 3,21,32"
sequence-gap,case,ДАПО-Р2044-1,1 missing in 1..84: 45
sequence-gap,case,ДАПО-Р2046-3,"849 missing in 1..2076: 348,623,1082,1230-2075"
sequence-gap,case,ДАПО-Р2046-5,"37 missing in 1..137: 10,13,17,20,25,27,33,37,41,43,47,51,56,60,64,68,72,76,80,84,…"
sequence-gap,case,ДАПО-Р2046-1,"862 missing in 1..1172: 306-1146,1149-1151,1153-1170"
sequence-gap,case,ДАПО-Р2046-4,"137 missing in 1..332: 3-4,8-9,22-23,41-42,57-68,71-72,88-106,109-110,112-113,135-148,150,153-155,175-187,189,191-192,218-229,231-242,244-245,247,249-250,…"
sequence-gap,case,ДАПО-Р2047-1,1 missing in 1..286: 252
sequence-gap,case,ДАПО-Р2048-2,"233 missing in 1..612: 4,6-9,11-14,91-93,110,116-141,144-152,208,213,215-219,222-225,246-247,249-251,260-263,272-280,301-302,310-311,321-322,324-334,336-343,…"
sequence-gap,case,ДАПО-Р2049-1,"279 missing in 1..388: 2-11,15-53,67-70,72-86,89,92,95-137,141-153,156-161,163-215,224-229,231-248,265-268,270-289,294-296,299-316,319-337,342-347"
sequence-gap,case,ДАПО-Р2049-3,"195 missing in 5..222: 6,28-221"
sequence-gap,case,ДАПО-Р2053-1,"12 missing in 1..28: 9-11,14-19,22-23,27"
sequence-gap,case,ДАПО-Р2054-1,"148 missing in 4..177: 5-7,9-11,13-15,17-19,21-23,25-27,29-31,33-35,37-39,41-43,45-65,67-100,102,105-110,112-118,120-127,129-133,135-138,141-144,146-153,…"
sequence-gap,case,ДАПО-Р2054-6,"31 missing in 2..51: 3-9,11,15,18-19,22-39,41-42"
sequence-gap,case,ДАПО-Р2054-7,"58 missing in 1..89: 2-8,10-12,35-53,55-75,78-85"
sequence-gap,case,ДАПО-Р2054-3А,"96 missing in 4..112: 5,7-11,13-70,72-76,82-94,96-105,107-108,110-111"
sequence-gap,case,ДАПО-Р2056-1,"21 missing in 8..122: 10-14,17-23,25-32,45"
sequence-gap,case,ДАПО-Р2057-1,"80 missing in 5..100: 7-22,24-30,32-36,39-61,64-77,79-80,86-98"
sequence-gap,case,ДАПО-Р2060-2,"45 missing in 1..59: 5-44,50-51,54,57-58"
sequence-gap,case,ДАПО-Р2060-1,"235 missing in 3..291: 4-8,11,13-15,17-22,24-27,30-32,34-35,37-44,46-47,49-51,53-68,70-71,73-78,81-84,86-88,90-92,94-120,122,125-140,142-143,…"
sequence-gap,case,ДАПО-Р2063-1,"56 missing in 1..114: 2-4,9,18-40,51-66,68,70-80,82"
sequence-gap,case,ДАПО-Р2064-1,"95 missing in 4..134: 5-11,18-105"
sequence-gap,case,ДАПО-Р2070-1,"51 missing in 1..205: 2-5,8-9,12-17,23-37,40-51,76,82,91,95,100,103,121,123-124,152,180,204"
sequence-gap,case,ДАПО-Р2071-1,"29 missing in 3..219: 4-6,9-23,26-36"
sequence-gap,case,ДАПО-Р2075-1,"3 missing in 1..16: 5,8,14"
sequence-gap,case,ДАПО-Р2076-1,"10 missing in 1..42: 3-6,12,31,33-34,36-37"
sequence-gap,case,ДАПО-Р2087-1,"19 missing in 1..46: 2,4-10,20-21,29-33,35,37-39"
sequence-gap,case,ДАПО-Р2090-1,"138 missing in 17..368: 24-45,48-54,57-68,74-85,89-91,93-110,112-116,118,125,133-134,138,140-143,145-149,153,155-156,163,165,175,180,197,…"
sequence-gap,case,ДАПО-Р2093-1,"3 missing in 1..15: 2-3,5"
sequence-gap,case,ДАПО-Р2093-2,2 missing in 1..18: 14-15
sequence-gap,case,ДАПО-Р2101-1,"5 missing in 2..245: 6-8,10-11"
sequence-gap,case,ДАПО-Р2113-1,"329 missing in 24..769: 25-109,111-115,117-133,135-306,316,318-321,324,326-327,332-333,338,353,385,451,462,474,486,603,615,617,624,…"
sequence-gap,case,ДАПО-Р2114-2,"2 missing in 10..113: 16,23"
sequence-gap,case,ДАПО-Р2118-1,"5 missing in 8..24: 18-21,23"
sequence-gap,case,ДАПО-Р2119-1,"36 missing in 5..54: 7-10,14-23,26-32,34-35,38-40,42-45,48-53"
sequence-gap,case,ДАПО-Р2121-3,1 missing in 1..101: 7
sequence-gap,case,ДАПО-Р2122-2,"2 missing in 2..180: 4,131"
sequence-gap,case,ДАПО-Р2126-3210,1 missing in 1..908: 569
sequence-gap,case,ДАПО-Р2126-1,1 missing in 1..908: 569
sequence-gap,case,ДАПО-Р2127-1,"38 missing in 2..218: 3,5-9,11-12,14-20,22,25-27,29-31,34-35,37-46,173,215-217"
sequence-gap,case,ДАПО-Р2129-1,4 missing in 3..74: 5-8
sequence-gap,case,ДАПО-Р2136-1,1 missing in 1..92: 61
sequence-gap,case,ДАПО-Р2173-1,"48 missing in 6..192: 7-8,11-12,14-16,18,25,27-28,37-39,43,146-148,150-161,163-164,167,169,171-173,175-178,180-185,190"
sequence-gap,case,ДАПО-Р2177-1,"40 missing in 2..52: 5-7,9,11-23,25-26,29-40,42-44,46-51"
sequence-gap,case,ДАПО-Р2196-1,"111 missing in 2..308: 4-5,7-10,13-19,24-29,53,59-62,72-77,105-109,115-127,129-145,229-235,239-259,262-279"
sequence-gap,case,ДАПО-Р2199-1,"3 missing in 4..23: 5-6,12"
sequence-gap,case,ДАПО-Р2200-1,"8 missing in 8..33: 11,15,17-19,21,23,32"
sequence-gap,case,ДАПО-Р2210-1,"104 missing in 2..933: 3-16,19-21,23-32,35-36,38-41,46-49,51,53-59,62-66,68,70,75-88,90-95,97,100-103,105-106,108-111,113,115-129,132,…"
sequence-gap,case,ДАПО-Р2211-1,"77 missing in 10..99: 11,13-18,22-37,40-42,44-58,60-61,64-80,82-98"
sequence-gap,case,ДАПО-Р2212-2,"22 missing in 1..35: 2,5-6,8-10,12,14,17-22,24,26-27,29-33"
sequence-gap,case,ДАПО-Р2226-1,"19 missing in 1..30: 2-3,6-8,10-11,16-18,21-29"
sequence-gap,case,ДАПО-Р2226-2,2 missing in 1..19: 3-4
sequence-gap,case,ДАПО-Р2228-1,"116 missing in 22..150: 23-31,33-34,37-57,59-76,78-87,89,91-96,98-137,139,142-149"
sequence-gap,case,ДАПО-Р4900-1,"232 missing in 3..259: 4-6,8-10,12-13,15,17-25,27-37,39-40,42-48,50-62,64,67-80,82-106,108-141,144-180,184-211,214-238,241-257"
sequence-gap,case,ДАПО-Р2229-1,"7 missing in 2..61: 3-7,12,14"
sequence-gap,case,ДАПО-Р2243-1,"45 missing in 1..66: 5,7,10-12,14,16,18-20,22-25,27,30-32,34,37-43,45-60,62-63,65"
sequence-gap,case,ДАПО-Р2276-1,"10 missing in 2..21: 3-8,10,16,18,20"
sequence-gap,case,ДАПО-Р2282-1,3 missing in 9..48: 10-12
sequence-gap,case,ДАПО-Р2293-1,"218 missing in 6..385: 9-42,44-47,66-150,152-194,286-287,334-336,338-384"
sequence-gap,case,ДАПО-Р2296-1,1 missing in 13..29: 26
sequence-gap,case,ДАПО-Р2297-1,4 missing in 2..325: 3-6
sequence-gap,case,ДАПО-Р2307-1,"21 missing in 14..86: 15-28,30,32-37"
sequence-gap,case,ДАПО-Р2309-1,"9 missing in 2..58: 3-10,13"
sequence-gap,case,ДАПО-Р2313-1,7 missing in 41..116: 42-48
sequence-gap,case,ДАПО-Р2314-1,16 missing in 1..62: 2-17
sequence-gap,case,ДАПО-Р2317-1,"25 missing in 16..50: 17-40,49"
sequence-gap,case,ДАПО-Р2341-1,"20 missing in 1..60: 2-16,18-20,22-23"
sequence-gap,case,ДАПО-Р2342-1,"18 missing in 2..32: 4-5,7-9,11,16-17,19-20,22-27,30-31"
sequence-gap,case,ДАПО-Р2362-1,"10 missing in 1..22: 3,7-9,11-13,17,19,21"
sequence-gap,case,ДАПО-Р2020-1,288 missing in 1..1786: 1490-1777
sequence-gap,case,ДАПО-Р2392-27,"83 missing in 1..113: 2-8,10-25,28-35,41,48-52,54,56-64,66,69-72,74,77-91,98-112"
sequence-gap,case,ДАПО-Р2392-28,"53 missing in 3..78: 4-39,49-55,62-63,68,70-75,77"
sequence-gap,case,ДАПО-Р2392-29,"99 missing in 31..171: 32-40,44,46-47,65-71,74-78,80-87,90-91,93-101,104-110,112-117,119-124,126-133,135-136,138-148,150-158,160,162,164-165,168-170"
sequence-gap,case,ДАПО-Р2392-31,"225 missing in 5..256: 6-16,19-24,27-66,68-83,85-144,146-158,160-178,181,183-201,203-207,209-218,220-224,226-227,230,234-241,243-247,250-253"
sequence-gap,case,ДАПО-Р2392-32,"14 missing in 1..36: 4-5,14-19,21,23,25-28"
sequence-gap,case,ДАПО-Р2392-1,"74 missing in 2..89: 3-4,6-7,9,11-15,17-18,23-25,28-31,33-86,88"
sequence-gap,case,ДАПО-Р2392-3,"128 missing in 1..154: 3-5,8-25,28-34,36-48,50,52,54-58,61-63,67-71,73,75-81,84-99,101-122,124-126,128,130-145,147-152"
sequence-gap,case,ДАПО-Р2392-6,"44 missing in 4..57: 5,8-39,41-47,49-50,54-55"
sequence-gap,case,ДАПО-Р2392-8,"130 missing in 4..175: 7,10-17,20-26,28-31,40-42,44-45,48,50,52-56,60-70,72-73,75,77,80-85,87,89-100,102-103,105-106,108-112,114-115,…"
sequence-gap,case,ДАПО-Р2392-9,6 missing in 1..18: 8-13
sequence-gap,case,ДАПО-Р2392-10,"78 missing in 1..102: 4-45,48-55,60-71,74-76,84-93,97,99,101"
sequence-gap,case,ДАПО-Р2392-11,"79 missing in 1..114: 5-11,14-17,19-32,46-60,67-72,75-93,95-100,102-103,106-108,111-113"
sequence-gap,case,ДАПО-Р2392-13,"46 missing in 3..61: 6-14,17-28,30,32-33,35-39,41-43,45-47,49-59"
sequence-gap,case,ДАПО-Р2392-14,"421 missing in 21..453: 22-29,31-55,57-163,168-261,263-281,283-383,386-452"
sequence-gap,case,ДАПО-Р2392-15,"161 missing in 16..217: 17-20,22-45,47,49-54,56-57,59-61,63-64,67-70,72-74,76,79,81,85-89,91-110,112-113,116-125,128-130,132-145,147,150-155,…"
sequence-gap,case,ДАПО-Р2392-16,"63 missing in 4..87: 8,10-21,23,25-37,40-44,46-49,53-72,80-86"
sequence-gap,case,ДАПО-Р2392-17,"135 missing in 5..235: 6-9,12-17,19,27-35,38-39,41-42,44-45,47-53,56-58,60,68-70,73,83-84,86-98,109-112,114-115,121-123,125-127,136-143,149-151,…"
sequence-gap,case,ДАПО-Р2392-19,"130 missing in 5..191: 6-13,15-17,21,23-24,27-29,43,45-50,52-53,57-58,63-67,70-71,73-78,81-83,85-92,94-98,100-106,108,110-112,115-120,122-128,…"
sequence-gap,case,ДАПО-Р2392-22,"243 missing in 14..308: 15-26,28-29,32-34,40-50,52-65,67-75,88-94,102-105,107-184,187-204,206-222,224,226,228,230-255,257-273,275-279,281-293,295-296,305-306,…"
sequence-gap,case,ДАПО-Р2392-24,"168 missing in 1..200: 2-42,44-49,53,55,57-81,83,85-88,90,93-110,112-114,118,120-123,125-130,132,134-145,147-150,152,156-161,164-168,170-177,…"
sequence-gap,case,ДАПО-Р2392-25,"105 missing in 2..148: 3-17,20-33,35,40-46,48-50,52,55-67,76-81,83-90,92-100,107-108,110-111,113-134,146-147"
sequence-gap,case,ДАПО-Р2392-26,"273 missing in 7..445: 11,13-15,18-21,23,37-51,65,67-80,89-92,94-100,103-110,112-114,116-119,124-130,132,135-139,141,143-145,147-151,153-160,175,…"
sequence-gap,case,ДАПО-Р2434-1,"41 missing in 7..64: 9-15,17-28,38-49,51-59,63"
sequence-gap,case,ДАПО-Р2549-1,"13 missing in 11..72: 12,56-57,59,63-71"
sequence-gap,case,ДАПО-Р2562-1,"30 missing in 1..51: 2,4-13,15-16,28-34,36-38,40-46"
sequence-gap,case,ДАПО-Р2586-1,"19 missing in 7..104: 8,12,14-15,25-27,33-37,42-44,83-86"
sequence-gap,case,ДАПО-Р2701-1,"311 missing in 11..615: 12-35,41-142,144,146,148-158,160,164-165,167-253,256-257,259-317,319-321,323-340"
sequence-gap,case,ДАПО-Р2704-1,"111 missing in 2..134: 3-35,37,41-55,65,69-124,127-131"
sequence-gap,case,ДАПО-Р2738-1,"7 missing in 3..19: 7-8,10,12-14,16"
sequence-gap,case,ДАПО-Р2811-1,"17 missing in 1..30: 3-10,14-17,22-23,25-26,29"
sequence-gap,case,ДАПО-Р2825-1,"22 missing in 4..93: 5-16,18-22,32-36"
sequence-gap,case,ДАПО-Р2907-1,1 missing in 1..830: 304
sequence-gap,case,ДАПО-Р4369-1,"64 missing in 3..82: 4-6,8-10,12-14,16-19,21-29,32-40,42-48,50-52,55-64,67-75,77-80"
sequence-gap,case,ДАПО-Р2959-1,"5 missing in 1..16: 10-13,15"
sequence-gap,case,ДАПО-Р2975-1,1 missing in 1..13: 11
sequence-gap,case,ДАПО-Р4493-1,"78 missing in 2..91: 3-4,7-10,12-14,16-17,19-20,22-24,26-30,33-64,66-90"
sequence-gap,case,ДАПО-Р4902-1,"235 missing in 2..262: 3-9,11-15,18-24,26-32,34-44,46-58,61-94,96-109,114-150,154-174,178-220,223-227,229-244,247-261"
sequence-gap,case,ДАПО-Р3117-2,"17 missing in 6..32: 7-10,12-14,17-21,24-26,29-30"
sequence-gap,case,ДАПО-Р3120-2,6 missing in 89..105: 91-96
sequence-gap,case,ДАПО-Р3121-1,"351 missing in 6..399: 7-14,16-42,45-51,53-62,64-68,70-111,114-118,120-126,128,132-169,171-209,212-213,220-281,284-288,290,293-323,325-329,331-341,344,346-353,…"
sequence-gap,case,ДАПО-Р3121-4,"19 missing in 2..52: 4,6,20,31-44,50-51"
sequence-gap,case,ДАПО-Р3122-1,"46 missing in 13..86: 16-18,24,29-30,32,36-37,40-41,43,45-73,78,80-82,85"
sequence-gap,case,ДАПО-Р3122-2,"33 missing in 9..102: 11-13,16-23,25-26,55-68,85-90"
sequence-gap,case,ДАПО-Р3122-3,4 missing in 1..14: 9-12
sequence-gap,case,ДАПО-Р3127-1,1 missing in 1..318: 235
sequence-gap,case,ДАПО-Р3128-1,"2 missing in 1..796: 481,757"
sequence-gap,case,ДАПО-Р3129-1,"75 missing in 2..90: 3,5-8,10-12,14-18,20-23,25-40,42-50,53-57,59-61,63,65-88"
sequence-gap,case,ДАПО-Р3145-1,"4 missing in 1..834: 337,703,766,812"
sequence-gap,case,ДАПО-Р3152-1,"42 missing in 4..59: 6-10,14-19,24-25,29-51,53-58"
sequence-gap,case,ДАПО-Р3154-1,"15 missing in 1..34: 6,9-14,17,19-21,24,31-33"
sequence-gap,case,ДАПО-Р3157-1,1 missing in 2..18: 15
sequence-gap,case,ДАПО-Р3162-1,"19 missing in 5..35: 6-8,10,12,14-16,19-21,24-27,29-30,33-34"
sequence-gap,case,ДАПО-Р3163-1,1 missing in 2..13: 4
sequence-gap,case,ДАПО-Р3181-1,"18 missing in 2..33: 3-6,8-10,13,17-21,23-24,26,31-32"
sequence-gap,case,ДАПО-Р3182-1,366 missing in 1..481: 115-480
sequence-gap,case,ДАПО-Р3184-1,"28 missing in 3..49: 4-5,10-12,14,16-17,19-21,23-28,31,33-36,40,42-43,46-48"
sequence-gap,case,ДАПО-Р3185-1,"36 missing in 1..55: 3-10,13-14,16-17,20,22,24-25,27,29-34,36-37,42-43,45,47-54"
sequence-gap,case,ДАПО-Р3186-1,"27 missing in 1..39: 2-5,7-8,10-13,15-16,19-25,28-29,32-33,35-38"
sequence-gap,case,ДАПО-Р3189-1,"2 missing in 1..284: 52,127"
sequence-gap,case,ДАПО-Р3190-1,1 missing in 1..442: 68
sequence-gap,case,ДАПО-Р3192-1,"2 missing in 1..667: 357,571"
sequence-gap,case,ДАПО-Р3196-1,92 missing in 1..127: 35-126
sequence-gap,case,ДАПО-Р3201-1,209 missing in 1..339: 130-338
sequence-gap,case,ДАПО-Р3206-1,1 missing in 1..962: 99
sequence-gap,case,ДАПО-Р3214-1,"3 missing in 5..17: 11,15-16"
sequence-gap,case,ДАПО-Р3231-1,"35 missing in 1..118: 4,30-31,60-72,74-76,79,82,96,98-103,106-107,109,113-116"
sequence-gap,case,ДАПО-Р3242-2,1 missing in 1..25: 2
sequence-gap,case,ДАПО-Р3243-1,"10 missing in 6..73: 7-11,17-21"
sequence-gap,case,ДАПО-Р4636-1,"62 missing in 5..77: 6-9,11-16,18,20-21,23-46,48-67,71-75"
sequence-gap,case,ДАПО-Р3250-1,"18 missing in 1..29: 2,5,7-9,11-12,14,16-22,24-26"
sequence-gap,case,ДАПО-Р3253-1,"30 missing in 13..55: 14-20,25-35,38,41-51"
sequence-gap,case,ДАПО-Р3254-2,1 missing in 80..230: 82
sequence-gap,case,ДАПО-Р3257-1,"275 missing in 1..423: 2-3,7,9,11-14,17,20,22,25-26,29-32,34,36,39,41,43,49,51,53,57,59,62-70,…"
sequence-gap,case,ДАПО-Р3257-2,"7 missing in 5..26: 6,18-23"
sequence-gap,case,ДАПО-Р3257-3,"6 missing in 6..34: 24,26,28-30,33"
sequence-gap,case,ДАПО-Р3259-1,"36 missing in 2..82: 9,14-15,17-20,22-26,29,39-42,44,46-53,56,59,61,63,65,69-70,73,76,80"
sequence-gap,case,ДАПО-Р3261-1,1 missing in 1..14: 12
sequence-gap,case,ДАПО-Р3264-1,"159 missing in 2..263: 3,7-8,10-11,15,17,21-22,28-33,35,37,39,41,45,47-48,50-51,53-54,56-57,59,62-63,65,68-70,…"
sequence-gap,case,ДАПО-Р3265-1,"39 missing in 6..405: 7-10,12,14-20,25-27,31-48,50,56-57,61-63"
sequence-gap,case,ДАПО-Р4658-1,"45 missing in 3..58: 4,6-10,13-18,21-32,36-51,53-57"
sequence-gap,case,ДАПО-Р3266-1,"56 missing in 20..474: 22-30,38-43,45,47-66,68-77,80,82-89,191"
sequence-gap,case,ДАПО-Р3276-1,"105 missing in 2..188: 3,6-11,14-16,18,20-25,27,29,38,42-43,45,47-49,52-53,56,59,64,66,70,72-73,76-83,85,…"
sequence-gap,case,ДАПО-Р3281-1,"73 missing in 2..213: 4,13,16,20-21,27,30,33-35,40-43,45,50,53,63-64,66,68-69,73,77,79,83,89-90,92,…"
sequence-gap,case,ДАПО-Р3281-2,"23 missing in 3..42: 5-7,12,14,16,18-19,22-25,28-31,33-39"
sequence-gap,case,ДАПО-Р3283-1,"236 missing in 7..273: 8,10-25,27-44,48,50,52-65,67-72,74-76,78-97,99-112,114,116-166,168-175,177-180,182-199,201-234,236-237,241-247,249-264,270,…"
sequence-gap,case,ДАПО-Р3284-1,"47 missing in 11..88: 13,16-27,32-39,60-67,69,71-87"
sequence-gap,case,ДАПО-Р3285-1,"51 missing in 2..383: 24,26,31,38-41,44-45,47,49,54,93-94,100,104-110,112-120,123-124,132,143-146,148-151,154,156-160,171-173"
sequence-gap,case,ДАПО-Р3286-1,"52 missing in 5..114: 17-24,35-36,41-44,46-53,57-61,63-64,66-67,71,85-87,89,91-95,98-99,101-105,108-109,112-113"
sequence-gap,case,ДАПО-Р3287-1,"659 missing in 6..686: 9-42,51-52,54-595,598-602,604-605,608-638,640-644,647-649,651-685"
sequence-gap,case,ДАПО-Р3288-1,"16 missing in 11..39: 12-15,17-20,22-27,33,35"
sequence-gap,case,ДАПО-Р3290-1,"158 missing in 3..337: 4-15,17,19-35,47-66,68-87,89-145,147-151,153-156,158-161,163-177,180-181,197"
sequence-gap,case,ДАПО-Р3291-1,"3 missing in 1..23: 7-8,13"
sequence-gap,case,ДАПО-Р3293-1,"11 missing in 3..23: 5,8-11,14-15,18-21"
sequence-gap,case,ДАПО-Р3298-1,"4 missing in 6..28: 7,18,23-24"
sequence-gap,case,ДАПО-Р3299-1,"64 missing in 3..108: 4-13,15-17,22,24-25,28-30,32-33,36-37,41,44-46,49-54,58-62,65-67,69,72-73,75-79,84-85,89-90,92-93,95-103"
sequence-gap,case,ДАПО-Р3301-1,"25 missing in 1..35: 2-3,5-8,10-12,15-25,27-28,30-32"
sequence-gap,case,ДАПО-Р3302-1,"2 missing in 1..32: 10,13"
sequence-gap,case,ДАПО-Р3307-1,"67 missing in 1..85: 2-14,16-19,21-22,24,26,28,30,32-34,36-67,71-74,77-78,80,83-84"
sequence-gap,case,ДАПО-Р3308-1,"38 missing in 6..59: 7-8,12-16,18,21-26,30-35,37-51,55-56,58"
sequence-gap,case,ДАПО-Р3311-1,"39 missing in 15..112: 17-21,23,25-30,35-43,45-47,49-50,54-55,58,62-66,100-103,107"
sequence-gap,case,ДАПО-Р3312-1,"51 missing in 10..78: 11-14,16-30,33-36,39-46,48-53,57,60,62-66,68-69,71-75"
sequence-gap,case,ДАПО-Р3313-1,"36 missing in 1..86: 2-6,10,12,15-22,47-63,81-84"
sequence-gap,case,ДАПО-Р3314-1,"51 missing in 14..78: 15,17-43,45-46,48-53,55-59,61,63-65,68,70-73,75"
sequence-gap,case,ДАПО-Р3315-1,"75 missing in 1..119: 2-22,24-36,39-49,53-56,58-65,67-70,72-78,82-83,108-110,112-113"
sequence-gap,case,ДАПО-Р3316-1,"12 missing in 15..46: 21-25,37-43"
sequence-gap,case,ДАПО-Р3317-1,"53 missing in 2..66: 4-5,9,11-15,17,19-33,35-61,63-64"
sequence-gap,case,ДАПО-Р3318-1,"98 missing in 3..125: 4,6-19,21-23,26-40,42,44-49,51,53,57-59,61-63,65,72-92,94-96,99-123"
sequence-gap,case,ДАПО-Р3321-1,3 missing in 1..366: 136-138
sequence-gap,case,ДАПО-Р3333-1,"10 missing in 1..104: 7,11,17,20-22,43,67,96,102"
sequence-gap,case,ДАПО-Р3372-1,"3 missing in 1..522: 174,243-244"
sequence-gap,case,ДАПО-Р3374-1,735853 missing in 1..738819: 2966-738818
sequence-gap,case,ДАПО-Р3388-1,"6 missing in 1..1648: 254,371,467,572,599-600"
sequence-gap,case,ДАПО-Р3416-28,2 missing in 2..35: 4-5
sequence-gap,case,ДАПО-Р3416-34,"5 missing in 1..17: 2-3,7-8,11"
sequence-gap,case,ДАПО-Р3416-37,3 missing in 1..23: 2-4
sequence-gap,case,ДАПО-Р3426-1,"4 missing in 1..100: 34,41,48,73"
sequence-gap,case,ДАПО-Р3426-2,"7 missing in 1..34: 3-4,8,16,18,25,30"
sequence-gap,case,ДАПО-Р3437-1,"5 missing in 2..21: 4,6-7,9-10"
sequence-gap,case,ДАПО-Р3439-1,"60 missing in 11..109: 14-21,23-26,28-44,51-67,72-75,86-89,92-94,97,105-106"
sequence-gap,case,ДАПО-Р3445-1,"17 missing in 6..38: 7-11,13,16-17,20-24,26,31,33,37"
sequence-gap,case,ДАПО-Р3447-1,"5 missing in 1..35: 13,23-24,28-29"
sequence-gap,case,ДАПО-Р3449-1,"38 missing in 4..110: 8-12,14-16,21-22,24-29,31,33-35,82-89,91,93-94,97-103"
sequence-gap,case,ДАПО-Р3449-2,1 missing in 1..90: 2
sequence-gap,case,ДАПО-Р3450-1,"22 missing in 16..82: 17-27,29-30,32-35,51,54-55,77,81"
sequence-gap,case,ДАПО-Р3450-3,"4 missing in 1..20: 4,7-9"
sequence-gap,case,ДАПО-Р3451-1,"145 missing in 1..221: 2,5-16,22-23,26-36,57-68,70-78,80-81,91-95,99-107,111-114,120-167,180-188,190-191,194-195,200-205,207-210,213-216,218-220"
sequence-gap,case,ДАПО-Р3453-1,"76 missing in 11..117: 12,16-18,31-41,44-47,49-67,69,71-87,90-95,97-106,109,112,114-115"
sequence-gap,case,ДАПО-Р3460-1,"4 missing in 1..14: 6,10-11,13"
sequence-gap,case,ДАПО-Р3463-1,"50 missing in 2..121: 5-8,10-12,14-19,21-22,32-47,49-54,97-98,100-101,104-111,116"
sequence-gap,case,ДАПО-Р3464-1,"75 missing in 1..255: 2,8-10,16-17,21-22,25,27,31-32,35,40-42,44-45,47-57,76-83,86-87,151,161-162,168-169,172,175,178-180,183-184,…"
sequence-gap,case,ДАПО-Р3465-1,"41 missing in 1..114: 4-5,7-9,18,20,22,24,28,41,43,45,55-56,58-59,61-63,76,78-80,83,86,91-92,94-96,99-103,…"
sequence-gap,case,ДАПО-Р3465-2,"2 missing in 1..12: 4,11"
sequence-gap,case,ДАПО-Р3467-1,"44 missing in 1..193: 2-5,8-12,15-17,19-21,24,48-52,55-56,60,62-64,70-72,74-77,79-81,83,85,89,91-94"
sequence-gap,case,ДАПО-Р3467-2,2 missing in 9..28: 11-12
sequence-gap,case,ДАПО-Р3468-1,"18 missing in 1..35: 4-10,22-24,26-33"
sequence-gap,case,ДАПО-Р3469-1,"55 missing in 1..97: 6-7,16-20,22-23,27-34,36-45,47,56-64,73-82,84-85,90-94,96"
sequence-gap,case,ДАПО-Р3471-1,"11 missing in 2..22: 5-9,11-12,17-18,20-21"
sequence-gap,case,ДАПО-Р3479-1,"46 missing in 2..64: 4-5,7-24,26-27,29-31,34,38-42,44-46,48,50-59,62"
sequence-gap,case,ДАПО-Р3484-1,"36 missing in 10..60: 11-19,22-23,25-27,29-35,39-46,50-54,56-57"
sequence-gap,case,ДАПО-Р3485-1,"157 missing in 3..220: 4,6-8,10-15,21-26,28-29,31-33,38-41,47,49,51-64,71-78,97-116,119-132,136-151,153-169,177-193,195-199,201-219"
sequence-gap,case,ДАПО-Р3489-1,"65 missing in 4..100: 5,7-8,10-11,13,15-16,21-22,24-25,28-29,31-36,38,41-42,44-49,57-59,61-62,64-72,74-83,85-86,88-91,93,95-99,…"
sequence-gap,case,ДАПО-Р3492-2,"14 missing in 15..40: 17,25-29,31-33,35-39"
sequence-gap,case,ДАПО-Р3492-3,"40 missing in 6..82: 11-14,16,19-20,22-29,31-36,38-39,43,50-52,63-68,70-72,75-76,80-81"
sequence-gap,case,ДАПО-Р3501-1,"22 missing in 1..39: 2,10,14-16,20-35,37"
sequence-gap,case,ДАПО-Р3507-1,2 missing in 1..17: 9-10
sequence-gap,case,ДАПО-Р3508-1,"177 missing in 1..359: 3-12,14,18-19,21-23,26-31,34-46,49-51,53-58,61-68,70-72,78-87,91,93-98,100-101,103-106,108-112,114-120,123-131,133-141,143,…"
sequence-gap,case,ДАПО-Р3515-1,"2 missing in 1..277: 90,100"
sequence-gap,case,ДАПО-Р3517-1,1 missing in 1..243: 174
sequence-gap,case,ДАПО-Р3536-1,"10 missing in 3..31: 7,9,11-12,16-18,20,25-26"
sequence-gap,case,ДАПО-Р4855-1,"51 missing in 4..71: 5-6,9-14,16-18,20-22,24-25,28-29,31-32,35-40,42-50,52-61,63-67,69"
sequence-gap,case,ДАПО-Р3574-1,"10 missing in 1..20: 3-4,9,12-18"
sequence-gap,case,ДАПО-Р3576-1,"2 missing in 2..13: 8,11"
sequence-gap,case,ДАПО-Р3593-1,3 missing in 1..13: 4-6
sequence-gap,case,ДАПО-Р3600-1,"3 missing in 1..15: 2,8,10"
sequence-gap,case,ДАПО-Р3605-1,"10 missing in 9..29: 10,12-14,16-20,23"
sequence-gap,case,ДАПО-Р3609-49,"2 missing in 1..14: 3,13"
sequence-gap,case,ДАПО-Р3612-4,"26 missing in 1..54: 5-16,18-22,24-27,37-40,42"
sequence-gap,case,ДАПО-Р3612-5,"50 missing in 1..68: 3-9,12-54"
sequence-gap,case,ДАПО-Р3654-1,"6 missing in 11..31: 24,26-30"
sequence-gap,case,ДАПО-Р3705-2,"185 missing in 2..210: 3-4,6,8,10-17,19-49,53-73,78-115,118-125,128-167,170-191,194-200,203-208"
sequence-gap,case,ДАПО-Р3716-1,"28 missing in 2..73: 3-4,6,8,11,13,18,23-25,32-34,37-41,47,51-54,57-58,66-67,70"
sequence-gap,case,ДАПО-Р3725-1,"124 missing in 1..150: 2-4,6-9,13-19,21,24-29,31-43,45,49-59,62,64-68,70-82,87-102,106-136,138-149"
sequence-gap,case,ДАПО-Р3749-1,"19 missing in 3..44: 5,7-8,18-23,25-29,35-37,41-42"
sequence-gap,case,ДАПО-Р3749-2,"4 missing in 2..29: 5,7-9"
sequence-gap,case,ДАПО-Р3778-1,"33 missing in 3..96: 5,7-13,17-18,21-22,28,30-32,34-40,42-47,49-50,52-53"
sequence-gap,case,ДАПО-Р3781-1,"16 missing in 3..37: 4-7,10-12,14,16-21,33,36"
sequence-gap,case,ДАПО-Р3799-1,"40 missing in 1..82: 2,4-6,8,10,13-17,19-20,24-26,28,32,37,39,41-42,46,48,50-52,55,60-61,64,69,73-80,…"
sequence-gap,case,ДАПО-Р3804-1,"5 missing in 3..26: 7,11,13,17,19"
sequence-gap,case,ДАПО-Р3806-1,"36 missing in 2..57: 3-5,7-14,16-18,20-25,29,33,35-36,38,40-42,44-45,47-49,54-56"
sequence-gap,case,ДАПО-Р3808-1,"4 missing in 1..14: 5-6,11-12"
sequence-gap,case,ДАПО-Р3814-2,"22 missing in 1..34: 6-11,14-15,20-33"
sequence-gap,case,ДАПО-Р3823-1,"9 missing in 3..21: 4-7,9-12,18"
sequence-gap,case,ДАПО-Р3830-1,"176 missing in 1..410: 2-5,7,11-14,16,18-19,22,24-27,32-36,39,45,49,54-59,62-66,68-69,71,73,76,79-81,93,95-96,…"
sequence-gap,case,ДАПО-Р3867-1,"6 missing in 6..44: 10,18-22"
sequence-gap,case,ДАПО-Р3871-1,"4 missing in 3..18: 4-5,9,12"
sequence-gap,case,ДАПО-Р3872-1,"568 missing in 1..1422: 3-6,8,10,13-17,20-21,24-25,28-31,37,65-69,72-79,82-83,87,90-91,95-115,117-118,120-127,129-132,134-137,139,141,…"
sequence-gap,case,ДАПО-Р3872-2,"12 missing in 2..23: 4,6-10,12-14,16-18"
sequence-gap,case,ДАПО-Р3875-1,"43 missing in 27..770: 28-69,75"
sequence-gap,case,ДАПО-Р3887-1,"22 missing in 1..42: 4,7-8,11,14-15,17-21,25-27,29,31-32,35-38,40"
sequence-gap,case,ДАПО-Р3889-1,"42 missing in 1..61: 3-5,8,12,15,17-18,21-28,33-54,57-60"
sequence-gap,case,ДАПО-Р3891-1,"7 missing in 2..68: 30,36-37,47,54,61,63"
sequence-gap,case,ДАПО-Р3895-1,1 missing in 1..12: 8
sequence-gap,case,ДАПО-Р3907-1,"20 missing in 1..30: 3,5-6,9-12,14-17,20-27,29"
sequence-gap,case,ДАПО-Р3916-1,"84 missing in 1..144: 3-10,12,14,17-19,22-24,26,31,34-35,41-45,47-48,58-65,67-69,71-76,78-82,85,87-95,97,100-103,105-106,108-111,…"
sequence-gap,case,ДАПО-Р3917-1,"47 missing in 1..103: 5,7,10,18-19,28,30-38,40-42,44,46-49,51-52,67-80,84,88,90-91,93,95-97"
sequence-gap,case,ДАПО-Р3918-1,"65 missing in 5..81: 6-15,17-30,38-78"
sequence-gap,case,ДАПО-Р3932-1,"32 missing in 4..77: 6-11,14-30,32-36,73-76"
sequence-gap,case,ДАПО-Р3942-2,23 missing in 1..111: 3-25
sequence-gap,case,ДАПО-Р3949-1,"100 missing in 10..158: 15-18,20,25,33,36,38-43,48-62,64-66,68,70-72,75-76,78-79,81,88-89,91-98,100-104,108-111,113-119,121-127,129,…"
sequence-gap,case,ДАПО-Р3950-1,"13 missing in 4..57: 6,10,13,16-18,20,22,30,34-37"
sequence-gap,case,ДАПО-Р3951-2,"9 missing in 1..20: 2,5-6,11-13,15-16,18"
sequence-gap,case,ДАПО-Р3957-1,1 missing in 41..942: 156
sequence-gap,case,ДАПО-Р3958-1,3 missing in 2..64: 3-5
sequence-gap,case,ДАПО-Р3959-1,"17 missing in 1..71: 3-4,7,12-13,15-16,49-50,52,55-56,66-70"
sequence-gap,case,ДАПО-Р3960-1,1 missing in 1..153: 5
sequence-gap,case,ДАПО-Р3961-1,1 missing in 1..331: 10
sequence-gap,case,ДАПО-Р3962-1,"24 missing in 1..54: 2-7,19,22-23,26-34,41,47,49,51-53"
sequence-gap,case,ДАПО-Р3963-1,"5 missing in 2..17: 3,8,10,13,16"
sequence-gap,case,ДАПО-Р3964-1,"6 missing in 1..16: 6,9-13"
sequence-gap,case,ДАПО-Р3970-1,1 missing in 2..16: 3
sequence-gap,case,ДАПО-Р4008-1,"5 missing in 1..26: 4-5,16,21,25"
sequence-gap,case,ДАПО-Р4021-1,"25 missing in 1..435: 2-4,6,129-139,290-299"
sequence-gap,case,ДАПО-Р4024-2,10 missing in 1..703: 568-577
sequence-gap,case,ДАПО-Р4027-1,"182 missing in 14..761: 53-54,56-61,63,112-119,171-179,181,237-238,240-244,246-247,298-299,301-307,309-311,346,348-355,357-358,395-396,398-416,418-419,483-484,486-506,…"
sequence-gap,case,ДАПО-Р4038-1,1 missing in 1..28: 25
sequence-gap,case,ДАПО-Р4052-1,2 missing in 17..357: 24-25
sequence-gap,case,ДАПО-Р4053-2,"44 missing in 5..70: 6,9-17,19,21,24-28,30,33-34,36,39-40,43-44,46-51,55-63,66-69"
sequence-gap,case,ДАПО-Р4059-1,3 missing in 5..92: 6-8
sequence-gap,case,ДАПО-Р4085-9,"133 missing in 1..279: 9,11,16,36,39-40,60-65,67,81-84,93,139-148,150-152,154-155,157,160-161,165,168-169,175-185,187-195,197-225,230-252,…"
sequence-gap,case,ДАПО-Р4085-17,1 missing in 1..22: 2
sequence-gap,case,ДАПО-Р4085-18,"88 missing in 1..193: 7,14-16,23,25,36-117"
sequence-gap,case,ДАПО-Р4108-1,"56 missing in 3..71: 4-7,10-13,15-19,21-27,29-34,36-49,51,55-65,67-70"
sequence-gap,case,ДАПО-Р4132-1,"177 missing in 7..207: 8-16,18-26,28-36,38-41,43-50,53-64,66,70-85,88-89,92-113,115-118,120-151,153-158,160-163,165-192,194-196,198-200,202-206"
sequence-gap,case,ДАПО-Р4134-1,"45 missing in 6..66: 7-10,12-15,18-26,29-35,37,40-42,44-47,51-62,64"
sequence-gap,case,ДАПО-Р4135-1,"52 missing in 2..69: 3-5,8-13,15-16,18-27,30-36,38-39,42-50,53-58,60-65,68"
sequence-gap,case,ДАПО-Р4136-1,"127 missing in 4..155: 6,9-13,15-26,28-30,34-48,51-68,72-99,101-104,106-108,114-151"
sequence-gap,case,ДАПО-Р4137-1,"81 missing in 2..103: 3-5,7-14,16-17,20-28,31-37,39-40,43-52,54,57-68,70-71,74-82,84-90,93-101"
sequence-gap,case,ДАПО-Р4138-1,"61 missing in 1..75: 2-5,9-14,17,19-31,33-44,46-58,60-62,64-70,72-73"
sequence-gap,case,ДАПО-Р4139-1,"64 missing in 3..81: 6-16,18,20-24,26-34,37-43,45-46,49-58,60,62-78,80"
sequence-gap,case,ДАПО-Р4140-1,"64 missing in 9..87: 10-24,26-27,29,31-63,66-67,71-79,81,86"
sequence-gap,case,ДАПО-Р4141-1,"56 missing in 3..72: 5-9,11-15,17-22,24-27,29,31-40,43-52,54,56-68,70"
sequence-gap,case,ДАПО-Р4142-1,"58 missing in 1..74: 2-8,10-18,20-22,24-31,33-35,37-41,43-45,47-54,57-58,62-69,71-72"
sequence-gap,case,ДАПО-Р4143-1,"53 missing in 1..68: 2-5,7-14,16-24,28-34,38-45,48-56,58,61-67"
sequence-gap,case,ДАПО-Р4145-1,"71 missing in 10..96: 11-17,19-21,24-34,36-39,42-58,61-64,66-74,76-81,84-92,95"
sequence-gap,case,ДАПО-Р4146-1,"65 missing in 3..84: 4-6,8-14,17-20,22-34,36-37,39-44,46-47,49-51,54-59,61-68,72-82"
sequence-gap,case,ДАПО-Р4147-1,"50 missing in 2..67: 3-4,7-11,13,15-21,23-33,36-46,49-53,55-57,60-64"
sequence-gap,case,ДАПО-Р4149-1,"68 missing in 9..89: 10-17,19-21,23-29,31,33-37,39-41,44-52,54,57,59-88"
sequence-gap,case,ДАПО-Р4150-1,"54 missing in 3..75: 4-5,8-15,18-19,22,24-34,39-43,45-48,51-61,64-73"
sequence-gap,case,ДАПО-Р4151-1,"79 missing in 1..107: 3-6,11-17,19-20,23,25-28,32-38,40-48,52-58,61-76,79-89,92-94,96-97,99-103,106"
sequence-gap,case,ДАПО-Р4152-1,"62 missing in 6..82: 17-65,67-79"
sequence-gap,case,ДАПО-Р4153-1,"51 missing in 10..71: 11-17,19,21-30,32-37,39,41-46,48-49,52-61,63-70"
sequence-gap,case,ДАПО-Р4154-1,"82 missing in 1..105: 4-6,9-11,13-22,24-27,29-37,39-50,53-54,56-61,64-75,77-80,83-90,92-94,97-98,100-103"
sequence-gap,case,ДАПО-Р4155-1,"54 missing in 6..74: 8-17,20-30,33-37,40-46,48,51-57,59-61,64-73"
sequence-gap,case,ДАПО-Р4156-1,"113 missing in 2..139: 3-4,6-7,9-12,14,16-23,26-32,34-36,39-49,52-60,63-71,73,76-123,127-128,131,133-137"
sequence-gap,case,ДАПО-Р4157-1,"85 missing in 2..106: 5-14,18-28,30-38,40-44,47-57,59,62-69,72,74-86,90-105"
sequence-gap,case,ДАПО-Р4159-1,"63 missing in 3..82: 4-6,8-16,18-20,22,24-35,37,41-43,45-46,48-59,61-63,68-81"
sequence-gap,case,ДАПО-Р4160-1,"28 missing in 3..45: 4-5,7-8,11-14,17-18,20-23,26,29-36,39-43"
sequence-gap,case,ДАПО-Р4161-1,"50 missing in 14..78: 16-20,23-28,30,32-39,42-48,50-51,53-60,62-66,68-74,76"
sequence-gap,case,ДАПО-Р4162-1,"74 missing in 7..107: 8-13,16-17,19-25,27,29-37,40-42,45-51,53-58,61-70,73-74,80-92,94-99,105-106"
sequence-gap,case,ДАПО-Р4163-1,"49 missing in 3..73: 6-9,12,14-15,18-23,25-26,29-33,35-36,39-46,49-54,56-58,61-67,69-71"
sequence-gap,case,ДАПО-Р4164-1,"48 missing in 4..66: 6-13,17-27,30-36,38-39,41-45,47,49-55,57-62,64"
sequence-gap,case,ДАПО-Р4165-1,"457 missing in 8..504: 9-15,17-18,20-26,28-39,41-42,45-59,61-72,76,78-79,81-129,131,135-204,208-288,290-299,301-302,305-366,368-371,376-427,430-432,435-449,…"
sequence-gap,case,ДАПО-Р4166-1,"207 missing in 8..249: 9-33,36-40,44-50,54-57,59-64,67-69,71-80,83-98,102-104,106-128,130-134,136-153,155-159,161-177,180-188,191-201,204-215,217-224,227-235,238-248,…"
sequence-gap,case,ДАПО-Р4167-1,"46 missing in 2..60: 4-13,18-23,25-33,35-40,42-43,46-49,51-59"
sequence-gap,case,ДАПО-Р4168-1,"99 missing in 3..131: 4-10,12-15,17-20,22-23,25-28,30,32-35,37-38,40-44,46,49-64,67-71,74-78,80-86,88-90,93-98,100-107,109-113,117-119,122-123,…"
sequence-gap,case,ДАПО-Р4169-1,"68 missing in 2..88: 4,7-12,15-22,26-32,35-46,49-57,59-61,63-68,70-75,78-87"
sequence-gap,case,ДАПО-Р4170-1,"34 missing in 8..58: 11,13-16,19-28,30-31,35-37,40-44,48-56"
sequence-gap,case,ДАПО-Р4171-1,"64 missing in 3..80: 4-11,13-17,19,21-29,32-40,43-49,51,53-65,68-74,76-79"
sequence-gap,case,ДАПО-Р4172-1,"39 missing in 1..58: 4-7,11-12,15-21,23-27,30-35,37-38,40-42,44-46,48-53,55"
sequence-gap,case,ДАПО-Р4173-1,"104 missing in 1..128: 2-3,6-14,16,18,21-28,30,33-42,44,47-62,67-77,79,82-84,86-97,99-107,109-127"
sequence-gap,case,ДАПО-Р4174-1,"58 missing in 3..71: 4-14,16-28,30-40,42-46,49-56,59,61-69"
sequence-gap,case,ДАПО-Р4175-1,"93 missing in 2..110: 3-8,10-13,15-23,26-32,35,37-52,54-62,64-65,68-70,72-105,108-109"
sequence-gap,case,ДАПО-Р4177-1,"65 missing in 4..87: 5,7-13,15-17,20-25,27,29-30,33-41,44-48,50-55,58-65,67-69,71-76,78-84,86"
sequence-gap,case,ДАПО-Р4178-1,"68 missing in 6..87: 7-9,11,13-14,16-25,27-33,35-36,38-47,49-56,58,61-71,73-85"
sequence-gap,case,ДАПО-Р4182-1,"39 missing in 3..55: 4-8,10-18,20-24,26-32,34-36,39-41,43,46-50,52"
sequence-gap,case,ДАПО-Р4184-1,"31 missing in 2..43: 3,6-11,14-19,21-22,25-32,35-42"
sequence-gap,case,ДАПО-Р4185-1,"60 missing in 1..77: 2-6,9-17,19-20,22-27,29-33,36-40,42-45,47-51,53,56-63,65,67-75"
sequence-gap,case,ДАПО-Р4189-1,"43 missing in 2..60: 3-6,9-12,15-18,21-24,27-33,36-40,42-44,47-58"
sequence-gap,case,ДАПО-Р4191-1,"57 missing in 5..74: 7-19,21-25,27,29-35,38-47,50-58,61-72"
sequence-gap,case,ДАПО-Р4195-1,"90 missing in 2..107: 3-7,9-18,20-30,33-40,42-50,52-54,58-69,73-84,86,88-106"
sequence-gap,case,ДАПО-Р4200-1,"60 missing in 2..75: 3-9,11-13,16-22,24-26,29-46,49-59,62-68,70-73"
sequence-gap,case,ДАПО-Р4201-1,"56 missing in 2..68: 3-19,21-31,33-42,44-48,50,53-59,62-66"
sequence-gap,case,ДАПО-Р4202-1,"51 missing in 3..67: 4-11,13-22,26-32,34-38,41-47,49,53-58,60-66"
sequence-gap,case,ДАПО-Р4203-1,"32 missing in 7..52: 9-14,17,20-24,26,29-32,34,36-46,48-50"
sequence-gap,case,ДАПО-Р4205-1,"70 missing in 2..86: 3-4,6-14,16-34,36,39-48,50-51,54-61,63,66-74,77-85"
sequence-gap,case,ДАПО-Р4207-1,"49 missing in 1..65: 2,4-6,8-9,11-16,19-22,24-27,30-41,43-47,49,52-58,60-63"
sequence-gap,case,ДАПО-Р4210-1,"40 missing in 2..63: 4-5,8-9,11-12,15-17,19-20,23-26,28,31,33-36,38,41-50,53-59,61"
sequence-gap,case,ДАПО-Р4211-1,"30 missing in 1..50: 3-4,8-9,11-12,15,20,22,24-26,28-44,47"
sequence-gap,case,ДАПО-Р4219-1,"49 missing in 3..66: 4-8,10-13,15-22,24,27-35,37-38,41-50,53-58,60-61,64-65"
sequence-gap,case,ДАПО-Р4221-1,"77 missing in 2..96: 5-9,11-18,20-25,27-40,43-49,51-53,55-58,60-62,64-72,74-76,79-89,92-95"
sequence-gap,case,ДАПО-Р4223-1,"20 missing in 1..33: 2-3,7-12,14-18,20-22,24-26,32"
sequence-gap,case,ДАПО-Р4224-1,"58 missing in 2..74: 3,6,11-12,15-17,20-40,42-70,73"
sequence-gap,case,ДАПО-Р4225-1,"53 missing in 2..77: 3-5,7,10-15,17-22,24,31-39,42-50,52-56,58-60,64-70,74-76"
sequence-gap,case,ДАПО-Р4226-1,"41 missing in 3..55: 5-9,11-14,16,18-23,26-35,37-44,47-53"
sequence-gap,case,ДАПО-Р4228-1,"53 missing in 2..73: 4-5,9-16,20-23,26-33,35-36,39-51,53-60,62-64,67-71"
sequence-gap,case,ДАПО-Р4239-1,"65 missing in 1..79: 2-4,6-10,12-26,28-35,37-38,41-53,56-64,67-76"
sequence-gap,case,ДАПО-Р2078-1,"5 missing in 1..18: 8,14-17"
sequence-gap,case,ДАПО-Р2083-1,"304 missing in 5..408: 6-14,16-22,25-49,51-55,59-67,69-70,72-101,103-106,108-120,122-131,133-138,140-183,187-193,197,200-202,204,206-210,215-227,229-231,233-236,…"
sequence-gap,case,ДАПО-Р2084-1,"8 missing in 3..32: 8-9,14,16,26-27,29,31"
sequence-gap,case,ДАПО-Р4250-1,"36 missing in 2..53: 3,7-8,12-14,17-25,27-32,35-38,40,42-51"
sequence-gap,case,ДАПО-Р4263-1,"71 missing in 6..97: 8-12,14-24,27-43,45-48,50-57,60-63,66-68,71-76,78-81,84-88,90-92,94"
sequence-gap,case,ДАПО-Р4265-1,"56 missing in 1..74: 3-4,7-12,14-15,17-22,24,26-32,35-45,49-62,66-72"
sequence-gap,case,ДАПО-Р4266-1,"63 missing in 2..79: 3-4,6-11,13-17,19-23,25-27,29-40,42-50,52-54,56-58,61-63,65-75,78"
sequence-gap,case,ДАПО-Р4287-1,"40 missing in 1..50: 2,4-8,10-16,18-23,25-29,31-34,36,39-49"
sequence-gap,case,ДАПО-872-1,"14 missing in 1..40: 3,6-8,13-17,23,29,32,34,39"
sequence-gap,case,ДАПО-Р4301-1,"80 missing in 1..99: 2-7,9-16,18-20,22-35,37,39-40,43-54,56-60,62-67,71-76,78-85,89-97"
sequence-gap,case,ДАПО-Р4342-1,"116 missing in 1..138: 2-7,9-13,15-35,37-45,48-54,57-68,71-83,86-95,98-104,107-114,117-125,128-136"
sequence-gap,case,ДАПО-Р4343-1,"96 missing in 4..116: 5-10,12-15,17-22,24-28,30-36,38-46,48-56,58-66,68-76,79-91,94-104,107-114"
sequence-gap,case,ДАПО-Р4344-1,"164 missing in 6..204: 7-11,14-20,22-31,34-38,40-50,53-59,62-73,76-86,89-98,101-112,115-119,122-128,131-138,141-149,152-163,166-175,178-188,191-202"
sequence-gap,case,ДАПО-Р4345-1,"43 missing in 2..54: 3-5,8-12,15-21,23-28,30-36,38-44,46-53"
sequence-gap,case,ДАПО-Р4346-1,"101 missing in 2..121: 4-6,8-12,15-29,32-37,40-59,61,63-66,69-87,90-108,111-119"
sequence-gap,case,ДАПО-Р4350-1,"83 missing in 3..103: 4-5,7-11,13-17,19,21-28,30-36,38-44,46-52,55-74,77-79,81-86,88-89,92-101"
sequence-gap,case,ДАПО-Р4351-1,"154 missing in 1..190: 2-4,6-11,13-16,18-21,23-30,32-34,37-44,47-54,57-68,71-81,84-97,100-104,107-113,116-123,126-134,136-145,149-161,165-173,177-188"
sequence-gap,case,ДАПО-Р4352-1,"134 missing in 4..168: 7-11,15-23,25-34,36-44,47-52,55-73,76-81,84-90,92-101,104-112,115-122,125-131,134-144,147-156,159-166"
sequence-gap,case,ДАПО-Р4354-1,"95 missing in 3..123: 5-7,10-14,17-20,23-25,28-33,37-46,49-59,62-75,78-90,93-101,104-108,111-122"
sequence-gap,case,ДАПО-Р4356-1,"52 missing in 1..460: 6-8,10-11,13-14,16-17,19-22,24-25,27,61-66,78-85,300-308,376-387,391"
sequence-gap,case,ДАПО-Р4357-1,"212 missing in 8..248: 9-16,19-37,40-48,51-75,78-83,85-135,137-154,156-162,164,166-171,174-176,179-186,189-197,200-210,212-217,220-232,235-246"
sequence-gap,case,ДАПО-Р4359-1,"108 missing in 6..132: 8-18,21-33,36-47,49-54,56-71,74-87,90-92,94-107,110-123,126-130"
sequence-gap,case,ДАПО-Р4361-1,"151 missing in 5..184: 6-12,15-20,22-27,29-33,35-41,43-52,55-64,67-75,78-89,91-97,99-102,105-112,115-139,142-149,152-160,163-170,173-182"
sequence-gap,case,ДАПО-Р4368-1,"83 missing in 6..106: 7-8,10-17,19-21,24-27,29-36,39-49,52-63,66-79,82-91,93-98,100-104"
sequence-gap,case,ДАПО-Р4370-1,"71 missing in 3..90: 4-5,7-10,12-16,18-21,24-30,33-39,42-53,56-67,69-81,84-88"
sequence-gap,case,ДАПО-Р4372-1,"31 missing in 4..46: 6-11,13-17,20-24,27-28,30-36,39-44"
sequence-gap,case,ДАПО-Р4374-1,"85 missing in 6..116: 7-8,10-15,17-21,24-27,29-33,36-40,43-49,52-60,63-71,74-82,85-89,92-97,100-105,108-114"
sequence-gap,case,ДАПО-Р4377-1,"32 missing in 3..44: 5-10,13-17,19-22,25-30,32-38,40-43"
sequence-gap,case,ДАПО-Р4378-1,"30 missing in 4..45: 6-7,9-12,14-17,20-24,27-32,34-42"
sequence-gap,case,ДАПО-Р4380-1,"21 missing in 4..34: 5-7,9-11,14-15,18-21,24-32"
sequence-gap,case,ДАПО-Р4382-1,"67 missing in 4..92: 5-7,9-12,16-18,20-23,26-28,31-34,37-45,48-56,58-61,64-75,77-85,88-90"
sequence-gap,case,ДАПО-Р4383-1,"28 missing in 3..42: 5-10,13-17,20-24,27-33,35-37,40-41"
sequence-gap,case,ДАПО-Р4384-1,"80 missing in 6..104: 7-9,12-15,18-23,26-31,34-40,43-53,56-70,73-86,89-102"
sequence-gap,case,ДАПО-Р4389-1,"35 missing in 5..49: 6-10,14-25,29-36,38-47"
sequence-gap,case,ДАПО-Р4455-1,"316 missing in 2..344: 3-5,8-27,29-51,54-96,99-137,141-161,163-187,190-215,219-242,245-273,276-295,298-315,318-328,330-343"
sequence-gap,case,ДАПО-Р4460-1,"115 missing in 2..133: 4-14,17-28,31-49,51,53-68,71-94,98-128,130"
sequence-gap,case,ДАПО-Р4462-1,"219 missing in 7..245: 9-14,16-29,32-45,48-62,65-86,89-116,119-142,144-147,150-202,205-243"
sequence-gap,case,ДАПО-Р4464-1,"212 missing in 5..237: 6-17,19-27,29-45,49-78,81-128,132-168,172-200,203-218,222-235"
sequence-gap,case,ДАПО-Р4465-1,"291 missing in 2..313: 3-12,14-23,25-35,37-47,49-66,69-89,92-117,120-140,143-204,207-251,254-297,300-311"
sequence-gap,case,ДАПО-Р4466-1,"127 missing in 1..137: 2-7,10-23,25-43,46-59,61-78,80-110,112-136"
sequence-gap,case,ДАПО-Р4470-1,"99 missing in 6..114: 7-21,24-45,48-69,72-111"
sequence-gap,case,ДАПО-Р4471-1,"135 missing in 1..145: 2-14,16-39,42-66,68-84,87-115,118-144"
sequence-gap,case,ДАПО-Р4472-1,"140 missing in 3..157: 4-17,19-34,37-58,60-83,88-114,119-155"
sequence-gap,case,ДАПО-Р4473-1,"125 missing in 2..143: 3-7,10-16,18,21-37,40-66,68-99,103-129,132-139,142"
sequence-gap,case,ДАПО-Р4474-1,"214 missing in 1..240: 3-8,11-25,28-38,41-63,66-84,88-111,114-141,143-145,148-163,166-178,181-212,215-238"
sequence-gap,case,ДАПО-Р4488-1,"93 missing in 1..103: 2-6,8-14,16,18-30,32-48,51-80,82-101"
sequence-gap,case,ДАПО-Р4492-1,"278 missing in 4..303: 5-6,8-16,18-26,28-36,39-46,48-81,84-116,120-154,157-197,200-234,237-266,269-301"
sequence-gap,case,ДАПО-Р4506-1,"50 missing in 2..76: 5-6,8,10-13,15,17,20,22,25-33,37-42,45,47-54,58,60-70,72,74-75"
sequence-gap,case,ДАПО-Р4508-1,"65 missing in 2..91: 3,7-10,12,14-16,21,24,26-39,43,45-50,54-61,65-81,83-90"
sequence-gap,case,ДАПО-Р4509-1,"73 missing in 1..122: 9-10,15,17,20,27-28,31-39,42,44,46-47,49-51,53-56,59-61,63-64,66-68,70,73,77-94,96,98-100,102,…"
sequence-gap,case,ДАПО-Р4510-1,"25 missing in 3..43: 4,7-8,11,13,15-16,18-20,23,25-26,29-40"
sequence-gap,case,ДАПО-Р4511-1,"56 missing in 2..72: 3,5-17,19,21,23-29,32-41,43,46-54,56,59-70"
sequence-gap,case,ДАПО-Р4513-1,"32 missing in 2..58: 3,5,8-9,12-18,21-22,29,31-38,44-47,50-55"
sequence-gap,case,ДАПО-Р4514-1,"48 missing in 2..78: 3,5-6,8,10,12,16,18-21,23-30,35-36,38-40,43,45,48-52,54,59,61-69,71-76"
sequence-gap,case,ДАПО-Р4515-1,"73 missing in 2..124: 9,13,16-17,23-26,28-30,40-45,48-49,57-64,67,69-72,77-87,90-100,102-108,112-123"
sequence-gap,case,ДАПО-Р4517-1,"37 missing in 2..61: 3,5,7,9-10,14,17-18,21,23-24,26-31,33,35,38-42,44,47,49-59"
sequence-gap,case,ДАПО-Р4519-1,"74 missing in 2..114: 4-5,11-13,20-24,27-29,31-32,34-40,42-43,45-54,56-59,61-62,64-67,69,72,74-75,77-80,82,84,87,90,92-104,…"
sequence-gap,case,ДАПО-Р4520-1,"39 missing in 2..53: 3-4,7-8,12-15,17-25,27-32,35-40,42-51"
sequence-gap,case,ДАПО-Р4522-1,"76 missing in 1..89: 3-4,7-11,14-28,30-39,41,43-58,60-70,73-88"
sequence-gap,case,ДАПО-Р4523-1,"60 missing in 8..82: 10-14,17-21,25-33,36-48,52-79"
sequence-gap,case,ДАПО-Р4526-1,"103 missing in 1..119: 3-4,7-14,17-25,28-46,49-67,71-89,92-118"
sequence-gap,case,ДАПО-Р4527-1,"84 missing in 2..104: 3-8,10-12,15,18-23,25,30-38,41-55,58-73,75-84,87-103"
sequence-gap,case,ДАПО-Р4528-1,"202 missing in 5..228: 6-46,49-75,78-104,107-119,122-135,138-152,155-166,169-180,183-197,200-214,217-227"
sequence-gap,case,ДАПО-Р4533-1,"48 missing in 1..59: 2,6-12,15-20,23-31,33-40,42-58"
sequence-gap,case,ДАПО-Р4535-1,"268 missing in 23..316: 25-37,39-56,58-76,79-126,129-171,174-195,198-214,217-230,233-243,246-257,260-271,274-290,293-314"
sequence-gap,case,ДАПО-Р4536-1,"372 missing in 1..401: 3-5,8-24,27-45,47-69,72-103,106-137,140-181,184-261,264-265,268-318,321-365,368-374,377-388,391-399"
sequence-gap,case,ДАПО-Р4537-1,"319 missing in 1..346: 2-6,9-24,27-55,57-76,78-105,107-138,140,143-170,173-201,203-236,238-265,268-283,286-298,301-312,315-329,332-344"
sequence-gap,case,ДАПО-Р4538-1,"249 missing in 3..272: 4-6,8-27,29-49,51-73,75-96,98-123,125-152,155-192,195-218,222-239,243-257,260-270"
sequence-gap,case,ДАПО-Р4540-1,"228 missing in 2..249: 3,5-11,13-18,20-26,28-40,42-61,64-79,82-136,139-163,166-192,195-231,234-247"
sequence-gap,case,ДАПО-Р4541-1,"276 missing in 6..315: 9-20,23-35,38-57,60-83,87-111,114-135,139-167,169-203,206-208,211-231,234-251,254-271,274-284,287-298,301-313"
sequence-gap,case,ДАПО-Р4544-1,"122 missing in 3..136: 4-7,10-20,23-55,58-70,73-106,109-135"
sequence-gap,case,ДАПО-Р4545-1,"87 missing in 1..101: 3-8,11-23,26-42,45-58,61-77,80-99"
sequence-gap,case,ДАПО-Р4547-1,"94 missing in 2..106: 3-14,18-24,27-35,37-46,48-74,76-104"
sequence-gap,case,ДАПО-Р4548-1,"113 missing in 1..133: 3-4,7-17,19-20,24-35,38-50,53-63,65-71,75-98,101-119,121-132"
sequence-gap,case,ДАПО-Р4549-1,"62 missing in 3..75: 5-11,14-21,25-33,35-51,54-74"
sequence-gap,case,ДАПО-Р4551-1,"70 missing in 2..85: 3-5,9-18,21-31,34-48,51-72,75-83"
sequence-gap,case,ДАПО-Р4554-1,"61 missing in 3..97: 4,6,11-12,14,18,20,22-23,28-37,41-44,47,50-56,58-60,62-66,68-69,72-81,85-88,90-93,95-96"
sequence-gap,case,ДАПО-Р4561-1,"75 missing in 2..109: 7,14-16,19-20,24-30,33-40,43,46-54,57-66,68-75,77,80-86,88-90,92-100,103-108"
sequence-gap,case,ДАПО-Р4567-1,"40 missing in 10..65: 11-13,15-17,20,22-23,25-28,30-38,43-58,63-64"
sequence-gap,case,ДАПО-Р4590-1,"107 missing in 6..131: 7-15,17-24,26-31,34-43,46-71,74-82,85-89,92-98,101-109,111-117,119-124,126-130"
sequence-gap,case,ДАПО-Р4499-1,"48 missing in 16..89: 18,22,25,28-29,33,35,37-39,43-50,52-55,58,60-64,66-68,70-76,79-88"
sequence-gap,case,ДАПО-Р4626-1,"71 missing in 1..82: 2-4,6-17,21-23,25-37,39-48,50-64,67-81"
sequence-gap,case,ДАПО-Р4628-1,"228 missing in 2..250: 3-4,6-18,20-22,25-38,40-49,51,54-70,73-92,95-117,119-148,150-209,211-214,216-228,230-236,238-244,246-249"
sequence-gap,case,ДАПО-Р4631-1,"185 missing in 1..218: 2-3,5-8,11-14,17-21,24-29,31-37,40-44,47-61,64-94,97-120,123-144,147-157,160-169,172-182,185-194,197-204,207-216"
sequence-gap,case,ДАПО-Р4634-1,"52 missing in 1..62: 2-5,7-10,12-18,20-27,30-36,39-60"
sequence-gap,case,ДАПО-Р4635-1,"68 missing in 1..78: 2-3,5-10,12-14,16-28,31-40,43-48,50-77"
sequence-gap,case,ДАПО-Р4638-1,"32 missing in 1..42: 2-7,10-14,17-21,24-28,31-41"
sequence-gap,case,ДАПО-Р4639-1,"59 missing in 2..72: 3-7,9-11,13,15-16,18-27,29-31,33-46,48,51-70"
sequence-gap,case,ДАПО-Р4640-1,"36 missing in 2..49: 3,7-9,11-12,14-16,18-22,25-35,37-47"
sequence-gap,case,ДАПО-Р4641-1,"51 missing in 3..64: 5-10,13-25,28-30,32-37,39-52,55-63"
sequence-gap,case,ДАПО-Р4642-1,"23 missing in 5..37: 7-11,14-16,18-25,29-35"
sequence-gap,case,ДАПО-Р4643-1,"29 missing in 3..47: 5-7,10-11,14-18,21-27,31-35,39-45"
sequence-gap,case,ДАПО-Р4647-1,"34 missing in 3..48: 4,6-10,12-22,24-28,30-31,33-36,39,43-47"
sequence-gap,case,ДАПО-Р4650-1,"30 missing in 2..44: 4-6,9-15,18-22,24,27-33,36-42"
sequence-gap,case,ДАПО-Р4652-1,"48 missing in 5..63: 6,8-11,13,15-18,21-28,30-38,40-41,43-61"
sequence-gap,case,ДАПО-Р4653-1,"88 missing in 2..101: 3-4,6-9,11-15,17-23,27-35,37-55,57-58,60-81,83-100"
sequence-gap,case,ДАПО-Р4654-1,"43 missing in 1..54: 2-5,7-13,16-20,23-29,32-43,46-53"
sequence-gap,case,ДАПО-Р4655-1,"15 missing in 1..26: 4,7-8,11,14-24"
sequence-gap,case,ДАПО-Р4656-1,"124 missing in 1..138: 2-5,7-9,11-15,17-50,53-74,77-95,97-106,109-116,118-126,128-137"
sequence-gap,case,ДАПО-Р4659-1,"79 missing in 6..94: 7,9-25,27-32,35-42,44-63,65-66,68-85,87-93"
sequence-gap,case,ДАПО-Р4660-1,"248 missing in 1..276: 2-6,8-10,13-24,27-33,35-45,47-53,55-58,60-64,66-84,87-147,150-180,183-223,226-233,235-243,246-254,257-262,265-274"
sequence-gap,case,ДАПО-Р4665-1,"125 missing in 9..151: 10-12,15-27,30-35,37-41,43-54,56-62,64-88,92-120,124-132,134-138,140-150"
sequence-gap,case,ДАПО-Р4667-1,"262 missing in 5..292: 6-7,10-13,17-26,28-46,49-60,63-79,82-115,117-148,150-178,180-181,183-206,208-222,225-227,230-242,244-258,260-274,276-291"
sequence-gap,case,ДАПО-Р4669-1,"47 missing in 2..61: 4-13,16-19,23-27,30-42,45-59"
sequence-gap,case,ДАПО-Р4671-1,"98 missing in 5..114: 6-12,14,16-23,25-40,42-70,72-77,80-88,90-111"
sequence-gap,case,ДАПО-Р4672-1,"222 missing in 8..257: 9-13,16-25,27-28,30-37,41-72,74-108,110-149,152-160,163-182,184-197,200-216,218-220,223-230,233-241,245-254"
sequence-gap,case,ДАПО-Р4673-1,"241 missing in 3..276: 5-10,13-23,25-30,32-40,43-52,55-69,72-127,129-132,134-136,138-160,162-169,172-205,208-210,212-228,231-236,240-251,254-262,266-274"
sequence-gap,case,ДАПО-Р4674-1,"283 missing in 1..307: 3-7,9-16,19-24,28-48,50-51,55-93,96-113,116-250,252-260,262-268,270-275,277-282,284-286,288-303,305-306"
sequence-gap,case,ДАПО-Р4677-1,"58 missing in 11..86: 13-30,33-45,49-51,55-62,65,71-85"
sequence-gap,case,ДАПО-Р4720-1,"133 missing in 2..152: 3-6,10-26,29-36,38-44,46-90,92-98,100-128,132-142,145-149"
sequence-gap,case,ДАПО-Р4722-1,"126 missing in 5..154: 6-9,11,13-17,19-21,23,25-36,38-47,49-59,61,63-73,80-103,105-117,119-121,123-132,135-145,147-151,153"
sequence-gap,case,ДАПО-Р4724-1,"114 missing in 2..132: 3-5,7-8,10-20,22-27,30-36,38-44,47-88,91-119,123-127,129-130"
sequence-gap,case,ДАПО-Р4725-1,"47 missing in 3..64: 4-5,7-8,10-11,13-16,18-19,21-23,25-32,36-37,39-50,52-54,56-61,63"
sequence-gap,case,ДАПО-Р4727-1,"36 missing in 2..53: 4-5,7-9,13,15-17,19-32,34-36,41-50"
sequence-gap,case,ДАПО-Р4730-1,"168 missing in 5..191: 6-8,10-14,16-20,22-31,33-42,45-62,65-80,83-94,96-103,105-131,133-154,156-159,161-179,181-189"
sequence-gap,case,ДАПО-Р4731-1,"41 missing in 1..51: 2,4-9,11-12,14,17-35,38-49"
sequence-gap,case,ДАПО-Р4733-1,"67 missing in 5..82: 6-12,14-19,22-36,38-39,41-59,62-75,77-79,81"
sequence-gap,case,ДАПО-Р4754-1,"62 missing in 3..75: 5-10,13-19,21-35,37-38,40-52,54-56,58-73"
sequence-gap,case,ДАПО-Р4759-1,"26 missing in 3..39: 4,6,8,10,12-13,15-34"
sequence-gap,case,ДАПО-Р4764-1,"26 missing in 8..44: 9-10,12,15,17-22,24-33,36-38,41-43"
sequence-gap,case,ДАПО-Р4765-1,"63 missing in 5..82: 7-14,16-17,19-32,34-35,37,39-47,49,51,53-62,64-76,80-81"
sequence-gap,case,ДАПО-Р4766-1,"126 missing in 9..148: 10,12-17,19,21-42,46-72,75-118,120-125,128-143,145-147"
sequence-gap,case,ДАПО-Р4774-1,"31 missing in 1..41: 3,5-10,14-24,26-30,33-40"
sequence-gap,case,ДАПО-Р4777-1,"189 missing in 5..209: 6-26,28-30,32-41,43-56,58,60-63,66-81,83,85-86,88-95,97-118,120-147,149-184,186-208"
sequence-gap,case,ДАПО-Р4781-1,"22 missing in 3..39: 4,7-9,12-16,20-24,28-29,31-35,37"
sequence-gap,case,ДАПО-Р4782-1,"44 missing in 3..56: 4,6-8,10,12-29,31,34-47,49-54"
sequence-gap,case,ДАПО-Р4787-1,"70 missing in 1..90: 2-14,16,27,29-79,81-82,86-87"
sequence-gap,case,ДАПО-Р4788-1,"56 missing in 8..73: 9-20,23-31,34-42,45-57,59-71"
sequence-gap,case,ДАПО-Р4789-1,"110 missing in 9..131: 10-19,22-24,27-102,107-114,117-123,125-130"
sequence-gap,case,ДАПО-Р4791-1,"86 missing in 2..103: 3-10,12-16,18-27,29-51,53-55,58-66,69-81,83-84,86-87,89-94,97-101"
sequence-gap,case,ДАПО-Р4503-1,"18 missing in 2..31: 4,6-8,10-11,14-15,17-20,23,26-30"
sequence-gap,case,ДАПО-Р4792-1,"119 missing in 4..134: 5-8,10-17,20-30,32,36-96,99-132"
sequence-gap,case,ДАПО-Р4793-1,"109 missing in 2..131: 3-4,7-11,13-17,20-25,27-33,35-50,52-56,58-59,61-80,82-83,85-88,90-92,96-108,111-129"
sequence-gap,case,ДАПО-Р4794-1,"155 missing in 2..190: 3,5-6,8-12,15-21,24,26-32,35-46,48,51-54,56-68,70-73,75-78,80-81,83,85-110,112,114-116,118-121,124-157,159-164,…"
sequence-gap,case,ДАПО-Р4795-1,"117 missing in 2..130: 3,5-13,16-20,24-41,43-63,65-76,78-113,115-129"
sequence-gap,case,ДАПО-Р4796-1,"103 missing in 38..152: 39,41-84,87-128,131-134,137-143,147-151"
sequence-gap,case,ДАПО-Р4830-1,"23 missing in 1..34: 4,10-25,27-32"
sequence-gap,case,ДАПО-Р4852-1,"40 missing in 1..59: 2,5-13,16,18-22,24,26-29,32-37,41-46,50-53,56-58"
sequence-gap,case,ДАПО-Р4853-1,"62 missing in 6..82: 7-8,10-12,15-17,19,21-23,25-31,33-34,38-44,46-58,60-72,74-81"
sequence-gap,case,ДАПО-Р4854-1,"43 missing in 2..55: 3,5-10,12-17,19-21,23-28,30-35,38-44,46,48-54"
sequence-gap,case,ДАПО-Р4858-1,"117 missing in 2..137: 4-8,10-17,19,22-32,34,36,38-48,51-66,70-97,100-116,119-136"
sequence-gap,case,ДАПО-Р4861-1,"32 missing in 2..46: 3-4,6-9,11-16,19-23,27-29,31-40,43-44"
sequence-gap,case,ДАПО-Р4862-1,"130 missing in 13..160: 15,17-24,26-27,29-30,32-35,37-52,54,56-66,68-70,72-116,119-122,124,126-147,149-154,156-159"
sequence-gap,case,ДАПО-Р4863-1,"35 missing in 2..46: 4-5,8-9,11-22,24-26,28,30,32-45"
sequence-gap,case,ДАПО-Р4865-1,"85 missing in 2..104: 4-10,13-19,22-34,37-45,47,50-51,54-72,75-95,98-103"
sequence-gap,case,ДАПО-Р4866-1,"149 missing in 4..173: 5-6,8-10,12-14,16-22,24-26,28-34,37-38,40-43,46-49,53-74,76-82,84-112,115-139,141-154,156-172"
sequence-gap,case,ДАПО-Р4867-1,"125 missing in 8..152: 11-14,17,19-24,26,28-32,35,37,39-43,45,47-54,57,59-88,90-128,130-151"
sequence-gap,case,ДАПО-Р4869-1,"59 missing in 1..74: 2-5,7-9,11-19,21-23,25-26,30-31,33-51,54-69,73"
sequence-gap,case,ДАПО-Р4870-1,"167 missing in 4..194: 5-18,20-25,27-35,37-38,41-50,52-54,56-58,61-67,70-71,74-98,101-102,104-139,142-143,145-159,161-190,192"
sequence-gap,case,ДАПО-Р4871-1,"50 missing in 1..67: 3-7,10-12,15-19,22-35,38,40-42,45-52,55-65"
sequence-gap,case,ДАПО-Р4872-1,"87 missing in 4..109: 5-8,11-13,17-21,24-31,33-35,37,39,42-59,61-62,65-81,83-85,87-108"
sequence-gap,case,ДАПО-Р4874-1,"60 missing in 2..71: 3,5-8,10-19,21-46,50-51,53-68,70"
sequence-gap,case,ДАПО-Р4875-1,"88 missing in 3..107: 6-19,22-24,27-32,35-45,48-73,75,78-83,86-106"
sequence-gap,case,ДАПО-Р4876-1,"131 missing in 3..165: 4-5,10-13,16,18-23,25-27,29-30,32-34,39-44,46-51,53,56,58-66,71-90,93-97,99-122,125-151,154-164"
sequence-gap,case,ДАПО-Р4877-1,"207 missing in 9..237: 10-17,20-27,30-38,43-66,69-72,74,76-93,95-149,152-197,201-234"
sequence-gap,case,ДАПО-Р4878-1,"37 missing in 4..50: 5-7,9-13,16-20,22-25,27,29-32,34-38,40-49"
sequence-gap,case,ДАПО-Р4880-1,"40 missing in 1..50: 2-5,7-16,18-20,22-23,25-33,35-40,43,45-49"
sequence-gap,case,ДАПО-Р4882-1,"25 missing in 2..37: 3-6,8-11,13-19,21-24,28-30,33,35-36"
sequence-gap,case,ДАПО-Р4884-1,"56 missing in 2..71: 3-5,7-14,16-23,25,27-35,38-43,45-46,50-59,61,63-70"
sequence-gap,case,ДАПО-Р4885-1,"39 missing in 8..60: 10-15,18-20,22-24,27-31,34-36,39-50,52-57,59"
sequence-gap,case,ДАПО-Р4941-1,"38 missing in 1..57: 4-6,9-15,19-22,25-27,30-38,42-53"
sequence-gap,case,ДАПО-Р4943-1,"28 missing in 1..39: 3,5-9,11-14,17,19-20,23-29,31-38"
sequence-gap,case,ДАПО-Р4944-1,"46 missing in 2..63: 4-9,12-16,18-20,22-26,29-33,35-37,40-44,46-49,52-61"
sequence-gap,case,ДАПО-Р4945-1,"42 missing in 2..63: 4-8,12-16,19-24,27-32,34-35,40-46,50-60"
sequence-gap,case,ДАПО-Р4946-1,"51 missing in 3..74: 5-8,11-14,16,20-24,26-27,30-34,36,40-46,48-49,53-72"
sequence-gap,case,ДАПО-Р4948-1,"60 missing in 1..76: 3,5-6,9-17,19-25,29-35,38-48,50-60,62,65-75"
sequence-gap,case,ДАПО-Р4949-1,"51 missing in 4..72: 5-11,15-22,26-31,34-42,47-56,59-69"
sequence-gap,case,ДАПО-Р4950-1,"25 missing in 1..35: 2,4-6,8-15,18-21,23-28,31-33"
sequence-gap,case,ДАПО-Р4951-1,"27 missing in 6..45: 7-17,22-23,27-33,36-42"
sequence-gap,case,ДАПО-Р4952-1,"53 missing in 4..72: 5-7,10-13,16-20,23-31,35-51,55-68,71"
sequence-gap,case,ДАПО-Р4953-1,"43 missing in 5..57: 6-11,13-20,24-31,34-43,45-55"
sequence-gap,case,ДАПО-Р4954-2,"44 missing in 2..58: 3-6,11-21,23-30,33-43,46-55"
sequence-gap,case,ДАПО-Р4955-1,"46 missing in 1..61: 2,4-7,9-10,12-16,18,21-26,31-38,41-50,52-60"
sequence-gap,case,ДАПО-Р4956-1,"40 missing in 1..63: 2,4,6-9,13-18,23-28,34-43,47-58"
sequence-gap,case,ДАПО-Р4992-1,"6 missing in 3..18: 4,10,12-13,16-17"
sequence-gap,case,ДАПО-Р5033-1,"116 missing in 1..133: 5-21,24,26-34,37-56,59-76,79-100,104-132"
sequence-gap,case,ДАПО-Р5034-1,"114 missing in 8..138: 9-12,15-18,21-30,33-47,49-71,74-98,101-114,116-122,126-137"
sequence-gap,case,ДАПО-Р5036-1,"35 missing in 1..46: 3-11,14-26,32-44"
sequence-gap,case,ДАПО-Р5038-1,"96 missing in 1..113: 3-5,7-21,24-29,32-39,43-56,59-74,76-92,94-96,98-104,106-112"
sequence-gap,case,ДАПО-Р5042-1,"60 missing in 1..82: 3-5,7-9,13-16,19-23,25,28-32,34-35,39-45,47,50-56,58,60-80"
sequence-gap,case,ДАПО-Р5043-1,"80 missing in 2..99: 4-6,8-11,14-19,22-27,29-40,44-57,60-71,74-83,86-98"
sequence-gap,case,ДАПО-Р5045-1,"56 missing in 13..78: 15-21,23-24,26-28,30-43,46-69,72-77"
sequence-gap,case,ДАПО-Р5048-1,"97 missing in 9..116: 10-16,18-25,27-53,55-63,66-92,96-98,100-115"
sequence-gap,case,ДАПО-Р5053-1,"104 missing in 1..127: 3-7,10-14,16,20-24,26-33,36-51,54-59,61-70,74-89,91-93,96-113,116-126"
sequence-gap,case,ДАПО-Р5059-1,"7 missing in 1..20: 3,7,9,13-16"
sequence-gap,case,ДАПО-Р5071-1,"88 missing in 1..102: 2-3,6-10,13-25,27-35,37-42,44-56,59-61,63,65-82,84-101"
sequence-gap,case,ДАПО-Р5076-1,"24 missing in 1..37: 3-6,9-10,13-16,19-24,26,29-35"
sequence-gap,case,ДАПО-Р5077-1,"60 missing in 7..76: 8-15,18-20,23-32,34-72"
sequence-gap,case,ДАПО-Р5085-1,"4 missing in 1..26: 9,20-22"
sequence-gap,case,ДАПО-Р5086-1,"56 missing in 2..68: 4-6,9-14,16-21,24-38,40-50,53-67"
sequence-gap,case,ДАПО-Р5088-1,"29 missing in 1..42: 2,4-5,7-9,12-17,21-26,28-31,34-40"
sequence-gap,case,ДАПО-Р5089-1,"27 missing in 4..40: 6-9,11-14,16-20,23-29,31-37"
sequence-gap,case,ДАПО-Р5092-1,"21 missing in 1..33: 4,6-9,11-17,19,22-26,28,30-31"
sequence-gap,case,ДАПО-Р5094-1,"36 missing in 3..50: 4-6,8-9,11-18,22-33,37-47"
sequence-gap,case,ДАПО-Р5096-1,"38 missing in 5..56: 7-8,10-13,16-23,26-33,36-39,41-44,47-54"
sequence-gap,case,ДАПО-Р5098-1,"39 missing in 3..54: 4,6-10,13-19,23-30,33-42,45-52"
sequence-gap,case,ДАПО-Р5099-1,"38 missing in 2..53: 3-6,9-14,17-22,25-30,34-41,44-51"
sequence-gap,case,ДАПО-Р5101-1,"32 missing in 3..46: 4,7-16,20-30,33-42"
sequence-gap,case,ДАПО-Р5102-1,"42 missing in 4..56: 5-11,13-15,18-22,25,27-33,35-44,47-55"
sequence-gap,case,ДАПО-Р5103-1,"38 missing in 1..54: 2-3,6-12,14-17,20-23,26-32,36-41,44-51"
sequence-gap,case,ДАПО-Р5104-1,"38 missing in 2..53: 5-8,11-15,18-24,27-32,34-41,44-51"
sequence-gap,case,ДАПО-Р5105-1,"56 missing in 1..66: 2-4,7-15,18-25,27-35,38-59,61-65"
sequence-gap,case,ДАПО-Р5109-1,"66 missing in 16..94: 17-24,26-35,37-46,48-58,60-73,75-76,80-90"
sequence-gap,case,ДАПО-Р5157-1,"62 missing in 1..73: 5-12,14-23,25-27,29-30,32,34-46,48-72"
sequence-gap,case,ДАПО-Р5170-1,"47 missing in 2..79: 5,7-8,10,19,24,28,30-32,35-57,60-61,63-68,71-72,75-78"
sequence-gap,case,ДАПО-Р5218-1,"20 missing in 14..44: 15-19,23-25,28-39"
sequence-gap,case,ДАПО-Р5337-1,"16 missing in 7..36: 10-11,16-18,22-27,31-35"
sequence-gap,case,ДАПО-Р3514-1,"134 missing in 1..793: 129,134,152-153,164-290,403-404,544"
sequence-gap,case,ДАПО-Р3514-2,"13 missing in 1..1631: 49,113,148,231-240"
sequence-gap,case,ДАПО-Р3524-2,150 missing in 1..533: 81-230
sequence-gap,case,ДАПО-Р4402-1,"83 missing in 4..102: 5-11,13-20,22-29,32-38,40-54,57-62,64-68,70-82,85-92,95-100"
sequence-gap,case,ДАПО-Р4530-1,"65 missing in 2..78: 4-10,13-20,23-30,33-50,53-76"
sequence-gap,case,ДАПО-Р4403-1,"31 missing in 4..46: 6-7,10-15,17-21,23-28,31-36,39-44"
sequence-gap,case,ДАПО-Р5711-1,1 missing in 1..16: 14
sequence-gap,case,ДАПО-Р5772-1,"50 missing in 1..66: 2-6,8,10-12,14-28,30,32-39,41,43-54,58-59,61-62"
sequence-gap,case,ДАПО-Р4405-1,"23 missing in 3..37: 4-7,9-11,14-17,20-25,28-32,35"
sequence-gap,case,ДАПО-Р5074-1,"41 missing in 8..62: 9-15,18-19,22-32,36-42,44-45,48,50-56,58-61"
sequence-gap,case,ДАПО-Р5873-1,"22 missing in 4..39: 6-7,9,14-15,17-19,21-23,27-37"
sequence-gap,case,ДАПО-Р5878-1,"22 missing in 3..38: 5,12-14,17-31,34,36-37"
sequence-gap,case,ДАПО-Р6997-1,"161 missing in 5..199: 6-10,12-19,21-24,26-27,30-33,35-37,39-45,47,49-53,55-59,62-67,70-72,74-89,91-97,100-102,104-120,122,124,126-138,140-142,…"
sequence-gap,case,ДАПО-Р5075-1,"32 missing in 2..45: 4-6,9-13,16-21,24-31,34-43"
sequence-gap,case,ДАПО-Р6038-1,"134 missing in 66..1209: 279,350-357,507-515,692-701,807-817,838-915,1070-1077,1156-1164"
sequence-gap,case,ДАПО-Р6038-2,"5218 missing in 1..6098: 608,812-837,907-6097"
sequence-gap,case,ДАПО-Р6038-6,"154 missing in 10..568: 45-53,71-79,91-97,111-116,126-132,139-146,154-167,171-178,182-193,197-202,205-231,233-255,258-259,282,419,511-522,552,562"
sequence-gap,case,ДАПО-Р6094-1,"16 missing in 2..28: 4-6,9-12,15-18,21-25"
sequence-gap,case,ДАПО-Р6156-1,"92 missing in 1..118: 3,7-13,16-21,24-28,30-35,37-41,45-52,55-61,64-70,73-82,85-100,103-116"
sequence-gap,case,ДАПО-Р6157-1,"25 missing in 1..38: 2-5,8-10,13-14,17-19,22-28,31-36"
sequence-gap,case,ДАПО-Р6158-1,"135 missing in 13..166: 15-21,24-31,33-46,48-51,53-56,60-69,71-108,113-146,149-164"
sequence-gap,case,ДАПО-Р3935-1,"61 missing in 4..89: 5-20,22-24,26,30-32,34-40,43-45,47-48,51,53-54,56-59,61,63,65,69-73,75-78,82-88"
sequence-gap,case,ДАПО-Р7319-1,"34 missing in 2..48: 4-9,11-16,19-23,26-30,32-37,41-46"
sequence-gap,case,ДАПО-Р3986-1,3 missing in 3..15: 6-8
sequence-gap,case,ДАПО-Р6321-1,"2 missing in 1..20: 6,10"
sequence-gap,case,ДАПО-Р6378-1,"119 missing in 19..171: 21-28,31-39,42-64,66-72,75-83,86-93,96-104,106-117,120-122,125-126,129-132,135-138,141-143,146-148,150-154,157-160,163-165,168-170"
sequence-gap,case,ДАПО-Р6385-1,"15 missing in 2..27: 3-5,7-8,10-12,15-17,20-23"
sequence-gap,case,ДАПО-Р6418-2,"11 missing in 1..25: 2,10-17,20-21"
sequence-gap,case,ДАПО-Р6420-1,"39 missing in 3..54: 4-7,9-11,13-15,18-22,26-33,35-36,38-43,46-53"
sequence-gap,case,ДАПО-Р6438-1,"27 missing in 1..38: 2,4-6,8-9,11-13,16-18,21-22,24-36"
sequence-gap,case,ДАПО-Р6440-1,"73 missing in 4..105: 5-6,8,11-13,15-16,18-20,22-24,26-29,31-33,35-38,40-45,48,50-56,59,61-66,69,71-75,78,80-83,85-87,89-90,…"
sequence-gap,case,ДАПО-Р6445-1,"12 missing in 4..26: 5-7,11,14-15,19-20,22-25"
sequence-gap,case,ДАПО-Р6446-1,"142 missing in 2..168: 3-4,6-8,10,12-13,15-17,19-24,26-31,33-40,43-45,48-57,60-69,72-81,83-92,95-107,109-121,124-157,160-167"
sequence-gap,case,ДАПО-Р6449-1,"25 missing in 3..38: 4-7,9-11,14-16,19-20,22-23,26-36"
sequence-gap,case,ДАПО-Р6451-2,"15 missing in 1..25: 3-5,7-9,12-13,16-17,19-21,23-24"
sequence-gap,case,ДАПО-Р6451-1,"137 missing in 5..182: 7-12,14-16,18,20-27,29,31-34,36,38-47,49-57,59-71,73-80,82-88,91-101,104-108,111-113,117-120,123-125,128-132,135-140,142-147,…"
sequence-gap,case,ДАПО-Р6452-1,"53 missing in 6..73: 8-10,13-18,20-22,24-31,33-38,41-43,45-46,49-53,55-71"
sequence-gap,case,ДАПО-Р6453-1,"43 missing in 2..67: 4-6,13-16,19-21,26,30-34,36-51,53,55-58,60-63,65-66"
sequence-gap,case,ДАПО-Р6459-1,"151 missing in 1..204: 2-3,5-9,11,13-15,17-24,26-29,31-34,37-43,46-61,64-73,76-84,88-99,103-113,116,120-123,126-133,136-137,140-141,144-145,148-149,…"
sequence-gap,case,ДАПО-Р6460-1,"20 missing in 1..35: 2-5,7,11-13,17-18,20-24,29-33"
sequence-gap,case,ДАПО-Р6466-1,"97 missing in 4..120: 5-9,12-19,21-29,32-35,39-44,47-61,64-68,70-79,82-97,100-118"
sequence-gap,case,ДАПО-Р6468-1,"14 missing in 6..29: 9-12,15-23,27"
sequence-gap,case,ДАПО-Р6469-1,"205 missing in 3..253: 6-12,16-19,23-25,29-37,41-48,53-60,64-77,79-89,92-102,104-110,113-115,118-123,126-130,132-133,135,137-155,158,160-179,181-183,185-191,…"
sequence-gap,case,ДАПО-Р4773-1,"33 missing in 1..47: 2-7,9-16,21-28,33,36-45"
sequence-gap,case,ДАПО-Р6528-1,"176 missing in 1..243: 3-7,10-12,15-21,24-28,30-32,34-36,38-44,46-51,54-58,61-66,70-74,78-81,85-87,89-94,96-100,103-108,112-122,124,127-136,138,…"
sequence-gap,case,ДАПО-Р6536-1,"193 missing in 1..263: 2,5-14,18-26,30-38,42,44-49,53-59,62-66,69-74,77-82,85-91,94-97,99-108,111-121,125-138,141-142,144-153,155,158-168,172-181,…"
sequence-gap,case,ДАПО-Р6567-1,"135 missing in 4..187: 6-11,13-20,23-26,29-30,33-38,41-45,47-50,53,55-56,60-65,67-72,76-85,88-96,99-103,108-112,117-124,126-127,131-145,149-153,157-173,…"
sequence-gap,case,ДАПО-Р6727-1,"36 missing in 2..50: 3-4,7-9,12-15,18-20,23-35,38-48"
sequence-gap,case,ДАПО-Р6729-1,"88 missing in 3..104: 5-20,23-38,41-55,58-69,72-85,88-102"
sequence-gap,case,ДАПО-Р6732-1,"49 missing in 1..60: 2-3,5-7,10-13,15-22,24-32,34-44,47-58"
sequence-gap,case,ДАПО-Р6737-1,"55 missing in 1..71: 2,5-9,12-17,20-27,29,31-39,43-54,57-69"
sequence-gap,case,ДАПО-Р6746-1,"54 missing in 6..71: 8-11,14-17,20-32,35-51,54-69"
sequence-gap,case,ДАПО-Р6747-1,"106 missing in 1..122: 3-21,24-49,52-66,69-84,87-101,104-111,114-120"
sequence-gap,case,ДАПО-Р6762-1,"66 missing in 2..83: 3-4,7-9,11-12,15-23,26-36,39-49,52-64,67-81"
sequence-gap,case,ДАПО-Р6767-1,"133 missing in 1..150: 3-7,10-25,28-38,40-43,45-59,61-71,73-89,91-108,111-130,133-148"
sequence-gap,case,ДАПО-Р6768-1,"63 missing in 9..82: 12-20,23-34,37-51,53-63,66-81"
sequence-gap,case,ДАПО-Р6787-1,"64 missing in 1..83: 3-10,13-18,21-26,30-36,39-45,48-64,68-80"
sequence-gap,case,ДАПО-Р6788-1,"74 missing in 1..103: 2-4,6-7,9,11,14-16,18-21,23,25-27,29-38,40-42,44-59,62,67-68,70-77,80-86,89-92,97-101"
sequence-gap,case,ДАПО-Р6792-1,"97 missing in 86..231: 87-90,93-95,99-103,108-116,119-130,134-140,142-144,148-150,153-155,158-160,162-165,168-171,173,177-182,186-190,192-194,198-203,207-212,216-220,224-228,…"
sequence-gap,case,ДАПО-Р6794-1,"125 missing in 5..171: 7-15,17-30,32-39,41-43,48-53,56-62,65-73,76-85,88-96,99-101,104,107-112,115-120,123-129,132-140,143-148,150,154-158,161,163,…"
sequence-gap,case,ДАПО-Р7933-1,"25 missing in 2..40: 5-6,9-15,19-25,29-37"
sequence-gap,case,ДАПО-Р6798-1,"191 missing in 36..282: 37-47,50-53,56-58,61-65,69-79,84-102,105-122,126-157,160-169,172-184,187-198,201-203,205,208-213,215,218-223,225,228,230-233,238,…"
sequence-gap,case,ДАПО-Р6801-1,"216 missing in 1..283: 3-8,11-19,23-30,33-35,38-46,49-53,56-61,64-70,74-78,81-93,97-116,120-144,148-155,158-165,168-169,174-184,186-187,191-202,205-208,211-216,…"
sequence-gap,case,ДАПО-Р6807-1,"312 missing in 1..402: 3-5,8-12,15-19,22-34,37-39,42-44,48-53,56-62,65-69,72-80,85-93,98-110,114-123,125-140,146-170,173-203,206-209,213,215-241,243-244,…"
sequence-gap,case,ДАПО-Р6809-1,"135 missing in 41..221: 43-44,46-48,51-52,54-55,57-58,60-61,63-69,72-77,80-83,87-92,95-98,100-104,107-108,110-135,138-139,145-148,150-151,154-163,166-176,179-188,…"
sequence-gap,case,ДАПО-Р6836-1,"29 missing in 1..49: 2-5,7-9,12-14,17,20-23,25-26,29-31,35-42,44"
sequence-gap,case,ДАПО-Р6837-1,"22 missing in 5..38: 6-8,10-11,15-17,19-20,22-23,26,28,30-37"
sequence-gap,case,ДАПО-Р6841-1,"20 missing in 8..42: 12-15,18-19,22-25,28-32,34,37-40"
sequence-gap,case,ДАПО-Р6842-1,"16 missing in 1..27: 2-6,8,10-12,14,16-18,21,23,25"
sequence-gap,case,ДАПО-Р6863-1,"62 missing in 1..72: 2-4,6-8,10-22,24-29,32-43,45-55,57-65,67-71"
sequence-gap,case,ДАПО-Р6874-1,"111 missing in 1..147: 2-5,8-10,12-18,21-25,29-35,39-42,46-48,50-65,68-73,75,77-83,85-86,90-99,102-108,111-119,121-122,125-129,132-144"
sequence-gap,case,ДАПО-Р6876-1,"118 missing in 3..155: 4-5,7-9,11-17,20,22,25-30,33-39,42-49,51-58,61-66,68-70,72-75,78-89,91-94,96-101,103-107,111-117,119-123,126-129,131-136,…"
sequence-gap,case,ДАПО-Р6893-1,"86 missing in 3..101: 6,8-21,23-33,35-48,51-57,59-63,65-91,93-99"
sequence-gap,case,ДАПО-Р6897-1,"27 missing in 12..50: 14-16,19-23,26-27,29-35,38-39,41-48"
sequence-gap,case,ДАПО-Р6908-1,"31 missing in 1..43: 2,4-7,9-10,14-16,18-29,32-40"
sequence-gap,case,ДАПО-Р6910-1,"28 missing in 2..47: 3,6-7,9,11-12,16-19,22,25-30,32,34-37,40-44,46"
sequence-gap,case,ДАПО-Р6911-2,"48 missing in 2..59: 4-9,11-18,21-54"
sequence-gap,case,ДАПО-Р6919-1,"23 missing in 3..40: 5,8-12,15,17,19-20,23,25,28-38"
sequence-gap,case,ДАПО-Р6921-1,"23 missing in 2..36: 4-5,7-10,14,17-20,22-27,29-34"
sequence-gap,case,ДАПО-Р6925-1,"15 missing in 2..28: 3-12,17,19,22-23,25"
sequence-gap,case,ДАПО-Р6948-1,"98 missing in 5..117: 6,8-11,14-16,18-24,26-34,36-37,39-46,48-49,51-67,69-74,76-91,93-108,110-116"
sequence-gap,case,ДАПО-Р6950-1,"60 missing in 2..74: 3-7,10-16,19-21,23-27,29,31-40,42-46,48-61,64-73"
sequence-gap,case,ДАПО-Р6952-1,"75 missing in 4..89: 5-8,10-11,14-21,23-27,30-48,51-58,60-88"
sequence-gap,case,ДАПО-Р6954-1,"46 missing in 9..67: 11-14,17-22,24-26,28-32,35-42,45-53,56-66"
sequence-gap,case,ДАПО-Р6955-1,"44 missing in 1..55: 2-7,9,11-13,16-19,21-38,40-41,44-53"
sequence-gap,case,ДАПО-Р6956-1,"33 missing in 4..49: 6-7,10-13,15-17,19-23,27-37,40-47"
sequence-gap,case,ДАПО-Р6957-1,"76 missing in 3..93: 5-6,9-16,18,20-31,34-42,45-60,63-71,74-92"
sequence-gap,case,ДАПО-Р6958-1,"108 missing in 1..124: 2-4,6-11,13-16,18-26,28-38,40-47,49-61,63-70,72-77,79-81,83-91,94-100,102-110,112-123"
sequence-gap,case,ДАПО-Р6961-1,"34 missing in 2..46: 4-8,10-16,18-21,24,26-33,35-37,39-44"
sequence-gap,case,ДАПО-Р6962-1,"36 missing in 1..49: 2-4,6-8,10-11,13-21,24-27,31-40,44-48"
sequence-gap,case,ДАПО-Р6967-1,"35 missing in 1..48: 2-7,9-14,18,20-21,23-26,28,31-37,40-47"
sequence-gap,case,ДАПО-Р6968-1,"41 missing in 2..53: 3-7,9-15,17-26,29-35,38-44,47-50,52"
sequence-gap,case,ДАПО-Р6972-1,"144 missing in 5..172: 6-11,14-20,23-33,35-44,46-49,52-58,62-67,69-73,75-80,82-88,91-97,99-128,131-150,152-153,155-170"
sequence-gap,case,ДАПО-Р6973-1,"46 missing in 2..58: 3-9,11-16,18-21,24-30,34-41,43-56"
sequence-gap,case,ДАПО-Р6974-1,"37 missing in 2..51: 3,5-7,9-11,13,15-22,27-38,40-43,46-50"
sequence-gap,case,ДАПО-Р6982-1,"38 missing in 2..56: 3,5-8,11-13,17-18,22-37,39-41,44-47,49-50,53-55"
sequence-gap,case,ДАПО-Р8107-1,"17 missing in 1..29: 2,5,7-8,10-12,15-20,22-25"
sequence-gap,case,ДАПО-Р6984-1,"29 missing in 1..40: 2-6,8,11-18,21-26,29-33,35-37,39"
sequence-gap,case,ДАПО-Р6985-1,"26 missing in 2..39: 4,6-8,10-13,16-20,23-27,30-37"
sequence-gap,case,ДАПО-Р6993-1,"79 missing in 11..104: 12-14,16-17,19-22,24-29,32-38,40-46,48-52,54-55,57-59,61,63-73,76-103"
sequence-gap,case,ДАПО-Р6994-1,"40 missing in 15..67: 17,19-27,31-39,42-53,55,58-65"
sequence-gap,case,ДАПО-Р6995-1,"69 missing in 1..81: 2-8,10-15,17-23,25-34,37-49,52-61,64-79"
sequence-gap,case,ДАПО-Р6996-1,"36 missing in 9..61: 12-17,20-29,31-32,35-36,38,42-48,50-52,54-57,59"
sequence-gap,case,ДАПО-Р6999-1,"149 missing in 2..177: 3-6,8-17,20-29,32-45,47-53,55-60,62-65,67-76,78,80,82-89,91-96,98-101,103-108,110,112-132,135-143,145,147-158,161-173,…"
sequence-gap,case,ДАПО-Р7066-1,"17 missing in 1..28: 2-3,6-13,16,19-24"
sequence-gap,case,ДАПО-Р7067-1,"6 missing in 3..21: 4,6-7,13,18-19"
sequence-gap,case,ДАПО-Р8329-1,"16 missing in 1..33: 2,5-6,10-11,14,18-19,23-25,27-31"
sequence-gap,case,ДАПО-Р7284-2,"9 missing in 1..20: 3-4,7-8,11-12,15,17-18"
sequence-gap,case,ДАПО-Р7284-1,"25 missing in 1..39: 2-3,7-10,12-14,17-18,20-22,26-31,33-37"
sequence-gap,case,ДАПО-Р7286-1,"158 missing in 1..198: 2,4,6-7,9-11,13-17,19-23,26-32,36-41,43-44,46-53,55-62,65-71,74-79,82-89,92-97,99-103,105-107,110-111,113-117,120-131,…"
sequence-gap,case,ДАПО-Р7295-1,"23 missing in 2..36: 3-4,7-8,10-12,14-15,17-22,26-29,31-34"
sequence-gap,case,ДАПО-Р7296-1,"13 missing in 2..28: 3-4,7,11-14,18-20,24-26"
sequence-gap,case,ДАПО-Р7297-1,"33 missing in 4..49: 6-8,11-13,16-20,23-28,31-44,47-48"
sequence-gap,case,ДАПО-Р7298-1,"34 missing in 1..50: 3-6,9-12,15-18,21-24,29-34,37-41,43-49"
sequence-gap,case,ДАПО-Р7301-1,"23 missing in 2..36: 3-5,8-10,13-15,18-21,24-28,31-35"
sequence-gap,case,ДАПО-Р7302-1,"33 missing in 2..48: 3-5,7-11,14-20,24-29,33-34,36-40,42-46"
sequence-gap,case,ДАПО-Р7304-1,"29 missing in 1..44: 2,4-6,8-10,12-16,19-22,25-28,31-34,36,40-43"
sequence-gap,case,ДАПО-Р7305-1,"19 missing in 2..33: 3-5,7,10-11,13-19,25-29,31"
sequence-gap,case,ДАПО-Р7306-1,"22 missing in 1..32: 2-6,8-10,14-23,27-30"
sequence-gap,case,ДАПО-Р7316-1,"43 missing in 2..56: 3-5,7-17,22-28,30-33,35-38,40-43,45-48,50-55"
sequence-gap,case,ДАПО-Р7317-1,"44 missing in 3..66: 4-5,7-8,10-13,15-21,24-30,34-37,42-46,49-53,56-59,61-64"
sequence-gap,case,ДАПО-Р7318-1,"14 missing in 5..29: 7-8,10-14,18-20,23-26"
sequence-gap,case,ДАПО-Р7320-1,"18 missing in 3..33: 5-6,8-9,13-15,17-19,21-24,26,29-31"
sequence-gap,case,ДАПО-Р7321-1,"23 missing in 1..37: 3-6,9-12,15-18,22-24,27-31,34-36"
sequence-gap,case,ДАПО-Р7322-1,"20 missing in 1..34: 2-3,5-6,8-11,14-17,20-23,25-28"
sequence-gap,case,ДАПО-Р7324-1,"55 missing in 3..73: 4-5,7-10,12-15,18-21,24-32,36-41,44-60,63-71"
sequence-gap,case,ДАПО-Р7325-1,"24 missing in 3..39: 5-7,9-12,14-15,19-22,25-29,33-38"
sequence-gap,case,ДАПО-Р7326-1,"18 missing in 2..29: 3-4,6-7,10-16,19-22,24-26"
sequence-gap,case,ДАПО-Р7330-1,"20 missing in 2..32: 3-4,6-7,9-10,13-15,17-21,25-30"
sequence-gap,case,ДАПО-Р7331-1,"20 missing in 4..35: 6-7,9-15,17,21-22,24-31"
sequence-gap,case,ДАПО-Р7332-1,"26 missing in 1..36: 2-4,6-9,11,14-18,21-27,30-35"
sequence-gap,case,ДАПО-Р7333-1,"26 missing in 5..40: 7-13,15-17,20-23,26-32,35-39"
sequence-gap,case,ДАПО-Р8522-1,"6 missing in 10..27: 12,15-18,23"
sequence-gap,case,ДАПО-Р4662-1,"51 missing in 3..65: 4-8,10-20,22-29,33-46,50-62"
sequence-gap,case,ДАПО-Р4663-1,"55 missing in 1..65: 2-6,9-16,18-23,25-34,36-46,49-63"
sequence-gap,case,ДАПО-Р8555-1,"112 missing in 3..126: 5-23,26-47,50-77,80-101,104-124"
sequence-gap,case,ДАПО-Р7431-1,"52 missing in 2..64: 4-5,8-15,17,19-23,26-30,32-44,46-63"
sequence-gap,case,ДАПО-Р7457-1,"30 missing in 1..41: 2-4,6-7,10-11,13-16,19-24,26-32,34-39"
sequence-gap,case,ДАПО-Р7458-1,"260 missing in 5..321: 6-9,20-21,26-60,69-85,88-95,98-118,120-162,164-165,167-175,182,184-185,187,190-192,194-226,228-235,239,241-245,247-292,300-315,318-320,…"
sequence-gap,case,ДАПО-Р7473-1,"100 missing in 3..148: 4-19,21-24,27-28,30,32-36,38,50-69,77,79,83-90,92-124,134-135,140-141,143,145-147"
sequence-gap,case,ДАПО-Р8704-1,"37 missing in 2..50: 4-11,13,16-23,25,28-35,37-38,41-49"
sequence-gap,case,ДАПО-Р7532-1,"40 missing in 5..57: 7-9,11,14-18,21-33,35-41,43-48,50,53-56"
sequence-gap,case,ДАПО-Р7533-1,"136 missing in 1..178: 3-7,10-11,13-16,20-27,29,31-37,39-44,49-57,61-73,75,79-92,94,97-105,107,111-122,125,128-141,143,146-158,161,…"
sequence-gap,case,ДАПО-Р7534-1,"42 missing in 2..57: 3-8,11-16,19-24,27,29-36,38,41-48,50-55"
sequence-gap,case,ДАПО-Р7535-1,"48 missing in 2..68: 4-8,11-16,20,22-27,29,31-37,39,42-43,45-51,54-63,66-67"
sequence-gap,case,ДАПО-Р7540-1,"35 missing in 1..51: 2-5,8-10,12-16,19-24,27-31,33-37,40-44,48-49"
sequence-gap,case,ДАПО-Р7542-1,"23 missing in 1..35: 2,4-5,7-10,12-15,17-21,25,27-32"
sequence-gap,case,ДАПО-Р7547-1,"28 missing in 1..52: 2,5-6,9-11,13-15,17,19-20,23-26,30-31,33,35,37-38,42-44,46,48-49"
sequence-gap,case,ДАПО-Р7548-1,"33 missing in 1..57: 2-4,7-11,14-18,22-25,29-35,39,43-47,50-51,53"
sequence-gap,case,ДАПО-Р7553-1,"20 missing in 2..33: 3-4,6-8,10-12,15-18,22-29"
sequence-gap,case,ДАПО-Р7559-1,"35 missing in 1..49: 2,4-7,9,11-12,14,17-21,24-25,27-28,30-35,38-48"
sequence-gap,case,ДАПО-Р7560-2,"28 missing in 5..42: 7-19,22-25,27,30-39"
sequence-gap,case,ДАПО-Р7565-1,"52 missing in 2..67: 3-4,6-10,12-14,18-22,25-30,33-38,40-57,59-65"
sequence-gap,case,ДАПО-Р7568-1,"59 missing in 2..87: 4-8,11-13,17-18,20-21,24-25,27-28,30-33,36-37,39-40,43-45,47-52,55-60,62-66,69-75,78-85"
sequence-gap,case,ДАПО-Р7574-1,"53 missing in 1..72: 2-3,6-9,12-20,23-25,27-31,35-44,47-48,50-52,54-57,61-71"
sequence-gap,case,ДАПО-Р7583-1,"31 missing in 1..48: 3-5,7-11,13-14,16-18,22-26,30-36,40-45"
sequence-gap,case,ДАПО-Р7584-1,"17 missing in 2..28: 5-8,11-13,16-25"
sequence-gap,case,ДАПО-Р7586-1,"29 missing in 1..46: 2-4,8-11,15-19,22-27,31-34,38-44"
sequence-gap,case,ДАПО-Р7616-1,"43 missing in 1..55: 2-3,6-14,17-25,27,30-41,43-50,52-53"
sequence-gap,case,ДАПО-Р7617-1,"26 missing in 2..41: 4-9,11-16,18-19,21-27,31,34-35,38-39"
sequence-gap,case,ДАПО-Р7618-1,"23 missing in 1..35: 3,6-9,12-17,20-22,25-31,33-34"
sequence-gap,case,ДАПО-Р7623-1,"29 missing in 2..40: 4-11,13-15,17-23,27-33,35-37,39"
sequence-gap,case,ДАПО-Р7643-1,"25 missing in 2..38: 3-4,6-7,10-12,15-21,24-30,32-35"
sequence-gap,case,ДАПО-Р7644-1,"25 missing in 3..38: 4-6,8,10-13,16-19,22-23,25-31,33-36"
sequence-gap,case,ДАПО-Р7645-1,"27 missing in 2..42: 5-7,10-11,13-17,19-23,27-32,35-37,39-41"
sequence-gap,case,ДАПО-Р7650-1,"42 missing in 2..56: 3-6,8-10,13-20,23-31,35,37-43,45-54"
sequence-gap,case,ДАПО-Р7663-1,"29 missing in 1..42: 3,5-7,12-19,22-29,32-40"
sequence-gap,case,ДАПО-Р7666-1,"34 missing in 2..48: 3-8,10-14,16-17,19-22,24,26-28,32-34,36-39,42-47"
sequence-gap,case,ДАПО-Р7668-1,"25 missing in 2..36: 3-4,6-9,12-16,18-20,23-33"
sequence-gap,case,ДАПО-Р7669-1,"29 missing in 2..41: 3-5,8-12,14-15,18-23,26-38"
sequence-gap,case,ДАПО-Р7674-1,"26 missing in 2..39: 3,5-7,10-14,17-22,25-31,34-37"
sequence-gap,case,ДАПО-Р7677-1,"24 missing in 2..35: 3-4,7-9,12-21,25-33"
sequence-gap,case,ДАПО-Р7678-1,"17 missing in 2..30: 4,7-9,12-14,17-21,24-28"
sequence-gap,case,ДАПО-Р7679-1,"33 missing in 7..49: 9-13,16-24,27-35,38-47"
sequence-gap,case,ДАПО-Р7680-1,"21 missing in 1..37: 6,11-15,19-28,32-36"
sequence-gap,case,ДАПО-Р7681-1,"20 missing in 4..33: 5-7,10-13,16-21,24-30"
sequence-gap,case,ДАПО-Р7682-1,"23 missing in 1..33: 2,4-6,8-11,13-14,17-19,22-26,28-32"
sequence-gap,case,ДАПО-Р7692-1,"15 missing in 3..28: 4-5,9-12,15-18,22-26"
sequence-gap,case,ДАПО-Р7698-1,"29 missing in 3..42: 4-6,9-12,14-17,20-24,27-33,35-40"
sequence-gap,case,ДАПО-Р7699-1,"32 missing in 2..45: 4-5,7-12,15-21,25-32,36-44"
sequence-gap,case,ДАПО-Р7700-1,"39 missing in 2..51: 3-4,6,8-10,13-23,26-37,40-49"
sequence-gap,case,ДАПО-Р7702-1,"33 missing in 3..45: 4-6,8-14,17-24,27-34,37-43"
sequence-gap,case,ДАПО-Р7706-1,"35 missing in 2..53: 5-7,9,13-17,22-29,32-41,44-51"
sequence-gap,case,ДАПО-Р7708-1,"32 missing in 5..46: 7-12,15-20,22-30,33-43"
sequence-gap,case,ДАПО-Р7713-1,"32 missing in 1..48: 2,4-6,9-11,15-19,23-28,32-45"
sequence-gap,case,ДАПО-Р7717-1,"35 missing in 3..49: 4,6-10,13-19,22-28,31-38,41-47"
sequence-gap,case,ДАПО-Р7719-1,"18 missing in 3..30: 4,7-8,12-20,23-28"
sequence-gap,case,ДАПО-Р7728-1,"19 missing in 4..32: 5,7-9,12-14,16-20,23-29"
sequence-gap,case,ДАПО-Р7729-1,"26 missing in 2..41: 3-4,7-10,12,14-15,17-18,20-21,24-25,27-31,34-39"
sequence-gap,case,ДАПО-Р7731-1,"64 missing in 4..89: 5-7,11-14,16-17,23-25,28-33,35-42,46-67,70-76,79-87"
sequence-gap,case,ДАПО-Р7732-1,"20 missing in 3..39: 7-9,12-16,18-20,24-25,28-34"
sequence-gap,case,ДАПО-Р7736-1,"21 missing in 2..35: 3-6,9-12,15-17,19,21-22,25-27,29-32"
sequence-gap,case,ДАПО-Р7737-1,"36 missing in 2..54: 3-9,13-17,20-25,28-33,38-43,45,47-49,51-52"
sequence-gap,case,ДАПО-Р7738-1,"25 missing in 2..43: 3-6,9-11,15-16,18,22-25,29-35,39-42"
sequence-gap,case,ДАПО-Р7740-1,"29 missing in 2..42: 3-5,7,9-10,12-13,16-20,22,24-31,33,36-41"
sequence-gap,case,ДАПО-Р7741-1,"14 missing in 1..25: 2,6,8,10-12,15-16,18,20-24"
sequence-gap,case,ДАПО-Р7742-1,"24 missing in 2..35: 3-5,7-8,10-11,13-23,26-27,29-32"
sequence-gap,case,ДАПО-Р7744-1,"27 missing in 3..42: 4-6,9,12-19,22-27,31-36,39-41"
sequence-gap,case,ДАПО-Р7747-1,"28 missing in 2..40: 3-4,6-7,10-12,14-20,22-29,32-36,39"
sequence-gap,case,ДАПО-Р7752-1,"28 missing in 3..43: 5,10-12,14-18,20-27,29-34,38-42"
sequence-gap,case,ДАПО-Р7913-1,"34 missing in 2..54: 4,6-8,12-16,18,20,22-25,27,29-33,36-37,39-42,44,46-50,53"
sequence-gap,case,ДАПО-Р7914-1,"34 missing in 1..51: 3,7-12,15-17,19-20,22-24,27-30,32,34-39,41-48"
sequence-gap,case,ДАПО-Р7915-1,"47 missing in 4..66: 6-12,15-23,27-35,39-46,49-54,57-64"
sequence-gap,case,ДАПО-Р7916-1,"29 missing in 4..45: 7-10,13-14,16-20,23-31,34-36,38-43"
sequence-gap,case,ДАПО-Р7917-1,"63 missing in 1..76: 2,4-16,19-41,45-55,58-66,69-74"
sequence-gap,case,ДАПО-Р7918-1,"30 missing in 1..46: 2,5,7-9,12-14,17-21,24-28,31-37,40-44"
sequence-gap,case,ДАПО-Р7919-1,"58 missing in 1..80: 2-4,6-7,11-17,20,22-29,32,34-39,42-48,51-59,62-63,65-70,73-78"
sequence-gap,case,ДАПО-Р7920-1,"27 missing in 1..42: 2,5-6,8-10,12-13,16-20,23-26,29-31,33-37,40-41"
sequence-gap,case,ДАПО-Р7921-1,"60 missing in 6..87: 9-16,19,21-25,28,30-38,42-49,52-62,65,67-68,70-76,79-85"
sequence-gap,case,ДАПО-Р7922-1,"27 missing in 2..42: 4-5,7,10-12,15-19,21-24,27-37,41"
sequence-gap,case,ДАПО-Р7923-1,"16 missing in 1..39: 2,5,9-11,14,18-19,23-24,29-31,35-37"
sequence-gap,case,ДАПО-Р7924-1,"44 missing in 27..104: 30,34-36,39-40,43-45,48-49,53-55,58-60,62,65-69,72-74,77-81,84-86,89,92-94,96-97,100-103"
sequence-gap,case,ДАПО-Р7925-1,"22 missing in 2..40: 3,5,8,10-12,17-21,24-26,28-29,33-38"
sequence-gap,case,ДАПО-Р7926-1,"13 missing in 1..36: 5-6,11,13,20,24-25,29-34"
sequence-gap,case,ДАПО-Р7927-1,"91 missing in 1..120: 2-3,6-15,19-24,27-34,37-45,48-56,59-65,69-76,79,81-86,90-97,100-106,109-118"
sequence-gap,case,ДАПО-Р7928-1,"44 missing in 1..66: 3,7-10,13,15-22,25-30,34-40,44-50,54-62,65"
sequence-gap,case,ДАПО-Р7929-1,"79 missing in 4..109: 7-12,16-25,28-37,41-48,52-59,62-69,72-78,81-86,90-97,100-107"
sequence-gap,case,ДАПО-Р7930-1,"21 missing in 2..36: 3-5,7-8,11-13,16-20,24-27,31-34"
sequence-gap,case,ДАПО-Р7931-1,"30 missing in 2..45: 4-6,9-11,14-17,20-26,28-35,38-42"
sequence-gap,case,ДАПО-Р7934-1,"17 missing in 1..31: 5,7-9,12-15,18-20,24-29"
sequence-gap,case,ДАПО-Р7935-1,"125 missing in 2..172: 5-9,12-13,15-19,22-26,29,31-35,39-43,46-55,58,60-63,65-70,73-81,84,86-87,89-97,100-109,111-112,117-125,129-131,133-138,…"
sequence-gap,case,ДАПО-Р7936-1,"88 missing in 1..115: 3-4,7-12,15-25,28-39,42,44-49,52-59,62-69,72-78,81-89,92-97,100-104,107-113"
sequence-gap,case,ДАПО-Р7939-1,"26 missing in 1..46: 3,5-7,10-12,16,18-21,24,27-29,31-32,34-36,39,41-44"
sequence-gap,case,ДАПО-Р7940-1,"32 missing in 1..50: 2,5-7,9,11,13-15,17-18,20-21,24-28,31-37,40,42-46,49"
sequence-gap,case,ДАПО-Р7942-1,"29 missing in 2..44: 3,5-8,11-14,17-20,23-29,32-37,40,42-43"
sequence-gap,case,ДАПО-Р7943-1,"54 missing in 1..74: 4-7,10,12-13,16-22,25-35,38-47,50-55,58-64,67-72"
sequence-gap,case,ДАПО-Р7944-1,"31 missing in 1..53: 2-3,6,8-9,13-15,19-22,26-30,34-36,39-46,49,51-52"
sequence-gap,case,ДАПО-Р7946-1,"56 missing in 1..76: 3-5,8-14,17-26,30-35,38-43,47-52,55-63,66-74"
sequence-gap,case,ДАПО-Р7947-1,"16 missing in 1..31: 3-4,7,9-10,15,17,19-21,23-26,29-30"
sequence-gap,case,ДАПО-Р7949-1,"50 missing in 3..73: 4,6-11,13,15-17,21-28,31-36,39-44,47-50,52-53,57-62,65-71"
sequence-gap,case,ДАПО-Р7950-1,"16 missing in 1..33: 6-8,12,14-15,18-21,24-25,27-30"
sequence-gap,case,ДАПО-Р7951-1,"29 missing in 1..47: 2,5-8,11-14,17-19,22,24-28,31-32,34-37,40-41,43-45"
sequence-gap,case,ДАПО-Р7952-1,"16 missing in 3..30: 4,8,10-14,18-19,21-22,25-29"
sequence-gap,case,ДАПО-Р7953-1,"21 missing in 1..37: 3-4,6-10,14-17,19,21-23,27,29-32,36"
sequence-gap,case,ДАПО-Р7954-1,"26 missing in 1..38: 3-6,10-13,17-29,31-35"
sequence-gap,case,ДАПО-Р7955-1,"22 missing in 1..37: 2,5-7,10-12,15-18,21-27,30-33"
sequence-gap,case,ДАПО-Р7956-1,"24 missing in 1..40: 3,6-7,10-12,15-19,22-26,29-30,33-38"
sequence-gap,case,ДАПО-Р7958-1,"31 missing in 1..50: 5,8-11,14-20,23,25-31,35-40,43,45-48"
sequence-gap,case,ДАПО-Р7959-1,"20 missing in 2..37: 6-8,11-13,17-20,24-28,31,33-36"
sequence-gap,case,ДАПО-Р7960-1,"34 missing in 1..54: 3,6-8,11-15,18-21,25-29,33-39,43-51"
sequence-gap,case,ДАПО-Р7961-1,"95 missing in 1..126: 4-11,14-22,26-36,40-47,51-58,60-61,63-69,73-75,77-83,86-97,100-105,108-112,115-122,125"
sequence-gap,case,ДАПО-Р7964-1,"43 missing in 1..63: 3-4,7,9-13,16-17,21-29,32,34-41,44-50,53-58,61-62"
sequence-gap,case,ДАПО-Р7965-1,"26 missing in 2..41: 4,6-8,10-15,18-19,23-31,33-34,36-38"
sequence-gap,case,ДАПО-Р7966-1,"16 missing in 3..30: 6-7,10-12,15-19,22-23,26-29"
sequence-gap,case,ДАПО-Р7968-1,"24 missing in 2..38: 4-7,10,12-14,17-22,25-29,32-36"
sequence-gap,case,ДАПО-Р7969-1,"31 missing in 1..48: 2,6-10,13-19,21-24,27-28,30-31,33,35-36,38-39,42-46"
sequence-gap,case,ДАПО-Р7971-1,"47 missing in 1..73: 4,8,10-14,17,19-21,24-26,28-35,39-49,52-55,59-63,67-71"
sequence-gap,case,ДАПО-Р7972-1,"22 missing in 12..45: 14-17,20-24,27-34,37-38,40-42"
sequence-gap,case,ДАПО-Р7973-1,"62 missing in 1..92: 4-5,7-8,10-12,15-16,18-21,25-33,37,39-43,47-51,55-63,67-78,82-89"
sequence-gap,case,ДАПО-Р7974-1,"27 missing in 3..53: 6-7,9-10,13-15,19,21-23,27-31,35-36,38-40,45-50"
sequence-gap,case,ДАПО-Р7975-1,"20 missing in 1..36: 2,6-10,14-16,20-23,27-33"
sequence-gap,case,ДАПО-Р7976-1,"61 missing in 1..110: 3,5,9-10,13-15,20-23,26-27,31,34-37,41-42,45-46,49-51,54-55,57,60-62,65-67,70,73-77,80-82,84-85,88-92,…"
sequence-gap,case,ДАПО-Р7977-1,"32 missing in 2..51: 4-8,10-11,13-14,17-18,20-24,28-29,31-34,37-42,45-48"
sequence-gap,case,ДАПО-Р7978-1,"65 missing in 1..103: 2-3,7-8,12-14,16-19,23-27,31-35,39-43,47-52,55-59,63-68,71-75,79-85,89-93,97-101"
sequence-gap,case,ДАПО-Р7979-1,"22 missing in 1..35: 3-6,10-12,15-17,20-22,25-33"
sequence-gap,case,ДАПО-Р7980-1,"30 missing in 1..51: 3,6-7,9,11-13,15-16,19-20,22-23,26-27,29-30,33-34,36-39,42-43,45-49"
sequence-gap,case,ДАПО-Р7981-1,"30 missing in 2..52: 3-4,6,8,10-11,13-14,17,20,22-24,28-29,31-33,37-42,45,47-51"
sequence-gap,case,ДАПО-Р7982-1,"13 missing in 1..25: 4,8-10,12,14-16,19-23"
sequence-gap,case,ДАПО-Р7983-1,"40 missing in 1..52: 2,4-8,10-15,17-22,25-31,34-40,43-50"
sequence-gap,case,ДАПО-Р7984-1,"137 missing in 1..174: 3-7,10-17,20-26,29-36,40-45,48-58,61-68,71-79,82-89,92-97,100-107,110-116,119-129,132-144,147-151,154-160,163-172"
sequence-gap,case,ДАПО-Р7984-2,"18 missing in 1..36: 4-6,10-11,14-17,21-24,28-31,34"
sequence-gap,case,ДАПО-Р7985-1,"13 missing in 2..30: 4,6,8,11-12,16-17,19,22,25-28"
sequence-gap,case,ДАПО-Р7986-1,"34 missing in 1..51: 2,5-7,10-12,15-20,23-27,30-35,38-45,48-49"
sequence-gap,case,ДАПО-Р7987-1,"27 missing in 3..44: 5-8,11-14,17-20,23-24,26-27,30-33,36-42"
sequence-gap,case,ДАПО-Р7988-1,"25 missing in 1..41: 3,6-8,11-13,16-18,21-24,27-30,33-39"
sequence-gap,case,ДАПО-Р7989-1,"31 missing in 1..44: 4-9,12-18,22-28,31-36,38-42"
sequence-gap,case,ДАПО-Р7990-1,"23 missing in 2..42: 3,7,9-11,15,17-18,21,23-26,29-34,37-40"
sequence-gap,case,ДАПО-Р7991-1,"34 missing in 2..49: 4-6,8-11,14-17,20-25,28-33,36-40,43-48"
sequence-gap,case,ДАПО-Р7994-1,"27 missing in 4..42: 5,7-11,14,20-27,30-41"
sequence-gap,case,ДАПО-Р7996-1,"49 missing in 6..67: 7,11-15,18-21,23-29,31,33-37,39-49,52-66"
sequence-gap,case,ДАПО-Р7997-1,"43 missing in 7..68: 8-14,16-18,22-29,33-34,38,41-50,53-63,66"
sequence-gap,case,ДАПО-Р8003-1,"50 missing in 3..65: 4-5,7-12,14-15,18-24,27-36,39-51,55-64"
sequence-gap,case,ДАПО-Р8007-1,"29 missing in 1..42: 3-4,7-12,15-19,21-22,24-30,34-40"
sequence-gap,case,ДАПО-Р8009-1,"32 missing in 1..42: 2-4,7-12,15-22,25-31,34-41"
sequence-gap,case,ДАПО-Р8014-1,"24 missing in 9..43: 10-15,17-19,21-25,29-33,37-41"
sequence-gap,case,ДАПО-Р8020-1,"35 missing in 2..51: 4,6-8,11-13,15-17,21-25,28-33,35-41,44-50"
sequence-gap,case,ДАПО-Р8022-1,"39 missing in 1..50: 2-6,8-10,12-22,25-32,35-40,43-48"
sequence-gap,case,ДАПО-Р8024-1,"16 missing in 2..27: 3,5-7,9,11,13-15,19-22,24-26"
sequence-gap,case,ДАПО-Р8026-1,"40 missing in 4..57: 6-12,15-20,23-29,31-41,44-48,52-55"
sequence-gap,case,ДАПО-Р8027-1,"36 missing in 4..54: 6-10,13-15,17-27,31-36,38-42,45,47-51"
sequence-gap,case,ДАПО-Р8038-1,"26 missing in 6..43: 7-11,14-17,19-29,33-36,39-40"
sequence-gap,case,ДАПО-Р8041-1,"32 missing in 1..46: 3-4,7-13,16-20,23-29,32-37,40-44"
sequence-gap,case,ДАПО-Р8044-1,"45 missing in 3..60: 4-10,12-20,23-34,36,38-43,46,48-51,54-58"
sequence-gap,case,ДАПО-Р8045-1,"28 missing in 4..45: 7-15,17,20-23,26-30,33-35,37-40,43-44"
sequence-gap,case,ДАПО-Р8046-1,"12 missing in 1..28: 2,5,8,10-11,14-15,19-21,25-26"
sequence-gap,case,ДАПО-Р8047-1,"33 missing in 2..45: 3-5,7-10,12-19,22-25,27-35,38-42"
sequence-gap,case,ДАПО-Р8056-1,"33 missing in 3..49: 4-7,9-11,14-21,24-30,34-39,42-46"
sequence-gap,case,ДАПО-Р8057-1,"18 missing in 3..30: 4-6,9-11,14-18,22-23,25-29"
sequence-gap,case,ДАПО-Р8068-1,"203 missing in 2..256: 3-6,9-11,15-19,23-31,34-42,45-51,54-62,66-78,81-93,96-108,111-124,127-139,141-143,145-151,153-162,164-176,178-186,188-201,203-205,207-209,…"
sequence-gap,case,ДАПО-Р8075-1,"32 missing in 1..49: 2,4,6,9-12,15-18,23-26,29-36,39-47"
sequence-gap,case,ДАПО-Р8077-1,"88 missing in 5..111: 6-13,15-16,20-26,29-39,42-51,54-65,68-77,80-94,97-109"
sequence-gap,case,ДАПО-Р8082-1,"35 missing in 1..48: 2,4-7,9-15,19-21,23-31,34-44"
sequence-gap,case,ДАПО-Р8083-1,"29 missing in 2..45: 4-6,8-10,13-16,19-24,28-35,40-44"
sequence-gap,case,ДАПО-Р8087-1,"17 missing in 1..29: 2,4,6-8,11-13,17-20,23-27"
sequence-gap,case,ДАПО-Р8089-1,"19 missing in 3..32: 4-7,9-12,14-15,18-23,26-28"
sequence-gap,case,ДАПО-Р8091-1,"63 missing in 1..73: 3-4,6,8-13,15-23,25-36,38-49,51-62,64-72"
sequence-gap,case,ДАПО-Р8092-1,"113 missing in 5..138: 9-12,15-26,28-43,46-59,62,65-79,82-96,99-116,119-136"
sequence-gap,case,ДАПО-Р8093-1,"27 missing in 6..45: 7-8,11-15,18-22,27-34,37-43"
sequence-gap,case,ДАПО-Р8095-1,"25 missing in 1..39: 3-11,18-26,30-32,35-38"
sequence-gap,case,ДАПО-Р8097-1,"28 missing in 2..45: 4,7,9-12,15-20,24-28,30-35,39,41-44"
sequence-gap,case,ДАПО-Р8099-1,"21 missing in 1..34: 2,6-7,9-12,16-21,23-27,31-33"
sequence-gap,case,ДАПО-Р8111-1,"18 missing in 3..31: 6,8-12,15-17,19-22,25-29"
sequence-gap,case,ДАПО-Р8115-1,"23 missing in 2..38: 4-6,9-12,14-19,22-26,30-34"
sequence-gap,case,ДАПО-Р8118-1,"8 missing in 1..23: 3,6,9,12-13,16,18-19"
sequence-gap,case,ДАПО-Р8126-1,"141 missing in 3..176: 4-7,10-15,17-26,28-41,44-55,58-68,71-85,88-98,101-104,106-109,112-116,119-122,125-130,133-140,143-149,152-158,161-166,169-175"
sequence-gap,case,ДАПО-Р8134-1,"25 missing in 3..39: 4-10,13-15,18-21,25-29,32-37"
sequence-gap,case,ДАПО-Р8136-1,"29 missing in 1..42: 3-7,9-12,14-18,20-24,29-34,37-40"
sequence-gap,case,ДАПО-Р8140-1,"18 missing in 1..28: 3-4,6-8,10-13,15-16,18-20,23-26"
sequence-gap,case,ДАПО-Р8148-1,"22 missing in 3..34: 6-8,10-11,13-17,20-24,27-33"
sequence-gap,case,ДАПО-Р8160-1,"17 missing in 5..32: 6-8,10,12-14,17-18,21-23,26-30"
sequence-gap,case,ДАПО-Р8163-1,"23 missing in 2..36: 4-7,10-12,15-19,21-22,24-27,30-34"
sequence-gap,case,ДАПО-Р8164-1,"23 missing in 2..35: 4-6,9-11,13-15,18-21,24-29,31-34"
sequence-gap,case,ДАПО-Р8165-1,"17 missing in 3..29: 5,9-12,14,16-22,24-27"
sequence-gap,case,ДАПО-Р8167-1,"15 missing in 6..31: 7-9,12-14,17-19,22-24,27-29"
sequence-gap,case,ДАПО-Р8172-1,"125 missing in 1..155: 3-7,10-17,20-26,29-31,34-40,43-49,52-58,61-66,69-76,78-89,92-104,107-121,124-137,140-152"
sequence-gap,case,ДАПО-Р8173-1,"79 missing in 2..106: 3-4,6-7,9-12,14-18,20-23,25-29,31,33-36,39-41,44-50,53-58,61-64,67-73,76-83,86-93,96-104"
sequence-gap,case,ДАПО-Р8174-1,"120 missing in 7..161: 8-9,13-21,24-30,34-40,42,45-52,55-65,69-80,82-83,87-97,99,102-111,113,117-128,130,133-144,146,149-160"
sequence-gap,case,ДАПО-Р8175-1,"87 missing in 2..115: 3-5,7-10,12-15,18-22,25-28,31-38,41-48,51-59,62-71,74-81,84-89,92-96,99-102,105-113"
sequence-gap,case,ДАПО-Р8176-1,"54 missing in 3..73: 4-9,12-17,20-25,28-33,36-41,44-48,51-59,62-71"
sequence-gap,case,ДАПО-Р8180-1,"14 missing in 3..28: 5-6,9-10,12-13,16,19-21,23-24,26-27"
sequence-gap,case,ДАПО-Р8181-1,"83 missing in 3..106: 5-9,11-18,21-27,30-34,37-45,48-59,62-75,78-89,93-103"
sequence-gap,case,ДАПО-Р8183-1,"38 missing in 1..57: 2-5,8-12,15-19,22-24,27-31,35-42,45-50,53,56"
sequence-gap,case,ДАПО-Р8184-1,"25 missing in 1..39: 3-4,7-8,11-14,17-22,25-30,33-37"
sequence-gap,case,ДАПО-Р8185-1,"24 missing in 1..37: 3-5,7-10,13-16,19-22,25-28,31-35"
sequence-gap,case,ДАПО-Р8186-1,"26 missing in 1..41: 4-7,10-13,16-20,23-27,30-33,36-39"
sequence-gap,case,ДАПО-Р8238-1,"50 missing in 9..74: 11-14,17,19-33,37-43,46-51,54-62,65-72"
sequence-gap,case,ДАПО-Р8239-1,"21 missing in 2..32: 3-4,7-10,12-14,16-18,21-24,27-31"
sequence-gap,case,ДАПО-Р8244-1,"35 missing in 1..45: 2-6,8-15,18-25,28-35,38-43"
sequence-gap,case,ДАПО-Р8250-1,"7 missing in 1..17: 3-5,9-12"
sequence-gap,case,ДАПО-Р8254-1,"45 missing in 2..60: 3-4,6-7,9-10,12-20,22-24,27-36,39-44,46-53,56-58"
sequence-gap,case,ДАПО-Р8255-1,"13 missing in 4..26: 5-6,8-9,11-14,16-17,22-24"
sequence-gap,case,ДАПО-Р8256-1,"15 missing in 4..28: 5-8,10,13-15,17-19,22-23,25-26"
sequence-gap,case,ДАПО-Р8263-1,"29 missing in 6..46: 9-10,14-22,25-34,37-44"
sequence-gap,case,ДАПО-Р8265-1,"10 missing in 1..21: 2,4,7,9-12,16,18,20"
sequence-gap,case,ДАПО-Р8267-1,"83 missing in 1..109: 2,4-31,33-34,36,39-42,46-51,54-56,59-67,70-72,75-78,80-82,84-87,89-92,94-95,98-102,104-107"
sequence-gap,case,ДАПО-Р8269-2,"6 missing in 1..22: 7,14-15,18-20"
sequence-gap,case,ДАПО-Р8269-1,"133 missing in 3..171: 4-11,14-22,25-32,35-39,41,43-54,56,59-61,63-65,67-69,72-74,76-87,89-98,100-112,114-127,129-133,136-140,143-146,149-151,154-157,…"
sequence-gap,case,ДАПО-Р8282-1,"13 missing in 1..27: 2-3,6-7,10-11,14-15,19-20,22-23,26"
sequence-gap,case,ДАПО-Р8284-1,"11 missing in 3..23: 4-10,14-16,21"
sequence-gap,case,ДАПО-Р8285-1,"20 missing in 1..32: 2-3,5,7-9,12-13,16-17,20-22,24,26-31"
sequence-gap,case,ДАПО-Р8288-1,"7 missing in 2..17: 3,5,7-8,12,15-16"
sequence-gap,case,ДАПО-Р8289-1,"16 missing in 2..27: 3,5-7,9-11,14-15,18-21,24-26"
sequence-gap,case,ДАПО-Р8310-1,"27 missing in 1..46: 2,5-7,10-13,16-18,21,23-26,30-31,34,36-42,45"
sequence-gap,case,ДАПО-Р8312-1,"16 missing in 1..35: 7-9,14-15,19-22,26-32"
sequence-gap,case,ДАПО-Р8313-1,"26 missing in 1..46: 3,5-7,11-13,16-18,21,23-26,29,31-34,37,39-43"
sequence-gap,case,ДАПО-Р8314-1,"20 missing in 5..36: 8-11,14-17,20-23,26-29,31-34"
sequence-gap,case,ДАПО-Р8315-1,"30 missing in 3..49: 6-9,12-16,19-26,29-34,37,39-44"
sequence-gap,case,ДАПО-Р8316-1,"90 missing in 1..129: 2,4-8,11,13-18,21,24-31,35,37-47,51,53-62,67-75,80-87,92-99,103-111,115-120,123-127"
sequence-gap,case,ДАПО-Р8318-1,"25 missing in 1..50: 3,6-7,10-11,13,17-18,20,24-25,27-29,33-37,41-42,44-47"
sequence-gap,case,ДАПО-Р8319-1,"21 missing in 1..42: 6-9,12-14,17,19-20,22-23,26,28-31,35-36,38-39"
sequence-gap,case,ДАПО-Р8320-1,"36 missing in 1..63: 4,8-9,11-12,16-17,19-23,27-28,30-34,37-41,45-46,48-49,52,54-60"
sequence-gap,case,ДАПО-Р8322-1,"20 missing in 4..33: 6-8,11-15,18-21,24-31"
sequence-gap,case,ДАПО-Р8324-1,"12 missing in 4..30: 6-7,12-13,17-18,21-22,26-29"
sequence-gap,case,ДАПО-Р8326-1,"22 missing in 2..35: 4-6,9-10,12-13,16-19,22-26,29-34"
sequence-gap,case,ДАПО-Р8328-1,"15 missing in 1..29: 4-5,8-9,12,15-17,19-20,23-27"
sequence-gap,case,ДАПО-Р8330-1,"7 missing in 5..21: 9-10,13-15,18-19"
sequence-gap,case,ДАПО-Р8331-1,"68 missing in 1..95: 3-4,8-9,12-20,23-28,31-38,41,43-48,52-59,62,64-71,73-79,82-85,88-93"
sequence-gap,case,ДАПО-Р8332-1,"22 missing in 1..33: 2,4-5,7-10,13-15,18-23,26-31"
sequence-gap,case,ДАПО-Р8333-1,"26 missing in 1..36: 2,4-7,9,11-14,16-19,21-26,29-34"
sequence-gap,case,ДАПО-Р8335-1,"92 missing in 1..145: 4-8,11,13-20,24-29,33-41,44-50,53-56,58-63,66-68,70-73,77-85,88-92,96-99,103-105,111,114-115,117-118,121-122,124,127-129,…"
sequence-gap,case,ДАПО-Р8336-1,"17 missing in 3..32: 6-10,13,15-17,21-26,30-31"
sequence-gap,case,ДАПО-Р8437-1,"63 missing in 5..161: 9,14-18,23,26,32-37,51-60,64-74,79,91,93,95-97,100,106-107,110-124,126-127,134-135"
sequence-gap,case,ДАПО-Р8437-2,"15 missing in 1..25: 2-3,5,11-16,19-24"
sequence-gap,case,ДАПО-П459-1,"2199 missing in 1..2534: 7-43,47,52-72,78-99,108-145,153-168,173-174,176-177,180-215,217-224,226-249,251-284,286-324,326-343,345-381,383-426,428-471,477,479-485,488-517,…"
sequence-gap,case,ДАПО-П439-1,"1216 missing in 1..1379: 2-3,5-6,8-10,12-13,16-30,32-33,35-41,43-46,48-49,51-53,55-56,58-59,61-62,64-73,75-76,79-82,84,86-131,133-137,139-152,…"
sequence-gap,case,ДАПО-П464-1,"125 missing in 1..214: 6,12,17-19,35-40,51-52,61-64,72-88,91-100,108-119,124-135,139-152,160-162,165-176,182-191,195-212"
sequence-gap,case,ДАПО-Р8455-1,"236 missing in 1..316: 3-11,14-21,25-32,36-44,47-54,57-69,72-73,75-90,93-94,96-113,116,118-119,121-140,145-146,148-171,175-195,198-204,210-213,218-224,226,…"
sequence-gap,case,ДАПО-П421-1,"1309 missing in 1..1680: 12-44,46,48,51-52,54,56-98,101-124,126,128,130-132,135,137,139,141-142,144,146,149-150,152,154,156-157,…"
sequence-gap,case,ДАПО-П494-1,"138 missing in 2..250: 5,11-31,38-42,51-53,62-65,75-76,102-109,119-145,147,154-165,171-182,192-209,218-222,224-225,232-248"
sequence-gap,case,ДАПО-П507-1,"218 missing in 4..354: 5-6,10,14-17,19,22-23,27,29,33,37,41-55,71-87,90-91,94-95,109-129,134-177,180,183,193-207,209,212,…"
sequence-gap,case,ДАПО-П423-1,"833 missing in 354..1305: 383-469,472,483-600,602,604,606-608,610,612-614,618,625-746,750,764-792,799-800,810-860,873-944,951-982,989-1221,1228-1302"
sequence-gap,case,ДАПО-1-1,"2937 missing in 2..2965: 4-6,10-13,15-16,18,20-26,28-52,54-83,86-100,102-119,121-135,137-147,149-303,305-387,389-558,560-906,908-1076,1078-1487,1489-1818,1820-1859,1861-2656,…"
sequence-gap,case,ДАПО-2-1,"4180 missing in 2..4192: 3-9,11-13,16-29,31-43,45-55,57-189,191-201,203-612,614-4191"
sequence-gap,case,ДАПО-12-2,"4959 missing in 5..8008: 16,24-30,38,54-55,57-68,76-77,82-83,85-91,107,109,115-117,124,127-137,139-141,143-148,158,162-163,169,185,215,…"
sequence-gap,case,ДАПО-15-3,"8130 missing in 1..13448: 5,24,45,61,80,85,103,170-171,173,195,223,227,255,291,334-335,352,358,366,370,378,…"
sequence-gap,case,ДАПО-381-1,"379 missing in 7..478: 8-11,13-17,19-23,29,31-37,39-84,86-91,93-95,97-145,147-379,396,403-404,406,410,413,418,420,430-431,439,448,…"
sequence-gap,case,ДАПО-1189-1,"26 missing in 346..434: 348,358-359,361,365,368,371,373,375,377-379,383,385,388,393,398,401,405-406,411,420-421,426-427,431,…"
sequence-gap,case,ДАПО-1502-1,"410 missing in 4..591: 5,7-8,10-12,15,17-19,21,23-28,30-42,44-45,49,53,55-62,64-73,75,78,82-92,96-97,101-112,115,125-243,…"
sequence-gap,case,ДАПО-1502-3,79 missing in 199..366: 219-297
sequence-gap,case,ДАПО-2020-1,"1043 missing in 3..1786: 6,12,16,18-19,23,25,32,34,37,39-215,232,270,306,310-312,314-315,317-318,320,322,324-327,330-331,…"
sequence-gap,case,ДАПО-2034-1,"320 missing in 24..387: 25-39,41-42,44-51,53-67,69-70,72-83,85-114,125-138,140-239,246-343,347-349,353,356-357,359-363,365,367,369,371-372,374,376,…"
sequence-gap,case,ДАПО-2034-2,"49 missing in 9..67: 10,13-20,22-28,30-37,39-50,53-59,61-66"
sequence-gap,case,ДАПО-2038-4,"16 missing in 17..52: 18-22,24-26,29-32,41-44"
sequence-gap,case,ДАПО-2044-1,1 missing in 1..49: 45
sequence-gap,case,ДАПО-2046-1,"1056 missing in 20..1178: 24-35,41-54,63-80,86-170,172-188,207-275,305-1145"
sequence-gap,case,ДАПО-2046-3,"626 missing in 5..1145: 6-10,38,42,94,172,181-300,348,465,541-579,623,651-1105"
sequence-gap,case,ДАПО-2048-2,"4023 missing in 17..4116: 82-152,155-437,445-449,451-4114"
sequence-gap,case,ДАПО-2126-1,"678 missing in 40..905: 41-110,136-151,166-239,242-246,265,282,295,299,329,346,365,370,377-401,412-662,665-686,692-777,782-851,853-903"
sequence-gap,case,ДАПО-2293-1,"85 missing in 275..385: 286-320,334-336,338-384"
sequence-gap,case,ДАПО-2302-1,2 missing in 141..242: 223-224
sequence-gap,case,ДАПО-2314-1,16 missing in 1..62: 2-17
sequence-gap,case,ДАПО-2317-1,"25 missing in 16..50: 17-40,49"
sequence-gap,case,ДАПО-2341-1,"20 missing in 1..60: 2-16,18-20,22-23"
sequence-gap,case,ДАПО-2342-1,"18 missing in 2..32: 4-5,7-9,11,16-17,19-20,22-27,30-31"
sequence-gap,case,ДАПО-2361-1,"2 missing in 15..29: 24,28"
sequence-gap,case,ДАПО-2362-1,"11 missing in 1..22: 3,7-13,17,19,21"
sequence-gap,case,ДАПО-2549-1,1 missing in 11..23: 12
sequence-gap,case,ДАПО-2640-1,"12 missing in 1..22: 3,5-7,9,11,13,15,17-18,20-21"
sequence-gap,case,ДАПО-3508-1,"137 missing in 52..249: 53-58,61-68,70-72,77-91,93-101,103-106,108-112,114-120,123-131,133-141,143,145,148,150-169,171-183,186,188,190-196,199-213,224,…"
sequence-gap,case,ДАПО-3872-1,345 missing in 331..752: 374-718
sequence-gap,case,ДАПО-4901-22,1 missing in 1..466: 356
sequence-gap,case,ДАПО-9106-1,"142347 missing in 345..144688: 348,350-351,355-358,360-361,364-365,367-369,372-373,375-376,378,381,384,387-390,399-401,406,411-413,415-416,419,424,428,431,…"
sequence-gap,case,ДАПО-19021007-10,1 missing in 10..31: 27
sequence-gap,case,ДАПО-БІБЛ-1,"87015 missing in 803..88042: 804-3696,3699-4308,4310,4312,4314,4317,4320-4324,4326-4340,4342-5215,5224-6631,6633-8032,8035,8037,8040,8043,8046,8048-8050,8053-8054,8059,8062,…"
sequence-gap,case,ДАПО-П1-1,"44 missing in 5..121: 6,15-18,20,24,26,30-31,35,39-43,45-46,52-55,58-59,61,63,66-70,73-74,78-80,93,96,115-120"
sequence-gap,case,ДАПО-П10-1,"20 missing in 1..291: 2,4,15,54,172-173,175-176,182-184,227,235,237,239,269,271,274,276,278"
sequence-gap,case,ДАПО-П113-1,"31 missing in 5..163: 7,9-11,30,33,39-41,43,46,53,55,57,61,63,67,92,94,97,99,103,105,109-111,…"
sequence-gap,case,ДАПО-П114-1,"23 missing in 2..60: 3,10-14,22-26,30,32-33,35-38,41,47,49,53,56"
sequence-gap,case,ДАПО-П116-1,1 missing in 1..11: 3
sequence-gap,case,ДАПО-П12-2,"5855 missing in 127..8017: 132-134,138,142,148-827,829-836,838-856,859,862-864,866-868,870-871,875-878,897-900,912,921,925-927,938-942,945-950,979-1256,1343-1559,1561-1582,…"
sequence-gap,case,ДАПО-П12-8,1 missing in 21..36: 35
sequence-gap,case,ДАПО-П12-9,1 missing in 58..76: 61
sequence-gap,case,ДАПО-П12-10,"46 missing in 52..178: 79-96,125-152"
sequence-gap,case,ДАПО-П12-11,1 missing in 29..50: 38
sequence-gap,case,ДАПО-П12-1,"460 missing in 1..770: 2-3,5-8,10-14,27-29,31-35,42-43,45,47-48,61,114-119,126-128,155,160-162,173-183,192,195,197,199-206,208,212-217,…"
sequence-gap,case,ДАПО-П15-1,"92 missing in 1..434: 5-10,31-35,38,42-43,45,74,95-104,110,112-113,119,152-159,161,164,166-167,193-197,205-206,215,220,254-270,315,…"
sequence-gap,case,ДАПО-П15-2,"16272 missing in 1..16406: 2-10,12-25,29-34,36-45,51-68,73-77,79-82,84-88,90-95,108-110,112-118,120-125,128-129,131-136,138-172,195-201,204-219,224-226,232-251,253-302,…"
sequence-gap,case,ДАПО-П15-3,"133938 missing in 2849..148807: 2850-2851,2855-2857,2860,2862,2866,2872,2874-2877,2880-2891,2893-2895,2898-2903,2905-2906,2908-2953,2956-2962,2967,2971-2972,2975-2979,2983,2992-2999,3002,3006-3072,…"
sequence-gap,case,ДАПО-П15-5,"2 missing in 1..3526: 1333,1497"
sequence-gap,case,ДАПО-П15-8,"4 missing in 1..596: 254,269-270,595"
sequence-gap,case,ДАПО-П15-22,"2 missing in 1..86: 6,30"
sequence-gap,case,ДАПО-П15-29,"2 missing in 1..144: 18,52"
sequence-gap,case,ДАПО-П15-36,"2 missing in 1..423: 284,397"
sequence-gap,case,ДАПО-П15-37,"3 missing in 1..291: 6,81,86"
sequence-gap,case,ДАПО-П16-1,"29 missing in 1..117: 15-17,20-21,26-27,32,37-38,40-41,43,56-59,65-70,85-88,90-91"
sequence-gap,case,ДАПО-П18-2,"2977 missing in 49..3170: 51,55-59,61,64-67,69-78,80-95,98-115,117-143,145-214,216-361,363-364,366-373,375,378,380,383-400,402-500,502-532,534-538,540,…"
sequence-gap,case,ДАПО-П18-5,"70 missing in 423..511: 424-430,433-437,439-440,442-449,451-452,454-467,469-475,478-479,481-485,490-502,504-506,508-509"
sequence-gap,case,ДАПО-П18-6,"44 missing in 350..410: 353-355,357-364,366-367,369-372,376-382,384-385,387-396,398-400,403-405,407-408"
sequence-gap,case,ДАПО-П18-7,"63 missing in 371..463: 372-374,376-377,379-382,386-388,390-391,393,396-397,399-403,407-409,411-416,418,420,422,424-425,427-428,431-445,448,450-451,453-456,460-462,…"
sequence-gap,case,ДАПО-П18-8,"345 missing in 231..658: 233,235,237-242,244-245,247-251,255-256,258-265,269-270,274,277-284,286-288,291-294,297-302,304,306-309,311-312,314,316-319,323-548,550-555,…"
sequence-gap,case,ДАПО-П18-9,"1115 missing in 268..1559: 269,271-276,278-282,285-292,294,296-299,301-306,311-312,314,318-321,323-326,328-333,335-337,344-345,347-351,353-355,357,359,361-363,366-367,…"
sequence-gap,case,ДАПО-П18-10,"53 missing in 202..285: 204-205,209-210,215-219,221-222,224-226,228-229,231-234,239-241,244-246,248-251,254-255,257-260,263-269,271,275-278,280-284"
sequence-gap,case,ДАПО-П18-11,"109 missing in 226..367: 227-267,269-271,274,279-282,285-290,292-294,296-299,301,303-304,308-309,311,315,317-318,320-321,323,326-328,330,333-336,338-353,355-365,…"
sequence-gap,case,ДАПО-П18-13,"93 missing in 192..320: 193-196,200,202-206,208-220,222-226,228-229,232-237,240,243-244,246-258,260,262,264-266,268-270,273-280,282-285,288-289,291-294,296-300,302,…"
sequence-gap,case,ДАПО-П18-15,"109 missing in 227..354: 228,230-235,237-238,240-249,251-254,256-258,260,262-264,266-269,271,273-286,289-292,294-309,311-332,334-341,343-349,351-353"
sequence-gap,case,ДАПО-П18-17,"86 missing in 261..374: 263-275,277-278,280,282-284,286-288,290,292-293,297,299,304-329,331-335,339-341,343-349,351-355,358-359,361-362,364-367,369-373"
sequence-gap,case,ДАПО-П18-19,"126 missing in 239..379: 240-271,273-276,278-288,290,292-293,295-329,331-341,343-344,346-356,358-365,367-368,370-371,373-374,376-378"
sequence-gap,case,ДАПО-П18-21,"98 missing in 250..373: 251-256,258,260-266,269,271-283,286-290,292-296,298-301,303-305,307-310,312-320,322-327,329-331,333-334,336-337,339-342,344,346-347,350-353,355-356,…"
sequence-gap,case,ДАПО-П18-23,"107 missing in 245..377: 246-249,251-261,263-268,270,272,275-285,287-288,290-291,293-300,302-304,306-310,312-315,317-332,334-336,338-347,349-353,355-357,361-364,366-368,371-375,…"
sequence-gap,case,ДАПО-П18-25,"123 missing in 254..401: 255-263,265-266,268-271,273,276-289,291-304,306,308-312,315-323,328-335,337-339,342-346,348-352,354-368,370-380,382,384-397,399-400"
sequence-gap,case,ДАПО-П18-27,"106 missing in 241..370: 243-246,248,250-261,263-268,271-275,277-286,288-294,296-297,299-302,304-307,309,312-316,318-320,322-341,343-349,351-354,356-358,360-361,363-366,368-369,…"
sequence-gap,case,ДАПО-П18-29,"71 missing in 220..322: 221-231,233,235-238,241,243-246,248-252,254-257,259-263,265-267,270-274,277-281,283,285-286,288-289,292-296,298-299,301,303-304,306,308,…"
sequence-gap,case,ДАПО-П19-2,"5535 missing in 1..5868: 2-4,6-47,49-53,55,57-66,68-69,75-87,89-102,104-105,107-113,117-124,126-131,134,136,138-140,143-148,155-169,171-173,175-177,179-181,…"
sequence-gap,case,ДАПО-П19-7,"449 missing in 150..609: 151-486,488-497,499-501,503-546,548-551,553-573,575-588,591-597,599-608"
sequence-gap,case,ДАПО-П19-8,"71 missing in 410..494: 411-414,416-421,423-429,431-437,441,443-445,447-465,467-477,479-480,482-492"
sequence-gap,case,ДАПО-П19-9,"102 missing in 507..627: 508-519,521,523-533,535-542,544-547,549-552,554-562,564,567-568,571-585,587,591-617,620-626"
sequence-gap,case,ДАПО-П19-10,"595 missing in 327..973: 328,331-340,342,344-350,352-353,355-361,363,365-373,375-389,391,393,395-396,398-400,402-408,410-414,417-420,422-443,445-833,838-839,841-855,…"
sequence-gap,case,ДАПО-П19-11,"1395 missing in 443..2013: 445,447-450,452-461,463-466,468-477,479-483,485,487-490,494-502,504-505,508,510-512,515,517-522,524-529,531,533,535,537-538,541-542,…"
sequence-gap,case,ДАПО-П19-12,"75 missing in 339..441: 340-344,349-352,354-355,357-364,366-370,373-376,378-382,384,386,388-395,397-399,401,403-409,411-412,416-418,421-427,429-431,433,435-436,438-440,…"
sequence-gap,case,ДАПО-П19-13,"99 missing in 321..444: 322-324,326-334,337-341,343-357,360,363-364,367-376,378-381,383-391,393-400,402-403,405-407,410,412-420,424-430,432-441,443"
sequence-gap,case,ДАПО-П19-15,"104 missing in 318..452: 319,321-323,325,327-328,330-331,333-335,337-343,345-346,348,350-351,353-362,366-370,372-376,378-379,382-385,387-391,393-397,400-401,403-408,410-417,…"
sequence-gap,case,ДАПО-П19-17,"98 missing in 289..410: 290-293,295-301,303-312,314-316,318-322,324-327,329-334,338,340,342-343,345-357,359,361-369,371,373-376,378-382,384-392,395-396,398-399,401-409,…"
sequence-gap,case,ДАПО-П19-19,"81 missing in 280..392: 282,284-288,290-296,298-305,307-308,310,312-317,319-328,334-335,337,339-340,342-343,348,350-359,363-368,370,372-375,377-380,382-386,388-389,…"
sequence-gap,case,ДАПО-П19-21,"122 missing in 324..462: 325-344,346-354,356-358,360,362-377,379-387,389,391-393,395-413,415-419,421-428,430-432,434-438,441-457,459-461"
sequence-gap,case,ДАПО-П19-23,"81 missing in 303..401: 304,307,309,311-322,324,326-328,330,334-351,354-355,357-362,364-367,369-388,390-400"
sequence-gap,case,ДАПО-П19-25,"86 missing in 314..416: 315,317-318,320-321,323-341,343-348,350-361,365-388,390-394,396-398,400-405,407-408,410-411,414-415"
sequence-gap,case,ДАПО-П19-27,"72 missing in 354..438: 355-365,367-373,375,377,379-387,389-397,399-407,409-419,421,423,425-433,435-437"
sequence-gap,case,ДАПО-П19-29,"73 missing in 326..409: 327-338,340-349,351-364,366-368,370-385,387-393,395-397,399-403,405-407"
sequence-gap,case,ДАПО-П19-31,"80 missing in 316..425: 317-326,329-338,340-341,343-352,354-358,362-364,366,369-373,377-382,384-387,391-393,395,397-405,408-409,412-418,420,423"
sequence-gap,case,ДАПО-П2-1,1 missing in 1..104: 14
sequence-gap,case,ДАПО-П2-2,"52 missing in 1..6931: 65,68,83,87,221,250,545,633,727,781,1101-1110,1312,1324,1462,1609,1910-1919,1997,2171,2385,2733,…"
sequence-gap,case,ДАПО-П20-2,"7 missing in 1..204: 46-47,57-58,100,144,152"
sequence-gap,case,ДАПО-П20-8,24 missing in 17..62: 29-52
sequence-gap,case,ДАПО-П20-9,"41 missing in 48..123: 60-79,94-114"
sequence-gap,case,ДАПО-П21-2,"884 missing in 1..1895: 2-3,5,8,10-12,14-16,21,23-26,28-31,40-54,68-70,85,87,89-90,93-94,97-98,103-107,110-113,117-127,138-145,152,…"
sequence-gap,case,ДАПО-П21-4,78 missing in 16..161: 56-133
sequence-gap,case,ДАПО-П21-5,78 missing in 14..187: 88-165
sequence-gap,case,ДАПО-П21-6,15 missing in 14..293: 124-138
sequence-gap,case,ДАПО-П21-7,"59 missing in 13..597: 153-165,317-331,463-493"
sequence-gap,case,ДАПО-П21-23,1 missing in 1..103: 94
sequence-gap,case,ДАПО-П21-1,"193 missing in 1..348: 48,50,52-54,56,59-61,63-66,69-71,74,76-77,79-91,94-95,97,108-110,113,115,117-118,121-128,132-133,135-142,147,…"
sequence-gap,case,ДАПО-П22-2,"597 missing in 1..1287: 4-10,12,14,33-50,58-59,64,68,71,75,78-82,86-87,91-94,108-115,120-122,125,128,130,133,135-136,139-140,…"
sequence-gap,case,ДАПО-П22-1,"293 missing in 3..400: 7,9-13,15,17-19,21,26,30-34,42,45-46,48-50,55,58,62-67,70-73,75,77,79-81,83-84,87-89,92,…"
sequence-gap,case,ДАПО-П23-2,"1220 missing in 2..2777: 5,9,12-23,26-28,30-31,33,37,42-47,51,53,55,58,62,68-69,72,76,78,80-81,83,87-89,…"
sequence-gap,case,ДАПО-П23-3,139 missing in 21..447: 186-324
sequence-gap,case,ДАПО-П23-4,"59 missing in 20..337: 174-231,271"
sequence-gap,case,ДАПО-П23-5,105 missing in 14..276: 70-174
sequence-gap,case,ДАПО-П23-6,109 missing in 16..306: 121-229
sequence-gap,case,ДАПО-П23-7,20 missing in 18..445: 222-241
sequence-gap,case,ДАПО-П23-8,"101 missing in 17..857: 216-240,410-447,635-672"
sequence-gap,case,ДАПО-П23-14,1 missing in 1..163: 149
sequence-gap,case,ДАПО-П23-30,"2 missing in 1..197: 111,190"
sequence-gap,case,ДАПО-П23-34,1 missing in 1..169: 49
sequence-gap,case,ДАПО-П23-1,"306 missing in 1..577: 120,127-130,132-136,139,141,144,149,151,155-160,165,167-170,172-178,185-188,191-204,207-208,210,214-217,221-222,225-235,237-238,…"
sequence-gap,case,ДАПО-П240-2,"5 missing in 1..1020: 57,71,100,150,600"
sequence-gap,case,ДАПО-П240-3,1 missing in 1..128: 121
sequence-gap,case,ДАПО-П25-2,"469 missing in 1..1007: 3,6-8,10-11,14,31-36,39-62,66-68,74-75,79,82,88-89,91,93-94,97,103-104,106,108-115,120,123-125,127,…"
sequence-gap,case,ДАПО-П25-4,"197 missing in 1..428: 2-3,22-27,29-31,33-38,40-41,44-49,60-69,81-94,96,99-101,138-174,182-192,207-225,227,233-240,247-248,250-254,315-323,332,341-357,…"
sequence-gap,case,ДАПО-П25-5,"181 missing in 19..415: 205-340,342-368,370-387"
sequence-gap,case,ДАПО-П25-6,"96 missing in 17..354: 222-279,281-300,302-319"
sequence-gap,case,ДАПО-П25-7,"179 missing in 26..312: 107-132,134-137,139-146,149-150,152-170,172-211,213-265,281-307"
sequence-gap,case,ДАПО-П25-8,"145 missing in 22..385: 188-305,307-321,323-334"
sequence-gap,case,ДАПО-П25-9,22 missing in 16..440: 247-268
sequence-gap,case,ДАПО-П25-10,"60 missing in 18..779: 198-214,325,379-395,581-605"
sequence-gap,case,ДАПО-П25-14,"3 missing in 1..166: 133,154,162"
sequence-gap,case,ДАПО-П25-16,"2 missing in 1..186: 150,185"
sequence-gap,case,ДАПО-П25-36,1 missing in 1..165: 118
sequence-gap,case,ДАПО-П25-1,"142 missing in 1..242: 24-30,34-35,39,45-47,49,51,55,58,60,64-66,68,71,73-81,84-85,88,90-91,93,99-102,104-105,107-108,…"
sequence-gap,case,ДАПО-П256-1,"2 missing in 1..15: 8,14"
sequence-gap,case,ДАПО-П26-4,90 missing in 1..253: 91-180
sequence-gap,case,ДАПО-П26-1,"149 missing in 2..264: 3,7,11-12,17-19,22-26,28-30,32,35-36,39,41-44,47-48,51,53-56,61-64,69-70,72-75,79-80,85-86,88,92-96,…"
sequence-gap,case,ДАПО-П26-3,"31 missing in 1..54: 8,10-15,17-21,26-32,34-37,43-50"
sequence-gap,case,ДАПО-П27-2,"936 missing in 1..1932: 2-8,10,13-15,18-22,24,27-28,31-32,37,56-70,72-78,90-97,99-100,119-122,126,132-134,136-142,145-147,158-161,165-166,171-174,…"
sequence-gap,case,ДАПО-П27-5,124 missing in 20..243: 63-186
sequence-gap,case,ДАПО-П27-6,131 missing in 16..325: 142-272
sequence-gap,case,ДАПО-П27-7,21 missing in 20..360: 170-190
sequence-gap,case,ДАПО-П27-8,"65 missing in 19..661: 173-192,337-359,514-535"
sequence-gap,case,ДАПО-П27-20,1 missing in 1..127: 91
sequence-gap,case,ДАПО-П27-1,"212 missing in 1..318: 11-13,15,18-19,21-25,27-28,33-40,43,46,48-55,57,60,62,64-76,79-81,83,87-92,94-95,98-99,101,104,…"
sequence-gap,case,ДАПО-П28-2,"617 missing in 2..1382: 4,9-11,15-16,20-36,39-41,45-46,52-54,66-73,75-77,79,83,89-92,105,110,112-113,122-123,125-128,134-140,146-147,150,…"
sequence-gap,case,ДАПО-П28-4,"106 missing in 1..227: 7-9,16-20,22,26,34,36-43,48,50,53,57,61,63-66,69,75,78,82-84,88-91,93,95-96,100-102,…"
sequence-gap,case,ДАПО-П28-5,84 missing in 12..211: 118-201
sequence-gap,case,ДАПО-П28-6,"43 missing in 16..209: 102-129,131-145"
sequence-gap,case,ДАПО-П28-7,51 missing in 17..148: 38-88
sequence-gap,case,ДАПО-П28-8,64 missing in 16..162: 62-125
sequence-gap,case,ДАПО-П28-9,"26 missing in 21..237: 89,112-134,207,221"
sequence-gap,case,ДАПО-П28-10,"65 missing in 21..432: 112-131,245-267,357-378"
sequence-gap,case,ДАПО-П28-12,1 missing in 29..95: 79
sequence-gap,case,ДАПО-П28-1,"206 missing in 1..341: 12,14,16,18,20-21,23-29,47-48,50-54,65-69,71,73-77,82-83,86,88,90,92,94,97,99-100,103-104,…"
sequence-gap,case,ДАПО-П35-2,"1591 missing in 2..3187: 5,7-9,11,16-17,19-20,22,25-26,30,34,37-40,43-44,46-47,51,57-59,63-69,74-82,84,88,90-91,94-95,…"
sequence-gap,case,ДАПО-П35-3,1 missing in 1..525: 524
sequence-gap,case,ДАПО-П35-4,"77 missing in 25..338: 202-277,282"
sequence-gap,case,ДАПО-П35-5,"33 missing in 19..217: 114-138,140-147"
sequence-gap,case,ДАПО-П35-6,81 missing in 16..184: 54-134
sequence-gap,case,ДАПО-П35-7,"86 missing in 17..219: 105-166,168-191"
sequence-gap,case,ДАПО-П35-8,15 missing in 17..256: 131-145
sequence-gap,case,ДАПО-П35-9,"69 missing in 20..565: 128-146,257-278,414-441"
sequence-gap,case,ДАПО-П35-15,1 missing in 1..134: 120
sequence-gap,case,ДАПО-П35-17,1 missing in 1..139: 127
sequence-gap,case,ДАПО-П35-19,1 missing in 1..179: 125
sequence-gap,case,ДАПО-П35-21,"1112 missing in 1..1343: 125-1157,1160,1166-1169,1171-1177,1180-1183,1192-1193,1197-1203,1212-1215,1221,1231-1233,1236,1238,1242,1246,1249,1251,1268-1280,1282-1284,1299,1301,…"
sequence-gap,case,ДАПО-П35-1,"237 missing in 2..338: 7-12,14,19-42,45-49,57-60,63,65-66,69,73-78,81-82,85-86,88,90-91,93-94,97-99,102,104-107,110-114,117-120,122-127,…"
sequence-gap,case,ДАПО-П36-2,"573 missing in 1..1258: 2-3,5,7-8,27-47,56-57,62-65,68-69,73,77-79,87-89,92,97-98,100-103,109-110,118-122,127-132,134-136,141-143,148-151,156-157,…"
sequence-gap,case,ДАПО-П36-4,"143 missing in 1..309: 2,8-10,16-21,23,29-32,34-36,39,44-49,53,55-59,65,67-68,70,72-73,75,78,81,83,85-88,91-94,…"
sequence-gap,case,ДАПО-П36-1,"214 missing in 1..307: 2,6-11,13-17,22,24-26,28,31-32,35-36,39,41-43,46-47,49-51,54-57,60,62-63,65-72,75-91,95-108,112-114,117,…"
sequence-gap,case,ДАПО-П37-1,"252 missing in 1..364: 2,4,9,11-12,16-17,20,22-23,33-45,48-52,54-58,61-68,70,72-81,83,85-87,89-91,94-96,99,102-103,107-108,…"
sequence-gap,case,ДАПО-П37-2,"714 missing in 1..1452: 2-4,7,12-15,17-18,24-45,49-54,62-63,73-74,82-87,94-95,97-98,101-103,109-112,126-141,153-155,162,166-167,169-170,172,174,…"
sequence-gap,case,ДАПО-П37-3,"191 missing in 1..444: 4-5,12,16-17,23-28,31-32,35-36,38,40-43,53-55,58,61-69,82-86,89-93,101-102,107-109,112,114-119,127-128,138,144,…"
sequence-gap,case,ДАПО-П37-5,"150 missing in 15..355: 178-247,249-328"
sequence-gap,case,ДАПО-П37-6,"59 missing in 18..299: 186-200,202,204,206-216,218-230,232-235,237-250"
sequence-gap,case,ДАПО-П37-7,"134 missing in 15..268: 81-213,260"
sequence-gap,case,ДАПО-П37-8,"132 missing in 17..328: 158-288,318"
sequence-gap,case,ДАПО-П37-9,22 missing in 20..368: 184-205
sequence-gap,case,ДАПО-П37-10,"60 missing in 21..624: 162-181,343-365,509-525"
sequence-gap,case,ДАПО-П37-12,1 missing in 24..125: 63
sequence-gap,case,ДАПО-П37-24,1 missing in 1..136: 102
sequence-gap,case,ДАПО-П38-1,"178 missing in 4..275: 5-7,10,12,15-16,18-19,23,27-28,32-34,37,39-40,42-43,45,47-55,58-61,63-71,74-87,90-91,94-103,106-109,111-113,…"
sequence-gap,case,ДАПО-П38-2,"1145 missing in 20..1305: 21-44,46-89,104-105,107-112,114-134,136-157,160-172,174-181,183-240,242-279,281-289,293-294,296-297,303-340,342-343,345-352,355-357,359-361,363-372,377-394,…"
sequence-gap,case,ДАПО-П38-10,"456 missing in 92..601: 93,95-99,101-106,109-111,113-238,241-251,253-285,287-291,314-387,389-390,393-396,398-405,407-412,414-415,417-419,421-428,430-438,440-441,443-446,450-540,…"
sequence-gap,case,ДАПО-П38-26,"19 missing in 69..101: 70-72,74-75,77-78,81-89,91,93,98"
sequence-gap,case,ДАПО-П38-30,"30 missing in 75..120: 76-80,84,87,89-94,96-99,103-108,110-112,114-117"
sequence-gap,case,ДАПО-П4-1,"48 missing in 2..82: 4-8,16,18,21,25,28,30,32-35,37,39,41-44,46-51,53,56-63,66,68-71,73,75-79,81"
sequence-gap,case,ДАПО-П4-2,"3 missing in 1..1285: 564,900,1115"
sequence-gap,case,ДАПО-П40-1,"215 missing in 2..333: 3-4,22,25,28-33,35,37-38,40-41,43,45-48,50-54,59,61,65,68-72,74-78,81,83-86,88-93,95-97,102-107,…"
sequence-gap,case,ДАПО-П40-2,"656 missing in 1..1405: 2-4,6,13,16-23,34-47,52-54,58-62,69,76-79,89-104,129-135,138,144-150,154-155,159-160,166-167,170-171,175-176,193-213,223-224,…"
sequence-gap,case,ДАПО-П40-4,"186 missing in 1..437: 55,62-153,274-323,377-419"
sequence-gap,case,ДАПО-П40-6,112 missing in 39..219: 71-182
sequence-gap,case,ДАПО-П40-7,114 missing in 26..321: 132-245
sequence-gap,case,ДАПО-П40-8,25 missing in 21..288: 148-172
sequence-gap,case,ДАПО-П40-9,"83 missing in 28..422: 120,122-147,209-233,328-358"
sequence-gap,case,ДАПО-П41-1,"181 missing in 1..285: 6,8-12,15-18,20-21,24-27,30,34,37-38,41,44,49,51,53-55,57-63,65-67,69,71-72,76-83,86-87,89-94,…"
sequence-gap,case,ДАПО-П41-2,"693 missing in 1..801: 2-29,31,34-54,56-62,65-67,69-73,75-93,98-101,104-107,110-129,131-145,149-161,163-200,202-217,219-243,245-250,254,260-272,275-280,282,…"
sequence-gap,case,ДАПО-П41-4,"161 missing in 22..200: 23-70,72-74,76-78,81-131,134-143,145-147,149-159,161-166,168-170,173-178,180-183,185-197"
sequence-gap,case,ДАПО-П41-6,"38 missing in 96..144: 97,99-101,103-108,110-111,113-119,122,124-126,128-138,140-143"
sequence-gap,case,ДАПО-П41-7,"76 missing in 89..178: 91-102,105-118,120-130,132-138,140-142,144-147,149,152-167,169-171,173-177"
sequence-gap,case,ДАПО-П41-10,"263 missing in 70..367: 71-73,75,77-104,106-159,162-163,165-168,170-171,174-183,185-187,189-255,257-260,264,266-267,270,272-275,279-280,282-283,285,287-289,291-292,…"
sequence-gap,case,ДАПО-П41-20,"29 missing in 38..82: 39-46,48-53,55-56,58,60-61,64,66-68,70-71,75,79-81"
sequence-gap,case,ДАПО-П41-24,"32 missing in 40..81: 41-50,53,55-63,65,67-75,78-79"
sequence-gap,case,ДАПО-П41-30,"26 missing in 42..79: 43-45,47-49,51-52,54-55,57,59-66,68-69,72-74,76,78"
sequence-gap,case,ДАПО-П42-1,"137 missing in 1..208: 2-7,10-13,15,17-20,25,27-30,32-33,36-37,39,41-47,49,52-54,56-61,64-66,68,70-72,75-76,78-79,81-88,90-93,…"
sequence-gap,case,ДАПО-П42-2,"842 missing in 8..1063: 9-25,30,37-41,43-91,93,96-103,109-129,133-148,161-173,175-197,199-213,216-231,244-279,281-285,289-294,300-318,322-334,336-348,368-370,375-390,…"
sequence-gap,case,ДАПО-П43-1,"249 missing in 1..353: 3-5,10-15,17-21,23,27-28,37-48,51-59,63,65-68,70-73,77-80,82,84-86,91-95,97-98,100-109,116-119,122-124,128-130,132-140,…"
sequence-gap,case,ДАПО-П43-2,"2011 missing in 1..2738: 4-5,7,14-17,19-67,69-122,124-156,161,164,176,180-182,185-215,231-235,247-275,289-297,299-301,304,307,317-420,422-426,429-430,…"
sequence-gap,case,ДАПО-П43-6,"17 missing in 244..275: 246,248-249,251-252,254,256,259,261-262,265-266,268-270,272-273"
sequence-gap,case,ДАПО-П43-7,"22 missing in 172..205: 173,175,178-184,186-188,190-191,194,196-199,201-203"
sequence-gap,case,ДАПО-П43-8,"13 missing in 231..253: 233,235,237,239,241,243-245,248-252"
sequence-gap,case,ДАПО-П43-9,"173 missing in 131..332: 132-133,135-141,143,145-149,151,153,155-161,166-168,170-171,173-174,176-179,183,185-186,188-311,313,315-317,319,322-325,327,331,…"
sequence-gap,case,ДАПО-П43-10,"431 missing in 124..669: 128-137,139,141,145-146,148-150,153,157-161,165-168,170-260,263,265-267,270,272-276,278-280,282-283,286,288-290,292-296,298-301,303-305,…"
sequence-gap,case,ДАПО-П43-11,"31 missing in 100..145: 102,104-105,108-110,113-114,116-122,124,126-130,132-134,136-137,139-141,143-144"
sequence-gap,case,ДАПО-П43-12,"24 missing in 105..141: 106,108,110-112,114,116-117,119-122,124-125,127-128,131-135,137-138,140"
sequence-gap,case,ДАПО-П43-16,"32 missing in 80..131: 81-82,85,87-88,91-93,95-97,100-103,105-108,110-111,114-119,121-122,125,127,130"
sequence-gap,case,ДАПО-П43-28,"29 missing in 102..146: 104,108-112,116-122,124-133,136-138,142-144"
sequence-gap,case,ДАПО-П43-30,"45 missing in 113..181: 114-119,121-124,126-127,132-138,141-142,144,150-154,158-166,168,170,173-179"
sequence-gap,case,ДАПО-П44-2,"1595 missing in 1..3148: 3-5,13-15,17,20,22,24,32-42,50-55,61-67,70-75,86-92,98-106,113-115,122-123,132,135-136,148,153-161,166-196,198-200,…"
sequence-gap,case,ДАПО-П44-4,"280 missing in 8..614: 18-40,64-73,83-105,131-147,168-169,173-174,177-180,185-188,198-203,205-241,284,297-314,317,319,336-353,369,372-380,390-392,401-419,444-448,…"
sequence-gap,case,ДАПО-П44-5,185 missing in 24..496: 269-453
sequence-gap,case,ДАПО-П44-6,61 missing in 17..285: 216-276
sequence-gap,case,ДАПО-П44-7,121 missing in 15..208: 73-193
sequence-gap,case,ДАПО-П44-8,161 missing in 17..308: 131-291
sequence-gap,case,ДАПО-П44-9,"20 missing in 18..516: 185,225-243"
sequence-gap,case,ДАПО-П44-10,"71 missing in 20..1052: 231-248,534-557,833-861"
sequence-gap,case,ДАПО-П44-16,1 missing in 1..262: 212
sequence-gap,case,ДАПО-П44-18,1 missing in 1..221: 188
sequence-gap,case,ДАПО-П44-1,"309 missing in 1..407: 2,7-11,15-17,24-34,39,47,49-52,55-64,69-78,104-110,112-134,137,143-155,160-168,172-180,184-201,203-217,220,222-239,243-294,…"
sequence-gap,case,ДАПО-П45-1,"264 missing in 1..358: 3,6-8,11,13-14,16,19,21-31,34-42,44-45,51-53,55-58,61-66,68,70-73,75-87,89-92,94-97,100-110,112-115,118-125,…"
sequence-gap,case,ДАПО-П45-2,"480 missing in 2..829: 6-7,9-10,13-15,18-21,25-26,31,33,40,42,44,48-49,55,58-65,72-73,75,81-84,86-87,92,95-96,99,…"
sequence-gap,case,ДАПО-П45-4,"65 missing in 1..183: 2,5,9-11,17,20-22,27,31,33-34,37-38,40-41,43-44,48,53-56,59,62,64-68,70-72,74,76-78,81,…"
sequence-gap,case,ДАПО-П45-6,55 missing in 11..108: 25-79
sequence-gap,case,ДАПО-П45-7,58 missing in 16..177: 70-127
sequence-gap,case,ДАПО-П45-8,"17 missing in 20..208: 93,95-110"
sequence-gap,case,ДАПО-П45-9,"66 missing in 20..349: 76-96,181-201,277-300"
sequence-gap,case,ДАПО-П45-11,1 missing in 24..97: 85
sequence-gap,case,ДАПО-П45-15,1 missing in 1..73: 61
sequence-gap,case,ДАПО-П46-2,"1157 missing in 1..2865: 2-4,6-7,13,19-22,26,29-30,34,37,40,43-45,50-56,58-62,66-71,74-77,85-89,95-98,102,104,106,116,…"
sequence-gap,case,ДАПО-П46-4,212 missing in 21..529: 292-503
sequence-gap,case,ДАПО-П46-5,98 missing in 13..438: 284-381
sequence-gap,case,ДАПО-П46-7,"121 missing in 14..294: 114-233,269"
sequence-gap,case,ДАПО-П46-8,122 missing in 15..347: 131-252
sequence-gap,case,ДАПО-П46-9,18 missing in 17..498: 217-234
sequence-gap,case,ДАПО-П46-10,"59 missing in 19..837: 215-232,420-437,623-645"
sequence-gap,case,ДАПО-П46-1,"343 missing in 1..496: 18,21,23-28,31-39,45-46,48,50-51,55-57,59-70,77-84,86-88,106-107,113,118-125,127-131,133-138,147,157-170,182-202,212-226,…"
sequence-gap,case,ДАПО-П47-1,"188 missing in 1..291: 2-3,5,7-8,10-15,20,22-25,27,29-33,35,39-43,45-46,49-50,53,57-65,72-73,77-79,82-87,90-94,97-100,102-104,…"
sequence-gap,case,ДАПО-П47-2,"1024 missing in 15..1283: 16-17,19-20,22,24,27-35,37-48,50-58,60-63,65,67,69-70,72-97,99-124,126,128,131-134,136,142-151,153,155,…"
sequence-gap,case,ДАПО-П48-1,"277 missing in 1..421: 7-9,17,29,33,36,39,45,47,50-58,61-63,65-71,73-74,76-78,81-82,85-94,97,99-100,103-104,106,109-116,…"
sequence-gap,case,ДАПО-П48-2,"964 missing in 1..2142: 3-4,11-12,15,18-35,47-53,55-62,69,73-75,82-86,90,92,95,108-111,126-127,132-136,138-139,141-145,148-150,161-162,165-167,…"
sequence-gap,case,ДАПО-П48-6,"82 missing in 15..182: 51-128,137,155,159,168"
sequence-gap,case,ДАПО-П48-7,80 missing in 19..233: 101-180
sequence-gap,case,ДАПО-П48-9,"46 missing in 15..615: 171-184,327-341,490-506"
sequence-gap,case,ДАПО-П49-1,"382 missing in 2..538: 3,5,9,11-13,15,18-19,23,25,29,31,34,41-48,50,54,60,62,64,66-67,70-77,79-84,…"
sequence-gap,case,ДАПО-П50-1,"337 missing in 2..462: 5,8-10,17-18,20-32,34-42,47-55,57-58,60-71,73-74,76-82,84-86,89,91-98,102-103,105-121,127,129-130,132-136,138-155,160-161,…"
sequence-gap,case,ДАПО-П50-2,"1378 missing in 1..1698: 5-6,8,11-22,25-57,59,62-94,100-106,110,117-136,143-144,146-159,161,172-198,200,203,205-210,212-249,251,253-280,282-311,…"
sequence-gap,case,ДАПО-П506-2,"20 missing in 4..314: 32-35,102-106,156-162,222-225"
sequence-gap,case,ДАПО-П51-1,"232 missing in 1..322: 4,6,9-12,14-15,20,24,27-28,30,32,34-35,37,42-46,49-50,53-59,61-64,68-77,81-82,84,86-95,99-100,…"
sequence-gap,case,ДАПО-П51-2,"962 missing in 2..1126: 3-4,6,19,21-36,38-45,47-88,90,96-112,114-133,139-147,149-176,187-245,247-253,255-263,267-275,279-280,282-288,290,293-304,317,…"
sequence-gap,case,ДАПО-П51-7,"119 missing in 84..222: 85-87,89-90,92,94,96-98,100-101,103,106,109-182,185-187,190-196,198-204,207-215,217-221"
sequence-gap,case,ДАПО-П51-8,"331 missing in 66..455: 67-70,72,74-93,96,98-101,103-105,107-114,118,120-129,131-192,194-196,198-199,201-206,208-217,220-224,226-227,230-236,238-255,259-263,265-327,…"
sequence-gap,case,ДАПО-П51-9,"12 missing in 65..88: 66-68,71-72,74-76,79,82-84"
sequence-gap,case,ДАПО-П51-10,"20 missing in 77..109: 79-80,83-87,89-90,92,94,96-99,102-104,106-107"
sequence-gap,case,ДАПО-П51-24,"44 missing in 71..126: 72,75-86,88-90,93-99,101-104,106-108,110-117,119-120,122-125"
sequence-gap,case,ДАПО-П51-28,"37 missing in 62..125: 64,66-67,69,72-73,75,77,80,82,84-86,88,90-94,96,98-99,103-104,106,108-112,114,116,118-122"
sequence-gap,case,ДАПО-П52-1,"267 missing in 1..334: 2-3,7-8,10-11,14,19-21,23-28,30,33-36,41-43,46-54,56-59,61,67-74,76-78,80-81,85-91,94-95,97-99,101-103,105-111,…"
sequence-gap,case,ДАПО-П52-2,"433 missing in 2..602: 4,7-12,24-32,35-54,56-57,59-61,63-77,81-97,101,112-117,119,121-132,136-150,152-155,159-163,165-166,168-180,185-200,204,206-225,…"
sequence-gap,case,ДАПО-П53-1,"215 missing in 3..370: 4,7-10,12,14,16-21,24-26,28,30-44,48,52-53,55,58,62,67-70,73-74,77-78,81,84,87-90,93-98,…"
sequence-gap,case,ДАПО-П53-2,"677 missing in 6..1580: 8-9,14,16,18,20,22-23,29-37,47-53,61-62,64,77-78,82-83,87-89,94-98,106,108-109,114-117,122-131,138-142,151,…"
sequence-gap,case,ДАПО-П53-4,"208 missing in 1..487: 4-5,17,23-43,72-85,106,108-113,115-124,126-127,134-138,148-152,155-156,189-207,223-233,252-261,265,267-270,275-277,282-285,291-295,305-309,…"
sequence-gap,case,ДАПО-П53-5,102 missing in 19..230: 114-215
sequence-gap,case,ДАПО-П53-6,43 missing in 14..189: 111-153
sequence-gap,case,ДАПО-П53-7,67 missing in 11..153: 56-122
sequence-gap,case,ДАПО-П53-8,86 missing in 16..209: 90-175
sequence-gap,case,ДАПО-П53-9,13 missing in 13..252: 115-127
sequence-gap,case,ДАПО-П53-10,"43 missing in 14..547: 113-127,285-297,442,444-456,529"
sequence-gap,case,ДАПО-П53-12,1 missing in 17..111: 88
sequence-gap,case,ДАПО-П53-20,"2 missing in 1..115: 80,95"
sequence-gap,case,ДАПО-П53-32,1 missing in 1..127: 109
sequence-gap,case,ДАПО-П54-1,"348 missing in 2..519: 4,7,9-11,14-15,18,20-21,24,31-32,35,37,39,41,44,46,51,53-54,72,74-108,110-113,115-124,…"
sequence-gap,case,ДАПО-П54-2,"850 missing in 3..2009: 4,6-7,9,12,17,20-21,24-28,34-47,60-61,73,78-82,85-90,94,96-97,104,110,123-126,128-131,137,140,…"
sequence-gap,case,ДАПО-П54-3,"177 missing in 35..511: 289,319-348,350-353,355-496"
sequence-gap,case,ДАПО-П54-4,"53 missing in 16..250: 186-209,211-230,232-238,240-241"
sequence-gap,case,ДАПО-П54-5,90 missing in 14..153: 42-131
sequence-gap,case,ДАПО-П54-6,93 missing in 14..233: 117-209
sequence-gap,case,ДАПО-П54-7,"15 missing in 16..284: 109,152-165"
sequence-gap,case,ДАПО-П54-8,"55 missing in 18..511: 134-149,262-278,386-407"
sequence-gap,case,ДАПО-П54-24,1 missing in 1..98: 86
sequence-gap,case,ДАПО-П55-1,"170 missing in 1..267: 7,11-13,15,18,23-27,31-34,37-39,42-44,47-49,54-55,57-63,66-70,72-81,85-90,92-100,105-109,111,113-121,127-128,133,…"
sequence-gap,case,ДАПО-П55-2,"446 missing in 1..540: 2,4-7,14-29,31-39,41-56,58,60-69,75-95,102-108,110-120,122-126,128,130-133,144-151,153-169,171-194,196-223,225,227-233,235-245,…"
sequence-gap,case,ДАПО-П56-1,"290 missing in 1..447: 22,24,41,53-54,56-59,62-66,68-70,84,97-100,103,105-110,112,114-117,119,123-125,128-131,133,135-139,141,143-148,…"
sequence-gap,case,ДАПО-П56-2,"1226 missing in 1..1764: 2-5,7,11,14-48,55-88,91-98,100-106,132-207,209-210,212-224,226,232,246-289,299-327,331-333,346-350,366-370,372-437,445-449,458-459,…"
sequence-gap,case,ДАПО-П56-10,"297 missing in 60..403: 61-80,82-92,94-149,151-154,156-158,160-166,168-169,171-172,176-179,181-247,249-253,255-256,260-261,264-274,276-277,279-282,284-285,287-289,291-295,297,…"
sequence-gap,case,ДАПО-П56-12,"29 missing in 66..108: 67-69,71-74,77-81,83-85,87-95,100,104-107"
sequence-gap,case,ДАПО-П56-26,"15 missing in 58..82: 59,62-65,68-72,74,76,78-79,81"
sequence-gap,case,ДАПО-П56-30,"32 missing in 50..103: 52-56,58-60,62,65-66,68,70,73,76,78,80-81,85-90,92-93,95,97,99-102"
sequence-gap,case,ДАПО-П57-1,"226 missing in 1..313: 6-10,12-16,19-20,22,25-31,34-38,43-44,46-47,50,53,56,58-65,68,70-72,76-82,85-93,98,101-107,110-112,114-123,…"
sequence-gap,case,ДАПО-П57-2,"881 missing in 1..1916: 4-5,7,9-12,15,17-19,21,33-38,46-47,54,58-59,61,63,67,69-70,73,76,80-82,87-89,93-94,97-101,…"
sequence-gap,case,ДАПО-П57-3,57 missing in 19..163: 104-160
sequence-gap,case,ДАПО-П57-5,"48 missing in 17..118: 37-83,94"
sequence-gap,case,ДАПО-П57-6,61 missing in 12..152: 72-132
sequence-gap,case,ДАПО-П57-7,29 missing in 28..241: 119-147
sequence-gap,case,ДАПО-П57-8,"57 missing in 19..350: 95-111,164-182,256-276"
sequence-gap,case,ДАПО-П57-9,1 missing in 21..90: 75
sequence-gap,case,ДАПО-П57-34,1 missing in 1..106: 82
sequence-gap,case,ДАПО-П58-1,"295 missing in 1..420: 8,14,25,40-41,43-47,49-51,53-54,60-66,69-73,75-77,79-80,87-98,100-102,104-105,107,109-116,118-123,127-140,142-146,149-157,…"
sequence-gap,case,ДАПО-П58-2,"612 missing in 4..1126: 6-7,10,13,15-27,43-48,50,52-56,65,67,74-76,79,82,84,87-88,93-103,116-119,123-124,126-132,134,140-145,…"
sequence-gap,case,ДАПО-П59-1,"384 missing in 1..517: 2-3,5-8,11-15,17-23,25-27,30-32,37,46,49-50,52-54,59-65,71-72,74-80,82-83,91-96,101-102,106-107,109-110,113-115,118-122,…"
sequence-gap,case,ДАПО-П59-2,"1681 missing in 1..2141: 4-18,20-21,23-24,28,30,35-52,54-72,94-166,169-205,224-225,227-250,252-274,276-297,299,309,332-342,344-360,364-401,403-421,423-446,…"
sequence-gap,case,ДАПО-П59-6,"94 missing in 200..308: 201-209,211,213-225,227-236,238-245,247-254,257-262,264-282,284-286,288-291,293-294,296-298,300-307"
sequence-gap,case,ДАПО-П59-7,"91 missing in 122..223: 123-127,129-133,135-141,143-148,150-160,162-172,174-191,193-200,203-222"
sequence-gap,case,ДАПО-П59-9,"155 missing in 104..295: 105-109,111,113-115,117-119,122-124,127-132,135,138-234,236-239,242-243,246-247,250-251,254-258,260-261,265-266,268-270,272-275,277,279-280,283,…"
sequence-gap,case,ДАПО-П59-10,"409 missing in 107..600: 109-112,114-118,120,123,125-128,132-134,138,140,142-144,147-148,150,152-159,161-163,165-246,249-250,253-254,257-260,263,266-270,273-274,…"
sequence-gap,case,ДАПО-П59-11,"10 missing in 102..121: 104-107,109-111,117,119-120"
sequence-gap,case,ДАПО-П59-22,"34 missing in 98..143: 99-102,104,107-108,110-111,113-117,120-128,130-137,140-142"
sequence-gap,case,ДАПО-П59-24,"28 missing in 116..158: 117-120,123-126,130-137,139,142-145,149,151-154,156-157"
sequence-gap,case,ДАПО-П59-26,"38 missing in 113..161: 114,116,118-122,124-127,129-137,139-140,144-151,153-160"
sequence-gap,case,ДАПО-П59-30,"41 missing in 107..169: 110-112,114-118,121-125,127-131,133-134,138,140-144,149-150,153-156,158-159,161-166,168"
sequence-gap,case,ДАПО-П6-1,"30 missing in 1..59: 2,6-7,9-10,14,16-18,20-21,23,27-28,32-35,39-40,42-43,46-47,49,52,54-56,58"
sequence-gap,case,ДАПО-П61-2,"1145 missing in 1..1523: 2-17,22-37,39-110,133,136-163,171-178,180,182-226,237-241,243-244,246,249-251,266,269-270,272-285,290-294,309-319,321-352,357,360-361,…"
sequence-gap,case,ДАПО-П61-9,"183 missing in 53..250: 54-106,109,111-114,117-167,169-172,175-186,190-243,245-247,249"
sequence-gap,case,ДАПО-П61-33,1 missing in 1..70: 21
sequence-gap,case,ДАПО-П61-36,150 missing in 1..167: 17-166
sequence-gap,case,ДАПО-П61-1,"177 missing in 5..263: 11,14-16,18-20,23-26,28-30,32,36-37,40-44,46-50,52,60-62,65-66,69-77,79-84,86-90,93-97,99-110,112-115,117-120,123-126,…"
sequence-gap,case,ДАПО-П62-2,"1324 missing in 1..1902: 2,4,6,12-20,22-33,36,52,64,68,96-107,109-147,149-221,231,238,244-247,249-285,297,315,320-324,327-410,…"
sequence-gap,case,ДАПО-П62-8,"28 missing in 172..213: 173,175-177,180-182,185-186,189,191,194-195,197-202,204-212"
sequence-gap,case,ДАПО-П62-10,"217 missing in 106..346: 107-118,120-126,128-134,136-147,150-154,156-166,168,170-171,173-175,177-178,180-284,287-293,295-299,301-303,305-314,316-317,320-327,329-332,334-341,343-345,…"
sequence-gap,case,ДАПО-П62-11,"362 missing in 67..472: 68,70-72,75-85,88-90,92-97,99-180,182,184-190,192-193,196-199,201-212,214,216,218-222,224-226,229-230,232-307,310,312-314,316,…"
sequence-gap,case,ДАПО-П62-25,"6 missing in 57..72: 58,64-67,69"
sequence-gap,case,ДАПО-П62-31,"18 missing in 63..95: 65,67,69,72-77,79,85-87,89-91,93-94"
sequence-gap,case,ДАПО-П62-1,"233 missing in 1..345: 7,9-11,15-18,23,25,27,30-31,33-34,36,42-44,46-50,54-61,63-66,69-73,75-76,78-80,82-86,89-95,98,100-103,…"
sequence-gap,case,ДАПО-П63-1,"357 missing in 1..477: 3,5,8,14-15,18,30-36,38-43,45-47,49-55,59-64,66,68-69,71-73,77-79,82-86,90-93,95-96,98-99,101-108,112-117,…"
sequence-gap,case,ДАПО-П63-2,"815 missing in 5..1037: 7,9,11-22,24-25,27-29,31-53,62-71,74-89,91-92,94-95,100-106,108-119,121-122,130-146,148-162,165-167,185-210,212-241,245,247-254,…"
sequence-gap,case,ДАПО-П63-5,"40 missing in 116..165: 117,119-142,144-150,152,155-157,161-164"
sequence-gap,case,ДАПО-П63-7,"125 missing in 93..229: 94-99,101,103-107,109-110,112,115-215,217-218,221-225,227-228"
sequence-gap,case,ДАПО-П63-8,"375 missing in 83..482: 85-92,94,96-193,195-210,212-224,226-292,295,297-311,313-315,317,319-320,322-334,336-345,347-352,354-371,373-440,442-454,456-458,460-466,468-473,…"
sequence-gap,case,ДАПО-П63-28,"36 missing in 54..102: 55-56,58,61,64-69,71,73-77,79,81-82,84-98,100-101"
sequence-gap,case,ДАПО-П7-2,2 missing in 1..13: 7-8
sequence-gap,case,ДАПО-П82-14,"3 missing in 1..568: 139,141,449"
sequence-gap,case,ДАПО-П82-2,"113 missing in 38..325: 39-140,151,153-154,173,186-187,205-207,227,240"
sequence-gap,case,ДАПО-П8548-3,"2 missing in 1..1090: 147,314"
sequence-gap,case,ДАПО-П8816-1,"11 missing in 1..50: 28,33-36,38-43"
sequence-gap,case,ДАПО-П8819-1,"3 missing in 1..76: 49-50,52"
sequence-gap,case,ДАПО-П8967-1,"6 missing in 1..38: 3,13-14,18,33,35"
sequence-gap,case,ДАПО-П8967-2,"22 missing in 3..222: 6-26,28"
sequence-gap,case,ДАПО-П8967-3,"6 missing in 24..298: 25-26,196-197,274,288"
sequence-gap,case,ДАПО-П8967-5,1 missing in 1..248: 223
sequence-gap,case,ДАПО-П8967-7,1 missing in 1..242: 149
sequence-gap,case,ДАПО-П8967-13,1 missing in 1..270: 261
sequence-gap,case,ДАПО-П9-1,"19 missing in 1..68: 2,4-6,14-15,19-20,23-25,27-28,30,41,54,56,61-62"
sequence-gap,case,ДАПО-П9012-6,"3 missing in 1..72: 2,5,25"
sequence-gap,case,ДАПО-П9012-18,1 missing in 1..83: 78
sequence-gap,case,ДАПО-П9032-1,"69 missing in 3..143: 4,13-15,17,23-31,33-35,37-39,42-46,51-54,56,58-62,64,66,74,80-81,83,85-90,92-98,107,109,112-115,…"
sequence-gap,case,ДАПО-П9079-1,"2 missing in 1..12: 3,7"
sequence-gap,case,ДАПО-П9082-1,"10 missing in 1..26: 3,5,7-8,13,16,18-19,24-25"
sequence-gap,case,ДАПО-Р771-1,"4 missing in 1..15: 4-6,11"
sequence-gap,case,ДАПО-Р1-1,"138 missing in 1..180: 2-3,5-18,20-23,25-31,33-39,41,44-62,64-66,68-74,76-79,83,85-87,89-95,97-108,111-114,116-118,120-124,130-136,139-142,144-147,…"
sequence-gap,case,ДАПО-Р138-1,"98 missing in 1..557: 46,411-417,441-530"
sequence-gap,case,ДАПО-Р36038-6,"197 missing in 10..312: 45-53,71-79,91-97,111-282"
sequence-gap,case,ДАПО-СПЕЦ-1,"5021 missing in 1..6877: 121,605-606,686-687,1362,1862-6876"
sequence-gap,case,ДАПО-П2034-1,"17 missing in 443..558: 444,446-461"
sequence-gap,case,ДАПО-П2293-1,"128 missing in 63..274: 66-150,152-194"
sequence-gap,case,ДАПО-П2704-1,"120 missing in 2..132: 3-35,37,41-55,59-63,65-124,126-131"
sequence-gap,case,ДАПО-П2784-2,"30 missing in 7..533: 137-143,260-267,360-368,453-458"
sequence-gap,case,ДАПО-П2907-1,1 missing in 1..373: 304
sequence-gap,case,ДАПО-П9106-15,"22684 missing in 1857..28176: 1978-1988,1994-1999,2633,2816,2989-3156,3242,3634,3642,3727,4035,4384,4386-4387,4389-4391,4396-4397,4399,4456-4463,4717-4718,4833,4990,5105-5408,…"
sequence-gap,case,ДАПО-П9106-16,"1184 missing in 1..7696: 511-795,1151-1200,1982-2181,2661-3300,3324,4918-4919,5147,5370,5591,5710,7270-7271"
sequence-gap,case,ДАПО-П2811-1,"17 missing in 1..30: 3-10,14-17,22-23,25-26,29"
sequence-gap,case,ДАПО-П9067-1,1 missing in 1..13: 11
sequence-gap,case,ДАПО-П65-1,1 missing in 1..28: 13
sequence-gap,case,ДАПО-П95-1,"3 missing in 1..17: 2,5,7"
sequence-gap,case,ДАПО-П9043-1,"12 missing in 1..811: 11,68,93,113,139,150,200,444,527,575,599,614"
sequence-gap,case,ДАПО-П9043-2,"1651 missing in 6..2067: 9-12,14-21,23-26,28-31,33-37,39-40,42-83,113-117,121-123,128-130,138-160,165-186,188-211,215-223,226-233,235,237-255,259-288,290-293,296-298,…"
sequence-gap,case,ДАПО-П99-1,"36 missing in 1..164: 2-3,12,15,17,30,47,79,83-84,87-89,97-98,100,102,104-105,107,110-112,115,121-122,138-140,145,147,…"
sequence-gap,case,ДАПО-П34-1,"182 missing in 1..256: 8-11,13-15,18-21,24,26-32,36-38,40-43,48-57,61-65,69-70,72-78,82-83,85-91,95-96,98-105,110,112-120,125-126,128-134,137,…"
sequence-gap,case,ДАПО-П34-2,"762 missing in 4..1460: 5,19-34,36-43,48-51,56,62,65-68,75-77,81-82,84,86-88,93-95,99-103,106,112-116,122-130,139-143,148-149,152,155-162,…"
sequence-gap,case,ДАПО-П66-1,"3 missing in 1..23: 3,6,14"
sequence-gap,case,ДАПО-П31-1,"188 missing in 2..318: 13-15,18-19,22-23,26,29-30,33,36-39,44-46,50,53-60,65,68-70,72,75,78,81-94,100,103-105,110,112,…"
sequence-gap,case,ДАПО-П31-2,"610 missing in 1..1345: 4-5,7-8,15-18,34-37,39-55,58-60,70-71,78-84,99-100,109-113,118-120,130-134,136-137,139-140,143,146-158,171-173,178-179,183,186,…"
sequence-gap,case,ДАПО-П31-4,"132 missing in 1..436: 4-7,10-16,18-25,33,50,52-64,67-69,80-81,91,97,104-105,107-113,121,128,130,138-147,150-151,159,163-171,188-202,…"
sequence-gap,case,ДАПО-П31-5,"87 missing in 17..297: 152-237,278"
sequence-gap,case,ДАПО-П31-6,"31 missing in 13..219: 105-134,188"
sequence-gap,case,ДАПО-П31-7,87 missing in 12..207: 47-133
sequence-gap,case,ДАПО-П31-8,87 missing in 13..236: 93-179
sequence-gap,case,ДАПО-П31-9,19 missing in 14..367: 183-201
sequence-gap,case,ДАПО-П31-10,"57 missing in 16..677: 108,149-165,335-349,500,524-545,627"
sequence-gap,case,ДАПО-П2020-1,5 missing in 5..51: 6-10
sequence-gap,case,ДАПО-П70-1,"8 missing in 1..29: 10-12,14,17-18,20,26"
sequence-gap,case,ДАПО-П7057-1,44 missing in 26..89: 27-70
sequence-gap,case,ДАПО-П8966-8,"50 missing in 197..264: 198,200-201,203,205,208,210,214-223,225-233,235-236,238-244,246-253,255,257-262"
sequence-gap,case,ДАПО-П8966-1,"29 missing in 154..202: 155,157,160-165,167,169,171,178-179,181-185,187-192,195,197,199-201"
sequence-gap,case,ДАПО-П8966-2,"50 missing in 212..295: 215,217,219-220,222,224-232,234-237,239,242-245,247,249-251,254,256,259,262-263,266,272-274,276,278-279,281-286,288-290,…"
sequence-gap,case,ДАПО-П8966-4,"49 missing in 177..249: 178,180-182,184,187-190,194-196,198-199,201-204,206-209,211,216-217,219-221,223-224,226-234,238-241,243-248"
sequence-gap,case,ДАПО-П8966-6,"32 missing in 189..237: 190-191,194,196-198,200-202,206,208-210,214-226,229-233,235"
sequence-gap,case,ДАПО-П8966-10,"49 missing in 233..307: 234-236,238-240,242-245,248-253,255-256,258-262,264-266,270,273-274,278-279,282-287,289,291,293-294,296-299,301-303,306"
sequence-gap,case,ДАПО-П8966-12,"83 missing in 201..303: 202,204-206,208-210,212-216,218,220,222-232,235-238,240-241,244-263,265-275,280-300"
sequence-gap,case,ДАПО-П8966-14,"98 missing in 222..334: 223-251,253-257,259-267,270-275,277-284,286-297,299-302,304-312,314-317,319-325,329-333"
sequence-gap,case,ДАПО-П8966-16,"291 missing in 17..338: 18-249,252-253,255-257,259-261,264-266,268-270,272-273,275-277,280,282-290,292-297,299-301,303-304,306-307,309,313-314,317,320,323,325-331,…"
sequence-gap,case,ДАПО-П8966-18,"60 missing in 218..302: 220,222-224,226-227,229-232,234,236-244,246,248-254,257-260,262-264,266-272,275-276,279,282,284-287,289-296,299-300"
sequence-gap,case,ДАПО-П8966-20,"91 missing in 228..365: 229-233,236-244,246-250,252,254-255,257-258,263,265-266,271,273,276-278,280,282-284,286-289,292-298,300-301,303-305,307,309-314,317-321,…"
sequence-gap,case,ДАПО-П8966-28,1 missing in 1..332: 329
sequence-gap,case,ДАПО-П121-1,"65 missing in 1..1924: 74,81,85-86,90-91,95,99,195,370,409,412,416,420,424,476,563,568,573,583,586,590,…"
sequence-gap,case,ДАПО-П251-1,"4704 missing in 324..6041: 335-356,363-408,419-511,522-549,568-628,645-656,676-727,730,735-781,790-843,851-852,854,863-1103,1108-1165,1177,1180-1416,1437-1505,1533-1586,1589,1593,…"
sequence-gap,case,ДАПО-П101-2,"379 missing in 1..911: 2,8-9,11,14-16,18-20,25,27,31-32,37-38,43,45-46,49-53,56-57,59,62,64-65,67-70,73,76-77,80,…"
sequence-gap,case,ДАПО-П3802-10,1 missing in 1..51: 4
sequence-gap,case,ДАПО-П3802-14,1 missing in 1..53: 48
sequence-gap,case,ДАПО-П3802-2,16 missing in 2..100: 32-47
sequence-gap,case,ДАПО-П1196-2,6 missing in 5..89: 29-34
sequence-gap,case,ДАПО-П1196-5,1 missing in 1..70: 65
sequence-gap,case,ДАПО-П8533-2,"87 missing in 28..342: 68-93,132,158-186,252-282"
sequence-gap,case,ДАПО-1БІБЛ-1,"12389 missing in 1..14466: 121,605-606,686-687,924,1862-3696,3699-4308,4310,4312,4314,4317,4320-4324,4326-4340,4342-5215,5224-6631,6633-6876,6878-8032,8035,8037,8040,8043,…"
sequence-gap,case,ДАПО-П125-1,"623 missing in 3..2775: 4,7,9,12-13,16-17,20,23,26,29,34,37,100-102,104,106,108,111,116,119,161-163,165,…"
sequence-gap,case,ДАПО-П130-1,"447 missing in 1..2456: 72,75-76,79,95,97,119,121,124-125,129-130,133,175,177,179-183,188,190-191,193,195,232,234-241,243-246,…"
sequence-gap,case,ДАПО-П180-1,"128 missing in 1..2252: 2,4,73,75,90,92,130,133,187,189,240,254,256,288,290,293,296,298,346,349,…"
sequence-gap,case,ДАПО-П211-1,"873 missing in 1..2671: 30,33,36,38,40,43,46,110,112,114-115,117-118,120,122,124,126,167-168,170-171,173-174,176,178,…"
sequence-gap,case,ДАПО-П244-1,"3957 missing in 1..4683: 8-84,96-483,493-523,541-574,589-705,714-736,758-822,827-836,861-1198,1211,1214,1221-1372,1382-1412,1415,1418,1422,1435-1488,1499-1530,1547-1599,1601,…"
sequence-gap,case,ДАПО-П247-1,"3157 missing in 2..4325: 4,9,15-16,19-70,72-73,78,84-119,124-125,127-168,187,190-229,234,239,243-295,302,306-307,310,313,316-330,337,…"
sequence-gap,case,ДАПО-П528-1,"1206 missing in 24..1528: 29-42,48-87,94-118,122-157,160-179,182-240,245,247,249-257,259-261,263,265-266,268,270,272,274-275,277-311,313-314,319,321-355,…"
sequence-gap,case,ДАПО-П534-1,"1777 missing in 1..2302: 7-35,39,44-79,81,83-110,113,119,125-172,176,179-180,182-213,216-267,270,272,275-299,304,306,312-359,362,368-413,…"
sequence-gap,case,ДАПО-П592-1,"1282 missing in 2..1517: 4,6,16,24-239,241,244,255-314,316,318-319,336-383,386,388-390,392,395,398,402,406,410-450,457-507,509,…"
sequence-gap,case,ДАПО-П626-1,"2692 missing in 1..3379: 11-62,71-84,90-119,126-156,168-194,200-219,239-246,261-267,274-283,289-300,309-336,357-360,371-379,384-406,412-447,460-493,504-531,541-575,577,588-626,…"
sequence-gap,case,ДАПО-П960-1,"150 missing in 1..285: 3,11-20,28,34-35,48-56,67-77,88-92,100-101,103-104,115-123,131-141,144-146,154-165,175-186,188-190,198-209,216-225,232-243,246-255,267-279,…"
sequence-gap,case,ДАПО-П710-1,"2444 missing in 1..2954: 2,4,6-7,9-10,12,14-65,67-68,73-76,78-108,116,118,120,122-129,131,133,135,137,139,141,143,…"
sequence-gap,case,ДАПО-П974-1,"125 missing in 4..217: 14,32-41,47-61,64-73,86-97,104-108,119-130,135-146,151-162,171-183,185-201,207-212"
sequence-gap,case,ДАПО-П1004-1,"1119 missing in 1..1381: 5-43,51-97,104-154,157,164-210,223-265,267-268,272-317,332-371,382-422,434-448,453-485,494-517,525-564,572-578,582-604,609-623,631-661,671-714,721-753,…"
sequence-gap,case,ДАПО-П1513-1,"2315 missing in 1..2709: 5,7,9-32,37,40-41,46-64,66,68,70-112,114-132,134,136,140-173,176,178,180-218,222,224,226-233,235,…"
sequence-gap,case,ДАПО-П1430-1,"98 missing in 1..149: 3,11,13,19-25,27-29,35-39,42-44,52-61,63-65,68-72,76-77,80-84,89-98,104-116,119-137,139-148"
sequence-gap,case,ДАПО-П1112-1,"180 missing in 1..391: 5,15-24,26,42,48,52-53,57-58,72-73,85-89,100-111,124-128,152,165-178,180-187,199-210,224-237,247-250,261-274,278,286-291,…"
sequence-gap,case,ДАПО-П1080-1,"92 missing in 1..194: 4-6,8-9,12,14-18,27,37-44,78-88,90-92,94-98,109-120,133-146,150,156-167,180-193"
sequence-gap,case,ДАПО-П1550-1,"81 missing in 2..209: 11,13,18,31,37-46,53-56,63,67-69,77-80,82,95-97,99-104,113-118,127-133,141-144,151-156,162-167,177-182,188-194,200-201,…"
sequence-gap,case,ДАПО-П1600-1,"1878 missing in 1..2329: 4,6,10-46,52,54,58-102,104,106,110-129,131,135-180,182,186-222,224,229,232,234,238-277,279,283-290,…"
sequence-gap,case,ДАПО-П1701-1,"1081 missing in 1..1297: 4-35,46-64,70-132,138-180,187-236,249-287,290,292,294-325,329-369,371,373-425,432-443,448,450-469,474,476,478-496,505-524,530-558,…"
sequence-gap,case,ДАПО-П1711-1,"128 missing in 1..226: 29-30,37-43,50-57,66-79,83-94,100-111,120-131,136-147,153-158,163-174,180-186,192-194,196-204,210-221"
sequence-gap,case,ДАПО-П1870-1,"59 missing in 1..123: 3,6,10,14-21,25,27,41-48,50-55,66-70,75-81,85-90,95-99,105-107,115-120"
sequence-gap,case,ДАПО-П2500-1,"1504 missing in 1..1806: 5-41,48-85,91-127,132-164,169-190,192-248,252,256-293,296,300-318,322,324-350,355-393,399-439,443-483,487,492-513,515,517-547,549-552,…"
sequence-gap,case,ДАПО-Р8511-1,"22 missing in 1..34: 2-4,6-7,9-10,13-17,19-23,27-31"
sequence-gap,case,ДАПО-Р8514-1,"16 missing in 1..29: 2,4,8,10-12,15-18,21-24,27-28"
sequence-gap,case,ДАПО-Р8515-1,"10 missing in 1..24: 2,5-6,9-10,15-18,21"
sequence-gap,case,ДАПО-Р8517-1,"20 missing in 1..36: 2,4-6,8,11,14-17,20-22,26-30,33-34"
sequence-gap,case,ДАПО-Р8523-1,"8 missing in 2..24: 3-4,6,10-13,22"
sequence-gap,case,ДАПО-Р8534-1,"31 missing in 2..48: 5-6,9-11,14-15,17-21,24-28,31-37,40-46"
sequence-gap,case,ДАПО-Р8536-1,"17 missing in 1..34: 3,6,9-10,13-14,17-19,22-26,30-32"
sequence-gap,case,ДАПО-Р8551-1,"146 missing in 1..171: 4-5,7-8,11-13,17-23,26-34,37-43,46-51,53-60,62-70,72-81,83-98,100-114,116-128,130-142,144-156,158-170"
sequence-gap,case,ДАПО-Р8694-1,"82 missing in 1..105: 2,4,6-7,10-12,16-17,22-23,26-28,30-41,43-53,55-65,67-75,77,79-90,92-103"
sequence-gap,case,ДАПО-Р8715-1,"16 missing in 1..33: 3,8,12,15-20,23,25-28,30,32"
sequence-gap,case,ДАПО-Р8716-1,"14 missing in 1..31: 2,5-7,10-11,15,18-19,23,27-30"
sequence-gap,case,ДАПО-Р8717-1,"25 missing in 1..48: 3,7,9-10,14-15,17-19,23-28,30-32,35-37,41,43-45"
sequence-gap,case,ДАПО-Р8718-1,"26 missing in 1..43: 3,7-8,10-12,14,16-19,21-22,24-25,27-29,31-32,34,36-39,42"
sequence-gap,case,ДАПО-Р8730-1,"155 missing in 5..182: 7-10,12-16,18-25,31-33,35-41,43-46,48-60,62-80,83-90,92-100,102-114,116-126,128-142,144-153,155-171,173-181"
sequence-gap,case,ДАПО-Р8731-1,"134 missing in 2..167: 4-7,9-13,16-32,35-50,54-58,60-61,68-75,78-89,92-101,104-106,108-122,125-127,129-141,144-159,162-166"
sequence-gap,case,ДАПО-Р8732-1,"95 missing in 2..112: 4-7,9-17,19,22-27,30-34,37-49,51-77,80-109"
sequence-gap,case,ДАПО-Р8733-1,"232 missing in 2..285: 4-13,15-21,26-34,38-48,54-64,66,70-80,86-95,97-126,133-141,143-145,149-178,184-198,200-223,228-240,244-268,272-284"
sequence-gap,case,ДАПО-Р8735-1,"102 missing in 2..117: 4-5,7-12,15-16,18-28,30-31,33-53,55-56,58-75,77-97,100-116"
sequence-gap,case,ДАПО-Р8736-1,"154 missing in 5..206: 9-11,14-18,21-23,27-36,39-45,47,49-56,60-72,76-86,89-104,109-123,126-127,129-141,147-149,151-164,169-182,187-202"
sequence-gap,case,ДАПО-Р8737-1,"36 missing in 1..52: 3-6,8-10,14-18,21-27,31-40,43-47,50-51"
sequence-gap,case,ДАПО-Р8755-1,"182 missing in 1..237: 3-9,12-17,20-27,29-38,41-56,59-74,77-98,101-118,121-126,129-135,140-144,147,150-154,158-164,166,169-170,172-174,178-179,181-184,187,…"
sequence-gap,case,ДАПО-Р8756-1,"151 missing in 2..210: 4-12,16-35,38-55,58-72,75-79,84-89,93-100,102-103,107-117,119,122-129,132-138,142-146,148-149,153-156,158-160,164-166,168-170,175-179,181,…"
sequence-gap,case,ДАПО-Р8757-1,"109 missing in 1..172: 3,5-7,9-10,12-13,15-18,20-28,31-36,40-43,45-46,50-51,53-56,60-63,65-67,71-73,75-76,79-83,85,87-88,90-94,96,…"
sequence-gap,case,ДАПО-Р8758-1,"155 missing in 1..223: 5-22,28-43,47-60,64-67,71-79,83-88,90-92,95-98,100-101,104-112,115-123,126-129,132-138,141,145-150,152,156-160,163-164,167,169-172,…"
sequence-gap,case,ДАПО-Р8759-1,"142 missing in 2..196: 3-8,12-15,19-31,35-47,51-64,67-71,73-75,77,80-87,90-95,97,100-104,106-107,110-116,118-121,124-126,130-136,138,140-143,147-152,…"
sequence-gap,case,ДАПО-Р8776-1,13 missing in 1..38: 25-37
sequence-gap,case,ДАПО-Р8828-1,1 missing in 5..21: 6
sequence-gap,case,ДАПО-Р8828-2,1 missing in 15..26: 20
sequence-gap,case,ДАПО-Р8829-1,"16 missing in 6..33: 7-8,10,16,19-30"
sequence-gap,case,ДАПО-Р8831-16,1 missing in 1..22: 15
sequence-gap,case,ДАПО-Р8832-1,"3 missing in 103..119: 115-116,118"
sequence-gap,case,ДАПО-Р8873-1,"70 missing in 1..99: 2-4,6-7,9-10,12-13,15,18-23,26-28,31-33,36-42,44-49,52-54,57-59,61-63,65-68,70-72,75-80,83-89,92-97"
sequence-gap,case,ДАПО-Р8922-1,"35 missing in 1..60: 7,11,13,15,17-18,20-36,38-49"
sequence-gap,case,ДАПО-Р9083-1,1 missing in 1..246: 172
sequence-gap,case,ДАПО-Р9092-7,1 missing in 1..286: 182
sequence-gap,case,ДАПО-Р9106-2,"86516 missing in 2..92731: 5-8,13-16,20,23-24,28,33,39-41,44,52,54,57,63-64,71,75,77,79,82-88,91,96,98,…"
sequence-gap,case,ДАПО-Р9106-13,"47 missing in 2..7897: 344-345,641-647,825-826,1001-1004,1484-1485,1646,1791,2445-2447,2746-2747,3763,4218,4951-4954,5288,5761,5934-5938,6093-6095,6230-6231,6487,7286-7289"
sequence-gap,case,ДАПО-Р9106-1,"162626 missing in 1..174340: 750,752,754-755,759-761,764-766,769,771,776,778,781-783,785,789-795,1225-1227,1230-1231,1236-1237,1241-1242,1244-1245,1248-1249,1254,1256,…"
sequence-gap,case,ДАПО-Р9106-12,"16 missing in 1..5812: 723-724,1713,2445,2734,2874,3021,3799-3800,3954,4433-4434,4953,5429-5430,5583"
sequence-gap,case,ДАПО-Р9106-3,"24 missing in 2..7815: 1323,1619,1972-1973,2112-2113,2688,2845-2846,3311,3478-3479,3618-3620,3959,4582,5930-5931,6418,6868,7179,7332-7333"
sequence-gap,case,ДАПО-Р9106-4,"21 missing in 1..6597: 339,707-709,1369-1370,1527,2023,2334,2496-2497,3263,4654,4796,5093-5094,5505,6098,6269-6270,6440"
sequence-gap,case,ДАПО-Р9106-5,"56 missing in 1..17560: 923-924,1733-1735,2216,2490,3331,3503,3614,3730-3733,4116,4371,5948,6312-6315,6532,6921-6922,7777-7778,7919,8200,8526-8527,9022,9276,…"
sequence-gap,case,ДАПО-Р9106-6,"27 missing in 5..5827: 282-285,1142,1268,1808,1933-1934,2932,3294,3421,3961-3963,4371,5240-5244,5377,5769-5773"
sequence-gap,case,ДАПО-Р9106-7,"46 missing in 1..9515: 646,785,1186,2825,3377-3378,4074,4230-4231,4512-4514,4692-4696,4821,5432,5803,6277-6279,6362,6563-6565,6664,6869-6870,7354-7359,7484-7486,7844-7845,…"
sequence-gap,case,ДАПО-Р9106-8,"49 missing in 3..6143: 187,310-311,418-420,604,767-770,896-898,1399,1668,1929-1931,2312,2387-2388,2534,2675,3082,3151-3158,3466,3588,3757-3758,4028,4089,…"
sequence-gap,case,ДАПО-Р9106-9,"71 missing in 1..10703: 411,811,1083-1084,1154-1159,1255,1535-1536,1777,2041,2120-2122,2359,2576-2577,2964,3034-3035,3170-3172,3316-3319,3906-3907,4053,4209-4210,4283,4504-4505,…"
sequence-gap,case,ДАПО-Р9106-10,"44 missing in 1..15355: 81,411-413,706-707,774-775,912-913,973,1193-1194,1603-1604,1665,2291-2292,2369,3834-3835,4309-4310,5384,5607-5610,7972-7973,8691,9125-9127,9979,12239-12240,…"
sequence-gap,case,ДАПО-Р9106-11,"10 missing in 1..7765: 331,1583,1912,2065-2066,2703,2861,3321,5279,7617"
sequence-gap,case,ДАПО-Р9106-15,"21918 missing in 1..28176: 2633,3057,3242,3634,3727,4035,4717-4718,4833,4990,5203,5638,5994-6254,6390,6445,6529-19777,19779,19782-19783,19785-28175"
sequence-gap,case,ДАПО-Р9106-16,"12 missing in 1..7696: 2874,3083,3300,3324,4918-4919,5147,5370,5591,5710,7270-7271"
sequence-gap,case,ДАПО-Р9107-1,20 missing in 1..42: 8-27
sequence-gap,case,ДАПО-Р9126-4,1 missing in 1..175: 20
sequence-gap,case,ДАПО-Р9126-11,1 missing in 1..91: 11
sequence-gap,case,ДАПО-Р9126-16,1 missing in 1..58: 6
sequence-gap,case,ДАПО-Р9126-27,2 missing in 1..86: 50-51
sequence-gap,case,ДАПО-Р9126-5,50 missing in 1..128: 78-127
sequence-gap,case,ДАПО-Р2950-1,4 missing in 4..49: 33-36
copy-ambiguous,file,https://www.familysearch.org/en/records/images/search-results?imageGroupNumbers=108255648,"parsed ""ДАПО-(Р-9106-3-1324-1459+++Р-9106-3-1324-1459+++Фільтраційні справи, State Security Records, Poltava - 1942-1950_Р-9106-3-1324-1459_1940–1950)"" does not single out one of 136 candidate files"
copy-ambiguous,file,https://www.familysearch.org/en/records/images/search-results?imageGroupNumbers=108255732,"parsed ""ДАПО-(Р-9106-3-2-158+++Р-9106-3-2-158+++Фільтраційні справи, State Security Records, Poltava - 1942-1950_Р-9106-3-2-158_1940–1950)"" does not single out one of 157 candidate files"
copy-ambiguous,file,https://www.familysearch.org/en/records/images/search-results?imageGroupNumbers=108255748,"parsed ""ДАПО-(Р-9106-3-159-328+++Р-9106-3-159-328+++Фільтраційні справи, State Security Records, Poltava - 1942-1950_Р-9106-3-159-328_1945)"" does not single out one of 170 candidate files"
copy-ambiguous,file,https://www.familysearch.org/en/records/images/search-results?imageGroupNumbers=108256107,"parsed ""ДАПО-(Р-9106-3-2550-2687+++Р-9106-3-2550-2687+++Фільтраційні справи, Sta e Security Records, Poltava - 1942-1950_Р-9106-3-2550-2687_1940–1950)"" does not single out one of 138 candidate files"
copy-ambiguous,file,https://www.familysearch.org/en/records/images/search-results?imageGroupNumbers=108256425,"parsed ""ДАПО-(Р-9106-3-2114-2238+++Р-9106-3-2114-2238+++Фільтраційні справи, State Security Records, Poltava - 1942-1950_Р-9106-3-2114-2238_1940–1950)"" does not single out one of 125 candidate files"
copy-ambiguous,file,https://www.familysearch.org/en/records/images/search-results?imageGroupNumbers=108256486,"parsed ""ДАПО-(Р-9106-3-493-686+++Р-9106-3-493-686+++Фільтраційні справи, State Security Records, Poltava - 1942-1950_Р-9106-3-493-686_1940–1950)"" does not single out one of 194 candidate files"
copy-ambiguous,file,https://www.familysearch.org/en/records/images/search-results?imageGroupNumbers=108256513,"parsed ""ДАПО-(Р-9106-3-329-492+++Р-9106-3-329-492+++Фільтраційні справи, State Security Records, Poltava - 1942-1950_Р-9106-3-329-492_1940–1950)"" does not single out one of 164 candidate files"
copy-ambiguous,file,https://www.familysearch.org/en/records/images/search-results?imageGroupNumbers=108256515,"parsed ""ДАПО-(Р-9106-3-1974-2111+++Р-9106-3-1974-2111+++Фільтраційні справи, State Security Records, Poltava - 1942-1950_Р-9106-3-1974-2111_1940–1950)"" does not single out one of 138 candidate files"
copy-ambiguous,file,https://www.familysearch.org/en/records/images/search-results?imageGroupNumbers=108256872,"parsed ""ДАПО-(Р-9106-3-2386-2549+++Р-9106-3-2386-2549+++Фільтраційні справи, State Security Records, Poltava - 1942-1950_Р-9106-3-2386-2549_1940–1950)"" does not single out one of 164 candidate files"
copy-ambiguous,file,https://www.familysearch.org/en/records/images/search-results?imageGroupNumbers=108256977,"parsed ""ДАПО-(Р-9106-3-860-1021+++Р-9106-3-860-1021+++Фільтраційні справи, State Security Records, Poltava - 1942-1950_Р-9106-3-860-1021_1940–1950)"" does not single out one of 162 candidate files"
copy-ambiguous,file,https://www.familysearch.org/en/records/images/search-results?imageGroupNumbers=108256981,"parsed ""ДАПО-(Р-9106-3-1791-1971+++Р-9106-3-1791-1971+++Фільтраційні справи, State Security Records, Poltava - 1942-1950_Р-9106-3-1791-1971_1940–1950)"" does not single out one of 181 candidate files"
copy-ambiguous,file,https://www.familysearch.org/en/records/images/search-results?imageGroupNumbers=108256984,"parsed ""ДАПО-(Р-9106-3-687-859+++Р-9106-3-687-859+++Фільтраційні справи, State Security Records, Poltava - 1942-1950_Р-9106-3-687-859_1940–1950)"" does not single out one of 173 candidate files"
copy-ambiguous,file,https://www.familysearch.org/en/records/images/search-results?imageGroupNumbers=108256985,"parsed ""ДАПО-(Р-9106-3-1620-1790+++Р-9106-3-1620-1790+++Фільтраційні справи, State Security Records, Poltava - 1942-1950_Р-9106-3-1620-1790_1940–1950)"" does not single out one of 171 candidate files"
copy-ambiguous,file,https://www.familysearch.org/en/records/images/search-results?imageGroupNumbers=108264966,"parsed ""ДАПО-(Р-9106-3-1022-1172+++Р-9106-3-1022-1172+++Фільтраційні справи, State Security Records, Poltava - 1942-1950_Р-9106-3-1022-1172_1940–1950)"" does not single out one of 151 candidate files"
copy-ambiguous,file,https://www.familysearch.org/en/records/images/search-results?imageGroupNumbers=108264985,"parsed ""ДАПО-(Р-9106-3-1173-1322+++Р-9106-3-1173-1322+++Фільтраційні справи, State Security Records, Poltava - 1942-1950_Р-9106-3-1173-1322_1940–1950)"" does not single out one of 150 candidate files"
copy-ambiguous,file,https://www.familysearch.org/en/records/images/search-results?imageGroupNumbers=108265004,"parsed ""ДАПО-(Р-9106-3-2973-3144+++Р-9106-3-2973-3144+++Фільтраційні справи, State Security Records, Poltava - 1942-1950_P-9106-3-2973-3144_1940–1950)"" does not single out one of 172 candidate files"
copy-ambiguous,file,https://www.familysearch.org/en/records/images/search-results?imageGroupNumbers=108265012,"parsed ""ДАПО-(Р-9106-3-2847-2972+++Р-9106-3-2847-2972+++Фільтраційні справи, State Security Records, Poltava - 1942-1950_Р-9106-3-2847-2972_1940–1950)"" does not single out one of 126 candidate files"
copy-ambiguous,file,https://www.familysearch.org/en/records/images/search-results?imageGroupNumbers=108265013,"parsed ""ДАПО-(Р-9106-3-3145-3310+++Р-9106-3-3145-3310+++Фільтраційні справи, State Security Records, Poltava - 1942-1950_Р-9106-3-3145-3310_1940–1950)"" does not single out one of 166 candidate files"
copy-ambiguous,file,https://www.familysearch.org/en/records/images/search-results?imageGroupNumbers=108277355,"parsed ""ДАПО-(Р-9106-3-1460-1618+++Р-9106-3-1460-1618+++Фільтраційні справи, State Security Records, Poltava - 1942-1950_Р-9106-3-1460-1618_1940–1950)"" does not single out one of 159 candidate files"
copy-ambiguous,file,https://www.familysearch.org/en/records/images/search-results?imageGroupNumbers=108277356,"parsed ""ДАПО-(Р-9106-3-3312-3477+++Р-9106-3-3312-3477+++Фільтраційні справи, State Security Records, Poltava - 1942-1950_Р-9106-3-3312-3477_1940–1950)"" does not single out one of 166 candidate files"
copy-ambiguous,file,https://www.familysearch.org/en/records/images/search-results?imageGroupNumbers=108277357,"parsed ""ДАПО-(Р-9106-3-3621-3757+++Р-9106-3-3621-3757+++Фільтраційні справи, State Security Records, Poltava - 1942-1950_Р-9106-3-3621-3757_1940–1950)"" does not single out one of 137 candidate files"
copy-ambiguous,file,https://www.familysearch.org/en/records/images/search-results?imageGroupNumbers=108277360,"parsed ""ДАПО-(Р-9106-3-6261-6417+++Р-9106-3-6261-6417+++фільтраційні справи, State Security Records, Poltava - 1942-1950_Р-9106-3-6261-6417_1940–1950)"" does not single out one of 157 candidate files"
copy-ambiguous,file,https://www.familysearch.org/en/records/images/search-results?imageGroupNumbers=108277361,"parsed ""ДАПО-(Р-9106-3-5196-5356+++Р-9106-3-5196-5356+++фільтраційні справи, State Security Records, Poltava - 1942-1950_Р-9106-3-5196-5356_1940–1950)"" does not single out one of 161 candidate files"
copy-ambiguous,file,https://www.familysearch.org/en/records/images/search-results?imageGroupNumbers=108277362,"parsed ""ДАПО-(Р-9106-3-6419-6566+++Р-9106-3-6419-6566+++фільтраційні справи, State Security Records, Poltava - 1942-1950_Р-9106-3-6419-6566_1940–1950)"" does not single out one of 148 candidate files"
copy-ambiguous,file,https://www.familysearch.org/en/records/images/search-results?imageGroupNumbers=108277363,"parsed ""ДАПО-(Р-9106-3-5803-5929+++Р-9106-3-5803-5929+++фільтраційні справи, State Security Records, Poltava - 1942-1950_Р-9106-3-5803-5929_1940–1950)"" does not single out one of 127 candidate files"
copy-ambiguous,file,https://www.familysearch.org/en/records/images/search-results?imageGroupNumbers=108277364,"parsed ""ДАПО-(Р-9106-3-4266-4413+++Р-9106-3-4266-4413+++фільтраційні справи, State Security Records, Poltava - 1942-1950_Р-9106-3-4266-4413_1940–1950)"" does not single out one of 148 candidate files"
copy-ambiguous,file,https://www.familysearch.org/en/records/images/search-results?imageGroupNumbers=108277365,"parsed ""ДАПО-(Р-9106-3-2689-2844+++Р-9106-3-2689-2844+++фільтраційні справи, State Security Records, Poltava - 1942-1950_Р-9106-3-2689-2844_1940–1950)"" does not single out one of 156 candidate files"
copy-ambiguous,file,https://www.familysearch.org/en/records/images/search-results?imageGroupNumbers=108277366,"parsed ""ДАПО-(Р-9106-3-4114-4265+++Р-9106-3-4114-4265+++фільтраційні справи, State Security Records, Poltava - 1942-1950_Р-9106-3-4114-4265_1940–1950)"" does not single out one of 152 candidate files"
copy-ambiguous,file,https://www.familysearch.org/en/records/images/search-results?imageGroupNumbers=108277367,"parsed ""ДАПО-(Р-9106-3-5042-5195+++Р-9106-3-5042-5195+++фільтраційні справи, State Security Records, Poltava - 1942-1950_Р-9106-3-5042-5195_1940–1950)"" does not single out one of 154 candidate files"
copy-ambiguous,file,https://www.familysearch.org/en/records/images/search-results?imageGroupNumbers=108277368,"parsed ""ДАПО-(Р-9106-3-5680-5802+++Р-9106-3-5680-5802+++фільтраційні справи, State Security Records, Poltava - 1942-1950_Р-9106-3-5680-5802_1940–1950)"" does not single out one of 123 candidate files"
copy-ambiguous,file,https://www.familysearch.org/en/records/images/search-results?imageGroupNumbers=108277456,"parsed ""ДАПО-(Р-9106-3-2239-2385+++Р-9106-3-2239-2385+++Фільтраційні справи, State Security Records, Poltava - 1942-1950_Р-9106-3-2239-2385_1940–1950)"" does not single out one of 147 candidate files"
copy-ambiguous,file,https://www.familysearch.org/en/records/images/search-results?imageGroupNumbers=108277457,"parsed ""ДАПО-(Р-9106-3-5357-5513+++Р-9106-3-5357-5513+++Фільтраційні справи, State Security Records, Poltava - 1942-1950_Р-9106-3-5357-5513_1940–1950)"" does not single out one of 157 candidate files"
copy-ambiguous,file,https://www.familysearch.org/en/records/images/search-results?imageGroupNumbers=108277458,"parsed ""ДАПО-(Р-9106-3-3960-4113+++Р-9106-3-3960-4113+++Фільтраційні справи, State Security Records, Poltava - 1942-1950_Р-9106-3-3960-4113_1940–1950)"" does not single out one of 154 candidate files"
copy-ambiguous,file,https://www.familysearch.org/en/records/images/search-results?imageGroupNumbers=108277459,"parsed ""ДАПО-(Р-9106-3-3758-3958+++Р-9106-3-3758-3958+++Фільтраційні справи, State Security Records, Poltava - 1942-1950_Р-9106-3-3758-3958_1940–1950)"" does not single out one of 201 candidate files"
copy-ambiguous,file,https://www.familysearch.org/en/records/images/search-results?imageGroupNumbers=108277460,"parsed ""ДАПО-(Р-9106-3-6691-6867+++Р-9106-3-6691-6867+++Фільтраційні справи, State Security Records, Poltava - 1942-1950_Р-9106-3-6691-6867_1940–1950)"" does not single out one of 177 candidate files"
copy-ambiguous,file,https://www.familysearch.org/en/records/images/search-results?imageGroupNumbers=108277461,"parsed ""ДАПО-(Р-9106-3-5932-6064+++Р-9106-3-5932-6064+++Фільтраційні справи, State Security Records, Poltava - 1942-1950_Р-9106-3-5932-6064_1940–1950)"" does not single out one of 133 candidate files"
copy-ambiguous,file,https://www.familysearch.org/en/records/images/search-results?imageGroupNumbers=108277462,"parsed ""ДАПО-(Р-9106-3-5514-5679+++Р-9106-3-5514-5679+++Фільтраційні справи, State Security Records, Poltava - 1942-1950_Р-9106-3-5514-5679_1940–1950)"" does not single out one of 166 candidate files"
copy-ambiguous,file,https://www.familysearch.org/en/records/images/search-results?imageGroupNumbers=108277463,"parsed ""ДАПО-(Р-9106-3-6065-6260+++Р-9106-3-6065-6260+++Фільтраційні справи, State Security Records, Poltava - 1942-1950_Р-9106-3-6065-6260_1940–1950)"" does not single out one of 196 candidate files"
copy-ambiguous,file,https://www.familysearch.org/en/records/images/search-results?imageGroupNumbers=108277464,"parsed ""ДАПО-(Р-9106-3-6567-6690+++Р-9106-3-6567-6690+++Фільтраційні справи, State Security Records, Poltava - 1942-1950_Р-9106-3-6567-6690_1940–1950)"" does not single out one of 124 candidate files"
copy-ambiguous,file,https://www.familysearch.org/en/records/images/search-results?imageGroupNumbers=108293298,"parsed ""ДАПО-(р-9106-4-1682-1823+++р-9106-4-1682-1823+++Фільтраційні справи, State Security Records, Poltava - 1942-1950_р-9106-4-1682-1823_1940–1950)"" does not single out one of 142 candidate files"
copy-ambiguous,file,https://www.familysearch.org/en/records/images/search-results?imageGroupNumbers=108293299,"parsed ""ДАПО-(Р-9106-3-3480-3617+++Р-9106-3-3480-3617+++Фільтраційні справи, State Security Records, Poltava - 1942-1950_Р-9106-3-3480-3617_1940–1950)"" does not single out one of 138 candidate files"
copy-ambiguous,file,https://www.familysearch.org/en/records/images/search-results?imageGroupNumbers=108293300,"parsed ""ДАПО-(р-9106-3-4897-5041+++р-9106-3-4897-5041+++Фільтраційні справи, State Security Records, Poltava - 1942-1950_р-9106-3-4897-5041_1940–1950)"" does not single out one of 145 candidate files"
copy-ambiguous,file,https://www.familysearch.org/en/records/images/search-results?imageGroupNumbers=108293301,"parsed ""ДАПО-(р-9106-3-4727-4896+++р-9106-3-4727-4896+++Фільтраційні справи, State Security Records, Poltava - 1942-1950_р-9106-3-4727-4896_1940–1950)"" does not single out one of 170 candidate files"
copy-ambiguous,file,https://www.familysearch.org/en/records/images/search-results?imageGroupNumbers=108293302,"parsed ""ДАПО-(р-9106-4-1230-1368+++р-9106-4-1230-1368+++Фільтраційні справи, State Security Records, Poltava - 1942-1950_р-9106-4-1230-1368_1940–1950)"" does not single out one of 139 candidate files"
copy-ambiguous,file,https://www.familysearch.org/en/records/images/search-results?imageGroupNumbers=108293303,"parsed ""ДАПО-(р-9106-4-1-168а+++р-9106-4-1-168а+++Фільтраційні справи, State Security Records, Poltava - 1942-1950_р-9106-4-1-168а_1940–1950)"" does not single out one of 168 candidate files"
copy-ambiguous,file,https://www.familysearch.org/en/records/images/search-results?imageGroupNumbers=108293304,"parsed ""ДАПО-(Р-9106-4-1067-1226+++Р-9106-4-1067-1226+++Фільтраційні справи, State Security Records, Poltava - 1942-1950_Р-9106-4-1067-1226_1940–1950)"" does not single out one of 160 candidate files"
copy-ambiguous,file,https://www.familysearch.org/en/records/images/search-results?imageGroupNumbers=108314801,"parsed ""ДАПО-(Р-9106-3-6869-7048+++Р-9106-3-6869-7048+++Фільтраційні справи, State Security Records, Poltava - 1942-1950_Р-9106-3-6869-7048_1940–1950)"" does not single out one of 180 candidate files"
copy-ambiguous,file,https://www.familysearch.org/en/records/images/search-results?imageGroupNumbers=108314949,"parsed ""ДАПО-(Р-9106-3-7049-7178+++Р-9106-3-7049-7178+++Фільтраційні справи, State Security Records, Poltava - 1942-1950_Р-9106-3-7049-7178_1940–1950)"" does not single out one of 130 candidate files"
copy-ambiguous,file,https://www.familysearch.org/en/records/images/search-results?imageGroupNumbers=108315068,"parsed ""ДАПО-(Р-9106-4-169-338+++Р-9106-4-169-338+++Фільтраційні справи, State Security Records, Poltava - 1942-1950_Р-9106-4-169-338_1940–1950)"" does not single out one of 170 candidate files"
copy-ambiguous,file,https://www.familysearch.org/en/records/images/search-results?imageGroupNumbers=108315075,"parsed ""ДАПО-(Р-9106-4-340-502+++Р-9106-4-340-502+++Фільтраційні справи, State Security Records, Poltava - 1942-1950_Р-9106-4-340-502_1940–1950)"" does not single out one of 163 candidate files"
copy-ambiguous,file,https://www.familysearch.org/en/records/images/search-results?imageGroupNumbers=108315106,"parsed ""ДАПО-(Р-9106-4-503-706+++Р-9106-4-503-706+++Фільтраційні справи, State Security Records, Poltava - 1942-1950_Р-9106-4-503-706_1940–1950)"" does not single out one of 204 candidate files"
copy-ambiguous,file,https://www.familysearch.org/en/records/images/search-results?imageGroupNumbers=108315108,"parsed ""ДАПО-(Р-9106-4-2024-2173+++Р-9106-4-2024-2173+++Фільтраційні справи, State Security Records, Poltava - 1942-1950_Р-9106-4-2024-2173_1940–1950)"" does not single out one of 150 candidate files"
copy-ambiguous,file,https://www.familysearch.org/en/records/images/search-results?imageGroupNumbers=108315110,"parsed ""ДАПО-(Р-9106-4-2174-2333+++Р-9106-4-2174-2333+++Фільтраційні справи, State Security Records, Poltava - 1942-1950_Р-9106-4-2174-2333_1940–1950)"" does not single out one of 160 candidate files"
copy-ambiguous,file,https://www.familysearch.org/en/records/images/search-results?imageGroupNumbers=108315171,"parsed ""ДАПО-(р-9106-4-1824-2022+++р-9106-4-1824-2022+++Фільтраційні справи, State Security Records, Poltava - 1942-1950_р-9106-4-1824-2022_1940–1950)"" does not single out one of 199 candidate files"
copy-ambiguous,file,https://www.familysearch.org/en/records/images/search-results?imageGroupNumbers=108315172,"parsed ""ДАПО-(р-9106-4-2635-2785+++р-9106-4-2635-2785+++Фільтраційні справи, State Security Records, Poltava - 1942-1950_р-9106-4-2635-2785_1940–1950)"" does not single out one of 151 candidate files"
copy-ambiguous,file,https://www.familysearch.org/en/records/images/search-results?imageGroupNumbers=108315173,"parsed ""ДАПО-(р-9106-4-2787-2953+++р-9106-4-2787-2953+++Фільтраційні справи, State Security Records, Poltava - 1942-1950_р-9106-4-2787-2953_1940–1950)"" does not single out one of 167 candidate files"
copy-ambiguous,file,https://www.familysearch.org/en/records/images/search-results?imageGroupNumbers=108315174,"parsed ""ДАПО-(Р-9106-3-4414-4581+++Р-9106-3-4414-4581+++Фільтраційні справи, State Security Records, Poltava - 1942-1950_Р-9106-3-4414-4581_1940–1950)"" does not single out one of 168 candidate files"
copy-ambiguous,file,https://www.familysearch.org/en/records/images/search-results?imageGroupNumbers=108315175,"parsed ""ДАПО-(Р-9106-3-4583-4726+++Р-9106-3-4583-4726+++Фільтраційні справи, State Security Records, Poltava - 1942-1950_Р-9106-3-4583-4726_1940–1950)"" does not single out one of 144 candidate files"
copy-ambiguous,file,https://www.familysearch.org/en/records/images/search-results?imageGroupNumbers=108315176,"parsed ""ДАПО-(Р-9106-4-1377-1526+++Р-9106-4-1377-1526+++Фільтраційні справи, State Security Records, Poltava - 1942-1950_Р-9106-4-1377-1526_1940–1950)"" does not single out one of 150 candidate files"
copy-ambiguous,file,https://www.familysearch.org/en/records/images/search-results?imageGroupNumbers=108315177,"parsed ""ДАПО-(Р-9106-4-1528-1681+++Р-9106-4-1528-1681+++Фільтраційні справи, State Security Records, Poltava - 1942-1950_Р-9106-4-1528-1681_1940–1950)"" does not single out one of 154 candidate files"
copy-ambiguous,file,https://www.familysearch.org/en/records/images/search-results?imageGroupNumbers=108315178,"parsed ""ДАПО-(Р-9106-4-2954-3107+++Р-9106-4-2954-3107+++Фільтраційні справи, State Security Records, Poltava - 1942-1950_Р-9106-4-2954-3107_1940–1950)"" does not single out one of 154 candidate files"
copy-ambiguous,file,https://www.familysearch.org/en/records/images/search-results?imageGroupNumbers=108315179,"parsed ""ДАПО-(Р-9106-4-3108-3262+++Р-9106-4-3108-3262+++Фільтраційні справи, State Security Records, Poltava - 1942-1950_Р-9106-4-3108-3262_1940–1950)"" does not single out one of 155 candidate files"
copy-ambiguous,file,https://www.familysearch.org/en/records/images/search-results?imageGroupNumbers=108317543,"parsed ""ДАПО-(Р-9106-3-7180-7331+++Р-9106-3-7180-7331+++Фільтраційні справи, State Security Records, Poltava - 1942-1950_Р-9106-3-7180-7331_1940–1950)"" does not single out one of 152 candidate files"
copy-ambiguous,file,https://www.familysearch.org/en/records/images/search-results?imageGroupNumbers=108317894,"parsed ""ДАПО-(Р-9106-3-7334-7494+++Р-9106-3-7334-7494+++Фільтраційні справи, State Security Records, Poltava - 1942-1950_Р-9106-3-7334-7494_1940–1950)"" does not single out one of 161 candidate files"
copy-ambiguous,file,https://www.familysearch.org/en/records/images/search-results?imageGroupNumbers=108318262,"parsed ""ДАПО-(Р-9106-3-7671-7815+++Р-9106-3-7671-7815+++Фільтраційні справи, State Security Records, Poltava - 1942-1950_Р-9106-3-7671-7815_1940–1950)"" does not single out one of 145 candidate files"
copy-ambiguous,file,https://www.familysearch.org/en/records/images/search-results?imageGroupNumbers=108318409,"parsed ""ДАПО-(Р-9106-3-7495-7670+++Р-9106-3-7495-7670+++Фільтраційні справи, State Security Records, Poltava - 1942-1950_Р-9106-3-7495-7670_1940–1950)"" does not single out one of 176 candidate files"
copy-ambiguous,file,https://www.familysearch.org/en/records/images/search-results?imageGroupNumbers=108318412,"parsed ""ДАПО-(р 9106-4-886-1066+++р 9106-4-886-1066+++Фільтраційні справи, State Security Records, Poltava - 1942-1950_р 9106-4-886-1066_1940–1950)"" does not single out one of 181 candidate files"
copy-ambiguous,file,https://www.familysearch.org/en/records/images/search-results?imageGroupNumbers=108318440,"parsed ""ДАПО-(Р-9106-4-710-885+++Р-9106-4-710-885+++Фільтраційні справи, State Security Records, Poltava - 1942-1950_Р-9106-4-710-885_1940–1950)"" does not single out one of 176 candidate files"
copy-ambiguous,file,https://www.familysearch.org/en/records/images/search-results?imageGroupNumbers=108318465,"parsed ""ДАПО-(Р-9106-4-2335-2495+++Р-9106-4-2335-2495+++Фільтраційні справи, State Security Records, Poltava - 1942-1950_Р-9106-4-2335-2495_1940–1950)"" does not single out one of 161 candidate files"
copy-ambiguous,file,https://www.familysearch.org/en/records/images/search-results?imageGroupNumbers=108318497,"parsed ""ДАПО-(Р-9106-4-2498-2634+++Р-9106-4-2498-2634+++Фільтраційні справи, State Security Records, Poltava - 1942-1950_Р-9106-4-2498-2634_1940–1950)"" does not single out one of 137 candidate files"
copy-ambiguous,file,https://www.familysearch.org/en/records/images/search-results?imageGroupNumbers=108328656,"parsed ""ДАПО-(Р-9106-4-3941-4080+++Р-9106-4-3941-4080+++Фільтраційні справи, State Security Records, Poltava - 1942-1950_Р-9106-4-3941-4080_1940–1950)"" does not single out one of 140 candidate files"
copy-ambiguous,file,https://www.familysearch.org/en/records/images/search-results?imageGroupNumbers=108328657,"parsed ""ДАПО-(Р-9106-4-5374-5504+++Р-9106-4-5374-5504+++Фільтраційні справи, State Security Records, Poltava - 1942-1950_Р-9106-4-5374-5504_1940–1950)"" does not single out one of 131 candidate files"
copy-ambiguous,file,https://www.familysearch.org/en/records/images/search-results?imageGroupNumbers=108328658,"parsed ""ДАПО-(Р-9106-4-5506-5651+++Р-9106-4-5506-5651+++Фільтраційні справи, State Security Records, Poltava - 1942-1950_Р-9106-4-5506-5651_1940–1950)"" does not single out one of 146 candidate files"
copy-ambiguous,file,https://www.familysearch.org/en/records/images/search-results?imageGroupNumbers=108328659,"parsed ""ДАПО-(Р-9106-4-4081-4224+++Р-9106-4-4081-4224+++Фільтраційні справи, State Security Records, Poltava - 1942-1950_Р-9106-4-4081-4224_1940–1950)"" does not single out one of 144 candidate files"
copy-ambiguous,file,https://www.familysearch.org/en/records/images/search-results?imageGroupNumbers=108328660,"parsed ""ДАПО-(Р-9106-4-5931-6097+++Р-9106-4-5931-6097+++Фільтраційні справи, State Security Records, Poltava - 1942-1950_Р-9106-4-5931-6097_1940–1950)"" does not single out one of 167 candidate files"
copy-ambiguous,file,https://www.familysearch.org/en/records/images/search-results?imageGroupNumbers=108329380,"parsed ""ДАПО-(Р-9106-5-3615-3729+++Р-9106-5-3615-3729+++Фільтраційні справи, State Security Records, Poltava - 1942-1950_Р-9106-5-3615-3729_1940–1950)"" does not single out one of 115 candidate files"
copy-ambiguous,file,https://www.familysearch.org/en/records/images/search-results?imageGroupNumbers=108329381,"parsed ""ДАПО-(Р-9106-5-4615-4739+++Р-9106-5-4615-4739+++Фільтраційні справи, State Security Records, Poltava - 1942-1950_Р-9106-5-4615-4739_1940–1950)"" does not single out one of 125 candidate files"
copy-ambiguous,file,https://www.familysearch.org/en/records/images/search-results?imageGroupNumbers=108329382,"parsed ""ДАПО-(Р-9106-4-3264-3415+++Р-9106-4-3264-3415+++Фільтраційні справи, State Security Records, Poltava - 1942-1950_Р-9106-4-3264-3415_1940–1950)"" does not single out one of 152 candidate files"
copy-ambiguous,file,https://www.familysearch.org/en/records/images/search-results?imageGroupNumbers=108329383,"parsed ""ДАПО-(Р-9106-5-2103-2215+++Р-9106-5-2103-2215+++Фільтраційні справи, State Security Records, Poltava - 1942-1950_Р-9106-5-2103-2215_1940–1950)"" does not single out one of 113 candidate files"
copy-ambiguous,file,https://www.familysearch.org/en/records/images/search-results?imageGroupNumbers=108329384,"parsed ""ДАПО-(Р-9106-4-4225-4387+++Р-9106-4-4225-4387+++Фільтраційні справи, State Security Records, Poltava - 1942-1950_Р-9106-4-4225-4387_1940–1950)"" does not single out one of 163 candidate files"
copy-ambiguous,file,https://www.familysearch.org/en/records/images/search-results?imageGroupNumbers=108329385,"parsed ""ДАПО-(Р-9106-4-4388-4518+++Р-9106-4-4388-4518+++Фільтраційні справи, State Security Records, Poltava - 1942-1950_Р-9106-4-4388-4518_1940–1950)"" does not single out one of 131 candidate files"
copy-ambiguous,file,https://www.familysearch.org/en/records/images/search-results?imageGroupNumbers=108329386,"parsed ""ДАПО-(Р-9106-5-1-124+++Р-9106-5-1-124+++Фільтраційні справи, State Security Records, Poltava - 1942-1950_Р-9106-5-1-124_1940–1950)"" does not single out one of 124 candidate files"
copy-ambiguous,file,https://www.familysearch.org/en/records/images/search-results?imageGroupNumbers=108329387,"parsed ""ДАПО-(Р-9106-5-2335-2489+++Р-9106-5-2335-2489+++Фільтраційні справи, State Security Records, Poltava - 1942-1950_Р-9106-5-2335-2489_1940–1950)"" does not single out one of 155 candidate files"
copy-ambiguous,file,https://www.familysearch.org/en/records/images/search-results?imageGroupNumbers=108329388,"parsed ""ДАПО-(Р-9106-5-2491-2658+++Р-9106-5-2491-2658+++Фільтраційні справи, State Security Records, Poltava - 1942-1950_Р-9106-5-2491-2658_1940–1950)"" does not single out one of 168 candidate files"
copy-ambiguous,file,https://www.familysearch.org/en/records/images/search-results?imageGroupNumbers=108329389,"parsed ""ДАПО-(Р-9106-5-125-241+++Р-9106-5-125-241+++Фільтраційні справи, State Security Records, Poltava - 1942-1950_Р-9106-5-125-241_1940–1950)"" does not single out one of 117 candidate files"
copy-ambiguous,file,https://www.familysearch.org/en/records/images/search-results?imageGroupNumbers=108329390,"parsed ""ДАПО-(Р-9106-5-242-371+++Р-9106-5-242-371+++Фільтраційні справи, State Security Records, Poltava - 1942-1950_Р-9106-5-242-371_1940–1950)"" does not single out one of 130 candidate files"
copy-ambiguous,file,https://www.familysearch.org/en/records/images/search-results?imageGroupNumbers=108329391,"parsed ""ДАПО-(Р-9106-4-3416-3624+++Р-9106-4-3416-3624+++Фільтраційні справи, State Security Records, Poltava - 1942-1950_Р-9106-4-3416-3624_1940–1950)"" does not single out one of 209 candidate files"
copy-ambiguous,file,https://www.familysearch.org/en/records/images/search-results?imageGroupNumbers=108329392,"parsed ""ДАПО-(Р-9106-5-372-515+++Р-9106-5-372-515+++Фільтраційні справи, State Security Records, Poltava - 1942-1950_Р-9106-5-372-515_1940–1950)"" does not single out one of 144 candidate files"
copy-ambiguous,file,https://www.familysearch.org/en/records/images/search-results?imageGroupNumbers=108329393,"parsed ""ДАПО-(Р-9106-5-2217-2334+++Р-9106-5-2217-2334+++Фільтраційні справи, State Security Records, Poltava - 1942-1950_Р-9106-5-2217-2334_1940–1950)"" does not single out one of 118 candidate files"
copy-ambiguous,file,https://www.familysearch.org/en/records/images/search-results?imageGroupNumbers=108329394,"parsed ""ДАПО-(Р-9106-5-3504-3613+++Р-9106-5-3504-3613+++Фільтраційні справи, State Security Records, Poltava - 1942-1950_Р-9106-5-3504-3613_1940–1950)"" does not single out one of 110 candidate files"
copy-ambiguous,file,https://www.familysearch.org/en/records/images/search-results?imageGroupNumbers=108329395,"parsed ""ДАПО-(Р-9106-4-3625-3786+++Р-9106-4-3625-3786+++фільтраційні справи, State Security Records, Poltava - 1942-1950_Р-9106-4-3625-3786_1940–1950)"" does not single out one of 162 candidate files"
copy-ambiguous,file,https://www.familysearch.org/en/records/images/search-results?imageGroupNumbers=108329396,"parsed ""ДАПО-(Р-9106-4-3787-3940+++Р-9106-4-3787-3940+++фільтраційні справи, State Security Records, Poltava - 1942-1950_Р-9106-4-3787-3940_1940–1950)"" does not single out one of 154 candidate files"
copy-ambiguous,file,https://www.familysearch.org/en/records/images/search-results?imageGroupNumbers=108329397,"parsed ""ДАПО-(Р-9106-4-6441-6597+++Р-9106-4-6441-6597+++фільтраційні справи, State Security Records, Poltava - 1942-1950_Р-9106-4-6441-6597_1940–1950)"" does not single out one of 157 candidate files"
copy-ambiguous,file,https://www.familysearch.org/en/records/images/search-results?imageGroupNumbers=108329398,"parsed ""ДАПО-(Р-9106-5-4232-4370+++Р-9106-5-4232-4370+++Фільтраційні справи,State Security Records, Poltava - 1942-1950_Р-9106-5-4232-4370_1940–1950)"" does not single out one of 139 candidate files"
copy-ambiguous,file,https://www.familysearch.org/en/records/images/search-results?imageGroupNumbers=108329399,"parsed ""ДАПО-(Р-9106-5-1200-1329+++Р-9106-5-1200-1329+++фільтраційні справи, State Security Records, Poltava - 1942-1950_Р-9106-5-1200-1329_1940–1950)"" does not single out one of 130 candidate files"
copy-ambiguous,file,https://www.familysearch.org/en/records/images/search-results?imageGroupNumbers=108329400,"parsed ""ДАПО-(Р-9106-5-3845-3998+++Р-9106-5-3845-3998+++Фільтраційні справи, State Security Records, Poltava - 1942-1950_Р-9106-5-3845-3998_1940–1950)"" does not single out one of 154 candidate files"
copy-ambiguous,file,https://www.familysearch.org/en/records/images/search-results?imageGroupNumbers=108329401,"parsed ""ДАПО-(Р-9106-5-1053-1199+++Р-9106-5-1053-1199+++фільтраційні справи, State Security Records, Poltava - 1942-1950_Р-9106-5-1053-1199_1940–1950)"" does not single out one of 147 candidate files"
copy-ambiguous,file,https://www.familysearch.org/en/records/images/search-results?imageGroupNumbers=108329402,"parsed ""ДАПО-(Р-9106-5-617-774+++Р-9106-5-617-774+++Фільтраційні справи, State Security Records, Poltava - 1942-1950_Р-9106-5-617-774_1940–1950)"" does not single out one of 158 candidate files"
copy-ambiguous,file,https://www.familysearch.org/en/records/images/search-results?imageGroupNumbers=108329403,"parsed ""ДАПО-(Р-9106-4-4519-4653+++Р-9106-4-4519-4653+++Фільтраційні справи, State Security Records, Poltava - 1942-1950_Р-9106-4-4519-4653_1940–1950)"" does not single out one of 135 candidate files"
copy-ambiguous,file,https://www.familysearch.org/en/records/images/search-results?imageGroupNumbers=108329404,"parsed ""ДАПО-(Р-9106-5-1736-1853+++Р-9106-5-1736-1853+++фільтраційні справи, State Security Records, Poltava - 1942-1950_Р-9106-5-1736-1853_1940–1950)"" does not single out one of 118 candidate files"
copy-ambiguous,file,https://www.familysearch.org/en/records/images/search-results?imageGroupNumbers=108329405,"parsed ""ДАПО-(Р-9106-5-1604-1732+++Р-9106-5-1604-1732+++фільтраційні справи, State Security Records, Poltava - 1942-1950_Р-9106-5-1604-1732_1940–1950)"" does not single out one of 129 candidate files"
copy-ambiguous,file,https://www.familysearch.org/en/records/images/search-results?imageGroupNumbers=108329406,"parsed ""ДАПО-(Р-9106-5-3734-3844+++Р-9106-5-3734-3844+++фільтраційні справи, State Security Records, Poltava - 1942-1950_Р-9106-5-3734-3844_1940–1950)"" does not single out one of 111 candidate files"
copy-ambiguous,file,https://www.familysearch.org/en/records/images/search-results?imageGroupNumbers=108329407,"parsed ""ДАПО-(Р-9106-5-2659-2783+++Р-9106-5-2659-2783+++Фільтраційні справи, State Security Records, Poltava - 1942-1950_Р-9106-5-2659-2783_1940–1950)"" does not single out one of 125 candidate files"
copy-ambiguous,file,https://www.familysearch.org/en/records/images/search-results?imageGroupNumbers=108329408,"parsed ""ДАПО-(Р-9106-4-6271-6439+++Р-9106-4-6271-6439+++фільтраційні справи, State Security Records, Poltava - 1942-1950_Р-9106-4-6271-6439_1940–1950)"" does not single out one of 169 candidate files"
copy-ambiguous,file,https://www.familysearch.org/en/records/images/search-results?imageGroupNumbers=108329409,"parsed ""ДАПО-(Р-9106-4-4655-4795+++Р-9106-4-4655-4795+++фільтраційні справи, State Security Records, Poltava - 1942-1950_Р-9106-4-4655-4795_1940–1950)"" does not single out one of 141 candidate files"
copy-ambiguous,file,https://www.familysearch.org/en/records/images/search-results?imageGroupNumbers=108329410,"parsed ""ДАПО-(Р-9106-5-2784-2938+++Р-9106-5-2784-2938+++Фільтраційні справи, State Security Records, Poltava - 1942-1950_Р-9106-5-2784-2938_1940–1950)"" does not single out one of 155 candidate files"
copy-ambiguous,file,https://www.familysearch.org/en/records/images/search-results?imageGroupNumbers=108329411,"parsed ""ДАПО-(Р-9106-5-516-616+++Р-9106-5-516-616+++Фільтраційні справи, State Security Records, Poltava - 1942-1950_Р-9106-5-516-616_1940–1950)"" does not single out one of 101 candidate files"
copy-ambiguous,file,https://www.familysearch.org/en/records/images/search-results?imageGroupNumbers=108352522,"parsed ""ДАПО-(Р-9106-5-4372-4487+++Р-9106-5-4372-4487+++фільтраційні справи, State Security Records, Poltava - 1942-1950_Р-9106-5-4372-4487_1940–1950)"" does not single out one of 116 candidate files"
copy-ambiguous,file,https://www.familysearch.org/en/records/images/search-results?imageGroupNumbers=108352523,"parsed ""ДАПО-(Р-9106-5-4740-4856+++Р-9106-5-4740-4856+++фільтраційні справи, State Security Records, Poltava - 1942-1950_Р-9106-5-4740-4856_1940–1950)"" does not single out one of 117 candidate files"
copy-ambiguous,file,https://www.familysearch.org/en/records/images/search-results?imageGroupNumbers=108352524,"parsed ""ДАПО-(Р-9106-5-4857-4981+++Р-9106-5-4857-4981+++Фільтраційні справи, State Security Records, Poltava - 1942-1950_Р-9106-5-4857-4981_1940–1950)"" does not single out one of 125 candidate files"
copy-ambiguous,file,https://www.familysearch.org/en/records/images/search-results?imageGroupNumbers=108355262,"parsed ""ДАПО-(р-9106-5-7779-7918+++р-9106-5-7779-7918+++Фільтраційні справи, State Security Records, Poltava - 1942-1950_р-9106-5-7779-7918_1940–1950)"" does not single out one of 140 candidate files"
copy-ambiguous,file,https://www.familysearch.org/en/records/images/search-results?imageGroupNumbers=108355263,"parsed ""ДАПО-(р-9106-5-5736-5841+++р-9106-5-5736-5841+++Фільтраційні справи, State Security Records, Poltava - 1942-1950_р-9106-5-5736-5841_1940–1950)"" does not single out one of 106 candidate files"
copy-ambiguous,file,https://www.familysearch.org/en/records/images/search-results?imageGroupNumbers=108355264,"parsed ""ДАПО-(р-9106-5-3056-3188+++р-9106-5-3056-3188+++Фільтраційні справи, State Security Records, Poltava - 1942-1950_р-9106-5-3056-3188_1940–1950)"" does not single out one of 133 candidate files"
copy-ambiguous,file,https://www.familysearch.org/en/records/images/search-results?imageGroupNumbers=108355265,"parsed ""ДАПО-(р-9106-5-5842-5947+++р-9106-5-5842-5947+++Фільтраційні справи, State Security Records, Poltava - 1942-1950_р-9106-5-5842-5947_1940–1950)"" does not single out one of 106 candidate files"
copy-ambiguous,file,https://www.familysearch.org/en/records/images/search-results?imageGroupNumbers=108355266,"parsed ""ДАПО-(р-9106-5-6646-6799+++р-9106-5-6646-6799+++Фільтраційні справи, State Security Records, Poltava - 1942-1950_р-9106-5-6646-6799_1940–1950)"" does not single out one of 154 candidate files"
copy-ambiguous,file,https://www.familysearch.org/en/records/images/search-results?imageGroupNumbers=108355267,"parsed ""ДАПО-(р-9106-5-3999-4115+++р-9106-5-3999-4115+++Фільтраційні справи, State Security Records, Poltava - 1942-1950_р-9106-5-3999-4115_1940–1950)"" does not single out one of 117 candidate files"
copy-ambiguous,file,https://www.familysearch.org/en/records/images/search-results?imageGroupNumbers=108355268,"parsed ""ДАПО-(р-9106-5-6800-6920+++р-9106-5-6800-6920+++Фільтраційні справи, State Security Records, Poltava - 1942-1950_р-9106-5-6800-6920_1940–1950)"" does not single out one of 121 candidate files"
copy-ambiguous,file,https://www.familysearch.org/en/records/images/search-results?imageGroupNumbers=108355269,"parsed ""ДАПО-(р-9106-5-5344-5476+++р-9106-5-5344-5476+++Фільтраційні справи, State Security Records, Poltava - 1942-1950_р-9106-5-5344-5476_1940–1950)"" does not single out one of 133 candidate files"
copy-ambiguous,file,https://www.familysearch.org/en/records/images/search-results?imageGroupNumbers=108355270,"parsed ""ДАПО-(р-9106-5-5222-5343+++р-9106-5-5222-5343+++Фільтраційні справи, State Security Records, Poltava - 1942-1950_р-9106-5-5222-5343_1940–1950)"" does not single out one of 122 candidate files"
copy-ambiguous,file,https://www.familysearch.org/en/records/images/search-results?imageGroupNumbers=108355271,"parsed ""ДАПО-(р-9106-5-4117-4231+++р-9106-5-4117-4231+++Фільтраційні справи, State Security Records, Poltava - 1942-1950_р-9106-5-4117-4231_1940–1950)"" does not single out one of 115 candidate files"
copy-ambiguous,file,https://www.familysearch.org/en/records/images/search-results?imageGroupNumbers=108357750,"parsed ""ДАПО-(р-9106-4-4797-4938+++р-9106-4-4797-4938+++Фільтраційні справи, State Security Records, Poltava - 1942-1950_р-9106-4-4797-4938_1940–1950)"" does not single out one of 142 candidate files"
copy-ambiguous,file,https://www.familysearch.org/en/records/images/search-results?imageGroupNumbers=108357751,"parsed ""ДАПО-(р-9106-4-4939-5092+++р-9106-4-4939-5092+++Фільтраційні справи, State Security Records, Poltava - 1942-1950_р-9106-4-4939-5092_1940–1950)"" does not single out one of 154 candidate files"
copy-ambiguous,file,https://www.familysearch.org/en/records/images/search-results?imageGroupNumbers=108357752,"parsed ""ДАПО-(р-9106-4-5095-5222+++р-9106-4-5095-5222+++Фільтраційні справи, State Security Records, Poltava - 1942-1950_р-9106-4-5095-5222_1940–1950)"" does not single out one of 128 candidate files"
copy-ambiguous,file,https://www.familysearch.org/en/records/images/search-results?imageGroupNumbers=108357753,"parsed ""ДАПО-(р-9106-4-5223-5373+++р-9106-4-5223-5373+++Фільтраційні справи, State Security Records, Poltava - 1942-1950_р-9106-4-5223-5373_1940–1950)"" does not single out one of 151 candidate files"
copy-ambiguous,file,https://www.familysearch.org/en/records/images/search-results?imageGroupNumbers=108357754,"parsed ""ДАПО-(р-9106-4-5652-5791+++р-9106-4-5652-5791+++Фільтраційні справи, State Security Records, Poltava - 1942-1950_р-9106-4-5652-5791_1940–1950)"" does not single out one of 140 candidate files"
copy-ambiguous,file,https://www.familysearch.org/en/records/images/search-results?imageGroupNumbers=108357755,"parsed ""ДАПО-(р-9106-4-5792-5930+++р-9106-4-5792-5930+++Фільтраційні справи, State Security Records, Poltava - 1942-1950_р-9106-4-5792-5930_1940–1950)"" does not single out one of 139 candidate files"
copy-ambiguous,file,https://www.familysearch.org/en/records/images/search-results?imageGroupNumbers=108357756,"parsed ""ДАПО-(р-9106-5-775-922+++р-9106-5-775-922+++Фільтраційні справи, State Security Records, Poltava - 1942-1950_р-9106-5-775-922_1940–1950)"" does not single out one of 148 candidate files"
copy-ambiguous,file,https://www.familysearch.org/en/records/images/search-results?imageGroupNumbers=108357757,"parsed ""ДАПО-(р-9106-5-925-1052+++р-9106-5-925-1052+++Фільтраційні справи, State Security Records, Poltava - 1942-1950_р-9106-5-925-1052_1940–1950)"" does not single out one of 128 candidate files"
copy-ambiguous,file,https://www.familysearch.org/en/records/images/search-results?imageGroupNumbers=108357758,"parsed ""ДАПО-(р-9106-5-1330-1469+++р-9106-5-1330-1469+++Фільтраційні справи, State Security Records, Poltava - 1942-1950_р-9106-5-1330-1469_1940–1950)"" does not single out one of 140 candidate files"
copy-ambiguous,file,https://www.familysearch.org/en/records/images/search-results?imageGroupNumbers=108357759,"parsed ""ДАПО-(р-9106-5-1470-1603а+++р-9106-5-1470-1603а+++Фільтраційні справи, State Security Records, Poltava - 1942-1950_р-9106-5-1470-1603а_1940–1950)"" does not single out one of 134 candidate files"
copy-ambiguous,file,https://www.familysearch.org/en/records/images/search-results?imageGroupNumbers=108357760,"parsed ""ДАПО-(р-9106-5-2939-3055+++р-9106-5-2939-3055+++Фільтраційні справи, State Security Records, Poltava - 1942-1950_р-9106-5-2939-3055_1940–1950)"" does not single out one of 117 candidate files"
copy-ambiguous,file,https://www.familysearch.org/en/records/images/search-results?imageGroupNumbers=108357761,"parsed ""ДАПО-(р-9106-5-3189-3330+++р-9106-5-3189-3330+++Фільтраційні справи, State Security Records, Poltava - 1942-1950_р-9106-5-3189-3330_1940–1950)"" does not single out one of 142 candidate files"
copy-ambiguous,file,https://www.familysearch.org/en/records/images/search-results?imageGroupNumbers=108357762,"parsed ""ДАПО-(р-9106-5-3332-3502+++р-9106-5-3332-3502+++Фільтраційні справи, State Security Records, Poltava - 1942-1950_р-9106-5-3332-3502_1940–1950)"" does not single out one of 171 candidate files"
copy-ambiguous,file,https://www.familysearch.org/en/records/images/search-results?imageGroupNumbers=108357796,"parsed ""ДАПО-(Р-9106-5-4488-4614+++Р-9106-5-4488-4614+++Фільтраційні справи, State Security Records, Poltava - 1942-1950_Р-9106-5-4488-4614_1940–1950)"" does not single out one of 127 candidate files"
copy-ambiguous,file,https://www.familysearch.org/en/records/images/search-results?imageGroupNumbers=108357798,"parsed ""ДАПО-(Р-9106-5-4982-5097+++Р-9106-5-4982-5097+++Фільтраційні справи, State Security Records, Poltava - 1942-1950_Р-9106-5-4982-5097_1940–1950)"" does not single out one of 116 candidate files"
copy-ambiguous,file,https://www.familysearch.org/en/records/images/search-results?imageGroupNumbers=108357800,"parsed ""ДАПО-(Р-9106-5-5098-5221+++Р-9106-5-5098-5221+++Фільтраційні справи, State Security Records, Poltava - 1942-1950_Р-9106-5-5098-5221_1940–1950)"" does not single out one of 124 candidate files"
copy-ambiguous,file,https://www.familysearch.org/en/records/images/search-results?imageGroupNumbers=108357803,"parsed ""ДАПО-(Р-9106-5-5477-5592+++Р-9106-5-5477-5592+++Фільтраційні справи, State Security Records, Poltava - 1942-1950_Р-9106-5-5477-5592_1940–1950)"" does not single out one of 116 candidate files"
copy-ambiguous,file,https://www.familysearch.org/en/records/images/search-results?imageGroupNumbers=108357806,"parsed ""ДАПО-(Р-9106-5-5594-5735+++Р-9106-5-5594-5735+++Фільтраційні справи, State Security Records, Poltava - 1942-1950_Р-9106-5-5594-5735_1940–1950)"" does not single out one of 142 candidate files"
copy-ambiguous,file,https://www.familysearch.org/en/records/images/search-results?imageGroupNumbers=108358489,"parsed ""ДАПО-(Р-9106-5-6188-6311+++Р-9106-5-6188-6311+++Фільтраційні справи, State Security Records, Poltava - 1942-1950_Р-9106-5-6188-6311_1940–1950)"" does not single out one of 124 candidate files"
copy-ambiguous,file,https://www.familysearch.org/en/records/images/search-results?imageGroupNumbers=108358490,"parsed ""ДАПО-(Р-9106-5-6316-6428+++Р-9106-5-6316-6428+++Фільтраційні справи, State Security Records, Poltava - 1942-1950_Р-9106-5-6316-6428_1940–1950)"" does not single out one of 113 candidate files"
copy-ambiguous,file,https://www.familysearch.org/en/records/images/search-results?imageGroupNumbers=108358491,"parsed ""ДАПО-(Р-9106-5-7412-7553+++Р-9106-5-7412-7553+++Фільтраційні справи, State Security Records, Poltava - 1942-1950_Р-9106-5-7412-7553_1940–1950)"" does not single out one of 142 candidate files"
copy-ambiguous,file,https://www.familysearch.org/en/records/images/search-results?imageGroupNumbers=108358499,"parsed ""ДАПО-(Р-9106-5-7554-7776+++Р-9106-5-7554-7776+++Фільтраційні справи, State Security Records, Poltava - 1942-1950_Р-9106-5-7554-7776_1940–1950)"" does not single out one of 223 candidate files"
copy-ambiguous,file,https://www.familysearch.org/en/records/images/search-results?imageGroupNumbers=108358522,"parsed ""ДАПО-(Р-9106-5-8084-8199+++Р-9106-5-8084-8199+++Фільтраційні справи, State Security Records, Poltava - 1942-1950_Р-9106-5-8084-8199_1940–1950)"" does not single out one of 116 candidate files"
copy-ambiguous,file,https://www.familysearch.org/en/records/images/search-results?imageGroupNumbers=108358526,"parsed ""ДАПО-(Р-9106-5-8201-8301+++Р-9106-5-8201-8301+++Фільтраційні справи, State Security Records, Poltava - 1942-1950_Р-9106-5-8201-8301_1940–1950)"" does not single out one of 101 candidate files"
copy-ambiguous,file,https://www.familysearch.org/en/records/images/search-results?imageGroupNumbers=108358531,"parsed ""ДАПО-(Р-9106-5-8302-8411+++Р-9106-5-8302-8411+++Фільтраційні справи, State Security Records, Poltava - 1942-1950_Р-9106-5-8302-8411_1940–1950)"" does not single out one of 110 candidate files"
copy-ambiguous,file,https://www.familysearch.org/en/records/images/search-results?imageGroupNumbers=108358602,"parsed ""ДАПО-(Р-9106-5-8412-8525+++Р-9106-5-8412-8525+++Фільтраційні справи, State Security Records, Poltava - 1942-1950_Р-9106-5-8412-8525_1940–1950)"" does not single out one of 114 candidate files"
copy-ambiguous,file,https://www.familysearch.org/en/records/images/search-results?imageGroupNumbers=108358683,"parsed ""ДАПО-(Р-9106-4-6099-6268+++Р-9106-4-6099-6268+++Фільтраційні справи, State Security Records, Poltava - 1942-1950_Р-9106-4-6099-6268_1940–1950)"" does not single out one of 170 candidate files"
copy-ambiguous,file,https://www.familysearch.org/en/records/images/search-results?imageGroupNumbers=108358769,"parsed ""ДАПО-(Р-9106-5-1854-1960+++Р-9106-5-1854-1960+++Фільтраційні справи, State Security Records, Poltava - 1942-1950_Р-9106-5-1854-1960_1940–1950)"" does not single out one of 107 candidate files"
copy-ambiguous,file,https://www.familysearch.org/en/records/images/search-results?imageGroupNumbers=108359386,"parsed ""ДАПО-(Р-9106-5-1961-2102+++Р-9106-5-1961-2102+++Фільтраційні справи, State Security Records, Poltava - 1942-1950_Р-9106-5-1961-2102_1940–1950)"" does not single out one of 142 candidate files"
copy-ambiguous,file,https://www.familysearch.org/en/records/images/search-results?imageGroupNumbers=108359964,"parsed ""ДАПО-(Р-9106-5-6429-6531+++Р-9106-5-6429-6531+++Фільтраційні справи, State Security Records, Poltava - 1942-1950_Р-9106-5-6429-6531_1940–1950)"" does not single out one of 103 candidate files"
copy-ambiguous,file,https://www.familysearch.org/en/records/images/search-results?imageGroupNumbers=108359983,"parsed ""ДАПО-(Р-9106-5-6533-6645+++Р-9106-5-6533-6645+++Фільтраційні справи, State Security Records, Poltava - 1942-1950_Р-9106-5-6533-6645_1940–1950)"" does not single out one of 113 candidate files"
copy-ambiguous,file,https://www.familysearch.org/en/records/images/search-results?imageGroupNumbers=108360220,"parsed ""ДАПО-(Р-9106-5-6923-7049+++Р-9106-5-6923-7049+++Фільтраційні справи, State Security Records, Poltava - 1942-1950_Р-9106-5-6923-7049_1940–1950)"" does not single out one of 127 candidate files"
copy-ambiguous,file,https://www.familysearch.org/en/records/images/search-results?imageGroupNumbers=108360638,"parsed ""ДАПО-(Р-9106-5-7050-7170+++Р-9106-5-7050-7170+++Фільтраційні справи, State Security Records, Poltava - 1942-1950_Р-9106-5-7050-7170_1940–1950)"" does not single out one of 121 candidate files"
copy-ambiguous,file,https://www.familysearch.org/en/records/images/search-results?imageGroupNumbers=108376231,"parsed ""ДАПО-(Р-9106-5-13588-13734+++Р-9106-5-13588-13734+++Фільтраційні справи, State Security Records, Poltava - 1942-1950_Р-9106-5-13588-13734                                                            _прибл. 1940–1950)"" does not single out one of 147 candidate files"
copy-ambiguous,file,https://www.familysearch.org/en/records/images/search-results?imageGroupNumbers=108376232,"parsed ""ДАПО-(Р-9106-5-5949-6064+++Р-9106-5-5949-6064+++Фільтраційні справи, State Security Records, Poltava - 1942-1950_Р-9106-5-5949-6064_1940–1950)"" does not single out one of 116 candidate files"
copy-ambiguous,file,https://www.familysearch.org/en/records/images/search-results?imageGroupNumbers=108376233,"parsed ""ДАПО-(Р-9106-5-6065-6187+++Р-9106-5-6065-6187+++Фільтраційні справи, State Security Records, Poltava - 1942-1950_Р-9106-5-6065-6187_1940–1950)"" does not single out one of 123 candidate files"
copy-ambiguous,file,https://www.familysearch.org/en/records/images/search-results?imageGroupNumbers=108376234,"parsed ""ДАПО-(Р-9106-5-10095-10192+++Р-9106-5-10095-10192+++Фільтраційні справи, State Security Records, Poltava - 1942-1950_Р-9106-5-10095-10192_1940–1950)"" does not single out one of 98 candidate files"
copy-ambiguous,file,https://www.familysearch.org/en/records/images/search-results?imageGroupNumbers=108380097,"parsed ""ДАПО-(р-9106-5-7920-8083a+++р-9106-5-7920-8083a+++Фільтраційні справи, State Security Records, Poltava - 1942-1950_р-9106-5-7920-8083a_1940–1950)"" does not single out one of 164 candidate files"
copy-ambiguous,file,https://www.familysearch.org/en/records/images/search-results?imageGroupNumbers=108380100,"parsed ""ДАПО-(р-9106-5-8528-8670+++р-9106-5-8528-8670+++Фільтраційні справи, State Security Records, Poltava - 1942-1950_р-9106-5-8528-8670_1940–1950)"" does not single out one of 143 candidate files"
copy-ambiguous,file,https://www.familysearch.org/en/records/images/search-results?imageGroupNumbers=108380103,"parsed ""ДАПО-(р-9106-5-8671-8789+++р-9106-5-8671-8789+++Фільтраційні справи, State Security Records, Poltava - 1942-1950_р-9106-5-8671-8789_1940–1950)"" does not single out one of 119 candidate files"
copy-ambiguous,file,https://www.familysearch.org/en/records/images/search-results?imageGroupNumbers=108380104,"parsed ""ДАПО-(Р-9106-5-9955-10094+++Р-9106-5-9955-10094+++Фільтраційні справи, State Security Records, Poltava - 1942-1950_Р-9106-5-9955-10094_1940–1950)"" does not single out one of 140 candidate files"
copy-ambiguous,file,https://www.familysearch.org/en/records/images/search-results?imageGroupNumbers=108380106,"parsed ""ДАПО-(р-9106-5-9277-9368+++р-9106-5-9277-9368+++Фільтраційні справи, State Security Records, Poltava - 1942-1950_р-9106-5-9277-9368_1940–1950)"" does not single out one of 92 candidate files"
copy-ambiguous,file,https://www.familysearch.org/en/records/images/search-results?imageGroupNumbers=108380202,"parsed ""ДАПО-(Р-9106-5-10298-10413+++Р-9106-5-10298-10413+++Фільтраційні справи, State Security Records, Poltava - 1942-1950_Р-9106-5-10298-10413_1940–1950)"" does not single out one of 116 candidate files"
copy-ambiguous,file,https://www.familysearch.org/en/records/images/search-results?imageGroupNumbers=108381710,"parsed ""ДАПО-(Р-9106-5-10193-10297+++Р-9106-5-10193-10297+++Фільтраційні справи, State Security Records, Poltava - 1942-1950_Р9106-5-10193-10297_1940–1950)"" does not single out one of 105 candidate files"
copy-ambiguous,file,https://www.familysearch.org/en/records/images/search-results?imageGroupNumbers=108381711,"parsed ""ДАПО-(р-9106-5-9370-9482+++р-9106-5-9370-9482+++Фільтраційні справи, State Security Records, Poltava - 1942-1950_р-9106-5-9370-9482_1940–1950)"" does not single out one of 113 candidate files"
copy-ambiguous,file,https://www.familysearch.org/en/records/images/search-results?imageGroupNumbers=108381713,"parsed ""ДАПО-(Р-9106-5-10943-11069+++Р-9106-5-10943-11069+++Фільтраційні справи, State Security Records, Poltava - 1942-1950_Р-9106-5-10943-11069                                                                                        _1940–1950)"" does not single out one of 127 candidate files"
copy-ambiguous,file,https://www.familysearch.org/en/records/images/search-results?imageGroupNumbers=108381715,"parsed ""ДАПО-(р-9106-5-10414-10546a+++р-9106-5-10414-10546a+++Фільтраційні справи, State Security Records, Poltava - 1942-1950_р-9106-5-10414-10546a_1940–1950)"" does not single out one of 133 candidate files"
copy-ambiguous,file,https://www.familysearch.org/en/records/images/search-results?imageGroupNumbers=108381717,"parsed ""ДАПО-(Р-9106-5-11070-11199+++Р-9106-5-11070-11199+++фільтраційні справи, State Security Records, Poltava - 1942-1950_Р-9106-5-11070-11199                                                                                       _1940–1950)"" does not single out one of 130 candidate files"
copy-ambiguous,file,https://www.familysearch.org/en/records/images/search-results?imageGroupNumbers=108381718,"parsed ""ДАПО-(р-9106-5-10547-10660+++р-9106-5-10547-10660+++Фільтраційні справи, State Security Records, Poltava - 1942-1950_р-9106-5-10547-10660_1940–1950)"" does not single out one of 114 candidate files"
copy-ambiguous,file,https://www.familysearch.org/en/records/images/search-results?imageGroupNumbers=108381720,"parsed ""ДАПО-(Р-9106-5-11309-11445а+++Р-9106-5-11309-11445а+++Фільтраційні справи, State Security Records, Poltava - 1942-1950_Р-9106-5-11309-11445а_1940–1950)"" does not single out one of 137 candidate files"
copy-ambiguous,file,https://www.familysearch.org/en/records/images/search-results?imageGroupNumbers=108381721,"parsed ""ДАПО-(р-9106-5-11674-11791+++р-9106-5-11674-11791+++Фільтраційні справи, State Security Records, Poltava - 1942-1950_р-9106-5-11674-11791_1940–1950)"" does not single out one of 118 candidate files"
copy-ambiguous,file,https://www.familysearch.org/en/records/images/search-results?imageGroupNumbers=108381724,"parsed ""ДАПО-(Р-9106-5-11558-11673+++Р-9106-5-11558-11673+++фільтраційні справи, State Security Records, Poltava - 1942-1950_Р-9106-5-11558-11673                                                                                     _1940–1950)"" does not single out one of 116 candidate files"
copy-ambiguous,file,https://www.familysearch.org/en/records/images/search-results?imageGroupNumbers=108381725,"parsed ""ДАПО-(р-9106-5-11792-11920a+++р-9106-5-11792-11920a+++Фільтраційні справи, State Security Records, Poltava - 1942-1950_р-9106-5-11792-11920a_1940–1950)"" does not single out one of 129 candidate files"
copy-ambiguous,file,https://www.familysearch.org/en/records/images/search-results?imageGroupNumbers=108381739,"parsed ""ДАПО-(Р-9106-5-11446-11557а+++Р-9106-5-11446-11557а+++Фільтраційні справи, State Security Records, Poltava - 1942-1950_Р-9106-5-11446-11557а                                                                                _1940–1950)"" does not single out one of 112 candidate files"
copy-ambiguous,file,https://www.familysearch.org/en/records/images/search-results?imageGroupNumbers=108382887,"parsed ""ДАПО-(Р-9106-5-12577-12687+++Р-9106-5-12577-12687+++фільтраційні справи, State Security Records, Poltava - 1942-1950_Р-9106-5-12577-12687                                                                         _1940–1950)"" does not single out one of 111 candidate files"
copy-ambiguous,file,https://www.familysearch.org/en/records/images/search-results?imageGroupNumbers=108382914,"parsed ""ДАПО-(Р-3373-1-194-272+++Р-3373-1-194-272+++Militia Office Documents & Household Records, Poltava_Р-3373-1-194-272_1944–1948)"" does not single out one of 79 candidate files"
copy-ambiguous,file,https://www.familysearch.org/en/records/images/search-results?imageGroupNumbers=108382915,"parsed ""ДАПО-(Р-9106-5-13218-13347+++Р-9106-5-13218-13347+++Фільтраційні справи, State Security Records, Poltava - 1942-1950_Р-9106-5-13218-13347                                                                       _1940–1950)"" does not single out one of 130 candidate files"
copy-ambiguous,file,https://www.familysearch.org/en/records/images/search-results?imageGroupNumbers=108383804,"parsed ""ДАПО-(Р-9106-5-13348-13472+++Р-9106-5-13348-13472+++Фільтраційні справи, State Security Records, Poltava - 1942-1950_Р-9106-5-13348-13472                                                                 _1940–1950)"" does not single out one of 125 candidate files"
copy-ambiguous,file,https://www.familysearch.org/en/records/images/search-results?imageGroupNumbers=108383889,"parsed ""ДАПО-(Р-3373-1-729-817+++Р-3373-1-729-817+++Militia Office Documents & Household Records, Poltava_Р-3373-1-729-817_1944–1948)"" does not single out one of 89 candidate files"
copy-ambiguous,file,https://www.familysearch.org/en/records/images/search-results?imageGroupNumbers=108384009,"parsed ""ДАПО-(Р-9106-5-13473-13585+++Р-9106-5-13473-13585+++Фільтраційні справи, State Security Records, Poltava - 1942-1950_Р-9106-5-13473-13585                                                                _прибл. 1940–1950)"" does not single out one of 113 candidate files"
copy-ambiguous,file,https://www.familysearch.org/en/records/images/search-results?imageGroupNumbers=108384012,"parsed ""ДАПО-(Р-3373-1-818-921+++Р-3373-1-818-921+++Militia Office Documents & Household Records, Poltava_Р-3373-1-818-921_1944–1948)"" does not single out one of 104 candidate files"
copy-ambiguous,file,https://www.familysearch.org/en/records/images/search-results?imageGroupNumbers=108384702,"parsed ""ДАПО-(Р-3373-1-1314-1414+++Р-3373-1-1314-1414+++Militia Office Documents & Household Records, Poltava_Р-3373-1-1314-1414_1944–1948)"" does not single out one of 101 candidate files"
copy-ambiguous,file,https://www.familysearch.org/en/records/images/search-results?imageGroupNumbers=108384709,"parsed ""ДАПО-(Р-3373-1-1415-1497+++Р-3373-1-1415-1497+++Militia Office Documents & Household Records, Poltava_Р-3373-1-1415-1497_1944–1948)"" does not single out one of 83 candidate files"
copy-ambiguous,file,https://www.familysearch.org/en/records/images/search-results?imageGroupNumbers=108384713,"parsed ""ДАПО-(Р-3373-1-1498-1590+++Р-3373-1-1498-1590+++Militia Office Documents & Household Records, Poltava_Р-3373-1-1498-1590_1944–1948)"" does not single out one of 93 candidate files"
copy-ambiguous,file,https://www.familysearch.org/en/records/images/search-results?imageGroupNumbers=108395282,"parsed ""ДАПО-(P-3374-1-738-819+++P-3374-1-738-819+++Militia Office Documents & Household Records, Poltava_р-3374-1-738-819_1944–1948)"" does not single out one of 82 candidate files"
copy-ambiguous,file,https://www.familysearch.org/en/records/images/search-results?imageGroupNumbers=108395286,"parsed ""ДАПО-(р-3373-4-129-175+++р-3373-4-129-175+++Militia Office Documents & Household Records, Poltava_р-3373-4-129-175_1944–1950)"" does not single out one of 47 candidate files"
copy-ambiguous,file,https://www.familysearch.org/en/records/images/search-results?imageGroupNumbers=108395299,"parsed ""ДАПО-(P-3373-4-321-352+++P-3373-4-321-352+++Militia Office Documents & Household Records, Poltava_р-3373-4-321-352_1944–1950)"" does not single out one of 32 candidate files"
copy-ambiguous,file,https://www.familysearch.org/en/records/images/search-results?imageGroupNumbers=108395300,"parsed ""ДАПО-(P-3373-4-353-383+++P-3373-4-353-383+++Militia Office Documents & Household Records, Poltava_р-3373-4-353-383_1944–1950)"" does not single out one of 31 candidate files"
copy-ambiguous,file,https://www.familysearch.org/en/records/images/search-results?imageGroupNumbers=108395314,"parsed ""ДАПО-(P-3373-5-1-45+++P-3373-5-1-45+++Militia Office Documents & Household Records, Poltava_р-3373-5-1-45_1944–1950)"" does not single out one of 45 candidate files"
copy-ambiguous,file,https://www.familysearch.org/en/records/images/search-results?imageGroupNumbers=108395315,"parsed ""ДАПО-(P-3373-5-46-77+++P-3373-5-46-77+++Militia Office Documents & Household Records, Poltava_р-3373-5-46-77_1944–1950)"" does not single out one of 32 candidate files"
copy-ambiguous,file,https://www.familysearch.org/en/records/images/search-results?imageGroupNumbers=108395327,"parsed ""ДАПО-(р-3373-4-384-421+++р-3373-4-384-421+++Militia Office Documents & Household Records, Poltava_р-3373-4-384-421_1944–1950)"" does not single out one of 38 candidate files"
copy-ambiguous,file,https://www.familysearch.org/en/records/images/search-results?imageGroupNumbers=108395339,"parsed ""ДАПО-(P-3373-5-78-123+++P-3373-5-78-123+++Militia Office Documents & Household Records, Poltava_р-3373-5-78-123_1944–1950)"" does not single out one of 46 candidate files"
copy-ambiguous,file,https://www.familysearch.org/en/records/images/search-results?imageGroupNumbers=108395350,"parsed ""ДАПО-(P-3374-1-389-468+++P-3374-1-389-468+++Militia Office Documents & Household Records, Poltava_р-3374-1-389-468_1944–1948)"" does not single out one of 80 candidate files"
copy-ambiguous,file,https://www.familysearch.org/en/records/images/search-results?imageGroupNumbers=108395372,"parsed ""ДАПО-(P-3374-1-568-665+++P-3374-1-568-665+++Militia Office Documents & Household Records, Poltava_р-3374-1-568-665_1944–1948)"" does not single out one of 98 candidate files"
copy-ambiguous,file,https://www.familysearch.org/en/records/images/search-results?imageGroupNumbers=108395373,"parsed ""ДАПО-(р-3374-1-469-567+++р-3374-1-469-567+++Militia Office Documents & Household Records, Poltava_р-3374-1-469-567_1944–1948)"" does not single out one of 99 candidate files"
copy-ambiguous,file,https://www.familysearch.org/en/records/images/search-results?imageGroupNumbers=108395393,"parsed ""ДАПО-(P-3374-1-666-737+++P-3374-1-666-737+++Militia Office Documents & Household Records, Poltava_р-3374-1-666-737_1944–1948)"" does not single out one of 72 candidate files"
copy-ambiguous,file,https://www.familysearch.org/en/records/images/search-results?imageGroupNumbers=108396132,"parsed ""ДАПО-(Р-9106-5-16066-16256+++Р-9106-5-16066-16256+++Фільтраційні справи, State Security Records, Poltava - 1942-1950_Р-9106-5-16066-16256_1940–1950)"" does not single out one of 191 candidate files"
copy-ambiguous,file,https://www.familysearch.org/en/records/images/search-results?imageGroupNumbers=108396133,"parsed ""ДАПО-(Р-9106-6-1643-1807+++Р-9106-6-1643-1807+++Фільтраційні справи, State Security Records, Poltava - 1942-1950_Р-9106-6-1643-1807_1940–1950)"" does not single out one of 165 candidate files"
copy-ambiguous,file,https://www.familysearch.org/en/records/images/search-results?imageGroupNumbers=108396134,"parsed ""ДАПО-(р 9106-5-16748-16910+++р 9106-5-16748-16910+++Фільтраційні справи, State Security Records, Poltava - 1942-1950_р 9106-5-16748-16910_1940–1950)"" does not single out one of 163 candidate files"
copy-ambiguous,file,https://www.familysearch.org/en/records/images/search-results?imageGroupNumbers=108396135,"parsed ""ДАПО-(Р-9106-6-286-425+++Р-9106-6-286-425+++Фільтраційні справи, State Security Records, Poltava - 1942-1950_Р-9106-6-286-425_1940–1950)"" does not single out one of 140 candidate files"
copy-ambiguous,file,https://www.familysearch.org/en/records/images/search-results?imageGroupNumbers=108396136,"parsed ""ДАПО-(Р-9106-6-426-571+++Р-9106-6-426-571+++Фільтраційні справи, State Security Records, Poltava - 1942-1950_Р-9106-6-426-571_1940–1950)"" does not single out one of 146 candidate files"
copy-ambiguous,file,https://www.familysearch.org/en/records/images/search-results?imageGroupNumbers=108396137,"parsed ""ДАПО-(Р-9106-6-1809-1932+++Р-9106-6-1809-1932+++Фільтраційні справи, State Security Records, Poltava - 1942-1950_Р-9106-6-1809-1932_1940–1950)"" does not single out one of 124 candidate files"
copy-ambiguous,file,https://www.familysearch.org/en/records/images/search-results?imageGroupNumbers=108396138,"parsed ""ДАПО-(Р-9106-5-14889-15014+++Р-9106-5-14889-15014+++Фільтраційні справи, State Security Records, Poltava - 1942-1950_Р-9106-5-14889-15014_1940–1950)"" does not single out one of 126 candidate files"
copy-ambiguous,file,https://www.familysearch.org/en/records/images/search-results?imageGroupNumbers=108396139,"parsed ""ДАПО-(Р-9106-5-15015-15183+++Р-9106-5-15015-15183+++Фільтраційні справи, State Security Records, Poltava - 1942-1950_Р-9106-5-15015-15183_1940–1950)"" does not single out one of 169 candidate files"
copy-ambiguous,file,https://www.familysearch.org/en/records/images/search-results?imageGroupNumbers=108396140,"parsed ""ДАПО-(Р-9106-5-15910-16065+++Р-9106-5-15910-16065+++Фільтраційні справи, State Security Records, Poltava - 1942-1950_Р-9106-5-15910-16065_1940–1950)"" does not single out one of 156 candidate files"
copy-ambiguous,file,https://www.familysearch.org/en/records/images/search-results?imageGroupNumbers=108396141,"parsed ""ДАПО-(р 9106-5-16571-16747+++р 9106-5-16571-16747+++Фільтраційні справи, State Security Records, Poltava - 1942-1950_р 9106-5-16571-16747_1940–1950)"" does not single out one of 177 candidate files"
copy-ambiguous,file,https://www.familysearch.org/en/records/images/search-results?imageGroupNumbers=108396150,"parsed ""ДАПО-(Р-9106-5-14597-14742+++Р-9106-5-14597-14742+++фільтраційні справи, State Security Records, Poltava - 1942-1950_Р-9106-5-14597-14742                                                _прибл. 1940–1950)"" does not single out one of 146 candidate files"
copy-ambiguous,file,https://www.familysearch.org/en/records/images/search-results?imageGroupNumbers=108396151,"parsed ""ДАПО-(Р-9106-5-16257-16406+++Р-9106-5-16257-16406+++Фільтраційні справи, State Security Records, Poltava - 1942-1950_Р-9106-5-16257-16406_прибл. 1940–1950)"" does not single out one of 150 candidate files"
copy-ambiguous,file,https://www.familysearch.org/en/records/images/search-results?imageGroupNumbers=108396152,"parsed ""ДАПО-(Р-9106-6-2933-3052+++Р-9106-6-2933-3052+++Фільтраційні справи, State Security Records, Poltava - 1942-1950_Р-9106-6-2933-3052_прибл. 1940–1950)"" does not single out one of 120 candidate files"
copy-ambiguous,file,https://www.familysearch.org/en/records/images/search-results?imageGroupNumbers=108396153,"parsed ""ДАПО-(Р-9106-5-16407-16569+++Р-9106-5-16407-16569+++Фільтраційні справи, State Security Records, Poltava - 1942-1950_Р-9106-5-16407-16569_прибл. 1940–1950)"" does not single out one of 163 candidate files"
copy-ambiguous,file,https://www.familysearch.org/en/records/images/search-results?imageGroupNumbers=108396154,"parsed ""ДАПО-(Р-9106-5-17066-17221+++Р-9106-5-17066-17221+++фільтраційні справи, State Security Records, Poltava - 1942-1950_Р-9106-5-17066-17221_прибл. 1940–1950)"" does not single out one of 156 candidate files"
copy-ambiguous,file,https://www.familysearch.org/en/records/images/search-results?imageGroupNumbers=108396155,"parsed ""ДАПО-(Р-9106-6-572-725+++Р-9106-6-572-725+++Фільтраційні справи, State Security Records, Poltava - 1942-1950_Р-9106-6-572-725_прибл. 1940–1950)"" does not single out one of 154 candidate files"
copy-ambiguous,file,https://www.familysearch.org/en/records/images/search-results?imageGroupNumbers=108396156,"parsed ""ДАПО-(Р-9106-6-726-860+++Р-9106-6-726-860+++Фільтраційні справи, State Security Records, Poltava - 1942-1950_Р-9106-6-726-860_прибл. 1940–1950)"" does not single out one of 135 candidate files"
copy-ambiguous,file,https://www.familysearch.org/en/records/images/search-results?imageGroupNumbers=108396157,"parsed ""ДАПО-(Р-9106-5-15430-15559+++Р-9106-5-15430-15559+++Фільтраційні справи, State Security Records, Poltava - 1942-1950_Р-9106-5-15430-15559                                         _прибл. 1940–1950)"" does not single out one of 130 candidate files"
copy-ambiguous,file,https://www.familysearch.org/en/records/images/search-results?imageGroupNumbers=108396158,"parsed ""ДАПО-(Р-9106-5-14743-14888+++Р-9106-5-14743-14888+++Фільтраційні справи, State Security Records, Poltava - 1942-1950_Р-9106-5-14743-14888                                           _прибл. 1940–1950)"" does not single out one of 146 candidate files"
copy-ambiguous,file,https://www.familysearch.org/en/records/images/search-results?imageGroupNumbers=108396159,"parsed ""ДАПО-(Р-9106-5-16912-17065+++Р-9106-5-16912-17065+++Фільтраційні справи, State Security Records, Poltava - 1942-1950_Р-9106-5-16912-17065_прибл. 1940–1950)"" does not single out one of 154 candidate files"
copy-ambiguous,file,https://www.familysearch.org/en/records/images/search-results?imageGroupNumbers=108396160,"parsed ""ДАПО-(Р-9106-6-1935-2058+++Р-9106-6-1935-2058+++Фільтраційні справи, State Security Records, Poltava - 1942-1950_Р-9106-6-1935-2058_прибл. 1940–1950)"" does not single out one of 124 candidate files"
copy-ambiguous,file,https://www.familysearch.org/en/records/images/search-results?imageGroupNumbers=108396161,"parsed ""ДАПО-(Р-9106-5-15561-15670+++Р-9106-5-15561-15670+++Фільтраційні справи, State Security Records, Poltava - 1942-1950_Р-9106-5-15561-15670                                       _прибл. 1940–1950)"" does not single out one of 110 candidate files"
copy-ambiguous,file,https://www.familysearch.org/en/records/images/search-results?imageGroupNumbers=108396162,"parsed ""ДАПО-(Р-9106-6-2059-2158+++Р-9106-6-2059-2158+++фільтраційні справи, State Security Records, Poltava - 1942-1950_Р-9106-6-2059-2158_прибл. 1940–1950)"" does not single out one of 100 candidate files"
copy-ambiguous,file,https://www.familysearch.org/en/records/images/search-results?imageGroupNumbers=108396163,"parsed ""ДАПО-(Р-9106-6-861-991+++Р-9106-6-861-991+++Фільтраційні справи, State Security Records, Poltava - 1942-1950_Р-9106-6-861-991_прибл. 1940–1950)"" does not single out one of 131 candidate files"
copy-ambiguous,file,https://www.familysearch.org/en/records/images/search-results?imageGroupNumbers=108396164,"parsed ""ДАПО-(Р-9106-6-992-1141+++Р-9106-6-992-1141+++Фільтраційні справи, State Security Records, Poltava - 1942-1950_Р-9106-6-992-1141_прибл. 1940–1950)"" does not single out one of 150 candidate files"
copy-ambiguous,file,https://www.familysearch.org/en/records/images/search-results?imageGroupNumbers=108396987,"parsed ""ДАПО-(Р-3373-1-1647-1748+++Р-3373-1-1647-1748+++Militia Office Documents & Household Records, Poltava_Р-3373-1-1647-1748_1944–1948)"" does not single out one of 102 candidate files"
copy-ambiguous,file,https://www.familysearch.org/en/records/images/search-results?imageGroupNumbers=108397101,"parsed ""ДАПО-(Р-3373-1-2001-2086+++Р-3373-1-2001-2086+++Militia Office Documents & Household Records, Poltava_Р-3373-1-2001-2086_1944–1948)"" does not single out one of 86 candidate files"
copy-ambiguous,file,https://www.familysearch.org/en/records/images/search-results?imageGroupNumbers=108397105,"parsed ""ДАПО-(Р-3373-1-2087-2184+++Р-3373-1-2087-2184+++Militia Office Documents & Household Records, Poltava_Р-3373-1-2087-2184_1944–1948)"" does not single out one of 98 candidate files"
copy-ambiguous,file,https://www.familysearch.org/en/records/images/search-results?imageGroupNumbers=108397108,"parsed ""ДАПО-(Р-3373-1-2185-2272+++Р-3373-1-2185-2272+++Militia Office Documents & Household Records, Poltava_Р-3373-1-2185-2272_1944–1948)"" does not single out one of 88 candidate files"
copy-ambiguous,file,https://www.familysearch.org/en/records/images/search-results?imageGroupNumbers=108397115,"parsed ""ДАПО-(Р-3373-1-2273-2370+++Р-3373-1-2273-2370+++Militia Office Documents & Household Records, Poltava_Р-3373-1-2273-2370_1944–1948)"" does not single out one of 98 candidate files"
copy-ambiguous,file,https://www.familysearch.org/en/records/images/search-results?imageGroupNumbers=108397123,"parsed ""ДАПО-(Р-3373-1-2642-2710+++Р-3373-1-2642-2710+++Militia Office Documents & Household Records, Poltava_Р-3373-1-2642-2710_1944–1948)"" does not single out one of 69 candidate files"
copy-ambiguous,file,https://www.familysearch.org/en/records/images/search-results?imageGroupNumbers=108397137,"parsed ""ДАПО-(P-3373-3-81-125+++P-3373-3-81-125+++Militia Office Documents & Household Records, Poltava_р-3373-3-81-125_1944–1950)"" does not single out one of 45 candidate files"
copy-ambiguous,file,https://www.familysearch.org/en/records/images/search-results?imageGroupNumbers=108397141,"parsed ""ДАПО-(P-3373-4-1-43+++P-3373-4-1-43+++Militia Office Documents & Household Records, Poltava_р-3373-4-1-43_1944–1950)"" does not single out one of 43 candidate files"
copy-ambiguous,file,https://www.familysearch.org/en/records/images/search-results?imageGroupNumbers=108397592,"parsed ""ДАПО-(P-3373-4-44-78+++P-3373-4-44-78+++Militia Office Documents & Household Records, Poltava_р-3373-4-44-78_1944–1950)"" does not single out one of 35 candidate files"
copy-ambiguous,file,https://www.familysearch.org/en/records/images/search-results?imageGroupNumbers=108397593,"parsed ""ДАПО-(р-3373-4-79-128+++р-3373-4-79-128+++Militia Office Documents & Household Records, Poltava_р-3373-4-79-128_1944–1950)"" does not single out one of 50 candidate files"
copy-ambiguous,file,https://www.familysearch.org/en/records/images/search-results?imageGroupNumbers=108397594,"parsed ""ДАПО-(Р-9106-5-9023-9147+++Р-9106-5-9023-9147+++Фільтраційні справи, State Security Records, Poltava - 1942-1950_Р-9106-5-9023-9147_1940–1950)"" does not single out one of 125 candidate files"
copy-ambiguous,file,https://www.familysearch.org/en/records/images/search-results?imageGroupNumbers=108397876,"parsed ""ДАПО-(Р-9106-5-9148-9275+++Р-9106-5-9148-9275+++Фільтраційні справи, State Security Records, Poltava - 1942-1950_Р-9106-5-9148-9275_1940–1950)"" does not single out one of 128 candidate files"
copy-ambiguous,file,https://www.familysearch.org/en/records/images/search-results?imageGroupNumbers=108397955,"parsed ""ДАПО-(Р-9106-5-9605-9722+++Р-9106-5-9605-9722+++Фільтраційні справи, State Security Records, Poltava - 1942-1950_Р-9106-5-9605-9722_1940–1950)"" does not single out one of 118 candidate files"
copy-ambiguous,file,https://www.familysearch.org/en/records/images/search-results?imageGroupNumbers=108398066,"parsed ""ДАПО-(Р-9106-5-9483-9604+++Р-9106-5-9483-9604+++Фільтраційні справи, State Security Records, Poltava - 1942-1950_Р-9106-5-9483-9604_1940–1950)"" does not single out one of 122 candidate files"
copy-ambiguous,file,https://www.familysearch.org/en/records/images/search-results?imageGroupNumbers=108398156,"parsed ""ДАПО-(Р-9106-5-10802-10942+++Р-9106-5-10802-10942+++Фільтраційні справи, State Security Records, Poltava - 1942-1950_Р-9106-5-10802-10942_1940–1950)"" does not single out one of 141 candidate files"
copy-ambiguous,file,https://www.familysearch.org/en/records/images/search-results?imageGroupNumbers=108398205,"parsed ""ДАПО-(Р-9106-5-10665-10801+++Р-9106-5-10665-10801+++Фільтраційні справи, State Security Records, Poltava - 1942-1950_Р-9106-5-10665-10801_1940–1950)"" does not single out one of 137 candidate files"
copy-ambiguous,file,https://www.familysearch.org/en/records/images/search-results?imageGroupNumbers=108398275,"parsed ""ДАПО-(Р-9106-5-11200-11307+++Р-9106-5-11200-11307+++Фільтраційні справи, State Security Records, Poltava - 1942-1950_Р-9106-5-11200-11307_1940–1950)"" does not single out one of 108 candidate files"
copy-ambiguous,file,https://www.familysearch.org/en/records/images/search-results?imageGroupNumbers=108398329,"parsed ""ДАПО-(Р-9106-5-11921-12039+++Р-9106-5-11921-12039+++Фільтраційні справи, State Security Records, Poltava - 1942-1950_Р-9106-5-11921-12039_1940–1950)"" does not single out one of 119 candidate files"
copy-ambiguous,file,https://www.familysearch.org/en/records/images/search-results?imageGroupNumbers=108398356,"parsed ""ДАПО-(Р-9106-5-12040-12169+++Р-9106-5-12040-12169+++Фільтраційні справи, State Security Records, Poltava - 1942-1950_Р-9106-5-12040-12169_1940–1950)"" does not single out one of 130 candidate files"
copy-ambiguous,file,https://www.familysearch.org/en/records/images/search-results?imageGroupNumbers=108398391,"parsed ""ДАПО-(Р-9106-5-12942-13090+++Р-9106-5-12942-13090+++Фільтраційні справи, State Security Records, Poltava - 1942-1950_Р-9106-5-12942-13090_1940–1950)"" does not single out one of 149 candidate files"
copy-ambiguous,file,https://www.familysearch.org/en/records/images/search-results?imageGroupNumbers=108398437,"parsed ""ДАПО-(р-9106-5-12688-12804+++р-9106-5-12688-12804+++Фільтраційні справи, State Security Records, Poltava - 1942-1950_р-9106-5-12688-12804_1940–1950)"" does not single out one of 117 candidate files"
copy-ambiguous,file,https://www.familysearch.org/en/records/images/search-results?imageGroupNumbers=108398439,"parsed ""ДАПО-(Р-9106-5-13091-13217+++Р-9106-5-13091-13217+++Фільтраційні справи, State Security Records, Poltava - 1942-1950_Р-9106-5-13091-13217_1940–1950)"" does not single out one of 127 candidate files"
copy-ambiguous,file,https://www.familysearch.org/en/records/images/search-results?imageGroupNumbers=108398452,"parsed ""ДАПО-(р-9106-5-12805-12941+++р-9106-5-12805-12941+++Фільтраційні справи, State Security Records, Poltava - 1942-1950_р-9106-5-12805-12941_1940–1950)"" does not single out one of 137 candidate files"
copy-ambiguous,file,https://www.familysearch.org/en/records/images/search-results?imageGroupNumbers=108398456,"parsed ""ДАПО-(Р-9106-5-14147-14293+++Р-9106-5-14147-14293+++Фільтраційні справи, State Security Records, Poltava - 1942-1950_Р-9106-5-14147-14293_1940–1950)"" does not single out one of 147 candidate files"
copy-ambiguous,file,https://www.familysearch.org/en/records/images/search-results?imageGroupNumbers=108398468,"parsed ""ДАПО-(р-9106-5-13735-13848+++р-9106-5-13735-13848+++Фільтраційні справи, State Security Records, Poltava - 1942-1950_р-9106-5-13735-13848_1940–1950)"" does not single out one of 114 candidate files"
copy-ambiguous,file,https://www.familysearch.org/en/records/images/search-results?imageGroupNumbers=108398470,"parsed ""ДАПО-(Р-9106-5-14024-14144+++Р-9106-5-14024-14144+++Фільтраційні справи, State Security Records, Poltava - 1942-1950_Р-9106-5-14024-14144_1940–1950)"" does not single out one of 121 candidate files"
copy-ambiguous,file,https://www.familysearch.org/en/records/images/search-results?imageGroupNumbers=108398486,"parsed ""ДАПО-(р-9106-5-13851-14022+++р-9106-5-13851-14022+++Фільтраційні справи, State Security Records, Poltava - 1942-1950_р-9106-5-13851-14022_1940–1950)"" does not single out one of 172 candidate files"
copy-ambiguous,file,https://www.familysearch.org/en/records/images/search-results?imageGroupNumbers=108398489,"parsed ""ДАПО-(р-9106-5-15184-15310+++р-9106-5-15184-15310+++Фільтраційні справи, State Security Records, Poltava - 1942-1950_р-9106-5-15184-15310_1940–1950)"" does not single out one of 127 candidate files"
copy-ambiguous,file,https://www.familysearch.org/en/records/images/search-results?imageGroupNumbers=108398490,"parsed ""ДАПО-(Р-3373-1-452-542+++Р-3373-1-452-542+++Militia Office Documents & Household Records, Poltava_Р-3373-1- 452-542_1944–1959)"" does not single out one of 91 candidate files"
copy-ambiguous,file,https://www.familysearch.org/en/records/images/search-results?imageGroupNumbers=108398492,"parsed ""ДАПО-(р-9106-5-15311-15428+++р-9106-5-15311-15428+++Фільтраційні справи, State Security Records, Poltava - 1942-1950_р-9106-5-15311-15428_1940–1950)"" does not single out one of 118 candidate files"
copy-ambiguous,file,https://www.familysearch.org/en/records/images/search-results?imageGroupNumbers=108398493,"parsed ""ДАПО-(р-9106-6-5-139+++р-9106-6-5-139+++Фільтраційні справи, State Security Records, Poltava - 1942-1950_р-9106-6-5-139_1940–1950)"" does not single out one of 135 candidate files"
copy-ambiguous,file,https://www.familysearch.org/en/records/images/search-results?imageGroupNumbers=108398494,"parsed ""ДАПО-(Р-3373-1-543-637+++Р-3373-1-543-637+++Militia Office Documents & Household Records, Poltava_Р-3373-1- 543-637_1944–1959)"" does not single out one of 95 candidate files"
copy-ambiguous,file,https://www.familysearch.org/en/records/images/search-results?imageGroupNumbers=108398495,"parsed ""ДАПО-(р-9106-6-140-281+++р-9106-6-140-281+++Фільтраційні справи, State Security Records, Poltava - 1942-1950_р-9106-6-140-281_1940–1950)"" does not single out one of 142 candidate files"
copy-ambiguous,file,https://www.familysearch.org/en/records/images/search-results?imageGroupNumbers=108398496,"parsed ""ДАПО-(р-9106-6-1395-1516+++р-9106-6-1395-1516+++Фільтраційні справи, State Security Records, Poltava - 1942-1950_р-9106-6-1395-1516_1940–1950)"" does not single out one of 122 candidate files"
copy-ambiguous,file,https://www.familysearch.org/en/records/images/search-results?imageGroupNumbers=108398497,"parsed ""ДАПО-(Р-3373-1-638-728+++Р-3373-1-638-728+++Militia Office Documents & Household Records, Poltava_Р-3373-1-638-728_1944–1959)"" does not single out one of 91 candidate files"
copy-ambiguous,file,https://www.familysearch.org/en/records/images/search-results?imageGroupNumbers=108398498,"parsed ""ДАПО-(Р-9106-5-14447-14594+++Р-9106-5-14447-14594+++Фільтраційні справи, State Security Records, Poltava - 1942-1950_Р-9106-5-14447-14594_1940–1950)"" does not single out one of 148 candidate files"
copy-ambiguous,file,https://www.familysearch.org/en/records/images/search-results?imageGroupNumbers=108398500,"parsed ""ДАПО-(Р-9106-5-15780-15909+++Р-9106-5-15780-15909+++Фільтраційні справи, State Security Records, Poltava - 1942-1950_Р-9106-5-15780-15909_1940–1950)"" does not single out one of 130 candidate files"
copy-ambiguous,file,https://www.familysearch.org/en/records/images/search-results?imageGroupNumbers=108398501,"parsed ""ДАПО-(Р-3373-1-922-986+++Р-3373-1-922-986+++Militia Office Documents & Household Records, Poltava_Р-3373-1- 922-986_1944–1959)"" does not single out one of 65 candidate files"
copy-ambiguous,file,https://www.familysearch.org/en/records/images/search-results?imageGroupNumbers=108398502,"parsed ""ДАПО-(Р-9106-5-14296-14446+++Р-9106-5-14296-14446+++Фільтраційні справи, State Security Records, Poltava - 1942-1950_Р-9106-5-14296-14446_1940–1950)"" does not single out one of 151 candidate files"
copy-ambiguous,file,https://www.familysearch.org/en/records/images/search-results?imageGroupNumbers=108398503,"parsed ""ДАПО-(Р-9106-5-15671-15779+++Р-9106-5-15671-15779+++Фільтраційні справи, State Security Records, Poltava - 1942-1950_Р-9106-5-15671-15779_1940–1950)"" does not single out one of 109 candidate files"
copy-ambiguous,file,https://www.familysearch.org/en/records/images/search-results?imageGroupNumbers=108398504,"parsed ""ДАПО-(Р-3373-1-987-1097+++Р-3373-1-987-1097+++Militia Office Documents & Household Records, Poltava_Р-3373-1- 987-1097_1944–1959)"" does not single out one of 111 candidate files"
copy-ambiguous,file,https://www.familysearch.org/en/records/images/search-results?imageGroupNumbers=108398505,"parsed ""ДАПО-(Р-9106-5-17393-17560+++Р-9106-5-17393-17560+++Фільтраційні справи, State Security Records, Poltava - 1942-1950_Р-9106-5-17393-17560_1940–1950)"" does not single out one of 168 candidate files"
copy-ambiguous,file,https://www.familysearch.org/en/records/images/search-results?imageGroupNumbers=108398506,"parsed ""ДАПО-(Р-9106-5-17222-17392+++Р-9106-5-17222-17392+++Фільтраційні справи, State Security Records, Poltava - 1942-1950_Р-9106-5-17222-17392_1940–1950)"" does not single out one of 171 candidate files"
copy-ambiguous,file,https://www.familysearch.org/en/records/images/search-results?imageGroupNumbers=108398507,"parsed ""ДАПО-(Р-3373-1-1098-1215+++Р-3373-1-1098-1215+++Militia Office Documents & Household Records, Poltava_Р-3373-1-1098-1215_1944–1959)"" does not single out one of 118 candidate files"
copy-ambiguous,file,https://www.familysearch.org/en/records/images/search-results?imageGroupNumbers=108398508,"parsed ""ДАПО-(Р-9106-6-1269-1394+++Р-9106-6-1269-1394+++Фільтраційні справи, State Security Records, Poltava - 1942-1950_Р-9106-6-1269-1394_1940–1950)"" does not single out one of 126 candidate files"
copy-ambiguous,file,https://www.familysearch.org/en/records/images/search-results?imageGroupNumbers=108398510,"parsed ""ДАПО-(Р-3373-1-1216-1313+++Р-3373-1-1216-1313+++Militia Office Documents & Household Records, Poltava_Р-3373-1-1216-1313_1944–1959)"" does not single out one of 98 candidate files"
copy-ambiguous,file,https://www.familysearch.org/en/records/images/search-results?imageGroupNumbers=108398512,"parsed ""ДАПО-(Р-3373-1-1749-1850+++Р-3373-1-1749-1850+++Militia Office Documents & Household Records, Poltava_Р-3373-1-1749-1850_1944–1959)"" does not single out one of 102 candidate files"
copy-ambiguous,file,https://www.familysearch.org/en/records/images/search-results?imageGroupNumbers=108398668,"parsed ""ДАПО-(Р-3373-1-1851-1943+++Р-3373-1-1851-1943+++Militia Office Documents & Household Records, Poltava_Р-3373-1-1851-1943_1944–1959)"" does not single out one of 93 candidate files"
copy-ambiguous,file,https://www.familysearch.org/en/records/images/search-results?imageGroupNumbers=108398689,"parsed ""ДАПО-(Р-3373-1-1944-2000+++Р-3373-1-1944-2000+++Militia Office Documents & Household Records, Poltava_Р-3373-1-1944-2000_1944–1959)"" does not single out one of 57 candidate files"
copy-ambiguous,file,https://www.familysearch.org/en/records/images/search-results?imageGroupNumbers=108399328,"parsed ""ДАПО-(Р-3373-1-2371-2464+++Р-3373-1-2371-2464+++Militia Office Documents & Household Records, Poltava_Р-3373-1-2371-2464_1944–1959)"" does not single out one of 94 candidate files"
copy-ambiguous,file,https://www.familysearch.org/en/records/images/search-results?imageGroupNumbers=108399329,"parsed ""ДАПО-(Р-3373-1-2465-2563+++Р-3373-1-2465-2563+++Militia Office Documents & Household Records, Poltava_Р-3373-1-2465-2563_1944–1959)"" does not single out one of 99 candidate files"
copy-ambiguous,file,https://www.familysearch.org/en/records/images/search-results?imageGroupNumbers=108399331,"parsed ""ДАПО-(Р-3373-1-2564-2641+++Р-3373-1-2564-2641+++Militia Office Documents & Household Records, Poltava_Р-3373-1-2564-2641_1944–1959)"" does not single out one of 78 candidate files"
copy-ambiguous,file,https://www.familysearch.org/en/records/images/search-results?imageGroupNumbers=108399332,"parsed ""ДАПО-(Р-3373-1-2711-2782+++Р-3373-1-2711-2782+++Militia Office Documents & Household Records, Poltava_Р-3373-1-2711-2782_1944–1959)"" does not single out one of 72 candidate files"
copy-ambiguous,file,https://www.familysearch.org/en/records/images/search-results?imageGroupNumbers=108399369,"parsed ""ДАПО-(Р-3373-2-1-44+++Р-3373-2-1-44+++Militia Office Documents & Household Records, Poltava_3373-2-1-44_1944–1959)"" does not single out one of 44 candidate files"
copy-ambiguous,file,https://www.familysearch.org/en/records/images/search-results?imageGroupNumbers=108399551,"parsed ""ДАПО-(P-3373-3-43-80+++P-3373-3-43-80+++Militia Office Documents & Household Records, Poltava_3373-3-43-80_1944–1959)"" does not single out one of 38 candidate files"
copy-ambiguous,file,https://www.familysearch.org/en/records/images/search-results?imageGroupNumbers=108399956,"parsed ""ДАПО-(Р-3373-3-126-173+++Р-3373-3-126-173+++Militia Office Documents & Household Records, Poltava_3373-3-126-173_1944–1959)"" does not single out one of 48 candidate files"
copy-ambiguous,file,https://www.familysearch.org/en/records/images/search-results?imageGroupNumbers=108402301,"parsed ""ДАПО-(P-3373-3-174-213+++P-3373-3-174-213+++Militia Office Documents & Household Records, Poltava_3373-3-174-213_1944–1959)"" does not single out one of 40 candidate files"
copy-ambiguous,file,https://www.familysearch.org/en/records/images/search-results?imageGroupNumbers=108403329,"parsed ""ДАПО-(P-3373-3-214-243+++P-3373-3-214-243+++Militia Office Documents & Household Records, Poltava_3373-3-214-243_1944–1959)"" does not single out one of 30 candidate files"
copy-ambiguous,file,https://www.familysearch.org/en/records/images/search-results?imageGroupNumbers=108403340,"parsed ""ДАПО-(P-3373-3-244-280+++P-3373-3-244-280+++Militia Office Documents & Household Records, Poltava_3373-3-244-280_1944–1959)"" does not single out one of 37 candidate files"
copy-ambiguous,file,https://www.familysearch.org/en/records/images/search-results?imageGroupNumbers=108403381,"parsed ""ДАПО-(Р-9106-5-7171-7293+++Р-9106-5-7171-7293+++Фільтраційні справи, State Security Records, Poltava - 1942-1950_Р-9106-5-7171-7293_1940–1950)"" does not single out one of 123 candidate files"
copy-ambiguous,file,https://www.familysearch.org/en/records/images/search-results?imageGroupNumbers=108403391,"parsed ""ДАПО-(Р-9106-5-7294-7411+++Р-9106-5-7294-7411+++Фільтраційні справи, State Security Records, Poltava - 1942-1950_Р-9106-5-7294-7411_1940–1950)"" does not single out one of 118 candidate files"
copy-ambiguous,file,https://www.familysearch.org/en/records/images/search-results?imageGroupNumbers=108403393,"parsed ""ДАПО-(Р-9106-5-8790-8915+++Р-9106-5-8790-8915+++Фільтраційні справи, State Security Records, Poltava - 1942-1950_Р-9106-5-8790-8915_1940–1950)"" does not single out one of 126 candidate files"
copy-ambiguous,file,https://www.familysearch.org/en/records/images/search-results?imageGroupNumbers=108403395,"parsed ""ДАПО-(Р-9106-5-8916-9021+++Р-9106-5-8916-9021+++Фільтраційні справи, State Security Records, Poltava - 1942-1950_Р-9106-5-8916-9021_1940–1950)"" does not single out one of 106 candidate files"
copy-ambiguous,file,https://www.familysearch.org/en/records/images/search-results?imageGroupNumbers=108403402,"parsed ""ДАПО-(Р-9106-5-9724-9857+++Р-9106-5-9724-9857+++Фільтраційні справи, State Security Records, Poltava - 1942-1950_Р-9106-5-9724-9857_1940–1950)"" does not single out one of 134 candidate files"
copy-ambiguous,file,https://www.familysearch.org/en/records/images/search-results?imageGroupNumbers=108403405,"parsed ""ДАПО-(Р-9106-5-9858-9954а+++Р-9106-5-9858-9954а+++Фільтраційні справи, State Security Records, Poltava - 1942-1950_Р-9106-5-9858-9954а_1940–1950)"" does not single out one of 97 candidate files"
copy-ambiguous,file,https://www.familysearch.org/en/records/images/search-results?imageGroupNumbers=108403410,"parsed ""ДАПО-(Р-9106-5-12170-12299+++Р-9106-5-12170-12299+++Фільтраційні справи, State Security Records, Poltava - 1942-1950_Р-9106-5-12170-12299_1940–1950)"" does not single out one of 130 candidate files"
copy-ambiguous,file,https://www.familysearch.org/en/records/images/search-results?imageGroupNumbers=108403416,"parsed ""ДАПО-(Р-9106-5-12302-12442+++Р-9106-5-12302-12442+++Фільтраційні справи, State Security Records, Poltava - 1942-1950_Р-9106-5-12302-12442_1940–1950)"" does not single out one of 141 candidate files"
copy-ambiguous,file,https://www.familysearch.org/en/records/images/search-results?imageGroupNumbers=108403455,"parsed ""ДАПО-(P-3373-3-281-314+++P-3373-3-281-314+++Militia Office Documents & Household Records, Poltava_3373-3-281-314_1944–1959)"" does not single out one of 34 candidate files"
copy-ambiguous,file,https://www.familysearch.org/en/records/images/search-results?imageGroupNumbers=108403456,"parsed ""ДАПО-(P-3373-4-176-201+++P-3373-4-176-201+++Militia Office Documents & Household Records, Poltava_3373-4-176-201_1944–1959)"" does not single out one of 26 candidate files"
copy-ambiguous,file,https://www.familysearch.org/en/records/images/search-results?imageGroupNumbers=108403461,"parsed ""ДАПО-(P-3373-4-202-246+++P-3373-4-202-246+++Militia Office Documents & Household Records, Poltava_3373-4-202-246_1944–1959)"" does not single out one of 45 candidate files"
copy-ambiguous,file,https://www.familysearch.org/en/records/images/search-results?imageGroupNumbers=108403462,"parsed ""ДАПО-(P-3373-4-247-290+++P-3373-4-247-290+++Militia Office Documents & Household Records, Poltava_3373-4-247-290_1944–1959)"" does not single out one of 44 candidate files"
copy-ambiguous,file,https://www.familysearch.org/en/records/images/search-results?imageGroupNumbers=108403463,"parsed ""ДАПО-(P-3373-4-291-320+++P-3373-4-291-320+++Militia Office Documents & Household Records, Poltava_3373-4-291-320_1944–1959)"" does not single out one of 30 candidate files"
copy-ambiguous,file,https://www.familysearch.org/en/records/images/search-results?imageGroupNumbers=108403464,"parsed ""ДАПО-(P-3373-5-172-215+++P-3373-5-172-215+++Militia Office Documents & Household Records, Poltava_3373-5-172-215_1944–1959)"" does not single out one of 44 candidate files"
copy-ambiguous,file,https://www.familysearch.org/en/records/images/search-results?imageGroupNumbers=108403465,"parsed ""ДАПО-(P-3373-5-124-171+++P-3373-5-124-171+++Militia Office Documents & Household Records, Poltava_3373-5-124-171_1944–1959)"" does not single out one of 48 candidate files"
copy-ambiguous,file,https://www.familysearch.org/en/records/images/search-results?imageGroupNumbers=108403466,"parsed ""ДАПО-(P-3373-5-216-253+++P-3373-5-216-253+++Militia Office Documents & Household Records, Poltava_3373-5-216-253_1944–1959)"" does not single out one of 38 candidate files"
copy-ambiguous,file,https://www.familysearch.org/en/records/images/search-results?imageGroupNumbers=108403467,"parsed ""ДАПО-(P-3373-5-254-289+++P-3373-5-254-289+++Militia Office Documents & Household Records, Poltava_3373-5-254-289_1944–1959)"" does not single out one of 36 candidate files"
copy-ambiguous,file,https://www.familysearch.org/en/records/images/search-results?imageGroupNumbers=108403469,"parsed ""ДАПО-(P-3374-1-1-84+++P-3374-1-1-84+++Militia Office Documents & Household Records, Poltava_3374-1-1-84_1944–1948)"" does not single out one of 84 candidate files"
copy-ambiguous,file,https://www.familysearch.org/en/records/images/search-results?imageGroupNumbers=108403470,"parsed ""ДАПО-(P-3374-1-85-197+++P-3374-1-85-197+++Militia Office Documents & Household Records, Poltava_3374-1-85-197_1944–1948)"" does not single out one of 113 candidate files"
copy-ambiguous,file,https://www.familysearch.org/en/records/images/search-results?imageGroupNumbers=108403471,"parsed ""ДАПО-(P-3374-1-198-297+++P-3374-1-198-297+++Militia Office Documents & Household Records, Poltava_3374-1-198-297_1944–1948)"" does not single out one of 100 candidate files"
copy-ambiguous,file,https://www.familysearch.org/en/records/images/search-results?imageGroupNumbers=108403472,"parsed ""ДАПО-(Р-3374-1-298-388+++Р-3374-1-298-388+++Militia Office Documents & Household Records, Poltava_Р-3374-1-298-388_1944–1948)"" does not single out one of 91 candidate files"
copy-ambiguous,file,https://www.familysearch.org/en/records/images/search-results?imageGroupNumbers=108403473,"parsed ""ДАПО-(P-3374-1-820-925+++P-3374-1-820-925+++Militia Office Documents & Household Records, Poltava_3374-1-820-925_1944–1948)"" does not single out one of 106 candidate files"
copy-ambiguous,file,https://www.familysearch.org/en/records/images/search-results?imageGroupNumbers=108403474,"parsed ""ДАПО-(P-3374-1-926-1024+++P-3374-1-926-1024+++Militia Office Documents & Household Records, Poltava_3374-1-926-1024_1944–1948)"" does not single out one of 99 candidate files"
copy-ambiguous,file,https://www.familysearch.org/en/records/images/search-results?imageGroupNumbers=108403475,"parsed ""ДАПО-(Р-3374-1-1025-1121+++Р-3374-1-1025-1121+++Militia Office Documents & Household Records, Poltava_3374-1-1025-1121_1944–1948)"" does not single out one of 97 candidate files"
copy-ambiguous,file,https://www.familysearch.org/en/records/images/search-results?imageGroupNumbers=108403476,"parsed ""ДАПО-(P-3374-1-1122-1216+++P-3374-1-1122-1216+++Militia Office Documents & Household Records, Poltava_3374-1-1122-1216_1944–1948)"" does not single out one of 95 candidate files"
copy-ambiguous,file,https://www.familysearch.org/en/records/images/search-results?imageGroupNumbers=108414637,"parsed ""ДАПО-(P-3374-1-1407-1489+++P-3374-1-1407-1489+++Militia Office Documents & Household Records, Poltava_р-3374-1-1407-1489_1944–1948)"" does not single out one of 83 candidate files"
copy-ambiguous,file,https://www.familysearch.org/en/records/images/search-results?imageGroupNumbers=108414638,"parsed ""ДАПО-(Р-3375-2-1-56+++Р-3375-2-1-56+++Militia Office Documents & Household Records, Poltava_Р-3375-2-1-56_1943–1949)"" does not single out one of 56 candidate files"
copy-ambiguous,file,https://www.familysearch.org/en/records/images/search-results?imageGroupNumbers=108414639,"parsed ""ДАПО-(P-3374-1-1490-1588+++P-3374-1-1490-1588+++Militia Office Documents & Household Records, Poltava_р-3374-1-1490-1588_1944–1948)"" does not single out one of 99 candidate files"
copy-ambiguous,file,https://www.familysearch.org/en/records/images/search-results?imageGroupNumbers=108414640,"parsed ""ДАПО-(Р-3375-1-1817-1819+++Р-3375-1-1817-1819+++Militia Office Documents & Household Records, Poltava_Р-3375-1-1817-1819_1943–1949)"" does not single out one of 3 candidate files"
copy-ambiguous,file,https://www.familysearch.org/en/records/images/search-results?imageGroupNumbers=108414641,"parsed ""ДАПО-(P-3374-1-1681-1776+++P-3374-1-1681-1776+++Militia Office Documents & Household Records, Poltava_р-3374-1-1681-1776_1944–1948)"" does not single out one of 96 candidate files"
copy-ambiguous,file,https://www.familysearch.org/en/records/images/search-results?imageGroupNumbers=108414642,"parsed ""ДАПО-(P-3374-1-1589-1680+++P-3374-1-1589-1680+++Militia Office Documents & Household Records, Poltava_р-3374-1-1589-1680_1944–1948)"" does not single out one of 92 candidate files"
copy-ambiguous,file,https://www.familysearch.org/en/records/images/search-results?imageGroupNumbers=108414643,"parsed ""ДАПО-(р-3374-1-1777-1882+++р-3374-1-1777-1882+++Militia Office Documents & Household Records, Poltava_р-3374-1-1777-1882_1944–1948)"" does not single out one of 106 candidate files"
copy-ambiguous,file,https://www.familysearch.org/en/records/images/search-results?imageGroupNumbers=108414644,"parsed ""ДАПО-(р-3374-1-2572-2681+++р-3374-1-2572-2681+++Militia Office Documents & Household Records, Poltava_р-3374-1-2572-2681_1944–1948)"" does not single out one of 110 candidate files"
copy-ambiguous,file,https://www.familysearch.org/en/records/images/search-results?imageGroupNumbers=108414645,"parsed ""ДАПО-(р-3374-1-2780-2831+++р-3374-1-2780-2831+++Militia Office Documents & Household Records, Poltava_р-3374-1-2780-2831_1944–1948)"" does not single out one of 52 candidate files"
copy-ambiguous,file,https://www.familysearch.org/en/records/images/search-results?imageGroupNumbers=108414646,"parsed ""ДАПО-(Р-3375-1-922-1026+++Р-3375-1-922-1026+++Militia Office Documents & Household Records, Poltava_Р-3375-1-922-1026_1939–1948)"" does not single out one of 105 candidate files"
copy-ambiguous,file,https://www.familysearch.org/en/records/images/search-results?imageGroupNumbers=108414647,"parsed ""ДАПО-(Р-3375-1-1027-1139+++Р-3375-1-1027-1139+++Militia Office Documents & Household Records, Poltava_Р-3375-1-1027-1139_1939–1948)"" does not single out one of 113 candidate files"
copy-ambiguous,file,https://www.familysearch.org/en/records/images/search-results?imageGroupNumbers=108414648,"parsed ""ДАПО-(Р-3375-1-347-444+++Р-3375-1-347-444+++Militia Office Documents & Household Records, Poltava_Р-3375-1-347-444_1939–1948)"" does not single out one of 98 candidate files"
copy-ambiguous,file,https://www.familysearch.org/en/records/images/search-results?imageGroupNumbers=108414649,"parsed ""ДАПО-(P-3374-1-2682-2779+++P-3374-1-2682-2779+++Militia Office Documents & Household Records, Poltava_р-3374-1-2682-2779_1944–1948)"" does not single out one of 98 candidate files"
copy-ambiguous,file,https://www.familysearch.org/en/records/images/search-results?imageGroupNumbers=108414650,"parsed ""ДАПО-(Р-3375-1-1703-1816+++Р-3375-1-1703-1816+++Militia Office Documents & Household Records, Poltava_Р-3375-1-1703-1816_1939–1948)"" does not single out one of 114 candidate files"
copy-ambiguous,file,https://www.familysearch.org/en/records/images/search-results?imageGroupNumbers=108414653,"parsed ""ДАПО-(р-3375-1-221-346+++р-3375-1-221-346+++Militia Office Documents & Household Records, Poltava_р-3375-1-221-346_1939–1948)"" does not single out one of 126 candidate files"
copy-ambiguous,file,https://www.familysearch.org/en/records/images/search-results?imageGroupNumbers=108414655,"parsed ""ДАПО-(Р-3375-1-1140-1255+++Р-3375-1-1140-1255+++Militia Office Documents & Household Records, Poltava_Р-3375-1-1140-1255_1939–1948)"" does not single out one of 116 candidate files"
copy-ambiguous,file,https://www.familysearch.org/en/records/images/search-results?imageGroupNumbers=108414656,"parsed ""ДАПО-(P-3374-1-2832-2897+++P-3374-1-2832-2897+++Militia Office Documents & Household Records, Poltava_р-3374-1-2832-2897_1944–1948)"" does not single out one of 66 candidate files"
copy-ambiguous,file,https://www.familysearch.org/en/records/images/search-results?imageGroupNumbers=108414657,"parsed ""ДАПО-(р-3375-1-1256-1369+++р-3375-1-1256-1369+++Militia Office Documents & Household Records, Poltava_р-3375-1-1256-1369_1939–1948)"" does not single out one of 114 candidate files"
copy-ambiguous,file,https://www.familysearch.org/en/records/images/search-results?imageGroupNumbers=108414658,"parsed ""ДАПО-(р-9106-7-1187-1324+++р-9106-7-1187-1324+++Фільтраційні справи, State Security Records, Poltava - 1942-1950_р-9106-7-1187-1324_1940–1950)"" does not single out one of 138 candidate files"
copy-ambiguous,file,https://www.familysearch.org/en/records/images/search-results?imageGroupNumbers=108414659,"parsed ""ДАПО-(р-9106-6-1517-1642+++р-9106-6-1517-1642+++Фільтраційні справи, State Security Records, Poltava - 1942-1950_р-9106-6-1517-1642_1940–1950)"" does not single out one of 126 candidate files"
copy-ambiguous,file,https://www.familysearch.org/en/records/images/search-results?imageGroupNumbers=108414660,"parsed ""ДАПО-(р-9106-6-3691-3820+++р-9106-6-3691-3820+++Фільтраційні справи, State Security Records, Poltava - 1942-1950_р-9106-6-3691-3820_1940–1950)"" does not single out one of 130 candidate files"
copy-ambiguous,file,https://www.familysearch.org/en/records/images/search-results?imageGroupNumbers=108414661,"parsed ""ДАПО-(р-9106-6-2570-2692+++р-9106-6-2570-2692+++Фільтраційні справи, State Security Records, Poltava - 1942-1950_р-9106-6-2570-2692_1940–1950)"" does not single out one of 123 candidate files"
copy-ambiguous,file,https://www.familysearch.org/en/records/images/search-results?imageGroupNumbers=108414662,"parsed ""ДАПО-(р-9106-6-3821-3960+++р-9106-6-3821-3960+++Фільтраційні справи, State Security Records, Poltava - 1942-1950_р-9106-6-3821-3960_1940–1950)"" does not single out one of 140 candidate files"
copy-ambiguous,file,https://www.familysearch.org/en/records/images/search-results?imageGroupNumbers=108414663,"parsed ""ДАПО-(р-9106-6-2439-2569+++р-9106-6-2439-2569+++Фільтраційні справи, State Security Records, Poltava - 1942-1950_р-9106-6-2439-2569_1940–1950)"" does not single out one of 131 candidate files"
copy-ambiguous,file,https://www.familysearch.org/en/records/images/search-results?imageGroupNumbers=108414664,"parsed ""ДАПО-(р-9106-6-5123-5239+++р-9106-6-5123-5239+++Фільтраційні справи, State Security Records, Poltava - 1942-1950_р-9106-6-5123-5239_1940–1950)"" does not single out one of 117 candidate files"
copy-ambiguous,file,https://www.familysearch.org/en/records/images/search-results?imageGroupNumbers=108414665,"parsed ""ДАПО-(р-9106-7-381-513+++р-9106-7-381-513+++Фільтраційні справи, State Security Records, Poltava - 1942-1950_р-9106-7-381-513_1940–1950)"" does not single out one of 133 candidate files"
copy-ambiguous,file,https://www.familysearch.org/en/records/images/search-results?imageGroupNumbers=108414666,"parsed ""ДАПО-(р-9106-7-514-645+++р-9106-7-514-645+++Фільтраційні справи, State Security Records, Poltava - 1942-1950_р-9106-7-514-645_1940–1950)"" does not single out one of 132 candidate files"
copy-ambiguous,file,https://www.familysearch.org/en/records/images/search-results?imageGroupNumbers=108414802,"parsed ""ДАПО-(Р-9106-7-1596-1732+++Р-9106-7-1596-1732+++Фільтраційні справи, State Security Records, Poltava - 1942-1950_Р-9106-7-1596-1732_1940–1950)"" does not single out one of 137 candidate files"
copy-ambiguous,file,https://www.familysearch.org/en/records/images/search-results?imageGroupNumbers=108414803,"parsed ""ДАПО-(Р-9106-7-1456-1595+++Р-9106-7-1456-1595+++Фільтраційні справи, State Security Records, Poltava - 1942-1950_Р-9106-7-1456-1595_1940–1950)"" does not single out one of 140 candidate files"
copy-ambiguous,file,https://www.familysearch.org/en/records/images/search-results?imageGroupNumbers=108414804,"parsed ""ДАПО-(Р-9106-7-130-255+++Р-9106-7-130-255+++Фільтраційні справи, State Security Records, Poltava - 1942-1950_Р-9106-7-130-255_1940–1950)"" does not single out one of 126 candidate files"
copy-ambiguous,file,https://www.familysearch.org/en/records/images/search-results?imageGroupNumbers=108414805,"parsed ""ДАПО-(Р-9106-6-2693-2812+++Р-9106-6-2693-2812+++Фільтраційні справи, State Security Records, Poltava - 1942-1950_Р-9106-6-2693-2812_1940–1950)"" does not single out one of 120 candidate files"
copy-ambiguous,file,https://www.familysearch.org/en/records/images/search-results?imageGroupNumbers=108414806,"parsed ""ДАПО-(Р-9106-6-2813-2931+++Р-9106-6-2813-2931+++Фільтраційні справи, State Security Records, Poltava - 1942-1950_Р-9106-6-2813-2931_1940–1950)"" does not single out one of 119 candidate files"
copy-ambiguous,file,https://www.familysearch.org/en/records/images/search-results?imageGroupNumbers=108414807,"parsed ""ДАПО-(Р-9106-6-4096-4241+++Р-9106-6-4096-4241+++Фільтраційні справи, State Security Records, Poltava - 1942-1950_Р-9106-6-4096-4241_1940–1950)"" does not single out one of 146 candidate files"
copy-ambiguous,file,https://www.familysearch.org/en/records/images/search-results?imageGroupNumbers=108414808,"parsed ""ДАПО-(Р-9106-6-5378-5512+++Р-9106-6-5378-5512+++Фільтраційні справи, State Security Records, Poltava - 1942-1950_Р-9106-6-5378-5512_1940–1950)"" does not single out one of 135 candidate files"
copy-ambiguous,file,https://www.familysearch.org/en/records/images/search-results?imageGroupNumbers=108414809,"parsed ""ДАПО-(Р-9106-6-3964-4095+++Р-9106-6-3964-4095+++Фільтраційні справи, State Security Records, Poltava - 1942-1950_Р-9106-6-3964-4095_1940–1950)"" does not single out one of 132 candidate files"
copy-ambiguous,file,https://www.familysearch.org/en/records/images/search-results?imageGroupNumbers=108414810,"parsed ""ДАПО-(Р-9106-6-5245-5376+++Р-9106-6-5245-5376+++Фільтраційні справи, State Security Records, Poltava - 1942-1950_Р-9106-6-5245-5376_1940–1950)"" does not single out one of 132 candidate files"
copy-ambiguous,file,https://www.familysearch.org/en/records/images/search-results?imageGroupNumbers=108414811,"parsed ""ДАПО-(Р-9106-7-256-380+++Р-9106-7-256-380+++Фільтраційні справи, State Security Records, Poltava - 1942-1950_Р-9106-7-256-380_1940–1950)"" does not single out one of 125 candidate files"
copy-ambiguous,file,https://www.familysearch.org/en/records/images/search-results?imageGroupNumbers=108414815,"parsed ""ДАПО-(Р-9106-6-3295-3420+++Р-9106-6-3295-3420+++Фільтраційні справи, State Security Records, Poltava - 1942-1950_Р-9106-6-3295-3420_прибл. 1940–1950)"" does not single out one of 126 candidate files"
copy-ambiguous,file,https://www.familysearch.org/en/records/images/search-results?imageGroupNumbers=108414816,"parsed ""ДАПО-(Р-9106-7-1856-1979+++Р-9106-7-1856-1979+++Фільтраційні справи, State Security Records, Poltava - 1942-1950_Р-9106-7-1856-1979_прибл. 1940–1950)"" does not single out one of 124 candidate files"
copy-ambiguous,file,https://www.familysearch.org/en/records/images/search-results?imageGroupNumbers=108414817,"parsed ""ДАПО-(Р-9106-6-3173-3293+++Р-9106-6-3173-3293+++Фільтраційні справи,State Security Records, Poltava - 1942-1950_Р-9106-6-3173-3293_прибл. 1940–1950)"" does not single out one of 121 candidate files"
copy-ambiguous,file,https://www.familysearch.org/en/records/images/search-results?imageGroupNumbers=108414818,"parsed ""ДАПО-(Р-9106-7-2302-2444+++Р-9106-7-2302-2444+++Фільтраційні справи, State Security Records, Poltava - 1942-1950_Р-9106-7-2302-2444_прибл. 1940–1950)"" does not single out one of 143 candidate files"
copy-ambiguous,file,https://www.familysearch.org/en/records/images/search-results?imageGroupNumbers=108414819,"parsed ""ДАПО-(Р-9106-6-3053-3172+++Р-9106-6-3053-3172+++Фільтраційні справи, State Security Records, Poltava - 1942-1950_Р-9106-6-3053-3172_прибл. 1940–1950)"" does not single out one of 120 candidate files"
copy-ambiguous,file,https://www.familysearch.org/en/records/images/search-results?imageGroupNumbers=108414820,"parsed ""ДАПО-(Р-9106-7-647-784+++Р-9106-7-647-784+++Фільтраційні справи, State Security Records, Poltava - 1942-1950_Р-9106-7-647-784_прибл. 1940–1950)"" does not single out one of 138 candidate files"
copy-ambiguous,file,https://www.familysearch.org/en/records/images/search-results?imageGroupNumbers=108414821,"parsed ""ДАПО-(Р-9106-6-4372-4506+++Р-9106-6-4372-4506+++Фільтраційні справи, State Security Records, Poltava - 1942-1950_Р-9106-6-4372-4506_прибл. 1940–1950)"" does not single out one of 135 candidate files"
copy-ambiguous,file,https://www.familysearch.org/en/records/images/search-results?imageGroupNumbers=108414822,"parsed ""ДАПО-(Р-9106-7-786-908+++Р-9106-7-786-908+++Фільтраційні справи, State Security Records, Poltava - 1942-1950_Р-9106-7-786-908_прибл. 1940–1950)"" does not single out one of 123 candidate files"
copy-ambiguous,file,https://www.familysearch.org/en/records/images/search-results?imageGroupNumbers=108414823,"parsed ""ДАПО-(Р-9106-6-5003-5122+++Р-9106-6-5003-5122+++Фільтраційні справи, State Security Records, Poltava - 1942-1950_Р-9106-6-5003-5122_прибл. 1940–1950)"" does not single out one of 120 candidate files"
copy-ambiguous,file,https://www.familysearch.org/en/records/images/search-results?imageGroupNumbers=108414824,"parsed ""ДАПО-(Р-9106-6-4242-4370+++Р-9106-6-4242-4370+++Фільтраційні справи, State Security Records, Poltava - 1942-1950_Р-9106-6-4242-4370_прибл. 1940–1950)"" does not single out one of 129 candidate files"
copy-ambiguous,file,https://www.familysearch.org/en/records/images/search-results?imageGroupNumbers=108414825,"parsed ""ДАПО-(Р-9106-6-5513-5644+++Р-9106-6-5513-5644+++Фільтраційні справи, State Security Records, Poltava - 1942-1950_Р-9106-6-5513-5644_прибл. 1940–1950)"" does not single out one of 132 candidate files"
copy-ambiguous,file,https://www.familysearch.org/en/records/images/search-results?imageGroupNumbers=108414826,"parsed ""ДАПО-(Р-9106-7-1733-1855+++Р-9106-7-1733-1855+++Фільтраційні справи, State Security Records, Poltava - 1942-1950_Р-9106-7-1733-1855_прибл. 1940–1950)"" does not single out one of 123 candidate files"
copy-ambiguous,file,https://www.familysearch.org/en/records/images/search-results?imageGroupNumbers=108414827,"parsed ""ДАПО-(Р-9106-6-4640-4766+++Р-9106-6-4640-4766+++Фільтраційні справи, State Security Records, Poltava - 1942-1950_Р-9106-6-4640-4766_прибл. 1940–1950)"" does not single out one of 127 candidate files"
copy-ambiguous,file,https://www.familysearch.org/en/records/images/search-results?imageGroupNumbers=108414828,"parsed ""ДАПО-(Р-9106-6-4507-4639+++Р-9106-6-4507-4639+++Фільтраційні справи, State Security Records, Poltava - 1942-1950_Р-9106-6-4507-4639_прибл. 1940–1950)"" does not single out one of 133 candidate files"
copy-ambiguous,file,https://www.familysearch.org/en/records/images/search-results?imageGroupNumbers=108414829,"parsed ""ДАПО-(Р-9106-6-5645-5768+++Р-9106-6-5645-5768+++Фільтраційні справи, State Security Records, Poltava - 1942-1950_Р-9106-6-5645-5768_прибл. 1940–1950)"" does not single out one of 124 candidate files"
copy-ambiguous,file,https://www.familysearch.org/en/records/images/search-results?imageGroupNumbers=108415626,"parsed ""ДАПО-(Р-3375-1-681-803+++Р-3375-1-681-803+++Militia Office Documents & Household Records, Poltava_Р-3375-1-681-803_1939–1948)"" does not single out one of 123 candidate files"
copy-ambiguous,file,https://www.familysearch.org/en/records/images/search-results?imageGroupNumbers=108415627,"parsed ""ДАПО-(Р-3375-1-804-921+++Р-3375-1-804-921+++Militia Office Documents & Household Records, Poltava_Р-3375-1-804-921_1939–1948)"" does not single out one of 118 candidate files"
copy-ambiguous,file,https://www.familysearch.org/en/records/images/search-results?imageGroupNumbers=108416400,"parsed ""ДАПО-(Р-3375-1-1370-1466+++Р-3375-1-1370-1466+++Militia Office Documents & Household Records, Poltava_Р-3375-1-1370-1466_1939–1948)"" does not single out one of 97 candidate files"
copy-ambiguous,file,https://www.familysearch.org/en/records/images/search-results?imageGroupNumbers=108416401,"parsed ""ДАПО-(Р-3375-1-1467-1589+++Р-3375-1-1467-1589+++Militia Office Documents & Household Records, Poltava_Р-3375-1-1467-1589_1939–1948)"" does not single out one of 123 candidate files"
copy-ambiguous,file,https://www.familysearch.org/en/records/images/search-results?imageGroupNumbers=108416406,"parsed ""ДАПО-(P-3374-1-1217-1318+++P-3374-1-1217-1318+++Militia Office Documents & Household Records, Poltava_3374-1-1217-1318_1944–1948)"" does not single out one of 102 candidate files"
copy-ambiguous,file,https://www.familysearch.org/en/records/images/search-results?imageGroupNumbers=108416407,"parsed ""ДАПО-(P-3374-1-1883-1948+++P-3374-1-1883-1948+++Militia Office Documents & Household Records, Poltava_3374-1-1883-1948_1944–1948)"" does not single out one of 66 candidate files"
copy-ambiguous,file,https://www.familysearch.org/en/records/images/search-results?imageGroupNumbers=108416566,"parsed ""ДАПО-(P-3374-1-1319-1406+++P-3374-1-1319-1406+++Militia Office Documents & Household Records, Poltava_3374-1-1319-1406_1944–1948)"" does not single out one of 88 candidate files"
copy-ambiguous,file,https://www.familysearch.org/en/records/images/search-results?imageGroupNumbers=108416670,"parsed ""ДАПО-(P-3374-1-1949-2029+++P-3374-1-1949-2029+++Militia Office Documents & Household Records, Poltava_3374-1-1949-2029_1944–1948)"" does not single out one of 81 candidate files"
copy-ambiguous,file,https://www.familysearch.org/en/records/images/search-results?imageGroupNumbers=108416671,"parsed ""ДАПО-(P-3374-1-2030-2138+++P-3374-1-2030-2138+++Militia Office Documents & Household Records, Poltava_3374-1-2030-2138_1944–1948)"" does not single out one of 109 candidate files"
copy-ambiguous,file,https://www.familysearch.org/en/records/images/search-results?imageGroupNumbers=108416847,"parsed ""ДАПО-(P-3374-1-2139-2211+++P-3374-1-2139-2211+++Militia Office Documents & Household Records, Poltava_3374-1-2139-2211_1944–1948)"" does not single out one of 73 candidate files"
copy-ambiguous,file,https://www.familysearch.org/en/records/images/search-results?imageGroupNumbers=108416894,"parsed ""ДАПО-(P-3374-1-2212-2299+++P-3374-1-2212-2299+++Militia Office Documents & Household Records, Poltava_3374-1-2212-2299_1944–1948)"" does not single out one of 88 candidate files"
copy-ambiguous,file,https://www.familysearch.org/en/records/images/search-results?imageGroupNumbers=108416979,"parsed ""ДАПО-(P-3374-1-2300-2393+++P-3374-1-2300-2393+++Militia Office Documents & Household Records, Poltava_3374-1-2300-2393_1944–1948)"" does not single out one of 94 candidate files"
copy-ambiguous,file,https://www.familysearch.org/en/records/images/search-results?imageGroupNumbers=108417068,"parsed ""ДАПО-(P-3374-1-2394-2491+++P-3374-1-2394-2491+++Militia Office Documents & Household Records, Poltava_3374-1-2394-2491_1944–1948)"" does not single out one of 98 candidate files"
copy-ambiguous,file,https://www.familysearch.org/en/records/images/search-results?imageGroupNumbers=108417100,"parsed ""ДАПО-(P-3374-1-2492-2571+++P-3374-1-2492-2571+++Militia Office Documents & Household Records, Poltava_3374-1-2492-2571_1944–1948)"" does not single out one of 80 candidate files"
copy-ambiguous,file,https://www.familysearch.org/en/records/images/search-results?imageGroupNumbers=108417139,"parsed ""ДАПО-(P-3374-1-2898-2965+++P-3374-1-2898-2965+++Militia Office Documents & Household Records, Poltava_3374-1-2898-2965_1944–1948)"" does not single out one of 68 candidate files"
copy-ambiguous,file,https://www.familysearch.org/en/records/images/search-results?imageGroupNumbers=108417765,"parsed ""ДАПО-(Р-3375-1-1-120+++Р-3375-1-1-120+++Militia Office Documents & Household Records, Poltava_Р-3375-1-1-120_1939–1948)"" does not single out one of 120 candidate files"
copy-ambiguous,file,https://www.familysearch.org/en/records/images/search-results?imageGroupNumbers=108417827,"parsed ""ДАПО-(Р-3375-1-121-220+++Р-3375-1-121-220+++Militia Office Documents & Household Records, Poltava_Р-3375-1-121-220_1939–1948)"" does not single out one of 100 candidate files"
copy-ambiguous,file,https://www.familysearch.org/en/records/images/search-results?imageGroupNumbers=108417828,"parsed ""ДАПО-(Р-3375-1-445-561+++Р-3375-1-445-561+++Militia Office Documents & Household Records, Poltava_Р-3375-1-445-561_1939–1948)"" does not single out one of 117 candidate files"
copy-ambiguous,file,https://www.familysearch.org/en/records/images/search-results?imageGroupNumbers=108417829,"parsed ""ДАПО-(Р-3375-1-562-680+++Р-3375-1-562-680+++Militia Office Documents & Household Records, Poltava_Р-3375-1-562-680_1939–1948)"" does not single out one of 119 candidate files"
copy-ambiguous,file,https://www.familysearch.org/en/records/images/search-results?imageGroupNumbers=108417830,"parsed ""ДАПО-(Р-9106-6-1143-1267+++Р-9106-6-1143-1267+++Фільтраційні справи, State Security Records, Poltava - 1942-1950_Р-9106-6-1143-1267_1940–1950)"" does not single out one of 125 candidate files"
copy-ambiguous,file,https://www.familysearch.org/en/records/images/search-results?imageGroupNumbers=108417831,"parsed ""ДАПО-(Р-9106-6-2159-2296+++Р-9106-6-2159-2296+++Фільтраційні справи, State Security Records, Poltava - 1942-1950_Р-9106-6-2159-2296_1940–1950)"" does not single out one of 138 candidate files"
copy-ambiguous,file,https://www.familysearch.org/en/records/images/search-results?imageGroupNumbers=108417832,"parsed ""ДАПО-(Р-9106-6-2297-2438+++Р-9106-6-2297-2438+++Фільтраційні справи, State Security Records, Poltava - 1942-1950_Р-9106-6-2297-2438_1940–1950)"" does not single out one of 142 candidate files"
copy-ambiguous,file,https://www.familysearch.org/en/records/images/search-results?imageGroupNumbers=108417833,"parsed ""ДАПО-(Р-9106-6-3422-3563+++Р-9106-6-3422-3563+++Фільтраційні справи, State Security Records, Poltava - 1942-1950_Р-9106-6-3422-3563_1940–1950)"" does not single out one of 142 candidate files"
copy-ambiguous,file,https://www.familysearch.org/en/records/images/search-results?imageGroupNumbers=108417834,"parsed ""ДАПО-(Р-9106-6-3564-3690+++Р-9106-6-3564-3690+++Фільтраційні справи, State Security Records, Poltava - 1942-1950_Р-9106-6-3564-3690_1940–1950)"" does not single out one of 127 candidate files"
copy-ambiguous,file,https://www.familysearch.org/en/records/images/search-results?imageGroupNumbers=108417835,"parsed ""ДАПО-(Р-9106-6-4889-5002+++Р-9106-6-4889-5002+++Фільтраційні справи, State Security Records, Poltava - 1942-1950_Р-9106-6-4889-5002_1940–1950)"" does not single out one of 114 candidate files"
copy-ambiguous,file,https://www.familysearch.org/en/records/images/search-results?imageGroupNumbers=108417836,"parsed ""ДАПО-(Р-9106-6-4767-4888+++Р-9106-6-4767-4888+++Фільтраційні справи, State Security Records, Poltava - 1942-1950_Р-9106-6-4767-4888_1940–1950)"" does not single out one of 122 candidate files"
copy-ambiguous,file,https://www.familysearch.org/en/records/images/search-results?imageGroupNumbers=108417837,"parsed ""ДАПО-(Р-9106-6-5774-5827+++Р-9106-6-5774-5827+++Фільтраційні справи, State Security Records, Poltava - 1942-1950_Р-9106-6-5774-5827_1940–1950)"" does not single out one of 54 candidate files"
copy-ambiguous,file,https://www.familysearch.org/en/records/images/search-results?imageGroupNumbers=108417838,"parsed ""ДАПО-(Р-9106-7-1-129+++Р-9106-7-1-129+++Фільтраційні справи, State Security Records, Poltava - 1942-1950_Р-9106-7-1-129_1940–1950)"" does not single out one of 129 candidate files"
copy-ambiguous,file,https://www.familysearch.org/en/records/images/search-results?imageGroupNumbers=108417839,"parsed ""ДАПО-(Р-9106-7-909-1056+++Р-9106-7-909-1056+++Фільтраційні справи, State Security Records, Poltava - 1942-1950_Р-9106-7-909-1056_1940–1950)"" does not single out one of 148 candidate files"
copy-ambiguous,file,https://www.familysearch.org/en/records/images/search-results?imageGroupNumbers=108417840,"parsed ""ДАПО-(Р-9106-7-2578-2708+++Р-9106-7-2578-2708+++Фільтраційні справи, State Security Records, Poltava - 1942-1950_Р-9106-7-2578-2708_1940–1950)"" does not single out one of 131 candidate files"
copy-ambiguous,file,https://www.familysearch.org/en/records/images/search-results?imageGroupNumbers=108429829,"parsed ""ДАПО-(р-9106-7-7181-7257+++р-9106-7-7181-7257+++Фільтраційні справи, State Security Records, Poltava - 1942-1950_р-9106-7-7181-7257_1942–1949)"" does not single out one of 77 candidate files"
copy-ambiguous,file,https://www.familysearch.org/en/records/images/search-results?imageGroupNumbers=108429830,"parsed ""ДАПО-(р-9106-7-4933-5061+++р-9106-7-4933-5061+++Фільтраційні справи, State Security Records, Poltava - 1942-1950_р-9106-7-4933-5061_1945–1949)"" does not single out one of 129 candidate files"
copy-ambiguous,file,https://www.familysearch.org/en/records/images/search-results?imageGroupNumbers=108429831,"parsed ""ДАПО-(р-9106-7-4822-4932+++р-9106-7-4822-4932+++Фільтраційні справи, State Security Records, Poltava - 1942-1950_р-9106-7-4822-4932_1942–1950)"" does not single out one of 111 candidate files"
copy-ambiguous,file,https://www.familysearch.org/en/records/images/search-results?imageGroupNumbers=108429832,"parsed ""ДАПО-(р-9106-7-1325-1455+++р-9106-7-1325-1455+++Фільтраційні справи, State Security Records, Poltava - 1942-1950_р-9106-7-1325-1455_1942–1950)"" does not single out one of 131 candidate files"
copy-ambiguous,file,https://www.familysearch.org/en/records/images/search-results?imageGroupNumbers=108429833,"parsed ""ДАПО-(р-9106-7-7085-7180+++р-9106-7-7085-7180+++Фільтраційні справи, State Security Records, Poltava - 1942-1950_р-9106-7-7085-7180_1945–1949)"" does not single out one of 96 candidate files"
copy-ambiguous,file,https://www.familysearch.org/en/records/images/search-results?imageGroupNumbers=108429834,"parsed ""ДАПО-(р-9106-7-2826-2954+++р-9106-7-2826-2954+++Фільтраційні справи, State Security Records, Poltava - 1942-1950_р-9106-7-2826-2954_1942–1950)"" does not single out one of 129 candidate files"
copy-ambiguous,file,https://www.familysearch.org/en/records/images/search-results?imageGroupNumbers=108429835,"parsed ""ДАПО-(Р-9106-7-5930-6060+++Р-9106-7-5930-6060+++Фільтраційні справи, State Security Records, Poltava - 1942-1950_Р-9106-7-5930-6060)"" does not single out one of 131 candidate files"
copy-ambiguous,file,https://www.familysearch.org/en/records/images/search-results?imageGroupNumbers=108429836,"parsed ""ДАПО-(р-9106-7-2955-3104+++р-9106-7-2955-3104+++Фільтраційні справи, State Security Records, Poltava - 1942-1950_р-9106-7-2955-3104_1942–1950)"" does not single out one of 150 candidate files"
copy-ambiguous,file,https://www.familysearch.org/en/records/images/search-results?imageGroupNumbers=108429837,"parsed ""ДАПО-(р-9106-7-3647-3777+++р-9106-7-3647-3777+++Фільтраційні справи, State Security Records, Poltava - 1942-1950_р-9106-7-3647-3777_1942–1950)"" does not single out one of 131 candidate files"
copy-ambiguous,file,https://www.familysearch.org/en/records/images/search-results?imageGroupNumbers=108429838,"parsed ""ДАПО-(Р-9106-7-5804-5929+++Р-9106-7-5804-5929+++Фільтраційні справи, State Security Records, Poltava - 1942-1950_Р-9106-7-5804-5929_1945–1949)"" does not single out one of 126 candidate files"
copy-ambiguous,file,https://www.familysearch.org/en/records/images/search-results?imageGroupNumbers=108429839,"parsed ""ДАПО-(Р-9106-7-8568-8658+++Р-9106-7-8568-8658+++Фільтраційні справи, State Security Records, Poltava - 1942-1950_Р-9106-7-8568-8658_прибл. 1943–1949)"" does not single out one of 91 candidate files"
copy-ambiguous,file,https://www.familysearch.org/en/records/images/search-results?imageGroupNumbers=108429840,"parsed ""ДАПО-(Р-9106-7-2445-2577+++Р-9106-7-2445-2577+++Фільтраційні справи, State Security Records, Poltava - 1942-1950_Р-9106-7-2445-2577_прибл. 1942–1947)"" does not single out one of 133 candidate files"
copy-ambiguous,file,https://www.familysearch.org/en/records/images/search-results?imageGroupNumbers=108429841,"parsed ""ДАПО-(Р-9106-7-4075-4229+++Р-9106-7-4075-4229+++Фільтраційні справи, State Security Records, Poltava - 1942-1950_Р-9106-7-4075-4229_прибл. 1942–1947)"" does not single out one of 155 candidate files"
copy-ambiguous,file,https://www.familysearch.org/en/records/images/search-results?imageGroupNumbers=108429842,"parsed ""ДАПО-(Р-9106-7-3105-3247+++Р-9106-7-3105-3247+++Фільтраційні справи, State Security Records, Poltava - 1942-1950_Р-9106-7-3105-3247_прибл. 1942–1947)"" does not single out one of 143 candidate files"
copy-ambiguous,file,https://www.familysearch.org/en/records/images/search-results?imageGroupNumbers=108429843,"parsed ""ДАПО-(Р-9106-7-5062-5192+++Р-9106-7-5062-5192+++Фільтраційні справи, State Security Records, Poltava - 1942-1950_Р-9106-7-5062-5192_прибл. 1942–1947)"" does not single out one of 131 candidate files"
copy-ambiguous,file,https://www.familysearch.org/en/records/images/search-results?imageGroupNumbers=108429844,"parsed ""ДАПО-(Р-9106-7-3379-3517+++Р-9106-7-3379-3517+++Фільтраційні справи, Sta e Security Records, Poltava - 1942-1950_Р-9106-7-3379-3517_прибл. 1942–1947)"" does not single out one of 139 candidate files"
copy-ambiguous,file,https://www.familysearch.org/en/records/images/search-results?imageGroupNumbers=108429845,"parsed ""ДАПО-(Р-9106-7-6061-6189+++Р-9106-7-6061-6189+++Фільтраційні справи, State Security Records, Poltava - 1942-1950_Р-9106-7-6061-6189_прибл. 1942–1947)"" does not single out one of 129 candidate files"
copy-ambiguous,file,https://www.familysearch.org/en/records/images/search-results?imageGroupNumbers=108429846,"parsed ""ДАПО-(Р-9106-7-7360-7483+++Р-9106-7-7360-7483+++Фільтраційні справи, State Security Records, Poltava - 1942-1950_Р-9106-7-7360-7483_прибл. 1942–1947)"" does not single out one of 124 candidate files"
copy-ambiguous,file,https://www.familysearch.org/en/records/images/search-results?imageGroupNumbers=108429847,"parsed ""ДАПО-(Р-9106-7-5193-5311+++Р-9106-7-5193-5311+++Фільтраційні справи, State Security Records, Poltava - 1942-1950_Р-9106-7-5193-5311_прибл. 1942–1947)"" does not single out one of 119 candidate files"
copy-ambiguous,file,https://www.familysearch.org/en/records/images/search-results?imageGroupNumbers=108429848,"parsed ""ДАПО-(Р-9106-7-3248-3376+++Р-9106-7-3248-3376+++Фільтраційні справи, State Security Records, Poltava - 1942-1950_Р-9106-7-3248-3376_прибл. 1942–1947)"" does not single out one of 129 candidate files"
copy-ambiguous,file,https://www.familysearch.org/en/records/images/search-results?imageGroupNumbers=108429849,"parsed ""ДАПО-(Р-9106-7-7569-7666+++Р-9106-7-7569-7666+++Фльтраційні справи, State Security Records, Poltava - 1942-1950_Р-9106-7-7569-7666_прибл. 1945–1946)"" does not single out one of 98 candidate files"
copy-ambiguous,file,https://www.familysearch.org/en/records/images/search-results?imageGroupNumbers=108429850,"parsed ""ДАПО-(Р-9106-7-6190-6276+++Р-9106-7-6190-6276+++Фільтраційні справи, State Security Records, Poltava - 1942-1950_Р-9106-7-6190-6276_прибл. 1942–1947)"" does not single out one of 87 candidate files"
copy-ambiguous,file,https://www.familysearch.org/en/records/images/search-results?imageGroupNumbers=108429851,"parsed ""ДАПО-(Р-9106-7-7258-7353+++Р-9106-7-7258-7353+++Фільтраційні справи, State Security Records, Poltava - 1942-1950_Р-9106-7-7258-7353_прибл. 1942–1947)"" does not single out one of 96 candidate files"
copy-ambiguous,file,https://www.familysearch.org/en/records/images/search-results?imageGroupNumbers=108429852,"parsed ""ДАПО-(Р-9106-7-6363-6457+++Р-9106-7-6363-6457+++Фільтраційні справи, State Security Records, Poltava - 1942-1950_Р-9106-7-6363-6457_прибл. 1942–1950)"" does not single out one of 95 candidate files"
copy-ambiguous,file,https://www.familysearch.org/en/records/images/search-results?imageGroupNumbers=108429853,"parsed ""ДАПО-(Р-9106-7-3913-4073+++Р-9106-7-3913-4073+++Фільтраційні справи, State Security Records, Poltava - 1942-1950_Р-9106-7-3913-4073_прибл. 1942–1947)"" does not single out one of 161 candidate files"
copy-ambiguous,file,https://www.familysearch.org/en/records/images/search-results?imageGroupNumbers=108429854,"parsed ""ДАПО-(Р-9106-7-6566-6663+++Р-9106-7-6566-6663+++Фільтраційні справи, State Security Records, Poltava - 1942-1950_Р-9106-7-6566-6663_прибл. 1945–1947)"" does not single out one of 98 candidate files"
copy-ambiguous,file,https://www.familysearch.org/en/records/images/search-results?imageGroupNumbers=108429855,"parsed ""ДАПО-(Р-9106-7-7667-7749+++Р-9106-7-7667-7749+++Фільтраційні справи, State Security Records, Poltava - 1942-1950_Р-9106-7-7667-7749_прибл. 1945–1949)"" does not single out one of 83 candidate files"
copy-ambiguous,file,https://www.familysearch.org/en/records/images/search-results?imageGroupNumbers=108429856,"parsed ""ДАПО-(Р-9106-7-6458-6562+++Р-9106-7-6458-6562+++Фільтраційні справи, State Security Records, Poltava - 1942-1950_Р-9106-7-6458-6562_прибл. 1942–1948)"" does not single out one of 105 candidate files"
copy-ambiguous,file,https://www.familysearch.org/en/records/images/search-results?imageGroupNumbers=108429857,"parsed ""ДАПО-(Р-9106-7-7487-7568+++Р-9106-7-7487-7568+++Фільтраційні справи, State Security Records, Poltava - 1942-1950_Р-9106-7-7487-7568_прибл. 1943–1949)"" does not single out one of 82 candidate files"
copy-ambiguous,file,https://www.familysearch.org/en/records/images/search-results?imageGroupNumbers=108449027,"parsed ""ДАПО-(Р-9106-7-6970-7084+++Р-9106-7-6970-7084+++Фільтраційні справи, State Security Records, Poltava - 1942-1950_Р-9106-7-6970-7084_1942–1948)"" does not single out one of 115 candidate files"
copy-ambiguous,file,https://www.familysearch.org/en/records/images/search-results?imageGroupNumbers=108449049,"parsed ""ДАПО-(Р-9106-7-8029-8098+++Р-9106-7-8029-8098+++Фільтраційні справи, State Security Records, Poltava - 1942-1950_Р-9106-7-8029-8098_1942–1948)"" does not single out one of 70 candidate files"
copy-ambiguous,file,https://www.familysearch.org/en/records/images/search-results?imageGroupNumbers=108449055,"parsed ""ДАПО-(Р-9106-7-7933-8028+++Р-9106-7-7933-8028+++Фільтраційні справи, State Security Records, Poltava - 1942-1950_Р-9106-7-7933-8028_1942–1948)"" does not single out one of 96 candidate files"
copy-ambiguous,file,https://www.familysearch.org/en/records/images/search-results?imageGroupNumbers=108449064,"parsed ""ДАПО-(Р-9106-7-9060-9162+++Р-9106-7-9060-9162+++Фільтраційні справи, State Security Records, Poltava - 1942-1950_Р-9106-7-9060-9162_1942–1948)"" does not single out one of 103 candidate files"
copy-ambiguous,file,https://www.familysearch.org/en/records/images/search-results?imageGroupNumbers=108449243,"parsed ""ДАПО-(Р-9106-7-9164-9258+++Р-9106-7-9164-9258+++Фільтраційні справи, State Security Records, Poltava - 1942-1950_Р-9106-7-9164-9258_1942–1948)"" does not single out one of 95 candidate files"
copy-ambiguous,file,https://www.familysearch.org/en/records/images/search-results?imageGroupNumbers=108449420,"parsed ""ДАПО-(Р-9106-8-771-825+++Р-9106-8-771-825+++Фільтраційні справи, State Security Records, Poltava - 1942-1950_Р-9106-8-771-825_1942–1948)"" does not single out one of 55 candidate files"
copy-ambiguous,file,https://www.familysearch.org/en/records/images/search-results?imageGroupNumbers=108449427,"parsed ""ДАПО-(Р-9106-8-826-895+++Р-9106-8-826-895+++Фільтраційні справи, State Security Records, Poltava - 1942-1950_Р-9106-8-826-895_1942–1948)"" does not single out one of 70 candidate files"
copy-ambiguous,file,https://www.familysearch.org/en/records/images/search-results?imageGroupNumbers=108449433,"parsed ""ДАПО-(Р-9106-8-1400-1463+++Р-9106-8-1400-1463+++Фільтраційні справи, State Security Records, Poltava - 1942-1950_Р-9106-8-1400-1463_1942–1948)"" does not single out one of 64 candidate files"
copy-ambiguous,file,https://www.familysearch.org/en/records/images/search-results?imageGroupNumbers=108449439,"parsed ""ДАПО-(Р-9106-8-1732-1799+++Р-9106-8-1732-1799+++Фільтраційні справи, State Security Records, Poltava - 1942-1950_Р-9106-8-1732-1799_1942–1948)"" does not single out one of 68 candidate files"
copy-ambiguous,file,https://www.familysearch.org/en/records/images/search-results?imageGroupNumbers=108449452,"parsed ""ДАПО-(Р-9106-8-1669-1731+++Р-9106-8-1669-1731+++Фільтраційні справи, State Security Records, Poltava - 1942-1950_Р-9106-8-1669-1731_1942–1948)"" does not single out one of 63 candidate files"
copy-ambiguous,file,https://www.familysearch.org/en/records/images/search-results?imageGroupNumbers=108449459,"parsed ""ДАПО-(Р-9106-8-2167-2230+++Р-9106-8-2167-2230+++Фільтраційні справи, State Security Records, Poltava - 1942-1950_Р-9106-8-2167-2230_1942–1948)"" does not single out one of 64 candidate files"
copy-ambiguous,file,https://www.familysearch.org/en/records/images/search-results?imageGroupNumbers=108449473,"parsed ""ДАПО-(Р-9106-8-2231-2311+++Р-9106-8-2231-2311+++Фільтраційні справи, State Security Records, Poltava - 1942-1950_Р-9106-8-2231-2311_1942–1948)"" does not single out one of 81 candidate files"
copy-ambiguous,file,https://www.familysearch.org/en/records/images/search-results?imageGroupNumbers=108449480,"parsed ""ДАПО-(Р-9106-8-2951-3012+++Р-9106-8-2951-3012+++Фільтраційні справи, State Security Records, Poltava - 1942-1950_Р-9106-8-2951-3012_1942–1948)"" does not single out one of 62 candidate files"
copy-ambiguous,file,https://www.familysearch.org/en/records/images/search-results?imageGroupNumbers=108449495,"parsed ""ДАПО-(Р-9106-8-2880-2950+++Р-9106-8-2880-2950+++Фільтраційні справи, State Security Records, Poltava - 1942-1950_Р-9106-8-2880-2950_1942–1948)"" does not single out one of 71 candidate files"
copy-ambiguous,file,https://www.familysearch.org/en/records/images/search-results?imageGroupNumbers=108449509,"parsed ""ДАПО-(Р-9106-8-3589-3645+++Р-9106-8-3589-3645+++Фільтраційні справи, State Security Records, Poltava - 1942-1950_Р-9106-8-3589-3645_1942–1948)"" does not single out one of 57 candidate files"
copy-ambiguous,file,https://www.familysearch.org/en/records/images/search-results?imageGroupNumbers=108449546,"parsed ""ДАПО-(Р-9106-7-8471-8567+++Р-9106-7-8471-8567+++Фільтраційні справи, State Security Records, Poltava - 1942-1950_Р-9106-7-8471-8567_прибл. 1943–1949)"" does not single out one of 97 candidate files"
copy-ambiguous,file,https://www.familysearch.org/en/records/images/search-results?imageGroupNumbers=108449551,"parsed ""ДАПО-(Р-9106-7-8948-9059+++Р-9106-7-8948-9059+++Фільтраційні справи, State Security Records, Poltava - 1942-1950_Р-9106-7-8948-9059_прибл. 1942–1949)"" does not single out one of 112 candidate files"
copy-ambiguous,file,https://www.familysearch.org/en/records/images/search-results?imageGroupNumbers=108449554,"parsed ""ДАПО-(Р-9106-7-8845-8946+++Р-9106-7-8845-8946+++Фільтраційні справи, State Security Records, Poltava - 1942-1950_Р-9106-7-8845-8946_прибл. 1942–1949)"" does not single out one of 102 candidate files"
copy-ambiguous,file,https://www.familysearch.org/en/records/images/search-results?imageGroupNumbers=108449560,"parsed ""ДАПО-(Р-9106-8-88-186+++Р-9106-8-88-186+++Фільтраційні справи, State Security Records, Poltava - 1942-1950_Р-9106-8-88-186_прибл. 1942–1949)"" does not single out one of 99 candidate files"
copy-ambiguous,file,https://www.familysearch.org/en/records/images/search-results?imageGroupNumbers=108449565,"parsed ""ДАПО-(Р-9106-8-188-246+++Р-9106-8-188-246+++Фільтраційні справи, State Security Records, Poltava - 1942-1950_Р-9106-8-188-246_прибл. 1942–1949)"" does not single out one of 59 candidate files"
copy-ambiguous,file,https://www.familysearch.org/en/records/images/search-results?imageGroupNumbers=108449568,"parsed ""ДАПО-(Р-9106-8-605-662+++Р-9106-8-605-662+++Фільтраційні справи, State Security Records, Poltava - 1942-1950_Р-9106-8-605-662_прибл. 1942–1949)"" does not single out one of 58 candidate files"
copy-ambiguous,file,https://www.familysearch.org/en/records/images/search-results?imageGroupNumbers=108449571,"parsed ""ДАПО-(Р-9106-8-663-766+++Р-9106-8-663-766+++Фільтраційні справи, State Security Records, Poltava - 1942-1950_Р-9106-8-663-766_прибл. 1942–1949)"" does not single out one of 104 candidate files"
copy-ambiguous,file,https://www.familysearch.org/en/records/images/search-results?imageGroupNumbers=108449573,"parsed ""ДАПО-(Р-9106-8-1005-1076+++Р-9106-8-1005-1076+++фільтраційні справи, State Security Records, Poltava - 1942-1950_Р-9106-8-1005-1076_прибл. 1942–1949)"" does not single out one of 72 candidate files"
copy-ambiguous,file,https://www.familysearch.org/en/records/images/search-results?imageGroupNumbers=108449580,"parsed ""ДАПО-(Р-9106-8-899-1004+++Р-9106-8-899-1004+++фільтраційні справи, State Security Records, Poltava - 1942-1950_Р-9106-8-899-1004_прибл. 1942–1949)"" does not single out one of 106 candidate files"
copy-ambiguous,file,https://www.familysearch.org/en/records/images/search-results?imageGroupNumbers=108449604,"parsed ""ДАПО-(Р-9106-8-1077-1140+++Р-9106-8-1077-1140+++Фільтраційні справи, State Security Records, Poltava - 1942-1950_Р-9106-8-1077-1140_прибл. 1942–1949)"" does not single out one of 64 candidate files"
copy-ambiguous,file,https://www.familysearch.org/en/records/images/search-results?imageGroupNumbers=108449612,"parsed ""ДАПО-(Р-9106-8-1141-1210+++Р-9106-8-1141-1210+++Фільтраційні справи, State Security Records, Poltava - 1942-1950_Р-9106-8-1141-1210_прибл. 1942–1949)"" does not single out one of 70 candidate files"
copy-ambiguous,file,https://www.familysearch.org/en/records/images/search-results?imageGroupNumbers=108449624,"parsed ""ДАПО-(Р-9106-8-1340-1398+++Р-9106-8-1340-1398+++фільтраційні справи, Sta e Security Records, Poltava - 1942-1950_Р-9106-8-1340-1398_прибл. 1942–1949)"" does not single out one of 59 candidate files"
copy-ambiguous,file,https://www.familysearch.org/en/records/images/search-results?imageGroupNumbers=108449638,"parsed ""ДАПО-(Р-9106-8-1608-1667+++Р-9106-8-1608-1667+++Фільтраційні справи, State Security Records, Poltava - 1942-1950_Р-9106-8-1608-1667_прибл. 1942–1949)"" does not single out one of 60 candidate files"
copy-ambiguous,file,https://www.familysearch.org/en/records/images/search-results?imageGroupNumbers=108449654,"parsed ""ДАПО-(Р-9106-8-1533-1607+++Р-9106-8-1533-1607+++фільтраційні справи, State Security Records, Poltava - 1942-1950_Р-9106-8-1533-1607_прибл. 1942–1949)"" does not single out one of 75 candidate files"
copy-ambiguous,file,https://www.familysearch.org/en/records/images/search-results?imageGroupNumbers=108449680,"parsed ""ДАПО-(Р-9106-8-2110-2166+++Р-9106-8-2110-2166+++фільтраційні справи,Stat e Security Records, Poltava - 1942-1950_Р-9106-8-2110-2166_прибл. 1942–1949)"" does not single out one of 57 candidate files"
copy-ambiguous,file,https://www.familysearch.org/en/records/images/search-results?imageGroupNumbers=108449702,"parsed ""ДАПО-(Р-9106-8-2047-2109+++Р-9106-8-2047-2109+++Фільтраційні справи, State Security Records, Poltava - 1942-1950_Р-9106-8-2047-2109_прибл. 1942–1949)"" does not single out one of 63 candidate files"
copy-ambiguous,file,https://www.familysearch.org/en/records/images/search-results?imageGroupNumbers=108449722,"parsed ""ДАПО-(Р-9106-8-2676-2742+++Р-9106-8-2676-2742+++Фільтраційні справи, State Security Records, Poltava - 1942-1950_Р-9106-8-2676-2742_прибл. 1942–1949)"" does not single out one of 67 candidate files"
copy-ambiguous,file,https://www.familysearch.org/en/records/images/search-results?imageGroupNumbers=108449734,"parsed ""ДАПО-(Р-9106-8-2614-2674+++Р-9106-8-2614-2674+++фільтраційні справи, State Security Records, Poltava - 1942-1950_Р-9106-8-2614-2674_прибл. 1942–1949)"" does not single out one of 61 candidate files"
copy-ambiguous,file,https://www.familysearch.org/en/records/images/search-results?imageGroupNumbers=108450282,"parsed ""ДАПО-(Р-9106-8-2811-2879+++Р-9106-8-2811-2879+++Фільтраційні справи, State Security Records, Poltava - 1942-1950_Р-9106-8-2811-2879_прибл. 1942–1949)"" does not single out one of 69 candidate files"
copy-ambiguous,file,https://www.familysearch.org/en/records/images/search-results?imageGroupNumbers=108450350,"parsed ""ДАПО-(Р-9106-8-3297-3357+++Р-9106-8-3297-3357+++фільтраційні справи, State Security Records, Poltava - 1942-1950_Р-9106-8-3297-3357_прибл. 1942–1949)"" does not single out one of 61 candidate files"
copy-ambiguous,file,https://www.familysearch.org/en/records/images/search-results?imageGroupNumbers=108450368,"parsed ""ДАПО-(Р-9106-8-2743-2810+++Р-9106-8-2743-2810+++фільтраційні справи, State Security Records, Poltava - 1942-1950_Р-9106-8-2743-2810_прибл. 1942–1949)"" does not single out one of 68 candidate files"
copy-ambiguous,file,https://www.familysearch.org/en/records/images/search-results?imageGroupNumbers=108450386,"parsed ""ДАПО-(Р-9106-8-3243-3296+++Р-9106-8-3243-3296+++фільтраційні справи, State Security Records, Poltava - 1942-1950_Р-9106-8-3243-3296_прибл. 1942–1949)"" does not single out one of 54 candidate files"
copy-ambiguous,file,https://www.familysearch.org/en/records/images/search-results?imageGroupNumbers=108450409,"parsed ""ДАПО-(Р-9106-8-3972-4027+++Р-9106-8-3972-4027+++Фільтраційні справи, State Security Records, Poltava - 1942-1950_Р-9106-8-3972-4027_прибл. 1942–1949)"" does not single out one of 56 candidate files"
copy-ambiguous,file,https://www.familysearch.org/en/records/images/search-results?imageGroupNumbers=108450423,"parsed ""ДАПО-(Р-9106-8-3866-3917+++Р-9106-8-3866-3917+++Фільтраційні справи, State Security Records, Poltava - 1942-1950_Р-9106-8-3866-3917_прибл. 1942–1949)"" does not single out one of 52 candidate files"
copy-ambiguous,file,https://www.familysearch.org/en/records/images/search-results?imageGroupNumbers=108450440,"parsed ""ДАПО-(Р-9106-8-3358-3413+++Р-9106-8-3358-3413+++Фільтраційні справи, State Security Records, Poltava - 1942-1950_Р-9106-8-3358-3413_прибл. 1942–1949)"" does not single out one of 56 candidate files"
copy-ambiguous,file,https://www.familysearch.org/en/records/images/search-results?imageGroupNumbers=108450451,"parsed ""ДАПО-(Р-9106-8-3918-3971+++Р-9106-8-3918-3971+++фільтраційні справи, State Security Records, Poltava - 1942-1950_Р-9106-8-3918-3971_прибл. 1942–1949)"" does not single out one of 54 candidate files"
copy-ambiguous,file,https://www.familysearch.org/en/records/images/search-results?imageGroupNumbers=108450471,"parsed ""ДАПО-(Р-9106-8-4201-4255+++Р-9106-8-4201-4255+++фільтраційні справи, State Security Records, Poltava - 1942-1950_Р-9106-8-4201-4255_прибл. 1942–1949)"" does not single out one of 55 candidate files"
copy-ambiguous,file,https://www.familysearch.org/en/records/images/search-results?imageGroupNumbers=108450514,"parsed ""ДАПО-(Р-9106-7-8377-8470+++Р-9106-7-8377-8470+++Фільтраційні справи, State Security Records, Poltava - 1942-1950_Р-9106-7-8377-8470_1942–1949)"" does not single out one of 94 candidate files"
copy-ambiguous,file,https://www.familysearch.org/en/records/images/search-results?imageGroupNumbers=108450586,"parsed ""ДАПО-(Р-9106-7-8659-8750+++Р-9106-7-8659-8750+++Фільтраційні справи, State Security Records, Poltava - 1942-1950_Р-9106-7-8659-8750_1942–1949)"" does not single out one of 92 candidate files"
copy-ambiguous,file,https://www.familysearch.org/en/records/images/search-results?imageGroupNumbers=108450651,"parsed ""ДАПО-(Р-9106-7-8751-8844+++Р-9106-7-8751-8844+++Фільтраційні справи, State Security Records, Poltava - 1942-1950_Р-9106-7-8751-8844_1942–1949)"" does not single out one of 94 candidate files"
copy-ambiguous,file,https://www.familysearch.org/en/records/images/search-results?imageGroupNumbers=108450709,"parsed ""ДАПО-(Р-9106-7-9461-9515+++Р-9106-7-9461-9515+++Фільтраційні справи, State Security Records, Poltava - 1942-1950_Р-9106-7-9461-9515_1942–1949)"" does not single out one of 55 candidate files"
copy-ambiguous,file,https://www.familysearch.org/en/records/images/search-results?imageGroupNumbers=108450766,"parsed ""ДАПО-(Р-9106-8-3-87+++Р-9106-8-3-87+++Фільтраційні справи, State Security Records, Poltava - 1942-1950_Р-9106-8-3-87_1942–1949)"" does not single out one of 85 candidate files"
copy-ambiguous,file,https://www.familysearch.org/en/records/images/search-results?imageGroupNumbers=108450829,"parsed ""ДАПО-(Р-9106-8-421-519+++Р-9106-8-421-519+++Фільтраційні справи, State Security Records, Poltava - 1942-1950_Р-9106-8-421-519_1942–1949)"" does not single out one of 99 candidate files"
copy-ambiguous,file,https://www.familysearch.org/en/records/images/search-results?imageGroupNumbers=108450914,"parsed ""ДАПО-(Р-9106-8-520-603+++Р-9106-8-520-603+++Фільтраційні справи, State Security Records, Poltava - 1942-1950_Р-9106-8-520-603_1942–1949)"" does not single out one of 84 candidate files"
copy-ambiguous,file,https://www.familysearch.org/en/records/images/search-results?imageGroupNumbers=108450968,"parsed ""ДАПО-(Р-9106-8-1211-1269+++Р-9106-8-1211-1269+++Фільтраційні справи, State Security Records, Poltava - 1942-1950_Р-9106-8-1211-1269_1942–1949)"" does not single out one of 59 candidate files"
copy-ambiguous,file,https://www.familysearch.org/en/records/images/search-results?imageGroupNumbers=108451033,"parsed ""ДАПО-(Р-9106-8-1270-1339+++Р-9106-8-1270-1339+++Фільтраційні справи, State Security Records, Poltava - 1942-1950_Р-9106-8-1270-1339_1942–1950)"" does not single out one of 70 candidate files"
copy-ambiguous,file,https://www.familysearch.org/en/records/images/search-results?imageGroupNumbers=108451061,"parsed ""ДАПО-(Р-9106-8-1932-1988+++Р-9106-8-1932-1988+++Фільтраційні справи, State Security Records, Poltava - 1942-1950_Р-9106-8-1932-1988_1942–1950)"" does not single out one of 57 candidate files"
copy-ambiguous,file,https://www.familysearch.org/en/records/images/search-results?imageGroupNumbers=108451076,"parsed ""ДАПО-(Р-9106-8-1989-2046+++Р-9106-8-1989-2046+++Фільтраційні справи, State Security Records, Poltava - 1942-1950_Р-9106-8-1989-2046_1942–1950)"" does not single out one of 58 candidate files"
copy-ambiguous,file,https://www.familysearch.org/en/records/images/search-results?imageGroupNumbers=108451086,"parsed ""ДАПО-(Р-9106-8-2456-2533+++Р-9106-8-2456-2533+++Фільтраційні справи, State Security Records, Poltava - 1942-1950_Р-9106-8-2456-2533_1942–1950)"" does not single out one of 78 candidate files"
copy-ambiguous,file,https://www.familysearch.org/en/records/images/search-results?imageGroupNumbers=108451102,"parsed ""ДАПО-(Р-9106-8-3190-3242+++Р-9106-8-3190-3242+++Фільтраційні справи, State Security Records, Poltava - 1942-1950_Р-9106-8-3190-3242_1942–1950)"" does not single out one of 53 candidate files"
copy-ambiguous,file,https://www.familysearch.org/en/records/images/search-results?imageGroupNumbers=108451113,"parsed ""ДАПО-(Р-9106-8-3159-3189+++Р-9106-8-3159-3189+++Фільтраційні справи, State Security Records, Poltava - 1942-1950_Р-9106-8-3159-3189_1942–1950)"" does not single out one of 31 candidate files"
copy-ambiguous,file,https://www.familysearch.org/en/records/images/search-results?imageGroupNumbers=108451123,"parsed ""ДАПО-(Р-9106-8-2535-2613+++Р-9106-8-2535-2613+++Фільтраційні справи, State Security Records, Poltava - 1942-1950_Р-9106-8-2535-2613_1942–1950)"" does not single out one of 79 candidate files"
copy-ambiguous,file,https://www.familysearch.org/en/records/images/search-results?imageGroupNumbers=108451136,"parsed ""ДАПО-(Р-9106-8-3414-3465+++Р-9106-8-3414-3465+++Фільтраційні справи, State Security Records, Poltava - 1942-1950_Р-9106-8-3414-3465_1942–1950)"" does not single out one of 52 candidate files"
copy-ambiguous,file,https://www.familysearch.org/en/records/images/search-results?imageGroupNumbers=108451162,"parsed ""ДАПО-(Р-9106-8-3467-3535+++Р-9106-8-3467-3535+++Фільтраційні справи, State Security Records, Poltava - 1942-1950_Р-9106-8-3467-3535_1942–1950)"" does not single out one of 69 candidate files"
copy-ambiguous,file,https://www.familysearch.org/en/records/images/search-results?imageGroupNumbers=108451178,"parsed ""ДАПО-(Р-9106-8-3759-3811+++Р-9106-8-3759-3811+++Фільтраційні справи, State Security Records, Poltava - 1942-1950_Р-9106-8-3759-3811_1942–1950)"" does not single out one of 53 candidate files"
copy-ambiguous,file,https://www.familysearch.org/en/records/images/search-results?imageGroupNumbers=108451194,"parsed ""ДАПО-(Р-9106-8-3812-3865+++Р-9106-8-3812-3865+++Фільтраційні справи, State Security Records, Poltava - 1942-1950_Р-9106-8-3812-3865_1942–1950)"" does not single out one of 54 candidate files"
copy-ambiguous,file,https://www.familysearch.org/en/records/images/search-results?imageGroupNumbers=108451220,"parsed ""ДАПО-(Р-9106-8-4370-4427+++Р-9106-8-4370-4427+++Фільтраційні справи, State Security Records, Poltava - 1942-1950_Р-9106-8-4370-4427_1942–1950)"" does not single out one of 58 candidate files"
copy-ambiguous,file,https://www.familysearch.org/en/records/images/search-results?imageGroupNumbers=108451238,"parsed ""ДАПО-(Р-9106-8-4312-4369+++Р-9106-8-4312-4369+++Фільтраційні справи, State Security Records, Poltava - 1942-1950_Р-9106-8-4312-4369_1942–1950)"" does not single out one of 58 candidate files"
copy-ambiguous,file,https://www.familysearch.org/en/records/images/search-results?imageGroupNumbers=108451289,"parsed ""ДАПО-(Р-3375-1-1590-1702+++Р-3375-1-1590-1702+++Militia Office Documents & Household Records, Poltava_Р-3375-1-1590-1702_1939–1948)"" does not single out one of 113 candidate files"
copy-ambiguous,file,https://www.familysearch.org/en/records/images/search-results?imageGroupNumbers=108453194,"parsed ""ДАПО-(Р-3375-2-57-130+++Р-3375-2-57-130+++Militia Office Documents & Household Records, Poltava_Р-3375-2-57-130_gen 1943–dic 1949)"" does not single out one of 74 candidate files"
copy-ambiguous,file,https://www.familysearch.org/en/records/images/search-results?imageGroupNumbers=108453320,"parsed ""ДАПО-(Р-3375-2-131-202+++Р-3375-2-131-202+++Militia Office Documents & Household Records, Poltava_Р-3375-2-131-202_1943–1949)"" does not single out one of 72 candidate files"
copy-ambiguous,file,https://www.familysearch.org/en/records/images/search-results?imageGroupNumbers=108454942,"parsed ""ДАПО-(р-9106-7-8099-8183+++р-9106-7-8099-8183+++Фільтраційні справи, State Security Records, Poltava - 1942-1950_р-9106-7-8099-8183_1945–1949)"" does not single out one of 85 candidate files"
copy-ambiguous,file,https://www.familysearch.org/en/records/images/search-results?imageGroupNumbers=108454944,"parsed ""ДАПО-(р-9106-7-8185-8279+++р-9106-7-8185-8279+++Фільтраційні справи, State Security Records, Poltava - 1942-1950_р-9106-7-8185-8279_1945–1949)"" does not single out one of 95 candidate files"
copy-ambiguous,file,https://www.familysearch.org/en/records/images/search-results?imageGroupNumbers=108455035,"parsed ""ДАПО-(р-9106-7-9260-9358+++р-9106-7-9260-9358+++Фільтраційні справи, State Security Records, Poltava - 1942-1950_р-9106-7-9260-9358_1943–1949)"" does not single out one of 99 candidate files"
copy-ambiguous,file,https://www.familysearch.org/en/records/images/search-results?imageGroupNumbers=108455037,"parsed ""ДАПО-(р-9106-7-9359-9459+++р-9106-7-9359-9459+++Фільтраційні справи, State Security Records, Poltava - 1942-1950_р-9106-7-9359-9459_1942–1949)"" does not single out one of 101 candidate files"
copy-ambiguous,file,https://www.familysearch.org/en/records/images/search-results?imageGroupNumbers=108455040,"parsed ""ДАПО-(р-9106-8-247-309+++р-9106-8-247-309+++Фільтраційні справи, State Security Records, Poltava - 1942-1950_р-9106-8-247-309_1944–1948)"" does not single out one of 63 candidate files"
copy-ambiguous,file,https://www.familysearch.org/en/records/images/search-results?imageGroupNumbers=108455042,"parsed ""ДАПО-(р-9106-8-312-417+++р-9106-8-312-417+++Фільтраційні справи, State Security Records, Poltava - 1942-1950_р-9106-8-312-417_1942–1949)"" does not single out one of 106 candidate files"
copy-ambiguous,file,https://www.familysearch.org/en/records/images/search-results?imageGroupNumbers=108455044,"parsed ""ДАПО-(р-9106-8-1464-1532+++р-9106-8-1464-1532+++Фільтраційні справи, State Security Records, Poltava - 1942-1950_р-9106-8-1464-1532_1942–1949)"" does not single out one of 69 candidate files"
copy-ambiguous,file,https://www.familysearch.org/en/records/images/search-results?imageGroupNumbers=108455063,"parsed ""ДАПО-(р-9106-8-1800-1866+++р-9106-8-1800-1866+++Фільтраційні справи, State Security Records, Poltava - 1942-1950_р-9106-8-1800-1866_1945–1949)"" does not single out one of 67 candidate files"
copy-ambiguous,file,https://www.familysearch.org/en/records/images/search-results?imageGroupNumbers=108455067,"parsed ""ДАПО-(р-9106-8-1867-1928+++р-9106-8-1867-1928+++Фільтраційні справи, State Security Records, Poltava - 1942-1950_р-9106-8-1867-1928_1942–1949)"" does not single out one of 62 candidate files"
copy-ambiguous,file,https://www.familysearch.org/en/records/images/search-results?imageGroupNumbers=108455070,"parsed ""ДАПО-(Р-9106-7-1980-2137+++Р-9106-7-1980-2137+++Фільтраційні справи, State Security Records, Poltava - 1942-1950_Р-9106-7-1980-2137_1942–1949)"" does not single out one of 158 candidate files"
copy-ambiguous,file,https://www.familysearch.org/en/records/images/search-results?imageGroupNumbers=108455071,"parsed ""ДАПО-(р-9106-8-2313-2386+++р-9106-8-2313-2386+++Фільтраційні справи, State Security Records, Poltava - 1942-1950_р-9106-8-2313-2386_1942–1948)"" does not single out one of 74 candidate files"
copy-ambiguous,file,https://www.familysearch.org/en/records/images/search-results?imageGroupNumbers=108455073,"parsed ""ДАПО-(р-9106-8-2389-2455+++р-9106-8-2389-2455+++Фільтраційні справи, State Security Records, Poltava - 1942-1950_р-9106-8-2389-2455_1942–1949)"" does not single out one of 67 candidate files"
copy-ambiguous,file,https://www.familysearch.org/en/records/images/search-results?imageGroupNumbers=108455074,"parsed ""ДАПО-(Р-9106-7-2138-2301+++Р-9106-7-2138-2301+++Фільтраційні справи, State Security Records, Poltava - 1942-1950_Р-9106-7-2138-2301_1942–1950)"" does not single out one of 164 candidate files"
copy-ambiguous,file,https://www.familysearch.org/en/records/images/search-results?imageGroupNumbers=108455075,"parsed ""ДАПО-(р-9106-8-3013-3081+++р-9106-8-3013-3081+++Фільтраційні справи, State Security Records, Poltava - 1942-1950_р-9106-8-3013-3081_1942–1949)"" does not single out one of 69 candidate files"
copy-ambiguous,file,https://www.familysearch.org/en/records/images/search-results?imageGroupNumbers=108455076,"parsed ""ДАПО-(р-9106-8-3083-3150+++р-9106-8-3083-3150+++Фільтраційні справи, State Security Records, Poltava - 1942-1950_р-9106-8-3083-3150_1942–1949)"" does not single out one of 68 candidate files"
copy-ambiguous,file,https://www.familysearch.org/en/records/images/search-results?imageGroupNumbers=108455077,"parsed ""ДАПО-(Р-9106-7-3778-3912+++Р-9106-7-3778-3912+++Фільтраційні справи, State Security Records, Poltava - 1942-1950_Р-9106-7-3778-3912_1942–1950)"" does not single out one of 135 candidate files"
copy-ambiguous,file,https://www.familysearch.org/en/records/images/search-results?imageGroupNumbers=108455078,"parsed ""ДАПО-(р-9106-8-3646-3700+++р-9106-8-3646-3700+++Фільтраційні справи, State Security Records, Poltava - 1942-1950_р-9106-8-3646-3700_1942–1949)"" does not single out one of 55 candidate files"
copy-ambiguous,file,https://www.familysearch.org/en/records/images/search-results?imageGroupNumbers=108455080,"parsed ""ДАПО-(Р-9106-7-5433-5554+++Р-9106-7-5433-5554+++Фільтраційні справи, State Security Records, Poltava - 1942-1950_Р-9106-7-5433-5554_1942–1950)"" does not single out one of 122 candidate files"
copy-ambiguous,file,https://www.familysearch.org/en/records/images/search-results?imageGroupNumbers=108455084,"parsed ""ДАПО-(р-9106-8-3701-3756+++р-9106-8-3701-3756+++Фільтраційні справи, State Security Records, Poltava - 1942-1950_р-9106-8-3701-3756_1942–1949)"" does not single out one of 56 candidate files"
copy-ambiguous,file,https://www.familysearch.org/en/records/images/search-results?imageGroupNumbers=108455255,"parsed ""ДАПО-(р-9106-8-4509-4578+++р-9106-8-4509-4578+++Фільтраційні справи, State Security Records, Poltava - 1942-1950_р-9106-8-4509-4578_1942–1949)"" does not single out one of 70 candidate files"
copy-ambiguous,file,https://www.familysearch.org/en/records/images/search-results?imageGroupNumbers=108455262,"parsed ""ДАПО-(Р-9106-7-5312-5431+++Р-9106-7-5312-5431+++Фільтраційні справи, State Security Records, Poltava - 1942-1950_Р-9106-7-5312-5431_1942–1950)"" does not single out one of 120 candidate files"
copy-ambiguous,file,https://www.familysearch.org/en/records/images/search-results?imageGroupNumbers=108455281,"parsed ""ДАПО-(Р-9106-7-4232-4372+++Р-9106-7-4232-4372+++Фільтраційні справи, State Security Records, Poltava - 1942-1950_Р-9106-7-4232-4372_1942–1950)"" does not single out one of 141 candidate files"
copy-ambiguous,file,https://www.familysearch.org/en/records/images/search-results?imageGroupNumbers=108455282,"parsed ""ДАПО-(Р-9106-7-4373-4511+++Р-9106-7-4373-4511+++Фільтраційні справи, State Security Records, Poltava - 1942-1950_Р-9106-7-4373-4511_1942–1950)"" does not single out one of 139 candidate files"
copy-ambiguous,file,https://www.familysearch.org/en/records/images/search-results?imageGroupNumbers=108455283,"parsed ""ДАПО-(Р-9106-7-6280-6361+++Р-9106-7-6280-6361+++Фільтраційні справи, State Security Records, Poltava - 1942-1950_Р-9106-7-6280-6361_1942–1950)"" does not single out one of 82 candidate files"
copy-ambiguous,file,https://www.familysearch.org/en/records/images/search-results?imageGroupNumbers=108455285,"parsed ""ДАПО-(Р-9106-7-6665-6765+++Р-9106-7-6665-6765+++Фільтраційні справи, State Security Records, Poltava - 1942-1950_Р-9106-7-6665-6765_1942–1949)"" does not single out one of 101 candidate files"
copy-ambiguous,file,https://www.familysearch.org/en/records/images/search-results?imageGroupNumbers=108455287,"parsed ""ДАПО-(Р-9106-7-6766-6868+++Р-9106-7-6766-6868+++Фільтраційні справи, State Security Records, Poltava - 1942-1950_Р-9106-7-6766-6868_1942–1949)"" does not single out one of 103 candidate files"
copy-ambiguous,file,https://www.familysearch.org/en/records/images/search-results?imageGroupNumbers=108455288,"parsed ""ДАПО-(Р-9106-7-7750-7843+++Р-9106-7-7750-7843+++Фільтраційні справи, State Security Records, Poltava - 1942-1950_Р-9106-7-7750-7843_1942–1949)"" does not single out one of 94 candidate files"
copy-ambiguous,file,https://www.familysearch.org/en/records/images/search-results?imageGroupNumbers=108455289,"parsed ""ДАПО-(Р-9106-7-7846-7932+++Р-9106-7-7846-7932+++Фільтраційні справи, State Security Records, Poltava - 1942-1950_Р-9106-7-7846-7932_1942–1949)"" does not single out one of 87 candidate files"
copy-ambiguous,file,https://www.familysearch.org/en/records/images/search-results?imageGroupNumbers=108455291,"parsed ""ДАПО-(Р-9106-7-8280-8376+++Р-9106-7-8280-8376+++Фільтраційні справи, State Security Records, Poltava - 1942-1950_Р-9106-7-8280-8376_1942–1949)"" does not single out one of 97 candidate files"
copy-ambiguous,file,https://www.familysearch.org/en/records/images/search-results?imageGroupNumbers=108457669,"parsed ""ДАПО-(Р-9106-7-2709-2824+++Р-9106-7-2709-2824+++Фільтраційні справи, State Security Records, Poltava - 1942-1950_Р-9106-7-2709-2824_1940–1950)"" does not single out one of 116 candidate files"
copy-ambiguous,file,https://www.familysearch.org/en/records/images/search-results?imageGroupNumbers=108457678,"parsed ""ДАПО-(Р-9106-7-1057-1185+++Р-9106-7-1057-1185+++Фільтраційні справи, State Security Records, Poltava - 1942-1950_Р-9106-7-1057-1185_1940–1950)"" does not single out one of 129 candidate files"
copy-ambiguous,file,https://www.familysearch.org/en/records/images/search-results?imageGroupNumbers=108457684,"parsed ""ДАПО-(Р-9106-7-3518-3646+++Р-9106-7-3518-3646+++Фільтраційні справи, State Security Records, Poltava - 1942-1950_Р-9106-7-3518-3646_1940–1950)"" does not single out one of 129 candidate files"
copy-ambiguous,file,https://www.familysearch.org/en/records/images/search-results?imageGroupNumbers=108457687,"parsed ""ДАПО-(Р-9106-7-5555-5684+++Р-9106-7-5555-5684+++Фільтраційні справи, State Security Records, Poltava - 1942-1950_Р-9106-7-5555-5684_1940–1950)"" does not single out one of 130 candidate files"
copy-ambiguous,file,https://www.familysearch.org/en/records/images/search-results?imageGroupNumbers=108457688,"parsed ""ДАПО-(Р-9106-7-4515-4691+++Р-9106-7-4515-4691+++Фільтраційні справи, State Security Records, Poltava - 1942-1950_Р-9106-7-4515-4691_1940–1950)"" does not single out one of 177 candidate files"
copy-ambiguous,file,https://www.familysearch.org/en/records/images/search-results?imageGroupNumbers=108457689,"parsed ""ДАПО-(Р-9106-7-4697-4820+++Р-9106-7-4697-4820+++Фільтраційні справи, State Security Records, Poltava - 1942-1950_Р-9106-7-4697-4820_1942–1950)"" does not single out one of 124 candidate files"
copy-ambiguous,file,https://www.familysearch.org/en/records/images/search-results?imageGroupNumbers=108457705,"parsed ""ДАПО-(Р-9106-7-5685-5802+++Р-9106-7-5685-5802+++Фільтраційні справи, State Security Records, Poltava - 1942-1950_Р-9106-7-5685-5802_1942–1948)"" does not single out one of 118 candidate files"
copy-ambiguous,file,https://www.familysearch.org/en/records/images/search-results?imageGroupNumbers=108458311,"parsed ""ДАПО-(Р-9106-7-6871-6969+++Р-9106-7-6871-6969+++Фільтраційні справи, State Security Records, Poltava - 1942-1950_Р-9106-7-6871-6969_1942–1948)"" does not single out one of 99 candidate files"
copy-ambiguous,file,https://www.familysearch.org/en/records/images/search-results?imageGroupNumbers=108458650,"parsed ""ДАПО-(Р-9106-5-12443-12576+++Р-9106-5-12443-12576+++фільтраційні справи, State Security Records, Poltava - 1942-1950_Р-9106-5-12443-12576                                                                                 _1940–1950)"" does not single out one of 134 candidate files"
copy-ambiguous,file,https://www.familysearch.org/en/records/images/search-results?imageGroupNumbers=108458655,"parsed ""ДАПО-(Р-3373-1-1591-1646+++Р-3373-1-1591-1646+++Militia Office Documents & Household Records, Poltava_Р-3373-1-1591-1646_1944–1948)"" does not single out one of 56 candidate files"
copy-ambiguous,file,https://www.familysearch.org/en/records/images/search-results?imageGroupNumbers=108460880,"parsed ""ДАПО-(Р-9106-9-1471-1534+++Р-9106-9-1471-1534+++Фільтраційні справи, State Security Records, Poltava - 1942-1950_Р-9106-9-1471-1534_1942–1948)"" does not single out one of 64 candidate files"
copy-ambiguous,file,https://www.familysearch.org/en/records/images/search-results?imageGroupNumbers=108460881,"parsed ""ДАПО-(Р-9106-8-4029-4088+++Р-9106-8-4029-4088+++Фільтраційні справи, State Security Records, Poltava - 1942-1950_Р-9106-8-4029-4088_1942–1948)"" does not single out one of 60 candidate files"
copy-ambiguous,file,https://www.familysearch.org/en/records/images/search-results?imageGroupNumbers=108460882,"parsed ""ДАПО-(Р-9106-8-4090-4144+++Р-9106-8-4090-4144+++Фільтраційні справи, State Security Records, Poltava - 1942-1950_Р-9106-8-4090-4144_1942–1948)"" does not single out one of 55 candidate files"
copy-ambiguous,file,https://www.familysearch.org/en/records/images/search-results?imageGroupNumbers=108460883,"parsed ""ДАПО-(Р-9106-8-4975-5041+++Р-9106-8-4975-5041+++Фільтраційні справи, State Security Records, Poltava - 1942-1950_Р-9106-8-4975-5041_1942–1948)"" does not single out one of 67 candidate files"
copy-ambiguous,file,https://www.familysearch.org/en/records/images/search-results?imageGroupNumbers=108460884,"parsed ""ДАПО-(Р-9106-8-5657-5728+++Р-9106-8-5657-5728+++Фільтраційні справи, State Security Records, Poltava - 1942-1950_Р-9106-8-5657-5728_1942–1948)"" does not single out one of 72 candidate files"
copy-ambiguous,file,https://www.familysearch.org/en/records/images/search-results?imageGroupNumbers=108460885,"parsed ""ДАПО-(Р-9106-9-3841-3905+++Р-9106-9-3841-3905+++Фільтраційні справи, State Security Records, Poltava - 1942-1950_Р-9106-9-3841-3905_1942–1948)"" does not single out one of 65 candidate files"
copy-ambiguous,file,https://www.familysearch.org/en/records/images/search-results?imageGroupNumbers=108460886,"parsed ""ДАПО-(Р-9106-9-879-937+++Р-9106-9-879-937+++Фільтраційні справи, State Security Records, Poltava - 1942-1950_Р-9106-9-879-937_1942–1948)"" does not single out one of 59 candidate files"
copy-ambiguous,file,https://www.familysearch.org/en/records/images/search-results?imageGroupNumbers=108460887,"parsed ""ДАПО-(Р-9106-9-202-266+++Р-9106-9-202-266+++Фільтраційні справи, State Security Records, Poltava - 1942-1950_Р-9106-9-202-266_1942–1948)"" does not single out one of 65 candidate files"
copy-ambiguous,file,https://www.familysearch.org/en/records/images/search-results?imageGroupNumbers=108460888,"parsed ""ДАПО-(Р-9106-9-938-1016+++Р-9106-9-938-1016+++Фільтраційні справи, State Security Records, Poltava - 1942-1950_Р-9106-9-938-1016_1942–1948)"" does not single out one of 79 candidate files"
copy-ambiguous,file,https://www.familysearch.org/en/records/images/search-results?imageGroupNumbers=108460889,"parsed ""ДАПО-(Р-9106-8-5729-5789+++Р-9106-8-5729-5789+++Фільтраційні справи, State Security Records, Poltava - 1942-1950_Р-9106-8-5729-5789_1942–1948)"" does not single out one of 61 candidate files"
copy-ambiguous,file,https://www.familysearch.org/en/records/images/search-results?imageGroupNumbers=108460890,"parsed ""ДАПО-(Р-9106-8-3536-3587+++Р-9106-8-3536-3587+++Фільтраційні справи, State Security Records, Poltava - 1942-1950_Р-9106-8-3536-3587_1942–1948)"" does not single out one of 52 candidate files"
copy-ambiguous,file,https://www.familysearch.org/en/records/images/search-results?imageGroupNumbers=108460891,"parsed ""ДАПО-(Р-9106-8-4907-4972+++Р-9106-8-4907-4972+++Фільтраційні справи, State Security Records, Poltava - 1942-1950_Р-9106-8-4907-4972_1942–1948)"" does not single out one of 66 candidate files"
copy-ambiguous,file,https://www.familysearch.org/en/records/images/search-results?imageGroupNumbers=108460892,"parsed ""ДАПО-(Р-9106-9-2287-2358+++Р-9106-9-2287-2358+++Фільтраційні справи, State Security Records, Poltava - 1942-1950_Р-9106-9-2287-2358_1942–1948)"" does not single out one of 72 candidate files"
copy-ambiguous,file,https://www.familysearch.org/en/records/images/search-results?imageGroupNumbers=108460893,"parsed ""ДАПО-(Р-9106-9-1537-1623+++Р-9106-9-1537-1623+++Фільтраційні справи, State Security Records, Poltava - 1942-1950_Р-9106-9-1537-1623_1942–1948)"" does not single out one of 87 candidate files"
copy-ambiguous,file,https://www.familysearch.org/en/records/images/search-results?imageGroupNumbers=108460894,"parsed ""ДАПО-(Р-9106-9-2205-2286+++Р-9106-9-2205-2286+++Фільтраційні справи, State Security Records, Poltava - 1942-1950_Р-9106-9-2205-2286_1942–1948)"" does not single out one of 82 candidate files"
copy-ambiguous,file,https://www.familysearch.org/en/records/images/search-results?imageGroupNumbers=108460895,"parsed ""ДАПО-(Р-9106-8-4836-4906+++Р-9106-8-4836-4906+++Фільтраційні справи, State Security Records, Poltava - 1942-1950_Р-9106-8-4836-4906_1942–1948)"" does not single out one of 71 candidate files"
copy-ambiguous,file,https://www.familysearch.org/en/records/images/search-results?imageGroupNumbers=108460896,"parsed ""ДАПО-(Р-9106-9-126-201+++Р-9106-9-126-201+++Фільтраційні справи, State Security Records, Poltava - 1942-1950_Р-9106-9-126-201_1942–1948)"" does not single out one of 76 candidate files"
copy-ambiguous,file,https://www.familysearch.org/en/records/images/search-results?imageGroupNumbers=108460902,"parsed ""ДАПО-(р-9106-9-3908-3975+++р-9106-9-3908-3975+++Фільтраційні справи, State Security Records, Poltava - 1942-1950_р-9106-9-3908-3975_1942–1949)"" does not single out one of 68 candidate files"
copy-ambiguous,file,https://www.familysearch.org/en/records/images/search-results?imageGroupNumbers=108460903,"parsed ""ДАПО-(р-9106-9-3976-4052+++р-9106-9-3976-4052+++Фільтраційні справи, State Security Records, Poltava - 1942-1950_р-9106-9-3976-4052_1942–1949)"" does not single out one of 77 candidate files"
copy-ambiguous,file,https://www.familysearch.org/en/records/images/search-results?imageGroupNumbers=108460904,"parsed ""ДАПО-(р-9106-8-4579-4641+++р-9106-8-4579-4641+++Фільтраційні справи, State Security Records, Poltava - 1942-1950_р-9106-8-4579-4641_1941–1950)"" does not single out one of 63 candidate files"
copy-ambiguous,file,https://www.familysearch.org/en/records/images/search-results?imageGroupNumbers=108460905,"parsed ""ДАПО-(р-9106-8-5106-5162+++р-9106-8-5106-5162+++Фільтраційні справи, State Security Records, Poltava - 1942-1950_р-9106-8-5106-5162_1942–1948)"" does not single out one of 57 candidate files"
copy-ambiguous,file,https://www.familysearch.org/en/records/images/search-results?imageGroupNumbers=108460906,"parsed ""ДАПО-(р-9106-9-267-332+++р-9106-9-267-332+++Фільтраційні справи, State Security Records, Poltava - 1942-1950_р-9106-9-267-332_1942–1949)"" does not single out one of 66 candidate files"
copy-ambiguous,file,https://www.familysearch.org/en/records/images/search-results?imageGroupNumbers=108460907,"parsed ""ДАПО-(р-9106-8-5871-5939+++р-9106-8-5871-5939+++Фільтраційні справи, State Security Records, Poltava - 1942-1950_р-9106-8-5871-5939_1942–1949)"" does not single out one of 69 candidate files"
copy-ambiguous,file,https://www.familysearch.org/en/records/images/search-results?imageGroupNumbers=108460908,"parsed ""ДАПО-(р-9106-9-1017-1082+++р-9106-9-1017-1082+++Фільтраційні справи, State Security Records, Poltava - 1942-1950_р-9106-9-1017-1082_1942–1949)"" does not single out one of 66 candidate files"
copy-ambiguous,file,https://www.familysearch.org/en/records/images/search-results?imageGroupNumbers=108460909,"parsed ""ДАПО-(р-9106-9-333-410+++р-9106-9-333-410+++Фільтраційні справи, State Security Records, Poltava - 1942-1950_р-9106-9-333-410_1942–1949)"" does not single out one of 78 candidate files"
copy-ambiguous,file,https://www.familysearch.org/en/records/images/search-results?imageGroupNumbers=108460910,"parsed ""ДАПО-(р-9106-9-1699-1776+++р-9106-9-1699-1776+++Фільтраційні справи, State Security Records, Poltava - 1942-1950_р-9106-9-1699-1776_1942–1949)"" does not single out one of 78 candidate files"
copy-ambiguous,file,https://www.familysearch.org/en/records/images/search-results?imageGroupNumbers=108460911,"parsed ""ДАПО-(р-9106-8-5042-5105+++р-9106-8-5042-5105+++Фільтраційні справи, State Security Records, Poltava - 1942-1950_р-9106-8-5042-5105_1942–1950)"" does not single out one of 64 candidate files"
copy-ambiguous,file,https://www.familysearch.org/en/records/images/search-results?imageGroupNumbers=108460912,"parsed ""ДАПО-(р-9106-9-3690-3758+++р-9106-9-3690-3758+++Фільтраційні справи, State Security Records, Poltava - 1942-1950_р-9106-9-3690-3758_1942–1949)"" does not single out one of 69 candidate files"
copy-ambiguous,file,https://www.familysearch.org/en/records/images/search-results?imageGroupNumbers=108460913,"parsed ""ДАПО-(р-9106-8-5791-5869+++р-9106-8-5791-5869+++Фільтраційні справи, State Security Records, Poltava - 1942-1950_р-9106-8-5791-5869_1941–1949)"" does not single out one of 79 candidate files"
copy-ambiguous,file,https://www.familysearch.org/en/records/images/search-results?imageGroupNumbers=108460914,"parsed ""ДАПО-(р-9106-9-2360-2422+++р-9106-9-2360-2422+++Фільтраційні справи, State Security Records, Poltava - 1942-1950_р-9106-9-2360-2422_1942–1949)"" does not single out one of 63 candidate files"
copy-ambiguous,file,https://www.familysearch.org/en/records/images/search-results?imageGroupNumbers=108460915,"parsed ""ДАПО-(р-9106-8-5169-5229+++р-9106-8-5169-5229+++Фільтраційні справи, State Security Records, Poltava - 1942-1950_р-9106-8-5169-5229_1942–1948)"" does not single out one of 61 candidate files"
copy-ambiguous,file,https://www.familysearch.org/en/records/images/search-results?imageGroupNumbers=108460916,"parsed ""ДАПО-(р-9106-9-1624-1698+++р-9106-9-1624-1698+++Фільтраційні справи, State Security Records, Poltava - 1942-1950_р-9106-9-1624-1698_1942–1949)"" does not single out one of 75 candidate files"
copy-ambiguous,file,https://www.familysearch.org/en/records/images/search-results?imageGroupNumbers=108460917,"parsed ""ДАПО-(р-9106-9-1085-1153+++р-9106-9-1085-1153+++Фільтраційні справи, State Security Records, Poltava - 1942-1950_р-9106-9-1085-1153_1942–1949)"" does not single out one of 69 candidate files"
copy-ambiguous,file,https://www.familysearch.org/en/records/images/search-results?imageGroupNumbers=108460918,"parsed ""ДАПО-(р-9106-9-2423-2508+++р-9106-9-2423-2508+++Фільтраційні справи, State Security Records, Poltava - 1942-1950_р-9106-9-2423-2508_1942–1949)"" does not single out one of 86 candidate files"
copy-ambiguous,file,https://www.familysearch.org/en/records/images/search-results?imageGroupNumbers=108460919,"parsed ""ДАПО-(р-9106-9-3620-3689+++р-9106-9-3620-3689+++Фільтраційні справи, State Security Records, Poltava - 1942-1950_р-9106-9-3620-3689_1942–1949)"" does not single out one of 70 candidate files"
copy-ambiguous,file,https://www.familysearch.org/en/records/images/search-results?imageGroupNumbers=108460932,"parsed ""ДАПО-(Р-9106-8-4772-4834+++Р-9106-8-4772-4834+++фільтраційні справи, State Security Records, Poltava - 1942-1950_Р-9106-8-4772-4834_прибл. 1942–1949)"" does not single out one of 63 candidate files"
copy-ambiguous,file,https://www.familysearch.org/en/records/images/search-results?imageGroupNumbers=108460933,"parsed ""ДАПО-(Р-9106-8-4145-4200+++Р-9106-8-4145-4200+++фільтраційні справи, State Security Records, Poltava - 1942-1950_Р-9106-8-4145-4200_прибл. 1942–1949)"" does not single out one of 56 candidate files"
copy-ambiguous,file,https://www.familysearch.org/en/records/images/search-results?imageGroupNumbers=108460934,"parsed ""ДАПО-(Р-9106-9-4576-4645+++Р-9106-9-4576-4645+++Фільтраційні справи, State Security Records, Poltava - 1942-1950_Р-9106-9-4576-4645_прибл. 1945–1949)"" does not single out one of 70 candidate files"
copy-ambiguous,file,https://www.familysearch.org/en/records/images/search-results?imageGroupNumbers=108460935,"parsed ""ДАПО-(Р-9106-8-4642-4709+++Р-9106-8-4642-4709+++фільтраційні справи, State Security Records, Poltava - 1942-1950_Р-9106-8-4642-4709_прибл. 1942–1949)"" does not single out one of 68 candidate files"
copy-ambiguous,file,https://www.familysearch.org/en/records/images/search-results?imageGroupNumbers=108460936,"parsed ""ДАПО-(Р-9106-8-5592-5655+++Р-9106-8-5592-5655+++фільтраційні справи, State Security Records, Poltava - 1942-1950_Р-9106-8-5592-5655_прибл. 1942–1949)"" does not single out one of 64 candidate files"
copy-ambiguous,file,https://www.familysearch.org/en/records/images/search-results?imageGroupNumbers=108460937,"parsed ""ДАПО-(Р-9106-9-59-125+++Р-9106-9-59-125+++фільтраційні справи, State Security Records, Poltava - 1942-1950_Р-9106-9-59-125_прибл. 1945–1947)"" does not single out one of 67 candidate files"
copy-ambiguous,file,https://www.familysearch.org/en/records/images/search-results?imageGroupNumbers=108460938,"parsed ""ДАПО-(Р-9106-8-5526-5590+++Р-9106-8-5526-5590+++Фільтраційні справи, State Security Records, Poltava - 1942-1950_Р-9106-8-5526-5590_прибл. 1942–1949)"" does not single out one of 65 candidate files"
copy-ambiguous,file,https://www.familysearch.org/en/records/images/search-results?imageGroupNumbers=108460939,"parsed ""ДАПО-(Р-9106-8-4256-4311+++Р-9106-8-4256-4311+++фільтраційні справи, State Security Records, Poltava - 1942-1950_Р-9106-8-4256-4311_прибл. 1942–1949)"" does not single out one of 56 candidate files"
copy-ambiguous,file,https://www.familysearch.org/en/records/images/search-results?imageGroupNumbers=108460940,"parsed ""ДАПО-(Р-9106-9-1327-1399+++Р-9106-9-1327-1399+++Фільтраційні справи, State Security Records, Poltava - 1942-1950_Р-9106-9-1327-1399_прибл. 1945–1948)"" does not single out one of 73 candidate files"
copy-ambiguous,file,https://www.familysearch.org/en/records/images/search-results?imageGroupNumbers=108460941,"parsed ""ДАПО-(Р-9106-9-1845-1910+++Р-9106-9-1845-1910+++Фільтраційні справи, State Security Records, Poltava - 1942-1950_Р-9106-9-1845-1910_прибл. 1945–1948)"" does not single out one of 66 candidate files"
copy-ambiguous,file,https://www.familysearch.org/en/records/images/search-results?imageGroupNumbers=108460942,"parsed ""ДАПО-(Р-9106-8-4710-4771+++Р-9106-8-4710-4771+++фільтраційні справи, State Security Records, Poltava - 1942-1950_Р-9106-8-4710-4771_прибл. 1945–1946)"" does not single out one of 62 candidate files"
copy-ambiguous,file,https://www.familysearch.org/en/records/images/search-results?imageGroupNumbers=108460943,"parsed ""ДАПО-(Р-9106-9-1778-1844+++Р-9106-9-1778-1844+++Фільтраційні справи, State Security Records, Poltava - 1942-1950_Р-9106-9-1778-1844_прибл. 1945–1948)"" does not single out one of 67 candidate files"
copy-ambiguous,file,https://www.familysearch.org/en/records/images/search-results?imageGroupNumbers=108460944,"parsed ""ДАПО-(Р-9106-9-3242-3315+++Р-9106-9-3242-3315+++фільтраційні справи, State Security Records, Poltava - 1942-1950_Р-9106-9-3242-3315_прибл. 1945–1948)"" does not single out one of 74 candidate files"
copy-ambiguous,file,https://www.familysearch.org/en/records/images/search-results?imageGroupNumbers=108460945,"parsed ""ДАПО-(Р-9106-9-3173-3241+++Р-9106-9-3173-3241+++фільтраційні справи, State Security Records, Poltava - 1942-1950_Р-9106-9-3173-3241_прибл. 1945–1948)"" does not single out one of 69 candidate files"
copy-ambiguous,file,https://www.familysearch.org/en/records/images/search-results?imageGroupNumbers=108460946,"parsed ""ДАПО-(Р-9106-8-5447-5525+++Р-9106-8-5447-5525+++Фільтраційні справи, State Security Records, Poltava - 1942-1950_Р-9106-8-5447-5525_прибл. 1942–1949)"" does not single out one of 79 candidate files"
copy-ambiguous,file,https://www.familysearch.org/en/records/images/search-results?imageGroupNumbers=108460947,"parsed ""ДАПО-(Р-9106-9-732-810+++Р-9106-9-732-810+++фільтраційні справи, State Security Records, Poltava - 1942-1950_Р-9106-9-732-810_прибл. 1945–1948)"" does not single out one of 79 candidate files"
copy-ambiguous,file,https://www.familysearch.org/en/records/images/search-results?imageGroupNumbers=108460948,"parsed ""ДАПО-(Р-9106-9-3107-3169+++Р-9106-9-3107-3169+++Фільтраційні справи, State Security Records, Poltava - 1942-1950_Р9106-9-3107-3169_прибл. 1945–1948)"" does not single out one of 63 candidate files"
copy-ambiguous,file,https://www.familysearch.org/en/records/images/search-results?imageGroupNumbers=108460949,"parsed ""ДАПО-(Р-9106-9-1-58+++Р-9106-9-1-58+++фільтраційні справи, State Security Records, Poltava - 1942-1950_Р-9106-9-1-58_прибл. 1945–1948)"" does not single out one of 58 candidate files"
copy-ambiguous,file,https://www.familysearch.org/en/records/images/search-results?imageGroupNumbers=108460950,"parsed ""ДАПО-(Р-9106-9-4284-4354+++Р-9106-9-4284-4354+++Фільтраційні справи, State Security Records, Poltava - 1942-1950_Р-9106-9-4284-4354_прибл. 1945–1948)"" does not single out one of 71 candidate files"
copy-ambiguous,file,https://www.familysearch.org/en/records/images/search-results?imageGroupNumbers=108460951,"parsed ""ДАПО-(Р-9106-9-657-731+++Р-9106-9-657-731+++Фільтраційні справи, State Security Records, Poltava - 1942-1950_Р-9106-9-657-731_прибл. 1945–1948)"" does not single out one of 75 candidate files"
copy-ambiguous,file,https://www.familysearch.org/en/records/images/search-results?imageGroupNumbers=108460952,"parsed ""ДАПО-(Р-9106-9-3396-3470+++Р-9106-9-3396-3470+++Фільтраційні справи, State Security Records, Poltava - 1942-1950_Р-9106-9-3396-3470_прибл. 1945–1948)"" does not single out one of 75 candidate files"
copy-ambiguous,file,https://www.familysearch.org/en/records/images/search-results?imageGroupNumbers=108460953,"parsed ""ДАПО-(Р-9106-9-3320-3395+++Р-9106-9-3320-3395+++Фільтраційні справи, State Security Records, Poltava - 1942-1950_Р-9106-9-3320-3395_прибл. 1945–1948)"" does not single out one of 76 candidate files"
copy-ambiguous,file,https://www.familysearch.org/en/records/images/search-results?imageGroupNumbers=108460954,"parsed ""ДАПО-(Р-9106-9-565-656+++Р-9106-9-565-656+++фільтраційні справи, State Security Records, Poltava - 1942-1950_Р-9106-9-565-656_прибл. 1945–1948)"" does not single out one of 92 candidate files"
copy-ambiguous,file,https://www.familysearch.org/en/records/images/search-results?imageGroupNumbers=108460955,"parsed ""ДАПО-(Р-9106-9-812-878+++Р-9106-9-812-878+++Фільтраційні справи, State Security Records, Poltava - 1942-1950_Р-9106-9-812-878_прибл. 1945–1948)"" does not single out one of 67 candidate files"
copy-ambiguous,file,https://www.familysearch.org/en/records/images/search-results?imageGroupNumbers=108460956,"parsed ""ДАПО-(Р-9106-9-2897-2963+++Р-9106-9-2897-2963+++фільтраційні справи, State Security Records, Poltava - 1942-1950_Р-9106-9-2897-2963_прибл. 1945–1948)"" does not single out one of 67 candidate files"
copy-ambiguous,file,https://www.familysearch.org/en/records/images/search-results?imageGroupNumbers=108460957,"parsed ""ДАПО-(Р-9106-9-2829-2896+++Р-9106-9-2829-2896+++фільтраційні справи, State Security Records, Poltava - 1942-1950_Р-9106-9-2829-2896_прибл. 1945–1948)"" does not single out one of 68 candidate files"
copy-ambiguous,file,https://www.familysearch.org/en/records/images/search-results?imageGroupNumbers=108460958,"parsed ""ДАПО-(Р-9106-9-4211-4282+++Р-9106-9-4211-4282+++Фільтраційні справи, State Security Records, Poltava - 1942-1950_Р-9106-9-4211-4282_прибл. 1945–1948)"" does not single out one of 72 candidate files"
copy-ambiguous,file,https://www.familysearch.org/en/records/images/search-results?imageGroupNumbers=108460959,"parsed ""ДАПО-(Р-9106-9-1400-1470+++Р-9106-9-1400-1470+++Фільтраційні справи, State Security Records, Poltava - 1942-1950_Р-9106-9-1400-1470_прибл. 1945–1948)"" does not single out one of 71 candidate files"
copy-ambiguous,file,https://www.familysearch.org/en/records/images/search-results?imageGroupNumbers=108460960,"parsed ""ДАПО-(Р-9106-9-2123-2204+++Р-9106-9-2123-2204+++фільтраційні справи, State Security Records, Poltava - 1942-1950_Р-9106-9-2123-2204_прибл. 1945–1948)"" does not single out one of 82 candidate files"
copy-ambiguous,file,https://www.familysearch.org/en/records/images/search-results?imageGroupNumbers=108460961,"parsed ""ДАПО-(Р-9106-9-2042-2119+++Р-9106-9-2042-2119+++Фільтраційні справи, State Security Records, Poltava - 1942-1950_Р-9106-9-2042-2119_прибл. 1945–1948)"" does not single out one of 78 candidate files"
copy-ambiguous,file,https://www.familysearch.org/en/records/images/search-results?imageGroupNumbers=108460962,"parsed ""ДАПО-(Р-9106-9-2965-3033+++Р-9106-9-2965-3033+++фільтраційні справи, State Security Records, Poltava - 1942-1950_Р-9106-9-2965-3033_прибл. 1945–1948)"" does not single out one of 69 candidate files"
copy-ambiguous,file,https://www.familysearch.org/en/records/images/search-results?imageGroupNumbers=108460963,"parsed ""ДАПО-(Р-9106-9-3550-3619+++Р-9106-9-3550-3619+++Фільтраційні справи, State Security Records, Poltava - 1942-1950_Р-9106-9-3550-3619_1945–1949)"" does not single out one of 70 candidate files"
copy-ambiguous,file,https://www.familysearch.org/en/records/images/search-results?imageGroupNumbers=108460964,"parsed ""ДАПО-(Р-9106-9-4133-4208+++Р-9106-9-4133-4208+++Фільтраційні справи, State Security Records, Poltava - 1942-1950_Р-9106-9-4133-4208_1942–1949)"" does not single out one of 76 candidate files"
copy-ambiguous,file,https://www.familysearch.org/en/records/images/search-results?imageGroupNumbers=108460965,"parsed ""ДАПО-(Р-9106-8-5375-5446+++Р-9106-8-5375-5446+++Фільтраційні справи, State Security Records, Poltava - 1942-1950_Р-9106-8-5375-5446_1942–1950)"" does not single out one of 72 candidate files"
copy-ambiguous,file,https://www.familysearch.org/en/records/images/search-results?imageGroupNumbers=108460966,"parsed ""ДАПО-(Р-9106-9-4922-5005+++Р-9106-9-4922-5005+++Фільтраційні справи, State Security Records, Poltava - 1942-1950_Р-9106-9-4922-5005_1942–1949)"" does not single out one of 84 candidate files"
copy-ambiguous,file,https://www.familysearch.org/en/records/images/search-results?imageGroupNumbers=108460967,"parsed ""ДАПО-(Р-9106-8-5940-5998+++Р-9106-8-5940-5998+++Фільтраційні справи, State Security Records, Poltava - 1942-1950_Р-9106-8-5940-5998_1942–1950)"" does not single out one of 59 candidate files"
copy-ambiguous,file,https://www.familysearch.org/en/records/images/search-results?imageGroupNumbers=108460968,"parsed ""ДАПО-(Р-9106-9-1160-1254+++Р-9106-9-1160-1254+++Фільтраційні справи, State Security Records, Poltava - 1942-1950_Р-9106-9-1160-1254_1942–1950)"" does not single out one of 95 candidate files"
copy-ambiguous,file,https://www.familysearch.org/en/records/images/search-results?imageGroupNumbers=108460969,"parsed ""ДАПО-(Р-9106-8-6061-6143+++Р-9106-8-6061-6143+++Фільтраційні справи, State Security Records, Poltava - 1942-1950_Р-9106-8-6061-6143_1942–1950)"" does not single out one of 83 candidate files"
copy-ambiguous,file,https://www.familysearch.org/en/records/images/search-results?imageGroupNumbers=108460970,"parsed ""ДАПО-(Р-9106-9-4054-4132+++Р-9106-9-4054-4132+++Фільтраційні справи, State Security Records, Poltava - 1942-1950_Р-9106-9-4054-4132_1945–1949)"" does not single out one of 79 candidate files"
copy-ambiguous,file,https://www.familysearch.org/en/records/images/search-results?imageGroupNumbers=108460971,"parsed ""ДАПО-(Р-9106-8-4428-4508+++Р-9106-8-4428-4508+++Фільтраційні справи, State Security Records, Poltava - 1942-1950_Р-9106-8-4428-4508_1942–1950)"" does not single out one of 81 candidate files"
copy-ambiguous,file,https://www.familysearch.org/en/records/images/search-results?imageGroupNumbers=108460972,"parsed ""ДАПО-(Р-9106-8-5230-5294+++Р-9106-8-5230-5294+++Фільтраційні справи, State Security Records, Poltava - 1942-1950_Р-9106-8-5230-5294_1942–1950)"" does not single out one of 65 candidate files"
copy-ambiguous,file,https://www.familysearch.org/en/records/images/search-results?imageGroupNumbers=108460973,"parsed ""ДАПО-(Р-9106-8-5295-5371+++Р-9106-8-5295-5371+++Фільтраційні справи, State Security Records, Poltava - 1942-1950_Р-9106-8-5295-5371_1942–1950)"" does not single out one of 77 candidate files"
copy-ambiguous,file,https://www.familysearch.org/en/records/images/search-results?imageGroupNumbers=108460974,"parsed ""ДАПО-(Р-9106-8-5999-6060+++Р-9106-8-5999-6060+++Фільтраційні справи, State Security Records, Poltava - 1942-1950_Р-9106-8-5999-6060_1942–1950)"" does not single out one of 62 candidate files"
copy-ambiguous,file,https://www.familysearch.org/en/records/images/search-results?imageGroupNumbers=108460975,"parsed ""ДАПО-(Р-9106-9-3036-3106+++Р-9106-9-3036-3106+++Фільтраційні справи, State Security Records, Poltava - 1942-1950_Р-9106-9-3036-3106_1942–1950)"" does not single out one of 71 candidate files"
copy-ambiguous,file,https://www.familysearch.org/en/records/images/search-results?imageGroupNumbers=108460976,"parsed ""ДАПО-(Р-9106-9-1911-1972+++Р-9106-9-1911-1972+++Фільтраційні справи, State Security Records, Poltava - 1942-1950_Р-9106-9-1911-1972_1942–1950)"" does not single out one of 62 candidate files"
copy-ambiguous,file,https://www.familysearch.org/en/records/images/search-results?imageGroupNumbers=108460977,"parsed ""ДАПО-(Р-9106-9-2744-2828+++Р-9106-9-2744-2828+++Фільтраційні справи, State Security Records, Poltava - 1942-1950_Р-9106-9-2744-2828_1942–1950)"" does not single out one of 85 candidate files"
copy-ambiguous,file,https://www.familysearch.org/en/records/images/search-results?imageGroupNumbers=108460978,"parsed ""ДАПО-(Р-9106-9-412-501+++Р-9106-9-412-501+++Фільтраційні справи, State Security Records, Poltava - 1942-1950_Р-9106-9-412-501_1942–1950)"" does not single out one of 90 candidate files"
copy-ambiguous,file,https://www.familysearch.org/en/records/images/search-results?imageGroupNumbers=108460979,"parsed ""ДАПО-(Р-9106-9-502-564+++Р-9106-9-502-564+++Фільтраційні справи, State Security Records, Poltava - 1942-1950_Р-9106-9-502-564_1942–1950)"" does not single out one of 63 candidate files"
copy-ambiguous,file,https://www.familysearch.org/en/records/images/search-results?imageGroupNumbers=108460980,"parsed ""ДАПО-(Р-9106-9-2647-2743+++Р-9106-9-2647-2743+++Фільтраційні справи, State Security Records, Poltava - 1942-1950_Р-9106-9-2647-2743_1942–1950)"" does not single out one of 97 candidate files"
copy-ambiguous,file,https://www.familysearch.org/en/records/images/search-results?imageGroupNumbers=108460981,"parsed ""ДАПО-(Р-9106-9-1256-1326+++Р-9106-9-1256-1326+++Фільтраційні справи, State Security Records, Poltava - 1942-1950_Р-9106-9-1256-1326_1942–1950)"" does not single out one of 71 candidate files"
copy-ambiguous,file,https://www.familysearch.org/en/records/images/search-results?imageGroupNumbers=108460982,"parsed ""ДАПО-(Р-9106-9-2578-2646+++Р-9106-9-2578-2646+++Фільтраційні справи, State Security Records, Poltava - 1942-1950_Р-9106-9-2578-2646_1942–1950)"" does not single out one of 69 candidate files"
copy-ambiguous,file,https://www.familysearch.org/en/records/images/search-results?imageGroupNumbers=108460983,"parsed ""ДАПО-(Р-9106-9-1973-2040+++Р-9106-9-1973-2040+++Фільтраційні справи, State Security Records, Poltava - 1942-1950_Р-9106-9-1973-2040_1942–1950)"" does not single out one of 68 candidate files"
copy-ambiguous,file,https://www.familysearch.org/en/records/images/search-results?imageGroupNumbers=108460984,"parsed ""ДАПО-(Р-9106-9-3471-3549+++Р-9106-9-3471-3549+++Фільтраційні справи, State Security Records, Poltava - 1942-1950_Р-9106-9-3471-3549_1942–1949)"" does not single out one of 79 candidate files"
copy-ambiguous,file,https://www.familysearch.org/en/records/images/search-results?imageGroupNumbers=108460985,"parsed ""ДАПО-(Р-9106-9-2509-2575+++Р-9106-9-2509-2575+++Фільтраційні справи, State Security Records, Poltava - 1942-1950_Р-9106-9-2509-2575_1942–1950)"" does not single out one of 67 candidate files"
copy-ambiguous,file,https://www.familysearch.org/en/records/images/search-results?imageGroupNumbers=108481395,"parsed ""ДАПО-(р-9106-9-5288-5352+++р-9106-9-5288-5352+++Фільтраційні справи, State Security Records, Poltava - 1942-1950_р-9106-9-5288-5352_1942–1949)"" does not single out one of 65 candidate files"
copy-ambiguous,file,https://www.familysearch.org/en/records/images/search-results?imageGroupNumbers=108481396,"parsed ""ДАПО-(р-9106-9-5225-5286+++р-9106-9-5225-5286+++Фільтраційні справи, State Security Records, Poltava - 1942-1950_р-9106-9-5225-5286_1942–1949)"" does not single out one of 62 candidate files"
copy-ambiguous,file,https://www.familysearch.org/en/records/images/search-results?imageGroupNumbers=108481397,"parsed ""ДАПО-(р-9106-9-9599-9669+++р-9106-9-9599-9669+++Фільтраційні справи, State Security Records, Poltava - 1942-1950_р-9106-9-9599-9669_1942–1949)"" does not single out one of 71 candidate files"
copy-ambiguous,file,https://www.familysearch.org/en/records/images/search-results?imageGroupNumbers=108481398,"parsed ""ДАПО-(р-9106-9-4858-4921+++р-9106-9-4858-4921+++Фільтраційні справи, State Security Records, Poltava - 1942-1950_р-9106-9-4858-4921_1942–1949)"" does not single out one of 64 candidate files"
copy-ambiguous,file,https://www.familysearch.org/en/records/images/search-results?imageGroupNumbers=108481399,"parsed ""ДАПО-(р-9106-9-4791-4857+++р-9106-9-4791-4857+++Фільтраційні справи, State Security Records, Poltava - 1942-1950_р-9106-9-4791-4857_1942–1949)"" does not single out one of 67 candidate files"
copy-ambiguous,file,https://www.familysearch.org/en/records/images/search-results?imageGroupNumbers=108481400,"parsed ""ДАПО-(р-9106-9-5829-5897+++р-9106-9-5829-5897+++Фільтраційні справи, State Security Records, Poltava - 1942-1950_р-9106-9-5829-5897_1942–1949)"" does not single out one of 69 candidate files"
copy-ambiguous,file,https://www.familysearch.org/en/records/images/search-results?imageGroupNumbers=108481401,"parsed ""ДАПО-(р-9106-9-6392-6461+++р-9106-9-6392-6461+++Фільтраційні справи, State Security Records, Poltava - 1942-1950_р-9106-9-6392-6461_1942–1949)"" does not single out one of 70 candidate files"
copy-ambiguous,file,https://www.familysearch.org/en/records/images/search-results?imageGroupNumbers=108481402,"parsed ""ДАПО-(р-9106-9-8116-8182+++р-9106-9-8116-8182+++Фільтраційні справи, State Security Records, Poltava - 1942-1950_р-9106-9-8116-8182_1942–1949)"" does not single out one of 67 candidate files"
copy-ambiguous,file,https://www.familysearch.org/en/records/images/search-results?imageGroupNumbers=108481403,"parsed ""ДАПО-(р-9106-9-6530-6605+++р-9106-9-6530-6605+++Фільтраційні справи, State Security Records, Poltava - 1942-1950_р-9106-9-6530-6605_1942–1949)"" does not single out one of 76 candidate files"
copy-ambiguous,file,https://www.familysearch.org/en/records/images/search-results?imageGroupNumbers=108481404,"parsed ""ДАПО-(р-9106-9-8821-8881+++р-9106-9-8821-8881+++Фільтраційні справи, State Security Records, Poltava - 1942-1950_р-9106-9-8821-8881_1942–1949)"" does not single out one of 61 candidate files"
copy-ambiguous,file,https://www.familysearch.org/en/records/images/search-results?imageGroupNumbers=108481405,"parsed ""ДАПО-(р-9106-9-10261-10332+++р-9106-9-10261-10332+++Фільтраційні справи, State Security Records, Poltava - 1942-1950_р-9106-9-10261-10332_1942–1949)"" does not single out one of 72 candidate files"
copy-ambiguous,file,https://www.familysearch.org/en/records/images/search-results?imageGroupNumbers=108481406,"parsed ""ДАПО-(р-9106-9-6463a-6529+++р-9106-9-6463a-6529+++Фільтраційні справи, State Security Records, Poltava - 1942-1950_р-9106-9-6463a-6529_1942–1949)"" does not single out one of 67 candidate files"
copy-ambiguous,file,https://www.familysearch.org/en/records/images/search-results?imageGroupNumbers=108481407,"parsed ""ДАПО-(р-9106-9-8882-8944+++р-9106-9-8882-8944+++Фільтраційні справи, State Security Records, Poltava - 1942-1950_р-9106-9-8882-8944_1942–1949)"" does not single out one of 63 candidate files"
copy-ambiguous,file,https://www.familysearch.org/en/records/images/search-results?imageGroupNumbers=108481408,"parsed ""ДАПО-(р-9106-9-7279-7351+++р-9106-9-7279-7351+++Фільтраційні справи, State Security Records, Poltava - 1942-1950_р-9106-9-7279-7351_1942–1949)"" does not single out one of 73 candidate files"
copy-ambiguous,file,https://www.familysearch.org/en/records/images/search-results?imageGroupNumbers=108481409,"parsed ""ДАПО-(р-9106-9-7353-7413+++р-9106-9-7353-7413+++Фільтраційні справи, State Security Records, Poltava - 1942-1950_р-9106-9-7353-7413_1942–1949)"" does not single out one of 61 candidate files"
copy-ambiguous,file,https://www.familysearch.org/en/records/images/search-results?imageGroupNumbers=108481410,"parsed ""ДАПО-(р-9106-9-9517-9597+++р-9106-9-9517-9597+++Фільтраційні справи, State Security Records, Poltava - 1942-1950_р-9106-9-9517-9597_1942–1949)"" does not single out one of 81 candidate files"
copy-ambiguous,file,https://www.familysearch.org/en/records/images/search-results?imageGroupNumbers=108481411,"parsed ""ДАПО-(р-9106-9-8183-8252+++р-9106-9-8183-8252+++Фільтраційні справи, State Security Records, Poltava - 1942-1950_р-9106-9-8183-8252_1942–1949)"" does not single out one of 70 candidate files"
copy-ambiguous,file,https://www.familysearch.org/en/records/images/search-results?imageGroupNumbers=108481418,"parsed ""ДАПО-(Р-9106-9-9384-9449+++Р-9106-9-9384-9449+++Фільтраційні справи, State Security Records, Poltava - 1942-1950_Р-9106-9-9384-9449_1942–1948)"" does not single out one of 66 candidate files"
copy-ambiguous,file,https://www.familysearch.org/en/records/images/search-results?imageGroupNumbers=108481419,"parsed ""ДАПО-(Р-9106-9-3759-3840+++Р-9106-9-3759-3840+++Фільтраційні справи, State Security Records, Poltava - 1942-1950_Р-9106-9-3759-3840_1942–1948)"" does not single out one of 82 candidate files"
copy-ambiguous,file,https://www.familysearch.org/en/records/images/search-results?imageGroupNumbers=108481420,"parsed ""ДАПО-(Р-9106-9-7109-7189+++Р-9106-9-7109-7189+++Фільтраційні справи, State Security Records, Poltava - 1942-1950_Р-9106-9-7109-7189_1942–1948)"" does not single out one of 81 candidate files"
copy-ambiguous,file,https://www.familysearch.org/en/records/images/search-results?imageGroupNumbers=108481421,"parsed ""ДАПО-(Р-9106-9-4714-4789+++Р-9106-9-4714-4789+++Фільтраційні справи, State Security Records, Poltava - 1942-1950_Р-9106-9-4714-4789_1942–1948)"" does not single out one of 76 candidate files"
copy-ambiguous,file,https://www.familysearch.org/en/records/images/search-results?imageGroupNumbers=108481422,"parsed ""ДАПО-(Р-9106-9-10101-10190+++Р-9106-9-10101-10190+++Фільтраційні справи, State Security Records, Poltava - 1942-1950_Р-9106-9-10101-10190_1942–1948)"" does not single out one of 90 candidate files"
copy-ambiguous,file,https://www.familysearch.org/en/records/images/search-results?imageGroupNumbers=108481423,"parsed ""ДАПО-(Р-9106-9-5605-5675+++Р-9106-9-5605-5675+++Фільтраційні справи, State Security Records, Poltava - 1942-1950_Р-9106-9-5605-5675_1942–1948)"" does not single out one of 71 candidate files"
copy-ambiguous,file,https://www.familysearch.org/en/records/images/search-results?imageGroupNumbers=108481424,"parsed ""ДАПО-(Р-9106-9-6264-6323+++Р-9106-9-6264-6323+++Фільтраційні справи, State Security Records, Poltava - 1942-1950_Р-9106-9-6264-6323_1942–1948)"" does not single out one of 60 candidate files"
copy-ambiguous,file,https://www.familysearch.org/en/records/images/search-results?imageGroupNumbers=108481425,"parsed ""ДАПО-(Р-9106-9-5528-5604+++Р-9106-9-5528-5604+++Фільтраційні справи, State Security Records, Poltava - 1942-1950_Р-9106-9-5528-5604_1942–1948)"" does not single out one of 77 candidate files"
copy-ambiguous,file,https://www.familysearch.org/en/records/images/search-results?imageGroupNumbers=108481426,"parsed ""ДАПО-(Р-9106-9-8048-8115+++Р-9106-9-8048-8115+++Фільтраційні справи, State Security Records, Poltava - 1942-1950_Р-9106-9-8048-8115_1942–1948)"" does not single out one of 68 candidate files"
copy-ambiguous,file,https://www.familysearch.org/en/records/images/search-results?imageGroupNumbers=108481427,"parsed ""ДАПО-(Р-9106-9-8762-8820+++Р-9106-9-8762-8820+++Фільтраційні справи, State Security Records, Poltava - 1942-1950_Р-9106-9-8762-8820_1942–1948)"" does not single out one of 59 candidate files"
copy-ambiguous,file,https://www.familysearch.org/en/records/images/search-results?imageGroupNumbers=108481428,"parsed ""ДАПО-(Р-9106-9-6326-6390+++Р-9106-9-6326-6390+++Фільтраційні справи, State Security Records, Poltava - 1942-1950_Р-9106-9-6326-6390_1942–1948)"" does not single out one of 65 candidate files"
copy-ambiguous,file,https://www.familysearch.org/en/records/images/search-results?imageGroupNumbers=108481429,"parsed ""ДАПО-(Р-9106-9-4647-4713+++Р-9106-9-4647-4713+++Фільтраційні справи, State Security Records, Poltava - 1942-1950_Р-9106-9-4647-4713_1942–1948)"" does not single out one of 67 candidate files"
copy-ambiguous,file,https://www.familysearch.org/en/records/images/search-results?imageGroupNumbers=108481430,"parsed ""ДАПО-(Р-9106-9-9450-9516+++Р-9106-9-9450-9516+++Фільтраційні справи, State Security Records, Poltava - 1942-1950_Р-9106-9-9450-9516_1942–1948)"" does not single out one of 67 candidate files"
copy-ambiguous,file,https://www.familysearch.org/en/records/images/search-results?imageGroupNumbers=108481431,"parsed ""ДАПО-(Р-9106-9-5753-5828+++Р-9106-9-5753-5828+++Фільтраційні справи, State Security Records, Poltava - 1942-1950_Р-9106-9-5753-5828_1942–1948)"" does not single out one of 76 candidate files"
copy-ambiguous,file,https://www.familysearch.org/en/records/images/search-results?imageGroupNumbers=108481432,"parsed ""ДАПО-(Р-9106-9-6201-6262+++Р-9106-9-6201-6262+++Фільтраційні справи, State Security Records, Poltava - 1942-1950_Р-9106-9-6201-6262_1942–1948)"" does not single out one of 62 candidate files"
copy-ambiguous,file,https://www.familysearch.org/en/records/images/search-results?imageGroupNumbers=108481433,"parsed ""ДАПО-(Р-9106-9-7966-8047+++Р-9106-9-7966-8047+++Фільтраційні справи, State Security Records, Poltava - 1942-1950_Р-9106-9-7966-8047_1942–1948)"" does not single out one of 82 candidate files"
copy-ambiguous,file,https://www.familysearch.org/en/records/images/search-results?imageGroupNumbers=108481434,"parsed ""ДАПО-(Р-9106-9-7191-7278+++Р-9106-9-7191-7278+++Фільтраційні справи, State Security Records, Poltava - 1942-1950_Р-9106-9-7191-7278_1942–1948)"" does not single out one of 88 candidate files"
copy-ambiguous,file,https://www.familysearch.org/en/records/images/search-results?imageGroupNumbers=108481435,"parsed ""ДАПО-(Р-9106-9-8692-8761+++Р-9106-9-8692-8761+++Фільтраційні справи, State Security Records, Poltava - 1942-1950_Р-9106-9-8692-8761_1942–1948)"" does not single out one of 70 candidate files"
copy-ambiguous,file,https://www.familysearch.org/en/records/images/search-results?imageGroupNumbers=108481436,"parsed ""ДАПО-(Р-9106-10-776-848+++Р-9106-10-776-848+++фільтраційні справи, State Security Records, Poltava - 1942-1950_Р-9106-10-776-848_прибл. 1945–1949)"" does not single out one of 73 candidate files"
copy-ambiguous,file,https://www.familysearch.org/en/records/images/search-results?imageGroupNumbers=108481437,"parsed ""ДАПО-(Р-9106-9-4506-4575+++Р-9106-9-4506-4575+++фільтраційні справи, State Security Records, Poltava - 1942-1950_Р-9106-9-4506-4575 _прибл. 1945–1949)"" does not single out one of 70 candidate files"
copy-ambiguous,file,https://www.familysearch.org/en/records/images/search-results?imageGroupNumbers=108481438,"parsed ""ДАПО-(Р-9106-9-4355-4429+++Р-9106-9-4355-4429+++фільтраційні справи, State Security Records, Poltava - 1942-1950_Р-9106-9-4355-4429_прибл. 1945–1949)"" does not single out one of 75 candidate files"
copy-ambiguous,file,https://www.familysearch.org/en/records/images/search-results?imageGroupNumbers=108481439,"parsed ""ДАПО-(Р-9106-9-4430-4503+++Р-9106-9-4430-4503+++фільтраційні справи, State Security Records, Poltava - 1942-1950_Р-9106-9-4430-4503_прибл. 1945–1949)"" does not single out one of 74 candidate files"
copy-ambiguous,file,https://www.familysearch.org/en/records/images/search-results?imageGroupNumbers=108481440,"parsed ""ДАПО-(Р-9106-9-5446-5525+++Р-9106-9-5446-5525+++фільтраційні справи, State Security Records, Poltava - 1942-1950_Р-9106-9-5446-5525_прибл. 1945–1949)"" does not single out one of 80 candidate files"
copy-ambiguous,file,https://www.familysearch.org/en/records/images/search-results?imageGroupNumbers=108481441,"parsed ""ДАПО-(Р-9106-9-5676-5752+++Р-9106-9-5676-5752+++фільтраційні справи, State Security Records, Poltava - 1942-1950_Р-9106-9-5676-5752_прибл. 1945–1949)"" does not single out one of 77 candidate files"
copy-ambiguous,file,https://www.familysearch.org/en/records/images/search-results?imageGroupNumbers=108481442,"parsed ""ДАПО-(Р-9106-9-6827-6898+++Р-9106-9-6827-6898+++фільтраційні справи, State Security Records, Poltava - 1942-1950_Р-9106-9-6827-6898_прибл. 1945–1949)"" does not single out one of 72 candidate files"
copy-ambiguous,file,https://www.familysearch.org/en/records/images/search-results?imageGroupNumbers=108481443,"parsed ""ДАПО-(Р-9106-9-5353-5445+++Р-9106-9-5353-5445+++фільтраційні справи, State Security Records, Poltava - 1942-1950_Р-9106-9-5353-5445_прибл. 1945–1949)"" does not single out one of 93 candidate files"
copy-ambiguous,file,https://www.familysearch.org/en/records/images/search-results?imageGroupNumbers=108481444,"parsed ""ДАПО-(Р-9106-9-7040-7108+++Р-9106-9-7040-7108+++фільтраційні справи, State Security Records, Poltava - 1942-1950_Р-9106-9-7040-7108_прибл. 1945–1949)"" does not single out one of 69 candidate files"
copy-ambiguous,file,https://www.familysearch.org/en/records/images/search-results?imageGroupNumbers=108481445,"parsed ""ДАПО-(Р-9106-9-6122-6200+++Р-9106-9-6122-6200+++фільтраційні справи, State Security Records, Poltava - 1942-1950_Р-9106-9-6122-6200_прибл. 1945–1949)"" does not single out one of 79 candidate files"
copy-ambiguous,file,https://www.familysearch.org/en/records/images/search-results?imageGroupNumbers=108481446,"parsed ""ДАПО-(Р-9106-9-8623-8691+++Р-9106-9-8623-8691+++фільтраційні справи, State Security Records, Poltava - 1942-1950_Р-9106-9-8623-8691_прибл. 1945–1949)"" does not single out one of 69 candidate files"
copy-ambiguous,file,https://www.familysearch.org/en/records/images/search-results?imageGroupNumbers=108481447,"parsed ""ДАПО-(Р-9106-9-6050-6120+++Р-9106-9-6050-6120+++фільтраційні справи, State Security Records, Poltava - 1942-1950_Р-9106-9-6050-6120_прибл. 1945–1949)"" does not single out one of 71 candidate files"
copy-ambiguous,file,https://www.familysearch.org/en/records/images/search-results?imageGroupNumbers=108481448,"parsed ""ДАПО-(Р-9106-9-9107-9164+++Р-9106-9-9107-9164+++фільтраційні справи, State Security Records, Poltava - 1942-1950_Р-9106-9-9107-9164_прибл. 1945–1949)"" does not single out one of 58 candidate files"
copy-ambiguous,file,https://www.familysearch.org/en/records/images/search-results?imageGroupNumbers=108481449,"parsed ""ДАПО-(Р-9106-9-9165-9239+++Р-9106-9-9165-9239+++фільтраційні справи, State Security Records, Poltava - 1942-1950_Р-9106-9-9165-9239 _прибл. 1945–1949)"" does not single out one of 75 candidate files"
copy-ambiguous,file,https://www.familysearch.org/en/records/images/search-results?imageGroupNumbers=108481450,"parsed ""ДАПО-(Р-9106-9-7670-7740+++Р-9106-9-7670-7740+++фільтраційні справи, State Security Records, Poltava - 1942-1950_Р-9106-9-7670-7740_прибл. 1945–1949)"" does not single out one of 71 candidate files"
copy-ambiguous,file,https://www.familysearch.org/en/records/images/search-results?imageGroupNumbers=108481451,"parsed ""ДАПО-(Р-9106-9-7898-7965+++Р-9106-9-7898-7965+++фільтраційні справи, Sta e Security Records, Poltava - 1942-1950_Р-9106-9-7898-7965_прибл. 1945–1949)"" does not single out one of 68 candidate files"
copy-ambiguous,file,https://www.familysearch.org/en/records/images/search-results?imageGroupNumbers=108481452,"parsed ""ДАПО-(Р-9106-9-6968-7039+++Р-9106-9-6968-7039+++фільтраційні справи, State Security Records, Poltava - 1942-1950_Р-9106-9-6968-7039_прибл. 1945–1949)"" does not single out one of 72 candidate files"
copy-ambiguous,file,https://www.familysearch.org/en/records/images/search-results?imageGroupNumbers=108481453,"parsed ""ДАПО-(Р-9106-9-5968-6049+++Р-9106-9-5968-6049+++фільтраційні справи, State Security Records, Poltava - 1942-1950_Р-9106-9-5968-6049_прибл. 1945–1949)"" does not single out one of 82 candidate files"
copy-ambiguous,file,https://www.familysearch.org/en/records/images/search-results?imageGroupNumbers=108481454,"parsed ""ДАПО-(Р-9106-9-9241-9311+++Р-9106-9-9241-9311+++фільтраційні справи, State Security Records, Poltava - 1942-1950_Р-9106-9-9241-9311_прибл. 1945–1949)"" does not single out one of 71 candidate files"
copy-ambiguous,file,https://www.familysearch.org/en/records/images/search-results?imageGroupNumbers=108481455,"parsed ""ДАПО-(Р-9106-9-9312-9383+++Р-9106-9-9312-9383+++фільтраційні справи, State Security Records, Poltava - 1942-1950_Р-9106-9-9312-9383_прибл. 1945–1949)"" does not single out one of 72 candidate files"
copy-ambiguous,file,https://www.familysearch.org/en/records/images/search-results?imageGroupNumbers=108481456,"parsed ""ДАПО-(Р-9106-9-7743-7809+++Р-9106-9-7743-7809+++фільтраційні справи, State Security Records, Poltava - 1942-1950_Р-9106-9-7743-7809_прибл. 1945–1949)"" does not single out one of 67 candidate files"
copy-ambiguous,file,https://www.familysearch.org/en/records/images/search-results?imageGroupNumbers=108481457,"parsed ""ДАПО-(Р-9106-9-9749-9825+++Р-9106-9-9749-9825+++фільтраційні справи, State Security Records, Poltava - 1942-1950_Р-9106-9-9749-9825_прибл. 1945–1949)"" does not single out one of 77 candidate files"
copy-ambiguous,file,https://www.familysearch.org/en/records/images/search-results?imageGroupNumbers=108481458,"parsed ""ДАПО-(Р-9106-9-6899-6965+++Р-9106-9-6899-6965+++фільтраційні справи, State Security Records, Poltava - 1942-1950_Р-9106-9-6899-6965_прибл. 1945–1949)"" does not single out one of 67 candidate files"
copy-ambiguous,file,https://www.familysearch.org/en/records/images/search-results?imageGroupNumbers=108481459,"parsed ""ДАПО-(Р-9106-9-7810-7897+++Р-9106-9-7810-7897+++фільтраційні справи, State Security Records, Poltava - 1942-1950_Р-9106-9-7810-7897_прибл. 1945–1949)"" does not single out one of 88 candidate files"
copy-ambiguous,file,https://www.familysearch.org/en/records/images/search-results?imageGroupNumbers=108481460,"parsed ""ДАПО-(Р-9106-9-9826-9888+++Р-9106-9-9826-9888+++фільтраційні справи, State Security Records, Poltava - 1942-1950_Р-9106-9-9826-9888_прибл. 1945–1949)"" does not single out one of 63 candidate files"
copy-ambiguous,file,https://www.familysearch.org/en/records/images/search-results?imageGroupNumbers=108481461,"parsed ""ДАПО-(Р-9106-9-9889-9965+++Р-9106-9-9889-9965+++фільтраційні справи, State Security Records, Poltava - 1942-1950_Р-9106-9-9889-9965_прибл. 1945–1949)"" does not single out one of 77 candidate files"
copy-ambiguous,file,https://www.familysearch.org/en/records/images/search-results?imageGroupNumbers=108481462,"parsed ""ДАПО-(Р-9106-9-10025-10100+++Р-9106-9-10025-10100+++фільтраційні справи, State Security Records, Poltava - 1942-1950_Р-9106-9-10025-10100_прибл. 1945–1949)"" does not single out one of 76 candidate files"
copy-ambiguous,file,https://www.familysearch.org/en/records/images/search-results?imageGroupNumbers=108481463,"parsed ""ДАПО-(Р-9106-9-9966-10024+++Р-9106-9-9966-10024+++фільтраційні справи, State Security Records, Poltava - 1942-1950_Р-9106-9-9966-10024_прибл. 1945–1949)"" does not single out one of 59 candidate files"
copy-ambiguous,file,https://www.familysearch.org/en/records/images/search-results?imageGroupNumbers=108481464,"parsed ""ДАПО-(Р-9106-9-5150-5223+++Р-9106-9-5150-5223+++Фільтраційні справи, State Security Records, Poltava - 1942-1950_Р-9106-9-5150-5223_1942–1949)"" does not single out one of 74 candidate files"
copy-ambiguous,file,https://www.familysearch.org/en/records/images/search-results?imageGroupNumbers=108481465,"parsed ""ДАПО-(Р-9106-9-6762-6826+++Р-9106-9-6762-6826+++Фільтраційні справи, State Security Records, Poltava - 1942-1950_Р-9106-9-6762-6826_1942–1949)"" does not single out one of 65 candidate files"
copy-ambiguous,file,https://www.familysearch.org/en/records/images/search-results?imageGroupNumbers=108481466,"parsed ""ДАПО-(Р-9106-9-7532-7605+++Р-9106-9-7532-7605+++Фільтраційні справи, State Security Records, Poltava - 1942-1950_Р-9106-9-7532-7605_1942–1949)"" does not single out one of 74 candidate files"
copy-ambiguous,file,https://www.familysearch.org/en/records/images/search-results?imageGroupNumbers=108481467,"parsed ""ДАПО-(Р-9106-9-7472-7531+++Р-9106-9-7472-7531+++Фільтраційні справи, State Security Records, Poltava - 1942-1950_Р-9106-9-7472-7531_1942–1949)"" does not single out one of 60 candidate files"
copy-ambiguous,file,https://www.familysearch.org/en/records/images/search-results?imageGroupNumbers=108481468,"parsed ""ДАПО-(Р-9106-9-8467-8549+++Р-9106-9-8467-8549+++Фільтраційні справи, State Security Records, Poltava - 1942-1950_Р-9106-9-8467-8549_1942–1949)"" does not single out one of 83 candidate files"
copy-ambiguous,file,https://www.familysearch.org/en/records/images/search-results?imageGroupNumbers=108481469,"parsed ""ДАПО-(Р-9106-9-8394-8466+++Р-9106-9-8394-8466+++Фільтраційні справи, State Security Records, Poltava - 1942-1950_Р-9106-9-8394-8466_1942–1949)"" does not single out one of 73 candidate files"
copy-ambiguous,file,https://www.familysearch.org/en/records/images/search-results?imageGroupNumbers=108481470,"parsed ""ДАПО-(Р-9106-10-498-576+++Р-9106-10-498-576+++Фільтраційні справи, State Security Records, Poltava - 1942-1950_Р-9106-10-498-576_1942–1949)"" does not single out one of 79 candidate files"
copy-ambiguous,file,https://www.familysearch.org/en/records/images/search-results?imageGroupNumbers=108481471,"parsed ""ДАПО-(Р-9106-9-5073-5148+++Р-9106-9-5073-5148+++Фільтраційні справи, State Security Records, Poltava - 1942-1950_Р-9106-9-5073-5148_1942–1949)"" does not single out one of 76 candidate files"
copy-ambiguous,file,https://www.familysearch.org/en/records/images/search-results?imageGroupNumbers=108481472,"parsed ""ДАПО-(Р-9106-9-5006-5072+++Р-9106-9-5006-5072+++Фільтраційні справи, State Security Records, Poltava - 1942-1950_Р-9106-9-5006-5072_1942–1949)"" does not single out one of 67 candidate files"
copy-ambiguous,file,https://www.familysearch.org/en/records/images/search-results?imageGroupNumbers=108481473,"parsed ""ДАПО-(Р-9106-9-6683-6760+++Р-9106-9-6683-6760+++Фільтраційні справи, State Security Records, Poltava - 1942-1950_Р-9106-9-6683-6760_1942–1949)"" does not single out one of 78 candidate files"
copy-ambiguous,file,https://www.familysearch.org/en/records/images/search-results?imageGroupNumbers=108481474,"parsed ""ДАПО-(Р-9106-9-5898-5966+++Р-9106-9-5898-5966+++Фільтраційні справи, State Security Records, Poltava - 1942-1950_Р-9106-9-5898-5966_1942–1949)"" does not single out one of 69 candidate files"
copy-ambiguous,file,https://www.familysearch.org/en/records/images/search-results?imageGroupNumbers=108481475,"parsed ""ДАПО-(Р-9106-9-6606-6681+++Р-9106-9-6606-6681+++Фільтраційні справи, State Security Records, Poltava - 1942-1950_Р-9106-9-6606-6681_1942–1949)"" does not single out one of 76 candidate files"
copy-ambiguous,file,https://www.familysearch.org/en/records/images/search-results?imageGroupNumbers=108481476,"parsed ""ДАПО-(Р-9106-9-8323-8393+++Р-9106-9-8323-8393+++Фільтраційні справи, State Security Records, Poltava - 1942-1950_Р-9106-9-8323-8393_1942–1949)"" does not single out one of 71 candidate files"
copy-ambiguous,file,https://www.familysearch.org/en/records/images/search-results?imageGroupNumbers=108481477,"parsed ""ДАПО-(Р-9106-9-7606-7669+++Р-9106-9-7606-7669+++Фільтраційні справи, State Security Records, Poltava - 1942-1950_Р-9106-9-7606-7669_1942–1949)"" does not single out one of 64 candidate files"
copy-ambiguous,file,https://www.familysearch.org/en/records/images/search-results?imageGroupNumbers=108481478,"parsed ""ДАПО-(Р-9106-9-7415-7471+++Р-9106-9-7415-7471+++Фільтраційні справи, State Security Records, Poltava - 1942-1950_Р-9106-9-7415-7471_1942–1949)"" does not single out one of 57 candidate files"
copy-ambiguous,file,https://www.familysearch.org/en/records/images/search-results?imageGroupNumbers=108481479,"parsed ""ДАПО-(Р-9106-9-8253-8321+++Р-9106-9-8253-8321+++Фільтраційні справи, State Security Records, Poltava - 1942-1950_Р-9106-9-8253-8321_1942–1949)"" does not single out one of 69 candidate files"
copy-ambiguous,file,https://www.familysearch.org/en/records/images/search-results?imageGroupNumbers=108481480,"parsed ""ДАПО-(Р-9106-9-9670-9748+++Р-9106-9-9670-9748+++Фільтраційні справи, State Security Records, Poltava - 1942-1950_Р-9106-9-9670-9748_1942–1949)"" does not single out one of 79 candidate files"
copy-ambiguous,file,https://www.familysearch.org/en/records/images/search-results?imageGroupNumbers=108481481,"parsed ""ДАПО-(Р-9106-9-10394-10460+++Р-9106-9-10394-10460+++Фільтраційні справи, State Security Records, Poltava - 1942-1950_Р-9106-9-10394-10460_1942–1949)"" does not single out one of 67 candidate files"
copy-ambiguous,file,https://www.familysearch.org/en/records/images/search-results?imageGroupNumbers=108481482,"parsed ""ДАПО-(Р-9106-9-10461-10530+++Р-9106-9-10461-10530+++Фільтраційні справи, State Security Records, Poltava - 1942-1950_Р-9106-9-10461-10530_1942–1949)"" does not single out one of 70 candidate files"
copy-ambiguous,file,https://www.familysearch.org/en/records/images/search-results?imageGroupNumbers=108481483,"parsed ""ДАПО-(Р-9106-9-9030-9100+++Р-9106-9-9030-9100+++Фільтраційні справи, State Security Records, Poltava - 1942-1950_Р-9106-9-9030-9100_1942–1949)"" does not single out one of 71 candidate files"
copy-ambiguous,file,https://www.familysearch.org/en/records/images/search-results?imageGroupNumbers=108481484,"parsed ""ДАПО-(Р-9106-10-414-497+++Р-9106-10-414-497+++Фільтраційні справи, State Security Records, Poltava - 1942-1950_Р-9106-10-414-497_1942–1949)"" does not single out one of 84 candidate files"
copy-ambiguous,file,https://www.familysearch.org/en/records/images/search-results?imageGroupNumbers=108481485,"parsed ""ДАПО-(Р-9106-9-8945-9029+++Р-9106-9-8945-9029+++Фільтраційні справи, State Security Records, Poltava - 1942-1950_Р-9106-9-8945-9029_1942–1949)"" does not single out one of 85 candidate files"
copy-ambiguous,file,https://www.familysearch.org/en/records/images/search-results?imageGroupNumbers=108481486,"parsed ""ДАПО-(Р-9106-9-8550-8620+++Р-9106-9-8550-8620+++фільтраційні справи, State Security Records, Poltava - 1942-1950_Р-9106-9-8550-8620_прибл. 1945–1949)"" does not single out one of 71 candidate files"
copy-ambiguous,file,https://www.familysearch.org/en/records/images/search-results?imageGroupNumbers=108489743,"parsed ""ДАПО-(Р-9106-9-10531-10600+++Р-9106-9-10531-10600+++Фільтраційні справи, State Security Records, Poltava - 1942-1950_Р-9106-9-10531-10600_прибл. 1945–1949)"" does not single out one of 70 candidate files"
copy-ambiguous,file,https://www.familysearch.org/en/records/images/search-results?imageGroupNumbers=108494706,"parsed ""ДАПО-(р-9106-10-6557-6652+++р-9106-10-6557-6652+++Фільтраційні справи, State Security Records, Poltava - 1942-1950_р-9106-10-6557-6652_1942–1949)"" does not single out one of 96 candidate files"
copy-ambiguous,file,https://www.familysearch.org/en/records/images/search-results?imageGroupNumbers=108494707,"parsed ""ДАПО-(р-9106-10-5905-5972+++р-9106-10-5905-5972+++Фільтраційні справи, State Security Records, Poltava - 1942-1950_р-9106-10-5905-5972_1942–1949)"" does not single out one of 68 candidate files"
copy-ambiguous,file,https://www.familysearch.org/en/records/images/search-results?imageGroupNumbers=108494708,"parsed ""ДАПО-(р-9106-9-10333-10393+++р-9106-9-10333-10393+++Фільтраційні справи, State Security Records, Poltava - 1942-1950_р-9106-9-10333-10393_1942–1949)"" does not single out one of 61 candidate files"
copy-ambiguous,file,https://www.familysearch.org/en/records/images/search-results?imageGroupNumbers=108494709,"parsed ""ДАПО-(р-9106-10-269-335+++р-9106-10-269-335+++Фільтраційні справи, State Security Records, Poltava - 1942-1950_р-9106-10-269-335_1942–1949)"" does not single out one of 67 candidate files"
copy-ambiguous,file,https://www.familysearch.org/en/records/images/search-results?imageGroupNumbers=108494712,"parsed ""ДАПО-(р-9106-10-3061-3126+++р-9106-10-3061-3126+++Фільтраційні справи, State Security Records, Poltava - 1942-1950_р-9106-10-3061-3126_1942–1949)"" does not single out one of 66 candidate files"
copy-ambiguous,file,https://www.familysearch.org/en/records/images/search-results?imageGroupNumbers=108494713,"parsed ""ДАПО-(р-9106-10-2138-2216+++р-9106-10-2138-2216+++Фільтраційні справи, State Security Records, Poltava - 1942-1950_р-9106-10-2138-2216_1942–1949)"" does not single out one of 79 candidate files"
copy-ambiguous,file,https://www.familysearch.org/en/records/images/search-results?imageGroupNumbers=108494714,"parsed ""ДАПО-(р-9106-10-4001-4066+++р-9106-10-4001-4066+++Фільтраційні справи, State Security Records, Poltava - 1942-1950_р-9106-10-4001-4066_1942–1949)"" does not single out one of 66 candidate files"
copy-ambiguous,file,https://www.familysearch.org/en/records/images/search-results?imageGroupNumbers=108494715,"parsed ""ДАПО-(р-9106-10-5385-5447+++р-9106-10-5385-5447+++Фільтраційні справи, State Security Records, Poltava - 1942-1950_р-9106-10-5385-5447_1942–1949)"" does not single out one of 63 candidate files"
copy-ambiguous,file,https://www.familysearch.org/en/records/images/search-results?imageGroupNumbers=108494716,"parsed ""ДАПО-(р-9106-10-336-410+++р-9106-10-336-410+++Фільтраційні справи, State Security Records, Poltava - 1942-1950_р-9106-10-336-410_1942–1949)"" does not single out one of 75 candidate files"
copy-ambiguous,file,https://www.familysearch.org/en/records/images/search-results?imageGroupNumbers=108494717,"parsed ""ДАПО-(р-9106-10-5973-6045+++р-9106-10-5973-6045+++Фільтраційні справи, State Security Records, Poltava - 1942-1950_р-9106-10-5973-6045_1942–1949)"" does not single out one of 73 candidate files"
copy-ambiguous,file,https://www.familysearch.org/en/records/images/search-results?imageGroupNumbers=108494718,"parsed ""ДАПО-(р-9106-10-1436-1506+++р-9106-10-1436-1506+++Фільтраційні справи, State Security Records, Poltava - 1942-1950_р-9106-10-1436-1506_1942–1949)"" does not single out one of 71 candidate files"
copy-ambiguous,file,https://www.familysearch.org/en/records/images/search-results?imageGroupNumbers=108494719,"parsed ""ДАПО-(Р-9106-10-2987-3060+++Р-9106-10-2987-3060+++Фільтраційні справи, State Security Records, Poltava - 1942-1950_Р-9106-10-2987-3060_1942–1949)"" does not single out one of 124 candidate files"
copy-ambiguous,file,https://www.familysearch.org/en/records/images/search-results?imageGroupNumbers=108494720,"parsed ""ДАПО-(р-9106-10-1507-1602+++р-9106-10-1507-1602+++Фільтраційні справи, State Security Records, Poltava - 1942-1950_р-9106-10-1507-1602_1942–1949)"" does not single out one of 96 candidate files"
copy-ambiguous,file,https://www.familysearch.org/en/records/images/search-results?imageGroupNumbers=108494721,"parsed ""ДАПО-(р-9106-10-2061-2137+++р-9106-10-2061-2137+++Фільтраційні справи, State Security Records, Poltava - 1942-1950_р-9106-10-2061-2137_1942–1949)"" does not single out one of 77 candidate files"
copy-ambiguous,file,https://www.familysearch.org/en/records/images/search-results?imageGroupNumbers=108494722,"parsed ""ДАПО-(р-9106-10-4067-4137+++р-9106-10-4067-4137+++Фільтраційні справи, State Security Records, Poltava - 1942-1950_р-9106-10-4067-4137_1942–1949)"" does not single out one of 71 candidate files"
copy-ambiguous,file,https://www.familysearch.org/en/records/images/search-results?imageGroupNumbers=108494723,"parsed ""ДАПО-(Р-9106-10-4801-4874+++Р-9106-10-4801-4874+++Фільтраційні справи, State Security Records, Poltava - 1942-1950_Р-9106-10-4801-4874 _1942–1949)"" does not single out one of 74 candidate files"
copy-ambiguous,file,https://www.familysearch.org/en/records/images/search-results?imageGroupNumbers=108494724,"parsed ""ДАПО-(р-9106-10-5317-5383+++р-9106-10-5317-5383+++Фільтраційні справи, State Security Records, Poltava - 1942-1950_р-9106-10-5317-5383_1942–1949)"" does not single out one of 67 candidate files"
copy-ambiguous,file,https://www.familysearch.org/en/records/images/search-results?imageGroupNumbers=108494725,"parsed ""ДАПО-(р-9106-10-4732-4800+++р-9106-10-4732-4800+++Фільтраційні справи, State Security Records, Poltava - 1942-1950_р-9106-10-4732-4800_1942–1949)"" does not single out one of 69 candidate files"
copy-ambiguous,file,https://www.familysearch.org/en/records/images/search-results?imageGroupNumbers=108494746,"parsed ""ДАПО-(Р-9106-10-142-208+++Р-9106-10-142-208+++Фільтраційні справи, State Security Records, Poltava - 1942-1950_Р-9106-10-142-208_1945–1949)"" does not single out one of 67 candidate files"
copy-ambiguous,file,https://www.familysearch.org/en/records/images/search-results?imageGroupNumbers=108494747,"parsed ""ДАПО-(Р-9106-10-650-705+++Р-9106-10-650-705+++Фільтраційні справи, State Security Records, Poltava - 1942-1950_Р-9106-10-650-705_1945–1949)"" does not single out one of 56 candidate files"
copy-ambiguous,file,https://www.familysearch.org/en/records/images/search-results?imageGroupNumbers=108494748,"parsed ""ДАПО-(Р-9106-9-10601-10673+++Р-9106-9-10601-10673+++Фільтраційні справи, State Security Records, Poltava - 1942-1950_Р-9106-9-10601-10673_1945–1949)"" does not single out one of 73 candidate files"
copy-ambiguous,file,https://www.familysearch.org/en/records/images/search-results?imageGroupNumbers=108494749,"parsed ""ДАПО-(Р-9106-10-1195-1281+++Р-9106-10-1195-1281+++Фільтраційні справи, State Security Records, Poltava - 1942-1950_Р-9106-10-1195-1281_1945–1949)"" does not single out one of 87 candidate files"
copy-ambiguous,file,https://www.familysearch.org/en/records/images/search-results?imageGroupNumbers=108494750,"parsed ""ДАПО-(Р-9106-10-7151-7219+++Р-9106-10-7151-7219+++Фільтраційні справи, State Security Records, Poltava - 1942-1950_Р-9106-10-7151-7219_1945–1949)"" does not single out one of 69 candidate files"
copy-ambiguous,file,https://www.familysearch.org/en/records/images/search-results?imageGroupNumbers=108494751,"parsed ""ДАПО-(Р-9106-10-1847-1921+++Р-9106-10-1847-1921+++Фільтраційні справи, State Security Records, Poltava - 1942-1950_Р-9106-10-1847-1921_1945–1949)"" does not single out one of 75 candidate files"
copy-ambiguous,file,https://www.familysearch.org/en/records/images/search-results?imageGroupNumbers=108494752,"parsed ""ДАПО-(Р-9106-10-577-649+++Р-9106-10-577-649+++Фільтраційні справи, State Security Records, Poltava - 1942-1950_Р-9106-10-577-649_1945–1949)"" does not single out one of 73 candidate files"
copy-ambiguous,file,https://www.familysearch.org/en/records/images/search-results?imageGroupNumbers=108494753,"parsed ""ДАПО-(Р-9106-10-708-773+++Р-9106-10-708-773+++Фільтраційні справи, State Security Records, Poltava - 1942-1950_Р-9106-10-708-773_1945–1949)"" does not single out one of 66 candidate files"
copy-ambiguous,file,https://www.familysearch.org/en/records/images/search-results?imageGroupNumbers=108494754,"parsed ""ДАПО-(Р-9106-10-3412-3493+++Р-9106-10-3412-3493+++Фільтраційні справи, State Security Records, Poltava - 1942-1950_Р-9106-10-3412-3493_1945–1949)"" does not single out one of 82 candidate files"
copy-ambiguous,file,https://www.familysearch.org/en/records/images/search-results?imageGroupNumbers=108494755,"parsed ""ДАПО-(Р-9106-10-2603-2674+++Р-9106-10-2603-2674+++Фільтраційні справи, State Security Records, Poltava - 1942-1950_Р-9106-10-2603-2674_1945–1949)"" does not single out one of 72 candidate files"
copy-ambiguous,file,https://www.familysearch.org/en/records/images/search-results?imageGroupNumbers=108494756,"parsed ""ДАПО-(Р-9106-9-10674-10703+++Р-9106-9-10674-10703+++Фільтраційні справи, State Security Records, Poltava - 1942-1950_Р-9106-9-10674-10703_1945–1949)"" does not single out one of 30 candidate files"
copy-ambiguous,file,https://www.familysearch.org/en/records/images/search-results?imageGroupNumbers=108494757,"parsed ""ДАПО-(Р-9106-10-3775-3833+++Р-9106-10-3775-3833+++Фільтраційні справи, State Security Records, Poltava - 1942-1950_Р-9106-10-3775-3833_1945–1949)"" does not single out one of 59 candidate files"
copy-ambiguous,file,https://www.familysearch.org/en/records/images/search-results?imageGroupNumbers=108494758,"parsed ""ДАПО-(Р-9106-10-4532-4596+++Р-9106-10-4532-4596+++Фільтраційні справи, State Security Records, Poltava - 1942-1950_Р-9106-10-4532-4596_1945–1949)"" does not single out one of 65 candidate files"
copy-ambiguous,file,https://www.familysearch.org/en/records/images/search-results?imageGroupNumbers=108494759,"parsed ""ДАПО-(Р-9106-10-5082-5160+++Р-9106-10-5082-5160+++Фільтраційні справи, State Security Records, Poltava - 1942-1950_Р-9106-10-5082-5160_1945–1949)"" does not single out one of 79 candidate files"
copy-ambiguous,file,https://www.familysearch.org/en/records/images/search-results?imageGroupNumbers=108494760,"parsed ""ДАПО-(Р-9106-10-209-268+++Р-9106-10-209-268+++фільтраційні справи, State Security Records, Poltava - 1942-1950_Р-9106-10-209-268_1945–1949)"" does not single out one of 60 candidate files"
copy-ambiguous,file,https://www.familysearch.org/en/records/images/search-results?imageGroupNumbers=108494761,"parsed ""ДАПО-(Р-9106-10-3702-3774+++Р-9106-10-3702-3774+++Фільтраційні справи, State Security Records, Poltava - 1942-1950_Р-9106-10-3702-3774_1945–1949)"" does not single out one of 73 candidate files"
copy-ambiguous,file,https://www.familysearch.org/en/records/images/search-results?imageGroupNumbers=108494762,"parsed ""ДАПО-(Р-9106-10-2528-2602+++Р-9106-10-2528-2602+++Фільтраційні справи, State Security Records, Poltava - 1942-1950_Р-9106-10-2528-2602_1945–1949)"" does not single out one of 75 candidate files"
copy-ambiguous,file,https://www.familysearch.org/en/records/images/search-results?imageGroupNumbers=108494763,"parsed ""ДАПО-(Р-9106-10-1119-1192+++Р-9106-10-1119-1192+++Фільтраційні справи, State Security Records, Poltava - 1942-1950_Р-9106-10-1119-1192_1945–1949)"" does not single out one of 74 candidate files"
copy-ambiguous,file,https://www.familysearch.org/en/records/images/search-results?imageGroupNumbers=108494764,"parsed ""ДАПО-(Р-9106-10-5690-5762+++Р-9106-10-5690-5762+++Фільтраційні справи, State Security Records, Poltava - 1942-1950_Р-9106-10-5690-5762_1945–1949)"" does not single out one of 73 candidate files"
copy-ambiguous,file,https://www.familysearch.org/en/records/images/search-results?imageGroupNumbers=108494765,"parsed ""ДАПО-(Р-9106-10-1750-1846+++Р-9106-10-1750-1846+++Фільтраційні справи, State Security Records, Poltava - 1942-1950_Р-9106-10-1750-1846_1945–1949)"" does not single out one of 97 candidate files"
copy-ambiguous,file,https://www.familysearch.org/en/records/images/search-results?imageGroupNumbers=108494766,"parsed ""ДАПО-(Р-9106-10-3344-3409+++Р-9106-10-3344-3409+++Фільтраційні справи, State Security Records, Poltava - 1942-1950_Р-9106-10-3344-3409_1945–1949)"" does not single out one of 66 candidate files"
copy-ambiguous,file,https://www.familysearch.org/en/records/images/search-results?imageGroupNumbers=108494767,"parsed ""ДАПО-(Р-9106-10-6931-7005+++Р-9106-10-6931-7005+++Фільтраційні справи, State Security Records, Poltava - 1942-1950_Р-9106-10-6931-7005_1945–1949)"" does not single out one of 75 candidate files"
copy-ambiguous,file,https://www.familysearch.org/en/records/images/search-results?imageGroupNumbers=108494768,"parsed ""ДАПО-(Р-9106-10-2762-2839+++Р-9106-10-2762-2839+++Фільтраційні справи, State Security Records, Poltava - 1942-1950_Р-9106-10-2762-2839_1945–1949)"" does not single out one of 78 candidate files"
copy-ambiguous,file,https://www.familysearch.org/en/records/images/search-results?imageGroupNumbers=108494769,"parsed ""ДАПО-(Р-9106-10-2677-2761+++Р-9106-10-2677-2761+++Фільтраційні справи, State Security Records, Poltava - 1942-1950_Р-9106-10-2677-2761_1945–1949)"" does not single out one of 85 candidate files"
copy-ambiguous,file,https://www.familysearch.org/en/records/images/search-results?imageGroupNumbers=108494770,"parsed ""ДАПО-(Р-9106-10-3494-3565+++Р-9106-10-3494-3565+++Фільтраційні справи, State Security Records, Poltava - 1942-1950_Р-9106-10-3494-3565_1945–1949)"" does not single out one of 72 candidate files"
copy-ambiguous,file,https://www.familysearch.org/en/records/images/search-results?imageGroupNumbers=108494771,"parsed ""ДАПО-(Р-9106-10-3279-3343+++Р-9106-10-3279-3343+++Фільтраційні справи, State Security Records, Poltava - 1942-1950_Р-9106-10-3279-3343_1945–1949)"" does not single out one of 65 candidate files"
copy-ambiguous,file,https://www.familysearch.org/en/records/images/search-results?imageGroupNumbers=108494772,"parsed ""ДАПО-(Р-9106-10-4311-4382+++Р-9106-10-4311-4382+++Фільтраційні справи, State Security Records, Poltava - 1942-1950_Р-9106-10-4311-4382_1945–1949)"" does not single out one of 72 candidate files"
copy-ambiguous,file,https://www.familysearch.org/en/records/images/search-results?imageGroupNumbers=108494773,"parsed ""ДАПО-(Р-9106-10-4458-4531+++Р-9106-10-4458-4531+++Фільтраційні справи, State Security Records, Poltava - 1942-1950_Р-9106-10-4458-4531_1945–1949)"" does not single out one of 74 candidate files"
copy-ambiguous,file,https://www.familysearch.org/en/records/images/search-results?imageGroupNumbers=108494774,"parsed ""ДАПО-(Р-9106-10-4383-4455+++Р-9106-10-4383-4455+++Фільтраційні справи, State Security Records, Poltava - 1942-1950_Р-9106-10-4383-4455_1945–1949)"" does not single out one of 73 candidate files"
copy-ambiguous,file,https://www.familysearch.org/en/records/images/search-results?imageGroupNumbers=108494775,"parsed ""ДАПО-(Р-9106-10-6249-6318+++Р-9106-10-6249-6318+++Фільтраційні справи, State Security Records, Poltava - 1942-1950_Р-9106-10-6249-6318_1945–1949)"" does not single out one of 70 candidate files"
copy-ambiguous,file,https://www.familysearch.org/en/records/images/search-results?imageGroupNumbers=108494776,"parsed ""ДАПО-(Р-9106-10-5019-5080+++Р-9106-10-5019-5080+++Фільтраційні справи, Sta e Security Records, Poltava - 1942-1950_Р-9106-10-5019-5080_1945–1949)"" does not single out one of 62 candidate files"
copy-ambiguous,file,https://www.familysearch.org/en/records/images/search-results?imageGroupNumbers=108494777,"parsed ""ДАПО-(Р-9106-10-6183-6248+++Р-9106-10-6183-6248+++Фільтраційні справи, State Security Records, Poltava - 1942-1950_Р-9106-10-6183-6248_1945–1949)"" does not single out one of 66 candidate files"
copy-ambiguous,file,https://www.familysearch.org/en/records/images/search-results?imageGroupNumbers=108494778,"parsed ""ДАПО-(Р-9106-10-7006-7080+++Р-9106-10-7006-7080+++Фільтраційні справи, State Security Records, Poltava - 1942-1950_Р9106-10-7006-7080_1945–1949)"" does not single out one of 75 candidate files"
copy-ambiguous,file,https://www.familysearch.org/en/records/images/search-results?imageGroupNumbers=108494779,"parsed ""ДАПО-(Р-9106-10-6874-6930+++Р-9106-10-6874-6930+++Фільтраційні справи, State Security Records, Poltava - 1942-1950_Р-9106-10-6874-6930_1945–1949)"" does not single out one of 57 candidate files"
copy-ambiguous,file,https://www.familysearch.org/en/records/images/search-results?imageGroupNumbers=108494780,"parsed ""ДАПО-(Р-9106-10-6801-6871+++Р-9106-10-6801-6871+++Фільтраційні справи, State Security Records, Poltava - 1942-1950_Р-9106-10-6801-6871_1945–1949)"" does not single out one of 71 candidate files"
copy-ambiguous,file,https://www.familysearch.org/en/records/images/search-results?imageGroupNumbers=108494781,"parsed ""ДАПО-(Р-9106-10-6322-6404+++Р-9106-10-6322-6404+++Фільтраційні справи, State Security Records, Poltava - 1942-1950_Р-9106-10-6322-6404_1942–1949)"" does not single out one of 83 candidate files"
copy-ambiguous,file,https://www.familysearch.org/en/records/images/search-results?imageGroupNumbers=108494782,"parsed ""ДАПО-(Р-9106-10-6406-6467+++Р-9106-10-6406-6467+++Фільтраційні справи, State Security Records, Poltava - 1942-1950_Р-9106-10-6406-6467_1942–1949)"" does not single out one of 62 candidate files"
copy-ambiguous,file,https://www.familysearch.org/en/records/images/search-results?imageGroupNumbers=108494783,"parsed ""ДАПО-(Р-9106-10-1605-1664+++Р-9106-10-1605-1664+++Фільтраційні справи, State Security Records, Poltava - 1942-1950_Р-9106-10-1605-1664_1942–1949)"" does not single out one of 60 candidate files"
copy-ambiguous,file,https://www.familysearch.org/en/records/images/search-results?imageGroupNumbers=108494784,"parsed ""ДАПО-(Р-9106-10-7494-7570+++Р-9106-10-7494-7570+++Фільтраційні справи, State Security Records, Poltava - 1942-1950_Р-9106-10-7494-7570_1942–1949)"" does not single out one of 77 candidate files"
copy-ambiguous,file,https://www.familysearch.org/en/records/images/search-results?imageGroupNumbers=108494785,"parsed ""ДАПО-(Р-9106-10-1666-1749+++Р-9106-10-1666-1749+++Фільтраційні справи, State Security Records, Poltava - 1942-1950_Р-9106-10-1666-1749_1942–1949)"" does not single out one of 84 candidate files"
copy-ambiguous,file,https://www.familysearch.org/en/records/images/search-results?imageGroupNumbers=108494786,"parsed ""ДАПО-(Р-9106-10-2217-2290+++Р-9106-10-2217-2290+++Фільтраційні справи, State Security Records, Poltava - 1942-1950_Р-9106-10-2217-2290_1942–1949)"" does not single out one of 74 candidate files"
copy-ambiguous,file,https://www.familysearch.org/en/records/images/search-results?imageGroupNumbers=108494787,"parsed ""ДАПО-(Р-9106-10-2293-2368+++Р-9106-10-2293-2368+++Фільтраційні справи, State Security Records, Poltava - 1942-1950_Р-9106-10-2293-2368_1942–1949)"" does not single out one of 76 candidate files"
copy-ambiguous,file,https://www.familysearch.org/en/records/images/search-results?imageGroupNumbers=108494788,"parsed ""ДАПО-(Р-9106-10-3127-3199+++Р-9106-10-3127-3199+++Фільтраційні справи, State Security Records, Poltava - 1942-1950_Р-9106-10-3127-3199_1942–1949)"" does not single out one of 73 candidate files"
copy-ambiguous,file,https://www.familysearch.org/en/records/images/search-results?imageGroupNumbers=108494789,"parsed ""ДАПО-(Р-9106-10-3566-3631+++Р-9106-10-3566-3631+++Фільтраційні справи, State Security Records, Poltava - 1942-1950_Р-9106-10-3566-3631_1942–1949)"" does not single out one of 66 candidate files"
copy-ambiguous,file,https://www.familysearch.org/en/records/images/search-results?imageGroupNumbers=108494790,"parsed ""ДАПО-(Р-9106-10-2450-2525+++Р-9106-10-2450-2525+++Фільтраційні справи, State Security Records, Poltava - 1942-1950_Р-9106-10-2450-2525_1942–1949)"" does not single out one of 76 candidate files"
copy-ambiguous,file,https://www.familysearch.org/en/records/images/search-results?imageGroupNumbers=108494791,"parsed ""ДАПО-(Р-9106-10-4875-4947+++Р-9106-10-4875-4947+++Фільтраційні справи, State Security Records, Poltava - 1942-1950_Р-9106-10-4875-4947_1942–1949)"" does not single out one of 73 candidate files"
copy-ambiguous,file,https://www.familysearch.org/en/records/images/search-results?imageGroupNumbers=108494792,"parsed ""ДАПО-(Р-9106-10-2370-2448+++Р-9106-10-2370-2448+++Фільтраційні справи, State Security Records, Poltava - 1942-1950_Р-9106-10-2370-2448_1942–1949)"" does not single out one of 79 candidate files"
copy-ambiguous,file,https://www.familysearch.org/en/records/images/search-results?imageGroupNumbers=108494793,"parsed ""ДАПО-(Р-9106-10-4138-4207+++Р-9106-10-4138-4207+++Фільтраційні справи, State Security Records, Poltava - 1942-1950_Р-9106-10-4138-4207_1942–1949)"" does not single out one of 70 candidate files"
copy-ambiguous,file,https://www.familysearch.org/en/records/images/search-results?imageGroupNumbers=108494794,"parsed ""ДАПО-(Р-9106-10-4951-5018+++Р-9106-10-4951-5018+++Фільтраційні справи, State Security Records, Poltava - 1942-1950_Р-9106-10-4951-5018_1942–1949)"" does not single out one of 68 candidate files"
copy-ambiguous,file,https://www.familysearch.org/en/records/images/search-results?imageGroupNumbers=108494795,"parsed ""ДАПО-(Р-9106-10-6117-6182+++Р-9106-10-6117-6182+++Фільтраційні справи, State Security Records, Poltava - 1942-1950_Р-9106-10-6117-6182_1942–1949)"" does not single out one of 66 candidate files"
copy-ambiguous,file,https://www.familysearch.org/en/records/images/search-results?imageGroupNumbers=108494796,"parsed ""ДАПО-(Р-9106-10-3200-3278+++Р-9106-10-3200-3278+++Фільтраційні справи, State Security Records, Poltava - 1942-1950_Р-9106-10-3200-3278_1942–1949)"" does not single out one of 79 candidate files"
copy-ambiguous,file,https://www.familysearch.org/en/records/images/search-results?imageGroupNumbers=108494797,"parsed ""ДАПО-(Р-9106-10-5524-5606+++Р-9106-10-5524-5606+++Фільтраційні справи, State Security Records, Poltava - 1942-1950_Р-9106-10-5524-5606_1942–1949)"" does not single out one of 83 candidate files"
copy-ambiguous,file,https://www.familysearch.org/en/records/images/search-results?imageGroupNumbers=108494798,"parsed ""ДАПО-(Р-9106-10-3632-3701+++Р-9106-10-3632-3701+++Фільтраційні справи, State Security Records, Poltava - 1942-1950_Р-9106-10-3632-3701_1942–1949)"" does not single out one of 70 candidate files"
copy-ambiguous,file,https://www.familysearch.org/en/records/images/search-results?imageGroupNumbers=108494799,"parsed ""ДАПО-(Р-9106-10-6048-6116+++Р-9106-10-6048-6116+++Фільтраційні справи, State Security Records, Poltava - 1942-1950_Р-9106-10-6048-6116_1942–1949)"" does not single out one of 69 candidate files"
copy-ambiguous,file,https://www.familysearch.org/en/records/images/search-results?imageGroupNumbers=108494800,"parsed ""ДАПО-(Р-9106-10-4208-4308+++Р-9106-10-4208-4308+++Фільтраційні справи, State Security Records, Poltava - 1942-1950_Р-9106-10-4208-4308_1942–1949)"" does not single out one of 101 candidate files"
copy-ambiguous,file,https://www.familysearch.org/en/records/images/search-results?imageGroupNumbers=108494801,"parsed ""ДАПО-(Р-9106-10-5448-5523+++Р-9106-10-5448-5523+++Фільтраційні справи, State Security Records, Poltava - 1942-1950_Р-9106-10-5448-5523_1942–1949)"" does not single out one of 76 candidate files"
copy-ambiguous,file,https://www.familysearch.org/en/records/images/search-results?imageGroupNumbers=108505005,"parsed ""ДАПО-(р-9106-10-8987-9124+++р-9106-10-8987-9124+++Фільтраційні справи, State Security Records, Poltava - 1942-1950_р-9106-10-8987-9124_1942–1949)"" does not single out one of 138 candidate files"
copy-ambiguous,file,https://www.familysearch.org/en/records/images/search-results?imageGroupNumbers=108505006,"parsed ""ДАПО-(р-9106-10-8463-8539+++р-9106-10-8463-8539+++Фільтраційні справи, State Security Records, Poltava - 1942-1950_р-9106-10-8463-8539_1942–1949)"" does not single out one of 77 candidate files"
copy-ambiguous,file,https://www.familysearch.org/en/records/images/search-results?imageGroupNumbers=108505007,"parsed ""ДАПО-(р-9106-10-7356-7416+++р-9106-10-7356-7416+++Фільтраційні справи, State Security Records, Poltava - 1942-1950_р-9106-10-7356-7416_1942–1949)"" does not single out one of 61 candidate files"
copy-ambiguous,file,https://www.familysearch.org/en/records/images/search-results?imageGroupNumbers=108505008,"parsed ""ДАПО-(р-9106-10-7897-7971+++р-9106-10-7897-7971+++Фільтраційні справи, State Security Records, Poltava - 1942-1950_р-9106-10-7897-7971_1942–1949)"" does not single out one of 75 candidate files"
copy-ambiguous,file,https://www.familysearch.org/en/records/images/search-results?imageGroupNumbers=108505009,"parsed ""ДАПО-(р-9106-10-6477-6556+++р-9106-10-6477-6556+++Фільтраційні справи, State Security Records, Poltava - 1942-1950_р-9106-10-6477-6556_1942–1949)"" does not single out one of 80 candidate files"
copy-ambiguous,file,https://www.familysearch.org/en/records/images/search-results?imageGroupNumbers=108505010,"parsed ""ДАПО-(р-9106-10-7417-7492+++р-9106-10-7417-7492+++Фільтраційні справи, State Security Records, Poltava - 1942-1950_р-9106-10-7417-7492_1942–1949)"" does not single out one of 76 candidate files"
copy-ambiguous,file,https://www.familysearch.org/en/records/images/search-results?imageGroupNumbers=108505011,"parsed ""ДАПО-(р-9106-10-7974-8046+++р-9106-10-7974-8046+++Фільтраційні справи, State Security Records, Poltava - 1942-1950_р-9106-10-7974-8046_1942–1949)"" does not single out one of 73 candidate files"
copy-ambiguous,file,https://www.familysearch.org/en/records/images/search-results?imageGroupNumbers=108505012,"parsed ""ДАПО-(р-9106-10-8540-8690+++р-9106-10-8540-8690+++Фільтраційні справи, State Security Records, Poltava - 1942-1950_р-9106-10-8540-8690_1942–1949)"" does not single out one of 151 candidate files"
copy-ambiguous,file,https://www.familysearch.org/en/records/images/search-results?imageGroupNumbers=108505018,"parsed ""ДАПО-(Р-9106-10-8047-8115+++Р-9106-10-8047-8115+++Фільтраційні справи, State Security Records, Poltava - 1942-1950_Р-9106-10-8047-8115_1945–1949)"" does not single out one of 69 candidate files"
copy-ambiguous,file,https://www.familysearch.org/en/records/images/search-results?imageGroupNumbers=108505019,"parsed ""ДАПО-(Р-9106-10-7081-7150+++Р-9106-10-7081-7150+++фільтраційні справи, State Security Records, Poltava - 1942-1950_Р-9106-10-7081-7150_1945–1949)"" does not single out one of 70 candidate files"
copy-ambiguous,file,https://www.familysearch.org/en/records/images/search-results?imageGroupNumbers=108505020,"parsed ""ДАПО-(Р-9106-10-7571-7635+++Р-9106-10-7571-7635+++Фільтраційні справи, State Security Records, Poltava - 1942-1950_Р-9106-10-7571-7635_1945–1949)"" does not single out one of 65 candidate files"
copy-ambiguous,file,https://www.familysearch.org/en/records/images/search-results?imageGroupNumbers=108505021,"parsed ""ДАПО-(Р-9106-10-7694-7758+++Р-9106-10-7694-7758+++фільтраційні справи, State Security Records, Poltava - 1942-1950_Р-9106-10-7694-7758_1945–1949)"" does not single out one of 65 candidate files"
copy-ambiguous,file,https://www.familysearch.org/en/records/images/search-results?imageGroupNumbers=108505022,"parsed ""ДАПО-(Р-9106-10-9278-9436+++Р-9106-10-9278-9436+++Фільтраційні справи, State Security Records, Poltava - 1942-1950_Р-9106-10-9278-9436_1945–1949)"" does not single out one of 159 candidate files"
copy-ambiguous,file,https://www.familysearch.org/en/records/images/search-results?imageGroupNumbers=108505023,"parsed ""ДАПО-(Р-9106-10-8268-8335+++Р-9106-10-8268-8335+++Фільтраційні справи, State Security Records, Poltava - 1942-1950_Р-9106-10-8268-8335_1945–1949)"" does not single out one of 68 candidate files"
copy-ambiguous,file,https://www.familysearch.org/en/records/images/search-results?imageGroupNumbers=108505024,"parsed ""ДАПО-(Р-9106-10-8116-8196+++Р-9106-10-8116-8196+++Фільтраційні справи, State Security Records, Poltava - 1942-1950_Р-9106-10-8116-8196_1945–1949)"" does not single out one of 81 candidate files"
copy-ambiguous,file,https://www.familysearch.org/en/records/images/search-results?imageGroupNumbers=108505025,"parsed ""ДАПО-(Р-9106-10-8692-8827+++Р-9106-10-8692-8827+++фільтраційні справи, State Security Records, Poltava - 1942-1950_Р-9106-10-8692-8827_1945–1949)"" does not single out one of 136 candidate files"
copy-ambiguous,file,https://www.familysearch.org/en/records/images/search-results?imageGroupNumbers=108505026,"parsed ""ДАПО-(Р-9106-10-8197-8267+++Р-9106-10-8197-8267+++Фільтраційні справи, State Security Records, Poltava - 1942-1950_Р-9106-10-8197-8267_1945–1949)"" does not single out one of 71 candidate files"
copy-ambiguous,file,https://www.familysearch.org/en/records/images/search-results?imageGroupNumbers=108505027,"parsed ""ДАПО-(Р-9106-10-8828-8986+++Р-9106-10-8828-8986+++Фільтраційні справи, State Security Records, Poltava - 1942-1950_Р-9106-10-8828-8986_1945–1949)"" does not single out one of 159 candidate files"
copy-ambiguous,file,https://www.familysearch.org/en/records/images/search-results?imageGroupNumbers=108505028,"parsed ""ДАПО-(Р-9106-10-9434-9585+++Р-9106-10-9434-9585+++Фільтраційні справи, State Security Records, Poltava - 1942-1950_Р-9106-10-9434-9585_1945–1949)"" does not single out one of 149 candidate files"
copy-ambiguous,file,https://www.familysearch.org/en/records/images/search-results?imageGroupNumbers=108505029,"parsed ""ДАПО-(Р-9106-10-10260-10384+++Р-9106-10-10260-10384+++фільтраційні справи,Stat e Security Records, Poltava - 1942-1950_Р-9106-10-10260-10384_1945–1949)"" does not single out one of 125 candidate files"
copy-ambiguous,file,https://www.familysearch.org/en/records/images/search-results?imageGroupNumbers=108505030,"parsed ""ДАПО-(Р-9106-10-7637-7693+++Р-9106-10-7637-7693+++фільтраційні справи, State Security Records, Poltava - 1942-1950_Р-9106-10-7637-7693_1945–1949)"" does not single out one of 57 candidate files"
copy-ambiguous,file,https://www.familysearch.org/en/records/images/search-results?imageGroupNumbers=108505577,"parsed ""ДАПО-(Р-9106-9-10191-10260+++Р-9106-9-10191-10260+++Фільтраційні справи, State Security Records, Poltava - 1942-1950_Р-9106-9-10191-10260_1942–1948)"" does not single out one of 70 candidate files"
copy-ambiguous,file,https://www.familysearch.org/en/records/images/search-results?imageGroupNumbers=108505585,"parsed ""ДАПО-(Р-9106-10-1046-1118+++Р-9106-10-1046-1118+++Фільтраційні справи, State Security Records, Poltava - 1942-1950_Р-9106-10-1046-1118_1942–1948)"" does not single out one of 73 candidate files"
copy-ambiguous,file,https://www.familysearch.org/en/records/images/search-results?imageGroupNumbers=108505595,"parsed ""ДАПО-(Р-9106-10-974-1045+++Р-9106-10-974-1045+++Фільтраційні справи, State Security Records, Poltava - 1942-1950_Р-9106-10-974-1045_1942–1948)"" does not single out one of 72 candidate files"
copy-ambiguous,file,https://www.familysearch.org/en/records/images/search-results?imageGroupNumbers=108505596,"parsed ""ДАПО-(Р-9106-10-82-141+++Р-9106-10-82-141+++Фільтраційні справи, State Security Records, Poltava - 1942-1950_Р-9106-10-82-141_1942–1948)"" does not single out one of 60 candidate files"
copy-ambiguous,file,https://www.familysearch.org/en/records/images/search-results?imageGroupNumbers=108505597,"parsed ""ДАПО-(Р-9106-10-1-80+++Р-9106-10-1-80+++Фільтраційні справи, State Security Records, Poltava - 1942-1950_Р-9106-10-1-80_1942–1948)"" does not single out one of 80 candidate files"
copy-ambiguous,file,https://www.familysearch.org/en/records/images/search-results?imageGroupNumbers=108505599,"parsed ""ДАПО-(Р-9106-10-914-972+++Р-9106-10-914-972+++Фільтраційні справи, State Security Records, Poltava - 1942-1950_Р-9106-10-914-972_1942–1948)"" does not single out one of 59 candidate files"
copy-ambiguous,file,https://www.familysearch.org/en/records/images/search-results?imageGroupNumbers=108505600,"parsed ""ДАПО-(Р-9106-10-1366-1435+++Р-9106-10-1366-1435+++Фільтраційні справи, State Security Records, Poltava - 1942-1950_Р-9106-10-1366-1435_1942–1948)"" does not single out one of 70 candidate files"
copy-ambiguous,file,https://www.familysearch.org/en/records/images/search-results?imageGroupNumbers=108505601,"parsed ""ДАПО-(Р-9106-10-849-911+++Р-9106-10-849-911+++Фільтраційні справи, State Security Records, Poltava - 1942-1950_Р-9106-10-849-911_1942–1948)"" does not single out one of 63 candidate files"
copy-ambiguous,file,https://www.familysearch.org/en/records/images/search-results?imageGroupNumbers=108505602,"parsed ""ДАПО-(Р-9106-10-1282-1365+++Р-9106-10-1282-1365+++Фільтраційні справи, State Security Records, Poltava - 1942-1950_Р-9106-10-1282-1365_1942–1948)"" does not single out one of 84 candidate files"
copy-ambiguous,file,https://www.familysearch.org/en/records/images/search-results?imageGroupNumbers=108505603,"parsed ""ДАПО-(Р-9106-10-1922-1992+++Р-9106-10-1922-1992+++Фільтраційні справи, State Security Records, Poltava - 1942-1950_Р-9106-10-1922-1992_1942–1948)"" does not single out one of 71 candidate files"
copy-ambiguous,file,https://www.familysearch.org/en/records/images/search-results?imageGroupNumbers=108505605,"parsed ""ДАПО-(Р-9106-10-1993-2060+++Р-9106-10-1993-2060+++Фільтраційні справи, State Security Records, Poltava - 1942-1950_Р-9106-10-1993-2060_1942–1948)"" does not single out one of 68 candidate files"
copy-ambiguous,file,https://www.familysearch.org/en/records/images/search-results?imageGroupNumbers=108505606,"parsed ""ДАПО-(Р-9106-10-2841-2914+++Р-9106-10-2841-2914+++Фільтраційні справи, State Security Records, Poltava - 1942-1950_Р-9106-10-2841-2914_1942–1948)"" does not single out one of 74 candidate files"
copy-ambiguous,file,https://www.familysearch.org/en/records/images/search-results?imageGroupNumbers=108505607,"parsed ""ДАПО-(Р-9106-10-2916-2986+++Р-9106-10-2916-2986+++Фільтраційні справи, State Security Records, Poltava - 1942-1950_Р-9106-10-2916-2986_1942–1948)"" does not single out one of 71 candidate files"
copy-ambiguous,file,https://www.familysearch.org/en/records/images/search-results?imageGroupNumbers=108505608,"parsed ""ДАПО-(Р-9106-10-3914-4000+++Р-9106-10-3914-4000+++Фільтраційні справи, State Security Records, Poltava - 1942-1950_Р-9106-10-3914-4000_1942–1948)"" does not single out one of 87 candidate files"
copy-ambiguous,file,https://www.familysearch.org/en/records/images/search-results?imageGroupNumbers=108505610,"parsed ""ДАПО-(Р-9106-10-3836-3913+++Р-9106-10-3836-3913+++Фільтраційні справи, State Security Records, Poltava - 1942-1950_Р-9106-10-3836-3913_1942–1948)"" does not single out one of 78 candidate files"
copy-ambiguous,file,https://www.familysearch.org/en/records/images/search-results?imageGroupNumbers=108505611,"parsed ""ДАПО-(Р-9106-10-4663-4731+++Р-9106-10-4663-4731+++Фільтраційні справи, State Security Records, Poltava - 1942-1950_Р-9106-10-4663-4731_1942–1948)"" does not single out one of 69 candidate files"
copy-ambiguous,file,https://www.familysearch.org/en/records/images/search-results?imageGroupNumbers=108505614,"parsed ""ДАПО-(Р-9106-10-5234-5316+++Р-9106-10-5234-5316+++Фільтраційні справи, State Security Records, Poltava - 1942-1950_Р-9106-10-5234-5316_1942–1948)"" does not single out one of 83 candidate files"
copy-ambiguous,file,https://www.familysearch.org/en/records/images/search-results?imageGroupNumbers=108505615,"parsed ""ДАПО-(Р-9106-10-5763-5834+++Р-9106-10-5763-5834+++Фільтраційні справи, State Security Records, Poltava - 1942-1950_Р-9106-10-5763-5834_1942–1948)"" does not single out one of 72 candidate files"
copy-ambiguous,file,https://www.familysearch.org/en/records/images/search-results?imageGroupNumbers=108505616,"parsed ""ДАПО-(Р-9106-10-5161-5232+++Р-9106-10-5161-5232+++Фільтраційні справи, State Security Records, Poltava - 1942-1950_Р-9106-10-5161-5232_1942–1948)"" does not single out one of 72 candidate files"
copy-ambiguous,file,https://www.familysearch.org/en/records/images/search-results?imageGroupNumbers=108505617,"parsed ""ДАПО-(Р-9106-10-4597-4662+++Р-9106-10-4597-4662+++Фільтраційні справи, State Security Records, Poltava - 1942-1950_Р-9106-10-4597-4662_1942–1948)"" does not single out one of 66 candidate files"
copy-ambiguous,file,https://www.familysearch.org/en/records/images/search-results?imageGroupNumbers=108505618,"parsed ""ДАПО-(Р-9106-10-5836-5904+++Р-9106-10-5836-5904+++Фільтраційні справи, State Security Records, Poltava - 1942-1950_Р-9106-10-5836-5904_1942–1948)"" does not single out one of 69 candidate files"
copy-ambiguous,file,https://www.familysearch.org/en/records/images/search-results?imageGroupNumbers=108513737,"parsed ""ДАПО-(Р-9106-10-10135-10259+++Р-9106-10-10135-10259+++Фільтраційні справи, State Security Records, Poltava - 1942-1950_Р-9106-10-10135-10259_1942–1948)"" does not single out one of 125 candidate files"
copy-ambiguous,file,https://www.familysearch.org/en/records/images/search-results?imageGroupNumbers=108513738,"parsed ""ДАПО-(Р-9106-10-7823-7896+++Р-9106-10-7823-7896+++Фільтраційні справи, State Security Records, Poltava - 1942-1950_Р-9106-10-7823-7896_1942–1948)"" does not single out one of 74 candidate files"
copy-ambiguous,file,https://www.familysearch.org/en/records/images/search-results?imageGroupNumbers=108514132,"parsed ""ДАПО-(р-9106-10-9128-9277+++р-9106-10-9128-9277+++Фільтраційні справи, State Security Records, Poltava - 1942-1950_р-9106-10-9128-9277_1945–1949)"" does not single out one of 150 candidate files"
copy-ambiguous,file,https://www.familysearch.org/en/records/images/search-results?imageGroupNumbers=108514133,"parsed ""ДАПО-(р-9106-10-9854-9978+++р-9106-10-9854-9978+++Фільтраційні справи, State Security Records, Poltava - 1942-1950_р-9106-10-9854-9978_1945–1949)"" does not single out one of 125 candidate files"
copy-ambiguous,file,https://www.familysearch.org/en/records/images/search-results?imageGroupNumbers=108514134,"parsed ""ДАПО-(р-9106-10-9980-10134+++р-9106-10-9980-10134+++Фільтраційні справи, State Security Records, Poltava - 1942-1950_р-9106-10-9980-10134_1945–1949)"" does not single out one of 155 candidate files"
copy-ambiguous,file,https://www.familysearch.org/en/records/images/search-results?imageGroupNumbers=108514271,"parsed ""ДАПО-(Р-9106-10-5611-5689+++Р-9106-10-5611-5689+++Фільтраційні справи, State Security Records, Poltava - 1942-1950_Р-9106-10-5611-5689_1942–1948)"" does not single out one of 79 candidate files"
copy-ambiguous,file,https://www.familysearch.org/en/records/images/search-results?imageGroupNumbers=108514272,"parsed ""ДАПО-(Р-9106-10-6654-6727+++Р-9106-10-6654-6727+++Фільтраційні справи, State Security Records, Poltava - 1942-1950_Р-9106-10-6654-6727_1942–1948)"" does not single out one of 74 candidate files"
copy-ambiguous,file,https://www.familysearch.org/en/records/images/search-results?imageGroupNumbers=108514273,"parsed ""ДАПО-(Р-9106-10-6728-6800+++Р-9106-10-6728-6800+++Фільтраційні справи, State Security Records, Poltava - 1942-1950_Р-9106-10-6728-6800_1942–1948)"" does not single out one of 73 candidate files"
copy-ambiguous,file,https://www.familysearch.org/en/records/images/search-results?imageGroupNumbers=108514403,"parsed ""ДАПО-(Р-9106-10-7220-7285+++Р-9106-10-7220-7285+++Фільтраційні справи, State Security Records, Poltava - 1942-1950_Р-9106-10-7220-7285_1942–1948)"" does not single out one of 66 candidate files"
copy-ambiguous,file,https://www.familysearch.org/en/records/images/search-results?imageGroupNumbers=108514404,"parsed ""ДАПО-(Р-9106-10-7286-7355+++Р-9106-10-7286-7355+++Фільтраційні справи, State Security Records, Poltava - 1942-1950_Р-9106-10-7286-7355_1942–1948)"" does not single out one of 70 candidate files"
copy-ambiguous,file,https://www.familysearch.org/en/records/images/search-results?imageGroupNumbers=108514405,"parsed ""ДАПО-(Р-9106-10-9740-9853+++Р-9106-10-9740-9853+++Фільтраційні справи, State Security Records, Poltava - 1942-1950_Р-9106-10-9740-9853_1942–1948)"" does not single out one of 114 candidate files"
copy-ambiguous,file,https://www.familysearch.org/en/records/images/search-results?imageGroupNumbers=108514406,"parsed ""ДАПО-(Р-9106-10-7759-7821+++Р-9106-10-7759-7821+++Фільтраційні справи, State Security Records, Poltava - 1942-1950_Р-9106-10-7759-7821_1942–1948)"" does not single out one of 63 candidate files"
copy-ambiguous,file,https://www.familysearch.org/en/records/images/search-results?imageGroupNumbers=108514407,"parsed ""ДАПО-(Р-9106-10-9586-9739+++Р-9106-10-9586-9739+++Фільтраційні справи, State Security Records, Poltava - 1942-1950_Р-9106-10-9586-9739_1942–1948)"" does not single out one of 154 candidate files"
copy-ambiguous,file,https://www.familysearch.org/en/records/images/search-results?imageGroupNumbers=108516430,"parsed ""ДАПО-(Р-9106-10-10385-10542+++Р-9106-10-10385-10542+++Фільтраційні справи, State Security Records, Poltava - 1942-1950_Р-9106-10-10385-10542_1945–1949)"" does not single out one of 158 candidate files"
copy-ambiguous,file,https://www.familysearch.org/en/records/images/search-results?imageGroupNumbers=108516431,"parsed ""ДАПО-(Р-9106-10-10543-10671+++Р-9106-10-10543-10671+++Фільтраційні справи, State Security Records, Poltava - 1942-1950_Р-9106-10-10543-10671_1945–1949)"" does not single out one of 129 candidate files"
copy-ambiguous,file,https://www.familysearch.org/en/records/images/search-results?imageGroupNumbers=108516433,"parsed ""ДАПО-(Р-9106-10-10936-11096+++Р-9106-10-10936-11096+++Фільтраційні справи, State Security Records, Poltava - 1942-1950_Р-9106-10-10936-11096_1945–1949)"" does not single out one of 161 candidate files"
copy-ambiguous,file,https://www.familysearch.org/en/records/images/search-results?imageGroupNumbers=108516435,"parsed ""ДАПО-(Р-9106-10-10672-10806+++Р-9106-10-10672-10806+++Фільтраційні справи, State Security Records, Poltava - 1942-1950_Р-9106-10-10672-10806_1945–1949)"" does not single out one of 135 candidate files"
copy-ambiguous,file,https://www.familysearch.org/en/records/images/search-results?imageGroupNumbers=108516436,"parsed ""ДАПО-(Р-9106-10-10680-11809+++Р-9106-10-10680-11809+++Фільтраційні справи, State Security Records, Poltava - 1942-1950_Р-9106-10-10680-11809_1945–1949)"" does not single out one of 842 candidate files"
copy-ambiguous,file,https://www.familysearch.org/en/records/images/search-results?imageGroupNumbers=108516437,"parsed ""ДАПО-(Р-9106-10-12548-12691+++Р-9106-10-12548-12691+++Фільтраційні справи, State Security Records, Poltava - 1942-1950_Р-9106-10-12548-12691_1945–1949)"" does not single out one of 144 candidate files"
copy-ambiguous,file,https://www.familysearch.org/en/records/images/search-results?imageGroupNumbers=108527587,"parsed ""ДАПО-(р 9106-11-1913-2064+++р 9106-11-1913-2064+++Фільтраційні справи, State Security Records, Poltava - 1942-1950_р 9106-11-1913-2064_1942–1949)"" does not single out one of 152 candidate files"
copy-ambiguous,file,https://www.familysearch.org/en/records/images/search-results?imageGroupNumbers=108527588,"parsed ""ДАПО-(Р-9106-10-14421-14569+++Р-9106-10-14421-14569+++Фільтраційні справи, State Security Records, Poltava - 1942-1950_Р-9106-10-14421-14569_1942–1949)"" does not single out one of 149 candidate files"
copy-ambiguous,file,https://www.familysearch.org/en/records/images/search-results?imageGroupNumbers=108527589,"parsed ""ДАПО-(Р-9106-10-14570-14720+++Р-9106-10-14570-14720+++Фільтраційні справи, State Security Records, Poltava - 1942-1950_Р-9106-10-14570-14720_1942–1949)"" does not single out one of 151 candidate files"
copy-ambiguous,file,https://www.familysearch.org/en/records/images/search-results?imageGroupNumbers=108527590,"parsed ""ДАПО-(р 9106-11-490-637+++р 9106-11-490-637+++Фільтраційні справи, State Security Records, Poltava - 1942-1950_р 9106-11-490-637_1942–1949)"" does not single out one of 148 candidate files"
copy-ambiguous,file,https://www.familysearch.org/en/records/images/search-results?imageGroupNumbers=108527591,"parsed ""ДАПО-(Р-9106-10-12083-12238+++Р-9106-10-12083-12238+++Фільтраційні справи, State Security Records, Poltava - 1942-1950_Р-9106-10-12083-12238_1942–1949)"" does not single out one of 156 candidate files"
copy-ambiguous,file,https://www.familysearch.org/en/records/images/search-results?imageGroupNumbers=108527592,"parsed ""ДАПО-(р 9106-11-3016-3166+++р 9106-11-3016-3166+++Фільтраційні справи, State Security Records, Poltava - 1942-1950_р 9106-11-3016-3166_1942–1949)"" does not single out one of 151 candidate files"
copy-ambiguous,file,https://www.familysearch.org/en/records/images/search-results?imageGroupNumbers=108527593,"parsed ""ДАПО-(Р-9106-10-11543-11679+++Р-9106-10-11543-11679+++Фільтраційні справи, State Security Records, Poltava - 1942-1950_Р-9106-10-11543-11679_1942–1949)"" does not single out one of 137 candidate files"
copy-ambiguous,file,https://www.familysearch.org/en/records/images/search-results?imageGroupNumbers=108527594,"parsed ""ДАПО-(Р-9106-10-12861-13008+++Р-9106-10-12861-13008+++Фільтраційні справи, State Security Records, Poltava - 1942-1950_Р-9106-10-12861-13008_1942–1949)"" does not single out one of 148 candidate files"
copy-ambiguous,file,https://www.familysearch.org/en/records/images/search-results?imageGroupNumbers=108527595,"parsed ""ДАПО-(Р-9106-10-12241-12393+++Р-9106-10-12241-12393+++Фільтраційні справи, State Security Records, Poltava - 1942-1950_Р-9106-10-12241-12393_1942–1949)"" does not single out one of 153 candidate files"
copy-ambiguous,file,https://www.familysearch.org/en/records/images/search-results?imageGroupNumbers=108527596,"parsed ""ДАПО-(Р-9106-10-12694-12860+++Р-9106-10-12694-12860+++Фільтраційні справи, State Security Records, Poltava - 1942-1950_Р-9106-10-12694-12860_1942–1949)"" does not single out one of 167 candidate files"
copy-ambiguous,file,https://www.familysearch.org/en/records/images/search-results?imageGroupNumbers=108527597,"parsed ""ДАПО-(р 9106-11-638-815+++р 9106-11-638-815+++Фільтраційні справи, State Security Records, Poltava - 1942-1950_р 9106-11-638-815_1942–1949)"" does not single out one of 178 candidate files"
copy-ambiguous,file,https://www.familysearch.org/en/records/images/search-results?imageGroupNumbers=108527598,"parsed ""ДАПО-(р 9106-11-1750-1911+++р 9106-11-1750-1911+++Фільтраційні справи, State Security Records, Poltava - 1942-1950_р 9106-11-1750-1911_1942–1949)"" does not single out one of 162 candidate files"
copy-ambiguous,file,https://www.familysearch.org/en/records/images/search-results?imageGroupNumbers=108527599,"parsed ""ДАПО-(Р-9106-11-1584-1749+++Р-9106-11-1584-1749+++Фільтраційні справи, State Security Records, Poltava - 1942-1950_Р-9106-11-1584-1749_1945–1949)"" does not single out one of 166 candidate files"
copy-ambiguous,file,https://www.familysearch.org/en/records/images/search-results?imageGroupNumbers=108527600,"parsed ""ДАПО-(Р-9106-11-1431-1582+++Р-9106-11-1431-1582+++фільтраційні справи, State Security Records, Poltava - 1942-1950_Р-9106-11-1431-1582_1945–1949)"" does not single out one of 152 candidate files"
copy-ambiguous,file,https://www.familysearch.org/en/records/images/search-results?imageGroupNumbers=108527601,"parsed ""ДАПО-(Р-9106-10-14098-14251+++Р-9106-10-14098-14251+++Фільтраційні справи,Stat e Security Records, Poltava - 1942-1950_Р-9106-10-14098-14251_1945–1949)"" does not single out one of 154 candidate files"
copy-ambiguous,file,https://www.familysearch.org/en/records/images/search-results?imageGroupNumbers=108527602,"parsed ""ДАПО-(Р-9106-10-12394-12547+++Р-9106-10-12394-12547+++Фільтраційні справи, State Security Records, Poltava - 1942-1950_Р-9106-10-12394-12547_1945–1949)"" does not single out one of 154 candidate files"
copy-ambiguous,file,https://www.familysearch.org/en/records/images/search-results?imageGroupNumbers=108527603,"parsed ""ДАПО-(Р-9106-10-15274-15355+++Р-9106-10-15274-15355+++Фільтраційні справи,Stat e Security Records, Poltava - 1942-1950_Р-9106-10-15274-15355_1945–1949)"" does not single out one of 82 candidate files"
copy-ambiguous,file,https://www.familysearch.org/en/records/images/search-results?imageGroupNumbers=108527604,"parsed ""ДАПО-(Р-9106-10-13157-13284+++Р-9106-10-13157-13284+++фільтраційні справи, State Security Records, Poltava - 1942-1950_Р-9106-10-13157-13284_1945–1949)"" does not single out one of 128 candidate files"
copy-ambiguous,file,https://www.familysearch.org/en/records/images/search-results?imageGroupNumbers=108527605,"parsed ""ДАПО-(Р-9106-10-13009-13156+++Р-9106-10-13009-13156+++Фільтраційні справи, State Security Records, Poltava - 1942-1950_Р-9106-10-13009-13156_1945–1949)"" does not single out one of 148 candidate files"
copy-ambiguous,file,https://www.familysearch.org/en/records/images/search-results?imageGroupNumbers=108527606,"parsed ""ДАПО-(Р-9106-11-1-186+++Р-9106-11-1-186+++фільтраційні справи, State Security Records, Poltava - 1942-1950_Р-9106-11-1-186_1945–1949)"" does not single out one of 186 candidate files"
copy-ambiguous,file,https://www.familysearch.org/en/records/images/search-results?imageGroupNumbers=108527607,"parsed ""ДАПО-(Р-9106-10-13417-13551+++Р-9106-10-13417-13551+++фільтраційні справи, State Security Records, Poltava - 1942-1950_Р-9106-10-13417-13551_1945–1949)"" does not single out one of 135 candidate files"
copy-ambiguous,file,https://www.familysearch.org/en/records/images/search-results?imageGroupNumbers=108527608,"parsed ""ДАПО-(Р-9106-11-187-330+++Р-9106-11-187-330+++Фільтраційні справи, State Security Records, Poltava - 1942-1950_Р-9106-11-187-330_1945–1949)"" does not single out one of 144 candidate files"
copy-ambiguous,file,https://www.familysearch.org/en/records/images/search-results?imageGroupNumbers=108527609,"parsed ""ДАПО-(Р-9106-11-332-489+++Р-9106-11-332-489+++фільтраційні справи, State Security Records, Poltava - 1942-1950_Р-9106-11-332-489_1945–1949)"" does not single out one of 158 candidate files"
copy-ambiguous,file,https://www.familysearch.org/en/records/images/search-results?imageGroupNumbers=108527610,"parsed ""ДАПО-(Р-9106-11-973-1143+++Р-9106-11-973-1143+++Фільтраційні справи, State Security Records, Poltava - 1942-1950_Р-9106-11-973-1143_1945–1949)"" does not single out one of 171 candidate files"
copy-ambiguous,file,https://www.familysearch.org/en/records/images/search-results?imageGroupNumbers=108527611,"parsed ""ДАПО-(Р-9106-10-13286-13416+++Р-9106-10-13286-13416+++фільтраційні справи, State Security Records, Poltava - 1942-1950_Р-9106-10-13286-13416_1945–1949)"" does not single out one of 131 candidate files"
copy-ambiguous,file,https://www.familysearch.org/en/records/images/search-results?imageGroupNumbers=108527612,"parsed ""ДАПО-(Р-9106-10-14252-14420+++Р-9106-10-14252-14420+++фільтраційні справи, State Security Records, Poltava - 1942-1950_Р-9106-10-14252-14420_1945–1949)"" does not single out one of 169 candidate files"
copy-ambiguous,file,https://www.familysearch.org/en/records/images/search-results?imageGroupNumbers=108527613,"parsed ""ДАПО-(Р-9106-11-816-972+++Р-9106-11-816-972+++фільтраційні справи, State Security Records, Poltava - 1942-1950_Р-9106-11-816-972_1945–1949)"" does not single out one of 157 candidate files"
copy-ambiguous,file,https://www.familysearch.org/en/records/images/search-results?imageGroupNumbers=108527615,"parsed ""ДАПО-(Р-9106-10-8397-8462+++Р-9106-10-8397-8462+++Фільтраційні справи, State Security Records, Poltava - 1942-1950_Р-9106-10-8397-8462_1942–1948)"" does not single out one of 66 candidate files"
copy-ambiguous,file,https://www.familysearch.org/en/records/images/search-results?imageGroupNumbers=108527616,"parsed ""ДАПО-(Р-9106-10-11237-11387+++Р-9106-10-11237-11387+++Фільтраційні справи, State Security Records, Poltava - 1942-1950_Р-9106-10-11237-11387_1942–1948)"" does not single out one of 151 candidate files"
copy-ambiguous,file,https://www.familysearch.org/en/records/images/search-results?imageGroupNumbers=108527618,"parsed ""ДАПО-(Р-9106-10-13552-13684+++Р-9106-10-13552-13684+++Фільтраційні справи, State Security Records, Poltava - 1942-1950_Р-9106-10-13552-13684_1942–1948)"" does not single out one of 133 candidate files"
copy-ambiguous,file,https://www.familysearch.org/en/records/images/search-results?imageGroupNumbers=108527619,"parsed ""ДАПО-(Р-9106-11-2212-2375+++Р-9106-11-2212-2375+++Фільтраційні справи, State Security Records, Poltava - 1942-1950_Р-9106-11-2212-2375_1942–1948)"" does not single out one of 164 candidate files"
copy-ambiguous,file,https://www.familysearch.org/en/records/images/search-results?imageGroupNumbers=108527620,"parsed ""ДАПО-(Р-9106-10-8336-8396+++Р-9106-10-8336-8396+++Фільтраційні справи, State Security Records, Poltava - 1942-1950_Р-9106-10-8336-8396_1942–1948)"" does not single out one of 61 candidate files"
copy-ambiguous,file,https://www.familysearch.org/en/records/images/search-results?imageGroupNumbers=108527621,"parsed ""ДАПО-(Р-9106-11-2067-2211+++Р-9106-11-2067-2211+++Фільтраційні справи, State Security Records, Poltava - 1942-1950_Р-9106-11-2067-2211_1942–1948)"" does not single out one of 145 candidate files"
copy-ambiguous,file,https://www.familysearch.org/en/records/images/search-results?imageGroupNumbers=108527622,"parsed ""ДАПО-(Р-9106-10-14860-14995+++Р-9106-10-14860-14995+++Фільтраційні справи, State Security Records, Poltava - 1942-1950_Р-9106-10-14860-14995_1942–1948)"" does not single out one of 136 candidate files"
copy-ambiguous,file,https://www.familysearch.org/en/records/images/search-results?imageGroupNumbers=108527623,"parsed ""ДАПО-(Р-9106-10-14721-14858+++Р-9106-10-14721-14858+++Фільтраційні справи, State Security Records, Poltava - 1942-1950_Р-9106-10-14721-14858_1942–1948)"" does not single out one of 138 candidate files"
copy-ambiguous,file,https://www.familysearch.org/en/records/images/search-results?imageGroupNumbers=108527624,"parsed ""ДАПО-(P-9106-11-1144-1297+++P-9106-11-1144-1297+++Фільтраційні справи, State Security Records, Poltava - 1942-1950_Р-9106-11-1144-1297_1942–1948)"" does not single out one of 154 candidate files"
copy-ambiguous,file,https://www.familysearch.org/en/records/images/search-results?imageGroupNumbers=108527625,"parsed ""ДАПО-(Р-9106-10-13685-13823+++Р-9106-10-13685-13823+++Фільтраційні справи, State Security Records, Poltava - 1942-1950_Р-9106-10-13685-13823_1942–1948)"" does not single out one of 139 candidate files"
copy-ambiguous,file,https://www.familysearch.org/en/records/images/search-results?imageGroupNumbers=108527627,"parsed ""ДАПО-(р-9106-10-11810-11956+++р-9106-10-11810-11956+++Фільтраційні справи, State Security Records, Poltava - 1942-1950_р-9106-10-11810-11956_1945–1949)"" does not single out one of 147 candidate files"
copy-ambiguous,file,https://www.familysearch.org/en/records/images/search-results?imageGroupNumbers=108527628,"parsed ""ДАПО-(р-9106-10-13951-14097+++р-9106-10-13951-14097+++Фільтраційні справи, State Security Records, Poltava - 1942-1950_р-9106-10-13951-14097_1945–1949)"" does not single out one of 147 candidate files"
copy-ambiguous,file,https://www.familysearch.org/en/records/images/search-results?imageGroupNumbers=108527629,"parsed ""ДАПО-(р-9106-10-13824-13950+++р-9106-10-13824-13950+++Фільтраційні справи, State Security Records, Poltava - 1942-1950_р-9106-10-13824-13950_1945–1949)"" does not single out one of 127 candidate files"
copy-ambiguous,file,https://www.familysearch.org/en/records/images/search-results?imageGroupNumbers=108527630,"parsed ""ДАПО-(р-9106-10-11957-12082+++р-9106-10-11957-12082+++Фільтраційні справи, State Security Records, Poltava - 1942-1950_р-9106-10-11957-12082_1945–1949)"" does not single out one of 126 candidate files"
copy-ambiguous,file,https://www.familysearch.org/en/records/images/search-results?imageGroupNumbers=108549497,"parsed ""ДАПО-(р 9106-12-995-1136+++р 9106-12-995-1136+++Фільтраційні справи, State Security Records, Poltava - 1942-1950_р 9106-12-995-1136_1942–1950)"" does not single out one of 142 candidate files"
copy-ambiguous,file,https://www.familysearch.org/en/records/images/search-results?imageGroupNumbers=108549498,"parsed ""ДАПО-(р 9106-11-4293-4435+++р 9106-11-4293-4435+++Фільтраційні справи, State Security Records, Poltava - 1942-1950_р 9106-11-4293-4435_1942–1949)"" does not single out one of 143 candidate files"
copy-ambiguous,file,https://www.familysearch.org/en/records/images/search-results?imageGroupNumbers=108549499,"parsed ""ДАПО-(р 9106-11-3167-3320+++р 9106-11-3167-3320+++Фільтраційні справи, State Security Records, Poltava - 1942-1950_р 9106-11-3167-3320_1942–1949)"" does not single out one of 154 candidate files"
copy-ambiguous,file,https://www.familysearch.org/en/records/images/search-results?imageGroupNumbers=108549500,"parsed ""ДАПО-(р 9106-11-5727-5865+++р 9106-11-5727-5865+++Фільтраційні справи, State Security Records, Poltava - 1942-1950_р 9106-11-5727-5865_1942–1949)"" does not single out one of 139 candidate files"
copy-ambiguous,file,https://www.familysearch.org/en/records/images/search-results?imageGroupNumbers=108549501,"parsed ""ДАПО-(р 9106-11-5568-5726+++р 9106-11-5568-5726+++Фільтраційні справи, State Security Records, Poltava - 1942-1950_р 9106-11-5568-5726_1942–1949)"" does not single out one of 159 candidate files"
copy-ambiguous,file,https://www.familysearch.org/en/records/images/search-results?imageGroupNumbers=108549502,"parsed ""ДАПО-(Р-9106-12-1-148+++Р-9106-12-1-148+++Фільтраційні справи, State Security Records, Poltava - 1942-1950_Р-9106-12-1-148_1942–1950)"" does not single out one of 148 candidate files"
copy-ambiguous,file,https://www.familysearch.org/en/records/images/search-results?imageGroupNumbers=108549503,"parsed ""ДАПО-(р 9106-12-149-308+++р 9106-12-149-308+++Фільтраційні справи, State Security Records, Poltava - 1942-1950_р 9106-12-149-308_1942–1950)"" does not single out one of 160 candidate files"
copy-ambiguous,file,https://www.familysearch.org/en/records/images/search-results?imageGroupNumbers=108549504,"parsed ""ДАПО-(р 9106-11-5868-6003+++р 9106-11-5868-6003+++Фільтраційні справи, State Security Records, Poltava - 1942-1950_р 9106-11-5868-6003_1942–1949)"" does not single out one of 136 candidate files"
copy-ambiguous,file,https://www.familysearch.org/en/records/images/search-results?imageGroupNumbers=108549505,"parsed ""ДАПО-(р 9106-11-7022-7153+++р 9106-11-7022-7153+++Фільтраційні справи, State Security Records, Poltava - 1942-1950_р 9106-11-7022-7153_1942–1949)"" does not single out one of 132 candidate files"
copy-ambiguous,file,https://www.familysearch.org/en/records/images/search-results?imageGroupNumbers=108549506,"parsed ""ДАПО-(р 9106-11-4436-4611+++р 9106-11-4436-4611+++Фільтраційні справи, State Security Records, Poltava - 1942-1950_р 9106-11-4436-4611_1942–1949)"" does not single out one of 176 candidate files"
copy-ambiguous,file,https://www.familysearch.org/en/records/images/search-results?imageGroupNumbers=108549507,"parsed ""ДАПО-(р 9106-11-5420-5567+++р 9106-11-5420-5567+++Фільтраційні справи, State Security Records, Poltava - 1942-1950_р 9106-11-5420-5567_1942–1949)"" does not single out one of 148 candidate files"
copy-ambiguous,file,https://www.familysearch.org/en/records/images/search-results?imageGroupNumbers=108549508,"parsed ""ДАПО-(р 9106-11-6892-7021+++р 9106-11-6892-7021+++Фільтраційні справи, State Security Records, Poltava - 1942-1950_р 9106-11-6892-7021_1942–1949)"" does not single out one of 130 candidate files"
copy-ambiguous,file,https://www.familysearch.org/en/records/images/search-results?imageGroupNumbers=108549509,"parsed ""ДАПО-(р 9106-12-866-994+++р 9106-12-866-994+++Фільтраційні справи, State Security Records, Poltava - 1942-1950_р 9106-12-866-994_1942–1950)"" does not single out one of 129 candidate files"
copy-ambiguous,file,https://www.familysearch.org/en/records/images/search-results?imageGroupNumbers=108564022,"parsed ""ДАПО-(Р-9106-11-3836-3988+++Р-9106-11-3836-3988+++Фільтраційні справи, State Security Records, Poltava - 1942-1950_Р-9106-11-3836-3988_1942–1948)"" does not single out one of 153 candidate files"
copy-ambiguous,file,https://www.familysearch.org/en/records/images/search-results?imageGroupNumbers=108564023,"parsed ""ДАПО-(Р-9106-11-1298-1430+++Р-9106-11-1298-1430+++Фільтраційні справи, State Security Records, Poltava - 1942-1950_Р-9106-11-1298-1430_1942–1948)"" does not single out one of 133 candidate files"
copy-ambiguous,file,https://www.familysearch.org/en/records/images/search-results?imageGroupNumbers=108564024,"parsed ""ДАПО-(Р-9106-11-5039-5173+++Р-9106-11-5039-5173+++Фільтраційні справи, State Security Records, Poltava - 1942-1950_Р-9106-11-5039-5173_1942–1948)"" does not single out one of 135 candidate files"
copy-ambiguous,file,https://www.familysearch.org/en/records/images/search-results?imageGroupNumbers=108564030,"parsed ""ДАПО-(Р-9106-11-4889-5038+++Р-9106-11-4889-5038+++Фільтраційні справи, State Security Records, Poltava - 1942-1950_Р-9106-11-4889-5038_1942–1948)"" does not single out one of 150 candidate files"
copy-ambiguous,file,https://www.familysearch.org/en/records/images/search-results?imageGroupNumbers=108564031,"parsed ""ДАПО-(Р-9106-11-6314-6447+++Р-9106-11-6314-6447+++Фільтраційні справи, State Security Records, Poltava - 1942-1950_Р-9106-11-6314-6447_1942–1948)"" does not single out one of 134 candidate files"
copy-ambiguous,file,https://www.familysearch.org/en/records/images/search-results?imageGroupNumbers=108564032,"parsed ""ДАПО-(Р-9106-11-3635-3835+++Р-9106-11-3635-3835+++Фільтраційні справи, State Security Records, Poltava - 1942-1950_Р-9106-11-3635-3835_1942–1948)"" does not single out one of 201 candidate files"
copy-ambiguous,file,https://www.familysearch.org/en/records/images/search-results?imageGroupNumbers=108564034,"parsed ""ДАПО-(Р-9106-11-6448-6596+++Р-9106-11-6448-6596+++Фільтраційні справи, State Security Records, Poltava - 1942-1950_Р-9106-11-6448-6596_1942–1948)"" does not single out one of 149 candidate files"
copy-ambiguous,file,https://www.familysearch.org/en/records/images/search-results?imageGroupNumbers=108564035,"parsed ""ДАПО-(Р-9106-11-6744-6891+++Р-9106-11-6744-6891+++Фільтраційні справи, State Security Records, Poltava - 1942-1950_Р-9106-11-6744-6891_1942–1948)"" does not single out one of 148 candidate files"
copy-ambiguous,file,https://www.familysearch.org/en/records/images/search-results?imageGroupNumbers=108564036,"parsed ""ДАПО-(Р-9106-11-6597-6743+++Р-9106-11-6597-6743+++Фільтраційні справи, State Security Records, Poltava - 1942-1950_Р-9106-11-6597-6743_1942–1948)"" does not single out one of 147 candidate files"
copy-ambiguous,file,https://www.familysearch.org/en/records/images/search-results?imageGroupNumbers=108564037,"parsed ""ДАПО-(Р-9106-12-309-446+++Р-9106-12-309-446+++Фільтраційні справи, State Security Records, Poltava - 1942-1950_Р-9106-12-309-446_1942–1948)"" does not single out one of 138 candidate files"
copy-ambiguous,file,https://www.familysearch.org/en/records/images/search-results?imageGroupNumbers=108564039,"parsed ""ДАПО-(Р-9106-12-447-567+++Р-9106-12-447-567+++Фільтраційні справи, State Security Records, Poltava - 1942-1950_Р-9106-12-447-567_1942–1948)"" does not single out one of 121 candidate files"
copy-ambiguous,file,https://www.familysearch.org/en/records/images/search-results?imageGroupNumbers=108564041,"parsed ""ДАПО-(Р-9106-12-1137-1271+++Р-9106-12-1137-1271+++Фільтраційні справи, State Security Records, Poltava - 1942-1950_Р-9106-12-1137-1271_1942–1948)"" does not single out one of 135 candidate files"
copy-ambiguous,file,https://www.familysearch.org/en/records/images/search-results?imageGroupNumbers=108564043,"parsed ""ДАПО-(Р-9106-12-1985-2125+++Р-9106-12-1985-2125+++Фільтраційні справи, State Security Records, Poltava - 1942-1950_Р-9106-12-1985-2125_1942–1948)"" does not single out one of 141 candidate files"
copy-ambiguous,file,https://www.familysearch.org/en/records/images/search-results?imageGroupNumbers=108583462,"parsed ""ДАПО-(Р-9106-10-14997- 15132+++Р-9106-10-14997- 15132+++Фільтраційні справи, State Security Records, Poltava - 1942-1950_Р-9106-10-14997- 15132_1945–1949)"" does not single out one of 136 candidate files"
copy-ambiguous,file,https://www.familysearch.org/en/records/images/search-results?imageGroupNumbers=108583463,"parsed ""ДАПО-(р-9106-10-15133-15271+++р-9106-10-15133-15271+++Фільтраційні справи, State Security Records, Poltava - 1942-1950_р-9106-10-15133-15271_1945–1949)"" does not single out one of 139 candidate files"
copy-ambiguous,file,https://www.familysearch.org/en/records/images/search-results?imageGroupNumbers=108583492,"parsed ""ДАПО-(р-9106-11-5174-5278+++р-9106-11-5174-5278+++Фільтраційні справи, State Security Records, Poltava - 1942-1950_р-9106-11-5174-5278_1945–1949)"" does not single out one of 105 candidate files"
copy-ambiguous,file,https://www.familysearch.org/en/records/images/search-results?imageGroupNumbers=108583493,"parsed ""ДАПО-(р-9106-11-5281-5419+++р-9106-11-5281-5419+++Фільтраційні справи, State Security Records, Poltava - 1942-1950_р-9106-11-5281-5419_1945–1949)"" does not single out one of 139 candidate files"
copy-ambiguous,file,https://www.familysearch.org/en/records/images/search-results?imageGroupNumbers=108583494,"parsed ""ДАПО-(Р-9106-11-2862-3015+++Р-9106-11-2862-3015+++Фільтраційні справи, Stat e Security Records, Poltava - 1942-1950_Р-9106-11-2862-3015_1945–1949)"" does not single out one of 154 candidate files"
copy-ambiguous,file,https://www.familysearch.org/en/records/images/search-results?imageGroupNumbers=108583495,"parsed ""ДАПО-(Р-9106-11-2704-2860+++Р-9106-11-2704-2860+++Фільтраційні справи, State Security Records, Poltava - 1942-1950_Р-9106-11-2704-2860_1945–1949)"" does not single out one of 157 candidate files"
copy-ambiguous,file,https://www.familysearch.org/en/records/images/search-results?imageGroupNumbers=108583496,"parsed ""ДАПО-(Р-9106-11-3322-3466+++Р-9106-11-3322-3466+++Фільтраційні справи, State Security Records, Poltava - 1942-1950_Р-9106-11-3322-3466_1945–1949)"" does not single out one of 145 candidate files"
copy-ambiguous,file,https://www.familysearch.org/en/records/images/search-results?imageGroupNumbers=108583497,"parsed ""ДАПО-(Р-9106-11-3467-3634+++Р-9106-11-3467-3634+++Фільтраційні справи, Stat e Security Records, Poltava - 1942-1950_Р-9106-11-3467-3634_1945–1949)"" does not single out one of 168 candidate files"
copy-ambiguous,file,https://www.familysearch.org/en/records/images/search-results?imageGroupNumbers=108583498,"parsed ""ДАПО-(Р-9106-11-4760-4888+++Р-9106-11-4760-4888+++Фільтраційні справи, State Security Records, Poltava - 1942-1950_Р-9106-11-4760-4888_1945–1949)"" does not single out one of 129 candidate files"
copy-ambiguous,file,https://www.familysearch.org/en/records/images/search-results?imageGroupNumbers=108583499,"parsed ""ДАПО-(Р-9106-11-4612-4759+++Р-9106-11-4612-4759+++Фільтраційні справи,State Security Records, Poltava - 1942-1950_Р-9106-11-4612-4759_1945–1949)"" does not single out one of 148 candidate files"
copy-ambiguous,file,https://www.familysearch.org/en/records/images/search-results?imageGroupNumbers=108583500,"parsed ""ДАПО-(Р-9106-11-6004-6168+++Р-9106-11-6004-6168+++Фільтраційні справи, State Security Records, Poltava - 1942-1950_Р-9106-11-6004-6168_1945–1949)"" does not single out one of 165 candidate files"
copy-ambiguous,file,https://www.familysearch.org/en/records/images/search-results?imageGroupNumbers=108583501,"parsed ""ДАПО-(Р-9106-11-6169-6313+++Р-9106-11-6169-6313+++Фільтраційні справи, State Security Records, Poltava - 1942-1950_Р-9106-11-6169-6313_1945–1949)"" does not single out one of 145 candidate files"
copy-ambiguous,file,https://www.familysearch.org/en/records/images/search-results?imageGroupNumbers=108583502,"parsed ""ДАПО-(Р-9106-11-7154-7294+++Р-9106-11-7154-7294+++Фільтраційні справи, State Security Records, Poltava - 1942-1950_Р-9106-11-7154-7294_1945–1949)"" does not single out one of 141 candidate files"
copy-ambiguous,file,https://www.familysearch.org/en/records/images/search-results?imageGroupNumbers=108583503,"parsed ""ДАПО-(Р-9106-11-7295-7443+++Р-9106-11-7295-7443+++Фільтраційні справи, State Security Records, Poltava - 1942-1950_Р-9106-11-7295-7443_1945–1949)"" does not single out one of 149 candidate files"
copy-ambiguous,file,https://www.familysearch.org/en/records/images/search-results?imageGroupNumbers=108583504,"parsed ""ДАПО-(Р-9106-11-7618-7765+++Р-9106-11-7618-7765+++Фільтраційні справи,Stat e Security Records, Poltava - 1942-1950_Р-9106-11-7618-7765_1945–1949)"" does not single out one of 148 candidate files"
copy-ambiguous,file,https://www.familysearch.org/en/records/images/search-results?imageGroupNumbers=108583505,"parsed ""ДАПО-(Р-9106-11-7444-7616+++Р-9106-11-7444-7616+++Фільтраційні справи, State Security Records, Poltava - 1942-1950_Р-9106-11-7444-7616_1945–1949)"" does not single out one of 173 candidate files"
copy-ambiguous,file,https://www.familysearch.org/en/records/images/search-results?imageGroupNumbers=108583506,"parsed ""ДАПО-(Р-9106-12-568-722+++Р-9106-12-568-722+++Фільтраційні справи, State Security Records, Poltava - 1942-1950_Р-9106-12-568-722_1945–1949)"" does not single out one of 155 candidate files"
copy-ambiguous,file,https://www.familysearch.org/en/records/images/search-results?imageGroupNumbers=108583511,"parsed ""ДАПО-(Р-9106-12-725-865+++Р-9106-12-725-865+++Фільтраційні справи, State Security Records, Poltava - 1942-1950_Р-9106-12-725-865_1945–1949)"" does not single out one of 141 candidate files"
copy-ambiguous,file,https://www.familysearch.org/en/records/images/search-results?imageGroupNumbers=108583794,"parsed ""ДАПО-(Р-9106-12-1714-1860+++Р-9106-12-1714-1860+++Фільтраційні справи, State Security Records, Poltava - 1942-1950_Р-9106-12-1714-1860_1945–1949)"" does not single out one of 147 candidate files"
copy-ambiguous,file,https://www.familysearch.org/en/records/images/search-results?imageGroupNumbers=108587588,"parsed ""ДАПО-(р-9106-12-2286-2444+++р-9106-12-2286-2444+++Фільтраційні справи, State Security Records, Poltava - 1942-1950_р-9106-12-2286-2444_1945–1949)"" does not single out one of 159 candidate files"
copy-ambiguous,file,https://www.familysearch.org/en/records/images/search-results?imageGroupNumbers=108587589,"parsed ""ДАПО-(р-9106-11-3989-4125+++р-9106-11-3989-4125+++Фільтраційні справи, State Security Records, Poltava - 1942-1950_р-9106-11-3989-4125_1945–1949)"" does not single out one of 137 candidate files"
copy-ambiguous,file,https://www.familysearch.org/en/records/images/search-results?imageGroupNumbers=108587590,"parsed ""ДАПО-(р-9106-11- 4126-4292+++р-9106-11- 4126-4292+++Фільтраційні справи, State Security Records, Poltava - 1942-1950_р-9106-11- 4126-4292_1945–1949)"" does not single out one of 167 candidate files"
copy-ambiguous,file,https://www.familysearch.org/en/records/images/search-results?imageGroupNumbers=108587591,"parsed ""ДАПО-(р-9106-11-2549-2702+++р-9106-11-2549-2702+++Фільтраційні справи, State Security Records, Poltava - 1942-1950_р-9106-11-2549-2702_1945–1949)"" does not single out one of 154 candidate files"
copy-ambiguous,file,https://www.familysearch.org/en/records/images/search-results?imageGroupNumbers=108587592,"parsed ""ДАПО-(р-9106-11-2376-2548+++р-9106-11-2376-2548+++Фільтраційні справи, State Security Records, Poltava - 1942-1950_р-9106-11-2376-2548_1945–1949)"" does not single out one of 173 candidate files"
copy-ambiguous,file,https://www.familysearch.org/en/records/images/search-results?imageGroupNumbers=108587593,"parsed ""ДАПО-(р-9106-12-4792-4952+++р-9106-12-4792-4952+++Фільтраційні справи, State Security Records, Poltava - 1942-1950_р-9106-12-4792-4952_1945–1949)"" does not single out one of 161 candidate files"
copy-ambiguous,file,https://www.familysearch.org/en/records/images/search-results?imageGroupNumbers=108587763,"parsed ""ДАПО-(Р-363-1-1266-1375+++Р-363-1-1266-1375+++School and College Records, Poltava_363-1-1266-1375_1923–1930)"" does not single out one of 110 candidate files"
copy-ambiguous,file,https://www.familysearch.org/en/records/images/search-results?imageGroupNumbers=108587828,"parsed ""ДАПО-(Р-363-1-740-777+++Р-363-1-740-777+++School and College Records, Poltava_363-1-740-777_1923–1930)"" does not single out one of 38 candidate files"
copy-ambiguous,file,https://www.familysearch.org/en/records/images/search-results?imageGroupNumbers=108587829,"parsed ""ДАПО-(Р-363-1-1376-1472+++Р-363-1-1376-1472+++School and College Records, Poltava_363-1-1376-1472_1923–1930)"" does not single out one of 97 candidate files"
copy-ambiguous,file,https://www.familysearch.org/en/records/images/search-results?imageGroupNumbers=108587830,"parsed ""ДАПО-(Р-363-1-878-927+++Р-363-1-878-927+++School and College Records, Poltava_363-1-878-927_1923–1930)"" does not single out one of 50 candidate files"
copy-ambiguous,file,https://www.familysearch.org/en/records/images/search-results?imageGroupNumbers=108587831,"parsed ""ДАПО-(Р-363-1-778-834+++Р-363-1-778-834+++School and College Records, Poltava_363-1-778-834_1923–1930)"" does not single out one of 57 candidate files"
copy-ambiguous,file,https://www.familysearch.org/en/records/images/search-results?imageGroupNumbers=108587832,"parsed ""ДАПО-(Р-363-1-713-739+++Р-363-1-713-739+++School and College Records, Poltava_363-1-719-739_1923–1930)"" does not single out one of 27 candidate files"
copy-ambiguous,file,https://www.familysearch.org/en/records/images/search-results?imageGroupNumbers=108587833,"parsed ""ДАПО-(Р-363-1-835-877+++Р-363-1-835-877+++School and College Records, Poltava_363-1-835-877_1923–1930)"" does not single out one of 43 candidate files"
copy-ambiguous,file,https://www.familysearch.org/en/records/images/search-results?imageGroupNumbers=108587834,"parsed ""ДАПО-(Р-363-1-1053-1095+++Р-363-1-1053-1095+++School and College Records, Poltava_363-1-1053-1095_1923–1930)"" does not single out one of 43 candidate files"
copy-ambiguous,file,https://www.familysearch.org/en/records/images/search-results?imageGroupNumbers=108588036,"parsed ""ДАПО-(р 9106-12-3955-4121+++р 9106-12-3955-4121+++Фільтраційні справи, State Security Records, Poltava - 1942-1950_р 9106-12-3955-4121_1942–1950)"" does not single out one of 167 candidate files"
copy-ambiguous,file,https://www.familysearch.org/en/records/images/search-results?imageGroupNumbers=108588037,"parsed ""ДАПО-(р 9106-12-1415-1570+++р 9106-12-1415-1570+++Фільтраційні справи, State Security Records, Poltava - 1942-1950_р 9106-12-1415-1570_1942–1950)"" does not single out one of 156 candidate files"
copy-ambiguous,file,https://www.familysearch.org/en/records/images/search-results?imageGroupNumbers=108588038,"parsed ""ДАПО-(р 9106-13-2448-2588+++р 9106-13-2448-2588+++Фільтраційні справи, State Security Records, Poltava - 1942-1950_р 9106-13-2448-2588_1942–1950)"" does not single out one of 141 candidate files"
copy-ambiguous,file,https://www.familysearch.org/en/records/images/search-results?imageGroupNumbers=108588039,"parsed ""ДАПО-(р 9106-13-1326-1483+++р 9106-13-1326-1483+++Фільтраційні справи, State Security Records, Poltava - 1942-1950_р 9106-13-1326-1483_1942–1950)"" does not single out one of 158 candidate files"
copy-ambiguous,file,https://www.familysearch.org/en/records/images/search-results?imageGroupNumbers=108588040,"parsed ""ДАПО-(р 9106-12-1571-1712+++р 9106-12-1571-1712+++Фільтраційні справи, State Security Records, Poltava - 1942-1950_р 9106-12-1571-1712_1942–1950)"" does not single out one of 142 candidate files"
copy-ambiguous,file,https://www.familysearch.org/en/records/images/search-results?imageGroupNumbers=108588041,"parsed ""ДАПО-(р 9106-13-1168-1325+++р 9106-13-1168-1325+++Фільтраційні справи, State Security Records, Poltava - 1942-1950_р 9106-13-1168-1325_1942–1950)"" does not single out one of 158 candidate files"
copy-ambiguous,file,https://www.familysearch.org/en/records/images/search-results?imageGroupNumbers=108588042,"parsed ""ДАПО-(р 9106-13-184-343+++р 9106-13-184-343+++Фільтраційні справи, State Security Records, Poltava - 1942-1950_р 9106-13-184-343_1942–1950)"" does not single out one of 160 candidate files"
copy-ambiguous,file,https://www.familysearch.org/en/records/images/search-results?imageGroupNumbers=108588043,"parsed ""ДАПО-(р 9106-12-2875-3020+++р 9106-12-2875-3020+++Фільтраційні справи, State Security Records, Poltava - 1942-1950_р 9106-12-2875-3020_1942–1950)"" does not single out one of 146 candidate files"
copy-ambiguous,file,https://www.familysearch.org/en/records/images/search-results?imageGroupNumbers=108588044,"parsed ""ДАПО-(р 9106-13-346-494+++р 9106-13-346-494+++Фільтраційні справи, State Security Records, Poltava - 1942-1950_р 9106-13-346-494_1942–1950)"" does not single out one of 149 candidate files"
copy-ambiguous,file,https://www.familysearch.org/en/records/images/search-results?imageGroupNumbers=108588045,"parsed ""ДАПО-(р 9106-12-3801-3953+++р 9106-12-3801-3953+++Фільтраційні справи, State Security Records, Poltava - 1942-1950_р 9106-12-3801-3953_1942–1950)"" does not single out one of 153 candidate files"
copy-ambiguous,file,https://www.familysearch.org/en/records/images/search-results?imageGroupNumbers=108588046,"parsed ""ДАПО-(р 9106-12-3022-3168+++р 9106-12-3022-3168+++Фільтраційні справи, State Security Records, Poltava - 1942-1950_р 9106-12-3022-3168_1942–1950)"" does not single out one of 147 candidate files"
copy-ambiguous,file,https://www.familysearch.org/en/records/images/search-results?imageGroupNumbers=108588047,"parsed ""ДАПО-(Р-9106-12-1861-1984+++Р-9106-12-1861-1984+++Фільтраційні справи, State Security Records, Poltava - 1942-1950_Р-9106-12-1861-1984_1945–1949)"" does not single out one of 124 candidate files"
copy-ambiguous,file,https://www.familysearch.org/en/records/images/search-results?imageGroupNumbers=108588048,"parsed ""ДАПО-(Р-9106-13-2289-2444+++Р-9106-13-2289-2444+++Фільтраційні справи, State Security Records, Poltava - 1942-1950_Р-9106-13-2289-2444_1945–1949)"" does not single out one of 156 candidate files"
copy-ambiguous,file,https://www.familysearch.org/en/records/images/search-results?imageGroupNumbers=108588049,"parsed ""ДАПО-(Р-9106-12-2735-2873+++Р-9106-12-2735-2873+++Фільтраційні справи, State Security Records, Poltava - 1942-1950_Р-9106-12-2735-2873_1945–1949)"" does not single out one of 139 candidate files"
copy-ambiguous,file,https://www.familysearch.org/en/records/images/search-results?imageGroupNumbers=108588050,"parsed ""ДАПО-(Р-9106-12-4122-4279+++Р-9106-12-4122-4279+++Фільтраційні справи, State Security Records, Poltava - 1942-1950_Р-9106-12-4122-4279_1945–1949)"" does not single out one of 158 candidate files"
copy-ambiguous,file,https://www.familysearch.org/en/records/images/search-results?imageGroupNumbers=108588051,"parsed ""ДАПО-(Р-9106-12-5431-5582+++Р-9106-12-5431-5582+++Фільтраційні справи, State Security Records, Poltava - 1942-1950_Р-9106-12-5431-5582_1945–1949)"" does not single out one of 152 candidate files"
copy-ambiguous,file,https://www.familysearch.org/en/records/images/search-results?imageGroupNumbers=108588052,"parsed ""ДАПО-(Р-9106-12-5123-5275+++Р-9106-12-5123-5275+++Фільтраційні справи, State Security Records, Poltava - 1942-1950_Р-9106-12-5123-5275_1945–1949)"" does not single out one of 153 candidate files"
copy-ambiguous,file,https://www.familysearch.org/en/records/images/search-results?imageGroupNumbers=108588053,"parsed ""ДАПО-(Р-9106-13-2126-2288+++Р-9106-13-2126-2288+++Фільтраційні справи, State Security Records, Poltava - 1942-1950_Р-9106-13-2126-2288_1945–1949)"" does not single out one of 163 candidate files"
copy-ambiguous,file,https://www.familysearch.org/en/records/images/search-results?imageGroupNumbers=108588054,"parsed ""ДАПО-(Р-9106-13-827-1000+++Р-9106-13-827-1000+++Фільтраційні справи, State Security Records, Poltava - 1942-1950_Р-9106-13-827-1000_1945–1949)"" does not single out one of 174 candidate files"
copy-ambiguous,file,https://www.familysearch.org/en/records/images/search-results?imageGroupNumbers=108588055,"parsed ""ДАПО-(Р-9106-12-4280-4432+++Р-9106-12-4280-4432+++Фільтраційні справи, State Security Records, Poltava - 1942-1950_Р-9106-12-4280-4432_1945–1949)"" does not single out one of 153 candidate files"
copy-ambiguous,file,https://www.familysearch.org/en/records/images/search-results?imageGroupNumbers=108588056,"parsed ""ДАПО-(Р-9106-13-1005-1167+++Р-9106-13-1005-1167+++фільтраційні справи,Stat e Security Records, Poltava - 1942-1950_Р-9106-13-1005-1167_1945–1949)"" does not single out one of 163 candidate files"
copy-ambiguous,file,https://www.familysearch.org/en/records/images/search-results?imageGroupNumbers=108588057,"parsed ""ДАПО-(Р-9106-13-2-183+++Р-9106-13-2-183+++Фільтраційні справи, State Security Records, Poltava - 1942-1950_Р-9106-13-2-183_1945–1949)"" does not single out one of 182 candidate files"
copy-ambiguous,file,https://www.familysearch.org/en/records/images/search-results?imageGroupNumbers=108588058,"parsed ""ДАПО-(Р-9106-12-2579-2733+++Р-9106-12-2579-2733+++Фільтраційні справи, State Security Records, Poltava - 1942-1950_Р-9106-12-2579-2733_1945–1949)"" does not single out one of 155 candidate files"
copy-ambiguous,file,https://www.familysearch.org/en/records/images/search-results?imageGroupNumbers=108588059,"parsed ""ДАПО-(Р-9106-12-5761-5812+++Р-9106-12-5761-5812+++Фільтраційні справи, State Security Records, Poltava - 1942-1950_Р-9106-12-5761-5812_1945–1949)"" does not single out one of 52 candidate files"
copy-ambiguous,file,https://www.familysearch.org/en/records/images/search-results?imageGroupNumbers=108588060,"parsed ""ДАПО-(Р-9106-12-5584-5760+++Р-9106-12-5584-5760+++Фільтраційні справи, State Security Records, Poltava - 1942-1950_Р-9106-12-5584-5760_1945–1949)"" does not single out one of 177 candidate files"
copy-ambiguous,file,https://www.familysearch.org/en/records/images/search-results?imageGroupNumbers=108588061,"parsed ""ДАПО-(Р-9106-12-5276-5428+++Р-9106-12-5276-5428+++Фільтраційні справи, State Security Records, Poltava - 1942-1950_Р-9106-12-5276-5428_1945–1949)"" does not single out one of 153 candidate files"
copy-ambiguous,file,https://www.familysearch.org/en/records/images/search-results?imageGroupNumbers=108592399,"parsed ""ДАПО-(Р-9106-12-3169-3334+++Р-9106-12-3169-3334+++Фільтраційні справи, State Security Records, Poltava - 1942-1950_Р-9106-12-3169-3334_1942–1948)"" does not single out one of 166 candidate files"
copy-ambiguous,file,https://www.familysearch.org/en/records/images/search-results?imageGroupNumbers=108592461,"parsed ""ДАПО-(Р-9106-12-3335-3489+++Р-9106-12-3335-3489+++Фільтраційні справи, State Security Records, Poltava - 1942-1950_Р-9106-12-3335-3489_1942–1948)"" does not single out one of 155 candidate files"
copy-ambiguous,file,https://www.familysearch.org/en/records/images/search-results?imageGroupNumbers=108592588,"parsed ""ДАПО-(Р-9106-12-2126-2285+++Р-9106-12-2126-2285+++Фільтраційні справи, State Security Records, Poltava - 1942-1950_Р-9106-12-2126-2285_1942–1948)"" does not single out one of 160 candidate files"
copy-ambiguous,file,https://www.familysearch.org/en/records/images/search-results?imageGroupNumbers=108592658,"parsed ""ДАПО-(Р-9106-12-4622-4791+++Р-9106-12-4622-4791+++Фільтраційні справи, State Security Records, Poltava - 1942-1950_Р-9106-12-4622-4791_1942–1948)"" does not single out one of 170 candidate files"
copy-ambiguous,file,https://www.familysearch.org/en/records/images/search-results?imageGroupNumbers=108592749,"parsed ""ДАПО-(P-9106-12-4435-4621+++P-9106-12-4435-4621+++Фільтраційні справи, State Security Records, Poltava - 1942-1950_Р-9106-12-4435-4621_1942–1948)"" does not single out one of 187 candidate files"
copy-ambiguous,file,https://www.familysearch.org/en/records/images/search-results?imageGroupNumbers=108592820,"parsed ""ДАПО-(P-9106-13-1486-1645+++P-9106-13-1486-1645+++Фільтраційні справи, State Security Records, Poltava - 1942-1950_Р-9106-13-1486-1645_1942–1948)"" does not single out one of 160 candidate files"
copy-ambiguous,file,https://www.familysearch.org/en/records/images/search-results?imageGroupNumbers=108592894,"parsed ""ДАПО-(Р-9106-13-495-640+++Р-9106-13-495-640+++Фільтраційні справи, State Security Records, Poltava - 1942-1950_Р-9106-13-495-640_1942–1948)"" does not single out one of 146 candidate files"
copy-ambiguous,file,https://www.familysearch.org/en/records/images/search-results?imageGroupNumbers=108592982,"parsed ""ДАПО-(P-9106-13-648-824+++P-9106-13-648-824+++Фільтраційні справи, State Security Records, Poltava - 1942-1950_P-9106-13-648-824_1942–1948)"" does not single out one of 177 candidate files"
copy-ambiguous,file,https://www.familysearch.org/en/records/images/search-results?imageGroupNumbers=108593037,"parsed ""ДАПО-(P-9106-13-1647-1790+++P-9106-13-1647-1790+++Фільтраційні справи, State Security Records, Poltava - 1942-1950_P-9106-13-1647-1790_1942–1948)"" does not single out one of 144 candidate files"
copy-ambiguous,file,https://www.familysearch.org/en/records/images/search-results?imageGroupNumbers=108593325,"parsed ""ДАПО-(Р-363-1-981-1015+++Р-363-1-981-1015+++School and College Records, Poltava_363-1-981-1015_1923–1930)"" does not single out one of 35 candidate files"
copy-ambiguous,file,https://www.familysearch.org/en/records/images/search-results?imageGroupNumbers=108593327,"parsed ""ДАПО-(Р-363-1-928-980+++Р-363-1-928-980+++School and College Records, Poltava_363-1-928-980_1923–1930)"" does not single out one of 53 candidate files"
copy-ambiguous,file,https://www.familysearch.org/en/records/images/search-results?imageGroupNumbers=108593328,"parsed ""ДАПО-(Р-363-1-1016-1052+++Р-363-1-1016-1052+++School and College Records, Poltava_363-1-1016-1052_1923–1930)"" does not single out one of 37 candidate files"
copy-ambiguous,file,https://www.familysearch.org/en/records/images/search-results?imageGroupNumbers=108593329,"parsed ""ДАПО-(Р-363-1-1096-1153+++Р-363-1-1096-1153+++School and College Records, Poltava_363-1-1096-1153_1923–1930)"" does not single out one of 58 candidate files"
copy-ambiguous,file,https://www.familysearch.org/en/records/images/search-results?imageGroupNumbers=108593331,"parsed ""ДАПО-(Р-363-1-1154-1211+++Р-363-1-1154-1211+++School and College Records, Poltava_363-1-1154-1211_1923–1930)"" does not single out one of 58 candidate files"
copy-ambiguous,file,https://www.familysearch.org/en/records/images/search-results?imageGroupNumbers=108593333,"parsed ""ДАПО-(Р-363-1-1212-1265+++Р-363-1-1212-1265+++School and College Records, Poltava_363-1-1212-1265_1923–1930)"" does not single out one of 54 candidate files"
copy-ambiguous,file,https://www.familysearch.org/en/records/images/search-results?imageGroupNumbers=108593335,"parsed ""ДАПО-(Р-2126-1-44-50+++Р-2126-1-44-50+++Parishioner Lists, Poltava_Р-2126-1-44-50_Jan 1922–Dec 1930)"" does not single out one of 7 candidate files"
copy-ambiguous,file,https://www.familysearch.org/en/records/images/search-results?imageGroupNumbers=108593680,"parsed ""ДАПО-(Р-2126-1-51-85+++Р-2126-1-51-85+++Parishioner Lists, Poltava_Р-2126-1-51-85_Jan 1922–Dec 1930)"" does not single out one of 35 candidate files"
copy-ambiguous,file,https://www.familysearch.org/en/records/images/search-results?imageGroupNumbers=108593831,"parsed ""ДАПО-(Р-2126-1-86-110+++Р-2126-1-86-110+++Parishioner Lists, Poltava_Р-2126-1-86-110_Jan 1922–Dec 1930)"" does not single out one of 25 candidate files"
copy-ambiguous,file,https://www.familysearch.org/en/records/images/search-results?imageGroupNumbers=108609750,"parsed ""ДАПО-(P 9106-14-716-851+++P 9106-14-716-851+++Personnel Files and Lists, Poltava_P 9106-14-716-851_Jan 1817–Dec 1945)"" does not single out one of 136 candidate files"
copy-ambiguous,file,https://www.familysearch.org/en/records/images/search-results?imageGroupNumbers=108609751,"parsed ""ДАПО-(P-9106-13-2748-2908+++P-9106-13-2748-2908+++Фільтраційні справи, State Security Records, Poltava - 1942-1950_P-9106-13-2748-2908_1942–1948)"" does not single out one of 161 candidate files"
copy-ambiguous,file,https://www.familysearch.org/en/records/images/search-results?imageGroupNumbers=108609752,"parsed ""ДАПО-(Р-9106-13-2909-3039+++Р-9106-13-2909-3039+++Фільтраційні справи, State Security Records, Poltava - 1942-1950_Р-9106-13-2909-3039_1942–1948)"" does not single out one of 131 candidate files"
copy-ambiguous,file,https://www.familysearch.org/en/records/images/search-results?imageGroupNumbers=108609753,"parsed ""ДАПО-(Р-9106-13-3621-3762+++Р-9106-13-3621-3762+++Фільтраційні справи, State Security Records, Poltava - 1942-1950_Р-9106-13-3621-3762_1942–1948)"" does not single out one of 142 candidate files"
copy-ambiguous,file,https://www.familysearch.org/en/records/images/search-results?imageGroupNumbers=108609754,"parsed ""ДАПО-(P-9106-13-4702-4851+++P-9106-13-4702-4851+++Фільтраційні справи, State Security Records, Poltava - 1942-1950_P-9106-13-4702-4851_1942–1948)"" does not single out one of 150 candidate files"
copy-ambiguous,file,https://www.familysearch.org/en/records/images/search-results?imageGroupNumbers=108609755,"parsed ""ДАПО-(P-9106-13-4541-4701+++P-9106-13-4541-4701+++Фільтраційні справи, State Security Records, Poltava - 1942-1950_Р-9106-13-4541-4701_1942–1948)"" does not single out one of 161 candidate files"
copy-ambiguous,file,https://www.familysearch.org/en/records/images/search-results?imageGroupNumbers=108609756,"parsed ""ДАПО-(P-9106-13-7410-7565+++P-9106-13-7410-7565+++Фільтраційні справи, State Security Records, Poltava - 1942-1950_Р-9106-13-7410-7565_1942–1948)"" does not single out one of 156 candidate files"
copy-ambiguous,file,https://www.familysearch.org/en/records/images/search-results?imageGroupNumbers=108609757,"parsed ""ДАПО-(P-9106-13-3764-3904+++P-9106-13-3764-3904+++Фільтраційні справи, State Security Records, Poltava - 1942-1950_P-9106-13-3764-3904_1942–1948)"" does not single out one of 141 candidate files"
copy-ambiguous,file,https://www.familysearch.org/en/records/images/search-results?imageGroupNumbers=108609758,"parsed ""ДАПО-(P-9106-13-5128-5287+++P-9106-13-5128-5287+++Фільтраційні справи, State Security Records, Poltava - 1942-1950_P-9106-13-5128-5287_1942–1948)"" does not single out one of 160 candidate files"
copy-ambiguous,file,https://www.familysearch.org/en/records/images/search-results?imageGroupNumbers=108609759,"parsed ""ДАПО-(Р-9106-13-6232-6367+++Р-9106-13-6232-6367+++Фільтраційні справи, State Security Records, Poltava - 1942-1950_Р-9106-13-6232-6367_1942–1948)"" does not single out one of 136 candidate files"
copy-ambiguous,file,https://www.familysearch.org/en/records/images/search-results?imageGroupNumbers=108609760,"parsed ""ДАПО-(P-9106-13-5289-5447+++P-9106-13-5289-5447+++Фільтраційні справи, State Security Records, Poltava - 1942-1950_Р-9106-13-5289-5447_1942–1948)"" does not single out one of 159 candidate files"
copy-ambiguous,file,https://www.familysearch.org/en/records/images/search-results?imageGroupNumbers=108609761,"parsed ""ДАПО-(Р-9106-14-1-224+++Р-9106-14-1-224+++Personnel Files and Lists, Poltava_Р-9106-14-1-224_Jan 1817–Dec 1945)"" does not single out one of 224 candidate files"
copy-ambiguous,file,https://www.familysearch.org/en/records/images/search-results?imageGroupNumbers=108609762,"parsed ""ДАПО-(Р-9106-13-3171-3297+++Р-9106-13-3171-3297+++Фільтраційні справи, State Security Records, Poltava - 1942-1950_Р-9106-13-3171-3297_1945–1949)"" does not single out one of 127 candidate files"
copy-ambiguous,file,https://www.familysearch.org/en/records/images/search-results?imageGroupNumbers=108609763,"parsed ""ДАПО-(Р-9106-13-4955-5127+++Р-9106-13-4955-5127+++Фільтраційні справи, State Security Records, Poltava - 1942-1950_Р-9106-13-4955-5127                      _1945–1949)"" does not single out one of 173 candidate files"
copy-ambiguous,file,https://www.familysearch.org/en/records/images/search-results?imageGroupNumbers=108609764,"parsed ""ДАПО-(Р-9106-13-3040-3170+++Р-9106-13-3040-3170+++Фільтраційні справи, State Security Records, Poltava - 1942-1950_Р-9106-13-3040-3170_1945–1949)"" does not single out one of 131 candidate files"
copy-ambiguous,file,https://www.familysearch.org/en/records/images/search-results?imageGroupNumbers=108609765,"parsed ""ДАПО-(Р-9106-13-4068-4217+++Р-9106-13-4068-4217+++Фільтраційні справи, State Security Records, Poltava - 1942-1950_Р-9106-13-4068-4217                             _1945–1949)"" does not single out one of 150 candidate files"
copy-ambiguous,file,https://www.familysearch.org/en/records/images/search-results?imageGroupNumbers=108609766,"parsed ""ДАПО-(Р-9106-13-3905-4067+++Р-9106-13-3905-4067+++Фільтраційні справи, State Security Records, Poltava - 1942-1950_Р-9106-13-3905-4067                       _1945–1949)"" does not single out one of 163 candidate files"
copy-ambiguous,file,https://www.familysearch.org/en/records/images/search-results?imageGroupNumbers=108609767,"parsed ""ДАПО-(Р-9106-13-4852-4950+++Р-9106-13-4852-4950+++Фільтраційні справи, State Security Records, Poltava - 1942-1950_Р-9106-13-4852-4950                   _1945–1949)"" does not single out one of 99 candidate files"
copy-ambiguous,file,https://www.familysearch.org/en/records/images/search-results?imageGroupNumbers=108609768,"parsed ""ДАПО-(Р-9106-13-5939-6092+++Р-9106-13-5939-6092+++Фільтраційні справи, State Security Records, Poltava - 1942-1950_Р-9106-13-5939-6092             _1945–1949)"" does not single out one of 154 candidate files"
copy-ambiguous,file,https://www.familysearch.org/en/records/images/search-results?imageGroupNumbers=108609769,"parsed ""ДАПО-(Р-9106-13-6096-6229+++Р-9106-13-6096-6229+++Фільтраційні справи, State Security Records, Poltava - 1942-1950_Р-9106-13-6096-6229_1945–1949)"" does not single out one of 134 candidate files"
copy-ambiguous,file,https://www.familysearch.org/en/records/images/search-results?imageGroupNumbers=108609770,"parsed ""ДАПО-(Р-9106-14-622-715+++Р-9106-14-622-715+++Personnel Files and Lists, Poltava_Р-9106-14-622-715_Jan 1817–Dec 1945)"" does not single out one of 94 candidate files"
copy-ambiguous,file,https://www.familysearch.org/en/records/images/search-results?imageGroupNumbers=108609771,"parsed ""ДАПО-(Р-9106-13-5762-5933+++Р-9106-13-5762-5933+++Фільтраційні справи, State Security Records, Poltava - 1942-1950_Р-9106-13-5762-5933          _1945–1949)"" does not single out one of 172 candidate files"
copy-ambiguous,file,https://www.familysearch.org/en/records/images/search-results?imageGroupNumbers=108609772,"parsed ""ДАПО-(Р-9106-13-6932-7072+++Р-9106-13-6932-7072+++Фільтраційні справи, State Security Records, Poltava - 1942-1950_Р-9106-13-6932-7072    _1945–1949)"" does not single out one of 141 candidate files"
copy-ambiguous,file,https://www.familysearch.org/en/records/images/search-results?imageGroupNumbers=108609773,"parsed ""ДАПО-(Р-9106-13-6639-6778+++Р-9106-13-6639-6778+++Фільтраційні справи, Stat e Security Records, Poltava - 1942-1950_Р-9106-13-6639-6778_1945–1949)"" does not single out one of 140 candidate files"
copy-ambiguous,file,https://www.familysearch.org/en/records/images/search-results?imageGroupNumbers=108609774,"parsed ""ДАПО-(Р-9106-13-7712-7897+++Р-9106-13-7712-7897+++Фільтраційні справи, Stat e Security Records, Poltava - 1942-1950_Р-9106-13-7712-7897_1945–1949)"" does not single out one of 186 candidate files"
copy-ambiguous,file,https://www.familysearch.org/en/records/images/search-results?imageGroupNumbers=108609775,"parsed ""ДАПО-(Р-9106-13-7073-7285+++Р-9106-13-7073-7285+++Фільтраційні справи, State Security Records, Poltava - 1942-1950_Р-9106-13-7073-7285_1945–1949)"" does not single out one of 213 candidate files"
copy-ambiguous,file,https://www.familysearch.org/en/records/images/search-results?imageGroupNumbers=108609776,"parsed ""ДАПО-(Р-9106-14-501-621+++Р-9106-14-501-621+++Personnel Files and Lists, Poltava_Р-9106-14-501-621_1817–1945)"" does not single out one of 121 candidate files"
copy-ambiguous,file,https://www.familysearch.org/en/records/images/search-results?imageGroupNumbers=108609777,"parsed ""ДАПО-(р 9106-13-3298-3431+++р 9106-13-3298-3431+++Фільтраційні справи, State Security Records, Poltava - 1942-1950_р 9106-13-3298-3431_1942–1950)"" does not single out one of 134 candidate files"
copy-ambiguous,file,https://www.familysearch.org/en/records/images/search-results?imageGroupNumbers=108609778,"parsed ""ДАПО-(р 9106-13-2589-2745+++р 9106-13-2589-2745+++Фільтраційні справи, State Security Records, Poltava - 1942-1950_р 9106-13-2589-2745_1942–1950)"" does not single out one of 157 candidate files"
copy-ambiguous,file,https://www.familysearch.org/en/records/images/search-results?imageGroupNumbers=108609779,"parsed ""ДАПО-(р 9106-13-4219-4374+++р 9106-13-4219-4374+++Фільтраційні справи, State Security Records, Poltava - 1942-1950_р 9106-13-4219-4374_1942–1950)"" does not single out one of 156 candidate files"
copy-ambiguous,file,https://www.familysearch.org/en/records/images/search-results?imageGroupNumbers=108609780,"parsed ""ДАПО-(р 9106-13-6779-6931+++р 9106-13-6779-6931+++Фільтраційні справи, State Security Records, Poltava - 1942-1950_р 9106-13-6779-6931_1942–1950)"" does not single out one of 153 candidate files"
copy-ambiguous,file,https://www.familysearch.org/en/records/images/search-results?imageGroupNumbers=108609781,"parsed ""ДАПО-(р 9106-13-4375-4540+++р 9106-13-4375-4540+++Фільтраційні справи, State Security Records, Poltava - 1942-1950_р 9106-13-4375-4540_1942–1950)"" does not single out one of 166 candidate files"
copy-ambiguous,file,https://www.familysearch.org/en/records/images/search-results?imageGroupNumbers=108609782,"parsed ""ДАПО-(р 9106-13-5607-5760+++р 9106-13-5607-5760+++Фільтраційні справи, State Security Records, Poltava - 1942-1950_р 9106-13-5607-5760_1942–1950)"" does not single out one of 154 candidate files"
copy-ambiguous,file,https://www.familysearch.org/en/records/images/search-results?imageGroupNumbers=108609783,"parsed ""ДАПО-(р 9106-13-5448-5606+++р 9106-13-5448-5606+++Фільтраційні справи, State Security Records, Poltava - 1942-1950_р 9106-13-5448-5606_1942–1950)"" does not single out one of 159 candidate files"
copy-ambiguous,file,https://www.familysearch.org/en/records/images/search-results?imageGroupNumbers=108609784,"parsed ""ДАПО-(р 9106-13-7566-7711+++р 9106-13-7566-7711+++Фільтраційні справи, State Security Records, Poltava - 1942-1950_р 9106-13-7566-7711_1942–1950)"" does not single out one of 146 candidate files"
copy-ambiguous,file,https://www.familysearch.org/en/records/images/search-results?imageGroupNumbers=108609785,"parsed ""ДАПО-(р 9106-13-3432-3620+++р 9106-13-3432-3620+++Фільтраційні справи, State Security Records, Poltava - 1942-1950_р 9106-13-3432-3620_1942–1950)"" does not single out one of 189 candidate files"
copy-ambiguous,file,https://www.familysearch.org/en/records/images/search-results?imageGroupNumbers=108623885,"parsed ""ДАПО-(р-9106-13-1961-2125+++р-9106-13-1961-2125+++Фільтраційні справи, State Security Records, Poltava - 1942-1950_р-9106-13-1961-2125_1945–1949)"" does not single out one of 165 candidate files"
copy-ambiguous,file,https://www.familysearch.org/en/records/images/search-results?imageGroupNumbers=108623966,"parsed ""ДАПО-(р-9106-13-6368-6486+++р-9106-13-6368-6486+++Фільтраційні справи, State Security Records, Poltava - 1942-1950_р-9106-13-6368-6486_1945–1949)"" does not single out one of 119 candidate files"
copy-ambiguous,file,https://www.familysearch.org/en/records/images/search-results?imageGroupNumbers=108646631,"parsed ""ДАПО-(83-3-28, 54, 61, 89-93+++83-3-28, 54, 61, 89-93+++Personnel Files and Lists, Poltava_83-3-28, 54, 61, 89-93_1817–1926, 1832, 1853, 1854, 1867)"" does not single out one of 8 candidate files"
copy-ambiguous,file,https://www.familysearch.org/en/records/images/search-results?imageGroupNumbers=108647481,"parsed ""ДАПО-(P-9106-13-7290-7409+++P-9106-13-7290-7409+++Фільтраційні справи, State Security Records, Poltava - 1942-1950_P-9106-13-7290-7409_1942–1948)"" does not single out one of 120 candidate files"
copy-ambiguous,file,https://www.familysearch.org/en/records/images/search-results?imageGroupNumbers=108647485,"parsed ""ДАПО-(P 9106-14-225-373+++P 9106-14-225-373+++Personnel Files and Lists, Poltava_P 9106-14-225-373_Jan 1817–Dec 1945)"" does not single out one of 149 candidate files"
copy-ambiguous,file,https://www.familysearch.org/en/records/images/search-results?imageGroupNumbers=108647486,"parsed ""ДАПО-(P 9106-14-1759-1959+++P 9106-14-1759-1959+++Personnel Files and Lists, Poltava_P 9106-14-1759-1959_Jan 1817–Dec 1945)"" does not single out one of 201 candidate files"
copy-ambiguous,file,https://www.familysearch.org/en/records/images/search-results?imageGroupNumbers=108647487,"parsed ""ДАПО-(P 9106-14-1557-1758+++P 9106-14-1557-1758+++Personnel Files and Lists, Poltava_P 9106-14-1557-1758_Jan 1817–Dec 1945)"" does not single out one of 202 candidate files"
copy-ambiguous,file,https://www.familysearch.org/en/records/images/search-results?imageGroupNumbers=108647488,"parsed ""ДАПО-(P 9106-14-4283-4623+++P 9106-14-4283-4623+++Personnel Files and Lists, Poltava_P 9106-14-4283-4623_Jan 1817–Dec 1945)"" does not single out one of 341 candidate files"
copy-ambiguous,file,https://www.familysearch.org/en/records/images/search-results?imageGroupNumbers=108647490,"parsed ""ДАПО-(P 9106-14-5625-5964+++P 9106-14-5625-5964+++Personnel Files and Lists, Poltava_P 9106-14-5625-5964_Jan 1817–Dec 1945)"" does not single out one of 340 candidate files"
copy-ambiguous,file,https://www.familysearch.org/en/records/images/search-results?imageGroupNumbers=108647491,"parsed ""ДАПО-(Р-9106-14-3951-4282+++Р-9106-14-3951-4282+++Personnel Files and Lists, Poltava_Р-9106-14-3951-4282_Jan 1817–Dec 1945)"" does not single out one of 332 candidate files"
copy-ambiguous,file,https://www.familysearch.org/en/records/images/search-results?imageGroupNumbers=108647875,"parsed ""ДАПО-(р-9106-13-6488-6638+++р-9106-13-6488-6638+++Фільтраційні справи, State Security Records, Poltava - 1942-1950_р-9106-13-6488-6638_1945–1949)"" does not single out one of 151 candidate files"
copy-ambiguous,file,https://www.familysearch.org/en/records/images/search-results?imageGroupNumbers=108647880,"parsed ""ДАПО-(Р-9106-14-852-1004+++Р-9106-14-852-1004+++Personnel Files and Lists, Poltava_Р-9106-14-852-1004_1817–1945)"" does not single out one of 153 candidate files"
copy-ambiguous,file,https://www.familysearch.org/en/records/images/search-results?imageGroupNumbers=108647881,"parsed ""ДАПО-(Р-9106-14-2182-2349+++Р-9106-14-2182-2349+++Personnel Files and Lists, Poltava_Р-9106-14-2182-2349_1817–1945)"" does not single out one of 168 candidate files"
copy-ambiguous,file,https://www.familysearch.org/en/records/images/search-results?imageGroupNumbers=108647882,"parsed ""ДАПО-(Р-9106-14-1960-2181+++Р-9106-14-1960-2181+++Personnel Files and Lists, Poltava_Р-9106-14-1960-2181_1817–1945)"" does not single out one of 222 candidate files"
copy-ambiguous,file,https://www.familysearch.org/en/records/images/search-results?imageGroupNumbers=108647883,"parsed ""ДАПО-(Р-9106-14-5965-6149+++Р-9106-14-5965-6149+++Personnel Files and Lists, Poltava_Р-9106-14-5965-6149_1817–1945)"" does not single out one of 185 candidate files"
copy-ambiguous,file,https://www.familysearch.org/en/records/images/search-results?imageGroupNumbers=108647884,"parsed ""ДАПО-(Р-9106-15-1-376+++Р-9106-15-1-376+++Personnel Files and Lists, Poltava_Р-9106-15-1-376_1817–1945)"" does not single out one of 376 candidate files"
copy-ambiguous,file,https://www.familysearch.org/en/records/images/search-results?imageGroupNumbers=108648136,"parsed ""ДАПО-(Р-9106-14-1005-1195+++Р-9106-14-1005-1195+++Personnel Files and Lists, Poltava_Р-9106-14-1005-1195_1817–1945)"" does not single out one of 191 candidate files"
copy-ambiguous,file,https://www.familysearch.org/en/records/images/search-results?imageGroupNumbers=108648138,"parsed ""ДАПО-(Р-9106-14-1375-1556+++Р-9106-14-1375-1556+++Personnel Files and Lists, Poltava_Р-9106-14-1375-1556_1817–1945)"" does not single out one of 182 candidate files"
copy-ambiguous,file,https://www.familysearch.org/en/records/images/search-results?imageGroupNumbers=108648140,"parsed ""ДАПО-(Р-9106-14-3701-3950+++Р-9106-14-3701-3950+++Personnel Files and Lists, Poltava_Р-9106-14-3701-3950_1817–1945)"" does not single out one of 250 candidate files"
copy-ambiguous,file,https://www.familysearch.org/en/records/images/search-results?imageGroupNumbers=108648141,"parsed ""ДАПО-(Р-9106-15-709-1000+++Р-9106-15-709-1000+++Personnel Files and Lists, Poltava_Р-9106-15-709-1000_1817–1945)"" does not single out one of 292 candidate files"
copy-ambiguous,file,https://www.familysearch.org/en/records/images/search-results?imageGroupNumbers=108648143,"parsed ""ДАПО-(Р-9106-14-2350-2560+++Р-9106-14-2350-2560+++Personnel Files and Lists, Poltava_Р-9106-14-2350-2560_1817–1945)"" does not single out one of 211 candidate files"
copy-ambiguous,file,https://www.familysearch.org/en/records/images/search-results?imageGroupNumbers=108648144,"parsed ""ДАПО-(Р-9106-14-2561-2863+++Р-9106-14-2561-2863+++Personnel Files and Lists, Poltava_Р-9106-14-2561-2863_1817–1945)"" does not single out one of 303 candidate files"
copy-ambiguous,file,https://www.familysearch.org/en/records/images/search-results?imageGroupNumbers=108648146,"parsed ""ДАПО-(Р-9106-14-3382-3700+++Р-9106-14-3382-3700+++Personnel Files and Lists, Poltava_Р-9106-14-3382-3700_1817–1945)"" does not single out one of 319 candidate files"
copy-ambiguous,file,https://www.familysearch.org/en/records/images/search-results?imageGroupNumbers=108648149,"parsed ""ДАПО-(Р-9106-15-377-708+++Р-9106-15-377-708+++Personnel Files and Lists, Poltava_Р-9106-15-377-708_1817–1945)"" does not single out one of 332 candidate files"
copy-ambiguous,file,https://www.familysearch.org/en/records/images/search-results?imageGroupNumbers=108648358,"parsed ""ДАПО-(Р-9106-14-374-500+++Р-9106-14-374-500+++Personnel Files and Lists, Poltava_Р-9106-14-374-500_Jan 1817–Dec 1945)"" does not single out one of 127 candidate files"
copy-ambiguous,file,https://www.familysearch.org/en/records/images/search-results?imageGroupNumbers=108648360,"parsed ""ДАПО-(Р-9106-14-1196-1374+++Р-9106-14-1196-1374+++Personnel Files and Lists, Poltava_Р-9106-14-1196-1374_Jan 1817–Dec 1945)"" does not single out one of 179 candidate files"
copy-ambiguous,file,https://www.familysearch.org/en/records/images/search-results?imageGroupNumbers=108648361,"parsed ""ДАПО-(Р-9106-14-2864-3114+++Р-9106-14-2864-3114+++Personnel Files and Lists, Poltava_Р-9106-14-2864-3114_Jan 1817–Dec 1945)"" does not single out one of 251 candidate files"
copy-ambiguous,file,https://www.familysearch.org/en/records/images/search-results?imageGroupNumbers=108648362,"parsed ""ДАПО-(Р-9106-14-3115-3381+++Р-9106-14-3115-3381+++Personnel Files and Lists, Poltava_Р-9106-14-3115-3381_Jan 1817–Dec 1945)"" does not single out one of 267 candidate files"
copy-ambiguous,file,https://www.familysearch.org/en/records/images/search-results?imageGroupNumbers=108648363,"parsed ""ДАПО-(Р-9106-14-4904-5301+++Р-9106-14-4904-5301+++Personnel Files and Lists, Poltava_Р-9106-14-4904-5301_Jan 1817–Dec 1945)"" does not single out one of 398 candidate files"
copy-ambiguous,file,https://www.familysearch.org/en/records/images/search-results?imageGroupNumbers=108648364,"parsed ""ДАПО-(Р-9106-14-4624-4903+++Р-9106-14-4624-4903+++Personnel Files and Lists, Poltava_Р-9106-14-4624-4903_1817–1945)"" does not single out one of 280 candidate files"
copy-ambiguous,file,https://www.familysearch.org/en/records/images/search-results?imageGroupNumbers=108648365,"parsed ""ДАПО-(Р-9106-15-1296-1574+++Р-9106-15-1296-1574+++Personnel Files and Lists, Poltava_P 9106-15-1296-1574_1817–1945)"" does not single out one of 279 candidate files"
copy-ambiguous,file,https://www.familysearch.org/en/records/images/search-results?imageGroupNumbers=108648366,"parsed ""ДАПО-(Р-9106-15-1575-1856+++Р-9106-15-1575-1856+++Personnel Files and Lists, Poltava_Р-9106-15-1575-1856_1817–1945)"" does not single out one of 282 candidate files"
copy-ambiguous,file,https://www.familysearch.org/en/records/images/search-results?imageGroupNumbers=108655538,"parsed ""ДАПО-(р-9106-12-3490-3635+++р-9106-12-3490-3635+++Фільтраційні справи, State Security Records, Poltava - 1942-1950_р-9106-12-3490-3635_1945–1949)"" does not single out one of 146 candidate files"
copy-ambiguous,file,https://www.familysearch.org/en/records/images/search-results?imageGroupNumbers=108655567,"parsed ""ДАПО-(р-9106-12-2446-2578+++р-9106-12-2446-2578+++Фільтраційні справи, State Security Records, Poltava - 1942-1950_р-9106-12-2446-2578_1945–1949)"" does not single out one of 133 candidate files"
copy-ambiguous,file,https://www.familysearch.org/en/records/images/search-results?imageGroupNumbers=108655596,"parsed ""ДАПО-(р-9106-12-4954-5122+++р-9106-12-4954-5122+++Фільтраційні справи, State Security Records, Poltava - 1942-1950_р-9106-12-4954-5122_1945–1949)"" does not single out one of 169 candidate files"
copy-ambiguous,file,https://www.familysearch.org/en/records/images/search-results?imageGroupNumbers=108655620,"parsed ""ДАПО-(р-9106-12-3636-3798+++р-9106-12-3636-3798+++Фільтраційні справи, State Security Records, Poltava - 1942-1950_р-9106-12-3636-3798_1945–1949)"" does not single out one of 163 candidate files"
copy-ambiguous,file,https://www.familysearch.org/en/records/images/search-results?imageGroupNumbers=108655732,"parsed ""ДАПО-(р-9106-13-1792-1960+++р-9106-13-1792-1960+++Фільтраційні справи, State Security Records, Poltava - 1942-1950_р-9106-13-1792-1960_1945–1949)"" does not single out one of 169 candidate files"
copy-ambiguous,file,https://www.familysearch.org/en/records/images/search-results?imageGroupNumbers=109082928,"parsed ""ДАПО-(P-2013-1-1-9+++P-2013-1-1-9+++Personnel Files and Lists, Poltava_p-2013-1-1-9_1920–1923)"" does not single out one of 9 candidate files"
copy-ambiguous,file,https://www.familysearch.org/en/records/images/search-results?imageGroupNumbers=109082930,"parsed ""ДАПО-(P-2014-1-1-101+++P-2014-1-1-101+++Personnel Files and Lists, Poltava_p-2014-1-1-101_1923–1930)"" does not single out one of 101 candidate files"
copy-ambiguous,file,https://www.familysearch.org/en/records/images/search-results?imageGroupNumbers=109082932,"parsed ""ДАПО-(P-2017-2-1-15+++P-2017-2-1-15+++Personnel Files and Lists, Poltava_p-2017-2-1-15_1944–1947)"" does not single out one of 15 candidate files"
copy-ambiguous,file,https://www.familysearch.org/en/records/images/search-results?imageGroupNumbers=109087052,"parsed ""ДАПО-(Р-1503-1(опис)+++Р-1503-1(опис)+++Personnel Files and Lists, Poltava_Р-1503-1(опис)_1920–1925)"" does not single out one of 6 candidate files"
copy-ambiguous,file,https://www.familysearch.org/en/records/images/search-results?imageGroupNumbers=109188036,"parsed ""ДАПО-(Р-2046-3-1-1228(опис)+++Р-2046-3-1-1228(опис)+++Voting records, Poltava_Р-2046-3-1-1228(опис)_1924–1937)"" does not single out one of 104 candidate files"
copy-ambiguous,file,https://www.familysearch.org/en/records/images/search-results?imageGroupNumbers=109818427,"parsed ""ДАПО-(8166.8167.8168.8169.8170.8171.8172.8173.8174.8175.8176.8177.+++8166.8167.8168.8169.8170.8171.8172.8173.8174.8175.8176.8177.+++Metrical Books and Clergy Records, Poltava_8166.8167.8168.8169.8170.8171.8172.8173.8174.8175.8176.8177._1915)"" does not single out one of 12 candidate files"
copy-ambiguous,file,https://www.familysearch.org/en/records/images/search-results?imageGroupNumbers=109818479,"parsed ""ДАПО-(8178.8179.8180.8181.8182.8183.8184.8185.8186+++8178.8179.8180.8181.8182.8183.8184.8185.8186+++Metrical Books and Clergy Records, Poltava_8178.8179.8180.8181.8182.8183.8184.8185.8186_1915)"" does not single out one of 9 candidate files"
copy-ambiguous,file,https://www.familysearch.org/en/records/images/search-results?imageGroupNumbers=109819112,"parsed ""ДАПО-(Р-4091-17-1-496+++Р-4091-17-1-496+++Family Letters from German Occupation, Poltava_Р-4091-17-1-496_1942–1944)"" does not single out one of 496 candidate files"
copy-ambiguous,file,https://www.familysearch.org/en/records/images/search-results?imageGroupNumbers=109819151,"parsed ""ДАПО-(Р-4091-7-1-537+++Р-4091-7-1-537+++Family Letters from German Occupation, Poltava_Р-4091-7-1-537_1942–1944)"" does not single out one of 537 candidate files"
copy-ambiguous,file,https://www.familysearch.org/en/records/images/search-results?imageGroupNumbers=109821241,"parsed ""ДАПО-(Р-4901-6-1-160+++Р-4901-6-1-160+++Family Letters from German Occupation, Poltava_Р-4901-6-1-160_1941–1944)"" does not single out one of 160 candidate files"
copy-ambiguous,file,https://www.familysearch.org/en/records/images/search-results?imageGroupNumbers=109821341,"parsed ""ДАПО-(Р-4091-12-1-1а+++Р-4091-12-1-1а+++Family Letters from German Occupation, Poltava_Р-4091-12-1-1а_1941–1944)"" does not single out one of 2 candidate files"
copy-ambiguous,file,https://www.familysearch.org/en/records/images/search-results?imageGroupNumbers=109821352,"parsed ""ДАПО-(Р-4091-8-1-68+++Р-4091-8-1-68+++Family Letters from German Occupation, Poltava_Р-4091-8-1-68_1941–1944)"" does not single out one of 68 candidate files"
copy-ambiguous,file,https://www.familysearch.org/en/records/images/search-results?imageGroupNumbers=109821372,"parsed ""ДАПО-(Р-4901-5-1-53+++Р-4901-5-1-53+++Family Letters from German Occupation, Poltava_Р-4901-5-1-53_1941–1944)"" does not single out one of 53 candidate files"
copy-ambiguous,file,https://www.familysearch.org/en/records/images/search-results?imageGroupNumbers=109821374,"parsed ""ДАПО-(Р-4901-2-1-14+++Р-4901-2-1-14+++Family Letters from German Occupation, Poltava_Р-4901-2-1-14_1941–1944)"" does not single out one of 14 candidate files"
copy-ambiguous,file,https://www.familysearch.org/en/records/images/search-results?imageGroupNumbers=109821457,"parsed ""ДАПО-(Р-4091-9-1-95+++Р-4091-9-1-95+++Family Letters from German Occupation, Poltava_Р-4091-9-1-95_1941–1944)"" does not single out one of 95 candidate files"
copy-ambiguous,file,https://www.familysearch.org/en/records/images/search-results?imageGroupNumbers=109821467,"parsed ""ДАПО-(Р-4091-10-1-10+++Р-4091-10-1-10+++Family Letters from German Occupation, Poltava_Р-4091-10-1-10_1941–1944)"" does not single out one of 10 candidate files"
copy-ambiguous,file,https://www.familysearch.org/en/records/images/search-results?imageGroupNumbers=109821490,"parsed ""ДАПО-(Р-4091-14-1-506+++Р-4091-14-1-506+++Family Letters from German Occupation, Poltava_Р-4091-14-1-506_1941–1944)"" does not single out one of 506 candidate files"
copy-ambiguous,file,https://www.familysearch.org/en/records/images/search-results?imageGroupNumbers=109821510,"parsed ""ДАПО-(Р-4091-13-1-704+++Р-4091-13-1-704+++Family Letters from German Occupation, Poltava_Р-4091-13-1-704_1941–1944)"" does not single out one of 704 candidate files"
copy-ambiguous,file,https://www.familysearch.org/en/records/images/search-results?imageGroupNumbers=109821518,"parsed ""ДАПО-(Р-4901-4-1-94+++Р-4901-4-1-94+++Family Letters from German Occupation, Poltava_Р-4901-4-1-94_1941–1944)"" does not single out one of 94 candidate files"
copy-ambiguous,file,https://www.familysearch.org/en/records/images/search-results?imageGroupNumbers=109821533,"parsed ""ДАПО-(Р-4901-3-1-354+++Р-4901-3-1-354+++Family Letters from German Occupation, Poltava_Р-4901-3-1-354_1941–1944)"" does not single out one of 354 candidate files"
copy-ambiguous,file,https://www.familysearch.org/en/records/images/search-results?imageGroupNumbers=112870726,"parsed ""ДАПО-(Р-8831-1-18-19+++Р-8831-1-18-19+++Р-8831-1-18-19)"" does not single out one of 2 candidate files"
copy-ambiguous,file,https://www.familysearch.org/en/records/images/search-results?imageGroupNumbers=114171876,"parsed ""ДАПО-(Р-9106-1-к42а-Абрамова+++Р-9106-1-к42а-Абрамова+++Р-9106-1-к42а-Абрамова)"" does not single out one of 2 candidate files"
copy-ambiguous,file,https://www.familysearch.org/en/records/images/search-results?imageGroupNumbers=114171879,"parsed ""ДАПО-(Р-9106-1-к42-Абрамов+++Р-9106-1-к42-Абрамов+++Р-9106-1-к42-Абрамов)"" does not single out one of 2 candidate files"
copy-ambiguous,file,https://www.familysearch.org/en/records/images/search-results?imageGroupNumbers=114171979,"parsed ""ДАПО-(Р-9106-14-к22-Авраменко+++Р-9106-14-к22-Авраменко+++Р-9106-14-к22-Авраменко)"" does not single out one of 2 candidate files"
copy-ambiguous,file,https://www.familysearch.org/en/records/images/search-results?imageGroupNumbers=114172007,"parsed ""ДАПО-(Р-9106-14-к22а-Овраменко+++Р-9106-14-к22а-Овраменко+++Р-9106-14-к22а-Овраменко)"" does not single out one of 2 candidate files"
copy-ambiguous,file,https://www.familysearch.org/en/records/images/search-results?imageGroupNumbers=114172012,"parsed ""ДАПО-(Р-9106-14-к22в-Авраменко+++Р-9106-14-к22в-Авраменко+++Р-9106-14-к22в-Авраменко)"" does not single out one of 2 candidate files"
copy-ambiguous,file,https://www.familysearch.org/en/records/images/search-results?imageGroupNumbers=114172106,"parsed ""ДАПО-(Р-9106-1-к229-Авраменко+++Р-9106-1-к229-Авраменко+++Р-9106-1-к229-Авраменко)"" does not single out one of 2 candidate files"
copy-ambiguous,file,https://www.familysearch.org/en/records/images/search-results?imageGroupNumbers=114172141,"parsed ""ДАПО-(Р-9106-1-к229а-Авраменко(Орламенко)+++Р-9106-1-к229а-Авраменко(Орламенко)+++Р-9106-1-к229а-Авраменко(Орламенко))"" does not single out one of 2 candidate files"
copy-ambiguous,file,https://www.familysearch.org/en/records/images/search-results?imageGroupNumbers=114172195,"parsed ""ДАПО-(Р-9106-1-к285-Адаменко+++Р-9106-1-к285-Адаменко+++Р-9106-1-к285-Адаменко)"" does not single out one of 2 candidate files"
copy-ambiguous,file,https://www.familysearch.org/en/records/images/search-results?imageGroupNumbers=114172196,"parsed ""ДАПО-(Р-9106-1-к285а-Адаменко+++Р-9106-1-к285а-Адаменко+++Р-9106-1-к285а-Адаменко)"" does not single out one of 2 candidate files"
copy-ambiguous,file,https://www.familysearch.org/en/records/images/search-results?imageGroupNumbers=114172305,"parsed ""ДАПО-(Р-9106-14-к50-Азеев+++Р-9106-14-к50-Азеев+++Р-9106-14-к50-Азеев)"" does not single out one of 2 candidate files"
copy-ambiguous,file,https://www.familysearch.org/en/records/images/search-results?imageGroupNumbers=114172306,"parsed ""ДАПО-(Р-9106-14-к50а-Акепир+++Р-9106-14-к50а-Акепир+++Р-9106-14-к50а-Акепир)"" does not single out one of 2 candidate files"
copy-ambiguous,file,https://www.familysearch.org/en/records/images/search-results?imageGroupNumbers=114172308,"parsed ""ДАПО-(Р-9106-1-к386а-Акимов+++Р-9106-1-к386а-Акимов+++Р-9106-1-к386а-Акимов)"" does not single out one of 2 candidate files"
copy-ambiguous,file,https://www.familysearch.org/en/records/images/search-results?imageGroupNumbers=114172310,"parsed ""ДАПО-(Р-9106-1-к386-Акименков+++Р-9106-1-к386-Акименков+++Р-9106-1-к386-Акименков)"" does not single out one of 2 candidate files"
copy-ambiguous,file,https://www.familysearch.org/en/records/images/search-results?imageGroupNumbers=114172316,"parsed ""ДАПО-(Р-9106-14-к50б-Акзяик+++Р-9106-14-к50б-Акзяик+++Р-9106-14-к50б-Акзяик)"" does not single out one of 2 candidate files"
copy-ambiguous,file,https://www.familysearch.org/en/records/images/search-results?imageGroupNumbers=114172588,"parsed ""ДАПО-(Р-9106-1-к592а-Алексеенко+++Р-9106-1-к592а-Алексеенко+++Р-9106-1-к592а-Алексеенко)"" does not single out one of 2 candidate files"
copy-ambiguous,file,https://www.familysearch.org/en/records/images/search-results?imageGroupNumbers=114172608,"parsed ""ДАПО-(Р-9106-1-к592-Олексеенко+++Р-9106-1-к592-Олексеенко+++Р-9106-1-к592-Олексеенко)"" does not single out one of 2 candidate files"
copy-ambiguous,file,https://www.familysearch.org/en/records/images/search-results?imageGroupNumbers=114746261,"parsed ""ДАПО-(222-1-241-245+++222-1-241-245+++222-1-245-244-243-242-241)"" does not single out one of 5 candidate files"
copy-ambiguous,file,https://www.familysearch.org/en/records/images/search-results?imageGroupNumbers=114746279,"parsed ""ДАПО-(222-1-225-229+++222-1-225-229+++222-1-229-28-227-226-225)"" does not single out one of 5 candidate files"
copy-ambiguous,file,https://www.familysearch.org/en/records/images/search-results?imageGroupNumbers=114807605,"parsed ""ДАПО-(Р-9106-1-к749-782-Алл-Аля__Р-9106-14-к110-118-Ало-Амо(перемішані)+++Р-9106-1-к749-782-Алл-Аля__Р-9106-14-к110-118-Ало-Амо(перемішані)+++Р-9106-1-к749-782-Алл-Аля__Р-9106-14-к110-118-Ало-Амо(перемішані))"" does not single out one of 2 candidate files"
copy-ambiguous,file,https://www.familysearch.org/en/records/images/search-results?imageGroupNumbers=114807703,"parsed ""ДАПО-(Р-9106-1-к799-1035-Ана-Анд__Р-9106-14-к118а-152-Ана-Анд(перемішані)+++Р-9106-1-к799-1035-Ана-Анд__Р-9106-14-к118а-152-Ана-Анд(перемішані)+++Р-9106-1-к799-1035-Ана-Анд__Р-9106-14-к118а-152-Ана-Анд(перемішані))"" does not single out one of 36 candidate files"
copy-ambiguous,file,https://www.familysearch.org/en/records/images/search-results?imageGroupNumbers=114807759,"parsed ""ДАПО-(Р-9106-1-к1036-1219-Андро-Андру__Р-9106-14-к154-177-Андр(перемішані)+++Р-9106-1-к1036-1219-Андро-Андру__Р-9106-14-к154-177-Андр(перемішані)+++Р-9106-1-к1036-1219-Андро-Андру__Р-9106-14-к154-177-Андр(перемішані))"" does not single out one of 2 candidate files"
copy-ambiguous,file,https://www.familysearch.org/en/records/images/search-results?imageGroupNumbers=115102644,"parsed ""ДАПО-(P-9106-12-1272-1414+++P-9106-12-1272-1414+++Фільтраційні справи, State Security Records, Poltava - 1942-1950_P-9106-12-1272-1414_1942–1948)"" does not single out one of 143 candidate files"
copy-ambiguous,file,https://www.familysearch.org/en/records/images/search-results?imageGroupNumbers=115148638,"parsed ""ДАПО-(Р-8811-1-50-53+++Р-8811-1-50-53+++Р-8811-1-50-51-52-53)"" does not single out one of 4 candidate files"